counselling,state,year,round,rank_type,rank_value,college,course,category,quota,seat_type,source_file,source_line,status
Bihar PGMAC,Bihar,2025,STRAY,NEET_AIR,18413.0,General Medicine,Against UR Category Seat (Degree) - Female,Fresh Allotment,,DEGREE,Bihar__PGMAC Stray Vacancy Round Result.txt,4,allotted
Bihar PGMAC,Bihar,2025,STRAY,NEET_AIR,18874.0,General Surgery,JUMP OVER ON EWS seat (Degree),Fresh Allotment,,DEGREE,Bihar__PGMAC Stray Vacancy Round Result.txt,5,allotted
Bihar PGMAC,Bihar,2025,STRAY,NEET_AIR,20950.0,DERMATOLOGY,JUMP OVER ON EBC seat (Degree),Fresh Allotment,,DEGREE,Bihar__PGMAC Stray Vacancy Round Result.txt,6,allotted
Bihar PGMAC,Bihar,2025,STRAY,NEET_AIR,21428.0,E.N.T.,Against UR Category Seat (Degree),Fresh Allotment,,DEGREE,Bihar__PGMAC Stray Vacancy Round Result.txt,7,allotted
Bihar PGMAC,Bihar,2025,STRAY,NEET_AIR,21644.0,Paediatrics,JUMP OVER ON BC seat (Degree),Fresh Allotment,,DEGREE,Bihar__PGMAC Stray Vacancy Round Result.txt,8,allotted
Bihar PGMAC,Bihar,2025,STRAY,NEET_AIR,22618.0,OPHTHALMOLOGY,JUMP OVER ON RCG seat (Degree),Fresh Allotment,,DEGREE,Bihar__PGMAC Stray Vacancy Round Result.txt,9,allotted
Bihar PGMAC,Bihar,2025,STRAY,NEET_AIR,31462.0,Anaesthesiology,Against UR Category Seat (Degree),Fresh Allotment,,DEGREE,Bihar__PGMAC Stray Vacancy Round Result.txt,11,allotted
Bihar PGMAC,Bihar,2025,STRAY,NEET_AIR,36601.0,E.N.T.,JUMP OVER ON EBC seat (Degree),Fresh Allotment,,DEGREE,Bihar__PGMAC Stray Vacancy Round Result.txt,12,allotted
Bihar PGMAC,Bihar,2025,STRAY,NEET_AIR,36875.0,Anaesthesiology,JUMP OVER ON EBC seat (Degree),Fresh Allotment,,DEGREE,Bihar__PGMAC Stray Vacancy Round Result.txt,13,allotted
Bihar PGMAC,Bihar,2025,STRAY,NEET_AIR,39143.0,Anaesthesiology,Against UR Category Seat (Degree),Fresh Allotment,,DEGREE,Bihar__PGMAC Stray Vacancy Round Result.txt,14,allotted
Bihar PGMAC,Bihar,2025,STRAY,NEET_AIR,42097.0,Anaesthesiology,JUMP OVER ON BC seat (Degree),Fresh Allotment,,DEGREE,Bihar__PGMAC Stray Vacancy Round Result.txt,15,allotted
Bihar PGMAC,Bihar,2025,STRAY,NEET_AIR,44455.0,Anaesthesiology,JUMP OVER ON EBC seat (Degree),Fresh Allotment,,DEGREE,Bihar__PGMAC Stray Vacancy Round Result.txt,16,allotted
Bihar PGMAC,Bihar,2025,STRAY,NEET_AIR,48340.0,COMMUNITY MEDICINE,Against UR Category Seat (Degree),Fresh Allotment,,DEGREE,Bihar__PGMAC Stray Vacancy Round Result.txt,17,allotted
Bihar PGMAC,Bihar,2025,STRAY,NEET_AIR,51454.0,General Surgery,JUMP OVER ON SC seat (Degree),Fresh Allotment,,DEGREE,Bihar__PGMAC Stray Vacancy Round Result.txt,18,allotted
Bihar PGMAC,Bihar,2025,STRAY,NEET_AIR,53028.0,OPHTHALMOLOGY,JUMP OVER ON BC seat (Degree),Fresh Allotment,,DEGREE,Bihar__PGMAC Stray Vacancy Round Result.txt,19,allotted
Bihar PGMAC,Bihar,2025,STRAY,NEET_AIR,53992.0,Anatomy,Against UR Category Seat (Degree),Fresh Allotment,,DEGREE,Bihar__PGMAC Stray Vacancy Round Result.txt,20,allotted
Bihar PGMAC,Bihar,2025,STRAY,NEET_AIR,67266.0,General Surgery,JUMP OVER ON SC seat (Degree) - Female,Fresh Allotment,,DEGREE,Bihar__PGMAC Stray Vacancy Round Result.txt,25,allotted
Bihar PGMAC,Bihar,2025,STRAY,NEET_AIR,75804.0,E.N.T.,Against SC Category Seat (Degree),Fresh Allotment,,DEGREE,Bihar__PGMAC Stray Vacancy Round Result.txt,27,allotted
Bihar PGMAC,Bihar,2025,STRAY,NEET_AIR,76798.0,Pathology,JUMP OVER ON SC seat (Degree) - Female,Fresh Allotment,,DEGREE,Bihar__PGMAC Stray Vacancy Round Result.txt,28,allotted
Bihar PGMAC,Bihar,2025,STRAY,NEET_AIR,112173.0,Microbiology,Against BC Category Seat (Degree),Fresh Allotment,,DEGREE,Bihar__PGMAC Stray Vacancy Round Result.txt,43,allotted
Bihar PGMAC,Bihar,2025,STRAY,NEET_AIR,122187.0,Pathology,Against EBC Category Seat (Degree),Fresh Allotment,,DEGREE,Bihar__PGMAC Stray Vacancy Round Result.txt,46,allotted
Bihar PGMAC,Bihar,2025,STRAY,NEET_AIR,124026.0,OPHTHALMOLOGY,Against EWS Category Seat (Degree) - Female,Fresh Allotment,,DEGREE,Bihar__PGMAC Stray Vacancy Round Result.txt,49,allotted
Bihar PGMAC,Bihar,2025,STRAY,NEET_AIR,133425.0,Anaesthesiology,Against EWS Category Seat (Degree) - Female,Fresh Allotment,,DEGREE,Bihar__PGMAC Stray Vacancy Round Result.txt,60,allotted
Bihar PGMAC,Bihar,2025,STRAY,NEET_AIR,137567.0,OPHTHALMOLOGY,Against UR Category Seat (Degree),Fresh Allotment,,DEGREE,Bihar__PGMAC Stray Vacancy Round Result.txt,68,allotted
Bihar PGMAC,Bihar,2025,STRAY,NEET_AIR,141336.0,General Surgery,Against UR Category Seat (Degree),Fresh Allotment,,DEGREE,Bihar__PGMAC Stray Vacancy Round Result.txt,74,allotted
Bihar PGMAC,Bihar,2025,STRAY,NEET_AIR,142730.0,E.N.T.,Against UR Category Seat (Degree),Fresh Allotment,,DEGREE,Bihar__PGMAC Stray Vacancy Round Result.txt,76,allotted
Bihar PGMAC,Bihar,2025,STRAY,NEET_AIR,143087.0,Pathology,Compensation Seat EBC Against UR (Degree),Fresh Allotment,,DEGREE,Bihar__PGMAC Stray Vacancy Round Result.txt,78,allotted
Bihar PGMAC,Bihar,2025,STRAY,NEET_AIR,145920.0,General Surgery,Against UR Category Seat (Degree),Fresh Allotment,,DEGREE,Bihar__PGMAC Stray Vacancy Round Result.txt,82,allotted
Bihar PGMAC,Bihar,2025,STRAY,NEET_AIR,148115.0,Paediatrics,Against UR Category Seat (Degree),Fresh Allotment,,DEGREE,Bihar__PGMAC Stray Vacancy Round Result.txt,86,allotted
Bihar PGMAC,Bihar,2025,STRAY,NEET_AIR,151244.0,Microbiology,Compensation Seat EBC Against UR (Degree),Fresh Allotment,,DEGREE,Bihar__PGMAC Stray Vacancy Round Result.txt,92,allotted
Bihar PGMAC,Bihar,2025,STRAY,NEET_AIR,153889.0,F.M.T.,Compensation Seat BC Against UR (Degree),Fresh Allotment,,DEGREE,Bihar__PGMAC Stray Vacancy Round Result.txt,95,allotted
Bihar PGMAC,Bihar,2025,STRAY,NEET_AIR,160923.0,Biochemistry,Compensation Seat BC Against UR (Degree),Fresh Allotment,,DEGREE,Bihar__PGMAC Stray Vacancy Round Result.txt,108,allotted
Bihar PGMAC,Bihar,2025,STRAY,NEET_AIR,161464.0,Pharmacology,Against BC Category Seat (Degree),Fresh Allotment,,DEGREE,Bihar__PGMAC Stray Vacancy Round Result.txt,110,allotted
Bihar PGMAC,Bihar,2025,STRAY,NEET_AIR,164666.0,Pharmacology,Compensation Seat EBC Against UR (Degree),Fresh Allotment,,DEGREE,Bihar__PGMAC Stray Vacancy Round Result.txt,113,allotted
Bihar PGMAC,Bihar,2025,STRAY,NEET_AIR,166787.0,Paediatrics,Against UR Category Seat (Degree),Fresh Allotment,,DEGREE,Bihar__PGMAC Stray Vacancy Round Result.txt,115,allotted
Bihar PGMAC,Bihar,2025,STRAY,NEET_AIR,168201.0,Pathology,Against SC Category Seat (Degree),Fresh Allotment,,DEGREE,Bihar__PGMAC Stray Vacancy Round Result.txt,118,allotted
Bihar PGMAC,Bihar,2025,STRAY,NEET_AIR,178007.0,Psychiatry,Against UR Category Seat (Degree),Fresh Allotment,,DEGREE,Bihar__PGMAC Stray Vacancy Round Result.txt,131,allotted
Bihar PGMAC,Bihar,2025,STRAY,NEET_AIR,182828.0,COMMUNITY MEDICINE,Compensation Seat EBC Against UR (Degree),Fresh Allotment,,DEGREE,Bihar__PGMAC Stray Vacancy Round Result.txt,138,allotted
Bihar PGMAC,Bihar,2025,STRAY,NEET_AIR,183289.0,Pharmacology,Compensation Seat BC Against UR (Degree),Fresh Allotment,,DEGREE,Bihar__PGMAC Stray Vacancy Round Result.txt,139,allotted
Bihar PGMAC,Bihar,2025,STRAY,NEET_AIR,188723.0,COMMUNITY MEDICINE,Compensation Seat SC Against UR (Degree),Fresh Allotment,,DEGREE,Bihar__PGMAC Stray Vacancy Round Result.txt,144,allotted
Bihar PGMAC,Bihar,2025,STRAY,NEET_AIR,188885.0,Anaesthesiology,Against NRI Category Seat (Degree),Fresh Allotment,,DEGREE,Bihar__PGMAC Stray Vacancy Round Result.txt,145,allotted
Bihar PGMAC,Bihar,2025,STRAY,NEET_AIR,194383.0,Microbiology,Against SC Category Seat (Degree),Fresh Allotment,,DEGREE,Bihar__PGMAC Stray Vacancy Round Result.txt,154,allotted
Bihar PGMAC,Bihar,2025,STRAY,NEET_AIR,196667.0,Pathology,Against UR Category Seat (Degree),Fresh Allotment,,DEGREE,Bihar__PGMAC Stray Vacancy Round Result.txt,155,allotted
Bihar PGMAC,Bihar,2025,STRAY,NEET_AIR,203172.0,Physiology,Against EBC Category Seat (Degree),Fresh Allotment,,DEGREE,Bihar__PGMAC Stray Vacancy Round Result.txt,162,allotted
Bihar PGMAC,Bihar,2025,STRAY,NEET_AIR,205779.0,Anatomy,Against EBC Category Seat (Degree),Fresh Allotment,,DEGREE,Bihar__PGMAC Stray Vacancy Round Result.txt,166,allotted
Bihar PGMAC,Bihar,2025,STRAY,NEET_AIR,207462.0,Pathology,Against UR Category Seat (Degree),Fresh Allotment,,DEGREE,Bihar__PGMAC Stray Vacancy Round Result.txt,169,allotted
Bihar PGMAC,Bihar,2025,STRAY,NEET_AIR,207774.0,Physiology,Against SC Category Seat (Degree),Fresh Allotment,,DEGREE,Bihar__PGMAC Stray Vacancy Round Result.txt,170,allotted
Bihar PGMAC,Bihar,2025,STRAY,NEET_AIR,207885.0,F.M.T.,Compensation Seat RCG Against UR (Degree),Fresh Allotment,,DEGREE,Bihar__PGMAC Stray Vacancy Round Result.txt,171,allotted
Bihar PGMAC,Bihar,2025,STRAY,NEET_AIR,208215.0,Biochemistry,Against UR Category Seat (Degree),Fresh Allotment,,DEGREE,Bihar__PGMAC Stray Vacancy Round Result.txt,172,allotted
Bihar PGMAC,Bihar,2025,STRAY,NEET_AIR,208704.0,Microbiology,Against UR Category Seat (Degree),Fresh Allotment,,DEGREE,Bihar__PGMAC Stray Vacancy Round Result.txt,173,allotted
Bihar PGMAC,Bihar,2025,STRAY,NEET_AIR,209489.0,Physiology,Against SC Category Seat (Degree),Fresh Allotment,,DEGREE,Bihar__PGMAC Stray Vacancy Round Result.txt,174,allotted
Bihar PGMAC,Bihar,2025,STRAY,NEET_AIR,211545.0,COMMUNITY MEDICINE,Against UR Category Seat (Degree),Fresh Allotment,,DEGREE,Bihar__PGMAC Stray Vacancy Round Result.txt,178,allotted
Bihar PGMAC,Bihar,2025,STRAY,NEET_AIR,212772.0,Anatomy,Against SC Category Seat (Degree),Fresh Allotment,,DEGREE,Bihar__PGMAC Stray Vacancy Round Result.txt,179,allotted
Bihar PGMAC,Bihar,2025,STRAY,NEET_AIR,212978.0,Biochemistry,Against UR Category Seat (Degree),Fresh Allotment,,DEGREE,Bihar__PGMAC Stray Vacancy Round Result.txt,180,allotted
Bihar PGMAC,Bihar,2025,STRAY,NEET_AIR,213456.0,Paediatrics,Against DQ Category Seat (UR),Fresh Allotment,,DEGREE,Bihar__PGMAC Stray Vacancy Round Result.txt,181,allotted
Bihar PGMAC,Bihar,2025,STRAY,NEET_AIR,213675.0,Microbiology,Against UR Category Seat (Degree),Fresh Allotment,,DEGREE,Bihar__PGMAC Stray Vacancy Round Result.txt,182,allotted
Bihar PGMAC,Bihar,2025,STRAY,NEET_AIR,213953.0,Biochemistry,Against SC Category Seat (Degree) - Female,Fresh Allotment,,DEGREE,Bihar__PGMAC Stray Vacancy Round Result.txt,183,allotted
Bihar PGMAC,Bihar,2025,STRAY,NEET_AIR,214723.0,General Surgery,Against DQ Category Seat (UR),Fresh Allotment,,DEGREE,Bihar__PGMAC Stray Vacancy Round Result.txt,185,allotted
Bihar PGMAC,Bihar,2025,STRAY,NEET_AIR,217380.0,Anaesthesiology,Against DQ Category Seat (SC),Fresh Allotment,,DEGREE,Bihar__PGMAC Stray Vacancy Round Result.txt,188,allotted
Bihar PGMAC,Bihar,2025,STRAY,NEET_AIR,217685.0,Pharmacology,Against UR Category Seat (Degree),Fresh Allotment,,DEGREE,Bihar__PGMAC Stray Vacancy Round Result.txt,189,allotted
Bihar PGMAC,Bihar,2025,STRAY,NEET_AIR,218964.0,OPHTHALMOLOGY,Against DQ Category Seat (UR),Fresh Allotment,,DEGREE,Bihar__PGMAC Stray Vacancy Round Result.txt,191,allotted
Bihar PGMAC,Bihar,2025,STRAY,NEET_AIR,223352.0,Pharmacology,Against UR Category Seat (Degree),Fresh Allotment,,DEGREE,Bihar__PGMAC Stray Vacancy Round Result.txt,192,allotted
Bihar PGMAC,Bihar,2025,STRAY,NEET_AIR,224030.0,Biochemistry,Against UR Category Seat (Degree),Fresh Allotment,,DEGREE,Bihar__PGMAC Stray Vacancy Round Result.txt,193,allotted
Bihar PGMAC,Bihar,2025,STRAY,NEET_AIR,224287.0,Biochemistry,Compensation Seat SC Against UR (Degree) - Female,Fresh Allotment,,DEGREE,Bihar__PGMAC Stray Vacancy Round Result.txt,194,allotted
Bihar PGMAC,Bihar,2025,STRAY,NEET_AIR,226123.0,Biochemistry,Against UR Category Seat (Degree),Fresh Allotment,,DEGREE,Bihar__PGMAC Stray Vacancy Round Result.txt,195,allotted
Bihar PGMAC,Bihar,2025,STRAY,NEET_AIR,226271.0,Physiology,Against UR Category Seat (Degree),Fresh Allotment,,DEGREE,Bihar__PGMAC Stray Vacancy Round Result.txt,196,allotted
Bihar PGMAC,Bihar,2025,STRAY,NEET_AIR,226789.0,Anatomy,Against SC Category Seat (Degree) - Female,Fresh Allotment,,DEGREE,Bihar__PGMAC Stray Vacancy Round Result.txt,197,allotted
Bihar PGMAC,Bihar,2025,STRAY,NEET_AIR,227084.0,F.M.T.,Compensation Seat SC Against UR (Degree) - Female,Fresh Allotment,,DEGREE,Bihar__PGMAC Stray Vacancy Round Result.txt,199,allotted
Bihar PGMAC,Bihar,2025,STRAY,NEET_AIR,228046.0,Biochemistry,Against UR Category Seat (Degree),Fresh Allotment,,DEGREE,Bihar__PGMAC Stray Vacancy Round Result.txt,200,allotted
Bihar PGMAC,Bihar,2025,STRAY,NEET_AIR,229697.0,Biochemistry,Against UR Category Seat (Degree),Fresh Allotment,,DEGREE,Bihar__PGMAC Stray Vacancy Round Result.txt,202,allotted
Bihar PGMAC,Bihar,2025,STRAY,NEET_AIR,229720.0,Anatomy,Against UR Category Seat (Degree),Fresh Allotment,,DEGREE,Bihar__PGMAC Stray Vacancy Round Result.txt,203,allotted
Bihar PGMAC,Bihar,2025,STRAY,NEET_AIR,230007.0,Biochemistry,Against UR Category Seat (Degree),Fresh Allotment,,DEGREE,Bihar__PGMAC Stray Vacancy Round Result.txt,204,allotted
Bihar PGMAC,Bihar,2025,R2,NEET_AIR,574.0,I.G.I.M.S. PATNA,Radiodiagnosis,UR,,DEGREE,Bihar__PGMAC Round 2 Seat Allotment.txt,6,allotted
Bihar PGMAC,Bihar,2025,R2,NEET_AIR,748.0,P.M.C.PATNA,Radiodiagnosis,UR,,DEGREE,Bihar__PGMAC Round 2 Seat Allotment.txt,8,allotted
Bihar PGMAC,Bihar,2025,R2,NEET_AIR,1133.0,D.M.C.LAHERIASARAI,Radiodiagnosis,UR,,DEGREE,Bihar__PGMAC Round 2 Seat Allotment.txt,10,allotted
Bihar PGMAC,Bihar,2025,R2,NEET_AIR,1436.0,I.G.I.M.S. PATNA,General Medicine,UR,,DEGREE,Bihar__PGMAC Round 2 Seat Allotment.txt,12,allotted
Bihar PGMAC,Bihar,2025,R2,NEET_AIR,1554.0,P.M.C.PATNA,General Medicine,UR,,DEGREE,Bihar__PGMAC Round 2 Seat Allotment.txt,15,allotted
Bihar PGMAC,Bihar,2025,R2,NEET_AIR,1594.0,I.G.I.M.S. PATNA,General Medicine,BC,,DEGREE,Bihar__PGMAC Round 2 Seat Allotment.txt,17,allotted
Bihar PGMAC,Bihar,2025,R2,NEET_AIR,1719.0,I.G.I.M.S. PATNA,Radiodiagnosis,EWS,,DEGREE,Bihar__PGMAC Round 2 Seat Allotment.txt,19,allotted
Bihar PGMAC,Bihar,2025,R2,NEET_AIR,1926.0,P.M.C.PATNA,Radiodiagnosis,BC,,DEGREE,Bihar__PGMAC Round 2 Seat Allotment.txt,21,allotted
Bihar PGMAC,Bihar,2025,R2,NEET_AIR,2227.0,P.M.C.PATNA,OBS & GYNAE,UR,,DEGREE,Bihar__PGMAC Round 2 Seat Allotment.txt,26,allotted
Bihar PGMAC,Bihar,2025,R2,NEET_AIR,2365.0,I.G.I.M.S. PATNA,General Medicine,EWS,,DEGREE,Bihar__PGMAC Round 2 Seat Allotment.txt,28,allotted
Bihar PGMAC,Bihar,2025,R2,NEET_AIR,2401.0,P.M.C.PATNA,General Medicine,UR,,DEGREE,Bihar__PGMAC Round 2 Seat Allotment.txt,30,allotted
Bihar PGMAC,Bihar,2025,R2,NEET_AIR,2421.0,P.M.C.PATNA,General Medicine,BC,,DEGREE,Bihar__PGMAC Round 2 Seat Allotment.txt,32,allotted
Bihar PGMAC,Bihar,2025,R2,NEET_AIR,2575.0,P.M.C.PATNA,General Medicine,EWS,,DEGREE,Bihar__PGMAC Round 2 Seat Allotment.txt,34,allotted
Bihar PGMAC,Bihar,2025,R2,NEET_AIR,2647.0,2.UR(DIPLOMA)- 19,P.M.C.PATNA,General,,DEGREE,Bihar__PGMAC Round 2 Seat Allotment.txt,37,allotted
Bihar PGMAC,Bihar,2025,R2,NEET_AIR,2720.0,P.M.C.PATNA,DERMATOLOGY,UR,,DEGREE,Bihar__PGMAC Round 2 Seat Allotment.txt,39,allotted
Bihar PGMAC,Bihar,2025,R2,NEET_AIR,2786.0,P.M.C.PATNA,General Medicine,EBC,,DEGREE,Bihar__PGMAC Round 2 Seat Allotment.txt,41,allotted
Bihar PGMAC,Bihar,2025,R2,NEET_AIR,2812.0,I.G.I.M.S. PATNA,DERMATOLOGY,BC,,DEGREE,Bihar__PGMAC Round 2 Seat Allotment.txt,44,allotted
Bihar PGMAC,Bihar,2025,R2,NEET_AIR,2862.0,N.M.C. PATNA,General Medicine,UR,,DEGREE,Bihar__PGMAC Round 2 Seat Allotment.txt,46,allotted
Bihar PGMAC,Bihar,2025,R2,NEET_AIR,3121.0,P.M.C.PATNA,DERMATOLOGY,EWS,,DEGREE,Bihar__PGMAC Round 2 Seat Allotment.txt,48,allotted
Bihar PGMAC,Bihar,2025,R2,NEET_AIR,3135.0,I.G.I.M.S. PATNA,DERMATOLOGY,UR,,DEGREE,Bihar__PGMAC Round 2 Seat Allotment.txt,50,allotted
Bihar PGMAC,Bihar,2025,R2,NEET_AIR,3321.0,P.M.C.PATNA,General Medicine,EBC,,DEGREE,Bihar__PGMAC Round 2 Seat Allotment.txt,53,allotted
Bihar PGMAC,Bihar,2025,R2,NEET_AIR,3466.0,D.M.C.LAHERIASARAI,General Medicine,BC,,DEGREE,Bihar__PGMAC Round 2 Seat Allotment.txt,55,allotted
Bihar PGMAC,Bihar,2025,R2,NEET_AIR,3503.0,P.M.C.PATNA,DERMATOLOGY,EBC,,DEGREE,Bihar__PGMAC Round 2 Seat Allotment.txt,57,allotted
Bihar PGMAC,Bihar,2025,R2,NEET_AIR,3607.0,"G.M.C., BETTIAH",Radiodiagnosis,UR,,DEGREE,Bihar__PGMAC Round 2 Seat Allotment.txt,60,allotted
Bihar PGMAC,Bihar,2025,R2,NEET_AIR,3909.0,D.M.C.LAHERIASARAI,General Medicine,UR,,DEGREE,Bihar__PGMAC Round 2 Seat Allotment.txt,62,allotted
Bihar PGMAC,Bihar,2025,R2,NEET_AIR,4010.0,D.M.C.LAHERIASARAI,Radiodiagnosis,EBC,,DEGREE,Bihar__PGMAC Round 2 Seat Allotment.txt,65,allotted
Bihar PGMAC,Bihar,2025,R2,NEET_AIR,4070.0,N.M.C. PATNA,General Medicine,UR,,DEGREE,Bihar__PGMAC Round 2 Seat Allotment.txt,68,allotted
Bihar PGMAC,Bihar,2025,R2,NEET_AIR,4118.0,N.M.C. PATNA,General Medicine,BC,,DEGREE,Bihar__PGMAC Round 2 Seat Allotment.txt,71,allotted
Bihar PGMAC,Bihar,2025,R2,NEET_AIR,4151.0,N.M.C. PATNA,General Medicine,EBC,,DEGREE,Bihar__PGMAC Round 2 Seat Allotment.txt,73,allotted
Bihar PGMAC,Bihar,2025,R2,NEET_AIR,4164.0,D.M.C.LAHERIASARAI,General Medicine,UR,,DEGREE,Bihar__PGMAC Round 2 Seat Allotment.txt,75,allotted
Bihar PGMAC,Bihar,2025,R2,NEET_AIR,4180.0,D.M.C.LAHERIASARAI,General Medicine,UR,,DEGREE,Bihar__PGMAC Round 2 Seat Allotment.txt,78,allotted
Bihar PGMAC,Bihar,2025,R2,NEET_AIR,4198.0,I.G.I.M.S. PATNA,Paediatrics,UR,,DEGREE,Bihar__PGMAC Round 2 Seat Allotment.txt,80,allotted
Bihar PGMAC,Bihar,2025,R2,NEET_AIR,4311.0,2.EWS(DIPLOMA)- 8,D.M.C.LAHERIASARAI,General,,DEGREE,Bihar__PGMAC Round 2 Seat Allotment.txt,83,allotted
Bihar PGMAC,Bihar,2025,R2,NEET_AIR,4531.0,D.M.C.LAHERIASARAI,General Medicine,UR,,DEGREE,Bihar__PGMAC Round 2 Seat Allotment.txt,85,allotted
Bihar PGMAC,Bihar,2025,R2,NEET_AIR,4631.0,J.L.N.M.C. BHAGALPUR,General Medicine,UR,,DEGREE,Bihar__PGMAC Round 2 Seat Allotment.txt,87,allotted
Bihar PGMAC,Bihar,2025,R2,NEET_AIR,4885.0,D.M.C.LAHERIASARAI,General Medicine,EBC,,DEGREE,Bihar__PGMAC Round 2 Seat Allotment.txt,89,allotted
Bihar PGMAC,Bihar,2025,R2,NEET_AIR,4900.0,"B.M.I.M.S,PAWAPURI, NALANDA",General Medicine,UR,,DEGREE,Bihar__PGMAC Round 2 Seat Allotment.txt,91,allotted
Bihar PGMAC,Bihar,2025,R2,NEET_AIR,4986.0,P.M.C.PATNA,Paediatrics,UR,,DEGREE,Bihar__PGMAC Round 2 Seat Allotment.txt,94,allotted
Bihar PGMAC,Bihar,2025,R2,NEET_AIR,5178.0,2.EWS(DIPLOMA)- 11,P.M.C.PATNA,OBS & GYNAE,,DEGREE,Bihar__PGMAC Round 2 Seat Allotment.txt,97,allotted
Bihar PGMAC,Bihar,2025,R2,NEET_AIR,5196.0,J.L.N.M.C. BHAGALPUR,General Medicine,EBC,,DEGREE,Bihar__PGMAC Round 2 Seat Allotment.txt,99,allotted
Bihar PGMAC,Bihar,2025,R2,NEET_AIR,5204.0,J.L.N.M.C. BHAGALPUR,General Medicine,EWS,,DEGREE,Bihar__PGMAC Round 2 Seat Allotment.txt,101,allotted
Bihar PGMAC,Bihar,2025,R2,NEET_AIR,5412.0,J.L.N.M.C. BHAGALPUR,General Medicine,UR,,DEGREE,Bihar__PGMAC Round 2 Seat Allotment.txt,104,allotted
Bihar PGMAC,Bihar,2025,R2,NEET_AIR,5992.0,P.M.C.PATNA,Paediatrics,UR,,DEGREE,Bihar__PGMAC Round 2 Seat Allotment.txt,107,allotted
Bihar PGMAC,Bihar,2025,R2,NEET_AIR,6021.0,P.M.C.PATNA,Paediatrics,UR,,DEGREE,Bihar__PGMAC Round 2 Seat Allotment.txt,109,allotted
Bihar PGMAC,Bihar,2025,R2,NEET_AIR,6096.0,A.N.M.M.C. GAYA,DERMATOLOGY,EWS,,DEGREE,Bihar__PGMAC Round 2 Seat Allotment.txt,111,allotted
Bihar PGMAC,Bihar,2025,R2,NEET_AIR,6114.0,P.M.C.PATNA,Paediatrics,UR,,DEGREE,Bihar__PGMAC Round 2 Seat Allotment.txt,113,allotted
Bihar PGMAC,Bihar,2025,R2,NEET_AIR,6147.0,P.M.C.PATNA,Orthopaedics,EWS,,DEGREE,Bihar__PGMAC Round 2 Seat Allotment.txt,115,allotted
Bihar PGMAC,Bihar,2025,R2,NEET_AIR,6154.0,2.RCG(DIPLOMA)- 16,P.M.C.PATNA,OBS & GYNAE,,DEGREE,Bihar__PGMAC Round 2 Seat Allotment.txt,118,allotted
Bihar PGMAC,Bihar,2025,R2,NEET_AIR,6200.0,N.M.C. PATNA,Paediatrics,BC,,DEGREE,Bihar__PGMAC Round 2 Seat Allotment.txt,120,allotted
Bihar PGMAC,Bihar,2025,R2,NEET_AIR,6501.0,P.M.C.PATNA,Orthopaedics,UR,,DEGREE,Bihar__PGMAC Round 2 Seat Allotment.txt,126,allotted
Bihar PGMAC,Bihar,2025,R2,NEET_AIR,6597.0,I.G.I.M.S. PATNA,Paediatrics,BC,,DEGREE,Bihar__PGMAC Round 2 Seat Allotment.txt,128,allotted
Bihar PGMAC,Bihar,2025,R2,NEET_AIR,6603.0,P.M.C.PATNA,Paediatrics,UR,,DEGREE,Bihar__PGMAC Round 2 Seat Allotment.txt,130,allotted
Bihar PGMAC,Bihar,2025,R2,NEET_AIR,6622.0,P.M.C.PATNA,Paediatrics,EBC,,DEGREE,Bihar__PGMAC Round 2 Seat Allotment.txt,132,allotted
Bihar PGMAC,Bihar,2025,R2,NEET_AIR,6714.0,P.M.C.PATNA,General Surgery,UR,,DEGREE,Bihar__PGMAC Round 2 Seat Allotment.txt,134,allotted
Bihar PGMAC,Bihar,2025,R2,NEET_AIR,6763.0,P.M.C.PATNA,Paediatrics,EBC,,DEGREE,Bihar__PGMAC Round 2 Seat Allotment.txt,137,allotted
Bihar PGMAC,Bihar,2025,R2,NEET_AIR,6894.0,P.M.C.PATNA,OBS & GYNAE,UR,,DEGREE,Bihar__PGMAC Round 2 Seat Allotment.txt,139,allotted
Bihar PGMAC,Bihar,2025,R2,NEET_AIR,6948.0,P.M.C.PATNA,General Surgery,UR,,DEGREE,Bihar__PGMAC Round 2 Seat Allotment.txt,141,allotted
Bihar PGMAC,Bihar,2025,R2,NEET_AIR,7036.0,N.M.C. PATNA,Paediatrics,UR,,DEGREE,Bihar__PGMAC Round 2 Seat Allotment.txt,144,allotted
Bihar PGMAC,Bihar,2025,R2,NEET_AIR,7041.0,P.M.C.PATNA,OBS & GYNAE,UR,,DEGREE,Bihar__PGMAC Round 2 Seat Allotment.txt,146,allotted
Bihar PGMAC,Bihar,2025,R2,NEET_AIR,7059.0,P.M.C.PATNA,OBS & GYNAE,BC,,DEGREE,Bihar__PGMAC Round 2 Seat Allotment.txt,148,allotted
Bihar PGMAC,Bihar,2025,R2,NEET_AIR,7168.0,N.M.C. PATNA,OBS & GYNAE,RCG,,DEGREE,Bihar__PGMAC Round 2 Seat Allotment.txt,150,allotted
Bihar PGMAC,Bihar,2025,R2,NEET_AIR,7220.0,P.M.C.PATNA,Orthopaedics,UR,,DEGREE,Bihar__PGMAC Round 2 Seat Allotment.txt,152,allotted
Bihar PGMAC,Bihar,2025,R2,NEET_AIR,7348.0,P.M.C.PATNA,Paediatrics,BC,,DEGREE,Bihar__PGMAC Round 2 Seat Allotment.txt,155,allotted
Bihar PGMAC,Bihar,2025,R2,NEET_AIR,7628.0,N.M.C. PATNA,OBS & GYNAE,UR,,DEGREE,Bihar__PGMAC Round 2 Seat Allotment.txt,158,allotted
Bihar PGMAC,Bihar,2025,R2,NEET_AIR,7629.0,N.M.C. PATNA,OBS & GYNAE,UR,,DEGREE,Bihar__PGMAC Round 2 Seat Allotment.txt,160,allotted
Bihar PGMAC,Bihar,2025,R2,NEET_AIR,7687.0,P.M.C.PATNA,General Surgery,UR,,DEGREE,Bihar__PGMAC Round 2 Seat Allotment.txt,163,allotted
Bihar PGMAC,Bihar,2025,R2,NEET_AIR,7779.0,P.M.C.PATNA,Paediatrics,EWS,,DEGREE,Bihar__PGMAC Round 2 Seat Allotment.txt,165,allotted
Bihar PGMAC,Bihar,2025,R2,NEET_AIR,7797.0,N.M.C. PATNA,OBS & GYNAE,UR,,DEGREE,Bihar__PGMAC Round 2 Seat Allotment.txt,167,allotted
Bihar PGMAC,Bihar,2025,R2,NEET_AIR,7926.0,"G.M.C., BETTIAH",Paediatrics,UR,,DEGREE,Bihar__PGMAC Round 2 Seat Allotment.txt,169,allotted
Bihar PGMAC,Bihar,2025,R2,NEET_AIR,7961.0,D.M.C.LAHERIASARAI,General Surgery,UR,,DEGREE,Bihar__PGMAC Round 2 Seat Allotment.txt,171,allotted
Bihar PGMAC,Bihar,2025,R2,NEET_AIR,8039.0,I.G.I.M.S. PATNA,Paediatrics,EWS,,DEGREE,Bihar__PGMAC Round 2 Seat Allotment.txt,173,allotted
Bihar PGMAC,Bihar,2025,R2,NEET_AIR,8242.0,N.M.C. PATNA,OBS & GYNAE,BC,,DEGREE,Bihar__PGMAC Round 2 Seat Allotment.txt,176,allotted
Bihar PGMAC,Bihar,2025,R2,NEET_AIR,8251.0,S.K.M.C. MUZAFFARPUR,Paediatrics,UR,,DEGREE,Bihar__PGMAC Round 2 Seat Allotment.txt,178,allotted
Bihar PGMAC,Bihar,2025,R2,NEET_AIR,8354.0,2.UR(DIPLOMA)- 112,N.M.C. PATNA,General,,DEGREE,Bihar__PGMAC Round 2 Seat Allotment.txt,181,allotted
Bihar PGMAC,Bihar,2025,R2,NEET_AIR,8410.0,N.M.C. PATNA,Paediatrics,UR,,DEGREE,Bihar__PGMAC Round 2 Seat Allotment.txt,183,allotted
Bihar PGMAC,Bihar,2025,R2,NEET_AIR,8415.0,P.M.C.PATNA,General Surgery,EBC,,DEGREE,Bihar__PGMAC Round 2 Seat Allotment.txt,185,allotted
Bihar PGMAC,Bihar,2025,R2,NEET_AIR,8462.0,P.M.C.PATNA,Orthopaedics,EBC,,DEGREE,Bihar__PGMAC Round 2 Seat Allotment.txt,187,allotted
Bihar PGMAC,Bihar,2025,R2,NEET_AIR,8680.0,P.M.C.PATNA,OBS & GYNAE,EBC,,DEGREE,Bihar__PGMAC Round 2 Seat Allotment.txt,190,allotted
Bihar PGMAC,Bihar,2025,R2,NEET_AIR,8681.0,N.M.C. PATNA,Paediatrics,EBC,,DEGREE,Bihar__PGMAC Round 2 Seat Allotment.txt,192,allotted
Bihar PGMAC,Bihar,2025,R2,NEET_AIR,8726.0,N.M.C. PATNA,Orthopaedics,UR,,DEGREE,Bihar__PGMAC Round 2 Seat Allotment.txt,194,allotted
Bihar PGMAC,Bihar,2025,R2,NEET_AIR,8764.0,D.M.C.LAHERIASARAI,Orthopaedics,UR,,DEGREE,Bihar__PGMAC Round 2 Seat Allotment.txt,196,allotted
Bihar PGMAC,Bihar,2025,R2,NEET_AIR,8828.0,N.M.C. PATNA,Paediatrics,EWS,,DEGREE,Bihar__PGMAC Round 2 Seat Allotment.txt,198,allotted
Bihar PGMAC,Bihar,2025,R2,NEET_AIR,8904.0,J.L.N.M.C. BHAGALPUR,General Medicine,RCG,,DEGREE,Bihar__PGMAC Round 2 Seat Allotment.txt,200,allotted
Bihar PGMAC,Bihar,2025,R2,NEET_AIR,8944.0,D.M.C.LAHERIASARAI,Paediatrics,UR,,DEGREE,Bihar__PGMAC Round 2 Seat Allotment.txt,202,allotted
Bihar PGMAC,Bihar,2025,R2,NEET_AIR,9138.0,P.M.C.PATNA,General Surgery,EWS,,DEGREE,Bihar__PGMAC Round 2 Seat Allotment.txt,204,allotted
Bihar PGMAC,Bihar,2025,R2,NEET_AIR,9163.0,I.G.I.M.S. PATNA,Orthopaedics,UR,,DEGREE,Bihar__PGMAC Round 2 Seat Allotment.txt,206,allotted
Bihar PGMAC,Bihar,2025,R2,NEET_AIR,9169.0,J.L.N.M.C. BHAGALPUR,Paediatrics,UR,,DEGREE,Bihar__PGMAC Round 2 Seat Allotment.txt,208,allotted
Bihar PGMAC,Bihar,2025,R2,NEET_AIR,9190.0,N.M.C. PATNA,OBS & GYNAE,EBC,,DEGREE,Bihar__PGMAC Round 2 Seat Allotment.txt,211,allotted
Bihar PGMAC,Bihar,2025,R2,NEET_AIR,9389.0,2.RCG(DIPLOMA)- 34,A.N.M.M.C. GAYA,Paediatrics,,DEGREE,Bihar__PGMAC Round 2 Seat Allotment.txt,214,allotted
Bihar PGMAC,Bihar,2025,R2,NEET_AIR,9456.0,I.G.I.M.S. PATNA,RADIO ONCOLOGY,UR,,DEGREE,Bihar__PGMAC Round 2 Seat Allotment.txt,216,allotted
Bihar PGMAC,Bihar,2025,R2,NEET_AIR,9674.0,I.G.I.M.S. PATNA,OBS & GYNAE,EBC,,DEGREE,Bihar__PGMAC Round 2 Seat Allotment.txt,218,allotted
Bihar PGMAC,Bihar,2025,R2,NEET_AIR,9861.0,N.M.C. PATNA,General Surgery,UR,,DEGREE,Bihar__PGMAC Round 2 Seat Allotment.txt,220,allotted
Bihar PGMAC,Bihar,2025,R2,NEET_AIR,9895.0,A.N.M.M.C. GAYA,Paediatrics,BC,,DEGREE,Bihar__PGMAC Round 2 Seat Allotment.txt,222,allotted
Bihar PGMAC,Bihar,2025,R2,NEET_AIR,9910.0,D.M.C.LAHERIASARAI,Orthopaedics,EWS,,DEGREE,Bihar__PGMAC Round 2 Seat Allotment.txt,224,allotted
Bihar PGMAC,Bihar,2025,R2,NEET_AIR,10103.0,I.G.I.M.S. PATNA,OBS & GYNAE,UR,,DEGREE,Bihar__PGMAC Round 2 Seat Allotment.txt,226,allotted
Bihar PGMAC,Bihar,2025,R2,NEET_AIR,10123.0,I.G.I.M.S. PATNA,General Surgery,EBC,,DEGREE,Bihar__PGMAC Round 2 Seat Allotment.txt,228,allotted
Bihar PGMAC,Bihar,2025,R2,NEET_AIR,10156.0,I.G.I.M.S. PATNA,MEDICINE,BC,,DEGREE,Bihar__PGMAC Round 2 Seat Allotment.txt,230,allotted
Bihar PGMAC,Bihar,2025,R2,NEET_AIR,10191.0,D.M.C.LAHERIASARAI,OBS & GYNAE,UR,,DEGREE,Bihar__PGMAC Round 2 Seat Allotment.txt,233,allotted
Bihar PGMAC,Bihar,2025,R2,NEET_AIR,10207.0,N.M.C. PATNA,General Surgery,UR,,DEGREE,Bihar__PGMAC Round 2 Seat Allotment.txt,235,allotted
Bihar PGMAC,Bihar,2025,R2,NEET_AIR,10297.0,I.G.I.M.S. PATNA,MEDICINE,UR,,DEGREE,Bihar__PGMAC Round 2 Seat Allotment.txt,238,allotted
Bihar PGMAC,Bihar,2025,R2,NEET_AIR,10298.0,J.L.N.M.C. BHAGALPUR,OBS & GYNAE,UR,,DEGREE,Bihar__PGMAC Round 2 Seat Allotment.txt,240,allotted
Bihar PGMAC,Bihar,2025,R2,NEET_AIR,10395.0,2.UR(DIPLOMA)- 153,D.M.C.LAHERIASARAI,OBS & GYNAE,,DEGREE,Bihar__PGMAC Round 2 Seat Allotment.txt,247,allotted
Bihar PGMAC,Bihar,2025,R2,NEET_AIR,10522.0,J.L.N.M.C. BHAGALPUR,Orthopaedics,UR,,DEGREE,Bihar__PGMAC Round 2 Seat Allotment.txt,249,allotted
Bihar PGMAC,Bihar,2025,R2,NEET_AIR,10635.0,D.M.C.LAHERIASARAI,OBS & GYNAE,EBC,,DEGREE,Bihar__PGMAC Round 2 Seat Allotment.txt,254,allotted
Bihar PGMAC,Bihar,2025,R2,NEET_AIR,10657.0,I.G.I.M.S. PATNA,Orthopaedics,EBC,,DEGREE,Bihar__PGMAC Round 2 Seat Allotment.txt,256,allotted
Bihar PGMAC,Bihar,2025,R2,NEET_AIR,10680.0,D.M.C.LAHERIASARAI,Paediatrics,RCG,,DEGREE,Bihar__PGMAC Round 2 Seat Allotment.txt,258,allotted
Bihar PGMAC,Bihar,2025,R2,NEET_AIR,10689.0,D.M.C.LAHERIASARAI,OBS & GYNAE,UR,,DEGREE,Bihar__PGMAC Round 2 Seat Allotment.txt,260,allotted
Bihar PGMAC,Bihar,2025,R2,NEET_AIR,10944.0,P.M.C.PATNA,MEDICINE,UR,,DEGREE,Bihar__PGMAC Round 2 Seat Allotment.txt,262,allotted
Bihar PGMAC,Bihar,2025,R2,NEET_AIR,10972.0,S.K.M.C. MUZAFFARPUR,Paediatrics,EBC,,DEGREE,Bihar__PGMAC Round 2 Seat Allotment.txt,267,allotted
Bihar PGMAC,Bihar,2025,R2,NEET_AIR,11122.0,N.M.C. PATNA,DERMATOLOGY,SC,,DEGREE,Bihar__PGMAC Round 2 Seat Allotment.txt,269,allotted
Bihar PGMAC,Bihar,2025,R2,NEET_AIR,11130.0,D.M.C.LAHERIASARAI,Paediatrics,EBC,,DEGREE,Bihar__PGMAC Round 2 Seat Allotment.txt,271,allotted
Bihar PGMAC,Bihar,2025,R2,NEET_AIR,11134.0,P.M.C.PATNA,General Surgery,BC,,DEGREE,Bihar__PGMAC Round 2 Seat Allotment.txt,273,allotted
Bihar PGMAC,Bihar,2025,R2,NEET_AIR,11136.0,N.M.C. PATNA,OBS & GYNAE,EWS,,DEGREE,Bihar__PGMAC Round 2 Seat Allotment.txt,275,allotted
Bihar PGMAC,Bihar,2025,R2,NEET_AIR,11199.0,I.G.I.M.S. PATNA,OPHTHALMOLOGY,UR,,DEGREE,Bihar__PGMAC Round 2 Seat Allotment.txt,277,allotted
Bihar PGMAC,Bihar,2025,R2,NEET_AIR,11207.0,D.M.C.LAHERIASARAI,OBS & GYNAE,EBC,,DEGREE,Bihar__PGMAC Round 2 Seat Allotment.txt,279,allotted
Bihar PGMAC,Bihar,2025,R2,NEET_AIR,11251.0,N.M.C. PATNA,General Surgery,EBC,,DEGREE,Bihar__PGMAC Round 2 Seat Allotment.txt,281,allotted
Bihar PGMAC,Bihar,2025,R2,NEET_AIR,11329.0,D.M.C.LAHERIASARAI,OBS & GYNAE,UR,,DEGREE,Bihar__PGMAC Round 2 Seat Allotment.txt,283,allotted
Bihar PGMAC,Bihar,2025,R2,NEET_AIR,11421.0,N.M.C. PATNA,Orthopaedics,BC,,DEGREE,Bihar__PGMAC Round 2 Seat Allotment.txt,285,allotted
Bihar PGMAC,Bihar,2025,R2,NEET_AIR,11475.0,A.N.M.M.C. GAYA,OBS & GYNAE,UR,,DEGREE,Bihar__PGMAC Round 2 Seat Allotment.txt,287,allotted
Bihar PGMAC,Bihar,2025,R2,NEET_AIR,11494.0,N.M.C. PATNA,General Surgery,BC,,DEGREE,Bihar__PGMAC Round 2 Seat Allotment.txt,289,allotted
Bihar PGMAC,Bihar,2025,R2,NEET_AIR,11531.0,2.EWS(DIPLOMA)- 35,J.L.N.M.C. BHAGALPUR,Paediatrics,,DEGREE,Bihar__PGMAC Round 2 Seat Allotment.txt,292,allotted
Bihar PGMAC,Bihar,2025,R2,NEET_AIR,11654.0,D.M.C.LAHERIASARAI,OBS & GYNAE,EWS,,DEGREE,Bihar__PGMAC Round 2 Seat Allotment.txt,294,allotted
Bihar PGMAC,Bihar,2025,R2,NEET_AIR,11655.0,D.M.C.LAHERIASARAI,General Surgery,EBC,,DEGREE,Bihar__PGMAC Round 2 Seat Allotment.txt,296,allotted
Bihar PGMAC,Bihar,2025,R2,NEET_AIR,11671.0,D.M.C.LAHERIASARAI,Radiodiagnosis,SC,,DEGREE,Bihar__PGMAC Round 2 Seat Allotment.txt,298,allotted
Bihar PGMAC,Bihar,2025,R2,NEET_AIR,11689.0,S.K.M.C. MUZAFFARPUR,OBS & GYNAE,UR,,DEGREE,Bihar__PGMAC Round 2 Seat Allotment.txt,301,allotted
Bihar PGMAC,Bihar,2025,R2,NEET_AIR,11806.0,N.M.C. PATNA,General Surgery,EWS,,DEGREE,Bihar__PGMAC Round 2 Seat Allotment.txt,303,allotted
Bihar PGMAC,Bihar,2025,R2,NEET_AIR,11950.0,J.L.N.M.C. BHAGALPUR,MEDICINE,EWS,,DEGREE,Bihar__PGMAC Round 2 Seat Allotment.txt,305,allotted
Bihar PGMAC,Bihar,2025,R2,NEET_AIR,11978.0,S.K.M.C. MUZAFFARPUR,OBS & GYNAE,EWS,,DEGREE,Bihar__PGMAC Round 2 Seat Allotment.txt,307,allotted
Bihar PGMAC,Bihar,2025,R2,NEET_AIR,12023.0,2.RCG(DIPLOMA)- 45,I.G.I.M.S. PATNA,General,,DEGREE,Bihar__PGMAC Round 2 Seat Allotment.txt,310,allotted
Bihar PGMAC,Bihar,2025,R2,NEET_AIR,12058.0,J.L.N.M.C. BHAGALPUR,General Surgery,BC,,DEGREE,Bihar__PGMAC Round 2 Seat Allotment.txt,312,allotted
Bihar PGMAC,Bihar,2025,R2,NEET_AIR,12090.0,J.L.N.M.C. BHAGALPUR,General Surgery,EWS,,DEGREE,Bihar__PGMAC Round 2 Seat Allotment.txt,314,allotted
Bihar PGMAC,Bihar,2025,R2,NEET_AIR,12091.0,D.M.C.LAHERIASARAI,OBS & GYNAE,BC,,DEGREE,Bihar__PGMAC Round 2 Seat Allotment.txt,316,allotted
Bihar PGMAC,Bihar,2025,R2,NEET_AIR,12340.0,"B.M.I.M.S,PAWAPURI, NALANDA",General Surgery,BC,,DEGREE,Bihar__PGMAC Round 2 Seat Allotment.txt,318,allotted
Bihar PGMAC,Bihar,2025,R2,NEET_AIR,12376.0,A.N.M.M.C. GAYA,OBS & GYNAE,BC,,DEGREE,Bihar__PGMAC Round 2 Seat Allotment.txt,320,allotted
Bihar PGMAC,Bihar,2025,R2,NEET_AIR,12425.0,I.G.I.M.S. PATNA,Anaesthesiology,BC,,DEGREE,Bihar__PGMAC Round 2 Seat Allotment.txt,322,allotted
Bihar PGMAC,Bihar,2025,R2,NEET_AIR,12777.0,D.M.C.LAHERIASARAI,General Medicine,EBC,,DEGREE,Bihar__PGMAC Round 2 Seat Allotment.txt,325,allotted
Bihar PGMAC,Bihar,2025,R2,NEET_AIR,12792.0,I.G.I.M.S. PATNA,Anaesthesiology,EWS,,DEGREE,Bihar__PGMAC Round 2 Seat Allotment.txt,328,allotted
Bihar PGMAC,Bihar,2025,R2,NEET_AIR,12812.0,D.M.C.LAHERIASARAI,General Surgery,UR,,DEGREE,Bihar__PGMAC Round 2 Seat Allotment.txt,331,allotted
Bihar PGMAC,Bihar,2025,R2,NEET_AIR,12820.0,J.L.N.M.C. BHAGALPUR,General Surgery,UR,,DEGREE,Bihar__PGMAC Round 2 Seat Allotment.txt,334,allotted
Bihar PGMAC,Bihar,2025,R2,NEET_AIR,12929.0,S.K.M.C. MUZAFFARPUR,General Medicine,EBC,,DEGREE,Bihar__PGMAC Round 2 Seat Allotment.txt,337,allotted
Bihar PGMAC,Bihar,2025,R2,NEET_AIR,12977.0,I.G.I.M.S. PATNA,Anaesthesiology,UR,,DEGREE,Bihar__PGMAC Round 2 Seat Allotment.txt,340,allotted
Bihar PGMAC,Bihar,2025,R2,NEET_AIR,13057.0,J.L.N.M.C. BHAGALPUR,General Surgery,EBC,,DEGREE,Bihar__PGMAC Round 2 Seat Allotment.txt,343,allotted
Bihar PGMAC,Bihar,2025,R2,NEET_AIR,13121.0,D.M.C.LAHERIASARAI,General Surgery,EWS,,DEGREE,Bihar__PGMAC Round 2 Seat Allotment.txt,346,allotted
Bihar PGMAC,Bihar,2025,R2,NEET_AIR,13131.0,A.N.M.M.C. GAYA,OBS & GYNAE,RCG,,DEGREE,Bihar__PGMAC Round 2 Seat Allotment.txt,348,allotted
Bihar PGMAC,Bihar,2025,R2,NEET_AIR,13255.0,"G.M.C., BETTIAH",OBS & GYNAE,EBC,,DEGREE,Bihar__PGMAC Round 2 Seat Allotment.txt,350,allotted
Bihar PGMAC,Bihar,2025,R2,NEET_AIR,13503.0,S.K.M.C. MUZAFFARPUR,General Surgery,UR,,DEGREE,Bihar__PGMAC Round 2 Seat Allotment.txt,353,allotted
Bihar PGMAC,Bihar,2025,R2,NEET_AIR,13561.0,D.M.C.LAHERIASARAI,General Surgery,EBC,,DEGREE,Bihar__PGMAC Round 2 Seat Allotment.txt,356,allotted
Bihar PGMAC,Bihar,2025,R2,NEET_AIR,13563.0,I.G.I.M.S. PATNA,General Surgery,RCG,,DEGREE,Bihar__PGMAC Round 2 Seat Allotment.txt,358,allotted
Bihar PGMAC,Bihar,2025,R2,NEET_AIR,13575.0,S.K.M.C. MUZAFFARPUR,General Surgery,EBC,,DEGREE,Bihar__PGMAC Round 2 Seat Allotment.txt,361,allotted
Bihar PGMAC,Bihar,2025,R2,NEET_AIR,13599.0,S.K.M.C. MUZAFFARPUR,OBS & GYNAE,BC,,DEGREE,Bihar__PGMAC Round 2 Seat Allotment.txt,368,allotted
Bihar PGMAC,Bihar,2025,R2,NEET_AIR,14528.0,J.L.N.M.C. BHAGALPUR,Paediatrics,EBC,,DEGREE,Bihar__PGMAC Round 2 Seat Allotment.txt,371,allotted
Bihar PGMAC,Bihar,2025,R2,NEET_AIR,14683.0,I.G.I.M.S. PATNA,Psychiatry,EWS,,DEGREE,Bihar__PGMAC Round 2 Seat Allotment.txt,374,allotted
Bihar PGMAC,Bihar,2025,R2,NEET_AIR,15190.0,D.M.C.LAHERIASARAI,General Surgery,EBC,,DEGREE,Bihar__PGMAC Round 2 Seat Allotment.txt,377,allotted
Bihar PGMAC,Bihar,2025,R2,NEET_AIR,15217.0,I.G.I.M.S. PATNA,OPHTHALMOLOGY,EBC,,DEGREE,Bihar__PGMAC Round 2 Seat Allotment.txt,380,allotted
Bihar PGMAC,Bihar,2025,R2,NEET_AIR,15482.0,A.N.M.M.C. GAYA,General Surgery,EBC,,DEGREE,Bihar__PGMAC Round 2 Seat Allotment.txt,383,allotted
Bihar PGMAC,Bihar,2025,R2,NEET_AIR,15649.0,D.M.C.LAHERIASARAI,General Surgery,BC,,DEGREE,Bihar__PGMAC Round 2 Seat Allotment.txt,386,allotted
Bihar PGMAC,Bihar,2025,R2,NEET_AIR,15671.0,P.M.C.PATNA,General Medicine,SC,,DEGREE,Bihar__PGMAC Round 2 Seat Allotment.txt,388,allotted
Bihar PGMAC,Bihar,2025,R2,NEET_AIR,15697.0,P.M.C.PATNA,OPHTHALMOLOGY,UR,,DEGREE,Bihar__PGMAC Round 2 Seat Allotment.txt,391,allotted
Bihar PGMAC,Bihar,2025,R2,NEET_AIR,15721.0,I.G.I.M.S. PATNA,E.N.T.,UR,,DEGREE,Bihar__PGMAC Round 2 Seat Allotment.txt,394,allotted
Bihar PGMAC,Bihar,2025,R2,NEET_AIR,15737.0,"B.M.I.M.S,PAWAPURI, NALANDA",General Surgery,EBC,,DEGREE,Bihar__PGMAC Round 2 Seat Allotment.txt,397,allotted
Bihar PGMAC,Bihar,2025,R2,NEET_AIR,15969.0,J.L.N.M.C. BHAGALPUR,General Surgery,EBC,,DEGREE,Bihar__PGMAC Round 2 Seat Allotment.txt,400,allotted
Bihar PGMAC,Bihar,2025,R2,NEET_AIR,16480.0,I.G.I.M.S. PATNA,Anaesthesiology,EBC,,DEGREE,Bihar__PGMAC Round 2 Seat Allotment.txt,402,allotted
Bihar PGMAC,Bihar,2025,R2,NEET_AIR,16609.0,P.M.C.PATNA,OPHTHALMOLOGY,EBC,,DEGREE,Bihar__PGMAC Round 2 Seat Allotment.txt,405,allotted
Bihar PGMAC,Bihar,2025,R2,NEET_AIR,16626.0,P.M.C.PATNA,Anaesthesiology,UR,,DEGREE,Bihar__PGMAC Round 2 Seat Allotment.txt,408,allotted
Bihar PGMAC,Bihar,2025,R2,NEET_AIR,16754.0,P.M.C.PATNA,OPHTHALMOLOGY,BC,,DEGREE,Bihar__PGMAC Round 2 Seat Allotment.txt,411,allotted
Bihar PGMAC,Bihar,2025,R2,NEET_AIR,16812.0,J.L.N.M.C. BHAGALPUR,OPHTHALMOLOGY,BC,,DEGREE,Bihar__PGMAC Round 2 Seat Allotment.txt,413,allotted
Bihar PGMAC,Bihar,2025,R2,NEET_AIR,16965.0,N.M.C. PATNA,OPHTHALMOLOGY,EWS,,DEGREE,Bihar__PGMAC Round 2 Seat Allotment.txt,416,allotted
Bihar PGMAC,Bihar,2025,R2,NEET_AIR,17077.0,I.G.I.M.S. PATNA,Anaesthesiology,EBC,,DEGREE,Bihar__PGMAC Round 2 Seat Allotment.txt,419,allotted
Bihar PGMAC,Bihar,2025,R2,NEET_AIR,17114.0,P.M.C.PATNA,OPHTHALMOLOGY,EBC,,DEGREE,Bihar__PGMAC Round 2 Seat Allotment.txt,421,allotted
Bihar PGMAC,Bihar,2025,R2,NEET_AIR,17372.0,P.M.C.PATNA,Psychiatry,EBC,,DEGREE,Bihar__PGMAC Round 2 Seat Allotment.txt,424,allotted
Bihar PGMAC,Bihar,2025,R2,NEET_AIR,17723.0,P.M.C.PATNA,Orthopaedics,BC,,DEGREE,Bihar__PGMAC Round 2 Seat Allotment.txt,427,allotted
Bihar PGMAC,Bihar,2025,R2,NEET_AIR,18153.0,N.M.C. PATNA,Psychiatry,EBC,,DEGREE,Bihar__PGMAC Round 2 Seat Allotment.txt,430,allotted
Bihar PGMAC,Bihar,2025,R2,NEET_AIR,18411.0,P.M.C.PATNA,E.N.T.,EBC,,DEGREE,Bihar__PGMAC Round 2 Seat Allotment.txt,433,allotted
Bihar PGMAC,Bihar,2025,R2,NEET_AIR,18987.0,D.M.C.LAHERIASARAI,Anaesthesiology,EWS,,DEGREE,Bihar__PGMAC Round 2 Seat Allotment.txt,437,allotted
Bihar PGMAC,Bihar,2025,R2,NEET_AIR,19048.0,I.G.I.M.S. PATNA,Anaesthesiology,EBC,,DEGREE,Bihar__PGMAC Round 2 Seat Allotment.txt,440,allotted
Bihar PGMAC,Bihar,2025,R2,NEET_AIR,19569.0,N.M.C. PATNA,E.N.T.,EBC,,DEGREE,Bihar__PGMAC Round 2 Seat Allotment.txt,443,allotted
Bihar PGMAC,Bihar,2025,R2,NEET_AIR,19637.0,N.M.C. PATNA,General Medicine,SC,,DEGREE,Bihar__PGMAC Round 2 Seat Allotment.txt,445,allotted
Bihar PGMAC,Bihar,2025,R2,NEET_AIR,20687.0,I.G.I.M.S. PATNA,Anaesthesiology,RCG,,DEGREE,Bihar__PGMAC Round 2 Seat Allotment.txt,449,allotted
Bihar PGMAC,Bihar,2025,R2,NEET_AIR,21014.0,P.M.C.PATNA,Anaesthesiology,BC,,DEGREE,Bihar__PGMAC Round 2 Seat Allotment.txt,451,allotted
Bihar PGMAC,Bihar,2025,R2,NEET_AIR,21095.0,I.G.I.M.S. PATNA,Anaesthesiology,EBC,,DEGREE,Bihar__PGMAC Round 2 Seat Allotment.txt,454,allotted
Bihar PGMAC,Bihar,2025,R2,NEET_AIR,21145.0,N.M.C. PATNA,E.N.T.,EBC,,DEGREE,Bihar__PGMAC Round 2 Seat Allotment.txt,456,allotted
Bihar PGMAC,Bihar,2025,R2,NEET_AIR,21526.0,D.M.C.LAHERIASARAI,OPHTHALMOLOGY,RCG,,DEGREE,Bihar__PGMAC Round 2 Seat Allotment.txt,458,allotted
Bihar PGMAC,Bihar,2025,R2,NEET_AIR,21577.0,N.M.C. PATNA,Anaesthesiology,BC,,DEGREE,Bihar__PGMAC Round 2 Seat Allotment.txt,461,allotted
Bihar PGMAC,Bihar,2025,R2,NEET_AIR,21650.0,I.G.I.M.S. PATNA,Anaesthesiology,EBC,,DEGREE,Bihar__PGMAC Round 2 Seat Allotment.txt,464,allotted
Bihar PGMAC,Bihar,2025,R2,NEET_AIR,21656.0,J.L.N.M.C. BHAGALPUR,General Medicine,SC,,DEGREE,Bihar__PGMAC Round 2 Seat Allotment.txt,466,allotted
Bihar PGMAC,Bihar,2025,R2,NEET_AIR,21713.0,D.M.C.LAHERIASARAI,Anaesthesiology,BC,,DEGREE,Bihar__PGMAC Round 2 Seat Allotment.txt,469,allotted
Bihar PGMAC,Bihar,2025,R2,NEET_AIR,22113.0,P.M.C.PATNA,E.N.T.,RCG,,DEGREE,Bihar__PGMAC Round 2 Seat Allotment.txt,471,allotted
Bihar PGMAC,Bihar,2025,R2,NEET_AIR,22473.0,A.N.M.M.C. GAYA,Anaesthesiology,BC,,DEGREE,Bihar__PGMAC Round 2 Seat Allotment.txt,474,allotted
Bihar PGMAC,Bihar,2025,R2,NEET_AIR,22490.0,A.N.M.M.C. GAYA,Anaesthesiology,BC,,DEGREE,Bihar__PGMAC Round 2 Seat Allotment.txt,477,allotted
Bihar PGMAC,Bihar,2025,R2,NEET_AIR,22682.0,D.M.C.LAHERIASARAI,General Medicine,SC,,DEGREE,Bihar__PGMAC Round 2 Seat Allotment.txt,479,allotted
Bihar PGMAC,Bihar,2025,R2,NEET_AIR,22900.0,P.M.C.PATNA,Paediatrics,SC,,DEGREE,Bihar__PGMAC Round 2 Seat Allotment.txt,482,allotted
Bihar PGMAC,Bihar,2025,R2,NEET_AIR,23014.0,P.M.C.PATNA,E.N.T.,BC,,DEGREE,Bihar__PGMAC Round 2 Seat Allotment.txt,489,allotted
Bihar PGMAC,Bihar,2025,R2,NEET_AIR,23403.0,P.M.C.PATNA,Psychiatry,EBC,,DEGREE,Bihar__PGMAC Round 2 Seat Allotment.txt,494,allotted
Bihar PGMAC,Bihar,2025,R2,NEET_AIR,23477.0,J.L.N.M.C. BHAGALPUR,Psychiatry,BC,,DEGREE,Bihar__PGMAC Round 2 Seat Allotment.txt,496,allotted
Bihar PGMAC,Bihar,2025,R2,NEET_AIR,24071.0,P.M.C.PATNA,Anaesthesiology,EBC,,DEGREE,Bihar__PGMAC Round 2 Seat Allotment.txt,498,allotted
Bihar PGMAC,Bihar,2025,R2,NEET_AIR,24460.0,P.M.C.PATNA,Paediatrics,SC,,DEGREE,Bihar__PGMAC Round 2 Seat Allotment.txt,500,allotted
Bihar PGMAC,Bihar,2025,R2,NEET_AIR,24892.0,D.M.C.LAHERIASARAI,OPHTHALMOLOGY,EBC,,DEGREE,Bihar__PGMAC Round 2 Seat Allotment.txt,503,allotted
Bihar PGMAC,Bihar,2025,R2,NEET_AIR,24933.0,P.M.C.PATNA,Anaesthesiology,EBC,,DEGREE,Bihar__PGMAC Round 2 Seat Allotment.txt,506,allotted
Bihar PGMAC,Bihar,2025,R2,NEET_AIR,25124.0,D.M.C.LAHERIASARAI,E.N.T.,EBC,,DEGREE,Bihar__PGMAC Round 2 Seat Allotment.txt,509,allotted
Bihar PGMAC,Bihar,2025,R2,NEET_AIR,25289.0,2.EWS(DIPLOMA)- 101,A.N.M.M.C. GAYA,E.N.T.,,DEGREE,Bihar__PGMAC Round 2 Seat Allotment.txt,512,allotted
Bihar PGMAC,Bihar,2025,R2,NEET_AIR,25332.0,A.N.M.M.C. GAYA,OPHTHALMOLOGY,EBC,,DEGREE,Bihar__PGMAC Round 2 Seat Allotment.txt,514,allotted
Bihar PGMAC,Bihar,2025,R2,NEET_AIR,25713.0,N.M.C. PATNA,Paediatrics,SC,,DEGREE,Bihar__PGMAC Round 2 Seat Allotment.txt,516,allotted
Bihar PGMAC,Bihar,2025,R2,NEET_AIR,26585.0,N.M.C. PATNA,Orthopaedics,EBC,,DEGREE,Bihar__PGMAC Round 2 Seat Allotment.txt,519,allotted
Bihar PGMAC,Bihar,2025,R2,NEET_AIR,26592.0,"G.M.C., BETTIAH",OPHTHALMOLOGY,EBC,,DEGREE,Bihar__PGMAC Round 2 Seat Allotment.txt,522,allotted
Bihar PGMAC,Bihar,2025,R2,NEET_AIR,26816.0,N.M.C. PATNA,Anaesthesiology,EBC,,DEGREE,Bihar__PGMAC Round 2 Seat Allotment.txt,524,allotted
Bihar PGMAC,Bihar,2025,R2,NEET_AIR,27163.0,P.M.C.PATNA,OBS & GYNAE,SC,,DEGREE,Bihar__PGMAC Round 2 Seat Allotment.txt,527,allotted
Bihar PGMAC,Bihar,2025,R2,NEET_AIR,28297.0,D.M.C.LAHERIASARAI,Orthopaedics,EBC,,DEGREE,Bihar__PGMAC Round 2 Seat Allotment.txt,530,allotted
Bihar PGMAC,Bihar,2025,R2,NEET_AIR,28385.0,"COLLEGE & HOSPITAL, SAHARSA",General Medicine,UR,,DEGREE,Bihar__PGMAC Round 2 Seat Allotment.txt,532,allotted
Bihar PGMAC,Bihar,2025,R2,NEET_AIR,28662.0,"MGMMC & LSK HOS, KISHANGANJ",OPHTHALMOLOGY,UR,,DEGREE,Bihar__PGMAC Round 2 Seat Allotment.txt,534,allotted
Bihar PGMAC,Bihar,2025,R2,NEET_AIR,29106.0,N.M.C. PATNA,Anaesthesiology,EBC,,DEGREE,Bihar__PGMAC Round 2 Seat Allotment.txt,537,allotted
Bihar PGMAC,Bihar,2025,R2,NEET_AIR,29453.0,D.M.C.LAHERIASARAI,Anaesthesiology,EBC,,DEGREE,Bihar__PGMAC Round 2 Seat Allotment.txt,539,allotted
Bihar PGMAC,Bihar,2025,R2,NEET_AIR,29653.0,I.G.I.M.S. PATNA,RADIO ONCOLOGY,SC,,DEGREE,Bihar__PGMAC Round 2 Seat Allotment.txt,541,allotted
Bihar PGMAC,Bihar,2025,R2,NEET_AIR,30026.0,P.M.C.PATNA,Orthopaedics,SC,,DEGREE,Bihar__PGMAC Round 2 Seat Allotment.txt,543,allotted
Bihar PGMAC,Bihar,2025,R2,NEET_AIR,30585.0,N.M.C. PATNA,OBS & GYNAE,SC,,DEGREE,Bihar__PGMAC Round 2 Seat Allotment.txt,545,allotted
Bihar PGMAC,Bihar,2025,R2,NEET_AIR,31935.0,"COLLEGE & HOSPITAL, SAHARSA",General Medicine,UR,,DEGREE,Bihar__PGMAC Round 2 Seat Allotment.txt,554,allotted
Bihar PGMAC,Bihar,2025,R2,NEET_AIR,32018.0,D.M.C.LAHERIASARAI,Anaesthesiology,EBC,,DEGREE,Bihar__PGMAC Round 2 Seat Allotment.txt,557,allotted
Bihar PGMAC,Bihar,2025,R2,NEET_AIR,32053.0,I.G.I.M.S. PATNA,Pathology,BC,,DEGREE,Bihar__PGMAC Round 2 Seat Allotment.txt,560,allotted
Bihar PGMAC,Bihar,2025,R2,NEET_AIR,32235.0,D.M.C.LAHERIASARAI,OBS & GYNAE,SC,,DEGREE,Bihar__PGMAC Round 2 Seat Allotment.txt,562,allotted
Bihar PGMAC,Bihar,2025,R2,NEET_AIR,32344.0,D.M.C.LAHERIASARAI,Paediatrics,SC,,DEGREE,Bihar__PGMAC Round 2 Seat Allotment.txt,564,allotted
Bihar PGMAC,Bihar,2025,R2,NEET_AIR,32804.0,P.M.C.PATNA,Pathology,EWS,,DEGREE,Bihar__PGMAC Round 2 Seat Allotment.txt,567,allotted
Bihar PGMAC,Bihar,2025,R2,NEET_AIR,32909.0,D.M.C.LAHERIASARAI,OBS & GYNAE,SC,,DEGREE,Bihar__PGMAC Round 2 Seat Allotment.txt,570,allotted
Bihar PGMAC,Bihar,2025,R2,NEET_AIR,32982.0,"MGMMC & LSK HOS, KISHANGANJ",General Medicine,UR,,DEGREE,Bihar__PGMAC Round 2 Seat Allotment.txt,572,allotted
Bihar PGMAC,Bihar,2025,R2,NEET_AIR,33068.0,"COLLEGE & HOSPITAL, SAHARSA",General Surgery,UR,,DEGREE,Bihar__PGMAC Round 2 Seat Allotment.txt,574,allotted
Bihar PGMAC,Bihar,2025,R2,NEET_AIR,33465.0,"COLLEGE & HOSPITAL, SAHARSA",General Surgery,UR,,DEGREE,Bihar__PGMAC Round 2 Seat Allotment.txt,578,allotted
Bihar PGMAC,Bihar,2025,R2,NEET_AIR,33891.0,I.G.I.M.S. PATNA,MEDICINE,EBC,,DEGREE,Bihar__PGMAC Round 2 Seat Allotment.txt,581,allotted
Bihar PGMAC,Bihar,2025,R2,NEET_AIR,34140.0,I.G.I.M.S. PATNA,Pathology,EBC,,DEGREE,Bihar__PGMAC Round 2 Seat Allotment.txt,583,allotted
Bihar PGMAC,Bihar,2025,R2,NEET_AIR,34432.0,I.G.I.M.S. PATNA,General Medicine,SC,,DEGREE,Bihar__PGMAC Round 2 Seat Allotment.txt,586,allotted
Bihar PGMAC,Bihar,2025,R2,NEET_AIR,34771.0,P.M.C.PATNA,General Surgery,SC,,DEGREE,Bihar__PGMAC Round 2 Seat Allotment.txt,588,allotted
Bihar PGMAC,Bihar,2025,R2,NEET_AIR,34937.0,HOSPITAL,Radiodiagnosis,UR,,DEGREE,Bihar__PGMAC Round 2 Seat Allotment.txt,590,allotted
Bihar PGMAC,Bihar,2025,R2,NEET_AIR,34960.0,P.M.C.PATNA,General Medicine,SC,,DEGREE,Bihar__PGMAC Round 2 Seat Allotment.txt,593,allotted
Bihar PGMAC,Bihar,2025,R2,NEET_AIR,35105.0,N.M.C. PATNA,General Surgery,SC,,DEGREE,Bihar__PGMAC Round 2 Seat Allotment.txt,595,allotted
Bihar PGMAC,Bihar,2025,R2,NEET_AIR,35213.0,K.M.C. KATIHAR,General Medicine,MM,,DEGREE,Bihar__PGMAC Round 2 Seat Allotment.txt,597,allotted
Bihar PGMAC,Bihar,2025,R2,NEET_AIR,35730.0,D.M.C.LAHERIASARAI,General Surgery,SC,,DEGREE,Bihar__PGMAC Round 2 Seat Allotment.txt,599,allotted
Bihar PGMAC,Bihar,2025,R2,NEET_AIR,36995.0,"COLLEGE & HOSPITAL, SAHARSA",General Surgery,UR,,DEGREE,Bihar__PGMAC Round 2 Seat Allotment.txt,601,allotted
Bihar PGMAC,Bihar,2025,R2,NEET_AIR,37085.0,J.L.N.M.C. BHAGALPUR,General Surgery,SC,,DEGREE,Bihar__PGMAC Round 2 Seat Allotment.txt,608,allotted
Bihar PGMAC,Bihar,2025,R2,NEET_AIR,37839.0,I.G.I.M.S. PATNA,General Surgery,SC,,DEGREE,Bihar__PGMAC Round 2 Seat Allotment.txt,612,allotted
Bihar PGMAC,Bihar,2025,R2,NEET_AIR,37912.0,A.N.M.M.C. GAYA,General Surgery,SC,,DEGREE,Bihar__PGMAC Round 2 Seat Allotment.txt,615,allotted
Bihar PGMAC,Bihar,2025,R2,NEET_AIR,38184.0,D.M.C.LAHERIASARAI,E.N.T.,SC,,DEGREE,Bihar__PGMAC Round 2 Seat Allotment.txt,617,allotted
Bihar PGMAC,Bihar,2025,R2,NEET_AIR,38211.0,"MGMMC & LSK HOS, KISHANGANJ",OPHTHALMOLOGY,UR,,DEGREE,Bihar__PGMAC Round 2 Seat Allotment.txt,619,allotted
Bihar PGMAC,Bihar,2025,R2,NEET_AIR,38706.0,A.N.M.M.C. GAYA,Orthopaedics,SC,,DEGREE,Bihar__PGMAC Round 2 Seat Allotment.txt,623,allotted
Bihar PGMAC,Bihar,2025,R2,NEET_AIR,38785.0,P.M.C.PATNA,Pathology,EBC,,DEGREE,Bihar__PGMAC Round 2 Seat Allotment.txt,626,allotted
Bihar PGMAC,Bihar,2025,R2,NEET_AIR,39117.0,"MGMMC & LSK HOS, KISHANGANJ",General Surgery,UR,,DEGREE,Bihar__PGMAC Round 2 Seat Allotment.txt,628,allotted
Bihar PGMAC,Bihar,2025,R2,NEET_AIR,39233.0,"MGMMC & LSK HOS, KISHANGANJ",Radiodiagnosis,UR,,DEGREE,Bihar__PGMAC Round 2 Seat Allotment.txt,632,allotted
Bihar PGMAC,Bihar,2025,R2,NEET_AIR,39479.0,D.M.C.LAHERIASARAI,OPHTHALMOLOGY,SC,,DEGREE,Bihar__PGMAC Round 2 Seat Allotment.txt,635,allotted
Bihar PGMAC,Bihar,2025,R2,NEET_AIR,39534.0,I.G.I.M.S. PATNA,Anaesthesiology,SC,,DEGREE,Bihar__PGMAC Round 2 Seat Allotment.txt,637,allotted
Bihar PGMAC,Bihar,2025,R2,NEET_AIR,39582.0,P.M.C.PATNA,Anaesthesiology,SC,,DEGREE,Bihar__PGMAC Round 2 Seat Allotment.txt,639,allotted
Bihar PGMAC,Bihar,2025,R2,NEET_AIR,41198.0,"MGMMC & LSK HOS, KISHANGANJ",E.N.T.,SM,,DEGREE,Bihar__PGMAC Round 2 Seat Allotment.txt,647,allotted
Bihar PGMAC,Bihar,2025,R2,NEET_AIR,41651.0,"MGMMC & LSK HOS, KISHANGANJ",Radiodiagnosis,UR,,DEGREE,Bihar__PGMAC Round 2 Seat Allotment.txt,651,allotted
Bihar PGMAC,Bihar,2025,R2,NEET_AIR,41731.0,"N.M.C &.H, SASARAM",Radiodiagnosis,UR,,DEGREE,Bihar__PGMAC Round 2 Seat Allotment.txt,653,allotted
Bihar PGMAC,Bihar,2025,R2,NEET_AIR,42001.0,N.M.C. PATNA,Pathology,EBC,,DEGREE,Bihar__PGMAC Round 2 Seat Allotment.txt,655,allotted
Bihar PGMAC,Bihar,2025,R2,NEET_AIR,42274.0,J.L.N.M.C. BHAGALPUR,Psychiatry,SC,,DEGREE,Bihar__PGMAC Round 2 Seat Allotment.txt,657,allotted
Bihar PGMAC,Bihar,2025,R2,NEET_AIR,42447.0,"COLLEGE & HOSPITAL, SAHARSA",General Surgery,UR,,DEGREE,Bihar__PGMAC Round 2 Seat Allotment.txt,659,allotted
Bihar PGMAC,Bihar,2025,R2,NEET_AIR,42562.0,K.M.C. KATIHAR,General Medicine,UR,,DEGREE,Bihar__PGMAC Round 2 Seat Allotment.txt,661,allotted
Bihar PGMAC,Bihar,2025,R2,NEET_AIR,42686.0,"MGMMC & LSK HOS, KISHANGANJ",Radiodiagnosis,SM,,DEGREE,Bihar__PGMAC Round 2 Seat Allotment.txt,663,allotted
Bihar PGMAC,Bihar,2025,R2,NEET_AIR,43684.0,P.M.C.PATNA,Pathology,EBC,,DEGREE,Bihar__PGMAC Round 2 Seat Allotment.txt,670,allotted
Bihar PGMAC,Bihar,2025,R2,NEET_AIR,43826.0,"N.M.C &.H, SASARAM",General Medicine,UR,,DEGREE,Bihar__PGMAC Round 2 Seat Allotment.txt,672,allotted
Bihar PGMAC,Bihar,2025,R2,NEET_AIR,43910.0,N.M.C. PATNA,Anaesthesiology,SC,,DEGREE,Bihar__PGMAC Round 2 Seat Allotment.txt,675,allotted
Bihar PGMAC,Bihar,2025,R2,NEET_AIR,43930.0,"COLLEGE & HOSPITAL, SAHARSA",General Medicine,UR,,DEGREE,Bihar__PGMAC Round 2 Seat Allotment.txt,677,allotted
Bihar PGMAC,Bihar,2025,R2,NEET_AIR,44097.0,"COLLEGE & HOSPITAL, SAHARSA",General Medicine,UR,,DEGREE,Bihar__PGMAC Round 2 Seat Allotment.txt,679,allotted
Bihar PGMAC,Bihar,2025,R2,NEET_AIR,44107.0,"N.M.C &.H, SASARAM",General Medicine,UR,,DEGREE,Bihar__PGMAC Round 2 Seat Allotment.txt,681,allotted
Bihar PGMAC,Bihar,2025,R2,NEET_AIR,44306.0,AND HOSPITAL SAHARSA,General Medicine,UR,,DEGREE,Bihar__PGMAC Round 2 Seat Allotment.txt,684,allotted
Bihar PGMAC,Bihar,2025,R2,NEET_AIR,44483.0,P.M.C.PATNA,Pharmacology,EWS,,DEGREE,Bihar__PGMAC Round 2 Seat Allotment.txt,686,allotted
Bihar PGMAC,Bihar,2025,R2,NEET_AIR,44484.0,K.M.C. KATIHAR,General Medicine,UR,,DEGREE,Bihar__PGMAC Round 2 Seat Allotment.txt,688,allotted
Bihar PGMAC,Bihar,2025,R2,NEET_AIR,44690.0,P.M.C.PATNA,Pathology,RCG,,DEGREE,Bihar__PGMAC Round 2 Seat Allotment.txt,690,allotted
Bihar PGMAC,Bihar,2025,R2,NEET_AIR,44817.0,"COLLEGE & HOSPITAL, SAHARSA",General Surgery,UR,,DEGREE,Bihar__PGMAC Round 2 Seat Allotment.txt,692,allotted
Bihar PGMAC,Bihar,2025,R2,NEET_AIR,45280.0,HOSPITAL,OBS & GYNAE,UR,,DEGREE,Bihar__PGMAC Round 2 Seat Allotment.txt,696,allotted
Bihar PGMAC,Bihar,2025,R2,NEET_AIR,45472.0,P.M.C.PATNA,Orthopaedics,SC,,DEGREE,Bihar__PGMAC Round 2 Seat Allotment.txt,699,allotted
Bihar PGMAC,Bihar,2025,R2,NEET_AIR,45629.0,"N.M.C &.H, SASARAM",General Medicine,UR,,DEGREE,Bihar__PGMAC Round 2 Seat Allotment.txt,701,allotted
Bihar PGMAC,Bihar,2025,R2,NEET_AIR,45926.0,"MGMMC & LSK HOS, KISHANGANJ",E.N.T.,SM,,DEGREE,Bihar__PGMAC Round 2 Seat Allotment.txt,703,allotted
Bihar PGMAC,Bihar,2025,R2,NEET_AIR,46666.0,"COLLEGE & HOSPITAL, SAHARSA",Orthopaedics,UR,,DEGREE,Bihar__PGMAC Round 2 Seat Allotment.txt,705,allotted
Bihar PGMAC,Bihar,2025,R2,NEET_AIR,47037.0,HOSPITAL,Radiodiagnosis,UR,,DEGREE,Bihar__PGMAC Round 2 Seat Allotment.txt,707,allotted
Bihar PGMAC,Bihar,2025,R2,NEET_AIR,47103.0,"MGMMC & LSK HOS, KISHANGANJ",E.N.T.,UR,,DEGREE,Bihar__PGMAC Round 2 Seat Allotment.txt,711,allotted
Bihar PGMAC,Bihar,2025,R2,NEET_AIR,47521.0,K.M.C. KATIHAR,General Medicine,UR,,DEGREE,Bihar__PGMAC Round 2 Seat Allotment.txt,715,allotted
Bihar PGMAC,Bihar,2025,R2,NEET_AIR,47635.0,"COLLEGE & HOSPITAL, SAHARSA",OBS & GYNAE,UR,,DEGREE,Bihar__PGMAC Round 2 Seat Allotment.txt,717,allotted
Bihar PGMAC,Bihar,2025,R2,NEET_AIR,48144.0,"COLLEGE & HOSPITAL, SAHARSA",Orthopaedics,UR,,DEGREE,Bihar__PGMAC Round 2 Seat Allotment.txt,719,allotted
Bihar PGMAC,Bihar,2025,R2,NEET_AIR,48405.0,P.M.C.PATNA,Pathology,BC,,DEGREE,Bihar__PGMAC Round 2 Seat Allotment.txt,721,allotted
Bihar PGMAC,Bihar,2025,R2,NEET_AIR,48415.0,2.RCG(DIPLOMA)- 234,I.G.I.M.S. PATNA,Microbiology,,DEGREE,Bihar__PGMAC Round 2 Seat Allotment.txt,728,allotted
Bihar PGMAC,Bihar,2025,R2,NEET_AIR,48576.0,"COLLEGE & HOSPITAL, SAHARSA",Orthopaedics,UR,,DEGREE,Bihar__PGMAC Round 2 Seat Allotment.txt,730,allotted
Bihar PGMAC,Bihar,2025,R2,NEET_AIR,48635.0,K.M.C. KATIHAR,General Medicine,UR,,DEGREE,Bihar__PGMAC Round 2 Seat Allotment.txt,732,allotted
Bihar PGMAC,Bihar,2025,R2,NEET_AIR,49086.0,MADHUBANI,Radiodiagnosis,UR,,DEGREE,Bihar__PGMAC Round 2 Seat Allotment.txt,734,allotted
Bihar PGMAC,Bihar,2025,R2,NEET_AIR,49121.0,"N.M.C &.H, SASARAM",OPHTHALMOLOGY,UR,,DEGREE,Bihar__PGMAC Round 2 Seat Allotment.txt,736,allotted
Bihar PGMAC,Bihar,2025,R2,NEET_AIR,49198.0,"MGMMC & LSK HOS, KISHANGANJ",E.N.T.,UR,,DEGREE,Bihar__PGMAC Round 2 Seat Allotment.txt,738,allotted
Bihar PGMAC,Bihar,2025,R2,NEET_AIR,49393.0,"MGMMC & LSK HOS, KISHANGANJ",Anaesthesiology,UR,,DEGREE,Bihar__PGMAC Round 2 Seat Allotment.txt,740,allotted
Bihar PGMAC,Bihar,2025,R2,NEET_AIR,49432.0,"MGMMC & LSK HOS, KISHANGANJ",Anaesthesiology,UR,,DEGREE,Bihar__PGMAC Round 2 Seat Allotment.txt,742,allotted
Bihar PGMAC,Bihar,2025,R2,NEET_AIR,49538.0,HOSPITAL,General Medicine,UR,,DEGREE,Bihar__PGMAC Round 2 Seat Allotment.txt,744,allotted
Bihar PGMAC,Bihar,2025,R2,NEET_AIR,49738.0,"N.M.C &.H, SASARAM",OBS & GYNAE,UR,,DEGREE,Bihar__PGMAC Round 2 Seat Allotment.txt,746,allotted
Bihar PGMAC,Bihar,2025,R2,NEET_AIR,49866.0,D.M.C.LAHERIASARAI,Pathology,BC,,DEGREE,Bihar__PGMAC Round 2 Seat Allotment.txt,748,allotted
Bihar PGMAC,Bihar,2025,R2,NEET_AIR,49906.0,K.M.C. KATIHAR,General Medicine,MM,,DEGREE,Bihar__PGMAC Round 2 Seat Allotment.txt,750,allotted
Bihar PGMAC,Bihar,2025,R2,NEET_AIR,50351.0,J.L.N.M.C. BHAGALPUR,Pathology,BC,,DEGREE,Bihar__PGMAC Round 2 Seat Allotment.txt,753,allotted
Bihar PGMAC,Bihar,2025,R2,NEET_AIR,50642.0,"MGMMC & LSK HOS, KISHANGANJ",General Medicine,SM,,DEGREE,Bihar__PGMAC Round 2 Seat Allotment.txt,755,allotted
Bihar PGMAC,Bihar,2025,R2,NEET_AIR,50708.0,"MGMMC & LSK HOS, KISHANGANJ",E.N.T.,UR,,DEGREE,Bihar__PGMAC Round 2 Seat Allotment.txt,757,allotted
Bihar PGMAC,Bihar,2025,R2,NEET_AIR,50731.0,"MGMMC & LSK HOS, KISHANGANJ",General Surgery,UR,,DEGREE,Bihar__PGMAC Round 2 Seat Allotment.txt,759,allotted
Bihar PGMAC,Bihar,2025,R2,NEET_AIR,50906.0,"MGMMC & LSK HOS, KISHANGANJ",Paediatrics,SM,,DEGREE,Bihar__PGMAC Round 2 Seat Allotment.txt,761,allotted
Bihar PGMAC,Bihar,2025,R2,NEET_AIR,51012.0,"MGMMC & LSK HOS, KISHANGANJ",OPHTHALMOLOGY,UR,,DEGREE,Bihar__PGMAC Round 2 Seat Allotment.txt,763,allotted
Bihar PGMAC,Bihar,2025,R2,NEET_AIR,51311.0,P.M.C.PATNA,Pathology,BC,,DEGREE,Bihar__PGMAC Round 2 Seat Allotment.txt,766,allotted
Bihar PGMAC,Bihar,2025,R2,NEET_AIR,51670.0,N.M.C. PATNA,Anaesthesiology,SC,,DEGREE,Bihar__PGMAC Round 2 Seat Allotment.txt,768,allotted
Bihar PGMAC,Bihar,2025,R2,NEET_AIR,51872.0,AND HOSPITAL SAHARSA,General Medicine,UR,,DEGREE,Bihar__PGMAC Round 2 Seat Allotment.txt,771,allotted
Bihar PGMAC,Bihar,2025,R2,NEET_AIR,51945.0,HOSPITAL,General Medicine,UR,,DEGREE,Bihar__PGMAC Round 2 Seat Allotment.txt,773,allotted
Bihar PGMAC,Bihar,2025,R2,NEET_AIR,51997.0,D.M.C.LAHERIASARAI,Pathology,EBC,,DEGREE,Bihar__PGMAC Round 2 Seat Allotment.txt,776,allotted
Bihar PGMAC,Bihar,2025,R2,NEET_AIR,52014.0,"N.M.C &.H, SASARAM",General Medicine,UR,,DEGREE,Bihar__PGMAC Round 2 Seat Allotment.txt,778,allotted
Bihar PGMAC,Bihar,2025,R2,NEET_AIR,52148.0,"N.M.C &.H, SASARAM",OPHTHALMOLOGY,UR,,DEGREE,Bihar__PGMAC Round 2 Seat Allotment.txt,782,allotted
Bihar PGMAC,Bihar,2025,R2,NEET_AIR,52201.0,MADHUBANI,General Medicine,UR,,DEGREE,Bihar__PGMAC Round 2 Seat Allotment.txt,784,allotted
Bihar PGMAC,Bihar,2025,R2,NEET_AIR,52356.0,HOSPITAL,OPHTHALMOLOGY,UR,,DEGREE,Bihar__PGMAC Round 2 Seat Allotment.txt,786,allotted
Bihar PGMAC,Bihar,2025,R2,NEET_AIR,52390.0,D.M.C.LAHERIASARAI,Pathology,EBC,,DEGREE,Bihar__PGMAC Round 2 Seat Allotment.txt,788,allotted
Bihar PGMAC,Bihar,2025,R2,NEET_AIR,52409.0,MADHUBANI,General Medicine,UR,,DEGREE,Bihar__PGMAC Round 2 Seat Allotment.txt,790,allotted
Bihar PGMAC,Bihar,2025,R2,NEET_AIR,52651.0,HOSPITAL,Radiodiagnosis,UR,,DEGREE,Bihar__PGMAC Round 2 Seat Allotment.txt,792,allotted
Bihar PGMAC,Bihar,2025,R2,NEET_AIR,53024.0,P.M.C.PATNA,PHY.MED.& REHAB.,SC,,DEGREE,Bihar__PGMAC Round 2 Seat Allotment.txt,797,allotted
Bihar PGMAC,Bihar,2025,R2,NEET_AIR,53209.0,"N.M.C &.H, SASARAM",Radiodiagnosis,UR,,DEGREE,Bihar__PGMAC Round 2 Seat Allotment.txt,799,allotted
Bihar PGMAC,Bihar,2025,R2,NEET_AIR,53272.0,"N.M.C &.H, SASARAM",General Medicine,UR,,DEGREE,Bihar__PGMAC Round 2 Seat Allotment.txt,801,allotted
Bihar PGMAC,Bihar,2025,R2,NEET_AIR,53411.0,"N.M.C &.H, SASARAM",General Medicine,UR,,DEGREE,Bihar__PGMAC Round 2 Seat Allotment.txt,803,allotted
Bihar PGMAC,Bihar,2025,R2,NEET_AIR,53664.0,"N.M.C &.H, SASARAM",General Medicine,UR,,DEGREE,Bihar__PGMAC Round 2 Seat Allotment.txt,805,allotted
Bihar PGMAC,Bihar,2025,R2,NEET_AIR,53718.0,HOSPITAL TURKI MUZAFFARPUR,OPHTHALMOLOGY,UR,,DEGREE,Bihar__PGMAC Round 2 Seat Allotment.txt,807,allotted
Bihar PGMAC,Bihar,2025,R2,NEET_AIR,54046.0,"COLLEGE & HOSPITAL, SAHARSA",Paediatrics,UR,,DEGREE,Bihar__PGMAC Round 2 Seat Allotment.txt,811,allotted
Bihar PGMAC,Bihar,2025,R2,NEET_AIR,54130.0,"N.M.C &.H, SASARAM",General Medicine,UR,,DEGREE,Bihar__PGMAC Round 2 Seat Allotment.txt,813,allotted
Bihar PGMAC,Bihar,2025,R2,NEET_AIR,54608.0,S.K.M.C. MUZAFFARPUR,Pathology,EBC,,DEGREE,Bihar__PGMAC Round 2 Seat Allotment.txt,815,allotted
Bihar PGMAC,Bihar,2025,R2,NEET_AIR,54669.0,MADHUBANI,General Medicine,UR,,DEGREE,Bihar__PGMAC Round 2 Seat Allotment.txt,817,allotted
Bihar PGMAC,Bihar,2025,R2,NEET_AIR,54818.0,"MGMMC & LSK HOS, KISHANGANJ",E.N.T.,UR,,DEGREE,Bihar__PGMAC Round 2 Seat Allotment.txt,819,allotted
Bihar PGMAC,Bihar,2025,R2,NEET_AIR,54833.0,"N.M.C &.H, SASARAM",General Medicine,UR,,DEGREE,Bihar__PGMAC Round 2 Seat Allotment.txt,821,allotted
Bihar PGMAC,Bihar,2025,R2,NEET_AIR,55165.0,HOSPITAL,General Medicine,UR,,DEGREE,Bihar__PGMAC Round 2 Seat Allotment.txt,823,allotted
Bihar PGMAC,Bihar,2025,R2,NEET_AIR,55390.0,D.M.C.LAHERIASARAI,Pathology,BC,,DEGREE,Bihar__PGMAC Round 2 Seat Allotment.txt,826,allotted
Bihar PGMAC,Bihar,2025,R2,NEET_AIR,55405.0,"MGMMC & LSK HOS, KISHANGANJ",Paediatrics,UR,,DEGREE,Bihar__PGMAC Round 2 Seat Allotment.txt,828,allotted
Bihar PGMAC,Bihar,2025,R2,NEET_AIR,55502.0,"N.M.C &.H, SASARAM",Anaesthesiology,UR,,DEGREE,Bihar__PGMAC Round 2 Seat Allotment.txt,830,allotted
Bihar PGMAC,Bihar,2025,R2,NEET_AIR,55744.0,HOSPITAL,Radiodiagnosis,UR,,DEGREE,Bihar__PGMAC Round 2 Seat Allotment.txt,834,allotted
Bihar PGMAC,Bihar,2025,R2,NEET_AIR,56028.0,"MGMMC & LSK HOS, KISHANGANJ",General Surgery,UR,,DEGREE,Bihar__PGMAC Round 2 Seat Allotment.txt,836,allotted
Bihar PGMAC,Bihar,2025,R2,NEET_AIR,56160.0,HOSPITAL TURKI MUZAFFARPUR,OPHTHALMOLOGY,UR,,DEGREE,Bihar__PGMAC Round 2 Seat Allotment.txt,838,allotted
Bihar PGMAC,Bihar,2025,R2,NEET_AIR,56284.0,MADHUBANI,General Medicine,MM,,DEGREE,Bihar__PGMAC Round 2 Seat Allotment.txt,840,allotted
Bihar PGMAC,Bihar,2025,R2,NEET_AIR,56413.0,MADHUBANI,General Medicine,UR,,DEGREE,Bihar__PGMAC Round 2 Seat Allotment.txt,842,allotted
Bihar PGMAC,Bihar,2025,R2,NEET_AIR,56499.0,"COLLEGE & HOSPITAL, SAHARSA",Anaesthesiology,UR,,DEGREE,Bihar__PGMAC Round 2 Seat Allotment.txt,848,allotted
Bihar PGMAC,Bihar,2025,R2,NEET_AIR,56709.0,A.N.M.M.C. GAYA,Pathology,EBC,,DEGREE,Bihar__PGMAC Round 2 Seat Allotment.txt,851,allotted
Bihar PGMAC,Bihar,2025,R2,NEET_AIR,56835.0,"MGMMC & LSK HOS, KISHANGANJ",Anaesthesiology,UR,,DEGREE,Bihar__PGMAC Round 2 Seat Allotment.txt,853,allotted
Bihar PGMAC,Bihar,2025,R2,NEET_AIR,56958.0,"COLLEGE & HOSPITAL, SAHARSA",Paediatrics,UR,,DEGREE,Bihar__PGMAC Round 2 Seat Allotment.txt,855,allotted
Bihar PGMAC,Bihar,2025,R2,NEET_AIR,56986.0,HOSPITAL,Radiodiagnosis,UR,,DEGREE,Bihar__PGMAC Round 2 Seat Allotment.txt,857,allotted
Bihar PGMAC,Bihar,2025,R2,NEET_AIR,56988.0,AND HOSPITAL SAHARSA,General Surgery,UR,,DEGREE,Bihar__PGMAC Round 2 Seat Allotment.txt,860,allotted
Bihar PGMAC,Bihar,2025,R2,NEET_AIR,57004.0,"MGMMC & LSK HOS, KISHANGANJ",General Surgery,UR,,DEGREE,Bihar__PGMAC Round 2 Seat Allotment.txt,862,allotted
Bihar PGMAC,Bihar,2025,R2,NEET_AIR,57458.0,"MGMMC & LSK HOS, KISHANGANJ",Anaesthesiology,UR,,DEGREE,Bihar__PGMAC Round 2 Seat Allotment.txt,864,allotted
Bihar PGMAC,Bihar,2025,R2,NEET_AIR,57613.0,"N.M.C &.H, SASARAM",General Medicine,UR,,DEGREE,Bihar__PGMAC Round 2 Seat Allotment.txt,866,allotted
Bihar PGMAC,Bihar,2025,R2,NEET_AIR,58460.0,"N.M.C &.H, SASARAM",General Surgery,UR,,DEGREE,Bihar__PGMAC Round 2 Seat Allotment.txt,870,allotted
Bihar PGMAC,Bihar,2025,R2,NEET_AIR,58736.0,K.M.C. KATIHAR,DERMATOLOGY,UR,,DEGREE,Bihar__PGMAC Round 2 Seat Allotment.txt,872,allotted
Bihar PGMAC,Bihar,2025,R2,NEET_AIR,58918.0,"N.M.C &.H, SASARAM",Radiodiagnosis,UR,,DEGREE,Bihar__PGMAC Round 2 Seat Allotment.txt,874,allotted
Bihar PGMAC,Bihar,2025,R2,NEET_AIR,59086.0,K.M.C. KATIHAR,OPHTHALMOLOGY,UR,,DEGREE,Bihar__PGMAC Round 2 Seat Allotment.txt,876,allotted
Bihar PGMAC,Bihar,2025,R2,NEET_AIR,59242.0,"COLLEGE & HOSPITAL, SAHARSA",E.N.T.,UR,,DEGREE,Bihar__PGMAC Round 2 Seat Allotment.txt,880,allotted
Bihar PGMAC,Bihar,2025,R2,NEET_AIR,59266.0,"MGMMC & LSK HOS, KISHANGANJ",Paediatrics,UR,,DEGREE,Bihar__PGMAC Round 2 Seat Allotment.txt,882,allotted
Bihar PGMAC,Bihar,2025,R2,NEET_AIR,59445.0,"N.M.C &.H, SASARAM",DERMATOLOGY,UR,,DEGREE,Bihar__PGMAC Round 2 Seat Allotment.txt,884,allotted
Bihar PGMAC,Bihar,2025,R2,NEET_AIR,59515.0,S.K.M.C. MUZAFFARPUR,Pathology,BC,,DEGREE,Bihar__PGMAC Round 2 Seat Allotment.txt,887,allotted
Bihar PGMAC,Bihar,2025,R2,NEET_AIR,59565.0,"COLLEGE & HOSPITAL, SAHARSA",Anaesthesiology,UR,,DEGREE,Bihar__PGMAC Round 2 Seat Allotment.txt,889,allotted
Bihar PGMAC,Bihar,2025,R2,NEET_AIR,59917.0,K.M.C. KATIHAR,General Medicine,MM,,DEGREE,Bihar__PGMAC Round 2 Seat Allotment.txt,891,allotted
Bihar PGMAC,Bihar,2025,R2,NEET_AIR,60010.0,AND HOSPITAL SAHARSA,General Medicine,UR,,DEGREE,Bihar__PGMAC Round 2 Seat Allotment.txt,894,allotted
Bihar PGMAC,Bihar,2025,R2,NEET_AIR,60030.0,"MGMMC & LSK HOS, KISHANGANJ",OBS & GYNAE,UR,,DEGREE,Bihar__PGMAC Round 2 Seat Allotment.txt,896,allotted
Bihar PGMAC,Bihar,2025,R2,NEET_AIR,60339.0,"COLLEGE & HOSPITAL, SAHARSA",Paediatrics,UR,,DEGREE,Bihar__PGMAC Round 2 Seat Allotment.txt,898,allotted
Bihar PGMAC,Bihar,2025,R2,NEET_AIR,60343.0,"COLLEGE & HOSPITAL, SAHARSA",Radiodiagnosis,UR,,DEGREE,Bihar__PGMAC Round 2 Seat Allotment.txt,900,allotted
Bihar PGMAC,Bihar,2025,R2,NEET_AIR,60418.0,"N.M.C &.H, SASARAM",Radiodiagnosis,UR,,DEGREE,Bihar__PGMAC Round 2 Seat Allotment.txt,902,allotted
Bihar PGMAC,Bihar,2025,R2,NEET_AIR,60466.0,"COLLEGE & HOSPITAL, SAHARSA",Anaesthesiology,UR,,DEGREE,Bihar__PGMAC Round 2 Seat Allotment.txt,904,allotted
Bihar PGMAC,Bihar,2025,R2,NEET_AIR,60990.0,"COLLEGE & HOSPITAL, SAHARSA",Radiodiagnosis,UR,,DEGREE,Bihar__PGMAC Round 2 Seat Allotment.txt,906,allotted
Bihar PGMAC,Bihar,2025,R2,NEET_AIR,61312.0,"N.M.C &.H, SASARAM",E.N.T.,UR,,DEGREE,Bihar__PGMAC Round 2 Seat Allotment.txt,908,allotted
Bihar PGMAC,Bihar,2025,R2,NEET_AIR,61769.0,MADHUBANI,DERMATOLOGY,MM,,DEGREE,Bihar__PGMAC Round 2 Seat Allotment.txt,910,allotted
Bihar PGMAC,Bihar,2025,R2,NEET_AIR,61919.0,N.M.C. PATNA,MEDICINE,BC,,DEGREE,Bihar__PGMAC Round 2 Seat Allotment.txt,913,allotted
Bihar PGMAC,Bihar,2025,R2,NEET_AIR,62088.0,"MGMMC & LSK HOS, KISHANGANJ",Orthopaedics,UR,,DEGREE,Bihar__PGMAC Round 2 Seat Allotment.txt,915,allotted
Bihar PGMAC,Bihar,2025,R2,NEET_AIR,62161.0,K.M.C. KATIHAR,Paediatrics,UR,,DEGREE,Bihar__PGMAC Round 2 Seat Allotment.txt,917,allotted
Bihar PGMAC,Bihar,2025,R2,NEET_AIR,62286.0,MADHUBANI,General Medicine,MM,,DEGREE,Bihar__PGMAC Round 2 Seat Allotment.txt,919,allotted
Bihar PGMAC,Bihar,2025,R2,NEET_AIR,62356.0,S.K.M.C. MUZAFFARPUR,MEDICINE,BC,,DEGREE,Bihar__PGMAC Round 2 Seat Allotment.txt,922,allotted
Bihar PGMAC,Bihar,2025,R2,NEET_AIR,62436.0,K.M.C. KATIHAR,Pathology,MM,,DEGREE,Bihar__PGMAC Round 2 Seat Allotment.txt,924,allotted
Bihar PGMAC,Bihar,2025,R2,NEET_AIR,62479.0,"MGMMC & LSK HOS, KISHANGANJ",Anaesthesiology,UR,,DEGREE,Bihar__PGMAC Round 2 Seat Allotment.txt,926,allotted
Bihar PGMAC,Bihar,2025,R2,NEET_AIR,62679.0,"COLLEGE & HOSPITAL, SAHARSA",Anaesthesiology,UR,,DEGREE,Bihar__PGMAC Round 2 Seat Allotment.txt,928,allotted
Bihar PGMAC,Bihar,2025,R2,NEET_AIR,62697.0,"B.M.I.M.S,PAWAPURI, NALANDA",Pathology,EBC,,DEGREE,Bihar__PGMAC Round 2 Seat Allotment.txt,931,allotted
Bihar PGMAC,Bihar,2025,R2,NEET_AIR,62804.0,"N.M.C &.H, SASARAM",OBS & GYNAE,UR,,DEGREE,Bihar__PGMAC Round 2 Seat Allotment.txt,933,allotted
Bihar PGMAC,Bihar,2025,R2,NEET_AIR,62865.0,K.M.C. KATIHAR,General Surgery,UR,,DEGREE,Bihar__PGMAC Round 2 Seat Allotment.txt,935,allotted
Bihar PGMAC,Bihar,2025,R2,NEET_AIR,63033.0,"COLLEGE & HOSPITAL, SAHARSA",Paediatrics,UR,,DEGREE,Bihar__PGMAC Round 2 Seat Allotment.txt,937,allotted
Bihar PGMAC,Bihar,2025,R2,NEET_AIR,63202.0,"N.M.C &.H, SASARAM",General Medicine,UR,,DEGREE,Bihar__PGMAC Round 2 Seat Allotment.txt,939,allotted
Bihar PGMAC,Bihar,2025,R2,NEET_AIR,63229.0,HOSPITAL,OBS & GYNAE,UR,,DEGREE,Bihar__PGMAC Round 2 Seat Allotment.txt,941,allotted
Bihar PGMAC,Bihar,2025,R2,NEET_AIR,63267.0,"N.M.C &.H, SASARAM",E.N.T.,UR,,DEGREE,Bihar__PGMAC Round 2 Seat Allotment.txt,943,allotted
Bihar PGMAC,Bihar,2025,R2,NEET_AIR,63278.0,"COLLEGE & HOSPITAL, SAHARSA",Anaesthesiology,UR,,DEGREE,Bihar__PGMAC Round 2 Seat Allotment.txt,945,allotted
Bihar PGMAC,Bihar,2025,R2,NEET_AIR,63296.0,MADHUBANI,General Medicine,MM,,DEGREE,Bihar__PGMAC Round 2 Seat Allotment.txt,947,allotted
Bihar PGMAC,Bihar,2025,R2,NEET_AIR,63301.0,HOSPITAL,General Surgery,UR,,DEGREE,Bihar__PGMAC Round 2 Seat Allotment.txt,949,allotted
Bihar PGMAC,Bihar,2025,R2,NEET_AIR,63846.0,K.M.C. KATIHAR,Anaesthesiology,UR,,DEGREE,Bihar__PGMAC Round 2 Seat Allotment.txt,951,allotted
Bihar PGMAC,Bihar,2025,R2,NEET_AIR,63938.0,"MGMMC & LSK HOS, KISHANGANJ",DERMATOLOGY,SM,,DEGREE,Bihar__PGMAC Round 2 Seat Allotment.txt,953,allotted
Bihar PGMAC,Bihar,2025,R2,NEET_AIR,63990.0,"N.M.C &.H, SASARAM",Radiodiagnosis,UR,,DEGREE,Bihar__PGMAC Round 2 Seat Allotment.txt,955,allotted
Bihar PGMAC,Bihar,2025,R2,NEET_AIR,64028.0,K.M.C. KATIHAR,Radiodiagnosis,UR,,DEGREE,Bihar__PGMAC Round 2 Seat Allotment.txt,957,allotted
Bihar PGMAC,Bihar,2025,R2,NEET_AIR,64364.0,MADHUBANI,DERMATOLOGY,UR,,DEGREE,Bihar__PGMAC Round 2 Seat Allotment.txt,959,allotted
Bihar PGMAC,Bihar,2025,R2,NEET_AIR,64476.0,K.M.C. KATIHAR,Psychiatry,UR,,DEGREE,Bihar__PGMAC Round 2 Seat Allotment.txt,961,allotted
Bihar PGMAC,Bihar,2025,R2,NEET_AIR,64535.0,"MGMMC & LSK HOS, KISHANGANJ",Radiodiagnosis,NRI,,DEGREE,Bihar__PGMAC Round 2 Seat Allotment.txt,963,allotted
Bihar PGMAC,Bihar,2025,R2,NEET_AIR,64655.0,HOSPITAL,Psychiatry,UR,,DEGREE,Bihar__PGMAC Round 2 Seat Allotment.txt,969,allotted
Bihar PGMAC,Bihar,2025,R2,NEET_AIR,64692.0,"MGMMC & LSK HOS, KISHANGANJ",OBS & GYNAE,UR,,DEGREE,Bihar__PGMAC Round 2 Seat Allotment.txt,971,allotted
Bihar PGMAC,Bihar,2025,R2,NEET_AIR,64774.0,HOSPITAL,OBS & GYNAE,UR,,DEGREE,Bihar__PGMAC Round 2 Seat Allotment.txt,973,allotted
Bihar PGMAC,Bihar,2025,R2,NEET_AIR,64826.0,HOSPITAL,E.N.T.,UR,,DEGREE,Bihar__PGMAC Round 2 Seat Allotment.txt,975,allotted
Bihar PGMAC,Bihar,2025,R2,NEET_AIR,64873.0,K.M.C. KATIHAR,DERMATOLOGY,MM,,DEGREE,Bihar__PGMAC Round 2 Seat Allotment.txt,977,allotted
Bihar PGMAC,Bihar,2025,R2,NEET_AIR,65319.0,K.M.C. KATIHAR,General Surgery,MM,,DEGREE,Bihar__PGMAC Round 2 Seat Allotment.txt,979,allotted
Bihar PGMAC,Bihar,2025,R2,NEET_AIR,65675.0,K.M.C. KATIHAR,Radiodiagnosis,UR,,DEGREE,Bihar__PGMAC Round 2 Seat Allotment.txt,983,allotted
Bihar PGMAC,Bihar,2025,R2,NEET_AIR,65740.0,I.G.I.M.S. PATNA,Microbiology,BC,,DEGREE,Bihar__PGMAC Round 2 Seat Allotment.txt,986,allotted
Bihar PGMAC,Bihar,2025,R2,NEET_AIR,65784.0,"MGMMC & LSK HOS, KISHANGANJ",OBS & GYNAE,UR,,DEGREE,Bihar__PGMAC Round 2 Seat Allotment.txt,988,allotted
Bihar PGMAC,Bihar,2025,R2,NEET_AIR,65800.0,AND HOSPITAL SAHARSA,Anaesthesiology,UR,,DEGREE,Bihar__PGMAC Round 2 Seat Allotment.txt,991,allotted
Bihar PGMAC,Bihar,2025,R2,NEET_AIR,66093.0,K.M.C. KATIHAR,OPHTHALMOLOGY,MM,,DEGREE,Bihar__PGMAC Round 2 Seat Allotment.txt,993,allotted
Bihar PGMAC,Bihar,2025,R2,NEET_AIR,66248.0,HOSPITAL,Paediatrics,UR,,DEGREE,Bihar__PGMAC Round 2 Seat Allotment.txt,995,allotted
Bihar PGMAC,Bihar,2025,R2,NEET_AIR,66413.0,"N.M.C &.H, SASARAM",DERMATOLOGY,UR,,DEGREE,Bihar__PGMAC Round 2 Seat Allotment.txt,999,allotted
Bihar PGMAC,Bihar,2025,R2,NEET_AIR,66528.0,K.M.C. KATIHAR,Anaesthesiology,UR,,DEGREE,Bihar__PGMAC Round 2 Seat Allotment.txt,1001,allotted
Bihar PGMAC,Bihar,2025,R2,NEET_AIR,66562.0,HOSPITAL,Radiodiagnosis,NRI,,DEGREE,Bihar__PGMAC Round 2 Seat Allotment.txt,1003,allotted
Bihar PGMAC,Bihar,2025,R2,NEET_AIR,67094.0,HOSPITAL,E.N.T.,UR,,DEGREE,Bihar__PGMAC Round 2 Seat Allotment.txt,1007,allotted
Bihar PGMAC,Bihar,2025,R2,NEET_AIR,67789.0,HOSPITAL,Paediatrics,UR,,DEGREE,Bihar__PGMAC Round 2 Seat Allotment.txt,1009,allotted
Bihar PGMAC,Bihar,2025,R2,NEET_AIR,67841.0,I.G.I.M.S. PATNA,MEDICINE,SC,,DEGREE,Bihar__PGMAC Round 2 Seat Allotment.txt,1011,allotted
Bihar PGMAC,Bihar,2025,R2,NEET_AIR,68391.0,K.M.C. KATIHAR,MEDICINE,MM,,DEGREE,Bihar__PGMAC Round 2 Seat Allotment.txt,1015,allotted
Bihar PGMAC,Bihar,2025,R2,NEET_AIR,68423.0,"N.M.C &.H, SASARAM",Anaesthesiology,UR,,DEGREE,Bihar__PGMAC Round 2 Seat Allotment.txt,1017,allotted
Bihar PGMAC,Bihar,2025,R2,NEET_AIR,68563.0,P.M.C.PATNA,Microbiology,EBC,,DEGREE,Bihar__PGMAC Round 2 Seat Allotment.txt,1019,allotted
Bihar PGMAC,Bihar,2025,R2,NEET_AIR,68611.0,MADHUBANI,Paediatrics,UR,,DEGREE,Bihar__PGMAC Round 2 Seat Allotment.txt,1021,allotted
Bihar PGMAC,Bihar,2025,R2,NEET_AIR,68619.0,AND HOSPITAL SAHARSA,Radiodiagnosis,UR,,DEGREE,Bihar__PGMAC Round 2 Seat Allotment.txt,1024,allotted
Bihar PGMAC,Bihar,2025,R2,NEET_AIR,68910.0,"MGMMC & LSK HOS, KISHANGANJ",OBS & GYNAE,SM,,DEGREE,Bihar__PGMAC Round 2 Seat Allotment.txt,1026,allotted
Bihar PGMAC,Bihar,2025,R2,NEET_AIR,69165.0,HOSPITAL TURKI MUZAFFARPUR,OBS & GYNAE,UR,,DEGREE,Bihar__PGMAC Round 2 Seat Allotment.txt,1028,allotted
Bihar PGMAC,Bihar,2025,R2,NEET_AIR,69225.0,P.M.C.PATNA,Pathology,SC,,DEGREE,Bihar__PGMAC Round 2 Seat Allotment.txt,1031,allotted
Bihar PGMAC,Bihar,2025,R2,NEET_AIR,69757.0,MADHUBANI,OBS & GYNAE,MM,,DEGREE,Bihar__PGMAC Round 2 Seat Allotment.txt,1033,allotted
Bihar PGMAC,Bihar,2025,R2,NEET_AIR,69817.0,MADHUBANI,OBS & GYNAE,UR,,DEGREE,Bihar__PGMAC Round 2 Seat Allotment.txt,1035,allotted
Bihar PGMAC,Bihar,2025,R2,NEET_AIR,70049.0,MADHUBANI,Radiodiagnosis,MM,,DEGREE,Bihar__PGMAC Round 2 Seat Allotment.txt,1037,allotted
Bihar PGMAC,Bihar,2025,R2,NEET_AIR,70188.0,K.M.C. KATIHAR,Pathology,UR,,DEGREE,Bihar__PGMAC Round 2 Seat Allotment.txt,1039,allotted
Bihar PGMAC,Bihar,2025,R2,NEET_AIR,70415.0,AND HOSPITAL SAHARSA,OBS & GYNAE,UR,,DEGREE,Bihar__PGMAC Round 2 Seat Allotment.txt,1042,allotted
Bihar PGMAC,Bihar,2025,R2,NEET_AIR,70457.0,K.M.C. KATIHAR,Anaesthesiology,UR,,DEGREE,Bihar__PGMAC Round 2 Seat Allotment.txt,1044,allotted
Bihar PGMAC,Bihar,2025,R2,NEET_AIR,70473.0,HOSPITAL,Anaesthesiology,UR,,DEGREE,Bihar__PGMAC Round 2 Seat Allotment.txt,1046,allotted
Bihar PGMAC,Bihar,2025,R2,NEET_AIR,70578.0,MADHUBANI,E.N.T.,UR,,DEGREE,Bihar__PGMAC Round 2 Seat Allotment.txt,1048,allotted
Bihar PGMAC,Bihar,2025,R2,NEET_AIR,70608.0,"MGMMC & LSK HOS, KISHANGANJ",Pathology,SM,,DEGREE,Bihar__PGMAC Round 2 Seat Allotment.txt,1050,allotted
Bihar PGMAC,Bihar,2025,R2,NEET_AIR,70994.0,"MGMMC & LSK HOS, KISHANGANJ",Orthopaedics,UR,,DEGREE,Bihar__PGMAC Round 2 Seat Allotment.txt,1052,allotted
Bihar PGMAC,Bihar,2025,R2,NEET_AIR,71336.0,"N.M.C &.H, SASARAM",Anaesthesiology,UR,,DEGREE,Bihar__PGMAC Round 2 Seat Allotment.txt,1054,allotted
Bihar PGMAC,Bihar,2025,R2,NEET_AIR,71400.0,"MGMMC & LSK HOS, KISHANGANJ",Anaesthesiology,SM,,DEGREE,Bihar__PGMAC Round 2 Seat Allotment.txt,1058,allotted
Bihar PGMAC,Bihar,2025,R2,NEET_AIR,71411.0,"COLLEGE & HOSPITAL, SAHARSA",E.N.T.,UR,,DEGREE,Bihar__PGMAC Round 2 Seat Allotment.txt,1060,allotted
Bihar PGMAC,Bihar,2025,R2,NEET_AIR,71572.0,"MGMMC & LSK HOS, KISHANGANJ",OPHTHALMOLOGY,SM,,DEGREE,Bihar__PGMAC Round 2 Seat Allotment.txt,1064,allotted
Bihar PGMAC,Bihar,2025,R2,NEET_AIR,71631.0,I.G.I.M.S. PATNA,Microbiology,BC,,DEGREE,Bihar__PGMAC Round 2 Seat Allotment.txt,1067,allotted
Bihar PGMAC,Bihar,2025,R2,NEET_AIR,71853.0,K.M.C. KATIHAR,Radiodiagnosis,MM,,DEGREE,Bihar__PGMAC Round 2 Seat Allotment.txt,1069,allotted
Bihar PGMAC,Bihar,2025,R2,NEET_AIR,71865.0,AND HOSPITAL SAHARSA,Anaesthesiology,UR,,DEGREE,Bihar__PGMAC Round 2 Seat Allotment.txt,1072,allotted
Bihar PGMAC,Bihar,2025,R2,NEET_AIR,71917.0,HOSPITAL,DERMATOLOGY,UR,,DEGREE,Bihar__PGMAC Round 2 Seat Allotment.txt,1076,allotted
Bihar PGMAC,Bihar,2025,R2,NEET_AIR,72083.0,MADHUBANI,General Medicine,MM,,DEGREE,Bihar__PGMAC Round 2 Seat Allotment.txt,1078,allotted
Bihar PGMAC,Bihar,2025,R2,NEET_AIR,72306.0,I.G.I.M.S. PATNA,Microbiology,BC,,DEGREE,Bihar__PGMAC Round 2 Seat Allotment.txt,1081,allotted
Bihar PGMAC,Bihar,2025,R2,NEET_AIR,72481.0,"B.M.I.M.S,PAWAPURI, NALANDA",Pathology,EBC,,DEGREE,Bihar__PGMAC Round 2 Seat Allotment.txt,1084,allotted
Bihar PGMAC,Bihar,2025,R2,NEET_AIR,72614.0,"MGMMC & LSK HOS, KISHANGANJ",Orthopaedics,UR,,DEGREE,Bihar__PGMAC Round 2 Seat Allotment.txt,1090,allotted
Bihar PGMAC,Bihar,2025,R2,NEET_AIR,72909.0,"N.M.C &.H, SASARAM",Paediatrics,UR,,DEGREE,Bihar__PGMAC Round 2 Seat Allotment.txt,1092,allotted
Bihar PGMAC,Bihar,2025,R2,NEET_AIR,72966.0,HOSPITAL TURKI MUZAFFARPUR,OBS & GYNAE,UR,,DEGREE,Bihar__PGMAC Round 2 Seat Allotment.txt,1094,allotted
Bihar PGMAC,Bihar,2025,R2,NEET_AIR,73062.0,K.M.C. KATIHAR,Anaesthesiology,MM,,DEGREE,Bihar__PGMAC Round 2 Seat Allotment.txt,1096,allotted
Bihar PGMAC,Bihar,2025,R2,NEET_AIR,73232.0,K.M.C. KATIHAR,Paediatrics,UR,,DEGREE,Bihar__PGMAC Round 2 Seat Allotment.txt,1098,allotted
Bihar PGMAC,Bihar,2025,R2,NEET_AIR,73593.0,K.M.C. KATIHAR,General Medicine,MM,,DEGREE,Bihar__PGMAC Round 2 Seat Allotment.txt,1102,allotted
Bihar PGMAC,Bihar,2025,R2,NEET_AIR,73729.0,HOSPITAL,Psychiatry,UR,,DEGREE,Bihar__PGMAC Round 2 Seat Allotment.txt,1104,allotted
Bihar PGMAC,Bihar,2025,R2,NEET_AIR,74009.0,HOSPITAL,DERMATOLOGY,UR,,DEGREE,Bihar__PGMAC Round 2 Seat Allotment.txt,1106,allotted
Bihar PGMAC,Bihar,2025,R2,NEET_AIR,74161.0,I.G.I.M.S. PATNA,Pharmacology,EBC,,DEGREE,Bihar__PGMAC Round 2 Seat Allotment.txt,1109,allotted
Bihar PGMAC,Bihar,2025,R2,NEET_AIR,74364.0,I.G.I.M.S. PATNA,Pathology,SC,,DEGREE,Bihar__PGMAC Round 2 Seat Allotment.txt,1111,allotted
Bihar PGMAC,Bihar,2025,R2,NEET_AIR,74549.0,HOSPITAL,General Surgery,UR,,DEGREE,Bihar__PGMAC Round 2 Seat Allotment.txt,1113,allotted
Bihar PGMAC,Bihar,2025,R2,NEET_AIR,74621.0,HOSPITAL TURKI MUZAFFARPUR,E.N.T.,UR,,DEGREE,Bihar__PGMAC Round 2 Seat Allotment.txt,1115,allotted
Bihar PGMAC,Bihar,2025,R2,NEET_AIR,74804.0,MADHUBANI,Paediatrics,MM,,DEGREE,Bihar__PGMAC Round 2 Seat Allotment.txt,1117,allotted
Bihar PGMAC,Bihar,2025,R2,NEET_AIR,75099.0,HOSPITAL,General Surgery,UR,,DEGREE,Bihar__PGMAC Round 2 Seat Allotment.txt,1119,allotted
Bihar PGMAC,Bihar,2025,R2,NEET_AIR,75409.0,MADHUBANI,Orthopaedics,UR,,DEGREE,Bihar__PGMAC Round 2 Seat Allotment.txt,1121,allotted
Bihar PGMAC,Bihar,2025,R2,NEET_AIR,75561.0,MADHUBANI,OBS & GYNAE,UR,,DEGREE,Bihar__PGMAC Round 2 Seat Allotment.txt,1123,allotted
Bihar PGMAC,Bihar,2025,R2,NEET_AIR,75645.0,"N.M.C &.H, SASARAM",OBS & GYNAE,UR,,DEGREE,Bihar__PGMAC Round 2 Seat Allotment.txt,1125,allotted
Bihar PGMAC,Bihar,2025,R2,NEET_AIR,75836.0,"N.M.C &.H, SASARAM",Anaesthesiology,UR,,DEGREE,Bihar__PGMAC Round 2 Seat Allotment.txt,1127,allotted
Bihar PGMAC,Bihar,2025,R2,NEET_AIR,75848.0,"N.M.C &.H, SASARAM",Anaesthesiology,UR,,DEGREE,Bihar__PGMAC Round 2 Seat Allotment.txt,1129,allotted
Bihar PGMAC,Bihar,2025,R2,NEET_AIR,76127.0,"N.M.C &.H, SASARAM",General Surgery,UR,,DEGREE,Bihar__PGMAC Round 2 Seat Allotment.txt,1131,allotted
Bihar PGMAC,Bihar,2025,R2,NEET_AIR,76149.0,AND HOSPITAL SAHARSA,Anaesthesiology,UR,,DEGREE,Bihar__PGMAC Round 2 Seat Allotment.txt,1134,allotted
Bihar PGMAC,Bihar,2025,R2,NEET_AIR,76369.0,K.M.C. KATIHAR,Anaesthesiology,MM,,DEGREE,Bihar__PGMAC Round 2 Seat Allotment.txt,1136,allotted
Bihar PGMAC,Bihar,2025,R2,NEET_AIR,76719.0,AND HOSPITAL SAHARSA,Anaesthesiology,UR,,DEGREE,Bihar__PGMAC Round 2 Seat Allotment.txt,1141,allotted
Bihar PGMAC,Bihar,2025,R2,NEET_AIR,76811.0,HOSPITAL,Anaesthesiology,UR,,DEGREE,Bihar__PGMAC Round 2 Seat Allotment.txt,1143,allotted
Bihar PGMAC,Bihar,2025,R2,NEET_AIR,77394.0,"N.M.C &.H, SASARAM",Anaesthesiology,UR,,DEGREE,Bihar__PGMAC Round 2 Seat Allotment.txt,1145,allotted
Bihar PGMAC,Bihar,2025,R2,NEET_AIR,77485.0,"N.M.C &.H, SASARAM",Paediatrics,UR,,DEGREE,Bihar__PGMAC Round 2 Seat Allotment.txt,1147,allotted
Bihar PGMAC,Bihar,2025,R2,NEET_AIR,77592.0,"MGMMC & LSK HOS, KISHANGANJ",Orthopaedics,UR,,DEGREE,Bihar__PGMAC Round 2 Seat Allotment.txt,1149,allotted
Bihar PGMAC,Bihar,2025,R2,NEET_AIR,77872.0,"N.M.C &.H, SASARAM",Anaesthesiology,UR,,DEGREE,Bihar__PGMAC Round 2 Seat Allotment.txt,1151,allotted
Bihar PGMAC,Bihar,2025,R2,NEET_AIR,78050.0,"MGMMC & LSK HOS, KISHANGANJ",Orthopaedics,UR,,DEGREE,Bihar__PGMAC Round 2 Seat Allotment.txt,1153,allotted
Bihar PGMAC,Bihar,2025,R2,NEET_AIR,78312.0,MADHUBANI,OBS & GYNAE,UR,,DEGREE,Bihar__PGMAC Round 2 Seat Allotment.txt,1155,allotted
Bihar PGMAC,Bihar,2025,R2,NEET_AIR,78414.0,"N.M.C &.H, SASARAM",OBS & GYNAE,UR,,DEGREE,Bihar__PGMAC Round 2 Seat Allotment.txt,1157,allotted
Bihar PGMAC,Bihar,2025,R2,NEET_AIR,78852.0,HOSPITAL TURKI MUZAFFARPUR,Anaesthesiology,UR,,DEGREE,Bihar__PGMAC Round 2 Seat Allotment.txt,1159,allotted
Bihar PGMAC,Bihar,2025,R2,NEET_AIR,78951.0,D.M.C.LAHERIASARAI,MEDICINE,BC,,DEGREE,Bihar__PGMAC Round 2 Seat Allotment.txt,1162,allotted
Bihar PGMAC,Bihar,2025,R2,NEET_AIR,79329.0,"N.M.C &.H, SASARAM",Anaesthesiology,UR,,DEGREE,Bihar__PGMAC Round 2 Seat Allotment.txt,1164,allotted
Bihar PGMAC,Bihar,2025,R2,NEET_AIR,79520.0,D.M.C.LAHERIASARAI,MEDICINE,BC,,DEGREE,Bihar__PGMAC Round 2 Seat Allotment.txt,1167,allotted
Bihar PGMAC,Bihar,2025,R2,NEET_AIR,79703.0,HOSPITAL TURKI MUZAFFARPUR,E.N.T.,UR,,DEGREE,Bihar__PGMAC Round 2 Seat Allotment.txt,1169,allotted
Bihar PGMAC,Bihar,2025,R2,NEET_AIR,80185.0,HOSPITAL,Anaesthesiology,UR,,DEGREE,Bihar__PGMAC Round 2 Seat Allotment.txt,1171,allotted
Bihar PGMAC,Bihar,2025,R2,NEET_AIR,80212.0,K.M.C. KATIHAR,OBS & GYNAE,UR,,DEGREE,Bihar__PGMAC Round 2 Seat Allotment.txt,1173,allotted
Bihar PGMAC,Bihar,2025,R2,NEET_AIR,80391.0,HOSPITAL TURKI MUZAFFARPUR,OBS & GYNAE,UR,,DEGREE,Bihar__PGMAC Round 2 Seat Allotment.txt,1175,allotted
Bihar PGMAC,Bihar,2025,R2,NEET_AIR,80407.0,"N.M.C &.H, SASARAM",Paediatrics,UR,,DEGREE,Bihar__PGMAC Round 2 Seat Allotment.txt,1177,allotted
Bihar PGMAC,Bihar,2025,R2,NEET_AIR,80471.0,HOSPITAL,Anaesthesiology,UR,,DEGREE,Bihar__PGMAC Round 2 Seat Allotment.txt,1179,allotted
Bihar PGMAC,Bihar,2025,R2,NEET_AIR,80604.0,MADHUBANI,OBS & GYNAE,MM,,DEGREE,Bihar__PGMAC Round 2 Seat Allotment.txt,1181,allotted
Bihar PGMAC,Bihar,2025,R2,NEET_AIR,80633.0,"N.M.C &.H, SASARAM",General Medicine,NRI,,DEGREE,Bihar__PGMAC Round 2 Seat Allotment.txt,1183,allotted
Bihar PGMAC,Bihar,2025,R2,NEET_AIR,80670.0,AND HOSPITAL SAHARSA,DERMATOLOGY,UR,,DEGREE,Bihar__PGMAC Round 2 Seat Allotment.txt,1186,allotted
Bihar PGMAC,Bihar,2025,R2,NEET_AIR,81542.0,"COLLEGE & HOSPITAL, SAHARSA",MEDICINE,UR,,DEGREE,Bihar__PGMAC Round 2 Seat Allotment.txt,1190,allotted
Bihar PGMAC,Bihar,2025,R2,NEET_AIR,81982.0,"N.M.C &.H, SASARAM",General Surgery,UR,,DEGREE,Bihar__PGMAC Round 2 Seat Allotment.txt,1194,allotted
Bihar PGMAC,Bihar,2025,R2,NEET_AIR,81992.0,"N.M.C &.H, SASARAM",Anaesthesiology,UR,,DEGREE,Bihar__PGMAC Round 2 Seat Allotment.txt,1196,allotted
Bihar PGMAC,Bihar,2025,R2,NEET_AIR,82040.0,AND HOSPITAL SAHARSA,Paediatrics,UR,,DEGREE,Bihar__PGMAC Round 2 Seat Allotment.txt,1199,allotted
Bihar PGMAC,Bihar,2025,R2,NEET_AIR,82578.0,AND HOSPITAL SAHARSA,General Surgery,UR,,DEGREE,Bihar__PGMAC Round 2 Seat Allotment.txt,1204,allotted
Bihar PGMAC,Bihar,2025,R2,NEET_AIR,82817.0,AND HOSPITAL SAHARSA,OBS & GYNAE,UR,,DEGREE,Bihar__PGMAC Round 2 Seat Allotment.txt,1211,allotted
Bihar PGMAC,Bihar,2025,R2,NEET_AIR,82874.0,HOSPITAL,General Surgery,UR,,DEGREE,Bihar__PGMAC Round 2 Seat Allotment.txt,1213,allotted
Bihar PGMAC,Bihar,2025,R2,NEET_AIR,83617.0,"N.M.C &.H, SASARAM",OBS & GYNAE,UR,,DEGREE,Bihar__PGMAC Round 2 Seat Allotment.txt,1220,allotted
Bihar PGMAC,Bihar,2025,R2,NEET_AIR,84068.0,AND HOSPITAL SAHARSA,Paediatrics,UR,,DEGREE,Bihar__PGMAC Round 2 Seat Allotment.txt,1223,allotted
Bihar PGMAC,Bihar,2025,R2,NEET_AIR,84215.0,"MGMMC & LSK HOS, KISHANGANJ",Anaesthesiology,SM,,DEGREE,Bihar__PGMAC Round 2 Seat Allotment.txt,1225,allotted
Bihar PGMAC,Bihar,2025,R2,NEET_AIR,84286.0,"N.M.C &.H, SASARAM",Anaesthesiology,UR,,DEGREE,Bihar__PGMAC Round 2 Seat Allotment.txt,1227,allotted
Bihar PGMAC,Bihar,2025,R2,NEET_AIR,84484.0,HOSPITAL,Anaesthesiology,UR,,DEGREE,Bihar__PGMAC Round 2 Seat Allotment.txt,1229,allotted
Bihar PGMAC,Bihar,2025,R2,NEET_AIR,84548.0,K.M.C. KATIHAR,MEDICINE,UR,,DEGREE,Bihar__PGMAC Round 2 Seat Allotment.txt,1231,allotted
Bihar PGMAC,Bihar,2025,R2,NEET_AIR,84660.0,AND HOSPITAL SAHARSA,DERMATOLOGY,UR,,DEGREE,Bihar__PGMAC Round 2 Seat Allotment.txt,1234,allotted
Bihar PGMAC,Bihar,2025,R2,NEET_AIR,84874.0,"COLLEGE & HOSPITAL, SAHARSA",OPHTHALMOLOGY,UR,,DEGREE,Bihar__PGMAC Round 2 Seat Allotment.txt,1236,allotted
Bihar PGMAC,Bihar,2025,R2,NEET_AIR,85131.0,MADHUBANI,General Surgery,UR,,DEGREE,Bihar__PGMAC Round 2 Seat Allotment.txt,1238,allotted
Bihar PGMAC,Bihar,2025,R2,NEET_AIR,85135.0,"N.M.C &.H, SASARAM",OBS & GYNAE,UR,,DEGREE,Bihar__PGMAC Round 2 Seat Allotment.txt,1240,allotted
Bihar PGMAC,Bihar,2025,R2,NEET_AIR,85332.0,MADHUBANI,Anaesthesiology,UR,,DEGREE,Bihar__PGMAC Round 2 Seat Allotment.txt,1242,allotted
Bihar PGMAC,Bihar,2025,R2,NEET_AIR,85715.0,"N.M.C &.H, SASARAM",Paediatrics,UR,,DEGREE,Bihar__PGMAC Round 2 Seat Allotment.txt,1244,allotted
Bihar PGMAC,Bihar,2025,R2,NEET_AIR,85813.0,J.L.N.M.C. BHAGALPUR,Microbiology,BC,,DEGREE,Bihar__PGMAC Round 2 Seat Allotment.txt,1247,allotted
Bihar PGMAC,Bihar,2025,R2,NEET_AIR,85834.0,"N.M.C &.H, SASARAM",Paediatrics,UR,,DEGREE,Bihar__PGMAC Round 2 Seat Allotment.txt,1249,allotted
Bihar PGMAC,Bihar,2025,R2,NEET_AIR,85921.0,HOSPITAL,E.N.T.,UR,,DEGREE,Bihar__PGMAC Round 2 Seat Allotment.txt,1251,allotted
Bihar PGMAC,Bihar,2025,R2,NEET_AIR,85956.0,MADHUBANI,Anaesthesiology,UR,,DEGREE,Bihar__PGMAC Round 2 Seat Allotment.txt,1253,allotted
Bihar PGMAC,Bihar,2025,R2,NEET_AIR,86002.0,D.M.C.LAHERIASARAI,MEDICINE,EWS,,DEGREE,Bihar__PGMAC Round 2 Seat Allotment.txt,1255,allotted
Bihar PGMAC,Bihar,2025,R2,NEET_AIR,86077.0,HOSPITAL TURKI MUZAFFARPUR,OPHTHALMOLOGY,UR,,DEGREE,Bihar__PGMAC Round 2 Seat Allotment.txt,1257,allotted
Bihar PGMAC,Bihar,2025,R2,NEET_AIR,86171.0,"MGMMC & LSK HOS, KISHANGANJ",OPHTHALMOLOGY,SM,,DEGREE,Bihar__PGMAC Round 2 Seat Allotment.txt,1259,allotted
Bihar PGMAC,Bihar,2025,R2,NEET_AIR,86461.0,HOSPITAL TURKI MUZAFFARPUR,E.N.T.,UR,,DEGREE,Bihar__PGMAC Round 2 Seat Allotment.txt,1261,allotted
Bihar PGMAC,Bihar,2025,R2,NEET_AIR,86540.0,HOSPITAL,General Surgery,UR,,DEGREE,Bihar__PGMAC Round 2 Seat Allotment.txt,1263,allotted
Bihar PGMAC,Bihar,2025,R2,NEET_AIR,86552.0,P.M.C.PATNA,Pharmacology,BC,,DEGREE,Bihar__PGMAC Round 2 Seat Allotment.txt,1265,allotted
Bihar PGMAC,Bihar,2025,R2,NEET_AIR,86931.0,"N.M.C &.H, SASARAM",Orthopaedics,UR,,DEGREE,Bihar__PGMAC Round 2 Seat Allotment.txt,1267,allotted
Bihar PGMAC,Bihar,2025,R2,NEET_AIR,87142.0,HOSPITAL,General Surgery,UR,,DEGREE,Bihar__PGMAC Round 2 Seat Allotment.txt,1269,allotted
Bihar PGMAC,Bihar,2025,R2,NEET_AIR,87295.0,"MGMMC & LSK HOS, KISHANGANJ",DERMATOLOGY,NRI,,DEGREE,Bihar__PGMAC Round 2 Seat Allotment.txt,1271,allotted
Bihar PGMAC,Bihar,2025,R2,NEET_AIR,87310.0,AND HOSPITAL SAHARSA,Paediatrics,UR,,DEGREE,Bihar__PGMAC Round 2 Seat Allotment.txt,1274,allotted
Bihar PGMAC,Bihar,2025,R2,NEET_AIR,87337.0,HOSPITAL,Psychiatry,UR,,DEGREE,Bihar__PGMAC Round 2 Seat Allotment.txt,1276,allotted
Bihar PGMAC,Bihar,2025,R2,NEET_AIR,87402.0,MADHUBANI,Anaesthesiology,MM,,DEGREE,Bihar__PGMAC Round 2 Seat Allotment.txt,1278,allotted
Bihar PGMAC,Bihar,2025,R2,NEET_AIR,87965.0,MADHUBANI,OPHTHALMOLOGY,UR,,DEGREE,Bihar__PGMAC Round 2 Seat Allotment.txt,1280,allotted
Bihar PGMAC,Bihar,2025,R2,NEET_AIR,87984.0,AND HOSPITAL SAHARSA,General Surgery,UR,,DEGREE,Bihar__PGMAC Round 2 Seat Allotment.txt,1285,allotted
Bihar PGMAC,Bihar,2025,R2,NEET_AIR,88172.0,HOSPITAL,DERMATOLOGY,UR,,DEGREE,Bihar__PGMAC Round 2 Seat Allotment.txt,1287,allotted
Bihar PGMAC,Bihar,2025,R2,NEET_AIR,88208.0,MADHUBANI,Paediatrics,MM,,DEGREE,Bihar__PGMAC Round 2 Seat Allotment.txt,1289,allotted
Bihar PGMAC,Bihar,2025,R2,NEET_AIR,88458.0,K.M.C. KATIHAR,Paediatrics,MM,,DEGREE,Bihar__PGMAC Round 2 Seat Allotment.txt,1291,allotted
Bihar PGMAC,Bihar,2025,R2,NEET_AIR,88480.0,I.G.I.M.S. PATNA,F.M.T.,BC,,DEGREE,Bihar__PGMAC Round 2 Seat Allotment.txt,1293,allotted
Bihar PGMAC,Bihar,2025,R2,NEET_AIR,88582.0,K.M.C. KATIHAR,E.N.T.,MM,,DEGREE,Bihar__PGMAC Round 2 Seat Allotment.txt,1295,allotted
Bihar PGMAC,Bihar,2025,R2,NEET_AIR,88768.0,"COLLEGE & HOSPITAL, SAHARSA",OPHTHALMOLOGY,UR,,DEGREE,Bihar__PGMAC Round 2 Seat Allotment.txt,1299,allotted
Bihar PGMAC,Bihar,2025,R2,NEET_AIR,88834.0,AND HOSPITAL SAHARSA,General Surgery,UR,,DEGREE,Bihar__PGMAC Round 2 Seat Allotment.txt,1302,allotted
Bihar PGMAC,Bihar,2025,R2,NEET_AIR,88934.0,"N.M.C &.H, SASARAM",General Surgery,UR,,DEGREE,Bihar__PGMAC Round 2 Seat Allotment.txt,1304,allotted
Bihar PGMAC,Bihar,2025,R2,NEET_AIR,88989.0,MADHUBANI,Orthopaedics,UR,,DEGREE,Bihar__PGMAC Round 2 Seat Allotment.txt,1306,allotted
Bihar PGMAC,Bihar,2025,R2,NEET_AIR,89151.0,K.M.C. KATIHAR,Orthopaedics,UR,,DEGREE,Bihar__PGMAC Round 2 Seat Allotment.txt,1308,allotted
Bihar PGMAC,Bihar,2025,R2,NEET_AIR,89397.0,MADHUBANI,General Surgery,UR,,DEGREE,Bihar__PGMAC Round 2 Seat Allotment.txt,1312,allotted
Bihar PGMAC,Bihar,2025,R2,NEET_AIR,89668.0,"N.M.C &.H, SASARAM",General Surgery,UR,,DEGREE,Bihar__PGMAC Round 2 Seat Allotment.txt,1314,allotted
Bihar PGMAC,Bihar,2025,R2,NEET_AIR,89702.0,"N.M.C &.H, SASARAM",General Surgery,UR,,DEGREE,Bihar__PGMAC Round 2 Seat Allotment.txt,1316,allotted
Bihar PGMAC,Bihar,2025,R2,NEET_AIR,89751.0,"COLLEGE & HOSPITAL, SAHARSA",OPHTHALMOLOGY,UR,,DEGREE,Bihar__PGMAC Round 2 Seat Allotment.txt,1318,allotted
Bihar PGMAC,Bihar,2025,R2,NEET_AIR,89809.0,"N.M.C &.H, SASARAM",Radiodiagnosis,NRI,,DEGREE,Bihar__PGMAC Round 2 Seat Allotment.txt,1320,allotted
Bihar PGMAC,Bihar,2025,R2,NEET_AIR,90255.0,A.N.M.M.C. GAYA,Pathology,SC,,DEGREE,Bihar__PGMAC Round 2 Seat Allotment.txt,1322,allotted
Bihar PGMAC,Bihar,2025,R2,NEET_AIR,90466.0,AND HOSPITAL SAHARSA,Paediatrics,UR,,DEGREE,Bihar__PGMAC Round 2 Seat Allotment.txt,1325,allotted
Bihar PGMAC,Bihar,2025,R2,NEET_AIR,90564.0,"N.M.C &.H, SASARAM",Orthopaedics,UR,,DEGREE,Bihar__PGMAC Round 2 Seat Allotment.txt,1331,allotted
Bihar PGMAC,Bihar,2025,R2,NEET_AIR,90744.0,K.M.C. KATIHAR,Radiodiagnosis,MM,,DEGREE,Bihar__PGMAC Round 2 Seat Allotment.txt,1333,allotted
Bihar PGMAC,Bihar,2025,R2,NEET_AIR,90943.0,"MGMMC & LSK HOS, KISHANGANJ",General Surgery,SM,,DEGREE,Bihar__PGMAC Round 2 Seat Allotment.txt,1335,allotted
Bihar PGMAC,Bihar,2025,R2,NEET_AIR,90947.0,"MGMMC & LSK HOS, KISHANGANJ",General Medicine,NRI,,DEGREE,Bihar__PGMAC Round 2 Seat Allotment.txt,1337,allotted
Bihar PGMAC,Bihar,2025,R2,NEET_AIR,91055.0,K.M.C. KATIHAR,General Surgery,UR,,DEGREE,Bihar__PGMAC Round 2 Seat Allotment.txt,1339,allotted
Bihar PGMAC,Bihar,2025,R2,NEET_AIR,91440.0,J.L.N.M.C. BHAGALPUR,MEDICINE,EBC,,DEGREE,Bihar__PGMAC Round 2 Seat Allotment.txt,1341,allotted
Bihar PGMAC,Bihar,2025,R2,NEET_AIR,91474.0,"N.M.C &.H, SASARAM",General Surgery,UR,,DEGREE,Bihar__PGMAC Round 2 Seat Allotment.txt,1343,allotted
Bihar PGMAC,Bihar,2025,R2,NEET_AIR,91659.0,I.G.I.M.S. PATNA,Physiology,EBC,,DEGREE,Bihar__PGMAC Round 2 Seat Allotment.txt,1345,allotted
Bihar PGMAC,Bihar,2025,R2,NEET_AIR,92319.0,MADHUBANI,OPHTHALMOLOGY,MM,,DEGREE,Bihar__PGMAC Round 2 Seat Allotment.txt,1347,allotted
Bihar PGMAC,Bihar,2025,R2,NEET_AIR,92377.0,K.M.C. KATIHAR,General Surgery,UR,,DEGREE,Bihar__PGMAC Round 2 Seat Allotment.txt,1349,allotted
Bihar PGMAC,Bihar,2025,R2,NEET_AIR,92589.0,"N.M.C &.H, SASARAM",Orthopaedics,UR,,DEGREE,Bihar__PGMAC Round 2 Seat Allotment.txt,1351,allotted
Bihar PGMAC,Bihar,2025,R2,NEET_AIR,92679.0,AND HOSPITAL SAHARSA,OPHTHALMOLOGY,UR,,DEGREE,Bihar__PGMAC Round 2 Seat Allotment.txt,1354,allotted
Bihar PGMAC,Bihar,2025,R2,NEET_AIR,93133.0,MADHUBANI,E.N.T.,MM,,DEGREE,Bihar__PGMAC Round 2 Seat Allotment.txt,1356,allotted
Bihar PGMAC,Bihar,2025,R2,NEET_AIR,93323.0,AND HOSPITAL SAHARSA,OPHTHALMOLOGY,UR,,DEGREE,Bihar__PGMAC Round 2 Seat Allotment.txt,1359,allotted
Bihar PGMAC,Bihar,2025,R2,NEET_AIR,93345.0,K.M.C. KATIHAR,Orthopaedics,UR,,DEGREE,Bihar__PGMAC Round 2 Seat Allotment.txt,1361,allotted
Bihar PGMAC,Bihar,2025,R2,NEET_AIR,93393.0,"N.M.C &.H, SASARAM",General Surgery,UR,,DEGREE,Bihar__PGMAC Round 2 Seat Allotment.txt,1363,allotted
Bihar PGMAC,Bihar,2025,R2,NEET_AIR,93452.0,HOSPITAL TURKI MUZAFFARPUR,Anaesthesiology,UR,,DEGREE,Bihar__PGMAC Round 2 Seat Allotment.txt,1365,allotted
Bihar PGMAC,Bihar,2025,R2,NEET_AIR,94676.0,"N.M.C &.H, SASARAM",Orthopaedics,UR,,DEGREE,Bihar__PGMAC Round 2 Seat Allotment.txt,1367,allotted
Bihar PGMAC,Bihar,2025,R2,NEET_AIR,94765.0,"N.M.C &.H, SASARAM",Orthopaedics,UR,,DEGREE,Bihar__PGMAC Round 2 Seat Allotment.txt,1369,allotted
Bihar PGMAC,Bihar,2025,R2,NEET_AIR,94907.0,K.M.C. KATIHAR,OBS & GYNAE,MM,,DEGREE,Bihar__PGMAC Round 2 Seat Allotment.txt,1371,allotted
Bihar PGMAC,Bihar,2025,R2,NEET_AIR,95218.0,HOSPITAL TURKI MUZAFFARPUR,Anaesthesiology,UR,,DEGREE,Bihar__PGMAC Round 2 Seat Allotment.txt,1373,allotted
Bihar PGMAC,Bihar,2025,R2,NEET_AIR,95594.0,"N.M.C &.H, SASARAM",General Surgery,UR,,DEGREE,Bihar__PGMAC Round 2 Seat Allotment.txt,1377,allotted
Bihar PGMAC,Bihar,2025,R2,NEET_AIR,95597.0,K.M.C. KATIHAR,Radiodiagnosis,NRI,,DEGREE,Bihar__PGMAC Round 2 Seat Allotment.txt,1379,allotted
Bihar PGMAC,Bihar,2025,R2,NEET_AIR,95747.0,"MGMMC & LSK HOS, KISHANGANJ",MEDICINE,UR,,DEGREE,Bihar__PGMAC Round 2 Seat Allotment.txt,1381,allotted
Bihar PGMAC,Bihar,2025,R2,NEET_AIR,95914.0,"MGMMC & LSK HOS, KISHANGANJ",Orthopaedics,SM,,DEGREE,Bihar__PGMAC Round 2 Seat Allotment.txt,1383,allotted
Bihar PGMAC,Bihar,2025,R2,NEET_AIR,96004.0,K.M.C. KATIHAR,General Surgery,MM,,DEGREE,Bihar__PGMAC Round 2 Seat Allotment.txt,1385,allotted
Bihar PGMAC,Bihar,2025,R2,NEET_AIR,96168.0,MADHUBANI,General Surgery,UR,,DEGREE,Bihar__PGMAC Round 2 Seat Allotment.txt,1387,allotted
Bihar PGMAC,Bihar,2025,R2,NEET_AIR,96245.0,AND HOSPITAL SAHARSA,OPHTHALMOLOGY,UR,,DEGREE,Bihar__PGMAC Round 2 Seat Allotment.txt,1390,allotted
Bihar PGMAC,Bihar,2025,R2,NEET_AIR,96681.0,P.M.C.PATNA,F.M.T.,BC,,DEGREE,Bihar__PGMAC Round 2 Seat Allotment.txt,1393,allotted
Bihar PGMAC,Bihar,2025,R2,NEET_AIR,98086.0,P.M.C.PATNA,Pharmacology,BC,,DEGREE,Bihar__PGMAC Round 2 Seat Allotment.txt,1408,allotted
Bihar PGMAC,Bihar,2025,R2,NEET_AIR,99001.0,MADHUBANI,General Surgery,UR,,DEGREE,Bihar__PGMAC Round 2 Seat Allotment.txt,1410,allotted
Bihar PGMAC,Bihar,2025,R2,NEET_AIR,99033.0,N.M.C. PATNA,Microbiology,BC,,DEGREE,Bihar__PGMAC Round 2 Seat Allotment.txt,1413,allotted
Bihar PGMAC,Bihar,2025,R2,NEET_AIR,99208.0,K.M.C. KATIHAR,General Medicine,NRI,,DEGREE,Bihar__PGMAC Round 2 Seat Allotment.txt,1415,allotted
Bihar PGMAC,Bihar,2025,R2,NEET_AIR,99234.0,AND HOSPITAL SAHARSA,Orthopaedics,UR,,DEGREE,Bihar__PGMAC Round 2 Seat Allotment.txt,1418,allotted
Bihar PGMAC,Bihar,2025,R2,NEET_AIR,99406.0,HOSPITAL,Orthopaedics,UR,,DEGREE,Bihar__PGMAC Round 2 Seat Allotment.txt,1420,allotted
Bihar PGMAC,Bihar,2025,R2,NEET_AIR,99955.0,D.M.C.LAHERIASARAI,Microbiology,BC,,DEGREE,Bihar__PGMAC Round 2 Seat Allotment.txt,1422,allotted
Bihar PGMAC,Bihar,2025,R2,NEET_AIR,100041.0,N.M.C. PATNA,Pharmacology,EWS,,DEGREE,Bihar__PGMAC Round 2 Seat Allotment.txt,1425,allotted
Bihar PGMAC,Bihar,2025,R2,NEET_AIR,100109.0,"N.M.C &.H, SASARAM",Orthopaedics,UR,,DEGREE,Bihar__PGMAC Round 2 Seat Allotment.txt,1427,allotted
Bihar PGMAC,Bihar,2025,R2,NEET_AIR,100194.0,"B.M.I.M.S,PAWAPURI, NALANDA",Biochemistry,EWS,,DEGREE,Bihar__PGMAC Round 2 Seat Allotment.txt,1429,allotted
Bihar PGMAC,Bihar,2025,R2,NEET_AIR,100308.0,"N.M.C &.H, SASARAM",General Surgery,UR,,DEGREE,Bihar__PGMAC Round 2 Seat Allotment.txt,1431,allotted
Bihar PGMAC,Bihar,2025,R2,NEET_AIR,100325.0,"MGMMC & LSK HOS, KISHANGANJ",Anaesthesiology,SM,,DEGREE,Bihar__PGMAC Round 2 Seat Allotment.txt,1433,allotted
Bihar PGMAC,Bihar,2025,R2,NEET_AIR,100600.0,MADHUBANI,General Surgery,MM,,DEGREE,Bihar__PGMAC Round 2 Seat Allotment.txt,1435,allotted
Bihar PGMAC,Bihar,2025,R2,NEET_AIR,100738.0,MADHUBANI,Anaesthesiology,MM,,DEGREE,Bihar__PGMAC Round 2 Seat Allotment.txt,1437,allotted
Bihar PGMAC,Bihar,2025,R2,NEET_AIR,101239.0,"MGMMC & LSK HOS, KISHANGANJ",General Medicine,NRI,,DEGREE,Bihar__PGMAC Round 2 Seat Allotment.txt,1441,allotted
Bihar PGMAC,Bihar,2025,R2,NEET_AIR,102301.0,"MGMMC & LSK HOS, KISHANGANJ",Orthopaedics,SM,,DEGREE,Bihar__PGMAC Round 2 Seat Allotment.txt,1453,allotted
Bihar PGMAC,Bihar,2025,R2,NEET_AIR,102364.0,MADHUBANI,Orthopaedics,MM,,DEGREE,Bihar__PGMAC Round 2 Seat Allotment.txt,1455,allotted
Bihar PGMAC,Bihar,2025,R2,NEET_AIR,102484.0,"MGMMC & LSK HOS, KISHANGANJ",Orthopaedics,NRI,,DEGREE,Bihar__PGMAC Round 2 Seat Allotment.txt,1459,allotted
Bihar PGMAC,Bihar,2025,R2,NEET_AIR,102555.0,MADHUBANI,Anaesthesiology,MM,,DEGREE,Bihar__PGMAC Round 2 Seat Allotment.txt,1461,allotted
Bihar PGMAC,Bihar,2025,R2,NEET_AIR,102813.0,"MGMMC & LSK HOS, KISHANGANJ",OBS & GYNAE,SM,,DEGREE,Bihar__PGMAC Round 2 Seat Allotment.txt,1463,allotted
Bihar PGMAC,Bihar,2025,R2,NEET_AIR,103379.0,K.M.C. KATIHAR,Pathology,UR,,DEGREE,Bihar__PGMAC Round 2 Seat Allotment.txt,1467,allotted
Bihar PGMAC,Bihar,2025,R2,NEET_AIR,103600.0,AND HOSPITAL SAHARSA,OPHTHALMOLOGY,UR,,DEGREE,Bihar__PGMAC Round 2 Seat Allotment.txt,1473,allotted
Bihar PGMAC,Bihar,2025,R2,NEET_AIR,104235.0,MADHUBANI,General Surgery,MM,,DEGREE,Bihar__PGMAC Round 2 Seat Allotment.txt,1475,allotted
Bihar PGMAC,Bihar,2025,R2,NEET_AIR,104363.0,"N.M.C &.H, SASARAM",General Surgery,UR,,DEGREE,Bihar__PGMAC Round 2 Seat Allotment.txt,1477,allotted
Bihar PGMAC,Bihar,2025,R2,NEET_AIR,104859.0,MADHUBANI,General Surgery,MM,,DEGREE,Bihar__PGMAC Round 2 Seat Allotment.txt,1479,allotted
Bihar PGMAC,Bihar,2025,R2,NEET_AIR,105123.0,"N.M.C &.H, SASARAM",General Surgery,UR,,DEGREE,Bihar__PGMAC Round 2 Seat Allotment.txt,1481,allotted
Bihar PGMAC,Bihar,2025,R2,NEET_AIR,105205.0,MADHUBANI,General Medicine,NRI,,DEGREE,Bihar__PGMAC Round 2 Seat Allotment.txt,1483,allotted
Bihar PGMAC,Bihar,2025,R2,NEET_AIR,105354.0,"MGMMC & LSK HOS, KISHANGANJ",General Surgery,SM,,DEGREE,Bihar__PGMAC Round 2 Seat Allotment.txt,1485,allotted
Bihar PGMAC,Bihar,2025,R2,NEET_AIR,105365.0,HOSPITAL,Pathology,UR,,DEGREE,Bihar__PGMAC Round 2 Seat Allotment.txt,1487,allotted
Bihar PGMAC,Bihar,2025,R2,NEET_AIR,106006.0,"N.M.C &.H, SASARAM",Radiodiagnosis,NRI,,DEGREE,Bihar__PGMAC Round 2 Seat Allotment.txt,1489,allotted
Bihar PGMAC,Bihar,2025,R2,NEET_AIR,106259.0,MADHUBANI,Anaesthesiology,MM,,DEGREE,Bihar__PGMAC Round 2 Seat Allotment.txt,1491,allotted
Bihar PGMAC,Bihar,2025,R2,NEET_AIR,106270.0,MADHUBANI,General Surgery,MM,,DEGREE,Bihar__PGMAC Round 2 Seat Allotment.txt,1493,allotted
Bihar PGMAC,Bihar,2025,R2,NEET_AIR,106442.0,MADHUBANI,General Surgery,MM,,DEGREE,Bihar__PGMAC Round 2 Seat Allotment.txt,1495,allotted
Bihar PGMAC,Bihar,2025,R2,NEET_AIR,107089.0,"MGMMC & LSK HOS, KISHANGANJ",Paediatrics,SM,,DEGREE,Bihar__PGMAC Round 2 Seat Allotment.txt,1497,allotted
Bihar PGMAC,Bihar,2025,R2,NEET_AIR,108118.0,K.M.C. KATIHAR,OBS & GYNAE,MM,,DEGREE,Bihar__PGMAC Round 2 Seat Allotment.txt,1499,allotted
Bihar PGMAC,Bihar,2025,R2,NEET_AIR,108312.0,AND HOSPITAL SAHARSA,General Medicine,NRI,,DEGREE,Bihar__PGMAC Round 2 Seat Allotment.txt,1502,allotted
Bihar PGMAC,Bihar,2025,R2,NEET_AIR,108499.0,P.M.C.PATNA,Biochemistry,BC,,DEGREE,Bihar__PGMAC Round 2 Seat Allotment.txt,1508,allotted
Bihar PGMAC,Bihar,2025,R2,NEET_AIR,109327.0,HOSPITAL,Radiodiagnosis,NRI,,DEGREE,Bihar__PGMAC Round 2 Seat Allotment.txt,1510,allotted
Bihar PGMAC,Bihar,2025,R2,NEET_AIR,109434.0,"MGMMC & LSK HOS, KISHANGANJ",MEDICINE,UR,,DEGREE,Bihar__PGMAC Round 2 Seat Allotment.txt,1512,allotted
Bihar PGMAC,Bihar,2025,R2,NEET_AIR,109914.0,"MGMMC & LSK HOS, KISHANGANJ",OBS & GYNAE,NRI,,DEGREE,Bihar__PGMAC Round 2 Seat Allotment.txt,1514,allotted
Bihar PGMAC,Bihar,2025,R2,NEET_AIR,109945.0,MADHUBANI,General Surgery,MM,,DEGREE,Bihar__PGMAC Round 2 Seat Allotment.txt,1516,allotted
Bihar PGMAC,Bihar,2025,R2,NEET_AIR,110134.0,"MGMMC & LSK HOS, KISHANGANJ",Pathology,UR,,DEGREE,Bihar__PGMAC Round 2 Seat Allotment.txt,1518,allotted
Bihar PGMAC,Bihar,2025,R2,NEET_AIR,110223.0,"N.M.C &.H, SASARAM",General Medicine,NRI,,DEGREE,Bihar__PGMAC Round 2 Seat Allotment.txt,1520,allotted
Bihar PGMAC,Bihar,2025,R2,NEET_AIR,111175.0,"MGMMC & LSK HOS, KISHANGANJ",Paediatrics,SM,,DEGREE,Bihar__PGMAC Round 2 Seat Allotment.txt,1525,allotted
Bihar PGMAC,Bihar,2025,R2,NEET_AIR,112148.0,"MGMMC & LSK HOS, KISHANGANJ",DERMATOLOGY,NRI,,DEGREE,Bihar__PGMAC Round 2 Seat Allotment.txt,1527,allotted
Bihar PGMAC,Bihar,2025,R2,NEET_AIR,112308.0,P.M.C.PATNA,Pharmacology,EBC,,DEGREE,Bihar__PGMAC Round 2 Seat Allotment.txt,1529,allotted
Bihar PGMAC,Bihar,2025,R2,NEET_AIR,112827.0,D.M.C.LAHERIASARAI,Pharmacology,EBC,,DEGREE,Bihar__PGMAC Round 2 Seat Allotment.txt,1531,allotted
Bihar PGMAC,Bihar,2025,R2,NEET_AIR,113511.0,2.EWS(DIPLOMA)- 157,P.M.C.PATNA,Biochemistry,,DEGREE,Bihar__PGMAC Round 2 Seat Allotment.txt,1534,allotted
Bihar PGMAC,Bihar,2025,R2,NEET_AIR,113537.0,"MGMMC & LSK HOS, KISHANGANJ",DERMATOLOGY,NRI,,DEGREE,Bihar__PGMAC Round 2 Seat Allotment.txt,1536,allotted
Bihar PGMAC,Bihar,2025,R2,NEET_AIR,113754.0,MADHUBANI,Orthopaedics,MM,,DEGREE,Bihar__PGMAC Round 2 Seat Allotment.txt,1538,allotted
Bihar PGMAC,Bihar,2025,R2,NEET_AIR,114315.0,N.M.C. PATNA,Microbiology,EBC,,DEGREE,Bihar__PGMAC Round 2 Seat Allotment.txt,1540,allotted
Bihar PGMAC,Bihar,2025,R2,NEET_AIR,115564.0,"COLLEGE & HOSPITAL, SAHARSA",Paediatrics,NRI,,DEGREE,Bihar__PGMAC Round 2 Seat Allotment.txt,1544,allotted
Bihar PGMAC,Bihar,2025,R2,NEET_AIR,115611.0,D.M.C.LAHERIASARAI,MEDICINE,SC,,DEGREE,Bihar__PGMAC Round 2 Seat Allotment.txt,1546,allotted
Bihar PGMAC,Bihar,2025,R2,NEET_AIR,117200.0,MADHUBANI,Radiodiagnosis,NRI,,DEGREE,Bihar__PGMAC Round 2 Seat Allotment.txt,1551,allotted
Bihar PGMAC,Bihar,2025,R2,NEET_AIR,117791.0,D.M.C.LAHERIASARAI,Pathology,SC,,DEGREE,Bihar__PGMAC Round 2 Seat Allotment.txt,1553,allotted
Bihar PGMAC,Bihar,2025,R2,NEET_AIR,120809.0,P.M.C.PATNA,Microbiology,EBC,,DEGREE,Bihar__PGMAC Round 2 Seat Allotment.txt,1559,allotted
Bihar PGMAC,Bihar,2025,R2,NEET_AIR,121948.0,J.L.N.M.C. BHAGALPUR,Pathology,SC,,DEGREE,Bihar__PGMAC Round 2 Seat Allotment.txt,1563,allotted
Bihar PGMAC,Bihar,2025,R2,NEET_AIR,122111.0,S.K.M.C. MUZAFFARPUR,Pathology,SC,,DEGREE,Bihar__PGMAC Round 2 Seat Allotment.txt,1566,allotted
Bihar PGMAC,Bihar,2025,R2,NEET_AIR,122187.0,P.M.C.PATNA,Physiology,EBC,,DEGREE,Bihar__PGMAC Round 2 Seat Allotment.txt,1572,allotted
Bihar PGMAC,Bihar,2025,R2,NEET_AIR,123020.0,K.M.C. KATIHAR,Orthopaedics,MM,,DEGREE,Bihar__PGMAC Round 2 Seat Allotment.txt,1574,allotted
Bihar PGMAC,Bihar,2025,R2,NEET_AIR,123763.0,K.M.C. KATIHAR,OBS & GYNAE,MM,,DEGREE,Bihar__PGMAC Round 2 Seat Allotment.txt,1576,allotted
Bihar PGMAC,Bihar,2025,R2,NEET_AIR,123778.0,K.M.C. KATIHAR,Orthopaedics,MM,,DEGREE,Bihar__PGMAC Round 2 Seat Allotment.txt,1578,allotted
Bihar PGMAC,Bihar,2025,R2,NEET_AIR,124423.0,P.M.C.PATNA,Anatomy,EBC,,DEGREE,Bihar__PGMAC Round 2 Seat Allotment.txt,1580,allotted
Bihar PGMAC,Bihar,2025,R2,NEET_AIR,124953.0,N.M.C. PATNA,Anatomy,BC,,DEGREE,Bihar__PGMAC Round 2 Seat Allotment.txt,1582,allotted
Bihar PGMAC,Bihar,2025,R2,NEET_AIR,125541.0,HOSPITAL TURKI MUZAFFARPUR,Orthopaedics,UR,,DEGREE,Bihar__PGMAC Round 2 Seat Allotment.txt,1584,allotted
Bihar PGMAC,Bihar,2025,R2,NEET_AIR,125744.0,K.M.C. KATIHAR,Orthopaedics,MM,,DEGREE,Bihar__PGMAC Round 2 Seat Allotment.txt,1586,allotted
Bihar PGMAC,Bihar,2025,R2,NEET_AIR,127843.0,HOSPITAL,Orthopaedics,UR,,DEGREE,Bihar__PGMAC Round 2 Seat Allotment.txt,1588,allotted
Bihar PGMAC,Bihar,2025,R2,NEET_AIR,128130.0,"N.M.C &.H, SASARAM",General Medicine,NRI,,DEGREE,Bihar__PGMAC Round 2 Seat Allotment.txt,1590,allotted
Bihar PGMAC,Bihar,2025,R2,NEET_AIR,128402.0,I.G.I.M.S. PATNA,Biochemistry,SC,,DEGREE,Bihar__PGMAC Round 2 Seat Allotment.txt,1592,allotted
Bihar PGMAC,Bihar,2025,R2,NEET_AIR,128934.0,S.K.M.C. MUZAFFARPUR,Pharmacology,BC,,DEGREE,Bihar__PGMAC Round 2 Seat Allotment.txt,1596,allotted
Bihar PGMAC,Bihar,2025,R2,NEET_AIR,129022.0,"COLLEGE & HOSPITAL, SAHARSA",General Medicine,NRI,,DEGREE,Bihar__PGMAC Round 2 Seat Allotment.txt,1598,allotted
Bihar PGMAC,Bihar,2025,R2,NEET_AIR,129128.0,HOSPITAL TURKI MUZAFFARPUR,OBS & GYNAE,NRI,,DEGREE,Bihar__PGMAC Round 2 Seat Allotment.txt,1602,allotted
Bihar PGMAC,Bihar,2025,R2,NEET_AIR,129664.0,K.M.C. KATIHAR,General Medicine,NRI,,DEGREE,Bihar__PGMAC Round 2 Seat Allotment.txt,1604,allotted
Bihar PGMAC,Bihar,2025,R2,NEET_AIR,131022.0,A.N.M.M.C. GAYA,Biochemistry,EBC,,DEGREE,Bihar__PGMAC Round 2 Seat Allotment.txt,1606,allotted
Bihar PGMAC,Bihar,2025,R2,NEET_AIR,131074.0,"COLLEGE & HOSPITAL, SAHARSA",Radiodiagnosis,NRI,,DEGREE,Bihar__PGMAC Round 2 Seat Allotment.txt,1608,allotted
Bihar PGMAC,Bihar,2025,R2,NEET_AIR,131424.0,K.M.C. KATIHAR,General Medicine,NRI,,DEGREE,Bihar__PGMAC Round 2 Seat Allotment.txt,1612,allotted
Bihar PGMAC,Bihar,2025,R2,NEET_AIR,131880.0,J.L.N.M.C. BHAGALPUR,Pharmacology,EBC,,DEGREE,Bihar__PGMAC Round 2 Seat Allotment.txt,1614,allotted
Bihar PGMAC,Bihar,2025,R2,NEET_AIR,131994.0,HOSPITAL,Orthopaedics,UR,,DEGREE,Bihar__PGMAC Round 2 Seat Allotment.txt,1616,allotted
Bihar PGMAC,Bihar,2025,R2,NEET_AIR,132275.0,MADHUBANI,DERMATOLOGY,NRI,,DEGREE,Bihar__PGMAC Round 2 Seat Allotment.txt,1618,allotted
Bihar PGMAC,Bihar,2025,R2,NEET_AIR,133132.0,HOSPITAL TURKI MUZAFFARPUR,Orthopaedics,UR,,DEGREE,Bihar__PGMAC Round 2 Seat Allotment.txt,1622,allotted
Bihar PGMAC,Bihar,2025,R2,NEET_AIR,134192.0,"COLLEGE & HOSPITAL, SAHARSA",OBS & GYNAE,NRI,,DEGREE,Bihar__PGMAC Round 2 Seat Allotment.txt,1624,allotted
Bihar PGMAC,Bihar,2025,R2,NEET_AIR,136678.0,AND HOSPITAL SAHARSA,Orthopaedics,UR,,DEGREE,Bihar__PGMAC Round 2 Seat Allotment.txt,1631,allotted
Bihar PGMAC,Bihar,2025,R2,NEET_AIR,137690.0,"MGMMC & LSK HOS, KISHANGANJ",Pathology,UR,,DEGREE,Bihar__PGMAC Round 2 Seat Allotment.txt,1633,allotted
Bihar PGMAC,Bihar,2025,R3,NEET_AIR,1554.0,P.M.C.PATNA,General Medicine,(Degree) - Female,,DEGREE,Bihar__PGMAC Round 3 Allotment.txt,5,allotted
Bihar PGMAC,Bihar,2025,R3,NEET_AIR,1926.0,3.RCG(DIPLOMA)- 1,P.M.C.PATNA,Radiodiagnosis,,DEGREE,Bihar__PGMAC Round 3 Allotment.txt,7,allotted
Bihar PGMAC,Bihar,2025,R3,NEET_AIR,2217.0,N.M.C. PATNA,Radiodiagnosis,(Degree) - Female,,DEGREE,Bihar__PGMAC Round 3 Allotment.txt,9,allotted
Bihar PGMAC,Bihar,2025,R3,NEET_AIR,2227.0,P.M.C.PATNA,OBS & GYNAE,(Degree),,DEGREE,Bihar__PGMAC Round 3 Allotment.txt,11,allotted
Bihar PGMAC,Bihar,2025,R3,NEET_AIR,2401.0,P.M.C.PATNA,General Medicine,(Degree),,DEGREE,Bihar__PGMAC Round 3 Allotment.txt,13,allotted
Bihar PGMAC,Bihar,2025,R3,NEET_AIR,2647.0,P.M.C.PATNA,General Medicine,(Degree) - Female,,DEGREE,Bihar__PGMAC Round 3 Allotment.txt,15,allotted
Bihar PGMAC,Bihar,2025,R3,NEET_AIR,2720.0,P.M.C.PATNA,DERMATOLOGY,(Degree),,DEGREE,Bihar__PGMAC Round 3 Allotment.txt,17,allotted
Bihar PGMAC,Bihar,2025,R3,NEET_AIR,2812.0,I.G.I.M.S. PATNA,DERMATOLOGY,Female,,DEGREE,Bihar__PGMAC Round 3 Allotment.txt,19,allotted
Bihar PGMAC,Bihar,2025,R3,NEET_AIR,2862.0,N.M.C. PATNA,General Medicine,(Degree),,DEGREE,Bihar__PGMAC Round 3 Allotment.txt,21,allotted
Bihar PGMAC,Bihar,2025,R3,NEET_AIR,3135.0,P.M.C.PATNA,General Medicine,BC,,DEGREE,Bihar__PGMAC Round 3 Allotment.txt,23,allotted
Bihar PGMAC,Bihar,2025,R3,NEET_AIR,3466.0,3.BC(DIPLOMA)- 7,D.M.C.LAHERIASARAI,General,,DEGREE,Bihar__PGMAC Round 3 Allotment.txt,25,allotted
Bihar PGMAC,Bihar,2025,R3,NEET_AIR,3503.0,I.G.I.M.S. PATNA,DERMATOLOGY,(Degree),,DEGREE,Bihar__PGMAC Round 3 Allotment.txt,27,allotted
Bihar PGMAC,Bihar,2025,R3,NEET_AIR,3607.0,D.M.C.LAHERIASARAI,Radiodiagnosis,(Degree),,DEGREE,Bihar__PGMAC Round 3 Allotment.txt,29,allotted
Bihar PGMAC,Bihar,2025,R3,NEET_AIR,3909.0,D.M.C.LAHERIASARAI,General Medicine,(Degree),,DEGREE,Bihar__PGMAC Round 3 Allotment.txt,31,allotted
Bihar PGMAC,Bihar,2025,R3,NEET_AIR,4070.0,P.M.C.PATNA,General Medicine,- Female,,DEGREE,Bihar__PGMAC Round 3 Allotment.txt,33,allotted
Bihar PGMAC,Bihar,2025,R3,NEET_AIR,4118.0,N.M.C. PATNA,General Medicine,Female,,DEGREE,Bihar__PGMAC Round 3 Allotment.txt,35,allotted
Bihar PGMAC,Bihar,2025,R3,NEET_AIR,4151.0,3.EBC(DIPLOMA)- 3,N.M.C. PATNA,General,,DEGREE,Bihar__PGMAC Round 3 Allotment.txt,37,allotted
Bihar PGMAC,Bihar,2025,R3,NEET_AIR,4180.0,N.M.C. PATNA,General Medicine,(Degree) - Female,,DEGREE,Bihar__PGMAC Round 3 Allotment.txt,39,allotted
Bihar PGMAC,Bihar,2025,R3,NEET_AIR,4531.0,D.M.C.LAHERIASARAI,General Medicine,(Degree),,DEGREE,Bihar__PGMAC Round 3 Allotment.txt,41,allotted
Bihar PGMAC,Bihar,2025,R3,NEET_AIR,4885.0,3.EBC(DIPLOMA)- 4,D.M.C.LAHERIASARAI,General,,DEGREE,Bihar__PGMAC Round 3 Allotment.txt,43,allotted
Bihar PGMAC,Bihar,2025,R3,NEET_AIR,4900.0,D.M.C.LAHERIASARAI,General Medicine,(Degree),,DEGREE,Bihar__PGMAC Round 3 Allotment.txt,45,allotted
Bihar PGMAC,Bihar,2025,R3,NEET_AIR,4986.0,3.RCG(DIPLOMA)- 9,P.M.C.PATNA,DERMATOLOGY,,DEGREE,Bihar__PGMAC Round 3 Allotment.txt,47,allotted
Bihar PGMAC,Bihar,2025,R3,NEET_AIR,5992.0,P.M.C.PATNA,Paediatrics,(Degree) - Female,,DEGREE,Bihar__PGMAC Round 3 Allotment.txt,49,allotted
Bihar PGMAC,Bihar,2025,R3,NEET_AIR,6021.0,J.L.N.M.C. BHAGALPUR,General Medicine,(Degree),,DEGREE,Bihar__PGMAC Round 3 Allotment.txt,51,allotted
Bihar PGMAC,Bihar,2025,R3,NEET_AIR,6114.0,3.EBC(DIPLOMA)- 7,J.L.N.M.C. BHAGALPUR,General,,DEGREE,Bihar__PGMAC Round 3 Allotment.txt,53,allotted
Bihar PGMAC,Bihar,2025,R3,NEET_AIR,6200.0,"B.M.I.M.S,PAWAPURI, NALANDA",General Medicine,(Degree),,DEGREE,Bihar__PGMAC Round 3 Allotment.txt,55,allotted
Bihar PGMAC,Bihar,2025,R3,NEET_AIR,6501.0,P.M.C.PATNA,Orthopaedics,(Degree),,DEGREE,Bihar__PGMAC Round 3 Allotment.txt,57,allotted
Bihar PGMAC,Bihar,2025,R3,NEET_AIR,6597.0,I.G.I.M.S. PATNA,Paediatrics,BC,,DEGREE,Bihar__PGMAC Round 3 Allotment.txt,59,allotted
Bihar PGMAC,Bihar,2025,R3,NEET_AIR,6603.0,P.M.C.PATNA,Paediatrics,(Degree),,DEGREE,Bihar__PGMAC Round 3 Allotment.txt,61,allotted
Bihar PGMAC,Bihar,2025,R3,NEET_AIR,6622.0,3.EBC(DIPLOMA)- 8,P.M.C.PATNA,Paediatrics,,DEGREE,Bihar__PGMAC Round 3 Allotment.txt,63,allotted
Bihar PGMAC,Bihar,2025,R3,NEET_AIR,6714.0,P.M.C.PATNA,General Surgery,(Degree),,DEGREE,Bihar__PGMAC Round 3 Allotment.txt,65,allotted
Bihar PGMAC,Bihar,2025,R3,NEET_AIR,6763.0,P.M.C.PATNA,Paediatrics,- Female,,DEGREE,Bihar__PGMAC Round 3 Allotment.txt,67,allotted
Bihar PGMAC,Bihar,2025,R3,NEET_AIR,6894.0,P.M.C.PATNA,OBS & GYNAE,(Degree),,DEGREE,Bihar__PGMAC Round 3 Allotment.txt,69,allotted
Bihar PGMAC,Bihar,2025,R3,NEET_AIR,6948.0,P.M.C.PATNA,General Surgery,(Degree),,DEGREE,Bihar__PGMAC Round 3 Allotment.txt,71,allotted
Bihar PGMAC,Bihar,2025,R3,NEET_AIR,7168.0,"G.M.C., BETTIAH",Radiodiagnosis,(Degree) - Female,,DEGREE,Bihar__PGMAC Round 3 Allotment.txt,73,allotted
Bihar PGMAC,Bihar,2025,R3,NEET_AIR,7628.0,N.M.C. PATNA,OBS & GYNAE,(Degree) - Female,,DEGREE,Bihar__PGMAC Round 3 Allotment.txt,75,allotted
Bihar PGMAC,Bihar,2025,R3,NEET_AIR,7629.0,N.M.C. PATNA,OBS & GYNAE,(Degree),,DEGREE,Bihar__PGMAC Round 3 Allotment.txt,77,allotted
Bihar PGMAC,Bihar,2025,R3,NEET_AIR,7687.0,P.M.C.PATNA,General Surgery,(Degree) - Female,,DEGREE,Bihar__PGMAC Round 3 Allotment.txt,79,allotted
Bihar PGMAC,Bihar,2025,R3,NEET_AIR,7779.0,P.M.C.PATNA,Paediatrics,(Degree),,DEGREE,Bihar__PGMAC Round 3 Allotment.txt,81,allotted
Bihar PGMAC,Bihar,2025,R3,NEET_AIR,7797.0,D.M.C.LAHERIASARAI,General Medicine,(Degree) - Female,,DEGREE,Bihar__PGMAC Round 3 Allotment.txt,83,allotted
Bihar PGMAC,Bihar,2025,R3,NEET_AIR,7961.0,D.M.C.LAHERIASARAI,General Surgery,(Degree),,DEGREE,Bihar__PGMAC Round 3 Allotment.txt,85,allotted
Bihar PGMAC,Bihar,2025,R3,NEET_AIR,8242.0,N.M.C. PATNA,OBS & GYNAE,Female,,DEGREE,Bihar__PGMAC Round 3 Allotment.txt,87,allotted
Bihar PGMAC,Bihar,2025,R3,NEET_AIR,8251.0,S.K.M.C. MUZAFFARPUR,Paediatrics,(Degree),,DEGREE,Bihar__PGMAC Round 3 Allotment.txt,89,allotted
Bihar PGMAC,Bihar,2025,R3,NEET_AIR,8354.0,N.M.C. PATNA,General Surgery,(Degree) - Female,,DEGREE,Bihar__PGMAC Round 3 Allotment.txt,91,allotted
Bihar PGMAC,Bihar,2025,R3,NEET_AIR,8410.0,D.M.C.LAHERIASARAI,Radiodiagnosis,- Female,,DEGREE,Bihar__PGMAC Round 3 Allotment.txt,93,allotted
Bihar PGMAC,Bihar,2025,R3,NEET_AIR,8415.0,3.EBC(DIPLOMA)- 13,P.M.C.PATNA,General,,DEGREE,Bihar__PGMAC Round 3 Allotment.txt,95,allotted
Bihar PGMAC,Bihar,2025,R3,NEET_AIR,8533.0,J.L.N.M.C. BHAGALPUR,General Medicine,(Degree) - Female,,DEGREE,Bihar__PGMAC Round 3 Allotment.txt,97,allotted
Bihar PGMAC,Bihar,2025,R3,NEET_AIR,8681.0,P.M.C.PATNA,Paediatrics,(Degree),,DEGREE,Bihar__PGMAC Round 3 Allotment.txt,99,allotted
Bihar PGMAC,Bihar,2025,R3,NEET_AIR,8726.0,N.M.C. PATNA,Orthopaedics,(Degree),,DEGREE,Bihar__PGMAC Round 3 Allotment.txt,101,allotted
Bihar PGMAC,Bihar,2025,R3,NEET_AIR,8764.0,D.M.C.LAHERIASARAI,Orthopaedics,(Degree),,DEGREE,Bihar__PGMAC Round 3 Allotment.txt,103,allotted
Bihar PGMAC,Bihar,2025,R3,NEET_AIR,8828.0,P.M.C.PATNA,Paediatrics,(Degree),,DEGREE,Bihar__PGMAC Round 3 Allotment.txt,105,allotted
Bihar PGMAC,Bihar,2025,R3,NEET_AIR,8904.0,J.L.N.M.C. BHAGALPUR,General Medicine,(Degree),,DEGREE,Bihar__PGMAC Round 3 Allotment.txt,107,allotted
Bihar PGMAC,Bihar,2025,R3,NEET_AIR,9138.0,P.M.C.PATNA,General Surgery,(Degree),,DEGREE,Bihar__PGMAC Round 3 Allotment.txt,109,allotted
Bihar PGMAC,Bihar,2025,R3,NEET_AIR,9163.0,I.G.I.M.S. PATNA,Paediatrics,(Degree),,DEGREE,Bihar__PGMAC Round 3 Allotment.txt,111,allotted
Bihar PGMAC,Bihar,2025,R3,NEET_AIR,9169.0,J.L.N.M.C. BHAGALPUR,General Medicine,(Degree),,DEGREE,Bihar__PGMAC Round 3 Allotment.txt,113,allotted
Bihar PGMAC,Bihar,2025,R3,NEET_AIR,9190.0,N.M.C. PATNA,OBS & GYNAE,- Female,,DEGREE,Bihar__PGMAC Round 3 Allotment.txt,115,allotted
Bihar PGMAC,Bihar,2025,R3,NEET_AIR,9389.0,P.M.C.PATNA,Paediatrics,(Degree) - Female,,DEGREE,Bihar__PGMAC Round 3 Allotment.txt,117,allotted
Bihar PGMAC,Bihar,2025,R3,NEET_AIR,9456.0,I.G.I.M.S. PATNA,RADIO ONCOLOGY,(Degree),,DEGREE,Bihar__PGMAC Round 3 Allotment.txt,119,allotted
Bihar PGMAC,Bihar,2025,R3,NEET_AIR,9674.0,3.RCG(DIPLOMA)- 23,I.G.I.M.S. PATNA,OBS & GYNAE,,DEGREE,Bihar__PGMAC Round 3 Allotment.txt,121,allotted
Bihar PGMAC,Bihar,2025,R3,NEET_AIR,9861.0,N.M.C. PATNA,General Surgery,(Degree),,DEGREE,Bihar__PGMAC Round 3 Allotment.txt,123,allotted
Bihar PGMAC,Bihar,2025,R3,NEET_AIR,9895.0,N.M.C. PATNA,Paediatrics,(Degree),,DEGREE,Bihar__PGMAC Round 3 Allotment.txt,125,allotted
Bihar PGMAC,Bihar,2025,R3,NEET_AIR,10191.0,N.M.C. PATNA,OBS & GYNAE,(Degree),,DEGREE,Bihar__PGMAC Round 3 Allotment.txt,127,allotted
Bihar PGMAC,Bihar,2025,R3,NEET_AIR,10198.0,A.N.M.M.C. GAYA,DERMATOLOGY,(Degree),,DEGREE,Bihar__PGMAC Round 3 Allotment.txt,129,allotted
Bihar PGMAC,Bihar,2025,R3,NEET_AIR,10297.0,N.M.C. PATNA,Paediatrics,(Degree) - Female,,DEGREE,Bihar__PGMAC Round 3 Allotment.txt,133,allotted
Bihar PGMAC,Bihar,2025,R3,NEET_AIR,10298.0,J.L.N.M.C. BHAGALPUR,OBS & GYNAE,(Degree),,DEGREE,Bihar__PGMAC Round 3 Allotment.txt,135,allotted
Bihar PGMAC,Bihar,2025,R3,NEET_AIR,10395.0,D.M.C.LAHERIASARAI,OBS & GYNAE,(Degree) - Female,,DEGREE,Bihar__PGMAC Round 3 Allotment.txt,137,allotted
Bihar PGMAC,Bihar,2025,R3,NEET_AIR,10635.0,N.M.C. PATNA,OBS & GYNAE,(Degree),,DEGREE,Bihar__PGMAC Round 3 Allotment.txt,139,allotted
Bihar PGMAC,Bihar,2025,R3,NEET_AIR,10657.0,3.EBC(DIPLOMA)- 21,I.G.I.M.S. PATNA,Orthopaedics,,DEGREE,Bihar__PGMAC Round 3 Allotment.txt,141,allotted
Bihar PGMAC,Bihar,2025,R3,NEET_AIR,10680.0,N.M.C. PATNA,Paediatrics,BC,,DEGREE,Bihar__PGMAC Round 3 Allotment.txt,143,allotted
Bihar PGMAC,Bihar,2025,R3,NEET_AIR,10689.0,D.M.C.LAHERIASARAI,OBS & GYNAE,(Degree),,DEGREE,Bihar__PGMAC Round 3 Allotment.txt,145,allotted
Bihar PGMAC,Bihar,2025,R3,NEET_AIR,10972.0,3.EBC(DIPLOMA)- 22,N.M.C. PATNA,Paediatrics,,DEGREE,Bihar__PGMAC Round 3 Allotment.txt,147,allotted
Bihar PGMAC,Bihar,2025,R3,NEET_AIR,11122.0,3.RCG(DIPLOMA)- 29,N.M.C. PATNA,DERMATOLOGY,,DEGREE,Bihar__PGMAC Round 3 Allotment.txt,149,allotted
Bihar PGMAC,Bihar,2025,R3,NEET_AIR,11130.0,3.RCG(DIPLOMA)- 30,S.K.M.C. MUZAFFARPUR,Paediatrics,,DEGREE,Bihar__PGMAC Round 3 Allotment.txt,151,allotted
Bihar PGMAC,Bihar,2025,R3,NEET_AIR,11329.0,D.M.C.LAHERIASARAI,OBS & GYNAE,(Degree),,DEGREE,Bihar__PGMAC Round 3 Allotment.txt,153,allotted
Bihar PGMAC,Bihar,2025,R3,NEET_AIR,11494.0,N.M.C. PATNA,General Surgery,BC,,DEGREE,Bihar__PGMAC Round 3 Allotment.txt,155,allotted
Bihar PGMAC,Bihar,2025,R3,NEET_AIR,11531.0,I.G.I.M.S. PATNA,Paediatrics,(Degree),,DEGREE,Bihar__PGMAC Round 3 Allotment.txt,157,allotted
Bihar PGMAC,Bihar,2025,R3,NEET_AIR,11654.0,D.M.C.LAHERIASARAI,OBS & GYNAE,(Degree),,DEGREE,Bihar__PGMAC Round 3 Allotment.txt,159,allotted
Bihar PGMAC,Bihar,2025,R3,NEET_AIR,11655.0,3.EBC(DIPLOMA)- 24,N.M.C. PATNA,General,,DEGREE,Bihar__PGMAC Round 3 Allotment.txt,161,allotted
Bihar PGMAC,Bihar,2025,R3,NEET_AIR,11950.0,N.M.C. PATNA,Paediatrics,(Degree),,DEGREE,Bihar__PGMAC Round 3 Allotment.txt,163,allotted
Bihar PGMAC,Bihar,2025,R3,NEET_AIR,11978.0,D.M.C.LAHERIASARAI,OBS & GYNAE,(Degree) - Female,,DEGREE,Bihar__PGMAC Round 3 Allotment.txt,165,allotted
Bihar PGMAC,Bihar,2025,R3,NEET_AIR,12023.0,I.G.I.M.S. PATNA,General Surgery,(Degree) - Female,,DEGREE,Bihar__PGMAC Round 3 Allotment.txt,167,allotted
Bihar PGMAC,Bihar,2025,R3,NEET_AIR,12090.0,P.M.C.PATNA,Orthopaedics,(Degree),,DEGREE,Bihar__PGMAC Round 3 Allotment.txt,169,allotted
Bihar PGMAC,Bihar,2025,R3,NEET_AIR,12091.0,D.M.C.LAHERIASARAI,Paediatrics,(Degree),,DEGREE,Bihar__PGMAC Round 3 Allotment.txt,171,allotted
Bihar PGMAC,Bihar,2025,R3,NEET_AIR,12212.0,P.M.C.PATNA,MEDICINE,(Degree),,DEGREE,Bihar__PGMAC Round 3 Allotment.txt,173,allotted
Bihar PGMAC,Bihar,2025,R3,NEET_AIR,12350.0,D.M.C.LAHERIASARAI,Orthopaedics,(Degree),,DEGREE,Bihar__PGMAC Round 3 Allotment.txt,175,allotted
Bihar PGMAC,Bihar,2025,R3,NEET_AIR,12525.0,3.BC(DIPLOMA)- 48,N.M.C. PATNA,Orthopaedics,,DEGREE,Bihar__PGMAC Round 3 Allotment.txt,177,allotted
Bihar PGMAC,Bihar,2025,R3,NEET_AIR,12777.0,D.M.C.LAHERIASARAI,General Medicine,- Female,,DEGREE,Bihar__PGMAC Round 3 Allotment.txt,179,allotted
Bihar PGMAC,Bihar,2025,R3,NEET_AIR,12792.0,I.G.I.M.S. PATNA,MEDICINE,(Degree) - Female,,DEGREE,Bihar__PGMAC Round 3 Allotment.txt,181,allotted
Bihar PGMAC,Bihar,2025,R3,NEET_AIR,12812.0,D.M.C.LAHERIASARAI,General Surgery,(Degree) - Female,,DEGREE,Bihar__PGMAC Round 3 Allotment.txt,183,allotted
Bihar PGMAC,Bihar,2025,R3,NEET_AIR,12820.0,S.K.M.C. MUZAFFARPUR,OBS & GYNAE,(Degree) - Female,,DEGREE,Bihar__PGMAC Round 3 Allotment.txt,185,allotted
Bihar PGMAC,Bihar,2025,R3,NEET_AIR,12929.0,S.K.M.C. MUZAFFARPUR,General Medicine,- Female,,DEGREE,Bihar__PGMAC Round 3 Allotment.txt,187,allotted
Bihar PGMAC,Bihar,2025,R3,NEET_AIR,12977.0,A.N.M.M.C. GAYA,OBS & GYNAE,(Degree),,DEGREE,Bihar__PGMAC Round 3 Allotment.txt,189,allotted
Bihar PGMAC,Bihar,2025,R3,NEET_AIR,13057.0,J.L.N.M.C. BHAGALPUR,General Surgery,UR (Degree),,DEGREE,Bihar__PGMAC Round 3 Allotment.txt,191,allotted
Bihar PGMAC,Bihar,2025,R3,NEET_AIR,13121.0,D.M.C.LAHERIASARAI,General Medicine,(Degree) - Female,,DEGREE,Bihar__PGMAC Round 3 Allotment.txt,193,allotted
Bihar PGMAC,Bihar,2025,R3,NEET_AIR,13131.0,D.M.C.LAHERIASARAI,OBS & GYNAE,- Female,,DEGREE,Bihar__PGMAC Round 3 Allotment.txt,195,allotted
Bihar PGMAC,Bihar,2025,R3,NEET_AIR,13255.0,A.N.M.M.C. GAYA,OBS & GYNAE,(Degree),,DEGREE,Bihar__PGMAC Round 3 Allotment.txt,197,allotted
Bihar PGMAC,Bihar,2025,R3,NEET_AIR,13503.0,D.M.C.LAHERIASARAI,General Surgery,(Degree),,DEGREE,Bihar__PGMAC Round 3 Allotment.txt,199,allotted
Bihar PGMAC,Bihar,2025,R3,NEET_AIR,13561.0,J.L.N.M.C. BHAGALPUR,Orthopaedics,(Degree),,DEGREE,Bihar__PGMAC Round 3 Allotment.txt,201,allotted
Bihar PGMAC,Bihar,2025,R3,NEET_AIR,13575.0,3.EBC(DIPLOMA)- 32,D.M.C.LAHERIASARAI,General,,DEGREE,Bihar__PGMAC Round 3 Allotment.txt,203,allotted
Bihar PGMAC,Bihar,2025,R3,NEET_AIR,13599.0,I.G.I.M.S. PATNA,MEDICINE,BC,,DEGREE,Bihar__PGMAC Round 3 Allotment.txt,205,allotted
Bihar PGMAC,Bihar,2025,R3,NEET_AIR,13624.0,3.RCG(DIPLOMA)- 38,D.M.C.LAHERIASARAI,OBS & GYNAE,,DEGREE,Bihar__PGMAC Round 3 Allotment.txt,207,allotted
Bihar PGMAC,Bihar,2025,R3,NEET_AIR,13864.0,D.M.C.LAHERIASARAI,Paediatrics,(Degree),,DEGREE,Bihar__PGMAC Round 3 Allotment.txt,209,allotted
Bihar PGMAC,Bihar,2025,R3,NEET_AIR,14528.0,J.L.N.M.C. BHAGALPUR,Paediatrics,- Female,,DEGREE,Bihar__PGMAC Round 3 Allotment.txt,211,allotted
Bihar PGMAC,Bihar,2025,R3,NEET_AIR,14683.0,S.K.M.C. MUZAFFARPUR,OBS & GYNAE,(Degree),,DEGREE,Bihar__PGMAC Round 3 Allotment.txt,213,allotted
Bihar PGMAC,Bihar,2025,R3,NEET_AIR,15217.0,I.G.I.M.S. PATNA,General Surgery,(Degree),,DEGREE,Bihar__PGMAC Round 3 Allotment.txt,215,allotted
Bihar PGMAC,Bihar,2025,R3,NEET_AIR,15482.0,S.K.M.C. MUZAFFARPUR,General Surgery,(Degree),,DEGREE,Bihar__PGMAC Round 3 Allotment.txt,217,allotted
Bihar PGMAC,Bihar,2025,R3,NEET_AIR,15557.0,J.L.N.M.C. BHAGALPUR,Paediatrics,(Degree),,DEGREE,Bihar__PGMAC Round 3 Allotment.txt,219,allotted
Bihar PGMAC,Bihar,2025,R3,NEET_AIR,15649.0,S.K.M.C. MUZAFFARPUR,OBS & GYNAE,Female,,DEGREE,Bihar__PGMAC Round 3 Allotment.txt,221,allotted
Bihar PGMAC,Bihar,2025,R3,NEET_AIR,15697.0,A.N.M.M.C. GAYA,OBS & GYNAE,BC,,DEGREE,Bihar__PGMAC Round 3 Allotment.txt,223,allotted
Bihar PGMAC,Bihar,2025,R3,NEET_AIR,15721.0,I.G.I.M.S. PATNA,E.N.T.,(Degree) - Female,,DEGREE,Bihar__PGMAC Round 3 Allotment.txt,225,allotted
Bihar PGMAC,Bihar,2025,R3,NEET_AIR,15737.0,3.EBC(DIPLOMA)- 41,D.M.C.LAHERIASARAI,Paediatrics,,DEGREE,Bihar__PGMAC Round 3 Allotment.txt,227,allotted
Bihar PGMAC,Bihar,2025,R3,NEET_AIR,15788.0,A.N.M.M.C. GAYA,Paediatrics,BC,,DEGREE,Bihar__PGMAC Round 3 Allotment.txt,229,allotted
Bihar PGMAC,Bihar,2025,R3,NEET_AIR,16480.0,3.RCG(DIPLOMA)- 53,"G.M.C., BETTIAH",OBS & GYNAE,,DEGREE,Bihar__PGMAC Round 3 Allotment.txt,231,allotted
Bihar PGMAC,Bihar,2025,R3,NEET_AIR,16592.0,J.L.N.M.C. BHAGALPUR,MEDICINE,(Degree),,DEGREE,Bihar__PGMAC Round 3 Allotment.txt,233,allotted
Bihar PGMAC,Bihar,2025,R3,NEET_AIR,16754.0,P.M.C.PATNA,OPHTHALMOLOGY,Female,,DEGREE,Bihar__PGMAC Round 3 Allotment.txt,235,allotted
Bihar PGMAC,Bihar,2025,R3,NEET_AIR,16812.0,I.G.I.M.S. PATNA,OPHTHALMOLOGY,(Degree),,DEGREE,Bihar__PGMAC Round 3 Allotment.txt,237,allotted
Bihar PGMAC,Bihar,2025,R3,NEET_AIR,17077.0,A.N.M.M.C. GAYA,Paediatrics,(Degree) - Female,,DEGREE,Bihar__PGMAC Round 3 Allotment.txt,239,allotted
Bihar PGMAC,Bihar,2025,R3,NEET_AIR,17114.0,I.G.I.M.S. PATNA,OPHTHALMOLOGY,- Female,,DEGREE,Bihar__PGMAC Round 3 Allotment.txt,241,allotted
Bihar PGMAC,Bihar,2025,R3,NEET_AIR,17723.0,D.M.C.LAHERIASARAI,General Surgery,Female,,DEGREE,Bihar__PGMAC Round 3 Allotment.txt,243,allotted
Bihar PGMAC,Bihar,2025,R3,NEET_AIR,17880.0,I.G.I.M.S. PATNA,Orthopaedics,(Degree),,DEGREE,Bihar__PGMAC Round 3 Allotment.txt,245,allotted
Bihar PGMAC,Bihar,2025,R3,NEET_AIR,18479.0,J.L.N.M.C. BHAGALPUR,General Surgery,(Degree) - Female,,DEGREE,Bihar__PGMAC Round 3 Allotment.txt,247,allotted
Bihar PGMAC,Bihar,2025,R3,NEET_AIR,18672.0,S.K.M.C. MUZAFFARPUR,General Surgery,(Degree) - Female,,DEGREE,Bihar__PGMAC Round 3 Allotment.txt,251,allotted
Bihar PGMAC,Bihar,2025,R3,NEET_AIR,19021.0,I.G.I.M.S. PATNA,Anaesthesiology,(Degree) - Female,,DEGREE,Bihar__PGMAC Round 3 Allotment.txt,253,allotted
Bihar PGMAC,Bihar,2025,R3,NEET_AIR,19486.0,A.N.M.M.C. GAYA,General Surgery,(Degree),,DEGREE,Bihar__PGMAC Round 3 Allotment.txt,255,allotted
Bihar PGMAC,Bihar,2025,R3,NEET_AIR,19556.0,I.G.I.M.S. PATNA,Anaesthesiology,(Degree),,DEGREE,Bihar__PGMAC Round 3 Allotment.txt,257,allotted
Bihar PGMAC,Bihar,2025,R3,NEET_AIR,19589.0,"B.M.I.M.S,PAWAPURI, NALANDA",General Surgery,(Degree),,DEGREE,Bihar__PGMAC Round 3 Allotment.txt,261,allotted
Bihar PGMAC,Bihar,2025,R3,NEET_AIR,19598.0,J.L.N.M.C. BHAGALPUR,Paediatrics,(Degree) - Female,,DEGREE,Bihar__PGMAC Round 3 Allotment.txt,263,allotted
Bihar PGMAC,Bihar,2025,R3,NEET_AIR,19637.0,3.SC(DIPLOMA)- 2,N.M.C. PATNA,General,,DEGREE,Bihar__PGMAC Round 3 Allotment.txt,265,allotted
Bihar PGMAC,Bihar,2025,R3,NEET_AIR,19795.0,"B.M.I.M.S,PAWAPURI, NALANDA",General Surgery,BC,,DEGREE,Bihar__PGMAC Round 3 Allotment.txt,267,allotted
Bihar PGMAC,Bihar,2025,R3,NEET_AIR,20071.0,D.M.C.LAHERIASARAI,General Surgery,(Degree) - Female,,DEGREE,Bihar__PGMAC Round 3 Allotment.txt,269,allotted
Bihar PGMAC,Bihar,2025,R3,NEET_AIR,20233.0,3.EBC(DIPLOMA)- 68,I.G.I.M.S. PATNA,Anaesthesiology,,DEGREE,Bihar__PGMAC Round 3 Allotment.txt,271,allotted
Bihar PGMAC,Bihar,2025,R3,NEET_AIR,21014.0,3.BC(DIPLOMA)- 107,P.M.C.PATNA,Anaesthesiology,,DEGREE,Bihar__PGMAC Round 3 Allotment.txt,273,allotted
Bihar PGMAC,Bihar,2025,R3,NEET_AIR,21095.0,I.G.I.M.S. PATNA,Anaesthesiology,UR (Degree),,DEGREE,Bihar__PGMAC Round 3 Allotment.txt,275,allotted
Bihar PGMAC,Bihar,2025,R3,NEET_AIR,21526.0,P.M.C.PATNA,OPHTHALMOLOGY,(Degree) - Female,,DEGREE,Bihar__PGMAC Round 3 Allotment.txt,277,allotted
Bihar PGMAC,Bihar,2025,R3,NEET_AIR,21577.0,P.M.C.PATNA,Anaesthesiology,(Degree),,DEGREE,Bihar__PGMAC Round 3 Allotment.txt,279,allotted
Bihar PGMAC,Bihar,2025,R3,NEET_AIR,21650.0,I.G.I.M.S. PATNA,Anaesthesiology,UR (Degree),,DEGREE,Bihar__PGMAC Round 3 Allotment.txt,281,allotted
Bihar PGMAC,Bihar,2025,R3,NEET_AIR,21656.0,3.SC(DIPLOMA)- 3,J.L.N.M.C. BHAGALPUR,General,,DEGREE,Bihar__PGMAC Round 3 Allotment.txt,283,allotted
Bihar PGMAC,Bihar,2025,R3,NEET_AIR,22113.0,D.M.C.LAHERIASARAI,General Surgery,- Female,,DEGREE,Bihar__PGMAC Round 3 Allotment.txt,285,allotted
Bihar PGMAC,Bihar,2025,R3,NEET_AIR,22682.0,3.SC(DIPLOMA)- 4,D.M.C.LAHERIASARAI,General,,DEGREE,Bihar__PGMAC Round 3 Allotment.txt,287,allotted
Bihar PGMAC,Bihar,2025,R3,NEET_AIR,22820.0,N.M.C. PATNA,General Surgery,(Degree),,DEGREE,Bihar__PGMAC Round 3 Allotment.txt,289,allotted
Bihar PGMAC,Bihar,2025,R3,NEET_AIR,22981.0,J.L.N.M.C. BHAGALPUR,General Surgery,- Female,,DEGREE,Bihar__PGMAC Round 3 Allotment.txt,291,allotted
Bihar PGMAC,Bihar,2025,R3,NEET_AIR,23014.0,P.M.C.PATNA,E.N.T.,- Female,,DEGREE,Bihar__PGMAC Round 3 Allotment.txt,293,allotted
Bihar PGMAC,Bihar,2025,R3,NEET_AIR,23403.0,P.M.C.PATNA,Psychiatry,UR (Degree),,DEGREE,Bihar__PGMAC Round 3 Allotment.txt,297,allotted
Bihar PGMAC,Bihar,2025,R3,NEET_AIR,23477.0,3.BC(DIPLOMA)- 124,J.L.N.M.C. BHAGALPUR,Psychiatry,,DEGREE,Bihar__PGMAC Round 3 Allotment.txt,299,allotted
Bihar PGMAC,Bihar,2025,R3,NEET_AIR,24071.0,P.M.C.PATNA,Anaesthesiology,(Degree),,DEGREE,Bihar__PGMAC Round 3 Allotment.txt,301,allotted
Bihar PGMAC,Bihar,2025,R3,NEET_AIR,24204.0,N.M.C. PATNA,OPHTHALMOLOGY,(Degree) - Female,,DEGREE,Bihar__PGMAC Round 3 Allotment.txt,303,allotted
Bihar PGMAC,Bihar,2025,R3,NEET_AIR,24830.0,J.L.N.M.C. BHAGALPUR,General Surgery,(Degree),,DEGREE,Bihar__PGMAC Round 3 Allotment.txt,305,allotted
Bihar PGMAC,Bihar,2025,R3,NEET_AIR,24892.0,P.M.C.PATNA,OPHTHALMOLOGY,(Degree),,DEGREE,Bihar__PGMAC Round 3 Allotment.txt,307,allotted
Bihar PGMAC,Bihar,2025,R3,NEET_AIR,25007.0,P.M.C.PATNA,E.N.T.,(Degree),,DEGREE,Bihar__PGMAC Round 3 Allotment.txt,309,allotted
Bihar PGMAC,Bihar,2025,R3,NEET_AIR,26585.0,N.M.C. PATNA,Orthopaedics,- Female,,DEGREE,Bihar__PGMAC Round 3 Allotment.txt,311,allotted
Bihar PGMAC,Bihar,2025,R3,NEET_AIR,26789.0,3.BC(DIPLOMA)- 140,J.L.N.M.C. BHAGALPUR,OPHTHALMOLOGY,,DEGREE,Bihar__PGMAC Round 3 Allotment.txt,313,allotted
Bihar PGMAC,Bihar,2025,R3,NEET_AIR,26816.0,I.G.I.M.S. PATNA,Anaesthesiology,- Female,,DEGREE,Bihar__PGMAC Round 3 Allotment.txt,315,allotted
Bihar PGMAC,Bihar,2025,R3,NEET_AIR,27054.0,D.M.C.LAHERIASARAI,OPHTHALMOLOGY,(Degree),,DEGREE,Bihar__PGMAC Round 3 Allotment.txt,317,allotted
Bihar PGMAC,Bihar,2025,R3,NEET_AIR,28297.0,D.M.C.LAHERIASARAI,Orthopaedics,UR (Degree) - Female,,DEGREE,Bihar__PGMAC Round 3 Allotment.txt,320,allotted
Bihar PGMAC,Bihar,2025,R3,NEET_AIR,28410.0,D.M.C.LAHERIASARAI,Anaesthesiology,(Degree) - Female,,DEGREE,Bihar__PGMAC Round 3 Allotment.txt,322,allotted
Bihar PGMAC,Bihar,2025,R3,NEET_AIR,29106.0,N.M.C. PATNA,Anaesthesiology,UR (Degree),,DEGREE,Bihar__PGMAC Round 3 Allotment.txt,324,allotted
Bihar PGMAC,Bihar,2025,R3,NEET_AIR,29238.0,K.M.C. KATIHAR,General Medicine,(Degree),,DEGREE,Bihar__PGMAC Round 3 Allotment.txt,326,allotted
Bihar PGMAC,Bihar,2025,R3,NEET_AIR,29263.0,I.G.I.M.S. PATNA,Anaesthesiology,(Degree) - Female,,DEGREE,Bihar__PGMAC Round 3 Allotment.txt,328,allotted
Bihar PGMAC,Bihar,2025,R3,NEET_AIR,29496.0,P.M.C.PATNA,Psychiatry,- Female,,DEGREE,Bihar__PGMAC Round 3 Allotment.txt,330,allotted
Bihar PGMAC,Bihar,2025,R3,NEET_AIR,29653.0,3.SC(DIPLOMA)- 5,I.G.I.M.S. PATNA,RADIO ONCOLOGY,,DEGREE,Bihar__PGMAC Round 3 Allotment.txt,332,allotted
Bihar PGMAC,Bihar,2025,R3,NEET_AIR,30026.0,3.SC(DIPLOMA)- 6,P.M.C.PATNA,Orthopaedics,,DEGREE,Bihar__PGMAC Round 3 Allotment.txt,334,allotted
Bihar PGMAC,Bihar,2025,R3,NEET_AIR,30078.0,P.M.C.PATNA,E.N.T.,UR (Degree),,DEGREE,Bihar__PGMAC Round 3 Allotment.txt,336,allotted
Bihar PGMAC,Bihar,2025,R3,NEET_AIR,30461.0,I.G.I.M.S. PATNA,Anaesthesiology,(Degree),,DEGREE,Bihar__PGMAC Round 3 Allotment.txt,338,allotted
Bihar PGMAC,Bihar,2025,R3,NEET_AIR,30585.0,3.RCG(DIPLOMA)- 130,N.M.C. PATNA,OBS & GYNAE,,DEGREE,Bihar__PGMAC Round 3 Allotment.txt,340,allotted
Bihar PGMAC,Bihar,2025,R3,NEET_AIR,30925.0,N.M.C. PATNA,E.N.T.,(Degree),,DEGREE,Bihar__PGMAC Round 3 Allotment.txt,342,allotted
Bihar PGMAC,Bihar,2025,R3,NEET_AIR,31525.0,N.M.C. PATNA,Anaesthesiology,(Degree),,DEGREE,Bihar__PGMAC Round 3 Allotment.txt,344,allotted
Bihar PGMAC,Bihar,2025,R3,NEET_AIR,31707.0,D.M.C.LAHERIASARAI,Anaesthesiology,(Degree),,DEGREE,Bihar__PGMAC Round 3 Allotment.txt,346,allotted
Bihar PGMAC,Bihar,2025,R3,NEET_AIR,32011.0,N.M.C. PATNA,E.N.T.,UR (Degree),,DEGREE,Bihar__PGMAC Round 3 Allotment.txt,348,allotted
Bihar PGMAC,Bihar,2025,R3,NEET_AIR,32018.0,D.M.C.LAHERIASARAI,OPHTHALMOLOGY,UR (Degree),,DEGREE,Bihar__PGMAC Round 3 Allotment.txt,350,allotted
Bihar PGMAC,Bihar,2025,R3,NEET_AIR,32053.0,I.G.I.M.S. PATNA,Pathology,(Degree),,DEGREE,Bihar__PGMAC Round 3 Allotment.txt,352,allotted
Bihar PGMAC,Bihar,2025,R3,NEET_AIR,32197.0,I.G.I.M.S. PATNA,Psychiatry,(Degree) - Female,,DEGREE,Bihar__PGMAC Round 3 Allotment.txt,354,allotted
Bihar PGMAC,Bihar,2025,R3,NEET_AIR,32358.0,D.M.C.LAHERIASARAI,E.N.T.,UR (Degree),,DEGREE,Bihar__PGMAC Round 3 Allotment.txt,356,allotted
Bihar PGMAC,Bihar,2025,R3,NEET_AIR,32909.0,D.M.C.LAHERIASARAI,OBS & GYNAE,- Female,,DEGREE,Bihar__PGMAC Round 3 Allotment.txt,358,allotted
Bihar PGMAC,Bihar,2025,R3,NEET_AIR,33465.0,"COLLEGE & HOSPITAL, SAHARSA",General Surgery,(Degree),,DEGREE,Bihar__PGMAC Round 3 Allotment.txt,361,allotted
Bihar PGMAC,Bihar,2025,R3,NEET_AIR,34140.0,N.M.C. PATNA,Anaesthesiology,UR (Degree),,DEGREE,Bihar__PGMAC Round 3 Allotment.txt,363,allotted
Bihar PGMAC,Bihar,2025,R3,NEET_AIR,34432.0,I.G.I.M.S. PATNA,General Medicine,- Female,,DEGREE,Bihar__PGMAC Round 3 Allotment.txt,365,allotted
Bihar PGMAC,Bihar,2025,R3,NEET_AIR,34771.0,3.SC(DIPLOMA)- 11,N.M.C. PATNA,Paediatrics,,DEGREE,Bihar__PGMAC Round 3 Allotment.txt,367,allotted
Bihar PGMAC,Bihar,2025,R3,NEET_AIR,35105.0,3.SC(DIPLOMA)- 12,P.M.C.PATNA,General,,DEGREE,Bihar__PGMAC Round 3 Allotment.txt,369,allotted
Bihar PGMAC,Bihar,2025,R3,NEET_AIR,35213.0,K.M.C. KATIHAR,General Medicine,(Degree),,DEGREE,Bihar__PGMAC Round 3 Allotment.txt,371,allotted
Bihar PGMAC,Bihar,2025,R3,NEET_AIR,35500.0,D.M.C.LAHERIASARAI,Anaesthesiology,UR (Degree),,DEGREE,Bihar__PGMAC Round 3 Allotment.txt,373,allotted
Bihar PGMAC,Bihar,2025,R3,NEET_AIR,35730.0,3.RCG(DIPLOMA)- 148,D.M.C.LAHERIASARAI,General,,DEGREE,Bihar__PGMAC Round 3 Allotment.txt,375,allotted
Bihar PGMAC,Bihar,2025,R3,NEET_AIR,38313.0,3.RCG(DIPLOMA)- 154,D.M.C.LAHERIASARAI,OBS & GYNAE,,DEGREE,Bihar__PGMAC Round 3 Allotment.txt,379,allotted
Bihar PGMAC,Bihar,2025,R3,NEET_AIR,38706.0,3.SC(DIPLOMA)- 16,A.N.M.M.C. GAYA,Orthopaedics,,DEGREE,Bihar__PGMAC Round 3 Allotment.txt,383,allotted
Bihar PGMAC,Bihar,2025,R3,NEET_AIR,38785.0,P.M.C.PATNA,Anaesthesiology,(Degree) - Female,,DEGREE,Bihar__PGMAC Round 3 Allotment.txt,385,allotted
Bihar PGMAC,Bihar,2025,R3,NEET_AIR,39117.0,D.M.C.LAHERIASARAI,Anaesthesiology,(Degree),,DEGREE,Bihar__PGMAC Round 3 Allotment.txt,389,allotted
Bihar PGMAC,Bihar,2025,R3,NEET_AIR,40171.0,3.SC(DIPLOMA)- 21,I.G.I.M.S. PATNA,General,,DEGREE,Bihar__PGMAC Round 3 Allotment.txt,393,allotted
Bihar PGMAC,Bihar,2025,R3,NEET_AIR,41125.0,A.N.M.M.C. GAYA,Anaesthesiology,(Degree),,DEGREE,Bihar__PGMAC Round 3 Allotment.txt,399,allotted
Bihar PGMAC,Bihar,2025,R3,NEET_AIR,41220.0,P.M.C.PATNA,Orthopaedics,- Female,,DEGREE,Bihar__PGMAC Round 3 Allotment.txt,401,allotted
Bihar PGMAC,Bihar,2025,R3,NEET_AIR,41731.0,KISHANGANJ,Radiodiagnosis,(Degree),,DEGREE,Bihar__PGMAC Round 3 Allotment.txt,403,allotted
Bihar PGMAC,Bihar,2025,R3,NEET_AIR,42274.0,3.RCG(DIPLOMA)- 164,J.L.N.M.C. BHAGALPUR,Psychiatry,,DEGREE,Bihar__PGMAC Round 3 Allotment.txt,405,allotted
Bihar PGMAC,Bihar,2025,R3,NEET_AIR,42333.0,3.RCG(DIPLOMA)- 165,D.M.C.LAHERIASARAI,Paediatrics,,DEGREE,Bihar__PGMAC Round 3 Allotment.txt,407,allotted
Bihar PGMAC,Bihar,2025,R3,NEET_AIR,42357.0,"G.M.C., BETTIAH",OPHTHALMOLOGY,(Degree),,DEGREE,Bihar__PGMAC Round 3 Allotment.txt,409,allotted
Bihar PGMAC,Bihar,2025,R3,NEET_AIR,42562.0,K.M.C. KATIHAR,General Medicine,(Degree),,DEGREE,Bihar__PGMAC Round 3 Allotment.txt,411,allotted
Bihar PGMAC,Bihar,2025,R3,NEET_AIR,43781.0,3.RCG(DIPLOMA)- 169,I.G.I.M.S. PATNA,Anaesthesiology,,DEGREE,Bihar__PGMAC Round 3 Allotment.txt,413,allotted
Bihar PGMAC,Bihar,2025,R3,NEET_AIR,43910.0,3.RCG(DIPLOMA)- 171,P.M.C.PATNA,Anaesthesiology,,DEGREE,Bihar__PGMAC Round 3 Allotment.txt,415,allotted
Bihar PGMAC,Bihar,2025,R3,NEET_AIR,44107.0,"N.M.C &.H, SASARAM",General Medicine,(Degree),,DEGREE,Bihar__PGMAC Round 3 Allotment.txt,417,allotted
Bihar PGMAC,Bihar,2025,R3,NEET_AIR,44139.0,3.SC(DIPLOMA)- 29,N.M.C. PATNA,General,,DEGREE,Bihar__PGMAC Round 3 Allotment.txt,419,allotted
Bihar PGMAC,Bihar,2025,R3,NEET_AIR,44306.0,"COLLEGE & HOSPITAL, SAHARSA",General Medicine,(Degree),,DEGREE,Bihar__PGMAC Round 3 Allotment.txt,422,allotted
Bihar PGMAC,Bihar,2025,R3,NEET_AIR,44817.0,"COLLEGE & HOSPITAL, SAHARSA",General Surgery,(Degree),,DEGREE,Bihar__PGMAC Round 3 Allotment.txt,427,allotted
Bihar PGMAC,Bihar,2025,R3,NEET_AIR,45472.0,P.M.C.PATNA,Orthopaedics,(Degree) - Female,,DEGREE,Bihar__PGMAC Round 3 Allotment.txt,432,allotted
Bihar PGMAC,Bihar,2025,R3,NEET_AIR,46141.0,K.M.C. KATIHAR,General Medicine,(Degree),,DEGREE,Bihar__PGMAC Round 3 Allotment.txt,434,allotted
Bihar PGMAC,Bihar,2025,R3,NEET_AIR,46666.0,"COLLEGE & HOSPITAL, SAHARSA",General Surgery,(Degree),,DEGREE,Bihar__PGMAC Round 3 Allotment.txt,437,allotted
Bihar PGMAC,Bihar,2025,R3,NEET_AIR,47635.0,"COLLEGE & HOSPITAL, SAHARSA",OBS & GYNAE,(Degree),,DEGREE,Bihar__PGMAC Round 3 Allotment.txt,444,allotted
Bihar PGMAC,Bihar,2025,R3,NEET_AIR,48144.0,"COLLEGE & HOSPITAL, SAHARSA",Orthopaedics,(Degree),,DEGREE,Bihar__PGMAC Round 3 Allotment.txt,447,allotted
Bihar PGMAC,Bihar,2025,R3,NEET_AIR,48405.0,3.BC(DIPLOMA)- 176,P.M.C.PATNA,Pathology,,DEGREE,Bihar__PGMAC Round 3 Allotment.txt,449,allotted
Bihar PGMAC,Bihar,2025,R3,NEET_AIR,49086.0,"N.M.C &.H, SASARAM",Radiodiagnosis,(Degree),,DEGREE,Bihar__PGMAC Round 3 Allotment.txt,451,allotted
Bihar PGMAC,Bihar,2025,R3,NEET_AIR,49393.0,KISHANGANJ,E.N.T.,(Degree),,DEGREE,Bihar__PGMAC Round 3 Allotment.txt,453,allotted
Bihar PGMAC,Bihar,2025,R3,NEET_AIR,49738.0,COLLEGE & HOSPITAL,OBS & GYNAE,(Degree),,DEGREE,Bihar__PGMAC Round 3 Allotment.txt,455,allotted
Bihar PGMAC,Bihar,2025,R3,NEET_AIR,49906.0,K.M.C. KATIHAR,General Medicine,(Degree),,DEGREE,Bihar__PGMAC Round 3 Allotment.txt,457,allotted
Bihar PGMAC,Bihar,2025,R3,NEET_AIR,50351.0,A.N.M.M.C. GAYA,Anaesthesiology,- Female,,DEGREE,Bihar__PGMAC Round 3 Allotment.txt,459,allotted
Bihar PGMAC,Bihar,2025,R3,NEET_AIR,50906.0,KISHANGANJ,Paediatrics,(Degree),,DEGREE,Bihar__PGMAC Round 3 Allotment.txt,461,allotted
Bihar PGMAC,Bihar,2025,R3,NEET_AIR,51670.0,3.SC(DIPLOMA)- 35,N.M.C. PATNA,Anaesthesiology,,DEGREE,Bihar__PGMAC Round 3 Allotment.txt,463,allotted
Bihar PGMAC,Bihar,2025,R3,NEET_AIR,51997.0,I.G.I.M.S. PATNA,Pathology,(Degree),,DEGREE,Bihar__PGMAC Round 3 Allotment.txt,467,allotted
Bihar PGMAC,Bihar,2025,R3,NEET_AIR,52014.0,"N.M.C &.H, SASARAM",General Medicine,(Degree),,DEGREE,Bihar__PGMAC Round 3 Allotment.txt,469,allotted
Bihar PGMAC,Bihar,2025,R3,NEET_AIR,52122.0,"COLLEGE & HOSPITAL, SAHARSA",General Medicine,(Degree),,DEGREE,Bihar__PGMAC Round 3 Allotment.txt,474,allotted
Bihar PGMAC,Bihar,2025,R3,NEET_AIR,52356.0,KISHANGANJ,OPHTHALMOLOGY,(Degree),,DEGREE,Bihar__PGMAC Round 3 Allotment.txt,478,allotted
Bihar PGMAC,Bihar,2025,R3,NEET_AIR,53024.0,D.M.C.LAHERIASARAI,OPHTHALMOLOGY,- Female,,DEGREE,Bihar__PGMAC Round 3 Allotment.txt,480,allotted
Bihar PGMAC,Bihar,2025,R3,NEET_AIR,53718.0,KISHANGANJ,OPHTHALMOLOGY,(Degree),,DEGREE,Bihar__PGMAC Round 3 Allotment.txt,482,allotted
Bihar PGMAC,Bihar,2025,R3,NEET_AIR,54608.0,P.M.C.PATNA,Pathology,(Degree) - Female,,DEGREE,Bihar__PGMAC Round 3 Allotment.txt,484,allotted
Bihar PGMAC,Bihar,2025,R3,NEET_AIR,55744.0,COLLEGE & HOSPITAL,Radiodiagnosis,(Degree),,DEGREE,Bihar__PGMAC Round 3 Allotment.txt,490,allotted
Bihar PGMAC,Bihar,2025,R3,NEET_AIR,56119.0,P.M.C.PATNA,Pathology,(Degree),,DEGREE,Bihar__PGMAC Round 3 Allotment.txt,494,allotted
Bihar PGMAC,Bihar,2025,R3,NEET_AIR,56247.0,3.RCG(DIPLOMA)- 195,D.M.C.LAHERIASARAI,Pathology,,DEGREE,Bihar__PGMAC Round 3 Allotment.txt,496,allotted
Bihar PGMAC,Bihar,2025,R3,NEET_AIR,56302.0,"COLLEGE & HOSPITAL, SAHARSA",General Medicine,(Degree),,DEGREE,Bihar__PGMAC Round 3 Allotment.txt,499,allotted
Bihar PGMAC,Bihar,2025,R3,NEET_AIR,56373.0,J.L.N.M.C. BHAGALPUR,General Surgery,- Female,,DEGREE,Bihar__PGMAC Round 3 Allotment.txt,501,allotted
Bihar PGMAC,Bihar,2025,R3,NEET_AIR,56709.0,P.M.C.PATNA,Pathology,UR (Degree) - Female,,DEGREE,Bihar__PGMAC Round 3 Allotment.txt,504,allotted
Bihar PGMAC,Bihar,2025,R3,NEET_AIR,56959.0,J.L.N.M.C. BHAGALPUR,Pathology,(Degree),,DEGREE,Bihar__PGMAC Round 3 Allotment.txt,506,allotted
Bihar PGMAC,Bihar,2025,R3,NEET_AIR,57004.0,KISHANGANJ,General Surgery,(Degree),,DEGREE,Bihar__PGMAC Round 3 Allotment.txt,508,allotted
Bihar PGMAC,Bihar,2025,R3,NEET_AIR,57613.0,K.M.C. KATIHAR,General Medicine,(Degree),,DEGREE,Bihar__PGMAC Round 3 Allotment.txt,510,allotted
Bihar PGMAC,Bihar,2025,R3,NEET_AIR,58460.0,KISHANGANJ,General Surgery,(Degree),,DEGREE,Bihar__PGMAC Round 3 Allotment.txt,512,allotted
Bihar PGMAC,Bihar,2025,R3,NEET_AIR,58855.0,"COLLEGE & HOSPITAL, SAHARSA",Paediatrics,(Degree),,DEGREE,Bihar__PGMAC Round 3 Allotment.txt,517,allotted
Bihar PGMAC,Bihar,2025,R3,NEET_AIR,59086.0,K.M.C. KATIHAR,OPHTHALMOLOGY,(Degree),,DEGREE,Bihar__PGMAC Round 3 Allotment.txt,519,allotted
Bihar PGMAC,Bihar,2025,R3,NEET_AIR,59242.0,"COLLEGE & HOSPITAL, SAHARSA",Orthopaedics,(Degree),,DEGREE,Bihar__PGMAC Round 3 Allotment.txt,522,allotted
Bihar PGMAC,Bihar,2025,R3,NEET_AIR,59515.0,S.K.M.C. MUZAFFARPUR,Pathology,(Degree),,DEGREE,Bihar__PGMAC Round 3 Allotment.txt,524,allotted
Bihar PGMAC,Bihar,2025,R3,NEET_AIR,60990.0,COLLEGE & HOSPITAL,Radiodiagnosis,(Degree),,DEGREE,Bihar__PGMAC Round 3 Allotment.txt,526,allotted
Bihar PGMAC,Bihar,2025,R3,NEET_AIR,61322.0,SAHARSA,General Surgery,(Degree),,DEGREE,Bihar__PGMAC Round 3 Allotment.txt,529,allotted
Bihar PGMAC,Bihar,2025,R3,NEET_AIR,62356.0,3.BC(DIPLOMA)- 197,N.M.C. PATNA,COMMUNITY MEDICINE (Degree),,DEGREE,Bihar__PGMAC Round 3 Allotment.txt,531,allotted
Bihar PGMAC,Bihar,2025,R3,NEET_AIR,62468.0,3.RCG(DIPLOMA)- 208,D.M.C.LAHERIASARAI,E.N.T.,,DEGREE,Bihar__PGMAC Round 3 Allotment.txt,533,allotted
Bihar PGMAC,Bihar,2025,R3,NEET_AIR,62616.0,COLLEGE & HOSPITAL,Radiodiagnosis,(Degree),,DEGREE,Bihar__PGMAC Round 3 Allotment.txt,535,allotted
Bihar PGMAC,Bihar,2025,R3,NEET_AIR,62697.0,N.M.C. PATNA,Pathology,(Degree),,DEGREE,Bihar__PGMAC Round 3 Allotment.txt,537,allotted
Bihar PGMAC,Bihar,2025,R3,NEET_AIR,63202.0,"N.M.C &.H, SASARAM",General Medicine,(Degree),,DEGREE,Bihar__PGMAC Round 3 Allotment.txt,541,allotted
Bihar PGMAC,Bihar,2025,R3,NEET_AIR,63267.0,"N.M.C &.H, SASARAM",E.N.T.,(Degree),,DEGREE,Bihar__PGMAC Round 3 Allotment.txt,543,allotted
Bihar PGMAC,Bihar,2025,R3,NEET_AIR,63545.0,"COLLEGE & HOSPITAL, SAHARSA",Anaesthesiology,(Degree),,DEGREE,Bihar__PGMAC Round 3 Allotment.txt,546,allotted
Bihar PGMAC,Bihar,2025,R3,NEET_AIR,64655.0,KISHANGANJ,E.N.T.,(Degree),,DEGREE,Bihar__PGMAC Round 3 Allotment.txt,548,allotted
Bihar PGMAC,Bihar,2025,R3,NEET_AIR,65800.0,COLLEGE & HOSPITAL,General Medicine,(Degree),,DEGREE,Bihar__PGMAC Round 3 Allotment.txt,552,allotted
Bihar PGMAC,Bihar,2025,R3,NEET_AIR,65853.0,COLLEGE & HOSPITAL,General Medicine,(Degree),,DEGREE,Bihar__PGMAC Round 3 Allotment.txt,554,allotted
Bihar PGMAC,Bihar,2025,R3,NEET_AIR,65946.0,"N.M.C &.H, SASARAM",General Medicine,(Degree),,DEGREE,Bihar__PGMAC Round 3 Allotment.txt,556,allotted
Bihar PGMAC,Bihar,2025,R3,NEET_AIR,66248.0,SAHARSA,General Medicine,(Degree),,DEGREE,Bihar__PGMAC Round 3 Allotment.txt,559,allotted
Bihar PGMAC,Bihar,2025,R3,NEET_AIR,66562.0,3.UR(DIPLOMA)- 671,HOSPITAL TURKI MUZAFFARPUR Radiodiagnosis,(Degree),,DEGREE,Bihar__PGMAC Round 3 Allotment.txt,564,allotted
Bihar PGMAC,Bihar,2025,R3,NEET_AIR,66749.0,MADHUBANI,General Medicine,(Degree),,DEGREE,Bihar__PGMAC Round 3 Allotment.txt,568,allotted
Bihar PGMAC,Bihar,2025,R3,NEET_AIR,67255.0,A.N.M.M.C. GAYA,General Surgery,- Female,,DEGREE,Bihar__PGMAC Round 3 Allotment.txt,570,allotted
Bihar PGMAC,Bihar,2025,R3,NEET_AIR,67724.0,"N.M.C &.H, SASARAM",General Medicine,(Degree),,DEGREE,Bihar__PGMAC Round 3 Allotment.txt,572,allotted
Bihar PGMAC,Bihar,2025,R3,NEET_AIR,67770.0,MADHUBANI,General Medicine,(Degree),,DEGREE,Bihar__PGMAC Round 3 Allotment.txt,574,allotted
Bihar PGMAC,Bihar,2025,R3,NEET_AIR,67789.0,HOSPITAL TURKI MUZAFFARPUR,General Medicine,(Degree),,DEGREE,Bihar__PGMAC Round 3 Allotment.txt,577,allotted
Bihar PGMAC,Bihar,2025,R3,NEET_AIR,67841.0,3.SC(DIPLOMA)- 51,3.RCG(DIPLOMA)- 217,I.G.I.M.S. PATNA,,DEGREE,Bihar__PGMAC Round 3 Allotment.txt,579,allotted
Bihar PGMAC,Bihar,2025,R3,NEET_AIR,68563.0,D.M.C.LAHERIASARAI,Pathology,(Degree),,DEGREE,Bihar__PGMAC Round 3 Allotment.txt,583,allotted
Bihar PGMAC,Bihar,2025,R3,NEET_AIR,68588.0,COLLEGE & HOSPITAL,DERMATOLOGY,(Degree),,DEGREE,Bihar__PGMAC Round 3 Allotment.txt,585,allotted
Bihar PGMAC,Bihar,2025,R3,NEET_AIR,68619.0,"COLLEGE & HOSPITAL, SAHARSA",Radiodiagnosis,(Degree),,DEGREE,Bihar__PGMAC Round 3 Allotment.txt,588,allotted
Bihar PGMAC,Bihar,2025,R3,NEET_AIR,69225.0,N.M.C. PATNA,Anaesthesiology,- Female,,DEGREE,Bihar__PGMAC Round 3 Allotment.txt,590,allotted
Bihar PGMAC,Bihar,2025,R3,NEET_AIR,69375.0,HOSPITAL TURKI MUZAFFARPUR,General Medicine,(Degree),,DEGREE,Bihar__PGMAC Round 3 Allotment.txt,593,allotted
Bihar PGMAC,Bihar,2025,R3,NEET_AIR,69727.0,HOSPITAL TURKI MUZAFFARPUR,General Medicine,(Degree),,DEGREE,Bihar__PGMAC Round 3 Allotment.txt,596,allotted
Bihar PGMAC,Bihar,2025,R3,NEET_AIR,69757.0,COLLEGE & HOSPITAL,OBS & GYNAE,(Degree),,DEGREE,Bihar__PGMAC Round 3 Allotment.txt,598,allotted
Bihar PGMAC,Bihar,2025,R3,NEET_AIR,70578.0,MADHUBANI,E.N.T.,(Degree),,DEGREE,Bihar__PGMAC Round 3 Allotment.txt,603,allotted
Bihar PGMAC,Bihar,2025,R3,NEET_AIR,70994.0,KISHANGANJ,Orthopaedics,(Degree),,DEGREE,Bihar__PGMAC Round 3 Allotment.txt,605,allotted
Bihar PGMAC,Bihar,2025,R3,NEET_AIR,70999.0,"N.M.C &.H, SASARAM",General Medicine,(Degree),,DEGREE,Bihar__PGMAC Round 3 Allotment.txt,607,allotted
Bihar PGMAC,Bihar,2025,R3,NEET_AIR,71336.0,KISHANGANJ,Anaesthesiology,(Degree),,DEGREE,Bihar__PGMAC Round 3 Allotment.txt,609,allotted
Bihar PGMAC,Bihar,2025,R3,NEET_AIR,71464.0,"N.M.C &.H, SASARAM",General Medicine,(Degree),,DEGREE,Bihar__PGMAC Round 3 Allotment.txt,613,allotted
Bihar PGMAC,Bihar,2025,R3,NEET_AIR,71865.0,SAHARSA,Anaesthesiology,(Degree),,DEGREE,Bihar__PGMAC Round 3 Allotment.txt,618,allotted
Bihar PGMAC,Bihar,2025,R3,NEET_AIR,71917.0,COLLEGE & HOSPITAL,DERMATOLOGY,(Degree),,DEGREE,Bihar__PGMAC Round 3 Allotment.txt,620,allotted
Bihar PGMAC,Bihar,2025,R3,NEET_AIR,71920.0,"COLLEGE & HOSPITAL, SAHARSA",Orthopaedics,(Degree),,DEGREE,Bihar__PGMAC Round 3 Allotment.txt,623,allotted
Bihar PGMAC,Bihar,2025,R3,NEET_AIR,72107.0,"N.M.C &.H, SASARAM",General Medicine,(Degree),,DEGREE,Bihar__PGMAC Round 3 Allotment.txt,625,allotted
Bihar PGMAC,Bihar,2025,R3,NEET_AIR,72306.0,3.RCG(DIPLOMA)- 226,P.M.C.PATNA,Pharmacology,,DEGREE,Bihar__PGMAC Round 3 Allotment.txt,629,allotted
Bihar PGMAC,Bihar,2025,R3,NEET_AIR,72481.0,A.N.M.M.C. GAYA,Pathology,UR (Degree) - Female,,DEGREE,Bihar__PGMAC Round 3 Allotment.txt,632,allotted
Bihar PGMAC,Bihar,2025,R3,NEET_AIR,72614.0,KISHANGANJ,Orthopaedics,(Degree),,DEGREE,Bihar__PGMAC Round 3 Allotment.txt,634,allotted
Bihar PGMAC,Bihar,2025,R3,NEET_AIR,72966.0,HOSPITAL TURKI MUZAFFARPUR,OBS & GYNAE,(Degree),,DEGREE,Bihar__PGMAC Round 3 Allotment.txt,637,allotted
Bihar PGMAC,Bihar,2025,R3,NEET_AIR,73253.0,K.M.C. KATIHAR,Radiodiagnosis,(Degree),,DEGREE,Bihar__PGMAC Round 3 Allotment.txt,639,allotted
Bihar PGMAC,Bihar,2025,R3,NEET_AIR,74009.0,COLLEGE & HOSPITAL,DERMATOLOGY,(Degree),,DEGREE,Bihar__PGMAC Round 3 Allotment.txt,647,allotted
Bihar PGMAC,Bihar,2025,R3,NEET_AIR,74161.0,I.G.I.M.S. PATNA,Pharmacology,UR (Degree) - Female,,DEGREE,Bihar__PGMAC Round 3 Allotment.txt,650,allotted
Bihar PGMAC,Bihar,2025,R3,NEET_AIR,74318.0,K.M.C. KATIHAR,General Surgery,(Degree),,DEGREE,Bihar__PGMAC Round 3 Allotment.txt,652,allotted
Bihar PGMAC,Bihar,2025,R3,NEET_AIR,74621.0,3.UR(DIPLOMA)- 740,HOSPITAL TURKI MUZAFFARPUR E.N.T.,(Degree),,DEGREE,Bihar__PGMAC Round 3 Allotment.txt,655,allotted
Bihar PGMAC,Bihar,2025,R3,NEET_AIR,75561.0,MADHUBANI,OBS & GYNAE,(Degree),,DEGREE,Bihar__PGMAC Round 3 Allotment.txt,657,allotted
Bihar PGMAC,Bihar,2025,R3,NEET_AIR,75645.0,KISHANGANJ,OBS & GYNAE,(Degree),,DEGREE,Bihar__PGMAC Round 3 Allotment.txt,659,allotted
Bihar PGMAC,Bihar,2025,R3,NEET_AIR,76037.0,3.BC(DIPLOMA)- 209,I.G.I.M.S. PATNA,COMMUNITY MEDICINE (Degree),,DEGREE,Bihar__PGMAC Round 3 Allotment.txt,661,allotted
Bihar PGMAC,Bihar,2025,R3,NEET_AIR,76069.0,HOSPITAL TURKI MUZAFFARPUR,Radiodiagnosis,(Degree),,DEGREE,Bihar__PGMAC Round 3 Allotment.txt,664,allotted
Bihar PGMAC,Bihar,2025,R3,NEET_AIR,76369.0,K.M.C. KATIHAR,Anaesthesiology,(Degree),,DEGREE,Bihar__PGMAC Round 3 Allotment.txt,666,allotted
Bihar PGMAC,Bihar,2025,R3,NEET_AIR,76626.0,"COLLEGE & HOSPITAL, SAHARSA",Paediatrics,(Degree),,DEGREE,Bihar__PGMAC Round 3 Allotment.txt,669,allotted
Bihar PGMAC,Bihar,2025,R3,NEET_AIR,76719.0,SAHARSA,Anaesthesiology,(Degree),,DEGREE,Bihar__PGMAC Round 3 Allotment.txt,674,allotted
Bihar PGMAC,Bihar,2025,R3,NEET_AIR,76811.0,HOSPITAL TURKI MUZAFFARPUR,Anaesthesiology,(Degree),,DEGREE,Bihar__PGMAC Round 3 Allotment.txt,677,allotted
Bihar PGMAC,Bihar,2025,R3,NEET_AIR,77394.0,"N.M.C &.H, SASARAM",OPHTHALMOLOGY,(Degree),,DEGREE,Bihar__PGMAC Round 3 Allotment.txt,679,allotted
Bihar PGMAC,Bihar,2025,R3,NEET_AIR,77485.0,COLLEGE & HOSPITAL,Paediatrics,(Degree),,DEGREE,Bihar__PGMAC Round 3 Allotment.txt,681,allotted
Bihar PGMAC,Bihar,2025,R3,NEET_AIR,77592.0,SAHARSA,Radiodiagnosis,(Degree),,DEGREE,Bihar__PGMAC Round 3 Allotment.txt,684,allotted
Bihar PGMAC,Bihar,2025,R3,NEET_AIR,77872.0,"N.M.C &.H, SASARAM",Anaesthesiology,(Degree),,DEGREE,Bihar__PGMAC Round 3 Allotment.txt,686,allotted
Bihar PGMAC,Bihar,2025,R3,NEET_AIR,78121.0,"COLLEGE & HOSPITAL, SAHARSA",Paediatrics,(Degree),,DEGREE,Bihar__PGMAC Round 3 Allotment.txt,689,allotted
Bihar PGMAC,Bihar,2025,R3,NEET_AIR,78773.0,KISHANGANJ,Anaesthesiology,(Degree),,DEGREE,Bihar__PGMAC Round 3 Allotment.txt,691,allotted
Bihar PGMAC,Bihar,2025,R3,NEET_AIR,78951.0,3.RCG(DIPLOMA)- 236,S.K.M.C. MUZAFFARPUR,COMMUNITY MEDICINE (Degree),,DEGREE,Bihar__PGMAC Round 3 Allotment.txt,693,allotted
Bihar PGMAC,Bihar,2025,R3,NEET_AIR,79520.0,I.G.I.M.S. PATNA,Microbiology,(Degree),,DEGREE,Bihar__PGMAC Round 3 Allotment.txt,695,allotted
Bihar PGMAC,Bihar,2025,R3,NEET_AIR,79703.0,K.M.C. KATIHAR,Anaesthesiology,(Degree),,DEGREE,Bihar__PGMAC Round 3 Allotment.txt,697,allotted
Bihar PGMAC,Bihar,2025,R3,NEET_AIR,80185.0,COLLEGE & HOSPITAL,Anaesthesiology,(Degree),,DEGREE,Bihar__PGMAC Round 3 Allotment.txt,699,allotted
Bihar PGMAC,Bihar,2025,R3,NEET_AIR,80212.0,SAHARSA,OBS & GYNAE,(Degree),,DEGREE,Bihar__PGMAC Round 3 Allotment.txt,702,allotted
Bihar PGMAC,Bihar,2025,R3,NEET_AIR,80391.0,HOSPITAL TURKI MUZAFFARPUR,OBS & GYNAE,(Degree),,DEGREE,Bihar__PGMAC Round 3 Allotment.txt,705,allotted
Bihar PGMAC,Bihar,2025,R3,NEET_AIR,80633.0,"N.M.C &.H, SASARAM",General Medicine,(Degree),,DEGREE,Bihar__PGMAC Round 3 Allotment.txt,707,allotted
Bihar PGMAC,Bihar,2025,R3,NEET_AIR,80670.0,MADHUBANI,DERMATOLOGY,(Degree),,DEGREE,Bihar__PGMAC Round 3 Allotment.txt,709,allotted
Bihar PGMAC,Bihar,2025,R3,NEET_AIR,81992.0,K.M.C. KATIHAR,Anaesthesiology,(Degree),,DEGREE,Bihar__PGMAC Round 3 Allotment.txt,717,allotted
Bihar PGMAC,Bihar,2025,R3,NEET_AIR,82578.0,SAHARSA,General Surgery,(Degree),,DEGREE,Bihar__PGMAC Round 3 Allotment.txt,720,allotted
Bihar PGMAC,Bihar,2025,R3,NEET_AIR,82768.0,A.N.M.M.C. GAYA,E.N.T.,(Degree) - Female,,DEGREE,Bihar__PGMAC Round 3 Allotment.txt,722,allotted
Bihar PGMAC,Bihar,2025,R3,NEET_AIR,82817.0,SAHARSA,OBS & GYNAE,(Degree),,DEGREE,Bihar__PGMAC Round 3 Allotment.txt,725,allotted
Bihar PGMAC,Bihar,2025,R3,NEET_AIR,83376.0,"COLLEGE & HOSPITAL, SAHARSA",Paediatrics,(Degree),,DEGREE,Bihar__PGMAC Round 3 Allotment.txt,730,allotted
Bihar PGMAC,Bihar,2025,R3,NEET_AIR,83617.0,HOSPITAL TURKI MUZAFFARPUR,OBS & GYNAE,(Degree),,DEGREE,Bihar__PGMAC Round 3 Allotment.txt,737,allotted
Bihar PGMAC,Bihar,2025,R3,NEET_AIR,84247.0,P.M.C.PATNA,Biochemistry,(Degree),,DEGREE,Bihar__PGMAC Round 3 Allotment.txt,739,allotted
Bihar PGMAC,Bihar,2025,R3,NEET_AIR,84453.0,MADHUBANI,OBS & GYNAE,(Degree),,DEGREE,Bihar__PGMAC Round 3 Allotment.txt,741,allotted
Bihar PGMAC,Bihar,2025,R3,NEET_AIR,84484.0,COLLEGE & HOSPITAL,Anaesthesiology,(Degree),,DEGREE,Bihar__PGMAC Round 3 Allotment.txt,743,allotted
Bihar PGMAC,Bihar,2025,R3,NEET_AIR,84548.0,K.M.C. KATIHAR,MEDICINE,(Degree),,DEGREE,Bihar__PGMAC Round 3 Allotment.txt,745,allotted
Bihar PGMAC,Bihar,2025,R3,NEET_AIR,84660.0,SAHARSA,DERMATOLOGY,(Degree),,DEGREE,Bihar__PGMAC Round 3 Allotment.txt,748,allotted
Bihar PGMAC,Bihar,2025,R3,NEET_AIR,84874.0,"COLLEGE & HOSPITAL, SAHARSA",OPHTHALMOLOGY,(Degree),,DEGREE,Bihar__PGMAC Round 3 Allotment.txt,751,allotted
Bihar PGMAC,Bihar,2025,R3,NEET_AIR,85135.0,KISHANGANJ,OBS & GYNAE,(Degree),,DEGREE,Bihar__PGMAC Round 3 Allotment.txt,753,allotted
Bihar PGMAC,Bihar,2025,R3,NEET_AIR,85264.0,MADHUBANI,General Medicine,(Degree),,DEGREE,Bihar__PGMAC Round 3 Allotment.txt,755,allotted
Bihar PGMAC,Bihar,2025,R3,NEET_AIR,85344.0,COLLEGE & HOSPITAL,Anaesthesiology,(Degree),,DEGREE,Bihar__PGMAC Round 3 Allotment.txt,757,allotted
Bihar PGMAC,Bihar,2025,R3,NEET_AIR,85715.0,MADHUBANI,OBS & GYNAE,(Degree),,DEGREE,Bihar__PGMAC Round 3 Allotment.txt,759,allotted
Bihar PGMAC,Bihar,2025,R3,NEET_AIR,85921.0,"COLLEGE & HOSPITAL, SAHARSA",E.N.T.,(Degree),,DEGREE,Bihar__PGMAC Round 3 Allotment.txt,762,allotted
Bihar PGMAC,Bihar,2025,R3,NEET_AIR,86268.0,"COLLEGE & HOSPITAL, SAHARSA",MEDICINE,(Degree),,DEGREE,Bihar__PGMAC Round 3 Allotment.txt,765,allotted
Bihar PGMAC,Bihar,2025,R3,NEET_AIR,86321.0,MADHUBANI,Radiodiagnosis,(Degree),,DEGREE,Bihar__PGMAC Round 3 Allotment.txt,767,allotted
Bihar PGMAC,Bihar,2025,R3,NEET_AIR,86395.0,COLLEGE & HOSPITAL,Anaesthesiology,(Degree),,DEGREE,Bihar__PGMAC Round 3 Allotment.txt,769,allotted
Bihar PGMAC,Bihar,2025,R3,NEET_AIR,86461.0,HOSPITAL TURKI MUZAFFARPUR,E.N.T.,(Degree),,DEGREE,Bihar__PGMAC Round 3 Allotment.txt,774,allotted
Bihar PGMAC,Bihar,2025,R3,NEET_AIR,86552.0,"B.M.I.M.S,PAWAPURI, NALANDA",Microbiology,(Degree),,DEGREE,Bihar__PGMAC Round 3 Allotment.txt,776,allotted
Bihar PGMAC,Bihar,2025,R3,NEET_AIR,86831.0,"N.M.C &.H, SASARAM",OBS & GYNAE,(Degree),,DEGREE,Bihar__PGMAC Round 3 Allotment.txt,778,allotted
Bihar PGMAC,Bihar,2025,R3,NEET_AIR,87337.0,MADHUBANI,OPHTHALMOLOGY,(Degree),,DEGREE,Bihar__PGMAC Round 3 Allotment.txt,780,allotted
Bihar PGMAC,Bihar,2025,R3,NEET_AIR,87402.0,MADHUBANI,Anaesthesiology,(Degree),,DEGREE,Bihar__PGMAC Round 3 Allotment.txt,782,allotted
Bihar PGMAC,Bihar,2025,R3,NEET_AIR,87984.0,SAHARSA,General Surgery,(Degree),,DEGREE,Bihar__PGMAC Round 3 Allotment.txt,785,allotted
Bihar PGMAC,Bihar,2025,R3,NEET_AIR,88107.0,3.RCG(DIPLOMA)- 243,D.M.C.LAHERIASARAI,COMMUNITY MEDICINE UR (Degree),,DEGREE,Bihar__PGMAC Round 3 Allotment.txt,787,allotted
Bihar PGMAC,Bihar,2025,R3,NEET_AIR,88609.0,P.M.C.PATNA,Pharmacology,(Degree),,DEGREE,Bihar__PGMAC Round 3 Allotment.txt,789,allotted
Bihar PGMAC,Bihar,2025,R3,NEET_AIR,88768.0,SAHARSA,Paediatrics,(Degree),,DEGREE,Bihar__PGMAC Round 3 Allotment.txt,794,allotted
Bihar PGMAC,Bihar,2025,R3,NEET_AIR,89557.0,P.M.C.PATNA,Pathology,- Female,,DEGREE,Bihar__PGMAC Round 3 Allotment.txt,798,allotted
Bihar PGMAC,Bihar,2025,R3,NEET_AIR,90051.0,KISHANGANJ,OBS & GYNAE,(Degree),,DEGREE,Bihar__PGMAC Round 3 Allotment.txt,800,allotted
Bihar PGMAC,Bihar,2025,R3,NEET_AIR,90255.0,3.SC(DIPLOMA)- 72,P.M.C.PATNA,PHY.MED.& REHAB.,,DEGREE,Bihar__PGMAC Round 3 Allotment.txt,802,allotted
Bihar PGMAC,Bihar,2025,R3,NEET_AIR,90943.0,KISHANGANJ,Paediatrics,(Degree),,DEGREE,Bihar__PGMAC Round 3 Allotment.txt,804,allotted
Bihar PGMAC,Bihar,2025,R3,NEET_AIR,91207.0,KISHANGANJ,Paediatrics,(Degree),,DEGREE,Bihar__PGMAC Round 3 Allotment.txt,806,allotted
Bihar PGMAC,Bihar,2025,R3,NEET_AIR,91440.0,S.K.M.C. MUZAFFARPUR,Pathology,(Degree),,DEGREE,Bihar__PGMAC Round 3 Allotment.txt,808,allotted
Bihar PGMAC,Bihar,2025,R3,NEET_AIR,91474.0,COLLEGE & HOSPITAL,General Surgery,(Degree),,DEGREE,Bihar__PGMAC Round 3 Allotment.txt,810,allotted
Bihar PGMAC,Bihar,2025,R3,NEET_AIR,91659.0,I.G.I.M.S. PATNA,Physiology,(Degree),,DEGREE,Bihar__PGMAC Round 3 Allotment.txt,812,allotted
Bihar PGMAC,Bihar,2025,R3,NEET_AIR,92679.0,SAHARSA,OPHTHALMOLOGY,(Degree),,DEGREE,Bihar__PGMAC Round 3 Allotment.txt,815,allotted
Bihar PGMAC,Bihar,2025,R3,NEET_AIR,93062.0,SAHARSA,Anaesthesiology,(Degree),,DEGREE,Bihar__PGMAC Round 3 Allotment.txt,818,allotted
Bihar PGMAC,Bihar,2025,R3,NEET_AIR,93133.0,MADHUBANI,E.N.T.,(Degree),,DEGREE,Bihar__PGMAC Round 3 Allotment.txt,820,allotted
Bihar PGMAC,Bihar,2025,R3,NEET_AIR,93323.0,SAHARSA,OPHTHALMOLOGY,(Degree),,DEGREE,Bihar__PGMAC Round 3 Allotment.txt,823,allotted
Bihar PGMAC,Bihar,2025,R3,NEET_AIR,93345.0,KISHANGANJ,Orthopaedics,(Degree),,DEGREE,Bihar__PGMAC Round 3 Allotment.txt,825,allotted
Bihar PGMAC,Bihar,2025,R3,NEET_AIR,93393.0,COLLEGE & HOSPITAL,OPHTHALMOLOGY,(Degree),,DEGREE,Bihar__PGMAC Round 3 Allotment.txt,827,allotted
Bihar PGMAC,Bihar,2025,R3,NEET_AIR,94030.0,HOSPITAL TURKI MUZAFFARPUR,OPHTHALMOLOGY,(Degree),,DEGREE,Bihar__PGMAC Round 3 Allotment.txt,830,allotted
Bihar PGMAC,Bihar,2025,R3,NEET_AIR,94313.0,"N.M.C &.H, SASARAM",Anaesthesiology,(Degree),,DEGREE,Bihar__PGMAC Round 3 Allotment.txt,832,allotted
Bihar PGMAC,Bihar,2025,R3,NEET_AIR,94332.0,"N.M.C &.H, SASARAM",Radiodiagnosis,(Degree),,DEGREE,Bihar__PGMAC Round 3 Allotment.txt,834,allotted
Bihar PGMAC,Bihar,2025,R3,NEET_AIR,94413.0,COLLEGE & HOSPITAL,Paediatrics,(Degree),,DEGREE,Bihar__PGMAC Round 3 Allotment.txt,836,allotted
Bihar PGMAC,Bihar,2025,R3,NEET_AIR,94676.0,KISHANGANJ,Orthopaedics,(Degree),,DEGREE,Bihar__PGMAC Round 3 Allotment.txt,838,allotted
Bihar PGMAC,Bihar,2025,R3,NEET_AIR,94708.0,MADHUBANI,Paediatrics,(Degree),,DEGREE,Bihar__PGMAC Round 3 Allotment.txt,840,allotted
Bihar PGMAC,Bihar,2025,R3,NEET_AIR,94778.0,MADHUBANI,General Medicine,(Degree),,DEGREE,Bihar__PGMAC Round 3 Allotment.txt,842,allotted
Bihar PGMAC,Bihar,2025,R3,NEET_AIR,95218.0,"N.M.C &.H, SASARAM",Anaesthesiology,(Degree),,DEGREE,Bihar__PGMAC Round 3 Allotment.txt,844,allotted
Bihar PGMAC,Bihar,2025,R3,NEET_AIR,95288.0,HOSPITAL TURKI MUZAFFARPUR,General Surgery,(Degree),,DEGREE,Bihar__PGMAC Round 3 Allotment.txt,849,allotted
Bihar PGMAC,Bihar,2025,R3,NEET_AIR,95663.0,K.M.C. KATIHAR,Radiodiagnosis,(Degree),,DEGREE,Bihar__PGMAC Round 3 Allotment.txt,853,allotted
Bihar PGMAC,Bihar,2025,R3,NEET_AIR,96004.0,K.M.C. KATIHAR,General Surgery,(Degree),,DEGREE,Bihar__PGMAC Round 3 Allotment.txt,855,allotted
Bihar PGMAC,Bihar,2025,R3,NEET_AIR,96168.0,3.EWS(DIPLOMA)- 100,HOSPITAL TURKI MUZAFFARPUR DERMATOLOGY,(Degree),,DEGREE,Bihar__PGMAC Round 3 Allotment.txt,858,allotted
Bihar PGMAC,Bihar,2025,R3,NEET_AIR,96245.0,MADHUBANI,Anaesthesiology,(Degree),,DEGREE,Bihar__PGMAC Round 3 Allotment.txt,860,allotted
Bihar PGMAC,Bihar,2025,R3,NEET_AIR,96643.0,N.M.C. PATNA,Physiology,Converted (Degree),,DEGREE,Bihar__PGMAC Round 3 Allotment.txt,862,allotted
Bihar PGMAC,Bihar,2025,R3,NEET_AIR,96681.0,P.M.C.PATNA,F.M.T.,(Degree),,DEGREE,Bihar__PGMAC Round 3 Allotment.txt,864,allotted
Bihar PGMAC,Bihar,2025,R3,NEET_AIR,97060.0,N.M.C. PATNA,Biochemistry,Converted (Degree),,DEGREE,Bihar__PGMAC Round 3 Allotment.txt,868,allotted
Bihar PGMAC,Bihar,2025,R3,NEET_AIR,97541.0,SAHARSA,DERMATOLOGY,(Degree),,DEGREE,Bihar__PGMAC Round 3 Allotment.txt,873,allotted
Bihar PGMAC,Bihar,2025,R3,NEET_AIR,97971.0,D.M.C.LAHERIASARAI,Physiology,Converted (Degree),,DEGREE,Bihar__PGMAC Round 3 Allotment.txt,875,allotted
Bihar PGMAC,Bihar,2025,R3,NEET_AIR,98086.0,P.M.C.PATNA,Pharmacology,(Degree),,DEGREE,Bihar__PGMAC Round 3 Allotment.txt,879,allotted
Bihar PGMAC,Bihar,2025,R3,NEET_AIR,98893.0,K.M.C. KATIHAR,DERMATOLOGY,(Degree),,DEGREE,Bihar__PGMAC Round 3 Allotment.txt,881,allotted
Bihar PGMAC,Bihar,2025,R3,NEET_AIR,99406.0,COLLEGE & HOSPITAL,Orthopaedics,(Degree),,DEGREE,Bihar__PGMAC Round 3 Allotment.txt,883,allotted
Bihar PGMAC,Bihar,2025,R3,NEET_AIR,99955.0,SAHARSA,OPHTHALMOLOGY,(Degree),,DEGREE,Bihar__PGMAC Round 3 Allotment.txt,886,allotted
Bihar PGMAC,Bihar,2025,R3,NEET_AIR,99956.0,KISHANGANJ,Radiodiagnosis,(Degree),,DEGREE,Bihar__PGMAC Round 3 Allotment.txt,888,allotted
Bihar PGMAC,Bihar,2025,R3,NEET_AIR,100041.0,3.EWS(DIPLOMA)- 101,D.M.C.LAHERIASARAI,COMMUNITY MEDICINE (Degree),,DEGREE,Bihar__PGMAC Round 3 Allotment.txt,890,allotted
Bihar PGMAC,Bihar,2025,R3,NEET_AIR,100159.0,"N.M.C &.H, SASARAM",DERMATOLOGY,(Degree),,DEGREE,Bihar__PGMAC Round 3 Allotment.txt,892,allotted
Bihar PGMAC,Bihar,2025,R3,NEET_AIR,100169.0,3.ST(DIPLOMA)- 2,I.G.I.M.S. PATNA,OPHTHALMOLOGY,,DEGREE,Bihar__PGMAC Round 3 Allotment.txt,894,allotted
Bihar PGMAC,Bihar,2025,R3,NEET_AIR,100878.0,"N.M.C &.H, SASARAM",Radiodiagnosis,(Degree),,DEGREE,Bihar__PGMAC Round 3 Allotment.txt,896,allotted
Bihar PGMAC,Bihar,2025,R3,NEET_AIR,101213.0,MADHUBANI,General Surgery,(Degree),,DEGREE,Bihar__PGMAC Round 3 Allotment.txt,902,allotted
Bihar PGMAC,Bihar,2025,R3,NEET_AIR,101393.0,"COLLEGE & HOSPITAL, SAHARSA",OPHTHALMOLOGY,(Degree),,DEGREE,Bihar__PGMAC Round 3 Allotment.txt,905,allotted
Bihar PGMAC,Bihar,2025,R3,NEET_AIR,102354.0,"N.M.C &.H, SASARAM",Anaesthesiology,(Degree),,DEGREE,Bihar__PGMAC Round 3 Allotment.txt,913,allotted
Bihar PGMAC,Bihar,2025,R3,NEET_AIR,102761.0,"N.M.C &.H, SASARAM",Radiodiagnosis,(Degree),,DEGREE,Bihar__PGMAC Round 3 Allotment.txt,917,allotted
Bihar PGMAC,Bihar,2025,R3,NEET_AIR,102813.0,KISHANGANJ,OBS & GYNAE,(Degree),,DEGREE,Bihar__PGMAC Round 3 Allotment.txt,919,allotted
Bihar PGMAC,Bihar,2025,R3,NEET_AIR,103379.0,"N.M.C &.H, SASARAM",Anaesthesiology,(Degree),,DEGREE,Bihar__PGMAC Round 3 Allotment.txt,923,allotted
Bihar PGMAC,Bihar,2025,R3,NEET_AIR,103542.0,MADHUBANI,Orthopaedics,(Degree),,DEGREE,Bihar__PGMAC Round 3 Allotment.txt,927,allotted
Bihar PGMAC,Bihar,2025,R3,NEET_AIR,103600.0,SAHARSA,OPHTHALMOLOGY,(Degree),,DEGREE,Bihar__PGMAC Round 3 Allotment.txt,930,allotted
Bihar PGMAC,Bihar,2025,R3,NEET_AIR,103787.0,"N.M.C &.H, SASARAM",Anaesthesiology,(Degree),,DEGREE,Bihar__PGMAC Round 3 Allotment.txt,932,allotted
Bihar PGMAC,Bihar,2025,R3,NEET_AIR,104037.0,I.G.I.M.S. PATNA,Anatomy,(Degree),,DEGREE,Bihar__PGMAC Round 3 Allotment.txt,934,allotted
Bihar PGMAC,Bihar,2025,R3,NEET_AIR,104666.0,SAHARSA,Paediatrics,(Degree),,DEGREE,Bihar__PGMAC Round 3 Allotment.txt,937,allotted
Bihar PGMAC,Bihar,2025,R3,NEET_AIR,104859.0,MADHUBANI,OBS & GYNAE,(Degree),,DEGREE,Bihar__PGMAC Round 3 Allotment.txt,941,allotted
Bihar PGMAC,Bihar,2025,R3,NEET_AIR,105123.0,"N.M.C &.H, SASARAM",General Surgery,(Degree),,DEGREE,Bihar__PGMAC Round 3 Allotment.txt,943,allotted
Bihar PGMAC,Bihar,2025,R3,NEET_AIR,105261.0,"N.M.C &.H, SASARAM",Anaesthesiology,(Degree),,DEGREE,Bihar__PGMAC Round 3 Allotment.txt,945,allotted
Bihar PGMAC,Bihar,2025,R3,NEET_AIR,105889.0,HOSPITAL TURKI MUZAFFARPUR,Orthopaedics,(Degree),,DEGREE,Bihar__PGMAC Round 3 Allotment.txt,948,allotted
Bihar PGMAC,Bihar,2025,R3,NEET_AIR,106006.0,"N.M.C &.H, SASARAM",Radiodiagnosis,(Degree),,DEGREE,Bihar__PGMAC Round 3 Allotment.txt,950,allotted
Bihar PGMAC,Bihar,2025,R3,NEET_AIR,107228.0,HOSPITAL TURKI MUZAFFARPUR,Anaesthesiology,(Degree),,DEGREE,Bihar__PGMAC Round 3 Allotment.txt,953,allotted
Bihar PGMAC,Bihar,2025,R3,NEET_AIR,108151.0,"COLLEGE & HOSPITAL, SAHARSA",E.N.T.,(Degree),,DEGREE,Bihar__PGMAC Round 3 Allotment.txt,956,allotted
Bihar PGMAC,Bihar,2025,R3,NEET_AIR,108499.0,P.M.C.PATNA,Biochemistry,(Degree) - Female,,DEGREE,Bihar__PGMAC Round 3 Allotment.txt,961,allotted
Bihar PGMAC,Bihar,2025,R3,NEET_AIR,109070.0,"N.M.C &.H, SASARAM",OBS & GYNAE,(Degree),,DEGREE,Bihar__PGMAC Round 3 Allotment.txt,963,allotted
Bihar PGMAC,Bihar,2025,R3,NEET_AIR,109225.0,P.M.C.PATNA,Microbiology,(Degree),,DEGREE,Bihar__PGMAC Round 3 Allotment.txt,965,allotted
Bihar PGMAC,Bihar,2025,R3,NEET_AIR,109914.0,K.M.C. KATIHAR,OBS & GYNAE,(Degree),,DEGREE,Bihar__PGMAC Round 3 Allotment.txt,967,allotted
Bihar PGMAC,Bihar,2025,R3,NEET_AIR,110134.0,"N.M.C &.H, SASARAM",DERMATOLOGY,(Degree),,DEGREE,Bihar__PGMAC Round 3 Allotment.txt,969,allotted
Bihar PGMAC,Bihar,2025,R3,NEET_AIR,111281.0,K.M.C. KATIHAR,OBS & GYNAE,(Degree),,DEGREE,Bihar__PGMAC Round 3 Allotment.txt,973,allotted
Bihar PGMAC,Bihar,2025,R3,NEET_AIR,111339.0,HOSPITAL TURKI MUZAFFARPUR,General Surgery,(Degree),,DEGREE,Bihar__PGMAC Round 3 Allotment.txt,976,allotted
Bihar PGMAC,Bihar,2025,R3,NEET_AIR,111793.0,"N.M.C &.H, SASARAM",Microbiology,(Degree),,DEGREE,Bihar__PGMAC Round 3 Allotment.txt,978,allotted
Bihar PGMAC,Bihar,2025,R3,NEET_AIR,112204.0,3.BC(DIPLOMA)- 260,D.M.C.LAHERIASARAI,Microbiology,,DEGREE,Bihar__PGMAC Round 3 Allotment.txt,980,allotted
Bihar PGMAC,Bihar,2025,R3,NEET_AIR,113377.0,MADHUBANI,Anaesthesiology,(Degree),,DEGREE,Bihar__PGMAC Round 3 Allotment.txt,982,allotted
Bihar PGMAC,Bihar,2025,R3,NEET_AIR,114314.0,SAHARSA,Orthopaedics,(Degree),,DEGREE,Bihar__PGMAC Round 3 Allotment.txt,985,allotted
Bihar PGMAC,Bihar,2025,R3,NEET_AIR,114315.0,N.M.C. PATNA,Microbiology,(Degree),,DEGREE,Bihar__PGMAC Round 3 Allotment.txt,987,allotted
Bihar PGMAC,Bihar,2025,R3,NEET_AIR,115516.0,"N.M.C &.H, SASARAM",General Surgery,(Degree),,DEGREE,Bihar__PGMAC Round 3 Allotment.txt,989,allotted
Bihar PGMAC,Bihar,2025,R3,NEET_AIR,115611.0,3.UR(DIPLOMA)-1029,3.SC(DIPLOMA)- 79,D.M.C.LAHERIASARAI,,DEGREE,Bihar__PGMAC Round 3 Allotment.txt,991,allotted
Bihar PGMAC,Bihar,2025,R3,NEET_AIR,115641.0,"N.M.C &.H, SASARAM",Paediatrics,(Degree),,DEGREE,Bihar__PGMAC Round 3 Allotment.txt,993,allotted
Bihar PGMAC,Bihar,2025,R3,NEET_AIR,116747.0,COLLEGE & HOSPITAL,E.N.T.,(Degree),,DEGREE,Bihar__PGMAC Round 3 Allotment.txt,997,allotted
Bihar PGMAC,Bihar,2025,R3,NEET_AIR,116794.0,COLLEGE & HOSPITAL,Psychiatry,(Degree),,DEGREE,Bihar__PGMAC Round 3 Allotment.txt,999,allotted
Bihar PGMAC,Bihar,2025,R3,NEET_AIR,117136.0,3.RCG(DIPLOMA)- 265,I.G.I.M.S. PATNA,Pathology,,DEGREE,Bihar__PGMAC Round 3 Allotment.txt,1001,allotted
Bihar PGMAC,Bihar,2025,R3,NEET_AIR,117200.0,COLLEGE & HOSPITAL,Radiodiagnosis,(Degree),,DEGREE,Bihar__PGMAC Round 3 Allotment.txt,1003,allotted
Bihar PGMAC,Bihar,2025,R3,NEET_AIR,117509.0,MADHUBANI,Paediatrics,(Degree),,DEGREE,Bihar__PGMAC Round 3 Allotment.txt,1005,allotted
Bihar PGMAC,Bihar,2025,R3,NEET_AIR,117523.0,MADHUBANI,Paediatrics,(Degree),,DEGREE,Bihar__PGMAC Round 3 Allotment.txt,1007,allotted
Bihar PGMAC,Bihar,2025,R3,NEET_AIR,117524.0,KISHANGANJ,Orthopaedics,(Degree),,DEGREE,Bihar__PGMAC Round 3 Allotment.txt,1009,allotted
Bihar PGMAC,Bihar,2025,R3,NEET_AIR,117638.0,"COLLEGE & HOSPITAL, SAHARSA",OPHTHALMOLOGY,(Degree),,DEGREE,Bihar__PGMAC Round 3 Allotment.txt,1012,allotted
Bihar PGMAC,Bihar,2025,R3,NEET_AIR,117791.0,3.SC(DIPLOMA)- 83,A.N.M.M.C. GAYA,Pathology,,DEGREE,Bihar__PGMAC Round 3 Allotment.txt,1014,allotted
Bihar PGMAC,Bihar,2025,R3,NEET_AIR,117807.0,"N.M.C &.H, SASARAM",Orthopaedics,(Degree),,DEGREE,Bihar__PGMAC Round 3 Allotment.txt,1016,allotted
Bihar PGMAC,Bihar,2025,R3,NEET_AIR,117885.0,D.M.C.LAHERIASARAI,Microbiology,UR (Degree),,DEGREE,Bihar__PGMAC Round 3 Allotment.txt,1018,allotted
Bihar PGMAC,Bihar,2025,R3,NEET_AIR,117933.0,K.M.C. KATIHAR,General Medicine,(Degree),,DEGREE,Bihar__PGMAC Round 3 Allotment.txt,1020,allotted
Bihar PGMAC,Bihar,2025,R3,NEET_AIR,117979.0,"N.M.C &.H, SASARAM",General Surgery,(Degree),,DEGREE,Bihar__PGMAC Round 3 Allotment.txt,1022,allotted
Bihar PGMAC,Bihar,2025,R3,NEET_AIR,118278.0,COLLEGE & HOSPITAL,E.N.T.,(Degree),,DEGREE,Bihar__PGMAC Round 3 Allotment.txt,1030,allotted
Bihar PGMAC,Bihar,2025,R3,NEET_AIR,119162.0,"N.M.C &.H, SASARAM",Radiodiagnosis,(Degree),,DEGREE,Bihar__PGMAC Round 3 Allotment.txt,1034,allotted
Bihar PGMAC,Bihar,2025,R3,NEET_AIR,119199.0,N.M.C. PATNA,Pharmacology,UR (Degree),,DEGREE,Bihar__PGMAC Round 3 Allotment.txt,1036,allotted
Bihar PGMAC,Bihar,2025,R3,NEET_AIR,119244.0,COLLEGE & HOSPITAL,E.N.T.,(Degree),,DEGREE,Bihar__PGMAC Round 3 Allotment.txt,1038,allotted
Bihar PGMAC,Bihar,2025,R3,NEET_AIR,119456.0,SAHARSA,Orthopaedics,(Degree),,DEGREE,Bihar__PGMAC Round 3 Allotment.txt,1041,allotted
Bihar PGMAC,Bihar,2025,R3,NEET_AIR,119572.0,"N.M.C &.H, SASARAM",General Surgery,(Degree),,DEGREE,Bihar__PGMAC Round 3 Allotment.txt,1043,allotted
Bihar PGMAC,Bihar,2025,R3,NEET_AIR,119631.0,3.EBC(DIPLOMA)- 236,J.L.N.M.C. BHAGALPUR,COMMUNITY MEDICINE (Degree),,DEGREE,Bihar__PGMAC Round 3 Allotment.txt,1045,allotted
Bihar PGMAC,Bihar,2025,R3,NEET_AIR,120138.0,"N.M.C &.H, SASARAM",OBS & GYNAE,(Degree),,DEGREE,Bihar__PGMAC Round 3 Allotment.txt,1047,allotted
Bihar PGMAC,Bihar,2025,R3,NEET_AIR,120170.0,K.M.C. KATIHAR,Pathology,(Degree),,DEGREE,Bihar__PGMAC Round 3 Allotment.txt,1049,allotted
Bihar PGMAC,Bihar,2025,R3,NEET_AIR,120196.0,MADHUBANI,General Surgery,(Degree),,DEGREE,Bihar__PGMAC Round 3 Allotment.txt,1051,allotted
Bihar PGMAC,Bihar,2025,R3,NEET_AIR,120692.0,K.M.C. KATIHAR,Orthopaedics,(Degree),,DEGREE,Bihar__PGMAC Round 3 Allotment.txt,1053,allotted
Bihar PGMAC,Bihar,2025,R3,NEET_AIR,120809.0,D.M.C.LAHERIASARAI,Pathology,UR (Degree) - Female,,DEGREE,Bihar__PGMAC Round 3 Allotment.txt,1056,allotted
Bihar PGMAC,Bihar,2025,R3,NEET_AIR,120981.0,K.M.C. KATIHAR,Orthopaedics,(Degree),,DEGREE,Bihar__PGMAC Round 3 Allotment.txt,1060,allotted
Bihar PGMAC,Bihar,2025,R3,NEET_AIR,121087.0,HOSPITAL TURKI MUZAFFARPUR,E.N.T.,(Degree),,DEGREE,Bihar__PGMAC Round 3 Allotment.txt,1063,allotted
Bihar PGMAC,Bihar,2025,R3,NEET_AIR,121470.0,K.M.C. KATIHAR,OBS & GYNAE,(Degree),,DEGREE,Bihar__PGMAC Round 3 Allotment.txt,1065,allotted
Bihar PGMAC,Bihar,2025,R3,NEET_AIR,121898.0,"COLLEGE & HOSPITAL, SAHARSA",General Medicine,(Degree),,DEGREE,Bihar__PGMAC Round 3 Allotment.txt,1068,allotted
Bihar PGMAC,Bihar,2025,R3,NEET_AIR,122111.0,S.K.M.C. MUZAFFARPUR,Pathology,- Female,,DEGREE,Bihar__PGMAC Round 3 Allotment.txt,1070,allotted
Bihar PGMAC,Bihar,2025,R3,NEET_AIR,122441.0,3.UR(DIPLOMA)-1079,HOSPITAL TURKI MUZAFFARPUR Paediatrics,(Degree),,DEGREE,Bihar__PGMAC Round 3 Allotment.txt,1073,allotted
Bihar PGMAC,Bihar,2025,R3,NEET_AIR,122574.0,KISHANGANJ,OPHTHALMOLOGY,(Degree),,DEGREE,Bihar__PGMAC Round 3 Allotment.txt,1075,allotted
Bihar PGMAC,Bihar,2025,R3,NEET_AIR,123020.0,MADHUBANI,Orthopaedics,(Degree),,DEGREE,Bihar__PGMAC Round 3 Allotment.txt,1077,allotted
Bihar PGMAC,Bihar,2025,R3,NEET_AIR,123737.0,"G.M.C., BETTIAH",Paediatrics,Against DQ Category Seat (UR),,DEGREE,Bihar__PGMAC Round 3 Allotment.txt,1079,allotted
Bihar PGMAC,Bihar,2025,R3,NEET_AIR,123763.0,"N.M.C &.H, SASARAM",OBS & GYNAE,(Degree),,DEGREE,Bihar__PGMAC Round 3 Allotment.txt,1081,allotted
Bihar PGMAC,Bihar,2025,R3,NEET_AIR,124319.0,MADHUBANI,General Surgery,(Degree),,DEGREE,Bihar__PGMAC Round 3 Allotment.txt,1085,allotted
Bihar PGMAC,Bihar,2025,R3,NEET_AIR,124327.0,"N.M.C &.H, SASARAM",OBS & GYNAE,(Degree),,DEGREE,Bihar__PGMAC Round 3 Allotment.txt,1087,allotted
Bihar PGMAC,Bihar,2025,R3,NEET_AIR,124393.0,KISHANGANJ,Radiodiagnosis,(Degree),,DEGREE,Bihar__PGMAC Round 3 Allotment.txt,1089,allotted
Bihar PGMAC,Bihar,2025,R3,NEET_AIR,124427.0,SAHARSA,General Medicine,(Degree),,DEGREE,Bihar__PGMAC Round 3 Allotment.txt,1092,allotted
Bihar PGMAC,Bihar,2025,R3,NEET_AIR,124652.0,MADHUBANI,General Surgery,(Degree),,DEGREE,Bihar__PGMAC Round 3 Allotment.txt,1094,allotted
Bihar PGMAC,Bihar,2025,R3,NEET_AIR,125013.0,3.RCG(DIPLOMA)- 271,N.M.C. PATNA,COMMUNITY MEDICINE (Degree) - Female,,DEGREE,Bihar__PGMAC Round 3 Allotment.txt,1096,allotted
Bihar PGMAC,Bihar,2025,R3,NEET_AIR,125120.0,HOSPITAL TURKI MUZAFFARPUR,Orthopaedics,(Degree),,DEGREE,Bihar__PGMAC Round 3 Allotment.txt,1099,allotted
Bihar PGMAC,Bihar,2025,R3,NEET_AIR,125321.0,KISHANGANJ,Anaesthesiology,(Degree),,DEGREE,Bihar__PGMAC Round 3 Allotment.txt,1101,allotted
Bihar PGMAC,Bihar,2025,R3,NEET_AIR,125512.0,"N.M.C &.H, SASARAM",General Surgery,(Degree),,DEGREE,Bihar__PGMAC Round 3 Allotment.txt,1103,allotted
Bihar PGMAC,Bihar,2025,R3,NEET_AIR,125541.0,SAHARSA,Orthopaedics,(Degree),,DEGREE,Bihar__PGMAC Round 3 Allotment.txt,1106,allotted
Bihar PGMAC,Bihar,2025,R3,NEET_AIR,125636.0,COLLEGE & HOSPITAL,Radiodiagnosis,(Degree),,DEGREE,Bihar__PGMAC Round 3 Allotment.txt,1110,allotted
Bihar PGMAC,Bihar,2025,R3,NEET_AIR,125744.0,K.M.C. KATIHAR,Orthopaedics,(Degree),,DEGREE,Bihar__PGMAC Round 3 Allotment.txt,1112,allotted
Bihar PGMAC,Bihar,2025,R3,NEET_AIR,126102.0,HOSPITAL TURKI MUZAFFARPUR,OPHTHALMOLOGY,(Degree),,DEGREE,Bihar__PGMAC Round 3 Allotment.txt,1115,allotted
Bihar PGMAC,Bihar,2025,R3,NEET_AIR,126157.0,"COLLEGE & HOSPITAL, SAHARSA",DERMATOLOGY,(Degree),,DEGREE,Bihar__PGMAC Round 3 Allotment.txt,1118,allotted
Bihar PGMAC,Bihar,2025,R3,NEET_AIR,126382.0,K.M.C. KATIHAR,OBS & GYNAE,(Degree),,DEGREE,Bihar__PGMAC Round 3 Allotment.txt,1120,allotted
Bihar PGMAC,Bihar,2025,R3,NEET_AIR,126583.0,A.N.M.M.C. GAYA,Physiology,Converted (Degree),,DEGREE,Bihar__PGMAC Round 3 Allotment.txt,1122,allotted
Bihar PGMAC,Bihar,2025,R3,NEET_AIR,126621.0,"N.M.C &.H, SASARAM",OBS & GYNAE,(Degree),,DEGREE,Bihar__PGMAC Round 3 Allotment.txt,1124,allotted
Bihar PGMAC,Bihar,2025,R3,NEET_AIR,126902.0,D.M.C.LAHERIASARAI,Pharmacology,UR (Degree),,DEGREE,Bihar__PGMAC Round 3 Allotment.txt,1126,allotted
Bihar PGMAC,Bihar,2025,R3,NEET_AIR,126952.0,3.BC(DIPLOMA)- 269,S.K.M.C. MUZAFFARPUR,Pharmacology,,DEGREE,Bihar__PGMAC Round 3 Allotment.txt,1128,allotted
Bihar PGMAC,Bihar,2025,R3,NEET_AIR,127426.0,I.G.I.M.S. PATNA,Biochemistry,(Degree) - Female,,DEGREE,Bihar__PGMAC Round 3 Allotment.txt,1131,allotted
Bihar PGMAC,Bihar,2025,R3,NEET_AIR,127472.0,MADHUBANI,OBS & GYNAE,(Degree),,DEGREE,Bihar__PGMAC Round 3 Allotment.txt,1133,allotted
Bihar PGMAC,Bihar,2025,R3,NEET_AIR,127547.0,"N.M.C &.H, SASARAM",Paediatrics,(Degree),,DEGREE,Bihar__PGMAC Round 3 Allotment.txt,1135,allotted
Bihar PGMAC,Bihar,2025,R3,NEET_AIR,127757.0,"N.M.C &.H, SASARAM",General Surgery,(Degree),,DEGREE,Bihar__PGMAC Round 3 Allotment.txt,1137,allotted
Bihar PGMAC,Bihar,2025,R3,NEET_AIR,127998.0,HOSPITAL TURKI MUZAFFARPUR,Paediatrics,(Degree),,DEGREE,Bihar__PGMAC Round 3 Allotment.txt,1140,allotted
Bihar PGMAC,Bihar,2025,R3,NEET_AIR,128130.0,"N.M.C &.H, SASARAM",General Medicine,(Degree),,DEGREE,Bihar__PGMAC Round 3 Allotment.txt,1142,allotted
Bihar PGMAC,Bihar,2025,R3,NEET_AIR,128402.0,3.RCG(DIPLOMA)- 275,I.G.I.M.S. PATNA,Biochemistry,,DEGREE,Bihar__PGMAC Round 3 Allotment.txt,1144,allotted
Bihar PGMAC,Bihar,2025,R3,NEET_AIR,128565.0,"N.M.C &.H, SASARAM",General Surgery,(Degree),,DEGREE,Bihar__PGMAC Round 3 Allotment.txt,1148,allotted
Bihar PGMAC,Bihar,2025,R3,NEET_AIR,128627.0,"N.M.C &.H, SASARAM",General Surgery,(Degree),,DEGREE,Bihar__PGMAC Round 3 Allotment.txt,1150,allotted
Bihar PGMAC,Bihar,2025,R3,NEET_AIR,130033.0,HOSPITAL TURKI MUZAFFARPUR,General Medicine,(Degree),,DEGREE,Bihar__PGMAC Round 3 Allotment.txt,1155,allotted
Bihar PGMAC,Bihar,2025,R3,NEET_AIR,130396.0,KISHANGANJ,Anaesthesiology,(Degree),,DEGREE,Bihar__PGMAC Round 3 Allotment.txt,1159,allotted
Bihar PGMAC,Bihar,2025,R3,NEET_AIR,130550.0,"N.M.C &.H, SASARAM",General Surgery,(Degree),,DEGREE,Bihar__PGMAC Round 3 Allotment.txt,1161,allotted
Bihar PGMAC,Bihar,2025,R3,NEET_AIR,131444.0,K.M.C. KATIHAR,Paediatrics,(Degree),,DEGREE,Bihar__PGMAC Round 3 Allotment.txt,1165,allotted
Bihar PGMAC,Bihar,2025,R3,NEET_AIR,131880.0,P.M.C.PATNA,Pharmacology,(Degree),,DEGREE,Bihar__PGMAC Round 3 Allotment.txt,1167,allotted
Bihar PGMAC,Bihar,2025,R3,NEET_AIR,132652.0,KISHANGANJ,DERMATOLOGY,(Degree),,DEGREE,Bihar__PGMAC Round 3 Allotment.txt,1169,allotted
Bihar PGMAC,Bihar,2025,R3,NEET_AIR,132897.0,"N.M.C &.H, SASARAM",General Surgery,(Degree),,DEGREE,Bihar__PGMAC Round 3 Allotment.txt,1171,allotted
Bihar PGMAC,Bihar,2025,R3,NEET_AIR,133132.0,HOSPITAL TURKI MUZAFFARPUR,Orthopaedics,(Degree),,DEGREE,Bihar__PGMAC Round 3 Allotment.txt,1174,allotted
Bihar PGMAC,Bihar,2025,R3,NEET_AIR,133184.0,"N.M.C &.H, SASARAM",Paediatrics,(Degree),,DEGREE,Bihar__PGMAC Round 3 Allotment.txt,1176,allotted
Bihar PGMAC,Bihar,2025,R3,NEET_AIR,133672.0,"COLLEGE & HOSPITAL, SAHARSA",MEDICINE,(Degree),,DEGREE,Bihar__PGMAC Round 3 Allotment.txt,1179,allotted
Bihar PGMAC,Bihar,2025,R3,NEET_AIR,133877.0,KISHANGANJ,Paediatrics,(Degree),,DEGREE,Bihar__PGMAC Round 3 Allotment.txt,1181,allotted
Bihar PGMAC,Bihar,2025,R3,NEET_AIR,134112.0,"N.M.C &.H, SASARAM",Paediatrics,(Degree),,DEGREE,Bihar__PGMAC Round 3 Allotment.txt,1183,allotted
Bihar PGMAC,Bihar,2025,R3,NEET_AIR,134176.0,P.M.C.PATNA,Pathology,(Degree) - Female,,DEGREE,Bihar__PGMAC Round 3 Allotment.txt,1185,allotted
Bihar PGMAC,Bihar,2025,R3,NEET_AIR,134192.0,KISHANGANJ,DERMATOLOGY,(Degree),,DEGREE,Bihar__PGMAC Round 3 Allotment.txt,1187,allotted
Bihar PGMAC,Bihar,2025,R3,NEET_AIR,134234.0,K.M.C. KATIHAR,Psychiatry,(Degree),,DEGREE,Bihar__PGMAC Round 3 Allotment.txt,1189,allotted
Bihar PGMAC,Bihar,2025,R3,NEET_AIR,134288.0,N.M.C. PATNA,Microbiology,- Female,,DEGREE,Bihar__PGMAC Round 3 Allotment.txt,1191,allotted
Bihar PGMAC,Bihar,2025,R3,NEET_AIR,135170.0,MADHUBANI,General Surgery,(Degree),,DEGREE,Bihar__PGMAC Round 3 Allotment.txt,1193,allotted
Bihar PGMAC,Bihar,2025,R3,NEET_AIR,135644.0,"N.M.C &.H, SASARAM",Radiodiagnosis,(Degree),,DEGREE,Bihar__PGMAC Round 3 Allotment.txt,1195,allotted
Bihar PGMAC,Bihar,2025,R3,NEET_AIR,135906.0,"N.M.C &.H, SASARAM",Orthopaedics,(Degree),,DEGREE,Bihar__PGMAC Round 3 Allotment.txt,1197,allotted
Bihar PGMAC,Bihar,2025,R3,NEET_AIR,135977.0,"N.M.C &.H, SASARAM",OBS & GYNAE,(Degree),,DEGREE,Bihar__PGMAC Round 3 Allotment.txt,1201,allotted
Bihar PGMAC,Bihar,2025,R3,NEET_AIR,135987.0,3.SC(DIPLOMA)- 95,D.M.C.LAHERIASARAI,Pathology,,DEGREE,Bihar__PGMAC Round 3 Allotment.txt,1203,allotted
Bihar PGMAC,Bihar,2025,R3,NEET_AIR,136200.0,MADHUBANI,General Surgery,(Degree),,DEGREE,Bihar__PGMAC Round 3 Allotment.txt,1205,allotted
Bihar PGMAC,Bihar,2025,R3,NEET_AIR,136476.0,SAHARSA,OBS & GYNAE,(Degree),,DEGREE,Bihar__PGMAC Round 3 Allotment.txt,1208,allotted
Bihar PGMAC,Bihar,2025,R3,NEET_AIR,136541.0,COLLEGE & HOSPITAL,Psychiatry,(Degree),,DEGREE,Bihar__PGMAC Round 3 Allotment.txt,1210,allotted
Bihar PGMAC,Bihar,2025,R3,NEET_AIR,136578.0,"COLLEGE & HOSPITAL, SAHARSA",OBS & GYNAE,(Degree),,DEGREE,Bihar__PGMAC Round 3 Allotment.txt,1213,allotted
Bihar PGMAC,Bihar,2025,R3,NEET_AIR,136621.0,"N.M.C &.H, SASARAM",Orthopaedics,(Degree),,DEGREE,Bihar__PGMAC Round 3 Allotment.txt,1215,allotted
Bihar PGMAC,Bihar,2025,R3,NEET_AIR,136678.0,SAHARSA,Orthopaedics,(Degree),,DEGREE,Bihar__PGMAC Round 3 Allotment.txt,1218,allotted
Bihar PGMAC,Bihar,2025,R3,NEET_AIR,136763.0,KISHANGANJ,General Surgery,(Degree),,DEGREE,Bihar__PGMAC Round 3 Allotment.txt,1220,allotted
Bihar PGMAC,Bihar,2025,R3,NEET_AIR,137341.0,K.M.C. KATIHAR,Paediatrics,(Degree),,DEGREE,Bihar__PGMAC Round 3 Allotment.txt,1222,allotted
Bihar PGMAC,Bihar,2025,R3,NEET_AIR,137690.0,KISHANGANJ,Pathology,(Degree),,DEGREE,Bihar__PGMAC Round 3 Allotment.txt,1224,allotted
Bihar PGMAC,Bihar,2025,R3,NEET_AIR,138168.0,"N.M.C &.H, SASARAM",Paediatrics,(Degree),,DEGREE,Bihar__PGMAC Round 3 Allotment.txt,1226,allotted
Bihar PGMAC,Bihar,2025,R3,NEET_AIR,138461.0,MADHUBANI,General Surgery,(Degree),,DEGREE,Bihar__PGMAC Round 3 Allotment.txt,1228,allotted
Bihar PGMAC,Bihar,2025,R3,NEET_AIR,138937.0,K.M.C. KATIHAR,Paediatrics,(Degree),,DEGREE,Bihar__PGMAC Round 3 Allotment.txt,1230,allotted
Bihar PGMAC,Bihar,2025,R3,NEET_AIR,139128.0,HOSPITAL TURKI MUZAFFARPUR,Paediatrics,(Degree),,DEGREE,Bihar__PGMAC Round 3 Allotment.txt,1233,allotted
Bihar PGMAC,Bihar,2025,R3,NEET_AIR,139225.0,K.M.C. KATIHAR,Orthopaedics,(Degree),,DEGREE,Bihar__PGMAC Round 3 Allotment.txt,1235,allotted
Bihar PGMAC,Bihar,2025,R3,NEET_AIR,139914.0,SAHARSA,Radiodiagnosis,(Degree),,DEGREE,Bihar__PGMAC Round 3 Allotment.txt,1238,allotted
Bihar PGMAC,Bihar,2025,R3,NEET_AIR,139981.0,"N.M.C &.H, SASARAM",Pathology,(Degree),,DEGREE,Bihar__PGMAC Round 3 Allotment.txt,1240,allotted
Bihar PGMAC,Bihar,2025,R3,NEET_AIR,140887.0,"N.M.C &.H, SASARAM",Orthopaedics,(Degree),,DEGREE,Bihar__PGMAC Round 3 Allotment.txt,1242,allotted
Bihar PGMAC,Bihar,2025,R3,NEET_AIR,141007.0,HOSPITAL TURKI MUZAFFARPUR,Paediatrics,(Degree),,DEGREE,Bihar__PGMAC Round 3 Allotment.txt,1245,allotted
Bihar PGMAC,Bihar,2025,R3,NEET_AIR,141021.0,K.M.C. KATIHAR,DERMATOLOGY,(Degree),,DEGREE,Bihar__PGMAC Round 3 Allotment.txt,1247,allotted
Bihar PGMAC,Bihar,2025,R3,NEET_AIR,141207.0,"N.M.C &.H, SASARAM",Orthopaedics,(Degree),,DEGREE,Bihar__PGMAC Round 3 Allotment.txt,1249,allotted
Bihar PGMAC,Bihar,2025,R3,NEET_AIR,141565.0,"N.M.C &.H, SASARAM",Orthopaedics,(Degree),,DEGREE,Bihar__PGMAC Round 3 Allotment.txt,1253,allotted
Bihar PGMAC,Bihar,2025,R3,NEET_AIR,142811.0,A.N.M.M.C. GAYA,Biochemistry,(Degree),,DEGREE,Bihar__PGMAC Round 3 Allotment.txt,1257,allotted
Bihar PGMAC,Bihar,2025,R3,NEET_AIR,142902.0,K.M.C. KATIHAR,Paediatrics,(Degree),,DEGREE,Bihar__PGMAC Round 3 Allotment.txt,1259,allotted
Bihar PGMAC,Bihar,2025,R3,NEET_AIR,142927.0,N.M.C. PATNA,Anatomy,Converted (Degree),,DEGREE,Bihar__PGMAC Round 3 Allotment.txt,1261,allotted
Bihar PGMAC,Bihar,2025,R3,NEET_AIR,143805.0,KISHANGANJ,Anaesthesiology,(Degree),,DEGREE,Bihar__PGMAC Round 3 Allotment.txt,1263,allotted
Bihar PGMAC,Bihar,2025,R3,NEET_AIR,144479.0,KISHANGANJ,Pathology,(Degree),,DEGREE,Bihar__PGMAC Round 3 Allotment.txt,1265,allotted
Bihar PGMAC,Bihar,2025,R3,NEET_AIR,146432.0,K.M.C. KATIHAR,OBS & GYNAE,(Degree),,DEGREE,Bihar__PGMAC Round 3 Allotment.txt,1267,allotted
Bihar PGMAC,Bihar,2025,R3,NEET_AIR,146441.0,COLLEGE & HOSPITAL,OBS & GYNAE,(Degree),,DEGREE,Bihar__PGMAC Round 3 Allotment.txt,1269,allotted
Bihar PGMAC,Bihar,2025,R3,NEET_AIR,146500.0,N.M.C. PATNA,Biochemistry,Converted (Degree),,DEGREE,Bihar__PGMAC Round 3 Allotment.txt,1271,allotted
Bihar PGMAC,Bihar,2025,R3,NEET_AIR,147368.0,"COLLEGE & HOSPITAL, SAHARSA",Radiodiagnosis,(Degree),,DEGREE,Bihar__PGMAC Round 3 Allotment.txt,1274,allotted
Bihar PGMAC,Bihar,2025,R3,NEET_AIR,148062.0,"COLLEGE & HOSPITAL, SAHARSA",OBS & GYNAE,(Degree),,DEGREE,Bihar__PGMAC Round 3 Allotment.txt,1277,allotted
Bihar PGMAC,Bihar,2025,R3,NEET_AIR,148617.0,K.M.C. KATIHAR,Anaesthesiology,(Degree),,DEGREE,Bihar__PGMAC Round 3 Allotment.txt,1279,allotted
Bihar PGMAC,Bihar,2025,R3,NEET_AIR,148730.0,MADHUBANI,Anaesthesiology,(Degree),,DEGREE,Bihar__PGMAC Round 3 Allotment.txt,1281,allotted
Bihar PGMAC,Bihar,2025,R3,NEET_AIR,148859.0,"N.M.C &.H, SASARAM",Orthopaedics,(Degree),,DEGREE,Bihar__PGMAC Round 3 Allotment.txt,1283,allotted
Bihar PGMAC,Bihar,2025,R3,NEET_AIR,148974.0,HOSPITAL TURKI MUZAFFARPUR,Anatomy,(Degree),,DEGREE,Bihar__PGMAC Round 3 Allotment.txt,1288,allotted
Bihar PGMAC,Bihar,2025,R3,NEET_AIR,151286.0,P.M.C.PATNA,F.M.T.,Converted (Degree),,DEGREE,Bihar__PGMAC Round 3 Allotment.txt,1290,allotted
Bihar PGMAC,Bihar,2025,R3,NEET_AIR,151356.0,COLLEGE & HOSPITAL,Microbiology,(Degree),,DEGREE,Bihar__PGMAC Round 3 Allotment.txt,1292,allotted
Bihar PGMAC,Bihar,2025,R3,NEET_AIR,151429.0,3.UR(DIPLOMA)-1259,K.M.C. KATIHAR,COMMUNITY MEDICINE (Degree),,DEGREE,Bihar__PGMAC Round 3 Allotment.txt,1294,allotted
Bihar PGMAC,Bihar,2025,R3,NEET_AIR,151746.0,3.SC(DIPLOMA)- 100,S.K.M.C. MUZAFFARPUR,Physiology,,DEGREE,Bihar__PGMAC Round 3 Allotment.txt,1296,allotted
Bihar PGMAC,Bihar,2025,R3,NEET_AIR,152058.0,"N.M.C &.H, SASARAM",Anaesthesiology,(Degree),,DEGREE,Bihar__PGMAC Round 3 Allotment.txt,1300,allotted
Bihar PGMAC,Bihar,2025,R3,NEET_AIR,152901.0,D.M.C.LAHERIASARAI,Anatomy,Converted (Degree),,DEGREE,Bihar__PGMAC Round 3 Allotment.txt,1302,allotted
Bihar PGMAC,Bihar,2025,R3,NEET_AIR,153446.0,SAHARSA,DERMATOLOGY,(Degree),,DEGREE,Bihar__PGMAC Round 3 Allotment.txt,1307,allotted
Bihar PGMAC,Bihar,2025,R3,NEET_AIR,153763.0,D.M.C.LAHERIASARAI,Physiology,(Degree),,DEGREE,Bihar__PGMAC Round 3 Allotment.txt,1309,allotted
Bihar PGMAC,Bihar,2025,R3,NEET_AIR,154327.0,KISHANGANJ,General Surgery,(Degree),,DEGREE,Bihar__PGMAC Round 3 Allotment.txt,1311,allotted
Bihar PGMAC,Bihar,2025,R3,NEET_AIR,154530.0,N.M.C. PATNA,F.M.T.,Converted (Degree),,DEGREE,Bihar__PGMAC Round 3 Allotment.txt,1313,allotted
Bihar PGMAC,Bihar,2025,R3,NEET_AIR,155560.0,P.M.C.PATNA,Anatomy,Converted (Degree),,DEGREE,Bihar__PGMAC Round 3 Allotment.txt,1315,allotted
Bihar PGMAC,Bihar,2025,R3,NEET_AIR,156067.0,D.M.C.LAHERIASARAI,Anatomy,Converted (Degree),,DEGREE,Bihar__PGMAC Round 3 Allotment.txt,1317,allotted
Bihar PGMAC,Bihar,2025,R3,NEET_AIR,156392.0,MADHUBANI,Pathology,(Degree),,DEGREE,Bihar__PGMAC Round 3 Allotment.txt,1319,allotted
Bihar PGMAC,Bihar,2025,R3,NEET_AIR,156468.0,"COLLEGE & HOSPITAL, SAHARSA",Pathology,(Degree),,DEGREE,Bihar__PGMAC Round 3 Allotment.txt,1322,allotted
Bihar PGMAC,Bihar,2025,R3,NEET_AIR,156534.0,I.G.I.M.S. PATNA,F.M.T.,Converted (Degree),,DEGREE,Bihar__PGMAC Round 3 Allotment.txt,1324,allotted
Bihar PGMAC,Bihar,2025,R3,NEET_AIR,156563.0,KISHANGANJ,Pathology,(Degree),,DEGREE,Bihar__PGMAC Round 3 Allotment.txt,1326,allotted
Bihar PGMAC,Bihar,2025,R3,NEET_AIR,157016.0,3.UR(DIPLOMA)-1297,HOSPITAL TURKI MUZAFFARPUR DERMATOLOGY,(Degree),,DEGREE,Bihar__PGMAC Round 3 Allotment.txt,1331,allotted
Bihar PGMAC,Bihar,2025,R3,NEET_AIR,157285.0,MADHUBANI,E.N.T.,(Degree),,DEGREE,Bihar__PGMAC Round 3 Allotment.txt,1333,allotted
Bihar PGMAC,Bihar,2025,R3,NEET_AIR,157289.0,"COLLEGE & HOSPITAL, SAHARSA",General Surgery,(Degree),,DEGREE,Bihar__PGMAC Round 3 Allotment.txt,1336,allotted
Bihar PGMAC,Bihar,2025,R3,NEET_AIR,157925.0,3.SC(DIPLOMA)- 104,"B.M.I.M.S,PAWAPURI, NALANDA",Pharmacology,,DEGREE,Bihar__PGMAC Round 3 Allotment.txt,1338,allotted
Bihar PGMAC,Bihar,2025,R3,NEET_AIR,158187.0,3.BC(DIPLOMA)- 296,"B.M.I.M.S,PAWAPURI, NALANDA",Physiology,,DEGREE,Bihar__PGMAC Round 3 Allotment.txt,1340,allotted
Bihar PGMAC,Bihar,2025,R3,NEET_AIR,158260.0,COLLEGE & HOSPITAL,DERMATOLOGY,(Degree),,DEGREE,Bihar__PGMAC Round 3 Allotment.txt,1342,allotted
Bihar PGMAC,Bihar,2025,R3,NEET_AIR,158313.0,KISHANGANJ,Orthopaedics,(Degree),,DEGREE,Bihar__PGMAC Round 3 Allotment.txt,1344,allotted
Bihar PGMAC,Bihar,2025,R3,NEET_AIR,158319.0,COLLEGE & HOSPITAL,OPHTHALMOLOGY,(Degree),,DEGREE,Bihar__PGMAC Round 3 Allotment.txt,1346,allotted
Bihar PGMAC,Bihar,2025,R3,NEET_AIR,158362.0,P.M.C.PATNA,General Surgery,- Female,,DEGREE,Bihar__PGMAC Round 3 Allotment.txt,1348,allotted
Bihar PGMAC,Bihar,2025,R3,NEET_AIR,158653.0,"COLLEGE & HOSPITAL, SAHARSA",Paediatrics,(Degree),,DEGREE,Bihar__PGMAC Round 3 Allotment.txt,1351,allotted
Bihar PGMAC,Bihar,2025,R3,NEET_AIR,159071.0,"N.M.C &.H, SASARAM",Paediatrics,(Degree),,DEGREE,Bihar__PGMAC Round 3 Allotment.txt,1353,allotted
Bihar PGMAC,Bihar,2025,R3,NEET_AIR,159445.0,COLLEGE & HOSPITAL,Paediatrics,(Degree),,DEGREE,Bihar__PGMAC Round 3 Allotment.txt,1355,allotted
Bihar PGMAC,Bihar,2025,R3,NEET_AIR,160441.0,J.L.N.M.C. BHAGALPUR,Physiology,Converted (Degree),,DEGREE,Bihar__PGMAC Round 3 Allotment.txt,1357,allotted
Bihar PGMAC,Bihar,2025,R3,NEET_AIR,160528.0,J.L.N.M.C. BHAGALPUR,Biochemistry,(Degree),,DEGREE,Bihar__PGMAC Round 3 Allotment.txt,1359,allotted
Bihar PGMAC,Bihar,2025,R3,NEET_AIR,160871.0,"B.M.I.M.S,PAWAPURI, NALANDA",Pathology,(Degree) - Female,,DEGREE,Bihar__PGMAC Round 3 Allotment.txt,1361,allotted
Bihar PGMAC,Bihar,2025,R3,NEET_AIR,161856.0,3.RCG(DIPLOMA)- 289,P.M.C.PATNA,Biochemistry,,DEGREE,Bihar__PGMAC Round 3 Allotment.txt,1363,allotted
Bihar PGMAC,Bihar,2025,R3,NEET_AIR,162038.0,MADHUBANI,Radiodiagnosis,(Degree),,DEGREE,Bihar__PGMAC Round 3 Allotment.txt,1365,allotted
Bihar PGMAC,Bihar,2025,R3,NEET_AIR,162046.0,MADHUBANI,Radiodiagnosis,(Degree),,DEGREE,Bihar__PGMAC Round 3 Allotment.txt,1367,allotted
Bihar PGMAC,Bihar,2025,R3,NEET_AIR,162581.0,I.G.I.M.S. PATNA,Anatomy,- Female,,DEGREE,Bihar__PGMAC Round 3 Allotment.txt,1369,allotted
Bihar PGMAC,Bihar,2025,R3,NEET_AIR,162713.0,A.N.M.M.C. GAYA,Anatomy,Converted (Degree),,DEGREE,Bihar__PGMAC Round 3 Allotment.txt,1371,allotted
Bihar PGMAC,Bihar,2025,R3,NEET_AIR,162751.0,K.M.C. KATIHAR,Microbiology,(Degree),,DEGREE,Bihar__PGMAC Round 3 Allotment.txt,1373,allotted
Bihar PGMAC,Bihar,2025,R3,NEET_AIR,162842.0,D.M.C.LAHERIASARAI,Anatomy,(Degree),,DEGREE,Bihar__PGMAC Round 3 Allotment.txt,1375,allotted
Bihar PGMAC,Bihar,2025,R3,NEET_AIR,162919.0,MADHUBANI,Anaesthesiology,(Degree),,DEGREE,Bihar__PGMAC Round 3 Allotment.txt,1377,allotted
Bihar PGMAC,Bihar,2025,R3,NEET_AIR,163035.0,P.M.C.PATNA,Physiology,(Degree),,DEGREE,Bihar__PGMAC Round 3 Allotment.txt,1379,allotted
Bihar PGMAC,Bihar,2025,R3,NEET_AIR,163527.0,HOSPITAL TURKI MUZAFFARPUR,Anaesthesiology,(Degree),,DEGREE,Bihar__PGMAC Round 3 Allotment.txt,1382,allotted
Bihar PGMAC,Bihar,2025,R3,NEET_AIR,163541.0,COLLEGE & HOSPITAL,Anaesthesiology,(Degree),,DEGREE,Bihar__PGMAC Round 3 Allotment.txt,1384,allotted
Bihar PGMAC,Bihar,2025,R3,NEET_AIR,164472.0,"N.M.C &.H, SASARAM",DERMATOLOGY,(Degree),,DEGREE,Bihar__PGMAC Round 3 Allotment.txt,1386,allotted
Bihar PGMAC,Bihar,2025,R3,NEET_AIR,165122.0,P.M.C.PATNA,Anatomy,Converted (Degree),,DEGREE,Bihar__PGMAC Round 3 Allotment.txt,1390,allotted
Bihar PGMAC,Bihar,2025,R3,NEET_AIR,165522.0,"COLLEGE & HOSPITAL, SAHARSA",Pathology,(Degree),,DEGREE,Bihar__PGMAC Round 3 Allotment.txt,1393,allotted
Bihar PGMAC,Bihar,2025,R3,NEET_AIR,166103.0,K.M.C. KATIHAR,Paediatrics,(Degree),,DEGREE,Bihar__PGMAC Round 3 Allotment.txt,1395,allotted
Bihar PGMAC,Bihar,2025,R3,NEET_AIR,166154.0,"N.M.C &.H, SASARAM",General Surgery,(Degree),,DEGREE,Bihar__PGMAC Round 3 Allotment.txt,1397,allotted
Bihar PGMAC,Bihar,2025,R3,NEET_AIR,166226.0,COLLEGE & HOSPITAL,General Surgery,(Degree),,DEGREE,Bihar__PGMAC Round 3 Allotment.txt,1399,allotted
Bihar PGMAC,Bihar,2025,R3,NEET_AIR,167300.0,"N.M.C &.H, SASARAM",Anaesthesiology,(Degree),,DEGREE,Bihar__PGMAC Round 3 Allotment.txt,1403,allotted
Bihar PGMAC,Bihar,2025,R3,NEET_AIR,167999.0,HOSPITAL TURKI MUZAFFARPUR,E.N.T.,(Degree),,DEGREE,Bihar__PGMAC Round 3 Allotment.txt,1406,allotted
Bihar PGMAC,Bihar,2025,R3,NEET_AIR,168043.0,"B.M.I.M.S,PAWAPURI, NALANDA",Pathology,UR (Degree) - Female,,DEGREE,Bihar__PGMAC Round 3 Allotment.txt,1409,allotted
Bihar PGMAC,Bihar,2025,R3,NEET_AIR,168149.0,P.M.C.PATNA,Anatomy,Converted (Degree),,DEGREE,Bihar__PGMAC Round 3 Allotment.txt,1411,allotted
Bihar PGMAC,Bihar,2025,R3,NEET_AIR,168420.0,"N.M.C &.H, SASARAM",Paediatrics,(Degree),,DEGREE,Bihar__PGMAC Round 3 Allotment.txt,1415,allotted
Bihar PGMAC,Bihar,2025,R3,NEET_AIR,169339.0,"N.M.C &.H, SASARAM",Pathology,(Degree),,DEGREE,Bihar__PGMAC Round 3 Allotment.txt,1417,allotted
Bihar PGMAC,Bihar,2025,R3,NEET_AIR,169666.0,N.M.C. PATNA,Pharmacology,(Degree),,DEGREE,Bihar__PGMAC Round 3 Allotment.txt,1421,allotted
Bihar PGMAC,Bihar,2025,R3,NEET_AIR,169764.0,3.SC(DIPLOMA)- 114,"B.M.I.M.S,PAWAPURI, NALANDA",Microbiology,,DEGREE,Bihar__PGMAC Round 3 Allotment.txt,1423,allotted
Bihar PGMAC,Bihar,2025,R3,NEET_AIR,169868.0,SAHARSA,Pathology,(Degree),,DEGREE,Bihar__PGMAC Round 3 Allotment.txt,1426,allotted
Bihar PGMAC,Bihar,2025,R3,NEET_AIR,171016.0,COLLEGE & HOSPITAL,E.N.T.,(Degree),,DEGREE,Bihar__PGMAC Round 3 Allotment.txt,1428,allotted
Bihar PGMAC,Bihar,2025,R3,NEET_AIR,172262.0,MADHUBANI,Anaesthesiology,(Degree),,DEGREE,Bihar__PGMAC Round 3 Allotment.txt,1430,allotted
Bihar PGMAC,Bihar,2025,R3,NEET_AIR,173126.0,"N.M.C &.H, SASARAM",Orthopaedics,(Degree),,DEGREE,Bihar__PGMAC Round 3 Allotment.txt,1432,allotted
Bihar PGMAC,Bihar,2025,R3,NEET_AIR,173624.0,MADHUBANI,Paediatrics,(Degree),,DEGREE,Bihar__PGMAC Round 3 Allotment.txt,1434,allotted
Bihar PGMAC,Bihar,2025,R3,NEET_AIR,173751.0,HOSPITAL TURKI MUZAFFARPUR,Pathology,(Degree),,DEGREE,Bihar__PGMAC Round 3 Allotment.txt,1437,allotted
Bihar PGMAC,Bihar,2025,R3,NEET_AIR,174449.0,SAHARSA,OBS & GYNAE,(Degree),,DEGREE,Bihar__PGMAC Round 3 Allotment.txt,1440,allotted
Bihar PGMAC,Bihar,2025,R3,NEET_AIR,175445.0,COLLEGE & HOSPITAL,Microbiology,(Degree),,DEGREE,Bihar__PGMAC Round 3 Allotment.txt,1442,allotted
Bihar PGMAC,Bihar,2025,R3,NEET_AIR,176804.0,D.M.C.LAHERIASARAI,Microbiology,Converted (Degree),,DEGREE,Bihar__PGMAC Round 3 Allotment.txt,1444,allotted
Bihar PGMAC,Bihar,2025,R3,NEET_AIR,176876.0,3.BC(DIPLOMA)- 305,D.M.C.LAHERIASARAI,Anatomy,,DEGREE,Bihar__PGMAC Round 3 Allotment.txt,1446,allotted
Bihar PGMAC,Bihar,2025,R3,NEET_AIR,177187.0,COLLEGE & HOSPITAL,Microbiology,(Degree),,DEGREE,Bihar__PGMAC Round 3 Allotment.txt,1448,allotted
Bihar PGMAC,Bihar,2025,R3,NEET_AIR,177295.0,HOSPITAL TURKI MUZAFFARPUR,Pathology,(Degree),,DEGREE,Bihar__PGMAC Round 3 Allotment.txt,1451,allotted
Bihar PGMAC,Bihar,2025,R3,NEET_AIR,177785.0,"B.M.I.M.S,PAWAPURI, NALANDA",Anatomy,Converted (Degree),,DEGREE,Bihar__PGMAC Round 3 Allotment.txt,1453,allotted
Bihar PGMAC,Bihar,2025,R3,NEET_AIR,178451.0,"G.M.C., BETTIAH",Microbiology,Converted (Degree),,DEGREE,Bihar__PGMAC Round 3 Allotment.txt,1455,allotted
Bihar PGMAC,Bihar,2025,R3,NEET_AIR,178524.0,J.L.N.M.C. BHAGALPUR,Physiology,Converted (Degree),,DEGREE,Bihar__PGMAC Round 3 Allotment.txt,1457,allotted
Bihar PGMAC,Bihar,2025,R3,NEET_AIR,178683.0,COLLEGE & HOSPITAL,Orthopaedics,(Degree),,DEGREE,Bihar__PGMAC Round 3 Allotment.txt,1459,allotted
Bihar PGMAC,Bihar,2025,R3,NEET_AIR,180033.0,J.L.N.M.C. BHAGALPUR,F.M.T.,UR (Degree),,DEGREE,Bihar__PGMAC Round 3 Allotment.txt,1461,allotted
Bihar PGMAC,Bihar,2025,R3,NEET_AIR,180109.0,HOSPITAL TURKI MUZAFFARPUR,Orthopaedics,(Degree),,DEGREE,Bihar__PGMAC Round 3 Allotment.txt,1464,allotted
Bihar PGMAC,Bihar,2025,R3,NEET_AIR,180283.0,HOSPITAL TURKI MUZAFFARPUR,Radiodiagnosis,(Degree),,DEGREE,Bihar__PGMAC Round 3 Allotment.txt,1467,allotted
Bihar PGMAC,Bihar,2025,R3,NEET_AIR,180618.0,SAHARSA,Pathology,(Degree),,DEGREE,Bihar__PGMAC Round 3 Allotment.txt,1470,allotted
Bihar PGMAC,Bihar,2025,R3,NEET_AIR,181562.0,HOSPITAL TURKI MUZAFFARPUR,Radiodiagnosis,(Degree),,DEGREE,Bihar__PGMAC Round 3 Allotment.txt,1473,allotted
Bihar PGMAC,Bihar,2025,R3,NEET_AIR,181845.0,I.G.I.M.S. PATNA,Anaesthesiology,BC,,DEGREE,Bihar__PGMAC Round 3 Allotment.txt,1475,allotted
Bihar PGMAC,Bihar,2025,R3,NEET_AIR,182125.0,"N.M.C &.H, SASARAM",Microbiology,(Degree),,DEGREE,Bihar__PGMAC Round 3 Allotment.txt,1477,allotted
Bihar PGMAC,Bihar,2025,R3,NEET_AIR,182528.0,A.N.M.M.C. GAYA,Anatomy,Converted (Degree),,DEGREE,Bihar__PGMAC Round 3 Allotment.txt,1481,allotted
Bihar PGMAC,Bihar,2025,R3,NEET_AIR,182649.0,"N.M.C &.H, SASARAM",General Surgery,(Degree),,DEGREE,Bihar__PGMAC Round 3 Allotment.txt,1483,allotted
Bihar PGMAC,Bihar,2025,R3,NEET_AIR,182686.0,MADHUBANI,Pathology,(Degree),,DEGREE,Bihar__PGMAC Round 3 Allotment.txt,1485,allotted
Bihar PGMAC,Bihar,2025,R3,NEET_AIR,183117.0,MADHUBANI,Pathology,(Degree),,DEGREE,Bihar__PGMAC Round 3 Allotment.txt,1487,allotted
Bihar PGMAC,Bihar,2025,R3,NEET_AIR,183172.0,K.M.C. KATIHAR,General Surgery,(Degree),,DEGREE,Bihar__PGMAC Round 3 Allotment.txt,1489,allotted
Bihar PGMAC,Bihar,2025,R3,NEET_AIR,183608.0,SAHARSA,DERMATOLOGY,(Degree),,DEGREE,Bihar__PGMAC Round 3 Allotment.txt,1492,allotted
Bihar PGMAC,Bihar,2025,R3,NEET_AIR,183769.0,MADHUBANI,General Surgery,(Degree),,DEGREE,Bihar__PGMAC Round 3 Allotment.txt,1494,allotted
Bihar PGMAC,Bihar,2025,R3,NEET_AIR,184796.0,"N.M.C &.H, SASARAM",Anatomy,(Degree),,DEGREE,Bihar__PGMAC Round 3 Allotment.txt,1498,allotted
Bihar PGMAC,Bihar,2025,R3,NEET_AIR,185356.0,MADHUBANI,Microbiology,(Degree),,DEGREE,Bihar__PGMAC Round 3 Allotment.txt,1500,allotted
Bihar PGMAC,Bihar,2025,R3,NEET_AIR,185843.0,MADHUBANI,Anatomy,(Degree),,DEGREE,Bihar__PGMAC Round 3 Allotment.txt,1502,allotted
Bihar PGMAC,Bihar,2025,R3,NEET_AIR,186778.0,MADHUBANI,Pathology,Converted (Degree),,DEGREE,Bihar__PGMAC Round 3 Allotment.txt,1504,allotted
Bihar PGMAC,Bihar,2025,R3,NEET_AIR,188124.0,MADHUBANI,DERMATOLOGY,(Degree),,DEGREE,Bihar__PGMAC Round 3 Allotment.txt,1506,allotted
Bihar PGMAC,Bihar,2025,R3,NEET_AIR,188299.0,"N.M.C &.H, SASARAM",Pathology,(Degree),,DEGREE,Bihar__PGMAC Round 3 Allotment.txt,1508,allotted
Bihar PGMAC,Bihar,2025,R3,NEET_AIR,190291.0,"N.M.C &.H, SASARAM",Pathology,(Degree),,DEGREE,Bihar__PGMAC Round 3 Allotment.txt,1510,allotted
Bihar PGMAC,Bihar,2025,R3,NEET_AIR,190647.0,HOSPITAL TURKI MUZAFFARPUR,Pathology,(Degree),,DEGREE,Bihar__PGMAC Round 3 Allotment.txt,1513,allotted
Bihar PGMAC,Bihar,2025,R3,NEET_AIR,190949.0,K.M.C. KATIHAR,Orthopaedics,(Degree),,DEGREE,Bihar__PGMAC Round 3 Allotment.txt,1515,allotted
Bihar PGMAC,Bihar,2025,R3,NEET_AIR,191655.0,"N.M.C &.H, SASARAM",Pathology,(Degree),,DEGREE,Bihar__PGMAC Round 3 Allotment.txt,1517,allotted
Bihar PGMAC,Bihar,2025,R3,NEET_AIR,191818.0,P.M.C.PATNA,Physiology,Against DQ Category Seat (UR),,DEGREE,Bihar__PGMAC Round 3 Allotment.txt,1519,allotted
Bihar PGMAC,Bihar,2025,R3,NEET_AIR,192108.0,KISHANGANJ,Pathology,Converted (Degree),,DEGREE,Bihar__PGMAC Round 3 Allotment.txt,1521,allotted
Bihar PGMAC,Bihar,2025,R3,NEET_AIR,192118.0,3.RCG(DIPLOMA)- 303,P.M.C.PATNA,Physiology,,DEGREE,Bihar__PGMAC Round 3 Allotment.txt,1523,allotted
Bihar PGMAC,Bihar,2025,R3,NEET_AIR,192338.0,N.M.C. PATNA,Anatomy,Converted (Degree),,DEGREE,Bihar__PGMAC Round 3 Allotment.txt,1527,allotted
Bihar PGMAC,Bihar,2025,R3,NEET_AIR,192423.0,KISHANGANJ,Pathology,Converted (Degree),,DEGREE,Bihar__PGMAC Round 3 Allotment.txt,1529,allotted
Bihar PGMAC,Bihar,2025,R3,NEET_AIR,192427.0,"N.M.C &.H, SASARAM",Pathology,(Degree),,DEGREE,Bihar__PGMAC Round 3 Allotment.txt,1531,allotted
Bihar PGMAC,Bihar,2025,R3,NEET_AIR,193833.0,HOSPITAL TURKI MUZAFFARPUR,Biochemistry,(Degree),,DEGREE,Bihar__PGMAC Round 3 Allotment.txt,1534,allotted
Bihar PGMAC,Bihar,2025,R3,NEET_AIR,194136.0,J.L.N.M.C. BHAGALPUR,Pharmacology,(Degree),,DEGREE,Bihar__PGMAC Round 3 Allotment.txt,1536,allotted
Bihar PGMAC,Bihar,2025,R3,NEET_AIR,194394.0,KISHANGANJ,Pathology,Converted (Degree),,DEGREE,Bihar__PGMAC Round 3 Allotment.txt,1538,allotted
Bihar PGMAC,Bihar,2025,R3,NEET_AIR,195522.0,"COLLEGE & HOSPITAL, SAHARSA",Pathology,Converted (Degree),,DEGREE,Bihar__PGMAC Round 3 Allotment.txt,1545,allotted
Bihar PGMAC,Bihar,2025,R3,NEET_AIR,196606.0,N.M.C. PATNA,General Surgery,Against DQ Category Seat (UR),,DEGREE,Bihar__PGMAC Round 3 Allotment.txt,1547,allotted
Bihar PGMAC,Bihar,2025,R3,NEET_AIR,196736.0,SAHARSA,Pathology,Converted (Degree),,DEGREE,Bihar__PGMAC Round 3 Allotment.txt,1550,allotted
Bihar PGMAC,Bihar,2025,R3,NEET_AIR,196839.0,3.RCG(DIPLOMA)- 306,HOSPITAL TURKI MUZAFFARPUR,COMMUNITY MEDICINE (Degree),,DEGREE,Bihar__PGMAC Round 3 Allotment.txt,1553,allotted
Bihar PGMAC,Bihar,2025,R3,NEET_AIR,196905.0,3.UR(DIPLOMA)-1540,K.M.C. KATIHAR,COMMUNITY MEDICINE (Degree),,DEGREE,Bihar__PGMAC Round 3 Allotment.txt,1555,allotted
Bihar PGMAC,Bihar,2025,R3,NEET_AIR,197209.0,3.EBC(DIPLOMA)- 290,HOSPITAL TURKI MUZAFFARPUR,COMMUNITY MEDICINE (Degree),,DEGREE,Bihar__PGMAC Round 3 Allotment.txt,1558,allotted
Bihar PGMAC,Bihar,2025,R3,NEET_AIR,197273.0,P.M.C.PATNA,Anatomy,Converted (Degree),,DEGREE,Bihar__PGMAC Round 3 Allotment.txt,1560,allotted
Bihar PGMAC,Bihar,2025,R3,NEET_AIR,197904.0,"B.M.I.M.S,PAWAPURI, NALANDA",Anatomy,Converted (Degree),,DEGREE,Bihar__PGMAC Round 3 Allotment.txt,1564,allotted
Bihar PGMAC,Bihar,2025,R3,NEET_AIR,198443.0,J.L.N.M.C. BHAGALPUR,Microbiology,UR (Degree),,DEGREE,Bihar__PGMAC Round 3 Allotment.txt,1568,allotted
Bihar PGMAC,Bihar,2025,R3,NEET_AIR,199213.0,3.UR(DIPLOMA)-1558,"COLLEGE & HOSPITAL, SAHARSA Physiology",(Degree),,DEGREE,Bihar__PGMAC Round 3 Allotment.txt,1571,allotted
Bihar PGMAC,Bihar,2025,R3,NEET_AIR,199408.0,MADHUBANI,Orthopaedics,(Degree),,DEGREE,Bihar__PGMAC Round 3 Allotment.txt,1573,allotted
Bihar PGMAC,Bihar,2025,R3,NEET_AIR,199601.0,"N.M.C &.H, SASARAM",Pathology,(Degree),,DEGREE,Bihar__PGMAC Round 3 Allotment.txt,1575,allotted
Bihar PGMAC,Bihar,2025,R3,NEET_AIR,199731.0,"N.M.C &.H, SASARAM",Pathology,(Degree),,DEGREE,Bihar__PGMAC Round 3 Allotment.txt,1577,allotted
Bihar PGMAC,Bihar,2025,R3,NEET_AIR,200070.0,3.UR(DIPLOMA)-1568,MADHUBANI,COMMUNITY MEDICINE (Degree),,DEGREE,Bihar__PGMAC Round 3 Allotment.txt,1579,allotted
Bihar PGMAC,Bihar,2025,R3,NEET_AIR,200773.0,3.RCG(DIPLOMA)- 308,"G.M.C., BETTIAH",Anatomy,,DEGREE,Bihar__PGMAC Round 3 Allotment.txt,1581,allotted
Bihar PGMAC,Bihar,2025,R3,NEET_AIR,200859.0,A.N.M.M.C. GAYA,Pharmacology,UR (Degree),,DEGREE,Bihar__PGMAC Round 3 Allotment.txt,1583,allotted
Bihar PGMAC,Bihar,2025,R3,NEET_AIR,201024.0,3.UR(DIPLOMA)-1574,MADHUBANI,COMMUNITY MEDICINE Converted (Degree),,DEGREE,Bihar__PGMAC Round 3 Allotment.txt,1585,allotted
Bihar PGMAC,Bihar,2025,R3,NEET_AIR,201251.0,KISHANGANJ,General Surgery,(Degree),,DEGREE,Bihar__PGMAC Round 3 Allotment.txt,1587,allotted
Bihar PGMAC,Bihar,2025,R3,NEET_AIR,201596.0,S.K.M.C. MUZAFFARPUR,Anatomy,(Degree),,DEGREE,Bihar__PGMAC Round 3 Allotment.txt,1589,allotted
Bihar PGMAC,Bihar,2025,R3,NEET_AIR,202267.0,"N.M.C &.H, SASARAM",Pathology,Converted (Degree),,DEGREE,Bihar__PGMAC Round 3 Allotment.txt,1591,allotted
Bihar PGMAC,Bihar,2025,R3,NEET_AIR,202811.0,3.UR(DIPLOMA)-1589,HOSPITAL TURKI MUZAFFARPUR Pathology,Converted (Degree),,DEGREE,Bihar__PGMAC Round 3 Allotment.txt,1594,allotted
Bihar PGMAC,Bihar,2025,R3,NEET_AIR,203551.0,MADHUBANI,Pathology,Converted (Degree),,DEGREE,Bihar__PGMAC Round 3 Allotment.txt,1596,allotted
Bihar PGMAC,Bihar,2025,R3,NEET_AIR,203701.0,J.L.N.M.C. BHAGALPUR,Biochemistry,- Female,,DEGREE,Bihar__PGMAC Round 3 Allotment.txt,1598,allotted
Bihar PGMAC,Bihar,2025,R3,NEET_AIR,204033.0,MADHUBANI,Pathology,Converted (Degree),,DEGREE,Bihar__PGMAC Round 3 Allotment.txt,1600,allotted
Bihar PGMAC,Bihar,2025,R3,NEET_AIR,204109.0,D.M.C.LAHERIASARAI,Biochemistry,- Female,,DEGREE,Bihar__PGMAC Round 3 Allotment.txt,1602,allotted
Bihar PGMAC,Bihar,2025,R3,NEET_AIR,204671.0,3.RCG(DIPLOMA)- 311,D.M.C.LAHERIASARAI,COMMUNITY MEDICINE UR (Degree) - Female,,DEGREE,Bihar__PGMAC Round 3 Allotment.txt,1605,allotted
Bihar PGMAC,Bihar,2025,R3,NEET_AIR,204717.0,P.M.C.PATNA,Microbiology,UR (Degree) - Female,,DEGREE,Bihar__PGMAC Round 3 Allotment.txt,1608,allotted
Bihar PGMAC,Bihar,2025,R3,NEET_AIR,204938.0,SAHARSA,Pathology,Converted (Degree),,DEGREE,Bihar__PGMAC Round 3 Allotment.txt,1611,allotted
Bihar PGMAC,Bihar,2025,R3,NEET_AIR,205124.0,KISHANGANJ,Physiology,(Degree),,DEGREE,Bihar__PGMAC Round 3 Allotment.txt,1613,allotted
Bihar PGMAC,Bihar,2025,R3,NEET_AIR,205151.0,COLLEGE & HOSPITAL,Pharmacology,(Degree),,DEGREE,Bihar__PGMAC Round 3 Allotment.txt,1615,allotted
Bihar PGMAC,Bihar,2025,R3,NEET_AIR,205529.0,P.M.C.PATNA,Physiology,(Degree),,DEGREE,Bihar__PGMAC Round 3 Allotment.txt,1619,allotted
Bihar PGMAC,Bihar,2025,R3,NEET_AIR,206821.0,"COLLEGE & HOSPITAL, SAHARSA",Physiology,(Degree),,DEGREE,Bihar__PGMAC Round 3 Allotment.txt,1622,allotted
Bihar PGMAC,Bihar,2025,R3,NEET_AIR,209131.0,"N.M.C &.H, SASARAM",Physiology,(Degree),,DEGREE,Bihar__PGMAC Round 3 Allotment.txt,1624,allotted
Bihar PGMAC,Bihar,2025,R3,NEET_AIR,209712.0,COLLEGE & HOSPITAL,Anatomy,(Degree),,DEGREE,Bihar__PGMAC Round 3 Allotment.txt,1626,allotted
Bihar PGMAC,Bihar,2025,R3,NEET_AIR,209955.0,N.M.C. PATNA,Biochemistry,- Female,,DEGREE,Bihar__PGMAC Round 3 Allotment.txt,1628,allotted
Bihar PGMAC,Bihar,2025,R3,NEET_AIR,210130.0,J.L.N.M.C. BHAGALPUR,Anatomy,UR (Degree),,DEGREE,Bihar__PGMAC Round 3 Allotment.txt,1630,allotted
Bihar PGMAC,Bihar,2025,R3,NEET_AIR,210451.0,J.L.N.M.C. BHAGALPUR,Microbiology,- Female,,DEGREE,Bihar__PGMAC Round 3 Allotment.txt,1632,allotted
Bihar PGMAC,Bihar,2025,R3,NEET_AIR,210598.0,COLLEGE & HOSPITAL,Microbiology,(Degree),,DEGREE,Bihar__PGMAC Round 3 Allotment.txt,1634,allotted
Bihar PGMAC,Bihar,2025,R3,NEET_AIR,210793.0,HOSPITAL TURKI MUZAFFARPUR,Biochemistry,(Degree),,DEGREE,Bihar__PGMAC Round 3 Allotment.txt,1637,allotted
Bihar PGMAC,Bihar,2025,R3,NEET_AIR,212361.0,HOSPITAL TURKI MUZAFFARPUR,Anatomy,(Degree),,DEGREE,Bihar__PGMAC Round 3 Allotment.txt,1642,allotted
Bihar PGMAC,Bihar,2025,R3,NEET_AIR,212540.0,P.M.C.PATNA,OPHTHALMOLOGY,Against DQ Category Seat (UR),,DEGREE,Bihar__PGMAC Round 3 Allotment.txt,1644,allotted
Bihar PGMAC,Bihar,2025,R3,NEET_AIR,212564.0,N.M.C. PATNA,Physiology,Converted (Degree),,DEGREE,Bihar__PGMAC Round 3 Allotment.txt,1646,allotted
Bihar PGMAC,Bihar,2025,R3,NEET_AIR,214368.0,A.N.M.M.C. GAYA,Microbiology,(Degree) - Female,,DEGREE,Bihar__PGMAC Round 3 Allotment.txt,1648,allotted
Bihar PGMAC,Bihar,2025,R3,NEET_AIR,214436.0,3.SC(DIPLOMA)- 141,"G.M.C., BETTIAH",Physiology,,DEGREE,Bihar__PGMAC Round 3 Allotment.txt,1650,allotted
Bihar PGMAC,Bihar,2025,R3,NEET_AIR,214584.0,D.M.C.LAHERIASARAI,Anatomy,UR (Degree) - Female,,DEGREE,Bihar__PGMAC Round 3 Allotment.txt,1653,allotted
Bihar PGMAC,Bihar,2025,R3,NEET_AIR,215177.0,A.N.M.M.C. GAYA,OPHTHALMOLOGY,Against DQ Category Seat (EB),,DEGREE,Bihar__PGMAC Round 3 Allotment.txt,1655,allotted
Bihar PGMAC,Bihar,2025,R3,NEET_AIR,217148.0,P.M.C.PATNA,Physiology,UR (Degree) - Female,,DEGREE,Bihar__PGMAC Round 3 Allotment.txt,1658,allotted
Bihar PGMAC,Bihar,2025,R3,NEET_AIR,217470.0,"N.M.C &.H, SASARAM",Biochemistry,(Degree),,DEGREE,Bihar__PGMAC Round 3 Allotment.txt,1660,allotted
Bihar PGMAC,Bihar,2025,R3,NEET_AIR,217766.0,3.UR(DIPLOMA)-1716,HOSPITAL TURKI MUZAFFARPUR Physiology,(Degree),,DEGREE,Bihar__PGMAC Round 3 Allotment.txt,1663,allotted
Bihar PGMAC,Bihar,2025,R3,NEET_AIR,217881.0,3.EBC(DIPLOMA)- 315,MADHUBANI,COMMUNITY MEDICINE (Degree),,DEGREE,Bihar__PGMAC Round 3 Allotment.txt,1665,allotted
Bihar PGMAC,Bihar,2025,R3,NEET_AIR,218359.0,K.M.C. KATIHAR,MEDICINE,(Degree),,DEGREE,Bihar__PGMAC Round 3 Allotment.txt,1667,allotted
Bihar PGMAC,Bihar,2025,R3,NEET_AIR,219174.0,P.M.C.PATNA,F.M.T.,- Female,,DEGREE,Bihar__PGMAC Round 3 Allotment.txt,1669,allotted
Bihar PGMAC,Bihar,2025,R3,NEET_AIR,219380.0,J.L.N.M.C. BHAGALPUR,General Surgery,BC,,DEGREE,Bihar__PGMAC Round 3 Allotment.txt,1673,allotted
Bihar PGMAC,Bihar,2025,R3,NEET_AIR,219545.0,KISHANGANJ,Pharmacology,(Degree),,DEGREE,Bihar__PGMAC Round 3 Allotment.txt,1675,allotted
Bihar PGMAC,Bihar,2025,R3,NEET_AIR,219605.0,HOSPITAL TURKI MUZAFFARPUR,Microbiology,(Degree),,DEGREE,Bihar__PGMAC Round 3 Allotment.txt,1678,allotted
Bihar PGMAC,Bihar,2025,R3,NEET_AIR,219933.0,"COLLEGE & HOSPITAL, SAHARSA",Microbiology,(Degree),,DEGREE,Bihar__PGMAC Round 3 Allotment.txt,1681,allotted
Bihar PGMAC,Bihar,2025,R3,NEET_AIR,220443.0,"COLLEGE & HOSPITAL, SAHARSA",Pharmacology,(Degree),,DEGREE,Bihar__PGMAC Round 3 Allotment.txt,1684,allotted
Bihar PGMAC,Bihar,2025,R3,NEET_AIR,220472.0,D.M.C.LAHERIASARAI,Physiology,- Female,,DEGREE,Bihar__PGMAC Round 3 Allotment.txt,1686,allotted
Bihar PGMAC,Bihar,2025,R3,NEET_AIR,220561.0,"N.M.C &.H, SASARAM",Pharmacology,(Degree),,DEGREE,Bihar__PGMAC Round 3 Allotment.txt,1688,allotted
Bihar PGMAC,Bihar,2025,R3,NEET_AIR,221470.0,"N.M.C &.H, SASARAM",Microbiology,(Degree),,DEGREE,Bihar__PGMAC Round 3 Allotment.txt,1690,allotted
Bihar PGMAC,Bihar,2025,R3,NEET_AIR,222193.0,COLLEGE & HOSPITAL,Anatomy,(Degree),,DEGREE,Bihar__PGMAC Round 3 Allotment.txt,1692,allotted
Bihar PGMAC,Bihar,2025,R3,NEET_AIR,222238.0,D.M.C.LAHERIASARAI,Anatomy,- Female,,DEGREE,Bihar__PGMAC Round 3 Allotment.txt,1694,allotted
Bihar PGMAC,Bihar,2025,R3,NEET_AIR,222245.0,"G.M.C., BETTIAH",Microbiology,(Degree) - Female,,DEGREE,Bihar__PGMAC Round 3 Allotment.txt,1696,allotted
Bihar PGMAC,Bihar,2025,R3,NEET_AIR,222487.0,K.M.C. KATIHAR,Anatomy,(Degree),,DEGREE,Bihar__PGMAC Round 3 Allotment.txt,1698,allotted
Bihar PGMAC,Bihar,2025,R3,NEET_AIR,222708.0,I.G.I.M.S. PATNA,Microbiology,UR (Degree) - Female,,DEGREE,Bihar__PGMAC Round 3 Allotment.txt,1701,allotted
Bihar PGMAC,Bihar,2025,R3,NEET_AIR,222774.0,J.L.N.M.C. BHAGALPUR,Pharmacology,UR (Degree) - Female,,DEGREE,Bihar__PGMAC Round 3 Allotment.txt,1704,allotted
Bihar PGMAC,Bihar,2025,R3,NEET_AIR,223315.0,"N.M.C &.H, SASARAM",Physiology,(Degree),,DEGREE,Bihar__PGMAC Round 3 Allotment.txt,1709,allotted
Bihar PGMAC,Bihar,2025,R3,NEET_AIR,223447.0,KISHANGANJ,Microbiology,(Degree),,DEGREE,Bihar__PGMAC Round 3 Allotment.txt,1711,allotted
Bihar PGMAC,Bihar,2025,R3,NEET_AIR,224466.0,"N.M.C &.H, SASARAM",Pharmacology,(Degree),,DEGREE,Bihar__PGMAC Round 3 Allotment.txt,1713,allotted
Bihar PGMAC,Bihar,2025,R3,NEET_AIR,224723.0,"COLLEGE & HOSPITAL, SAHARSA",Microbiology,(Degree),,DEGREE,Bihar__PGMAC Round 3 Allotment.txt,1716,allotted
Bihar PGMAC,Bihar,2025,R3,NEET_AIR,225512.0,KISHANGANJ,Pharmacology,Converted (Degree),,DEGREE,Bihar__PGMAC Round 3 Allotment.txt,1718,allotted
Bihar PGMAC,Bihar,2025,R3,NEET_AIR,226058.0,N.M.C. PATNA,Physiology,UR (Degree) - Female,,DEGREE,Bihar__PGMAC Round 3 Allotment.txt,1721,allotted
Bihar PGMAC,Bihar,2025,R3,NEET_AIR,226280.0,HOSPITAL TURKI MUZAFFARPUR,Microbiology,(Degree),,DEGREE,Bihar__PGMAC Round 3 Allotment.txt,1724,allotted
Bihar PGMAC,Bihar,2025,R3,NEET_AIR,226360.0,"N.M.C &.H, SASARAM",Microbiology,Converted (Degree),,DEGREE,Bihar__PGMAC Round 3 Allotment.txt,1726,allotted
Bihar PGMAC,Bihar,2025,R3,NEET_AIR,226514.0,KISHANGANJ,Microbiology,(Degree),,DEGREE,Bihar__PGMAC Round 3 Allotment.txt,1728,allotted
Bihar PGMAC,Bihar,2025,R3,NEET_AIR,226650.0,K.M.C. KATIHAR,Anatomy,Converted (Degree),,DEGREE,Bihar__PGMAC Round 3 Allotment.txt,1730,allotted
Bihar PGMAC,Bihar,2025,R3,NEET_AIR,226940.0,MADHUBANI,Anatomy,(Degree),,DEGREE,Bihar__PGMAC Round 3 Allotment.txt,1732,allotted
Bihar PGMAC,Bihar,2025,R3,NEET_AIR,227159.0,"G.M.C., BETTIAH",Biochemistry,- Female,,DEGREE,Bihar__PGMAC Round 3 Allotment.txt,1734,allotted
Bihar PGMAC,Bihar,2025,R3,NEET_AIR,227225.0,K.M.C. KATIHAR,Pharmacology,(Degree),,DEGREE,Bihar__PGMAC Round 3 Allotment.txt,1736,allotted
Bihar PGMAC,Bihar,2025,R3,NEET_AIR,227410.0,N.M.C. PATNA,F.M.T.,UR (Degree) - Female,,DEGREE,Bihar__PGMAC Round 3 Allotment.txt,1739,allotted
Bihar PGMAC,Bihar,2025,R3,NEET_AIR,227514.0,HOSPITAL TURKI MUZAFFARPUR,Microbiology,(Degree),,DEGREE,Bihar__PGMAC Round 3 Allotment.txt,1742,allotted
Bihar PGMAC,Bihar,2025,R3,NEET_AIR,227522.0,"N.M.C &.H, SASARAM",Pharmacology,(Degree),,DEGREE,Bihar__PGMAC Round 3 Allotment.txt,1744,allotted
Bihar PGMAC,Bihar,2025,R3,NEET_AIR,227877.0,MADHUBANI,Microbiology,(Degree),,DEGREE,Bihar__PGMAC Round 3 Allotment.txt,1746,allotted
Bihar PGMAC,Bihar,2025,R3,NEET_AIR,228035.0,MADHUBANI,Anatomy,(Degree),,DEGREE,Bihar__PGMAC Round 3 Allotment.txt,1748,allotted
Bihar PGMAC,Bihar,2025,R3,NEET_AIR,228216.0,HOSPITAL TURKI MUZAFFARPUR,Microbiology,(Degree),,DEGREE,Bihar__PGMAC Round 3 Allotment.txt,1751,allotted
Bihar PGMAC,Bihar,2025,R3,NEET_AIR,228418.0,K.M.C. KATIHAR,Microbiology,Converted (Degree),,DEGREE,Bihar__PGMAC Round 3 Allotment.txt,1753,allotted
Bihar PGMAC,Bihar,2025,R3,NEET_AIR,228568.0,HOSPITAL TURKI MUZAFFARPUR,Biochemistry,(Degree),,DEGREE,Bihar__PGMAC Round 3 Allotment.txt,1756,allotted
Bihar PGMAC,Bihar,2025,R3,NEET_AIR,228631.0,D.M.C.LAHERIASARAI,Pharmacology,- Female,,DEGREE,Bihar__PGMAC Round 3 Allotment.txt,1758,allotted
Bihar PGMAC,Bihar,2025,R3,NEET_AIR,228824.0,"N.M.C &.H, SASARAM",Pharmacology,(Degree),,DEGREE,Bihar__PGMAC Round 3 Allotment.txt,1760,allotted
Bihar PGMAC,Bihar,2025,R3,NEET_AIR,229202.0,COLLEGE & HOSPITAL,Pharmacology,(Degree),,DEGREE,Bihar__PGMAC Round 3 Allotment.txt,1762,allotted
Bihar PGMAC,Bihar,2025,R3,NEET_AIR,229211.0,MADHUBANI,Microbiology,Converted (Degree),,DEGREE,Bihar__PGMAC Round 3 Allotment.txt,1764,allotted
Bihar PGMAC,Bihar,2025,R3,NEET_AIR,229372.0,MADHUBANI,Anatomy,Converted (Degree),,DEGREE,Bihar__PGMAC Round 3 Allotment.txt,1766,allotted
Bihar PGMAC,Bihar,2025,R3,NEET_AIR,229553.0,"COLLEGE & HOSPITAL, SAHARSA",Pharmacology,(Degree),,DEGREE,Bihar__PGMAC Round 3 Allotment.txt,1769,allotted
Bihar PGMAC,Bihar,2025,R3,NEET_AIR,229739.0,KISHANGANJ,Microbiology,(Degree),,DEGREE,Bihar__PGMAC Round 3 Allotment.txt,1771,allotted
Bihar PGMAC,Bihar,2025,R3,NEET_AIR,229937.0,3.RCG(DIPLOMA)- 355,K.M.C. KATIHAR,COMMUNITY MEDICINE (Degree),,DEGREE,Bihar__PGMAC Round 3 Allotment.txt,1773,allotted
Bihar PGMAC,Bihar,2025,R3,NEET_AIR,230013.0,3.EBC(DIPLOMA)- 348,MADHUBANI,COMMUNITY MEDICINE (Degree),,DEGREE,Bihar__PGMAC Round 3 Allotment.txt,1775,allotted
Bihar PGMAC,Bihar,2025,R3,NEET_AIR,230073.0,KISHANGANJ,Microbiology,(Degree),,DEGREE,Bihar__PGMAC Round 3 Allotment.txt,1777,allotted
Bihar PGMAC,Bihar,2025,R3,NEET_AIR,230087.0,"COLLEGE & HOSPITAL, SAHARSA",Pharmacology,Converted (Degree),,DEGREE,Bihar__PGMAC Round 3 Allotment.txt,1780,allotted
Bihar PGMAC,Bihar,2025,R1,NEET_AIR,380.0,RCG(DIPLOMA)- 1,I.G.I.M.S. PATNA,Radiodiagnosis,,DEGREE,Bihar__PGMAC Round 1 seat allotment.txt,5,allotted
Bihar PGMAC,Bihar,2025,R1,NEET_AIR,533.0,EBC(DIPLOMA)- 2,I.G.I.M.S. PATNA,Radiodiagnosis,,DEGREE,Bihar__PGMAC Round 1 seat allotment.txt,7,allotted
Bihar PGMAC,Bihar,2025,R1,NEET_AIR,574.0,RCG(DIPLOMA)- 2,P.M.C.PATNA,Radiodiagnosis,,DEGREE,Bihar__PGMAC Round 1 seat allotment.txt,9,allotted
Bihar PGMAC,Bihar,2025,R1,NEET_AIR,651.0,EWS(DIPLOMA)- 1,I.G.I.M.S. PATNA,Radiodiagnosis,,DEGREE,Bihar__PGMAC Round 1 seat allotment.txt,11,allotted
Bihar PGMAC,Bihar,2025,R1,NEET_AIR,680.0,BC(DIPLOMA)- 1,P.M.C.PATNA,General,,DEGREE,Bihar__PGMAC Round 1 seat allotment.txt,13,allotted
Bihar PGMAC,Bihar,2025,R1,NEET_AIR,748.0,UR(DIPLOMA)- 6,I.G.I.M.S. PATNA,General,,DEGREE,Bihar__PGMAC Round 1 seat allotment.txt,15,allotted
Bihar PGMAC,Bihar,2025,R1,NEET_AIR,762.0,UR(DIPLOMA)- 7,P.M.C.PATNA,OBS & GYNAE,,DEGREE,Bihar__PGMAC Round 1 seat allotment.txt,17,allotted
Bihar PGMAC,Bihar,2025,R1,NEET_AIR,855.0,RCG(DIPLOMA)- 3,P.M.C.PATNA,General,,DEGREE,Bihar__PGMAC Round 1 seat allotment.txt,19,allotted
Bihar PGMAC,Bihar,2025,R1,NEET_AIR,1133.0,EBC(DIPLOMA)- 5,P.M.C.PATNA,General,,DEGREE,Bihar__PGMAC Round 1 seat allotment.txt,21,allotted
Bihar PGMAC,Bihar,2025,R1,NEET_AIR,1145.0,RCG(DIPLOMA)- 4,I.G.I.M.S. PATNA,General,,DEGREE,Bihar__PGMAC Round 1 seat allotment.txt,23,allotted
Bihar PGMAC,Bihar,2025,R1,NEET_AIR,1267.0,BC(DIPLOMA)- 3,P.M.C.PATNA,General,,DEGREE,Bihar__PGMAC Round 1 seat allotment.txt,25,allotted
Bihar PGMAC,Bihar,2025,R1,NEET_AIR,1436.0,UR(DIPLOMA)- 12,P.M.C.PATNA,General,,DEGREE,Bihar__PGMAC Round 1 seat allotment.txt,27,allotted
Bihar PGMAC,Bihar,2025,R1,NEET_AIR,1554.0,UR(DIPLOMA)- 13,N.M.C. PATNA,General,,DEGREE,Bihar__PGMAC Round 1 seat allotment.txt,29,allotted
Bihar PGMAC,Bihar,2025,R1,NEET_AIR,1594.0,BC(DIPLOMA)- 4,P.M.C.PATNA,Radiodiagnosis,,DEGREE,Bihar__PGMAC Round 1 seat allotment.txt,31,allotted
Bihar PGMAC,Bihar,2025,R1,NEET_AIR,1719.0,EWS(DIPLOMA)- 2,I.G.I.M.S. PATNA,General,,DEGREE,Bihar__PGMAC Round 1 seat allotment.txt,33,allotted
Bihar PGMAC,Bihar,2025,R1,NEET_AIR,1926.0,RCG(DIPLOMA)- 5,P.M.C.PATNA,DERMATOLOGY,,DEGREE,Bihar__PGMAC Round 1 seat allotment.txt,35,allotted
Bihar PGMAC,Bihar,2025,R1,NEET_AIR,1999.0,BC(DIPLOMA)- 6,D.M.C.LAHERIASARAI,Radiodiagnosis,,DEGREE,Bihar__PGMAC Round 1 seat allotment.txt,37,allotted
Bihar PGMAC,Bihar,2025,R1,NEET_AIR,2042.0,EBC(DIPLOMA)- 6,N.M.C. PATNA,General,,DEGREE,Bihar__PGMAC Round 1 seat allotment.txt,39,allotted
Bihar PGMAC,Bihar,2025,R1,NEET_AIR,2167.0,RCG(DIPLOMA)- 6,I.G.I.M.S. PATNA,DERMATOLOGY,,DEGREE,Bihar__PGMAC Round 1 seat allotment.txt,41,allotted
Bihar PGMAC,Bihar,2025,R1,NEET_AIR,2217.0,RCG(DIPLOMA)- 7,N.M.C. PATNA,Radiodiagnosis,,DEGREE,Bihar__PGMAC Round 1 seat allotment.txt,43,allotted
Bihar PGMAC,Bihar,2025,R1,NEET_AIR,2227.0,UR(DIPLOMA)- 21,P.M.C.PATNA,OBS & GYNAE,,DEGREE,Bihar__PGMAC Round 1 seat allotment.txt,45,allotted
Bihar PGMAC,Bihar,2025,R1,NEET_AIR,2283.0,UR(DIPLOMA)- 22,I.G.I.M.S. PATNA,OPHTHALMOLOGY,,DEGREE,Bihar__PGMAC Round 1 seat allotment.txt,47,allotted
Bihar PGMAC,Bihar,2025,R1,NEET_AIR,2365.0,EWS(DIPLOMA)- 3,P.M.C.PATNA,General,,DEGREE,Bihar__PGMAC Round 1 seat allotment.txt,49,allotted
Bihar PGMAC,Bihar,2025,R1,NEET_AIR,2401.0,UR(DIPLOMA)- 24,D.M.C.LAHERIASARAI,General,,DEGREE,Bihar__PGMAC Round 1 seat allotment.txt,51,allotted
Bihar PGMAC,Bihar,2025,R1,NEET_AIR,2422.0,BC(DIPLOMA)- 10,P.M.C.PATNA,Paediatrics,,DEGREE,Bihar__PGMAC Round 1 seat allotment.txt,53,allotted
Bihar PGMAC,Bihar,2025,R1,NEET_AIR,2575.0,EWS(DIPLOMA)- 4,D.M.C.LAHERIASARAI,General,,DEGREE,Bihar__PGMAC Round 1 seat allotment.txt,55,allotted
Bihar PGMAC,Bihar,2025,R1,NEET_AIR,2647.0,UR(DIPLOMA)- 28,D.M.C.LAHERIASARAI,General,,DEGREE,Bihar__PGMAC Round 1 seat allotment.txt,57,allotted
Bihar PGMAC,Bihar,2025,R1,NEET_AIR,2706.0,RCG(DIPLOMA)- 8,I.G.I.M.S. PATNA,General,,DEGREE,Bihar__PGMAC Round 1 seat allotment.txt,59,allotted
Bihar PGMAC,Bihar,2025,R1,NEET_AIR,2720.0,UR(DIPLOMA)- 30,P.M.C.PATNA,OBS & GYNAE,,DEGREE,Bihar__PGMAC Round 1 seat allotment.txt,61,allotted
Bihar PGMAC,Bihar,2025,R1,NEET_AIR,2786.0,EBC(DIPLOMA)- 7,N.M.C. PATNA,General,,DEGREE,Bihar__PGMAC Round 1 seat allotment.txt,63,allotted
Bihar PGMAC,Bihar,2025,R1,NEET_AIR,2812.0,RCG(DIPLOMA)- 9,I.G.I.M.S. PATNA,DERMATOLOGY,,DEGREE,Bihar__PGMAC Round 1 seat allotment.txt,65,allotted
Bihar PGMAC,Bihar,2025,R1,NEET_AIR,2862.0,EWS(DIPLOMA)- 6,D.M.C.LAHERIASARAI,General,,DEGREE,Bihar__PGMAC Round 1 seat allotment.txt,67,allotted
Bihar PGMAC,Bihar,2025,R1,NEET_AIR,2921.0,RCG(DIPLOMA)- 10,N.M.C. PATNA,General,,DEGREE,Bihar__PGMAC Round 1 seat allotment.txt,69,allotted
Bihar PGMAC,Bihar,2025,R1,NEET_AIR,2929.0,BC(DIPLOMA)- 14,P.M.C.PATNA,General,,DEGREE,Bihar__PGMAC Round 1 seat allotment.txt,71,allotted
Bihar PGMAC,Bihar,2025,R1,NEET_AIR,2974.0,RCG(DIPLOMA)- 11,P.M.C.PATNA,DERMATOLOGY,,DEGREE,Bihar__PGMAC Round 1 seat allotment.txt,73,allotted
Bihar PGMAC,Bihar,2025,R1,NEET_AIR,3121.0,EWS(DIPLOMA)- 7,P.M.C.PATNA,DERMATOLOGY,,DEGREE,Bihar__PGMAC Round 1 seat allotment.txt,75,allotted
Bihar PGMAC,Bihar,2025,R1,NEET_AIR,3135.0,RCG(DIPLOMA)- 12,I.G.I.M.S. PATNA,Paediatrics,,DEGREE,Bihar__PGMAC Round 1 seat allotment.txt,77,allotted
Bihar PGMAC,Bihar,2025,R1,NEET_AIR,3321.0,RCG(DIPLOMA)- 13,P.M.C.PATNA,General,,DEGREE,Bihar__PGMAC Round 1 seat allotment.txt,79,allotted
Bihar PGMAC,Bihar,2025,R1,NEET_AIR,3466.0,BC(DIPLOMA)- 17,D.M.C.LAHERIASARAI,General,,DEGREE,Bihar__PGMAC Round 1 seat allotment.txt,81,allotted
Bihar PGMAC,Bihar,2025,R1,NEET_AIR,3503.0,RCG(DIPLOMA)- 14,P.M.C.PATNA,OBS & GYNAE,,DEGREE,Bihar__PGMAC Round 1 seat allotment.txt,83,allotted
Bihar PGMAC,Bihar,2025,R1,NEET_AIR,3607.0,UR(DIPLOMA)- 47,"G.M.C., BETTIAH",Radiodiagnosis,,DEGREE,Bihar__PGMAC Round 1 seat allotment.txt,85,allotted
Bihar PGMAC,Bihar,2025,R1,NEET_AIR,3700.0,RCG(DIPLOMA)- 15,J.L.N.M.C. BHAGALPUR,General,,DEGREE,Bihar__PGMAC Round 1 seat allotment.txt,87,allotted
Bihar PGMAC,Bihar,2025,R1,NEET_AIR,3909.0,UR(DIPLOMA)- 49,P.M.C.PATNA,Orthopaedics,,DEGREE,Bihar__PGMAC Round 1 seat allotment.txt,89,allotted
Bihar PGMAC,Bihar,2025,R1,NEET_AIR,4010.0,RCG(DIPLOMA)- 16,D.M.C.LAHERIASARAI,Radiodiagnosis,,DEGREE,Bihar__PGMAC Round 1 seat allotment.txt,91,allotted
Bihar PGMAC,Bihar,2025,R1,NEET_AIR,4070.0,RCG(DIPLOMA)- 17,J.L.N.M.C. BHAGALPUR,General,,DEGREE,Bihar__PGMAC Round 1 seat allotment.txt,93,allotted
Bihar PGMAC,Bihar,2025,R1,NEET_AIR,4118.0,RCG(DIPLOMA)- 18,P.M.C.PATNA,OBS & GYNAE,,DEGREE,Bihar__PGMAC Round 1 seat allotment.txt,95,allotted
Bihar PGMAC,Bihar,2025,R1,NEET_AIR,4151.0,EBC(DIPLOMA)- 13,D.M.C.LAHERIASARAI,General,,DEGREE,Bihar__PGMAC Round 1 seat allotment.txt,97,allotted
Bihar PGMAC,Bihar,2025,R1,NEET_AIR,4164.0,EBC(DIPLOMA)- 14,J.L.N.M.C. BHAGALPUR,General,,DEGREE,Bihar__PGMAC Round 1 seat allotment.txt,99,allotted
Bihar PGMAC,Bihar,2025,R1,NEET_AIR,4180.0,UR(DIPLOMA)- 55,"B.M.I.M.S,PAWAPURI, NALANDA",General,,DEGREE,Bihar__PGMAC Round 1 seat allotment.txt,101,allotted
Bihar PGMAC,Bihar,2025,R1,NEET_AIR,4198.0,BC(DIPLOMA)- 20,P.M.C.PATNA,Paediatrics,,DEGREE,Bihar__PGMAC Round 1 seat allotment.txt,103,allotted
Bihar PGMAC,Bihar,2025,R1,NEET_AIR,4311.0,EWS(DIPLOMA)- 9,D.M.C.LAHERIASARAI,General,,DEGREE,Bihar__PGMAC Round 1 seat allotment.txt,105,allotted
Bihar PGMAC,Bihar,2025,R1,NEET_AIR,4531.0,EWS(DIPLOMA)- 10,J.L.N.M.C. BHAGALPUR,General,,DEGREE,Bihar__PGMAC Round 1 seat allotment.txt,107,allotted
Bihar PGMAC,Bihar,2025,R1,NEET_AIR,4553.0,EBC(DIPLOMA)- 15,P.M.C.PATNA,General,,DEGREE,Bihar__PGMAC Round 1 seat allotment.txt,109,allotted
Bihar PGMAC,Bihar,2025,R1,NEET_AIR,4713.0,EBC(DIPLOMA)- 16,P.M.C.PATNA,Orthopaedics,,DEGREE,Bihar__PGMAC Round 1 seat allotment.txt,111,allotted
Bihar PGMAC,Bihar,2025,R1,NEET_AIR,4717.0,BC(DIPLOMA)- 22,P.M.C.PATNA,Paediatrics,,DEGREE,Bihar__PGMAC Round 1 seat allotment.txt,113,allotted
Bihar PGMAC,Bihar,2025,R1,NEET_AIR,4885.0,EBC(DIPLOMA)- 17,P.M.C.PATNA,Paediatrics,,DEGREE,Bihar__PGMAC Round 1 seat allotment.txt,115,allotted
Bihar PGMAC,Bihar,2025,R1,NEET_AIR,4900.0,UR(DIPLOMA)- 65,P.M.C.PATNA,RESPIRATORY MEDICINE,,DEGREE,Bihar__PGMAC Round 1 seat allotment.txt,117,allotted
Bihar PGMAC,Bihar,2025,R1,NEET_AIR,4916.0,RCG(DIPLOMA)- 19,P.M.C.PATNA,OBS & GYNAE,,DEGREE,Bihar__PGMAC Round 1 seat allotment.txt,121,allotted
Bihar PGMAC,Bihar,2025,R1,NEET_AIR,4986.0,RCG(DIPLOMA)- 20,P.M.C.PATNA,Paediatrics,,DEGREE,Bihar__PGMAC Round 1 seat allotment.txt,123,allotted
Bihar PGMAC,Bihar,2025,R1,NEET_AIR,5178.0,EWS(DIPLOMA)- 12,P.M.C.PATNA,OBS & GYNAE,,DEGREE,Bihar__PGMAC Round 1 seat allotment.txt,125,allotted
Bihar PGMAC,Bihar,2025,R1,NEET_AIR,5196.0,EBC(DIPLOMA)- 20,N.M.C. PATNA,Paediatrics,,DEGREE,Bihar__PGMAC Round 1 seat allotment.txt,127,allotted
Bihar PGMAC,Bihar,2025,R1,NEET_AIR,5204.0,EWS(DIPLOMA)- 13,P.M.C.PATNA,Paediatrics,,DEGREE,Bihar__PGMAC Round 1 seat allotment.txt,129,allotted
Bihar PGMAC,Bihar,2025,R1,NEET_AIR,5266.0,BC(DIPLOMA)- 23,I.G.I.M.S. PATNA,Paediatrics,,DEGREE,Bihar__PGMAC Round 1 seat allotment.txt,131,allotted
Bihar PGMAC,Bihar,2025,R1,NEET_AIR,5273.0,RCG(DIPLOMA)- 21,P.M.C.PATNA,Paediatrics,,DEGREE,Bihar__PGMAC Round 1 seat allotment.txt,133,allotted
Bihar PGMAC,Bihar,2025,R1,NEET_AIR,5285.0,BC(DIPLOMA)- 24,I.G.I.M.S. PATNA,Anaesthesiology,,DEGREE,Bihar__PGMAC Round 1 seat allotment.txt,135,allotted
Bihar PGMAC,Bihar,2025,R1,NEET_AIR,5412.0,RCG(DIPLOMA)- 22,N.M.C. PATNA,OBS & GYNAE,,DEGREE,Bihar__PGMAC Round 1 seat allotment.txt,137,allotted
Bihar PGMAC,Bihar,2025,R1,NEET_AIR,5427.0,RCG(DIPLOMA)- 23,P.M.C.PATNA,Paediatrics,,DEGREE,Bihar__PGMAC Round 1 seat allotment.txt,139,allotted
Bihar PGMAC,Bihar,2025,R1,NEET_AIR,5451.0,BC(DIPLOMA)- 27,I.G.I.M.S. PATNA,RESPIRATORY MEDICINE,,DEGREE,Bihar__PGMAC Round 1 seat allotment.txt,141,allotted
Bihar PGMAC,Bihar,2025,R1,NEET_AIR,5453.0,UR(DIPLOMA)- 77,P.M.C.PATNA,OPHTHALMOLOGY,,DEGREE,Bihar__PGMAC Round 1 seat allotment.txt,143,allotted
Bihar PGMAC,Bihar,2025,R1,NEET_AIR,5561.0,RCG(DIPLOMA)- 24,P.M.C.PATNA,OBS & GYNAE,,DEGREE,Bihar__PGMAC Round 1 seat allotment.txt,145,allotted
Bihar PGMAC,Bihar,2025,R1,NEET_AIR,5754.0,BC(DIPLOMA)- 28,P.M.C.PATNA,General,,DEGREE,Bihar__PGMAC Round 1 seat allotment.txt,147,allotted
Bihar PGMAC,Bihar,2025,R1,NEET_AIR,5760.0,EWS(DIPLOMA)- 14,I.G.I.M.S. PATNA,Paediatrics,,DEGREE,Bihar__PGMAC Round 1 seat allotment.txt,149,allotted
Bihar PGMAC,Bihar,2025,R1,NEET_AIR,5897.0,BC(DIPLOMA)- 29,I.G.I.M.S. PATNA,Orthopaedics,,DEGREE,Bihar__PGMAC Round 1 seat allotment.txt,151,allotted
Bihar PGMAC,Bihar,2025,R1,NEET_AIR,5992.0,UR(DIPLOMA)- 83,N.M.C. PATNA,Paediatrics,,DEGREE,Bihar__PGMAC Round 1 seat allotment.txt,153,allotted
Bihar PGMAC,Bihar,2025,R1,NEET_AIR,6063.0,UR(DIPLOMA)- 86,D.M.C.LAHERIASARAI,Paediatrics,,DEGREE,Bihar__PGMAC Round 1 seat allotment.txt,155,allotted
Bihar PGMAC,Bihar,2025,R1,NEET_AIR,6096.0,EWS(DIPLOMA)- 17,A.N.M.M.C. GAYA,DERMATOLOGY,,DEGREE,Bihar__PGMAC Round 1 seat allotment.txt,157,allotted
Bihar PGMAC,Bihar,2025,R1,NEET_AIR,6114.0,EBC(DIPLOMA)- 24,P.M.C.PATNA,Orthopaedics,,DEGREE,Bihar__PGMAC Round 1 seat allotment.txt,159,allotted
Bihar PGMAC,Bihar,2025,R1,NEET_AIR,6147.0,EWS(DIPLOMA)- 18,P.M.C.PATNA,Orthopaedics,,DEGREE,Bihar__PGMAC Round 1 seat allotment.txt,161,allotted
Bihar PGMAC,Bihar,2025,R1,NEET_AIR,6154.0,RCG(DIPLOMA)- 25,N.M.C. PATNA,OBS & GYNAE,,DEGREE,Bihar__PGMAC Round 1 seat allotment.txt,163,allotted
Bihar PGMAC,Bihar,2025,R1,NEET_AIR,6200.0,BC(DIPLOMA)- 30,N.M.C. PATNA,Paediatrics,,DEGREE,Bihar__PGMAC Round 1 seat allotment.txt,165,allotted
Bihar PGMAC,Bihar,2025,R1,NEET_AIR,6242.0,RCG(DIPLOMA)- 26,I.G.I.M.S. PATNA,OBS & GYNAE,,DEGREE,Bihar__PGMAC Round 1 seat allotment.txt,167,allotted
Bihar PGMAC,Bihar,2025,R1,NEET_AIR,6355.0,UR(DIPLOMA)- 93,D.M.C.LAHERIASARAI,OBS & GYNAE,,DEGREE,Bihar__PGMAC Round 1 seat allotment.txt,169,allotted
Bihar PGMAC,Bihar,2025,R1,NEET_AIR,6501.0,UR(DIPLOMA)- 94,N.M.C. PATNA,Orthopaedics,,DEGREE,Bihar__PGMAC Round 1 seat allotment.txt,171,allotted
Bihar PGMAC,Bihar,2025,R1,NEET_AIR,6622.0,EBC(DIPLOMA)- 27,N.M.C. PATNA,Paediatrics,,DEGREE,Bihar__PGMAC Round 1 seat allotment.txt,173,allotted
Bihar PGMAC,Bihar,2025,R1,NEET_AIR,6714.0,UR(DIPLOMA)- 99,J.L.N.M.C. BHAGALPUR,General,,DEGREE,Bihar__PGMAC Round 1 seat allotment.txt,175,allotted
Bihar PGMAC,Bihar,2025,R1,NEET_AIR,6763.0,RCG(DIPLOMA)- 27,P.M.C.PATNA,Paediatrics,,DEGREE,Bihar__PGMAC Round 1 seat allotment.txt,177,allotted
Bihar PGMAC,Bihar,2025,R1,NEET_AIR,6789.0,UR(DIPLOMA)- 102,N.M.C. PATNA,OBS & GYNAE,,DEGREE,Bihar__PGMAC Round 1 seat allotment.txt,179,allotted
Bihar PGMAC,Bihar,2025,R1,NEET_AIR,6948.0,BC(DIPLOMA)- 34,N.M.C. PATNA,General,,DEGREE,Bihar__PGMAC Round 1 seat allotment.txt,181,allotted
Bihar PGMAC,Bihar,2025,R1,NEET_AIR,7036.0,UR(DIPLOMA)- 105,J.L.N.M.C. BHAGALPUR,Paediatrics,,DEGREE,Bihar__PGMAC Round 1 seat allotment.txt,183,allotted
Bihar PGMAC,Bihar,2025,R1,NEET_AIR,7041.0,UR(DIPLOMA)- 106,D.M.C.LAHERIASARAI,OBS & GYNAE,,DEGREE,Bihar__PGMAC Round 1 seat allotment.txt,185,allotted
Bihar PGMAC,Bihar,2025,R1,NEET_AIR,7059.0,RCG(DIPLOMA)- 29,N.M.C. PATNA,OBS & GYNAE,,DEGREE,Bihar__PGMAC Round 1 seat allotment.txt,187,allotted
Bihar PGMAC,Bihar,2025,R1,NEET_AIR,7168.0,RCG(DIPLOMA)- 30,N.M.C. PATNA,OBS & GYNAE,,DEGREE,Bihar__PGMAC Round 1 seat allotment.txt,189,allotted
Bihar PGMAC,Bihar,2025,R1,NEET_AIR,7219.0,RCG(DIPLOMA)- 31,D.M.C.LAHERIASARAI,OBS & GYNAE,,DEGREE,Bihar__PGMAC Round 1 seat allotment.txt,191,allotted
Bihar PGMAC,Bihar,2025,R1,NEET_AIR,7220.0,UR(DIPLOMA)- 110,D.M.C.LAHERIASARAI,Orthopaedics,,DEGREE,Bihar__PGMAC Round 1 seat allotment.txt,193,allotted
Bihar PGMAC,Bihar,2025,R1,NEET_AIR,7390.0,UR(DIPLOMA)- 115,J.L.N.M.C. BHAGALPUR,OBS & GYNAE,,DEGREE,Bihar__PGMAC Round 1 seat allotment.txt,195,allotted
Bihar PGMAC,Bihar,2025,R1,NEET_AIR,7478.0,BC(DIPLOMA)- 41,N.M.C. PATNA,General,,DEGREE,Bihar__PGMAC Round 1 seat allotment.txt,197,allotted
Bihar PGMAC,Bihar,2025,R1,NEET_AIR,7485.0,BC(DIPLOMA)- 42,N.M.C. PATNA,Orthopaedics,,DEGREE,Bihar__PGMAC Round 1 seat allotment.txt,199,allotted
Bihar PGMAC,Bihar,2025,R1,NEET_AIR,7628.0,RCG(DIPLOMA)- 33,D.M.C.LAHERIASARAI,OBS & GYNAE,,DEGREE,Bihar__PGMAC Round 1 seat allotment.txt,201,allotted
Bihar PGMAC,Bihar,2025,R1,NEET_AIR,7629.0,RCG(DIPLOMA)- 34,D.M.C.LAHERIASARAI,OBS & GYNAE,,DEGREE,Bihar__PGMAC Round 1 seat allotment.txt,203,allotted
Bihar PGMAC,Bihar,2025,R1,NEET_AIR,7687.0,UR(DIPLOMA)- 121,P.M.C.PATNA,General,,DEGREE,Bihar__PGMAC Round 1 seat allotment.txt,205,allotted
Bihar PGMAC,Bihar,2025,R1,NEET_AIR,7779.0,EWS(DIPLOMA)- 20,N.M.C. PATNA,Paediatrics,,DEGREE,Bihar__PGMAC Round 1 seat allotment.txt,207,allotted
Bihar PGMAC,Bihar,2025,R1,NEET_AIR,7797.0,UR(DIPLOMA)- 124,S.K.M.C. MUZAFFARPUR,OBS & GYNAE,,DEGREE,Bihar__PGMAC Round 1 seat allotment.txt,209,allotted
Bihar PGMAC,Bihar,2025,R1,NEET_AIR,7869.0,BC(DIPLOMA)- 46,D.M.C.LAHERIASARAI,General,,DEGREE,Bihar__PGMAC Round 1 seat allotment.txt,211,allotted
Bihar PGMAC,Bihar,2025,R1,NEET_AIR,7926.0,UR(DIPLOMA)- 126,"G.M.C., BETTIAH",Paediatrics,,DEGREE,Bihar__PGMAC Round 1 seat allotment.txt,213,allotted
Bihar PGMAC,Bihar,2025,R1,NEET_AIR,7936.0,EWS(DIPLOMA)- 21,N.M.C. PATNA,OBS & GYNAE,,DEGREE,Bihar__PGMAC Round 1 seat allotment.txt,215,allotted
Bihar PGMAC,Bihar,2025,R1,NEET_AIR,7961.0,UR(DIPLOMA)- 128,D.M.C.LAHERIASARAI,General,,DEGREE,Bihar__PGMAC Round 1 seat allotment.txt,217,allotted
Bihar PGMAC,Bihar,2025,R1,NEET_AIR,8039.0,EWS(DIPLOMA)- 22,S.K.M.C. MUZAFFARPUR,Paediatrics,,DEGREE,Bihar__PGMAC Round 1 seat allotment.txt,219,allotted
Bihar PGMAC,Bihar,2025,R1,NEET_AIR,8153.0,RCG(DIPLOMA)- 36,S.K.M.C. MUZAFFARPUR,OBS & GYNAE,,DEGREE,Bihar__PGMAC Round 1 seat allotment.txt,221,allotted
Bihar PGMAC,Bihar,2025,R1,NEET_AIR,8242.0,RCG(DIPLOMA)- 37,A.N.M.M.C. GAYA,OBS & GYNAE,,DEGREE,Bihar__PGMAC Round 1 seat allotment.txt,223,allotted
Bihar PGMAC,Bihar,2025,R1,NEET_AIR,8251.0,EBC(DIPLOMA)- 30,S.K.M.C. MUZAFFARPUR,Paediatrics,,DEGREE,Bihar__PGMAC Round 1 seat allotment.txt,225,allotted
Bihar PGMAC,Bihar,2025,R1,NEET_AIR,8354.0,UR(DIPLOMA)- 134,N.M.C. PATNA,General,,DEGREE,Bihar__PGMAC Round 1 seat allotment.txt,227,allotted
Bihar PGMAC,Bihar,2025,R1,NEET_AIR,8410.0,RCG(DIPLOMA)- 38,D.M.C.LAHERIASARAI,Paediatrics,,DEGREE,Bihar__PGMAC Round 1 seat allotment.txt,229,allotted
Bihar PGMAC,Bihar,2025,R1,NEET_AIR,8415.0,EBC(DIPLOMA)- 32,P.M.C.PATNA,General,,DEGREE,Bihar__PGMAC Round 1 seat allotment.txt,231,allotted
Bihar PGMAC,Bihar,2025,R1,NEET_AIR,8462.0,EBC(DIPLOMA)- 33,D.M.C.LAHERIASARAI,General,,DEGREE,Bihar__PGMAC Round 1 seat allotment.txt,233,allotted
Bihar PGMAC,Bihar,2025,R1,NEET_AIR,8680.0,RCG(DIPLOMA)- 40,N.M.C. PATNA,OBS & GYNAE,,DEGREE,Bihar__PGMAC Round 1 seat allotment.txt,237,allotted
Bihar PGMAC,Bihar,2025,R1,NEET_AIR,8726.0,BC(DIPLOMA)- 52,J.L.N.M.C. BHAGALPUR,Orthopaedics,,DEGREE,Bihar__PGMAC Round 1 seat allotment.txt,241,allotted
Bihar PGMAC,Bihar,2025,R1,NEET_AIR,8764.0,BC(DIPLOMA)- 53,N.M.C. PATNA,General,,DEGREE,Bihar__PGMAC Round 1 seat allotment.txt,243,allotted
Bihar PGMAC,Bihar,2025,R1,NEET_AIR,8828.0,EWS(DIPLOMA)- 23,D.M.C.LAHERIASARAI,Orthopaedics,,DEGREE,Bihar__PGMAC Round 1 seat allotment.txt,245,allotted
Bihar PGMAC,Bihar,2025,R1,NEET_AIR,8904.0,RCG(DIPLOMA)- 41,J.L.N.M.C. BHAGALPUR,General,,DEGREE,Bihar__PGMAC Round 1 seat allotment.txt,247,allotted
Bihar PGMAC,Bihar,2025,R1,NEET_AIR,8944.0,BC(DIPLOMA)- 55,J.L.N.M.C. BHAGALPUR,General,,DEGREE,Bihar__PGMAC Round 1 seat allotment.txt,249,allotted
Bihar PGMAC,Bihar,2025,R1,NEET_AIR,9076.0,BC(DIPLOMA)- 56,A.N.M.M.C. GAYA,Paediatrics,,DEGREE,Bihar__PGMAC Round 1 seat allotment.txt,251,allotted
Bihar PGMAC,Bihar,2025,R1,NEET_AIR,9138.0,EWS(DIPLOMA)- 25,P.M.C.PATNA,General,,DEGREE,Bihar__PGMAC Round 1 seat allotment.txt,253,allotted
Bihar PGMAC,Bihar,2025,R1,NEET_AIR,9190.0,RCG(DIPLOMA)- 42,A.N.M.M.C. GAYA,OBS & GYNAE,,DEGREE,Bihar__PGMAC Round 1 seat allotment.txt,257,allotted
Bihar PGMAC,Bihar,2025,R1,NEET_AIR,9314.0,EWS(DIPLOMA)- 27,N.M.C. PATNA,General,,DEGREE,Bihar__PGMAC Round 1 seat allotment.txt,259,allotted
Bihar PGMAC,Bihar,2025,R1,NEET_AIR,9456.0,UR(DIPLOMA)- 157,I.G.I.M.S. PATNA,RADIO ONCOLOGY,,DEGREE,Bihar__PGMAC Round 1 seat allotment.txt,263,allotted
Bihar PGMAC,Bihar,2025,R1,NEET_AIR,9674.0,RCG(DIPLOMA)- 45,I.G.I.M.S. PATNA,OBS & GYNAE,,DEGREE,Bihar__PGMAC Round 1 seat allotment.txt,265,allotted
Bihar PGMAC,Bihar,2025,R1,NEET_AIR,9677.0,RCG(DIPLOMA)- 46,P.M.C.PATNA,Radiodiagnosis,,DEGREE,Bihar__PGMAC Round 1 seat allotment.txt,267,allotted
Bihar PGMAC,Bihar,2025,R1,NEET_AIR,9740.0,SC(DIPLOMA)- 2,P.M.C.PATNA,General,,DEGREE,Bihar__PGMAC Round 1 seat allotment.txt,269,allotted
Bihar PGMAC,Bihar,2025,R1,NEET_AIR,9910.0,EWS(DIPLOMA)- 28,S.K.M.C. MUZAFFARPUR,General,,DEGREE,Bihar__PGMAC Round 1 seat allotment.txt,271,allotted
Bihar PGMAC,Bihar,2025,R1,NEET_AIR,9944.0,EBC(DIPLOMA)- 38,I.G.I.M.S. PATNA,General,,DEGREE,Bihar__PGMAC Round 1 seat allotment.txt,273,allotted
Bihar PGMAC,Bihar,2025,R1,NEET_AIR,10123.0,EBC(DIPLOMA)- 39,I.G.I.M.S. PATNA,Orthopaedics,,DEGREE,Bihar__PGMAC Round 1 seat allotment.txt,275,allotted
Bihar PGMAC,Bihar,2025,R1,NEET_AIR,10191.0,RCG(DIPLOMA)- 47,A.N.M.M.C. GAYA,OBS & GYNAE,,DEGREE,Bihar__PGMAC Round 1 seat allotment.txt,277,allotted
Bihar PGMAC,Bihar,2025,R1,NEET_AIR,10207.0,EBC(DIPLOMA)- 40,A.N.M.M.C. GAYA,General,,DEGREE,Bihar__PGMAC Round 1 seat allotment.txt,280,allotted
Bihar PGMAC,Bihar,2025,R1,NEET_AIR,10297.0,RCG(DIPLOMA)- 48,I.G.I.M.S. PATNA,RESPIRATORY MEDICINE,,DEGREE,Bihar__PGMAC Round 1 seat allotment.txt,282,allotted
Bihar PGMAC,Bihar,2025,R1,NEET_AIR,10395.0,UR(DIPLOMA)- 178,A.N.M.M.C. GAYA,Paediatrics,,DEGREE,Bihar__PGMAC Round 1 seat allotment.txt,284,allotted
Bihar PGMAC,Bihar,2025,R1,NEET_AIR,10588.0,EBC(DIPLOMA)- 43,"B.M.I.M.S,PAWAPURI, NALANDA",General,,DEGREE,Bihar__PGMAC Round 1 seat allotment.txt,287,allotted
Bihar PGMAC,Bihar,2025,R1,NEET_AIR,10635.0,RCG(DIPLOMA)- 49,D.M.C.LAHERIASARAI,OBS & GYNAE,,DEGREE,Bihar__PGMAC Round 1 seat allotment.txt,289,allotted
Bihar PGMAC,Bihar,2025,R1,NEET_AIR,10680.0,RCG(DIPLOMA)- 50,D.M.C.LAHERIASARAI,Paediatrics,,DEGREE,Bihar__PGMAC Round 1 seat allotment.txt,291,allotted
Bihar PGMAC,Bihar,2025,R1,NEET_AIR,10689.0,RCG(DIPLOMA)- 52,I.G.I.M.S. PATNA,General,,DEGREE,Bihar__PGMAC Round 1 seat allotment.txt,293,allotted
Bihar PGMAC,Bihar,2025,R1,NEET_AIR,10964.0,UR(DIPLOMA)- 188,I.G.I.M.S. PATNA,Anaesthesiology,,DEGREE,Bihar__PGMAC Round 1 seat allotment.txt,295,allotted
Bihar PGMAC,Bihar,2025,R1,NEET_AIR,11111.0,EWS(DIPLOMA)- 34,D.M.C.LAHERIASARAI,OBS & GYNAE,,DEGREE,Bihar__PGMAC Round 1 seat allotment.txt,297,allotted
Bihar PGMAC,Bihar,2025,R1,NEET_AIR,11122.0,RCG(DIPLOMA)- 53,N.M.C. PATNA,DERMATOLOGY,,DEGREE,Bihar__PGMAC Round 1 seat allotment.txt,299,allotted
Bihar PGMAC,Bihar,2025,R1,NEET_AIR,11130.0,RCG(DIPLOMA)- 54,J.L.N.M.C. BHAGALPUR,Paediatrics,,DEGREE,Bihar__PGMAC Round 1 seat allotment.txt,301,allotted
Bihar PGMAC,Bihar,2025,R1,NEET_AIR,11136.0,EWS(DIPLOMA)- 35,S.K.M.C. MUZAFFARPUR,OBS & GYNAE,,DEGREE,Bihar__PGMAC Round 1 seat allotment.txt,303,allotted
Bihar PGMAC,Bihar,2025,R1,NEET_AIR,11207.0,RCG(DIPLOMA)- 55,D.M.C.LAHERIASARAI,OBS & GYNAE,,DEGREE,Bihar__PGMAC Round 1 seat allotment.txt,305,allotted
Bihar PGMAC,Bihar,2025,R1,NEET_AIR,11329.0,UR(DIPLOMA)- 200,S.K.M.C. MUZAFFARPUR,General,,DEGREE,Bihar__PGMAC Round 1 seat allotment.txt,307,allotted
Bihar PGMAC,Bihar,2025,R1,NEET_AIR,11421.0,BC(DIPLOMA)- 67,"B.M.I.M.S,PAWAPURI, NALANDA",General,,DEGREE,Bihar__PGMAC Round 1 seat allotment.txt,309,allotted
Bihar PGMAC,Bihar,2025,R1,NEET_AIR,11531.0,EWS(DIPLOMA)- 37,J.L.N.M.C. BHAGALPUR,Paediatrics,,DEGREE,Bihar__PGMAC Round 1 seat allotment.txt,311,allotted
Bihar PGMAC,Bihar,2025,R1,NEET_AIR,11667.0,RCG(DIPLOMA)- 56,P.M.C.PATNA,OBS & GYNAE,,DEGREE,Bihar__PGMAC Round 1 seat allotment.txt,313,allotted
Bihar PGMAC,Bihar,2025,R1,NEET_AIR,11671.0,SC(DIPLOMA)- 5,D.M.C.LAHERIASARAI,Radiodiagnosis,,DEGREE,Bihar__PGMAC Round 1 seat allotment.txt,315,allotted
Bihar PGMAC,Bihar,2025,R1,NEET_AIR,11689.0,EWS(DIPLOMA)- 40,D.M.C.LAHERIASARAI,General,,DEGREE,Bihar__PGMAC Round 1 seat allotment.txt,317,allotted
Bihar PGMAC,Bihar,2025,R1,NEET_AIR,11950.0,EWS(DIPLOMA)- 42,J.L.N.M.C. BHAGALPUR,RESPIRATORY MEDICINE,,DEGREE,Bihar__PGMAC Round 1 seat allotment.txt,319,allotted
Bihar PGMAC,Bihar,2025,R1,NEET_AIR,12023.0,RCG(DIPLOMA)- 57,D.M.C.LAHERIASARAI,General,,DEGREE,Bihar__PGMAC Round 1 seat allotment.txt,321,allotted
Bihar PGMAC,Bihar,2025,R1,NEET_AIR,12056.0,BC(DIPLOMA)- 71,I.G.I.M.S. PATNA,Anaesthesiology,,DEGREE,Bihar__PGMAC Round 1 seat allotment.txt,323,allotted
Bihar PGMAC,Bihar,2025,R1,NEET_AIR,12072.0,SC(DIPLOMA)- 6,P.M.C.PATNA,Paediatrics,,DEGREE,Bihar__PGMAC Round 1 seat allotment.txt,325,allotted
Bihar PGMAC,Bihar,2025,R1,NEET_AIR,12091.0,RCG(DIPLOMA)- 58,J.L.N.M.C. BHAGALPUR,Psychiatry,,DEGREE,Bihar__PGMAC Round 1 seat allotment.txt,327,allotted
Bihar PGMAC,Bihar,2025,R1,NEET_AIR,12376.0,RCG(DIPLOMA)- 59,D.M.C.LAHERIASARAI,General,,DEGREE,Bihar__PGMAC Round 1 seat allotment.txt,329,allotted
Bihar PGMAC,Bihar,2025,R1,NEET_AIR,12425.0,BC(DIPLOMA)- 78,P.M.C.PATNA,Anaesthesiology,,DEGREE,Bihar__PGMAC Round 1 seat allotment.txt,331,allotted
Bihar PGMAC,Bihar,2025,R1,NEET_AIR,12564.0,UR(DIPLOMA)- 235,J.L.N.M.C. BHAGALPUR,General,,DEGREE,Bihar__PGMAC Round 1 seat allotment.txt,333,allotted
Bihar PGMAC,Bihar,2025,R1,NEET_AIR,12632.0,EWS(DIPLOMA)- 49,D.M.C.LAHERIASARAI,General,,DEGREE,Bihar__PGMAC Round 1 seat allotment.txt,335,allotted
Bihar PGMAC,Bihar,2025,R1,NEET_AIR,12777.0,RCG(DIPLOMA)- 60,D.M.C.LAHERIASARAI,General,,DEGREE,Bihar__PGMAC Round 1 seat allotment.txt,337,allotted
Bihar PGMAC,Bihar,2025,R1,NEET_AIR,12792.0,EWS(DIPLOMA)- 51,I.G.I.M.S. PATNA,Anaesthesiology,,DEGREE,Bihar__PGMAC Round 1 seat allotment.txt,339,allotted
Bihar PGMAC,Bihar,2025,R1,NEET_AIR,12929.0,RCG(DIPLOMA)- 61,S.K.M.C. MUZAFFARPUR,General,,DEGREE,Bihar__PGMAC Round 1 seat allotment.txt,341,allotted
Bihar PGMAC,Bihar,2025,R1,NEET_AIR,12977.0,UR(DIPLOMA)- 250,P.M.C.PATNA,Anaesthesiology,,DEGREE,Bihar__PGMAC Round 1 seat allotment.txt,343,allotted
Bihar PGMAC,Bihar,2025,R1,NEET_AIR,13131.0,RCG(DIPLOMA)- 62,"G.M.C., BETTIAH",OBS & GYNAE,,DEGREE,Bihar__PGMAC Round 1 seat allotment.txt,345,allotted
Bihar PGMAC,Bihar,2025,R1,NEET_AIR,13255.0,RCG(DIPLOMA)- 63,I.G.I.M.S. PATNA,Anaesthesiology,,DEGREE,Bihar__PGMAC Round 1 seat allotment.txt,347,allotted
Bihar PGMAC,Bihar,2025,R1,NEET_AIR,13599.0,RCG(DIPLOMA)- 66,P.M.C.PATNA,OPHTHALMOLOGY,,DEGREE,Bihar__PGMAC Round 1 seat allotment.txt,349,allotted
Bihar PGMAC,Bihar,2025,R1,NEET_AIR,14458.0,RCG(DIPLOMA)- 71,I.G.I.M.S. PATNA,Anaesthesiology,,DEGREE,Bihar__PGMAC Round 1 seat allotment.txt,353,allotted
Bihar PGMAC,Bihar,2025,R1,NEET_AIR,14472.0,RCG(DIPLOMA)- 72,P.M.C.PATNA,Psychiatry,,DEGREE,Bihar__PGMAC Round 1 seat allotment.txt,355,allotted
Bihar PGMAC,Bihar,2025,R1,NEET_AIR,14683.0,EWS(DIPLOMA)- 61,I.G.I.M.S. PATNA,Psychiatry,,DEGREE,Bihar__PGMAC Round 1 seat allotment.txt,357,allotted
Bihar PGMAC,Bihar,2025,R1,NEET_AIR,15009.0,RCG(DIPLOMA)- 76,A.N.M.M.C. GAYA,Anaesthesiology,,DEGREE,Bihar__PGMAC Round 1 seat allotment.txt,359,allotted
Bihar PGMAC,Bihar,2025,R1,NEET_AIR,15047.0,RCG(DIPLOMA)- 77,P.M.C.PATNA,Psychiatry,,DEGREE,Bihar__PGMAC Round 1 seat allotment.txt,361,allotted
Bihar PGMAC,Bihar,2025,R1,NEET_AIR,15190.0,RCG(DIPLOMA)- 78,J.L.N.M.C. BHAGALPUR,General,,DEGREE,Bihar__PGMAC Round 1 seat allotment.txt,363,allotted
Bihar PGMAC,Bihar,2025,R1,NEET_AIR,15217.0,RCG(DIPLOMA)- 79,I.G.I.M.S. PATNA,OPHTHALMOLOGY,,DEGREE,Bihar__PGMAC Round 1 seat allotment.txt,365,allotted
Bihar PGMAC,Bihar,2025,R1,NEET_AIR,15525.0,RCG(DIPLOMA)- 82,D.M.C.LAHERIASARAI,Orthopaedics,,DEGREE,Bihar__PGMAC Round 1 seat allotment.txt,371,allotted
Bihar PGMAC,Bihar,2025,R1,NEET_AIR,15671.0,SC(DIPLOMA)- 8,N.M.C. PATNA,General,,DEGREE,Bihar__PGMAC Round 1 seat allotment.txt,373,allotted
Bihar PGMAC,Bihar,2025,R1,NEET_AIR,15697.0,RCG(DIPLOMA)- 84,D.M.C.LAHERIASARAI,OPHTHALMOLOGY,,DEGREE,Bihar__PGMAC Round 1 seat allotment.txt,375,allotted
Bihar PGMAC,Bihar,2025,R1,NEET_AIR,15839.0,EWS(DIPLOMA)- 67,D.M.C.LAHERIASARAI,Anaesthesiology,,DEGREE,Bihar__PGMAC Round 1 seat allotment.txt,377,allotted
Bihar PGMAC,Bihar,2025,R1,NEET_AIR,15969.0,RCG(DIPLOMA)- 86,P.M.C.PATNA,OPHTHALMOLOGY,,DEGREE,Bihar__PGMAC Round 1 seat allotment.txt,379,allotted
Bihar PGMAC,Bihar,2025,R1,NEET_AIR,16204.0,UR(DIPLOMA)- 332,"COLLEGE & HOSPITAL, SAHARSA",General,,DEGREE,Bihar__PGMAC Round 1 seat allotment.txt,382,allotted
Bihar PGMAC,Bihar,2025,R1,NEET_AIR,16480.0,RCG(DIPLOMA)- 88,I.G.I.M.S. PATNA,Anaesthesiology,,DEGREE,Bihar__PGMAC Round 1 seat allotment.txt,384,allotted
Bihar PGMAC,Bihar,2025,R1,NEET_AIR,16609.0,RCG(DIPLOMA)- 89,P.M.C.PATNA,OPHTHALMOLOGY,,DEGREE,Bihar__PGMAC Round 1 seat allotment.txt,387,allotted
Bihar PGMAC,Bihar,2025,R1,NEET_AIR,16676.0,RCG(DIPLOMA)- 91,I.G.I.M.S. PATNA,General,,DEGREE,Bihar__PGMAC Round 1 seat allotment.txt,389,allotted
Bihar PGMAC,Bihar,2025,R1,NEET_AIR,16812.0,RCG(DIPLOMA)- 93,J.L.N.M.C. BHAGALPUR,OPHTHALMOLOGY,,DEGREE,Bihar__PGMAC Round 1 seat allotment.txt,391,allotted
Bihar PGMAC,Bihar,2025,R1,NEET_AIR,16965.0,EWS(DIPLOMA)- 73,N.M.C. PATNA,OPHTHALMOLOGY,,DEGREE,Bihar__PGMAC Round 1 seat allotment.txt,393,allotted
Bihar PGMAC,Bihar,2025,R1,NEET_AIR,17077.0,RCG(DIPLOMA)- 95,I.G.I.M.S. PATNA,Anaesthesiology,,DEGREE,Bihar__PGMAC Round 1 seat allotment.txt,396,allotted
Bihar PGMAC,Bihar,2025,R1,NEET_AIR,17114.0,RCG(DIPLOMA)- 96,D.M.C.LAHERIASARAI,OPHTHALMOLOGY,,DEGREE,Bihar__PGMAC Round 1 seat allotment.txt,399,allotted
Bihar PGMAC,Bihar,2025,R1,NEET_AIR,17355.0,RCG(DIPLOMA)- 97,I.G.I.M.S. PATNA,Anaesthesiology,,DEGREE,Bihar__PGMAC Round 1 seat allotment.txt,402,allotted
Bihar PGMAC,Bihar,2025,R1,NEET_AIR,17372.0,RCG(DIPLOMA)- 98,P.M.C.PATNA,Anaesthesiology,,DEGREE,Bihar__PGMAC Round 1 seat allotment.txt,404,allotted
Bihar PGMAC,Bihar,2025,R1,NEET_AIR,17685.0,UR(DIPLOMA)- 367,KISHANGANJ,General,,DEGREE,Bihar__PGMAC Round 1 seat allotment.txt,406,allotted
Bihar PGMAC,Bihar,2025,R1,NEET_AIR,17723.0,RCG(DIPLOMA)- 101,P.M.C.PATNA,Orthopaedics,,DEGREE,Bihar__PGMAC Round 1 seat allotment.txt,408,allotted
Bihar PGMAC,Bihar,2025,R1,NEET_AIR,18153.0,RCG(DIPLOMA)- 103,N.M.C. PATNA,Psychiatry,,DEGREE,Bihar__PGMAC Round 1 seat allotment.txt,411,allotted
Bihar PGMAC,Bihar,2025,R1,NEET_AIR,18411.0,EBC(DIPLOMA)- 96,P.M.C.PATNA,E.N.T.,,DEGREE,Bihar__PGMAC Round 1 seat allotment.txt,414,allotted
Bihar PGMAC,Bihar,2025,R1,NEET_AIR,19048.0,RCG(DIPLOMA)- 111,P.M.C.PATNA,Anaesthesiology,,DEGREE,Bihar__PGMAC Round 1 seat allotment.txt,419,allotted
Bihar PGMAC,Bihar,2025,R1,NEET_AIR,19163.0,EWS(DIPLOMA)- 86,A.N.M.M.C. GAYA,E.N.T.,,DEGREE,Bihar__PGMAC Round 1 seat allotment.txt,421,allotted
Bihar PGMAC,Bihar,2025,R1,NEET_AIR,19296.0,RCG(DIPLOMA)- 112,P.M.C.PATNA,E.N.T.,,DEGREE,Bihar__PGMAC Round 1 seat allotment.txt,423,allotted
Bihar PGMAC,Bihar,2025,R1,NEET_AIR,19358.0,EBC(DIPLOMA)- 104,N.M.C. PATNA,Anaesthesiology,,DEGREE,Bihar__PGMAC Round 1 seat allotment.txt,425,allotted
Bihar PGMAC,Bihar,2025,R1,NEET_AIR,19569.0,EBC(DIPLOMA)- 107,N.M.C. PATNA,E.N.T.,,DEGREE,Bihar__PGMAC Round 1 seat allotment.txt,427,allotted
Bihar PGMAC,Bihar,2025,R1,NEET_AIR,19603.0,SC(DIPLOMA)- 10,P.M.C.PATNA,Orthopaedics,,DEGREE,Bihar__PGMAC Round 1 seat allotment.txt,429,allotted
Bihar PGMAC,Bihar,2025,R1,NEET_AIR,19637.0,SC(DIPLOMA)- 11,D.M.C.LAHERIASARAI,General,,DEGREE,Bihar__PGMAC Round 1 seat allotment.txt,431,allotted
Bihar PGMAC,Bihar,2025,R1,NEET_AIR,19856.0,RCG(DIPLOMA)- 118,N.M.C. PATNA,Anaesthesiology,,DEGREE,Bihar__PGMAC Round 1 seat allotment.txt,434,allotted
Bihar PGMAC,Bihar,2025,R1,NEET_AIR,20116.0,RCG(DIPLOMA)- 120,P.M.C.PATNA,E.N.T.,,DEGREE,Bihar__PGMAC Round 1 seat allotment.txt,436,allotted
Bihar PGMAC,Bihar,2025,R1,NEET_AIR,21095.0,EBC(DIPLOMA)- 114,N.M.C. PATNA,Anaesthesiology,,DEGREE,Bihar__PGMAC Round 1 seat allotment.txt,441,allotted
Bihar PGMAC,Bihar,2025,R1,NEET_AIR,21145.0,EBC(DIPLOMA)- 115,N.M.C. PATNA,E.N.T.,,DEGREE,Bihar__PGMAC Round 1 seat allotment.txt,444,allotted
Bihar PGMAC,Bihar,2025,R1,NEET_AIR,21656.0,SC(DIPLOMA)- 12,J.L.N.M.C. BHAGALPUR,General,,DEGREE,Bihar__PGMAC Round 1 seat allotment.txt,446,allotted
Bihar PGMAC,Bihar,2025,R1,NEET_AIR,21994.0,BC(DIPLOMA)- 154,"N.M.C &.H, SASARAM",General,,DEGREE,Bihar__PGMAC Round 1 seat allotment.txt,448,allotted
Bihar PGMAC,Bihar,2025,R1,NEET_AIR,22113.0,RCG(DIPLOMA)- 130,D.M.C.LAHERIASARAI,E.N.T.,,DEGREE,Bihar__PGMAC Round 1 seat allotment.txt,451,allotted
Bihar PGMAC,Bihar,2025,R1,NEET_AIR,22676.0,EBC(DIPLOMA)- 121,A.N.M.M.C. GAYA,Anaesthesiology,,DEGREE,Bihar__PGMAC Round 1 seat allotment.txt,454,allotted
Bihar PGMAC,Bihar,2025,R1,NEET_AIR,22900.0,RCG(DIPLOMA)- 135,P.M.C.PATNA,Paediatrics,,DEGREE,Bihar__PGMAC Round 1 seat allotment.txt,456,allotted
Bihar PGMAC,Bihar,2025,R1,NEET_AIR,22910.0,RCG(DIPLOMA)- 136,A.N.M.M.C. GAYA,OPHTHALMOLOGY,,DEGREE,Bihar__PGMAC Round 1 seat allotment.txt,458,allotted
Bihar PGMAC,Bihar,2025,R1,NEET_AIR,23014.0,RCG(DIPLOMA)- 138,I.G.I.M.S. PATNA,Pathology,,DEGREE,Bihar__PGMAC Round 1 seat allotment.txt,460,allotted
Bihar PGMAC,Bihar,2025,R1,NEET_AIR,23240.0,UR(DIPLOMA)- 498,KISHANGANJ,General,,DEGREE,Bihar__PGMAC Round 1 seat allotment.txt,462,allotted
Bihar PGMAC,Bihar,2025,R1,NEET_AIR,23750.0,SC(DIPLOMA)- 15,P.M.C.PATNA,General,,DEGREE,Bihar__PGMAC Round 1 seat allotment.txt,466,allotted
Bihar PGMAC,Bihar,2025,R1,NEET_AIR,23934.0,RCG(DIPLOMA)- 145,"G.M.C., BETTIAH",OPHTHALMOLOGY,,DEGREE,Bihar__PGMAC Round 1 seat allotment.txt,471,allotted
Bihar PGMAC,Bihar,2025,R1,NEET_AIR,24460.0,RCG(DIPLOMA)- 149,P.M.C.PATNA,General,,DEGREE,Bihar__PGMAC Round 1 seat allotment.txt,473,allotted
Bihar PGMAC,Bihar,2025,R1,NEET_AIR,24892.0,RCG(DIPLOMA)- 151,D.M.C.LAHERIASARAI,Anaesthesiology,,DEGREE,Bihar__PGMAC Round 1 seat allotment.txt,476,allotted
Bihar PGMAC,Bihar,2025,R1,NEET_AIR,24977.0,RCG(DIPLOMA)- 152,D.M.C.LAHERIASARAI,Anaesthesiology,,DEGREE,Bihar__PGMAC Round 1 seat allotment.txt,478,allotted
Bihar PGMAC,Bihar,2025,R1,NEET_AIR,25081.0,UR(DIPLOMA)- 534,KISHANGANJ,General,,DEGREE,Bihar__PGMAC Round 1 seat allotment.txt,480,allotted
Bihar PGMAC,Bihar,2025,R1,NEET_AIR,25124.0,EBC(DIPLOMA)- 140,D.M.C.LAHERIASARAI,Anaesthesiology,,DEGREE,Bihar__PGMAC Round 1 seat allotment.txt,483,allotted
Bihar PGMAC,Bihar,2025,R1,NEET_AIR,25142.0,UR(DIPLOMA)- 538,KISHANGANJ,General,,DEGREE,Bihar__PGMAC Round 1 seat allotment.txt,485,allotted
Bihar PGMAC,Bihar,2025,R1,NEET_AIR,25265.0,UR(DIPLOMA)- 540,KISHANGANJ,OPHTHALMOLOGY,,DEGREE,Bihar__PGMAC Round 1 seat allotment.txt,487,allotted
Bihar PGMAC,Bihar,2025,R1,NEET_AIR,25481.0,UR(DIPLOMA)- 544,MADHUBANI,General,,DEGREE,Bihar__PGMAC Round 1 seat allotment.txt,489,allotted
Bihar PGMAC,Bihar,2025,R1,NEET_AIR,25713.0,RCG(DIPLOMA)- 157,N.M.C. PATNA,Paediatrics,,DEGREE,Bihar__PGMAC Round 1 seat allotment.txt,491,allotted
Bihar PGMAC,Bihar,2025,R1,NEET_AIR,25940.0,RCG(DIPLOMA)- 159,P.M.C.PATNA,Pathology,,DEGREE,Bihar__PGMAC Round 1 seat allotment.txt,493,allotted
Bihar PGMAC,Bihar,2025,R1,NEET_AIR,26347.0,UR(DIPLOMA)- 558,COLLEGE & HOSPITAL,General,,DEGREE,Bihar__PGMAC Round 1 seat allotment.txt,495,allotted
Bihar PGMAC,Bihar,2025,R1,NEET_AIR,26769.0,RCG(DIPLOMA)- 162,P.M.C.PATNA,OBS & GYNAE,,DEGREE,Bihar__PGMAC Round 1 seat allotment.txt,499,allotted
Bihar PGMAC,Bihar,2025,R1,NEET_AIR,26889.0,UR(DIPLOMA)- 570,"COLLEGE & HOSPITAL, SAHARSA",General,,DEGREE,Bihar__PGMAC Round 1 seat allotment.txt,502,allotted
Bihar PGMAC,Bihar,2025,R1,NEET_AIR,27163.0,RCG(DIPLOMA)- 164,N.M.C. PATNA,OBS & GYNAE,,DEGREE,Bihar__PGMAC Round 1 seat allotment.txt,504,allotted
Bihar PGMAC,Bihar,2025,R1,NEET_AIR,27501.0,EWS(DIPLOMA)- 108,COLLEGE & HOSPITAL,Radiodiagnosis,,DEGREE,Bihar__PGMAC Round 1 seat allotment.txt,506,allotted
Bihar PGMAC,Bihar,2025,R1,NEET_AIR,27814.0,UR(DIPLOMA)- 587,KISHANGANJ,DERMATOLOGY,,DEGREE,Bihar__PGMAC Round 1 seat allotment.txt,508,allotted
Bihar PGMAC,Bihar,2025,R1,NEET_AIR,28009.0,UR(DIPLOMA)- 589,COLLEGE & HOSPITAL,General,,DEGREE,Bihar__PGMAC Round 1 seat allotment.txt,510,allotted
Bihar PGMAC,Bihar,2025,R1,NEET_AIR,28385.0,UR(DIPLOMA)- 599,"COLLEGE & HOSPITAL, SAHARSA",General,,DEGREE,Bihar__PGMAC Round 1 seat allotment.txt,513,allotted
Bihar PGMAC,Bihar,2025,R1,NEET_AIR,29342.0,RCG(DIPLOMA)- 176,D.M.C.LAHERIASARAI,Pathology,,DEGREE,Bihar__PGMAC Round 1 seat allotment.txt,515,allotted
Bihar PGMAC,Bihar,2025,R1,NEET_AIR,29653.0,SC(DIPLOMA)- 20,D.M.C.LAHERIASARAI,Paediatrics,,DEGREE,Bihar__PGMAC Round 1 seat allotment.txt,517,allotted
Bihar PGMAC,Bihar,2025,R1,NEET_AIR,30026.0,SC(DIPLOMA)- 21,A.N.M.M.C. GAYA,Orthopaedics,,DEGREE,Bihar__PGMAC Round 1 seat allotment.txt,519,allotted
Bihar PGMAC,Bihar,2025,R1,NEET_AIR,30122.0,UR(DIPLOMA)- 622,KISHANGANJ,Radiodiagnosis,,DEGREE,Bihar__PGMAC Round 1 seat allotment.txt,521,allotted
Bihar PGMAC,Bihar,2025,R1,NEET_AIR,30585.0,RCG(DIPLOMA)- 182,D.M.C.LAHERIASARAI,OBS & GYNAE,,DEGREE,Bihar__PGMAC Round 1 seat allotment.txt,523,allotted
Bihar PGMAC,Bihar,2025,R1,NEET_AIR,30925.0,RCG(DIPLOMA)- 184,N.M.C. PATNA,Orthopaedics,,DEGREE,Bihar__PGMAC Round 1 seat allotment.txt,525,allotted
Bihar PGMAC,Bihar,2025,R1,NEET_AIR,30990.0,UR(DIPLOMA)- 632,COLLEGE & HOSPITAL,General,,DEGREE,Bihar__PGMAC Round 1 seat allotment.txt,527,allotted
Bihar PGMAC,Bihar,2025,R1,NEET_AIR,31568.0,UR(DIPLOMA)- 637,KISHANGANJ,OPHTHALMOLOGY,,DEGREE,Bihar__PGMAC Round 1 seat allotment.txt,533,allotted
Bihar PGMAC,Bihar,2025,R1,NEET_AIR,31829.0,EWS(DIPLOMA)- 120,P.M.C.PATNA,Pathology,,DEGREE,Bihar__PGMAC Round 1 seat allotment.txt,535,allotted
Bihar PGMAC,Bihar,2025,R1,NEET_AIR,31935.0,UR(DIPLOMA)- 642,"COLLEGE & HOSPITAL, SAHARSA",General,,DEGREE,Bihar__PGMAC Round 1 seat allotment.txt,538,allotted
Bihar PGMAC,Bihar,2025,R1,NEET_AIR,32200.0,UR(DIPLOMA)- 656,KISHANGANJ,General,,DEGREE,Bihar__PGMAC Round 1 seat allotment.txt,540,allotted
Bihar PGMAC,Bihar,2025,R1,NEET_AIR,32235.0,RCG(DIPLOMA)- 193,D.M.C.LAHERIASARAI,OBS & GYNAE,,DEGREE,Bihar__PGMAC Round 1 seat allotment.txt,542,allotted
Bihar PGMAC,Bihar,2025,R1,NEET_AIR,32322.0,SC(DIPLOMA)- 24,N.M.C. PATNA,General,,DEGREE,Bihar__PGMAC Round 1 seat allotment.txt,544,allotted
Bihar PGMAC,Bihar,2025,R1,NEET_AIR,32344.0,SC(DIPLOMA)- 25,I.G.I.M.S. PATNA,General,,DEGREE,Bihar__PGMAC Round 1 seat allotment.txt,546,allotted
Bihar PGMAC,Bihar,2025,R1,NEET_AIR,32600.0,UR(DIPLOMA)- 664,K.M.C. KATIHAR,General,,DEGREE,Bihar__PGMAC Round 1 seat allotment.txt,548,allotted
Bihar PGMAC,Bihar,2025,R1,NEET_AIR,32907.0,UR(DIPLOMA)- 669,COLLEGE & HOSPITAL,Radiodiagnosis,,DEGREE,Bihar__PGMAC Round 1 seat allotment.txt,550,allotted
Bihar PGMAC,Bihar,2025,R1,NEET_AIR,32982.0,UR(DIPLOMA)- 671,K.M.C. KATIHAR,General,,DEGREE,Bihar__PGMAC Round 1 seat allotment.txt,552,allotted
Bihar PGMAC,Bihar,2025,R1,NEET_AIR,33068.0,UR(DIPLOMA)- 673,MADHUBANI,General,,DEGREE,Bihar__PGMAC Round 1 seat allotment.txt,554,allotted
Bihar PGMAC,Bihar,2025,R1,NEET_AIR,33465.0,UR(DIPLOMA)- 676,"COLLEGE & HOSPITAL, SAHARSA",General,,DEGREE,Bihar__PGMAC Round 1 seat allotment.txt,557,allotted
Bihar PGMAC,Bihar,2025,R1,NEET_AIR,33891.0,EBC(DIPLOMA)- 184,I.G.I.M.S. PATNA,COMMUNITY MEDICINE,,DEGREE,Bihar__PGMAC Round 1 seat allotment.txt,560,allotted
Bihar PGMAC,Bihar,2025,R1,NEET_AIR,34138.0,UR(DIPLOMA)- 682,"COLLEGE & HOSPITAL, SAHARSA",General,,DEGREE,Bihar__PGMAC Round 1 seat allotment.txt,563,allotted
Bihar PGMAC,Bihar,2025,R1,NEET_AIR,34140.0,EBC(DIPLOMA)- 185,I.G.I.M.S. PATNA,Pathology,,DEGREE,Bihar__PGMAC Round 1 seat allotment.txt,565,allotted
Bihar PGMAC,Bihar,2025,R1,NEET_AIR,34382.0,UR(DIPLOMA)- 687,"COLLEGE & HOSPITAL, SAHARSA",General,,DEGREE,Bihar__PGMAC Round 1 seat allotment.txt,568,allotted
Bihar PGMAC,Bihar,2025,R1,NEET_AIR,34574.0,UR(DIPLOMA)- 692,KISHANGANJ,OPHTHALMOLOGY,,DEGREE,Bihar__PGMAC Round 1 seat allotment.txt,570,allotted
Bihar PGMAC,Bihar,2025,R1,NEET_AIR,34771.0,SC(DIPLOMA)- 28,D.M.C.LAHERIASARAI,General,,DEGREE,Bihar__PGMAC Round 1 seat allotment.txt,572,allotted
Bihar PGMAC,Bihar,2025,R1,NEET_AIR,34899.0,UR(DIPLOMA)- 696,"N.M.C &.H, SASARAM",Radiodiagnosis,,DEGREE,Bihar__PGMAC Round 1 seat allotment.txt,574,allotted
Bihar PGMAC,Bihar,2025,R1,NEET_AIR,34930.0,RCG(DIPLOMA)- 201,P.M.C.PATNA,OPHTHALMOLOGY,,DEGREE,Bihar__PGMAC Round 1 seat allotment.txt,576,allotted
Bihar PGMAC,Bihar,2025,R1,NEET_AIR,34937.0,UR(DIPLOMA)- 698,"COLLEGE & HOSPITAL, SAHARSA",Radiodiagnosis,,DEGREE,Bihar__PGMAC Round 1 seat allotment.txt,579,allotted
Bihar PGMAC,Bihar,2025,R1,NEET_AIR,34938.0,UR(DIPLOMA)- 699,K.M.C. KATIHAR,General,,DEGREE,Bihar__PGMAC Round 1 seat allotment.txt,581,allotted
Bihar PGMAC,Bihar,2025,R1,NEET_AIR,35015.0,UR(DIPLOMA)- 701,"COLLEGE & HOSPITAL, SAHARSA",Anaesthesiology,,DEGREE,Bihar__PGMAC Round 1 seat allotment.txt,586,allotted
Bihar PGMAC,Bihar,2025,R1,NEET_AIR,35174.0,UR(DIPLOMA)- 704,KISHANGANJ,Radiodiagnosis,,DEGREE,Bihar__PGMAC Round 1 seat allotment.txt,588,allotted
Bihar PGMAC,Bihar,2025,R1,NEET_AIR,35213.0,EBC(DIPLOMA)- 188,K.M.C. KATIHAR,General,,DEGREE,Bihar__PGMAC Round 1 seat allotment.txt,590,allotted
Bihar PGMAC,Bihar,2025,R1,NEET_AIR,35277.0,UR(DIPLOMA)- 706,KISHANGANJ,General,,DEGREE,Bihar__PGMAC Round 1 seat allotment.txt,592,allotted
Bihar PGMAC,Bihar,2025,R1,NEET_AIR,35463.0,UR(DIPLOMA)- 708,KISHANGANJ,E.N.T.,,DEGREE,Bihar__PGMAC Round 1 seat allotment.txt,594,allotted
Bihar PGMAC,Bihar,2025,R1,NEET_AIR,35730.0,RCG(DIPLOMA)- 206,A.N.M.M.C. GAYA,General,,DEGREE,Bihar__PGMAC Round 1 seat allotment.txt,596,allotted
Bihar PGMAC,Bihar,2025,R1,NEET_AIR,35733.0,EBC(DIPLOMA)- 191,S.K.M.C. MUZAFFARPUR,Pathology,,DEGREE,Bihar__PGMAC Round 1 seat allotment.txt,598,allotted
Bihar PGMAC,Bihar,2025,R1,NEET_AIR,36159.0,UR(DIPLOMA)- 717,KISHANGANJ,OPHTHALMOLOGY,,DEGREE,Bihar__PGMAC Round 1 seat allotment.txt,600,allotted
Bihar PGMAC,Bihar,2025,R1,NEET_AIR,36784.0,UR(DIPLOMA)- 725,"COLLEGE & HOSPITAL, SAHARSA",OBS & GYNAE,,DEGREE,Bihar__PGMAC Round 1 seat allotment.txt,603,allotted
Bihar PGMAC,Bihar,2025,R1,NEET_AIR,36842.0,UR(DIPLOMA)- 726,KISHANGANJ,Paediatrics,,DEGREE,Bihar__PGMAC Round 1 seat allotment.txt,605,allotted
Bihar PGMAC,Bihar,2025,R1,NEET_AIR,36995.0,UR(DIPLOMA)- 730,"COLLEGE & HOSPITAL, SAHARSA",General,,DEGREE,Bihar__PGMAC Round 1 seat allotment.txt,608,allotted
Bihar PGMAC,Bihar,2025,R1,NEET_AIR,37085.0,RCG(DIPLOMA)- 209,I.G.I.M.S. PATNA,E.N.T.,,DEGREE,Bihar__PGMAC Round 1 seat allotment.txt,611,allotted
Bihar PGMAC,Bihar,2025,R1,NEET_AIR,37425.0,UR(DIPLOMA)- 734,K.M.C. KATIHAR,General,,DEGREE,Bihar__PGMAC Round 1 seat allotment.txt,613,allotted
Bihar PGMAC,Bihar,2025,R1,NEET_AIR,37620.0,UR(DIPLOMA)- 738,K.M.C. KATIHAR,General,,DEGREE,Bihar__PGMAC Round 1 seat allotment.txt,617,allotted
Bihar PGMAC,Bihar,2025,R1,NEET_AIR,37839.0,SC(DIPLOMA)- 34,P.M.C.PATNA,Anaesthesiology,,DEGREE,Bihar__PGMAC Round 1 seat allotment.txt,619,allotted
Bihar PGMAC,Bihar,2025,R1,NEET_AIR,37912.0,RCG(DIPLOMA)- 213,P.M.C.PATNA,Orthopaedics,,DEGREE,Bihar__PGMAC Round 1 seat allotment.txt,622,allotted
Bihar PGMAC,Bihar,2025,R1,NEET_AIR,38072.0,UR(DIPLOMA)- 743,"N.M.C &.H, SASARAM",DERMATOLOGY,,DEGREE,Bihar__PGMAC Round 1 seat allotment.txt,624,allotted
Bihar PGMAC,Bihar,2025,R1,NEET_AIR,38184.0,RCG(DIPLOMA)- 215,D.M.C.LAHERIASARAI,E.N.T.,,DEGREE,Bihar__PGMAC Round 1 seat allotment.txt,626,allotted
Bihar PGMAC,Bihar,2025,R1,NEET_AIR,38211.0,UR(DIPLOMA)- 745,KISHANGANJ,OPHTHALMOLOGY,,DEGREE,Bihar__PGMAC Round 1 seat allotment.txt,628,allotted
Bihar PGMAC,Bihar,2025,R1,NEET_AIR,38285.0,UR(DIPLOMA)- 746,KISHANGANJ,Radiodiagnosis,,DEGREE,Bihar__PGMAC Round 1 seat allotment.txt,630,allotted
Bihar PGMAC,Bihar,2025,R1,NEET_AIR,38320.0,UR(DIPLOMA)- 749,"N.M.C &.H, SASARAM",General,,DEGREE,Bihar__PGMAC Round 1 seat allotment.txt,632,allotted
Bihar PGMAC,Bihar,2025,R1,NEET_AIR,38539.0,SC(DIPLOMA)- 38,I.G.I.M.S. PATNA,RADIO ONCOLOGY,,DEGREE,Bihar__PGMAC Round 1 seat allotment.txt,634,allotted
Bihar PGMAC,Bihar,2025,R1,NEET_AIR,38701.0,UR(DIPLOMA)- 753,KISHANGANJ,Radiodiagnosis,,DEGREE,Bihar__PGMAC Round 1 seat allotment.txt,636,allotted
Bihar PGMAC,Bihar,2025,R1,NEET_AIR,38785.0,RCG(DIPLOMA)- 217,P.M.C.PATNA,Pathology,,DEGREE,Bihar__PGMAC Round 1 seat allotment.txt,638,allotted
Bihar PGMAC,Bihar,2025,R1,NEET_AIR,39052.0,UR(DIPLOMA)- 759,COLLEGE & HOSPITAL,OPHTHALMOLOGY,,DEGREE,Bihar__PGMAC Round 1 seat allotment.txt,640,allotted
Bihar PGMAC,Bihar,2025,R1,NEET_AIR,39117.0,EWS(DIPLOMA)- 128,KISHANGANJ,General,,DEGREE,Bihar__PGMAC Round 1 seat allotment.txt,642,allotted
Bihar PGMAC,Bihar,2025,R1,NEET_AIR,39479.0,RCG(DIPLOMA)- 221,D.M.C.LAHERIASARAI,OPHTHALMOLOGY,,DEGREE,Bihar__PGMAC Round 1 seat allotment.txt,646,allotted
Bihar PGMAC,Bihar,2025,R1,NEET_AIR,39534.0,SC(DIPLOMA)- 42,I.G.I.M.S. PATNA,Anaesthesiology,,DEGREE,Bihar__PGMAC Round 1 seat allotment.txt,648,allotted
Bihar PGMAC,Bihar,2025,R1,NEET_AIR,39672.0,RCG(DIPLOMA)- 223,N.M.C. PATNA,Anaesthesiology,,DEGREE,Bihar__PGMAC Round 1 seat allotment.txt,650,allotted
Bihar PGMAC,Bihar,2025,R1,NEET_AIR,39775.0,UR(DIPLOMA)- 770,KISHANGANJ,Orthopaedics,,DEGREE,Bihar__PGMAC Round 1 seat allotment.txt,652,allotted
Bihar PGMAC,Bihar,2025,R1,NEET_AIR,39960.0,UR(DIPLOMA)- 771,KISHANGANJ,Paediatrics,,DEGREE,Bihar__PGMAC Round 1 seat allotment.txt,654,allotted
Bihar PGMAC,Bihar,2025,R1,NEET_AIR,40215.0,UR(DIPLOMA)- 777,KISHANGANJ,OBS & GYNAE,,DEGREE,Bihar__PGMAC Round 1 seat allotment.txt,658,allotted
Bihar PGMAC,Bihar,2025,R1,NEET_AIR,40390.0,UR(DIPLOMA)- 778,K.M.C. KATIHAR,Radiodiagnosis,,DEGREE,Bihar__PGMAC Round 1 seat allotment.txt,660,allotted
Bihar PGMAC,Bihar,2025,R1,NEET_AIR,40677.0,UR(DIPLOMA)- 780,K.M.C. KATIHAR,General,,DEGREE,Bihar__PGMAC Round 1 seat allotment.txt,662,allotted
Bihar PGMAC,Bihar,2025,R1,NEET_AIR,40713.0,BC(DIPLOMA)- 227,KISHANGANJ,Anaesthesiology,,DEGREE,Bihar__PGMAC Round 1 seat allotment.txt,666,allotted
Bihar PGMAC,Bihar,2025,R1,NEET_AIR,40786.0,UR(DIPLOMA)- 785,"COLLEGE & HOSPITAL, SAHARSA",Radiodiagnosis,,DEGREE,Bihar__PGMAC Round 1 seat allotment.txt,669,allotted
Bihar PGMAC,Bihar,2025,R1,NEET_AIR,40993.0,UR(DIPLOMA)- 789,"N.M.C &.H, SASARAM",Radiodiagnosis,,DEGREE,Bihar__PGMAC Round 1 seat allotment.txt,673,allotted
Bihar PGMAC,Bihar,2025,R1,NEET_AIR,41005.0,UR(DIPLOMA)- 790,MADHUBANI,General,,DEGREE,Bihar__PGMAC Round 1 seat allotment.txt,675,allotted
Bihar PGMAC,Bihar,2025,R1,NEET_AIR,41198.0,UR(DIPLOMA)- 795,KISHANGANJ,E.N.T.,,DEGREE,Bihar__PGMAC Round 1 seat allotment.txt,677,allotted
Bihar PGMAC,Bihar,2025,R1,NEET_AIR,41389.0,UR(DIPLOMA)- 798,COLLEGE & HOSPITAL,General,,DEGREE,Bihar__PGMAC Round 1 seat allotment.txt,679,allotted
Bihar PGMAC,Bihar,2025,R1,NEET_AIR,41412.0,UR(DIPLOMA)- 799,MADHUBANI,General,,DEGREE,Bihar__PGMAC Round 1 seat allotment.txt,681,allotted
Bihar PGMAC,Bihar,2025,R1,NEET_AIR,41450.0,BC(DIPLOMA)- 231,P.M.C.PATNA,Pathology,,DEGREE,Bihar__PGMAC Round 1 seat allotment.txt,683,allotted
Bihar PGMAC,Bihar,2025,R1,NEET_AIR,41465.0,UR(DIPLOMA)- 802,K.M.C. KATIHAR,Radiodiagnosis,,DEGREE,Bihar__PGMAC Round 1 seat allotment.txt,685,allotted
Bihar PGMAC,Bihar,2025,R1,NEET_AIR,41494.0,UR(DIPLOMA)- 803,COLLEGE & HOSPITAL,General,,DEGREE,Bihar__PGMAC Round 1 seat allotment.txt,687,allotted
Bihar PGMAC,Bihar,2025,R1,NEET_AIR,41554.0,UR(DIPLOMA)- 805,MADHUBANI,General,,DEGREE,Bihar__PGMAC Round 1 seat allotment.txt,689,allotted
Bihar PGMAC,Bihar,2025,R1,NEET_AIR,41570.0,UR(DIPLOMA)- 806,"N.M.C &.H, SASARAM",General,,DEGREE,Bihar__PGMAC Round 1 seat allotment.txt,691,allotted
Bihar PGMAC,Bihar,2025,R1,NEET_AIR,41603.0,UR(DIPLOMA)- 807,KISHANGANJ,DERMATOLOGY,,DEGREE,Bihar__PGMAC Round 1 seat allotment.txt,693,allotted
Bihar PGMAC,Bihar,2025,R1,NEET_AIR,41731.0,UR(DIPLOMA)- 809,"N.M.C &.H, SASARAM",Radiodiagnosis,,DEGREE,Bihar__PGMAC Round 1 seat allotment.txt,695,allotted
Bihar PGMAC,Bihar,2025,R1,NEET_AIR,41793.0,UR(DIPLOMA)- 812,MADHUBANI,General,,DEGREE,Bihar__PGMAC Round 1 seat allotment.txt,697,allotted
Bihar PGMAC,Bihar,2025,R1,NEET_AIR,41872.0,UR(DIPLOMA)- 813,KISHANGANJ,General,,DEGREE,Bihar__PGMAC Round 1 seat allotment.txt,701,allotted
Bihar PGMAC,Bihar,2025,R1,NEET_AIR,41924.0,UR(DIPLOMA)- 814,"N.M.C &.H, SASARAM",General,,DEGREE,Bihar__PGMAC Round 1 seat allotment.txt,703,allotted
Bihar PGMAC,Bihar,2025,R1,NEET_AIR,42001.0,EBC(DIPLOMA)- 208,N.M.C. PATNA,Pathology,,DEGREE,Bihar__PGMAC Round 1 seat allotment.txt,705,allotted
Bihar PGMAC,Bihar,2025,R1,NEET_AIR,42048.0,UR(DIPLOMA)- 817,"N.M.C &.H, SASARAM",General,,DEGREE,Bihar__PGMAC Round 1 seat allotment.txt,707,allotted
Bihar PGMAC,Bihar,2025,R1,NEET_AIR,42250.0,UR(DIPLOMA)- 818,"N.M.C &.H, SASARAM",General,,DEGREE,Bihar__PGMAC Round 1 seat allotment.txt,709,allotted
Bihar PGMAC,Bihar,2025,R1,NEET_AIR,42274.0,RCG(DIPLOMA)- 230,J.L.N.M.C. BHAGALPUR,Psychiatry,,DEGREE,Bihar__PGMAC Round 1 seat allotment.txt,711,allotted
Bihar PGMAC,Bihar,2025,R1,NEET_AIR,42327.0,UR(DIPLOMA)- 820,"COLLEGE & HOSPITAL, SAHARSA",General,,DEGREE,Bihar__PGMAC Round 1 seat allotment.txt,714,allotted
Bihar PGMAC,Bihar,2025,R1,NEET_AIR,42333.0,RCG(DIPLOMA)- 231,N.M.C. PATNA,Anaesthesiology,,DEGREE,Bihar__PGMAC Round 1 seat allotment.txt,716,allotted
Bihar PGMAC,Bihar,2025,R1,NEET_AIR,42447.0,UR(DIPLOMA)- 824,"N.M.C &.H, SASARAM",OPHTHALMOLOGY,,DEGREE,Bihar__PGMAC Round 1 seat allotment.txt,718,allotted
Bihar PGMAC,Bihar,2025,R1,NEET_AIR,42453.0,UR(DIPLOMA)- 825,KISHANGANJ,Paediatrics,,DEGREE,Bihar__PGMAC Round 1 seat allotment.txt,720,allotted
Bihar PGMAC,Bihar,2025,R1,NEET_AIR,42686.0,UR(DIPLOMA)- 830,"N.M.C &.H, SASARAM",Radiodiagnosis,,DEGREE,Bihar__PGMAC Round 1 seat allotment.txt,722,allotted
Bihar PGMAC,Bihar,2025,R1,NEET_AIR,42812.0,UR(DIPLOMA)- 832,"COLLEGE & HOSPITAL, SAHARSA",Paediatrics,,DEGREE,Bihar__PGMAC Round 1 seat allotment.txt,725,allotted
Bihar PGMAC,Bihar,2025,R1,NEET_AIR,43671.0,UR(DIPLOMA)- 837,KISHANGANJ,Anaesthesiology,,DEGREE,Bihar__PGMAC Round 1 seat allotment.txt,731,allotted
Bihar PGMAC,Bihar,2025,R1,NEET_AIR,43684.0,RCG(DIPLOMA)- 237,P.M.C.PATNA,Pathology,,DEGREE,Bihar__PGMAC Round 1 seat allotment.txt,734,allotted
Bihar PGMAC,Bihar,2025,R1,NEET_AIR,43826.0,UR(DIPLOMA)- 839,"N.M.C &.H, SASARAM",General,,DEGREE,Bihar__PGMAC Round 1 seat allotment.txt,736,allotted
Bihar PGMAC,Bihar,2025,R1,NEET_AIR,43910.0,RCG(DIPLOMA)- 239,P.M.C.PATNA,PHY.MED.& REHAB.,,DEGREE,Bihar__PGMAC Round 1 seat allotment.txt,738,allotted
Bihar PGMAC,Bihar,2025,R1,NEET_AIR,43943.0,UR(DIPLOMA)- 844,"N.M.C &.H, SASARAM",Radiodiagnosis,,DEGREE,Bihar__PGMAC Round 1 seat allotment.txt,740,allotted
Bihar PGMAC,Bihar,2025,R1,NEET_AIR,44020.0,UR(DIPLOMA)- 845,KISHANGANJ,DERMATOLOGY,,DEGREE,Bihar__PGMAC Round 1 seat allotment.txt,742,allotted
Bihar PGMAC,Bihar,2025,R1,NEET_AIR,44102.0,UR(DIPLOMA)- 848,"COLLEGE & HOSPITAL, SAHARSA",General,,DEGREE,Bihar__PGMAC Round 1 seat allotment.txt,745,allotted
Bihar PGMAC,Bihar,2025,R1,NEET_AIR,44107.0,UR(DIPLOMA)- 849,"N.M.C &.H, SASARAM",General,,DEGREE,Bihar__PGMAC Round 1 seat allotment.txt,747,allotted
Bihar PGMAC,Bihar,2025,R1,NEET_AIR,44191.0,UR(DIPLOMA)- 851,"COLLEGE & HOSPITAL, SAHARSA",Paediatrics,,DEGREE,Bihar__PGMAC Round 1 seat allotment.txt,750,allotted
Bihar PGMAC,Bihar,2025,R1,NEET_AIR,44306.0,BC(DIPLOMA)- 236,"COLLEGE & HOSPITAL, SAHARSA",General,,DEGREE,Bihar__PGMAC Round 1 seat allotment.txt,753,allotted
Bihar PGMAC,Bihar,2025,R1,NEET_AIR,44313.0,UR(DIPLOMA)- 853,"COLLEGE & HOSPITAL, SAHARSA",Orthopaedics,,DEGREE,Bihar__PGMAC Round 1 seat allotment.txt,756,allotted
Bihar PGMAC,Bihar,2025,R1,NEET_AIR,44370.0,UR(DIPLOMA)- 856,"N.M.C &.H, SASARAM",General,,DEGREE,Bihar__PGMAC Round 1 seat allotment.txt,758,allotted
Bihar PGMAC,Bihar,2025,R1,NEET_AIR,44483.0,EWS(DIPLOMA)- 133,P.M.C.PATNA,Pharmacology,,DEGREE,Bihar__PGMAC Round 1 seat allotment.txt,762,allotted
Bihar PGMAC,Bihar,2025,R1,NEET_AIR,44531.0,UR(DIPLOMA)- 861,KISHANGANJ,Orthopaedics,,DEGREE,Bihar__PGMAC Round 1 seat allotment.txt,764,allotted
Bihar PGMAC,Bihar,2025,R1,NEET_AIR,44597.0,UR(DIPLOMA)- 862,K.M.C. KATIHAR,DERMATOLOGY,,DEGREE,Bihar__PGMAC Round 1 seat allotment.txt,766,allotted
Bihar PGMAC,Bihar,2025,R1,NEET_AIR,44668.0,UR(DIPLOMA)- 863,KISHANGANJ,E.N.T.,,DEGREE,Bihar__PGMAC Round 1 seat allotment.txt,768,allotted
Bihar PGMAC,Bihar,2025,R1,NEET_AIR,44690.0,RCG(DIPLOMA)- 242,P.M.C.PATNA,Pathology,,DEGREE,Bihar__PGMAC Round 1 seat allotment.txt,770,allotted
Bihar PGMAC,Bihar,2025,R1,NEET_AIR,44772.0,UR(DIPLOMA)- 866,K.M.C. KATIHAR,Radiodiagnosis,,DEGREE,Bihar__PGMAC Round 1 seat allotment.txt,772,allotted
Bihar PGMAC,Bihar,2025,R1,NEET_AIR,44817.0,BC(DIPLOMA)- 237,"COLLEGE & HOSPITAL, SAHARSA",General,,DEGREE,Bihar__PGMAC Round 1 seat allotment.txt,775,allotted
Bihar PGMAC,Bihar,2025,R1,NEET_AIR,44853.0,UR(DIPLOMA)- 869,COLLEGE & HOSPITAL,OPHTHALMOLOGY,,DEGREE,Bihar__PGMAC Round 1 seat allotment.txt,777,allotted
Bihar PGMAC,Bihar,2025,R1,NEET_AIR,44934.0,UR(DIPLOMA)- 870,"N.M.C &.H, SASARAM",Radiodiagnosis,,DEGREE,Bihar__PGMAC Round 1 seat allotment.txt,779,allotted
Bihar PGMAC,Bihar,2025,R1,NEET_AIR,45117.0,UR(DIPLOMA)- 874,KISHANGANJ,General,,DEGREE,Bihar__PGMAC Round 1 seat allotment.txt,781,allotted
Bihar PGMAC,Bihar,2025,R1,NEET_AIR,45216.0,UR(DIPLOMA)- 875,"COLLEGE & HOSPITAL, SAHARSA",Paediatrics,,DEGREE,Bihar__PGMAC Round 1 seat allotment.txt,784,allotted
Bihar PGMAC,Bihar,2025,R1,NEET_AIR,45280.0,RCG(DIPLOMA)- 244,"COLLEGE & HOSPITAL, SAHARSA",OBS & GYNAE,,DEGREE,Bihar__PGMAC Round 1 seat allotment.txt,789,allotted
Bihar PGMAC,Bihar,2025,R1,NEET_AIR,45304.0,UR(DIPLOMA)- 878,KISHANGANJ,Anaesthesiology,,DEGREE,Bihar__PGMAC Round 1 seat allotment.txt,791,allotted
Bihar PGMAC,Bihar,2025,R1,NEET_AIR,45618.0,EBC(DIPLOMA)- 225,"N.M.C &.H, SASARAM",Radiodiagnosis,,DEGREE,Bihar__PGMAC Round 1 seat allotment.txt,793,allotted
Bihar PGMAC,Bihar,2025,R1,NEET_AIR,45629.0,UR(DIPLOMA)- 884,"N.M.C &.H, SASARAM",General,,DEGREE,Bihar__PGMAC Round 1 seat allotment.txt,795,allotted
Bihar PGMAC,Bihar,2025,R1,NEET_AIR,45785.0,UR(DIPLOMA)- 886,"N.M.C &.H, SASARAM",General,,DEGREE,Bihar__PGMAC Round 1 seat allotment.txt,797,allotted
Bihar PGMAC,Bihar,2025,R1,NEET_AIR,45794.0,UR(DIPLOMA)- 887,KISHANGANJ,OBS & GYNAE,,DEGREE,Bihar__PGMAC Round 1 seat allotment.txt,799,allotted
Bihar PGMAC,Bihar,2025,R1,NEET_AIR,46085.0,UR(DIPLOMA)- 890,"N.M.C &.H, SASARAM",General,,DEGREE,Bihar__PGMAC Round 1 seat allotment.txt,801,allotted
Bihar PGMAC,Bihar,2025,R1,NEET_AIR,46155.0,UR(DIPLOMA)- 891,"N.M.C &.H, SASARAM",General,,DEGREE,Bihar__PGMAC Round 1 seat allotment.txt,803,allotted
Bihar PGMAC,Bihar,2025,R1,NEET_AIR,46197.0,UR(DIPLOMA)- 892,KISHANGANJ,General,,DEGREE,Bihar__PGMAC Round 1 seat allotment.txt,805,allotted
Bihar PGMAC,Bihar,2025,R1,NEET_AIR,46219.0,UR(DIPLOMA)- 893,KISHANGANJ,General,,DEGREE,Bihar__PGMAC Round 1 seat allotment.txt,807,allotted
Bihar PGMAC,Bihar,2025,R1,NEET_AIR,46230.0,UR(DIPLOMA)- 894,"N.M.C &.H, SASARAM",OPHTHALMOLOGY,,DEGREE,Bihar__PGMAC Round 1 seat allotment.txt,809,allotted
Bihar PGMAC,Bihar,2025,R1,NEET_AIR,46240.0,UR(DIPLOMA)- 895,KISHANGANJ,E.N.T.,,DEGREE,Bihar__PGMAC Round 1 seat allotment.txt,811,allotted
Bihar PGMAC,Bihar,2025,R1,NEET_AIR,46349.0,UR(DIPLOMA)- 897,"N.M.C &.H, SASARAM",OPHTHALMOLOGY,,DEGREE,Bihar__PGMAC Round 1 seat allotment.txt,813,allotted
Bihar PGMAC,Bihar,2025,R1,NEET_AIR,46402.0,UR(DIPLOMA)- 898,"COLLEGE & HOSPITAL, SAHARSA",Orthopaedics,,DEGREE,Bihar__PGMAC Round 1 seat allotment.txt,818,allotted
Bihar PGMAC,Bihar,2025,R1,NEET_AIR,46424.0,UR(DIPLOMA)- 899,KISHANGANJ,OPHTHALMOLOGY,,DEGREE,Bihar__PGMAC Round 1 seat allotment.txt,820,allotted
Bihar PGMAC,Bihar,2025,R1,NEET_AIR,46504.0,UR(DIPLOMA)- 900,KISHANGANJ,Orthopaedics,,DEGREE,Bihar__PGMAC Round 1 seat allotment.txt,822,allotted
Bihar PGMAC,Bihar,2025,R1,NEET_AIR,46508.0,UR(DIPLOMA)- 901,"COLLEGE & HOSPITAL, SAHARSA",Paediatrics,,DEGREE,Bihar__PGMAC Round 1 seat allotment.txt,825,allotted
Bihar PGMAC,Bihar,2025,R1,NEET_AIR,46721.0,BC(DIPLOMA)- 238,D.M.C.LAHERIASARAI,Pathology,,DEGREE,Bihar__PGMAC Round 1 seat allotment.txt,827,allotted
Bihar PGMAC,Bihar,2025,R1,NEET_AIR,46883.0,UR(DIPLOMA)- 906,KISHANGANJ,Orthopaedics,,DEGREE,Bihar__PGMAC Round 1 seat allotment.txt,829,allotted
Bihar PGMAC,Bihar,2025,R1,NEET_AIR,46885.0,UR(DIPLOMA)- 907,K.M.C. KATIHAR,General,,DEGREE,Bihar__PGMAC Round 1 seat allotment.txt,831,allotted
Bihar PGMAC,Bihar,2025,R1,NEET_AIR,47079.0,UR(DIPLOMA)- 912,COLLEGE & HOSPITAL,OBS & GYNAE,,DEGREE,Bihar__PGMAC Round 1 seat allotment.txt,835,allotted
Bihar PGMAC,Bihar,2025,R1,NEET_AIR,47103.0,UR(DIPLOMA)- 913,"N.M.C &.H, SASARAM",E.N.T.,,DEGREE,Bihar__PGMAC Round 1 seat allotment.txt,837,allotted
Bihar PGMAC,Bihar,2025,R1,NEET_AIR,47159.0,UR(DIPLOMA)- 916,MADHUBANI,General,,DEGREE,Bihar__PGMAC Round 1 seat allotment.txt,839,allotted
Bihar PGMAC,Bihar,2025,R1,NEET_AIR,47542.0,UR(DIPLOMA)- 919,COLLEGE & HOSPITAL,OBS & GYNAE,,DEGREE,Bihar__PGMAC Round 1 seat allotment.txt,843,allotted
Bihar PGMAC,Bihar,2025,R1,NEET_AIR,47614.0,UR(DIPLOMA)- 920,K.M.C. KATIHAR,DERMATOLOGY,,DEGREE,Bihar__PGMAC Round 1 seat allotment.txt,845,allotted
Bihar PGMAC,Bihar,2025,R1,NEET_AIR,47635.0,RCG(DIPLOMA)- 248,COLLEGE & HOSPITAL,OBS & GYNAE,,DEGREE,Bihar__PGMAC Round 1 seat allotment.txt,847,allotted
Bihar PGMAC,Bihar,2025,R1,NEET_AIR,47940.0,UR(DIPLOMA)- 923,"N.M.C &.H, SASARAM",Paediatrics,,DEGREE,Bihar__PGMAC Round 1 seat allotment.txt,849,allotted
Bihar PGMAC,Bihar,2025,R1,NEET_AIR,48086.0,UR(DIPLOMA)- 924,COLLEGE & HOSPITAL,Paediatrics,,DEGREE,Bihar__PGMAC Round 1 seat allotment.txt,851,allotted
Bihar PGMAC,Bihar,2025,R1,NEET_AIR,48144.0,UR(DIPLOMA)- 925,"COLLEGE & HOSPITAL, SAHARSA",Orthopaedics,,DEGREE,Bihar__PGMAC Round 1 seat allotment.txt,854,allotted
Bihar PGMAC,Bihar,2025,R1,NEET_AIR,48352.0,UR(DIPLOMA)- 926,"N.M.C &.H, SASARAM",Radiodiagnosis,,DEGREE,Bihar__PGMAC Round 1 seat allotment.txt,856,allotted
Bihar PGMAC,Bihar,2025,R1,NEET_AIR,48405.0,BC(DIPLOMA)- 240,P.M.C.PATNA,Pathology,,DEGREE,Bihar__PGMAC Round 1 seat allotment.txt,858,allotted
Bihar PGMAC,Bihar,2025,R1,NEET_AIR,48415.0,RCG(DIPLOMA)- 249,I.G.I.M.S. PATNA,Microbiology,,DEGREE,Bihar__PGMAC Round 1 seat allotment.txt,860,allotted
Bihar PGMAC,Bihar,2025,R1,NEET_AIR,48535.0,UR(DIPLOMA)- 929,MADHUBANI,General,,DEGREE,Bihar__PGMAC Round 1 seat allotment.txt,862,allotted
Bihar PGMAC,Bihar,2025,R1,NEET_AIR,48576.0,UR(DIPLOMA)- 930,KISHANGANJ,Orthopaedics,,DEGREE,Bihar__PGMAC Round 1 seat allotment.txt,864,allotted
Bihar PGMAC,Bihar,2025,R1,NEET_AIR,48930.0,UR(DIPLOMA)- 936,K.M.C. KATIHAR,General,,DEGREE,Bihar__PGMAC Round 1 seat allotment.txt,866,allotted
Bihar PGMAC,Bihar,2025,R1,NEET_AIR,49195.0,UR(DIPLOMA)- 940,K.M.C. KATIHAR,Paediatrics,,DEGREE,Bihar__PGMAC Round 1 seat allotment.txt,868,allotted
Bihar PGMAC,Bihar,2025,R1,NEET_AIR,49198.0,UR(DIPLOMA)- 941,"N.M.C &.H, SASARAM",E.N.T.,,DEGREE,Bihar__PGMAC Round 1 seat allotment.txt,870,allotted
Bihar PGMAC,Bihar,2025,R1,NEET_AIR,49255.0,UR(DIPLOMA)- 942,MADHUBANI,General,,DEGREE,Bihar__PGMAC Round 1 seat allotment.txt,872,allotted
Bihar PGMAC,Bihar,2025,R1,NEET_AIR,49275.0,UR(DIPLOMA)- 944,MADHUBANI,DERMATOLOGY,,DEGREE,Bihar__PGMAC Round 1 seat allotment.txt,874,allotted
Bihar PGMAC,Bihar,2025,R1,NEET_AIR,49432.0,UR(DIPLOMA)- 948,"COLLEGE & HOSPITAL, SAHARSA",Paediatrics,,DEGREE,Bihar__PGMAC Round 1 seat allotment.txt,877,allotted
Bihar PGMAC,Bihar,2025,R1,NEET_AIR,49738.0,UR(DIPLOMA)- 952,"N.M.C &.H, SASARAM",OBS & GYNAE,,DEGREE,Bihar__PGMAC Round 1 seat allotment.txt,881,allotted
Bihar PGMAC,Bihar,2025,R1,NEET_AIR,49835.0,UR(DIPLOMA)- 953,"COLLEGE & HOSPITAL, SAHARSA",E.N.T.,,DEGREE,Bihar__PGMAC Round 1 seat allotment.txt,884,allotted
Bihar PGMAC,Bihar,2025,R1,NEET_AIR,49866.0,RCG(DIPLOMA)- 253,D.M.C.LAHERIASARAI,COMMUNITY MEDICINE,,DEGREE,Bihar__PGMAC Round 1 seat allotment.txt,886,allotted
Bihar PGMAC,Bihar,2025,R1,NEET_AIR,49906.0,UR(DIPLOMA)- 955,K.M.C. KATIHAR,General,,DEGREE,Bihar__PGMAC Round 1 seat allotment.txt,888,allotted
Bihar PGMAC,Bihar,2025,R1,NEET_AIR,50180.0,UR(DIPLOMA)- 961,"COLLEGE & HOSPITAL, SAHARSA",Anaesthesiology,,DEGREE,Bihar__PGMAC Round 1 seat allotment.txt,891,allotted
Bihar PGMAC,Bihar,2025,R1,NEET_AIR,50251.0,UR(DIPLOMA)- 962,"COLLEGE & HOSPITAL, SAHARSA",OPHTHALMOLOGY,,DEGREE,Bihar__PGMAC Round 1 seat allotment.txt,894,allotted
Bihar PGMAC,Bihar,2025,R1,NEET_AIR,50351.0,RCG(DIPLOMA)- 255,J.L.N.M.C. BHAGALPUR,Pathology,,DEGREE,Bihar__PGMAC Round 1 seat allotment.txt,896,allotted
Bihar PGMAC,Bihar,2025,R1,NEET_AIR,50476.0,UR(DIPLOMA)- 964,KISHANGANJ,General,,DEGREE,Bihar__PGMAC Round 1 seat allotment.txt,898,allotted
Bihar PGMAC,Bihar,2025,R1,NEET_AIR,50609.0,UR(DIPLOMA)- 967,"N.M.C &.H, SASARAM",Anaesthesiology,,DEGREE,Bihar__PGMAC Round 1 seat allotment.txt,900,allotted
Bihar PGMAC,Bihar,2025,R1,NEET_AIR,50708.0,UR(DIPLOMA)- 969,K.M.C. KATIHAR,OPHTHALMOLOGY,,DEGREE,Bihar__PGMAC Round 1 seat allotment.txt,902,allotted
Bihar PGMAC,Bihar,2025,R1,NEET_AIR,50731.0,UR(DIPLOMA)- 971,"N.M.C &.H, SASARAM",General,,DEGREE,Bihar__PGMAC Round 1 seat allotment.txt,904,allotted
Bihar PGMAC,Bihar,2025,R1,NEET_AIR,50858.0,UR(DIPLOMA)- 972,COLLEGE & HOSPITAL,General,,DEGREE,Bihar__PGMAC Round 1 seat allotment.txt,906,allotted
Bihar PGMAC,Bihar,2025,R1,NEET_AIR,50906.0,UR(DIPLOMA)- 973,KISHANGANJ,Paediatrics,,DEGREE,Bihar__PGMAC Round 1 seat allotment.txt,908,allotted
Bihar PGMAC,Bihar,2025,R1,NEET_AIR,50920.0,UR(DIPLOMA)- 974,KISHANGANJ,OBS & GYNAE,,DEGREE,Bihar__PGMAC Round 1 seat allotment.txt,910,allotted
Bihar PGMAC,Bihar,2025,R1,NEET_AIR,50961.0,UR(DIPLOMA)- 975,K.M.C. KATIHAR,General,,DEGREE,Bihar__PGMAC Round 1 seat allotment.txt,912,allotted
Bihar PGMAC,Bihar,2025,R1,NEET_AIR,51147.0,UR(DIPLOMA)- 978,KISHANGANJ,Orthopaedics,,DEGREE,Bihar__PGMAC Round 1 seat allotment.txt,914,allotted
Bihar PGMAC,Bihar,2025,R1,NEET_AIR,51309.0,UR(DIPLOMA)- 980,"COLLEGE & HOSPITAL, SAHARSA",Anaesthesiology,,DEGREE,Bihar__PGMAC Round 1 seat allotment.txt,917,allotted
Bihar PGMAC,Bihar,2025,R1,NEET_AIR,51311.0,BC(DIPLOMA)- 248,S.K.M.C. MUZAFFARPUR,Pathology,,DEGREE,Bihar__PGMAC Round 1 seat allotment.txt,919,allotted
Bihar PGMAC,Bihar,2025,R1,NEET_AIR,51417.0,UR(DIPLOMA)- 983,K.M.C. KATIHAR,General,,DEGREE,Bihar__PGMAC Round 1 seat allotment.txt,921,allotted
Bihar PGMAC,Bihar,2025,R1,NEET_AIR,51555.0,UR(DIPLOMA)- 985,MADHUBANI,OPHTHALMOLOGY,,DEGREE,Bihar__PGMAC Round 1 seat allotment.txt,923,allotted
Bihar PGMAC,Bihar,2025,R1,NEET_AIR,51825.0,UR(DIPLOMA)- 988,K.M.C. KATIHAR,DERMATOLOGY,,DEGREE,Bihar__PGMAC Round 1 seat allotment.txt,925,allotted
Bihar PGMAC,Bihar,2025,R1,NEET_AIR,51872.0,UR(DIPLOMA)- 989,COLLEGE & HOSPITAL,Paediatrics,,DEGREE,Bihar__PGMAC Round 1 seat allotment.txt,927,allotted
Bihar PGMAC,Bihar,2025,R1,NEET_AIR,51997.0,RCG(DIPLOMA)- 256,D.M.C.LAHERIASARAI,Pathology,,DEGREE,Bihar__PGMAC Round 1 seat allotment.txt,930,allotted
Bihar PGMAC,Bihar,2025,R1,NEET_AIR,52058.0,UR(DIPLOMA)- 994,K.M.C. KATIHAR,OPHTHALMOLOGY,,DEGREE,Bihar__PGMAC Round 1 seat allotment.txt,936,allotted
Bihar PGMAC,Bihar,2025,R1,NEET_AIR,52148.0,UR(DIPLOMA)- 996,"N.M.C &.H, SASARAM",Anaesthesiology,,DEGREE,Bihar__PGMAC Round 1 seat allotment.txt,938,allotted
Bihar PGMAC,Bihar,2025,R1,NEET_AIR,52337.0,RCG(DIPLOMA)- 259,D.M.C.LAHERIASARAI,Pathology,,DEGREE,Bihar__PGMAC Round 1 seat allotment.txt,940,allotted
Bihar PGMAC,Bihar,2025,R1,NEET_AIR,52356.0,UR(DIPLOMA)-1002,MADHUBANI,OPHTHALMOLOGY,,DEGREE,Bihar__PGMAC Round 1 seat allotment.txt,942,allotted
Bihar PGMAC,Bihar,2025,R1,NEET_AIR,52390.0,RCG(DIPLOMA)- 260,A.N.M.M.C. GAYA,Pathology,,DEGREE,Bihar__PGMAC Round 1 seat allotment.txt,945,allotted
Bihar PGMAC,Bihar,2025,R1,NEET_AIR,52786.0,SC(DIPLOMA)- 60,I.G.I.M.S. PATNA,Pathology,,DEGREE,Bihar__PGMAC Round 1 seat allotment.txt,947,allotted
Bihar PGMAC,Bihar,2025,R1,NEET_AIR,52989.0,UR(DIPLOMA)-1009,"N.M.C &.H, SASARAM",DERMATOLOGY,,DEGREE,Bihar__PGMAC Round 1 seat allotment.txt,949,allotted
Bihar PGMAC,Bihar,2025,R1,NEET_AIR,53118.0,UR(DIPLOMA)-1014,COLLEGE & HOSPITAL,Anaesthesiology,,DEGREE,Bihar__PGMAC Round 1 seat allotment.txt,951,allotted
Bihar PGMAC,Bihar,2025,R1,NEET_AIR,53209.0,UR(DIPLOMA)-1015,"N.M.C &.H, SASARAM",DERMATOLOGY,,DEGREE,Bihar__PGMAC Round 1 seat allotment.txt,953,allotted
Bihar PGMAC,Bihar,2025,R1,NEET_AIR,53553.0,RCG(DIPLOMA)- 264,KISHANGANJ,Radiodiagnosis,,DEGREE,Bihar__PGMAC Round 1 seat allotment.txt,955,allotted
Bihar PGMAC,Bihar,2025,R1,NEET_AIR,53595.0,RCG(DIPLOMA)- 265,N.M.C. PATNA,COMMUNITY MEDICINE,,DEGREE,Bihar__PGMAC Round 1 seat allotment.txt,957,allotted
Bihar PGMAC,Bihar,2025,R1,NEET_AIR,53605.0,UR(DIPLOMA)-1022,K.M.C. KATIHAR,Pathology,,DEGREE,Bihar__PGMAC Round 1 seat allotment.txt,959,allotted
Bihar PGMAC,Bihar,2025,R1,NEET_AIR,53693.0,UR(DIPLOMA)-1024,COLLEGE & HOSPITAL,General,,DEGREE,Bihar__PGMAC Round 1 seat allotment.txt,961,allotted
Bihar PGMAC,Bihar,2025,R1,NEET_AIR,53718.0,RCG(DIPLOMA)- 266,"COLLEGE & HOSPITAL, SAHARSA",OPHTHALMOLOGY,,DEGREE,Bihar__PGMAC Round 1 seat allotment.txt,964,allotted
Bihar PGMAC,Bihar,2025,R1,NEET_AIR,54358.0,UR(DIPLOMA)-1032,KISHANGANJ,OBS & GYNAE,,DEGREE,Bihar__PGMAC Round 1 seat allotment.txt,966,allotted
Bihar PGMAC,Bihar,2025,R1,NEET_AIR,54382.0,UR(DIPLOMA)-1033,"N.M.C &.H, SASARAM",Paediatrics,,DEGREE,Bihar__PGMAC Round 1 seat allotment.txt,968,allotted
Bihar PGMAC,Bihar,2025,R1,NEET_AIR,54553.0,UR(DIPLOMA)-1037,KISHANGANJ,OBS & GYNAE,,DEGREE,Bihar__PGMAC Round 1 seat allotment.txt,970,allotted
Bihar PGMAC,Bihar,2025,R1,NEET_AIR,54608.0,RCG(DIPLOMA)- 270,"B.M.I.M.S,PAWAPURI, NALANDA",Pathology,,DEGREE,Bihar__PGMAC Round 1 seat allotment.txt,973,allotted
Bihar PGMAC,Bihar,2025,R1,NEET_AIR,54622.0,UR(DIPLOMA)-1040,"COLLEGE & HOSPITAL, SAHARSA",Anaesthesiology,,DEGREE,Bihar__PGMAC Round 1 seat allotment.txt,976,allotted
Bihar PGMAC,Bihar,2025,R1,NEET_AIR,54818.0,UR(DIPLOMA)-1043,"COLLEGE & HOSPITAL, SAHARSA",E.N.T.,,DEGREE,Bihar__PGMAC Round 1 seat allotment.txt,979,allotted
Bihar PGMAC,Bihar,2025,R1,NEET_AIR,55053.0,UR(DIPLOMA)-1048,K.M.C. KATIHAR,OBS & GYNAE,,DEGREE,Bihar__PGMAC Round 1 seat allotment.txt,981,allotted
Bihar PGMAC,Bihar,2025,R1,NEET_AIR,55165.0,UR(DIPLOMA)-1050,K.M.C. KATIHAR,Paediatrics,,DEGREE,Bihar__PGMAC Round 1 seat allotment.txt,983,allotted
Bihar PGMAC,Bihar,2025,R1,NEET_AIR,55502.0,UR(DIPLOMA)-1054,"COLLEGE & HOSPITAL, SAHARSA",Anaesthesiology,,DEGREE,Bihar__PGMAC Round 1 seat allotment.txt,986,allotted
Bihar PGMAC,Bihar,2025,R1,NEET_AIR,55842.0,UR(DIPLOMA)-1060,"COLLEGE & HOSPITAL, SAHARSA",Anaesthesiology,,DEGREE,Bihar__PGMAC Round 1 seat allotment.txt,989,allotted
Bihar PGMAC,Bihar,2025,R1,NEET_AIR,55882.0,UR(DIPLOMA)-1061,K.M.C. KATIHAR,Anaesthesiology,,DEGREE,Bihar__PGMAC Round 1 seat allotment.txt,991,allotted
Bihar PGMAC,Bihar,2025,R1,NEET_AIR,56028.0,UR(DIPLOMA)-1064,K.M.C. KATIHAR,General,,DEGREE,Bihar__PGMAC Round 1 seat allotment.txt,995,allotted
Bihar PGMAC,Bihar,2025,R1,NEET_AIR,56160.0,UR(DIPLOMA)-1067,"COLLEGE & HOSPITAL, SAHARSA",OPHTHALMOLOGY,,DEGREE,Bihar__PGMAC Round 1 seat allotment.txt,998,allotted
Bihar PGMAC,Bihar,2025,R1,NEET_AIR,56247.0,RCG(DIPLOMA)- 275,D.M.C.LAHERIASARAI,Microbiology,,DEGREE,Bihar__PGMAC Round 1 seat allotment.txt,1000,allotted
Bihar PGMAC,Bihar,2025,R1,NEET_AIR,56986.0,UR(DIPLOMA)-1084,K.M.C. KATIHAR,Paediatrics,,DEGREE,Bihar__PGMAC Round 1 seat allotment.txt,1002,allotted
Bihar PGMAC,Bihar,2025,R1,NEET_AIR,57135.0,BC(DIPLOMA)- 262,P.M.C.PATNA,COMMUNITY MEDICINE,,DEGREE,Bihar__PGMAC Round 1 seat allotment.txt,1004,allotted
Bihar PGMAC,Bihar,2025,R1,NEET_AIR,57308.0,UR(DIPLOMA)-1091,"N.M.C &.H, SASARAM",Paediatrics,,DEGREE,Bihar__PGMAC Round 1 seat allotment.txt,1006,allotted
Bihar PGMAC,Bihar,2025,R1,NEET_AIR,57467.0,UR(DIPLOMA)-1095,COLLEGE & HOSPITAL,General,,DEGREE,Bihar__PGMAC Round 1 seat allotment.txt,1010,allotted
Bihar PGMAC,Bihar,2025,R1,NEET_AIR,57468.0,UR(DIPLOMA)-1096,"N.M.C &.H, SASARAM",OBS & GYNAE,,DEGREE,Bihar__PGMAC Round 1 seat allotment.txt,1012,allotted
Bihar PGMAC,Bihar,2025,R1,NEET_AIR,57511.0,RCG(DIPLOMA)- 280,P.M.C.PATNA,COMMUNITY MEDICINE,,DEGREE,Bihar__PGMAC Round 1 seat allotment.txt,1014,allotted
Bihar PGMAC,Bihar,2025,R1,NEET_AIR,57556.0,UR(DIPLOMA)-1098,KISHANGANJ,Orthopaedics,,DEGREE,Bihar__PGMAC Round 1 seat allotment.txt,1016,allotted
Bihar PGMAC,Bihar,2025,R1,NEET_AIR,57656.0,UR(DIPLOMA)-1101,K.M.C. KATIHAR,General,,DEGREE,Bihar__PGMAC Round 1 seat allotment.txt,1018,allotted
Bihar PGMAC,Bihar,2025,R1,NEET_AIR,57820.0,UR(DIPLOMA)-1104,KISHANGANJ,Radiodiagnosis,,DEGREE,Bihar__PGMAC Round 1 seat allotment.txt,1020,allotted
Bihar PGMAC,Bihar,2025,R1,NEET_AIR,57927.0,UR(DIPLOMA)-1107,"N.M.C &.H, SASARAM",Paediatrics,,DEGREE,Bihar__PGMAC Round 1 seat allotment.txt,1024,allotted
Bihar PGMAC,Bihar,2025,R1,NEET_AIR,58114.0,UR(DIPLOMA)-1109,COLLEGE & HOSPITAL,General,,DEGREE,Bihar__PGMAC Round 1 seat allotment.txt,1026,allotted
Bihar PGMAC,Bihar,2025,R1,NEET_AIR,58460.0,UR(DIPLOMA)-1111,"N.M.C &.H, SASARAM",General,,DEGREE,Bihar__PGMAC Round 1 seat allotment.txt,1028,allotted
Bihar PGMAC,Bihar,2025,R1,NEET_AIR,58833.0,RCG(DIPLOMA)- 281,P.M.C.PATNA,Pharmacology,,DEGREE,Bihar__PGMAC Round 1 seat allotment.txt,1032,allotted
Bihar PGMAC,Bihar,2025,R1,NEET_AIR,59035.0,UR(DIPLOMA)-1119,COLLEGE & HOSPITAL,Pathology,,DEGREE,Bihar__PGMAC Round 1 seat allotment.txt,1034,allotted
Bihar PGMAC,Bihar,2025,R1,NEET_AIR,59242.0,UR(DIPLOMA)-1123,"COLLEGE & HOSPITAL, SAHARSA",E.N.T.,,DEGREE,Bihar__PGMAC Round 1 seat allotment.txt,1037,allotted
Bihar PGMAC,Bihar,2025,R1,NEET_AIR,59302.0,UR(DIPLOMA)-1125,COLLEGE & HOSPITAL,General,,DEGREE,Bihar__PGMAC Round 1 seat allotment.txt,1039,allotted
Bihar PGMAC,Bihar,2025,R1,NEET_AIR,59410.0,RCG(DIPLOMA)- 282,"COLLEGE & HOSPITAL, SAHARSA",Anaesthesiology,,DEGREE,Bihar__PGMAC Round 1 seat allotment.txt,1042,allotted
Bihar PGMAC,Bihar,2025,R1,NEET_AIR,59523.0,EBC(DIPLOMA)- 250,P.M.C.PATNA,Microbiology,,DEGREE,Bihar__PGMAC Round 1 seat allotment.txt,1044,allotted
Bihar PGMAC,Bihar,2025,R1,NEET_AIR,59565.0,UR(DIPLOMA)-1130,MADHUBANI,E.N.T.,,DEGREE,Bihar__PGMAC Round 1 seat allotment.txt,1046,allotted
Bihar PGMAC,Bihar,2025,R1,NEET_AIR,59685.0,UR(DIPLOMA)-1132,"N.M.C &.H, SASARAM",OBS & GYNAE,,DEGREE,Bihar__PGMAC Round 1 seat allotment.txt,1050,allotted
Bihar PGMAC,Bihar,2025,R1,NEET_AIR,59983.0,UR(DIPLOMA)-1136,MADHUBANI,E.N.T.,,DEGREE,Bihar__PGMAC Round 1 seat allotment.txt,1052,allotted
Bihar PGMAC,Bihar,2025,R1,NEET_AIR,60293.0,UR(DIPLOMA)-1142,COLLEGE & HOSPITAL,General,,DEGREE,Bihar__PGMAC Round 1 seat allotment.txt,1054,allotted
Bihar PGMAC,Bihar,2025,R1,NEET_AIR,60434.0,UR(DIPLOMA)-1147,KISHANGANJ,DERMATOLOGY,,DEGREE,Bihar__PGMAC Round 1 seat allotment.txt,1056,allotted
Bihar PGMAC,Bihar,2025,R1,NEET_AIR,60466.0,UR(DIPLOMA)-1148,KISHANGANJ,OPHTHALMOLOGY,,DEGREE,Bihar__PGMAC Round 1 seat allotment.txt,1058,allotted
Bihar PGMAC,Bihar,2025,R1,NEET_AIR,60502.0,UR(DIPLOMA)-1149,"N.M.C &.H, SASARAM",OBS & GYNAE,,DEGREE,Bihar__PGMAC Round 1 seat allotment.txt,1060,allotted
Bihar PGMAC,Bihar,2025,R1,NEET_AIR,60795.0,UR(DIPLOMA)-1150,"N.M.C &.H, SASARAM",Paediatrics,,DEGREE,Bihar__PGMAC Round 1 seat allotment.txt,1062,allotted
Bihar PGMAC,Bihar,2025,R1,NEET_AIR,61312.0,UR(DIPLOMA)-1154,K.M.C. KATIHAR,General,,DEGREE,Bihar__PGMAC Round 1 seat allotment.txt,1064,allotted
Bihar PGMAC,Bihar,2025,R1,NEET_AIR,61422.0,UR(DIPLOMA)-1158,"N.M.C &.H, SASARAM",Paediatrics,,DEGREE,Bihar__PGMAC Round 1 seat allotment.txt,1066,allotted
Bihar PGMAC,Bihar,2025,R1,NEET_AIR,61919.0,RCG(DIPLOMA)- 288,N.M.C. PATNA,COMMUNITY MEDICINE,,DEGREE,Bihar__PGMAC Round 1 seat allotment.txt,1068,allotted
Bihar PGMAC,Bihar,2025,R1,NEET_AIR,61945.0,UR(DIPLOMA)-1163,K.M.C. KATIHAR,Orthopaedics,,DEGREE,Bihar__PGMAC Round 1 seat allotment.txt,1070,allotted
Bihar PGMAC,Bihar,2025,R1,NEET_AIR,62349.0,RCG(DIPLOMA)- 291,S.K.M.C. MUZAFFARPUR,COMMUNITY MEDICINE,,DEGREE,Bihar__PGMAC Round 1 seat allotment.txt,1072,allotted
Bihar PGMAC,Bihar,2025,R1,NEET_AIR,62386.0,UR(DIPLOMA)-1173,"N.M.C &.H, SASARAM",Radiodiagnosis,,DEGREE,Bihar__PGMAC Round 1 seat allotment.txt,1074,allotted
Bihar PGMAC,Bihar,2025,R1,NEET_AIR,62479.0,UR(DIPLOMA)-1175,K.M.C. KATIHAR,Anaesthesiology,,DEGREE,Bihar__PGMAC Round 1 seat allotment.txt,1076,allotted
Bihar PGMAC,Bihar,2025,R1,NEET_AIR,62553.0,UR(DIPLOMA)-1176,MADHUBANI,OBS & GYNAE,,DEGREE,Bihar__PGMAC Round 1 seat allotment.txt,1078,allotted
Bihar PGMAC,Bihar,2025,R1,NEET_AIR,62679.0,UR(DIPLOMA)-1178,"N.M.C &.H, SASARAM",Anaesthesiology,,DEGREE,Bihar__PGMAC Round 1 seat allotment.txt,1080,allotted
Bihar PGMAC,Bihar,2025,R1,NEET_AIR,62697.0,RCG(DIPLOMA)- 293,"B.M.I.M.S,PAWAPURI, NALANDA",Pathology,,DEGREE,Bihar__PGMAC Round 1 seat allotment.txt,1082,allotted
Bihar PGMAC,Bihar,2025,R1,NEET_AIR,62804.0,UR(DIPLOMA)-1181,"N.M.C &.H, SASARAM",OBS & GYNAE,,DEGREE,Bihar__PGMAC Round 1 seat allotment.txt,1084,allotted
Bihar PGMAC,Bihar,2025,R1,NEET_AIR,63050.0,UR(DIPLOMA)-1187,"N.M.C &.H, SASARAM",Anaesthesiology,,DEGREE,Bihar__PGMAC Round 1 seat allotment.txt,1086,allotted
Bihar PGMAC,Bihar,2025,R1,NEET_AIR,63229.0,UR(DIPLOMA)-1190,"N.M.C &.H, SASARAM",OBS & GYNAE,,DEGREE,Bihar__PGMAC Round 1 seat allotment.txt,1088,allotted
Bihar PGMAC,Bihar,2025,R1,NEET_AIR,63278.0,UR(DIPLOMA)-1192,K.M.C. KATIHAR,Anaesthesiology,,DEGREE,Bihar__PGMAC Round 1 seat allotment.txt,1090,allotted
Bihar PGMAC,Bihar,2025,R1,NEET_AIR,63296.0,EBC(DIPLOMA)- 257,K.M.C. KATIHAR,Psychiatry,,DEGREE,Bihar__PGMAC Round 1 seat allotment.txt,1092,allotted
Bihar PGMAC,Bihar,2025,R1,NEET_AIR,63301.0,UR(DIPLOMA)-1194,"N.M.C &.H, SASARAM",General,,DEGREE,Bihar__PGMAC Round 1 seat allotment.txt,1094,allotted
Bihar PGMAC,Bihar,2025,R1,NEET_AIR,63709.0,RCG(DIPLOMA)- 298,K.M.C. KATIHAR,Anaesthesiology,,DEGREE,Bihar__PGMAC Round 1 seat allotment.txt,1096,allotted
Bihar PGMAC,Bihar,2025,R1,NEET_AIR,63765.0,UR(DIPLOMA)-1201,KISHANGANJ,General,,DEGREE,Bihar__PGMAC Round 1 seat allotment.txt,1098,allotted
Bihar PGMAC,Bihar,2025,R1,NEET_AIR,63846.0,UR(DIPLOMA)-1202,K.M.C. KATIHAR,Anaesthesiology,,DEGREE,Bihar__PGMAC Round 1 seat allotment.txt,1100,allotted
Bihar PGMAC,Bihar,2025,R1,NEET_AIR,63938.0,UR(DIPLOMA)-1203,KISHANGANJ,OPHTHALMOLOGY,,DEGREE,Bihar__PGMAC Round 1 seat allotment.txt,1102,allotted
Bihar PGMAC,Bihar,2025,R1,NEET_AIR,63990.0,UR(DIPLOMA)-1204,MADHUBANI,Paediatrics,,DEGREE,Bihar__PGMAC Round 1 seat allotment.txt,1104,allotted
Bihar PGMAC,Bihar,2025,R1,NEET_AIR,64151.0,UR(DIPLOMA)-1207,"N.M.C &.H, SASARAM",Anaesthesiology,,DEGREE,Bihar__PGMAC Round 1 seat allotment.txt,1106,allotted
Bihar PGMAC,Bihar,2025,R1,NEET_AIR,64588.0,UR(DIPLOMA)-1213,COLLEGE & HOSPITAL,Anaesthesiology,,DEGREE,Bihar__PGMAC Round 1 seat allotment.txt,1111,allotted
Bihar PGMAC,Bihar,2025,R1,NEET_AIR,64645.0,UR(DIPLOMA)-1215,COLLEGE & HOSPITAL,Anaesthesiology,,DEGREE,Bihar__PGMAC Round 1 seat allotment.txt,1113,allotted
Bihar PGMAC,Bihar,2025,R1,NEET_AIR,64655.0,UR(DIPLOMA)-1216,KISHANGANJ,General,,DEGREE,Bihar__PGMAC Round 1 seat allotment.txt,1115,allotted
Bihar PGMAC,Bihar,2025,R1,NEET_AIR,64692.0,UR(DIPLOMA)-1217,MADHUBANI,OBS & GYNAE,,DEGREE,Bihar__PGMAC Round 1 seat allotment.txt,1117,allotted
Bihar PGMAC,Bihar,2025,R1,NEET_AIR,64774.0,UR(DIPLOMA)-1218,MADHUBANI,OBS & GYNAE,,DEGREE,Bihar__PGMAC Round 1 seat allotment.txt,1119,allotted
Bihar PGMAC,Bihar,2025,R1,NEET_AIR,64924.0,UR(DIPLOMA)-1222,COLLEGE & HOSPITAL,Anaesthesiology,,DEGREE,Bihar__PGMAC Round 1 seat allotment.txt,1121,allotted
Bihar PGMAC,Bihar,2025,R1,NEET_AIR,65319.0,EBC(DIPLOMA)- 261,K.M.C. KATIHAR,General,,DEGREE,Bihar__PGMAC Round 1 seat allotment.txt,1123,allotted
Bihar PGMAC,Bihar,2025,R1,NEET_AIR,65740.0,RCG(DIPLOMA)- 299,I.G.I.M.S. PATNA,Microbiology,,DEGREE,Bihar__PGMAC Round 1 seat allotment.txt,1125,allotted
Bihar PGMAC,Bihar,2025,R1,NEET_AIR,65800.0,UR(DIPLOMA)-1236,COLLEGE & HOSPITAL,Anaesthesiology,,DEGREE,Bihar__PGMAC Round 1 seat allotment.txt,1127,allotted
Bihar PGMAC,Bihar,2025,R1,NEET_AIR,65960.0,UR(DIPLOMA)-1238,"N.M.C &.H, SASARAM",General,,DEGREE,Bihar__PGMAC Round 1 seat allotment.txt,1129,allotted
Bihar PGMAC,Bihar,2025,R1,NEET_AIR,66093.0,UR(DIPLOMA)-1239,MADHUBANI,OPHTHALMOLOGY,,DEGREE,Bihar__PGMAC Round 1 seat allotment.txt,1131,allotted
Bihar PGMAC,Bihar,2025,R1,NEET_AIR,66182.0,UR(DIPLOMA)-1240,K.M.C. KATIHAR,Pathology,,DEGREE,Bihar__PGMAC Round 1 seat allotment.txt,1133,allotted
Bihar PGMAC,Bihar,2025,R1,NEET_AIR,66562.0,UR(DIPLOMA)-1250,COLLEGE & HOSPITAL,Radiodiagnosis,,DEGREE,Bihar__PGMAC Round 1 seat allotment.txt,1137,allotted
Bihar PGMAC,Bihar,2025,R1,NEET_AIR,66580.0,UR(DIPLOMA)-1251,"N.M.C &.H, SASARAM",General,,DEGREE,Bihar__PGMAC Round 1 seat allotment.txt,1139,allotted
Bihar PGMAC,Bihar,2025,R1,NEET_AIR,66863.0,UR(DIPLOMA)-1254,"N.M.C &.H, SASARAM",Orthopaedics,,DEGREE,Bihar__PGMAC Round 1 seat allotment.txt,1143,allotted
Bihar PGMAC,Bihar,2025,R1,NEET_AIR,67169.0,UR(DIPLOMA)-1258,K.M.C. KATIHAR,Anaesthesiology,,DEGREE,Bihar__PGMAC Round 1 seat allotment.txt,1145,allotted
Bihar PGMAC,Bihar,2025,R1,NEET_AIR,67320.0,UR(DIPLOMA)-1264,"N.M.C &.H, SASARAM",Anaesthesiology,,DEGREE,Bihar__PGMAC Round 1 seat allotment.txt,1147,allotted
Bihar PGMAC,Bihar,2025,R1,NEET_AIR,67454.0,UR(DIPLOMA)-1265,KISHANGANJ,Paediatrics,,DEGREE,Bihar__PGMAC Round 1 seat allotment.txt,1149,allotted
Bihar PGMAC,Bihar,2025,R1,NEET_AIR,67720.0,UR(DIPLOMA)-1268,KISHANGANJ,DERMATOLOGY,,DEGREE,Bihar__PGMAC Round 1 seat allotment.txt,1151,allotted
Bihar PGMAC,Bihar,2025,R1,NEET_AIR,67789.0,UR(DIPLOMA)-1270,"N.M.C &.H, SASARAM",General,,DEGREE,Bihar__PGMAC Round 1 seat allotment.txt,1153,allotted
Bihar PGMAC,Bihar,2025,R1,NEET_AIR,67841.0,RCG(DIPLOMA)- 303,I.G.I.M.S. PATNA,COMMUNITY MEDICINE,,DEGREE,Bihar__PGMAC Round 1 seat allotment.txt,1155,allotted
Bihar PGMAC,Bihar,2025,R1,NEET_AIR,68191.0,UR(DIPLOMA)-1276,KISHANGANJ,Paediatrics,,DEGREE,Bihar__PGMAC Round 1 seat allotment.txt,1159,allotted
Bihar PGMAC,Bihar,2025,R1,NEET_AIR,68204.0,EWS(DIPLOMA)- 143,MADHUBANI,OBS & GYNAE,,DEGREE,Bihar__PGMAC Round 1 seat allotment.txt,1161,allotted
Bihar PGMAC,Bihar,2025,R1,NEET_AIR,68391.0,UR(DIPLOMA)-1278,K.M.C. KATIHAR,E.N.T.,,DEGREE,Bihar__PGMAC Round 1 seat allotment.txt,1163,allotted
Bihar PGMAC,Bihar,2025,R1,NEET_AIR,68423.0,UR(DIPLOMA)-1279,"N.M.C &.H, SASARAM",Anaesthesiology,,DEGREE,Bihar__PGMAC Round 1 seat allotment.txt,1167,allotted
Bihar PGMAC,Bihar,2025,R1,NEET_AIR,68432.0,UR(DIPLOMA)-1280,KISHANGANJ,General,,DEGREE,Bihar__PGMAC Round 1 seat allotment.txt,1169,allotted
Bihar PGMAC,Bihar,2025,R1,NEET_AIR,68588.0,UR(DIPLOMA)-1283,K.M.C. KATIHAR,DERMATOLOGY,,DEGREE,Bihar__PGMAC Round 1 seat allotment.txt,1174,allotted
Bihar PGMAC,Bihar,2025,R1,NEET_AIR,68910.0,UR(DIPLOMA)-1286,KISHANGANJ,OBS & GYNAE,,DEGREE,Bihar__PGMAC Round 1 seat allotment.txt,1176,allotted
Bihar PGMAC,Bihar,2025,R1,NEET_AIR,68996.0,UR(DIPLOMA)-1287,KISHANGANJ,Orthopaedics,,DEGREE,Bihar__PGMAC Round 1 seat allotment.txt,1178,allotted
Bihar PGMAC,Bihar,2025,R1,NEET_AIR,69165.0,UR(DIPLOMA)-1288,"N.M.C &.H, SASARAM",General,,DEGREE,Bihar__PGMAC Round 1 seat allotment.txt,1180,allotted
Bihar PGMAC,Bihar,2025,R1,NEET_AIR,69225.0,RCG(DIPLOMA)- 305,P.M.C.PATNA,Pathology,,DEGREE,Bihar__PGMAC Round 1 seat allotment.txt,1182,allotted
Bihar PGMAC,Bihar,2025,R1,NEET_AIR,69489.0,EWS(DIPLOMA)- 145,P.M.C.PATNA,Biochemistry,,DEGREE,Bihar__PGMAC Round 1 seat allotment.txt,1185,allotted
Bihar PGMAC,Bihar,2025,R1,NEET_AIR,69613.0,UR(DIPLOMA)-1296,COLLEGE & HOSPITAL,Pathology,,DEGREE,Bihar__PGMAC Round 1 seat allotment.txt,1187,allotted
Bihar PGMAC,Bihar,2025,R1,NEET_AIR,69757.0,UR(DIPLOMA)-1299,MADHUBANI,OBS & GYNAE,,DEGREE,Bihar__PGMAC Round 1 seat allotment.txt,1189,allotted
Bihar PGMAC,Bihar,2025,R1,NEET_AIR,69821.0,UR(DIPLOMA)-1305,"N.M.C &.H, SASARAM",Anaesthesiology,,DEGREE,Bihar__PGMAC Round 1 seat allotment.txt,1191,allotted
Bihar PGMAC,Bihar,2025,R1,NEET_AIR,69986.0,UR(DIPLOMA)-1307,KISHANGANJ,Pathology,,DEGREE,Bihar__PGMAC Round 1 seat allotment.txt,1193,allotted
Bihar PGMAC,Bihar,2025,R1,NEET_AIR,70028.0,UR(DIPLOMA)-1309,MADHUBANI,Orthopaedics,,DEGREE,Bihar__PGMAC Round 1 seat allotment.txt,1195,allotted
Bihar PGMAC,Bihar,2025,R1,NEET_AIR,70473.0,UR(DIPLOMA)-1313,"N.M.C &.H, SASARAM",Anaesthesiology,,DEGREE,Bihar__PGMAC Round 1 seat allotment.txt,1197,allotted
Bihar PGMAC,Bihar,2025,R1,NEET_AIR,70520.0,UR(DIPLOMA)-1314,"N.M.C &.H, SASARAM",Anaesthesiology,,DEGREE,Bihar__PGMAC Round 1 seat allotment.txt,1199,allotted
Bihar PGMAC,Bihar,2025,R1,NEET_AIR,70663.0,UR(DIPLOMA)-1316,KISHANGANJ,Orthopaedics,,DEGREE,Bihar__PGMAC Round 1 seat allotment.txt,1201,allotted
Bihar PGMAC,Bihar,2025,R1,NEET_AIR,70994.0,UR(DIPLOMA)-1318,MADHUBANI,Orthopaedics,,DEGREE,Bihar__PGMAC Round 1 seat allotment.txt,1203,allotted
Bihar PGMAC,Bihar,2025,R1,NEET_AIR,70999.0,UR(DIPLOMA)-1319,K.M.C. KATIHAR,Orthopaedics,,DEGREE,Bihar__PGMAC Round 1 seat allotment.txt,1205,allotted
Bihar PGMAC,Bihar,2025,R1,NEET_AIR,71189.0,UR(DIPLOMA)-1321,MADHUBANI,Anaesthesiology,,DEGREE,Bihar__PGMAC Round 1 seat allotment.txt,1207,allotted
Bihar PGMAC,Bihar,2025,R1,NEET_AIR,71230.0,UR(DIPLOMA)-1323,K.M.C. KATIHAR,Radiodiagnosis,,DEGREE,Bihar__PGMAC Round 1 seat allotment.txt,1211,allotted
Bihar PGMAC,Bihar,2025,R1,NEET_AIR,71336.0,UR(DIPLOMA)-1326,"N.M.C &.H, SASARAM",Anaesthesiology,,DEGREE,Bihar__PGMAC Round 1 seat allotment.txt,1213,allotted
Bihar PGMAC,Bihar,2025,R1,NEET_AIR,71400.0,UR(DIPLOMA)-1328,KISHANGANJ,Anaesthesiology,,DEGREE,Bihar__PGMAC Round 1 seat allotment.txt,1217,allotted
Bihar PGMAC,Bihar,2025,R1,NEET_AIR,71411.0,UR(DIPLOMA)-1329,"N.M.C &.H, SASARAM",General,,DEGREE,Bihar__PGMAC Round 1 seat allotment.txt,1219,allotted
Bihar PGMAC,Bihar,2025,R1,NEET_AIR,71511.0,UR(DIPLOMA)-1332,KISHANGANJ,OBS & GYNAE,,DEGREE,Bihar__PGMAC Round 1 seat allotment.txt,1223,allotted
Bihar PGMAC,Bihar,2025,R1,NEET_AIR,71631.0,RCG(DIPLOMA)- 310,D.M.C.LAHERIASARAI,Microbiology,,DEGREE,Bihar__PGMAC Round 1 seat allotment.txt,1225,allotted
Bihar PGMAC,Bihar,2025,R1,NEET_AIR,71845.0,UR(DIPLOMA)-1335,"N.M.C &.H, SASARAM",General,,DEGREE,Bihar__PGMAC Round 1 seat allotment.txt,1227,allotted
Bihar PGMAC,Bihar,2025,R1,NEET_AIR,71853.0,UR(DIPLOMA)-1337,K.M.C. KATIHAR,Radiodiagnosis,,DEGREE,Bihar__PGMAC Round 1 seat allotment.txt,1229,allotted
Bihar PGMAC,Bihar,2025,R1,NEET_AIR,71993.0,UR(DIPLOMA)-1342,K.M.C. KATIHAR,Paediatrics,,DEGREE,Bihar__PGMAC Round 1 seat allotment.txt,1234,allotted
Bihar PGMAC,Bihar,2025,R1,NEET_AIR,72042.0,UR(DIPLOMA)-1344,"N.M.C &.H, SASARAM",Anaesthesiology,,DEGREE,Bihar__PGMAC Round 1 seat allotment.txt,1236,allotted
Bihar PGMAC,Bihar,2025,R1,NEET_AIR,72169.0,UR(DIPLOMA)-1347,"N.M.C &.H, SASARAM",Anaesthesiology,,DEGREE,Bihar__PGMAC Round 1 seat allotment.txt,1240,allotted
Bihar PGMAC,Bihar,2025,R1,NEET_AIR,72306.0,RCG(DIPLOMA)- 313,I.G.I.M.S. PATNA,Microbiology,,DEGREE,Bihar__PGMAC Round 1 seat allotment.txt,1242,allotted
Bihar PGMAC,Bihar,2025,R1,NEET_AIR,72481.0,RCG(DIPLOMA)- 314,I.G.I.M.S. PATNA,Pharmacology,,DEGREE,Bihar__PGMAC Round 1 seat allotment.txt,1245,allotted
Bihar PGMAC,Bihar,2025,R1,NEET_AIR,72498.0,UR(DIPLOMA)-1350,"N.M.C &.H, SASARAM",Orthopaedics,,DEGREE,Bihar__PGMAC Round 1 seat allotment.txt,1247,allotted
Bihar PGMAC,Bihar,2025,R1,NEET_AIR,72914.0,UR(DIPLOMA)-1354,"N.M.C &.H, SASARAM",General,,DEGREE,Bihar__PGMAC Round 1 seat allotment.txt,1249,allotted
Bihar PGMAC,Bihar,2025,R1,NEET_AIR,72928.0,UR(DIPLOMA)-1355,"N.M.C &.H, SASARAM",Anaesthesiology,,DEGREE,Bihar__PGMAC Round 1 seat allotment.txt,1251,allotted
Bihar PGMAC,Bihar,2025,R1,NEET_AIR,73104.0,UR(DIPLOMA)-1358,K.M.C. KATIHAR,Radiodiagnosis,,DEGREE,Bihar__PGMAC Round 1 seat allotment.txt,1253,allotted
Bihar PGMAC,Bihar,2025,R1,NEET_AIR,73194.0,UR(DIPLOMA)-1361,MADHUBANI,Orthopaedics,,DEGREE,Bihar__PGMAC Round 1 seat allotment.txt,1255,allotted
Bihar PGMAC,Bihar,2025,R1,NEET_AIR,73563.0,UR(DIPLOMA)-1367,"N.M.C &.H, SASARAM",General,,DEGREE,Bihar__PGMAC Round 1 seat allotment.txt,1260,allotted
Bihar PGMAC,Bihar,2025,R1,NEET_AIR,73593.0,UR(DIPLOMA)-1368,MADHUBANI,General,,DEGREE,Bihar__PGMAC Round 1 seat allotment.txt,1262,allotted
Bihar PGMAC,Bihar,2025,R1,NEET_AIR,73620.0,UR(DIPLOMA)-1369,KISHANGANJ,Anaesthesiology,,DEGREE,Bihar__PGMAC Round 1 seat allotment.txt,1264,allotted
Bihar PGMAC,Bihar,2025,R1,NEET_AIR,73652.0,UR(DIPLOMA)-1370,"N.M.C &.H, SASARAM",General,,DEGREE,Bihar__PGMAC Round 1 seat allotment.txt,1266,allotted
Bihar PGMAC,Bihar,2025,R1,NEET_AIR,73679.0,UR(DIPLOMA)-1371,"N.M.C &.H, SASARAM",Orthopaedics,,DEGREE,Bihar__PGMAC Round 1 seat allotment.txt,1268,allotted
Bihar PGMAC,Bihar,2025,R1,NEET_AIR,73789.0,RCG(DIPLOMA)- 316,D.M.C.LAHERIASARAI,COMMUNITY MEDICINE,,DEGREE,Bihar__PGMAC Round 1 seat allotment.txt,1270,allotted
Bihar PGMAC,Bihar,2025,R1,NEET_AIR,74161.0,RCG(DIPLOMA)- 317,N.M.C. PATNA,Pharmacology,,DEGREE,Bihar__PGMAC Round 1 seat allotment.txt,1272,allotted
Bihar PGMAC,Bihar,2025,R1,NEET_AIR,74437.0,UR(DIPLOMA)-1381,"N.M.C &.H, SASARAM",General,,DEGREE,Bihar__PGMAC Round 1 seat allotment.txt,1274,allotted
Bihar PGMAC,Bihar,2025,R1,NEET_AIR,74549.0,UR(DIPLOMA)-1384,"N.M.C &.H, SASARAM",General,,DEGREE,Bihar__PGMAC Round 1 seat allotment.txt,1276,allotted
Bihar PGMAC,Bihar,2025,R1,NEET_AIR,74552.0,UR(DIPLOMA)-1385,MADHUBANI,OBS & GYNAE,,DEGREE,Bihar__PGMAC Round 1 seat allotment.txt,1278,allotted
Bihar PGMAC,Bihar,2025,R1,NEET_AIR,74804.0,UR(DIPLOMA)-1389,MADHUBANI,Paediatrics,,DEGREE,Bihar__PGMAC Round 1 seat allotment.txt,1280,allotted
Bihar PGMAC,Bihar,2025,R1,NEET_AIR,74939.0,UR(DIPLOMA)-1390,MADHUBANI,Anaesthesiology,,DEGREE,Bihar__PGMAC Round 1 seat allotment.txt,1284,allotted
Bihar PGMAC,Bihar,2025,R1,NEET_AIR,74991.0,EWS(DIPLOMA)- 146,D.M.C.LAHERIASARAI,COMMUNITY MEDICINE,,DEGREE,Bihar__PGMAC Round 1 seat allotment.txt,1286,allotted
Bihar PGMAC,Bihar,2025,R1,NEET_AIR,75099.0,UR(DIPLOMA)-1392,"N.M.C &.H, SASARAM",General,,DEGREE,Bihar__PGMAC Round 1 seat allotment.txt,1288,allotted
Bihar PGMAC,Bihar,2025,R1,NEET_AIR,75276.0,UR(DIPLOMA)-1394,MADHUBANI,DERMATOLOGY,,DEGREE,Bihar__PGMAC Round 1 seat allotment.txt,1290,allotted
Bihar PGMAC,Bihar,2025,R1,NEET_AIR,75668.0,UR(DIPLOMA)-1402,MADHUBANI,DERMATOLOGY,,DEGREE,Bihar__PGMAC Round 1 seat allotment.txt,1292,allotted
Bihar PGMAC,Bihar,2025,R1,NEET_AIR,76004.0,UR(DIPLOMA)-1407,MADHUBANI,General,,DEGREE,Bihar__PGMAC Round 1 seat allotment.txt,1294,allotted
Bihar PGMAC,Bihar,2025,R1,NEET_AIR,76369.0,EBC(DIPLOMA)- 272,J.L.N.M.C. BHAGALPUR,COMMUNITY MEDICINE,,DEGREE,Bihar__PGMAC Round 1 seat allotment.txt,1299,allotted
Bihar PGMAC,Bihar,2025,R1,NEET_AIR,76433.0,UR(DIPLOMA)-1413,MADHUBANI,General,,DEGREE,Bihar__PGMAC Round 1 seat allotment.txt,1303,allotted
Bihar PGMAC,Bihar,2025,R1,NEET_AIR,77123.0,UR(DIPLOMA)-1423,MADHUBANI,OBS & GYNAE,,DEGREE,Bihar__PGMAC Round 1 seat allotment.txt,1307,allotted
Bihar PGMAC,Bihar,2025,R1,NEET_AIR,77408.0,RCG(DIPLOMA)- 321,J.L.N.M.C. BHAGALPUR,Pathology,,DEGREE,Bihar__PGMAC Round 1 seat allotment.txt,1309,allotted
Bihar PGMAC,Bihar,2025,R1,NEET_AIR,77440.0,UR(DIPLOMA)-1430,MADHUBANI,General,,DEGREE,Bihar__PGMAC Round 1 seat allotment.txt,1311,allotted
Bihar PGMAC,Bihar,2025,R1,NEET_AIR,77485.0,UR(DIPLOMA)-1431,"N.M.C &.H, SASARAM",Orthopaedics,,DEGREE,Bihar__PGMAC Round 1 seat allotment.txt,1313,allotted
Bihar PGMAC,Bihar,2025,R1,NEET_AIR,77592.0,UR(DIPLOMA)-1433,"N.M.C &.H, SASARAM",Orthopaedics,,DEGREE,Bihar__PGMAC Round 1 seat allotment.txt,1315,allotted
Bihar PGMAC,Bihar,2025,R1,NEET_AIR,77721.0,RCG(DIPLOMA)- 322,I.G.I.M.S. PATNA,Pathology,,DEGREE,Bihar__PGMAC Round 1 seat allotment.txt,1317,allotted
Bihar PGMAC,Bihar,2025,R1,NEET_AIR,78133.0,UR(DIPLOMA)-1441,"N.M.C &.H, SASARAM",Orthopaedics,,DEGREE,Bihar__PGMAC Round 1 seat allotment.txt,1319,allotted
Bihar PGMAC,Bihar,2025,R1,NEET_AIR,78951.0,RCG(DIPLOMA)- 324,P.M.C.PATNA,Pharmacology,,DEGREE,Bihar__PGMAC Round 1 seat allotment.txt,1323,allotted
Bihar PGMAC,Bihar,2025,R1,NEET_AIR,79126.0,UR(DIPLOMA)-1452,MADHUBANI,General,,DEGREE,Bihar__PGMAC Round 1 seat allotment.txt,1325,allotted
Bihar PGMAC,Bihar,2025,R1,NEET_AIR,79166.0,UR(DIPLOMA)-1453,KISHANGANJ,General,,DEGREE,Bihar__PGMAC Round 1 seat allotment.txt,1327,allotted
Bihar PGMAC,Bihar,2025,R1,NEET_AIR,79293.0,UR(DIPLOMA)-1455,"N.M.C &.H, SASARAM",Radiodiagnosis,,DEGREE,Bihar__PGMAC Round 1 seat allotment.txt,1329,allotted
Bihar PGMAC,Bihar,2025,R1,NEET_AIR,80185.0,BC(DIPLOMA)- 298,I.G.I.M.S. PATNA,F.M.T.,,DEGREE,Bihar__PGMAC Round 1 seat allotment.txt,1331,allotted
Bihar PGMAC,Bihar,2025,R1,NEET_AIR,80574.0,DQ(DIPLOMA)- 1,P.M.C.PATNA,General,,DEGREE,Bihar__PGMAC Round 1 seat allotment.txt,1333,allotted
Bihar PGMAC,Bihar,2025,R1,NEET_AIR,80633.0,UR(DIPLOMA)-1470,"N.M.C &.H, SASARAM",General,,DEGREE,Bihar__PGMAC Round 1 seat allotment.txt,1335,allotted
Bihar PGMAC,Bihar,2025,R1,NEET_AIR,81062.0,UR(DIPLOMA)-1475,"N.M.C &.H, SASARAM",General,,DEGREE,Bihar__PGMAC Round 1 seat allotment.txt,1339,allotted
Bihar PGMAC,Bihar,2025,R1,NEET_AIR,81134.0,UR(DIPLOMA)-1479,KISHANGANJ,Pathology,,DEGREE,Bihar__PGMAC Round 1 seat allotment.txt,1341,allotted
Bihar PGMAC,Bihar,2025,R1,NEET_AIR,81278.0,UR(DIPLOMA)-1480,KISHANGANJ,Pathology,,DEGREE,Bihar__PGMAC Round 1 seat allotment.txt,1343,allotted
Bihar PGMAC,Bihar,2025,R1,NEET_AIR,81445.0,SC(DIPLOMA)- 94,D.M.C.LAHERIASARAI,Pathology,,DEGREE,Bihar__PGMAC Round 1 seat allotment.txt,1345,allotted
Bihar PGMAC,Bihar,2025,R1,NEET_AIR,81542.0,UR(DIPLOMA)-1485,MADHUBANI,General,,DEGREE,Bihar__PGMAC Round 1 seat allotment.txt,1347,allotted
Bihar PGMAC,Bihar,2025,R1,NEET_AIR,81777.0,UR(DIPLOMA)-1486,K.M.C. KATIHAR,General,,DEGREE,Bihar__PGMAC Round 1 seat allotment.txt,1349,allotted
Bihar PGMAC,Bihar,2025,R1,NEET_AIR,81992.0,UR(DIPLOMA)-1491,MADHUBANI,Anaesthesiology,,DEGREE,Bihar__PGMAC Round 1 seat allotment.txt,1351,allotted
Bihar PGMAC,Bihar,2025,R1,NEET_AIR,82817.0,EWS(DIPLOMA)- 151,N.M.C. PATNA,Pharmacology,,DEGREE,Bihar__PGMAC Round 1 seat allotment.txt,1356,allotted
Bihar PGMAC,Bihar,2025,R1,NEET_AIR,83249.0,UR(DIPLOMA)-1503,KISHANGANJ,Pathology,,DEGREE,Bihar__PGMAC Round 1 seat allotment.txt,1362,allotted
Bihar PGMAC,Bihar,2025,R1,NEET_AIR,83328.0,EWS(DIPLOMA)- 152,N.M.C. PATNA,Biochemistry,,DEGREE,Bihar__PGMAC Round 1 seat allotment.txt,1365,allotted
Bihar PGMAC,Bihar,2025,R1,NEET_AIR,84075.0,DQ(DIPLOMA)- 2,N.M.C. PATNA,General,,DEGREE,Bihar__PGMAC Round 1 seat allotment.txt,1369,allotted
Bihar PGMAC,Bihar,2025,R1,NEET_AIR,84425.0,UR(DIPLOMA)-1522,K.M.C. KATIHAR,Paediatrics,,DEGREE,Bihar__PGMAC Round 1 seat allotment.txt,1371,allotted
Bihar PGMAC,Bihar,2025,R1,NEET_AIR,84903.0,SC(DIPLOMA)- 100,A.N.M.M.C. GAYA,Pathology,,DEGREE,Bihar__PGMAC Round 1 seat allotment.txt,1375,allotted
Bihar PGMAC,Bihar,2025,R1,NEET_AIR,85496.0,UR(DIPLOMA)-1537,MADHUBANI,Paediatrics,,DEGREE,Bihar__PGMAC Round 1 seat allotment.txt,1377,allotted
Bihar PGMAC,Bihar,2025,R1,NEET_AIR,85534.0,UR(DIPLOMA)-1538,K.M.C. KATIHAR,General,,DEGREE,Bihar__PGMAC Round 1 seat allotment.txt,1379,allotted
Bihar PGMAC,Bihar,2025,R1,NEET_AIR,85575.0,UR(DIPLOMA)-1539,KISHANGANJ,OBS & GYNAE,,DEGREE,Bihar__PGMAC Round 1 seat allotment.txt,1381,allotted
Bihar PGMAC,Bihar,2025,R1,NEET_AIR,85813.0,BC(DIPLOMA)- 305,J.L.N.M.C. BHAGALPUR,Microbiology,,DEGREE,Bihar__PGMAC Round 1 seat allotment.txt,1383,allotted
Bihar PGMAC,Bihar,2025,R1,NEET_AIR,86116.0,UR(DIPLOMA)-1551,"COLLEGE & HOSPITAL, SAHARSA",General,,DEGREE,Bihar__PGMAC Round 1 seat allotment.txt,1386,allotted
Bihar PGMAC,Bihar,2025,R1,NEET_AIR,86223.0,RCG(DIPLOMA)- 330,A.N.M.M.C. GAYA,Pharmacology,,DEGREE,Bihar__PGMAC Round 1 seat allotment.txt,1388,allotted
Bihar PGMAC,Bihar,2025,R1,NEET_AIR,86552.0,BC(DIPLOMA)- 307,P.M.C.PATNA,Pharmacology,,DEGREE,Bihar__PGMAC Round 1 seat allotment.txt,1390,allotted
Bihar PGMAC,Bihar,2025,R1,NEET_AIR,86603.0,UR(DIPLOMA)-1564,KISHANGANJ,Paediatrics,,DEGREE,Bihar__PGMAC Round 1 seat allotment.txt,1392,allotted
Bihar PGMAC,Bihar,2025,R1,NEET_AIR,86931.0,UR(DIPLOMA)-1567,KISHANGANJ,Orthopaedics,,DEGREE,Bihar__PGMAC Round 1 seat allotment.txt,1394,allotted
Bihar PGMAC,Bihar,2025,R1,NEET_AIR,87337.0,UR(DIPLOMA)-1573,MADHUBANI,General,,DEGREE,Bihar__PGMAC Round 1 seat allotment.txt,1401,allotted
Bihar PGMAC,Bihar,2025,R1,NEET_AIR,87402.0,UR(DIPLOMA)-1574,MADHUBANI,Anaesthesiology,,DEGREE,Bihar__PGMAC Round 1 seat allotment.txt,1403,allotted
Bihar PGMAC,Bihar,2025,R1,NEET_AIR,87477.0,UR(DIPLOMA)-1576,KISHANGANJ,General,,DEGREE,Bihar__PGMAC Round 1 seat allotment.txt,1405,allotted
Bihar PGMAC,Bihar,2025,R1,NEET_AIR,87845.0,UR(DIPLOMA)-1579,KISHANGANJ,General,,DEGREE,Bihar__PGMAC Round 1 seat allotment.txt,1407,allotted
Bihar PGMAC,Bihar,2025,R1,NEET_AIR,88020.0,UR(DIPLOMA)-1583,K.M.C. KATIHAR,Radiodiagnosis,,DEGREE,Bihar__PGMAC Round 1 seat allotment.txt,1409,allotted
Bihar PGMAC,Bihar,2025,R1,NEET_AIR,88107.0,RCG(DIPLOMA)- 331,D.M.C.LAHERIASARAI,Pharmacology,,DEGREE,Bihar__PGMAC Round 1 seat allotment.txt,1411,allotted
Bihar PGMAC,Bihar,2025,R1,NEET_AIR,88208.0,UR(DIPLOMA)-1586,K.M.C. KATIHAR,General,,DEGREE,Bihar__PGMAC Round 1 seat allotment.txt,1413,allotted
Bihar PGMAC,Bihar,2025,R1,NEET_AIR,88316.0,UR(DIPLOMA)-1588,K.M.C. KATIHAR,OBS & GYNAE,,DEGREE,Bihar__PGMAC Round 1 seat allotment.txt,1415,allotted
Bihar PGMAC,Bihar,2025,R1,NEET_AIR,88582.0,UR(DIPLOMA)-1590,MADHUBANI,General,,DEGREE,Bihar__PGMAC Round 1 seat allotment.txt,1417,allotted
Bihar PGMAC,Bihar,2025,R1,NEET_AIR,89056.0,UR(DIPLOMA)-1598,KISHANGANJ,OPHTHALMOLOGY,,DEGREE,Bihar__PGMAC Round 1 seat allotment.txt,1419,allotted
Bihar PGMAC,Bihar,2025,R1,NEET_AIR,89712.0,UR(DIPLOMA)-1609,MADHUBANI,General,,DEGREE,Bihar__PGMAC Round 1 seat allotment.txt,1423,allotted
Bihar PGMAC,Bihar,2025,R1,NEET_AIR,90255.0,SC(DIPLOMA)- 102,"B.M.I.M.S,PAWAPURI, NALANDA",Pharmacology,,DEGREE,Bihar__PGMAC Round 1 seat allotment.txt,1425,allotted
Bihar PGMAC,Bihar,2025,R1,NEET_AIR,90416.0,UR(DIPLOMA)-1620,"N.M.C &.H, SASARAM",OPHTHALMOLOGY,,DEGREE,Bihar__PGMAC Round 1 seat allotment.txt,1427,allotted
Bihar PGMAC,Bihar,2025,R1,NEET_AIR,90566.0,UR(DIPLOMA)-1623,MADHUBANI,General,,DEGREE,Bihar__PGMAC Round 1 seat allotment.txt,1429,allotted
Bihar PGMAC,Bihar,2025,R1,NEET_AIR,90744.0,UR(DIPLOMA)-1624,MADHUBANI,General,,DEGREE,Bihar__PGMAC Round 1 seat allotment.txt,1431,allotted
Bihar PGMAC,Bihar,2025,R1,NEET_AIR,91048.0,UR(DIPLOMA)-1629,COLLEGE & HOSPITAL,Pathology,,DEGREE,Bihar__PGMAC Round 1 seat allotment.txt,1433,allotted
Bihar PGMAC,Bihar,2025,R1,NEET_AIR,91148.0,UR(DIPLOMA)-1632,KISHANGANJ,Pathology,,DEGREE,Bihar__PGMAC Round 1 seat allotment.txt,1435,allotted
Bihar PGMAC,Bihar,2025,R1,NEET_AIR,91207.0,UR(DIPLOMA)-1634,K.M.C. KATIHAR,General,,DEGREE,Bihar__PGMAC Round 1 seat allotment.txt,1437,allotted
Bihar PGMAC,Bihar,2025,R1,NEET_AIR,91516.0,RCG(DIPLOMA)- 336,D.M.C.LAHERIASARAI,COMMUNITY MEDICINE,,DEGREE,Bihar__PGMAC Round 1 seat allotment.txt,1440,allotted
Bihar PGMAC,Bihar,2025,R1,NEET_AIR,91659.0,EBC(DIPLOMA)- 287,I.G.I.M.S. PATNA,Physiology,,DEGREE,Bihar__PGMAC Round 1 seat allotment.txt,1442,allotted
Bihar PGMAC,Bihar,2025,R1,NEET_AIR,91962.0,UR(DIPLOMA)-1645,MADHUBANI,General,,DEGREE,Bihar__PGMAC Round 1 seat allotment.txt,1444,allotted
Bihar PGMAC,Bihar,2025,R1,NEET_AIR,92319.0,UR(DIPLOMA)-1649,MADHUBANI,E.N.T.,,DEGREE,Bihar__PGMAC Round 1 seat allotment.txt,1446,allotted
Bihar PGMAC,Bihar,2025,R1,NEET_AIR,92736.0,UR(DIPLOMA)-1655,MADHUBANI,General,,DEGREE,Bihar__PGMAC Round 1 seat allotment.txt,1448,allotted
Bihar PGMAC,Bihar,2025,R1,NEET_AIR,92753.0,UR(DIPLOMA)-1656,KISHANGANJ,OBS & GYNAE,,DEGREE,Bihar__PGMAC Round 1 seat allotment.txt,1450,allotted
Bihar PGMAC,Bihar,2025,R1,NEET_AIR,93110.0,UR(DIPLOMA)-1659,COLLEGE & HOSPITAL,General,,DEGREE,Bihar__PGMAC Round 1 seat allotment.txt,1452,allotted
Bihar PGMAC,Bihar,2025,R1,NEET_AIR,93121.0,EBC(DIPLOMA)- 288,MADHUBANI,Orthopaedics,,DEGREE,Bihar__PGMAC Round 1 seat allotment.txt,1454,allotted
Bihar PGMAC,Bihar,2025,R1,NEET_AIR,93133.0,UR(DIPLOMA)-1661,MADHUBANI,Orthopaedics,,DEGREE,Bihar__PGMAC Round 1 seat allotment.txt,1456,allotted
Bihar PGMAC,Bihar,2025,R1,NEET_AIR,94428.0,UR(DIPLOMA)-1673,K.M.C. KATIHAR,Anaesthesiology,,DEGREE,Bihar__PGMAC Round 1 seat allotment.txt,1458,allotted
Bihar PGMAC,Bihar,2025,R1,NEET_AIR,95597.0,UR(DIPLOMA)-1686,K.M.C. KATIHAR,General,,DEGREE,Bihar__PGMAC Round 1 seat allotment.txt,1462,allotted
Bihar PGMAC,Bihar,2025,R1,NEET_AIR,95747.0,UR(DIPLOMA)-1688,KISHANGANJ,COMMUNITY MEDICINE,,DEGREE,Bihar__PGMAC Round 1 seat allotment.txt,1464,allotted
Bihar PGMAC,Bihar,2025,R1,NEET_AIR,96115.0,UR(DIPLOMA)-1695,MADHUBANI,Anaesthesiology,,DEGREE,Bihar__PGMAC Round 1 seat allotment.txt,1466,allotted
Bihar PGMAC,Bihar,2025,R1,NEET_AIR,96403.0,UR(DIPLOMA)-1698,COLLEGE & HOSPITAL,General,,DEGREE,Bihar__PGMAC Round 1 seat allotment.txt,1468,allotted
Bihar PGMAC,Bihar,2025,R1,NEET_AIR,96525.0,UR(DIPLOMA)-1700,K.M.C. KATIHAR,Pathology,,DEGREE,Bihar__PGMAC Round 1 seat allotment.txt,1470,allotted
Bihar PGMAC,Bihar,2025,R1,NEET_AIR,96665.0,RCG(DIPLOMA)- 339,J.L.N.M.C. BHAGALPUR,Microbiology,,DEGREE,Bihar__PGMAC Round 1 seat allotment.txt,1473,allotted
Bihar PGMAC,Bihar,2025,R1,NEET_AIR,96857.0,UR(DIPLOMA)-1705,"COLLEGE & HOSPITAL, SAHARSA",OBS & GYNAE,,DEGREE,Bihar__PGMAC Round 1 seat allotment.txt,1476,allotted
Bihar PGMAC,Bihar,2025,R1,NEET_AIR,97855.0,UR(DIPLOMA)-1714,"N.M.C &.H, SASARAM",Pathology,,DEGREE,Bihar__PGMAC Round 1 seat allotment.txt,1485,allotted
Bihar PGMAC,Bihar,2025,R1,NEET_AIR,98040.0,UR(DIPLOMA)-1716,MADHUBANI,Anaesthesiology,,DEGREE,Bihar__PGMAC Round 1 seat allotment.txt,1487,allotted
Bihar PGMAC,Bihar,2025,R1,NEET_AIR,98180.0,UR(DIPLOMA)-1719,COLLEGE & HOSPITAL,Pathology,,DEGREE,Bihar__PGMAC Round 1 seat allotment.txt,1492,allotted
Bihar PGMAC,Bihar,2025,R1,NEET_AIR,98903.0,UR(DIPLOMA)-1727,K.M.C. KATIHAR,General,,DEGREE,Bihar__PGMAC Round 1 seat allotment.txt,1494,allotted
Bihar PGMAC,Bihar,2025,R1,NEET_AIR,99033.0,RCG(DIPLOMA)- 341,"B.M.I.M.S,PAWAPURI, NALANDA",Microbiology,,DEGREE,Bihar__PGMAC Round 1 seat allotment.txt,1497,allotted
Bihar PGMAC,Bihar,2025,R1,NEET_AIR,99234.0,UR(DIPLOMA)-1731,KISHANGANJ,COMMUNITY MEDICINE,,DEGREE,Bihar__PGMAC Round 1 seat allotment.txt,1499,allotted
Bihar PGMAC,Bihar,2025,R1,NEET_AIR,99440.0,UR(DIPLOMA)-1736,"COLLEGE & HOSPITAL, SAHARSA",Radiodiagnosis,,DEGREE,Bihar__PGMAC Round 1 seat allotment.txt,1505,allotted
Bihar PGMAC,Bihar,2025,R1,NEET_AIR,100041.0,EWS(DIPLOMA)- 159,D.M.C.LAHERIASARAI,Pharmacology,,DEGREE,Bihar__PGMAC Round 1 seat allotment.txt,1508,allotted
Bihar PGMAC,Bihar,2025,R1,NEET_AIR,100050.0,UR(DIPLOMA)-1741,MADHUBANI,Pathology,,DEGREE,Bihar__PGMAC Round 1 seat allotment.txt,1510,allotted
Bihar PGMAC,Bihar,2025,R1,NEET_AIR,100194.0,EWS(DIPLOMA)- 160,"B.M.I.M.S,PAWAPURI, NALANDA",Biochemistry,,DEGREE,Bihar__PGMAC Round 1 seat allotment.txt,1512,allotted
Bihar PGMAC,Bihar,2025,R1,NEET_AIR,100325.0,UR(DIPLOMA)-1747,KISHANGANJ,Pathology,,DEGREE,Bihar__PGMAC Round 1 seat allotment.txt,1514,allotted
Bihar PGMAC,Bihar,2025,R1,NEET_AIR,100709.0,RCG(DIPLOMA)- 343,"G.M.C., BETTIAH",Biochemistry,,DEGREE,Bihar__PGMAC Round 1 seat allotment.txt,1518,allotted
Bihar PGMAC,Bihar,2025,R1,NEET_AIR,101056.0,UR(DIPLOMA)-1758,KISHANGANJ,Pathology,,DEGREE,Bihar__PGMAC Round 1 seat allotment.txt,1522,allotted
Bihar PGMAC,Bihar,2025,R1,NEET_AIR,101201.0,RCG(DIPLOMA)- 345,I.G.I.M.S. PATNA,Biochemistry,,DEGREE,Bihar__PGMAC Round 1 seat allotment.txt,1525,allotted
Bihar PGMAC,Bihar,2025,R1,NEET_AIR,101459.0,UR(DIPLOMA)-1765,K.M.C. KATIHAR,Orthopaedics,,DEGREE,Bihar__PGMAC Round 1 seat allotment.txt,1527,allotted
Bihar PGMAC,Bihar,2025,R1,NEET_AIR,101774.0,UR(DIPLOMA)-1769,"N.M.C &.H, SASARAM",DERMATOLOGY,,DEGREE,Bihar__PGMAC Round 1 seat allotment.txt,1531,allotted
Bihar PGMAC,Bihar,2025,R1,NEET_AIR,102484.0,UR(DIPLOMA)-1780,KISHANGANJ,General,,DEGREE,Bihar__PGMAC Round 1 seat allotment.txt,1539,allotted
Bihar PGMAC,Bihar,2025,R1,NEET_AIR,103609.0,UR(DIPLOMA)-1793,COLLEGE & HOSPITAL,Paediatrics,,DEGREE,Bihar__PGMAC Round 1 seat allotment.txt,1546,allotted
Bihar PGMAC,Bihar,2025,R1,NEET_AIR,104706.0,RCG(DIPLOMA)- 348,P.M.C.PATNA,Microbiology,,DEGREE,Bihar__PGMAC Round 1 seat allotment.txt,1551,allotted
Bihar PGMAC,Bihar,2025,R1,NEET_AIR,104991.0,UR(DIPLOMA)-1809,"COLLEGE & HOSPITAL, SAHARSA",Paediatrics,,DEGREE,Bihar__PGMAC Round 1 seat allotment.txt,1554,allotted
Bihar PGMAC,Bihar,2025,R1,NEET_AIR,105365.0,UR(DIPLOMA)-1813,COLLEGE & HOSPITAL,Microbiology,,DEGREE,Bihar__PGMAC Round 1 seat allotment.txt,1556,allotted
Bihar PGMAC,Bihar,2025,R1,NEET_AIR,106259.0,UR(DIPLOMA)-1816,K.M.C. KATIHAR,Pathology,,DEGREE,Bihar__PGMAC Round 1 seat allotment.txt,1558,allotted
Bihar PGMAC,Bihar,2025,R1,NEET_AIR,108118.0,UR(DIPLOMA)-1832,K.M.C. KATIHAR,OBS & GYNAE,,DEGREE,Bihar__PGMAC Round 1 seat allotment.txt,1560,allotted
Bihar PGMAC,Bihar,2025,R1,NEET_AIR,108328.0,BC(DIPLOMA)- 340,S.K.M.C. MUZAFFARPUR,Pharmacology,,DEGREE,Bihar__PGMAC Round 1 seat allotment.txt,1562,allotted
Bihar PGMAC,Bihar,2025,R1,NEET_AIR,108499.0,RCG(DIPLOMA)- 350,P.M.C.PATNA,Biochemistry,,DEGREE,Bihar__PGMAC Round 1 seat allotment.txt,1565,allotted
Bihar PGMAC,Bihar,2025,R1,NEET_AIR,109225.0,EBC(DIPLOMA)- 299,N.M.C. PATNA,Microbiology,,DEGREE,Bihar__PGMAC Round 1 seat allotment.txt,1567,allotted
Bihar PGMAC,Bihar,2025,R1,NEET_AIR,109434.0,UR(DIPLOMA)-1846,K.M.C. KATIHAR,COMMUNITY MEDICINE,,DEGREE,Bihar__PGMAC Round 1 seat allotment.txt,1569,allotted
Bihar PGMAC,Bihar,2025,R1,NEET_AIR,109574.0,UR(DIPLOMA)-1848,MADHUBANI,General,,DEGREE,Bihar__PGMAC Round 1 seat allotment.txt,1571,allotted
Bihar PGMAC,Bihar,2025,R1,NEET_AIR,111118.0,UR(DIPLOMA)-1857,MADHUBANI,Paediatrics,,DEGREE,Bihar__PGMAC Round 1 seat allotment.txt,1573,allotted
Bihar PGMAC,Bihar,2025,R1,NEET_AIR,111291.0,UR(DIPLOMA)-1865,MADHUBANI,DERMATOLOGY,,DEGREE,Bihar__PGMAC Round 1 seat allotment.txt,1575,allotted
Bihar PGMAC,Bihar,2025,R1,NEET_AIR,111317.0,UR(DIPLOMA)-1866,"N.M.C &.H, SASARAM",DERMATOLOGY,,DEGREE,Bihar__PGMAC Round 1 seat allotment.txt,1577,allotted
Bihar PGMAC,Bihar,2025,R1,NEET_AIR,111560.0,UR(DIPLOMA)-1870,K.M.C. KATIHAR,Orthopaedics,,DEGREE,Bihar__PGMAC Round 1 seat allotment.txt,1579,allotted
Bihar PGMAC,Bihar,2025,R1,NEET_AIR,111624.0,UR(DIPLOMA)-1871,"COLLEGE & HOSPITAL, SAHARSA",Pathology,,DEGREE,Bihar__PGMAC Round 1 seat allotment.txt,1582,allotted
Bihar PGMAC,Bihar,2025,R1,NEET_AIR,112400.0,UR(DIPLOMA)-1880,K.M.C. KATIHAR,Orthopaedics,,DEGREE,Bihar__PGMAC Round 1 seat allotment.txt,1584,allotted
Bihar PGMAC,Bihar,2025,R1,NEET_AIR,112827.0,EBC(DIPLOMA)- 302,D.M.C.LAHERIASARAI,Pharmacology,,DEGREE,Bihar__PGMAC Round 1 seat allotment.txt,1586,allotted
Bihar PGMAC,Bihar,2025,R1,NEET_AIR,113511.0,EWS(DIPLOMA)- 163,P.M.C.PATNA,Biochemistry,,DEGREE,Bihar__PGMAC Round 1 seat allotment.txt,1588,allotted
Bihar PGMAC,Bihar,2025,R1,NEET_AIR,114183.0,UR(DIPLOMA)-1893,"COLLEGE & HOSPITAL, SAHARSA",Pathology,,DEGREE,Bihar__PGMAC Round 1 seat allotment.txt,1591,allotted
Bihar PGMAC,Bihar,2025,R1,NEET_AIR,114308.0,UR(DIPLOMA)-1894,"N.M.C &.H, SASARAM",Pathology,,DEGREE,Bihar__PGMAC Round 1 seat allotment.txt,1593,allotted
Bihar PGMAC,Bihar,2025,R1,NEET_AIR,114315.0,EBC(DIPLOMA)- 303,J.L.N.M.C. BHAGALPUR,Pharmacology,,DEGREE,Bihar__PGMAC Round 1 seat allotment.txt,1595,allotted
Bihar PGMAC,Bihar,2025,R1,NEET_AIR,114461.0,UR(DIPLOMA)-1897,K.M.C. KATIHAR,OBS & GYNAE,,DEGREE,Bihar__PGMAC Round 1 seat allotment.txt,1597,allotted
Bihar PGMAC,Bihar,2025,R1,NEET_AIR,115086.0,UR(DIPLOMA)-1900,"N.M.C &.H, SASARAM",Paediatrics,,DEGREE,Bihar__PGMAC Round 1 seat allotment.txt,1599,allotted
Bihar PGMAC,Bihar,2025,R1,NEET_AIR,117791.0,SC(DIPLOMA)- 112,I.G.I.M.S. PATNA,Biochemistry,,DEGREE,Bihar__PGMAC Round 1 seat allotment.txt,1601,allotted
Bihar PGMAC,Bihar,2025,R1,NEET_AIR,120809.0,RCG(DIPLOMA)- 355,N.M.C. PATNA,Microbiology,,DEGREE,Bihar__PGMAC Round 1 seat allotment.txt,1607,allotted
Bihar PGMAC,Bihar,2025,R1,NEET_AIR,122111.0,RCG(DIPLOMA)- 356,S.K.M.C. MUZAFFARPUR,Pathology,,DEGREE,Bihar__PGMAC Round 1 seat allotment.txt,1609,allotted
Bihar PGMAC,Bihar,2025,R1,NEET_AIR,122574.0,UR(DIPLOMA)-1926,COLLEGE & HOSPITAL,OPHTHALMOLOGY,,DEGREE,Bihar__PGMAC Round 1 seat allotment.txt,1611,allotted
Bihar PGMAC,Bihar,2025,R1,NEET_AIR,123020.0,BC(DIPLOMA)- 349,K.M.C. KATIHAR,Orthopaedics,,DEGREE,Bihar__PGMAC Round 1 seat allotment.txt,1613,allotted
Bihar PGMAC,Bihar,2025,R1,NEET_AIR,123778.0,EBC(DIPLOMA)- 311,K.M.C. KATIHAR,Orthopaedics,,DEGREE,Bihar__PGMAC Round 1 seat allotment.txt,1615,allotted
Bihar PGMAC,Bihar,2025,R1,NEET_AIR,124209.0,EBC(DIPLOMA)- 312,"N.M.C &.H, SASARAM",Pathology,,DEGREE,Bihar__PGMAC Round 1 seat allotment.txt,1620,allotted
Bihar PGMAC,Bihar,2025,R1,NEET_AIR,124953.0,BC(DIPLOMA)- 351,N.M.C. PATNA,Anatomy,,DEGREE,Bihar__PGMAC Round 1 seat allotment.txt,1622,allotted
Bihar PGMAC,Bihar,2025,R1,NEET_AIR,125744.0,UR(DIPLOMA)-1941,MADHUBANI,Pathology,,DEGREE,Bihar__PGMAC Round 1 seat allotment.txt,1627,allotted
Bihar PGMAC,Bihar,2025,R1,NEET_AIR,128130.0,UR(DIPLOMA)-1947,KISHANGANJ,General,,DEGREE,Bihar__PGMAC Round 1 seat allotment.txt,1629,allotted
Bihar PGMAC,Bihar,2025,R1,NEET_AIR,129128.0,UR(DIPLOMA)-1954,"COLLEGE & HOSPITAL, SAHARSA",OBS & GYNAE,,DEGREE,Bihar__PGMAC Round 1 seat allotment.txt,1636,allotted
Bihar PGMAC,Bihar,2025,R1,NEET_AIR,129860.0,UR(DIPLOMA)-1957,"COLLEGE & HOSPITAL, SAHARSA",Orthopaedics,,DEGREE,Bihar__PGMAC Round 1 seat allotment.txt,1639,allotted
Bihar PGMAC,Bihar,2025,R1,NEET_AIR,135346.0,RCG(DIPLOMA)- 361,I.G.I.M.S. PATNA,Microbiology,,DEGREE,Bihar__PGMAC Round 1 seat allotment.txt,1646,allotted
Bihar PGMAC,Bihar,2025,R1,NEET_AIR,137567.0,RCG(DIPLOMA)- 363,J.L.N.M.C. BHAGALPUR,F.M.T.,,DEGREE,Bihar__PGMAC Round 1 seat allotment.txt,1653,allotted
