counselling,state,year,round,rank_type,rank_value,college,course,category,quota,seat_type,source_file,source_line,status
MP,Madhya Pradesh,2025,R1,NEET_AIR,13865.0,COLLEGE JABALPUR,MD GENERAL MEDICINE,INST/UR/X/OP,,,MP__MP Round 1 Allotment.txt,8,
MP,Madhya Pradesh,2025,R1,NEET_AIR,19786.0,COLLEGE INDORE,MD AND LEPROSY,INST/UR/X/OP,,,MP__MP Round 1 Allotment.txt,10,
MP,Madhya Pradesh,2025,R1,NEET_AIR,20127.0,COLLEGE INDORE,MD RADIODIAGNOSIS,INST/UR/X/OP,,,MP__MP Round 1 Allotment.txt,12,
MP,Madhya Pradesh,2025,R1,NEET_AIR,486.0,COLLEGE INDORE,MD GENERAL MEDICINE,INST/UR/X/OP,,,MP__MP Round 1 Allotment.txt,14,
MP,Madhya Pradesh,2025,R1,NEET_AIR,576.0,COLLEGE INDORE,MD GENERAL MEDICINE,INST/UR/X/OP,,,MP__MP Round 1 Allotment.txt,16,
MP,Madhya Pradesh,2025,R1,NEET_AIR,604.0,COLLEGE INDORE,MD GENERAL MEDICINE,INST/UR/X/OP,,,MP__MP Round 1 Allotment.txt,18,
MP,Madhya Pradesh,2025,R1,NEET_AIR,754.0,GAJRA RAJA MEDICAL COLLEGE GWALIOR,MD RADIODIAGNOSIS,INST/UR/X/OP,,,MP__MP Round 1 Allotment.txt,19,
MP,Madhya Pradesh,2025,R1,NEET_AIR,830.0,COLLEGE INDORE,MD RADIODIAGNOSIS,INST/UR/X/OP,,,MP__MP Round 1 Allotment.txt,21,
MP,Madhya Pradesh,2025,R1,NEET_AIR,29581.0,COLLEGE INDORE,MS OBSTETRICS AND GYNAECOLOGY Clinical,,,,MP__MP Round 1 Allotment.txt,23,
MP,Madhya Pradesh,2025,R1,NEET_AIR,950.0,COLLEGE INDORE,MD GENERAL MEDICINE,INST/UR/X/OP,,,MP__MP Round 1 Allotment.txt,25,
MP,Madhya Pradesh,2025,R1,NEET_AIR,30216.0,COLLEGE JABALPUR,MD GENERAL MEDICINE,INST/UR/X/OP,,,MP__MP Round 1 Allotment.txt,27,
MP,Madhya Pradesh,2025,R1,NEET_AIR,1092.0,COLLEGE INDORE,MD GENERAL MEDICINE,INST/UR/X/OP,,,MP__MP Round 1 Allotment.txt,29,
MP,Madhya Pradesh,2025,R1,NEET_AIR,31090.0,GAJRA RAJA MEDICAL COLLEGE GWALIOR,MD RADIODIAGNOSIS,INST/UR/X/OP,,,MP__MP Round 1 Allotment.txt,30,
MP,Madhya Pradesh,2025,R1,NEET_AIR,31178.0,COLLEGE INDORE,MD GENERAL MEDICINE,IN_UR/X/OP,,,MP__MP Round 1 Allotment.txt,32,
MP,Madhya Pradesh,2025,R1,NEET_AIR,1236.0,GANDHI MEDICAL COLLEGE BHOPAL,MD RADIODIAGNOSIS,INST/UR/X/OP,,,MP__MP Round 1 Allotment.txt,33,
MP,Madhya Pradesh,2025,R1,NEET_AIR,1249.0,GAJRA RAJA MEDICAL COLLEGE GWALIOR,MD GENERAL MEDICINE,INST/UR/X/OP,,,MP__MP Round 1 Allotment.txt,34,
MP,Madhya Pradesh,2025,R1,NEET_AIR,1286.0,GOVERMENT MEDICAL COLLEGE RATLAM,MD AND LEPROSY,INST/UR/X/OP,,,MP__MP Round 1 Allotment.txt,36,
MP,Madhya Pradesh,2025,R1,NEET_AIR,1320.0,GANDHI MEDICAL COLLEGE BHOPAL,MD RADIODIAGNOSIS,INST/UR/X/OP,,,MP__MP Round 1 Allotment.txt,37,
MP,Madhya Pradesh,2025,R1,NEET_AIR,1325.0,GANDHI MEDICAL COLLEGE BHOPAL,MD GENERAL MEDICINE,INST/UR/X/OP,,,MP__MP Round 1 Allotment.txt,38,
MP,Madhya Pradesh,2025,R1,NEET_AIR,1327.0,COLLEGE JABALPUR,MD RADIODIAGNOSIS,INST/UR/X/OP,,,MP__MP Round 1 Allotment.txt,40,
MP,Madhya Pradesh,2025,R1,NEET_AIR,1343.0,COLLEGE JABALPUR,MD RADIODIAGNOSIS,INST/UR/X/OP,,,MP__MP Round 1 Allotment.txt,42,
MP,Madhya Pradesh,2025,R1,NEET_AIR,1346.0,GAJRA RAJA MEDICAL COLLEGE GWALIOR,MD RADIODIAGNOSIS,OBC,,,MP__MP Round 1 Allotment.txt,43,
MP,Madhya Pradesh,2025,R1,NEET_AIR,31927.0,GANDHI MEDICAL COLLEGE BHOPAL,MD RADIODIAGNOSIS,IN_UR/X/OP,,,MP__MP Round 1 Allotment.txt,44,
MP,Madhya Pradesh,2025,R1,NEET_AIR,1357.0,SHYAM SHAH MEDICAL COLLEGE REWA,MD RADIODIAGNOSIS,INST/UR/X/OP,,,MP__MP Round 1 Allotment.txt,45,
MP,Madhya Pradesh,2025,R1,NEET_AIR,1361.0,GANDHI MEDICAL COLLEGE BHOPAL,MD GENERAL MEDICINE,INST/UR/X/OP,,,MP__MP Round 1 Allotment.txt,46,
MP,Madhya Pradesh,2025,R1,NEET_AIR,1613.0,GANDHI MEDICAL COLLEGE BHOPAL,MD GENERAL MEDICINE,INST/UR/X/OP,,,MP__MP Round 1 Allotment.txt,47,
MP,Madhya Pradesh,2025,R1,NEET_AIR,1614.0,NOT ALLOTTED,NOT ALLOTTED NOT ALLOTTED,NOT ALLOTTED,,,MP__MP Round 1 Allotment.txt,48,
MP,Madhya Pradesh,2025,R1,NEET_AIR,1640.0,COLLEGE JABALPUR,MD GENERAL MEDICINE,INST/UR/X/OP,,,MP__MP Round 1 Allotment.txt,50,
MP,Madhya Pradesh,2025,R1,NEET_AIR,1706.0,GAJRA RAJA MEDICAL COLLEGE GWALIOR,MD GENERAL MEDICINE,INST/UR/X/OP,,,MP__MP Round 1 Allotment.txt,51,
MP,Madhya Pradesh,2025,R1,NEET_AIR,1718.0,SHYAM SHAH MEDICAL COLLEGE REWA,MD RADIODIAGNOSIS,OBC,,,MP__MP Round 1 Allotment.txt,52,
MP,Madhya Pradesh,2025,R1,NEET_AIR,1731.0,NOT ALLOTTED,NOT ALLOTTED NOT ALLOTTED,NOT ALLOTTED,,,MP__MP Round 1 Allotment.txt,53,
MP,Madhya Pradesh,2025,R1,NEET_AIR,1749.0,NOT ALLOTTED,NOT ALLOTTED NOT ALLOTTED,NOT ALLOTTED,,,MP__MP Round 1 Allotment.txt,54,
MP,Madhya Pradesh,2025,R1,NEET_AIR,33216.0,COLLEGE INDORE,MD RADIODIAGNOSIS,IN_UR/X/OP,,,MP__MP Round 1 Allotment.txt,56,
MP,Madhya Pradesh,2025,R1,NEET_AIR,1792.0,COLLEGE INDORE,MD RADIODIAGNOSIS,OBC,,,MP__MP Round 1 Allotment.txt,58,
MP,Madhya Pradesh,2025,R1,NEET_AIR,1823.0,NOT ALLOTTED,NOT ALLOTTED NOT ALLOTTED,NOT ALLOTTED,,,MP__MP Round 1 Allotment.txt,59,
MP,Madhya Pradesh,2025,R1,NEET_AIR,1834.0,GAJRA RAJA MEDICAL COLLEGE GWALIOR,MD GENERAL MEDICINE,INST/UR/X/OP,,,MP__MP Round 1 Allotment.txt,60,
MP,Madhya Pradesh,2025,R1,NEET_AIR,2046.0,SHYAM SHAH MEDICAL COLLEGE REWA,MD GENERAL MEDICINE,INST/UR/X/OP,,,MP__MP Round 1 Allotment.txt,61,
MP,Madhya Pradesh,2025,R1,NEET_AIR,2123.0,COLLEGE INDORE,MD GENERAL MEDICINE,OBC,,,MP__MP Round 1 Allotment.txt,63,
MP,Madhya Pradesh,2025,R1,NEET_AIR,2153.0,NOT ALLOTTED,NOT ALLOTTED NOT ALLOTTED NOT ALLOTTED NOT ALLOTTED,,,,MP__MP Round 1 Allotment.txt,64,
MP,Madhya Pradesh,2025,R1,NEET_AIR,2155.0,COLLEGE JABALPUR,MD GENERAL MEDICINE,OBC,,,MP__MP Round 1 Allotment.txt,66,
MP,Madhya Pradesh,2025,R1,NEET_AIR,2177.0,GANDHI MEDICAL COLLEGE BHOPAL,MD GENERAL MEDICINE,OBC,,,MP__MP Round 1 Allotment.txt,67,
MP,Madhya Pradesh,2025,R1,NEET_AIR,10416.0,SHYAM SHAH MEDICAL COLLEGE REWA,MD GENERAL MEDICINE,INST/UR/X/OP,,,MP__MP Round 1 Allotment.txt,68,
MP,Madhya Pradesh,2025,R1,NEET_AIR,2222.0,SHYAM SHAH MEDICAL COLLEGE REWA,MD GENERAL MEDICINE,INST/UR/X/OP,,,MP__MP Round 1 Allotment.txt,69,
MP,Madhya Pradesh,2025,R1,NEET_AIR,2232.0,BUNDELKHAND MEDICAL COLLEGE SAGAR,MD GENERAL MEDICINE,INST/UR/X/OP,,,MP__MP Round 1 Allotment.txt,70,
MP,Madhya Pradesh,2025,R1,NEET_AIR,2249.0,COLLEGE INDORE,MD PAEDIATRICS,INST/UR/X/OP,,,MP__MP Round 1 Allotment.txt,72,
MP,Madhya Pradesh,2025,R1,NEET_AIR,2269.0,GOVERMENT MEDICAL COLLEGE RATLAM,MD GENERAL MEDICINE,INST/UR/X/OP,,,MP__MP Round 1 Allotment.txt,73,
MP,Madhya Pradesh,2025,R1,NEET_AIR,2375.0,NOT ALLOTTED,NOT ALLOTTED NOT ALLOTTED,NOT ALLOTTED,,,MP__MP Round 1 Allotment.txt,74,
MP,Madhya Pradesh,2025,R1,NEET_AIR,2396.0,NOT ALLOTTED,NOT ALLOTTED NOT ALLOTTED,NOT ALLOTTED,,,MP__MP Round 1 Allotment.txt,75,
MP,Madhya Pradesh,2025,R1,NEET_AIR,2419.0,COLLEGE INDORE,MD PAEDIATRICS,INST/UR/X/OP,,,MP__MP Round 1 Allotment.txt,77,
MP,Madhya Pradesh,2025,R1,NEET_AIR,2544.0,NOT ALLOTTED,NOT ALLOTTED NOT ALLOTTED,NOT ALLOTTED,,,MP__MP Round 1 Allotment.txt,78,
MP,Madhya Pradesh,2025,R1,NEET_AIR,2551.0,GAJRA RAJA MEDICAL COLLEGE GWALIOR,MD GENERAL MEDICINE,OBC,,,MP__MP Round 1 Allotment.txt,79,
MP,Madhya Pradesh,2025,R1,NEET_AIR,2611.0,NOT ALLOTTED,NOT ALLOTTED NOT ALLOTTED,NOT ALLOTTED,,,MP__MP Round 1 Allotment.txt,80,
MP,Madhya Pradesh,2025,R1,NEET_AIR,2671.0,NOT ALLOTTED,NOT ALLOTTED NOT ALLOTTED,NOT ALLOTTED,,,MP__MP Round 1 Allotment.txt,81,
MP,Madhya Pradesh,2025,R1,NEET_AIR,2676.0,GANDHI MEDICAL COLLEGE BHOPAL,MD GENERAL MEDICINE,EWS,,,MP__MP Round 1 Allotment.txt,82,
MP,Madhya Pradesh,2025,R1,NEET_AIR,2699.0,NOT ALLOTTED,NOT ALLOTTED NOT ALLOTTED,NOT ALLOTTED,,,MP__MP Round 1 Allotment.txt,83,
MP,Madhya Pradesh,2025,R1,NEET_AIR,2769.0,NOT ALLOTTED,NOT ALLOTTED NOT ALLOTTED,NOT ALLOTTED,,,MP__MP Round 1 Allotment.txt,84,
MP,Madhya Pradesh,2025,R1,NEET_AIR,2822.0,COLLEGE INDORE,MD RADIODIAGNOSIS,EWS,,,MP__MP Round 1 Allotment.txt,86,
MP,Madhya Pradesh,2025,R1,NEET_AIR,2831.0,COLLEGE JABALPUR,MD RADIODIAGNOSIS,EWS,,,MP__MP Round 1 Allotment.txt,88,
MP,Madhya Pradesh,2025,R1,NEET_AIR,2841.0,NOT ALLOTTED,NOT ALLOTTED NOT ALLOTTED,NOT ALLOTTED,,,MP__MP Round 1 Allotment.txt,89,
MP,Madhya Pradesh,2025,R1,NEET_AIR,11821.0,SHYAM SHAH MEDICAL COLLEGE REWA,MD GENERAL MEDICINE,OBC,,,MP__MP Round 1 Allotment.txt,90,
MP,Madhya Pradesh,2025,R1,NEET_AIR,2910.0,NOT ALLOTTED,NOT ALLOTTED NOT ALLOTTED,NOT ALLOTTED,,,MP__MP Round 1 Allotment.txt,91,
MP,Madhya Pradesh,2025,R1,NEET_AIR,2933.0,GAJRA RAJA MEDICAL COLLEGE GWALIOR,MD GENERAL MEDICINE,EWS,,,MP__MP Round 1 Allotment.txt,92,
MP,Madhya Pradesh,2025,R1,NEET_AIR,2947.0,COLLEGE VIDISHA,MD GENERAL MEDICINE,INST/UR/X/OP,,,MP__MP Round 1 Allotment.txt,94,
MP,Madhya Pradesh,2025,R1,NEET_AIR,3005.0,NOT ALLOTTED,NOT ALLOTTED NOT ALLOTTED NOT ALLOTTED NOT ALLOTTED,,,,MP__MP Round 1 Allotment.txt,95,
MP,Madhya Pradesh,2025,R1,NEET_AIR,3026.0,COLLEGE INDORE,MS OBSTETRICS AND GYNAECOLOGY Clinical,,,,MP__MP Round 1 Allotment.txt,97,
MP,Madhya Pradesh,2025,R1,NEET_AIR,3062.0,NOT ALLOTTED,NOT ALLOTTED NOT ALLOTTED NOT ALLOTTED NOT ALLOTTED,,,,MP__MP Round 1 Allotment.txt,98,
MP,Madhya Pradesh,2025,R1,NEET_AIR,3311.0,SHYAM SHAH MEDICAL COLLEGE REWA,MD GENERAL MEDICINE,EWS,,,MP__MP Round 1 Allotment.txt,99,
MP,Madhya Pradesh,2025,R1,NEET_AIR,3350.0,COLLEGE INDORE,MD PAEDIATRICS,INST/UR/X/OP,,,MP__MP Round 1 Allotment.txt,101,
MP,Madhya Pradesh,2025,R1,NEET_AIR,3351.0,NOT ALLOTTED,NOT ALLOTTED NOT ALLOTTED,NOT ALLOTTED,,,MP__MP Round 1 Allotment.txt,102,
MP,Madhya Pradesh,2025,R1,NEET_AIR,3376.0,NOT ALLOTTED,NOT ALLOTTED NOT ALLOTTED,NOT ALLOTTED,,,MP__MP Round 1 Allotment.txt,103,
MP,Madhya Pradesh,2025,R1,NEET_AIR,3397.0,NOT ALLOTTED,NOT ALLOTTED NOT ALLOTTED,NOT ALLOTTED,,,MP__MP Round 1 Allotment.txt,104,
MP,Madhya Pradesh,2025,R1,NEET_AIR,3404.0,COLLEGE INDORE,MS OBSTETRICS AND GYNAECOLOGY,INST/UR/X/OP,,,MP__MP Round 1 Allotment.txt,106,
MP,Madhya Pradesh,2025,R1,NEET_AIR,3427.0,NOT ALLOTTED,NOT ALLOTTED NOT ALLOTTED,NOT ALLOTTED,,,MP__MP Round 1 Allotment.txt,107,
MP,Madhya Pradesh,2025,R1,NEET_AIR,3482.0,GOVERMENT MEDICAL COLLEGE RATLAM,MD GENERAL MEDICINE,OBC,,,MP__MP Round 1 Allotment.txt,108,
MP,Madhya Pradesh,2025,R1,NEET_AIR,3515.0,NOT ALLOTTED,NOT ALLOTTED NOT ALLOTTED,NOT ALLOTTED,,,MP__MP Round 1 Allotment.txt,109,
MP,Madhya Pradesh,2025,R1,NEET_AIR,3605.0,GANDHI MEDICAL COLLEGE BHOPAL,MD PAEDIATRICS,INST/UR/X/OP,,,MP__MP Round 1 Allotment.txt,110,
MP,Madhya Pradesh,2025,R1,NEET_AIR,3619.0,NOT ALLOTTED,NOT ALLOTTED NOT ALLOTTED,NOT ALLOTTED,,,MP__MP Round 1 Allotment.txt,111,
MP,Madhya Pradesh,2025,R1,NEET_AIR,3637.0,NOT ALLOTTED,NOT ALLOTTED NOT ALLOTTED,NOT ALLOTTED,,,MP__MP Round 1 Allotment.txt,112,
MP,Madhya Pradesh,2025,R1,NEET_AIR,3651.0,COLLEGE INDORE,MD PSYCHIATRY,INST/UR/X/OP,,,MP__MP Round 1 Allotment.txt,114,
MP,Madhya Pradesh,2025,R1,NEET_AIR,3682.0,COLLEGE INDORE,MS GENERAL SURGERY,INST/UR/X/OP,,,MP__MP Round 1 Allotment.txt,116,
MP,Madhya Pradesh,2025,R1,NEET_AIR,3689.0,GANDHI MEDICAL COLLEGE BHOPAL,MD PAEDIATRICS,INST/UR/X/OP,,,MP__MP Round 1 Allotment.txt,117,
MP,Madhya Pradesh,2025,R1,NEET_AIR,3755.0,NOT ALLOTTED,NOT ALLOTTED NOT ALLOTTED NOT ALLOTTED NOT ALLOTTED,,,,MP__MP Round 1 Allotment.txt,118,
MP,Madhya Pradesh,2025,R1,NEET_AIR,3773.0,COLLEGE INDORE,MD PAEDIATRICS,OBC,,,MP__MP Round 1 Allotment.txt,120,
MP,Madhya Pradesh,2025,R1,NEET_AIR,3794.0,NOT ALLOTTED,NOT ALLOTTED NOT ALLOTTED NOT ALLOTTED NOT ALLOTTED,,,,MP__MP Round 1 Allotment.txt,121,
MP,Madhya Pradesh,2025,R1,NEET_AIR,3808.0,INDORE,MD GENERAL MEDICINE,UR/X/OP,,,MP__MP Round 1 Allotment.txt,123,
MP,Madhya Pradesh,2025,R1,NEET_AIR,3840.0,GANDHI MEDICAL COLLEGE BHOPAL,MD PAEDIATRICS,INST/UR/X/OP,,,MP__MP Round 1 Allotment.txt,124,
MP,Madhya Pradesh,2025,R1,NEET_AIR,3944.0,COLLEGE INDORE,MD PAEDIATRICS,EWS,,,MP__MP Round 1 Allotment.txt,126,
MP,Madhya Pradesh,2025,R1,NEET_AIR,4097.0,NOT ALLOTTED,NOT ALLOTTED NOT ALLOTTED,NOT ALLOTTED,,,MP__MP Round 1 Allotment.txt,127,
MP,Madhya Pradesh,2025,R1,NEET_AIR,4153.0,NOT ALLOTTED,NOT ALLOTTED NOT ALLOTTED,NOT ALLOTTED,,,MP__MP Round 1 Allotment.txt,128,
MP,Madhya Pradesh,2025,R1,NEET_AIR,4170.0,NOT ALLOTTED,NOT ALLOTTED NOT ALLOTTED,NOT ALLOTTED,,,MP__MP Round 1 Allotment.txt,129,
MP,Madhya Pradesh,2025,R1,NEET_AIR,4176.0,GAJRA RAJA MEDICAL COLLEGE GWALIOR,MD PAEDIATRICS,INST/UR/X/OP,,,MP__MP Round 1 Allotment.txt,130,
MP,Madhya Pradesh,2025,R1,NEET_AIR,4192.0,NOT ALLOTTED,NOT ALLOTTED NOT ALLOTTED,NOT ALLOTTED,,,MP__MP Round 1 Allotment.txt,131,
MP,Madhya Pradesh,2025,R1,NEET_AIR,4200.0,GANDHI MEDICAL COLLEGE BHOPAL,MD PAEDIATRICS,INST/UR/X/OP,,,MP__MP Round 1 Allotment.txt,132,
MP,Madhya Pradesh,2025,R1,NEET_AIR,4235.0,NOT ALLOTTED,NOT ALLOTTED NOT ALLOTTED,NOT ALLOTTED,,,MP__MP Round 1 Allotment.txt,133,
MP,Madhya Pradesh,2025,R1,NEET_AIR,4271.0,NOT ALLOTTED,NOT ALLOTTED NOT ALLOTTED,NOT ALLOTTED,,,MP__MP Round 1 Allotment.txt,134,
MP,Madhya Pradesh,2025,R1,NEET_AIR,4302.0,COLLEGE JABALPUR,MS GENERAL SURGERY,INST/UR/X/OP,,,MP__MP Round 1 Allotment.txt,136,
MP,Madhya Pradesh,2025,R1,NEET_AIR,4307.0,COLLEGE JABALPUR,MD PAEDIATRICS,INST/UR/X/OP,,,MP__MP Round 1 Allotment.txt,138,
MP,Madhya Pradesh,2025,R1,NEET_AIR,4384.0,GAJRA RAJA MEDICAL COLLEGE GWALIOR,MS ORTHOPAEDICS,INST/UR/X/OP,,,MP__MP Round 1 Allotment.txt,139,
MP,Madhya Pradesh,2025,R1,NEET_AIR,4437.0,GAJRA RAJA MEDICAL COLLEGE GWALIOR,MS OBSTETRICS AND GYNAECOLOGY,INST/UR/X/OP,,,MP__MP Round 1 Allotment.txt,152,
MP,Madhya Pradesh,2025,R1,NEET_AIR,4482.0,NOT ALLOTTED,NOT ALLOTTED NOT ALLOTTED,NOT ALLOTTED,,,MP__MP Round 1 Allotment.txt,153,
MP,Madhya Pradesh,2025,R1,NEET_AIR,4490.0,NOT ALLOTTED,NOT ALLOTTED NOT ALLOTTED,NOT ALLOTTED,,,MP__MP Round 1 Allotment.txt,154,
MP,Madhya Pradesh,2025,R1,NEET_AIR,4502.0,SHYAM SHAH MEDICAL COLLEGE REWA,MD PAEDIATRICS,INST/UR/X/OP,,,MP__MP Round 1 Allotment.txt,155,
MP,Madhya Pradesh,2025,R1,NEET_AIR,4595.0,NOT ALLOTTED,NOT ALLOTTED NOT ALLOTTED,NOT ALLOTTED,,,MP__MP Round 1 Allotment.txt,156,
MP,Madhya Pradesh,2025,R1,NEET_AIR,4626.0,NOT ALLOTTED,NOT ALLOTTED NOT ALLOTTED,NOT ALLOTTED,,,MP__MP Round 1 Allotment.txt,157,
MP,Madhya Pradesh,2025,R1,NEET_AIR,4662.0,NOT ALLOTTED,NOT ALLOTTED NOT ALLOTTED,NOT ALLOTTED,,,MP__MP Round 1 Allotment.txt,158,
MP,Madhya Pradesh,2025,R1,NEET_AIR,4719.0,COLLEGE INDORE,MS OBSTETRICS AND GYNAECOLOGY Clinical,,,,MP__MP Round 1 Allotment.txt,160,
MP,Madhya Pradesh,2025,R1,NEET_AIR,4757.0,NOT ALLOTTED,NOT ALLOTTED NOT ALLOTTED NOT ALLOTTED NOT ALLOTTED,,,,MP__MP Round 1 Allotment.txt,161,
MP,Madhya Pradesh,2025,R1,NEET_AIR,4779.0,NOT ALLOTTED,NOT ALLOTTED NOT ALLOTTED NOT ALLOTTED NOT ALLOTTED,,,,MP__MP Round 1 Allotment.txt,162,
MP,Madhya Pradesh,2025,R1,NEET_AIR,4786.0,COLLEGE INDORE,MD RESPIRATORY MEDICINE,INST/UR/X/OP,,,MP__MP Round 1 Allotment.txt,164,
MP,Madhya Pradesh,2025,R1,NEET_AIR,4821.0,NOT ALLOTTED,NOT ALLOTTED NOT ALLOTTED NOT ALLOTTED NOT ALLOTTED,,,,MP__MP Round 1 Allotment.txt,165,
MP,Madhya Pradesh,2025,R1,NEET_AIR,5010.0,COLLEGE JABALPUR,MS OBSTETRICS AND GYNAECOLOGY,INST/UR/X/OP,,,MP__MP Round 1 Allotment.txt,167,
MP,Madhya Pradesh,2025,R1,NEET_AIR,5017.0,NOT ALLOTTED,NOT ALLOTTED NOT ALLOTTED,NOT ALLOTTED,,,MP__MP Round 1 Allotment.txt,168,
MP,Madhya Pradesh,2025,R1,NEET_AIR,41831.0,GANDHI MEDICAL COLLEGE BHOPAL,MD GENERAL MEDICINE,IN_UR/X/OP,,,MP__MP Round 1 Allotment.txt,169,
MP,Madhya Pradesh,2025,R1,NEET_AIR,5096.0,NOT ALLOTTED,NOT ALLOTTED NOT ALLOTTED,NOT ALLOTTED,,,MP__MP Round 1 Allotment.txt,170,
MP,Madhya Pradesh,2025,R1,NEET_AIR,5168.0,GANDHI MEDICAL COLLEGE BHOPAL,MD PAEDIATRICS,OBC,,,MP__MP Round 1 Allotment.txt,171,
MP,Madhya Pradesh,2025,R1,NEET_AIR,5202.0,RD GARDI MEDICAL COLLEGE UJJAIN,MD RADIODIAGNOSIS,UR/X/OP,,,MP__MP Round 1 Allotment.txt,172,
MP,Madhya Pradesh,2025,R1,NEET_AIR,5209.0,NOT ALLOTTED,NOT ALLOTTED NOT ALLOTTED,NOT ALLOTTED,,,MP__MP Round 1 Allotment.txt,173,
MP,Madhya Pradesh,2025,R1,NEET_AIR,5282.0,GAJRA RAJA MEDICAL COLLEGE GWALIOR,MS OBSTETRICS AND GYNAECOLOGY Clinical,,,,MP__MP Round 1 Allotment.txt,175,
MP,Madhya Pradesh,2025,R1,NEET_AIR,5338.0,GANDHI MEDICAL COLLEGE BHOPAL,MS OBSTETRICS AND GYNAECOLOGY Clinical,,,,MP__MP Round 1 Allotment.txt,178,
MP,Madhya Pradesh,2025,R1,NEET_AIR,5480.0,COLLEGE JABALPUR,MD PAEDIATRICS,OBC,,,MP__MP Round 1 Allotment.txt,182,
MP,Madhya Pradesh,2025,R1,NEET_AIR,5501.0,COLLEGE INDORE,MS OBSTETRICS AND GYNAECOLOGY Clinical,,,,MP__MP Round 1 Allotment.txt,185,
MP,Madhya Pradesh,2025,R1,NEET_AIR,5514.0,COLLEGE INDORE,MS ORTHOPAEDICS,INST/UR/X/OP,,,MP__MP Round 1 Allotment.txt,187,
MP,Madhya Pradesh,2025,R1,NEET_AIR,5627.0,GANDHI MEDICAL COLLEGE BHOPAL,MS OBSTETRICS AND GYNAECOLOGY Clinical,,,,MP__MP Round 1 Allotment.txt,189,
MP,Madhya Pradesh,2025,R1,NEET_AIR,5719.0,GANDHI MEDICAL COLLEGE BHOPAL,MS OBSTETRICS AND GYNAECOLOGY Clinical,,,,MP__MP Round 1 Allotment.txt,192,
MP,Madhya Pradesh,2025,R1,NEET_AIR,5797.0,INDORE,MD RADIODIAGNOSIS,UR/X/OP,,,MP__MP Round 1 Allotment.txt,194,
MP,Madhya Pradesh,2025,R1,NEET_AIR,5801.0,GANDHI MEDICAL COLLEGE BHOPAL,MS OBSTETRICS AND GYNAECOLOGY,OBC,,,MP__MP Round 1 Allotment.txt,196,
MP,Madhya Pradesh,2025,R1,NEET_AIR,5896.0,NOT ALLOTTED,NOT ALLOTTED NOT ALLOTTED,NOT ALLOTTED,,,MP__MP Round 1 Allotment.txt,197,
MP,Madhya Pradesh,2025,R1,NEET_AIR,5913.0,NOT ALLOTTED,NOT ALLOTTED NOT ALLOTTED,NOT ALLOTTED,,,MP__MP Round 1 Allotment.txt,198,
MP,Madhya Pradesh,2025,R1,NEET_AIR,6005.0,GOVERNMENT MEDICAL COLLEGE DATIA,MD PAEDIATRICS,INST/UR/X/OP,,,MP__MP Round 1 Allotment.txt,199,
MP,Madhya Pradesh,2025,R1,NEET_AIR,6178.0,COLLEGE JABALPUR,MS OBSTETRICS AND GYNAECOLOGY Clinical,,,,MP__MP Round 1 Allotment.txt,201,
MP,Madhya Pradesh,2025,R1,NEET_AIR,6192.0,COLLEGE JABALPUR,MS OBSTETRICS AND GYNAECOLOGY Clinical,,,,MP__MP Round 1 Allotment.txt,203,
MP,Madhya Pradesh,2025,R1,NEET_AIR,6196.0,SHYAM SHAH MEDICAL COLLEGE REWA,MS OBSTETRICS AND GYNAECOLOGY Clinical,,,,MP__MP Round 1 Allotment.txt,205,
MP,Madhya Pradesh,2025,R1,NEET_AIR,6223.0,COLLEGE INDORE,MS GENERAL SURGERY,INST/UR/X/OP,,,MP__MP Round 1 Allotment.txt,207,
MP,Madhya Pradesh,2025,R1,NEET_AIR,6234.0,BUNDELKHAND MEDICAL COLLEGE SAGAR,MS OBSTETRICS AND GYNAECOLOGY,INST/UR/X/OP,,,MP__MP Round 1 Allotment.txt,210,
MP,Madhya Pradesh,2025,R1,NEET_AIR,6248.0,GANDHI MEDICAL COLLEGE BHOPAL,MD PAEDIATRICS,EWS,,,MP__MP Round 1 Allotment.txt,211,
MP,Madhya Pradesh,2025,R1,NEET_AIR,6274.0,GAJRA RAJA MEDICAL COLLEGE GWALIOR,MD PAEDIATRICS,EWS,,,MP__MP Round 1 Allotment.txt,212,
MP,Madhya Pradesh,2025,R1,NEET_AIR,6275.0,GOVERNMENT MEDICAL COLLEGE DATIA,MD GENERAL MEDICINE,OBC,,,MP__MP Round 1 Allotment.txt,213,
MP,Madhya Pradesh,2025,R1,NEET_AIR,30795.0,MEDICAL COLLEGE KHANDWA,MD PAEDIATRICS,INST/UR/X/OP,,,MP__MP Round 1 Allotment.txt,215,
MP,Madhya Pradesh,2025,R1,NEET_AIR,6325.0,GOVERMENT MEDICAL COLLEGE RATLAM,MS OBSTETRICS AND GYNAECOLOGY Clinical,,,,MP__MP Round 1 Allotment.txt,218,
MP,Madhya Pradesh,2025,R1,NEET_AIR,6372.0,COLLEGE VIDISHA,MS OBSTETRICS AND GYNAECOLOGY Clinical,,,,MP__MP Round 1 Allotment.txt,220,
MP,Madhya Pradesh,2025,R1,NEET_AIR,6424.0,COLLEGE INDORE,MS GENERAL SURGERY,INST/UR/X/OP,,,MP__MP Round 1 Allotment.txt,222,
MP,Madhya Pradesh,2025,R1,NEET_AIR,6443.0,NOT ALLOTTED,NOT ALLOTTED NOT ALLOTTED NOT ALLOTTED NOT ALLOTTED,,,,MP__MP Round 1 Allotment.txt,223,
MP,Madhya Pradesh,2025,R1,NEET_AIR,6496.0,NOT ALLOTTED,NOT ALLOTTED NOT ALLOTTED NOT ALLOTTED NOT ALLOTTED,,,,MP__MP Round 1 Allotment.txt,224,
MP,Madhya Pradesh,2025,R1,NEET_AIR,6533.0,RD GARDI MEDICAL COLLEGE UJJAIN,MD RADIODIAGNOSIS,OBC,,,MP__MP Round 1 Allotment.txt,225,
MP,Madhya Pradesh,2025,R1,NEET_AIR,6634.0,GOVERNMENT MEDICAL COLLEGE DATIA,MS OBSTETRICS AND GYNAECOLOGY Clinical,,,,MP__MP Round 1 Allotment.txt,227,
MP,Madhya Pradesh,2025,R1,NEET_AIR,6668.0,GANDHI MEDICAL COLLEGE BHOPAL,MS OBSTETRICS AND GYNAECOLOGY,EWS,,,MP__MP Round 1 Allotment.txt,230,
MP,Madhya Pradesh,2025,R1,NEET_AIR,6675.0,NOT ALLOTTED,NOT ALLOTTED NOT ALLOTTED,NOT ALLOTTED,,,MP__MP Round 1 Allotment.txt,231,
MP,Madhya Pradesh,2025,R1,NEET_AIR,6820.0,NOT ALLOTTED,NOT ALLOTTED NOT ALLOTTED,NOT ALLOTTED,,,MP__MP Round 1 Allotment.txt,232,
MP,Madhya Pradesh,2025,R1,NEET_AIR,6821.0,NOT ALLOTTED,NOT ALLOTTED NOT ALLOTTED,NOT ALLOTTED,,,MP__MP Round 1 Allotment.txt,233,
MP,Madhya Pradesh,2025,R1,NEET_AIR,6826.0,INDORE,MD RADIODIAGNOSIS,UR/X/OP,,,MP__MP Round 1 Allotment.txt,235,
MP,Madhya Pradesh,2025,R1,NEET_AIR,6936.0,NOT ALLOTTED,NOT ALLOTTED NOT ALLOTTED,NOT ALLOTTED,,,MP__MP Round 1 Allotment.txt,236,
MP,Madhya Pradesh,2025,R1,NEET_AIR,6960.0,GOVERMENT MEDICAL COLLEGE RATLAM,MD PAEDIATRICS,OBC,,,MP__MP Round 1 Allotment.txt,237,
MP,Madhya Pradesh,2025,R1,NEET_AIR,6984.0,NOT ALLOTTED,NOT ALLOTTED NOT ALLOTTED,NOT ALLOTTED,,,MP__MP Round 1 Allotment.txt,238,
MP,Madhya Pradesh,2025,R1,NEET_AIR,7004.0,COLLEGE JABALPUR,MS OBSTETRICS AND GYNAECOLOGY Clinical,,,,MP__MP Round 1 Allotment.txt,240,
MP,Madhya Pradesh,2025,R1,NEET_AIR,7016.0,COLLEGE JABALPUR,MS GENERAL SURGERY,INST/UR/X/OP,,,MP__MP Round 1 Allotment.txt,242,
MP,Madhya Pradesh,2025,R1,NEET_AIR,7022.0,NOT ALLOTTED,NOT ALLOTTED NOT ALLOTTED NOT ALLOTTED NOT ALLOTTED,,,,MP__MP Round 1 Allotment.txt,243,
MP,Madhya Pradesh,2025,R1,NEET_AIR,7039.0,NOT ALLOTTED,NOT ALLOTTED NOT ALLOTTED NOT ALLOTTED NOT ALLOTTED,,,,MP__MP Round 1 Allotment.txt,244,
MP,Madhya Pradesh,2025,R1,NEET_AIR,7046.0,GANDHI MEDICAL COLLEGE BHOPAL,MD AND LEPROSY,SC,,,MP__MP Round 1 Allotment.txt,246,
MP,Madhya Pradesh,2025,R1,NEET_AIR,7103.0,RD GARDI MEDICAL COLLEGE UJJAIN,MD GENERAL MEDICINE,UR/X/OP,,,MP__MP Round 1 Allotment.txt,251,
MP,Madhya Pradesh,2025,R1,NEET_AIR,7179.0,GANDHI MEDICAL COLLEGE BHOPAL,MS GENERAL SURGERY,INST/UR/X/OP,,,MP__MP Round 1 Allotment.txt,254,
MP,Madhya Pradesh,2025,R1,NEET_AIR,7217.0,INDORE,MD RADIODIAGNOSIS,INST/UR/X/OP,,,MP__MP Round 1 Allotment.txt,256,
MP,Madhya Pradesh,2025,R1,NEET_AIR,7255.0,NOT ALLOTTED,NOT ALLOTTED NOT ALLOTTED NOT ALLOTTED NOT ALLOTTED,,,,MP__MP Round 1 Allotment.txt,257,
MP,Madhya Pradesh,2025,R1,NEET_AIR,7296.0,BUNDELKHAND MEDICAL COLLEGE SAGAR,MD PAEDIATRICS,EWS,,,MP__MP Round 1 Allotment.txt,258,
MP,Madhya Pradesh,2025,R1,NEET_AIR,7328.0,NOT ALLOTTED,NOT ALLOTTED NOT ALLOTTED NOT ALLOTTED NOT ALLOTTED,,,,MP__MP Round 1 Allotment.txt,259,
MP,Madhya Pradesh,2025,R1,NEET_AIR,7373.0,COLLEGE INDORE,MS GENERAL SURGERY,OBC,,,MP__MP Round 1 Allotment.txt,261,
MP,Madhya Pradesh,2025,R1,NEET_AIR,7400.0,RD GARDI MEDICAL COLLEGE UJJAIN,MD GENERAL MEDICINE,UR/X/OP,,,MP__MP Round 1 Allotment.txt,263,
MP,Madhya Pradesh,2025,R1,NEET_AIR,7408.0,RD GARDI MEDICAL COLLEGE UJJAIN,MD AND LEPROSY,UR/X/OP,,,MP__MP Round 1 Allotment.txt,265,
MP,Madhya Pradesh,2025,R1,NEET_AIR,7511.0,NOT ALLOTTED,NOT ALLOTTED NOT ALLOTTED,NOT ALLOTTED,,,MP__MP Round 1 Allotment.txt,266,
MP,Madhya Pradesh,2025,R1,NEET_AIR,7518.0,NOT ALLOTTED,NOT ALLOTTED NOT ALLOTTED,NOT ALLOTTED,,,MP__MP Round 1 Allotment.txt,267,
MP,Madhya Pradesh,2025,R1,NEET_AIR,7538.0,NOT ALLOTTED,NOT ALLOTTED NOT ALLOTTED,NOT ALLOTTED,,,MP__MP Round 1 Allotment.txt,268,
MP,Madhya Pradesh,2025,R1,NEET_AIR,7558.0,PEOPLES COLLEGE OF MEDICAL SCIENCE BHOPAL,MD RADIODIAGNOSIS,UR/X/OP,,,MP__MP Round 1 Allotment.txt,270,
MP,Madhya Pradesh,2025,R1,NEET_AIR,7591.0,INDORE,MD AND LEPROSY,UR/X/OP,,,MP__MP Round 1 Allotment.txt,272,
MP,Madhya Pradesh,2025,R1,NEET_AIR,7743.0,BHOPAL,MD AND LEPROSY,UR/X/OP,,,MP__MP Round 1 Allotment.txt,276,
MP,Madhya Pradesh,2025,R1,NEET_AIR,7753.0,CHHINDWARA,MS OBSTETRICS AND GYNAECOLOGY,INST/UR/X/OP,,,MP__MP Round 1 Allotment.txt,278,
MP,Madhya Pradesh,2025,R1,NEET_AIR,7761.0,RD GARDI MEDICAL COLLEGE UJJAIN,MD GENERAL MEDICINE,UR/X/OP,,,MP__MP Round 1 Allotment.txt,279,
MP,Madhya Pradesh,2025,R1,NEET_AIR,7798.0,GANDHI MEDICAL COLLEGE BHOPAL,MS ORTHOPAEDICS,INST/UR/X/OP,,,MP__MP Round 1 Allotment.txt,280,
MP,Madhya Pradesh,2025,R1,NEET_AIR,7804.0,NOT ALLOTTED,NOT ALLOTTED NOT ALLOTTED NOT ALLOTTED NOT ALLOTTED,,,,MP__MP Round 1 Allotment.txt,281,
MP,Madhya Pradesh,2025,R1,NEET_AIR,7805.0,COLLEGE JABALPUR,MD RESPIRATORY MEDICINE,INST/UR/X/OP,,,MP__MP Round 1 Allotment.txt,283,
MP,Madhya Pradesh,2025,R1,NEET_AIR,46688.0,COLLEGE INDORE,MD RADIODIAGNOSIS,SC,,,MP__MP Round 1 Allotment.txt,285,
MP,Madhya Pradesh,2025,R1,NEET_AIR,7919.0,COLLEGE INDORE,MS OPHTHALMOLOGY,INST/UR/X/OP,,,MP__MP Round 1 Allotment.txt,288,
MP,Madhya Pradesh,2025,R1,NEET_AIR,7943.0,RD GARDI MEDICAL COLLEGE UJJAIN,MD GENERAL MEDICINE,INST/UR/X/OP,,,MP__MP Round 1 Allotment.txt,298,
MP,Madhya Pradesh,2025,R1,NEET_AIR,8002.0,COLLEGE JABALPUR,MS OBSTETRICS AND GYNAECOLOGY,OBC,,,MP__MP Round 1 Allotment.txt,300,
MP,Madhya Pradesh,2025,R1,NEET_AIR,8036.0,NOT ALLOTTED,NOT ALLOTTED NOT ALLOTTED,NOT ALLOTTED,,,MP__MP Round 1 Allotment.txt,301,
MP,Madhya Pradesh,2025,R1,NEET_AIR,8074.0,NOT ALLOTTED,NOT ALLOTTED NOT ALLOTTED,NOT ALLOTTED,,,MP__MP Round 1 Allotment.txt,302,
MP,Madhya Pradesh,2025,R1,NEET_AIR,8087.0,NOT ALLOTTED,NOT ALLOTTED NOT ALLOTTED,NOT ALLOTTED,,,MP__MP Round 1 Allotment.txt,303,
MP,Madhya Pradesh,2025,R1,NEET_AIR,8096.0,NOT ALLOTTED,NOT ALLOTTED NOT ALLOTTED,NOT ALLOTTED,,,MP__MP Round 1 Allotment.txt,304,
MP,Madhya Pradesh,2025,R1,NEET_AIR,8126.0,NOT ALLOTTED,NOT ALLOTTED NOT ALLOTTED,NOT ALLOTTED,,,MP__MP Round 1 Allotment.txt,305,
MP,Madhya Pradesh,2025,R1,NEET_AIR,8129.0,COLLEGE INDORE,MS ORTHOPAEDICS,OBC,,,MP__MP Round 1 Allotment.txt,307,
MP,Madhya Pradesh,2025,R1,NEET_AIR,8168.0,COLLEGE JABALPUR,MS GENERAL SURGERY,INST/UR/X/OP,,,MP__MP Round 1 Allotment.txt,309,
MP,Madhya Pradesh,2025,R1,NEET_AIR,8196.0,NOT ALLOTTED,NOT ALLOTTED NOT ALLOTTED NOT ALLOTTED NOT ALLOTTED,,,,MP__MP Round 1 Allotment.txt,310,
MP,Madhya Pradesh,2025,R1,NEET_AIR,8208.0,NOT ALLOTTED,NOT ALLOTTED NOT ALLOTTED NOT ALLOTTED NOT ALLOTTED,,,,MP__MP Round 1 Allotment.txt,311,
MP,Madhya Pradesh,2025,R1,NEET_AIR,8274.0,COLLEGE JABALPUR,MS ORTHOPAEDICS,INST/UR/X/OP,,,MP__MP Round 1 Allotment.txt,313,
MP,Madhya Pradesh,2025,R1,NEET_AIR,8299.0,NOT ALLOTTED,NOT ALLOTTED NOT ALLOTTED NOT ALLOTTED NOT ALLOTTED,,,,MP__MP Round 1 Allotment.txt,314,
MP,Madhya Pradesh,2025,R1,NEET_AIR,8305.0,NOT ALLOTTED,NOT ALLOTTED NOT ALLOTTED NOT ALLOTTED NOT ALLOTTED,,,,MP__MP Round 1 Allotment.txt,315,
MP,Madhya Pradesh,2025,R1,NEET_AIR,8311.0,COLLEGE INDORE,MS OPHTHALMOLOGY,INST/UR/X/OP,,,MP__MP Round 1 Allotment.txt,317,
MP,Madhya Pradesh,2025,R1,NEET_AIR,8363.0,COLLEGE JABALPUR,MD PSYCHIATRY,INST/UR/X/OP,,,MP__MP Round 1 Allotment.txt,319,
MP,Madhya Pradesh,2025,R1,NEET_AIR,8385.0,NOT ALLOTTED,NOT ALLOTTED NOT ALLOTTED NOT ALLOTTED NOT ALLOTTED,,,,MP__MP Round 1 Allotment.txt,320,
MP,Madhya Pradesh,2025,R1,NEET_AIR,8409.0,GANDHI MEDICAL COLLEGE BHOPAL,MS OPHTHALMOLOGY,INST/UR/X/OP,,,MP__MP Round 1 Allotment.txt,321,
MP,Madhya Pradesh,2025,R1,NEET_AIR,8564.0,COLLEGE JABALPUR,MS GENERAL SURGERY,INST/UR/X/OP,,,MP__MP Round 1 Allotment.txt,323,
MP,Madhya Pradesh,2025,R1,NEET_AIR,8581.0,NOT ALLOTTED,NOT ALLOTTED NOT ALLOTTED,NOT ALLOTTED,,,MP__MP Round 1 Allotment.txt,324,
MP,Madhya Pradesh,2025,R1,NEET_AIR,8587.0,NOT ALLOTTED,NOT ALLOTTED NOT ALLOTTED,NOT ALLOTTED,,,MP__MP Round 1 Allotment.txt,325,
MP,Madhya Pradesh,2025,R1,NEET_AIR,8601.0,NOT ALLOTTED,NOT ALLOTTED NOT ALLOTTED,NOT ALLOTTED,,,MP__MP Round 1 Allotment.txt,326,
MP,Madhya Pradesh,2025,R1,NEET_AIR,8673.0,NOT ALLOTTED,NOT ALLOTTED NOT ALLOTTED,NOT ALLOTTED,,,MP__MP Round 1 Allotment.txt,327,
MP,Madhya Pradesh,2025,R1,NEET_AIR,8694.0,GANDHI MEDICAL COLLEGE BHOPAL,MD EMERGENCY MEDICINE,INST/UR/X/OP,,,MP__MP Round 1 Allotment.txt,328,
MP,Madhya Pradesh,2025,R1,NEET_AIR,8701.0,SHYAM SHAH MEDICAL COLLEGE REWA,MS OBSTETRICS AND GYNAECOLOGY,OBC,,,MP__MP Round 1 Allotment.txt,330,
MP,Madhya Pradesh,2025,R1,NEET_AIR,8713.0,NOT ALLOTTED,NOT ALLOTTED NOT ALLOTTED,NOT ALLOTTED,,,MP__MP Round 1 Allotment.txt,331,
MP,Madhya Pradesh,2025,R1,NEET_AIR,8724.0,NOT ALLOTTED,NOT ALLOTTED NOT ALLOTTED,NOT ALLOTTED,,,MP__MP Round 1 Allotment.txt,332,
MP,Madhya Pradesh,2025,R1,NEET_AIR,8775.0,NOT ALLOTTED,NOT ALLOTTED NOT ALLOTTED,NOT ALLOTTED,,,MP__MP Round 1 Allotment.txt,333,
MP,Madhya Pradesh,2025,R1,NEET_AIR,8843.0,NOT ALLOTTED,NOT ALLOTTED NOT ALLOTTED,NOT ALLOTTED,,,MP__MP Round 1 Allotment.txt,334,
MP,Madhya Pradesh,2025,R1,NEET_AIR,8865.0,COLLEGE JABALPUR,MS ORTHOPAEDICS,INST/UR/X/OP,,,MP__MP Round 1 Allotment.txt,336,
MP,Madhya Pradesh,2025,R1,NEET_AIR,8927.0,GANDHI MEDICAL COLLEGE BHOPAL,MS GENERAL SURGERY,INST/UR/X/OP,,,MP__MP Round 1 Allotment.txt,337,
MP,Madhya Pradesh,2025,R1,NEET_AIR,8989.0,GAJRA RAJA MEDICAL COLLEGE GWALIOR,MS OBSTETRICS AND GYNAECOLOGY,EWS,,,MP__MP Round 1 Allotment.txt,339,
MP,Madhya Pradesh,2025,R1,NEET_AIR,9180.0,GANDHI MEDICAL COLLEGE BHOPAL,MS ORTHOPAEDICS,OBC,,,MP__MP Round 1 Allotment.txt,344,
MP,Madhya Pradesh,2025,R1,NEET_AIR,9246.0,COLLEGE JABALPUR,MD RESPIRATORY MEDICINE,OBC,,,MP__MP Round 1 Allotment.txt,350,
MP,Madhya Pradesh,2025,R1,NEET_AIR,9295.0,COLLEGE INDORE,MS OTORHINOLARYNGOLOGY (ENT),INST/UR/X/OP,,,MP__MP Round 1 Allotment.txt,353,
MP,Madhya Pradesh,2025,R1,NEET_AIR,9331.0,INDORE,MD GENERAL MEDICINE,UR/X/OP,,,MP__MP Round 1 Allotment.txt,355,
MP,Madhya Pradesh,2025,R1,NEET_AIR,9482.0,GAJRA RAJA MEDICAL COLLEGE GWALIOR,MS OBSTETRICS AND GYNAECOLOGY Clinical,,,,MP__MP Round 1 Allotment.txt,359,
MP,Madhya Pradesh,2025,R1,NEET_AIR,9528.0,BUNDELKHAND MEDICAL COLLEGE SAGAR,MS OBSTETRICS AND GYNAECOLOGY Clinical,,,,MP__MP Round 1 Allotment.txt,362,
MP,Madhya Pradesh,2025,R1,NEET_AIR,9561.0,GANDHI MEDICAL COLLEGE BHOPAL,MD ANAESTHESIOLOGY,INST/UR/X/OP,,,MP__MP Round 1 Allotment.txt,363,
MP,Madhya Pradesh,2025,R1,NEET_AIR,35934.0,GANDHI MEDICAL COLLEGE BHOPAL,MS GENERAL SURGERY,INST/UR/X/OP,,,MP__MP Round 1 Allotment.txt,364,
MP,Madhya Pradesh,2025,R1,NEET_AIR,9618.0,INDORE,MD PAEDIATRICS,UR/X/OP,,,MP__MP Round 1 Allotment.txt,366,
MP,Madhya Pradesh,2025,R1,NEET_AIR,9647.0,COLLEGE INDORE,MS GENERAL SURGERY,EWS,,,MP__MP Round 1 Allotment.txt,368,
MP,Madhya Pradesh,2025,R1,NEET_AIR,9757.0,NOT ALLOTTED,NOT ALLOTTED NOT ALLOTTED NOT ALLOTTED NOT ALLOTTED,,,,MP__MP Round 1 Allotment.txt,369,
MP,Madhya Pradesh,2025,R1,NEET_AIR,9773.0,INDORE,MD GENERAL MEDICINE,UR/X/OP,,,MP__MP Round 1 Allotment.txt,371,
MP,Madhya Pradesh,2025,R1,NEET_AIR,9838.0,NOT ALLOTTED,NOT ALLOTTED NOT ALLOTTED,NOT ALLOTTED,,,MP__MP Round 1 Allotment.txt,372,
MP,Madhya Pradesh,2025,R1,NEET_AIR,9866.0,NOT ALLOTTED,NOT ALLOTTED NOT ALLOTTED,NOT ALLOTTED,,,MP__MP Round 1 Allotment.txt,373,
MP,Madhya Pradesh,2025,R1,NEET_AIR,9904.0,NOT ALLOTTED,NOT ALLOTTED NOT ALLOTTED,NOT ALLOTTED,,,MP__MP Round 1 Allotment.txt,374,
MP,Madhya Pradesh,2025,R1,NEET_AIR,9924.0,GANDHI MEDICAL COLLEGE BHOPAL,MD EMERGENCY MEDICINE,OBC,,,MP__MP Round 1 Allotment.txt,375,
MP,Madhya Pradesh,2025,R1,NEET_AIR,9948.0,COLLEGE JABALPUR,MS GENERAL SURGERY,EWS,,,MP__MP Round 1 Allotment.txt,377,
MP,Madhya Pradesh,2025,R1,NEET_AIR,10029.0,COLLEGE INDORE,MD ANAESTHESIOLOGY,INST/UR/X/OP,,,MP__MP Round 1 Allotment.txt,379,
MP,Madhya Pradesh,2025,R1,NEET_AIR,10051.0,GAJRA RAJA MEDICAL COLLEGE GWALIOR,MS GENERAL SURGERY,INST/UR/X/OP,,,MP__MP Round 1 Allotment.txt,380,
MP,Madhya Pradesh,2025,R1,NEET_AIR,10143.0,NOT ALLOTTED,NOT ALLOTTED NOT ALLOTTED,NOT ALLOTTED,,,MP__MP Round 1 Allotment.txt,381,
MP,Madhya Pradesh,2025,R1,NEET_AIR,10160.0,GWALIOR MANSIK AROGYSHALA GWALIOR,MD PSYCHIATRY,INST/UR/X/OP,,,MP__MP Round 1 Allotment.txt,382,
MP,Madhya Pradesh,2025,R1,NEET_AIR,10196.0,GAJRA RAJA MEDICAL COLLEGE GWALIOR,MS GENERAL SURGERY,INST/UR/X/OP,,,MP__MP Round 1 Allotment.txt,383,
MP,Madhya Pradesh,2025,R1,NEET_AIR,10204.0,RD GARDI MEDICAL COLLEGE UJJAIN,MS OBSTETRICS AND GYNAECOLOGY Clinical,,,,MP__MP Round 1 Allotment.txt,385,
MP,Madhya Pradesh,2025,R1,NEET_AIR,10330.0,COLLEGE JABALPUR,MS OPHTHALMOLOGY,INST/UR/X/OP,,,MP__MP Round 1 Allotment.txt,389,
MP,Madhya Pradesh,2025,R1,NEET_AIR,10343.0,INDORE,MD GENERAL MEDICINE,UR/X/OP,,,MP__MP Round 1 Allotment.txt,391,
MP,Madhya Pradesh,2025,R1,NEET_AIR,10373.0,GAJRA RAJA MEDICAL COLLEGE GWALIOR,MS OPHTHALMOLOGY,INST/UR/X/OP,,,MP__MP Round 1 Allotment.txt,392,
MP,Madhya Pradesh,2025,R1,NEET_AIR,10419.0,GANDHI MEDICAL COLLEGE BHOPAL,MD RADIODIAGNOSIS,SC,,,MP__MP Round 1 Allotment.txt,393,
MP,Madhya Pradesh,2025,R1,NEET_AIR,10436.0,INDORE,MD GENERAL MEDICINE,UR/X/OP,,,MP__MP Round 1 Allotment.txt,395,
MP,Madhya Pradesh,2025,R1,NEET_AIR,10463.0,PEOPLES COLLEGE OF MEDICAL SCIENCE BHOPAL AND LEPROSY,MD Clinical,,,,MP__MP Round 1 Allotment.txt,397,
MP,Madhya Pradesh,2025,R1,NEET_AIR,10523.0,COLLEGE VIDISHA,MS GENERAL SURGERY,INST/UR/X/OP,,,MP__MP Round 1 Allotment.txt,400,
MP,Madhya Pradesh,2025,R1,NEET_AIR,10564.0,RD GARDI MEDICAL COLLEGE UJJAIN,MS OBSTETRICS AND GYNAECOLOGY Clinical,,,,MP__MP Round 1 Allotment.txt,402,
MP,Madhya Pradesh,2025,R1,NEET_AIR,10628.0,BHOPAL,MD RADIODIAGNOSIS,UR/X/OP,,,MP__MP Round 1 Allotment.txt,404,
MP,Madhya Pradesh,2025,R1,NEET_AIR,10658.0,RD GARDI MEDICAL COLLEGE UJJAIN,MD PAEDIATRICS,UR/X/OP,,,MP__MP Round 1 Allotment.txt,405,
MP,Madhya Pradesh,2025,R1,NEET_AIR,10697.0,LN MEDICAL COLLEGE BHOPAL,MD RADIODIAGNOSIS,UR/X/OP,,,MP__MP Round 1 Allotment.txt,406,
MP,Madhya Pradesh,2025,R1,NEET_AIR,10704.0,NOT ALLOTTED,NOT ALLOTTED NOT ALLOTTED,NOT ALLOTTED,,,MP__MP Round 1 Allotment.txt,407,
MP,Madhya Pradesh,2025,R1,NEET_AIR,10755.0,INDORE,MD GENERAL MEDICINE,INST/UR/X/OP,,,MP__MP Round 1 Allotment.txt,409,
MP,Madhya Pradesh,2025,R1,NEET_AIR,10762.0,SHYAM SHAH MEDICAL COLLEGE REWA,MS ORTHOPAEDICS,INST/UR/X/OP,,,MP__MP Round 1 Allotment.txt,410,
MP,Madhya Pradesh,2025,R1,NEET_AIR,10767.0,BHOPAL,MD RADIODIAGNOSIS,INST/UR/X/OP,,,MP__MP Round 1 Allotment.txt,412,
MP,Madhya Pradesh,2025,R1,NEET_AIR,10812.0,GANDHI MEDICAL COLLEGE BHOPAL,MS GENERAL SURGERY,OBC,,,MP__MP Round 1 Allotment.txt,413,
MP,Madhya Pradesh,2025,R1,NEET_AIR,10887.0,SHYAM SHAH MEDICAL COLLEGE REWA,MS GENERAL SURGERY,INST/UR/X/OP,,,MP__MP Round 1 Allotment.txt,414,
MP,Madhya Pradesh,2025,R1,NEET_AIR,10968.0,SHYAM SHAH MEDICAL COLLEGE REWA,MS GENERAL SURGERY,INST/UR/X/OP,,,MP__MP Round 1 Allotment.txt,415,
MP,Madhya Pradesh,2025,R1,NEET_AIR,11006.0,SHYAM SHAH MEDICAL COLLEGE REWA,MS GENERAL SURGERY,INST/UR/X/OP,,,MP__MP Round 1 Allotment.txt,416,
MP,Madhya Pradesh,2025,R1,NEET_AIR,11013.0,NOT ALLOTTED,NOT ALLOTTED NOT ALLOTTED,NOT ALLOTTED,,,MP__MP Round 1 Allotment.txt,417,
MP,Madhya Pradesh,2025,R1,NEET_AIR,11073.0,NOT ALLOTTED,NOT ALLOTTED NOT ALLOTTED,NOT ALLOTTED,,,MP__MP Round 1 Allotment.txt,418,
MP,Madhya Pradesh,2025,R1,NEET_AIR,11106.0,COLLEGE JABALPUR,MS GENERAL SURGERY,OBC,,,MP__MP Round 1 Allotment.txt,420,
MP,Madhya Pradesh,2025,R1,NEET_AIR,11110.0,NOT ALLOTTED,NOT ALLOTTED NOT ALLOTTED NOT ALLOTTED NOT ALLOTTED,,,,MP__MP Round 1 Allotment.txt,421,
MP,Madhya Pradesh,2025,R1,NEET_AIR,11118.0,COLLEGE INDORE,MS OPHTHALMOLOGY,OBC,,,MP__MP Round 1 Allotment.txt,423,
MP,Madhya Pradesh,2025,R1,NEET_AIR,11151.0,LN MEDICAL COLLEGE BHOPAL,MD RADIODIAGNOSIS,INST/UR/X/OP,,,MP__MP Round 1 Allotment.txt,424,
MP,Madhya Pradesh,2025,R1,NEET_AIR,11221.0,GAJRA RAJA MEDICAL COLLEGE GWALIOR,MD RADIODIAGNOSIS,SC,,,MP__MP Round 1 Allotment.txt,425,
MP,Madhya Pradesh,2025,R1,NEET_AIR,11279.0,COLLEGE INDORE,MD EMERGENCY MEDICINE,INST/UR/X/OP,,,MP__MP Round 1 Allotment.txt,427,
MP,Madhya Pradesh,2025,R1,NEET_AIR,11280.0,NOT ALLOTTED,NOT ALLOTTED NOT ALLOTTED NOT ALLOTTED NOT ALLOTTED,,,,MP__MP Round 1 Allotment.txt,428,
MP,Madhya Pradesh,2025,R1,NEET_AIR,11313.0,GANDHI MEDICAL COLLEGE BHOPAL,MS GENERAL SURGERY,EWS,,,MP__MP Round 1 Allotment.txt,429,
MP,Madhya Pradesh,2025,R1,NEET_AIR,11348.0,COLLEGE INDORE,MD ANAESTHESIOLOGY,INST/UR/X/OP,,,MP__MP Round 1 Allotment.txt,431,
MP,Madhya Pradesh,2025,R1,NEET_AIR,11356.0,NOT ALLOTTED,NOT ALLOTTED NOT ALLOTTED NOT ALLOTTED NOT ALLOTTED,,,,MP__MP Round 1 Allotment.txt,432,
MP,Madhya Pradesh,2025,R1,NEET_AIR,11371.0,NOT ALLOTTED,NOT ALLOTTED NOT ALLOTTED NOT ALLOTTED NOT ALLOTTED,,,,MP__MP Round 1 Allotment.txt,433,
MP,Madhya Pradesh,2025,R1,NEET_AIR,11404.0,RESEARCH CENTER INDORE,MD RADIODIAGNOSIS,UR/X/OP,,,MP__MP Round 1 Allotment.txt,435,
MP,Madhya Pradesh,2025,R1,NEET_AIR,549.0,PSYCHIATRY,Govt Clinical,,,,MP__MP Round 1 Allotment.txt,446,
MP,Madhya Pradesh,2025,R1,NEET_AIR,11431.0,COLLEGE INDORE,MD ANAESTHESIOLOGY,INST/UR/X/OP,,,MP__MP Round 1 Allotment.txt,448,
MP,Madhya Pradesh,2025,R1,NEET_AIR,25061.0,COLLEGE JABALPUR,MS ORTHOPAEDICS,OBC,,,MP__MP Round 1 Allotment.txt,450,
MP,Madhya Pradesh,2025,R1,NEET_AIR,11502.0,BUNDELKHAND MEDICAL COLLEGE SAGAR,MS GENERAL SURGERY,INST/UR/X/OP,,,MP__MP Round 1 Allotment.txt,451,
MP,Madhya Pradesh,2025,R1,NEET_AIR,11523.0,NOT ALLOTTED,NOT ALLOTTED NOT ALLOTTED NOT ALLOTTED NOT ALLOTTED,,,,MP__MP Round 1 Allotment.txt,452,
MP,Madhya Pradesh,2025,R1,NEET_AIR,11560.0,NOT ALLOTTED,NOT ALLOTTED NOT ALLOTTED NOT ALLOTTED NOT ALLOTTED,,,,MP__MP Round 1 Allotment.txt,453,
MP,Madhya Pradesh,2025,R1,NEET_AIR,11594.0,GOVERMENT MEDICAL COLLEGE RATLAM,MS GENERAL SURGERY,INST/UR/X/OP,,,MP__MP Round 1 Allotment.txt,454,
MP,Madhya Pradesh,2025,R1,NEET_AIR,11596.0,COLLEGE INDORE,MD ANAESTHESIOLOGY,INST/UR/X/OP,,,MP__MP Round 1 Allotment.txt,456,
MP,Madhya Pradesh,2025,R1,NEET_AIR,11598.0,LN MEDICAL COLLEGE BHOPAL,MD AND LEPROSY,UR/X/OP,,,MP__MP Round 1 Allotment.txt,458,
MP,Madhya Pradesh,2025,R1,NEET_AIR,11612.0,DEWAS,MD RADIODIAGNOSIS,UR/X/OP,,,MP__MP Round 1 Allotment.txt,460,
MP,Madhya Pradesh,2025,R1,NEET_AIR,11673.0,BUNDELKHAND MEDICAL COLLEGE SAGAR,MS ORTHOPAEDICS,INST/UR/X/OP,,,MP__MP Round 1 Allotment.txt,461,
MP,Madhya Pradesh,2025,R1,NEET_AIR,11692.0,NOT ALLOTTED,NOT ALLOTTED NOT ALLOTTED,NOT ALLOTTED,,,MP__MP Round 1 Allotment.txt,462,
MP,Madhya Pradesh,2025,R1,NEET_AIR,11699.0,GAJRA RAJA MEDICAL COLLEGE GWALIOR,MS GENERAL SURGERY,OBC,,,MP__MP Round 1 Allotment.txt,463,
MP,Madhya Pradesh,2025,R1,NEET_AIR,11735.0,CHHINDWARA,MS ORTHOPAEDICS,INST/UR/X/OP,,,MP__MP Round 1 Allotment.txt,465,
MP,Madhya Pradesh,2025,R1,NEET_AIR,11751.0,LN MEDICAL COLLEGE BHOPAL,MD GENERAL MEDICINE,UR/X/OP,,,MP__MP Round 1 Allotment.txt,466,
MP,Madhya Pradesh,2025,R1,NEET_AIR,11762.0,DEWAS,MD RADIODIAGNOSIS,INST/UR/X/OP,,,MP__MP Round 1 Allotment.txt,468,
MP,Madhya Pradesh,2025,R1,NEET_AIR,11779.0,NOT ALLOTTED,NOT ALLOTTED NOT ALLOTTED,NOT ALLOTTED,,,MP__MP Round 1 Allotment.txt,469,
MP,Madhya Pradesh,2025,R1,NEET_AIR,11809.0,NOT ALLOTTED,NOT ALLOTTED NOT ALLOTTED,NOT ALLOTTED,,,MP__MP Round 1 Allotment.txt,470,
MP,Madhya Pradesh,2025,R1,NEET_AIR,11861.0,BUNDELKHAND MEDICAL COLLEGE SAGAR,MD RESPIRATORY MEDICINE,EWS,,,MP__MP Round 1 Allotment.txt,471,
MP,Madhya Pradesh,2025,R1,NEET_AIR,11865.0,GAJRA RAJA MEDICAL COLLEGE GWALIOR,MS ORTHOPAEDICS,EWS,,,MP__MP Round 1 Allotment.txt,472,
MP,Madhya Pradesh,2025,R1,NEET_AIR,11884.0,NOT ALLOTTED,NOT ALLOTTED NOT ALLOTTED,NOT ALLOTTED,,,MP__MP Round 1 Allotment.txt,473,
MP,Madhya Pradesh,2025,R1,NEET_AIR,11893.0,COLLEGE JABALPUR,MD RADIODIAGNOSIS,SC,,,MP__MP Round 1 Allotment.txt,475,
MP,Madhya Pradesh,2025,R1,NEET_AIR,11942.0,NOT ALLOTTED,NOT ALLOTTED NOT ALLOTTED,NOT ALLOTTED,,,MP__MP Round 1 Allotment.txt,476,
MP,Madhya Pradesh,2025,R1,NEET_AIR,12002.0,NOT ALLOTTED,NOT ALLOTTED NOT ALLOTTED,NOT ALLOTTED,,,MP__MP Round 1 Allotment.txt,477,
MP,Madhya Pradesh,2025,R1,NEET_AIR,12003.0,NOT ALLOTTED,NOT ALLOTTED NOT ALLOTTED,NOT ALLOTTED,,,MP__MP Round 1 Allotment.txt,478,
MP,Madhya Pradesh,2025,R1,NEET_AIR,12057.0,NOT ALLOTTED,NOT ALLOTTED NOT ALLOTTED,NOT ALLOTTED,,,MP__MP Round 1 Allotment.txt,479,
MP,Madhya Pradesh,2025,R1,NEET_AIR,12147.0,PEOPLES COLLEGE OF MEDICAL SCIENCE BHOPAL AND LEPROSY,MD Clinical,,,,MP__MP Round 1 Allotment.txt,481,
MP,Madhya Pradesh,2025,R1,NEET_AIR,12169.0,SHYAM SHAH MEDICAL COLLEGE REWA,MS OPHTHALMOLOGY,INST/UR/X/OP,,,MP__MP Round 1 Allotment.txt,482,
MP,Madhya Pradesh,2025,R1,NEET_AIR,12280.0,NOT ALLOTTED,NOT ALLOTTED NOT ALLOTTED,NOT ALLOTTED,,,MP__MP Round 1 Allotment.txt,483,
MP,Madhya Pradesh,2025,R1,NEET_AIR,12310.0,NOT ALLOTTED,NOT ALLOTTED NOT ALLOTTED,NOT ALLOTTED,,,MP__MP Round 1 Allotment.txt,484,
MP,Madhya Pradesh,2025,R1,NEET_AIR,12315.0,NOT ALLOTTED,NOT ALLOTTED NOT ALLOTTED,NOT ALLOTTED,,,MP__MP Round 1 Allotment.txt,485,
MP,Madhya Pradesh,2025,R1,NEET_AIR,12322.0,SHYAM SHAH MEDICAL COLLEGE REWA,MS GENERAL SURGERY,OBC,,,MP__MP Round 1 Allotment.txt,486,
MP,Madhya Pradesh,2025,R1,NEET_AIR,12384.0,GOVERMENT MEDICAL COLLEGE RATLAM,MS ORTHOPAEDICS,INST/UR/X/OP,,,MP__MP Round 1 Allotment.txt,487,
MP,Madhya Pradesh,2025,R1,NEET_AIR,26148.0,INDORE,MD RADIODIAGNOSIS,OBC,,,MP__MP Round 1 Allotment.txt,489,
MP,Madhya Pradesh,2025,R1,NEET_AIR,12478.0,SHYAM SHAH MEDICAL COLLEGE REWA,MS GENERAL SURGERY,EWS,,,MP__MP Round 1 Allotment.txt,490,
MP,Madhya Pradesh,2025,R1,NEET_AIR,12507.0,NOT ALLOTTED,NOT ALLOTTED NOT ALLOTTED,NOT ALLOTTED,,,MP__MP Round 1 Allotment.txt,491,
MP,Madhya Pradesh,2025,R1,NEET_AIR,12510.0,NOT ALLOTTED,NOT ALLOTTED NOT ALLOTTED,NOT ALLOTTED,,,MP__MP Round 1 Allotment.txt,492,
MP,Madhya Pradesh,2025,R1,NEET_AIR,12520.0,NOT ALLOTTED,NOT ALLOTTED NOT ALLOTTED,NOT ALLOTTED,,,MP__MP Round 1 Allotment.txt,493,
MP,Madhya Pradesh,2025,R1,NEET_AIR,12530.0,NOT ALLOTTED,NOT ALLOTTED NOT ALLOTTED,NOT ALLOTTED,,,MP__MP Round 1 Allotment.txt,494,
MP,Madhya Pradesh,2025,R1,NEET_AIR,12552.0,NOT ALLOTTED,NOT ALLOTTED NOT ALLOTTED,NOT ALLOTTED,,,MP__MP Round 1 Allotment.txt,495,
MP,Madhya Pradesh,2025,R1,NEET_AIR,12566.0,NOT ALLOTTED,NOT ALLOTTED NOT ALLOTTED,NOT ALLOTTED,,,MP__MP Round 1 Allotment.txt,496,
MP,Madhya Pradesh,2025,R1,NEET_AIR,12573.0,RESEARCH CENTER INDORE,MD RADIODIAGNOSIS,OBC,,,MP__MP Round 1 Allotment.txt,498,
MP,Madhya Pradesh,2025,R1,NEET_AIR,12610.0,LN MEDICAL COLLEGE BHOPAL,MD GENERAL MEDICINE,UR/X/OP,,,MP__MP Round 1 Allotment.txt,499,
MP,Madhya Pradesh,2025,R1,NEET_AIR,12636.0,BHOPAL,MD GENERAL MEDICINE,UR/X/OP,,,MP__MP Round 1 Allotment.txt,501,
MP,Madhya Pradesh,2025,R1,NEET_AIR,12658.0,NOT ALLOTTED,NOT ALLOTTED NOT ALLOTTED NOT ALLOTTED NOT ALLOTTED,,,,MP__MP Round 1 Allotment.txt,502,
MP,Madhya Pradesh,2025,R1,NEET_AIR,12691.0,COLLEGE INDORE,MD RADIATION ONCOLOGY,INST/UR/X/OP,,,MP__MP Round 1 Allotment.txt,504,
MP,Madhya Pradesh,2025,R1,NEET_AIR,12731.0,BUNDELKHAND MEDICAL COLLEGE SAGAR,MS OPHTHALMOLOGY,INST/UR/X/OP,,,MP__MP Round 1 Allotment.txt,505,
MP,Madhya Pradesh,2025,R1,NEET_AIR,12801.0,NOT ALLOTTED,NOT ALLOTTED NOT ALLOTTED,NOT ALLOTTED,,,MP__MP Round 1 Allotment.txt,506,
MP,Madhya Pradesh,2025,R1,NEET_AIR,12804.0,GANDHI MEDICAL COLLEGE BHOPAL,MD ANAESTHESIOLOGY,INST/UR/X/OP,,,MP__MP Round 1 Allotment.txt,507,
MP,Madhya Pradesh,2025,R1,NEET_AIR,12806.0,NOT ALLOTTED,NOT ALLOTTED NOT ALLOTTED,NOT ALLOTTED,,,MP__MP Round 1 Allotment.txt,508,
MP,Madhya Pradesh,2025,R1,NEET_AIR,12932.0,NOT ALLOTTED,NOT ALLOTTED NOT ALLOTTED,NOT ALLOTTED,,,MP__MP Round 1 Allotment.txt,509,
MP,Madhya Pradesh,2025,R1,NEET_AIR,12952.0,NOT ALLOTTED,NOT ALLOTTED NOT ALLOTTED,NOT ALLOTTED,,,MP__MP Round 1 Allotment.txt,510,
MP,Madhya Pradesh,2025,R1,NEET_AIR,12966.0,NOT ALLOTTED,NOT ALLOTTED NOT ALLOTTED,NOT ALLOTTED,,,MP__MP Round 1 Allotment.txt,511,
MP,Madhya Pradesh,2025,R1,NEET_AIR,12980.0,COLLEGE INDORE,MD GENERAL MEDICINE,SC,,,MP__MP Round 1 Allotment.txt,513,
MP,Madhya Pradesh,2025,R1,NEET_AIR,12984.0,NOT ALLOTTED,NOT ALLOTTED NOT ALLOTTED,NOT ALLOTTED,,,MP__MP Round 1 Allotment.txt,514,
MP,Madhya Pradesh,2025,R1,NEET_AIR,13005.0,NOT ALLOTTED,NOT ALLOTTED NOT ALLOTTED,NOT ALLOTTED,,,MP__MP Round 1 Allotment.txt,515,
MP,Madhya Pradesh,2025,R1,NEET_AIR,13073.0,NOT ALLOTTED,NOT ALLOTTED NOT ALLOTTED,NOT ALLOTTED,,,MP__MP Round 1 Allotment.txt,516,
MP,Madhya Pradesh,2025,R1,NEET_AIR,13076.0,COLLEGE VIDISHA,MS ORTHOPAEDICS,OBC,,,MP__MP Round 1 Allotment.txt,518,
MP,Madhya Pradesh,2025,R1,NEET_AIR,40951.0,RD GARDI MEDICAL COLLEGE UJJAIN,MS OBSTETRICS AND GYNAECOLOGY,OBC,,,MP__MP Round 1 Allotment.txt,520,
MP,Madhya Pradesh,2025,R1,NEET_AIR,13167.0,GOVERMENT MEDICAL COLLEGE RATLAM,MS OPHTHALMOLOGY,INST/UR/X/OP,,,MP__MP Round 1 Allotment.txt,521,
MP,Madhya Pradesh,2025,R1,NEET_AIR,13219.0,NOT ALLOTTED,NOT ALLOTTED NOT ALLOTTED,NOT ALLOTTED,,,MP__MP Round 1 Allotment.txt,522,
MP,Madhya Pradesh,2025,R1,NEET_AIR,13233.0,BUNDELKHAND MEDICAL COLLEGE SAGAR,MS GENERAL SURGERY,EWS,,,MP__MP Round 1 Allotment.txt,523,
MP,Madhya Pradesh,2025,R1,NEET_AIR,13248.0,NOT ALLOTTED,NOT ALLOTTED NOT ALLOTTED,NOT ALLOTTED,,,MP__MP Round 1 Allotment.txt,524,
MP,Madhya Pradesh,2025,R1,NEET_AIR,13252.0,NOT ALLOTTED,NOT ALLOTTED NOT ALLOTTED,NOT ALLOTTED,,,MP__MP Round 1 Allotment.txt,525,
MP,Madhya Pradesh,2025,R1,NEET_AIR,13265.0,MEDICAL COLLEGE SHIVPURI,MS ORTHOPAEDICS,INST/UR/X/OP,,,MP__MP Round 1 Allotment.txt,527,
MP,Madhya Pradesh,2025,R1,NEET_AIR,13269.0,NOT ALLOTTED,NOT ALLOTTED NOT ALLOTTED,NOT ALLOTTED,,,MP__MP Round 1 Allotment.txt,528,
MP,Madhya Pradesh,2025,R1,NEET_AIR,13284.0,NOT ALLOTTED,NOT ALLOTTED NOT ALLOTTED,NOT ALLOTTED,,,MP__MP Round 1 Allotment.txt,529,
MP,Madhya Pradesh,2025,R1,NEET_AIR,13345.0,NOT ALLOTTED,NOT ALLOTTED NOT ALLOTTED,NOT ALLOTTED,,,MP__MP Round 1 Allotment.txt,530,
MP,Madhya Pradesh,2025,R1,NEET_AIR,13346.0,NOT ALLOTTED,NOT ALLOTTED NOT ALLOTTED,NOT ALLOTTED,,,MP__MP Round 1 Allotment.txt,531,
MP,Madhya Pradesh,2025,R1,NEET_AIR,13356.0,NOT ALLOTTED,NOT ALLOTTED NOT ALLOTTED,NOT ALLOTTED,,,MP__MP Round 1 Allotment.txt,532,
MP,Madhya Pradesh,2025,R1,NEET_AIR,13366.0,SHYAM SHAH MEDICAL COLLEGE REWA,MS OPHTHALMOLOGY,EWS,,,MP__MP Round 1 Allotment.txt,533,
MP,Madhya Pradesh,2025,R1,NEET_AIR,13401.0,NOT ALLOTTED,NOT ALLOTTED NOT ALLOTTED,NOT ALLOTTED,,,MP__MP Round 1 Allotment.txt,534,
MP,Madhya Pradesh,2025,R1,NEET_AIR,13458.0,NOT ALLOTTED,NOT ALLOTTED NOT ALLOTTED,NOT ALLOTTED,,,MP__MP Round 1 Allotment.txt,535,
MP,Madhya Pradesh,2025,R1,NEET_AIR,13491.0,GANDHI MEDICAL COLLEGE BHOPAL,MS OTORHINOLARYNGOLOGY (ENT),INST/UR/X/OP,,,MP__MP Round 1 Allotment.txt,536,
MP,Madhya Pradesh,2025,R1,NEET_AIR,13504.0,GAJRA RAJA MEDICAL COLLEGE GWALIOR,MD RADIODIAGNOSIS,ST,,,MP__MP Round 1 Allotment.txt,537,
MP,Madhya Pradesh,2025,R1,NEET_AIR,13536.0,INDORE,MD GENERAL MEDICINE,OBC,,,MP__MP Round 1 Allotment.txt,539,
MP,Madhya Pradesh,2025,R1,NEET_AIR,13565.0,NOT ALLOTTED,NOT ALLOTTED NOT ALLOTTED,NOT ALLOTTED,,,MP__MP Round 1 Allotment.txt,540,
MP,Madhya Pradesh,2025,R1,NEET_AIR,13604.0,NOT ALLOTTED,NOT ALLOTTED NOT ALLOTTED,NOT ALLOTTED,,,MP__MP Round 1 Allotment.txt,541,
MP,Madhya Pradesh,2025,R1,NEET_AIR,13608.0,NOT ALLOTTED,NOT ALLOTTED NOT ALLOTTED,NOT ALLOTTED,,,MP__MP Round 1 Allotment.txt,542,
MP,Madhya Pradesh,2025,R1,NEET_AIR,13622.0,GOVERMENT MEDICAL COLLEGE RATLAM,MD ANAESTHESIOLOGY,INST/UR/X/OP,,,MP__MP Round 1 Allotment.txt,543,
MP,Madhya Pradesh,2025,R1,NEET_AIR,13641.0,NOT ALLOTTED,NOT ALLOTTED NOT ALLOTTED,NOT ALLOTTED,,,MP__MP Round 1 Allotment.txt,544,
MP,Madhya Pradesh,2025,R1,NEET_AIR,41175.0,COLLEGE INDORE,MS OBSTETRICS AND GYNAECOLOGY Clinical,,,,MP__MP Round 1 Allotment.txt,546,
MP,Madhya Pradesh,2025,R1,NEET_AIR,13657.0,COLLEGE INDORE,MD GENERAL MEDICINE,SC,,,MP__MP Round 1 Allotment.txt,548,
MP,Madhya Pradesh,2025,R1,NEET_AIR,13692.0,CHHINDWARA,MS GENERAL SURGERY,OBC,,,MP__MP Round 1 Allotment.txt,550,
MP,Madhya Pradesh,2025,R1,NEET_AIR,13709.0,GANDHI MEDICAL COLLEGE BHOPAL,MD ANAESTHESIOLOGY,INST/UR/X/OP,,,MP__MP Round 1 Allotment.txt,551,
MP,Madhya Pradesh,2025,R1,NEET_AIR,13756.0,NOT ALLOTTED,NOT ALLOTTED NOT ALLOTTED,NOT ALLOTTED,,,MP__MP Round 1 Allotment.txt,552,
MP,Madhya Pradesh,2025,R1,NEET_AIR,13772.0,NOT ALLOTTED,NOT ALLOTTED NOT ALLOTTED,NOT ALLOTTED,,,MP__MP Round 1 Allotment.txt,553,
MP,Madhya Pradesh,2025,R1,NEET_AIR,13793.0,GOVERNMENT MEDICAL COLLEGE DATIA,MS OPHTHALMOLOGY,INST/UR/X/OP,,,MP__MP Round 1 Allotment.txt,554,
MP,Madhya Pradesh,2025,R1,NEET_AIR,13803.0,INDORE,MD GENERAL MEDICINE,OBC,,,MP__MP Round 1 Allotment.txt,556,
MP,Madhya Pradesh,2025,R1,NEET_AIR,13835.0,COLLEGE JABALPUR,MS ORTHOPAEDICS,EWS,,,MP__MP Round 1 Allotment.txt,558,
MP,Madhya Pradesh,2025,R1,NEET_AIR,13863.0,NOT ALLOTTED,NOT ALLOTTED NOT ALLOTTED NOT ALLOTTED NOT ALLOTTED,,,,MP__MP Round 1 Allotment.txt,559,
MP,Madhya Pradesh,2025,R1,NEET_AIR,13895.0,COLLEGE JABALPUR,MD GENERAL MEDICINE,SC,,,MP__MP Round 1 Allotment.txt,561,
MP,Madhya Pradesh,2025,R1,NEET_AIR,13938.0,NOT ALLOTTED,NOT ALLOTTED NOT ALLOTTED NOT ALLOTTED NOT ALLOTTED,,,,MP__MP Round 1 Allotment.txt,562,
MP,Madhya Pradesh,2025,R1,NEET_AIR,13948.0,INDORE,MD PAEDIATRICS,UR/X/OP,,,MP__MP Round 1 Allotment.txt,564,
MP,Madhya Pradesh,2025,R1,NEET_AIR,13981.0,NOT ALLOTTED,NOT ALLOTTED NOT ALLOTTED NOT ALLOTTED NOT ALLOTTED,,,,MP__MP Round 1 Allotment.txt,565,
MP,Madhya Pradesh,2025,R1,NEET_AIR,14050.0,GAJRA RAJA MEDICAL COLLEGE GWALIOR,MS OTORHINOLARYNGOLOGY (ENT),INST/UR/X/OP,,,MP__MP Round 1 Allotment.txt,566,
MP,Madhya Pradesh,2025,R1,NEET_AIR,14054.0,MEDICAL COLLEGE SHIVPURI,MS GENERAL SURGERY,OBC,,,MP__MP Round 1 Allotment.txt,568,
MP,Madhya Pradesh,2025,R1,NEET_AIR,14092.0,NOT ALLOTTED,NOT ALLOTTED NOT ALLOTTED NOT ALLOTTED NOT ALLOTTED,,,,MP__MP Round 1 Allotment.txt,569,
MP,Madhya Pradesh,2025,R1,NEET_AIR,14126.0,DEWAS,MD AND LEPROSY,UR/X/OP,,,MP__MP Round 1 Allotment.txt,571,
MP,Madhya Pradesh,2025,R1,NEET_AIR,14140.0,GANDHI MEDICAL COLLEGE BHOPAL,MS OPHTHALMOLOGY,OBC,,,MP__MP Round 1 Allotment.txt,572,
MP,Madhya Pradesh,2025,R1,NEET_AIR,14198.0,COLLEGE JABALPUR,MD ANAESTHESIOLOGY,INST/UR/X/OP,,,MP__MP Round 1 Allotment.txt,574,
MP,Madhya Pradesh,2025,R1,NEET_AIR,14203.0,PEOPLES COLLEGE OF MEDICAL SCIENCE BHOPAL GENERAL MEDICINE,MD Clinical,,,,MP__MP Round 1 Allotment.txt,576,
MP,Madhya Pradesh,2025,R1,NEET_AIR,14217.0,INDORE,MS OBSTETRICS AND GYNAECOLOGY Clinical,,,,MP__MP Round 1 Allotment.txt,578,
MP,Madhya Pradesh,2025,R1,NEET_AIR,14251.0,LN MEDICAL COLLEGE BHOPAL,MD GENERAL MEDICINE,UR/X/OP,,,MP__MP Round 1 Allotment.txt,579,
MP,Madhya Pradesh,2025,R1,NEET_AIR,537.0,NOT ALLOTTED,NOT ALLOTTED NOT ALLOTTED,,,,MP__MP Round 1 Allotment.txt,590,
MP,Madhya Pradesh,2025,R1,NEET_AIR,413.0,RADIODIAGNOSIS,Govt Clinical,,,,MP__MP Round 1 Allotment.txt,596,
MP,Madhya Pradesh,2025,R1,NEET_AIR,536.0,NOT ALLOTTED,NOT ALLOTTED NOT ALLOTTED,,,,MP__MP Round 1 Allotment.txt,597,
MP,Madhya Pradesh,2025,R1,NEET_AIR,536.0,GENERAL MEDICINE,Govt Clinical,,,,MP__MP Round 1 Allotment.txt,598,
MP,Madhya Pradesh,2025,R1,NEET_AIR,536.0,OTORHINOLARYNGOLOGY (ENT),Govt Clinical,,,,MP__MP Round 1 Allotment.txt,602,
MP,Madhya Pradesh,2025,R1,NEET_AIR,536.0,ANAESTHESIOLOGY,Govt Clinical,,,,MP__MP Round 1 Allotment.txt,603,
MP,Madhya Pradesh,2025,R1,NEET_AIR,535.0,NOT ALLOTTED,NOT ALLOTTED NOT ALLOTTED,,,,MP__MP Round 1 Allotment.txt,605,
MP,Madhya Pradesh,2025,R1,NEET_AIR,535.0,PAEDIATRICS,Private Clinical,,,,MP__MP Round 1 Allotment.txt,608,
MP,Madhya Pradesh,2025,R1,NEET_AIR,535.0,ANAESTHESIOLOGY,Govt Clinical,,,,MP__MP Round 1 Allotment.txt,610,
MP,Madhya Pradesh,2025,R1,NEET_AIR,535.0,GENERAL MEDICINE,Private Clinical,,,,MP__MP Round 1 Allotment.txt,611,
MP,Madhya Pradesh,2025,R1,NEET_AIR,534.0,NOT ALLOTTED,NOT ALLOTTED NOT ALLOTTED,,,,MP__MP Round 1 Allotment.txt,614,
MP,Madhya Pradesh,2025,R1,NEET_AIR,534.0,RADIATION ONCOLOGY,Govt Clinical,,,,MP__MP Round 1 Allotment.txt,616,
MP,Madhya Pradesh,2025,R1,NEET_AIR,534.0,GENERAL MEDICINE,Govt Clinical,,,,MP__MP Round 1 Allotment.txt,617,
MP,Madhya Pradesh,2025,R1,NEET_AIR,15175.0,RESEARCH CENTER INDORE,MD GENERAL MEDICINE,UR/X/OP,,,MP__MP Round 1 Allotment.txt,624,
MP,Madhya Pradesh,2025,R1,NEET_AIR,15176.0,NOT ALLOTTED,NOT ALLOTTED NOT ALLOTTED,NOT ALLOTTED,,,MP__MP Round 1 Allotment.txt,625,
MP,Madhya Pradesh,2025,R1,NEET_AIR,15261.0,NOT ALLOTTED,NOT ALLOTTED NOT ALLOTTED,NOT ALLOTTED,,,MP__MP Round 1 Allotment.txt,626,
MP,Madhya Pradesh,2025,R1,NEET_AIR,15266.0,NOT ALLOTTED,NOT ALLOTTED NOT ALLOTTED,NOT ALLOTTED,,,MP__MP Round 1 Allotment.txt,627,
MP,Madhya Pradesh,2025,R1,NEET_AIR,15282.0,NOT ALLOTTED,NOT ALLOTTED NOT ALLOTTED,NOT ALLOTTED,,,MP__MP Round 1 Allotment.txt,628,
MP,Madhya Pradesh,2025,R1,NEET_AIR,15299.0,NOT ALLOTTED,NOT ALLOTTED NOT ALLOTTED,NOT ALLOTTED,,,MP__MP Round 1 Allotment.txt,629,
MP,Madhya Pradesh,2025,R1,NEET_AIR,15342.0,COLLEGE INDORE,MD PSYCHIATRY,EWS,,,MP__MP Round 1 Allotment.txt,631,
MP,Madhya Pradesh,2025,R1,NEET_AIR,15363.0,NOT ALLOTTED,NOT ALLOTTED NOT ALLOTTED,NOT ALLOTTED,,,MP__MP Round 1 Allotment.txt,632,
MP,Madhya Pradesh,2025,R1,NEET_AIR,15396.0,NOT ALLOTTED,NOT ALLOTTED NOT ALLOTTED,NOT ALLOTTED,,,MP__MP Round 1 Allotment.txt,633,
MP,Madhya Pradesh,2025,R1,NEET_AIR,15423.0,NOT ALLOTTED,NOT ALLOTTED NOT ALLOTTED,NOT ALLOTTED,,,MP__MP Round 1 Allotment.txt,634,
MP,Madhya Pradesh,2025,R1,NEET_AIR,15426.0,NOT ALLOTTED,NOT ALLOTTED NOT ALLOTTED,NOT ALLOTTED,,,MP__MP Round 1 Allotment.txt,635,
MP,Madhya Pradesh,2025,R1,NEET_AIR,15548.0,RESEARCH CENTRE BHOPAL,MD RADIODIAGNOSIS,UR/X/OP,,,MP__MP Round 1 Allotment.txt,637,
MP,Madhya Pradesh,2025,R1,NEET_AIR,15558.0,COLLEGE VIDISHA,MS OTORHINOLARYNGOLOGY (ENT),INST/UR/X/OP,,,MP__MP Round 1 Allotment.txt,639,
MP,Madhya Pradesh,2025,R1,NEET_AIR,15577.0,NOT ALLOTTED,NOT ALLOTTED NOT ALLOTTED,NOT ALLOTTED,,,MP__MP Round 1 Allotment.txt,640,
MP,Madhya Pradesh,2025,R1,NEET_AIR,43809.0,NOT ALLOTTED,NOT ALLOTTED NOT ALLOTTED,NOT ALLOTTED,,,MP__MP Round 1 Allotment.txt,641,
MP,Madhya Pradesh,2025,R1,NEET_AIR,15603.0,LN MEDICAL COLLEGE BHOPAL,MD GENERAL MEDICINE,INST/UR/X/OP,,,MP__MP Round 1 Allotment.txt,642,
MP,Madhya Pradesh,2025,R1,NEET_AIR,15613.0,GOVERNMENT MEDICAL COLLEGE DATIA,MS ORTHOPAEDICS,EWS,,,MP__MP Round 1 Allotment.txt,643,
MP,Madhya Pradesh,2025,R1,NEET_AIR,15684.0,COLLEGE JABALPUR,MS OPHTHALMOLOGY,OBC,,,MP__MP Round 1 Allotment.txt,645,
MP,Madhya Pradesh,2025,R1,NEET_AIR,15714.0,BHOPAL,MD GENERAL MEDICINE,OBC,,,MP__MP Round 1 Allotment.txt,647,
MP,Madhya Pradesh,2025,R1,NEET_AIR,15765.0,NOT ALLOTTED,NOT ALLOTTED NOT ALLOTTED,NOT ALLOTTED,,,MP__MP Round 1 Allotment.txt,648,
MP,Madhya Pradesh,2025,R1,NEET_AIR,15960.0,NOT ALLOTTED,NOT ALLOTTED NOT ALLOTTED,NOT ALLOTTED,,,MP__MP Round 1 Allotment.txt,649,
MP,Madhya Pradesh,2025,R1,NEET_AIR,15975.0,NOT ALLOTTED,NOT ALLOTTED NOT ALLOTTED,NOT ALLOTTED,,,MP__MP Round 1 Allotment.txt,650,
MP,Madhya Pradesh,2025,R1,NEET_AIR,15994.0,NOT ALLOTTED,NOT ALLOTTED NOT ALLOTTED,NOT ALLOTTED,,,MP__MP Round 1 Allotment.txt,651,
MP,Madhya Pradesh,2025,R1,NEET_AIR,16039.0,RESEARCH CENTER INDORE,MD GENERAL MEDICINE,UR/X/OP,,,MP__MP Round 1 Allotment.txt,653,
MP,Madhya Pradesh,2025,R1,NEET_AIR,16049.0,INDORE,MS OBSTETRICS AND GYNAECOLOGY Clinical,,,,MP__MP Round 1 Allotment.txt,655,
MP,Madhya Pradesh,2025,R1,NEET_AIR,16050.0,NOT ALLOTTED,NOT ALLOTTED NOT ALLOTTED NOT ALLOTTED NOT ALLOTTED,,,,MP__MP Round 1 Allotment.txt,656,
MP,Madhya Pradesh,2025,R1,NEET_AIR,16069.0,NOT ALLOTTED,NOT ALLOTTED NOT ALLOTTED NOT ALLOTTED NOT ALLOTTED,,,,MP__MP Round 1 Allotment.txt,657,
MP,Madhya Pradesh,2025,R1,NEET_AIR,16072.0,COLLEGE INDORE,MD PATHOLOGY,INST/UR/X/OP,,,MP__MP Round 1 Allotment.txt,659,
MP,Madhya Pradesh,2025,R1,NEET_AIR,16086.0,RESEARCH CENTRE BHOPAL,MD GENERAL MEDICINE,UR/X/OP,,,MP__MP Round 1 Allotment.txt,661,
MP,Madhya Pradesh,2025,R1,NEET_AIR,16107.0,GANDHI MEDICAL COLLEGE BHOPAL,MD RADIODIAGNOSIS,ST,,,MP__MP Round 1 Allotment.txt,662,
MP,Madhya Pradesh,2025,R1,NEET_AIR,16121.0,NOT ALLOTTED,NOT ALLOTTED NOT ALLOTTED,NOT ALLOTTED,,,MP__MP Round 1 Allotment.txt,663,
MP,Madhya Pradesh,2025,R1,NEET_AIR,16163.0,NOT ALLOTTED,NOT ALLOTTED NOT ALLOTTED,NOT ALLOTTED,,,MP__MP Round 1 Allotment.txt,664,
MP,Madhya Pradesh,2025,R1,NEET_AIR,16180.0,NOT ALLOTTED,NOT ALLOTTED NOT ALLOTTED,NOT ALLOTTED,,,MP__MP Round 1 Allotment.txt,665,
MP,Madhya Pradesh,2025,R1,NEET_AIR,16250.0,BUNDELKHAND MEDICAL COLLEGE SAGAR,MD GENERAL MEDICINE,SC,,,MP__MP Round 1 Allotment.txt,666,
MP,Madhya Pradesh,2025,R1,NEET_AIR,16265.0,NOT ALLOTTED,NOT ALLOTTED NOT ALLOTTED,NOT ALLOTTED,,,MP__MP Round 1 Allotment.txt,667,
MP,Madhya Pradesh,2025,R1,NEET_AIR,16330.0,NOT ALLOTTED,NOT ALLOTTED NOT ALLOTTED,NOT ALLOTTED,,,MP__MP Round 1 Allotment.txt,668,
MP,Madhya Pradesh,2025,R1,NEET_AIR,16377.0,NOT ALLOTTED,NOT ALLOTTED NOT ALLOTTED,NOT ALLOTTED,,,MP__MP Round 1 Allotment.txt,669,
MP,Madhya Pradesh,2025,R1,NEET_AIR,16395.0,NOT ALLOTTED,NOT ALLOTTED NOT ALLOTTED,NOT ALLOTTED,,,MP__MP Round 1 Allotment.txt,670,
MP,Madhya Pradesh,2025,R1,NEET_AIR,16405.0,NOT ALLOTTED,NOT ALLOTTED NOT ALLOTTED,NOT ALLOTTED,,,MP__MP Round 1 Allotment.txt,671,
MP,Madhya Pradesh,2025,R1,NEET_AIR,16478.0,COLLEGE JABALPUR,MD PAEDIATRICS,SC,,,MP__MP Round 1 Allotment.txt,673,
MP,Madhya Pradesh,2025,R1,NEET_AIR,16518.0,COLLEGE JABALPUR,MD ANAESTHESIOLOGY,INST/UR/X/OP,,,MP__MP Round 1 Allotment.txt,675,
MP,Madhya Pradesh,2025,R1,NEET_AIR,16536.0,NOT ALLOTTED,NOT ALLOTTED NOT ALLOTTED NOT ALLOTTED NOT ALLOTTED,,,,MP__MP Round 1 Allotment.txt,676,
MP,Madhya Pradesh,2025,R1,NEET_AIR,16595.0,NOT ALLOTTED,NOT ALLOTTED NOT ALLOTTED NOT ALLOTTED NOT ALLOTTED,,,,MP__MP Round 1 Allotment.txt,677,
MP,Madhya Pradesh,2025,R1,NEET_AIR,16605.0,INDORE,MD GENERAL MEDICINE,OBC,,,MP__MP Round 1 Allotment.txt,679,
MP,Madhya Pradesh,2025,R1,NEET_AIR,16610.0,NOT ALLOTTED,NOT ALLOTTED NOT ALLOTTED NOT ALLOTTED NOT ALLOTTED,,,,MP__MP Round 1 Allotment.txt,680,
MP,Madhya Pradesh,2025,R1,NEET_AIR,16643.0,RESEARCH CENTER INDORE,MD AND LEPROSY,UR/X/OP,,,MP__MP Round 1 Allotment.txt,682,
MP,Madhya Pradesh,2025,R1,NEET_AIR,16688.0,GANDHI MEDICAL COLLEGE BHOPAL,MD ANAESTHESIOLOGY,EWS,,,MP__MP Round 1 Allotment.txt,683,
MP,Madhya Pradesh,2025,R1,NEET_AIR,16699.0,RESEARCH CENTER INDORE,MD GENERAL MEDICINE,UR/X/OP,,,MP__MP Round 1 Allotment.txt,685,
MP,Madhya Pradesh,2025,R1,NEET_AIR,16726.0,INDORE,MS OBSTETRICS AND GYNAECOLOGY Clinical,,,,MP__MP Round 1 Allotment.txt,687,
MP,Madhya Pradesh,2025,R1,NEET_AIR,16743.0,GAJRA RAJA MEDICAL COLLEGE GWALIOR,MD ANAESTHESIOLOGY,EWS,,,MP__MP Round 1 Allotment.txt,688,
MP,Madhya Pradesh,2025,R1,NEET_AIR,16799.0,INDORE,MS OBSTETRICS AND GYNAECOLOGY Clinical,,,,MP__MP Round 1 Allotment.txt,690,
MP,Madhya Pradesh,2025,R1,NEET_AIR,16813.0,CHHINDWARA,MS OTORHINOLARYNGOLOGY (ENT),INST/UR/X/OP,,,MP__MP Round 1 Allotment.txt,692,
MP,Madhya Pradesh,2025,R1,NEET_AIR,16871.0,NOT ALLOTTED,NOT ALLOTTED NOT ALLOTTED NOT ALLOTTED NOT ALLOTTED,,,,MP__MP Round 1 Allotment.txt,693,
MP,Madhya Pradesh,2025,R1,NEET_AIR,16907.0,NOT ALLOTTED,NOT ALLOTTED NOT ALLOTTED NOT ALLOTTED NOT ALLOTTED,,,,MP__MP Round 1 Allotment.txt,694,
MP,Madhya Pradesh,2025,R1,NEET_AIR,16938.0,BHOPAL,MD PAEDIATRICS,UR/X/OP,,,MP__MP Round 1 Allotment.txt,696,
MP,Madhya Pradesh,2025,R1,NEET_AIR,16991.0,SHYAM SHAH MEDICAL COLLEGE REWA,MD ANAESTHESIOLOGY,INST/UR/X/OP,,,MP__MP Round 1 Allotment.txt,697,
MP,Madhya Pradesh,2025,R1,NEET_AIR,17044.0,RESEARCH CENTRE BHOPAL,MD GENERAL MEDICINE,UR/X/OP,,,MP__MP Round 1 Allotment.txt,699,
MP,Madhya Pradesh,2025,R1,NEET_AIR,17056.0,NOT ALLOTTED,NOT ALLOTTED NOT ALLOTTED,NOT ALLOTTED,,,MP__MP Round 1 Allotment.txt,700,
MP,Madhya Pradesh,2025,R1,NEET_AIR,17107.0,NOT ALLOTTED,NOT ALLOTTED NOT ALLOTTED,NOT ALLOTTED,,,MP__MP Round 1 Allotment.txt,701,
MP,Madhya Pradesh,2025,R1,NEET_AIR,17121.0,NOT ALLOTTED,NOT ALLOTTED NOT ALLOTTED,NOT ALLOTTED,,,MP__MP Round 1 Allotment.txt,702,
MP,Madhya Pradesh,2025,R1,NEET_AIR,17128.0,NOT ALLOTTED,NOT ALLOTTED NOT ALLOTTED,NOT ALLOTTED,,,MP__MP Round 1 Allotment.txt,703,
MP,Madhya Pradesh,2025,R1,NEET_AIR,17134.0,NOT ALLOTTED,NOT ALLOTTED NOT ALLOTTED,NOT ALLOTTED,,,MP__MP Round 1 Allotment.txt,704,
MP,Madhya Pradesh,2025,R1,NEET_AIR,17146.0,NOT ALLOTTED,NOT ALLOTTED NOT ALLOTTED,NOT ALLOTTED,,,MP__MP Round 1 Allotment.txt,705,
MP,Madhya Pradesh,2025,R1,NEET_AIR,17156.0,NOT ALLOTTED,NOT ALLOTTED NOT ALLOTTED,NOT ALLOTTED,,,MP__MP Round 1 Allotment.txt,706,
MP,Madhya Pradesh,2025,R1,NEET_AIR,17158.0,NOT ALLOTTED,NOT ALLOTTED NOT ALLOTTED,NOT ALLOTTED,,,MP__MP Round 1 Allotment.txt,707,
MP,Madhya Pradesh,2025,R1,NEET_AIR,17177.0,RD GARDI MEDICAL COLLEGE UJJAIN,MD PSYCHIATRY,UR/X/OP,,,MP__MP Round 1 Allotment.txt,708,
MP,Madhya Pradesh,2025,R1,NEET_AIR,17179.0,DEWAS,MD GENERAL MEDICINE,UR/X/OP,,,MP__MP Round 1 Allotment.txt,710,
MP,Madhya Pradesh,2025,R1,NEET_AIR,17253.0,NOT ALLOTTED,NOT ALLOTTED NOT ALLOTTED NOT ALLOTTED NOT ALLOTTED,,,,MP__MP Round 1 Allotment.txt,711,
MP,Madhya Pradesh,2025,R1,NEET_AIR,17275.0,INDORE,MD PAEDIATRICS,UR/X/OP,,,MP__MP Round 1 Allotment.txt,713,
MP,Madhya Pradesh,2025,R1,NEET_AIR,17339.0,NOT ALLOTTED,NOT ALLOTTED NOT ALLOTTED,NOT ALLOTTED,,,MP__MP Round 1 Allotment.txt,714,
MP,Madhya Pradesh,2025,R1,NEET_AIR,17343.0,NOT ALLOTTED,NOT ALLOTTED NOT ALLOTTED,NOT ALLOTTED,,,MP__MP Round 1 Allotment.txt,715,
MP,Madhya Pradesh,2025,R1,NEET_AIR,17375.0,SHYAM SHAH MEDICAL COLLEGE REWA,MD ANAESTHESIOLOGY,INST/UR/X/OP,,,MP__MP Round 1 Allotment.txt,716,
MP,Madhya Pradesh,2025,R1,NEET_AIR,17397.0,COLLEGE INDORE,MS GENERAL SURGERY,SC,,,MP__MP Round 1 Allotment.txt,718,
MP,Madhya Pradesh,2025,R1,NEET_AIR,17435.0,NOT ALLOTTED,NOT ALLOTTED NOT ALLOTTED,NOT ALLOTTED,,,MP__MP Round 1 Allotment.txt,719,
MP,Madhya Pradesh,2025,R1,NEET_AIR,17464.0,NOT ALLOTTED,NOT ALLOTTED NOT ALLOTTED,NOT ALLOTTED,,,MP__MP Round 1 Allotment.txt,720,
MP,Madhya Pradesh,2025,R1,NEET_AIR,17553.0,NOT ALLOTTED,NOT ALLOTTED NOT ALLOTTED,NOT ALLOTTED,,,MP__MP Round 1 Allotment.txt,721,
MP,Madhya Pradesh,2025,R1,NEET_AIR,17607.0,NOT ALLOTTED,NOT ALLOTTED NOT ALLOTTED,NOT ALLOTTED,,,MP__MP Round 1 Allotment.txt,722,
MP,Madhya Pradesh,2025,R1,NEET_AIR,17673.0,NOT ALLOTTED,NOT ALLOTTED NOT ALLOTTED,NOT ALLOTTED,,,MP__MP Round 1 Allotment.txt,723,
MP,Madhya Pradesh,2025,R1,NEET_AIR,524.0,ANAESTHESIOLOGY,Govt Clinical,,,,MP__MP Round 1 Allotment.txt,734,
MP,Madhya Pradesh,2025,R1,NEET_AIR,524.0,NOT ALLOTTED,NOT ALLOTTED NOT ALLOTTED,,,,MP__MP Round 1 Allotment.txt,735,
MP,Madhya Pradesh,2025,R1,NEET_AIR,523.0,NOT ALLOTTED,NOT ALLOTTED NOT ALLOTTED,,,,MP__MP Round 1 Allotment.txt,736,
MP,Madhya Pradesh,2025,R1,NEET_AIR,523.0,GENERAL MEDICINE,Private Clinical,,,,MP__MP Round 1 Allotment.txt,738,
MP,Madhya Pradesh,2025,R1,NEET_AIR,17858.0,PEOPLES COLLEGE OF MEDICAL SCIENCE BHOPAL,MD GENERAL MEDICINE,OBC,,,MP__MP Round 1 Allotment.txt,741,
MP,Madhya Pradesh,2025,R1,NEET_AIR,17882.0,COLLEGE INDORE,MD ANAESTHESIOLOGY,EWS,,,MP__MP Round 1 Allotment.txt,743,
MP,Madhya Pradesh,2025,R1,NEET_AIR,17886.0,COLLEGE INDORE,MS ORTHOPAEDICS,SC,,,MP__MP Round 1 Allotment.txt,745,
MP,Madhya Pradesh,2025,R1,NEET_AIR,17888.0,DEWAS,MD GENERAL MEDICINE,INST/UR/X/OP,,,MP__MP Round 1 Allotment.txt,747,
MP,Madhya Pradesh,2025,R1,NEET_AIR,17893.0,INDORE,MS ORTHOPAEDICS,UR/X/OP,,,MP__MP Round 1 Allotment.txt,749,
MP,Madhya Pradesh,2025,R1,NEET_AIR,17902.0,NOT ALLOTTED,NOT ALLOTTED NOT ALLOTTED,NOT ALLOTTED,,,MP__MP Round 1 Allotment.txt,750,
MP,Madhya Pradesh,2025,R1,NEET_AIR,17929.0,NOT ALLOTTED,NOT ALLOTTED NOT ALLOTTED,NOT ALLOTTED,,,MP__MP Round 1 Allotment.txt,751,
MP,Madhya Pradesh,2025,R1,NEET_AIR,17972.0,GANDHI MEDICAL COLLEGE BHOPAL,MD PATHOLOGY,INST/UR/X/OP,,,MP__MP Round 1 Allotment.txt,752,
MP,Madhya Pradesh,2025,R1,NEET_AIR,17992.0,NOT ALLOTTED,NOT ALLOTTED NOT ALLOTTED,NOT ALLOTTED,,,MP__MP Round 1 Allotment.txt,753,
MP,Madhya Pradesh,2025,R1,NEET_AIR,18024.0,NOT ALLOTTED,NOT ALLOTTED NOT ALLOTTED,NOT ALLOTTED,,,MP__MP Round 1 Allotment.txt,754,
MP,Madhya Pradesh,2025,R1,NEET_AIR,18108.0,NOT ALLOTTED,NOT ALLOTTED NOT ALLOTTED,NOT ALLOTTED,,,MP__MP Round 1 Allotment.txt,755,
MP,Madhya Pradesh,2025,R1,NEET_AIR,18181.0,NOT ALLOTTED,NOT ALLOTTED NOT ALLOTTED,NOT ALLOTTED,,,MP__MP Round 1 Allotment.txt,756,
MP,Madhya Pradesh,2025,R1,NEET_AIR,18202.0,COLLEGE JABALPUR,MD ANAESTHESIOLOGY,EWS,,,MP__MP Round 1 Allotment.txt,758,
MP,Madhya Pradesh,2025,R1,NEET_AIR,18210.0,GOVERMENT MEDICAL COLLEGE RATLAM,MD GENERAL MEDICINE,SC,,,MP__MP Round 1 Allotment.txt,759,
MP,Madhya Pradesh,2025,R1,NEET_AIR,18247.0,COLLEGE JABALPUR,MS OTORHINOLARYNGOLOGY (ENT),OBC,,,MP__MP Round 1 Allotment.txt,761,
MP,Madhya Pradesh,2025,R1,NEET_AIR,18250.0,NOT ALLOTTED,NOT ALLOTTED NOT ALLOTTED NOT ALLOTTED NOT ALLOTTED,,,,MP__MP Round 1 Allotment.txt,762,
MP,Madhya Pradesh,2025,R1,NEET_AIR,46999.0,NOT ALLOTTED,NOT ALLOTTED NOT ALLOTTED NOT ALLOTTED NOT ALLOTTED,,,,MP__MP Round 1 Allotment.txt,763,
MP,Madhya Pradesh,2025,R1,NEET_AIR,59576.0,COLLEGE JABALPUR,MD RADIODIAGNOSIS,IN_UR/X/OP,,,MP__MP Round 1 Allotment.txt,765,
MP,Madhya Pradesh,2025,R1,NEET_AIR,18288.0,GANDHI MEDICAL COLLEGE BHOPAL,MD RESPIRATORY MEDICINE,SC,,,MP__MP Round 1 Allotment.txt,766,
MP,Madhya Pradesh,2025,R1,NEET_AIR,18294.0,NOT ALLOTTED,NOT ALLOTTED NOT ALLOTTED,NOT ALLOTTED,,,MP__MP Round 1 Allotment.txt,767,
MP,Madhya Pradesh,2025,R1,NEET_AIR,18327.0,NOT ALLOTTED,NOT ALLOTTED NOT ALLOTTED,NOT ALLOTTED,,,MP__MP Round 1 Allotment.txt,768,
MP,Madhya Pradesh,2025,R1,NEET_AIR,18353.0,NOT ALLOTTED,NOT ALLOTTED NOT ALLOTTED,NOT ALLOTTED,,,MP__MP Round 1 Allotment.txt,769,
MP,Madhya Pradesh,2025,R1,NEET_AIR,18390.0,NOT ALLOTTED,NOT ALLOTTED NOT ALLOTTED,NOT ALLOTTED,,,MP__MP Round 1 Allotment.txt,770,
MP,Madhya Pradesh,2025,R1,NEET_AIR,18415.0,PEOPLES COLLEGE OF MEDICAL SCIENCE BHOPAL,MS OBSTETRICS AND GYNAECOLOGY Clinical,,,,MP__MP Round 1 Allotment.txt,772,
MP,Madhya Pradesh,2025,R1,NEET_AIR,18438.0,BHOPAL,MS OBSTETRICS AND GYNAECOLOGY,UR/X/OP,,,MP__MP Round 1 Allotment.txt,775,
MP,Madhya Pradesh,2025,R1,NEET_AIR,18457.0,NOT ALLOTTED,NOT ALLOTTED NOT ALLOTTED NOT ALLOTTED NOT ALLOTTED,,,,MP__MP Round 1 Allotment.txt,776,
MP,Madhya Pradesh,2025,R1,NEET_AIR,18497.0,NOT ALLOTTED,NOT ALLOTTED NOT ALLOTTED NOT ALLOTTED NOT ALLOTTED,,,,MP__MP Round 1 Allotment.txt,777,
MP,Madhya Pradesh,2025,R1,NEET_AIR,18501.0,NOT ALLOTTED,NOT ALLOTTED NOT ALLOTTED NOT ALLOTTED NOT ALLOTTED,,,,MP__MP Round 1 Allotment.txt,778,
MP,Madhya Pradesh,2025,R1,NEET_AIR,18503.0,NOT ALLOTTED,NOT ALLOTTED NOT ALLOTTED NOT ALLOTTED NOT ALLOTTED,,,,MP__MP Round 1 Allotment.txt,779,
MP,Madhya Pradesh,2025,R1,NEET_AIR,18525.0,NOT ALLOTTED,NOT ALLOTTED NOT ALLOTTED NOT ALLOTTED NOT ALLOTTED,,,,MP__MP Round 1 Allotment.txt,780,
MP,Madhya Pradesh,2025,R1,NEET_AIR,18581.0,NOT ALLOTTED,NOT ALLOTTED NOT ALLOTTED NOT ALLOTTED NOT ALLOTTED,,,,MP__MP Round 1 Allotment.txt,781,
MP,Madhya Pradesh,2025,R1,NEET_AIR,18600.0,COLLEGE JABALPUR,MD RADIODIAGNOSIS,ST,,,MP__MP Round 1 Allotment.txt,783,
MP,Madhya Pradesh,2025,R1,NEET_AIR,18659.0,GANDHI MEDICAL COLLEGE BHOPAL,MD PAEDIATRICS,SC,,,MP__MP Round 1 Allotment.txt,784,
MP,Madhya Pradesh,2025,R1,NEET_AIR,18664.0,GANDHI MEDICAL COLLEGE BHOPAL,MS OBSTETRICS AND GYNAECOLOGY,SC,,,MP__MP Round 1 Allotment.txt,786,
MP,Madhya Pradesh,2025,R1,NEET_AIR,18665.0,NOT ALLOTTED,NOT ALLOTTED NOT ALLOTTED,NOT ALLOTTED,,,MP__MP Round 1 Allotment.txt,787,
MP,Madhya Pradesh,2025,R1,NEET_AIR,18673.0,NOT ALLOTTED,NOT ALLOTTED NOT ALLOTTED,NOT ALLOTTED,,,MP__MP Round 1 Allotment.txt,788,
MP,Madhya Pradesh,2025,R1,NEET_AIR,18702.0,NOT ALLOTTED,NOT ALLOTTED NOT ALLOTTED,NOT ALLOTTED,,,MP__MP Round 1 Allotment.txt,789,
MP,Madhya Pradesh,2025,R1,NEET_AIR,18730.0,INDORE,MD PAEDIATRICS,UR/X/OP,,,MP__MP Round 1 Allotment.txt,791,
MP,Madhya Pradesh,2025,R1,NEET_AIR,18895.0,INDORE,MS OBSTETRICS AND GYNAECOLOGY Clinical,,,,MP__MP Round 1 Allotment.txt,793,
MP,Madhya Pradesh,2025,R1,NEET_AIR,18984.0,NOT ALLOTTED,NOT ALLOTTED NOT ALLOTTED NOT ALLOTTED NOT ALLOTTED,,,,MP__MP Round 1 Allotment.txt,794,
MP,Madhya Pradesh,2025,R1,NEET_AIR,19003.0,COLLEGE VIDISHA,MS OPHTHALMOLOGY,EWS,,,MP__MP Round 1 Allotment.txt,796,
MP,Madhya Pradesh,2025,R1,NEET_AIR,19024.0,GOVERMENT MEDICAL COLLEGE RATLAM,MD ANAESTHESIOLOGY,EWS,,,MP__MP Round 1 Allotment.txt,797,
MP,Madhya Pradesh,2025,R1,NEET_AIR,19052.0,NOT ALLOTTED,NOT ALLOTTED NOT ALLOTTED,NOT ALLOTTED,,,MP__MP Round 1 Allotment.txt,798,
MP,Madhya Pradesh,2025,R1,NEET_AIR,19053.0,GOVERMENT MEDICAL COLLEGE SATNA,MD ANAESTHESIOLOGY,INST/UR/X/OP,,,MP__MP Round 1 Allotment.txt,799,
MP,Madhya Pradesh,2025,R1,NEET_AIR,19103.0,NOT ALLOTTED,NOT ALLOTTED NOT ALLOTTED,NOT ALLOTTED,,,MP__MP Round 1 Allotment.txt,800,
MP,Madhya Pradesh,2025,R1,NEET_AIR,19104.0,RD GARDI MEDICAL COLLEGE UJJAIN,MD RESPIRATORY MEDICINE,UR/X/OP,,,MP__MP Round 1 Allotment.txt,801,
MP,Madhya Pradesh,2025,R1,NEET_AIR,19136.0,NOT ALLOTTED,NOT ALLOTTED NOT ALLOTTED,NOT ALLOTTED,,,MP__MP Round 1 Allotment.txt,802,
MP,Madhya Pradesh,2025,R1,NEET_AIR,19159.0,NOT ALLOTTED,NOT ALLOTTED NOT ALLOTTED,NOT ALLOTTED,,,MP__MP Round 1 Allotment.txt,803,
MP,Madhya Pradesh,2025,R1,NEET_AIR,19177.0,NOT ALLOTTED,NOT ALLOTTED NOT ALLOTTED,NOT ALLOTTED,,,MP__MP Round 1 Allotment.txt,804,
MP,Madhya Pradesh,2025,R1,NEET_AIR,19204.0,COLLEGE INDORE,MD ANAESTHESIOLOGY,OBC,,,MP__MP Round 1 Allotment.txt,806,
MP,Madhya Pradesh,2025,R1,NEET_AIR,19262.0,LN MEDICAL COLLEGE BHOPAL,MD PAEDIATRICS,UR/X/OP,,,MP__MP Round 1 Allotment.txt,807,
MP,Madhya Pradesh,2025,R1,NEET_AIR,19267.0,NOT ALLOTTED,NOT ALLOTTED NOT ALLOTTED,NOT ALLOTTED,,,MP__MP Round 1 Allotment.txt,808,
MP,Madhya Pradesh,2025,R1,NEET_AIR,19313.0,NOT ALLOTTED,NOT ALLOTTED NOT ALLOTTED,NOT ALLOTTED,,,MP__MP Round 1 Allotment.txt,809,
MP,Madhya Pradesh,2025,R1,NEET_AIR,19326.0,NOT ALLOTTED,NOT ALLOTTED NOT ALLOTTED,NOT ALLOTTED,,,MP__MP Round 1 Allotment.txt,810,
MP,Madhya Pradesh,2025,R1,NEET_AIR,19418.0,NOT ALLOTTED,NOT ALLOTTED NOT ALLOTTED,NOT ALLOTTED,,,MP__MP Round 1 Allotment.txt,811,
MP,Madhya Pradesh,2025,R1,NEET_AIR,19443.0,INDORE,MD PAEDIATRICS,UR/X/OP,,,MP__MP Round 1 Allotment.txt,813,
MP,Madhya Pradesh,2025,R1,NEET_AIR,19459.0,NOT ALLOTTED,NOT ALLOTTED NOT ALLOTTED NOT ALLOTTED NOT ALLOTTED,,,,MP__MP Round 1 Allotment.txt,814,
MP,Madhya Pradesh,2025,R1,NEET_AIR,19464.0,COLLEGE VIDISHA,MD ANAESTHESIOLOGY,INST/UR/X/OP,,,MP__MP Round 1 Allotment.txt,816,
MP,Madhya Pradesh,2025,R1,NEET_AIR,19532.0,PEOPLES COLLEGE OF MEDICAL SCIENCE BHOPAL PAEDIATRICS,MD Clinical,,,,MP__MP Round 1 Allotment.txt,818,
MP,Madhya Pradesh,2025,R1,NEET_AIR,19544.0,GOVERNMENT MEDICAL COLLEGE DATIA,MD ANAESTHESIOLOGY,INST/UR/X/OP,,,MP__MP Round 1 Allotment.txt,819,
MP,Madhya Pradesh,2025,R1,NEET_AIR,19606.0,LN MEDICAL COLLEGE BHOPAL,MS OBSTETRICS AND GYNAECOLOGY,UR/X/OP,,,MP__MP Round 1 Allotment.txt,821,
MP,Madhya Pradesh,2025,R1,NEET_AIR,19646.0,SHYAM SHAH MEDICAL COLLEGE REWA,MS OTORHINOLARYNGOLOGY (ENT),OBC,,,MP__MP Round 1 Allotment.txt,822,
MP,Madhya Pradesh,2025,R1,NEET_AIR,19647.0,NOT ALLOTTED,NOT ALLOTTED NOT ALLOTTED,NOT ALLOTTED,,,MP__MP Round 1 Allotment.txt,823,
MP,Madhya Pradesh,2025,R1,NEET_AIR,19690.0,GAJRA RAJA MEDICAL COLLEGE GWALIOR,MD PSYCHIATRY,OBC,,,MP__MP Round 1 Allotment.txt,824,
MP,Madhya Pradesh,2025,R1,NEET_AIR,19699.0,NOT ALLOTTED,NOT ALLOTTED NOT ALLOTTED,NOT ALLOTTED,,,MP__MP Round 1 Allotment.txt,825,
MP,Madhya Pradesh,2025,R1,NEET_AIR,19703.0,CHHINDWARA,MD ANAESTHESIOLOGY,INST/UR/X/OP,,,MP__MP Round 1 Allotment.txt,827,
MP,Madhya Pradesh,2025,R1,NEET_AIR,19753.0,NOT ALLOTTED,NOT ALLOTTED NOT ALLOTTED,NOT ALLOTTED,,,MP__MP Round 1 Allotment.txt,828,
MP,Madhya Pradesh,2025,R1,NEET_AIR,19761.0,NOT ALLOTTED,NOT ALLOTTED NOT ALLOTTED,NOT ALLOTTED,,,MP__MP Round 1 Allotment.txt,829,
MP,Madhya Pradesh,2025,R1,NEET_AIR,19802.0,NOT ALLOTTED,NOT ALLOTTED NOT ALLOTTED,NOT ALLOTTED,,,MP__MP Round 1 Allotment.txt,830,
MP,Madhya Pradesh,2025,R1,NEET_AIR,19824.0,COLLEGE JABALPUR,MD ANAESTHESIOLOGY,OBC,,,MP__MP Round 1 Allotment.txt,832,
MP,Madhya Pradesh,2025,R1,NEET_AIR,19827.0,NOT ALLOTTED,NOT ALLOTTED NOT ALLOTTED NOT ALLOTTED NOT ALLOTTED,,,,MP__MP Round 1 Allotment.txt,833,
MP,Madhya Pradesh,2025,R1,NEET_AIR,19837.0,INDORE,MD AND LEPROSY,OBC,,,MP__MP Round 1 Allotment.txt,835,
MP,Madhya Pradesh,2025,R1,NEET_AIR,19839.0,BHOPAL,MD PAEDIATRICS,UR/X/OP,,,MP__MP Round 1 Allotment.txt,837,
MP,Madhya Pradesh,2025,R1,NEET_AIR,19871.0,NOT ALLOTTED,NOT ALLOTTED NOT ALLOTTED,NOT ALLOTTED,,,MP__MP Round 1 Allotment.txt,838,
MP,Madhya Pradesh,2025,R1,NEET_AIR,19922.0,NOT ALLOTTED,NOT ALLOTTED NOT ALLOTTED,NOT ALLOTTED,,,MP__MP Round 1 Allotment.txt,839,
MP,Madhya Pradesh,2025,R1,NEET_AIR,19925.0,NOT ALLOTTED,NOT ALLOTTED NOT ALLOTTED,NOT ALLOTTED,,,MP__MP Round 1 Allotment.txt,840,
MP,Madhya Pradesh,2025,R1,NEET_AIR,20002.0,COLLEGE INDORE,MD BLOOD TRANSFUSION,INST/UR/X/OP,,,MP__MP Round 1 Allotment.txt,842,
MP,Madhya Pradesh,2025,R1,NEET_AIR,20019.0,NOT ALLOTTED,NOT ALLOTTED NOT ALLOTTED,NOT ALLOTTED,,,MP__MP Round 1 Allotment.txt,843,
MP,Madhya Pradesh,2025,R1,NEET_AIR,20023.0,NOT ALLOTTED,NOT ALLOTTED NOT ALLOTTED,NOT ALLOTTED,,,MP__MP Round 1 Allotment.txt,844,
MP,Madhya Pradesh,2025,R1,NEET_AIR,20131.0,GOVERMENT MEDICAL COLLEGE RATLAM,MS OTORHINOLARYNGOLOGY (ENT),EWS,,,MP__MP Round 1 Allotment.txt,845,
MP,Madhya Pradesh,2025,R1,NEET_AIR,20199.0,NOT ALLOTTED,NOT ALLOTTED NOT ALLOTTED,NOT ALLOTTED,,,MP__MP Round 1 Allotment.txt,846,
MP,Madhya Pradesh,2025,R1,NEET_AIR,20200.0,BHOPAL,MD AND LEPROSY,INST/UR/X/OP,,,MP__MP Round 1 Allotment.txt,848,
MP,Madhya Pradesh,2025,R1,NEET_AIR,20230.0,INDORE,MD PAEDIATRICS,INST/UR/X/OP,,,MP__MP Round 1 Allotment.txt,850,
MP,Madhya Pradesh,2025,R1,NEET_AIR,20246.0,NOT ALLOTTED,NOT ALLOTTED NOT ALLOTTED,NOT ALLOTTED,,,MP__MP Round 1 Allotment.txt,851,
MP,Madhya Pradesh,2025,R1,NEET_AIR,20248.0,NOT ALLOTTED,NOT ALLOTTED NOT ALLOTTED,NOT ALLOTTED,,,MP__MP Round 1 Allotment.txt,852,
MP,Madhya Pradesh,2025,R1,NEET_AIR,20266.0,GAJRA RAJA MEDICAL COLLEGE GWALIOR,MD PAEDIATRICS,SC,,,MP__MP Round 1 Allotment.txt,853,
MP,Madhya Pradesh,2025,R1,NEET_AIR,20276.0,NOT ALLOTTED,NOT ALLOTTED NOT ALLOTTED,NOT ALLOTTED,,,MP__MP Round 1 Allotment.txt,854,
MP,Madhya Pradesh,2025,R1,NEET_AIR,20288.0,NOT ALLOTTED,NOT ALLOTTED NOT ALLOTTED,NOT ALLOTTED,,,MP__MP Round 1 Allotment.txt,855,
MP,Madhya Pradesh,2025,R1,NEET_AIR,20306.0,NOT ALLOTTED,NOT ALLOTTED NOT ALLOTTED,NOT ALLOTTED,,,MP__MP Round 1 Allotment.txt,856,
MP,Madhya Pradesh,2025,R1,NEET_AIR,20330.0,NOT ALLOTTED,NOT ALLOTTED NOT ALLOTTED,NOT ALLOTTED,,,MP__MP Round 1 Allotment.txt,857,
MP,Madhya Pradesh,2025,R1,NEET_AIR,20332.0,GANDHI MEDICAL COLLEGE BHOPAL,MD ANAESTHESIOLOGY,OBC,,,MP__MP Round 1 Allotment.txt,858,
MP,Madhya Pradesh,2025,R1,NEET_AIR,49284.0,NOT ALLOTTED,NOT ALLOTTED NOT ALLOTTED,NOT ALLOTTED,,,MP__MP Round 1 Allotment.txt,859,
MP,Madhya Pradesh,2025,R1,NEET_AIR,20365.0,NOT ALLOTTED,NOT ALLOTTED NOT ALLOTTED,NOT ALLOTTED,,,MP__MP Round 1 Allotment.txt,860,
MP,Madhya Pradesh,2025,R1,NEET_AIR,20383.0,NOT ALLOTTED,NOT ALLOTTED NOT ALLOTTED,NOT ALLOTTED,,,MP__MP Round 1 Allotment.txt,861,
MP,Madhya Pradesh,2025,R1,NEET_AIR,20414.0,MEDICAL COLLEGE KHANDWA,MS OTORHINOLARYNGOLOGY (ENT),EWS,,,MP__MP Round 1 Allotment.txt,863,
MP,Madhya Pradesh,2025,R1,NEET_AIR,20428.0,NOT ALLOTTED,NOT ALLOTTED NOT ALLOTTED NOT ALLOTTED NOT ALLOTTED,,,,MP__MP Round 1 Allotment.txt,864,
MP,Madhya Pradesh,2025,R1,NEET_AIR,20501.0,NOT ALLOTTED,NOT ALLOTTED NOT ALLOTTED NOT ALLOTTED NOT ALLOTTED,,,,MP__MP Round 1 Allotment.txt,865,
MP,Madhya Pradesh,2025,R1,NEET_AIR,35283.0,RESEARCH CENTRE BHOPAL,MD AND LEPROSY,OBC,,,MP__MP Round 1 Allotment.txt,867,
MP,Madhya Pradesh,2025,R1,NEET_AIR,513.0,ANAESTHESIOLOGY,Govt Clinical,,,,MP__MP Round 1 Allotment.txt,878,
MP,Madhya Pradesh,2025,R1,NEET_AIR,513.0,NOT ALLOTTED,NOT ALLOTTED NOT ALLOTTED,,,,MP__MP Round 1 Allotment.txt,879,
MP,Madhya Pradesh,2025,R1,NEET_AIR,512.0,NOT ALLOTTED,NOT ALLOTTED NOT ALLOTTED,,,,MP__MP Round 1 Allotment.txt,884,
MP,Madhya Pradesh,2025,R1,NEET_AIR,21031.0,COLLEGE INDORE,MD RADIODIAGNOSIS,ST,,,MP__MP Round 1 Allotment.txt,893,
MP,Madhya Pradesh,2025,R1,NEET_AIR,21040.0,NOT ALLOTTED,NOT ALLOTTED NOT ALLOTTED NOT ALLOTTED NOT ALLOTTED,,,,MP__MP Round 1 Allotment.txt,894,
MP,Madhya Pradesh,2025,R1,NEET_AIR,21061.0,NOT ALLOTTED,NOT ALLOTTED NOT ALLOTTED NOT ALLOTTED NOT ALLOTTED,,,,MP__MP Round 1 Allotment.txt,895,
MP,Madhya Pradesh,2025,R1,NEET_AIR,21092.0,COLLEGE INDORE,MD PATHOLOGY,OBC,,,MP__MP Round 1 Allotment.txt,897,
MP,Madhya Pradesh,2025,R1,NEET_AIR,21108.0,NOT ALLOTTED,NOT ALLOTTED NOT ALLOTTED,NOT ALLOTTED,,,MP__MP Round 1 Allotment.txt,898,
MP,Madhya Pradesh,2025,R1,NEET_AIR,21121.0,NOT ALLOTTED,NOT ALLOTTED NOT ALLOTTED,NOT ALLOTTED,,,MP__MP Round 1 Allotment.txt,899,
MP,Madhya Pradesh,2025,R1,NEET_AIR,21125.0,NOT ALLOTTED,NOT ALLOTTED NOT ALLOTTED,NOT ALLOTTED,,,MP__MP Round 1 Allotment.txt,900,
MP,Madhya Pradesh,2025,R1,NEET_AIR,21151.0,SHYAM SHAH MEDICAL COLLEGE REWA,MD PAEDIATRICS,SC,,,MP__MP Round 1 Allotment.txt,901,
MP,Madhya Pradesh,2025,R1,NEET_AIR,21169.0,INDORE,MS OBSTETRICS AND GYNAECOLOGY Clinical,,,,MP__MP Round 1 Allotment.txt,903,
MP,Madhya Pradesh,2025,R1,NEET_AIR,36330.0,NOT ALLOTTED,NOT ALLOTTED NOT ALLOTTED NOT ALLOTTED NOT ALLOTTED,,,,MP__MP Round 1 Allotment.txt,904,
MP,Madhya Pradesh,2025,R1,NEET_AIR,21256.0,NOT ALLOTTED,NOT ALLOTTED NOT ALLOTTED NOT ALLOTTED NOT ALLOTTED,,,,MP__MP Round 1 Allotment.txt,905,
MP,Madhya Pradesh,2025,R1,NEET_AIR,21347.0,RESEARCH CENTER INDORE,MD PAEDIATRICS,UR/X/OP,,,MP__MP Round 1 Allotment.txt,907,
MP,Madhya Pradesh,2025,R1,NEET_AIR,21372.0,RD GARDI MEDICAL COLLEGE UJJAIN,MS GENERAL SURGERY,UR/X/OP,,,MP__MP Round 1 Allotment.txt,908,
MP,Madhya Pradesh,2025,R1,NEET_AIR,21379.0,INDORE,MD PAEDIATRICS,INST/UR/X/OP,,,MP__MP Round 1 Allotment.txt,910,
MP,Madhya Pradesh,2025,R1,NEET_AIR,21391.0,NOT ALLOTTED,NOT ALLOTTED NOT ALLOTTED,NOT ALLOTTED,,,MP__MP Round 1 Allotment.txt,911,
MP,Madhya Pradesh,2025,R1,NEET_AIR,21448.0,NOT ALLOTTED,NOT ALLOTTED NOT ALLOTTED,NOT ALLOTTED,,,MP__MP Round 1 Allotment.txt,912,
MP,Madhya Pradesh,2025,R1,NEET_AIR,21456.0,NOT ALLOTTED,NOT ALLOTTED NOT ALLOTTED,NOT ALLOTTED,,,MP__MP Round 1 Allotment.txt,913,
MP,Madhya Pradesh,2025,R1,NEET_AIR,21467.0,NOT ALLOTTED,NOT ALLOTTED NOT ALLOTTED,NOT ALLOTTED,,,MP__MP Round 1 Allotment.txt,914,
MP,Madhya Pradesh,2025,R1,NEET_AIR,21544.0,INDORE,MS ORTHOPAEDICS,UR/X/OP,,,MP__MP Round 1 Allotment.txt,916,
MP,Madhya Pradesh,2025,R1,NEET_AIR,21559.0,RESEARCH CENTER INDORE,MD GENERAL MEDICINE,INST/UR/X/OP,,,MP__MP Round 1 Allotment.txt,918,
MP,Madhya Pradesh,2025,R1,NEET_AIR,21560.0,BUNDELKHAND MEDICAL COLLEGE SAGAR,MD ANAESTHESIOLOGY,OBC,,,MP__MP Round 1 Allotment.txt,919,
MP,Madhya Pradesh,2025,R1,NEET_AIR,21585.0,RESEARCH CENTER INDORE,MS OBSTETRICS AND GYNAECOLOGY Clinical,,,,MP__MP Round 1 Allotment.txt,921,
MP,Madhya Pradesh,2025,R1,NEET_AIR,21598.0,NOT ALLOTTED,NOT ALLOTTED NOT ALLOTTED NOT ALLOTTED NOT ALLOTTED,,,,MP__MP Round 1 Allotment.txt,922,
MP,Madhya Pradesh,2025,R1,NEET_AIR,21602.0,NOT ALLOTTED,NOT ALLOTTED NOT ALLOTTED NOT ALLOTTED NOT ALLOTTED,,,,MP__MP Round 1 Allotment.txt,923,
MP,Madhya Pradesh,2025,R1,NEET_AIR,21678.0,INDORE,MD RESPIRATORY MEDICINE,UR/X/OP,,,MP__MP Round 1 Allotment.txt,925,
MP,Madhya Pradesh,2025,R1,NEET_AIR,21679.0,NOT ALLOTTED,NOT ALLOTTED NOT ALLOTTED,NOT ALLOTTED,,,MP__MP Round 1 Allotment.txt,926,
MP,Madhya Pradesh,2025,R1,NEET_AIR,21682.0,NOT ALLOTTED,NOT ALLOTTED NOT ALLOTTED,NOT ALLOTTED,,,MP__MP Round 1 Allotment.txt,927,
MP,Madhya Pradesh,2025,R1,NEET_AIR,21700.0,NOT ALLOTTED,NOT ALLOTTED NOT ALLOTTED,NOT ALLOTTED,,,MP__MP Round 1 Allotment.txt,928,
MP,Madhya Pradesh,2025,R1,NEET_AIR,21734.0,NOT ALLOTTED,NOT ALLOTTED NOT ALLOTTED,NOT ALLOTTED,,,MP__MP Round 1 Allotment.txt,929,
MP,Madhya Pradesh,2025,R1,NEET_AIR,21749.0,NOT ALLOTTED,NOT ALLOTTED NOT ALLOTTED,NOT ALLOTTED,,,MP__MP Round 1 Allotment.txt,930,
MP,Madhya Pradesh,2025,R1,NEET_AIR,21763.0,NOT ALLOTTED,NOT ALLOTTED NOT ALLOTTED,NOT ALLOTTED,,,MP__MP Round 1 Allotment.txt,931,
MP,Madhya Pradesh,2025,R1,NEET_AIR,21765.0,INDORE,MS OBSTETRICS AND GYNAECOLOGY Clinical,,,,MP__MP Round 1 Allotment.txt,933,
MP,Madhya Pradesh,2025,R1,NEET_AIR,21935.0,NOT ALLOTTED,NOT ALLOTTED NOT ALLOTTED NOT ALLOTTED NOT ALLOTTED,,,,MP__MP Round 1 Allotment.txt,934,
MP,Madhya Pradesh,2025,R1,NEET_AIR,21958.0,RESEARCH CENTER INDORE,MD GENERAL MEDICINE,OBC,,,MP__MP Round 1 Allotment.txt,936,
MP,Madhya Pradesh,2025,R1,NEET_AIR,21963.0,LN MEDICAL COLLEGE BHOPAL,MD PAEDIATRICS,UR/X/OP,,,MP__MP Round 1 Allotment.txt,937,
MP,Madhya Pradesh,2025,R1,NEET_AIR,21982.0,NOT ALLOTTED,NOT ALLOTTED NOT ALLOTTED NOT ALLOTTED NOT ALLOTTED,,,,MP__MP Round 1 Allotment.txt,938,
MP,Madhya Pradesh,2025,R1,NEET_AIR,21995.0,RESEARCH CENTER INDORE,MD AND LEPROSY,OBC,,,MP__MP Round 1 Allotment.txt,940,
MP,Madhya Pradesh,2025,R1,NEET_AIR,22002.0,NOT ALLOTTED,NOT ALLOTTED NOT ALLOTTED,NOT ALLOTTED,,,MP__MP Round 1 Allotment.txt,941,
MP,Madhya Pradesh,2025,R1,NEET_AIR,22020.0,NOT ALLOTTED,NOT ALLOTTED NOT ALLOTTED,NOT ALLOTTED,,,MP__MP Round 1 Allotment.txt,942,
MP,Madhya Pradesh,2025,R1,NEET_AIR,22032.0,NOT ALLOTTED,NOT ALLOTTED NOT ALLOTTED,NOT ALLOTTED,,,MP__MP Round 1 Allotment.txt,943,
MP,Madhya Pradesh,2025,R1,NEET_AIR,22060.0,NOT ALLOTTED,NOT ALLOTTED NOT ALLOTTED,NOT ALLOTTED,,,MP__MP Round 1 Allotment.txt,944,
MP,Madhya Pradesh,2025,R1,NEET_AIR,22073.0,NOT ALLOTTED,NOT ALLOTTED NOT ALLOTTED,NOT ALLOTTED,,,MP__MP Round 1 Allotment.txt,945,
MP,Madhya Pradesh,2025,R1,NEET_AIR,22092.0,NOT ALLOTTED,NOT ALLOTTED NOT ALLOTTED,NOT ALLOTTED,,,MP__MP Round 1 Allotment.txt,946,
MP,Madhya Pradesh,2025,R1,NEET_AIR,22100.0,BHOPAL,MS OBSTETRICS AND GYNAECOLOGY Clinical,,,,MP__MP Round 1 Allotment.txt,948,
MP,Madhya Pradesh,2025,R1,NEET_AIR,22101.0,RESEARCH CENTER INDORE,MS OBSTETRICS AND GYNAECOLOGY Clinical,,,,MP__MP Round 1 Allotment.txt,950,
MP,Madhya Pradesh,2025,R1,NEET_AIR,22134.0,RESEARCH CENTER INDORE,MD PAEDIATRICS,UR/X/OP,,,MP__MP Round 1 Allotment.txt,952,
MP,Madhya Pradesh,2025,R1,NEET_AIR,22178.0,NOT ALLOTTED,NOT ALLOTTED NOT ALLOTTED,NOT ALLOTTED,,,MP__MP Round 1 Allotment.txt,953,
MP,Madhya Pradesh,2025,R1,NEET_AIR,22220.0,RD GARDI MEDICAL COLLEGE UJJAIN,MS ORTHOPAEDICS,UR/X/OP,,,MP__MP Round 1 Allotment.txt,954,
MP,Madhya Pradesh,2025,R1,NEET_AIR,22250.0,NOT ALLOTTED,NOT ALLOTTED NOT ALLOTTED,NOT ALLOTTED,,,MP__MP Round 1 Allotment.txt,955,
MP,Madhya Pradesh,2025,R1,NEET_AIR,22300.0,NOT ALLOTTED,NOT ALLOTTED NOT ALLOTTED,NOT ALLOTTED,,,MP__MP Round 1 Allotment.txt,956,
MP,Madhya Pradesh,2025,R1,NEET_AIR,22331.0,NOT ALLOTTED,NOT ALLOTTED NOT ALLOTTED,NOT ALLOTTED,,,MP__MP Round 1 Allotment.txt,957,
MP,Madhya Pradesh,2025,R1,NEET_AIR,22353.0,NOT ALLOTTED,NOT ALLOTTED NOT ALLOTTED,NOT ALLOTTED,,,MP__MP Round 1 Allotment.txt,958,
MP,Madhya Pradesh,2025,R1,NEET_AIR,22405.0,COLLEGE INDORE,MD GENERAL MEDICINE,ST,,,MP__MP Round 1 Allotment.txt,960,
MP,Madhya Pradesh,2025,R1,NEET_AIR,22413.0,GOVERMENT MEDICAL COLLEGE RATLAM,MD ANAESTHESIOLOGY,OBC,,,MP__MP Round 1 Allotment.txt,961,
MP,Madhya Pradesh,2025,R1,NEET_AIR,22425.0,NOT ALLOTTED,NOT ALLOTTED NOT ALLOTTED,NOT ALLOTTED,,,MP__MP Round 1 Allotment.txt,962,
MP,Madhya Pradesh,2025,R1,NEET_AIR,22428.0,NOT ALLOTTED,NOT ALLOTTED NOT ALLOTTED,NOT ALLOTTED,,,MP__MP Round 1 Allotment.txt,963,
MP,Madhya Pradesh,2025,R1,NEET_AIR,22439.0,RESEARCH CENTER INDORE,MD GENERAL MEDICINE,OBC,,,MP__MP Round 1 Allotment.txt,965,
MP,Madhya Pradesh,2025,R1,NEET_AIR,22496.0,NOT ALLOTTED,NOT ALLOTTED NOT ALLOTTED,NOT ALLOTTED,,,MP__MP Round 1 Allotment.txt,966,
MP,Madhya Pradesh,2025,R1,NEET_AIR,22560.0,NOT ALLOTTED,NOT ALLOTTED NOT ALLOTTED,NOT ALLOTTED,,,MP__MP Round 1 Allotment.txt,967,
MP,Madhya Pradesh,2025,R1,NEET_AIR,22568.0,NOT ALLOTTED,NOT ALLOTTED NOT ALLOTTED,NOT ALLOTTED,,,MP__MP Round 1 Allotment.txt,968,
MP,Madhya Pradesh,2025,R1,NEET_AIR,22663.0,GAJRA RAJA MEDICAL COLLEGE GWALIOR,MD EMERGENCY MEDICINE,EWS,,,MP__MP Round 1 Allotment.txt,969,
MP,Madhya Pradesh,2025,R1,NEET_AIR,22714.0,DEWAS,MD PAEDIATRICS,UR/X/OP,,,MP__MP Round 1 Allotment.txt,971,
MP,Madhya Pradesh,2025,R1,NEET_AIR,51586.0,INDORE,MS ORTHOPAEDICS,INST/UR/X/OP,,,MP__MP Round 1 Allotment.txt,973,
MP,Madhya Pradesh,2025,R1,NEET_AIR,22797.0,NOT ALLOTTED,NOT ALLOTTED NOT ALLOTTED,NOT ALLOTTED,,,MP__MP Round 1 Allotment.txt,974,
MP,Madhya Pradesh,2025,R1,NEET_AIR,22818.0,NOT ALLOTTED,NOT ALLOTTED NOT ALLOTTED,NOT ALLOTTED,,,MP__MP Round 1 Allotment.txt,975,
MP,Madhya Pradesh,2025,R1,NEET_AIR,22859.0,NOT ALLOTTED,NOT ALLOTTED NOT ALLOTTED,NOT ALLOTTED,,,MP__MP Round 1 Allotment.txt,976,
MP,Madhya Pradesh,2025,R1,NEET_AIR,22870.0,NOT ALLOTTED,NOT ALLOTTED NOT ALLOTTED,NOT ALLOTTED,,,MP__MP Round 1 Allotment.txt,977,
MP,Madhya Pradesh,2025,R1,NEET_AIR,22898.0,GANDHI MEDICAL COLLEGE BHOPAL,MD PATHOLOGY,INST/UR/X/OP,,,MP__MP Round 1 Allotment.txt,978,
MP,Madhya Pradesh,2025,R1,NEET_AIR,22916.0,INDORE,MS GENERAL SURGERY,UR/X/OP,,,MP__MP Round 1 Allotment.txt,980,
MP,Madhya Pradesh,2025,R1,NEET_AIR,22925.0,PEOPLES COLLEGE OF MEDICAL SCIENCE BHOPAL,MS OBSTETRICS AND GYNAECOLOGY Clinical,,,,MP__MP Round 1 Allotment.txt,982,
MP,Madhya Pradesh,2025,R1,NEET_AIR,23048.0,INDORE,MD PAEDIATRICS,OBC,,,MP__MP Round 1 Allotment.txt,986,
MP,Madhya Pradesh,2025,R1,NEET_AIR,23067.0,COLLEGE JABALPUR,MS OBSTETRICS AND GYNAECOLOGY Clinical,,,,MP__MP Round 1 Allotment.txt,989,
MP,Madhya Pradesh,2025,R1,NEET_AIR,23086.0,RESEARCH CENTRE BHOPAL,MD GENERAL MEDICINE,INST/UR/X/OP,,,MP__MP Round 1 Allotment.txt,991,
MP,Madhya Pradesh,2025,R1,NEET_AIR,23096.0,NOT ALLOTTED,NOT ALLOTTED NOT ALLOTTED NOT ALLOTTED NOT ALLOTTED,,,,MP__MP Round 1 Allotment.txt,992,
MP,Madhya Pradesh,2025,R1,NEET_AIR,23111.0,NOT ALLOTTED,NOT ALLOTTED NOT ALLOTTED NOT ALLOTTED NOT ALLOTTED,,,,MP__MP Round 1 Allotment.txt,993,
MP,Madhya Pradesh,2025,R1,NEET_AIR,23123.0,NOT ALLOTTED,NOT ALLOTTED NOT ALLOTTED NOT ALLOTTED NOT ALLOTTED,,,,MP__MP Round 1 Allotment.txt,994,
MP,Madhya Pradesh,2025,R1,NEET_AIR,23141.0,NOT ALLOTTED,NOT ALLOTTED NOT ALLOTTED NOT ALLOTTED NOT ALLOTTED,,,,MP__MP Round 1 Allotment.txt,995,
MP,Madhya Pradesh,2025,R1,NEET_AIR,23157.0,RD GARDI MEDICAL COLLEGE UJJAIN,MS GENERAL SURGERY,UR/X/OP,,,MP__MP Round 1 Allotment.txt,996,
MP,Madhya Pradesh,2025,R1,NEET_AIR,23201.0,NOT ALLOTTED,NOT ALLOTTED NOT ALLOTTED NOT ALLOTTED NOT ALLOTTED,,,,MP__MP Round 1 Allotment.txt,997,
MP,Madhya Pradesh,2025,R1,NEET_AIR,23226.0,NOT ALLOTTED,NOT ALLOTTED NOT ALLOTTED NOT ALLOTTED NOT ALLOTTED,,,,MP__MP Round 1 Allotment.txt,998,
MP,Madhya Pradesh,2025,R1,NEET_AIR,23239.0,GAJRA RAJA MEDICAL COLLEGE GWALIOR,MD RADIATION ONCOLOGY,OBC,,,MP__MP Round 1 Allotment.txt,999,
MP,Madhya Pradesh,2025,R1,NEET_AIR,23271.0,NOT ALLOTTED,NOT ALLOTTED NOT ALLOTTED NOT ALLOTTED NOT ALLOTTED,,,,MP__MP Round 1 Allotment.txt,1000,
MP,Madhya Pradesh,2025,R1,NEET_AIR,23327.0,GANDHI MEDICAL COLLEGE BHOPAL,MD PATHOLOGY,INST/UR/X/OP,,,MP__MP Round 1 Allotment.txt,1001,
MP,Madhya Pradesh,2025,R1,NEET_AIR,23335.0,NOT ALLOTTED,NOT ALLOTTED NOT ALLOTTED NOT ALLOTTED NOT ALLOTTED,,,,MP__MP Round 1 Allotment.txt,1002,
MP,Madhya Pradesh,2025,R1,NEET_AIR,23402.0,NOT ALLOTTED,NOT ALLOTTED NOT ALLOTTED NOT ALLOTTED NOT ALLOTTED,,,,MP__MP Round 1 Allotment.txt,1003,
MP,Madhya Pradesh,2025,R1,NEET_AIR,23420.0,INDORE,MS OBSTETRICS AND GYNAECOLOGY Clinical,,,,MP__MP Round 1 Allotment.txt,1005,
MP,Madhya Pradesh,2025,R1,NEET_AIR,23470.0,DEWAS,MS OBSTETRICS AND GYNAECOLOGY Clinical,,,,MP__MP Round 1 Allotment.txt,1007,
MP,Madhya Pradesh,2025,R1,NEET_AIR,23519.0,MEDICAL COLLEGE KHANDWA,MD PAEDIATRICS,SC,,,MP__MP Round 1 Allotment.txt,1011,
MP,Madhya Pradesh,2025,R1,NEET_AIR,23539.0,BHOPAL,MD PAEDIATRICS,INST/UR/X/OP,,,MP__MP Round 1 Allotment.txt,1023,
MP,Madhya Pradesh,2025,R1,NEET_AIR,23564.0,NOT ALLOTTED,NOT ALLOTTED NOT ALLOTTED,NOT ALLOTTED,,,MP__MP Round 1 Allotment.txt,1024,
MP,Madhya Pradesh,2025,R1,NEET_AIR,23582.0,NOT ALLOTTED,NOT ALLOTTED NOT ALLOTTED,NOT ALLOTTED,,,MP__MP Round 1 Allotment.txt,1025,
MP,Madhya Pradesh,2025,R1,NEET_AIR,23635.0,NOT ALLOTTED,NOT ALLOTTED NOT ALLOTTED,NOT ALLOTTED,,,MP__MP Round 1 Allotment.txt,1026,
MP,Madhya Pradesh,2025,R1,NEET_AIR,23648.0,NOT ALLOTTED,NOT ALLOTTED NOT ALLOTTED,NOT ALLOTTED,,,MP__MP Round 1 Allotment.txt,1027,
MP,Madhya Pradesh,2025,R1,NEET_AIR,23679.0,NOT ALLOTTED,NOT ALLOTTED NOT ALLOTTED,NOT ALLOTTED,,,MP__MP Round 1 Allotment.txt,1028,
MP,Madhya Pradesh,2025,R1,NEET_AIR,23772.0,RD GARDI MEDICAL COLLEGE UJJAIN,MS OPHTHALMOLOGY,UR/X/OP,,,MP__MP Round 1 Allotment.txt,1029,
MP,Madhya Pradesh,2025,R1,NEET_AIR,23805.0,NOT ALLOTTED,NOT ALLOTTED NOT ALLOTTED,NOT ALLOTTED,,,MP__MP Round 1 Allotment.txt,1030,
MP,Madhya Pradesh,2025,R1,NEET_AIR,23811.0,NOT ALLOTTED,NOT ALLOTTED NOT ALLOTTED,NOT ALLOTTED,,,MP__MP Round 1 Allotment.txt,1031,
MP,Madhya Pradesh,2025,R1,NEET_AIR,23844.0,NOT ALLOTTED,NOT ALLOTTED NOT ALLOTTED,NOT ALLOTTED,,,MP__MP Round 1 Allotment.txt,1032,
MP,Madhya Pradesh,2025,R1,NEET_AIR,23880.0,NOT ALLOTTED,NOT ALLOTTED NOT ALLOTTED,NOT ALLOTTED,,,MP__MP Round 1 Allotment.txt,1033,
MP,Madhya Pradesh,2025,R1,NEET_AIR,23906.0,COLLEGE INDORE,MD GENERAL MEDICINE,ST,,,MP__MP Round 1 Allotment.txt,1035,
MP,Madhya Pradesh,2025,R1,NEET_AIR,23909.0,PEOPLES COLLEGE OF MEDICAL SCIENCE BHOPAL,MD RESPIRATORY MEDICINE,UR/X/OP,,,MP__MP Round 1 Allotment.txt,1037,
MP,Madhya Pradesh,2025,R1,NEET_AIR,23918.0,RESEARCH CENTER INDORE,MD PAEDIATRICS,UR/X/OP,,,MP__MP Round 1 Allotment.txt,1039,
MP,Madhya Pradesh,2025,R1,NEET_AIR,23932.0,NOT ALLOTTED,NOT ALLOTTED NOT ALLOTTED,NOT ALLOTTED,,,MP__MP Round 1 Allotment.txt,1040,
MP,Madhya Pradesh,2025,R1,NEET_AIR,23996.0,NOT ALLOTTED,NOT ALLOTTED NOT ALLOTTED,NOT ALLOTTED,,,MP__MP Round 1 Allotment.txt,1041,
MP,Madhya Pradesh,2025,R1,NEET_AIR,23999.0,NOT ALLOTTED,NOT ALLOTTED NOT ALLOTTED,NOT ALLOTTED,,,MP__MP Round 1 Allotment.txt,1042,
MP,Madhya Pradesh,2025,R1,NEET_AIR,24035.0,NOT ALLOTTED,NOT ALLOTTED NOT ALLOTTED,NOT ALLOTTED,,,MP__MP Round 1 Allotment.txt,1043,
MP,Madhya Pradesh,2025,R1,NEET_AIR,24054.0,NOT ALLOTTED,NOT ALLOTTED NOT ALLOTTED,NOT ALLOTTED,,,MP__MP Round 1 Allotment.txt,1044,
MP,Madhya Pradesh,2025,R1,NEET_AIR,24134.0,RD GARDI MEDICAL COLLEGE UJJAIN,MS OPHTHALMOLOGY,INST/UR/X/OP,,,MP__MP Round 1 Allotment.txt,1045,
MP,Madhya Pradesh,2025,R1,NEET_AIR,24136.0,NOT ALLOTTED,NOT ALLOTTED NOT ALLOTTED,NOT ALLOTTED,,,MP__MP Round 1 Allotment.txt,1046,
MP,Madhya Pradesh,2025,R1,NEET_AIR,24143.0,NOT ALLOTTED,NOT ALLOTTED NOT ALLOTTED,NOT ALLOTTED,,,MP__MP Round 1 Allotment.txt,1047,
MP,Madhya Pradesh,2025,R1,NEET_AIR,24215.0,NOT ALLOTTED,NOT ALLOTTED NOT ALLOTTED,NOT ALLOTTED,,,MP__MP Round 1 Allotment.txt,1048,
MP,Madhya Pradesh,2025,R1,NEET_AIR,24222.0,NOT ALLOTTED,NOT ALLOTTED NOT ALLOTTED,NOT ALLOTTED,,,MP__MP Round 1 Allotment.txt,1049,
MP,Madhya Pradesh,2025,R1,NEET_AIR,24231.0,BHOPAL,MS ORTHOPAEDICS,UR/X/OP,,,MP__MP Round 1 Allotment.txt,1051,
MP,Madhya Pradesh,2025,R1,NEET_AIR,24252.0,NOT ALLOTTED,NOT ALLOTTED NOT ALLOTTED NOT ALLOTTED NOT ALLOTTED,,,,MP__MP Round 1 Allotment.txt,1052,
MP,Madhya Pradesh,2025,R1,NEET_AIR,24265.0,NOT ALLOTTED,NOT ALLOTTED NOT ALLOTTED NOT ALLOTTED NOT ALLOTTED,,,,MP__MP Round 1 Allotment.txt,1053,
MP,Madhya Pradesh,2025,R1,NEET_AIR,24300.0,COLLEGE INDORE,MD GENERAL MEDICINE,ST,,,MP__MP Round 1 Allotment.txt,1055,
MP,Madhya Pradesh,2025,R1,NEET_AIR,24332.0,NOT ALLOTTED,NOT ALLOTTED NOT ALLOTTED,NOT ALLOTTED,,,MP__MP Round 1 Allotment.txt,1056,
MP,Madhya Pradesh,2025,R1,NEET_AIR,24334.0,NOT ALLOTTED,NOT ALLOTTED NOT ALLOTTED,NOT ALLOTTED,,,MP__MP Round 1 Allotment.txt,1057,
MP,Madhya Pradesh,2025,R1,NEET_AIR,24393.0,GANDHI MEDICAL COLLEGE BHOPAL,MD PATHOLOGY,OBC,,,MP__MP Round 1 Allotment.txt,1058,
MP,Madhya Pradesh,2025,R1,NEET_AIR,24404.0,LN MEDICAL COLLEGE BHOPAL,MD PAEDIATRICS,INST/UR/X/OP,,,MP__MP Round 1 Allotment.txt,1059,
MP,Madhya Pradesh,2025,R1,NEET_AIR,24423.0,NOT ALLOTTED,NOT ALLOTTED NOT ALLOTTED,NOT ALLOTTED,,,MP__MP Round 1 Allotment.txt,1060,
MP,Madhya Pradesh,2025,R1,NEET_AIR,24456.0,NOT ALLOTTED,NOT ALLOTTED NOT ALLOTTED,NOT ALLOTTED,,,MP__MP Round 1 Allotment.txt,1061,
MP,Madhya Pradesh,2025,R1,NEET_AIR,24564.0,NOT ALLOTTED,NOT ALLOTTED NOT ALLOTTED,NOT ALLOTTED,,,MP__MP Round 1 Allotment.txt,1062,
MP,Madhya Pradesh,2025,R1,NEET_AIR,53484.0,NOT ALLOTTED,NOT ALLOTTED NOT ALLOTTED,NOT ALLOTTED,,,MP__MP Round 1 Allotment.txt,1063,
MP,Madhya Pradesh,2025,R1,NEET_AIR,24596.0,COLLEGE INDORE,MD PSYCHIATRY,SC,,,MP__MP Round 1 Allotment.txt,1065,
MP,Madhya Pradesh,2025,R1,NEET_AIR,24678.0,NOT ALLOTTED,NOT ALLOTTED NOT ALLOTTED NOT ALLOTTED NOT ALLOTTED,,,,MP__MP Round 1 Allotment.txt,1066,
MP,Madhya Pradesh,2025,R1,NEET_AIR,24746.0,NOT ALLOTTED,NOT ALLOTTED NOT ALLOTTED NOT ALLOTTED NOT ALLOTTED,,,,MP__MP Round 1 Allotment.txt,1067,
MP,Madhya Pradesh,2025,R1,NEET_AIR,24750.0,BHOPAL,MS OPHTHALMOLOGY,UR/X/OP,,,MP__MP Round 1 Allotment.txt,1069,
MP,Madhya Pradesh,2025,R1,NEET_AIR,24821.0,NOT ALLOTTED,NOT ALLOTTED NOT ALLOTTED,NOT ALLOTTED,,,MP__MP Round 1 Allotment.txt,1070,
MP,Madhya Pradesh,2025,R1,NEET_AIR,24824.0,NOT ALLOTTED,NOT ALLOTTED NOT ALLOTTED,NOT ALLOTTED,,,MP__MP Round 1 Allotment.txt,1071,
MP,Madhya Pradesh,2025,R1,NEET_AIR,24832.0,NOT ALLOTTED,NOT ALLOTTED NOT ALLOTTED,NOT ALLOTTED,,,MP__MP Round 1 Allotment.txt,1072,
MP,Madhya Pradesh,2025,R1,NEET_AIR,24847.0,BHOPAL,MS GENERAL SURGERY,UR/X/OP,,,MP__MP Round 1 Allotment.txt,1074,
MP,Madhya Pradesh,2025,R1,NEET_AIR,24885.0,NOT ALLOTTED,NOT ALLOTTED NOT ALLOTTED,NOT ALLOTTED,,,MP__MP Round 1 Allotment.txt,1075,
MP,Madhya Pradesh,2025,R1,NEET_AIR,24894.0,NOT ALLOTTED,NOT ALLOTTED NOT ALLOTTED,NOT ALLOTTED,,,MP__MP Round 1 Allotment.txt,1076,
MP,Madhya Pradesh,2025,R1,NEET_AIR,24911.0,NOT ALLOTTED,NOT ALLOTTED NOT ALLOTTED,NOT ALLOTTED,,,MP__MP Round 1 Allotment.txt,1077,
MP,Madhya Pradesh,2025,R1,NEET_AIR,66571.0,GOVERMENT MEDICAL COLLEGE RATLAM,MD AND LEPROSY,IN_UR/X/OP,,,MP__MP Round 1 Allotment.txt,1079,
MP,Madhya Pradesh,2025,R1,NEET_AIR,24991.0,GANDHI MEDICAL COLLEGE BHOPAL,MS ORTHOPAEDICS,SC,,,MP__MP Round 1 Allotment.txt,1080,
MP,Madhya Pradesh,2025,R1,NEET_AIR,25053.0,RESEARCH CENTER INDORE,MS OBSTETRICS AND GYNAECOLOGY,UR/X/OP,,,MP__MP Round 1 Allotment.txt,1082,
MP,Madhya Pradesh,2025,R1,NEET_AIR,25062.0,NOT ALLOTTED,NOT ALLOTTED NOT ALLOTTED NOT ALLOTTED NOT ALLOTTED,,,,MP__MP Round 1 Allotment.txt,1083,
MP,Madhya Pradesh,2025,R1,NEET_AIR,25099.0,LN MEDICAL COLLEGE BHOPAL,MS ORTHOPAEDICS,UR/X/OP,,,MP__MP Round 1 Allotment.txt,1084,
MP,Madhya Pradesh,2025,R1,NEET_AIR,25164.0,NOT ALLOTTED,NOT ALLOTTED NOT ALLOTTED NOT ALLOTTED NOT ALLOTTED,,,,MP__MP Round 1 Allotment.txt,1085,
MP,Madhya Pradesh,2025,R1,NEET_AIR,25195.0,NOT ALLOTTED,NOT ALLOTTED NOT ALLOTTED NOT ALLOTTED NOT ALLOTTED,,,,MP__MP Round 1 Allotment.txt,1086,
MP,Madhya Pradesh,2025,R1,NEET_AIR,25228.0,GAJRA RAJA MEDICAL COLLEGE GWALIOR,MS OBSTETRICS AND GYNAECOLOGY Clinical,,,,MP__MP Round 1 Allotment.txt,1088,
MP,Madhya Pradesh,2025,R1,NEET_AIR,25255.0,INDORE,MD PSYCHIATRY,UR/X/OP,,,MP__MP Round 1 Allotment.txt,1090,
MP,Madhya Pradesh,2025,R1,NEET_AIR,25265.0,RD GARDI MEDICAL COLLEGE UJJAIN,MS OTORHINOLARYNGOLOGY (ENT),UR/X/OP,,,MP__MP Round 1 Allotment.txt,1091,
MP,Madhya Pradesh,2025,R1,NEET_AIR,25283.0,NOT ALLOTTED,NOT ALLOTTED NOT ALLOTTED,NOT ALLOTTED,,,MP__MP Round 1 Allotment.txt,1092,
MP,Madhya Pradesh,2025,R1,NEET_AIR,25327.0,NOT ALLOTTED,NOT ALLOTTED NOT ALLOTTED,NOT ALLOTTED,,,MP__MP Round 1 Allotment.txt,1093,
MP,Madhya Pradesh,2025,R1,NEET_AIR,25345.0,NOT ALLOTTED,NOT ALLOTTED NOT ALLOTTED,NOT ALLOTTED,,,MP__MP Round 1 Allotment.txt,1094,
MP,Madhya Pradesh,2025,R1,NEET_AIR,25457.0,NOT ALLOTTED,NOT ALLOTTED NOT ALLOTTED,NOT ALLOTTED,,,MP__MP Round 1 Allotment.txt,1095,
MP,Madhya Pradesh,2025,R1,NEET_AIR,25481.0,NOT ALLOTTED,NOT ALLOTTED NOT ALLOTTED,NOT ALLOTTED,,,MP__MP Round 1 Allotment.txt,1096,
MP,Madhya Pradesh,2025,R1,NEET_AIR,25496.0,NOT ALLOTTED,NOT ALLOTTED NOT ALLOTTED,NOT ALLOTTED,,,MP__MP Round 1 Allotment.txt,1097,
MP,Madhya Pradesh,2025,R1,NEET_AIR,25529.0,RD GARDI MEDICAL COLLEGE UJJAIN,MD PSYCHIATRY,OBC,,,MP__MP Round 1 Allotment.txt,1098,
MP,Madhya Pradesh,2025,R1,NEET_AIR,25530.0,NOT ALLOTTED,NOT ALLOTTED NOT ALLOTTED,NOT ALLOTTED,,,MP__MP Round 1 Allotment.txt,1099,
MP,Madhya Pradesh,2025,R1,NEET_AIR,25540.0,NOT ALLOTTED,NOT ALLOTTED NOT ALLOTTED,NOT ALLOTTED,,,MP__MP Round 1 Allotment.txt,1100,
MP,Madhya Pradesh,2025,R1,NEET_AIR,25583.0,NOT ALLOTTED,NOT ALLOTTED NOT ALLOTTED,NOT ALLOTTED,,,MP__MP Round 1 Allotment.txt,1101,
MP,Madhya Pradesh,2025,R1,NEET_AIR,25605.0,NOT ALLOTTED,NOT ALLOTTED NOT ALLOTTED,NOT ALLOTTED,,,MP__MP Round 1 Allotment.txt,1102,
MP,Madhya Pradesh,2025,R1,NEET_AIR,25609.0,NOT ALLOTTED,NOT ALLOTTED NOT ALLOTTED,NOT ALLOTTED,,,MP__MP Round 1 Allotment.txt,1103,
MP,Madhya Pradesh,2025,R1,NEET_AIR,25617.0,NOT ALLOTTED,NOT ALLOTTED NOT ALLOTTED,NOT ALLOTTED,,,MP__MP Round 1 Allotment.txt,1104,
MP,Madhya Pradesh,2025,R1,NEET_AIR,25710.0,NOT ALLOTTED,NOT ALLOTTED NOT ALLOTTED,NOT ALLOTTED,,,MP__MP Round 1 Allotment.txt,1105,
MP,Madhya Pradesh,2025,R1,NEET_AIR,25722.0,NOT ALLOTTED,NOT ALLOTTED NOT ALLOTTED,NOT ALLOTTED,,,MP__MP Round 1 Allotment.txt,1106,
MP,Madhya Pradesh,2025,R1,NEET_AIR,25736.0,NOT ALLOTTED,NOT ALLOTTED NOT ALLOTTED,NOT ALLOTTED,,,MP__MP Round 1 Allotment.txt,1107,
MP,Madhya Pradesh,2025,R1,NEET_AIR,25750.0,NOT ALLOTTED,NOT ALLOTTED NOT ALLOTTED,NOT ALLOTTED,,,MP__MP Round 1 Allotment.txt,1108,
MP,Madhya Pradesh,2025,R1,NEET_AIR,25755.0,PEOPLES COLLEGE OF MEDICAL SCIENCE BHOPAL ORTHOPAEDICS,MS Clinical,,,,MP__MP Round 1 Allotment.txt,1110,
MP,Madhya Pradesh,2025,R1,NEET_AIR,25868.0,SHYAM SHAH MEDICAL COLLEGE REWA,MS OBSTETRICS AND GYNAECOLOGY Clinical,,,,MP__MP Round 1 Allotment.txt,1113,
MP,Madhya Pradesh,2025,R1,NEET_AIR,25936.0,RESEARCH CENTER INDORE,MD PAEDIATRICS,UR/X/OP,,,MP__MP Round 1 Allotment.txt,1117,
MP,Madhya Pradesh,2025,R1,NEET_AIR,25942.0,NOT ALLOTTED,NOT ALLOTTED NOT ALLOTTED NOT ALLOTTED NOT ALLOTTED,,,,MP__MP Round 1 Allotment.txt,1118,
MP,Madhya Pradesh,2025,R1,NEET_AIR,25948.0,NOT ALLOTTED,NOT ALLOTTED NOT ALLOTTED NOT ALLOTTED NOT ALLOTTED,,,,MP__MP Round 1 Allotment.txt,1119,
MP,Madhya Pradesh,2025,R1,NEET_AIR,25957.0,NOT ALLOTTED,NOT ALLOTTED NOT ALLOTTED NOT ALLOTTED NOT ALLOTTED,,,,MP__MP Round 1 Allotment.txt,1120,
MP,Madhya Pradesh,2025,R1,NEET_AIR,25972.0,NOT ALLOTTED,NOT ALLOTTED NOT ALLOTTED NOT ALLOTTED NOT ALLOTTED,,,,MP__MP Round 1 Allotment.txt,1121,
MP,Madhya Pradesh,2025,R1,NEET_AIR,25975.0,INDORE,MS OPHTHALMOLOGY,UR/X/OP,,,MP__MP Round 1 Allotment.txt,1123,
MP,Madhya Pradesh,2025,R1,NEET_AIR,25977.0,NOT ALLOTTED,NOT ALLOTTED NOT ALLOTTED NOT ALLOTTED NOT ALLOTTED,,,,MP__MP Round 1 Allotment.txt,1124,
MP,Madhya Pradesh,2025,R1,NEET_AIR,25986.0,NOT ALLOTTED,NOT ALLOTTED NOT ALLOTTED NOT ALLOTTED NOT ALLOTTED,,,,MP__MP Round 1 Allotment.txt,1125,
MP,Madhya Pradesh,2025,R1,NEET_AIR,25991.0,NOT ALLOTTED,NOT ALLOTTED NOT ALLOTTED NOT ALLOTTED NOT ALLOTTED,,,,MP__MP Round 1 Allotment.txt,1126,
MP,Madhya Pradesh,2025,R1,NEET_AIR,26004.0,GAJRA RAJA MEDICAL COLLEGE GWALIOR,MS ORTHOPAEDICS,SC,,,MP__MP Round 1 Allotment.txt,1127,
MP,Madhya Pradesh,2025,R1,NEET_AIR,26023.0,RESEARCH CENTRE BHOPAL,MS OBSTETRICS AND GYNAECOLOGY,UR/X/OP,,,MP__MP Round 1 Allotment.txt,1129,
MP,Madhya Pradesh,2025,R1,NEET_AIR,26024.0,NOT ALLOTTED,NOT ALLOTTED NOT ALLOTTED NOT ALLOTTED NOT ALLOTTED,,,,MP__MP Round 1 Allotment.txt,1130,
MP,Madhya Pradesh,2025,R1,NEET_AIR,26027.0,NOT ALLOTTED,NOT ALLOTTED NOT ALLOTTED NOT ALLOTTED NOT ALLOTTED,,,,MP__MP Round 1 Allotment.txt,1131,
MP,Madhya Pradesh,2025,R1,NEET_AIR,26050.0,NOT ALLOTTED,NOT ALLOTTED NOT ALLOTTED NOT ALLOTTED NOT ALLOTTED,,,,MP__MP Round 1 Allotment.txt,1132,
MP,Madhya Pradesh,2025,R1,NEET_AIR,26098.0,NOT ALLOTTED,NOT ALLOTTED NOT ALLOTTED NOT ALLOTTED NOT ALLOTTED,,,,MP__MP Round 1 Allotment.txt,1133,
MP,Madhya Pradesh,2025,R1,NEET_AIR,26147.0,PEOPLES COLLEGE OF MEDICAL SCIENCE BHOPAL,MS OBSTETRICS AND GYNAECOLOGY,OBC,,,MP__MP Round 1 Allotment.txt,1135,
MP,Madhya Pradesh,2025,R1,NEET_AIR,26221.0,NOT ALLOTTED,NOT ALLOTTED NOT ALLOTTED,NOT ALLOTTED,,,MP__MP Round 1 Allotment.txt,1136,
MP,Madhya Pradesh,2025,R1,NEET_AIR,26230.0,NOT ALLOTTED,NOT ALLOTTED NOT ALLOTTED,NOT ALLOTTED,,,MP__MP Round 1 Allotment.txt,1137,
MP,Madhya Pradesh,2025,R1,NEET_AIR,26235.0,NOT ALLOTTED,NOT ALLOTTED NOT ALLOTTED,NOT ALLOTTED,,,MP__MP Round 1 Allotment.txt,1138,
MP,Madhya Pradesh,2025,R1,NEET_AIR,26238.0,NOT ALLOTTED,NOT ALLOTTED NOT ALLOTTED,NOT ALLOTTED,,,MP__MP Round 1 Allotment.txt,1139,
MP,Madhya Pradesh,2025,R1,NEET_AIR,26239.0,NOT ALLOTTED,NOT ALLOTTED NOT ALLOTTED,NOT ALLOTTED,,,MP__MP Round 1 Allotment.txt,1140,
MP,Madhya Pradesh,2025,R1,NEET_AIR,26248.0,NOT ALLOTTED,NOT ALLOTTED NOT ALLOTTED,NOT ALLOTTED,,,MP__MP Round 1 Allotment.txt,1141,
MP,Madhya Pradesh,2025,R1,NEET_AIR,26258.0,NOT ALLOTTED,NOT ALLOTTED NOT ALLOTTED,NOT ALLOTTED,,,MP__MP Round 1 Allotment.txt,1142,
MP,Madhya Pradesh,2025,R1,NEET_AIR,26293.0,NOT ALLOTTED,NOT ALLOTTED NOT ALLOTTED,NOT ALLOTTED,,,MP__MP Round 1 Allotment.txt,1143,
MP,Madhya Pradesh,2025,R1,NEET_AIR,26314.0,NOT ALLOTTED,NOT ALLOTTED NOT ALLOTTED,NOT ALLOTTED,,,MP__MP Round 1 Allotment.txt,1144,
MP,Madhya Pradesh,2025,R1,NEET_AIR,26330.0,BHOPAL,MS GENERAL SURGERY,UR/X/OP,,,MP__MP Round 1 Allotment.txt,1146,
MP,Madhya Pradesh,2025,R1,NEET_AIR,26346.0,NOT ALLOTTED,NOT ALLOTTED NOT ALLOTTED,NOT ALLOTTED,,,MP__MP Round 1 Allotment.txt,1147,
MP,Madhya Pradesh,2025,R1,NEET_AIR,26379.0,NOT ALLOTTED,NOT ALLOTTED NOT ALLOTTED,NOT ALLOTTED,,,MP__MP Round 1 Allotment.txt,1148,
MP,Madhya Pradesh,2025,R1,NEET_AIR,26384.0,NOT ALLOTTED,NOT ALLOTTED NOT ALLOTTED,NOT ALLOTTED,,,MP__MP Round 1 Allotment.txt,1149,
MP,Madhya Pradesh,2025,R1,NEET_AIR,26389.0,NOT ALLOTTED,NOT ALLOTTED NOT ALLOTTED,NOT ALLOTTED,,,MP__MP Round 1 Allotment.txt,1150,
MP,Madhya Pradesh,2025,R1,NEET_AIR,26444.0,NOT ALLOTTED,NOT ALLOTTED NOT ALLOTTED,NOT ALLOTTED,,,MP__MP Round 1 Allotment.txt,1151,
MP,Madhya Pradesh,2025,R1,NEET_AIR,26470.0,NOT ALLOTTED,NOT ALLOTTED NOT ALLOTTED,NOT ALLOTTED,,,MP__MP Round 1 Allotment.txt,1152,
MP,Madhya Pradesh,2025,R1,NEET_AIR,26479.0,NOT ALLOTTED,NOT ALLOTTED NOT ALLOTTED,NOT ALLOTTED,,,MP__MP Round 1 Allotment.txt,1153,
MP,Madhya Pradesh,2025,R1,NEET_AIR,26485.0,NOT ALLOTTED,NOT ALLOTTED NOT ALLOTTED,NOT ALLOTTED,,,MP__MP Round 1 Allotment.txt,1154,
MP,Madhya Pradesh,2025,R1,NEET_AIR,26487.0,BUNDELKHAND MEDICAL COLLEGE SAGAR,MS OBSTETRICS AND GYNAECOLOGY Clinical,,,,MP__MP Round 1 Allotment.txt,1167,
MP,Madhya Pradesh,2025,R1,NEET_AIR,26519.0,COLLEGE JABALPUR,MD GENERAL MEDICINE,ST,,,MP__MP Round 1 Allotment.txt,1169,
MP,Madhya Pradesh,2025,R1,NEET_AIR,26523.0,BHOPAL,MD RADIATION ONCOLOGY,UR/X/OP,,,MP__MP Round 1 Allotment.txt,1171,
MP,Madhya Pradesh,2025,R1,NEET_AIR,26555.0,COLLEGE JABALPUR,MD PATHOLOGY,INST/UR/X/OP,,,MP__MP Round 1 Allotment.txt,1173,
MP,Madhya Pradesh,2025,R1,NEET_AIR,41741.0,NOT ALLOTTED,NOT ALLOTTED NOT ALLOTTED,NOT ALLOTTED,,,MP__MP Round 1 Allotment.txt,1174,
MP,Madhya Pradesh,2025,R1,NEET_AIR,26722.0,NOT ALLOTTED,NOT ALLOTTED NOT ALLOTTED,NOT ALLOTTED,,,MP__MP Round 1 Allotment.txt,1175,
MP,Madhya Pradesh,2025,R1,NEET_AIR,26724.0,NOT ALLOTTED,NOT ALLOTTED NOT ALLOTTED,NOT ALLOTTED,,,MP__MP Round 1 Allotment.txt,1176,
MP,Madhya Pradesh,2025,R1,NEET_AIR,26801.0,NOT ALLOTTED,NOT ALLOTTED NOT ALLOTTED,NOT ALLOTTED,,,MP__MP Round 1 Allotment.txt,1177,
MP,Madhya Pradesh,2025,R1,NEET_AIR,26854.0,NOT ALLOTTED,NOT ALLOTTED NOT ALLOTTED,NOT ALLOTTED,,,MP__MP Round 1 Allotment.txt,1178,
MP,Madhya Pradesh,2025,R1,NEET_AIR,26871.0,NOT ALLOTTED,NOT ALLOTTED NOT ALLOTTED,NOT ALLOTTED,,,MP__MP Round 1 Allotment.txt,1179,
MP,Madhya Pradesh,2025,R1,NEET_AIR,26940.0,NOT ALLOTTED,NOT ALLOTTED NOT ALLOTTED,NOT ALLOTTED,,,MP__MP Round 1 Allotment.txt,1180,
MP,Madhya Pradesh,2025,R1,NEET_AIR,26991.0,NOT ALLOTTED,NOT ALLOTTED NOT ALLOTTED,NOT ALLOTTED,,,MP__MP Round 1 Allotment.txt,1181,
MP,Madhya Pradesh,2025,R1,NEET_AIR,27015.0,NOT ALLOTTED,NOT ALLOTTED NOT ALLOTTED,NOT ALLOTTED,,,MP__MP Round 1 Allotment.txt,1182,
MP,Madhya Pradesh,2025,R1,NEET_AIR,27049.0,NOT ALLOTTED,NOT ALLOTTED NOT ALLOTTED,NOT ALLOTTED,,,MP__MP Round 1 Allotment.txt,1183,
MP,Madhya Pradesh,2025,R1,NEET_AIR,27058.0,NOT ALLOTTED,NOT ALLOTTED NOT ALLOTTED,NOT ALLOTTED,,,MP__MP Round 1 Allotment.txt,1184,
MP,Madhya Pradesh,2025,R1,NEET_AIR,27070.0,NOT ALLOTTED,NOT ALLOTTED NOT ALLOTTED,NOT ALLOTTED,,,MP__MP Round 1 Allotment.txt,1185,
MP,Madhya Pradesh,2025,R1,NEET_AIR,27128.0,INDORE,MD PSYCHIATRY,UR/X/OP,,,MP__MP Round 1 Allotment.txt,1187,
MP,Madhya Pradesh,2025,R1,NEET_AIR,27140.0,COLLEGE INDORE,MD PAEDIATRICS,ST,,,MP__MP Round 1 Allotment.txt,1189,
MP,Madhya Pradesh,2025,R1,NEET_AIR,27149.0,NOT ALLOTTED,NOT ALLOTTED NOT ALLOTTED,NOT ALLOTTED,,,MP__MP Round 1 Allotment.txt,1190,
MP,Madhya Pradesh,2025,R1,NEET_AIR,27180.0,NOT ALLOTTED,NOT ALLOTTED NOT ALLOTTED,NOT ALLOTTED,,,MP__MP Round 1 Allotment.txt,1191,
MP,Madhya Pradesh,2025,R1,NEET_AIR,27217.0,NOT ALLOTTED,NOT ALLOTTED NOT ALLOTTED,NOT ALLOTTED,,,MP__MP Round 1 Allotment.txt,1192,
MP,Madhya Pradesh,2025,R1,NEET_AIR,56360.0,NOT ALLOTTED,NOT ALLOTTED NOT ALLOTTED,NOT ALLOTTED,,,MP__MP Round 1 Allotment.txt,1193,
MP,Madhya Pradesh,2025,R1,NEET_AIR,68903.0,GAJRA RAJA MEDICAL COLLEGE GWALIOR,MS OBSTETRICS AND GYNAECOLOGY,IN_UR/X/OP,,,MP__MP Round 1 Allotment.txt,1195,
MP,Madhya Pradesh,2025,R1,NEET_AIR,27314.0,NOT ALLOTTED,NOT ALLOTTED NOT ALLOTTED,NOT ALLOTTED,,,MP__MP Round 1 Allotment.txt,1196,
MP,Madhya Pradesh,2025,R1,NEET_AIR,27324.0,NOT ALLOTTED,NOT ALLOTTED NOT ALLOTTED,NOT ALLOTTED,,,MP__MP Round 1 Allotment.txt,1197,
MP,Madhya Pradesh,2025,R1,NEET_AIR,27377.0,NOT ALLOTTED,NOT ALLOTTED NOT ALLOTTED,NOT ALLOTTED,,,MP__MP Round 1 Allotment.txt,1198,
MP,Madhya Pradesh,2025,R1,NEET_AIR,27386.0,NOT ALLOTTED,NOT ALLOTTED NOT ALLOTTED,NOT ALLOTTED,,,MP__MP Round 1 Allotment.txt,1199,
MP,Madhya Pradesh,2025,R1,NEET_AIR,27397.0,NOT ALLOTTED,NOT ALLOTTED NOT ALLOTTED,NOT ALLOTTED,,,MP__MP Round 1 Allotment.txt,1200,
MP,Madhya Pradesh,2025,R1,NEET_AIR,27403.0,COLLEGE JABALPUR,MS ORTHOPAEDICS,SC,,,MP__MP Round 1 Allotment.txt,1202,
MP,Madhya Pradesh,2025,R1,NEET_AIR,27412.0,NOT ALLOTTED,NOT ALLOTTED NOT ALLOTTED,NOT ALLOTTED,,,MP__MP Round 1 Allotment.txt,1203,
MP,Madhya Pradesh,2025,R1,NEET_AIR,27436.0,NOT ALLOTTED,NOT ALLOTTED NOT ALLOTTED,NOT ALLOTTED,,,MP__MP Round 1 Allotment.txt,1204,
MP,Madhya Pradesh,2025,R1,NEET_AIR,27469.0,NOT ALLOTTED,NOT ALLOTTED NOT ALLOTTED,NOT ALLOTTED,,,MP__MP Round 1 Allotment.txt,1205,
MP,Madhya Pradesh,2025,R1,NEET_AIR,27501.0,NOT ALLOTTED,NOT ALLOTTED NOT ALLOTTED,NOT ALLOTTED,,,MP__MP Round 1 Allotment.txt,1206,
MP,Madhya Pradesh,2025,R1,NEET_AIR,27520.0,COLLEGE JABALPUR,MD GENERAL MEDICINE,ST,,,MP__MP Round 1 Allotment.txt,1208,
MP,Madhya Pradesh,2025,R1,NEET_AIR,27583.0,NOT ALLOTTED,NOT ALLOTTED NOT ALLOTTED,NOT ALLOTTED,,,MP__MP Round 1 Allotment.txt,1209,
MP,Madhya Pradesh,2025,R1,NEET_AIR,27622.0,NOT ALLOTTED,NOT ALLOTTED NOT ALLOTTED,NOT ALLOTTED,,,MP__MP Round 1 Allotment.txt,1210,
MP,Madhya Pradesh,2025,R1,NEET_AIR,27634.0,NOT ALLOTTED,NOT ALLOTTED NOT ALLOTTED,NOT ALLOTTED,,,MP__MP Round 1 Allotment.txt,1211,
MP,Madhya Pradesh,2025,R1,NEET_AIR,27648.0,NOT ALLOTTED,NOT ALLOTTED NOT ALLOTTED,NOT ALLOTTED,,,MP__MP Round 1 Allotment.txt,1212,
MP,Madhya Pradesh,2025,R1,NEET_AIR,27660.0,NOT ALLOTTED,NOT ALLOTTED NOT ALLOTTED,NOT ALLOTTED,,,MP__MP Round 1 Allotment.txt,1213,
MP,Madhya Pradesh,2025,R1,NEET_AIR,27692.0,NOT ALLOTTED,NOT ALLOTTED NOT ALLOTTED,NOT ALLOTTED,,,MP__MP Round 1 Allotment.txt,1214,
MP,Madhya Pradesh,2025,R1,NEET_AIR,27711.0,DEWAS,MD RADIODIAGNOSIS,SC,,,MP__MP Round 1 Allotment.txt,1216,
MP,Madhya Pradesh,2025,R1,NEET_AIR,27733.0,NOT ALLOTTED,NOT ALLOTTED NOT ALLOTTED,NOT ALLOTTED,,,MP__MP Round 1 Allotment.txt,1217,
MP,Madhya Pradesh,2025,R1,NEET_AIR,27739.0,NOT ALLOTTED,NOT ALLOTTED NOT ALLOTTED,NOT ALLOTTED,,,MP__MP Round 1 Allotment.txt,1218,
MP,Madhya Pradesh,2025,R1,NEET_AIR,27779.0,NOT ALLOTTED,NOT ALLOTTED NOT ALLOTTED,NOT ALLOTTED,,,MP__MP Round 1 Allotment.txt,1219,
MP,Madhya Pradesh,2025,R1,NEET_AIR,27785.0,NOT ALLOTTED,NOT ALLOTTED NOT ALLOTTED,NOT ALLOTTED,,,MP__MP Round 1 Allotment.txt,1220,
MP,Madhya Pradesh,2025,R1,NEET_AIR,27804.0,NOT ALLOTTED,NOT ALLOTTED NOT ALLOTTED,NOT ALLOTTED,,,MP__MP Round 1 Allotment.txt,1221,
MP,Madhya Pradesh,2025,R1,NEET_AIR,27837.0,NOT ALLOTTED,NOT ALLOTTED NOT ALLOTTED,NOT ALLOTTED,,,MP__MP Round 1 Allotment.txt,1222,
MP,Madhya Pradesh,2025,R1,NEET_AIR,27890.0,NOT ALLOTTED,NOT ALLOTTED NOT ALLOTTED,NOT ALLOTTED,,,MP__MP Round 1 Allotment.txt,1223,
MP,Madhya Pradesh,2025,R1,NEET_AIR,27942.0,NOT ALLOTTED,NOT ALLOTTED NOT ALLOTTED,NOT ALLOTTED,,,MP__MP Round 1 Allotment.txt,1224,
MP,Madhya Pradesh,2025,R1,NEET_AIR,27981.0,NOT ALLOTTED,NOT ALLOTTED NOT ALLOTTED,NOT ALLOTTED,,,MP__MP Round 1 Allotment.txt,1225,
MP,Madhya Pradesh,2025,R1,NEET_AIR,28006.0,NOT ALLOTTED,NOT ALLOTTED NOT ALLOTTED,NOT ALLOTTED,,,MP__MP Round 1 Allotment.txt,1226,
MP,Madhya Pradesh,2025,R1,NEET_AIR,28013.0,NOT ALLOTTED,NOT ALLOTTED NOT ALLOTTED,NOT ALLOTTED,,,MP__MP Round 1 Allotment.txt,1227,
MP,Madhya Pradesh,2025,R1,NEET_AIR,28064.0,INDORE,MD PAEDIATRICS,OBC,,,MP__MP Round 1 Allotment.txt,1229,
MP,Madhya Pradesh,2025,R1,NEET_AIR,28091.0,GOVERMENT MEDICAL COLLEGE RATLAM,MS OBSTETRICS AND GYNAECOLOGY Clinical,,,,MP__MP Round 1 Allotment.txt,1231,
MP,Madhya Pradesh,2025,R1,NEET_AIR,28184.0,BHOPAL,MD PSYCHIATRY,UR/X/OP,,,MP__MP Round 1 Allotment.txt,1234,
MP,Madhya Pradesh,2025,R1,NEET_AIR,28187.0,RD GARDI MEDICAL COLLEGE UJJAIN,MS ORTHOPAEDICS,OBC,,,MP__MP Round 1 Allotment.txt,1235,
MP,Madhya Pradesh,2025,R1,NEET_AIR,28191.0,NOT ALLOTTED,NOT ALLOTTED NOT ALLOTTED NOT ALLOTTED NOT ALLOTTED,,,,MP__MP Round 1 Allotment.txt,1236,
MP,Madhya Pradesh,2025,R1,NEET_AIR,28196.0,NOT ALLOTTED,NOT ALLOTTED NOT ALLOTTED NOT ALLOTTED NOT ALLOTTED,,,,MP__MP Round 1 Allotment.txt,1237,
MP,Madhya Pradesh,2025,R1,NEET_AIR,43530.0,NOT ALLOTTED,NOT ALLOTTED NOT ALLOTTED NOT ALLOTTED NOT ALLOTTED,,,,MP__MP Round 1 Allotment.txt,1238,
MP,Madhya Pradesh,2025,R1,NEET_AIR,28280.0,GANDHI MEDICAL COLLEGE BHOPAL,MS GENERAL SURGERY,SC,,,MP__MP Round 1 Allotment.txt,1239,
MP,Madhya Pradesh,2025,R1,NEET_AIR,28315.0,NOT ALLOTTED,NOT ALLOTTED NOT ALLOTTED NOT ALLOTTED NOT ALLOTTED,,,,MP__MP Round 1 Allotment.txt,1240,
MP,Madhya Pradesh,2025,R1,NEET_AIR,28353.0,NOT ALLOTTED,NOT ALLOTTED NOT ALLOTTED NOT ALLOTTED NOT ALLOTTED,,,,MP__MP Round 1 Allotment.txt,1241,
MP,Madhya Pradesh,2025,R1,NEET_AIR,28385.0,LN MEDICAL COLLEGE BHOPAL,MD RESPIRATORY MEDICINE,UR/X/OP,,,MP__MP Round 1 Allotment.txt,1242,
MP,Madhya Pradesh,2025,R1,NEET_AIR,28426.0,NOT ALLOTTED,NOT ALLOTTED NOT ALLOTTED NOT ALLOTTED NOT ALLOTTED,,,,MP__MP Round 1 Allotment.txt,1243,
MP,Madhya Pradesh,2025,R1,NEET_AIR,28442.0,INDORE,MS OTORHINOLARYNGOLOGY (ENT),UR/X/OP,,,MP__MP Round 1 Allotment.txt,1245,
MP,Madhya Pradesh,2025,R1,NEET_AIR,28487.0,NOT ALLOTTED,NOT ALLOTTED NOT ALLOTTED NOT ALLOTTED NOT ALLOTTED,,,,MP__MP Round 1 Allotment.txt,1246,
MP,Madhya Pradesh,2025,R1,NEET_AIR,28504.0,NOT ALLOTTED,NOT ALLOTTED NOT ALLOTTED NOT ALLOTTED NOT ALLOTTED,,,,MP__MP Round 1 Allotment.txt,1247,
MP,Madhya Pradesh,2025,R1,NEET_AIR,28548.0,NOT ALLOTTED,NOT ALLOTTED NOT ALLOTTED NOT ALLOTTED NOT ALLOTTED,,,,MP__MP Round 1 Allotment.txt,1248,
MP,Madhya Pradesh,2025,R1,NEET_AIR,28620.0,INDORE,MD RESPIRATORY MEDICINE,INST/UR/X/OP,,,MP__MP Round 1 Allotment.txt,1250,
MP,Madhya Pradesh,2025,R1,NEET_AIR,28725.0,NOT ALLOTTED,NOT ALLOTTED NOT ALLOTTED NOT ALLOTTED NOT ALLOTTED,,,,MP__MP Round 1 Allotment.txt,1251,
MP,Madhya Pradesh,2025,R1,NEET_AIR,28761.0,NOT ALLOTTED,NOT ALLOTTED NOT ALLOTTED NOT ALLOTTED NOT ALLOTTED,,,,MP__MP Round 1 Allotment.txt,1252,
MP,Madhya Pradesh,2025,R1,NEET_AIR,28811.0,NOT ALLOTTED,NOT ALLOTTED NOT ALLOTTED NOT ALLOTTED NOT ALLOTTED,,,,MP__MP Round 1 Allotment.txt,1253,
MP,Madhya Pradesh,2025,R1,NEET_AIR,28864.0,NOT ALLOTTED,NOT ALLOTTED NOT ALLOTTED NOT ALLOTTED NOT ALLOTTED,,,,MP__MP Round 1 Allotment.txt,1254,
MP,Madhya Pradesh,2025,R1,NEET_AIR,28903.0,NOT ALLOTTED,NOT ALLOTTED NOT ALLOTTED NOT ALLOTTED NOT ALLOTTED,,,,MP__MP Round 1 Allotment.txt,1255,
MP,Madhya Pradesh,2025,R1,NEET_AIR,28943.0,NOT ALLOTTED,NOT ALLOTTED NOT ALLOTTED NOT ALLOTTED NOT ALLOTTED,,,,MP__MP Round 1 Allotment.txt,1256,
MP,Madhya Pradesh,2025,R1,NEET_AIR,28974.0,NOT ALLOTTED,NOT ALLOTTED NOT ALLOTTED NOT ALLOTTED NOT ALLOTTED,,,,MP__MP Round 1 Allotment.txt,1257,
MP,Madhya Pradesh,2025,R1,NEET_AIR,29023.0,INDORE,MS GENERAL SURGERY,UR/X/OP,,,MP__MP Round 1 Allotment.txt,1259,
MP,Madhya Pradesh,2025,R1,NEET_AIR,29052.0,NOT ALLOTTED,NOT ALLOTTED NOT ALLOTTED NOT ALLOTTED NOT ALLOTTED,,,,MP__MP Round 1 Allotment.txt,1260,
MP,Madhya Pradesh,2025,R1,NEET_AIR,29083.0,NOT ALLOTTED,NOT ALLOTTED NOT ALLOTTED NOT ALLOTTED NOT ALLOTTED,,,,MP__MP Round 1 Allotment.txt,1261,
MP,Madhya Pradesh,2025,R1,NEET_AIR,29094.0,NOT ALLOTTED,NOT ALLOTTED NOT ALLOTTED NOT ALLOTTED NOT ALLOTTED,,,,MP__MP Round 1 Allotment.txt,1262,
MP,Madhya Pradesh,2025,R1,NEET_AIR,29096.0,NOT ALLOTTED,NOT ALLOTTED NOT ALLOTTED NOT ALLOTTED NOT ALLOTTED,,,,MP__MP Round 1 Allotment.txt,1263,
MP,Madhya Pradesh,2025,R1,NEET_AIR,29102.0,NOT ALLOTTED,NOT ALLOTTED NOT ALLOTTED NOT ALLOTTED NOT ALLOTTED,,,,MP__MP Round 1 Allotment.txt,1264,
MP,Madhya Pradesh,2025,R1,NEET_AIR,29124.0,NOT ALLOTTED,NOT ALLOTTED NOT ALLOTTED NOT ALLOTTED NOT ALLOTTED,,,,MP__MP Round 1 Allotment.txt,1265,
MP,Madhya Pradesh,2025,R1,NEET_AIR,29134.0,NOT ALLOTTED,NOT ALLOTTED NOT ALLOTTED NOT ALLOTTED NOT ALLOTTED,,,,MP__MP Round 1 Allotment.txt,1266,
MP,Madhya Pradesh,2025,R1,NEET_AIR,29197.0,NOT ALLOTTED,NOT ALLOTTED NOT ALLOTTED NOT ALLOTTED NOT ALLOTTED,,,,MP__MP Round 1 Allotment.txt,1267,
MP,Madhya Pradesh,2025,R1,NEET_AIR,29210.0,NOT ALLOTTED,NOT ALLOTTED NOT ALLOTTED NOT ALLOTTED NOT ALLOTTED,,,,MP__MP Round 1 Allotment.txt,1268,
MP,Madhya Pradesh,2025,R1,NEET_AIR,29238.0,NOT ALLOTTED,NOT ALLOTTED NOT ALLOTTED NOT ALLOTTED NOT ALLOTTED,,,,MP__MP Round 1 Allotment.txt,1269,
MP,Madhya Pradesh,2025,R1,NEET_AIR,29265.0,GAJRA RAJA MEDICAL COLLEGE GWALIOR,MD PATHOLOGY,INST/UR/X/OP,,,MP__MP Round 1 Allotment.txt,1270,
MP,Madhya Pradesh,2025,R1,NEET_AIR,29298.0,NOT ALLOTTED,NOT ALLOTTED NOT ALLOTTED NOT ALLOTTED NOT ALLOTTED,,,,MP__MP Round 1 Allotment.txt,1271,
MP,Madhya Pradesh,2025,R1,NEET_AIR,29302.0,RESEARCH CENTER INDORE,MS OBSTETRICS AND GYNAECOLOGY,INST/UR/X/OP,,,MP__MP Round 1 Allotment.txt,1273,
MP,Madhya Pradesh,2025,R1,NEET_AIR,29306.0,NOT ALLOTTED,NOT ALLOTTED NOT ALLOTTED NOT ALLOTTED NOT ALLOTTED,,,,MP__MP Round 1 Allotment.txt,1274,
MP,Madhya Pradesh,2025,R1,NEET_AIR,29313.0,NOT ALLOTTED,NOT ALLOTTED NOT ALLOTTED NOT ALLOTTED NOT ALLOTTED,,,,MP__MP Round 1 Allotment.txt,1275,
MP,Madhya Pradesh,2025,R1,NEET_AIR,29364.0,NOT ALLOTTED,NOT ALLOTTED NOT ALLOTTED NOT ALLOTTED NOT ALLOTTED,,,,MP__MP Round 1 Allotment.txt,1276,
MP,Madhya Pradesh,2025,R1,NEET_AIR,29407.0,COLLEGE JABALPUR,MS GENERAL SURGERY,SC,,,MP__MP Round 1 Allotment.txt,1278,
MP,Madhya Pradesh,2025,R1,NEET_AIR,29425.0,NOT ALLOTTED,NOT ALLOTTED NOT ALLOTTED NOT ALLOTTED NOT ALLOTTED,,,,MP__MP Round 1 Allotment.txt,1279,
MP,Madhya Pradesh,2025,R1,NEET_AIR,29442.0,NOT ALLOTTED,NOT ALLOTTED NOT ALLOTTED NOT ALLOTTED NOT ALLOTTED,,,,MP__MP Round 1 Allotment.txt,1280,
MP,Madhya Pradesh,2025,R1,NEET_AIR,29482.0,RD GARDI MEDICAL COLLEGE UJJAIN,MS GENERAL SURGERY,OBC,,,MP__MP Round 1 Allotment.txt,1281,
MP,Madhya Pradesh,2025,R1,NEET_AIR,29515.0,NOT ALLOTTED,NOT ALLOTTED NOT ALLOTTED NOT ALLOTTED NOT ALLOTTED,,,,MP__MP Round 1 Allotment.txt,1282,
MP,Madhya Pradesh,2025,R1,NEET_AIR,29527.0,NOT ALLOTTED,NOT ALLOTTED NOT ALLOTTED NOT ALLOTTED NOT ALLOTTED,,,,MP__MP Round 1 Allotment.txt,1283,
MP,Madhya Pradesh,2025,R1,NEET_AIR,71068.0,GANDHI MEDICAL COLLEGE BHOPAL,MD PAEDIATRICS,IN_UR/X/OP,,,MP__MP Round 1 Allotment.txt,1284,
MP,Madhya Pradesh,2025,R1,NEET_AIR,29549.0,COLLEGE JABALPUR,MD PATHOLOGY,OBC,,,MP__MP Round 1 Allotment.txt,1286,
MP,Madhya Pradesh,2025,R1,NEET_AIR,29606.0,INDORE,MD RADIATION ONCOLOGY,UR/X/OP,,,MP__MP Round 1 Allotment.txt,1288,
MP,Madhya Pradesh,2025,R1,NEET_AIR,29614.0,INDORE,MS GENERAL SURGERY,UR/X/OP,,,MP__MP Round 1 Allotment.txt,1290,
MP,Madhya Pradesh,2025,R1,NEET_AIR,29622.0,NOT ALLOTTED,NOT ALLOTTED NOT ALLOTTED NOT ALLOTTED NOT ALLOTTED,,,,MP__MP Round 1 Allotment.txt,1291,
MP,Madhya Pradesh,2025,R1,NEET_AIR,29689.0,NOT ALLOTTED,NOT ALLOTTED NOT ALLOTTED NOT ALLOTTED NOT ALLOTTED,,,,MP__MP Round 1 Allotment.txt,1292,
MP,Madhya Pradesh,2025,R1,NEET_AIR,29707.0,NOT ALLOTTED,NOT ALLOTTED NOT ALLOTTED NOT ALLOTTED NOT ALLOTTED,,,,MP__MP Round 1 Allotment.txt,1293,
MP,Madhya Pradesh,2025,R1,NEET_AIR,29720.0,NOT ALLOTTED,NOT ALLOTTED NOT ALLOTTED NOT ALLOTTED NOT ALLOTTED,,,,MP__MP Round 1 Allotment.txt,1294,
MP,Madhya Pradesh,2025,R1,NEET_AIR,29728.0,GAJRA RAJA MEDICAL COLLEGE GWALIOR,MD PATHOLOGY,INST/UR/X/OP,,,MP__MP Round 1 Allotment.txt,1295,
MP,Madhya Pradesh,2025,R1,NEET_AIR,29737.0,RESEARCH CENTER INDORE,MS ORTHOPAEDICS,UR/X/OP,,,MP__MP Round 1 Allotment.txt,1297,
MP,Madhya Pradesh,2025,R1,NEET_AIR,484.0,NOT ALLOTTED,NOT ALLOTTED NOT ALLOTTED,,,,MP__MP Round 1 Allotment.txt,1310,
MP,Madhya Pradesh,2025,R1,NEET_AIR,483.0,ANAESTHESIOLOGY,Private Clinical,,,,MP__MP Round 1 Allotment.txt,1311,
MP,Madhya Pradesh,2025,R1,NEET_AIR,483.0,NOT ALLOTTED,NOT ALLOTTED NOT ALLOTTED,,,,MP__MP Round 1 Allotment.txt,1312,
MP,Madhya Pradesh,2025,R1,NEET_AIR,29970.0,PEOPLES COLLEGE OF MEDICAL SCIENCE BHOPAL,MS ORTHOPAEDICS,UR/X/OP,,,MP__MP Round 1 Allotment.txt,1316,
MP,Madhya Pradesh,2025,R1,NEET_AIR,30022.0,NOT ALLOTTED,NOT ALLOTTED NOT ALLOTTED,NOT ALLOTTED,,,MP__MP Round 1 Allotment.txt,1317,
MP,Madhya Pradesh,2025,R1,NEET_AIR,30028.0,NOT ALLOTTED,NOT ALLOTTED NOT ALLOTTED,NOT ALLOTTED,,,MP__MP Round 1 Allotment.txt,1318,
MP,Madhya Pradesh,2025,R1,NEET_AIR,30052.0,NOT ALLOTTED,NOT ALLOTTED NOT ALLOTTED,NOT ALLOTTED,,,MP__MP Round 1 Allotment.txt,1319,
MP,Madhya Pradesh,2025,R1,NEET_AIR,30053.0,NOT ALLOTTED,NOT ALLOTTED NOT ALLOTTED,NOT ALLOTTED,,,MP__MP Round 1 Allotment.txt,1320,
MP,Madhya Pradesh,2025,R1,NEET_AIR,30056.0,NOT ALLOTTED,NOT ALLOTTED NOT ALLOTTED,NOT ALLOTTED,,,MP__MP Round 1 Allotment.txt,1321,
MP,Madhya Pradesh,2025,R1,NEET_AIR,30059.0,NOT ALLOTTED,NOT ALLOTTED NOT ALLOTTED,NOT ALLOTTED,,,MP__MP Round 1 Allotment.txt,1322,
MP,Madhya Pradesh,2025,R1,NEET_AIR,30066.0,NOT ALLOTTED,NOT ALLOTTED NOT ALLOTTED,NOT ALLOTTED,,,MP__MP Round 1 Allotment.txt,1323,
MP,Madhya Pradesh,2025,R1,NEET_AIR,30069.0,NOT ALLOTTED,NOT ALLOTTED NOT ALLOTTED,NOT ALLOTTED,,,MP__MP Round 1 Allotment.txt,1324,
MP,Madhya Pradesh,2025,R1,NEET_AIR,71682.0,COLLEGE INDORE,MD GENERAL MEDICINE,IN_OBC/X/OP,,,MP__MP Round 1 Allotment.txt,1326,
MP,Madhya Pradesh,2025,R1,NEET_AIR,30116.0,NOT ALLOTTED,NOT ALLOTTED NOT ALLOTTED,NOT ALLOTTED,,,MP__MP Round 1 Allotment.txt,1327,
MP,Madhya Pradesh,2025,R1,NEET_AIR,30223.0,NOT ALLOTTED,NOT ALLOTTED NOT ALLOTTED,NOT ALLOTTED,,,MP__MP Round 1 Allotment.txt,1328,
MP,Madhya Pradesh,2025,R1,NEET_AIR,30286.0,NOT ALLOTTED,NOT ALLOTTED NOT ALLOTTED,NOT ALLOTTED,,,MP__MP Round 1 Allotment.txt,1329,
MP,Madhya Pradesh,2025,R1,NEET_AIR,30374.0,NOT ALLOTTED,NOT ALLOTTED NOT ALLOTTED,NOT ALLOTTED,,,MP__MP Round 1 Allotment.txt,1330,
MP,Madhya Pradesh,2025,R1,NEET_AIR,30380.0,LN MEDICAL COLLEGE BHOPAL,MS ORTHOPAEDICS,UR/X/OP,,,MP__MP Round 1 Allotment.txt,1331,
MP,Madhya Pradesh,2025,R1,NEET_AIR,30439.0,LN MEDICAL COLLEGE BHOPAL,MS OBSTETRICS AND GYNAECOLOGY Clinical,,,,MP__MP Round 1 Allotment.txt,1333,
MP,Madhya Pradesh,2025,R1,NEET_AIR,30497.0,BHOPAL,MD PAEDIATRICS,OBC,,,MP__MP Round 1 Allotment.txt,1335,
MP,Madhya Pradesh,2025,R1,NEET_AIR,30549.0,NOT ALLOTTED,NOT ALLOTTED NOT ALLOTTED,NOT ALLOTTED,,,MP__MP Round 1 Allotment.txt,1336,
MP,Madhya Pradesh,2025,R1,NEET_AIR,30562.0,NOT ALLOTTED,NOT ALLOTTED NOT ALLOTTED,NOT ALLOTTED,,,MP__MP Round 1 Allotment.txt,1337,
MP,Madhya Pradesh,2025,R1,NEET_AIR,30598.0,NOT ALLOTTED,NOT ALLOTTED NOT ALLOTTED,NOT ALLOTTED,,,MP__MP Round 1 Allotment.txt,1338,
MP,Madhya Pradesh,2025,R1,NEET_AIR,30642.0,NOT ALLOTTED,NOT ALLOTTED NOT ALLOTTED,NOT ALLOTTED,,,MP__MP Round 1 Allotment.txt,1339,
MP,Madhya Pradesh,2025,R1,NEET_AIR,30645.0,NOT ALLOTTED,NOT ALLOTTED NOT ALLOTTED,NOT ALLOTTED,,,MP__MP Round 1 Allotment.txt,1340,
MP,Madhya Pradesh,2025,R1,NEET_AIR,30672.0,NOT ALLOTTED,NOT ALLOTTED NOT ALLOTTED,NOT ALLOTTED,,,MP__MP Round 1 Allotment.txt,1341,
MP,Madhya Pradesh,2025,R1,NEET_AIR,30698.0,NOT ALLOTTED,NOT ALLOTTED NOT ALLOTTED,NOT ALLOTTED,,,MP__MP Round 1 Allotment.txt,1342,
MP,Madhya Pradesh,2025,R1,NEET_AIR,30699.0,NOT ALLOTTED,NOT ALLOTTED NOT ALLOTTED,NOT ALLOTTED,,,MP__MP Round 1 Allotment.txt,1343,
MP,Madhya Pradesh,2025,R1,NEET_AIR,30724.0,INDORE,MS GENERAL SURGERY,UR/X/OP,,,MP__MP Round 1 Allotment.txt,1345,
MP,Madhya Pradesh,2025,R1,NEET_AIR,46295.0,NOT ALLOTTED,NOT ALLOTTED NOT ALLOTTED,NOT ALLOTTED,,,MP__MP Round 1 Allotment.txt,1346,
MP,Madhya Pradesh,2025,R1,NEET_AIR,46339.0,NOT ALLOTTED,NOT ALLOTTED NOT ALLOTTED,NOT ALLOTTED,,,MP__MP Round 1 Allotment.txt,1347,
MP,Madhya Pradesh,2025,R1,NEET_AIR,30772.0,NOT ALLOTTED,NOT ALLOTTED NOT ALLOTTED,NOT ALLOTTED,,,MP__MP Round 1 Allotment.txt,1348,
MP,Madhya Pradesh,2025,R1,NEET_AIR,30798.0,NOT ALLOTTED,NOT ALLOTTED NOT ALLOTTED,NOT ALLOTTED,,,MP__MP Round 1 Allotment.txt,1349,
MP,Madhya Pradesh,2025,R1,NEET_AIR,30827.0,INDORE,MD ANAESTHESIOLOGY,UR/X/OP,,,MP__MP Round 1 Allotment.txt,1351,
MP,Madhya Pradesh,2025,R1,NEET_AIR,30842.0,NOT ALLOTTED,NOT ALLOTTED NOT ALLOTTED NOT ALLOTTED NOT ALLOTTED,,,,MP__MP Round 1 Allotment.txt,1352,
MP,Madhya Pradesh,2025,R1,NEET_AIR,30914.0,INDORE,MS OPHTHALMOLOGY,OBC,,,MP__MP Round 1 Allotment.txt,1354,
MP,Madhya Pradesh,2025,R1,NEET_AIR,30923.0,NOT ALLOTTED,NOT ALLOTTED NOT ALLOTTED NOT ALLOTTED NOT ALLOTTED,,,,MP__MP Round 1 Allotment.txt,1355,
MP,Madhya Pradesh,2025,R1,NEET_AIR,30942.0,NOT ALLOTTED,NOT ALLOTTED NOT ALLOTTED NOT ALLOTTED NOT ALLOTTED,,,,MP__MP Round 1 Allotment.txt,1356,
MP,Madhya Pradesh,2025,R1,NEET_AIR,31052.0,SHYAM SHAH MEDICAL COLLEGE REWA,MD AND LEPROSY,ST,,,MP__MP Round 1 Allotment.txt,1358,
MP,Madhya Pradesh,2025,R1,NEET_AIR,31099.0,NOT ALLOTTED,NOT ALLOTTED NOT ALLOTTED,NOT ALLOTTED,,,MP__MP Round 1 Allotment.txt,1359,
MP,Madhya Pradesh,2025,R1,NEET_AIR,31144.0,NOT ALLOTTED,NOT ALLOTTED NOT ALLOTTED,NOT ALLOTTED,,,MP__MP Round 1 Allotment.txt,1360,
MP,Madhya Pradesh,2025,R1,NEET_AIR,46630.0,NOT ALLOTTED,NOT ALLOTTED NOT ALLOTTED,NOT ALLOTTED,,,MP__MP Round 1 Allotment.txt,1361,
MP,Madhya Pradesh,2025,R1,NEET_AIR,46737.0,LN MEDICAL COLLEGE BHOPAL,MD PAEDIATRICS,OBC,,,MP__MP Round 1 Allotment.txt,1362,
MP,Madhya Pradesh,2025,R1,NEET_AIR,31170.0,GANDHI MEDICAL COLLEGE BHOPAL,MD GENERAL MEDICINE,ST,,,MP__MP Round 1 Allotment.txt,1363,
MP,Madhya Pradesh,2025,R1,NEET_AIR,31184.0,INDORE,MS GENERAL SURGERY,UR/X/OP,,,MP__MP Round 1 Allotment.txt,1365,
MP,Madhya Pradesh,2025,R1,NEET_AIR,31194.0,NOT ALLOTTED,NOT ALLOTTED NOT ALLOTTED NOT ALLOTTED NOT ALLOTTED,,,,MP__MP Round 1 Allotment.txt,1366,
MP,Madhya Pradesh,2025,R1,NEET_AIR,31215.0,RESEARCH CENTER INDORE,MD PAEDIATRICS,INST/UR/X/OP,,,MP__MP Round 1 Allotment.txt,1368,
MP,Madhya Pradesh,2025,R1,NEET_AIR,31227.0,NOT ALLOTTED,NOT ALLOTTED NOT ALLOTTED,NOT ALLOTTED,,,MP__MP Round 1 Allotment.txt,1369,
MP,Madhya Pradesh,2025,R1,NEET_AIR,31286.0,RD GARDI MEDICAL COLLEGE UJJAIN,MD GENERAL MEDICINE,SC,,,MP__MP Round 1 Allotment.txt,1370,
MP,Madhya Pradesh,2025,R1,NEET_AIR,31295.0,GANDHI MEDICAL COLLEGE BHOPAL,MD PAEDIATRICS,ST,,,MP__MP Round 1 Allotment.txt,1371,
MP,Madhya Pradesh,2025,R1,NEET_AIR,31306.0,NOT ALLOTTED,NOT ALLOTTED NOT ALLOTTED,NOT ALLOTTED,,,MP__MP Round 1 Allotment.txt,1372,
MP,Madhya Pradesh,2025,R1,NEET_AIR,31315.0,NOT ALLOTTED,NOT ALLOTTED NOT ALLOTTED,NOT ALLOTTED,,,MP__MP Round 1 Allotment.txt,1373,
MP,Madhya Pradesh,2025,R1,NEET_AIR,31328.0,NOT ALLOTTED,NOT ALLOTTED NOT ALLOTTED,NOT ALLOTTED,,,MP__MP Round 1 Allotment.txt,1374,
MP,Madhya Pradesh,2025,R1,NEET_AIR,31339.0,NOT ALLOTTED,NOT ALLOTTED NOT ALLOTTED,NOT ALLOTTED,,,MP__MP Round 1 Allotment.txt,1375,
MP,Madhya Pradesh,2025,R1,NEET_AIR,31400.0,NOT ALLOTTED,NOT ALLOTTED NOT ALLOTTED,NOT ALLOTTED,,,MP__MP Round 1 Allotment.txt,1376,
MP,Madhya Pradesh,2025,R1,NEET_AIR,31403.0,NOT ALLOTTED,NOT ALLOTTED NOT ALLOTTED,NOT ALLOTTED,,,MP__MP Round 1 Allotment.txt,1377,
MP,Madhya Pradesh,2025,R1,NEET_AIR,31612.0,GANDHI MEDICAL COLLEGE BHOPAL,MD ANAESTHESIOLOGY,SC,,,MP__MP Round 1 Allotment.txt,1378,
MP,Madhya Pradesh,2025,R1,NEET_AIR,31705.0,RESEARCH CENTER INDORE,MD RESPIRATORY MEDICINE,UR/X/OP,,,MP__MP Round 1 Allotment.txt,1380,
MP,Madhya Pradesh,2025,R1,NEET_AIR,31755.0,PEOPLES COLLEGE OF MEDICAL SCIENCE BHOPAL,MS ORTHOPAEDICS,INST/UR/X/OP,,,MP__MP Round 1 Allotment.txt,1382,
MP,Madhya Pradesh,2025,R1,NEET_AIR,31770.0,NOT ALLOTTED,NOT ALLOTTED NOT ALLOTTED,NOT ALLOTTED,,,MP__MP Round 1 Allotment.txt,1383,
MP,Madhya Pradesh,2025,R1,NEET_AIR,31787.0,GAJRA RAJA MEDICAL COLLEGE GWALIOR,MS GENERAL SURGERY,SC,,,MP__MP Round 1 Allotment.txt,1384,
MP,Madhya Pradesh,2025,R1,NEET_AIR,31835.0,NOT ALLOTTED,NOT ALLOTTED NOT ALLOTTED,NOT ALLOTTED,,,MP__MP Round 1 Allotment.txt,1385,
MP,Madhya Pradesh,2025,R1,NEET_AIR,31839.0,SHYAM SHAH MEDICAL COLLEGE REWA,MD PATHOLOGY,INST/UR/X/OP,,,MP__MP Round 1 Allotment.txt,1386,
MP,Madhya Pradesh,2025,R1,NEET_AIR,31853.0,NOT ALLOTTED,NOT ALLOTTED NOT ALLOTTED,NOT ALLOTTED,,,MP__MP Round 1 Allotment.txt,1387,
MP,Madhya Pradesh,2025,R1,NEET_AIR,31872.0,INDORE,MD PATHOLOGY,UR/X/OP,,,MP__MP Round 1 Allotment.txt,1389,
MP,Madhya Pradesh,2025,R1,NEET_AIR,31939.0,NOT ALLOTTED,NOT ALLOTTED NOT ALLOTTED,NOT ALLOTTED,,,MP__MP Round 1 Allotment.txt,1390,
MP,Madhya Pradesh,2025,R1,NEET_AIR,31952.0,NOT ALLOTTED,NOT ALLOTTED NOT ALLOTTED,NOT ALLOTTED,,,MP__MP Round 1 Allotment.txt,1391,
MP,Madhya Pradesh,2025,R1,NEET_AIR,31974.0,NOT ALLOTTED,NOT ALLOTTED NOT ALLOTTED,NOT ALLOTTED,,,MP__MP Round 1 Allotment.txt,1392,
MP,Madhya Pradesh,2025,R1,NEET_AIR,32001.0,INDORE,MS GENERAL SURGERY,UR/X/OP,,,MP__MP Round 1 Allotment.txt,1394,
MP,Madhya Pradesh,2025,R1,NEET_AIR,32030.0,NOT ALLOTTED,NOT ALLOTTED NOT ALLOTTED,NOT ALLOTTED,,,MP__MP Round 1 Allotment.txt,1395,
MP,Madhya Pradesh,2025,R1,NEET_AIR,32054.0,NOT ALLOTTED,NOT ALLOTTED NOT ALLOTTED,NOT ALLOTTED,,,MP__MP Round 1 Allotment.txt,1396,
MP,Madhya Pradesh,2025,R1,NEET_AIR,32077.0,NOT ALLOTTED,NOT ALLOTTED NOT ALLOTTED,NOT ALLOTTED,,,MP__MP Round 1 Allotment.txt,1397,
MP,Madhya Pradesh,2025,R1,NEET_AIR,32084.0,NOT ALLOTTED,NOT ALLOTTED NOT ALLOTTED,NOT ALLOTTED,,,MP__MP Round 1 Allotment.txt,1398,
MP,Madhya Pradesh,2025,R1,NEET_AIR,32115.0,NOT ALLOTTED,NOT ALLOTTED NOT ALLOTTED,NOT ALLOTTED,,,MP__MP Round 1 Allotment.txt,1399,
MP,Madhya Pradesh,2025,R1,NEET_AIR,32366.0,NOT ALLOTTED,NOT ALLOTTED NOT ALLOTTED,NOT ALLOTTED,,,MP__MP Round 1 Allotment.txt,1400,
MP,Madhya Pradesh,2025,R1,NEET_AIR,32407.0,NOT ALLOTTED,NOT ALLOTTED NOT ALLOTTED,NOT ALLOTTED,,,MP__MP Round 1 Allotment.txt,1401,
MP,Madhya Pradesh,2025,R1,NEET_AIR,32414.0,NOT ALLOTTED,NOT ALLOTTED NOT ALLOTTED,NOT ALLOTTED,,,MP__MP Round 1 Allotment.txt,1402,
MP,Madhya Pradesh,2025,R1,NEET_AIR,32467.0,INDORE,MD ANAESTHESIOLOGY,UR/X/OP,,,MP__MP Round 1 Allotment.txt,1404,
MP,Madhya Pradesh,2025,R1,NEET_AIR,32476.0,NOT ALLOTTED,NOT ALLOTTED NOT ALLOTTED,NOT ALLOTTED,,,MP__MP Round 1 Allotment.txt,1405,
MP,Madhya Pradesh,2025,R1,NEET_AIR,32479.0,NOT ALLOTTED,NOT ALLOTTED NOT ALLOTTED,NOT ALLOTTED,,,MP__MP Round 1 Allotment.txt,1406,
MP,Madhya Pradesh,2025,R1,NEET_AIR,32480.0,NOT ALLOTTED,NOT ALLOTTED NOT ALLOTTED,NOT ALLOTTED,,,MP__MP Round 1 Allotment.txt,1407,
MP,Madhya Pradesh,2025,R1,NEET_AIR,32491.0,NOT ALLOTTED,NOT ALLOTTED NOT ALLOTTED,NOT ALLOTTED,,,MP__MP Round 1 Allotment.txt,1408,
MP,Madhya Pradesh,2025,R1,NEET_AIR,32552.0,BHOPAL,MS ORTHOPAEDICS,INST/UR/X/OP,,,MP__MP Round 1 Allotment.txt,1410,
MP,Madhya Pradesh,2025,R1,NEET_AIR,32586.0,NOT ALLOTTED,NOT ALLOTTED NOT ALLOTTED NOT ALLOTTED NOT ALLOTTED,,,,MP__MP Round 1 Allotment.txt,1411,
MP,Madhya Pradesh,2025,R1,NEET_AIR,32600.0,NOT ALLOTTED,NOT ALLOTTED NOT ALLOTTED NOT ALLOTTED NOT ALLOTTED,,,,MP__MP Round 1 Allotment.txt,1412,
MP,Madhya Pradesh,2025,R1,NEET_AIR,32606.0,RESEARCH CENTER INDORE,MS OBSTETRICS AND GYNAECOLOGY,OBC,,,MP__MP Round 1 Allotment.txt,1414,
MP,Madhya Pradesh,2025,R1,NEET_AIR,32612.0,NOT ALLOTTED,NOT ALLOTTED NOT ALLOTTED,NOT ALLOTTED,,,MP__MP Round 1 Allotment.txt,1415,
MP,Madhya Pradesh,2025,R1,NEET_AIR,32632.0,NOT ALLOTTED,NOT ALLOTTED NOT ALLOTTED,NOT ALLOTTED,,,MP__MP Round 1 Allotment.txt,1416,
MP,Madhya Pradesh,2025,R1,NEET_AIR,32639.0,NOT ALLOTTED,NOT ALLOTTED NOT ALLOTTED,NOT ALLOTTED,,,MP__MP Round 1 Allotment.txt,1417,
MP,Madhya Pradesh,2025,R1,NEET_AIR,32734.0,NOT ALLOTTED,NOT ALLOTTED NOT ALLOTTED,NOT ALLOTTED,,,MP__MP Round 1 Allotment.txt,1418,
MP,Madhya Pradesh,2025,R1,NEET_AIR,32752.0,LN MEDICAL COLLEGE BHOPAL,MS ORTHOPAEDICS,UR/X/OP,,,MP__MP Round 1 Allotment.txt,1419,
MP,Madhya Pradesh,2025,R1,NEET_AIR,32805.0,LN MEDICAL COLLEGE BHOPAL,MS ORTHOPAEDICS,INST/UR/X/OP,,,MP__MP Round 1 Allotment.txt,1420,
MP,Madhya Pradesh,2025,R1,NEET_AIR,74066.0,COLLEGE JABALPUR,MD RADIODIAGNOSIS,IN_OBC/X/OP,,,MP__MP Round 1 Allotment.txt,1422,
MP,Madhya Pradesh,2025,R1,NEET_AIR,32814.0,NOT ALLOTTED,NOT ALLOTTED NOT ALLOTTED NOT ALLOTTED NOT ALLOTTED,,,,MP__MP Round 1 Allotment.txt,1423,
MP,Madhya Pradesh,2025,R1,NEET_AIR,32850.0,COLLEGE INDORE,MS OBSTETRICS AND GYNAECOLOGY Clinical,,,,MP__MP Round 1 Allotment.txt,1425,
MP,Madhya Pradesh,2025,R1,NEET_AIR,32892.0,NOT ALLOTTED,NOT ALLOTTED NOT ALLOTTED NOT ALLOTTED NOT ALLOTTED,,,,MP__MP Round 1 Allotment.txt,1426,
MP,Madhya Pradesh,2025,R1,NEET_AIR,32936.0,BHOPAL,MS OTORHINOLARYNGOLOGY (ENT),UR/X/OP,,,MP__MP Round 1 Allotment.txt,1428,
MP,Madhya Pradesh,2025,R1,NEET_AIR,32952.0,INDORE,MS GENERAL SURGERY,UR/X/OP,,,MP__MP Round 1 Allotment.txt,1430,
MP,Madhya Pradesh,2025,R1,NEET_AIR,32953.0,INDORE,MS ORTHOPAEDICS,OBC,,,MP__MP Round 1 Allotment.txt,1432,
MP,Madhya Pradesh,2025,R1,NEET_AIR,32989.0,GOVERMENT MEDICAL COLLEGE RATLAM,MS GENERAL SURGERY,SC,,,MP__MP Round 1 Allotment.txt,1433,
MP,Madhya Pradesh,2025,R1,NEET_AIR,33005.0,NOT ALLOTTED,NOT ALLOTTED NOT ALLOTTED NOT ALLOTTED NOT ALLOTTED,,,,MP__MP Round 1 Allotment.txt,1434,
MP,Madhya Pradesh,2025,R1,NEET_AIR,33045.0,INDORE,MS GENERAL SURGERY,UR/X/OP,,,MP__MP Round 1 Allotment.txt,1436,
MP,Madhya Pradesh,2025,R1,NEET_AIR,33096.0,NOT ALLOTTED,NOT ALLOTTED NOT ALLOTTED NOT ALLOTTED NOT ALLOTTED,,,,MP__MP Round 1 Allotment.txt,1437,
MP,Madhya Pradesh,2025,R1,NEET_AIR,62163.0,NOT ALLOTTED,NOT ALLOTTED NOT ALLOTTED NOT ALLOTTED NOT ALLOTTED,,,,MP__MP Round 1 Allotment.txt,1438,
MP,Madhya Pradesh,2025,R1,NEET_AIR,33152.0,PEOPLES COLLEGE OF MEDICAL SCIENCE BHOPAL,MS OPHTHALMOLOGY,UR/X/OP,,,MP__MP Round 1 Allotment.txt,1440,
MP,Madhya Pradesh,2025,R1,NEET_AIR,33203.0,NOT ALLOTTED,NOT ALLOTTED NOT ALLOTTED,NOT ALLOTTED,,,MP__MP Round 1 Allotment.txt,1441,
MP,Madhya Pradesh,2025,R1,NEET_AIR,33223.0,NOT ALLOTTED,NOT ALLOTTED NOT ALLOTTED,NOT ALLOTTED,,,MP__MP Round 1 Allotment.txt,1442,
MP,Madhya Pradesh,2025,R1,NEET_AIR,33228.0,NOT ALLOTTED,NOT ALLOTTED NOT ALLOTTED,NOT ALLOTTED,,,MP__MP Round 1 Allotment.txt,1443,
MP,Madhya Pradesh,2025,R1,NEET_AIR,33310.0,RESEARCH CENTER INDORE,MD PAEDIATRICS,OBC,,,MP__MP Round 1 Allotment.txt,1456,
MP,Madhya Pradesh,2025,R1,NEET_AIR,33501.0,INDORE,MD RADIODIAGNOSIS,SC,,,MP__MP Round 1 Allotment.txt,1458,
MP,Madhya Pradesh,2025,R1,NEET_AIR,33538.0,GANDHI MEDICAL COLLEGE BHOPAL,MS OBSTETRICS AND GYNAECOLOGY Clinical,,,,MP__MP Round 1 Allotment.txt,1460,
MP,Madhya Pradesh,2025,R1,NEET_AIR,33541.0,COLLEGE INDORE,MS OBSTETRICS AND GYNAECOLOGY Clinical,,,,MP__MP Round 1 Allotment.txt,1462,
MP,Madhya Pradesh,2025,R1,NEET_AIR,33556.0,BUNDELKHAND MEDICAL COLLEGE SAGAR,MD PATHOLOGY,OBC,,,MP__MP Round 1 Allotment.txt,1463,
MP,Madhya Pradesh,2025,R1,NEET_AIR,33612.0,INDORE,MS GENERAL SURGERY,UR/X/OP,,,MP__MP Round 1 Allotment.txt,1465,
MP,Madhya Pradesh,2025,R1,NEET_AIR,33616.0,NOT ALLOTTED,NOT ALLOTTED NOT ALLOTTED,NOT ALLOTTED,,,MP__MP Round 1 Allotment.txt,1466,
MP,Madhya Pradesh,2025,R1,NEET_AIR,33648.0,NOT ALLOTTED,NOT ALLOTTED NOT ALLOTTED,NOT ALLOTTED,,,MP__MP Round 1 Allotment.txt,1467,
MP,Madhya Pradesh,2025,R1,NEET_AIR,33698.0,SHYAM SHAH MEDICAL COLLEGE REWA,MS GENERAL SURGERY,SC,,,MP__MP Round 1 Allotment.txt,1468,
MP,Madhya Pradesh,2025,R1,NEET_AIR,33762.0,NOT ALLOTTED,NOT ALLOTTED NOT ALLOTTED,NOT ALLOTTED,,,MP__MP Round 1 Allotment.txt,1469,
MP,Madhya Pradesh,2025,R1,NEET_AIR,33777.0,NOT ALLOTTED,NOT ALLOTTED NOT ALLOTTED,NOT ALLOTTED,,,MP__MP Round 1 Allotment.txt,1470,
MP,Madhya Pradesh,2025,R1,NEET_AIR,33802.0,NOT ALLOTTED,NOT ALLOTTED NOT ALLOTTED,NOT ALLOTTED,,,MP__MP Round 1 Allotment.txt,1471,
MP,Madhya Pradesh,2025,R1,NEET_AIR,33827.0,NOT ALLOTTED,NOT ALLOTTED NOT ALLOTTED,NOT ALLOTTED,,,MP__MP Round 1 Allotment.txt,1472,
MP,Madhya Pradesh,2025,R1,NEET_AIR,33880.0,NOT ALLOTTED,NOT ALLOTTED NOT ALLOTTED,NOT ALLOTTED,,,MP__MP Round 1 Allotment.txt,1473,
MP,Madhya Pradesh,2025,R1,NEET_AIR,33997.0,NOT ALLOTTED,NOT ALLOTTED NOT ALLOTTED,NOT ALLOTTED,,,MP__MP Round 1 Allotment.txt,1474,
MP,Madhya Pradesh,2025,R1,NEET_AIR,34019.0,NOT ALLOTTED,NOT ALLOTTED NOT ALLOTTED,NOT ALLOTTED,,,MP__MP Round 1 Allotment.txt,1475,
MP,Madhya Pradesh,2025,R1,NEET_AIR,34061.0,COLLEGE JABALPUR,MD PATHOLOGY,EWS,,,MP__MP Round 1 Allotment.txt,1477,
MP,Madhya Pradesh,2025,R1,NEET_AIR,34100.0,DEWAS,MS GENERAL SURGERY,UR/X/OP,,,MP__MP Round 1 Allotment.txt,1479,
MP,Madhya Pradesh,2025,R1,NEET_AIR,34121.0,RESEARCH CENTRE BHOPAL,MD PAEDIATRICS,OBC,,,MP__MP Round 1 Allotment.txt,1481,
MP,Madhya Pradesh,2025,R1,NEET_AIR,34219.0,NOT ALLOTTED,NOT ALLOTTED NOT ALLOTTED,NOT ALLOTTED,,,MP__MP Round 1 Allotment.txt,1482,
MP,Madhya Pradesh,2025,R1,NEET_AIR,34225.0,NOT ALLOTTED,NOT ALLOTTED NOT ALLOTTED,NOT ALLOTTED,,,MP__MP Round 1 Allotment.txt,1483,
MP,Madhya Pradesh,2025,R1,NEET_AIR,34280.0,NOT ALLOTTED,NOT ALLOTTED NOT ALLOTTED,NOT ALLOTTED,,,MP__MP Round 1 Allotment.txt,1484,
MP,Madhya Pradesh,2025,R1,NEET_AIR,34303.0,COLLEGE INDORE,MD PHARMACOLOGY,INST/UR/X/OP,,,MP__MP Round 1 Allotment.txt,1486,
MP,Madhya Pradesh,2025,R1,NEET_AIR,34307.0,NOT ALLOTTED,NOT ALLOTTED NOT ALLOTTED,NOT ALLOTTED,,,MP__MP Round 1 Allotment.txt,1487,
MP,Madhya Pradesh,2025,R1,NEET_AIR,34317.0,NOT ALLOTTED,NOT ALLOTTED NOT ALLOTTED,NOT ALLOTTED,,,MP__MP Round 1 Allotment.txt,1488,
MP,Madhya Pradesh,2025,R1,NEET_AIR,34323.0,GANDHI MEDICAL COLLEGE BHOPAL,MD GENERAL MEDICINE,ST,,,MP__MP Round 1 Allotment.txt,1489,
MP,Madhya Pradesh,2025,R1,NEET_AIR,34377.0,COLLEGE INDORE,MD ANAESTHESIOLOGY,SC,,,MP__MP Round 1 Allotment.txt,1491,
MP,Madhya Pradesh,2025,R1,NEET_AIR,34417.0,RESEARCH CENTRE BHOPAL,MS ORTHOPAEDICS,UR/X/OP,,,MP__MP Round 1 Allotment.txt,1493,
MP,Madhya Pradesh,2025,R1,NEET_AIR,34464.0,COLLEGE INDORE,MD EMERGENCY MEDICINE,SC,,,MP__MP Round 1 Allotment.txt,1495,
MP,Madhya Pradesh,2025,R1,NEET_AIR,63635.0,NOT ALLOTTED,NOT ALLOTTED NOT ALLOTTED,NOT ALLOTTED,,,MP__MP Round 1 Allotment.txt,1496,
MP,Madhya Pradesh,2025,R1,NEET_AIR,34609.0,GAJRA RAJA MEDICAL COLLEGE GWALIOR,MD ANAESTHESIOLOGY,SC,,,MP__MP Round 1 Allotment.txt,1497,
MP,Madhya Pradesh,2025,R1,NEET_AIR,34626.0,NOT ALLOTTED,NOT ALLOTTED NOT ALLOTTED,NOT ALLOTTED,,,MP__MP Round 1 Allotment.txt,1498,
MP,Madhya Pradesh,2025,R1,NEET_AIR,34645.0,NOT ALLOTTED,NOT ALLOTTED NOT ALLOTTED,NOT ALLOTTED,,,MP__MP Round 1 Allotment.txt,1499,
MP,Madhya Pradesh,2025,R1,NEET_AIR,34696.0,NOT ALLOTTED,NOT ALLOTTED NOT ALLOTTED,NOT ALLOTTED,,,MP__MP Round 1 Allotment.txt,1500,
MP,Madhya Pradesh,2025,R1,NEET_AIR,34718.0,NOT ALLOTTED,NOT ALLOTTED NOT ALLOTTED,NOT ALLOTTED,,,MP__MP Round 1 Allotment.txt,1501,
MP,Madhya Pradesh,2025,R1,NEET_AIR,34777.0,NOT ALLOTTED,NOT ALLOTTED NOT ALLOTTED,NOT ALLOTTED,,,MP__MP Round 1 Allotment.txt,1502,
MP,Madhya Pradesh,2025,R1,NEET_AIR,34780.0,NOT ALLOTTED,NOT ALLOTTED NOT ALLOTTED,NOT ALLOTTED,,,MP__MP Round 1 Allotment.txt,1503,
MP,Madhya Pradesh,2025,R1,NEET_AIR,34797.0,NOT ALLOTTED,NOT ALLOTTED NOT ALLOTTED,NOT ALLOTTED,,,MP__MP Round 1 Allotment.txt,1504,
MP,Madhya Pradesh,2025,R1,NEET_AIR,34809.0,NOT ALLOTTED,NOT ALLOTTED NOT ALLOTTED,NOT ALLOTTED,,,MP__MP Round 1 Allotment.txt,1505,
MP,Madhya Pradesh,2025,R1,NEET_AIR,34855.0,NOT ALLOTTED,NOT ALLOTTED NOT ALLOTTED,NOT ALLOTTED,,,MP__MP Round 1 Allotment.txt,1506,
MP,Madhya Pradesh,2025,R1,NEET_AIR,34936.0,NOT ALLOTTED,NOT ALLOTTED NOT ALLOTTED,NOT ALLOTTED,,,MP__MP Round 1 Allotment.txt,1507,
MP,Madhya Pradesh,2025,R1,NEET_AIR,34967.0,RESEARCH CENTER INDORE,MS ORTHOPAEDICS,UR/X/OP,,,MP__MP Round 1 Allotment.txt,1509,
MP,Madhya Pradesh,2025,R1,NEET_AIR,34988.0,NOT ALLOTTED,NOT ALLOTTED NOT ALLOTTED,NOT ALLOTTED,,,MP__MP Round 1 Allotment.txt,1510,
MP,Madhya Pradesh,2025,R1,NEET_AIR,34995.0,NOT ALLOTTED,NOT ALLOTTED NOT ALLOTTED,NOT ALLOTTED,,,MP__MP Round 1 Allotment.txt,1511,
MP,Madhya Pradesh,2025,R1,NEET_AIR,35027.0,LN MEDICAL COLLEGE BHOPAL,MD PSYCHIATRY,UR/X/OP,,,MP__MP Round 1 Allotment.txt,1512,
MP,Madhya Pradesh,2025,R1,NEET_AIR,35055.0,GAJRA RAJA MEDICAL COLLEGE GWALIOR,MD GENERAL MEDICINE,ST,,,MP__MP Round 1 Allotment.txt,1513,
MP,Madhya Pradesh,2025,R1,NEET_AIR,35144.0,NOT ALLOTTED,NOT ALLOTTED NOT ALLOTTED,NOT ALLOTTED,,,MP__MP Round 1 Allotment.txt,1514,
MP,Madhya Pradesh,2025,R1,NEET_AIR,76477.0,SHYAM SHAH MEDICAL COLLEGE REWA,MD GENERAL MEDICINE,IN_UR/X/OP,,,MP__MP Round 1 Allotment.txt,1515,
MP,Madhya Pradesh,2025,R1,NEET_AIR,35247.0,GANDHI MEDICAL COLLEGE BHOPAL,MD PAEDIATRICS,ST,,,MP__MP Round 1 Allotment.txt,1516,
MP,Madhya Pradesh,2025,R1,NEET_AIR,35278.0,INDORE,MS GENERAL SURGERY,INST/UR/X/OP,,,MP__MP Round 1 Allotment.txt,1518,
MP,Madhya Pradesh,2025,R1,NEET_AIR,35282.0,RESEARCH CENTER INDORE,MS ORTHOPAEDICS,UR/X/OP,,,MP__MP Round 1 Allotment.txt,1520,
MP,Madhya Pradesh,2025,R1,NEET_AIR,35284.0,NOT ALLOTTED,NOT ALLOTTED NOT ALLOTTED,NOT ALLOTTED,,,MP__MP Round 1 Allotment.txt,1521,
MP,Madhya Pradesh,2025,R1,NEET_AIR,35293.0,RD GARDI MEDICAL COLLEGE UJJAIN,MS OTORHINOLARYNGOLOGY (ENT),INST/UR/X/OP,,,MP__MP Round 1 Allotment.txt,1522,
MP,Madhya Pradesh,2025,R1,NEET_AIR,35298.0,NOT ALLOTTED,NOT ALLOTTED NOT ALLOTTED,NOT ALLOTTED,,,MP__MP Round 1 Allotment.txt,1523,
MP,Madhya Pradesh,2025,R1,NEET_AIR,35329.0,NOT ALLOTTED,NOT ALLOTTED NOT ALLOTTED,NOT ALLOTTED,,,MP__MP Round 1 Allotment.txt,1524,
MP,Madhya Pradesh,2025,R1,NEET_AIR,35331.0,PEOPLES COLLEGE OF MEDICAL SCIENCE BHOPAL,MS GENERAL SURGERY,UR/X/OP,,,MP__MP Round 1 Allotment.txt,1526,
MP,Madhya Pradesh,2025,R1,NEET_AIR,35392.0,DEWAS,MD RESPIRATORY MEDICINE,UR/X/OP,,,MP__MP Round 1 Allotment.txt,1529,
MP,Madhya Pradesh,2025,R1,NEET_AIR,35423.0,COLLEGE INDORE,MD COMMUNITY MEDICINE,INST/UR/X/OP,,,MP__MP Round 1 Allotment.txt,1532,
MP,Madhya Pradesh,2025,R1,NEET_AIR,35428.0,INDORE,MD RADIATION ONCOLOGY,INST/UR/X/OP,,,MP__MP Round 1 Allotment.txt,1534,
MP,Madhya Pradesh,2025,R1,NEET_AIR,35451.0,PEOPLES COLLEGE OF MEDICAL SCIENCE BHOPAL,MS GENERAL SURGERY,UR/X/OP,,,MP__MP Round 1 Allotment.txt,1536,
MP,Madhya Pradesh,2025,R1,NEET_AIR,35501.0,RESEARCH CENTER INDORE,MD PSYCHIATRY,UR/X/OP,,,MP__MP Round 1 Allotment.txt,1540,
MP,Madhya Pradesh,2025,R1,NEET_AIR,35577.0,GANDHI MEDICAL COLLEGE BHOPAL,MS ORTHOPAEDICS,ST,,,MP__MP Round 1 Allotment.txt,1541,
MP,Madhya Pradesh,2025,R1,NEET_AIR,35597.0,NOT ALLOTTED,NOT ALLOTTED NOT ALLOTTED NOT ALLOTTED NOT ALLOTTED,,,,MP__MP Round 1 Allotment.txt,1542,
MP,Madhya Pradesh,2025,R1,NEET_AIR,35606.0,NOT ALLOTTED,NOT ALLOTTED NOT ALLOTTED NOT ALLOTTED NOT ALLOTTED,,,,MP__MP Round 1 Allotment.txt,1543,
MP,Madhya Pradesh,2025,R1,NEET_AIR,35655.0,NOT ALLOTTED,NOT ALLOTTED NOT ALLOTTED NOT ALLOTTED NOT ALLOTTED,,,,MP__MP Round 1 Allotment.txt,1544,
MP,Madhya Pradesh,2025,R1,NEET_AIR,35677.0,NOT ALLOTTED,NOT ALLOTTED NOT ALLOTTED NOT ALLOTTED NOT ALLOTTED,,,,MP__MP Round 1 Allotment.txt,1545,
MP,Madhya Pradesh,2025,R1,NEET_AIR,35734.0,INDORE,MD AND LEPROSY,SC,,,MP__MP Round 1 Allotment.txt,1547,
MP,Madhya Pradesh,2025,R1,NEET_AIR,35791.0,PEOPLES COLLEGE OF MEDICAL SCIENCE BHOPAL,MS GENERAL SURGERY,UR/X/OP,,,MP__MP Round 1 Allotment.txt,1550,
MP,Madhya Pradesh,2025,R1,NEET_AIR,35798.0,BHOPAL,MS GENERAL SURGERY,INST/UR/X/OP,,,MP__MP Round 1 Allotment.txt,1552,
MP,Madhya Pradesh,2025,R1,NEET_AIR,35809.0,RD GARDI MEDICAL COLLEGE UJJAIN,MD ANAESTHESIOLOGY,UR/X/OP,,,MP__MP Round 1 Allotment.txt,1553,
MP,Madhya Pradesh,2025,R1,NEET_AIR,77226.0,GAJRA RAJA MEDICAL COLLEGE GWALIOR,MD GENERAL MEDICINE,IN_UR/X/OP,,,MP__MP Round 1 Allotment.txt,1556,
MP,Madhya Pradesh,2025,R1,NEET_AIR,36337.0,BHOPAL,MS GENERAL SURGERY,OBC,,,MP__MP Round 1 Allotment.txt,1574,
MP,Madhya Pradesh,2025,R1,NEET_AIR,65083.0,RESEARCH CENTER INDORE,MS ORTHOPAEDICS,UR/X/OP,,,MP__MP Round 1 Allotment.txt,1576,
MP,Madhya Pradesh,2025,R1,NEET_AIR,36375.0,RD GARDI MEDICAL COLLEGE UJJAIN,MD ANAESTHESIOLOGY,INST/UR/X/OP,,,MP__MP Round 1 Allotment.txt,1578,
MP,Madhya Pradesh,2025,R1,NEET_AIR,36437.0,RESEARCH CENTER INDORE,MS OPHTHALMOLOGY,UR/X/OP,,,MP__MP Round 1 Allotment.txt,1580,
MP,Madhya Pradesh,2025,R1,NEET_AIR,36663.0,GANDHI MEDICAL COLLEGE BHOPAL,MS OBSTETRICS AND GYNAECOLOGY,ST,,,MP__MP Round 1 Allotment.txt,1583,
MP,Madhya Pradesh,2025,R1,NEET_AIR,36677.0,NOT ALLOTTED,NOT ALLOTTED NOT ALLOTTED,NOT ALLOTTED,,,MP__MP Round 1 Allotment.txt,1584,
MP,Madhya Pradesh,2025,R1,NEET_AIR,36695.0,RD GARDI MEDICAL COLLEGE UJJAIN,MD ANAESTHESIOLOGY,OBC,,,MP__MP Round 1 Allotment.txt,1585,
MP,Madhya Pradesh,2025,R1,NEET_AIR,36699.0,NOT ALLOTTED,NOT ALLOTTED NOT ALLOTTED,NOT ALLOTTED,,,MP__MP Round 1 Allotment.txt,1586,
MP,Madhya Pradesh,2025,R1,NEET_AIR,36712.0,RESEARCH CENTER INDORE,MD PSYCHIATRY,UR/X/OP,,,MP__MP Round 1 Allotment.txt,1588,
MP,Madhya Pradesh,2025,R1,NEET_AIR,36761.0,NOT ALLOTTED,NOT ALLOTTED NOT ALLOTTED,NOT ALLOTTED,,,MP__MP Round 1 Allotment.txt,1589,
MP,Madhya Pradesh,2025,R1,NEET_AIR,36776.0,NOT ALLOTTED,NOT ALLOTTED NOT ALLOTTED,NOT ALLOTTED,,,MP__MP Round 1 Allotment.txt,1590,
MP,Madhya Pradesh,2025,R1,NEET_AIR,36798.0,SHYAM SHAH MEDICAL COLLEGE REWA,MD GENERAL MEDICINE,ST,,,MP__MP Round 1 Allotment.txt,1591,
MP,Madhya Pradesh,2025,R1,NEET_AIR,36837.0,NOT ALLOTTED,NOT ALLOTTED NOT ALLOTTED,NOT ALLOTTED,,,MP__MP Round 1 Allotment.txt,1592,
MP,Madhya Pradesh,2025,R1,NEET_AIR,36858.0,NOT ALLOTTED,NOT ALLOTTED NOT ALLOTTED,NOT ALLOTTED,,,MP__MP Round 1 Allotment.txt,1593,
MP,Madhya Pradesh,2025,R1,NEET_AIR,36892.0,NOT ALLOTTED,NOT ALLOTTED NOT ALLOTTED,NOT ALLOTTED,,,MP__MP Round 1 Allotment.txt,1594,
MP,Madhya Pradesh,2025,R1,NEET_AIR,36903.0,NOT ALLOTTED,NOT ALLOTTED NOT ALLOTTED,NOT ALLOTTED,,,MP__MP Round 1 Allotment.txt,1595,
MP,Madhya Pradesh,2025,R1,NEET_AIR,36917.0,INDORE,MS GENERAL SURGERY,INST/UR/X/OP,,,MP__MP Round 1 Allotment.txt,1608,
MP,Madhya Pradesh,2025,R1,NEET_AIR,78096.0,COLLEGE JABALPUR,MD GENERAL MEDICINE,IN_UR/X/OP,,,MP__MP Round 1 Allotment.txt,1610,
MP,Madhya Pradesh,2025,R1,NEET_AIR,37106.0,NOT ALLOTTED,NOT ALLOTTED NOT ALLOTTED NOT ALLOTTED NOT ALLOTTED,,,,MP__MP Round 1 Allotment.txt,1611,
MP,Madhya Pradesh,2025,R1,NEET_AIR,37147.0,RESEARCH CENTER INDORE,MS ORTHOPAEDICS,UR/X/OP,,,MP__MP Round 1 Allotment.txt,1613,
MP,Madhya Pradesh,2025,R1,NEET_AIR,37192.0,COLLEGE INDORE,MD ANAESTHESIOLOGY,SC,,,MP__MP Round 1 Allotment.txt,1615,
MP,Madhya Pradesh,2025,R1,NEET_AIR,37232.0,NOT ALLOTTED,NOT ALLOTTED NOT ALLOTTED NOT ALLOTTED NOT ALLOTTED,,,,MP__MP Round 1 Allotment.txt,1616,
MP,Madhya Pradesh,2025,R1,NEET_AIR,37268.0,RESEARCH CENTER INDORE,MS GENERAL SURGERY,UR/X/OP,,,MP__MP Round 1 Allotment.txt,1618,
MP,Madhya Pradesh,2025,R1,NEET_AIR,37280.0,NOT ALLOTTED,NOT ALLOTTED NOT ALLOTTED NOT ALLOTTED NOT ALLOTTED,,,,MP__MP Round 1 Allotment.txt,1619,
MP,Madhya Pradesh,2025,R1,NEET_AIR,78315.0,BUNDELKHAND MEDICAL COLLEGE SAGAR,MD GENERAL MEDICINE,IN_UR/X/OP,,,MP__MP Round 1 Allotment.txt,1620,
MP,Madhya Pradesh,2025,R1,NEET_AIR,37285.0,COLLEGE JABALPUR,MS OBSTETRICS AND GYNAECOLOGY,ST,,,MP__MP Round 1 Allotment.txt,1622,
MP,Madhya Pradesh,2025,R1,NEET_AIR,37295.0,NOT ALLOTTED,NOT ALLOTTED NOT ALLOTTED,NOT ALLOTTED,,,MP__MP Round 1 Allotment.txt,1623,
MP,Madhya Pradesh,2025,R1,NEET_AIR,37375.0,NOT ALLOTTED,NOT ALLOTTED NOT ALLOTTED,NOT ALLOTTED,,,MP__MP Round 1 Allotment.txt,1624,
MP,Madhya Pradesh,2025,R1,NEET_AIR,37444.0,NOT ALLOTTED,NOT ALLOTTED NOT ALLOTTED,NOT ALLOTTED,,,MP__MP Round 1 Allotment.txt,1625,
MP,Madhya Pradesh,2025,R1,NEET_AIR,37464.0,NOT ALLOTTED,NOT ALLOTTED NOT ALLOTTED,NOT ALLOTTED,,,MP__MP Round 1 Allotment.txt,1626,
MP,Madhya Pradesh,2025,R1,NEET_AIR,37470.0,RESEARCH CENTER INDORE,MS ORTHOPAEDICS,UR/X/OP,,,MP__MP Round 1 Allotment.txt,1628,
MP,Madhya Pradesh,2025,R1,NEET_AIR,37488.0,COLLEGE INDORE,MS OTORHINOLARYNGOLOGY (ENT),SC,,,MP__MP Round 1 Allotment.txt,1630,
MP,Madhya Pradesh,2025,R1,NEET_AIR,37506.0,NOT ALLOTTED,NOT ALLOTTED NOT ALLOTTED,NOT ALLOTTED,,,MP__MP Round 1 Allotment.txt,1631,
MP,Madhya Pradesh,2025,R1,NEET_AIR,37544.0,NOT ALLOTTED,NOT ALLOTTED NOT ALLOTTED,NOT ALLOTTED,,,MP__MP Round 1 Allotment.txt,1632,
MP,Madhya Pradesh,2025,R1,NEET_AIR,37548.0,GAJRA RAJA MEDICAL COLLEGE GWALIOR,MD PHARMACOLOGY,INST/UR/X/OP,,,MP__MP Round 1 Allotment.txt,1633,
MP,Madhya Pradesh,2025,R1,NEET_AIR,37549.0,NOT ALLOTTED,NOT ALLOTTED NOT ALLOTTED,NOT ALLOTTED,,,MP__MP Round 1 Allotment.txt,1634,
MP,Madhya Pradesh,2025,R1,NEET_AIR,37660.0,NOT ALLOTTED,NOT ALLOTTED NOT ALLOTTED,NOT ALLOTTED,,,MP__MP Round 1 Allotment.txt,1635,
MP,Madhya Pradesh,2025,R1,NEET_AIR,37666.0,INDORE,MD ANAESTHESIOLOGY,UR/X/OP,,,MP__MP Round 1 Allotment.txt,1637,
MP,Madhya Pradesh,2025,R1,NEET_AIR,37689.0,INDORE,MD EMERGENCY MEDICINE,UR/X/OP,,,MP__MP Round 1 Allotment.txt,1639,
MP,Madhya Pradesh,2025,R1,NEET_AIR,37847.0,GOVERMENT MEDICAL COLLEGE RATLAM,MD PATHOLOGY,INST/UR/X/OP,,,MP__MP Round 1 Allotment.txt,1640,
MP,Madhya Pradesh,2025,R1,NEET_AIR,37861.0,NOT ALLOTTED,NOT ALLOTTED NOT ALLOTTED,NOT ALLOTTED,,,MP__MP Round 1 Allotment.txt,1641,
MP,Madhya Pradesh,2025,R1,NEET_AIR,37864.0,NOT ALLOTTED,NOT ALLOTTED NOT ALLOTTED,NOT ALLOTTED,,,MP__MP Round 1 Allotment.txt,1642,
MP,Madhya Pradesh,2025,R1,NEET_AIR,37984.0,NOT ALLOTTED,NOT ALLOTTED NOT ALLOTTED,NOT ALLOTTED,,,MP__MP Round 1 Allotment.txt,1643,
MP,Madhya Pradesh,2025,R1,NEET_AIR,38010.0,NOT ALLOTTED,NOT ALLOTTED NOT ALLOTTED,NOT ALLOTTED,,,MP__MP Round 1 Allotment.txt,1644,
MP,Madhya Pradesh,2025,R1,NEET_AIR,38028.0,NOT ALLOTTED,NOT ALLOTTED NOT ALLOTTED,NOT ALLOTTED,,,MP__MP Round 1 Allotment.txt,1645,
MP,Madhya Pradesh,2025,R1,NEET_AIR,38040.0,INDORE,MS ORTHOPAEDICS,OBC,,,MP__MP Round 1 Allotment.txt,1647,
MP,Madhya Pradesh,2025,R1,NEET_AIR,38099.0,NOT ALLOTTED,NOT ALLOTTED NOT ALLOTTED NOT ALLOTTED NOT ALLOTTED,,,,MP__MP Round 1 Allotment.txt,1648,
MP,Madhya Pradesh,2025,R1,NEET_AIR,38150.0,RESEARCH CENTER INDORE,MS ORTHOPAEDICS,INST/UR/X/OP,,,MP__MP Round 1 Allotment.txt,1650,
MP,Madhya Pradesh,2025,R1,NEET_AIR,38157.0,LN MEDICAL COLLEGE BHOPAL,MS OPHTHALMOLOGY,UR/X/OP,,,MP__MP Round 1 Allotment.txt,1651,
MP,Madhya Pradesh,2025,R1,NEET_AIR,38176.0,NOT ALLOTTED,NOT ALLOTTED NOT ALLOTTED,NOT ALLOTTED,,,MP__MP Round 1 Allotment.txt,1652,
MP,Madhya Pradesh,2025,R1,NEET_AIR,38191.0,NOT ALLOTTED,NOT ALLOTTED NOT ALLOTTED,NOT ALLOTTED,,,MP__MP Round 1 Allotment.txt,1653,
MP,Madhya Pradesh,2025,R1,NEET_AIR,38275.0,GANDHI MEDICAL COLLEGE BHOPAL,MS OPHTHALMOLOGY,SC,,,MP__MP Round 1 Allotment.txt,1654,
MP,Madhya Pradesh,2025,R1,NEET_AIR,38346.0,COLLEGE JABALPUR,MD COMMUNITY MEDICINE,,,,MP__MP Round 1 Allotment.txt,1656,
MP,Madhya Pradesh,2025,R1,NEET_AIR,38354.0,NOT ALLOTTED,NOT ALLOTTED NOT ALLOTTED NOT ALLOTTED NOT ALLOTTED,,,,MP__MP Round 1 Allotment.txt,1657,
MP,Madhya Pradesh,2025,R1,NEET_AIR,38416.0,NOT ALLOTTED,NOT ALLOTTED NOT ALLOTTED NOT ALLOTTED NOT ALLOTTED,,,,MP__MP Round 1 Allotment.txt,1658,
MP,Madhya Pradesh,2025,R1,NEET_AIR,38520.0,COLLEGE INDORE,MD COMMUNITY MEDICINE,OBC,,,MP__MP Round 1 Allotment.txt,1660,
MP,Madhya Pradesh,2025,R1,NEET_AIR,38579.0,BUNDELKHAND MEDICAL COLLEGE SAGAR,MD GENERAL MEDICINE,ST,,,MP__MP Round 1 Allotment.txt,1661,
MP,Madhya Pradesh,2025,R1,NEET_AIR,38599.0,RESEARCH CENTER INDORE,MS OPHTHALMOLOGY,UR/X/OP,,,MP__MP Round 1 Allotment.txt,1663,
MP,Madhya Pradesh,2025,R1,NEET_AIR,38671.0,NOT ALLOTTED,NOT ALLOTTED NOT ALLOTTED NOT ALLOTTED NOT ALLOTTED,,,,MP__MP Round 1 Allotment.txt,1664,
MP,Madhya Pradesh,2025,R1,NEET_AIR,38715.0,RESEARCH CENTER INDORE,MS GENERAL SURGERY,UR/X/OP,,,MP__MP Round 1 Allotment.txt,1666,
MP,Madhya Pradesh,2025,R1,NEET_AIR,38768.0,GAJRA RAJA MEDICAL COLLEGE GWALIOR,MS ORTHOPAEDICS,ST,,,MP__MP Round 1 Allotment.txt,1667,
MP,Madhya Pradesh,2025,R1,NEET_AIR,38782.0,NOT ALLOTTED,NOT ALLOTTED NOT ALLOTTED,NOT ALLOTTED,,,MP__MP Round 1 Allotment.txt,1668,
MP,Madhya Pradesh,2025,R1,NEET_AIR,38833.0,NOT ALLOTTED,NOT ALLOTTED NOT ALLOTTED,NOT ALLOTTED,,,MP__MP Round 1 Allotment.txt,1669,
MP,Madhya Pradesh,2025,R1,NEET_AIR,38841.0,GOVERMENT MEDICAL COLLEGE RATLAM,MD GENERAL MEDICINE,ST,,,MP__MP Round 1 Allotment.txt,1670,
MP,Madhya Pradesh,2025,R1,NEET_AIR,38895.0,NOT ALLOTTED,NOT ALLOTTED NOT ALLOTTED,NOT ALLOTTED,,,MP__MP Round 1 Allotment.txt,1671,
MP,Madhya Pradesh,2025,R1,NEET_AIR,38978.0,NOT ALLOTTED,NOT ALLOTTED NOT ALLOTTED,NOT ALLOTTED,,,MP__MP Round 1 Allotment.txt,1672,
MP,Madhya Pradesh,2025,R1,NEET_AIR,39030.0,INDORE,MS GENERAL SURGERY,INST/UR/X/OP,,,MP__MP Round 1 Allotment.txt,1674,
MP,Madhya Pradesh,2025,R1,NEET_AIR,39080.0,BHOPAL,MS OTORHINOLARYNGOLOGY (ENT),UR/X/OP,,,MP__MP Round 1 Allotment.txt,1676,
MP,Madhya Pradesh,2025,R1,NEET_AIR,39090.0,NOT ALLOTTED,NOT ALLOTTED NOT ALLOTTED NOT ALLOTTED NOT ALLOTTED,,,,MP__MP Round 1 Allotment.txt,1677,
MP,Madhya Pradesh,2025,R1,NEET_AIR,39103.0,COLLEGE JABALPUR,MD PAEDIATRICS,ST,,,MP__MP Round 1 Allotment.txt,1679,
MP,Madhya Pradesh,2025,R1,NEET_AIR,39110.0,CHHINDWARA,MD PATHOLOGY,,,,MP__MP Round 1 Allotment.txt,1681,
MP,Madhya Pradesh,2025,R1,NEET_AIR,39121.0,NOT ALLOTTED,NOT ALLOTTED NOT ALLOTTED NOT ALLOTTED NOT ALLOTTED,,,,MP__MP Round 1 Allotment.txt,1682,
MP,Madhya Pradesh,2025,R1,NEET_AIR,39158.0,INDORE,MD PSYCHIATRY,INST/UR/X/OP,,,MP__MP Round 1 Allotment.txt,1684,
MP,Madhya Pradesh,2025,R1,NEET_AIR,39189.0,NOT ALLOTTED,NOT ALLOTTED NOT ALLOTTED NOT ALLOTTED NOT ALLOTTED,,,,MP__MP Round 1 Allotment.txt,1685,
MP,Madhya Pradesh,2025,R1,NEET_AIR,39229.0,MEDICAL COLLEGE KHANDWA,MD PATHOLOGY,INST/UR/X/OP,,,MP__MP Round 1 Allotment.txt,1687,
MP,Madhya Pradesh,2025,R1,NEET_AIR,39249.0,NOT ALLOTTED,NOT ALLOTTED NOT ALLOTTED,NOT ALLOTTED,,,MP__MP Round 1 Allotment.txt,1688,
MP,Madhya Pradesh,2025,R1,NEET_AIR,39304.0,NOT ALLOTTED,NOT ALLOTTED NOT ALLOTTED,NOT ALLOTTED,,,MP__MP Round 1 Allotment.txt,1689,
MP,Madhya Pradesh,2025,R1,NEET_AIR,39310.0,NOT ALLOTTED,NOT ALLOTTED NOT ALLOTTED,NOT ALLOTTED,,,MP__MP Round 1 Allotment.txt,1690,
MP,Madhya Pradesh,2025,R1,NEET_AIR,39319.0,INDORE,MS OTORHINOLARYNGOLOGY (ENT),INST/UR/X/OP,,,MP__MP Round 1 Allotment.txt,1692,
MP,Madhya Pradesh,2025,R1,NEET_AIR,39326.0,NOT ALLOTTED,NOT ALLOTTED NOT ALLOTTED,NOT ALLOTTED,,,MP__MP Round 1 Allotment.txt,1693,
MP,Madhya Pradesh,2025,R1,NEET_AIR,39331.0,NOT ALLOTTED,NOT ALLOTTED NOT ALLOTTED,NOT ALLOTTED,,,MP__MP Round 1 Allotment.txt,1694,
MP,Madhya Pradesh,2025,R1,NEET_AIR,39345.0,LN MEDICAL COLLEGE BHOPAL,MS OPHTHALMOLOGY,UR/X/OP,,,MP__MP Round 1 Allotment.txt,1695,
MP,Madhya Pradesh,2025,R1,NEET_AIR,39354.0,NOT ALLOTTED,NOT ALLOTTED NOT ALLOTTED,NOT ALLOTTED,,,MP__MP Round 1 Allotment.txt,1696,
MP,Madhya Pradesh,2025,R1,NEET_AIR,39397.0,NOT ALLOTTED,NOT ALLOTTED NOT ALLOTTED,NOT ALLOTTED,,,MP__MP Round 1 Allotment.txt,1697,
MP,Madhya Pradesh,2025,R1,NEET_AIR,39424.0,COLLEGE JABALPUR,MS OBSTETRICS AND GYNAECOLOGY,ST,,,MP__MP Round 1 Allotment.txt,1699,
MP,Madhya Pradesh,2025,R1,NEET_AIR,39429.0,NOT ALLOTTED,NOT ALLOTTED NOT ALLOTTED,NOT ALLOTTED,,,MP__MP Round 1 Allotment.txt,1700,
MP,Madhya Pradesh,2025,R1,NEET_AIR,39481.0,NOT ALLOTTED,NOT ALLOTTED NOT ALLOTTED,NOT ALLOTTED,,,MP__MP Round 1 Allotment.txt,1701,
MP,Madhya Pradesh,2025,R1,NEET_AIR,39514.0,NOT ALLOTTED,NOT ALLOTTED NOT ALLOTTED,NOT ALLOTTED,,,MP__MP Round 1 Allotment.txt,1702,
MP,Madhya Pradesh,2025,R1,NEET_AIR,39566.0,NOT ALLOTTED,NOT ALLOTTED NOT ALLOTTED,NOT ALLOTTED,,,MP__MP Round 1 Allotment.txt,1703,
MP,Madhya Pradesh,2025,R1,NEET_AIR,39573.0,INDORE,MD ANAESTHESIOLOGY,UR/X/OP,,,MP__MP Round 1 Allotment.txt,1705,
MP,Madhya Pradesh,2025,R1,NEET_AIR,39595.0,NOT ALLOTTED,NOT ALLOTTED NOT ALLOTTED NOT ALLOTTED NOT ALLOTTED,,,,MP__MP Round 1 Allotment.txt,1706,
MP,Madhya Pradesh,2025,R1,NEET_AIR,39732.0,RESEARCH CENTRE BHOPAL,MS OPHTHALMOLOGY,UR/X/OP,,,MP__MP Round 1 Allotment.txt,1708,
MP,Madhya Pradesh,2025,R1,NEET_AIR,39772.0,NOT ALLOTTED,NOT ALLOTTED NOT ALLOTTED NOT ALLOTTED NOT ALLOTTED,,,,MP__MP Round 1 Allotment.txt,1709,
MP,Madhya Pradesh,2025,R1,NEET_AIR,39803.0,NOT ALLOTTED,NOT ALLOTTED NOT ALLOTTED NOT ALLOTTED NOT ALLOTTED,,,,MP__MP Round 1 Allotment.txt,1710,
MP,Madhya Pradesh,2025,R1,NEET_AIR,39853.0,COLLEGE JABALPUR,MS OPHTHALMOLOGY,SC,,,MP__MP Round 1 Allotment.txt,1712,
MP,Madhya Pradesh,2025,R1,NEET_AIR,39880.0,GOVERNMENT MEDICAL COLLEGE DATIA,MD PATHOLOGY,OBC,,,MP__MP Round 1 Allotment.txt,1713,
MP,Madhya Pradesh,2025,R1,NEET_AIR,39899.0,NOT ALLOTTED,NOT ALLOTTED NOT ALLOTTED,NOT ALLOTTED,,,MP__MP Round 1 Allotment.txt,1714,
MP,Madhya Pradesh,2025,R1,NEET_AIR,39932.0,NOT ALLOTTED,NOT ALLOTTED NOT ALLOTTED,NOT ALLOTTED,,,MP__MP Round 1 Allotment.txt,1715,
MP,Madhya Pradesh,2025,R1,NEET_AIR,40024.0,LN MEDICAL COLLEGE BHOPAL,MS GENERAL SURGERY,UR/X/OP,,,MP__MP Round 1 Allotment.txt,1716,
MP,Madhya Pradesh,2025,R1,NEET_AIR,40041.0,NOT ALLOTTED,NOT ALLOTTED NOT ALLOTTED,NOT ALLOTTED,,,MP__MP Round 1 Allotment.txt,1717,
MP,Madhya Pradesh,2025,R1,NEET_AIR,40075.0,RESEARCH CENTER INDORE,MS GENERAL SURGERY,UR/X/OP,,,MP__MP Round 1 Allotment.txt,1719,
MP,Madhya Pradesh,2025,R1,NEET_AIR,40082.0,GAJRA RAJA MEDICAL COLLEGE GWALIOR,MD PAEDIATRICS,ST,,,MP__MP Round 1 Allotment.txt,1720,
MP,Madhya Pradesh,2025,R1,NEET_AIR,40091.0,NOT ALLOTTED,NOT ALLOTTED NOT ALLOTTED,NOT ALLOTTED,,,MP__MP Round 1 Allotment.txt,1721,
MP,Madhya Pradesh,2025,R1,NEET_AIR,40098.0,NOT ALLOTTED,NOT ALLOTTED NOT ALLOTTED,NOT ALLOTTED,,,MP__MP Round 1 Allotment.txt,1722,
MP,Madhya Pradesh,2025,R1,NEET_AIR,40161.0,GAJRA RAJA MEDICAL COLLEGE GWALIOR,MS OTORHINOLARYNGOLOGY (ENT),SC,,,MP__MP Round 1 Allotment.txt,1723,
MP,Madhya Pradesh,2025,R1,NEET_AIR,40202.0,NOT ALLOTTED,NOT ALLOTTED NOT ALLOTTED,NOT ALLOTTED,,,MP__MP Round 1 Allotment.txt,1724,
MP,Madhya Pradesh,2025,R1,NEET_AIR,40246.0,NOT ALLOTTED,NOT ALLOTTED NOT ALLOTTED,NOT ALLOTTED,,,MP__MP Round 1 Allotment.txt,1725,
MP,Madhya Pradesh,2025,R1,NEET_AIR,40271.0,LN MEDICAL COLLEGE BHOPAL,MS GENERAL SURGERY,UR/X/OP,,,MP__MP Round 1 Allotment.txt,1726,
MP,Madhya Pradesh,2025,R1,NEET_AIR,40302.0,PEOPLES COLLEGE OF MEDICAL SCIENCE BHOPAL GENERAL SURGERY,MS Clinical,,,,MP__MP Round 1 Allotment.txt,1728,
MP,Madhya Pradesh,2025,R1,NEET_AIR,40319.0,SHYAM SHAH MEDICAL COLLEGE REWA,MD PAEDIATRICS,ST,,,MP__MP Round 1 Allotment.txt,1730,
MP,Madhya Pradesh,2025,R1,NEET_AIR,40361.0,LN MEDICAL COLLEGE BHOPAL,MD AND LEPROSY,SC,,,MP__MP Round 1 Allotment.txt,1732,
MP,Madhya Pradesh,2025,R1,NEET_AIR,40391.0,BUNDELKHAND MEDICAL COLLEGE SAGAR,MS ORTHOPAEDICS,ST,,,MP__MP Round 1 Allotment.txt,1733,
MP,Madhya Pradesh,2025,R1,NEET_AIR,40443.0,GOVERMENT MEDICAL COLLEGE RATLAM,MD COMMUNITY MEDICINE,INST/UR/X/OP,,,MP__MP Round 1 Allotment.txt,1734,
MP,Madhya Pradesh,2025,R1,NEET_AIR,40519.0,NOT ALLOTTED,NOT ALLOTTED NOT ALLOTTED NOT ALLOTTED NOT ALLOTTED,,,,MP__MP Round 1 Allotment.txt,1735,
MP,Madhya Pradesh,2025,R1,NEET_AIR,40531.0,INDORE,MS ORTHOPAEDICS,SC,,,MP__MP Round 1 Allotment.txt,1737,
MP,Madhya Pradesh,2025,R1,NEET_AIR,40538.0,NOT ALLOTTED,NOT ALLOTTED NOT ALLOTTED NOT ALLOTTED NOT ALLOTTED,,,,MP__MP Round 1 Allotment.txt,1738,
MP,Madhya Pradesh,2025,R1,NEET_AIR,40543.0,NOT ALLOTTED,NOT ALLOTTED NOT ALLOTTED NOT ALLOTTED NOT ALLOTTED,,,,MP__MP Round 1 Allotment.txt,1739,
MP,Madhya Pradesh,2025,R1,NEET_AIR,40569.0,GOVERMENT MEDICAL COLLEGE RATLAM,MS ORTHOPAEDICS,ST,,,MP__MP Round 1 Allotment.txt,1740,
MP,Madhya Pradesh,2025,R1,NEET_AIR,40576.0,GAJRA RAJA MEDICAL COLLEGE GWALIOR,MS OBSTETRICS AND GYNAECOLOGY Clinical,,,,MP__MP Round 1 Allotment.txt,1753,
MP,Madhya Pradesh,2025,R1,NEET_AIR,40710.0,INDORE,MD ANAESTHESIOLOGY,UR/X/OP,,,MP__MP Round 1 Allotment.txt,1756,
MP,Madhya Pradesh,2025,R1,NEET_AIR,40734.0,GAJRA RAJA MEDICAL COLLEGE GWALIOR,MD PATHOLOGY,EWS,,,MP__MP Round 1 Allotment.txt,1757,
MP,Madhya Pradesh,2025,R1,NEET_AIR,40812.0,NOT ALLOTTED,NOT ALLOTTED NOT ALLOTTED NOT ALLOTTED NOT ALLOTTED,,,,MP__MP Round 1 Allotment.txt,1758,
MP,Madhya Pradesh,2025,R1,NEET_AIR,40830.0,NOT ALLOTTED,NOT ALLOTTED NOT ALLOTTED NOT ALLOTTED NOT ALLOTTED,,,,MP__MP Round 1 Allotment.txt,1759,
MP,Madhya Pradesh,2025,R1,NEET_AIR,40839.0,NOT ALLOTTED,NOT ALLOTTED NOT ALLOTTED NOT ALLOTTED NOT ALLOTTED,,,,MP__MP Round 1 Allotment.txt,1760,
MP,Madhya Pradesh,2025,R1,NEET_AIR,40868.0,PEOPLES COLLEGE OF MEDICAL SCIENCE BHOPAL,MD EMERGENCY MEDICINE,UR/X/OP,,,MP__MP Round 1 Allotment.txt,1762,
MP,Madhya Pradesh,2025,R1,NEET_AIR,40943.0,RD GARDI MEDICAL COLLEGE UJJAIN,MD ANAESTHESIOLOGY,OBC,,,MP__MP Round 1 Allotment.txt,1763,
MP,Madhya Pradesh,2025,R1,NEET_AIR,40979.0,RESEARCH CENTER INDORE,MD RESPIRATORY MEDICINE,INST/UR/X/OP,,,MP__MP Round 1 Allotment.txt,1766,
MP,Madhya Pradesh,2025,R1,NEET_AIR,40986.0,NOT ALLOTTED,NOT ALLOTTED NOT ALLOTTED NOT ALLOTTED NOT ALLOTTED,,,,MP__MP Round 1 Allotment.txt,1767,
MP,Madhya Pradesh,2025,R1,NEET_AIR,40993.0,NOT ALLOTTED,NOT ALLOTTED NOT ALLOTTED NOT ALLOTTED NOT ALLOTTED,,,,MP__MP Round 1 Allotment.txt,1768,
MP,Madhya Pradesh,2025,R1,NEET_AIR,41021.0,NOT ALLOTTED,NOT ALLOTTED NOT ALLOTTED NOT ALLOTTED NOT ALLOTTED,,,,MP__MP Round 1 Allotment.txt,1769,
MP,Madhya Pradesh,2025,R1,NEET_AIR,41038.0,NOT ALLOTTED,NOT ALLOTTED NOT ALLOTTED NOT ALLOTTED NOT ALLOTTED,,,,MP__MP Round 1 Allotment.txt,1770,
MP,Madhya Pradesh,2025,R1,NEET_AIR,41187.0,NOT ALLOTTED,NOT ALLOTTED NOT ALLOTTED NOT ALLOTTED NOT ALLOTTED,,,,MP__MP Round 1 Allotment.txt,1771,
MP,Madhya Pradesh,2025,R1,NEET_AIR,41221.0,NOT ALLOTTED,NOT ALLOTTED NOT ALLOTTED NOT ALLOTTED NOT ALLOTTED,,,,MP__MP Round 1 Allotment.txt,1772,
MP,Madhya Pradesh,2025,R1,NEET_AIR,41229.0,LN MEDICAL COLLEGE BHOPAL,MS GENERAL SURGERY,UR/X/OP,,,MP__MP Round 1 Allotment.txt,1773,
MP,Madhya Pradesh,2025,R1,NEET_AIR,41251.0,NOT ALLOTTED,NOT ALLOTTED NOT ALLOTTED NOT ALLOTTED NOT ALLOTTED,,,,MP__MP Round 1 Allotment.txt,1774,
MP,Madhya Pradesh,2025,R1,NEET_AIR,41259.0,COLLEGE VIDISHA,MS GENERAL SURGERY,SC,,,MP__MP Round 1 Allotment.txt,1776,
MP,Madhya Pradesh,2025,R1,NEET_AIR,41260.0,LN MEDICAL COLLEGE BHOPAL,MS OTORHINOLARYNGOLOGY (ENT),UR/X/OP,,,MP__MP Round 1 Allotment.txt,1777,
MP,Madhya Pradesh,2025,R1,NEET_AIR,41282.0,NOT ALLOTTED,NOT ALLOTTED NOT ALLOTTED NOT ALLOTTED NOT ALLOTTED,,,,MP__MP Round 1 Allotment.txt,1778,
MP,Madhya Pradesh,2025,R1,NEET_AIR,41373.0,NOT ALLOTTED,NOT ALLOTTED NOT ALLOTTED NOT ALLOTTED NOT ALLOTTED,,,,MP__MP Round 1 Allotment.txt,1779,
MP,Madhya Pradesh,2025,R1,NEET_AIR,41389.0,NOT ALLOTTED,NOT ALLOTTED NOT ALLOTTED NOT ALLOTTED NOT ALLOTTED,,,,MP__MP Round 1 Allotment.txt,1780,
MP,Madhya Pradesh,2025,R1,NEET_AIR,41453.0,NOT ALLOTTED,NOT ALLOTTED NOT ALLOTTED NOT ALLOTTED NOT ALLOTTED,,,,MP__MP Round 1 Allotment.txt,1781,
MP,Madhya Pradesh,2025,R1,NEET_AIR,56542.0,NOT ALLOTTED,NOT ALLOTTED NOT ALLOTTED NOT ALLOTTED NOT ALLOTTED,,,,MP__MP Round 1 Allotment.txt,1782,
MP,Madhya Pradesh,2025,R1,NEET_AIR,41607.0,COLLEGE INDORE,MS GENERAL SURGERY,ST,,,MP__MP Round 1 Allotment.txt,1784,
MP,Madhya Pradesh,2025,R1,NEET_AIR,41654.0,INDORE,MD PAEDIATRICS,SC,,,MP__MP Round 1 Allotment.txt,1786,
MP,Madhya Pradesh,2025,R1,NEET_AIR,41657.0,NOT ALLOTTED,NOT ALLOTTED NOT ALLOTTED NOT ALLOTTED NOT ALLOTTED,,,,MP__MP Round 1 Allotment.txt,1787,
MP,Madhya Pradesh,2025,R1,NEET_AIR,41770.0,NOT ALLOTTED,NOT ALLOTTED NOT ALLOTTED NOT ALLOTTED NOT ALLOTTED,,,,MP__MP Round 1 Allotment.txt,1788,
MP,Madhya Pradesh,2025,R1,NEET_AIR,41835.0,NOT ALLOTTED,NOT ALLOTTED NOT ALLOTTED NOT ALLOTTED NOT ALLOTTED,,,,MP__MP Round 1 Allotment.txt,1789,
MP,Madhya Pradesh,2025,R1,NEET_AIR,41868.0,NOT ALLOTTED,NOT ALLOTTED NOT ALLOTTED NOT ALLOTTED NOT ALLOTTED,,,,MP__MP Round 1 Allotment.txt,1790,
MP,Madhya Pradesh,2025,R1,NEET_AIR,41924.0,NOT ALLOTTED,NOT ALLOTTED NOT ALLOTTED NOT ALLOTTED NOT ALLOTTED,,,,MP__MP Round 1 Allotment.txt,1791,
MP,Madhya Pradesh,2025,R1,NEET_AIR,70653.0,NOT ALLOTTED,NOT ALLOTTED NOT ALLOTTED NOT ALLOTTED NOT ALLOTTED,,,,MP__MP Round 1 Allotment.txt,1792,
MP,Madhya Pradesh,2025,R1,NEET_AIR,82778.0,RD GARDI MEDICAL COLLEGE UJJAIN,MD RADIODIAGNOSIS,IN_UR/X/OP,,,MP__MP Round 1 Allotment.txt,1793,
MP,Madhya Pradesh,2025,R1,NEET_AIR,41964.0,NOT ALLOTTED,NOT ALLOTTED NOT ALLOTTED NOT ALLOTTED NOT ALLOTTED,,,,MP__MP Round 1 Allotment.txt,1794,
MP,Madhya Pradesh,2025,R1,NEET_AIR,41969.0,NOT ALLOTTED,NOT ALLOTTED NOT ALLOTTED NOT ALLOTTED NOT ALLOTTED,,,,MP__MP Round 1 Allotment.txt,1795,
MP,Madhya Pradesh,2025,R1,NEET_AIR,41996.0,NOT ALLOTTED,NOT ALLOTTED NOT ALLOTTED NOT ALLOTTED NOT ALLOTTED,,,,MP__MP Round 1 Allotment.txt,1796,
MP,Madhya Pradesh,2025,R1,NEET_AIR,42029.0,NOT ALLOTTED,NOT ALLOTTED NOT ALLOTTED NOT ALLOTTED NOT ALLOTTED,,,,MP__MP Round 1 Allotment.txt,1797,
MP,Madhya Pradesh,2025,R1,NEET_AIR,42074.0,NOT ALLOTTED,NOT ALLOTTED NOT ALLOTTED NOT ALLOTTED NOT ALLOTTED,,,,MP__MP Round 1 Allotment.txt,1798,
MP,Madhya Pradesh,2025,R1,NEET_AIR,42081.0,NOT ALLOTTED,NOT ALLOTTED NOT ALLOTTED NOT ALLOTTED NOT ALLOTTED,,,,MP__MP Round 1 Allotment.txt,1799,
MP,Madhya Pradesh,2025,R1,NEET_AIR,42117.0,NOT ALLOTTED,NOT ALLOTTED NOT ALLOTTED NOT ALLOTTED NOT ALLOTTED,,,,MP__MP Round 1 Allotment.txt,1800,
MP,Madhya Pradesh,2025,R1,NEET_AIR,42190.0,LN MEDICAL COLLEGE BHOPAL,MS ORTHOPAEDICS,OBC,,,MP__MP Round 1 Allotment.txt,1801,
MP,Madhya Pradesh,2025,R1,NEET_AIR,42196.0,GAJRA RAJA MEDICAL COLLEGE GWALIOR,MD COMMUNITY MEDICINE,INST/UR/X/OP,,,MP__MP Round 1 Allotment.txt,1802,
MP,Madhya Pradesh,2025,R1,NEET_AIR,42199.0,PEOPLES COLLEGE OF MEDICAL SCIENCE BHOPAL,MS OTORHINOLARYNGOLOGY (ENT),UR/X/OP,,,MP__MP Round 1 Allotment.txt,1804,
MP,Madhya Pradesh,2025,R1,NEET_AIR,83007.0,COLLEGE INDORE,MS OBSTETRICS AND GYNAECOLOGY,IN_UR/X/OP,,,MP__MP Round 1 Allotment.txt,1806,
MP,Madhya Pradesh,2025,R1,NEET_AIR,42555.0,LN MEDICAL COLLEGE BHOPAL,MS OTORHINOLARYNGOLOGY (ENT),UR/X/OP,,,MP__MP Round 1 Allotment.txt,1813,
MP,Madhya Pradesh,2025,R1,NEET_AIR,42599.0,LN MEDICAL COLLEGE BHOPAL,MS GENERAL SURGERY,UR/X/OP,,,MP__MP Round 1 Allotment.txt,1822,
MP,Madhya Pradesh,2025,R1,NEET_AIR,42636.0,GANDHI MEDICAL COLLEGE BHOPAL,MD ANAESTHESIOLOGY,SC,,,MP__MP Round 1 Allotment.txt,1823,
MP,Madhya Pradesh,2025,R1,NEET_AIR,42838.0,RESEARCH CENTER INDORE,MS ORTHOPAEDICS,INST/UR/X/OP,,,MP__MP Round 1 Allotment.txt,1831,
MP,Madhya Pradesh,2025,R1,NEET_AIR,42850.0,NOT ALLOTTED,NOT ALLOTTED NOT ALLOTTED NOT ALLOTTED NOT ALLOTTED,,,,MP__MP Round 1 Allotment.txt,1832,
MP,Madhya Pradesh,2025,R1,NEET_AIR,42859.0,NOT ALLOTTED,NOT ALLOTTED NOT ALLOTTED NOT ALLOTTED NOT ALLOTTED,,,,MP__MP Round 1 Allotment.txt,1833,
MP,Madhya Pradesh,2025,R1,NEET_AIR,42886.0,NOT ALLOTTED,NOT ALLOTTED NOT ALLOTTED NOT ALLOTTED NOT ALLOTTED,,,,MP__MP Round 1 Allotment.txt,1834,
MP,Madhya Pradesh,2025,R1,NEET_AIR,42900.0,RESEARCH CENTER INDORE,MS GENERAL SURGERY,UR/X/OP,,,MP__MP Round 1 Allotment.txt,1836,
MP,Madhya Pradesh,2025,R1,NEET_AIR,43044.0,PEOPLES COLLEGE OF MEDICAL SCIENCE BHOPAL,MD EMERGENCY MEDICINE,UR/X/OP,,,MP__MP Round 1 Allotment.txt,1838,
MP,Madhya Pradesh,2025,R1,NEET_AIR,43051.0,NOT ALLOTTED,NOT ALLOTTED NOT ALLOTTED,NOT ALLOTTED,,,MP__MP Round 1 Allotment.txt,1839,
MP,Madhya Pradesh,2025,R1,NEET_AIR,43059.0,NOT ALLOTTED,NOT ALLOTTED NOT ALLOTTED,NOT ALLOTTED,,,MP__MP Round 1 Allotment.txt,1840,
MP,Madhya Pradesh,2025,R1,NEET_AIR,43067.0,NOT ALLOTTED,NOT ALLOTTED NOT ALLOTTED,NOT ALLOTTED,,,MP__MP Round 1 Allotment.txt,1841,
MP,Madhya Pradesh,2025,R1,NEET_AIR,43088.0,NOT ALLOTTED,NOT ALLOTTED NOT ALLOTTED,NOT ALLOTTED,,,MP__MP Round 1 Allotment.txt,1842,
MP,Madhya Pradesh,2025,R1,NEET_AIR,43123.0,NOT ALLOTTED,NOT ALLOTTED NOT ALLOTTED,NOT ALLOTTED,,,MP__MP Round 1 Allotment.txt,1843,
MP,Madhya Pradesh,2025,R1,NEET_AIR,43126.0,NOT ALLOTTED,NOT ALLOTTED NOT ALLOTTED,NOT ALLOTTED,,,MP__MP Round 1 Allotment.txt,1844,
MP,Madhya Pradesh,2025,R1,NEET_AIR,43150.0,NOT ALLOTTED,NOT ALLOTTED NOT ALLOTTED,NOT ALLOTTED,,,MP__MP Round 1 Allotment.txt,1845,
MP,Madhya Pradesh,2025,R1,NEET_AIR,43180.0,GAJRA RAJA MEDICAL COLLEGE GWALIOR,MD COMMUNITY MEDICINE,OBC,,,MP__MP Round 1 Allotment.txt,1846,
MP,Madhya Pradesh,2025,R1,NEET_AIR,43183.0,NOT ALLOTTED,NOT ALLOTTED NOT ALLOTTED,NOT ALLOTTED,,,MP__MP Round 1 Allotment.txt,1847,
MP,Madhya Pradesh,2025,R1,NEET_AIR,43199.0,NOT ALLOTTED,NOT ALLOTTED NOT ALLOTTED,NOT ALLOTTED,,,MP__MP Round 1 Allotment.txt,1848,
MP,Madhya Pradesh,2025,R1,NEET_AIR,43240.0,LN MEDICAL COLLEGE BHOPAL,MS GENERAL SURGERY,UR/X/OP,,,MP__MP Round 1 Allotment.txt,1849,
MP,Madhya Pradesh,2025,R1,NEET_AIR,43350.0,MEDICAL COLLEGE SHIVPURI,MS ORTHOPAEDICS,ST,,,MP__MP Round 1 Allotment.txt,1851,
MP,Madhya Pradesh,2025,R1,NEET_AIR,58507.0,NOT ALLOTTED,NOT ALLOTTED NOT ALLOTTED,NOT ALLOTTED,,,MP__MP Round 1 Allotment.txt,1852,
MP,Madhya Pradesh,2025,R1,NEET_AIR,43494.0,SHYAM SHAH MEDICAL COLLEGE REWA,MS OPHTHALMOLOGY,SC,,,MP__MP Round 1 Allotment.txt,1853,
MP,Madhya Pradesh,2025,R1,NEET_AIR,43500.0,NOT ALLOTTED,NOT ALLOTTED NOT ALLOTTED,NOT ALLOTTED,,,MP__MP Round 1 Allotment.txt,1854,
MP,Madhya Pradesh,2025,R1,NEET_AIR,43552.0,NOT ALLOTTED,NOT ALLOTTED NOT ALLOTTED,NOT ALLOTTED,,,MP__MP Round 1 Allotment.txt,1855,
MP,Madhya Pradesh,2025,R1,NEET_AIR,43593.0,BHOPAL,MD ANAESTHESIOLOGY,UR/X/OP,,,MP__MP Round 1 Allotment.txt,1857,
MP,Madhya Pradesh,2025,R1,NEET_AIR,43607.0,NOT ALLOTTED,NOT ALLOTTED NOT ALLOTTED,NOT ALLOTTED,,,MP__MP Round 1 Allotment.txt,1858,
MP,Madhya Pradesh,2025,R1,NEET_AIR,43630.0,NOT ALLOTTED,NOT ALLOTTED NOT ALLOTTED,NOT ALLOTTED,,,MP__MP Round 1 Allotment.txt,1859,
MP,Madhya Pradesh,2025,R1,NEET_AIR,43695.0,NOT ALLOTTED,NOT ALLOTTED NOT ALLOTTED,NOT ALLOTTED,,,MP__MP Round 1 Allotment.txt,1860,
MP,Madhya Pradesh,2025,R1,NEET_AIR,43712.0,DEWAS,MS OPHTHALMOLOGY,UR/X/OP,,,MP__MP Round 1 Allotment.txt,1862,
MP,Madhya Pradesh,2025,R1,NEET_AIR,43722.0,NOT ALLOTTED,NOT ALLOTTED NOT ALLOTTED,NOT ALLOTTED,,,MP__MP Round 1 Allotment.txt,1863,
MP,Madhya Pradesh,2025,R1,NEET_AIR,43725.0,NOT ALLOTTED,NOT ALLOTTED NOT ALLOTTED,NOT ALLOTTED,,,MP__MP Round 1 Allotment.txt,1864,
MP,Madhya Pradesh,2025,R1,NEET_AIR,43838.0,LN MEDICAL COLLEGE BHOPAL,MS GENERAL SURGERY,UR/X/OP,,,MP__MP Round 1 Allotment.txt,1865,
MP,Madhya Pradesh,2025,R1,NEET_AIR,43901.0,COLLEGE INDORE,MD TOXICOLOGY,INST/UR/X/OP,,,MP__MP Round 1 Allotment.txt,1867,
MP,Madhya Pradesh,2025,R1,NEET_AIR,43903.0,NOT ALLOTTED,NOT ALLOTTED NOT ALLOTTED,NOT ALLOTTED,,,MP__MP Round 1 Allotment.txt,1868,
MP,Madhya Pradesh,2025,R1,NEET_AIR,43905.0,NOT ALLOTTED,NOT ALLOTTED NOT ALLOTTED,NOT ALLOTTED,,,MP__MP Round 1 Allotment.txt,1869,
MP,Madhya Pradesh,2025,R1,NEET_AIR,43930.0,NOT ALLOTTED,NOT ALLOTTED NOT ALLOTTED,NOT ALLOTTED,,,MP__MP Round 1 Allotment.txt,1870,
MP,Madhya Pradesh,2025,R1,NEET_AIR,43945.0,INDORE,MS GENERAL SURGERY,OBC,,,MP__MP Round 1 Allotment.txt,1872,
MP,Madhya Pradesh,2025,R1,NEET_AIR,43991.0,NOT ALLOTTED,NOT ALLOTTED NOT ALLOTTED NOT ALLOTTED NOT ALLOTTED,,,,MP__MP Round 1 Allotment.txt,1873,
MP,Madhya Pradesh,2025,R1,NEET_AIR,44027.0,NOT ALLOTTED,NOT ALLOTTED NOT ALLOTTED NOT ALLOTTED NOT ALLOTTED,,,,MP__MP Round 1 Allotment.txt,1874,
MP,Madhya Pradesh,2025,R1,NEET_AIR,44060.0,COLLEGE INDORE,MD PHARMACOLOGY,OBC,,,MP__MP Round 1 Allotment.txt,1876,
MP,Madhya Pradesh,2025,R1,NEET_AIR,44084.0,NOT ALLOTTED,NOT ALLOTTED NOT ALLOTTED,NOT ALLOTTED,,,MP__MP Round 1 Allotment.txt,1877,
MP,Madhya Pradesh,2025,R1,NEET_AIR,44086.0,NOT ALLOTTED,NOT ALLOTTED NOT ALLOTTED,NOT ALLOTTED,,,MP__MP Round 1 Allotment.txt,1878,
MP,Madhya Pradesh,2025,R1,NEET_AIR,44102.0,NOT ALLOTTED,NOT ALLOTTED NOT ALLOTTED,NOT ALLOTTED,,,MP__MP Round 1 Allotment.txt,1879,
MP,Madhya Pradesh,2025,R1,NEET_AIR,44172.0,COLLEGE VIDISHA,MD PAEDIATRICS,ST,,,MP__MP Round 1 Allotment.txt,1881,
MP,Madhya Pradesh,2025,R1,NEET_AIR,44284.0,NOT ALLOTTED,NOT ALLOTTED NOT ALLOTTED,NOT ALLOTTED,,,MP__MP Round 1 Allotment.txt,1882,
MP,Madhya Pradesh,2025,R1,NEET_AIR,44340.0,NOT ALLOTTED,NOT ALLOTTED NOT ALLOTTED,NOT ALLOTTED,,,MP__MP Round 1 Allotment.txt,1883,
MP,Madhya Pradesh,2025,R1,NEET_AIR,44358.0,NOT ALLOTTED,NOT ALLOTTED NOT ALLOTTED,NOT ALLOTTED,,,MP__MP Round 1 Allotment.txt,1884,
MP,Madhya Pradesh,2025,R1,NEET_AIR,44565.0,NOT ALLOTTED,NOT ALLOTTED NOT ALLOTTED,NOT ALLOTTED,,,MP__MP Round 1 Allotment.txt,1885,
MP,Madhya Pradesh,2025,R1,NEET_AIR,44599.0,RESEARCH CENTRE BHOPAL,MS GENERAL SURGERY,UR/X/OP,,,MP__MP Round 1 Allotment.txt,1887,
MP,Madhya Pradesh,2025,R1,NEET_AIR,44762.0,NOT ALLOTTED,NOT ALLOTTED NOT ALLOTTED,NOT ALLOTTED,,,MP__MP Round 1 Allotment.txt,1888,
MP,Madhya Pradesh,2025,R1,NEET_AIR,44763.0,NOT ALLOTTED,NOT ALLOTTED NOT ALLOTTED,NOT ALLOTTED,,,MP__MP Round 1 Allotment.txt,1889,
MP,Madhya Pradesh,2025,R1,NEET_AIR,44772.0,NOT ALLOTTED,NOT ALLOTTED NOT ALLOTTED,NOT ALLOTTED,,,MP__MP Round 1 Allotment.txt,1890,
MP,Madhya Pradesh,2025,R1,NEET_AIR,44809.0,COLLEGE VIDISHA,MS ANATOMY,INST/UR/X/OP,,,MP__MP Round 1 Allotment.txt,1892,
MP,Madhya Pradesh,2025,R1,NEET_AIR,44811.0,RESEARCH CENTER INDORE,MS GENERAL SURGERY,UR/X/OP,,,MP__MP Round 1 Allotment.txt,1894,
MP,Madhya Pradesh,2025,R1,NEET_AIR,44989.0,DEWAS,MS OPHTHALMOLOGY,UR/X/OP,,,MP__MP Round 1 Allotment.txt,1907,
MP,Madhya Pradesh,2025,R1,NEET_AIR,45060.0,COLLEGE JABALPUR,MD ANAESTHESIOLOGY,SC,,,MP__MP Round 1 Allotment.txt,1910,
MP,Madhya Pradesh,2025,R1,NEET_AIR,45093.0,INDORE,MD ANAESTHESIOLOGY,INST/UR/X/OP,,,MP__MP Round 1 Allotment.txt,1913,
MP,Madhya Pradesh,2025,R1,NEET_AIR,45176.0,NOT ALLOTTED,NOT ALLOTTED NOT ALLOTTED NOT ALLOTTED NOT ALLOTTED,,,,MP__MP Round 1 Allotment.txt,1914,
MP,Madhya Pradesh,2025,R1,NEET_AIR,45203.0,NOT ALLOTTED,NOT ALLOTTED NOT ALLOTTED NOT ALLOTTED NOT ALLOTTED,,,,MP__MP Round 1 Allotment.txt,1915,
MP,Madhya Pradesh,2025,R1,NEET_AIR,45247.0,NOT ALLOTTED,NOT ALLOTTED NOT ALLOTTED NOT ALLOTTED NOT ALLOTTED,,,,MP__MP Round 1 Allotment.txt,1916,
MP,Madhya Pradesh,2025,R1,NEET_AIR,45268.0,NOT ALLOTTED,NOT ALLOTTED NOT ALLOTTED NOT ALLOTTED NOT ALLOTTED,,,,MP__MP Round 1 Allotment.txt,1917,
MP,Madhya Pradesh,2025,R1,NEET_AIR,45339.0,NOT ALLOTTED,NOT ALLOTTED NOT ALLOTTED NOT ALLOTTED NOT ALLOTTED,,,,MP__MP Round 1 Allotment.txt,1918,
MP,Madhya Pradesh,2025,R1,NEET_AIR,45344.0,COLLEGE INDORE,MD PSYCHIATRY,ST,,,MP__MP Round 1 Allotment.txt,1920,
MP,Madhya Pradesh,2025,R1,NEET_AIR,45373.0,RESEARCH CENTER INDORE,MS GENERAL SURGERY,UR/X/OP,,,MP__MP Round 1 Allotment.txt,1922,
MP,Madhya Pradesh,2025,R1,NEET_AIR,45385.0,SHYAM SHAH MEDICAL COLLEGE REWA,MD ANAESTHESIOLOGY,SC,,,MP__MP Round 1 Allotment.txt,1923,
MP,Madhya Pradesh,2025,R1,NEET_AIR,45433.0,NOT ALLOTTED,NOT ALLOTTED NOT ALLOTTED NOT ALLOTTED NOT ALLOTTED,,,,MP__MP Round 1 Allotment.txt,1924,
MP,Madhya Pradesh,2025,R1,NEET_AIR,45459.0,NOT ALLOTTED,NOT ALLOTTED NOT ALLOTTED NOT ALLOTTED NOT ALLOTTED,,,,MP__MP Round 1 Allotment.txt,1925,
MP,Madhya Pradesh,2025,R1,NEET_AIR,45554.0,GANDHI MEDICAL COLLEGE BHOPAL,MD PHARMACOLOGY,INST/UR/X/OP,,,MP__MP Round 1 Allotment.txt,1926,
MP,Madhya Pradesh,2025,R1,NEET_AIR,45569.0,NOT ALLOTTED,NOT ALLOTTED NOT ALLOTTED NOT ALLOTTED NOT ALLOTTED,,,,MP__MP Round 1 Allotment.txt,1927,
MP,Madhya Pradesh,2025,R1,NEET_AIR,45591.0,NOT ALLOTTED,NOT ALLOTTED NOT ALLOTTED NOT ALLOTTED NOT ALLOTTED,,,,MP__MP Round 1 Allotment.txt,1928,
MP,Madhya Pradesh,2025,R1,NEET_AIR,45592.0,RESEARCH CENTER INDORE,MS GENERAL SURGERY,UR/X/OP,,,MP__MP Round 1 Allotment.txt,1930,
MP,Madhya Pradesh,2025,R1,NEET_AIR,45633.0,RESEARCH CENTER INDORE,MS ORTHOPAEDICS,INST/UR/X/OP,,,MP__MP Round 1 Allotment.txt,1932,
MP,Madhya Pradesh,2025,R1,NEET_AIR,86163.0,GOVERNMENT MEDICAL COLLEGE DATIA,MD GENERAL MEDICINE,IN_UR/X/OP,,,MP__MP Round 1 Allotment.txt,1933,
MP,Madhya Pradesh,2025,R1,NEET_AIR,45715.0,NOT ALLOTTED,NOT ALLOTTED NOT ALLOTTED NOT ALLOTTED NOT ALLOTTED,,,,MP__MP Round 1 Allotment.txt,1934,
MP,Madhya Pradesh,2025,R1,NEET_AIR,45751.0,NOT ALLOTTED,NOT ALLOTTED NOT ALLOTTED NOT ALLOTTED NOT ALLOTTED,,,,MP__MP Round 1 Allotment.txt,1935,
MP,Madhya Pradesh,2025,R1,NEET_AIR,45774.0,BUNDELKHAND MEDICAL COLLEGE SAGAR,MD ANAESTHESIOLOGY,SC,,,MP__MP Round 1 Allotment.txt,1936,
MP,Madhya Pradesh,2025,R1,NEET_AIR,45782.0,LN MEDICAL COLLEGE BHOPAL,MS GENERAL SURGERY,INST/UR/X/OP,,,MP__MP Round 1 Allotment.txt,1937,
MP,Madhya Pradesh,2025,R1,NEET_AIR,45905.0,NOT ALLOTTED,NOT ALLOTTED NOT ALLOTTED NOT ALLOTTED NOT ALLOTTED,,,,MP__MP Round 1 Allotment.txt,1938,
MP,Madhya Pradesh,2025,R1,NEET_AIR,45940.0,LN MEDICAL COLLEGE BHOPAL,MS GENERAL SURGERY,INST/UR/X/OP,,,MP__MP Round 1 Allotment.txt,1939,
MP,Madhya Pradesh,2025,R1,NEET_AIR,45952.0,NOT ALLOTTED,NOT ALLOTTED NOT ALLOTTED NOT ALLOTTED NOT ALLOTTED,,,,MP__MP Round 1 Allotment.txt,1940,
MP,Madhya Pradesh,2025,R1,NEET_AIR,45953.0,NOT ALLOTTED,NOT ALLOTTED NOT ALLOTTED NOT ALLOTTED NOT ALLOTTED,,,,MP__MP Round 1 Allotment.txt,1941,
MP,Madhya Pradesh,2025,R1,NEET_AIR,46026.0,RESEARCH CENTER INDORE,MS GENERAL SURGERY,UR/X/OP,,,MP__MP Round 1 Allotment.txt,1943,
MP,Madhya Pradesh,2025,R1,NEET_AIR,46032.0,NOT ALLOTTED,NOT ALLOTTED NOT ALLOTTED NOT ALLOTTED NOT ALLOTTED,,,,MP__MP Round 1 Allotment.txt,1944,
MP,Madhya Pradesh,2025,R1,NEET_AIR,46095.0,NOT ALLOTTED,NOT ALLOTTED NOT ALLOTTED NOT ALLOTTED NOT ALLOTTED,,,,MP__MP Round 1 Allotment.txt,1945,
MP,Madhya Pradesh,2025,R1,NEET_AIR,46152.0,NOT ALLOTTED,NOT ALLOTTED NOT ALLOTTED NOT ALLOTTED NOT ALLOTTED,,,,MP__MP Round 1 Allotment.txt,1946,
MP,Madhya Pradesh,2025,R1,NEET_AIR,46167.0,NOT ALLOTTED,NOT ALLOTTED NOT ALLOTTED NOT ALLOTTED NOT ALLOTTED,,,,MP__MP Round 1 Allotment.txt,1947,
MP,Madhya Pradesh,2025,R1,NEET_AIR,46168.0,NOT ALLOTTED,NOT ALLOTTED NOT ALLOTTED NOT ALLOTTED NOT ALLOTTED,,,,MP__MP Round 1 Allotment.txt,1948,
MP,Madhya Pradesh,2025,R1,NEET_AIR,46174.0,LN MEDICAL COLLEGE BHOPAL,MS OPHTHALMOLOGY,INST/UR/X/OP,,,MP__MP Round 1 Allotment.txt,1949,
MP,Madhya Pradesh,2025,R1,NEET_AIR,46196.0,NOT ALLOTTED,NOT ALLOTTED NOT ALLOTTED NOT ALLOTTED NOT ALLOTTED,,,,MP__MP Round 1 Allotment.txt,1950,
MP,Madhya Pradesh,2025,R1,NEET_AIR,46197.0,RESEARCH CENTRE BHOPAL,MS GENERAL SURGERY,UR/X/OP,,,MP__MP Round 1 Allotment.txt,1952,
MP,Madhya Pradesh,2025,R1,NEET_AIR,46208.0,NOT ALLOTTED,NOT ALLOTTED NOT ALLOTTED NOT ALLOTTED NOT ALLOTTED,,,,MP__MP Round 1 Allotment.txt,1953,
MP,Madhya Pradesh,2025,R1,NEET_AIR,46219.0,NOT ALLOTTED,NOT ALLOTTED NOT ALLOTTED NOT ALLOTTED NOT ALLOTTED,,,,MP__MP Round 1 Allotment.txt,1954,
MP,Madhya Pradesh,2025,R1,NEET_AIR,46252.0,NOT ALLOTTED,NOT ALLOTTED NOT ALLOTTED NOT ALLOTTED NOT ALLOTTED,,,,MP__MP Round 1 Allotment.txt,1955,
MP,Madhya Pradesh,2025,R1,NEET_AIR,46258.0,COLLEGE JABALPUR,MS GENERAL SURGERY,ST,,,MP__MP Round 1 Allotment.txt,1957,
MP,Madhya Pradesh,2025,R1,NEET_AIR,46370.0,LN MEDICAL COLLEGE BHOPAL,MD RESPIRATORY MEDICINE,OBC,,,MP__MP Round 1 Allotment.txt,1958,
MP,Madhya Pradesh,2025,R1,NEET_AIR,46415.0,NOT ALLOTTED,NOT ALLOTTED NOT ALLOTTED NOT ALLOTTED NOT ALLOTTED,,,,MP__MP Round 1 Allotment.txt,1959,
MP,Madhya Pradesh,2025,R1,NEET_AIR,46446.0,NOT ALLOTTED,NOT ALLOTTED NOT ALLOTTED NOT ALLOTTED NOT ALLOTTED,,,,MP__MP Round 1 Allotment.txt,1960,
MP,Madhya Pradesh,2025,R1,NEET_AIR,46464.0,NOT ALLOTTED,NOT ALLOTTED NOT ALLOTTED NOT ALLOTTED NOT ALLOTTED,,,,MP__MP Round 1 Allotment.txt,1961,
MP,Madhya Pradesh,2025,R1,NEET_AIR,46552.0,LN MEDICAL COLLEGE BHOPAL,MD RESPIRATORY MEDICINE,OBC,,,MP__MP Round 1 Allotment.txt,1962,
MP,Madhya Pradesh,2025,R1,NEET_AIR,46580.0,NOT ALLOTTED,NOT ALLOTTED NOT ALLOTTED NOT ALLOTTED NOT ALLOTTED,,,,MP__MP Round 1 Allotment.txt,1963,
MP,Madhya Pradesh,2025,R1,NEET_AIR,46583.0,RESEARCH CENTER INDORE,MS GENERAL SURGERY,UR/X/OP,,,MP__MP Round 1 Allotment.txt,1965,
MP,Madhya Pradesh,2025,R1,NEET_AIR,46665.0,LN MEDICAL COLLEGE BHOPAL,MD EMERGENCY MEDICINE,UR/X/OP,,,MP__MP Round 1 Allotment.txt,1966,
MP,Madhya Pradesh,2025,R1,NEET_AIR,46731.0,NOT ALLOTTED,NOT ALLOTTED NOT ALLOTTED NOT ALLOTTED NOT ALLOTTED,,,,MP__MP Round 1 Allotment.txt,1967,
MP,Madhya Pradesh,2025,R1,NEET_AIR,46732.0,NOT ALLOTTED,NOT ALLOTTED NOT ALLOTTED NOT ALLOTTED NOT ALLOTTED,,,,MP__MP Round 1 Allotment.txt,1968,
MP,Madhya Pradesh,2025,R1,NEET_AIR,46775.0,NOT ALLOTTED,NOT ALLOTTED NOT ALLOTTED NOT ALLOTTED NOT ALLOTTED,,,,MP__MP Round 1 Allotment.txt,1969,
MP,Madhya Pradesh,2025,R1,NEET_AIR,46786.0,NOT ALLOTTED,NOT ALLOTTED NOT ALLOTTED NOT ALLOTTED NOT ALLOTTED,,,,MP__MP Round 1 Allotment.txt,1970,
MP,Madhya Pradesh,2025,R1,NEET_AIR,46840.0,NOT ALLOTTED,NOT ALLOTTED NOT ALLOTTED NOT ALLOTTED NOT ALLOTTED,,,,MP__MP Round 1 Allotment.txt,1971,
MP,Madhya Pradesh,2025,R1,NEET_AIR,46863.0,LN MEDICAL COLLEGE BHOPAL,MD ANAESTHESIOLOGY,UR/X/OP,,,MP__MP Round 1 Allotment.txt,1972,
MP,Madhya Pradesh,2025,R1,NEET_AIR,46923.0,RESEARCH CENTRE BHOPAL,MD EMERGENCY MEDICINE,UR/X/OP,,,MP__MP Round 1 Allotment.txt,1974,
MP,Madhya Pradesh,2025,R1,NEET_AIR,46988.0,COLLEGE INDORE,MD GENERAL MEDICINE,OBC,,,MP__MP Round 1 Allotment.txt,1977,
MP,Madhya Pradesh,2025,R1,NEET_AIR,47030.0,DEWAS,MD ANAESTHESIOLOGY,UR/X/OP,,,MP__MP Round 1 Allotment.txt,1980,
MP,Madhya Pradesh,2025,R1,NEET_AIR,47101.0,PEOPLES COLLEGE OF MEDICAL SCIENCE BHOPAL,MS OPHTHALMOLOGY,OBC,,,MP__MP Round 1 Allotment.txt,1983,
MP,Madhya Pradesh,2025,R1,NEET_AIR,47103.0,RESEARCH CENTER INDORE,MS OTORHINOLARYNGOLOGY (ENT),UR/X/OP,,,MP__MP Round 1 Allotment.txt,1985,
MP,Madhya Pradesh,2025,R1,NEET_AIR,47136.0,NOT ALLOTTED,NOT ALLOTTED NOT ALLOTTED,NOT ALLOTTED,,,MP__MP Round 1 Allotment.txt,1986,
MP,Madhya Pradesh,2025,R1,NEET_AIR,61920.0,NOT ALLOTTED,NOT ALLOTTED NOT ALLOTTED,,,,MP__MP Round 1 Allotment.txt,1987,
MP,Madhya Pradesh,2025,R1,NEET_AIR,75377.0,BUNDELKHAND MEDICAL COLLEGE SAGAR,MS OTORHINOLARYNGOLOGY (ENT),SC,,,MP__MP Round 1 Allotment.txt,1988,
MP,Madhya Pradesh,2025,R1,NEET_AIR,47237.0,COLLEGE VIDISHA,MD COMMUNITY MEDICINE,INST/UR/X/OP,,,MP__MP Round 1 Allotment.txt,1990,
MP,Madhya Pradesh,2025,R1,NEET_AIR,47260.0,NOT ALLOTTED,NOT ALLOTTED NOT ALLOTTED,NOT ALLOTTED,,,MP__MP Round 1 Allotment.txt,1991,
MP,Madhya Pradesh,2025,R1,NEET_AIR,47287.0,NOT ALLOTTED,NOT ALLOTTED NOT ALLOTTED,NOT ALLOTTED,,,MP__MP Round 1 Allotment.txt,1992,
MP,Madhya Pradesh,2025,R1,NEET_AIR,47321.0,NOT ALLOTTED,NOT ALLOTTED NOT ALLOTTED,NOT ALLOTTED,,,MP__MP Round 1 Allotment.txt,1993,
MP,Madhya Pradesh,2025,R1,NEET_AIR,47358.0,NOT ALLOTTED,NOT ALLOTTED NOT ALLOTTED,NOT ALLOTTED,,,MP__MP Round 1 Allotment.txt,1994,
MP,Madhya Pradesh,2025,R1,NEET_AIR,47374.0,NOT ALLOTTED,NOT ALLOTTED NOT ALLOTTED,NOT ALLOTTED,,,MP__MP Round 1 Allotment.txt,1995,
MP,Madhya Pradesh,2025,R1,NEET_AIR,47511.0,NOT ALLOTTED,NOT ALLOTTED NOT ALLOTTED,NOT ALLOTTED,,,MP__MP Round 1 Allotment.txt,1996,
MP,Madhya Pradesh,2025,R1,NEET_AIR,47533.0,RESEARCH CENTER INDORE,MD RADIODIAGNOSIS,SC,,,MP__MP Round 1 Allotment.txt,1998,
MP,Madhya Pradesh,2025,R1,NEET_AIR,47541.0,NOT ALLOTTED,NOT ALLOTTED NOT ALLOTTED NOT ALLOTTED NOT ALLOTTED,,,,MP__MP Round 1 Allotment.txt,1999,
MP,Madhya Pradesh,2025,R1,NEET_AIR,47561.0,NOT ALLOTTED,NOT ALLOTTED NOT ALLOTTED NOT ALLOTTED NOT ALLOTTED,,,,MP__MP Round 1 Allotment.txt,2000,
MP,Madhya Pradesh,2025,R1,NEET_AIR,47661.0,RESEARCH CENTRE BHOPAL,MD ANAESTHESIOLOGY,UR/X/OP,,,MP__MP Round 1 Allotment.txt,2002,
MP,Madhya Pradesh,2025,R1,NEET_AIR,47828.0,LN MEDICAL COLLEGE BHOPAL,MS ORTHOPAEDICS,OBC,,,MP__MP Round 1 Allotment.txt,2003,
MP,Madhya Pradesh,2025,R1,NEET_AIR,87894.0,COLLEGE INDORE,MD RADIODIAGNOSIS,IN_EWS/X/OP,,,MP__MP Round 1 Allotment.txt,2005,
MP,Madhya Pradesh,2025,R1,NEET_AIR,47915.0,NOT ALLOTTED,NOT ALLOTTED NOT ALLOTTED NOT ALLOTTED NOT ALLOTTED,,,,MP__MP Round 1 Allotment.txt,2006,
MP,Madhya Pradesh,2025,R1,NEET_AIR,48097.0,SHYAM SHAH MEDICAL COLLEGE REWA,MS OBSTETRICS AND GYNAECOLOGY,ST,,,MP__MP Round 1 Allotment.txt,2008,
MP,Madhya Pradesh,2025,R1,NEET_AIR,48156.0,RD GARDI MEDICAL COLLEGE UJJAIN,MD PATHOLOGY,UR/X/OP,,,MP__MP Round 1 Allotment.txt,2009,
MP,Madhya Pradesh,2025,R1,NEET_AIR,48160.0,GANDHI MEDICAL COLLEGE BHOPAL,MS GENERAL SURGERY,ST,,,MP__MP Round 1 Allotment.txt,2010,
MP,Madhya Pradesh,2025,R1,NEET_AIR,48326.0,NOT ALLOTTED,NOT ALLOTTED NOT ALLOTTED,NOT ALLOTTED,,,MP__MP Round 1 Allotment.txt,2011,
MP,Madhya Pradesh,2025,R1,NEET_AIR,48339.0,NOT ALLOTTED,NOT ALLOTTED NOT ALLOTTED,NOT ALLOTTED,,,MP__MP Round 1 Allotment.txt,2012,
MP,Madhya Pradesh,2025,R1,NEET_AIR,48343.0,NOT ALLOTTED,NOT ALLOTTED NOT ALLOTTED,NOT ALLOTTED,,,MP__MP Round 1 Allotment.txt,2013,
MP,Madhya Pradesh,2025,R1,NEET_AIR,48344.0,NOT ALLOTTED,NOT ALLOTTED NOT ALLOTTED,NOT ALLOTTED,,,MP__MP Round 1 Allotment.txt,2014,
MP,Madhya Pradesh,2025,R1,NEET_AIR,48365.0,PEOPLES COLLEGE OF MEDICAL SCIENCE BHOPAL,MD ANAESTHESIOLOGY,UR/X/OP,,,MP__MP Round 1 Allotment.txt,2016,
MP,Madhya Pradesh,2025,R1,NEET_AIR,48435.0,NOT ALLOTTED,NOT ALLOTTED NOT ALLOTTED,NOT ALLOTTED,,,MP__MP Round 1 Allotment.txt,2017,
MP,Madhya Pradesh,2025,R1,NEET_AIR,48440.0,NOT ALLOTTED,NOT ALLOTTED NOT ALLOTTED,NOT ALLOTTED,,,MP__MP Round 1 Allotment.txt,2018,
MP,Madhya Pradesh,2025,R1,NEET_AIR,48461.0,NOT ALLOTTED,NOT ALLOTTED NOT ALLOTTED,NOT ALLOTTED,,,MP__MP Round 1 Allotment.txt,2019,
MP,Madhya Pradesh,2025,R1,NEET_AIR,48533.0,NOT ALLOTTED,NOT ALLOTTED NOT ALLOTTED,NOT ALLOTTED,,,MP__MP Round 1 Allotment.txt,2020,
MP,Madhya Pradesh,2025,R1,NEET_AIR,48556.0,RESEARCH CENTER INDORE,MD RESPIRATORY MEDICINE,OBC,,,MP__MP Round 1 Allotment.txt,2022,
MP,Madhya Pradesh,2025,R1,NEET_AIR,48560.0,NOT ALLOTTED,NOT ALLOTTED NOT ALLOTTED,NOT ALLOTTED,,,MP__MP Round 1 Allotment.txt,2023,
MP,Madhya Pradesh,2025,R1,NEET_AIR,48576.0,NOT ALLOTTED,NOT ALLOTTED NOT ALLOTTED,NOT ALLOTTED,,,MP__MP Round 1 Allotment.txt,2024,
MP,Madhya Pradesh,2025,R1,NEET_AIR,48684.0,NOT ALLOTTED,NOT ALLOTTED NOT ALLOTTED,NOT ALLOTTED,,,MP__MP Round 1 Allotment.txt,2025,
MP,Madhya Pradesh,2025,R1,NEET_AIR,48695.0,NOT ALLOTTED,NOT ALLOTTED NOT ALLOTTED,NOT ALLOTTED,,,MP__MP Round 1 Allotment.txt,2026,
MP,Madhya Pradesh,2025,R1,NEET_AIR,48719.0,NOT ALLOTTED,NOT ALLOTTED NOT ALLOTTED,NOT ALLOTTED,,,MP__MP Round 1 Allotment.txt,2027,
MP,Madhya Pradesh,2025,R1,NEET_AIR,48733.0,COLLEGE JABALPUR,MS GENERAL SURGERY,ST,,,MP__MP Round 1 Allotment.txt,2029,
MP,Madhya Pradesh,2025,R1,NEET_AIR,48795.0,NOT ALLOTTED,NOT ALLOTTED NOT ALLOTTED NOT ALLOTTED NOT ALLOTTED,,,,MP__MP Round 1 Allotment.txt,2030,
MP,Madhya Pradesh,2025,R1,NEET_AIR,48797.0,NOT ALLOTTED,NOT ALLOTTED NOT ALLOTTED NOT ALLOTTED NOT ALLOTTED,,,,MP__MP Round 1 Allotment.txt,2031,
MP,Madhya Pradesh,2025,R1,NEET_AIR,48900.0,RESEARCH CENTER INDORE,MS OTORHINOLARYNGOLOGY (ENT),UR/X/OP,,,MP__MP Round 1 Allotment.txt,2033,
MP,Madhya Pradesh,2025,R1,NEET_AIR,48951.0,NOT ALLOTTED,NOT ALLOTTED NOT ALLOTTED NOT ALLOTTED NOT ALLOTTED,,,,MP__MP Round 1 Allotment.txt,2034,
MP,Madhya Pradesh,2025,R1,NEET_AIR,49021.0,COLLEGE INDORE,MD RADIATION ONCOLOGY,SC,,,MP__MP Round 1 Allotment.txt,2036,
MP,Madhya Pradesh,2025,R1,NEET_AIR,49030.0,NOT ALLOTTED,NOT ALLOTTED NOT ALLOTTED NOT ALLOTTED NOT ALLOTTED,,,,MP__MP Round 1 Allotment.txt,2037,
MP,Madhya Pradesh,2025,R1,NEET_AIR,49044.0,COLLEGE INDORE,MD PHARMACOLOGY,EWS,,,MP__MP Round 1 Allotment.txt,2050,
MP,Madhya Pradesh,2025,R1,NEET_AIR,49115.0,NOT ALLOTTED,NOT ALLOTTED NOT ALLOTTED,NOT ALLOTTED,,,MP__MP Round 1 Allotment.txt,2051,
MP,Madhya Pradesh,2025,R1,NEET_AIR,49126.0,NOT ALLOTTED,NOT ALLOTTED NOT ALLOTTED,NOT ALLOTTED,,,MP__MP Round 1 Allotment.txt,2052,
MP,Madhya Pradesh,2025,R1,NEET_AIR,49142.0,NOT ALLOTTED,NOT ALLOTTED NOT ALLOTTED,NOT ALLOTTED,,,MP__MP Round 1 Allotment.txt,2053,
MP,Madhya Pradesh,2025,R1,NEET_AIR,49163.0,NOT ALLOTTED,NOT ALLOTTED NOT ALLOTTED,NOT ALLOTTED,,,MP__MP Round 1 Allotment.txt,2054,
MP,Madhya Pradesh,2025,R1,NEET_AIR,49175.0,LN MEDICAL COLLEGE BHOPAL,MS GENERAL SURGERY,INST/UR/X/OP,,,MP__MP Round 1 Allotment.txt,2055,
MP,Madhya Pradesh,2025,R1,NEET_AIR,49214.0,NOT ALLOTTED,NOT ALLOTTED NOT ALLOTTED,NOT ALLOTTED,,,MP__MP Round 1 Allotment.txt,2056,
MP,Madhya Pradesh,2025,R1,NEET_AIR,49232.0,GANDHI MEDICAL COLLEGE BHOPAL,MD MICROBIOLOGY,INST/UR/X/OP,,,MP__MP Round 1 Allotment.txt,2057,
MP,Madhya Pradesh,2025,R1,NEET_AIR,49275.0,NOT ALLOTTED,NOT ALLOTTED NOT ALLOTTED,NOT ALLOTTED,,,MP__MP Round 1 Allotment.txt,2058,
MP,Madhya Pradesh,2025,R1,NEET_AIR,49319.0,NOT ALLOTTED,NOT ALLOTTED NOT ALLOTTED,NOT ALLOTTED,,,MP__MP Round 1 Allotment.txt,2059,
MP,Madhya Pradesh,2025,R1,NEET_AIR,49352.0,NOT ALLOTTED,NOT ALLOTTED NOT ALLOTTED,NOT ALLOTTED,,,MP__MP Round 1 Allotment.txt,2060,
MP,Madhya Pradesh,2025,R1,NEET_AIR,88904.0,COLLEGE JABALPUR,MD RESPIRATORY MEDICINE,IN_UR/X/OP,,,MP__MP Round 1 Allotment.txt,2062,
MP,Madhya Pradesh,2025,R1,NEET_AIR,89335.0,COLLEGE INDORE,MD PAEDIATRICS,IN_UR/X/OP,,,MP__MP Round 1 Allotment.txt,2064,
MP,Madhya Pradesh,2025,R1,NEET_AIR,77358.0,DEWAS,MD PSYCHIATRY,INST/UR/X/OP,,,MP__MP Round 1 Allotment.txt,2066,
MP,Madhya Pradesh,2025,R1,NEET_AIR,49411.0,NOT ALLOTTED,NOT ALLOTTED NOT ALLOTTED,NOT ALLOTTED,,,MP__MP Round 1 Allotment.txt,2067,
MP,Madhya Pradesh,2025,R1,NEET_AIR,49436.0,NOT ALLOTTED,NOT ALLOTTED NOT ALLOTTED,NOT ALLOTTED,,,MP__MP Round 1 Allotment.txt,2068,
MP,Madhya Pradesh,2025,R1,NEET_AIR,49475.0,NOT ALLOTTED,NOT ALLOTTED NOT ALLOTTED,NOT ALLOTTED,,,MP__MP Round 1 Allotment.txt,2069,
MP,Madhya Pradesh,2025,R1,NEET_AIR,49495.0,NOT ALLOTTED,NOT ALLOTTED NOT ALLOTTED,NOT ALLOTTED,,,MP__MP Round 1 Allotment.txt,2070,
MP,Madhya Pradesh,2025,R1,NEET_AIR,49520.0,RESEARCH CENTER INDORE,MS GENERAL SURGERY,INST/UR/X/OP,,,MP__MP Round 1 Allotment.txt,2072,
MP,Madhya Pradesh,2025,R1,NEET_AIR,49529.0,NOT ALLOTTED,NOT ALLOTTED NOT ALLOTTED,NOT ALLOTTED,,,MP__MP Round 1 Allotment.txt,2073,
MP,Madhya Pradesh,2025,R1,NEET_AIR,49532.0,NOT ALLOTTED,NOT ALLOTTED NOT ALLOTTED,NOT ALLOTTED,,,MP__MP Round 1 Allotment.txt,2074,
MP,Madhya Pradesh,2025,R1,NEET_AIR,49538.0,NOT ALLOTTED,NOT ALLOTTED NOT ALLOTTED,NOT ALLOTTED,,,MP__MP Round 1 Allotment.txt,2075,
MP,Madhya Pradesh,2025,R1,NEET_AIR,49602.0,NOT ALLOTTED,NOT ALLOTTED NOT ALLOTTED,NOT ALLOTTED,,,MP__MP Round 1 Allotment.txt,2076,
MP,Madhya Pradesh,2025,R1,NEET_AIR,49606.0,NOT ALLOTTED,NOT ALLOTTED NOT ALLOTTED,NOT ALLOTTED,,,MP__MP Round 1 Allotment.txt,2077,
MP,Madhya Pradesh,2025,R1,NEET_AIR,49633.0,NOT ALLOTTED,NOT ALLOTTED NOT ALLOTTED,NOT ALLOTTED,,,MP__MP Round 1 Allotment.txt,2078,
MP,Madhya Pradesh,2025,R1,NEET_AIR,49652.0,NOT ALLOTTED,NOT ALLOTTED NOT ALLOTTED,NOT ALLOTTED,,,MP__MP Round 1 Allotment.txt,2079,
MP,Madhya Pradesh,2025,R1,NEET_AIR,89635.0,GOVERMENT MEDICAL COLLEGE RATLAM,MD GENERAL MEDICINE,IN_OBC/X/OP,,,MP__MP Round 1 Allotment.txt,2080,
MP,Madhya Pradesh,2025,R1,NEET_AIR,49715.0,COLLEGE INDORE,MD MICROBIOLOGY,,,,MP__MP Round 1 Allotment.txt,2082,
MP,Madhya Pradesh,2025,R1,NEET_AIR,49724.0,NOT ALLOTTED,NOT ALLOTTED NOT ALLOTTED NOT ALLOTTED NOT ALLOTTED,,,,MP__MP Round 1 Allotment.txt,2083,
MP,Madhya Pradesh,2025,R1,NEET_AIR,49917.0,NOT ALLOTTED,NOT ALLOTTED NOT ALLOTTED NOT ALLOTTED NOT ALLOTTED,,,,MP__MP Round 1 Allotment.txt,2084,
MP,Madhya Pradesh,2025,R1,NEET_AIR,49922.0,DEWAS,MS OPHTHALMOLOGY,UR/X/OP,,,MP__MP Round 1 Allotment.txt,2086,
MP,Madhya Pradesh,2025,R1,NEET_AIR,49949.0,NOT ALLOTTED,NOT ALLOTTED NOT ALLOTTED,NOT ALLOTTED,,,MP__MP Round 1 Allotment.txt,2087,
MP,Madhya Pradesh,2025,R1,NEET_AIR,49954.0,NOT ALLOTTED,NOT ALLOTTED NOT ALLOTTED,NOT ALLOTTED,,,MP__MP Round 1 Allotment.txt,2088,
MP,Madhya Pradesh,2025,R1,NEET_AIR,49959.0,NOT ALLOTTED,NOT ALLOTTED NOT ALLOTTED,NOT ALLOTTED,,,MP__MP Round 1 Allotment.txt,2089,
MP,Madhya Pradesh,2025,R1,NEET_AIR,49987.0,NOT ALLOTTED,NOT ALLOTTED NOT ALLOTTED,NOT ALLOTTED,,,MP__MP Round 1 Allotment.txt,2090,
MP,Madhya Pradesh,2025,R1,NEET_AIR,90189.0,GAJRA RAJA MEDICAL COLLEGE GWALIOR,MD PAEDIATRICS,IN_UR/X/OP,,,MP__MP Round 1 Allotment.txt,2091,
MP,Madhya Pradesh,2025,R1,NEET_AIR,90290.0,SHYAM SHAH MEDICAL COLLEGE REWA,MD PAEDIATRICS,IN_UR/X/OP,,,MP__MP Round 1 Allotment.txt,2092,
MP,Madhya Pradesh,2025,R1,NEET_AIR,50105.0,NOT ALLOTTED,NOT ALLOTTED NOT ALLOTTED,NOT ALLOTTED,,,MP__MP Round 1 Allotment.txt,2093,
MP,Madhya Pradesh,2025,R1,NEET_AIR,50119.0,RD GARDI MEDICAL COLLEGE UJJAIN,MS GENERAL SURGERY,SC,,,MP__MP Round 1 Allotment.txt,2094,
MP,Madhya Pradesh,2025,R1,NEET_AIR,50163.0,NOT ALLOTTED,NOT ALLOTTED NOT ALLOTTED,NOT ALLOTTED,,,MP__MP Round 1 Allotment.txt,2095,
MP,Madhya Pradesh,2025,R1,NEET_AIR,50180.0,LN MEDICAL COLLEGE BHOPAL,MD ANAESTHESIOLOGY,UR/X/OP,,,MP__MP Round 1 Allotment.txt,2096,
MP,Madhya Pradesh,2025,R1,NEET_AIR,50208.0,COLLEGE INDORE,MD ANAESTHESIOLOGY,ST,,,MP__MP Round 1 Allotment.txt,2098,
MP,Madhya Pradesh,2025,R1,NEET_AIR,50248.0,COLLEGE INDORE,MD PATHOLOGY,SC,,,MP__MP Round 1 Allotment.txt,2100,
MP,Madhya Pradesh,2025,R1,NEET_AIR,50251.0,RESEARCH CENTER INDORE,MD EMERGENCY MEDICINE,UR/X/OP,,,MP__MP Round 1 Allotment.txt,2102,
MP,Madhya Pradesh,2025,R1,NEET_AIR,50263.0,NOT ALLOTTED,NOT ALLOTTED NOT ALLOTTED,NOT ALLOTTED,,,MP__MP Round 1 Allotment.txt,2103,
MP,Madhya Pradesh,2025,R1,NEET_AIR,50280.0,LN MEDICAL COLLEGE BHOPAL,MD ANAESTHESIOLOGY,UR/X/OP,,,MP__MP Round 1 Allotment.txt,2104,
MP,Madhya Pradesh,2025,R1,NEET_AIR,50282.0,NOT ALLOTTED,NOT ALLOTTED NOT ALLOTTED,NOT ALLOTTED,,,MP__MP Round 1 Allotment.txt,2105,
MP,Madhya Pradesh,2025,R1,NEET_AIR,50359.0,NOT ALLOTTED,NOT ALLOTTED NOT ALLOTTED,NOT ALLOTTED,,,MP__MP Round 1 Allotment.txt,2106,
MP,Madhya Pradesh,2025,R1,NEET_AIR,90392.0,COLLEGE INDORE,MD GENERAL MEDICINE,IN_EWS/X/OP,,,MP__MP Round 1 Allotment.txt,2108,
MP,Madhya Pradesh,2025,R1,NEET_AIR,50467.0,NOT ALLOTTED,NOT ALLOTTED NOT ALLOTTED NOT ALLOTTED NOT ALLOTTED,,,,MP__MP Round 1 Allotment.txt,2109,
MP,Madhya Pradesh,2025,R1,NEET_AIR,50505.0,DEWAS,MS OTORHINOLARYNGOLOGY (ENT),UR/X/OP,,,MP__MP Round 1 Allotment.txt,2111,
MP,Madhya Pradesh,2025,R1,NEET_AIR,50576.0,NOT ALLOTTED,NOT ALLOTTED NOT ALLOTTED NOT ALLOTTED NOT ALLOTTED,,,,MP__MP Round 1 Allotment.txt,2112,
MP,Madhya Pradesh,2025,R1,NEET_AIR,50581.0,RESEARCH CENTER INDORE,MS GENERAL SURGERY,INST/UR/X/OP,,,MP__MP Round 1 Allotment.txt,2114,
MP,Madhya Pradesh,2025,R1,NEET_AIR,50650.0,NOT ALLOTTED,NOT ALLOTTED NOT ALLOTTED NOT ALLOTTED NOT ALLOTTED,,,,MP__MP Round 1 Allotment.txt,2115,
MP,Madhya Pradesh,2025,R1,NEET_AIR,50696.0,NOT ALLOTTED,NOT ALLOTTED NOT ALLOTTED NOT ALLOTTED NOT ALLOTTED,,,,MP__MP Round 1 Allotment.txt,2116,
MP,Madhya Pradesh,2025,R1,NEET_AIR,50858.0,DEWAS,MD EMERGENCY MEDICINE,UR/X/OP,,,MP__MP Round 1 Allotment.txt,2118,
MP,Madhya Pradesh,2025,R1,NEET_AIR,50890.0,NOT ALLOTTED,NOT ALLOTTED NOT ALLOTTED NOT ALLOTTED NOT ALLOTTED,,,,MP__MP Round 1 Allotment.txt,2119,
MP,Madhya Pradesh,2025,R1,NEET_AIR,50896.0,RESEARCH CENTER INDORE,MD ANAESTHESIOLOGY,UR/X/OP,,,MP__MP Round 1 Allotment.txt,2121,
MP,Madhya Pradesh,2025,R1,NEET_AIR,50922.0,NOT ALLOTTED,NOT ALLOTTED NOT ALLOTTED,NOT ALLOTTED,,,MP__MP Round 1 Allotment.txt,2122,
MP,Madhya Pradesh,2025,R1,NEET_AIR,50982.0,NOT ALLOTTED,NOT ALLOTTED NOT ALLOTTED,NOT ALLOTTED,,,MP__MP Round 1 Allotment.txt,2123,
MP,Madhya Pradesh,2025,R1,NEET_AIR,50993.0,NOT ALLOTTED,NOT ALLOTTED NOT ALLOTTED,NOT ALLOTTED,,,MP__MP Round 1 Allotment.txt,2124,
MP,Madhya Pradesh,2025,R1,NEET_AIR,51004.0,RESEARCH CENTER INDORE,MS ORTHOPAEDICS,OBC,,,MP__MP Round 1 Allotment.txt,2126,
MP,Madhya Pradesh,2025,R1,NEET_AIR,51012.0,NOT ALLOTTED,NOT ALLOTTED NOT ALLOTTED,NOT ALLOTTED,,,MP__MP Round 1 Allotment.txt,2127,
MP,Madhya Pradesh,2025,R1,NEET_AIR,51026.0,NOT ALLOTTED,NOT ALLOTTED NOT ALLOTTED,NOT ALLOTTED,,,MP__MP Round 1 Allotment.txt,2128,
MP,Madhya Pradesh,2025,R1,NEET_AIR,51053.0,NOT ALLOTTED,NOT ALLOTTED NOT ALLOTTED,NOT ALLOTTED,,,MP__MP Round 1 Allotment.txt,2129,
MP,Madhya Pradesh,2025,R1,NEET_AIR,51058.0,NOT ALLOTTED,NOT ALLOTTED NOT ALLOTTED,NOT ALLOTTED,,,MP__MP Round 1 Allotment.txt,2130,
MP,Madhya Pradesh,2025,R1,NEET_AIR,51090.0,RD GARDI MEDICAL COLLEGE UJJAIN,MD RADIODIAGNOSIS,INST/UR/NRI/OP,,,MP__MP Round 1 Allotment.txt,2131,
MP,Madhya Pradesh,2025,R1,NEET_AIR,51097.0,RESEARCH CENTER INDORE,MS GENERAL SURGERY,INST/UR/X/OP,,,MP__MP Round 1 Allotment.txt,2133,
MP,Madhya Pradesh,2025,R1,NEET_AIR,51102.0,NOT ALLOTTED,NOT ALLOTTED NOT ALLOTTED NOT ALLOTTED NOT ALLOTTED,,,,MP__MP Round 1 Allotment.txt,2134,
MP,Madhya Pradesh,2025,R1,NEET_AIR,51244.0,INDORE,MD COMMUNITY MEDICINE,UR/X/OP,,,MP__MP Round 1 Allotment.txt,2136,
MP,Madhya Pradesh,2025,R1,NEET_AIR,51296.0,COLLEGE JABALPUR,MD PHARMACOLOGY,,,,MP__MP Round 1 Allotment.txt,2138,
MP,Madhya Pradesh,2025,R1,NEET_AIR,51317.0,NOT ALLOTTED,NOT ALLOTTED NOT ALLOTTED NOT ALLOTTED NOT ALLOTTED,,,,MP__MP Round 1 Allotment.txt,2139,
MP,Madhya Pradesh,2025,R1,NEET_AIR,51350.0,DEWAS,MD ANAESTHESIOLOGY,UR/X/OP,,,MP__MP Round 1 Allotment.txt,2141,
MP,Madhya Pradesh,2025,R1,NEET_AIR,51363.0,NOT ALLOTTED,NOT ALLOTTED NOT ALLOTTED,NOT ALLOTTED,,,MP__MP Round 1 Allotment.txt,2142,
MP,Madhya Pradesh,2025,R1,NEET_AIR,51417.0,NOT ALLOTTED,NOT ALLOTTED NOT ALLOTTED,NOT ALLOTTED,,,MP__MP Round 1 Allotment.txt,2143,
MP,Madhya Pradesh,2025,R1,NEET_AIR,51438.0,NOT ALLOTTED,NOT ALLOTTED NOT ALLOTTED,NOT ALLOTTED,,,MP__MP Round 1 Allotment.txt,2144,
MP,Madhya Pradesh,2025,R1,NEET_AIR,51453.0,NOT ALLOTTED,NOT ALLOTTED NOT ALLOTTED,NOT ALLOTTED,,,MP__MP Round 1 Allotment.txt,2145,
MP,Madhya Pradesh,2025,R1,NEET_AIR,51597.0,NOT ALLOTTED,NOT ALLOTTED NOT ALLOTTED,NOT ALLOTTED,,,MP__MP Round 1 Allotment.txt,2146,
MP,Madhya Pradesh,2025,R1,NEET_AIR,51726.0,BHOPAL,MD GENERAL MEDICINE,SC,,,MP__MP Round 1 Allotment.txt,2148,
MP,Madhya Pradesh,2025,R1,NEET_AIR,51733.0,NOT ALLOTTED,NOT ALLOTTED NOT ALLOTTED,NOT ALLOTTED,,,MP__MP Round 1 Allotment.txt,2149,
MP,Madhya Pradesh,2025,R1,NEET_AIR,51766.0,NOT ALLOTTED,NOT ALLOTTED NOT ALLOTTED,NOT ALLOTTED,,,MP__MP Round 1 Allotment.txt,2150,
MP,Madhya Pradesh,2025,R1,NEET_AIR,51770.0,NOT ALLOTTED,NOT ALLOTTED NOT ALLOTTED,NOT ALLOTTED,,,MP__MP Round 1 Allotment.txt,2151,
MP,Madhya Pradesh,2025,R1,NEET_AIR,51789.0,RESEARCH CENTER INDORE,MS GENERAL SURGERY,INST/UR/X/OP,,,MP__MP Round 1 Allotment.txt,2153,
MP,Madhya Pradesh,2025,R1,NEET_AIR,51871.0,NOT ALLOTTED,NOT ALLOTTED NOT ALLOTTED,NOT ALLOTTED,,,MP__MP Round 1 Allotment.txt,2154,
MP,Madhya Pradesh,2025,R1,NEET_AIR,51884.0,NOT ALLOTTED,NOT ALLOTTED NOT ALLOTTED,NOT ALLOTTED,,,MP__MP Round 1 Allotment.txt,2155,
MP,Madhya Pradesh,2025,R1,NEET_AIR,51893.0,NOT ALLOTTED,NOT ALLOTTED NOT ALLOTTED,NOT ALLOTTED,,,MP__MP Round 1 Allotment.txt,2156,
MP,Madhya Pradesh,2025,R1,NEET_AIR,51905.0,NOT ALLOTTED,NOT ALLOTTED NOT ALLOTTED,NOT ALLOTTED,,,MP__MP Round 1 Allotment.txt,2157,
MP,Madhya Pradesh,2025,R1,NEET_AIR,66939.0,NOT ALLOTTED,NOT ALLOTTED NOT ALLOTTED,NOT ALLOTTED,,,MP__MP Round 1 Allotment.txt,2158,
MP,Madhya Pradesh,2025,R1,NEET_AIR,51931.0,NOT ALLOTTED,NOT ALLOTTED NOT ALLOTTED,NOT ALLOTTED,,,MP__MP Round 1 Allotment.txt,2159,
MP,Madhya Pradesh,2025,R1,NEET_AIR,51945.0,NOT ALLOTTED,NOT ALLOTTED NOT ALLOTTED,NOT ALLOTTED,,,MP__MP Round 1 Allotment.txt,2160,
MP,Madhya Pradesh,2025,R1,NEET_AIR,52023.0,PEOPLES COLLEGE OF MEDICAL SCIENCE BHOPAL,MD EMERGENCY MEDICINE,INST/UR/X/OP,,,MP__MP Round 1 Allotment.txt,2162,
MP,Madhya Pradesh,2025,R1,NEET_AIR,52381.0,GOVERMENT MEDICAL COLLEGE RATLAM,MD PHARMACOLOGY,INST/UR/X/OP,,,MP__MP Round 1 Allotment.txt,2173,
MP,Madhya Pradesh,2025,R1,NEET_AIR,52686.0,RESEARCH CENTRE BHOPAL,MS GENERAL SURGERY,INST/UR/X/OP,,,MP__MP Round 1 Allotment.txt,2177,
MP,Madhya Pradesh,2025,R1,NEET_AIR,52768.0,NOT ALLOTTED,NOT ALLOTTED NOT ALLOTTED NOT ALLOTTED NOT ALLOTTED,,,,MP__MP Round 1 Allotment.txt,2178,
MP,Madhya Pradesh,2025,R1,NEET_AIR,52921.0,GANDHI MEDICAL COLLEGE BHOPAL,MD PATHOLOGY,SC,,,MP__MP Round 1 Allotment.txt,2179,
MP,Madhya Pradesh,2025,R1,NEET_AIR,52958.0,NOT ALLOTTED,NOT ALLOTTED NOT ALLOTTED NOT ALLOTTED NOT ALLOTTED,,,,MP__MP Round 1 Allotment.txt,2180,
MP,Madhya Pradesh,2025,R1,NEET_AIR,52987.0,BUNDELKHAND MEDICAL COLLEGE SAGAR,MD COMMUNITY MEDICINE,INST/UR/X/OP,,,MP__MP Round 1 Allotment.txt,2181,
MP,Madhya Pradesh,2025,R1,NEET_AIR,53023.0,NOT ALLOTTED,NOT ALLOTTED NOT ALLOTTED NOT ALLOTTED NOT ALLOTTED,,,,MP__MP Round 1 Allotment.txt,2182,
MP,Madhya Pradesh,2025,R1,NEET_AIR,53053.0,RD GARDI MEDICAL COLLEGE UJJAIN,MS OBSTETRICS AND GYNAECOLOGY Clinical,,,,MP__MP Round 1 Allotment.txt,2184,
MP,Madhya Pradesh,2025,R1,NEET_AIR,53070.0,COLLEGE INDORE,MD ANAESTHESIOLOGY,ST,,,MP__MP Round 1 Allotment.txt,2188,
MP,Madhya Pradesh,2025,R1,NEET_AIR,53101.0,DEWAS,MS OPHTHALMOLOGY,INST/UR/X/OP,,,MP__MP Round 1 Allotment.txt,2200,
MP,Madhya Pradesh,2025,R1,NEET_AIR,53118.0,BHOPAL,MD ANAESTHESIOLOGY,UR/X/OP,,,MP__MP Round 1 Allotment.txt,2202,
MP,Madhya Pradesh,2025,R1,NEET_AIR,53138.0,NOT ALLOTTED,NOT ALLOTTED NOT ALLOTTED,NOT ALLOTTED,,,MP__MP Round 1 Allotment.txt,2203,
MP,Madhya Pradesh,2025,R1,NEET_AIR,53142.0,NOT ALLOTTED,NOT ALLOTTED NOT ALLOTTED,NOT ALLOTTED,,,MP__MP Round 1 Allotment.txt,2204,
MP,Madhya Pradesh,2025,R1,NEET_AIR,53162.0,NOT ALLOTTED,NOT ALLOTTED NOT ALLOTTED,NOT ALLOTTED,,,MP__MP Round 1 Allotment.txt,2205,
MP,Madhya Pradesh,2025,R1,NEET_AIR,53165.0,NOT ALLOTTED,NOT ALLOTTED NOT ALLOTTED,NOT ALLOTTED,,,MP__MP Round 1 Allotment.txt,2206,
MP,Madhya Pradesh,2025,R1,NEET_AIR,53167.0,NOT ALLOTTED,NOT ALLOTTED NOT ALLOTTED,NOT ALLOTTED,,,MP__MP Round 1 Allotment.txt,2207,
MP,Madhya Pradesh,2025,R1,NEET_AIR,53174.0,COLLEGE INDORE,MD PATHOLOGY,ST,,,MP__MP Round 1 Allotment.txt,2209,
MP,Madhya Pradesh,2025,R1,NEET_AIR,53209.0,NOT ALLOTTED,NOT ALLOTTED NOT ALLOTTED,NOT ALLOTTED,,,MP__MP Round 1 Allotment.txt,2210,
MP,Madhya Pradesh,2025,R1,NEET_AIR,53271.0,NOT ALLOTTED,NOT ALLOTTED NOT ALLOTTED,NOT ALLOTTED,,,MP__MP Round 1 Allotment.txt,2211,
MP,Madhya Pradesh,2025,R1,NEET_AIR,53331.0,NOT ALLOTTED,NOT ALLOTTED NOT ALLOTTED,NOT ALLOTTED,,,MP__MP Round 1 Allotment.txt,2212,
MP,Madhya Pradesh,2025,R1,NEET_AIR,53400.0,NOT ALLOTTED,NOT ALLOTTED NOT ALLOTTED,NOT ALLOTTED,,,MP__MP Round 1 Allotment.txt,2213,
MP,Madhya Pradesh,2025,R1,NEET_AIR,53413.0,NOT ALLOTTED,NOT ALLOTTED NOT ALLOTTED,NOT ALLOTTED,,,MP__MP Round 1 Allotment.txt,2214,
MP,Madhya Pradesh,2025,R1,NEET_AIR,53451.0,COLLEGE JABALPUR,MD COMMUNITY MEDICINE,SC,,,MP__MP Round 1 Allotment.txt,2216,
MP,Madhya Pradesh,2025,R1,NEET_AIR,53523.0,PEOPLES COLLEGE OF MEDICAL SCIENCE BHOPAL,MD ANAESTHESIOLOGY,UR/X/OP,,,MP__MP Round 1 Allotment.txt,2218,
MP,Madhya Pradesh,2025,R1,NEET_AIR,53818.0,BHOPAL,MD ANAESTHESIOLOGY,UR/X/OP,,,MP__MP Round 1 Allotment.txt,2222,
MP,Madhya Pradesh,2025,R1,NEET_AIR,53825.0,COLLEGE INDORE,MD RESPIRATORY MEDICINE,ST,,,MP__MP Round 1 Allotment.txt,2224,
MP,Madhya Pradesh,2025,R1,NEET_AIR,53864.0,NOT ALLOTTED,NOT ALLOTTED NOT ALLOTTED NOT ALLOTTED NOT ALLOTTED,,,,MP__MP Round 1 Allotment.txt,2225,
MP,Madhya Pradesh,2025,R1,NEET_AIR,54040.0,NOT ALLOTTED,NOT ALLOTTED NOT ALLOTTED NOT ALLOTTED NOT ALLOTTED,,,,MP__MP Round 1 Allotment.txt,2226,
MP,Madhya Pradesh,2025,R1,NEET_AIR,54060.0,RD GARDI MEDICAL COLLEGE UJJAIN,MD RADIODIAGNOSIS,ST,,,MP__MP Round 1 Allotment.txt,2227,
MP,Madhya Pradesh,2025,R1,NEET_AIR,54100.0,NOT ALLOTTED,NOT ALLOTTED NOT ALLOTTED NOT ALLOTTED NOT ALLOTTED,,,,MP__MP Round 1 Allotment.txt,2228,
MP,Madhya Pradesh,2025,R1,NEET_AIR,54176.0,NOT ALLOTTED,NOT ALLOTTED NOT ALLOTTED NOT ALLOTTED NOT ALLOTTED,,,,MP__MP Round 1 Allotment.txt,2229,
MP,Madhya Pradesh,2025,R1,NEET_AIR,54179.0,NOT ALLOTTED,NOT ALLOTTED NOT ALLOTTED NOT ALLOTTED NOT ALLOTTED,,,,MP__MP Round 1 Allotment.txt,2230,
MP,Madhya Pradesh,2025,R1,NEET_AIR,54181.0,INDORE,MD RADIODIAGNOSIS,INST/UR/NRI/OP,,,MP__MP Round 1 Allotment.txt,2232,
MP,Madhya Pradesh,2025,R1,NEET_AIR,54190.0,BHOPAL,MS OPHTHALMOLOGY,INST/UR/X/OP,,,MP__MP Round 1 Allotment.txt,2234,
MP,Madhya Pradesh,2025,R1,NEET_AIR,54599.0,DEWAS,MD EMERGENCY MEDICINE,INST/UR/X/OP,,,MP__MP Round 1 Allotment.txt,2237,
MP,Madhya Pradesh,2025,R1,NEET_AIR,94268.0,GANDHI MEDICAL COLLEGE BHOPAL,MD PAEDIATRICS,IN_UR/X/OP,,,MP__MP Round 1 Allotment.txt,2238,
MP,Madhya Pradesh,2025,R1,NEET_AIR,54645.0,INDORE,MD ANAESTHESIOLOGY,OBC,,,MP__MP Round 1 Allotment.txt,2240,
MP,Madhya Pradesh,2025,R1,NEET_AIR,54697.0,RESEARCH CENTER INDORE,MS ORTHOPAEDICS,OBC,,,MP__MP Round 1 Allotment.txt,2242,
MP,Madhya Pradesh,2025,R1,NEET_AIR,54756.0,NOT ALLOTTED,NOT ALLOTTED NOT ALLOTTED NOT ALLOTTED NOT ALLOTTED,,,,MP__MP Round 1 Allotment.txt,2243,
MP,Madhya Pradesh,2025,R1,NEET_AIR,54763.0,NOT ALLOTTED,NOT ALLOTTED NOT ALLOTTED NOT ALLOTTED NOT ALLOTTED,,,,MP__MP Round 1 Allotment.txt,2244,
MP,Madhya Pradesh,2025,R1,NEET_AIR,54812.0,NOT ALLOTTED,NOT ALLOTTED NOT ALLOTTED NOT ALLOTTED NOT ALLOTTED,,,,MP__MP Round 1 Allotment.txt,2245,
MP,Madhya Pradesh,2025,R1,NEET_AIR,54862.0,NOT ALLOTTED,NOT ALLOTTED NOT ALLOTTED NOT ALLOTTED NOT ALLOTTED,,,,MP__MP Round 1 Allotment.txt,2246,
MP,Madhya Pradesh,2025,R1,NEET_AIR,54887.0,NOT ALLOTTED,NOT ALLOTTED NOT ALLOTTED NOT ALLOTTED NOT ALLOTTED,,,,MP__MP Round 1 Allotment.txt,2247,
MP,Madhya Pradesh,2025,R1,NEET_AIR,54897.0,NOT ALLOTTED,NOT ALLOTTED NOT ALLOTTED NOT ALLOTTED NOT ALLOTTED,,,,MP__MP Round 1 Allotment.txt,2248,
MP,Madhya Pradesh,2025,R1,NEET_AIR,54958.0,NOT ALLOTTED,NOT ALLOTTED NOT ALLOTTED NOT ALLOTTED NOT ALLOTTED,,,,MP__MP Round 1 Allotment.txt,2249,
MP,Madhya Pradesh,2025,R1,NEET_AIR,55027.0,BHOPAL,MD ANAESTHESIOLOGY,UR/X/OP,,,MP__MP Round 1 Allotment.txt,2251,
MP,Madhya Pradesh,2025,R1,NEET_AIR,55097.0,LN MEDICAL COLLEGE BHOPAL,MD GENERAL MEDICINE,SC,,,MP__MP Round 1 Allotment.txt,2252,
MP,Madhya Pradesh,2025,R1,NEET_AIR,55137.0,INDORE,MD PATHOLOGY,UR/X/OP,,,MP__MP Round 1 Allotment.txt,2254,
MP,Madhya Pradesh,2025,R1,NEET_AIR,55141.0,RESEARCH CENTRE BHOPAL,MS OTORHINOLARYNGOLOGY (ENT),UR/X/OP,,,MP__MP Round 1 Allotment.txt,2256,
MP,Madhya Pradesh,2025,R1,NEET_AIR,55151.0,NOT ALLOTTED,NOT ALLOTTED NOT ALLOTTED NOT ALLOTTED NOT ALLOTTED,,,,MP__MP Round 1 Allotment.txt,2257,
MP,Madhya Pradesh,2025,R1,NEET_AIR,55165.0,NOT ALLOTTED,NOT ALLOTTED NOT ALLOTTED NOT ALLOTTED NOT ALLOTTED,,,,MP__MP Round 1 Allotment.txt,2258,
MP,Madhya Pradesh,2025,R1,NEET_AIR,55182.0,NOT ALLOTTED,NOT ALLOTTED NOT ALLOTTED NOT ALLOTTED NOT ALLOTTED,,,,MP__MP Round 1 Allotment.txt,2259,
MP,Madhya Pradesh,2025,R1,NEET_AIR,55194.0,NOT ALLOTTED,NOT ALLOTTED NOT ALLOTTED NOT ALLOTTED NOT ALLOTTED,,,,MP__MP Round 1 Allotment.txt,2260,
MP,Madhya Pradesh,2025,R1,NEET_AIR,55209.0,NOT ALLOTTED,NOT ALLOTTED NOT ALLOTTED NOT ALLOTTED NOT ALLOTTED,,,,MP__MP Round 1 Allotment.txt,2261,
MP,Madhya Pradesh,2025,R1,NEET_AIR,55219.0,NOT ALLOTTED,NOT ALLOTTED NOT ALLOTTED NOT ALLOTTED NOT ALLOTTED,,,,MP__MP Round 1 Allotment.txt,2262,
MP,Madhya Pradesh,2025,R1,NEET_AIR,95164.0,GAJRA RAJA MEDICAL COLLEGE GWALIOR,MD RADIODIAGNOSIS,IN_SC/X/OP,,,MP__MP Round 1 Allotment.txt,2263,
MP,Madhya Pradesh,2025,R1,NEET_AIR,55298.0,NOT ALLOTTED,NOT ALLOTTED NOT ALLOTTED NOT ALLOTTED NOT ALLOTTED,,,,MP__MP Round 1 Allotment.txt,2264,
MP,Madhya Pradesh,2025,R1,NEET_AIR,55441.0,LN MEDICAL COLLEGE BHOPAL,MD ANAESTHESIOLOGY,UR/X/OP,,,MP__MP Round 1 Allotment.txt,2265,
MP,Madhya Pradesh,2025,R1,NEET_AIR,55447.0,NOT ALLOTTED,NOT ALLOTTED NOT ALLOTTED NOT ALLOTTED NOT ALLOTTED,,,,MP__MP Round 1 Allotment.txt,2266,
MP,Madhya Pradesh,2025,R1,NEET_AIR,55462.0,LN MEDICAL COLLEGE BHOPAL,MD ANAESTHESIOLOGY,UR/X/OP,,,MP__MP Round 1 Allotment.txt,2267,
MP,Madhya Pradesh,2025,R1,NEET_AIR,55488.0,NOT ALLOTTED,NOT ALLOTTED NOT ALLOTTED NOT ALLOTTED NOT ALLOTTED,,,,MP__MP Round 1 Allotment.txt,2268,
MP,Madhya Pradesh,2025,R1,NEET_AIR,55496.0,NOT ALLOTTED,NOT ALLOTTED NOT ALLOTTED NOT ALLOTTED NOT ALLOTTED,,,,MP__MP Round 1 Allotment.txt,2269,
MP,Madhya Pradesh,2025,R1,NEET_AIR,55502.0,NOT ALLOTTED,NOT ALLOTTED NOT ALLOTTED NOT ALLOTTED NOT ALLOTTED,,,,MP__MP Round 1 Allotment.txt,2270,
MP,Madhya Pradesh,2025,R1,NEET_AIR,55565.0,NOT ALLOTTED,NOT ALLOTTED NOT ALLOTTED NOT ALLOTTED NOT ALLOTTED,,,,MP__MP Round 1 Allotment.txt,2271,
MP,Madhya Pradesh,2025,R1,NEET_AIR,55593.0,NOT ALLOTTED,NOT ALLOTTED NOT ALLOTTED NOT ALLOTTED NOT ALLOTTED,,,,MP__MP Round 1 Allotment.txt,2272,
MP,Madhya Pradesh,2025,R1,NEET_AIR,55731.0,NOT ALLOTTED,NOT ALLOTTED NOT ALLOTTED NOT ALLOTTED NOT ALLOTTED,,,,MP__MP Round 1 Allotment.txt,2273,
MP,Madhya Pradesh,2025,R1,NEET_AIR,55765.0,NOT ALLOTTED,NOT ALLOTTED NOT ALLOTTED NOT ALLOTTED NOT ALLOTTED,,,,MP__MP Round 1 Allotment.txt,2274,
MP,Madhya Pradesh,2025,R1,NEET_AIR,55831.0,NOT ALLOTTED,NOT ALLOTTED NOT ALLOTTED NOT ALLOTTED NOT ALLOTTED,,,,MP__MP Round 1 Allotment.txt,2275,
MP,Madhya Pradesh,2025,R1,NEET_AIR,55845.0,BUNDELKHAND MEDICAL COLLEGE SAGAR,MD EMERGENCY MEDICINE,ST,,,MP__MP Round 1 Allotment.txt,2276,
MP,Madhya Pradesh,2025,R1,NEET_AIR,55952.0,NOT ALLOTTED,NOT ALLOTTED NOT ALLOTTED NOT ALLOTTED NOT ALLOTTED,,,,MP__MP Round 1 Allotment.txt,2277,
MP,Madhya Pradesh,2025,R1,NEET_AIR,55991.0,NOT ALLOTTED,NOT ALLOTTED NOT ALLOTTED NOT ALLOTTED NOT ALLOTTED,,,,MP__MP Round 1 Allotment.txt,2278,
MP,Madhya Pradesh,2025,R1,NEET_AIR,83957.0,NOT ALLOTTED,NOT ALLOTTED NOT ALLOTTED NOT ALLOTTED NOT ALLOTTED,,,,MP__MP Round 1 Allotment.txt,2279,
MP,Madhya Pradesh,2025,R1,NEET_AIR,56059.0,NOT ALLOTTED,NOT ALLOTTED NOT ALLOTTED NOT ALLOTTED NOT ALLOTTED,,,,MP__MP Round 1 Allotment.txt,2280,
MP,Madhya Pradesh,2025,R1,NEET_AIR,56072.0,NOT ALLOTTED,NOT ALLOTTED NOT ALLOTTED NOT ALLOTTED NOT ALLOTTED,,,,MP__MP Round 1 Allotment.txt,2281,
MP,Madhya Pradesh,2025,R1,NEET_AIR,56226.0,GANDHI MEDICAL COLLEGE BHOPAL,MD ANAESTHESIOLOGY,ST,,,MP__MP Round 1 Allotment.txt,2282,
MP,Madhya Pradesh,2025,R1,NEET_AIR,56285.0,NOT ALLOTTED,NOT ALLOTTED NOT ALLOTTED NOT ALLOTTED NOT ALLOTTED,,,,MP__MP Round 1 Allotment.txt,2283,
MP,Madhya Pradesh,2025,R1,NEET_AIR,56302.0,NOT ALLOTTED,NOT ALLOTTED NOT ALLOTTED NOT ALLOTTED NOT ALLOTTED,,,,MP__MP Round 1 Allotment.txt,2284,
MP,Madhya Pradesh,2025,R1,NEET_AIR,56327.0,BHOPAL,MD EMERGENCY MEDICINE,OBC,,,MP__MP Round 1 Allotment.txt,2286,
MP,Madhya Pradesh,2025,R1,NEET_AIR,56438.0,RESEARCH CENTER INDORE,MD ANAESTHESIOLOGY,UR/X/OP,,,MP__MP Round 1 Allotment.txt,2289,
MP,Madhya Pradesh,2025,R1,NEET_AIR,56473.0,INDORE,MD PAEDIATRICS,SC,,,MP__MP Round 1 Allotment.txt,2291,
MP,Madhya Pradesh,2025,R1,NEET_AIR,56509.0,NOT ALLOTTED,NOT ALLOTTED NOT ALLOTTED NOT ALLOTTED NOT ALLOTTED,,,,MP__MP Round 1 Allotment.txt,2292,
MP,Madhya Pradesh,2025,R1,NEET_AIR,56550.0,NOT ALLOTTED,NOT ALLOTTED NOT ALLOTTED NOT ALLOTTED NOT ALLOTTED,,,,MP__MP Round 1 Allotment.txt,2293,
MP,Madhya Pradesh,2025,R1,NEET_AIR,56666.0,NOT ALLOTTED,NOT ALLOTTED NOT ALLOTTED NOT ALLOTTED NOT ALLOTTED,,,,MP__MP Round 1 Allotment.txt,2294,
MP,Madhya Pradesh,2025,R1,NEET_AIR,56772.0,DEWAS,MS OPHTHALMOLOGY,OBC,,,MP__MP Round 1 Allotment.txt,2296,
MP,Madhya Pradesh,2025,R1,NEET_AIR,56778.0,NOT ALLOTTED,NOT ALLOTTED NOT ALLOTTED NOT ALLOTTED NOT ALLOTTED,,,,MP__MP Round 1 Allotment.txt,2297,
MP,Madhya Pradesh,2025,R1,NEET_AIR,56876.0,NOT ALLOTTED,NOT ALLOTTED NOT ALLOTTED NOT ALLOTTED NOT ALLOTTED,,,,MP__MP Round 1 Allotment.txt,2298,
MP,Madhya Pradesh,2025,R1,NEET_AIR,56951.0,NOT ALLOTTED,NOT ALLOTTED NOT ALLOTTED NOT ALLOTTED NOT ALLOTTED,,,,MP__MP Round 1 Allotment.txt,2299,
MP,Madhya Pradesh,2025,R1,NEET_AIR,56997.0,NOT ALLOTTED,NOT ALLOTTED NOT ALLOTTED NOT ALLOTTED NOT ALLOTTED,,,,MP__MP Round 1 Allotment.txt,2300,
MP,Madhya Pradesh,2025,R1,NEET_AIR,57005.0,RESEARCH CENTER INDORE,MD ANAESTHESIOLOGY,UR/X/OP,,,MP__MP Round 1 Allotment.txt,2302,
MP,Madhya Pradesh,2025,R1,NEET_AIR,57138.0,NOT ALLOTTED,NOT ALLOTTED NOT ALLOTTED NOT ALLOTTED NOT ALLOTTED,,,,MP__MP Round 1 Allotment.txt,2303,
MP,Madhya Pradesh,2025,R1,NEET_AIR,57169.0,NOT ALLOTTED,NOT ALLOTTED NOT ALLOTTED NOT ALLOTTED NOT ALLOTTED,,,,MP__MP Round 1 Allotment.txt,2304,
MP,Madhya Pradesh,2025,R1,NEET_AIR,57249.0,NOT ALLOTTED,NOT ALLOTTED NOT ALLOTTED NOT ALLOTTED NOT ALLOTTED,,,,MP__MP Round 1 Allotment.txt,2305,
MP,Madhya Pradesh,2025,R1,NEET_AIR,57256.0,NOT ALLOTTED,NOT ALLOTTED NOT ALLOTTED NOT ALLOTTED NOT ALLOTTED,,,,MP__MP Round 1 Allotment.txt,2306,
MP,Madhya Pradesh,2025,R1,NEET_AIR,57282.0,NOT ALLOTTED,NOT ALLOTTED NOT ALLOTTED NOT ALLOTTED NOT ALLOTTED,,,,MP__MP Round 1 Allotment.txt,2307,
MP,Madhya Pradesh,2025,R1,NEET_AIR,57339.0,NOT ALLOTTED,NOT ALLOTTED NOT ALLOTTED NOT ALLOTTED NOT ALLOTTED,,,,MP__MP Round 1 Allotment.txt,2308,
MP,Madhya Pradesh,2025,R1,NEET_AIR,57430.0,NOT ALLOTTED,NOT ALLOTTED NOT ALLOTTED NOT ALLOTTED NOT ALLOTTED,,,,MP__MP Round 1 Allotment.txt,2309,
MP,Madhya Pradesh,2025,R1,NEET_AIR,57442.0,NOT ALLOTTED,NOT ALLOTTED NOT ALLOTTED NOT ALLOTTED NOT ALLOTTED,,,,MP__MP Round 1 Allotment.txt,2310,
MP,Madhya Pradesh,2025,R1,NEET_AIR,57453.0,NOT ALLOTTED,NOT ALLOTTED NOT ALLOTTED NOT ALLOTTED NOT ALLOTTED,,,,MP__MP Round 1 Allotment.txt,2311,
MP,Madhya Pradesh,2025,R1,NEET_AIR,57466.0,INDORE,MS OBSTETRICS AND GYNAECOLOGY,SC,,,MP__MP Round 1 Allotment.txt,2313,
MP,Madhya Pradesh,2025,R1,NEET_AIR,57476.0,NOT ALLOTTED,NOT ALLOTTED NOT ALLOTTED NOT ALLOTTED NOT ALLOTTED,,,,MP__MP Round 1 Allotment.txt,2314,
MP,Madhya Pradesh,2025,R1,NEET_AIR,57486.0,RD GARDI MEDICAL COLLEGE UJJAIN,MD PATHOLOGY,UR/X/OP,,,MP__MP Round 1 Allotment.txt,2315,
MP,Madhya Pradesh,2025,R1,NEET_AIR,57499.0,NOT ALLOTTED,NOT ALLOTTED NOT ALLOTTED NOT ALLOTTED NOT ALLOTTED,,,,MP__MP Round 1 Allotment.txt,2316,
MP,Madhya Pradesh,2025,R1,NEET_AIR,57522.0,GANDHI MEDICAL COLLEGE BHOPAL,MD TOXICOLOGY,INST/UR/X/OP,,,MP__MP Round 1 Allotment.txt,2318,
MP,Madhya Pradesh,2025,R1,NEET_AIR,57593.0,RD GARDI MEDICAL COLLEGE UJJAIN,MD PATHOLOGY,UR/X/OP,,,MP__MP Round 1 Allotment.txt,2319,
MP,Madhya Pradesh,2025,R1,NEET_AIR,57662.0,NOT ALLOTTED,NOT ALLOTTED NOT ALLOTTED,NOT ALLOTTED,,,MP__MP Round 1 Allotment.txt,2320,
MP,Madhya Pradesh,2025,R1,NEET_AIR,57718.0,NOT ALLOTTED,NOT ALLOTTED NOT ALLOTTED,NOT ALLOTTED,,,MP__MP Round 1 Allotment.txt,2321,
MP,Madhya Pradesh,2025,R1,NEET_AIR,57763.0,NOT ALLOTTED,NOT ALLOTTED NOT ALLOTTED,NOT ALLOTTED,,,MP__MP Round 1 Allotment.txt,2322,
MP,Madhya Pradesh,2025,R1,NEET_AIR,57765.0,GANDHI MEDICAL COLLEGE BHOPAL,MS GENERAL SURGERY,ST,,,MP__MP Round 1 Allotment.txt,2323,
MP,Madhya Pradesh,2025,R1,NEET_AIR,57776.0,LN MEDICAL COLLEGE BHOPAL,MD ANAESTHESIOLOGY,INST/UR/X/OP,,,MP__MP Round 1 Allotment.txt,2324,
MP,Madhya Pradesh,2025,R1,NEET_AIR,97603.0,GANDHI MEDICAL COLLEGE BHOPAL,MD PAEDIATRICS,IN_OBC/X/OP,,,MP__MP Round 1 Allotment.txt,2325,
MP,Madhya Pradesh,2025,R1,NEET_AIR,58046.0,NOT ALLOTTED,NOT ALLOTTED NOT ALLOTTED,NOT ALLOTTED,,,MP__MP Round 1 Allotment.txt,2326,
MP,Madhya Pradesh,2025,R1,NEET_AIR,58067.0,NOT ALLOTTED,NOT ALLOTTED NOT ALLOTTED,NOT ALLOTTED,,,MP__MP Round 1 Allotment.txt,2327,
MP,Madhya Pradesh,2025,R1,NEET_AIR,58093.0,GAJRA RAJA MEDICAL COLLEGE GWALIOR,MS GENERAL SURGERY,ST,,,MP__MP Round 1 Allotment.txt,2328,
MP,Madhya Pradesh,2025,R1,NEET_AIR,58125.0,NOT ALLOTTED,NOT ALLOTTED NOT ALLOTTED,NOT ALLOTTED,,,MP__MP Round 1 Allotment.txt,2329,
MP,Madhya Pradesh,2025,R1,NEET_AIR,58157.0,NOT ALLOTTED,NOT ALLOTTED NOT ALLOTTED,NOT ALLOTTED,,,MP__MP Round 1 Allotment.txt,2330,
MP,Madhya Pradesh,2025,R1,NEET_AIR,58189.0,NOT ALLOTTED,NOT ALLOTTED NOT ALLOTTED,NOT ALLOTTED,,,MP__MP Round 1 Allotment.txt,2331,
MP,Madhya Pradesh,2025,R1,NEET_AIR,58210.0,NOT ALLOTTED,NOT ALLOTTED NOT ALLOTTED,NOT ALLOTTED,,,MP__MP Round 1 Allotment.txt,2332,
MP,Madhya Pradesh,2025,R1,NEET_AIR,405.0,NOT ALLOTTED,NOT ALLOTTED NOT ALLOTTED,,,,MP__MP Round 1 Allotment.txt,2343,
MP,Madhya Pradesh,2025,R1,NEET_AIR,404.0,NOT ALLOTTED,NOT ALLOTTED NOT ALLOTTED,,,,MP__MP Round 1 Allotment.txt,2347,
MP,Madhya Pradesh,2025,R1,NEET_AIR,58517.0,RESEARCH CENTER INDORE,MD ANAESTHESIOLOGY,UR/X/OP,,,MP__MP Round 1 Allotment.txt,2350,
MP,Madhya Pradesh,2025,R1,NEET_AIR,58521.0,NOT ALLOTTED,NOT ALLOTTED NOT ALLOTTED,NOT ALLOTTED,,,MP__MP Round 1 Allotment.txt,2351,
MP,Madhya Pradesh,2025,R1,NEET_AIR,58533.0,NOT ALLOTTED,NOT ALLOTTED NOT ALLOTTED,NOT ALLOTTED,,,MP__MP Round 1 Allotment.txt,2352,
MP,Madhya Pradesh,2025,R1,NEET_AIR,58590.0,NOT ALLOTTED,NOT ALLOTTED NOT ALLOTTED,NOT ALLOTTED,,,MP__MP Round 1 Allotment.txt,2353,
MP,Madhya Pradesh,2025,R1,NEET_AIR,58597.0,GAJRA RAJA MEDICAL COLLEGE GWALIOR,MD PATHOLOGY,SC,,,MP__MP Round 1 Allotment.txt,2354,
MP,Madhya Pradesh,2025,R1,NEET_AIR,58614.0,NOT ALLOTTED,NOT ALLOTTED NOT ALLOTTED,NOT ALLOTTED,,,MP__MP Round 1 Allotment.txt,2355,
MP,Madhya Pradesh,2025,R1,NEET_AIR,58639.0,NOT ALLOTTED,NOT ALLOTTED NOT ALLOTTED,NOT ALLOTTED,,,MP__MP Round 1 Allotment.txt,2356,
MP,Madhya Pradesh,2025,R1,NEET_AIR,58640.0,NOT ALLOTTED,NOT ALLOTTED NOT ALLOTTED,NOT ALLOTTED,,,MP__MP Round 1 Allotment.txt,2357,
MP,Madhya Pradesh,2025,R1,NEET_AIR,58669.0,NOT ALLOTTED,NOT ALLOTTED NOT ALLOTTED,NOT ALLOTTED,,,MP__MP Round 1 Allotment.txt,2358,
MP,Madhya Pradesh,2025,R1,NEET_AIR,58757.0,NOT ALLOTTED,NOT ALLOTTED NOT ALLOTTED,NOT ALLOTTED,,,MP__MP Round 1 Allotment.txt,2359,
MP,Madhya Pradesh,2025,R1,NEET_AIR,58803.0,NOT ALLOTTED,NOT ALLOTTED NOT ALLOTTED,NOT ALLOTTED,,,MP__MP Round 1 Allotment.txt,2360,
MP,Madhya Pradesh,2025,R1,NEET_AIR,58930.0,NOT ALLOTTED,NOT ALLOTTED NOT ALLOTTED,NOT ALLOTTED,,,MP__MP Round 1 Allotment.txt,2361,
MP,Madhya Pradesh,2025,R1,NEET_AIR,58941.0,INDORE,MD GENERAL MEDICINE,SC,,,MP__MP Round 1 Allotment.txt,2363,
MP,Madhya Pradesh,2025,R1,NEET_AIR,59012.0,RESEARCH CENTRE BHOPAL,MD ANAESTHESIOLOGY,UR/X/OP,,,MP__MP Round 1 Allotment.txt,2365,
MP,Madhya Pradesh,2025,R1,NEET_AIR,59029.0,BHOPAL,MD ANAESTHESIOLOGY,INST/UR/X/OP,,,MP__MP Round 1 Allotment.txt,2367,
MP,Madhya Pradesh,2025,R1,NEET_AIR,98629.0,COLLEGE INDORE,MS OBSTETRICS AND GYNAECOLOGY Clinical,,,,MP__MP Round 1 Allotment.txt,2369,
MP,Madhya Pradesh,2025,R1,NEET_AIR,73711.0,NOT ALLOTTED,NOT ALLOTTED NOT ALLOTTED NOT ALLOTTED NOT ALLOTTED,,,,MP__MP Round 1 Allotment.txt,2370,
MP,Madhya Pradesh,2025,R1,NEET_AIR,59173.0,DEWAS,MD ANAESTHESIOLOGY,INST/UR/X/OP,,,MP__MP Round 1 Allotment.txt,2372,
MP,Madhya Pradesh,2025,R1,NEET_AIR,59255.0,GANDHI MEDICAL COLLEGE BHOPAL,MD TOXICOLOGY,INST/UR/X/OP,,,MP__MP Round 1 Allotment.txt,2374,
MP,Madhya Pradesh,2025,R1,NEET_AIR,59281.0,NOT ALLOTTED,NOT ALLOTTED NOT ALLOTTED,NOT ALLOTTED,,,MP__MP Round 1 Allotment.txt,2375,
MP,Madhya Pradesh,2025,R1,NEET_AIR,59314.0,NOT ALLOTTED,NOT ALLOTTED NOT ALLOTTED,NOT ALLOTTED,,,MP__MP Round 1 Allotment.txt,2376,
MP,Madhya Pradesh,2025,R1,NEET_AIR,59447.0,NOT ALLOTTED,NOT ALLOTTED NOT ALLOTTED,NOT ALLOTTED,,,MP__MP Round 1 Allotment.txt,2377,
MP,Madhya Pradesh,2025,R1,NEET_AIR,59448.0,NOT ALLOTTED,NOT ALLOTTED NOT ALLOTTED,NOT ALLOTTED,,,MP__MP Round 1 Allotment.txt,2378,
MP,Madhya Pradesh,2025,R1,NEET_AIR,59485.0,NOT ALLOTTED,NOT ALLOTTED NOT ALLOTTED,NOT ALLOTTED,,,MP__MP Round 1 Allotment.txt,2379,
MP,Madhya Pradesh,2025,R1,NEET_AIR,59500.0,NOT ALLOTTED,NOT ALLOTTED NOT ALLOTTED,NOT ALLOTTED,,,MP__MP Round 1 Allotment.txt,2380,
MP,Madhya Pradesh,2025,R1,NEET_AIR,59537.0,NOT ALLOTTED,NOT ALLOTTED NOT ALLOTTED,NOT ALLOTTED,,,MP__MP Round 1 Allotment.txt,2381,
MP,Madhya Pradesh,2025,R1,NEET_AIR,98822.0,COLLEGE INDORE,MS ORTHOPAEDICS,IN_UR/X/OP,,,MP__MP Round 1 Allotment.txt,2383,
MP,Madhya Pradesh,2025,R1,NEET_AIR,59607.0,INDORE,MD GENERAL MEDICINE,SC,,,MP__MP Round 1 Allotment.txt,2385,
MP,Madhya Pradesh,2025,R1,NEET_AIR,59631.0,NOT ALLOTTED,NOT ALLOTTED NOT ALLOTTED,NOT ALLOTTED,,,MP__MP Round 1 Allotment.txt,2386,
MP,Madhya Pradesh,2025,R1,NEET_AIR,59669.0,NOT ALLOTTED,NOT ALLOTTED NOT ALLOTTED,NOT ALLOTTED,,,MP__MP Round 1 Allotment.txt,2387,
MP,Madhya Pradesh,2025,R1,NEET_AIR,59687.0,NOT ALLOTTED,NOT ALLOTTED NOT ALLOTTED,NOT ALLOTTED,,,MP__MP Round 1 Allotment.txt,2388,
MP,Madhya Pradesh,2025,R1,NEET_AIR,59750.0,NOT ALLOTTED,NOT ALLOTTED NOT ALLOTTED,NOT ALLOTTED,,,MP__MP Round 1 Allotment.txt,2389,
MP,Madhya Pradesh,2025,R1,NEET_AIR,59773.0,NOT ALLOTTED,NOT ALLOTTED NOT ALLOTTED,NOT ALLOTTED,,,MP__MP Round 1 Allotment.txt,2390,
MP,Madhya Pradesh,2025,R1,NEET_AIR,59818.0,NOT ALLOTTED,NOT ALLOTTED NOT ALLOTTED,NOT ALLOTTED,,,MP__MP Round 1 Allotment.txt,2391,
MP,Madhya Pradesh,2025,R1,NEET_AIR,59886.0,MEDICAL COLLEGE KHANDWA,MD COMMUNITY MEDICINE,SC,,,MP__MP Round 1 Allotment.txt,2393,
MP,Madhya Pradesh,2025,R1,NEET_AIR,59900.0,NOT ALLOTTED,NOT ALLOTTED NOT ALLOTTED,NOT ALLOTTED,,,MP__MP Round 1 Allotment.txt,2394,
MP,Madhya Pradesh,2025,R1,NEET_AIR,59941.0,NOT ALLOTTED,NOT ALLOTTED NOT ALLOTTED,NOT ALLOTTED,,,MP__MP Round 1 Allotment.txt,2395,
MP,Madhya Pradesh,2025,R1,NEET_AIR,59965.0,NOT ALLOTTED,NOT ALLOTTED NOT ALLOTTED,NOT ALLOTTED,,,MP__MP Round 1 Allotment.txt,2396,
MP,Madhya Pradesh,2025,R1,NEET_AIR,59972.0,NOT ALLOTTED,NOT ALLOTTED NOT ALLOTTED,NOT ALLOTTED,,,MP__MP Round 1 Allotment.txt,2397,
MP,Madhya Pradesh,2025,R1,NEET_AIR,59983.0,NOT ALLOTTED,NOT ALLOTTED NOT ALLOTTED,NOT ALLOTTED,,,MP__MP Round 1 Allotment.txt,2398,
MP,Madhya Pradesh,2025,R1,NEET_AIR,59991.0,NOT ALLOTTED,NOT ALLOTTED NOT ALLOTTED,NOT ALLOTTED,,,MP__MP Round 1 Allotment.txt,2399,
MP,Madhya Pradesh,2025,R1,NEET_AIR,60010.0,NOT ALLOTTED,NOT ALLOTTED NOT ALLOTTED,NOT ALLOTTED,,,MP__MP Round 1 Allotment.txt,2400,
MP,Madhya Pradesh,2025,R1,NEET_AIR,60016.0,PEOPLES COLLEGE OF MEDICAL SCIENCE BHOPAL,MD ANAESTHESIOLOGY,INST/UR/X/OP,,,MP__MP Round 1 Allotment.txt,2402,
MP,Madhya Pradesh,2025,R1,NEET_AIR,60152.0,BHOPAL,MD ANAESTHESIOLOGY,INST/UR/X/OP,,,MP__MP Round 1 Allotment.txt,2406,
MP,Madhya Pradesh,2025,R1,NEET_AIR,60210.0,NOT ALLOTTED,NOT ALLOTTED NOT ALLOTTED NOT ALLOTTED NOT ALLOTTED,,,,MP__MP Round 1 Allotment.txt,2407,
MP,Madhya Pradesh,2025,R1,NEET_AIR,60298.0,NOT ALLOTTED,NOT ALLOTTED NOT ALLOTTED NOT ALLOTTED NOT ALLOTTED,,,,MP__MP Round 1 Allotment.txt,2408,
MP,Madhya Pradesh,2025,R1,NEET_AIR,60414.0,NOT ALLOTTED,NOT ALLOTTED NOT ALLOTTED NOT ALLOTTED NOT ALLOTTED,,,,MP__MP Round 1 Allotment.txt,2409,
MP,Madhya Pradesh,2025,R1,NEET_AIR,60417.0,NOT ALLOTTED,NOT ALLOTTED NOT ALLOTTED NOT ALLOTTED NOT ALLOTTED,,,,MP__MP Round 1 Allotment.txt,2410,
MP,Madhya Pradesh,2025,R1,NEET_AIR,60435.0,NOT ALLOTTED,NOT ALLOTTED NOT ALLOTTED NOT ALLOTTED NOT ALLOTTED,,,,MP__MP Round 1 Allotment.txt,2411,
MP,Madhya Pradesh,2025,R1,NEET_AIR,60471.0,NOT ALLOTTED,NOT ALLOTTED NOT ALLOTTED NOT ALLOTTED NOT ALLOTTED,,,,MP__MP Round 1 Allotment.txt,2412,
MP,Madhya Pradesh,2025,R1,NEET_AIR,60476.0,SHYAM SHAH MEDICAL COLLEGE REWA,MS GENERAL SURGERY,ST,,,MP__MP Round 1 Allotment.txt,2413,
MP,Madhya Pradesh,2025,R1,NEET_AIR,60618.0,NOT ALLOTTED,NOT ALLOTTED NOT ALLOTTED NOT ALLOTTED NOT ALLOTTED,,,,MP__MP Round 1 Allotment.txt,2414,
MP,Madhya Pradesh,2025,R1,NEET_AIR,60621.0,RESEARCH CENTER INDORE,MS OTORHINOLARYNGOLOGY (ENT),INST/UR/X/OP,,,MP__MP Round 1 Allotment.txt,2416,
MP,Madhya Pradesh,2025,R1,NEET_AIR,60622.0,NOT ALLOTTED,NOT ALLOTTED NOT ALLOTTED NOT ALLOTTED NOT ALLOTTED,,,,MP__MP Round 1 Allotment.txt,2417,
MP,Madhya Pradesh,2025,R1,NEET_AIR,60742.0,NOT ALLOTTED,NOT ALLOTTED NOT ALLOTTED NOT ALLOTTED NOT ALLOTTED,,,,MP__MP Round 1 Allotment.txt,2418,
MP,Madhya Pradesh,2025,R1,NEET_AIR,60837.0,NOT ALLOTTED,NOT ALLOTTED NOT ALLOTTED NOT ALLOTTED NOT ALLOTTED,,,,MP__MP Round 1 Allotment.txt,2419,
MP,Madhya Pradesh,2025,R1,NEET_AIR,60860.0,NOT ALLOTTED,NOT ALLOTTED NOT ALLOTTED NOT ALLOTTED NOT ALLOTTED,,,,MP__MP Round 1 Allotment.txt,2420,
MP,Madhya Pradesh,2025,R1,NEET_AIR,398.0,PATHOLOGY,Private Non Clinical,,,,MP__MP Round 1 Allotment.txt,2422,
MP,Madhya Pradesh,2025,R1,NEET_AIR,306.0,GENERAL MEDICINE,Govt Clinical,,,,MP__MP Round 1 Allotment.txt,2425,
MP,Madhya Pradesh,2025,R1,NEET_AIR,397.0,PATHOLOGY,Govt Non Clinical,,,,MP__MP Round 1 Allotment.txt,2429,
MP,Madhya Pradesh,2025,R1,NEET_AIR,61261.0,RESEARCH CENTER INDORE,MD ANAESTHESIOLOGY,UR/X/OP,,,MP__MP Round 1 Allotment.txt,2436,
MP,Madhya Pradesh,2025,R1,NEET_AIR,61283.0,NOT ALLOTTED,NOT ALLOTTED NOT ALLOTTED NOT ALLOTTED NOT ALLOTTED,,,,MP__MP Round 1 Allotment.txt,2437,
MP,Madhya Pradesh,2025,R1,NEET_AIR,61287.0,NOT ALLOTTED,NOT ALLOTTED NOT ALLOTTED NOT ALLOTTED NOT ALLOTTED,,,,MP__MP Round 1 Allotment.txt,2438,
MP,Madhya Pradesh,2025,R1,NEET_AIR,61369.0,NOT ALLOTTED,NOT ALLOTTED NOT ALLOTTED NOT ALLOTTED NOT ALLOTTED,,,,MP__MP Round 1 Allotment.txt,2439,
MP,Madhya Pradesh,2025,R1,NEET_AIR,61394.0,NOT ALLOTTED,NOT ALLOTTED NOT ALLOTTED NOT ALLOTTED NOT ALLOTTED,,,,MP__MP Round 1 Allotment.txt,2440,
MP,Madhya Pradesh,2025,R1,NEET_AIR,61396.0,NOT ALLOTTED,NOT ALLOTTED NOT ALLOTTED NOT ALLOTTED NOT ALLOTTED,,,,MP__MP Round 1 Allotment.txt,2441,
MP,Madhya Pradesh,2025,R1,NEET_AIR,61469.0,NOT ALLOTTED,NOT ALLOTTED NOT ALLOTTED NOT ALLOTTED NOT ALLOTTED,,,,MP__MP Round 1 Allotment.txt,2442,
MP,Madhya Pradesh,2025,R1,NEET_AIR,61509.0,NOT ALLOTTED,NOT ALLOTTED NOT ALLOTTED NOT ALLOTTED NOT ALLOTTED,,,,MP__MP Round 1 Allotment.txt,2443,
MP,Madhya Pradesh,2025,R1,NEET_AIR,61640.0,GANDHI MEDICAL COLLEGE BHOPAL,MD ANAESTHESIOLOGY,ST,,,MP__MP Round 1 Allotment.txt,2444,
MP,Madhya Pradesh,2025,R1,NEET_AIR,61702.0,NOT ALLOTTED,NOT ALLOTTED NOT ALLOTTED NOT ALLOTTED NOT ALLOTTED,,,,MP__MP Round 1 Allotment.txt,2445,
MP,Madhya Pradesh,2025,R1,NEET_AIR,61728.0,NOT ALLOTTED,NOT ALLOTTED NOT ALLOTTED NOT ALLOTTED NOT ALLOTTED,,,,MP__MP Round 1 Allotment.txt,2446,
MP,Madhya Pradesh,2025,R1,NEET_AIR,61782.0,NOT ALLOTTED,NOT ALLOTTED NOT ALLOTTED NOT ALLOTTED NOT ALLOTTED,,,,MP__MP Round 1 Allotment.txt,2447,
MP,Madhya Pradesh,2025,R1,NEET_AIR,61932.0,INDORE,MD PATHOLOGY,,,,MP__MP Round 1 Allotment.txt,2449,
MP,Madhya Pradesh,2025,R1,NEET_AIR,62020.0,PEOPLES COLLEGE OF MEDICAL SCIENCE BHOPAL,MD ANAESTHESIOLOGY,OBC,,,MP__MP Round 1 Allotment.txt,2452,
MP,Madhya Pradesh,2025,R1,NEET_AIR,62080.0,COLLEGE VIDISHA,MD PATHOLOGY,SC,,,MP__MP Round 1 Allotment.txt,2455,
MP,Madhya Pradesh,2025,R1,NEET_AIR,62128.0,NOT ALLOTTED,NOT ALLOTTED NOT ALLOTTED NOT ALLOTTED NOT ALLOTTED,,,,MP__MP Round 1 Allotment.txt,2456,
MP,Madhya Pradesh,2025,R1,NEET_AIR,62142.0,LN MEDICAL COLLEGE BHOPAL,MD ANAESTHESIOLOGY,INST/UR/X/OP,,,MP__MP Round 1 Allotment.txt,2457,
MP,Madhya Pradesh,2025,R1,NEET_AIR,62195.0,NOT ALLOTTED,NOT ALLOTTED NOT ALLOTTED NOT ALLOTTED NOT ALLOTTED,,,,MP__MP Round 1 Allotment.txt,2458,
MP,Madhya Pradesh,2025,R1,NEET_AIR,62215.0,NOT ALLOTTED,NOT ALLOTTED NOT ALLOTTED NOT ALLOTTED NOT ALLOTTED,,,,MP__MP Round 1 Allotment.txt,2459,
MP,Madhya Pradesh,2025,R1,NEET_AIR,62229.0,NOT ALLOTTED,NOT ALLOTTED NOT ALLOTTED NOT ALLOTTED NOT ALLOTTED,,,,MP__MP Round 1 Allotment.txt,2460,
MP,Madhya Pradesh,2025,R1,NEET_AIR,62291.0,GOVERMENT MEDICAL COLLEGE RATLAM,MS GENERAL SURGERY,ST,,,MP__MP Round 1 Allotment.txt,2461,
MP,Madhya Pradesh,2025,R1,NEET_AIR,62320.0,NOT ALLOTTED,NOT ALLOTTED NOT ALLOTTED NOT ALLOTTED NOT ALLOTTED,,,,MP__MP Round 1 Allotment.txt,2462,
MP,Madhya Pradesh,2025,R1,NEET_AIR,62329.0,NOT ALLOTTED,NOT ALLOTTED NOT ALLOTTED NOT ALLOTTED NOT ALLOTTED,,,,MP__MP Round 1 Allotment.txt,2463,
MP,Madhya Pradesh,2025,R1,NEET_AIR,62336.0,NOT ALLOTTED,NOT ALLOTTED NOT ALLOTTED NOT ALLOTTED NOT ALLOTTED,,,,MP__MP Round 1 Allotment.txt,2464,
MP,Madhya Pradesh,2025,R1,NEET_AIR,62364.0,NOT ALLOTTED,NOT ALLOTTED NOT ALLOTTED NOT ALLOTTED NOT ALLOTTED,,,,MP__MP Round 1 Allotment.txt,2465,
MP,Madhya Pradesh,2025,R1,NEET_AIR,89680.0,NOT ALLOTTED,NOT ALLOTTED NOT ALLOTTED NOT ALLOTTED NOT ALLOTTED,,,,MP__MP Round 1 Allotment.txt,2466,
MP,Madhya Pradesh,2025,R1,NEET_AIR,62386.0,NOT ALLOTTED,NOT ALLOTTED NOT ALLOTTED NOT ALLOTTED NOT ALLOTTED,,,,MP__MP Round 1 Allotment.txt,2467,
MP,Madhya Pradesh,2025,R1,NEET_AIR,62399.0,NOT ALLOTTED,NOT ALLOTTED NOT ALLOTTED NOT ALLOTTED NOT ALLOTTED,,,,MP__MP Round 1 Allotment.txt,2468,
MP,Madhya Pradesh,2025,R1,NEET_AIR,62407.0,NOT ALLOTTED,NOT ALLOTTED NOT ALLOTTED NOT ALLOTTED NOT ALLOTTED,,,,MP__MP Round 1 Allotment.txt,2469,
MP,Madhya Pradesh,2025,R1,NEET_AIR,62416.0,RESEARCH CENTRE BHOPAL,MS OTORHINOLARYNGOLOGY (ENT),INST/UR/X/OP,,,MP__MP Round 1 Allotment.txt,2471,
MP,Madhya Pradesh,2025,R1,NEET_AIR,62459.0,RD GARDI MEDICAL COLLEGE UJJAIN,MD PATHOLOGY,UR/X/OP,,,MP__MP Round 1 Allotment.txt,2472,
MP,Madhya Pradesh,2025,R1,NEET_AIR,62487.0,NOT ALLOTTED,NOT ALLOTTED NOT ALLOTTED NOT ALLOTTED NOT ALLOTTED,,,,MP__MP Round 1 Allotment.txt,2473,
MP,Madhya Pradesh,2025,R1,NEET_AIR,62506.0,NOT ALLOTTED,NOT ALLOTTED NOT ALLOTTED NOT ALLOTTED NOT ALLOTTED,,,,MP__MP Round 1 Allotment.txt,2474,
MP,Madhya Pradesh,2025,R1,NEET_AIR,62590.0,NOT ALLOTTED,NOT ALLOTTED NOT ALLOTTED NOT ALLOTTED NOT ALLOTTED,,,,MP__MP Round 1 Allotment.txt,2475,
MP,Madhya Pradesh,2025,R1,NEET_AIR,62616.0,NOT ALLOTTED,NOT ALLOTTED NOT ALLOTTED NOT ALLOTTED NOT ALLOTTED,,,,MP__MP Round 1 Allotment.txt,2476,
MP,Madhya Pradesh,2025,R1,NEET_AIR,62751.0,INDORE,MS GENERAL SURGERY,OBC,,,MP__MP Round 1 Allotment.txt,2490,
MP,Madhya Pradesh,2025,R1,NEET_AIR,62765.0,NOT ALLOTTED,NOT ALLOTTED NOT ALLOTTED NOT ALLOTTED NOT ALLOTTED,,,,MP__MP Round 1 Allotment.txt,2491,
MP,Madhya Pradesh,2025,R1,NEET_AIR,62804.0,NOT ALLOTTED,NOT ALLOTTED NOT ALLOTTED NOT ALLOTTED NOT ALLOTTED,,,,MP__MP Round 1 Allotment.txt,2492,
MP,Madhya Pradesh,2025,R1,NEET_AIR,62900.0,NOT ALLOTTED,NOT ALLOTTED NOT ALLOTTED NOT ALLOTTED NOT ALLOTTED,,,,MP__MP Round 1 Allotment.txt,2493,
MP,Madhya Pradesh,2025,R1,NEET_AIR,62974.0,NOT ALLOTTED,NOT ALLOTTED NOT ALLOTTED NOT ALLOTTED NOT ALLOTTED,,,,MP__MP Round 1 Allotment.txt,2494,
MP,Madhya Pradesh,2025,R1,NEET_AIR,63010.0,NOT ALLOTTED,NOT ALLOTTED NOT ALLOTTED NOT ALLOTTED NOT ALLOTTED,,,,MP__MP Round 1 Allotment.txt,2495,
MP,Madhya Pradesh,2025,R1,NEET_AIR,63012.0,NOT ALLOTTED,NOT ALLOTTED NOT ALLOTTED NOT ALLOTTED NOT ALLOTTED,,,,MP__MP Round 1 Allotment.txt,2496,
MP,Madhya Pradesh,2025,R1,NEET_AIR,393.0,OBSTETRICS AND GYNAECOLOGY,Private Clinical,,,,MP__MP Round 1 Allotment.txt,2498,
MP,Madhya Pradesh,2025,R1,NEET_AIR,63169.0,RESEARCH CENTER INDORE,MD ANAESTHESIOLOGY,UR/X/OP,,,MP__MP Round 1 Allotment.txt,2503,
MP,Madhya Pradesh,2025,R1,NEET_AIR,63174.0,NOT ALLOTTED,NOT ALLOTTED NOT ALLOTTED NOT ALLOTTED NOT ALLOTTED,,,,MP__MP Round 1 Allotment.txt,2504,
MP,Madhya Pradesh,2025,R1,NEET_AIR,63188.0,NOT ALLOTTED,NOT ALLOTTED NOT ALLOTTED NOT ALLOTTED NOT ALLOTTED,,,,MP__MP Round 1 Allotment.txt,2505,
MP,Madhya Pradesh,2025,R1,NEET_AIR,63198.0,NOT ALLOTTED,NOT ALLOTTED NOT ALLOTTED NOT ALLOTTED NOT ALLOTTED,,,,MP__MP Round 1 Allotment.txt,2506,
MP,Madhya Pradesh,2025,R1,NEET_AIR,63301.0,NOT ALLOTTED,NOT ALLOTTED NOT ALLOTTED NOT ALLOTTED NOT ALLOTTED,,,,MP__MP Round 1 Allotment.txt,2507,
MP,Madhya Pradesh,2025,R1,NEET_AIR,63316.0,GANDHI MEDICAL COLLEGE BHOPAL,MD ANAESTHESIOLOGY,ST,,,MP__MP Round 1 Allotment.txt,2508,
MP,Madhya Pradesh,2025,R1,NEET_AIR,63330.0,GANDHI MEDICAL COLLEGE BHOPAL,MD PSYCHIATRY,ST,,,MP__MP Round 1 Allotment.txt,2509,
MP,Madhya Pradesh,2025,R1,NEET_AIR,63360.0,NOT ALLOTTED,NOT ALLOTTED NOT ALLOTTED NOT ALLOTTED NOT ALLOTTED,,,,MP__MP Round 1 Allotment.txt,2510,
MP,Madhya Pradesh,2025,R1,NEET_AIR,63383.0,NOT ALLOTTED,NOT ALLOTTED NOT ALLOTTED NOT ALLOTTED NOT ALLOTTED,,,,MP__MP Round 1 Allotment.txt,2511,
MP,Madhya Pradesh,2025,R1,NEET_AIR,63390.0,NOT ALLOTTED,NOT ALLOTTED NOT ALLOTTED NOT ALLOTTED NOT ALLOTTED,,,,MP__MP Round 1 Allotment.txt,2512,
MP,Madhya Pradesh,2025,R1,NEET_AIR,63398.0,PEOPLES COLLEGE OF MEDICAL SCIENCE BHOPAL,MS OTORHINOLARYNGOLOGY (ENT),OBC,,,MP__MP Round 1 Allotment.txt,2514,
MP,Madhya Pradesh,2025,R1,NEET_AIR,63458.0,COLLEGE JABALPUR,MD MICROBIOLOGY,,,,MP__MP Round 1 Allotment.txt,2517,
MP,Madhya Pradesh,2025,R1,NEET_AIR,63749.0,INDORE,MS GENERAL SURGERY,OBC,,,MP__MP Round 1 Allotment.txt,2520,
MP,Madhya Pradesh,2025,R1,NEET_AIR,63807.0,NOT ALLOTTED,NOT ALLOTTED NOT ALLOTTED NOT ALLOTTED NOT ALLOTTED,,,,MP__MP Round 1 Allotment.txt,2521,
MP,Madhya Pradesh,2025,R1,NEET_AIR,63849.0,NOT ALLOTTED,NOT ALLOTTED NOT ALLOTTED NOT ALLOTTED NOT ALLOTTED,,,,MP__MP Round 1 Allotment.txt,2522,
MP,Madhya Pradesh,2025,R1,NEET_AIR,63870.0,NOT ALLOTTED,NOT ALLOTTED NOT ALLOTTED NOT ALLOTTED NOT ALLOTTED,,,,MP__MP Round 1 Allotment.txt,2523,
MP,Madhya Pradesh,2025,R1,NEET_AIR,63891.0,BHOPAL,MS GENERAL SURGERY,OBC,,,MP__MP Round 1 Allotment.txt,2525,
MP,Madhya Pradesh,2025,R1,NEET_AIR,64035.0,RESEARCH CENTER INDORE,MD ANAESTHESIOLOGY,UR/X/OP,,,MP__MP Round 1 Allotment.txt,2529,
MP,Madhya Pradesh,2025,R1,NEET_AIR,64090.0,NOT ALLOTTED,NOT ALLOTTED NOT ALLOTTED NOT ALLOTTED NOT ALLOTTED,,,,MP__MP Round 1 Allotment.txt,2530,
MP,Madhya Pradesh,2025,R1,NEET_AIR,64114.0,NOT ALLOTTED,NOT ALLOTTED NOT ALLOTTED NOT ALLOTTED NOT ALLOTTED,,,,MP__MP Round 1 Allotment.txt,2531,
MP,Madhya Pradesh,2025,R1,NEET_AIR,64148.0,NOT ALLOTTED,NOT ALLOTTED NOT ALLOTTED NOT ALLOTTED NOT ALLOTTED,,,,MP__MP Round 1 Allotment.txt,2532,
MP,Madhya Pradesh,2025,R1,NEET_AIR,64156.0,NOT ALLOTTED,NOT ALLOTTED NOT ALLOTTED NOT ALLOTTED NOT ALLOTTED,,,,MP__MP Round 1 Allotment.txt,2533,
MP,Madhya Pradesh,2025,R1,NEET_AIR,64219.0,GOVERNMENT MEDICAL COLLEGE DATIA,MS GENERAL SURGERY,ST,,,MP__MP Round 1 Allotment.txt,2534,
MP,Madhya Pradesh,2025,R1,NEET_AIR,64241.0,NOT ALLOTTED,NOT ALLOTTED NOT ALLOTTED NOT ALLOTTED NOT ALLOTTED,,,,MP__MP Round 1 Allotment.txt,2535,
MP,Madhya Pradesh,2025,R1,NEET_AIR,64247.0,NOT ALLOTTED,NOT ALLOTTED NOT ALLOTTED NOT ALLOTTED NOT ALLOTTED,,,,MP__MP Round 1 Allotment.txt,2536,
MP,Madhya Pradesh,2025,R1,NEET_AIR,64270.0,NOT ALLOTTED,NOT ALLOTTED NOT ALLOTTED NOT ALLOTTED NOT ALLOTTED,,,,MP__MP Round 1 Allotment.txt,2537,
MP,Madhya Pradesh,2025,R1,NEET_AIR,64274.0,NOT ALLOTTED,NOT ALLOTTED NOT ALLOTTED NOT ALLOTTED NOT ALLOTTED,,,,MP__MP Round 1 Allotment.txt,2538,
MP,Madhya Pradesh,2025,R1,NEET_AIR,78712.0,NOT ALLOTTED,NOT ALLOTTED NOT ALLOTTED NOT ALLOTTED NOT ALLOTTED,,,,MP__MP Round 1 Allotment.txt,2539,
MP,Madhya Pradesh,2025,R1,NEET_AIR,64381.0,NOT ALLOTTED,NOT ALLOTTED NOT ALLOTTED NOT ALLOTTED NOT ALLOTTED,,,,MP__MP Round 1 Allotment.txt,2540,
MP,Madhya Pradesh,2025,R1,NEET_AIR,64469.0,NOT ALLOTTED,NOT ALLOTTED NOT ALLOTTED NOT ALLOTTED NOT ALLOTTED,,,,MP__MP Round 1 Allotment.txt,2541,
MP,Madhya Pradesh,2025,R1,NEET_AIR,64486.0,NOT ALLOTTED,NOT ALLOTTED NOT ALLOTTED NOT ALLOTTED NOT ALLOTTED,,,,MP__MP Round 1 Allotment.txt,2542,
MP,Madhya Pradesh,2025,R1,NEET_AIR,64491.0,NOT ALLOTTED,NOT ALLOTTED NOT ALLOTTED NOT ALLOTTED NOT ALLOTTED,,,,MP__MP Round 1 Allotment.txt,2543,
MP,Madhya Pradesh,2025,R1,NEET_AIR,64524.0,NOT ALLOTTED,NOT ALLOTTED NOT ALLOTTED NOT ALLOTTED NOT ALLOTTED,,,,MP__MP Round 1 Allotment.txt,2544,
MP,Madhya Pradesh,2025,R1,NEET_AIR,64535.0,NOT ALLOTTED,NOT ALLOTTED NOT ALLOTTED NOT ALLOTTED NOT ALLOTTED,,,,MP__MP Round 1 Allotment.txt,2545,
MP,Madhya Pradesh,2025,R1,NEET_AIR,64588.0,NOT ALLOTTED,NOT ALLOTTED NOT ALLOTTED NOT ALLOTTED NOT ALLOTTED,,,,MP__MP Round 1 Allotment.txt,2546,
MP,Madhya Pradesh,2025,R1,NEET_AIR,64616.0,NOT ALLOTTED,NOT ALLOTTED NOT ALLOTTED NOT ALLOTTED NOT ALLOTTED,,,,MP__MP Round 1 Allotment.txt,2547,
MP,Madhya Pradesh,2025,R1,NEET_AIR,64619.0,NOT ALLOTTED,NOT ALLOTTED NOT ALLOTTED NOT ALLOTTED NOT ALLOTTED,,,,MP__MP Round 1 Allotment.txt,2548,
MP,Madhya Pradesh,2025,R1,NEET_AIR,64655.0,NOT ALLOTTED,NOT ALLOTTED NOT ALLOTTED NOT ALLOTTED NOT ALLOTTED,,,,MP__MP Round 1 Allotment.txt,2549,
MP,Madhya Pradesh,2025,R1,NEET_AIR,64696.0,NOT ALLOTTED,NOT ALLOTTED NOT ALLOTTED NOT ALLOTTED NOT ALLOTTED,,,,MP__MP Round 1 Allotment.txt,2550,
MP,Madhya Pradesh,2025,R1,NEET_AIR,64790.0,MEDICAL COLLEGE KHANDWA,MD COMMUNITY MEDICINE,OBC,,,MP__MP Round 1 Allotment.txt,2552,
MP,Madhya Pradesh,2025,R1,NEET_AIR,64794.0,NOT ALLOTTED,NOT ALLOTTED NOT ALLOTTED NOT ALLOTTED NOT ALLOTTED,,,,MP__MP Round 1 Allotment.txt,2553,
MP,Madhya Pradesh,2025,R1,NEET_AIR,64807.0,NOT ALLOTTED,NOT ALLOTTED NOT ALLOTTED NOT ALLOTTED NOT ALLOTTED,,,,MP__MP Round 1 Allotment.txt,2554,
MP,Madhya Pradesh,2025,R1,NEET_AIR,64817.0,NOT ALLOTTED,NOT ALLOTTED NOT ALLOTTED NOT ALLOTTED NOT ALLOTTED,,,,MP__MP Round 1 Allotment.txt,2555,
MP,Madhya Pradesh,2025,R1,NEET_AIR,64843.0,NOT ALLOTTED,NOT ALLOTTED NOT ALLOTTED NOT ALLOTTED NOT ALLOTTED,,,,MP__MP Round 1 Allotment.txt,2556,
MP,Madhya Pradesh,2025,R1,NEET_AIR,64902.0,NOT ALLOTTED,NOT ALLOTTED NOT ALLOTTED NOT ALLOTTED NOT ALLOTTED,,,,MP__MP Round 1 Allotment.txt,2557,
MP,Madhya Pradesh,2025,R1,NEET_AIR,64924.0,NOT ALLOTTED,NOT ALLOTTED NOT ALLOTTED NOT ALLOTTED NOT ALLOTTED,,,,MP__MP Round 1 Allotment.txt,2558,
MP,Madhya Pradesh,2025,R1,NEET_AIR,64926.0,NOT ALLOTTED,NOT ALLOTTED NOT ALLOTTED NOT ALLOTTED NOT ALLOTTED,,,,MP__MP Round 1 Allotment.txt,2559,
MP,Madhya Pradesh,2025,R1,NEET_AIR,64941.0,NOT ALLOTTED,NOT ALLOTTED NOT ALLOTTED NOT ALLOTTED NOT ALLOTTED,,,,MP__MP Round 1 Allotment.txt,2560,
MP,Madhya Pradesh,2025,R1,NEET_AIR,64945.0,GAJRA RAJA MEDICAL COLLEGE GWALIOR,MD ANAESTHESIOLOGY,ST,,,MP__MP Round 1 Allotment.txt,2561,
MP,Madhya Pradesh,2025,R1,NEET_AIR,65040.0,NOT ALLOTTED,NOT ALLOTTED NOT ALLOTTED NOT ALLOTTED NOT ALLOTTED,,,,MP__MP Round 1 Allotment.txt,2562,
MP,Madhya Pradesh,2025,R1,NEET_AIR,65059.0,RD GARDI MEDICAL COLLEGE UJJAIN,MD RADIODIAGNOSIS,INST/UR/NRI/OP,,,MP__MP Round 1 Allotment.txt,2563,
MP,Madhya Pradesh,2025,R1,NEET_AIR,65099.0,NOT ALLOTTED,NOT ALLOTTED NOT ALLOTTED NOT ALLOTTED NOT ALLOTTED,,,,MP__MP Round 1 Allotment.txt,2564,
MP,Madhya Pradesh,2025,R1,NEET_AIR,65111.0,NOT ALLOTTED,NOT ALLOTTED NOT ALLOTTED NOT ALLOTTED NOT ALLOTTED,,,,MP__MP Round 1 Allotment.txt,2565,
MP,Madhya Pradesh,2025,R1,NEET_AIR,65116.0,NOT ALLOTTED,NOT ALLOTTED NOT ALLOTTED NOT ALLOTTED NOT ALLOTTED,,,,MP__MP Round 1 Allotment.txt,2566,
MP,Madhya Pradesh,2025,R1,NEET_AIR,65211.0,NOT ALLOTTED,NOT ALLOTTED NOT ALLOTTED NOT ALLOTTED NOT ALLOTTED,,,,MP__MP Round 1 Allotment.txt,2567,
MP,Madhya Pradesh,2025,R1,NEET_AIR,65255.0,NOT ALLOTTED,NOT ALLOTTED NOT ALLOTTED NOT ALLOTTED NOT ALLOTTED,,,,MP__MP Round 1 Allotment.txt,2568,
MP,Madhya Pradesh,2025,R1,NEET_AIR,65280.0,CHHINDWARA,MD COMMUNITY MEDICINE,,,,MP__MP Round 1 Allotment.txt,2570,
MP,Madhya Pradesh,2025,R1,NEET_AIR,65311.0,INDORE,MD PHARMACOLOGY,UR/X/OP,,,MP__MP Round 1 Allotment.txt,2574,
MP,Madhya Pradesh,2025,R1,NEET_AIR,65313.0,NOT ALLOTTED,NOT ALLOTTED NOT ALLOTTED NOT ALLOTTED NOT ALLOTTED,,,,MP__MP Round 1 Allotment.txt,2575,
MP,Madhya Pradesh,2025,R1,NEET_AIR,65321.0,NOT ALLOTTED,NOT ALLOTTED NOT ALLOTTED NOT ALLOTTED NOT ALLOTTED,,,,MP__MP Round 1 Allotment.txt,2576,
MP,Madhya Pradesh,2025,R1,NEET_AIR,65373.0,NOT ALLOTTED,NOT ALLOTTED NOT ALLOTTED NOT ALLOTTED NOT ALLOTTED,,,,MP__MP Round 1 Allotment.txt,2577,
MP,Madhya Pradesh,2025,R1,NEET_AIR,65395.0,NOT ALLOTTED,NOT ALLOTTED NOT ALLOTTED NOT ALLOTTED NOT ALLOTTED,,,,MP__MP Round 1 Allotment.txt,2578,
MP,Madhya Pradesh,2025,R1,NEET_AIR,65398.0,NOT ALLOTTED,NOT ALLOTTED NOT ALLOTTED NOT ALLOTTED NOT ALLOTTED,,,,MP__MP Round 1 Allotment.txt,2579,
MP,Madhya Pradesh,2025,R1,NEET_AIR,65475.0,COLLEGE JABALPUR,MD ANAESTHESIOLOGY,ST,,,MP__MP Round 1 Allotment.txt,2581,
MP,Madhya Pradesh,2025,R1,NEET_AIR,65521.0,LN MEDICAL COLLEGE BHOPAL,MD PATHOLOGY,UR/X/OP,,,MP__MP Round 1 Allotment.txt,2582,
MP,Madhya Pradesh,2025,R1,NEET_AIR,65545.0,NOT ALLOTTED,NOT ALLOTTED NOT ALLOTTED NOT ALLOTTED NOT ALLOTTED,,,,MP__MP Round 1 Allotment.txt,2583,
MP,Madhya Pradesh,2025,R1,NEET_AIR,65609.0,NOT ALLOTTED,NOT ALLOTTED NOT ALLOTTED NOT ALLOTTED NOT ALLOTTED,,,,MP__MP Round 1 Allotment.txt,2584,
MP,Madhya Pradesh,2025,R1,NEET_AIR,65636.0,NOT ALLOTTED,NOT ALLOTTED NOT ALLOTTED NOT ALLOTTED NOT ALLOTTED,,,,MP__MP Round 1 Allotment.txt,2585,
MP,Madhya Pradesh,2025,R1,NEET_AIR,65646.0,NOT ALLOTTED,NOT ALLOTTED NOT ALLOTTED NOT ALLOTTED NOT ALLOTTED,,,,MP__MP Round 1 Allotment.txt,2586,
MP,Madhya Pradesh,2025,R1,NEET_AIR,65675.0,NOT ALLOTTED,NOT ALLOTTED NOT ALLOTTED NOT ALLOTTED NOT ALLOTTED,,,,MP__MP Round 1 Allotment.txt,2587,
MP,Madhya Pradesh,2025,R1,NEET_AIR,65776.0,NOT ALLOTTED,NOT ALLOTTED NOT ALLOTTED NOT ALLOTTED NOT ALLOTTED,,,,MP__MP Round 1 Allotment.txt,2588,
MP,Madhya Pradesh,2025,R1,NEET_AIR,65800.0,NOT ALLOTTED,NOT ALLOTTED NOT ALLOTTED NOT ALLOTTED NOT ALLOTTED,,,,MP__MP Round 1 Allotment.txt,2589,
MP,Madhya Pradesh,2025,R1,NEET_AIR,65866.0,NOT ALLOTTED,NOT ALLOTTED NOT ALLOTTED NOT ALLOTTED NOT ALLOTTED,,,,MP__MP Round 1 Allotment.txt,2590,
MP,Madhya Pradesh,2025,R1,NEET_AIR,65869.0,NOT ALLOTTED,NOT ALLOTTED NOT ALLOTTED NOT ALLOTTED NOT ALLOTTED,,,,MP__MP Round 1 Allotment.txt,2591,
MP,Madhya Pradesh,2025,R1,NEET_AIR,65883.0,NOT ALLOTTED,NOT ALLOTTED NOT ALLOTTED NOT ALLOTTED NOT ALLOTTED,,,,MP__MP Round 1 Allotment.txt,2592,
MP,Madhya Pradesh,2025,R1,NEET_AIR,65963.0,NOT ALLOTTED,NOT ALLOTTED NOT ALLOTTED NOT ALLOTTED NOT ALLOTTED,,,,MP__MP Round 1 Allotment.txt,2593,
MP,Madhya Pradesh,2025,R1,NEET_AIR,65982.0,NOT ALLOTTED,NOT ALLOTTED NOT ALLOTTED NOT ALLOTTED NOT ALLOTTED,,,,MP__MP Round 1 Allotment.txt,2594,
MP,Madhya Pradesh,2025,R1,NEET_AIR,65984.0,INDORE,MD GENERAL MEDICINE,SC,,,MP__MP Round 1 Allotment.txt,2596,
MP,Madhya Pradesh,2025,R1,NEET_AIR,66024.0,LN MEDICAL COLLEGE BHOPAL,MS GENERAL SURGERY,OBC,,,MP__MP Round 1 Allotment.txt,2597,
MP,Madhya Pradesh,2025,R1,NEET_AIR,66068.0,GANDHI MEDICAL COLLEGE BHOPAL,MS ANATOMY,INST/UR/X/OP,,,MP__MP Round 1 Allotment.txt,2598,
MP,Madhya Pradesh,2025,R1,NEET_AIR,66070.0,NOT ALLOTTED,NOT ALLOTTED NOT ALLOTTED NOT ALLOTTED NOT ALLOTTED,,,,MP__MP Round 1 Allotment.txt,2599,
MP,Madhya Pradesh,2025,R1,NEET_AIR,66085.0,NOT ALLOTTED,NOT ALLOTTED NOT ALLOTTED NOT ALLOTTED NOT ALLOTTED,,,,MP__MP Round 1 Allotment.txt,2600,
MP,Madhya Pradesh,2025,R1,NEET_AIR,66139.0,NOT ALLOTTED,NOT ALLOTTED NOT ALLOTTED NOT ALLOTTED NOT ALLOTTED,,,,MP__MP Round 1 Allotment.txt,2601,
MP,Madhya Pradesh,2025,R1,NEET_AIR,66163.0,NOT ALLOTTED,NOT ALLOTTED NOT ALLOTTED NOT ALLOTTED NOT ALLOTTED,,,,MP__MP Round 1 Allotment.txt,2602,
MP,Madhya Pradesh,2025,R1,NEET_AIR,66202.0,NOT ALLOTTED,NOT ALLOTTED NOT ALLOTTED NOT ALLOTTED NOT ALLOTTED,,,,MP__MP Round 1 Allotment.txt,2603,
MP,Madhya Pradesh,2025,R1,NEET_AIR,296.0,PAEDIATRICS,Govt Clinical,,,,MP__MP Round 1 Allotment.txt,2605,
MP,Madhya Pradesh,2025,R1,NEET_AIR,384.0,MICROBIOLOGY,Govt Non Clinical,,,,MP__MP Round 1 Allotment.txt,2606,
MP,Madhya Pradesh,2025,R1,NEET_AIR,384.0,OTORHINOLARYNGOLOGY (ENT),Private Clinical,,,,MP__MP Round 1 Allotment.txt,2608,
MP,Madhya Pradesh,2025,R1,NEET_AIR,66990.0,COLLEGE JABALPUR,MD TOXICOLOGY,,,,MP__MP Round 1 Allotment.txt,2630,
MP,Madhya Pradesh,2025,R1,NEET_AIR,67180.0,COLLEGE INDORE,MD MICROBIOLOGY,OBC,,,MP__MP Round 1 Allotment.txt,2634,
MP,Madhya Pradesh,2025,R1,NEET_AIR,67198.0,NOT ALLOTTED,NOT ALLOTTED NOT ALLOTTED NOT ALLOTTED NOT ALLOTTED,,,,MP__MP Round 1 Allotment.txt,2635,
MP,Madhya Pradesh,2025,R1,NEET_AIR,67210.0,NOT ALLOTTED,NOT ALLOTTED NOT ALLOTTED NOT ALLOTTED NOT ALLOTTED,,,,MP__MP Round 1 Allotment.txt,2636,
MP,Madhya Pradesh,2025,R1,NEET_AIR,67234.0,NOT ALLOTTED,NOT ALLOTTED NOT ALLOTTED NOT ALLOTTED NOT ALLOTTED,,,,MP__MP Round 1 Allotment.txt,2637,
MP,Madhya Pradesh,2025,R1,NEET_AIR,67251.0,NOT ALLOTTED,NOT ALLOTTED NOT ALLOTTED NOT ALLOTTED NOT ALLOTTED,,,,MP__MP Round 1 Allotment.txt,2638,
MP,Madhya Pradesh,2025,R1,NEET_AIR,67313.0,NOT ALLOTTED,NOT ALLOTTED NOT ALLOTTED NOT ALLOTTED NOT ALLOTTED,,,,MP__MP Round 1 Allotment.txt,2639,
MP,Madhya Pradesh,2025,R1,NEET_AIR,67322.0,NOT ALLOTTED,NOT ALLOTTED NOT ALLOTTED NOT ALLOTTED NOT ALLOTTED,,,,MP__MP Round 1 Allotment.txt,2640,
MP,Madhya Pradesh,2025,R1,NEET_AIR,67393.0,NOT ALLOTTED,NOT ALLOTTED NOT ALLOTTED NOT ALLOTTED NOT ALLOTTED,,,,MP__MP Round 1 Allotment.txt,2641,
MP,Madhya Pradesh,2025,R1,NEET_AIR,67403.0,NOT ALLOTTED,NOT ALLOTTED NOT ALLOTTED NOT ALLOTTED NOT ALLOTTED,,,,MP__MP Round 1 Allotment.txt,2642,
MP,Madhya Pradesh,2025,R1,NEET_AIR,67409.0,NOT ALLOTTED,NOT ALLOTTED NOT ALLOTTED NOT ALLOTTED NOT ALLOTTED,,,,MP__MP Round 1 Allotment.txt,2643,
MP,Madhya Pradesh,2025,R1,NEET_AIR,67420.0,NOT ALLOTTED,NOT ALLOTTED NOT ALLOTTED NOT ALLOTTED NOT ALLOTTED,,,,MP__MP Round 1 Allotment.txt,2644,
MP,Madhya Pradesh,2025,R1,NEET_AIR,67502.0,NOT ALLOTTED,NOT ALLOTTED NOT ALLOTTED NOT ALLOTTED NOT ALLOTTED,,,,MP__MP Round 1 Allotment.txt,2645,
MP,Madhya Pradesh,2025,R1,NEET_AIR,67504.0,COLLEGE INDORE,MS OPHTHALMOLOGY,ST,,,MP__MP Round 1 Allotment.txt,2647,
MP,Madhya Pradesh,2025,R1,NEET_AIR,67558.0,NOT ALLOTTED,NOT ALLOTTED NOT ALLOTTED NOT ALLOTTED NOT ALLOTTED,,,,MP__MP Round 1 Allotment.txt,2648,
MP,Madhya Pradesh,2025,R1,NEET_AIR,67569.0,NOT ALLOTTED,NOT ALLOTTED NOT ALLOTTED NOT ALLOTTED NOT ALLOTTED,,,,MP__MP Round 1 Allotment.txt,2649,
MP,Madhya Pradesh,2025,R1,NEET_AIR,67573.0,NOT ALLOTTED,NOT ALLOTTED NOT ALLOTTED NOT ALLOTTED NOT ALLOTTED,,,,MP__MP Round 1 Allotment.txt,2650,
MP,Madhya Pradesh,2025,R1,NEET_AIR,67586.0,NOT ALLOTTED,NOT ALLOTTED NOT ALLOTTED NOT ALLOTTED NOT ALLOTTED,,,,MP__MP Round 1 Allotment.txt,2651,
MP,Madhya Pradesh,2025,R1,NEET_AIR,67594.0,PEOPLES COLLEGE OF MEDICAL SCIENCE BHOPAL,MS OTORHINOLARYNGOLOGY (ENT),OBC,,,MP__MP Round 1 Allotment.txt,2653,
MP,Madhya Pradesh,2025,R1,NEET_AIR,67643.0,MEDICAL COLLEGE SHIVPURI,MD COMMUNITY MEDICINE,SC,,,MP__MP Round 1 Allotment.txt,2655,
MP,Madhya Pradesh,2025,R1,NEET_AIR,67683.0,NOT ALLOTTED,NOT ALLOTTED NOT ALLOTTED,NOT ALLOTTED,,,MP__MP Round 1 Allotment.txt,2656,
MP,Madhya Pradesh,2025,R1,NEET_AIR,67720.0,NOT ALLOTTED,NOT ALLOTTED NOT ALLOTTED,NOT ALLOTTED,,,MP__MP Round 1 Allotment.txt,2657,
MP,Madhya Pradesh,2025,R1,NEET_AIR,67796.0,NOT ALLOTTED,NOT ALLOTTED NOT ALLOTTED,NOT ALLOTTED,,,MP__MP Round 1 Allotment.txt,2658,
MP,Madhya Pradesh,2025,R1,NEET_AIR,67802.0,NOT ALLOTTED,NOT ALLOTTED NOT ALLOTTED,NOT ALLOTTED,,,MP__MP Round 1 Allotment.txt,2659,
MP,Madhya Pradesh,2025,R1,NEET_AIR,67862.0,NOT ALLOTTED,NOT ALLOTTED NOT ALLOTTED,NOT ALLOTTED,,,MP__MP Round 1 Allotment.txt,2660,
MP,Madhya Pradesh,2025,R1,NEET_AIR,67875.0,NOT ALLOTTED,NOT ALLOTTED NOT ALLOTTED,NOT ALLOTTED,,,MP__MP Round 1 Allotment.txt,2661,
MP,Madhya Pradesh,2025,R1,NEET_AIR,67899.0,NOT ALLOTTED,NOT ALLOTTED NOT ALLOTTED,NOT ALLOTTED,,,MP__MP Round 1 Allotment.txt,2662,
MP,Madhya Pradesh,2025,R1,NEET_AIR,67964.0,NOT ALLOTTED,NOT ALLOTTED NOT ALLOTTED,NOT ALLOTTED,,,MP__MP Round 1 Allotment.txt,2663,
MP,Madhya Pradesh,2025,R1,NEET_AIR,68011.0,NOT ALLOTTED,NOT ALLOTTED NOT ALLOTTED,NOT ALLOTTED,,,MP__MP Round 1 Allotment.txt,2664,
MP,Madhya Pradesh,2025,R1,NEET_AIR,68035.0,NOT ALLOTTED,NOT ALLOTTED NOT ALLOTTED,NOT ALLOTTED,,,MP__MP Round 1 Allotment.txt,2665,
MP,Madhya Pradesh,2025,R1,NEET_AIR,68173.0,BHOPAL,MD PATHOLOGY,UR/X/OP,,,MP__MP Round 1 Allotment.txt,2667,
MP,Madhya Pradesh,2025,R1,NEET_AIR,68176.0,NOT ALLOTTED,NOT ALLOTTED NOT ALLOTTED,NOT ALLOTTED,,,MP__MP Round 1 Allotment.txt,2668,
MP,Madhya Pradesh,2025,R1,NEET_AIR,68467.0,NOT ALLOTTED,NOT ALLOTTED NOT ALLOTTED,NOT ALLOTTED,,,MP__MP Round 1 Allotment.txt,2669,
MP,Madhya Pradesh,2025,R1,NEET_AIR,68578.0,NOT ALLOTTED,NOT ALLOTTED NOT ALLOTTED,NOT ALLOTTED,,,MP__MP Round 1 Allotment.txt,2670,
MP,Madhya Pradesh,2025,R1,NEET_AIR,68619.0,NOT ALLOTTED,NOT ALLOTTED NOT ALLOTTED,NOT ALLOTTED,,,MP__MP Round 1 Allotment.txt,2671,
MP,Madhya Pradesh,2025,R1,NEET_AIR,68723.0,NOT ALLOTTED,NOT ALLOTTED NOT ALLOTTED,NOT ALLOTTED,,,MP__MP Round 1 Allotment.txt,2672,
MP,Madhya Pradesh,2025,R1,NEET_AIR,68756.0,NOT ALLOTTED,NOT ALLOTTED NOT ALLOTTED,NOT ALLOTTED,,,MP__MP Round 1 Allotment.txt,2673,
MP,Madhya Pradesh,2025,R1,NEET_AIR,68779.0,NOT ALLOTTED,NOT ALLOTTED NOT ALLOTTED,NOT ALLOTTED,,,MP__MP Round 1 Allotment.txt,2674,
MP,Madhya Pradesh,2025,R1,NEET_AIR,68833.0,NOT ALLOTTED,NOT ALLOTTED NOT ALLOTTED,NOT ALLOTTED,,,MP__MP Round 1 Allotment.txt,2675,
MP,Madhya Pradesh,2025,R1,NEET_AIR,68887.0,NOT ALLOTTED,NOT ALLOTTED NOT ALLOTTED,NOT ALLOTTED,,,MP__MP Round 1 Allotment.txt,2676,
MP,Madhya Pradesh,2025,R1,NEET_AIR,68912.0,NOT ALLOTTED,NOT ALLOTTED NOT ALLOTTED,NOT ALLOTTED,,,MP__MP Round 1 Allotment.txt,2677,
MP,Madhya Pradesh,2025,R1,NEET_AIR,68968.0,NOT ALLOTTED,NOT ALLOTTED NOT ALLOTTED,NOT ALLOTTED,,,MP__MP Round 1 Allotment.txt,2678,
MP,Madhya Pradesh,2025,R1,NEET_AIR,68996.0,NOT ALLOTTED,NOT ALLOTTED NOT ALLOTTED,NOT ALLOTTED,,,MP__MP Round 1 Allotment.txt,2679,
MP,Madhya Pradesh,2025,R1,NEET_AIR,69157.0,GOVERMENT MEDICAL COLLEGE RATLAM,MD MICROBIOLOGY,INST/UR/X/OP,,,MP__MP Round 1 Allotment.txt,2680,
MP,Madhya Pradesh,2025,R1,NEET_AIR,69181.0,INDORE,MD GENERAL MEDICINE,INST/UR/NRI/OP,,,MP__MP Round 1 Allotment.txt,2682,
MP,Madhya Pradesh,2025,R1,NEET_AIR,69275.0,NOT ALLOTTED,NOT ALLOTTED NOT ALLOTTED NOT ALLOTTED NOT ALLOTTED,,,,MP__MP Round 1 Allotment.txt,2683,
MP,Madhya Pradesh,2025,R1,NEET_AIR,69307.0,PEOPLES COLLEGE OF MEDICAL SCIENCE BHOPAL,MD PATHOLOGY,UR/X/OP,,,MP__MP Round 1 Allotment.txt,2685,
MP,Madhya Pradesh,2025,R1,NEET_AIR,69541.0,GANDHI MEDICAL COLLEGE BHOPAL,MD PATHOLOGY,ST,,,MP__MP Round 1 Allotment.txt,2692,
MP,Madhya Pradesh,2025,R1,NEET_AIR,69679.0,INDORE,MS OBSTETRICS AND GYNAECOLOGY,SC,,,MP__MP Round 1 Allotment.txt,2700,
MP,Madhya Pradesh,2025,R1,NEET_AIR,69720.0,INDORE,MD TOXICOLOGY,UR/X/OP,,,MP__MP Round 1 Allotment.txt,2702,
MP,Madhya Pradesh,2025,R1,NEET_AIR,69749.0,NOT ALLOTTED,NOT ALLOTTED NOT ALLOTTED NOT ALLOTTED NOT ALLOTTED,,,,MP__MP Round 1 Allotment.txt,2703,
MP,Madhya Pradesh,2025,R1,NEET_AIR,69790.0,NOT ALLOTTED,NOT ALLOTTED NOT ALLOTTED NOT ALLOTTED NOT ALLOTTED,,,,MP__MP Round 1 Allotment.txt,2704,
MP,Madhya Pradesh,2025,R1,NEET_AIR,69817.0,NOT ALLOTTED,NOT ALLOTTED NOT ALLOTTED NOT ALLOTTED NOT ALLOTTED,,,,MP__MP Round 1 Allotment.txt,2705,
MP,Madhya Pradesh,2025,R1,NEET_AIR,69830.0,COLLEGE INDORE,MS OTORHINOLARYNGOLOGY (ENT),ST,,,MP__MP Round 1 Allotment.txt,2707,
MP,Madhya Pradesh,2025,R1,NEET_AIR,289.0,ORTHOPAEDICS,Govt Clinical,,,,MP__MP Round 1 Allotment.txt,2709,
MP,Madhya Pradesh,2025,R1,NEET_AIR,289.0,OBSTETRICS AND GYNAECOLOGY,Govt Clinical,,,,MP__MP Round 1 Allotment.txt,2712,
MP,Madhya Pradesh,2025,R1,NEET_AIR,375.0,NOT ALLOTTED,NOT ALLOTTED NOT ALLOTTED,,,,MP__MP Round 1 Allotment.txt,2713,
MP,Madhya Pradesh,2025,R1,NEET_AIR,70004.0,RESEARCH CENTRE BHOPAL,MD ANAESTHESIOLOGY,INST/UR/X/OP,,,MP__MP Round 1 Allotment.txt,2720,
MP,Madhya Pradesh,2025,R1,NEET_AIR,70015.0,NOT ALLOTTED,NOT ALLOTTED NOT ALLOTTED,NOT ALLOTTED,,,MP__MP Round 1 Allotment.txt,2721,
MP,Madhya Pradesh,2025,R1,NEET_AIR,70020.0,NOT ALLOTTED,NOT ALLOTTED NOT ALLOTTED,NOT ALLOTTED,,,MP__MP Round 1 Allotment.txt,2722,
MP,Madhya Pradesh,2025,R1,NEET_AIR,70031.0,NOT ALLOTTED,NOT ALLOTTED NOT ALLOTTED,NOT ALLOTTED,,,MP__MP Round 1 Allotment.txt,2723,
MP,Madhya Pradesh,2025,R1,NEET_AIR,70073.0,NOT ALLOTTED,NOT ALLOTTED NOT ALLOTTED,NOT ALLOTTED,,,MP__MP Round 1 Allotment.txt,2724,
MP,Madhya Pradesh,2025,R1,NEET_AIR,70089.0,NOT ALLOTTED,NOT ALLOTTED NOT ALLOTTED,NOT ALLOTTED,,,MP__MP Round 1 Allotment.txt,2725,
MP,Madhya Pradesh,2025,R1,NEET_AIR,70125.0,NOT ALLOTTED,NOT ALLOTTED NOT ALLOTTED,NOT ALLOTTED,,,MP__MP Round 1 Allotment.txt,2726,
MP,Madhya Pradesh,2025,R1,NEET_AIR,70138.0,NOT ALLOTTED,NOT ALLOTTED NOT ALLOTTED,NOT ALLOTTED,,,MP__MP Round 1 Allotment.txt,2727,
MP,Madhya Pradesh,2025,R1,NEET_AIR,70240.0,NOT ALLOTTED,NOT ALLOTTED NOT ALLOTTED,NOT ALLOTTED,,,MP__MP Round 1 Allotment.txt,2728,
MP,Madhya Pradesh,2025,R1,NEET_AIR,70300.0,NOT ALLOTTED,NOT ALLOTTED NOT ALLOTTED,NOT ALLOTTED,,,MP__MP Round 1 Allotment.txt,2729,
MP,Madhya Pradesh,2025,R1,NEET_AIR,70547.0,NOT ALLOTTED,NOT ALLOTTED NOT ALLOTTED,NOT ALLOTTED,,,MP__MP Round 1 Allotment.txt,2730,
MP,Madhya Pradesh,2025,R1,NEET_AIR,287.0,AND LEPROSY,Private Clinical,,,,MP__MP Round 1 Allotment.txt,2732,
MP,Madhya Pradesh,2025,R1,NEET_AIR,287.0,GENERAL MEDICINE,Private Clinical,,,,MP__MP Round 1 Allotment.txt,2733,
MP,Madhya Pradesh,2025,R1,NEET_AIR,373.0,ANAESTHESIOLOGY,Private Clinical,,,,MP__MP Round 1 Allotment.txt,2734,
MP,Madhya Pradesh,2025,R1,NEET_AIR,70783.0,INDORE,MD GENERAL MEDICINE,INST/UR/NRI/OP,,,MP__MP Round 1 Allotment.txt,2736,
MP,Madhya Pradesh,2025,R1,NEET_AIR,70801.0,PEOPLES COLLEGE OF MEDICAL SCIENCE BHOPAL,MD PATHOLOGY,UR/X/OP,,,MP__MP Round 1 Allotment.txt,2739,
MP,Madhya Pradesh,2025,R1,NEET_AIR,70835.0,NOT ALLOTTED,NOT ALLOTTED NOT ALLOTTED,NOT ALLOTTED,,,MP__MP Round 1 Allotment.txt,2740,
MP,Madhya Pradesh,2025,R1,NEET_AIR,70852.0,NOT ALLOTTED,NOT ALLOTTED NOT ALLOTTED,NOT ALLOTTED,,,MP__MP Round 1 Allotment.txt,2741,
MP,Madhya Pradesh,2025,R1,NEET_AIR,70979.0,GANDHI MEDICAL COLLEGE BHOPAL,MD MICROBIOLOGY,OBC,,,MP__MP Round 1 Allotment.txt,2742,
MP,Madhya Pradesh,2025,R1,NEET_AIR,70989.0,NOT ALLOTTED,NOT ALLOTTED NOT ALLOTTED,NOT ALLOTTED,,,MP__MP Round 1 Allotment.txt,2743,
MP,Madhya Pradesh,2025,R1,NEET_AIR,71021.0,NOT ALLOTTED,NOT ALLOTTED NOT ALLOTTED,NOT ALLOTTED,,,MP__MP Round 1 Allotment.txt,2744,
MP,Madhya Pradesh,2025,R1,NEET_AIR,71087.0,NOT ALLOTTED,NOT ALLOTTED NOT ALLOTTED,NOT ALLOTTED,,,MP__MP Round 1 Allotment.txt,2745,
MP,Madhya Pradesh,2025,R1,NEET_AIR,85197.0,SHYAM SHAH MEDICAL COLLEGE REWA,MD ANAESTHESIOLOGY,ST,,,MP__MP Round 1 Allotment.txt,2746,
MP,Madhya Pradesh,2025,R1,NEET_AIR,71136.0,NOT ALLOTTED,NOT ALLOTTED NOT ALLOTTED,NOT ALLOTTED,,,MP__MP Round 1 Allotment.txt,2747,
MP,Madhya Pradesh,2025,R1,NEET_AIR,71217.0,NOT ALLOTTED,NOT ALLOTTED NOT ALLOTTED,NOT ALLOTTED,,,MP__MP Round 1 Allotment.txt,2748,
MP,Madhya Pradesh,2025,R1,NEET_AIR,71246.0,INDORE,MD AND LEPROSY,INST/UR/NRI/OP,,,MP__MP Round 1 Allotment.txt,2750,
MP,Madhya Pradesh,2025,R1,NEET_AIR,71249.0,NOT ALLOTTED,NOT ALLOTTED NOT ALLOTTED,NOT ALLOTTED,,,MP__MP Round 1 Allotment.txt,2751,
MP,Madhya Pradesh,2025,R1,NEET_AIR,71260.0,GAJRA RAJA MEDICAL COLLEGE GWALIOR,MS OPHTHALMOLOGY,ST,,,MP__MP Round 1 Allotment.txt,2752,
MP,Madhya Pradesh,2025,R1,NEET_AIR,71315.0,NOT ALLOTTED,NOT ALLOTTED NOT ALLOTTED,NOT ALLOTTED,,,MP__MP Round 1 Allotment.txt,2753,
MP,Madhya Pradesh,2025,R1,NEET_AIR,71336.0,NOT ALLOTTED,NOT ALLOTTED NOT ALLOTTED,NOT ALLOTTED,,,MP__MP Round 1 Allotment.txt,2754,
MP,Madhya Pradesh,2025,R1,NEET_AIR,71394.0,NOT ALLOTTED,NOT ALLOTTED NOT ALLOTTED,NOT ALLOTTED,,,MP__MP Round 1 Allotment.txt,2755,
MP,Madhya Pradesh,2025,R1,NEET_AIR,71422.0,NOT ALLOTTED,NOT ALLOTTED NOT ALLOTTED,NOT ALLOTTED,,,MP__MP Round 1 Allotment.txt,2756,
MP,Madhya Pradesh,2025,R1,NEET_AIR,71440.0,NOT ALLOTTED,NOT ALLOTTED NOT ALLOTTED,NOT ALLOTTED,,,MP__MP Round 1 Allotment.txt,2757,
MP,Madhya Pradesh,2025,R1,NEET_AIR,286.0,GENERAL MEDICINE,Private Clinical,,,,MP__MP Round 1 Allotment.txt,2759,
MP,Madhya Pradesh,2025,R1,NEET_AIR,371.0,NOT ALLOTTED,NOT ALLOTTED NOT ALLOTTED,,,,MP__MP Round 1 Allotment.txt,2760,
MP,Madhya Pradesh,2025,R1,NEET_AIR,285.0,ORTHOPAEDICS,Govt Clinical,,,,MP__MP Round 1 Allotment.txt,2767,
MP,Madhya Pradesh,2025,R1,NEET_AIR,285.0,GENERAL SURGERY,Govt Clinical,,,,MP__MP Round 1 Allotment.txt,2768,
MP,Madhya Pradesh,2025,R1,NEET_AIR,370.0,NOT ALLOTTED,NOT ALLOTTED NOT ALLOTTED,,,,MP__MP Round 1 Allotment.txt,2778,
MP,Madhya Pradesh,2025,R1,NEET_AIR,370.0,OPHTHALMOLOGY,Govt Clinical,,,,MP__MP Round 1 Allotment.txt,2779,
MP,Madhya Pradesh,2025,R1,NEET_AIR,370.0,RADIODIAGNOSIS,Private Clinical,,,,MP__MP Round 1 Allotment.txt,2783,
MP,Madhya Pradesh,2025,R1,NEET_AIR,284.0,OBSTETRICS AND GYNAECOLOGY Clinical,Govt IN_UR/X/OP,,,,MP__MP Round 1 Allotment.txt,2788,
MP,Madhya Pradesh,2025,R1,NEET_AIR,72542.0,INDORE,MS GENERAL SURGERY,SC,,,MP__MP Round 1 Allotment.txt,2790,
MP,Madhya Pradesh,2025,R1,NEET_AIR,72549.0,NOT ALLOTTED,NOT ALLOTTED NOT ALLOTTED,NOT ALLOTTED,,,MP__MP Round 1 Allotment.txt,2791,
MP,Madhya Pradesh,2025,R1,NEET_AIR,72602.0,NOT ALLOTTED,NOT ALLOTTED NOT ALLOTTED,NOT ALLOTTED,,,MP__MP Round 1 Allotment.txt,2792,
MP,Madhya Pradesh,2025,R1,NEET_AIR,72667.0,NOT ALLOTTED,NOT ALLOTTED NOT ALLOTTED,NOT ALLOTTED,,,MP__MP Round 1 Allotment.txt,2793,
MP,Madhya Pradesh,2025,R1,NEET_AIR,72707.0,NOT ALLOTTED,NOT ALLOTTED NOT ALLOTTED,NOT ALLOTTED,,,MP__MP Round 1 Allotment.txt,2794,
MP,Madhya Pradesh,2025,R1,NEET_AIR,72729.0,RESEARCH CENTRE BHOPAL,MS OPHTHALMOLOGY,INST/UR/X/OP,,,MP__MP Round 1 Allotment.txt,2796,
MP,Madhya Pradesh,2025,R1,NEET_AIR,72739.0,RESEARCH CENTER INDORE,MD ANAESTHESIOLOGY,INST/UR/X/OP,,,MP__MP Round 1 Allotment.txt,2798,
MP,Madhya Pradesh,2025,R1,NEET_AIR,72842.0,NOT ALLOTTED,NOT ALLOTTED NOT ALLOTTED,NOT ALLOTTED,,,MP__MP Round 1 Allotment.txt,2799,
MP,Madhya Pradesh,2025,R1,NEET_AIR,72874.0,NOT ALLOTTED,NOT ALLOTTED NOT ALLOTTED,NOT ALLOTTED,,,MP__MP Round 1 Allotment.txt,2800,
MP,Madhya Pradesh,2025,R1,NEET_AIR,72901.0,NOT ALLOTTED,NOT ALLOTTED NOT ALLOTTED,NOT ALLOTTED,,,MP__MP Round 1 Allotment.txt,2801,
MP,Madhya Pradesh,2025,R1,NEET_AIR,72925.0,NOT ALLOTTED,NOT ALLOTTED NOT ALLOTTED,NOT ALLOTTED,,,MP__MP Round 1 Allotment.txt,2802,
MP,Madhya Pradesh,2025,R1,NEET_AIR,72972.0,NOT ALLOTTED,NOT ALLOTTED NOT ALLOTTED,NOT ALLOTTED,,,MP__MP Round 1 Allotment.txt,2803,
MP,Madhya Pradesh,2025,R1,NEET_AIR,73012.0,NOT ALLOTTED,NOT ALLOTTED NOT ALLOTTED,NOT ALLOTTED,,,MP__MP Round 1 Allotment.txt,2804,
MP,Madhya Pradesh,2025,R1,NEET_AIR,73193.0,NOT ALLOTTED,NOT ALLOTTED NOT ALLOTTED,NOT ALLOTTED,,,MP__MP Round 1 Allotment.txt,2805,
MP,Madhya Pradesh,2025,R1,NEET_AIR,73203.0,NOT ALLOTTED,NOT ALLOTTED NOT ALLOTTED,NOT ALLOTTED,,,MP__MP Round 1 Allotment.txt,2806,
MP,Madhya Pradesh,2025,R1,NEET_AIR,73249.0,NOT ALLOTTED,NOT ALLOTTED NOT ALLOTTED,NOT ALLOTTED,,,MP__MP Round 1 Allotment.txt,2807,
MP,Madhya Pradesh,2025,R1,NEET_AIR,73286.0,BUNDELKHAND MEDICAL COLLEGE SAGAR,MS OPHTHALMOLOGY,ST,,,MP__MP Round 1 Allotment.txt,2808,
MP,Madhya Pradesh,2025,R1,NEET_AIR,73297.0,NOT ALLOTTED,NOT ALLOTTED NOT ALLOTTED,NOT ALLOTTED,,,MP__MP Round 1 Allotment.txt,2809,
MP,Madhya Pradesh,2025,R1,NEET_AIR,73321.0,NOT ALLOTTED,NOT ALLOTTED NOT ALLOTTED,NOT ALLOTTED,,,MP__MP Round 1 Allotment.txt,2810,
MP,Madhya Pradesh,2025,R1,NEET_AIR,73474.0,RESEARCH CENTER INDORE,MS GENERAL SURGERY,OBC,,,MP__MP Round 1 Allotment.txt,2812,
MP,Madhya Pradesh,2025,R1,NEET_AIR,73486.0,NOT ALLOTTED,NOT ALLOTTED NOT ALLOTTED NOT ALLOTTED NOT ALLOTTED,,,,MP__MP Round 1 Allotment.txt,2813,
MP,Madhya Pradesh,2025,R1,NEET_AIR,73543.0,NOT ALLOTTED,NOT ALLOTTED NOT ALLOTTED NOT ALLOTTED NOT ALLOTTED,,,,MP__MP Round 1 Allotment.txt,2814,
MP,Madhya Pradesh,2025,R1,NEET_AIR,282.0,OBSTETRICS AND GYNAECOLOGY Clinical,Govt IN_UR/X/OP,,,,MP__MP Round 1 Allotment.txt,2816,
MP,Madhya Pradesh,2025,R1,NEET_AIR,282.0,GENERAL MEDICINE,Private Clinical,,,,MP__MP Round 1 Allotment.txt,2818,
MP,Madhya Pradesh,2025,R1,NEET_AIR,282.0,ORTHOPAEDICS,Govt Clinical,,,,MP__MP Round 1 Allotment.txt,2820,
MP,Madhya Pradesh,2025,R1,NEET_AIR,73585.0,DEWAS,MD EMERGENCY MEDICINE,OBC,,,MP__MP Round 1 Allotment.txt,2823,
MP,Madhya Pradesh,2025,R1,NEET_AIR,73627.0,NOT ALLOTTED,NOT ALLOTTED NOT ALLOTTED,NOT ALLOTTED,,,MP__MP Round 1 Allotment.txt,2824,
MP,Madhya Pradesh,2025,R1,NEET_AIR,73727.0,NOT ALLOTTED,NOT ALLOTTED NOT ALLOTTED,NOT ALLOTTED,,,MP__MP Round 1 Allotment.txt,2825,
MP,Madhya Pradesh,2025,R1,NEET_AIR,73759.0,LN MEDICAL COLLEGE BHOPAL,MS GENERAL SURGERY,OBC,,,MP__MP Round 1 Allotment.txt,2826,
MP,Madhya Pradesh,2025,R1,NEET_AIR,73812.0,NOT ALLOTTED,NOT ALLOTTED NOT ALLOTTED,NOT ALLOTTED,,,MP__MP Round 1 Allotment.txt,2827,
MP,Madhya Pradesh,2025,R1,NEET_AIR,73844.0,NOT ALLOTTED,NOT ALLOTTED NOT ALLOTTED,NOT ALLOTTED,,,MP__MP Round 1 Allotment.txt,2828,
MP,Madhya Pradesh,2025,R1,NEET_AIR,73883.0,COLLEGE INDORE,MD PHYSIOLOGY,,,,MP__MP Round 1 Allotment.txt,2830,
MP,Madhya Pradesh,2025,R1,NEET_AIR,73977.0,NOT ALLOTTED,NOT ALLOTTED NOT ALLOTTED NOT ALLOTTED NOT ALLOTTED,,,,MP__MP Round 1 Allotment.txt,2831,
MP,Madhya Pradesh,2025,R1,NEET_AIR,281.0,ORTHOPAEDICS,Govt Clinical,,,,MP__MP Round 1 Allotment.txt,2833,
MP,Madhya Pradesh,2025,R1,NEET_AIR,365.0,NOT ALLOTTED,NOT ALLOTTED NOT ALLOTTED,,,,MP__MP Round 1 Allotment.txt,2834,
MP,Madhya Pradesh,2025,R1,NEET_AIR,365.0,PSYCHIATRY,Private Clinical,,,,MP__MP Round 1 Allotment.txt,2837,
MP,Madhya Pradesh,2025,R1,NEET_AIR,365.0,GENERAL SURGERY,Private Clinical,,,,MP__MP Round 1 Allotment.txt,2839,
MP,Madhya Pradesh,2025,R1,NEET_AIR,74519.0,RESEARCH CENTER INDORE,MD RADIODIAGNOSIS,SC,,,MP__MP Round 1 Allotment.txt,2842,
MP,Madhya Pradesh,2025,R1,NEET_AIR,74677.0,NOT ALLOTTED,NOT ALLOTTED NOT ALLOTTED,NOT ALLOTTED,,,MP__MP Round 1 Allotment.txt,2843,
MP,Madhya Pradesh,2025,R1,NEET_AIR,74686.0,GOVERMENT MEDICAL COLLEGE RATLAM,MD ANAESTHESIOLOGY,ST,,,MP__MP Round 1 Allotment.txt,2844,
MP,Madhya Pradesh,2025,R1,NEET_AIR,74692.0,NOT ALLOTTED,NOT ALLOTTED NOT ALLOTTED,NOT ALLOTTED,,,MP__MP Round 1 Allotment.txt,2845,
MP,Madhya Pradesh,2025,R1,NEET_AIR,74752.0,NOT ALLOTTED,NOT ALLOTTED NOT ALLOTTED,NOT ALLOTTED,,,MP__MP Round 1 Allotment.txt,2846,
MP,Madhya Pradesh,2025,R1,NEET_AIR,74837.0,RD GARDI MEDICAL COLLEGE UJJAIN,MD GENERAL MEDICINE,INST/UR/NRI/OP,,,MP__MP Round 1 Allotment.txt,2847,
MP,Madhya Pradesh,2025,R1,NEET_AIR,74882.0,NOT ALLOTTED,NOT ALLOTTED NOT ALLOTTED,NOT ALLOTTED,,,MP__MP Round 1 Allotment.txt,2848,
MP,Madhya Pradesh,2025,R1,NEET_AIR,74903.0,NOT ALLOTTED,NOT ALLOTTED NOT ALLOTTED,NOT ALLOTTED,,,MP__MP Round 1 Allotment.txt,2849,
MP,Madhya Pradesh,2025,R1,NEET_AIR,74912.0,NOT ALLOTTED,NOT ALLOTTED NOT ALLOTTED,NOT ALLOTTED,,,MP__MP Round 1 Allotment.txt,2850,
MP,Madhya Pradesh,2025,R1,NEET_AIR,363.0,ANAESTHESIOLOGY,Private Clinical,,,,MP__MP Round 1 Allotment.txt,2852,
MP,Madhya Pradesh,2025,R1,NEET_AIR,363.0,NOT ALLOTTED,NOT ALLOTTED NOT ALLOTTED,,,,MP__MP Round 1 Allotment.txt,2853,
MP,Madhya Pradesh,2025,R1,NEET_AIR,363.0,GENERAL MEDICINE,Private Clinical,,,,MP__MP Round 1 Allotment.txt,2854,
MP,Madhya Pradesh,2025,R1,NEET_AIR,302.0,NOT ALLOTTED,NOT ALLOTTED NOT ALLOTTED,,,,MP__MP Round 1 Allotment.txt,2855,
MP,Madhya Pradesh,2025,R1,NEET_AIR,362.0,NOT ALLOTTED,NOT ALLOTTED NOT ALLOTTED,,,,MP__MP Round 1 Allotment.txt,2856,
MP,Madhya Pradesh,2025,R1,NEET_AIR,75416.0,RESEARCH CENTER INDORE,MD AND LEPROSY,SC,,,MP__MP Round 1 Allotment.txt,2860,
MP,Madhya Pradesh,2025,R1,NEET_AIR,75437.0,COLLEGE VIDISHA,MS OTORHINOLARYNGOLOGY (ENT),ST,,,MP__MP Round 1 Allotment.txt,2862,
MP,Madhya Pradesh,2025,R1,NEET_AIR,75457.0,NOT ALLOTTED,NOT ALLOTTED NOT ALLOTTED NOT ALLOTTED NOT ALLOTTED,,,,MP__MP Round 1 Allotment.txt,2863,
MP,Madhya Pradesh,2025,R1,NEET_AIR,75482.0,INDORE,MD PATHOLOGY,UR/X/OP,,,MP__MP Round 1 Allotment.txt,2865,
MP,Madhya Pradesh,2025,R1,NEET_AIR,75537.0,COLLEGE INDORE,MD TOXICOLOGY,EWS,,,MP__MP Round 1 Allotment.txt,2867,
MP,Madhya Pradesh,2025,R1,NEET_AIR,75562.0,RESEARCH CENTER INDORE,MS GENERAL SURGERY,OBC,,,MP__MP Round 1 Allotment.txt,2869,
MP,Madhya Pradesh,2025,R1,NEET_AIR,75628.0,NOT ALLOTTED,NOT ALLOTTED NOT ALLOTTED NOT ALLOTTED NOT ALLOTTED,,,,MP__MP Round 1 Allotment.txt,2870,
MP,Madhya Pradesh,2025,R1,NEET_AIR,89559.0,CHHINDWARA,MD ANAESTHESIOLOGY,ST,,,MP__MP Round 1 Allotment.txt,2872,
MP,Madhya Pradesh,2025,R1,NEET_AIR,76069.0,NOT ALLOTTED,NOT ALLOTTED NOT ALLOTTED NOT ALLOTTED NOT ALLOTTED,,,,MP__MP Round 1 Allotment.txt,2873,
MP,Madhya Pradesh,2025,R1,NEET_AIR,277.0,GENERAL MEDICINE,Private Clinical,,,,MP__MP Round 1 Allotment.txt,2875,
MP,Madhya Pradesh,2025,R1,NEET_AIR,360.0,NOT ALLOTTED,NOT ALLOTTED NOT ALLOTTED,,,,MP__MP Round 1 Allotment.txt,2876,
MP,Madhya Pradesh,2025,R1,NEET_AIR,76366.0,RESEARCH CENTRE BHOPAL,MD PATHOLOGY,UR/X/OP,,,MP__MP Round 1 Allotment.txt,2880,
MP,Madhya Pradesh,2025,R1,NEET_AIR,76398.0,NOT ALLOTTED,NOT ALLOTTED NOT ALLOTTED,NOT ALLOTTED,,,MP__MP Round 1 Allotment.txt,2881,
MP,Madhya Pradesh,2025,R1,NEET_AIR,76505.0,NOT ALLOTTED,NOT ALLOTTED NOT ALLOTTED,NOT ALLOTTED,,,MP__MP Round 1 Allotment.txt,2882,
MP,Madhya Pradesh,2025,R1,NEET_AIR,76609.0,NOT ALLOTTED,NOT ALLOTTED NOT ALLOTTED,NOT ALLOTTED,,,MP__MP Round 1 Allotment.txt,2883,
MP,Madhya Pradesh,2025,R1,NEET_AIR,76610.0,NOT ALLOTTED,NOT ALLOTTED NOT ALLOTTED,NOT ALLOTTED,,,MP__MP Round 1 Allotment.txt,2884,
MP,Madhya Pradesh,2025,R1,NEET_AIR,76719.0,NOT ALLOTTED,NOT ALLOTTED NOT ALLOTTED,NOT ALLOTTED,,,MP__MP Round 1 Allotment.txt,2885,
MP,Madhya Pradesh,2025,R1,NEET_AIR,76748.0,NOT ALLOTTED,NOT ALLOTTED NOT ALLOTTED,NOT ALLOTTED,,,MP__MP Round 1 Allotment.txt,2886,
MP,Madhya Pradesh,2025,R1,NEET_AIR,76816.0,RESEARCH CENTER INDORE,MD GENERAL MEDICINE,SC,,,MP__MP Round 1 Allotment.txt,2888,
MP,Madhya Pradesh,2025,R1,NEET_AIR,76827.0,NOT ALLOTTED,NOT ALLOTTED NOT ALLOTTED NOT ALLOTTED NOT ALLOTTED,,,,MP__MP Round 1 Allotment.txt,2889,
MP,Madhya Pradesh,2025,R1,NEET_AIR,76956.0,INDORE,MD PATHOLOGY,UR/X/OP,,,MP__MP Round 1 Allotment.txt,2891,
MP,Madhya Pradesh,2025,R1,NEET_AIR,76985.0,NOT ALLOTTED,NOT ALLOTTED NOT ALLOTTED,NOT ALLOTTED,,,MP__MP Round 1 Allotment.txt,2892,
MP,Madhya Pradesh,2025,R1,NEET_AIR,77036.0,NOT ALLOTTED,NOT ALLOTTED NOT ALLOTTED,NOT ALLOTTED,,,MP__MP Round 1 Allotment.txt,2893,
MP,Madhya Pradesh,2025,R1,NEET_AIR,77044.0,NOT ALLOTTED,NOT ALLOTTED NOT ALLOTTED,NOT ALLOTTED,,,MP__MP Round 1 Allotment.txt,2894,
MP,Madhya Pradesh,2025,R1,NEET_AIR,77056.0,NOT ALLOTTED,NOT ALLOTTED NOT ALLOTTED,NOT ALLOTTED,,,MP__MP Round 1 Allotment.txt,2895,
MP,Madhya Pradesh,2025,R1,NEET_AIR,77073.0,RESEARCH CENTER INDORE,MD ANAESTHESIOLOGY,INST/UR/X/OP,,,MP__MP Round 1 Allotment.txt,2897,
MP,Madhya Pradesh,2025,R1,NEET_AIR,77074.0,NOT ALLOTTED,NOT ALLOTTED NOT ALLOTTED,NOT ALLOTTED,,,MP__MP Round 1 Allotment.txt,2898,
MP,Madhya Pradesh,2025,R1,NEET_AIR,77114.0,NOT ALLOTTED,NOT ALLOTTED NOT ALLOTTED,NOT ALLOTTED,,,MP__MP Round 1 Allotment.txt,2899,
MP,Madhya Pradesh,2025,R1,NEET_AIR,77129.0,NOT ALLOTTED,NOT ALLOTTED NOT ALLOTTED,NOT ALLOTTED,,,MP__MP Round 1 Allotment.txt,2900,
MP,Madhya Pradesh,2025,R1,NEET_AIR,77133.0,NOT ALLOTTED,NOT ALLOTTED NOT ALLOTTED,NOT ALLOTTED,,,MP__MP Round 1 Allotment.txt,2901,
MP,Madhya Pradesh,2025,R1,NEET_AIR,77144.0,NOT ALLOTTED,NOT ALLOTTED NOT ALLOTTED,NOT ALLOTTED,,,MP__MP Round 1 Allotment.txt,2902,
MP,Madhya Pradesh,2025,R1,NEET_AIR,77147.0,NOT ALLOTTED,NOT ALLOTTED NOT ALLOTTED,NOT ALLOTTED,,,MP__MP Round 1 Allotment.txt,2903,
MP,Madhya Pradesh,2025,R1,NEET_AIR,77150.0,NOT ALLOTTED,NOT ALLOTTED NOT ALLOTTED,NOT ALLOTTED,,,MP__MP Round 1 Allotment.txt,2904,
MP,Madhya Pradesh,2025,R1,NEET_AIR,77170.0,BHOPAL,MD ANAESTHESIOLOGY,OBC,,,MP__MP Round 1 Allotment.txt,2906,
MP,Madhya Pradesh,2025,R1,NEET_AIR,77180.0,NOT ALLOTTED,NOT ALLOTTED NOT ALLOTTED,NOT ALLOTTED,,,MP__MP Round 1 Allotment.txt,2907,
MP,Madhya Pradesh,2025,R1,NEET_AIR,77184.0,NOT ALLOTTED,NOT ALLOTTED NOT ALLOTTED,NOT ALLOTTED,,,MP__MP Round 1 Allotment.txt,2908,
MP,Madhya Pradesh,2025,R1,NEET_AIR,77188.0,NOT ALLOTTED,NOT ALLOTTED NOT ALLOTTED,NOT ALLOTTED,,,MP__MP Round 1 Allotment.txt,2909,
MP,Madhya Pradesh,2025,R1,NEET_AIR,77211.0,RD GARDI MEDICAL COLLEGE UJJAIN,MD PATHOLOGY,INST/UR/X/OP,,,MP__MP Round 1 Allotment.txt,2910,
MP,Madhya Pradesh,2025,R1,NEET_AIR,77309.0,NOT ALLOTTED,NOT ALLOTTED NOT ALLOTTED,NOT ALLOTTED,,,MP__MP Round 1 Allotment.txt,2911,
MP,Madhya Pradesh,2025,R1,NEET_AIR,275.0,RADIODIAGNOSIS,Private Clinical,,,,MP__MP Round 1 Allotment.txt,2924,
MP,Madhya Pradesh,2025,R1,NEET_AIR,275.0,RADIODIAGNOSIS,Govt Clinical,,,,MP__MP Round 1 Allotment.txt,2926,
MP,Madhya Pradesh,2025,R1,NEET_AIR,357.0,ANAESTHESIOLOGY,Private Clinical,,,,MP__MP Round 1 Allotment.txt,2928,
MP,Madhya Pradesh,2025,R1,NEET_AIR,274.0,Clinical,GANDHI MEDICAL COLLEGE BHOPAL IN_UR/PH/OP,,,,MP__MP Round 1 Allotment.txt,2938,
MP,Madhya Pradesh,2025,R1,NEET_AIR,274.0,Clinical,COLLEGE JABALPUR IN_OBC/X/OP,,,,MP__MP Round 1 Allotment.txt,2940,
MP,Madhya Pradesh,2025,R1,NEET_AIR,77767.0,INDORE,MD RADIODIAGNOSIS,ST,,,MP__MP Round 1 Allotment.txt,2942,
MP,Madhya Pradesh,2025,R1,NEET_AIR,77813.0,RD GARDI MEDICAL COLLEGE UJJAIN,MD PHARMACOLOGY,UR/X/OP,,,MP__MP Round 1 Allotment.txt,2943,
MP,Madhya Pradesh,2025,R1,NEET_AIR,77875.0,NOT ALLOTTED,NOT ALLOTTED NOT ALLOTTED NOT ALLOTTED NOT ALLOTTED,,,,MP__MP Round 1 Allotment.txt,2944,
MP,Madhya Pradesh,2025,R1,NEET_AIR,78161.0,NOT ALLOTTED,NOT ALLOTTED NOT ALLOTTED NOT ALLOTTED NOT ALLOTTED,,,,MP__MP Round 1 Allotment.txt,2945,
MP,Madhya Pradesh,2025,R1,NEET_AIR,78171.0,RD GARDI MEDICAL COLLEGE UJJAIN,MD GENERAL MEDICINE,INST/UR/NRI/OP,,,MP__MP Round 1 Allotment.txt,2946,
MP,Madhya Pradesh,2025,R1,NEET_AIR,78181.0,CHHINDWARA,MS OTORHINOLARYNGOLOGY (ENT),ST,,,MP__MP Round 1 Allotment.txt,2948,
MP,Madhya Pradesh,2025,R1,NEET_AIR,78214.0,NOT ALLOTTED,NOT ALLOTTED NOT ALLOTTED NOT ALLOTTED NOT ALLOTTED,,,,MP__MP Round 1 Allotment.txt,2949,
MP,Madhya Pradesh,2025,R1,NEET_AIR,78253.0,NOT ALLOTTED,NOT ALLOTTED NOT ALLOTTED NOT ALLOTTED NOT ALLOTTED,,,,MP__MP Round 1 Allotment.txt,2950,
MP,Madhya Pradesh,2025,R1,NEET_AIR,78312.0,NOT ALLOTTED,NOT ALLOTTED NOT ALLOTTED NOT ALLOTTED NOT ALLOTTED,,,,MP__MP Round 1 Allotment.txt,2951,
MP,Madhya Pradesh,2025,R1,NEET_AIR,78535.0,NOT ALLOTTED,NOT ALLOTTED NOT ALLOTTED NOT ALLOTTED NOT ALLOTTED,,,,MP__MP Round 1 Allotment.txt,2952,
MP,Madhya Pradesh,2025,R1,NEET_AIR,78587.0,NOT ALLOTTED,NOT ALLOTTED NOT ALLOTTED NOT ALLOTTED NOT ALLOTTED,,,,MP__MP Round 1 Allotment.txt,2953,
MP,Madhya Pradesh,2025,R1,NEET_AIR,78696.0,NOT ALLOTTED,NOT ALLOTTED NOT ALLOTTED NOT ALLOTTED NOT ALLOTTED,,,,MP__MP Round 1 Allotment.txt,2954,
MP,Madhya Pradesh,2025,R1,NEET_AIR,78706.0,NOT ALLOTTED,NOT ALLOTTED NOT ALLOTTED NOT ALLOTTED NOT ALLOTTED,,,,MP__MP Round 1 Allotment.txt,2955,
MP,Madhya Pradesh,2025,R1,NEET_AIR,78855.0,NOT ALLOTTED,NOT ALLOTTED NOT ALLOTTED NOT ALLOTTED NOT ALLOTTED,,,,MP__MP Round 1 Allotment.txt,2956,
MP,Madhya Pradesh,2025,R1,NEET_AIR,78893.0,NOT ALLOTTED,NOT ALLOTTED NOT ALLOTTED NOT ALLOTTED NOT ALLOTTED,,,,MP__MP Round 1 Allotment.txt,2957,
MP,Madhya Pradesh,2025,R1,NEET_AIR,354.0,PATHOLOGY,Private Non Clinical INST/UR/X/OP,,,,MP__MP Round 1 Allotment.txt,2959,
MP,Madhya Pradesh,2025,R1,NEET_AIR,79083.0,INDORE,MD BIOCHEMISTRY,UR/X/OP,,,MP__MP Round 1 Allotment.txt,2963,
MP,Madhya Pradesh,2025,R1,NEET_AIR,79124.0,RD GARDI MEDICAL COLLEGE UJJAIN,MD AND LEPROSY,INST/UR/NRI/OP,,,MP__MP Round 1 Allotment.txt,2965,
MP,Madhya Pradesh,2025,R1,NEET_AIR,79137.0,NOT ALLOTTED,NOT ALLOTTED NOT ALLOTTED,NOT ALLOTTED,,,MP__MP Round 1 Allotment.txt,2966,
MP,Madhya Pradesh,2025,R1,NEET_AIR,79166.0,NOT ALLOTTED,NOT ALLOTTED NOT ALLOTTED,NOT ALLOTTED,,,MP__MP Round 1 Allotment.txt,2967,
MP,Madhya Pradesh,2025,R1,NEET_AIR,79228.0,NOT ALLOTTED,NOT ALLOTTED NOT ALLOTTED,NOT ALLOTTED,,,MP__MP Round 1 Allotment.txt,2968,
MP,Madhya Pradesh,2025,R1,NEET_AIR,79293.0,NOT ALLOTTED,NOT ALLOTTED NOT ALLOTTED,NOT ALLOTTED,,,MP__MP Round 1 Allotment.txt,2969,
MP,Madhya Pradesh,2025,R1,NEET_AIR,79296.0,NOT ALLOTTED,NOT ALLOTTED NOT ALLOTTED,NOT ALLOTTED,,,MP__MP Round 1 Allotment.txt,2970,
MP,Madhya Pradesh,2025,R1,NEET_AIR,79414.0,NOT ALLOTTED,NOT ALLOTTED NOT ALLOTTED,NOT ALLOTTED,,,MP__MP Round 1 Allotment.txt,2971,
MP,Madhya Pradesh,2025,R1,NEET_AIR,79612.0,RESEARCH CENTER INDORE,MS GENERAL SURGERY,OBC,,,MP__MP Round 1 Allotment.txt,2973,
MP,Madhya Pradesh,2025,R1,NEET_AIR,79624.0,NOT ALLOTTED,NOT ALLOTTED NOT ALLOTTED NOT ALLOTTED NOT ALLOTTED,,,,MP__MP Round 1 Allotment.txt,2974,
MP,Madhya Pradesh,2025,R1,NEET_AIR,352.0,OTORHINOLARYNGOLOGY (ENT),Private Clinical,,,,MP__MP Round 1 Allotment.txt,2976,
MP,Madhya Pradesh,2025,R1,NEET_AIR,352.0,NOT ALLOTTED,NOT ALLOTTED NOT ALLOTTED,,,,MP__MP Round 1 Allotment.txt,2977,
MP,Madhya Pradesh,2025,R1,NEET_AIR,352.0,PHARMACOLOGY,Govt Non Clinical,,,,MP__MP Round 1 Allotment.txt,2978,
MP,Madhya Pradesh,2025,R1,NEET_AIR,351.0,NOT ALLOTTED,NOT ALLOTTED NOT ALLOTTED,,,,MP__MP Round 1 Allotment.txt,2981,
MP,Madhya Pradesh,2025,R1,NEET_AIR,270.0,PAEDIATRICS,Govt Clinical,,,,MP__MP Round 1 Allotment.txt,2984,
MP,Madhya Pradesh,2025,R1,NEET_AIR,270.0,PSYCHIATRY,Govt Clinical,,,,MP__MP Round 1 Allotment.txt,2985,
MP,Madhya Pradesh,2025,R1,NEET_AIR,350.0,NOT ALLOTTED,NOT ALLOTTED NOT ALLOTTED,,,,MP__MP Round 1 Allotment.txt,2986,
MP,Madhya Pradesh,2025,R1,NEET_AIR,349.0,PATHOLOGY,Govt Non Clinical,,,,MP__MP Round 1 Allotment.txt,2993,
MP,Madhya Pradesh,2025,R1,NEET_AIR,80888.0,COLLEGE JABALPUR,MD RADIATION ONCOLOGY,ST,,,MP__MP Round 1 Allotment.txt,2995,
MP,Madhya Pradesh,2025,R1,NEET_AIR,81090.0,NOT ALLOTTED,NOT ALLOTTED NOT ALLOTTED NOT ALLOTTED NOT ALLOTTED,,,,MP__MP Round 1 Allotment.txt,2996,
MP,Madhya Pradesh,2025,R1,NEET_AIR,81119.0,LN MEDICAL COLLEGE BHOPAL,MS OBSTETRICS AND GYNAECOLOGY,SC,,,MP__MP Round 1 Allotment.txt,2998,
MP,Madhya Pradesh,2025,R1,NEET_AIR,81191.0,NOT ALLOTTED,NOT ALLOTTED NOT ALLOTTED,NOT ALLOTTED,,,MP__MP Round 1 Allotment.txt,2999,
MP,Madhya Pradesh,2025,R1,NEET_AIR,81205.0,NOT ALLOTTED,NOT ALLOTTED NOT ALLOTTED,NOT ALLOTTED,,,MP__MP Round 1 Allotment.txt,3000,
MP,Madhya Pradesh,2025,R1,NEET_AIR,81214.0,NOT ALLOTTED,NOT ALLOTTED NOT ALLOTTED,NOT ALLOTTED,,,MP__MP Round 1 Allotment.txt,3001,
MP,Madhya Pradesh,2025,R1,NEET_AIR,81387.0,NOT ALLOTTED,NOT ALLOTTED NOT ALLOTTED,NOT ALLOTTED,,,MP__MP Round 1 Allotment.txt,3002,
MP,Madhya Pradesh,2025,R1,NEET_AIR,81434.0,COLLEGE INDORE,MD BIOCHEMISTRY,INST/UR/X/OP,,,MP__MP Round 1 Allotment.txt,3004,
MP,Madhya Pradesh,2025,R1,NEET_AIR,81567.0,NOT ALLOTTED,NOT ALLOTTED NOT ALLOTTED,NOT ALLOTTED,,,MP__MP Round 1 Allotment.txt,3005,
MP,Madhya Pradesh,2025,R1,NEET_AIR,81575.0,NOT ALLOTTED,NOT ALLOTTED NOT ALLOTTED,NOT ALLOTTED,,,MP__MP Round 1 Allotment.txt,3006,
MP,Madhya Pradesh,2025,R1,NEET_AIR,81602.0,NOT ALLOTTED,NOT ALLOTTED NOT ALLOTTED,NOT ALLOTTED,,,MP__MP Round 1 Allotment.txt,3007,
MP,Madhya Pradesh,2025,R1,NEET_AIR,95480.0,NOT ALLOTTED,NOT ALLOTTED NOT ALLOTTED,NOT ALLOTTED,,,MP__MP Round 1 Allotment.txt,3008,
MP,Madhya Pradesh,2025,R1,NEET_AIR,81645.0,BHOPAL,MD PAEDIATRICS,SC,,,MP__MP Round 1 Allotment.txt,3010,
MP,Madhya Pradesh,2025,R1,NEET_AIR,81779.0,NOT ALLOTTED,NOT ALLOTTED NOT ALLOTTED,NOT ALLOTTED,,,MP__MP Round 1 Allotment.txt,3011,
MP,Madhya Pradesh,2025,R1,NEET_AIR,81853.0,NOT ALLOTTED,NOT ALLOTTED NOT ALLOTTED,NOT ALLOTTED,,,MP__MP Round 1 Allotment.txt,3012,
MP,Madhya Pradesh,2025,R1,NEET_AIR,81974.0,NOT ALLOTTED,NOT ALLOTTED NOT ALLOTTED,NOT ALLOTTED,,,MP__MP Round 1 Allotment.txt,3013,
MP,Madhya Pradesh,2025,R1,NEET_AIR,81998.0,NOT ALLOTTED,NOT ALLOTTED NOT ALLOTTED,NOT ALLOTTED,,,MP__MP Round 1 Allotment.txt,3014,
MP,Madhya Pradesh,2025,R1,NEET_AIR,82080.0,COLLEGE JABALPUR,MD PATHOLOGY,ST,,,MP__MP Round 1 Allotment.txt,3016,
MP,Madhya Pradesh,2025,R1,NEET_AIR,82081.0,NOT ALLOTTED,NOT ALLOTTED NOT ALLOTTED,NOT ALLOTTED,,,MP__MP Round 1 Allotment.txt,3017,
MP,Madhya Pradesh,2025,R1,NEET_AIR,82099.0,NOT ALLOTTED,NOT ALLOTTED NOT ALLOTTED,NOT ALLOTTED,,,MP__MP Round 1 Allotment.txt,3018,
MP,Madhya Pradesh,2025,R1,NEET_AIR,82123.0,NOT ALLOTTED,NOT ALLOTTED NOT ALLOTTED,NOT ALLOTTED,,,MP__MP Round 1 Allotment.txt,3019,
MP,Madhya Pradesh,2025,R1,NEET_AIR,82127.0,PEOPLES COLLEGE OF MEDICAL SCIENCE BHOPAL,MD PSYCHIATRY,SC,,,MP__MP Round 1 Allotment.txt,3021,
MP,Madhya Pradesh,2025,R1,NEET_AIR,82156.0,NOT ALLOTTED,NOT ALLOTTED NOT ALLOTTED,NOT ALLOTTED,,,MP__MP Round 1 Allotment.txt,3022,
MP,Madhya Pradesh,2025,R1,NEET_AIR,82203.0,NOT ALLOTTED,NOT ALLOTTED NOT ALLOTTED,NOT ALLOTTED,,,MP__MP Round 1 Allotment.txt,3023,
MP,Madhya Pradesh,2025,R1,NEET_AIR,82241.0,RD GARDI MEDICAL COLLEGE UJJAIN,MD COMMUNITY MEDICINE,UR/X/OP,,,MP__MP Round 1 Allotment.txt,3024,
MP,Madhya Pradesh,2025,R1,NEET_AIR,82384.0,NOT ALLOTTED,NOT ALLOTTED NOT ALLOTTED,NOT ALLOTTED,,,MP__MP Round 1 Allotment.txt,3025,
MP,Madhya Pradesh,2025,R1,NEET_AIR,82419.0,BUNDELKHAND MEDICAL COLLEGE SAGAR,MD TOXICOLOGY,INST/UR/X/OP,,,MP__MP Round 1 Allotment.txt,3027,
MP,Madhya Pradesh,2025,R1,NEET_AIR,82426.0,DEWAS,MS GENERAL SURGERY,OBC,,,MP__MP Round 1 Allotment.txt,3029,
MP,Madhya Pradesh,2025,R1,NEET_AIR,96708.0,NOT ALLOTTED,NOT ALLOTTED NOT ALLOTTED,NOT ALLOTTED,,,MP__MP Round 1 Allotment.txt,3030,
MP,Madhya Pradesh,2025,R1,NEET_AIR,82471.0,NOT ALLOTTED,NOT ALLOTTED NOT ALLOTTED,NOT ALLOTTED,,,MP__MP Round 1 Allotment.txt,3031,
MP,Madhya Pradesh,2025,R1,NEET_AIR,82608.0,NOT ALLOTTED,NOT ALLOTTED NOT ALLOTTED,NOT ALLOTTED,,,MP__MP Round 1 Allotment.txt,3032,
MP,Madhya Pradesh,2025,R1,NEET_AIR,82618.0,GOVERMENT MEDICAL COLLEGE SATNA,MD COMMUNITY MEDICINE,EWS,,,MP__MP Round 1 Allotment.txt,3033,
MP,Madhya Pradesh,2025,R1,NEET_AIR,82635.0,NOT ALLOTTED,NOT ALLOTTED NOT ALLOTTED,NOT ALLOTTED,,,MP__MP Round 1 Allotment.txt,3034,
MP,Madhya Pradesh,2025,R1,NEET_AIR,82684.0,NOT ALLOTTED,NOT ALLOTTED NOT ALLOTTED,NOT ALLOTTED,,,MP__MP Round 1 Allotment.txt,3035,
MP,Madhya Pradesh,2025,R1,NEET_AIR,82702.0,RD GARDI MEDICAL COLLEGE UJJAIN,MD AND LEPROSY,INST/UR/NRI/OP,,,MP__MP Round 1 Allotment.txt,3037,
MP,Madhya Pradesh,2025,R1,NEET_AIR,82737.0,NOT ALLOTTED,NOT ALLOTTED NOT ALLOTTED,NOT ALLOTTED,,,MP__MP Round 1 Allotment.txt,3038,
MP,Madhya Pradesh,2025,R1,NEET_AIR,82772.0,NOT ALLOTTED,NOT ALLOTTED NOT ALLOTTED,NOT ALLOTTED,,,MP__MP Round 1 Allotment.txt,3039,
MP,Madhya Pradesh,2025,R1,NEET_AIR,82870.0,NOT ALLOTTED,NOT ALLOTTED NOT ALLOTTED,NOT ALLOTTED,,,MP__MP Round 1 Allotment.txt,3040,
MP,Madhya Pradesh,2025,R1,NEET_AIR,83052.0,GOVERMENT MEDICAL COLLEGE RATLAM,MD PATHOLOGY,ST,,,MP__MP Round 1 Allotment.txt,3041,
MP,Madhya Pradesh,2025,R1,NEET_AIR,83182.0,NOT ALLOTTED,NOT ALLOTTED NOT ALLOTTED,NOT ALLOTTED,,,MP__MP Round 1 Allotment.txt,3042,
MP,Madhya Pradesh,2025,R1,NEET_AIR,344.0,PATHOLOGY,Private Non Clinical,,,,MP__MP Round 1 Allotment.txt,3044,
MP,Madhya Pradesh,2025,R1,NEET_AIR,344.0,NOT ALLOTTED,NOT ALLOTTED NOT ALLOTTED,,,,MP__MP Round 1 Allotment.txt,3045,
MP,Madhya Pradesh,2025,R1,NEET_AIR,286.0,NOT ALLOTTED,NOT ALLOTTED NOT ALLOTTED,,,,MP__MP Round 1 Allotment.txt,3046,
MP,Madhya Pradesh,2025,R1,NEET_AIR,343.0,NOT ALLOTTED,NOT ALLOTTED NOT ALLOTTED,,,,MP__MP Round 1 Allotment.txt,3047,
MP,Madhya Pradesh,2025,R1,NEET_AIR,83765.0,RESEARCH CENTER INDORE,MD PATHOLOGY,,,,MP__MP Round 1 Allotment.txt,3052,
MP,Madhya Pradesh,2025,R1,NEET_AIR,83862.0,NOT ALLOTTED,NOT ALLOTTED NOT ALLOTTED NOT ALLOTTED NOT ALLOTTED,,,,MP__MP Round 1 Allotment.txt,3053,
MP,Madhya Pradesh,2025,R1,NEET_AIR,83881.0,BHOPAL,MD RADIODIAGNOSIS,INST/UR/NRI/OP,,,MP__MP Round 1 Allotment.txt,3055,
MP,Madhya Pradesh,2025,R1,NEET_AIR,342.0,MICROBIOLOGY,Private Non Clinical,,,,MP__MP Round 1 Allotment.txt,3072,
MP,Madhya Pradesh,2025,R1,NEET_AIR,84043.0,COLLEGE INDORE,MD BLOOD TRANSFUSION,,,,MP__MP Round 1 Allotment.txt,3076,
MP,Madhya Pradesh,2025,R1,NEET_AIR,342.0,PATHOLOGY,Private Non Clinical,,,,MP__MP Round 1 Allotment.txt,3080,
MP,Madhya Pradesh,2025,R1,NEET_AIR,285.0,NOT ALLOTTED,NOT ALLOTTED NOT ALLOTTED,,,,MP__MP Round 1 Allotment.txt,3081,
MP,Madhya Pradesh,2025,R1,NEET_AIR,341.0,NOT ALLOTTED,NOT ALLOTTED NOT ALLOTTED,,,,MP__MP Round 1 Allotment.txt,3082,
MP,Madhya Pradesh,2025,R1,NEET_AIR,310.0,NOT ALLOTTED,NOT ALLOTTED NOT ALLOTTED,,,,MP__MP Round 1 Allotment.txt,3085,
MP,Madhya Pradesh,2025,R1,NEET_AIR,340.0,NOT ALLOTTED,NOT ALLOTTED NOT ALLOTTED,,,,MP__MP Round 1 Allotment.txt,3086,
MP,Madhya Pradesh,2025,R1,NEET_AIR,340.0,PAEDIATRICS,Private Clinical,,,,MP__MP Round 1 Allotment.txt,3087,
MP,Madhya Pradesh,2025,R1,NEET_AIR,339.0,NOT ALLOTTED,NOT ALLOTTED NOT ALLOTTED,,,,MP__MP Round 1 Allotment.txt,3090,
MP,Madhya Pradesh,2025,R1,NEET_AIR,338.0,NOT ALLOTTED,NOT ALLOTTED NOT ALLOTTED,,,,MP__MP Round 1 Allotment.txt,3095,
MP,Madhya Pradesh,2025,R1,NEET_AIR,338.0,RADIODIAGNOSIS,Private Clinical,,,,MP__MP Round 1 Allotment.txt,3100,
MP,Madhya Pradesh,2025,R1,NEET_AIR,338.0,PAEDIATRICS,Private Clinical,,,,MP__MP Round 1 Allotment.txt,3101,
MP,Madhya Pradesh,2025,R1,NEET_AIR,260.0,RADIODIAGNOSIS,Govt Clinical,,,,MP__MP Round 1 Allotment.txt,3103,
MP,Madhya Pradesh,2025,R1,NEET_AIR,337.0,NOT ALLOTTED,NOT ALLOTTED NOT ALLOTTED,,,,MP__MP Round 1 Allotment.txt,3104,
MP,Madhya Pradesh,2025,R1,NEET_AIR,337.0,GENERAL MEDICINE,Private Clinical,,,,MP__MP Round 1 Allotment.txt,3110,
MP,Madhya Pradesh,2025,R1,NEET_AIR,259.0,AND LEPROSY,Govt Clinical,,,,MP__MP Round 1 Allotment.txt,3117,
MP,Madhya Pradesh,2025,R1,NEET_AIR,86305.0,INDORE,MS OBSTETRICS AND GYNAECOLOGY,INST/UR/NRI/OP,,,MP__MP Round 1 Allotment.txt,3119,
MP,Madhya Pradesh,2025,R1,NEET_AIR,86318.0,NOT ALLOTTED,NOT ALLOTTED NOT ALLOTTED,NOT ALLOTTED,,,MP__MP Round 1 Allotment.txt,3120,
MP,Madhya Pradesh,2025,R1,NEET_AIR,86338.0,NOT ALLOTTED,NOT ALLOTTED NOT ALLOTTED,NOT ALLOTTED,,,MP__MP Round 1 Allotment.txt,3121,
MP,Madhya Pradesh,2025,R1,NEET_AIR,86409.0,NOT ALLOTTED,NOT ALLOTTED NOT ALLOTTED,NOT ALLOTTED,,,MP__MP Round 1 Allotment.txt,3122,
MP,Madhya Pradesh,2025,R1,NEET_AIR,86430.0,NOT ALLOTTED,NOT ALLOTTED NOT ALLOTTED,NOT ALLOTTED,,,MP__MP Round 1 Allotment.txt,3123,
MP,Madhya Pradesh,2025,R1,NEET_AIR,86533.0,NOT ALLOTTED,NOT ALLOTTED NOT ALLOTTED,NOT ALLOTTED,,,MP__MP Round 1 Allotment.txt,3124,
MP,Madhya Pradesh,2025,R1,NEET_AIR,86569.0,NOT ALLOTTED,NOT ALLOTTED NOT ALLOTTED,NOT ALLOTTED,,,MP__MP Round 1 Allotment.txt,3125,
MP,Madhya Pradesh,2025,R1,NEET_AIR,86649.0,RD GARDI MEDICAL COLLEGE UJJAIN,MD GENERAL MEDICINE,INST/UR/NRI/OP,,,MP__MP Round 1 Allotment.txt,3126,
MP,Madhya Pradesh,2025,R1,NEET_AIR,86751.0,NOT ALLOTTED,NOT ALLOTTED NOT ALLOTTED,NOT ALLOTTED,,,MP__MP Round 1 Allotment.txt,3127,
MP,Madhya Pradesh,2025,R1,NEET_AIR,86884.0,NOT ALLOTTED,NOT ALLOTTED NOT ALLOTTED,NOT ALLOTTED,,,MP__MP Round 1 Allotment.txt,3128,
MP,Madhya Pradesh,2025,R1,NEET_AIR,86932.0,NOT ALLOTTED,NOT ALLOTTED NOT ALLOTTED,NOT ALLOTTED,,,MP__MP Round 1 Allotment.txt,3129,
MP,Madhya Pradesh,2025,R1,NEET_AIR,86947.0,NOT ALLOTTED,NOT ALLOTTED NOT ALLOTTED,NOT ALLOTTED,,,MP__MP Round 1 Allotment.txt,3130,
MP,Madhya Pradesh,2025,R1,NEET_AIR,86948.0,NOT ALLOTTED,NOT ALLOTTED NOT ALLOTTED,NOT ALLOTTED,,,MP__MP Round 1 Allotment.txt,3131,
MP,Madhya Pradesh,2025,R1,NEET_AIR,86989.0,NOT ALLOTTED,NOT ALLOTTED NOT ALLOTTED,NOT ALLOTTED,,,MP__MP Round 1 Allotment.txt,3132,
MP,Madhya Pradesh,2025,R1,NEET_AIR,87016.0,NOT ALLOTTED,NOT ALLOTTED NOT ALLOTTED,NOT ALLOTTED,,,MP__MP Round 1 Allotment.txt,3133,
MP,Madhya Pradesh,2025,R1,NEET_AIR,87204.0,COLLEGE VIDISHA,MD PATHOLOGY,ST,,,MP__MP Round 1 Allotment.txt,3135,
MP,Madhya Pradesh,2025,R1,NEET_AIR,87455.0,NOT ALLOTTED,NOT ALLOTTED NOT ALLOTTED,NOT ALLOTTED,,,MP__MP Round 1 Allotment.txt,3136,
MP,Madhya Pradesh,2025,R1,NEET_AIR,87461.0,NOT ALLOTTED,NOT ALLOTTED NOT ALLOTTED,NOT ALLOTTED,,,MP__MP Round 1 Allotment.txt,3137,
MP,Madhya Pradesh,2025,R1,NEET_AIR,87515.0,NOT ALLOTTED,NOT ALLOTTED NOT ALLOTTED,NOT ALLOTTED,,,MP__MP Round 1 Allotment.txt,3138,
MP,Madhya Pradesh,2025,R1,NEET_AIR,87544.0,NOT ALLOTTED,NOT ALLOTTED NOT ALLOTTED,NOT ALLOTTED,,,MP__MP Round 1 Allotment.txt,3139,
MP,Madhya Pradesh,2025,R1,NEET_AIR,87587.0,NOT ALLOTTED,NOT ALLOTTED NOT ALLOTTED,NOT ALLOTTED,,,MP__MP Round 1 Allotment.txt,3140,
MP,Madhya Pradesh,2025,R1,NEET_AIR,87603.0,NOT ALLOTTED,NOT ALLOTTED NOT ALLOTTED,NOT ALLOTTED,,,MP__MP Round 1 Allotment.txt,3141,
MP,Madhya Pradesh,2025,R1,NEET_AIR,87669.0,NOT ALLOTTED,NOT ALLOTTED NOT ALLOTTED,NOT ALLOTTED,,,MP__MP Round 1 Allotment.txt,3142,
MP,Madhya Pradesh,2025,R1,NEET_AIR,87678.0,NOT ALLOTTED,NOT ALLOTTED NOT ALLOTTED,NOT ALLOTTED,,,MP__MP Round 1 Allotment.txt,3143,
MP,Madhya Pradesh,2025,R1,NEET_AIR,87741.0,NOT ALLOTTED,NOT ALLOTTED NOT ALLOTTED,NOT ALLOTTED,,,MP__MP Round 1 Allotment.txt,3144,
MP,Madhya Pradesh,2025,R1,NEET_AIR,87890.0,NOT ALLOTTED,NOT ALLOTTED NOT ALLOTTED,NOT ALLOTTED,,,MP__MP Round 1 Allotment.txt,3145,
MP,Madhya Pradesh,2025,R1,NEET_AIR,87928.0,NOT ALLOTTED,NOT ALLOTTED NOT ALLOTTED,NOT ALLOTTED,,,MP__MP Round 1 Allotment.txt,3146,
MP,Madhya Pradesh,2025,R1,NEET_AIR,87936.0,NOT ALLOTTED,NOT ALLOTTED NOT ALLOTTED,NOT ALLOTTED,,,MP__MP Round 1 Allotment.txt,3147,
MP,Madhya Pradesh,2025,R1,NEET_AIR,87979.0,NOT ALLOTTED,NOT ALLOTTED NOT ALLOTTED,NOT ALLOTTED,,,MP__MP Round 1 Allotment.txt,3148,
MP,Madhya Pradesh,2025,R1,NEET_AIR,87996.0,NOT ALLOTTED,NOT ALLOTTED NOT ALLOTTED,NOT ALLOTTED,,,MP__MP Round 1 Allotment.txt,3149,
MP,Madhya Pradesh,2025,R1,NEET_AIR,88020.0,NOT ALLOTTED,NOT ALLOTTED NOT ALLOTTED,NOT ALLOTTED,,,MP__MP Round 1 Allotment.txt,3150,
MP,Madhya Pradesh,2025,R1,NEET_AIR,88167.0,NOT ALLOTTED,NOT ALLOTTED NOT ALLOTTED,NOT ALLOTTED,,,MP__MP Round 1 Allotment.txt,3151,
MP,Madhya Pradesh,2025,R1,NEET_AIR,88176.0,NOT ALLOTTED,NOT ALLOTTED NOT ALLOTTED,NOT ALLOTTED,,,MP__MP Round 1 Allotment.txt,3152,
MP,Madhya Pradesh,2025,R1,NEET_AIR,88258.0,RD GARDI MEDICAL COLLEGE UJJAIN,MD ANAESTHESIOLOGY,SC,,,MP__MP Round 1 Allotment.txt,3153,
MP,Madhya Pradesh,2025,R1,NEET_AIR,88291.0,NOT ALLOTTED,NOT ALLOTTED NOT ALLOTTED,NOT ALLOTTED,,,MP__MP Round 1 Allotment.txt,3154,
MP,Madhya Pradesh,2025,R1,NEET_AIR,88304.0,NOT ALLOTTED,NOT ALLOTTED NOT ALLOTTED,NOT ALLOTTED,,,MP__MP Round 1 Allotment.txt,3155,
MP,Madhya Pradesh,2025,R1,NEET_AIR,88335.0,NOT ALLOTTED,NOT ALLOTTED NOT ALLOTTED,NOT ALLOTTED,,,MP__MP Round 1 Allotment.txt,3156,
MP,Madhya Pradesh,2025,R1,NEET_AIR,88421.0,BHOPAL,MD PAEDIATRICS,SC,,,MP__MP Round 1 Allotment.txt,3158,
MP,Madhya Pradesh,2025,R1,NEET_AIR,255.0,OBSTETRICS AND GYNAECOLOGY,Govt Clinical,,,,MP__MP Round 1 Allotment.txt,3160,
MP,Madhya Pradesh,2025,R1,NEET_AIR,276.0,NOT ALLOTTED,NOT ALLOTTED NOT ALLOTTED,,,,MP__MP Round 1 Allotment.txt,3161,
MP,Madhya Pradesh,2025,R1,NEET_AIR,331.0,NOT ALLOTTED,NOT ALLOTTED NOT ALLOTTED,,,,MP__MP Round 1 Allotment.txt,3162,
MP,Madhya Pradesh,2025,R1,NEET_AIR,330.0,NOT ALLOTTED,NOT ALLOTTED NOT ALLOTTED,,,,MP__MP Round 1 Allotment.txt,3164,
MP,Madhya Pradesh,2025,R1,NEET_AIR,330.0,PATHOLOGY,Private Non Clinical,,,,MP__MP Round 1 Allotment.txt,3166,
MP,Madhya Pradesh,2025,R1,NEET_AIR,300.0,NOT ALLOTTED,NOT ALLOTTED NOT ALLOTTED,,,,MP__MP Round 1 Allotment.txt,3169,
MP,Madhya Pradesh,2025,R1,NEET_AIR,329.0,NOT ALLOTTED,NOT ALLOTTED NOT ALLOTTED,,,,MP__MP Round 1 Allotment.txt,3170,
MP,Madhya Pradesh,2025,R1,NEET_AIR,328.0,NOT ALLOTTED,NOT ALLOTTED NOT ALLOTTED,,,,MP__MP Round 1 Allotment.txt,3180,
MP,Madhya Pradesh,2025,R1,NEET_AIR,327.0,MICROBIOLOGY,Govt Non Clinical,,,,MP__MP Round 1 Allotment.txt,3185,
MP,Madhya Pradesh,2025,R1,NEET_AIR,327.0,NOT ALLOTTED,NOT ALLOTTED NOT ALLOTTED,,,,MP__MP Round 1 Allotment.txt,3186,
MP,Madhya Pradesh,2025,R1,NEET_AIR,326.0,NOT ALLOTTED,NOT ALLOTTED NOT ALLOTTED,,,,MP__MP Round 1 Allotment.txt,3187,
MP,Madhya Pradesh,2025,R1,NEET_AIR,326.0,COMMUNITY MEDICINE,Govt Non Clinical,,,,MP__MP Round 1 Allotment.txt,3191,
MP,Madhya Pradesh,2025,R1,NEET_AIR,325.0,NOT ALLOTTED,NOT ALLOTTED NOT ALLOTTED,,,,MP__MP Round 1 Allotment.txt,3192,
MP,Madhya Pradesh,2025,R1,NEET_AIR,91551.0,PEOPLES COLLEGE OF MEDICAL SCIENCE BHOPAL ANAESTHESIOLOGY,MD Clinical,,,,MP__MP Round 1 Allotment.txt,3201,
MP,Madhya Pradesh,2025,R1,NEET_AIR,250.0,OBSTETRICS AND GYNAECOLOGY,Govt Clinical,,,,MP__MP Round 1 Allotment.txt,3215,
MP,Madhya Pradesh,2025,R1,NEET_AIR,324.0,NOT ALLOTTED,NOT ALLOTTED NOT ALLOTTED,,,,MP__MP Round 1 Allotment.txt,3216,
MP,Madhya Pradesh,2025,R1,NEET_AIR,324.0,ANATOMY,Govt Non Clinical,,,,MP__MP Round 1 Allotment.txt,3218,
MP,Madhya Pradesh,2025,R1,NEET_AIR,324.0,MICROBIOLOGY,Govt Non Clinical,,,,MP__MP Round 1 Allotment.txt,3223,
MP,Madhya Pradesh,2025,R1,NEET_AIR,249.0,PSYCHIATRY,Govt Clinical,,,,MP__MP Round 1 Allotment.txt,3227,
MP,Madhya Pradesh,2025,R1,NEET_AIR,92086.0,INDORE,MD PATHOLOGY,INST/UR/X/OP,,,MP__MP Round 1 Allotment.txt,3229,
MP,Madhya Pradesh,2025,R1,NEET_AIR,92177.0,NOT ALLOTTED,NOT ALLOTTED NOT ALLOTTED,NOT ALLOTTED,,,MP__MP Round 1 Allotment.txt,3230,
MP,Madhya Pradesh,2025,R1,NEET_AIR,92355.0,NOT ALLOTTED,NOT ALLOTTED NOT ALLOTTED,NOT ALLOTTED,,,MP__MP Round 1 Allotment.txt,3231,
MP,Madhya Pradesh,2025,R1,NEET_AIR,92365.0,NOT ALLOTTED,NOT ALLOTTED NOT ALLOTTED,NOT ALLOTTED,,,MP__MP Round 1 Allotment.txt,3232,
MP,Madhya Pradesh,2025,R1,NEET_AIR,92367.0,COLLEGE VIDISHA,MD MICROBIOLOGY,,,,MP__MP Round 1 Allotment.txt,3234,
MP,Madhya Pradesh,2025,R1,NEET_AIR,92394.0,NOT ALLOTTED,NOT ALLOTTED NOT ALLOTTED NOT ALLOTTED NOT ALLOTTED,,,,MP__MP Round 1 Allotment.txt,3235,
MP,Madhya Pradesh,2025,R1,NEET_AIR,92469.0,BHOPAL,MD PATHOLOGY,OBC,,,MP__MP Round 1 Allotment.txt,3237,
MP,Madhya Pradesh,2025,R1,NEET_AIR,92514.0,NOT ALLOTTED,NOT ALLOTTED NOT ALLOTTED,NOT ALLOTTED,,,MP__MP Round 1 Allotment.txt,3238,
MP,Madhya Pradesh,2025,R1,NEET_AIR,92589.0,NOT ALLOTTED,NOT ALLOTTED NOT ALLOTTED,NOT ALLOTTED,,,MP__MP Round 1 Allotment.txt,3239,
MP,Madhya Pradesh,2025,R1,NEET_AIR,92606.0,NOT ALLOTTED,NOT ALLOTTED NOT ALLOTTED,NOT ALLOTTED,,,MP__MP Round 1 Allotment.txt,3240,
MP,Madhya Pradesh,2025,R1,NEET_AIR,92633.0,NOT ALLOTTED,NOT ALLOTTED NOT ALLOTTED,NOT ALLOTTED,,,MP__MP Round 1 Allotment.txt,3241,
MP,Madhya Pradesh,2025,R1,NEET_AIR,92667.0,NOT ALLOTTED,NOT ALLOTTED NOT ALLOTTED,NOT ALLOTTED,,,MP__MP Round 1 Allotment.txt,3242,
MP,Madhya Pradesh,2025,R1,NEET_AIR,92671.0,NOT ALLOTTED,NOT ALLOTTED NOT ALLOTTED,NOT ALLOTTED,,,MP__MP Round 1 Allotment.txt,3243,
MP,Madhya Pradesh,2025,R1,NEET_AIR,92704.0,NOT ALLOTTED,NOT ALLOTTED NOT ALLOTTED,NOT ALLOTTED,,,MP__MP Round 1 Allotment.txt,3244,
MP,Madhya Pradesh,2025,R1,NEET_AIR,92755.0,NOT ALLOTTED,NOT ALLOTTED NOT ALLOTTED,NOT ALLOTTED,,,MP__MP Round 1 Allotment.txt,3245,
MP,Madhya Pradesh,2025,R1,NEET_AIR,92872.0,NOT ALLOTTED,NOT ALLOTTED NOT ALLOTTED,NOT ALLOTTED,,,MP__MP Round 1 Allotment.txt,3246,
MP,Madhya Pradesh,2025,R1,NEET_AIR,247.0,PAEDIATRICS,Govt Clinical,,,,MP__MP Round 1 Allotment.txt,3248,
MP,Madhya Pradesh,2025,R1,NEET_AIR,321.0,NOT ALLOTTED,NOT ALLOTTED NOT ALLOTTED,,,,MP__MP Round 1 Allotment.txt,3249,
MP,Madhya Pradesh,2025,R1,NEET_AIR,321.0,PHYSIOLOGY,Govt Non Clinical,,,,MP__MP Round 1 Allotment.txt,3256,
MP,Madhya Pradesh,2025,R1,NEET_AIR,267.0,NOT ALLOTTED,NOT ALLOTTED NOT ALLOTTED,,,,MP__MP Round 1 Allotment.txt,3258,
MP,Madhya Pradesh,2025,R1,NEET_AIR,320.0,NOT ALLOTTED,NOT ALLOTTED NOT ALLOTTED,,,,MP__MP Round 1 Allotment.txt,3259,
MP,Madhya Pradesh,2025,R1,NEET_AIR,319.0,COMMUNITY MEDICINE,Govt Non Clinical,,,,MP__MP Round 1 Allotment.txt,3265,
MP,Madhya Pradesh,2025,R1,NEET_AIR,319.0,NOT ALLOTTED,NOT ALLOTTED NOT ALLOTTED,,,,MP__MP Round 1 Allotment.txt,3266,
MP,Madhya Pradesh,2025,R1,NEET_AIR,245.0,ORTHOPAEDICS,Govt Clinical,,,,MP__MP Round 1 Allotment.txt,3270,
MP,Madhya Pradesh,2025,R1,NEET_AIR,318.0,ANAESTHESIOLOGY,Private Clinical,,,,MP__MP Round 1 Allotment.txt,3271,
MP,Madhya Pradesh,2025,R1,NEET_AIR,318.0,NOT ALLOTTED,NOT ALLOTTED NOT ALLOTTED,,,,MP__MP Round 1 Allotment.txt,3272,
MP,Madhya Pradesh,2025,R1,NEET_AIR,317.0,NOT ALLOTTED,NOT ALLOTTED NOT ALLOTTED,,,,MP__MP Round 1 Allotment.txt,3275,
MP,Madhya Pradesh,2025,R1,NEET_AIR,95044.0,INDORE,MD GENERAL MEDICINE,INST/UR/NRI/OP,,,MP__MP Round 1 Allotment.txt,3279,
MP,Madhya Pradesh,2025,R1,NEET_AIR,95148.0,LN MEDICAL COLLEGE BHOPAL,MD PATHOLOGY,UR/X/OP,,,MP__MP Round 1 Allotment.txt,3280,
MP,Madhya Pradesh,2025,R1,NEET_AIR,95262.0,RD GARDI MEDICAL COLLEGE UJJAIN,MD GENERAL MEDICINE,INST/UR/NRI/OP,,,MP__MP Round 1 Allotment.txt,3281,
MP,Madhya Pradesh,2025,R1,NEET_AIR,95486.0,NOT ALLOTTED,NOT ALLOTTED NOT ALLOTTED,NOT ALLOTTED,,,MP__MP Round 1 Allotment.txt,3282,
MP,Madhya Pradesh,2025,R1,NEET_AIR,95525.0,RESEARCH CENTER INDORE,MD PATHOLOGY,UR/X/OP,,,MP__MP Round 1 Allotment.txt,3284,
MP,Madhya Pradesh,2025,R1,NEET_AIR,95573.0,NOT ALLOTTED,NOT ALLOTTED NOT ALLOTTED,NOT ALLOTTED,,,MP__MP Round 1 Allotment.txt,3285,
MP,Madhya Pradesh,2025,R1,NEET_AIR,95595.0,NOT ALLOTTED,NOT ALLOTTED NOT ALLOTTED,NOT ALLOTTED,,,MP__MP Round 1 Allotment.txt,3286,
MP,Madhya Pradesh,2025,R1,NEET_AIR,95649.0,NOT ALLOTTED,NOT ALLOTTED NOT ALLOTTED,NOT ALLOTTED,,,MP__MP Round 1 Allotment.txt,3287,
MP,Madhya Pradesh,2025,R1,NEET_AIR,95689.0,RD GARDI MEDICAL COLLEGE UJJAIN,MD PATHOLOGY,INST/UR/X/OP,,,MP__MP Round 1 Allotment.txt,3288,
MP,Madhya Pradesh,2025,R1,NEET_AIR,95741.0,NOT ALLOTTED,NOT ALLOTTED NOT ALLOTTED,NOT ALLOTTED,,,MP__MP Round 1 Allotment.txt,3289,
MP,Madhya Pradesh,2025,R1,NEET_AIR,95935.0,NOT ALLOTTED,NOT ALLOTTED NOT ALLOTTED,NOT ALLOTTED,,,MP__MP Round 1 Allotment.txt,3290,
MP,Madhya Pradesh,2025,R1,NEET_AIR,95967.0,NOT ALLOTTED,NOT ALLOTTED NOT ALLOTTED,NOT ALLOTTED,,,MP__MP Round 1 Allotment.txt,3291,
MP,Madhya Pradesh,2025,R1,NEET_AIR,315.0,GENERAL MEDICINE,Private Clinical,,,,MP__MP Round 1 Allotment.txt,3293,
MP,Madhya Pradesh,2025,R1,NEET_AIR,315.0,NOT ALLOTTED,NOT ALLOTTED NOT ALLOTTED,,,,MP__MP Round 1 Allotment.txt,3294,
MP,Madhya Pradesh,2025,R1,NEET_AIR,314.0,NOT ALLOTTED,NOT ALLOTTED NOT ALLOTTED,,,,MP__MP Round 1 Allotment.txt,3295,
MP,Madhya Pradesh,2025,R1,NEET_AIR,313.0,NOT ALLOTTED,NOT ALLOTTED NOT ALLOTTED,,,,MP__MP Round 1 Allotment.txt,3303,
MP,Madhya Pradesh,2025,R1,NEET_AIR,312.0,COMMUNITY MEDICINE,Govt Non Clinical,,,,MP__MP Round 1 Allotment.txt,3308,
MP,Madhya Pradesh,2025,R1,NEET_AIR,312.0,NOT ALLOTTED,NOT ALLOTTED NOT ALLOTTED,,,,MP__MP Round 1 Allotment.txt,3309,
MP,Madhya Pradesh,2025,R1,NEET_AIR,260.0,NOT ALLOTTED,NOT ALLOTTED NOT ALLOTTED,,,,MP__MP Round 1 Allotment.txt,3318,
MP,Madhya Pradesh,2025,R1,NEET_AIR,240.0,ANAESTHESIOLOGY,Govt Clinical,,,,MP__MP Round 1 Allotment.txt,3320,
MP,Madhya Pradesh,2025,R1,NEET_AIR,97783.0,PEOPLES COLLEGE OF MEDICAL SCIENCE BHOPAL,MD PATHOLOGY,INST/UR/X/OP,,,MP__MP Round 1 Allotment.txt,3323,
MP,Madhya Pradesh,2025,R1,NEET_AIR,97809.0,INDORE,MD RESPIRATORY MEDICINE,SC,,,MP__MP Round 1 Allotment.txt,3325,
MP,Madhya Pradesh,2025,R1,NEET_AIR,97844.0,NOT ALLOTTED,NOT ALLOTTED NOT ALLOTTED,NOT ALLOTTED,,,MP__MP Round 1 Allotment.txt,3326,
MP,Madhya Pradesh,2025,R1,NEET_AIR,97998.0,NOT ALLOTTED,NOT ALLOTTED NOT ALLOTTED,NOT ALLOTTED,,,MP__MP Round 1 Allotment.txt,3327,
MP,Madhya Pradesh,2025,R1,NEET_AIR,98082.0,NOT ALLOTTED,NOT ALLOTTED NOT ALLOTTED,NOT ALLOTTED,,,MP__MP Round 1 Allotment.txt,3328,
MP,Madhya Pradesh,2025,R1,NEET_AIR,98137.0,NOT ALLOTTED,NOT ALLOTTED NOT ALLOTTED,NOT ALLOTTED,,,MP__MP Round 1 Allotment.txt,3329,
MP,Madhya Pradesh,2025,R1,NEET_AIR,98227.0,NOT ALLOTTED,NOT ALLOTTED NOT ALLOTTED,NOT ALLOTTED,,,MP__MP Round 1 Allotment.txt,3330,
MP,Madhya Pradesh,2025,R1,NEET_AIR,98366.0,NOT ALLOTTED,NOT ALLOTTED NOT ALLOTTED,NOT ALLOTTED,,,MP__MP Round 1 Allotment.txt,3331,
MP,Madhya Pradesh,2025,R1,NEET_AIR,98377.0,NOT ALLOTTED,NOT ALLOTTED NOT ALLOTTED,NOT ALLOTTED,,,MP__MP Round 1 Allotment.txt,3332,
MP,Madhya Pradesh,2025,R1,NEET_AIR,98400.0,NOT ALLOTTED,NOT ALLOTTED NOT ALLOTTED,NOT ALLOTTED,,,MP__MP Round 1 Allotment.txt,3333,
MP,Madhya Pradesh,2025,R1,NEET_AIR,98442.0,NOT ALLOTTED,NOT ALLOTTED NOT ALLOTTED,NOT ALLOTTED,,,MP__MP Round 1 Allotment.txt,3334,
MP,Madhya Pradesh,2025,R1,NEET_AIR,98466.0,NOT ALLOTTED,NOT ALLOTTED NOT ALLOTTED,NOT ALLOTTED,,,MP__MP Round 1 Allotment.txt,3335,
MP,Madhya Pradesh,2025,R1,NEET_AIR,98532.0,NOT ALLOTTED,NOT ALLOTTED NOT ALLOTTED,NOT ALLOTTED,,,MP__MP Round 1 Allotment.txt,3336,
MP,Madhya Pradesh,2025,R1,NEET_AIR,98555.0,NOT ALLOTTED,NOT ALLOTTED NOT ALLOTTED,NOT ALLOTTED,,,MP__MP Round 1 Allotment.txt,3337,
MP,Madhya Pradesh,2025,R1,NEET_AIR,98633.0,NOT ALLOTTED,NOT ALLOTTED NOT ALLOTTED,NOT ALLOTTED,,,MP__MP Round 1 Allotment.txt,3338,
MP,Madhya Pradesh,2025,R1,NEET_AIR,98743.0,NOT ALLOTTED,NOT ALLOTTED NOT ALLOTTED,NOT ALLOTTED,,,MP__MP Round 1 Allotment.txt,3339,
MP,Madhya Pradesh,2025,R1,NEET_AIR,98760.0,NOT ALLOTTED,NOT ALLOTTED NOT ALLOTTED,NOT ALLOTTED,,,MP__MP Round 1 Allotment.txt,3340,
MP,Madhya Pradesh,2025,R1,NEET_AIR,98804.0,NOT ALLOTTED,NOT ALLOTTED NOT ALLOTTED,NOT ALLOTTED,,,MP__MP Round 1 Allotment.txt,3341,
MP,Madhya Pradesh,2025,R1,NEET_AIR,98810.0,NOT ALLOTTED,NOT ALLOTTED NOT ALLOTTED,NOT ALLOTTED,,,MP__MP Round 1 Allotment.txt,3342,
MP,Madhya Pradesh,2025,R1,NEET_AIR,99055.0,NOT ALLOTTED,NOT ALLOTTED NOT ALLOTTED,NOT ALLOTTED,,,MP__MP Round 1 Allotment.txt,3343,
MP,Madhya Pradesh,2025,R1,NEET_AIR,99064.0,NOT ALLOTTED,NOT ALLOTTED NOT ALLOTTED,NOT ALLOTTED,,,MP__MP Round 1 Allotment.txt,3344,
MP,Madhya Pradesh,2025,R1,NEET_AIR,99075.0,NOT ALLOTTED,NOT ALLOTTED NOT ALLOTTED,NOT ALLOTTED,,,MP__MP Round 1 Allotment.txt,3345,
MP,Madhya Pradesh,2025,R1,NEET_AIR,99093.0,NOT ALLOTTED,NOT ALLOTTED NOT ALLOTTED,NOT ALLOTTED,,,MP__MP Round 1 Allotment.txt,3346,
MP,Madhya Pradesh,2025,R1,NEET_AIR,99146.0,NOT ALLOTTED,NOT ALLOTTED NOT ALLOTTED,NOT ALLOTTED,,,MP__MP Round 1 Allotment.txt,3347,
MP,Madhya Pradesh,2025,R1,NEET_AIR,309.0,NOT ALLOTTED,NOT ALLOTTED NOT ALLOTTED,,,,MP__MP Round 1 Allotment.txt,3357,
MP,Madhya Pradesh,2025,R1,NEET_AIR,237.0,NOT ALLOTTED,NOT ALLOTTED NOT ALLOTTED,,,,MP__MP Round 1 Allotment.txt,3360,
MP,Madhya Pradesh,2025,R1,NEET_AIR,308.0,NOT ALLOTTED,NOT ALLOTTED NOT ALLOTTED,,,,MP__MP Round 1 Allotment.txt,3361,
MP,Madhya Pradesh,2025,R1,NEET_AIR,99300.0,PEOPLES COLLEGE OF MEDICAL SCIENCE BHOPAL,MD MICROBIOLOGY,UR/X/OP,,,MP__MP Round 1 Allotment.txt,3363,
MP,Madhya Pradesh,2025,R1,NEET_AIR,99359.0,NOT ALLOTTED,NOT ALLOTTED NOT ALLOTTED,NOT ALLOTTED,,,MP__MP Round 1 Allotment.txt,3364,
MP,Madhya Pradesh,2025,R1,NEET_AIR,99432.0,NOT ALLOTTED,NOT ALLOTTED NOT ALLOTTED,NOT ALLOTTED,,,MP__MP Round 1 Allotment.txt,3365,
MP,Madhya Pradesh,2025,R1,NEET_AIR,99440.0,NOT ALLOTTED,NOT ALLOTTED NOT ALLOTTED,NOT ALLOTTED,,,MP__MP Round 1 Allotment.txt,3366,
MP,Madhya Pradesh,2025,R1,NEET_AIR,99481.0,NOT ALLOTTED,NOT ALLOTTED NOT ALLOTTED,NOT ALLOTTED,,,MP__MP Round 1 Allotment.txt,3367,
MP,Madhya Pradesh,2025,R1,NEET_AIR,99511.0,NOT ALLOTTED,NOT ALLOTTED NOT ALLOTTED,NOT ALLOTTED,,,MP__MP Round 1 Allotment.txt,3368,
MP,Madhya Pradesh,2025,R1,NEET_AIR,99625.0,NOT ALLOTTED,NOT ALLOTTED NOT ALLOTTED,NOT ALLOTTED,,,MP__MP Round 1 Allotment.txt,3369,
MP,Madhya Pradesh,2025,R1,NEET_AIR,99630.0,NOT ALLOTTED,NOT ALLOTTED NOT ALLOTTED,NOT ALLOTTED,,,MP__MP Round 1 Allotment.txt,3370,
MP,Madhya Pradesh,2025,R1,NEET_AIR,99652.0,PEOPLES COLLEGE OF MEDICAL SCIENCE BHOPAL,MS GENERAL SURGERY,INST/UR/NRI/OP,,,MP__MP Round 1 Allotment.txt,3372,
MP,Madhya Pradesh,2025,R1,NEET_AIR,99663.0,NOT ALLOTTED,NOT ALLOTTED NOT ALLOTTED,NOT ALLOTTED,,,MP__MP Round 1 Allotment.txt,3373,
MP,Madhya Pradesh,2025,R1,NEET_AIR,99753.0,NOT ALLOTTED,NOT ALLOTTED NOT ALLOTTED,NOT ALLOTTED,,,MP__MP Round 1 Allotment.txt,3374,
MP,Madhya Pradesh,2025,R1,NEET_AIR,99824.0,NOT ALLOTTED,NOT ALLOTTED NOT ALLOTTED,NOT ALLOTTED,,,MP__MP Round 1 Allotment.txt,3375,
MP,Madhya Pradesh,2025,R1,NEET_AIR,307.0,MICROBIOLOGY,Govt Non Clinical,,,,MP__MP Round 1 Allotment.txt,3377,
MP,Madhya Pradesh,2025,R1,NEET_AIR,307.0,NOT ALLOTTED,NOT ALLOTTED NOT ALLOTTED,,,,MP__MP Round 1 Allotment.txt,3378,
MP,Madhya Pradesh,2025,R1,NEET_AIR,306.0,NOT ALLOTTED,NOT ALLOTTED NOT ALLOTTED,,,,MP__MP Round 1 Allotment.txt,3381,
MP,Madhya Pradesh,2025,R1,NEET_AIR,100207.0,COLLEGE VIDISHA,MD COMMUNITY MEDICINE,ST,,,MP__MP Round 1 Allotment.txt,3383,
MP,Madhya Pradesh,2025,R1,NEET_AIR,100269.0,NOT ALLOTTED,NOT ALLOTTED NOT ALLOTTED,NOT ALLOTTED,,,MP__MP Round 1 Allotment.txt,3384,
MP,Madhya Pradesh,2025,R1,NEET_AIR,100321.0,LN MEDICAL COLLEGE BHOPAL,MD PATHOLOGY,INST/UR/X/OP,,,MP__MP Round 1 Allotment.txt,3385,
MP,Madhya Pradesh,2025,R1,NEET_AIR,100322.0,NOT ALLOTTED,NOT ALLOTTED NOT ALLOTTED,NOT ALLOTTED,,,MP__MP Round 1 Allotment.txt,3386,
MP,Madhya Pradesh,2025,R1,NEET_AIR,100491.0,RD GARDI MEDICAL COLLEGE UJJAIN,MD RESPIRATORY MEDICINE,SC,,,MP__MP Round 1 Allotment.txt,3387,
MP,Madhya Pradesh,2025,R1,NEET_AIR,138066.0,COLLEGE JABALPUR,MS OBSTETRICS AND GYNAECOLOGY,IN_OBC/X/OP,,,MP__MP Round 1 Allotment.txt,3389,
MP,Madhya Pradesh,2025,R1,NEET_AIR,100566.0,NOT ALLOTTED,NOT ALLOTTED NOT ALLOTTED,NOT ALLOTTED,,,MP__MP Round 1 Allotment.txt,3390,
MP,Madhya Pradesh,2025,R1,NEET_AIR,100813.0,NOT ALLOTTED,NOT ALLOTTED NOT ALLOTTED,NOT ALLOTTED,,,MP__MP Round 1 Allotment.txt,3391,
MP,Madhya Pradesh,2025,R1,NEET_AIR,100871.0,NOT ALLOTTED,NOT ALLOTTED NOT ALLOTTED,NOT ALLOTTED,,,MP__MP Round 1 Allotment.txt,3392,
MP,Madhya Pradesh,2025,R1,NEET_AIR,100945.0,NOT ALLOTTED,NOT ALLOTTED NOT ALLOTTED,NOT ALLOTTED,,,MP__MP Round 1 Allotment.txt,3393,
MP,Madhya Pradesh,2025,R1,NEET_AIR,101058.0,NOT ALLOTTED,NOT ALLOTTED NOT ALLOTTED,NOT ALLOTTED,,,MP__MP Round 1 Allotment.txt,3394,
MP,Madhya Pradesh,2025,R1,NEET_AIR,101224.0,NOT ALLOTTED,NOT ALLOTTED NOT ALLOTTED,NOT ALLOTTED,,,MP__MP Round 1 Allotment.txt,3395,
MP,Madhya Pradesh,2025,R1,NEET_AIR,101304.0,NOT ALLOTTED,NOT ALLOTTED NOT ALLOTTED,NOT ALLOTTED,,,MP__MP Round 1 Allotment.txt,3396,
MP,Madhya Pradesh,2025,R1,NEET_AIR,101306.0,NOT ALLOTTED,NOT ALLOTTED NOT ALLOTTED,NOT ALLOTTED,,,MP__MP Round 1 Allotment.txt,3397,
MP,Madhya Pradesh,2025,R1,NEET_AIR,101311.0,NOT ALLOTTED,NOT ALLOTTED NOT ALLOTTED,NOT ALLOTTED,,,MP__MP Round 1 Allotment.txt,3398,
MP,Madhya Pradesh,2025,R1,NEET_AIR,101333.0,NOT ALLOTTED,NOT ALLOTTED NOT ALLOTTED,NOT ALLOTTED,,,MP__MP Round 1 Allotment.txt,3399,
MP,Madhya Pradesh,2025,R1,NEET_AIR,101337.0,NOT ALLOTTED,NOT ALLOTTED NOT ALLOTTED,NOT ALLOTTED,,,MP__MP Round 1 Allotment.txt,3400,
MP,Madhya Pradesh,2025,R1,NEET_AIR,101359.0,NOT ALLOTTED,NOT ALLOTTED NOT ALLOTTED,NOT ALLOTTED,,,MP__MP Round 1 Allotment.txt,3401,
MP,Madhya Pradesh,2025,R1,NEET_AIR,101393.0,NOT ALLOTTED,NOT ALLOTTED NOT ALLOTTED,NOT ALLOTTED,,,MP__MP Round 1 Allotment.txt,3402,
MP,Madhya Pradesh,2025,R1,NEET_AIR,101398.0,NOT ALLOTTED,NOT ALLOTTED NOT ALLOTTED,NOT ALLOTTED,,,MP__MP Round 1 Allotment.txt,3403,
MP,Madhya Pradesh,2025,R1,NEET_AIR,101497.0,NOT ALLOTTED,NOT ALLOTTED NOT ALLOTTED,NOT ALLOTTED,,,MP__MP Round 1 Allotment.txt,3404,
MP,Madhya Pradesh,2025,R1,NEET_AIR,101584.0,INDORE,MS GENERAL SURGERY,SC,,,MP__MP Round 1 Allotment.txt,3406,
MP,Madhya Pradesh,2025,R1,NEET_AIR,101609.0,NOT ALLOTTED,NOT ALLOTTED NOT ALLOTTED,NOT ALLOTTED,,,MP__MP Round 1 Allotment.txt,3407,
MP,Madhya Pradesh,2025,R1,NEET_AIR,101708.0,NOT ALLOTTED,NOT ALLOTTED NOT ALLOTTED,NOT ALLOTTED,,,MP__MP Round 1 Allotment.txt,3408,
MP,Madhya Pradesh,2025,R1,NEET_AIR,101758.0,NOT ALLOTTED,NOT ALLOTTED NOT ALLOTTED,NOT ALLOTTED,,,MP__MP Round 1 Allotment.txt,3409,
MP,Madhya Pradesh,2025,R1,NEET_AIR,101786.0,NOT ALLOTTED,NOT ALLOTTED NOT ALLOTTED,NOT ALLOTTED,,,MP__MP Round 1 Allotment.txt,3410,
MP,Madhya Pradesh,2025,R1,NEET_AIR,101893.0,RESEARCH CENTER INDORE,MD ANAESTHESIOLOGY,OBC,,,MP__MP Round 1 Allotment.txt,3412,
MP,Madhya Pradesh,2025,R1,NEET_AIR,102077.0,NOT ALLOTTED,NOT ALLOTTED NOT ALLOTTED,NOT ALLOTTED,,,MP__MP Round 1 Allotment.txt,3413,
MP,Madhya Pradesh,2025,R1,NEET_AIR,102083.0,NOT ALLOTTED,NOT ALLOTTED NOT ALLOTTED,NOT ALLOTTED,,,MP__MP Round 1 Allotment.txt,3414,
MP,Madhya Pradesh,2025,R1,NEET_AIR,102142.0,NOT ALLOTTED,NOT ALLOTTED NOT ALLOTTED,NOT ALLOTTED,,,MP__MP Round 1 Allotment.txt,3415,
MP,Madhya Pradesh,2025,R1,NEET_AIR,102163.0,NOT ALLOTTED,NOT ALLOTTED NOT ALLOTTED,NOT ALLOTTED,,,MP__MP Round 1 Allotment.txt,3416,
MP,Madhya Pradesh,2025,R1,NEET_AIR,102314.0,NOT ALLOTTED,NOT ALLOTTED NOT ALLOTTED,NOT ALLOTTED,,,MP__MP Round 1 Allotment.txt,3417,
MP,Madhya Pradesh,2025,R1,NEET_AIR,102392.0,NOT ALLOTTED,NOT ALLOTTED NOT ALLOTTED,NOT ALLOTTED,,,MP__MP Round 1 Allotment.txt,3418,
MP,Madhya Pradesh,2025,R1,NEET_AIR,102397.0,NOT ALLOTTED,NOT ALLOTTED NOT ALLOTTED,NOT ALLOTTED,,,MP__MP Round 1 Allotment.txt,3419,
MP,Madhya Pradesh,2025,R1,NEET_AIR,102541.0,NOT ALLOTTED,NOT ALLOTTED NOT ALLOTTED,NOT ALLOTTED,,,MP__MP Round 1 Allotment.txt,3420,
MP,Madhya Pradesh,2025,R1,NEET_AIR,102545.0,NOT ALLOTTED,NOT ALLOTTED NOT ALLOTTED,NOT ALLOTTED,,,MP__MP Round 1 Allotment.txt,3421,
MP,Madhya Pradesh,2025,R1,NEET_AIR,102587.0,NOT ALLOTTED,NOT ALLOTTED NOT ALLOTTED,NOT ALLOTTED,,,MP__MP Round 1 Allotment.txt,3422,
MP,Madhya Pradesh,2025,R1,NEET_AIR,102688.0,RD GARDI MEDICAL COLLEGE UJJAIN,MD RESPIRATORY MEDICINE,SC,,,MP__MP Round 1 Allotment.txt,3423,
MP,Madhya Pradesh,2025,R1,NEET_AIR,102693.0,NOT ALLOTTED,NOT ALLOTTED NOT ALLOTTED,NOT ALLOTTED,,,MP__MP Round 1 Allotment.txt,3424,
MP,Madhya Pradesh,2025,R1,NEET_AIR,102723.0,NOT ALLOTTED,NOT ALLOTTED NOT ALLOTTED,NOT ALLOTTED,,,MP__MP Round 1 Allotment.txt,3425,
MP,Madhya Pradesh,2025,R1,NEET_AIR,102745.0,NOT ALLOTTED,NOT ALLOTTED NOT ALLOTTED,NOT ALLOTTED,,,MP__MP Round 1 Allotment.txt,3426,
MP,Madhya Pradesh,2025,R1,NEET_AIR,102924.0,NOT ALLOTTED,NOT ALLOTTED NOT ALLOTTED,NOT ALLOTTED,,,MP__MP Round 1 Allotment.txt,3427,
MP,Madhya Pradesh,2025,R1,NEET_AIR,103137.0,NOT ALLOTTED,NOT ALLOTTED NOT ALLOTTED,NOT ALLOTTED,,,MP__MP Round 1 Allotment.txt,3428,
MP,Madhya Pradesh,2025,R1,NEET_AIR,103204.0,NOT ALLOTTED,NOT ALLOTTED NOT ALLOTTED,NOT ALLOTTED,,,MP__MP Round 1 Allotment.txt,3429,
MP,Madhya Pradesh,2025,R1,NEET_AIR,103212.0,NOT ALLOTTED,NOT ALLOTTED NOT ALLOTTED,NOT ALLOTTED,,,MP__MP Round 1 Allotment.txt,3430,
MP,Madhya Pradesh,2025,R1,NEET_AIR,103244.0,NOT ALLOTTED,NOT ALLOTTED NOT ALLOTTED,NOT ALLOTTED,,,MP__MP Round 1 Allotment.txt,3431,
MP,Madhya Pradesh,2025,R1,NEET_AIR,103258.0,NOT ALLOTTED,NOT ALLOTTED NOT ALLOTTED,NOT ALLOTTED,,,MP__MP Round 1 Allotment.txt,3432,
MP,Madhya Pradesh,2025,R1,NEET_AIR,103345.0,NOT ALLOTTED,NOT ALLOTTED NOT ALLOTTED,NOT ALLOTTED,,,MP__MP Round 1 Allotment.txt,3433,
MP,Madhya Pradesh,2025,R1,NEET_AIR,103349.0,NOT ALLOTTED,NOT ALLOTTED NOT ALLOTTED,NOT ALLOTTED,,,MP__MP Round 1 Allotment.txt,3434,
MP,Madhya Pradesh,2025,R1,NEET_AIR,103671.0,NOT ALLOTTED,NOT ALLOTTED NOT ALLOTTED,NOT ALLOTTED,,,MP__MP Round 1 Allotment.txt,3435,
MP,Madhya Pradesh,2025,R1,NEET_AIR,103728.0,PEOPLES COLLEGE OF MEDICAL SCIENCE BHOPAL,MD RADIODIAGNOSIS,INST/UR/NRI/OP,,,MP__MP Round 1 Allotment.txt,3437,
MP,Madhya Pradesh,2025,R1,NEET_AIR,103771.0,NOT ALLOTTED,NOT ALLOTTED NOT ALLOTTED,NOT ALLOTTED,,,MP__MP Round 1 Allotment.txt,3438,
MP,Madhya Pradesh,2025,R1,NEET_AIR,103782.0,NOT ALLOTTED,NOT ALLOTTED NOT ALLOTTED,NOT ALLOTTED,,,MP__MP Round 1 Allotment.txt,3439,
MP,Madhya Pradesh,2025,R1,NEET_AIR,103793.0,NOT ALLOTTED,NOT ALLOTTED NOT ALLOTTED,NOT ALLOTTED,,,MP__MP Round 1 Allotment.txt,3440,
MP,Madhya Pradesh,2025,R1,NEET_AIR,103818.0,NOT ALLOTTED,NOT ALLOTTED NOT ALLOTTED,NOT ALLOTTED,,,MP__MP Round 1 Allotment.txt,3441,
MP,Madhya Pradesh,2025,R1,NEET_AIR,103868.0,NOT ALLOTTED,NOT ALLOTTED NOT ALLOTTED,NOT ALLOTTED,,,MP__MP Round 1 Allotment.txt,3442,
MP,Madhya Pradesh,2025,R1,NEET_AIR,104021.0,NOT ALLOTTED,NOT ALLOTTED NOT ALLOTTED,NOT ALLOTTED,,,MP__MP Round 1 Allotment.txt,3443,
MP,Madhya Pradesh,2025,R1,NEET_AIR,104063.0,NOT ALLOTTED,NOT ALLOTTED NOT ALLOTTED,NOT ALLOTTED,,,MP__MP Round 1 Allotment.txt,3444,
MP,Madhya Pradesh,2025,R1,NEET_AIR,104197.0,NOT ALLOTTED,NOT ALLOTTED NOT ALLOTTED,NOT ALLOTTED,,,MP__MP Round 1 Allotment.txt,3445,
MP,Madhya Pradesh,2025,R1,NEET_AIR,104219.0,NOT ALLOTTED,NOT ALLOTTED NOT ALLOTTED,NOT ALLOTTED,,,MP__MP Round 1 Allotment.txt,3446,
MP,Madhya Pradesh,2025,R1,NEET_AIR,104261.0,NOT ALLOTTED,NOT ALLOTTED NOT ALLOTTED,NOT ALLOTTED,,,MP__MP Round 1 Allotment.txt,3447,
MP,Madhya Pradesh,2025,R1,NEET_AIR,104340.0,NOT ALLOTTED,NOT ALLOTTED NOT ALLOTTED,NOT ALLOTTED,,,MP__MP Round 1 Allotment.txt,3448,
MP,Madhya Pradesh,2025,R1,NEET_AIR,104344.0,RESEARCH CENTRE BHOPAL,MD ANAESTHESIOLOGY,OBC,,,MP__MP Round 1 Allotment.txt,3450,
MP,Madhya Pradesh,2025,R1,NEET_AIR,104431.0,NOT ALLOTTED,NOT ALLOTTED NOT ALLOTTED,NOT ALLOTTED,,,MP__MP Round 1 Allotment.txt,3451,
MP,Madhya Pradesh,2025,R1,NEET_AIR,104486.0,NOT ALLOTTED,NOT ALLOTTED NOT ALLOTTED,NOT ALLOTTED,,,MP__MP Round 1 Allotment.txt,3452,
MP,Madhya Pradesh,2025,R1,NEET_AIR,104543.0,NOT ALLOTTED,NOT ALLOTTED NOT ALLOTTED,NOT ALLOTTED,,,MP__MP Round 1 Allotment.txt,3453,
MP,Madhya Pradesh,2025,R1,NEET_AIR,104551.0,NOT ALLOTTED,NOT ALLOTTED NOT ALLOTTED,NOT ALLOTTED,,,MP__MP Round 1 Allotment.txt,3454,
MP,Madhya Pradesh,2025,R1,NEET_AIR,104584.0,RESEARCH CENTER INDORE,MD PSYCHIATRY,OBC,,,MP__MP Round 1 Allotment.txt,3456,
MP,Madhya Pradesh,2025,R1,NEET_AIR,104597.0,NOT ALLOTTED,NOT ALLOTTED NOT ALLOTTED,NOT ALLOTTED,,,MP__MP Round 1 Allotment.txt,3457,
MP,Madhya Pradesh,2025,R1,NEET_AIR,104654.0,NOT ALLOTTED,NOT ALLOTTED NOT ALLOTTED,NOT ALLOTTED,,,MP__MP Round 1 Allotment.txt,3458,
MP,Madhya Pradesh,2025,R1,NEET_AIR,104757.0,NOT ALLOTTED,NOT ALLOTTED NOT ALLOTTED,NOT ALLOTTED,,,MP__MP Round 1 Allotment.txt,3459,
MP,Madhya Pradesh,2025,R1,NEET_AIR,104782.0,NOT ALLOTTED,NOT ALLOTTED NOT ALLOTTED,NOT ALLOTTED,,,MP__MP Round 1 Allotment.txt,3460,
MP,Madhya Pradesh,2025,R1,NEET_AIR,104991.0,NOT ALLOTTED,NOT ALLOTTED NOT ALLOTTED,NOT ALLOTTED,,,MP__MP Round 1 Allotment.txt,3461,
MP,Madhya Pradesh,2025,R1,NEET_AIR,105013.0,NOT ALLOTTED,NOT ALLOTTED NOT ALLOTTED,NOT ALLOTTED,,,MP__MP Round 1 Allotment.txt,3462,
MP,Madhya Pradesh,2025,R1,NEET_AIR,105075.0,NOT ALLOTTED,NOT ALLOTTED NOT ALLOTTED,NOT ALLOTTED,,,MP__MP Round 1 Allotment.txt,3463,
MP,Madhya Pradesh,2025,R1,NEET_AIR,105276.0,NOT ALLOTTED,NOT ALLOTTED NOT ALLOTTED,NOT ALLOTTED,,,MP__MP Round 1 Allotment.txt,3464,
MP,Madhya Pradesh,2025,R1,NEET_AIR,105289.0,NOT ALLOTTED,NOT ALLOTTED NOT ALLOTTED,NOT ALLOTTED,,,MP__MP Round 1 Allotment.txt,3465,
MP,Madhya Pradesh,2025,R1,NEET_AIR,105320.0,NOT ALLOTTED,NOT ALLOTTED NOT ALLOTTED,NOT ALLOTTED,,,MP__MP Round 1 Allotment.txt,3466,
MP,Madhya Pradesh,2025,R1,NEET_AIR,105497.0,NOT ALLOTTED,NOT ALLOTTED NOT ALLOTTED,NOT ALLOTTED,,,MP__MP Round 1 Allotment.txt,3467,
MP,Madhya Pradesh,2025,R1,NEET_AIR,105500.0,NOT ALLOTTED,NOT ALLOTTED NOT ALLOTTED,NOT ALLOTTED,,,MP__MP Round 1 Allotment.txt,3468,
MP,Madhya Pradesh,2025,R1,NEET_AIR,105563.0,NOT ALLOTTED,NOT ALLOTTED NOT ALLOTTED,NOT ALLOTTED,,,MP__MP Round 1 Allotment.txt,3469,
MP,Madhya Pradesh,2025,R1,NEET_AIR,105567.0,NOT ALLOTTED,NOT ALLOTTED NOT ALLOTTED,NOT ALLOTTED,,,MP__MP Round 1 Allotment.txt,3470,
MP,Madhya Pradesh,2025,R1,NEET_AIR,105585.0,NOT ALLOTTED,NOT ALLOTTED NOT ALLOTTED,NOT ALLOTTED,,,MP__MP Round 1 Allotment.txt,3471,
MP,Madhya Pradesh,2025,R1,NEET_AIR,105617.0,NOT ALLOTTED,NOT ALLOTTED NOT ALLOTTED,NOT ALLOTTED,,,MP__MP Round 1 Allotment.txt,3472,
MP,Madhya Pradesh,2025,R1,NEET_AIR,105689.0,NOT ALLOTTED,NOT ALLOTTED NOT ALLOTTED,NOT ALLOTTED,,,MP__MP Round 1 Allotment.txt,3473,
MP,Madhya Pradesh,2025,R1,NEET_AIR,105737.0,NOT ALLOTTED,NOT ALLOTTED NOT ALLOTTED,NOT ALLOTTED,,,MP__MP Round 1 Allotment.txt,3474,
MP,Madhya Pradesh,2025,R1,NEET_AIR,105780.0,NOT ALLOTTED,NOT ALLOTTED NOT ALLOTTED,NOT ALLOTTED,,,MP__MP Round 1 Allotment.txt,3475,
MP,Madhya Pradesh,2025,R1,NEET_AIR,105787.0,NOT ALLOTTED,NOT ALLOTTED NOT ALLOTTED,NOT ALLOTTED,,,MP__MP Round 1 Allotment.txt,3476,
MP,Madhya Pradesh,2025,R1,NEET_AIR,105936.0,NOT ALLOTTED,NOT ALLOTTED NOT ALLOTTED,NOT ALLOTTED,,,MP__MP Round 1 Allotment.txt,3477,
MP,Madhya Pradesh,2025,R1,NEET_AIR,105957.0,LN MEDICAL COLLEGE BHOPAL,MD COMMUNITY MEDICINE,UR/X/OP,,,MP__MP Round 1 Allotment.txt,3478,
MP,Madhya Pradesh,2025,R1,NEET_AIR,106127.0,NOT ALLOTTED,NOT ALLOTTED NOT ALLOTTED,NOT ALLOTTED,,,MP__MP Round 1 Allotment.txt,3479,
MP,Madhya Pradesh,2025,R1,NEET_AIR,106227.0,NOT ALLOTTED,NOT ALLOTTED NOT ALLOTTED,NOT ALLOTTED,,,MP__MP Round 1 Allotment.txt,3480,
MP,Madhya Pradesh,2025,R1,NEET_AIR,106299.0,NOT ALLOTTED,NOT ALLOTTED NOT ALLOTTED,NOT ALLOTTED,,,MP__MP Round 1 Allotment.txt,3481,
MP,Madhya Pradesh,2025,R1,NEET_AIR,106339.0,NOT ALLOTTED,NOT ALLOTTED NOT ALLOTTED,NOT ALLOTTED,,,MP__MP Round 1 Allotment.txt,3482,
MP,Madhya Pradesh,2025,R1,NEET_AIR,106357.0,NOT ALLOTTED,NOT ALLOTTED NOT ALLOTTED,NOT ALLOTTED,,,MP__MP Round 1 Allotment.txt,3483,
MP,Madhya Pradesh,2025,R1,NEET_AIR,106382.0,NOT ALLOTTED,NOT ALLOTTED NOT ALLOTTED,NOT ALLOTTED,,,MP__MP Round 1 Allotment.txt,3484,
MP,Madhya Pradesh,2025,R1,NEET_AIR,106462.0,NOT ALLOTTED,NOT ALLOTTED NOT ALLOTTED,NOT ALLOTTED,,,MP__MP Round 1 Allotment.txt,3485,
MP,Madhya Pradesh,2025,R1,NEET_AIR,106492.0,NOT ALLOTTED,NOT ALLOTTED NOT ALLOTTED,NOT ALLOTTED,,,MP__MP Round 1 Allotment.txt,3486,
MP,Madhya Pradesh,2025,R1,NEET_AIR,106554.0,GOVERMENT MEDICAL COLLEGE RATLAM,MD PHARMACOLOGY,OBC,,,MP__MP Round 1 Allotment.txt,3487,
MP,Madhya Pradesh,2025,R1,NEET_AIR,106714.0,NOT ALLOTTED,NOT ALLOTTED NOT ALLOTTED,NOT ALLOTTED,,,MP__MP Round 1 Allotment.txt,3488,
MP,Madhya Pradesh,2025,R1,NEET_AIR,293.0,ORTHOPAEDICS,Private Clinical,,,,MP__MP Round 1 Allotment.txt,3490,
MP,Madhya Pradesh,2025,R1,NEET_AIR,293.0,NOT ALLOTTED,NOT ALLOTTED NOT ALLOTTED,,,,MP__MP Round 1 Allotment.txt,3500,
MP,Madhya Pradesh,2025,R1,NEET_AIR,292.0,NOT ALLOTTED,NOT ALLOTTED NOT ALLOTTED,,,,MP__MP Round 1 Allotment.txt,3501,
MP,Madhya Pradesh,2025,R1,NEET_AIR,291.0,NOT ALLOTTED,NOT ALLOTTED NOT ALLOTTED,,,,MP__MP Round 1 Allotment.txt,3505,
MP,Madhya Pradesh,2025,R1,NEET_AIR,107773.0,COLLEGE VIDISHA,MD MICROBIOLOGY,SC,,,MP__MP Round 1 Allotment.txt,3508,
MP,Madhya Pradesh,2025,R1,NEET_AIR,107862.0,GAJRA RAJA MEDICAL COLLEGE GWALIOR,MD BIOCHEMISTRY,INST/UR/X/OP,,,MP__MP Round 1 Allotment.txt,3509,
MP,Madhya Pradesh,2025,R1,NEET_AIR,107944.0,RD GARDI MEDICAL COLLEGE UJJAIN,MS OPHTHALMOLOGY,SC,,,MP__MP Round 1 Allotment.txt,3510,
MP,Madhya Pradesh,2025,R1,NEET_AIR,108151.0,NOT ALLOTTED,NOT ALLOTTED NOT ALLOTTED,NOT ALLOTTED,,,MP__MP Round 1 Allotment.txt,3511,
MP,Madhya Pradesh,2025,R1,NEET_AIR,108429.0,NOT ALLOTTED,NOT ALLOTTED NOT ALLOTTED,NOT ALLOTTED,,,MP__MP Round 1 Allotment.txt,3512,
MP,Madhya Pradesh,2025,R1,NEET_AIR,108585.0,NOT ALLOTTED,NOT ALLOTTED NOT ALLOTTED,NOT ALLOTTED,,,MP__MP Round 1 Allotment.txt,3513,
MP,Madhya Pradesh,2025,R1,NEET_AIR,108635.0,GOVERNMENT MEDICAL COLLEGE DATIA,MD BIOCHEMISTRY,INST/UR/X/OP,,,MP__MP Round 1 Allotment.txt,3514,
MP,Madhya Pradesh,2025,R1,NEET_AIR,108733.0,NOT ALLOTTED,NOT ALLOTTED NOT ALLOTTED,NOT ALLOTTED,,,MP__MP Round 1 Allotment.txt,3515,
MP,Madhya Pradesh,2025,R1,NEET_AIR,108803.0,NOT ALLOTTED,NOT ALLOTTED NOT ALLOTTED,NOT ALLOTTED,,,MP__MP Round 1 Allotment.txt,3516,
MP,Madhya Pradesh,2025,R1,NEET_AIR,108868.0,RD GARDI MEDICAL COLLEGE UJJAIN,MD MICROBIOLOGY,UR/X/OP,,,MP__MP Round 1 Allotment.txt,3517,
MP,Madhya Pradesh,2025,R1,NEET_AIR,108890.0,NOT ALLOTTED,NOT ALLOTTED NOT ALLOTTED,NOT ALLOTTED,,,MP__MP Round 1 Allotment.txt,3518,
MP,Madhya Pradesh,2025,R1,NEET_AIR,109139.0,NOT ALLOTTED,NOT ALLOTTED NOT ALLOTTED,NOT ALLOTTED,,,MP__MP Round 1 Allotment.txt,3519,
MP,Madhya Pradesh,2025,R1,NEET_AIR,109141.0,NOT ALLOTTED,NOT ALLOTTED NOT ALLOTTED,NOT ALLOTTED,,,MP__MP Round 1 Allotment.txt,3520,
MP,Madhya Pradesh,2025,R1,NEET_AIR,109161.0,RESEARCH CENTRE BHOPAL,MD COMMUNITY MEDICINE,UR/X/OP,,,MP__MP Round 1 Allotment.txt,3522,
MP,Madhya Pradesh,2025,R1,NEET_AIR,109174.0,RD GARDI MEDICAL COLLEGE UJJAIN,MD PAEDIATRICS,ST,,,MP__MP Round 1 Allotment.txt,3523,
MP,Madhya Pradesh,2025,R1,NEET_AIR,109194.0,NOT ALLOTTED,NOT ALLOTTED NOT ALLOTTED,NOT ALLOTTED,,,MP__MP Round 1 Allotment.txt,3524,
MP,Madhya Pradesh,2025,R1,NEET_AIR,109209.0,NOT ALLOTTED,NOT ALLOTTED NOT ALLOTTED,NOT ALLOTTED,,,MP__MP Round 1 Allotment.txt,3525,
MP,Madhya Pradesh,2025,R1,NEET_AIR,109264.0,NOT ALLOTTED,NOT ALLOTTED NOT ALLOTTED,NOT ALLOTTED,,,MP__MP Round 1 Allotment.txt,3526,
MP,Madhya Pradesh,2025,R1,NEET_AIR,109324.0,NOT ALLOTTED,NOT ALLOTTED NOT ALLOTTED,NOT ALLOTTED,,,MP__MP Round 1 Allotment.txt,3527,
MP,Madhya Pradesh,2025,R1,NEET_AIR,109444.0,NOT ALLOTTED,NOT ALLOTTED NOT ALLOTTED,NOT ALLOTTED,,,MP__MP Round 1 Allotment.txt,3528,
MP,Madhya Pradesh,2025,R1,NEET_AIR,109461.0,NOT ALLOTTED,NOT ALLOTTED NOT ALLOTTED,NOT ALLOTTED,,,MP__MP Round 1 Allotment.txt,3529,
MP,Madhya Pradesh,2025,R1,NEET_AIR,109486.0,NOT ALLOTTED,NOT ALLOTTED NOT ALLOTTED,NOT ALLOTTED,,,MP__MP Round 1 Allotment.txt,3530,
MP,Madhya Pradesh,2025,R1,NEET_AIR,109674.0,NOT ALLOTTED,NOT ALLOTTED NOT ALLOTTED,NOT ALLOTTED,,,MP__MP Round 1 Allotment.txt,3531,
MP,Madhya Pradesh,2025,R1,NEET_AIR,109691.0,NOT ALLOTTED,NOT ALLOTTED NOT ALLOTTED,NOT ALLOTTED,,,MP__MP Round 1 Allotment.txt,3532,
MP,Madhya Pradesh,2025,R1,NEET_AIR,109896.0,NOT ALLOTTED,NOT ALLOTTED NOT ALLOTTED,NOT ALLOTTED,,,MP__MP Round 1 Allotment.txt,3533,
MP,Madhya Pradesh,2025,R1,NEET_AIR,109935.0,NOT ALLOTTED,NOT ALLOTTED NOT ALLOTTED,NOT ALLOTTED,,,MP__MP Round 1 Allotment.txt,3534,
MP,Madhya Pradesh,2025,R1,NEET_AIR,109954.0,NOT ALLOTTED,NOT ALLOTTED NOT ALLOTTED,NOT ALLOTTED,,,MP__MP Round 1 Allotment.txt,3535,
MP,Madhya Pradesh,2025,R1,NEET_AIR,109960.0,NOT ALLOTTED,NOT ALLOTTED NOT ALLOTTED,NOT ALLOTTED,,,MP__MP Round 1 Allotment.txt,3536,
MP,Madhya Pradesh,2025,R1,NEET_AIR,110006.0,NOT ALLOTTED,NOT ALLOTTED NOT ALLOTTED,NOT ALLOTTED,,,MP__MP Round 1 Allotment.txt,3537,
MP,Madhya Pradesh,2025,R1,NEET_AIR,110082.0,NOT ALLOTTED,NOT ALLOTTED NOT ALLOTTED,NOT ALLOTTED,,,MP__MP Round 1 Allotment.txt,3538,
MP,Madhya Pradesh,2025,R1,NEET_AIR,110100.0,NOT ALLOTTED,NOT ALLOTTED NOT ALLOTTED,NOT ALLOTTED,,,MP__MP Round 1 Allotment.txt,3539,
MP,Madhya Pradesh,2025,R1,NEET_AIR,110142.0,NOT ALLOTTED,NOT ALLOTTED NOT ALLOTTED,NOT ALLOTTED,,,MP__MP Round 1 Allotment.txt,3540,
MP,Madhya Pradesh,2025,R1,NEET_AIR,110197.0,NOT ALLOTTED,NOT ALLOTTED NOT ALLOTTED,NOT ALLOTTED,,,MP__MP Round 1 Allotment.txt,3541,
MP,Madhya Pradesh,2025,R1,NEET_AIR,110262.0,SHYAM SHAH MEDICAL COLLEGE REWA,MD COMMUNITY MEDICINE,EWS,,,MP__MP Round 1 Allotment.txt,3542,
MP,Madhya Pradesh,2025,R1,NEET_AIR,286.0,PATHOLOGY,Private Non Clinical INST/UR/X/OP,,,,MP__MP Round 1 Allotment.txt,3544,
MP,Madhya Pradesh,2025,R1,NEET_AIR,110415.0,RESEARCH CENTER INDORE,MD PATHOLOGY,INST/UR/X/OP,,,MP__MP Round 1 Allotment.txt,3547,
MP,Madhya Pradesh,2025,R1,NEET_AIR,110728.0,NOT ALLOTTED,NOT ALLOTTED NOT ALLOTTED NOT ALLOTTED NOT ALLOTTED,,,,MP__MP Round 1 Allotment.txt,3548,
MP,Madhya Pradesh,2025,R1,NEET_AIR,110770.0,NOT ALLOTTED,NOT ALLOTTED NOT ALLOTTED NOT ALLOTTED NOT ALLOTTED,,,,MP__MP Round 1 Allotment.txt,3549,
MP,Madhya Pradesh,2025,R1,NEET_AIR,110797.0,NOT ALLOTTED,NOT ALLOTTED NOT ALLOTTED NOT ALLOTTED NOT ALLOTTED,,,,MP__MP Round 1 Allotment.txt,3550,
MP,Madhya Pradesh,2025,R1,NEET_AIR,110995.0,NOT ALLOTTED,NOT ALLOTTED NOT ALLOTTED NOT ALLOTTED NOT ALLOTTED,,,,MP__MP Round 1 Allotment.txt,3551,
MP,Madhya Pradesh,2025,R1,NEET_AIR,111080.0,NOT ALLOTTED,NOT ALLOTTED NOT ALLOTTED NOT ALLOTTED NOT ALLOTTED,,,,MP__MP Round 1 Allotment.txt,3552,
MP,Madhya Pradesh,2025,R1,NEET_AIR,111103.0,NOT ALLOTTED,NOT ALLOTTED NOT ALLOTTED NOT ALLOTTED NOT ALLOTTED,,,,MP__MP Round 1 Allotment.txt,3553,
MP,Madhya Pradesh,2025,R1,NEET_AIR,111149.0,NOT ALLOTTED,NOT ALLOTTED NOT ALLOTTED NOT ALLOTTED NOT ALLOTTED,,,,MP__MP Round 1 Allotment.txt,3554,
MP,Madhya Pradesh,2025,R1,NEET_AIR,111236.0,NOT ALLOTTED,NOT ALLOTTED NOT ALLOTTED NOT ALLOTTED NOT ALLOTTED,,,,MP__MP Round 1 Allotment.txt,3555,
MP,Madhya Pradesh,2025,R1,NEET_AIR,111276.0,LN MEDICAL COLLEGE BHOPAL,MD RADIODIAGNOSIS,INST/UR/NRI/OP,,,MP__MP Round 1 Allotment.txt,3556,
MP,Madhya Pradesh,2025,R1,NEET_AIR,111323.0,NOT ALLOTTED,NOT ALLOTTED NOT ALLOTTED NOT ALLOTTED NOT ALLOTTED,,,,MP__MP Round 1 Allotment.txt,3557,
MP,Madhya Pradesh,2025,R1,NEET_AIR,111334.0,NOT ALLOTTED,NOT ALLOTTED NOT ALLOTTED NOT ALLOTTED NOT ALLOTTED,,,,MP__MP Round 1 Allotment.txt,3558,
MP,Madhya Pradesh,2025,R1,NEET_AIR,111337.0,NOT ALLOTTED,NOT ALLOTTED NOT ALLOTTED NOT ALLOTTED NOT ALLOTTED,,,,MP__MP Round 1 Allotment.txt,3559,
MP,Madhya Pradesh,2025,R1,NEET_AIR,111389.0,NOT ALLOTTED,NOT ALLOTTED NOT ALLOTTED NOT ALLOTTED NOT ALLOTTED,,,,MP__MP Round 1 Allotment.txt,3560,
MP,Madhya Pradesh,2025,R1,NEET_AIR,111526.0,DEWAS,MS OPHTHALMOLOGY,OBC,,,MP__MP Round 1 Allotment.txt,3562,
MP,Madhya Pradesh,2025,R1,NEET_AIR,111548.0,NOT ALLOTTED,NOT ALLOTTED NOT ALLOTTED NOT ALLOTTED NOT ALLOTTED,,,,MP__MP Round 1 Allotment.txt,3563,
MP,Madhya Pradesh,2025,R1,NEET_AIR,111659.0,NOT ALLOTTED,NOT ALLOTTED NOT ALLOTTED NOT ALLOTTED NOT ALLOTTED,,,,MP__MP Round 1 Allotment.txt,3564,
MP,Madhya Pradesh,2025,R1,NEET_AIR,111682.0,NOT ALLOTTED,NOT ALLOTTED NOT ALLOTTED NOT ALLOTTED NOT ALLOTTED,,,,MP__MP Round 1 Allotment.txt,3565,
MP,Madhya Pradesh,2025,R1,NEET_AIR,111736.0,LN MEDICAL COLLEGE BHOPAL,MS ORTHOPAEDICS,SC,,,MP__MP Round 1 Allotment.txt,3566,
MP,Madhya Pradesh,2025,R1,NEET_AIR,111749.0,NOT ALLOTTED,NOT ALLOTTED NOT ALLOTTED NOT ALLOTTED NOT ALLOTTED,,,,MP__MP Round 1 Allotment.txt,3567,
MP,Madhya Pradesh,2025,R1,NEET_AIR,111760.0,NOT ALLOTTED,NOT ALLOTTED NOT ALLOTTED NOT ALLOTTED NOT ALLOTTED,,,,MP__MP Round 1 Allotment.txt,3568,
MP,Madhya Pradesh,2025,R1,NEET_AIR,111922.0,NOT ALLOTTED,NOT ALLOTTED NOT ALLOTTED NOT ALLOTTED NOT ALLOTTED,,,,MP__MP Round 1 Allotment.txt,3569,
MP,Madhya Pradesh,2025,R1,NEET_AIR,111964.0,NOT ALLOTTED,NOT ALLOTTED NOT ALLOTTED NOT ALLOTTED NOT ALLOTTED,,,,MP__MP Round 1 Allotment.txt,3570,
MP,Madhya Pradesh,2025,R1,NEET_AIR,112029.0,NOT ALLOTTED,NOT ALLOTTED NOT ALLOTTED NOT ALLOTTED NOT ALLOTTED,,,,MP__MP Round 1 Allotment.txt,3571,
MP,Madhya Pradesh,2025,R1,NEET_AIR,112060.0,NOT ALLOTTED,NOT ALLOTTED NOT ALLOTTED NOT ALLOTTED NOT ALLOTTED,,,,MP__MP Round 1 Allotment.txt,3572,
MP,Madhya Pradesh,2025,R1,NEET_AIR,112068.0,NOT ALLOTTED,NOT ALLOTTED NOT ALLOTTED NOT ALLOTTED NOT ALLOTTED,,,,MP__MP Round 1 Allotment.txt,3573,
MP,Madhya Pradesh,2025,R1,NEET_AIR,112082.0,NOT ALLOTTED,NOT ALLOTTED NOT ALLOTTED NOT ALLOTTED NOT ALLOTTED,,,,MP__MP Round 1 Allotment.txt,3574,
MP,Madhya Pradesh,2025,R1,NEET_AIR,112120.0,NOT ALLOTTED,NOT ALLOTTED NOT ALLOTTED NOT ALLOTTED NOT ALLOTTED,,,,MP__MP Round 1 Allotment.txt,3575,
MP,Madhya Pradesh,2025,R1,NEET_AIR,112148.0,NOT ALLOTTED,NOT ALLOTTED NOT ALLOTTED NOT ALLOTTED NOT ALLOTTED,,,,MP__MP Round 1 Allotment.txt,3576,
MP,Madhya Pradesh,2025,R1,NEET_AIR,112155.0,NOT ALLOTTED,NOT ALLOTTED NOT ALLOTTED NOT ALLOTTED NOT ALLOTTED,,,,MP__MP Round 1 Allotment.txt,3577,
MP,Madhya Pradesh,2025,R1,NEET_AIR,112212.0,NOT ALLOTTED,NOT ALLOTTED NOT ALLOTTED NOT ALLOTTED NOT ALLOTTED,,,,MP__MP Round 1 Allotment.txt,3578,
MP,Madhya Pradesh,2025,R1,NEET_AIR,112232.0,NOT ALLOTTED,NOT ALLOTTED NOT ALLOTTED NOT ALLOTTED NOT ALLOTTED,,,,MP__MP Round 1 Allotment.txt,3579,
MP,Madhya Pradesh,2025,R1,NEET_AIR,112400.0,NOT ALLOTTED,NOT ALLOTTED NOT ALLOTTED NOT ALLOTTED NOT ALLOTTED,,,,MP__MP Round 1 Allotment.txt,3580,
MP,Madhya Pradesh,2025,R1,NEET_AIR,112454.0,NOT ALLOTTED,NOT ALLOTTED NOT ALLOTTED NOT ALLOTTED NOT ALLOTTED,,,,MP__MP Round 1 Allotment.txt,3581,
MP,Madhya Pradesh,2025,R1,NEET_AIR,112546.0,NOT ALLOTTED,NOT ALLOTTED NOT ALLOTTED NOT ALLOTTED NOT ALLOTTED,,,,MP__MP Round 1 Allotment.txt,3582,
MP,Madhya Pradesh,2025,R1,NEET_AIR,281.0,OBSTETRICS AND GYNAECOLOGY Clinical,Private INST/UR/NRI/OP,,,,MP__MP Round 1 Allotment.txt,3584,
MP,Madhya Pradesh,2025,R1,NEET_AIR,112631.0,DEWAS,MD PAEDIATRICS,SC,,,MP__MP Round 1 Allotment.txt,3586,
MP,Madhya Pradesh,2025,R1,NEET_AIR,112755.0,NOT ALLOTTED,NOT ALLOTTED NOT ALLOTTED NOT ALLOTTED NOT ALLOTTED,,,,MP__MP Round 1 Allotment.txt,3587,
MP,Madhya Pradesh,2025,R1,NEET_AIR,112793.0,NOT ALLOTTED,NOT ALLOTTED NOT ALLOTTED NOT ALLOTTED NOT ALLOTTED,,,,MP__MP Round 1 Allotment.txt,3588,
MP,Madhya Pradesh,2025,R1,NEET_AIR,112811.0,NOT ALLOTTED,NOT ALLOTTED NOT ALLOTTED NOT ALLOTTED NOT ALLOTTED,,,,MP__MP Round 1 Allotment.txt,3589,
MP,Madhya Pradesh,2025,R1,NEET_AIR,112994.0,NOT ALLOTTED,NOT ALLOTTED NOT ALLOTTED NOT ALLOTTED NOT ALLOTTED,,,,MP__MP Round 1 Allotment.txt,3590,
MP,Madhya Pradesh,2025,R1,NEET_AIR,113030.0,NOT ALLOTTED,NOT ALLOTTED NOT ALLOTTED NOT ALLOTTED NOT ALLOTTED,,,,MP__MP Round 1 Allotment.txt,3591,
MP,Madhya Pradesh,2025,R1,NEET_AIR,113041.0,NOT ALLOTTED,NOT ALLOTTED NOT ALLOTTED NOT ALLOTTED NOT ALLOTTED,,,,MP__MP Round 1 Allotment.txt,3592,
MP,Madhya Pradesh,2025,R1,NEET_AIR,113067.0,NOT ALLOTTED,NOT ALLOTTED NOT ALLOTTED NOT ALLOTTED NOT ALLOTTED,,,,MP__MP Round 1 Allotment.txt,3593,
MP,Madhya Pradesh,2025,R1,NEET_AIR,113095.0,NOT ALLOTTED,NOT ALLOTTED NOT ALLOTTED NOT ALLOTTED NOT ALLOTTED,,,,MP__MP Round 1 Allotment.txt,3594,
MP,Madhya Pradesh,2025,R1,NEET_AIR,113175.0,NOT ALLOTTED,NOT ALLOTTED NOT ALLOTTED NOT ALLOTTED NOT ALLOTTED,,,,MP__MP Round 1 Allotment.txt,3595,
MP,Madhya Pradesh,2025,R1,NEET_AIR,280.0,BIOCHEMISTRY,Govt Non Clinical,,,,MP__MP Round 1 Allotment.txt,3597,
MP,Madhya Pradesh,2025,R1,NEET_AIR,280.0,RADIODIAGNOSIS,Private Clinical,,,,MP__MP Round 1 Allotment.txt,3599,
MP,Madhya Pradesh,2025,R1,NEET_AIR,280.0,PHARMACOLOGY,Private Non Clinical UR/X/OP,,,,MP__MP Round 1 Allotment.txt,3602,
MP,Madhya Pradesh,2025,R1,NEET_AIR,280.0,BIOCHEMISTRY,Govt Non Clinical INST/UR/X/OP,,,,MP__MP Round 1 Allotment.txt,3604,
MP,Madhya Pradesh,2025,R1,NEET_AIR,254.0,AND LEPROSY,Private Clinical,,,,MP__MP Round 1 Allotment.txt,3606,
MP,Madhya Pradesh,2025,R1,NEET_AIR,113655.0,RESEARCH CENTER INDORE,MD PATHOLOGY,INST/UR/X/OP,,,MP__MP Round 1 Allotment.txt,3609,
MP,Madhya Pradesh,2025,R1,NEET_AIR,113697.0,NOT ALLOTTED,NOT ALLOTTED NOT ALLOTTED NOT ALLOTTED NOT ALLOTTED,,,,MP__MP Round 1 Allotment.txt,3610,
MP,Madhya Pradesh,2025,R1,NEET_AIR,113737.0,NOT ALLOTTED,NOT ALLOTTED NOT ALLOTTED NOT ALLOTTED NOT ALLOTTED,,,,MP__MP Round 1 Allotment.txt,3611,
MP,Madhya Pradesh,2025,R1,NEET_AIR,113739.0,NOT ALLOTTED,NOT ALLOTTED NOT ALLOTTED NOT ALLOTTED NOT ALLOTTED,,,,MP__MP Round 1 Allotment.txt,3612,
MP,Madhya Pradesh,2025,R1,NEET_AIR,113935.0,GAJRA RAJA MEDICAL COLLEGE GWALIOR,MD TOXICOLOGY,INST/UR/X/OP,,,MP__MP Round 1 Allotment.txt,3614,
MP,Madhya Pradesh,2025,R1,NEET_AIR,114046.0,NOT ALLOTTED,NOT ALLOTTED NOT ALLOTTED,NOT ALLOTTED,,,MP__MP Round 1 Allotment.txt,3615,
MP,Madhya Pradesh,2025,R1,NEET_AIR,114099.0,NOT ALLOTTED,NOT ALLOTTED NOT ALLOTTED,NOT ALLOTTED,,,MP__MP Round 1 Allotment.txt,3616,
MP,Madhya Pradesh,2025,R1,NEET_AIR,114107.0,NOT ALLOTTED,NOT ALLOTTED NOT ALLOTTED,NOT ALLOTTED,,,MP__MP Round 1 Allotment.txt,3617,
MP,Madhya Pradesh,2025,R1,NEET_AIR,114178.0,NOT ALLOTTED,NOT ALLOTTED NOT ALLOTTED,NOT ALLOTTED,,,MP__MP Round 1 Allotment.txt,3618,
MP,Madhya Pradesh,2025,R1,NEET_AIR,114215.0,INDORE,MS OBSTETRICS AND GYNAECOLOGY,INST/UR/NRI/OP,,,MP__MP Round 1 Allotment.txt,3620,
MP,Madhya Pradesh,2025,R1,NEET_AIR,114296.0,NOT ALLOTTED,NOT ALLOTTED NOT ALLOTTED,NOT ALLOTTED,,,MP__MP Round 1 Allotment.txt,3621,
MP,Madhya Pradesh,2025,R1,NEET_AIR,114355.0,NOT ALLOTTED,NOT ALLOTTED NOT ALLOTTED,NOT ALLOTTED,,,MP__MP Round 1 Allotment.txt,3622,
MP,Madhya Pradesh,2025,R1,NEET_AIR,114441.0,NOT ALLOTTED,NOT ALLOTTED NOT ALLOTTED,NOT ALLOTTED,,,MP__MP Round 1 Allotment.txt,3623,
MP,Madhya Pradesh,2025,R1,NEET_AIR,114447.0,NOT ALLOTTED,NOT ALLOTTED NOT ALLOTTED,NOT ALLOTTED,,,MP__MP Round 1 Allotment.txt,3624,
MP,Madhya Pradesh,2025,R1,NEET_AIR,114451.0,LN MEDICAL COLLEGE BHOPAL,MD PHYSIOLOGY,UR/X/OP,,,MP__MP Round 1 Allotment.txt,3625,
MP,Madhya Pradesh,2025,R1,NEET_AIR,128227.0,NOT ALLOTTED,NOT ALLOTTED NOT ALLOTTED,NOT ALLOTTED,,,MP__MP Round 1 Allotment.txt,3626,
MP,Madhya Pradesh,2025,R1,NEET_AIR,114673.0,NOT ALLOTTED,NOT ALLOTTED NOT ALLOTTED,NOT ALLOTTED,,,MP__MP Round 1 Allotment.txt,3627,
MP,Madhya Pradesh,2025,R1,NEET_AIR,114732.0,PEOPLES COLLEGE OF MEDICAL SCIENCE BHOPAL,MD PAEDIATRICS,ST,,,MP__MP Round 1 Allotment.txt,3629,
MP,Madhya Pradesh,2025,R1,NEET_AIR,115020.0,NOT ALLOTTED,NOT ALLOTTED NOT ALLOTTED,NOT ALLOTTED,,,MP__MP Round 1 Allotment.txt,3630,
MP,Madhya Pradesh,2025,R1,NEET_AIR,115069.0,NOT ALLOTTED,NOT ALLOTTED NOT ALLOTTED,NOT ALLOTTED,,,MP__MP Round 1 Allotment.txt,3631,
MP,Madhya Pradesh,2025,R1,NEET_AIR,115086.0,NOT ALLOTTED,NOT ALLOTTED NOT ALLOTTED,NOT ALLOTTED,,,MP__MP Round 1 Allotment.txt,3632,
MP,Madhya Pradesh,2025,R1,NEET_AIR,115103.0,NOT ALLOTTED,NOT ALLOTTED NOT ALLOTTED,NOT ALLOTTED,,,MP__MP Round 1 Allotment.txt,3633,
MP,Madhya Pradesh,2025,R1,NEET_AIR,273.0,NOT ALLOTTED,NOT ALLOTTED NOT ALLOTTED,,,,MP__MP Round 1 Allotment.txt,3647,
MP,Madhya Pradesh,2025,R1,NEET_AIR,116970.0,RESEARCH CENTRE BHOPAL,MD ANAESTHESIOLOGY,OBC,,,MP__MP Round 1 Allotment.txt,3650,
MP,Madhya Pradesh,2025,R1,NEET_AIR,117028.0,NOT ALLOTTED,NOT ALLOTTED NOT ALLOTTED,NOT ALLOTTED,,,MP__MP Round 1 Allotment.txt,3651,
MP,Madhya Pradesh,2025,R1,NEET_AIR,130514.0,NOT ALLOTTED,NOT ALLOTTED NOT ALLOTTED,NOT ALLOTTED,,,MP__MP Round 1 Allotment.txt,3652,
MP,Madhya Pradesh,2025,R1,NEET_AIR,117845.0,NOT ALLOTTED,NOT ALLOTTED NOT ALLOTTED,NOT ALLOTTED,,,MP__MP Round 1 Allotment.txt,3653,
MP,Madhya Pradesh,2025,R1,NEET_AIR,117880.0,NOT ALLOTTED,NOT ALLOTTED NOT ALLOTTED,NOT ALLOTTED,,,MP__MP Round 1 Allotment.txt,3654,
MP,Madhya Pradesh,2025,R1,NEET_AIR,120281.0,NOT ALLOTTED,NOT ALLOTTED NOT ALLOTTED,NOT ALLOTTED,,,MP__MP Round 1 Allotment.txt,3655,
MP,Madhya Pradesh,2025,R1,NEET_AIR,120305.0,NOT ALLOTTED,NOT ALLOTTED NOT ALLOTTED,NOT ALLOTTED,,,MP__MP Round 1 Allotment.txt,3656,
MP,Madhya Pradesh,2025,R1,NEET_AIR,120388.0,NOT ALLOTTED,NOT ALLOTTED NOT ALLOTTED,NOT ALLOTTED,,,MP__MP Round 1 Allotment.txt,3657,
MP,Madhya Pradesh,2025,R1,NEET_AIR,120461.0,GOVERNMENT MEDICAL COLLEGE DATIA,MD COMMUNITY MEDICINE,ST,,,MP__MP Round 1 Allotment.txt,3658,
MP,Madhya Pradesh,2025,R1,NEET_AIR,120807.0,NOT ALLOTTED,NOT ALLOTTED NOT ALLOTTED,NOT ALLOTTED,,,MP__MP Round 1 Allotment.txt,3659,
MP,Madhya Pradesh,2025,R1,NEET_AIR,121237.0,NOT ALLOTTED,NOT ALLOTTED NOT ALLOTTED,NOT ALLOTTED,,,MP__MP Round 1 Allotment.txt,3660,
MP,Madhya Pradesh,2025,R1,NEET_AIR,121382.0,NOT ALLOTTED,NOT ALLOTTED NOT ALLOTTED,NOT ALLOTTED,,,MP__MP Round 1 Allotment.txt,3661,
MP,Madhya Pradesh,2025,R1,NEET_AIR,121470.0,NOT ALLOTTED,NOT ALLOTTED NOT ALLOTTED,NOT ALLOTTED,,,MP__MP Round 1 Allotment.txt,3662,
MP,Madhya Pradesh,2025,R1,NEET_AIR,121887.0,NOT ALLOTTED,NOT ALLOTTED NOT ALLOTTED,NOT ALLOTTED,,,MP__MP Round 1 Allotment.txt,3663,
MP,Madhya Pradesh,2025,R1,NEET_AIR,121896.0,NOT ALLOTTED,NOT ALLOTTED NOT ALLOTTED,NOT ALLOTTED,,,MP__MP Round 1 Allotment.txt,3664,
MP,Madhya Pradesh,2025,R1,NEET_AIR,121971.0,NOT ALLOTTED,NOT ALLOTTED NOT ALLOTTED,NOT ALLOTTED,,,MP__MP Round 1 Allotment.txt,3665,
MP,Madhya Pradesh,2025,R1,NEET_AIR,121972.0,NOT ALLOTTED,NOT ALLOTTED NOT ALLOTTED,NOT ALLOTTED,,,MP__MP Round 1 Allotment.txt,3666,
MP,Madhya Pradesh,2025,R1,NEET_AIR,263.0,RADIATION ONCOLOGY,Private Clinical,,,,MP__MP Round 1 Allotment.txt,3668,
MP,Madhya Pradesh,2025,R1,NEET_AIR,263.0,PHARMACOLOGY,Govt Non Clinical,,,,MP__MP Round 1 Allotment.txt,3670,
MP,Madhya Pradesh,2025,R1,NEET_AIR,263.0,PATHOLOGY,Private Non Clinical,,,,MP__MP Round 1 Allotment.txt,3671,
MP,Madhya Pradesh,2025,R1,NEET_AIR,122193.0,RESEARCH CENTER INDORE,MD ANAESTHESIOLOGY,OBC,,,MP__MP Round 1 Allotment.txt,3673,
MP,Madhya Pradesh,2025,R1,NEET_AIR,122410.0,NOT ALLOTTED,NOT ALLOTTED NOT ALLOTTED,NOT ALLOTTED,,,MP__MP Round 1 Allotment.txt,3674,
MP,Madhya Pradesh,2025,R1,NEET_AIR,123601.0,NOT ALLOTTED,NOT ALLOTTED NOT ALLOTTED,NOT ALLOTTED,,,MP__MP Round 1 Allotment.txt,3675,
MP,Madhya Pradesh,2025,R1,NEET_AIR,124069.0,NOT ALLOTTED,NOT ALLOTTED NOT ALLOTTED,NOT ALLOTTED,,,MP__MP Round 1 Allotment.txt,3676,
MP,Madhya Pradesh,2025,R1,NEET_AIR,124629.0,NOT ALLOTTED,NOT ALLOTTED NOT ALLOTTED,NOT ALLOTTED,,,MP__MP Round 1 Allotment.txt,3677,
MP,Madhya Pradesh,2025,R1,NEET_AIR,259.0,OBSTETRICS AND GYNAECOLOGY Clinical,Private SC/X/OP,,,,MP__MP Round 1 Allotment.txt,3679,
MP,Madhya Pradesh,2025,R1,NEET_AIR,258.0,TOXICOLOGY,Govt Non Clinical INST/OBC/X/OP,,,,MP__MP Round 1 Allotment.txt,3681,
MP,Madhya Pradesh,2025,R1,NEET_AIR,125748.0,CHHINDWARA,MD MICROBIOLOGY,SC,,,MP__MP Round 1 Allotment.txt,3684,
MP,Madhya Pradesh,2025,R1,NEET_AIR,125892.0,NOT ALLOTTED,NOT ALLOTTED NOT ALLOTTED,NOT ALLOTTED,,,MP__MP Round 1 Allotment.txt,3685,
MP,Madhya Pradesh,2025,R1,NEET_AIR,126643.0,NOT ALLOTTED,NOT ALLOTTED NOT ALLOTTED,NOT ALLOTTED,,,MP__MP Round 1 Allotment.txt,3686,
MP,Madhya Pradesh,2025,R1,NEET_AIR,127193.0,NOT ALLOTTED,NOT ALLOTTED NOT ALLOTTED,NOT ALLOTTED,,,MP__MP Round 1 Allotment.txt,3687,
MP,Madhya Pradesh,2025,R1,NEET_AIR,127585.0,GANDHI MEDICAL COLLEGE BHOPAL,MD BIOCHEMISTRY,SC,,,MP__MP Round 1 Allotment.txt,3688,
MP,Madhya Pradesh,2025,R1,NEET_AIR,127718.0,NOT ALLOTTED,NOT ALLOTTED NOT ALLOTTED,NOT ALLOTTED,,,MP__MP Round 1 Allotment.txt,3689,
MP,Madhya Pradesh,2025,R1,NEET_AIR,128143.0,NOT ALLOTTED,NOT ALLOTTED NOT ALLOTTED,NOT ALLOTTED,,,MP__MP Round 1 Allotment.txt,3690,
MP,Madhya Pradesh,2025,R1,NEET_AIR,128449.0,NOT ALLOTTED,NOT ALLOTTED NOT ALLOTTED,NOT ALLOTTED,,,MP__MP Round 1 Allotment.txt,3691,
MP,Madhya Pradesh,2025,R1,NEET_AIR,252.0,PATHOLOGY,Private Non Clinical OBC/X/OP,,,,MP__MP Round 1 Allotment.txt,3693,
MP,Madhya Pradesh,2025,R1,NEET_AIR,128886.0,PEOPLES COLLEGE OF MEDICAL SCIENCE BHOPAL,MS GENERAL SURGERY,SC,,,MP__MP Round 1 Allotment.txt,3697,
MP,Madhya Pradesh,2025,R1,NEET_AIR,128971.0,NOT ALLOTTED,NOT ALLOTTED NOT ALLOTTED,NOT ALLOTTED,,,MP__MP Round 1 Allotment.txt,3698,
MP,Madhya Pradesh,2025,R1,NEET_AIR,129012.0,NOT ALLOTTED,NOT ALLOTTED NOT ALLOTTED,NOT ALLOTTED,,,MP__MP Round 1 Allotment.txt,3699,
MP,Madhya Pradesh,2025,R1,NEET_AIR,129059.0,NOT ALLOTTED,NOT ALLOTTED NOT ALLOTTED,NOT ALLOTTED,,,MP__MP Round 1 Allotment.txt,3700,
MP,Madhya Pradesh,2025,R1,NEET_AIR,129224.0,NOT ALLOTTED,NOT ALLOTTED NOT ALLOTTED,NOT ALLOTTED,,,MP__MP Round 1 Allotment.txt,3701,
MP,Madhya Pradesh,2025,R1,NEET_AIR,129489.0,NOT ALLOTTED,NOT ALLOTTED NOT ALLOTTED,NOT ALLOTTED,,,MP__MP Round 1 Allotment.txt,3702,
MP,Madhya Pradesh,2025,R1,NEET_AIR,130103.0,NOT ALLOTTED,NOT ALLOTTED NOT ALLOTTED,NOT ALLOTTED,,,MP__MP Round 1 Allotment.txt,3703,
MP,Madhya Pradesh,2025,R1,NEET_AIR,130125.0,NOT ALLOTTED,NOT ALLOTTED NOT ALLOTTED,NOT ALLOTTED,,,MP__MP Round 1 Allotment.txt,3704,
MP,Madhya Pradesh,2025,R1,NEET_AIR,248.0,PSYCHIATRY,Private Clinical,,,,MP__MP Round 1 Allotment.txt,3706,
MP,Madhya Pradesh,2025,R1,NEET_AIR,130980.0,DEWAS,MS OBSTETRICS AND GYNAECOLOGY,SC,,,MP__MP Round 1 Allotment.txt,3709,
MP,Madhya Pradesh,2025,R1,NEET_AIR,131098.0,NOT ALLOTTED,NOT ALLOTTED NOT ALLOTTED NOT ALLOTTED NOT ALLOTTED,,,,MP__MP Round 1 Allotment.txt,3710,
MP,Madhya Pradesh,2025,R1,NEET_AIR,131165.0,NOT ALLOTTED,NOT ALLOTTED NOT ALLOTTED NOT ALLOTTED NOT ALLOTTED,,,,MP__MP Round 1 Allotment.txt,3711,
MP,Madhya Pradesh,2025,R1,NEET_AIR,131343.0,GANDHI MEDICAL COLLEGE BHOPAL,MD BIOCHEMISTRY,OBC,,,MP__MP Round 1 Allotment.txt,3712,
MP,Madhya Pradesh,2025,R1,NEET_AIR,246.0,GENERAL SURGERY,Private Clinical,,,,MP__MP Round 1 Allotment.txt,3714,
MP,Madhya Pradesh,2025,R1,NEET_AIR,132318.0,INDORE,MS OBSTETRICS AND GYNAECOLOGY,ST,,,MP__MP Round 1 Allotment.txt,3716,
MP,Madhya Pradesh,2025,R1,NEET_AIR,133157.0,RD GARDI MEDICAL COLLEGE UJJAIN,MS OPHTHALMOLOGY,ST,,,MP__MP Round 1 Allotment.txt,3717,
MP,Madhya Pradesh,2025,R1,NEET_AIR,133605.0,NOT ALLOTTED,NOT ALLOTTED NOT ALLOTTED NOT ALLOTTED NOT ALLOTTED,,,,MP__MP Round 1 Allotment.txt,3718,
MP,Madhya Pradesh,2025,R1,NEET_AIR,134196.0,NOT ALLOTTED,NOT ALLOTTED NOT ALLOTTED NOT ALLOTTED NOT ALLOTTED,,,,MP__MP Round 1 Allotment.txt,3719,
MP,Madhya Pradesh,2025,R1,NEET_AIR,134775.0,NOT ALLOTTED,NOT ALLOTTED NOT ALLOTTED NOT ALLOTTED NOT ALLOTTED,,,,MP__MP Round 1 Allotment.txt,3720,
MP,Madhya Pradesh,2025,R1,NEET_AIR,134921.0,RESEARCH CENTRE BHOPAL,MD PHARMACOLOGY,OBC,,,MP__MP Round 1 Allotment.txt,3722,
MP,Madhya Pradesh,2025,R1,NEET_AIR,134922.0,NOT ALLOTTED,NOT ALLOTTED NOT ALLOTTED NOT ALLOTTED NOT ALLOTTED,,,,MP__MP Round 1 Allotment.txt,3723,
MP,Madhya Pradesh,2025,R1,NEET_AIR,135012.0,NOT ALLOTTED,NOT ALLOTTED NOT ALLOTTED NOT ALLOTTED NOT ALLOTTED,,,,MP__MP Round 1 Allotment.txt,3724,
MP,Madhya Pradesh,2025,R1,NEET_AIR,135076.0,LN MEDICAL COLLEGE BHOPAL,MD RADIODIAGNOSIS,ST,,,MP__MP Round 1 Allotment.txt,3725,
MP,Madhya Pradesh,2025,R1,NEET_AIR,240.0,OPHTHALMOLOGY,Private Clinical,,,,MP__MP Round 1 Allotment.txt,3727,
MP,Madhya Pradesh,2025,R1,NEET_AIR,239.0,TOXICOLOGY,Govt Non Clinical,,,,MP__MP Round 1 Allotment.txt,3729,
MP,Madhya Pradesh,2025,R1,NEET_AIR,239.0,PATHOLOGY,Private Non Clinical,,,,MP__MP Round 1 Allotment.txt,3731,
MP,Madhya Pradesh,2025,R1,NEET_AIR,238.0,ORTHOPAEDICS,Private Clinical,,,,MP__MP Round 1 Allotment.txt,3733,
MP,Madhya Pradesh,2025,R1,NEET_AIR,237.0,MICROBIOLOGY,Govt Non Clinical,,,,MP__MP Round 1 Allotment.txt,3734,
MP,Madhya Pradesh,2025,R1,NEET_AIR,137252.0,INDORE,MD PATHOLOGY,ST,,,MP__MP Round 1 Allotment.txt,3736,
MP,Madhya Pradesh,2025,R1,NEET_AIR,137281.0,NOT ALLOTTED,NOT ALLOTTED NOT ALLOTTED,NOT ALLOTTED,,,MP__MP Round 1 Allotment.txt,3737,
MP,Madhya Pradesh,2025,R1,NEET_AIR,137552.0,NOT ALLOTTED,NOT ALLOTTED NOT ALLOTTED,NOT ALLOTTED,,,MP__MP Round 1 Allotment.txt,3738,
MP,Madhya Pradesh,2025,R1,NEET_AIR,137666.0,NOT ALLOTTED,NOT ALLOTTED NOT ALLOTTED,NOT ALLOTTED,,,MP__MP Round 1 Allotment.txt,3739,
MP,Madhya Pradesh,2025,R1,NEET_AIR,137818.0,NOT ALLOTTED,NOT ALLOTTED NOT ALLOTTED,NOT ALLOTTED,,,MP__MP Round 1 Allotment.txt,3740,
MP,Madhya Pradesh,2025,R1,NEET_AIR,137844.0,NOT ALLOTTED,NOT ALLOTTED NOT ALLOTTED,NOT ALLOTTED,,,MP__MP Round 1 Allotment.txt,3741,
MP,Madhya Pradesh,2025,R1,NEET_AIR,138222.0,NOT ALLOTTED,NOT ALLOTTED NOT ALLOTTED,NOT ALLOTTED,,,MP__MP Round 1 Allotment.txt,3742,
MP,Madhya Pradesh,2025,R3,NEET_AIR,41.0,GANDHI MEDICAL COLLEGE BHOPAL,MD GENERAL MEDICINE,INST/UR/X/OP,,,MP__MP Round 3 Allotment.txt,10,
MP,Madhya Pradesh,2025,R3,NEET_AIR,57.0,GANDHI MEDICAL COLLEGE BHOPAL,MD GENERAL MEDICINE,OBC,,,MP__MP Round 3 Allotment.txt,11,
MP,Madhya Pradesh,2025,R3,NEET_AIR,58.0,SHYAM SHAH MEDICAL COLLEGE REWA,MD GENERAL MEDICINE,INST/UR/X/OP,,,MP__MP Round 3 Allotment.txt,13,
MP,Madhya Pradesh,2025,R3,NEET_AIR,62.0,JABALPUR,MD GENERAL MEDICINE,INST/UR/X/OP,,,MP__MP Round 3 Allotment.txt,15,
MP,Madhya Pradesh,2025,R3,NEET_AIR,65.0,INDORE,MD PAEDIATRICS,INST/UR/X/OP,,,MP__MP Round 3 Allotment.txt,17,
MP,Madhya Pradesh,2025,R3,NEET_AIR,69.0,NOT ALLOTTED,ALLOTTED NOT ALLOTTED NOT ALLOTTED NOT ALLOTTED,Govt,,,MP__MP Round 3 Allotment.txt,19,
MP,Madhya Pradesh,2025,R3,NEET_AIR,78.0,SHYAM SHAH MEDICAL COLLEGE REWA,MD RADIODIAGNOSIS,OBC,,,MP__MP Round 3 Allotment.txt,20,
MP,Madhya Pradesh,2025,R3,NEET_AIR,81.0,SHYAM SHAH MEDICAL COLLEGE REWA,MD GENERAL MEDICINE,INST/UR/X/OP,,,MP__MP Round 3 Allotment.txt,21,
MP,Madhya Pradesh,2025,R3,NEET_AIR,87.0,SHYAM SHAH MEDICAL COLLEGE REWA,MD GENERAL MEDICINE,EWS,,,MP__MP Round 3 Allotment.txt,23,
MP,Madhya Pradesh,2025,R3,NEET_AIR,89.0,NOT ALLOTTED,ALLOTTED NOT ALLOTTED NOT ALLOTTED NOT ALLOTTED,Govt,,,MP__MP Round 3 Allotment.txt,25,
MP,Madhya Pradesh,2025,R3,NEET_AIR,98.0,GOVERMENT MEDICAL COLLEGE RATLAM,MD GENERAL MEDICINE,OBC,,,MP__MP Round 3 Allotment.txt,27,
MP,Madhya Pradesh,2025,R3,NEET_AIR,99.0,NOT ALLOTTED,ALLOTTED NOT ALLOTTED NOT ALLOTTED NOT ALLOTTED,Govt,,,MP__MP Round 3 Allotment.txt,29,
MP,Madhya Pradesh,2025,R3,NEET_AIR,109.0,NOT ALLOTTED,ALLOTTED NOT ALLOTTED NOT ALLOTTED NOT ALLOTTED,Govt,,,MP__MP Round 3 Allotment.txt,31,
MP,Madhya Pradesh,2025,R3,NEET_AIR,111.0,GANDHI MEDICAL COLLEGE BHOPAL,MD PAEDIATRICS,INST/UR/X/OP,,,MP__MP Round 3 Allotment.txt,33,
MP,Madhya Pradesh,2025,R3,NEET_AIR,121.0,NOT ALLOTTED,ALLOTTED NOT ALLOTTED NOT ALLOTTED NOT ALLOTTED,Govt,,,MP__MP Round 3 Allotment.txt,35,
MP,Madhya Pradesh,2025,R3,NEET_AIR,127.0,NOT ALLOTTED,ALLOTTED NOT ALLOTTED,NOT ALLOTTED,,,MP__MP Round 3 Allotment.txt,37,
MP,Madhya Pradesh,2025,R3,NEET_AIR,153.0,GAJRA RAJA MEDICAL COLLEGE GWALIOR,MS GYNAECOLOGY,INST/UR/X/OP,,,MP__MP Round 3 Allotment.txt,39,
MP,Madhya Pradesh,2025,R3,NEET_AIR,161.0,NOT ALLOTTED,ALLOTTED NOT ALLOTTED,NOT ALLOTTED,,,MP__MP Round 3 Allotment.txt,41,
MP,Madhya Pradesh,2025,R3,NEET_AIR,164.0,GANDHI MEDICAL COLLEGE BHOPAL,MS GYNAECOLOGY,INST/UR/X/OP,,,MP__MP Round 3 Allotment.txt,43,
MP,Madhya Pradesh,2025,R3,NEET_AIR,166.0,RADIODIAGNOSIS,Private Clinical,MD,,,MP__MP Round 3 Allotment.txt,44,
MP,Madhya Pradesh,2025,R3,NEET_AIR,167.0,GANDHI MEDICAL COLLEGE BHOPAL,MD PAEDIATRICS,INST/UR/X/OP,,,MP__MP Round 3 Allotment.txt,45,
MP,Madhya Pradesh,2025,R3,NEET_AIR,172.0,INDORE,MD PAEDIATRICS,INST/UR/X/OP,,,MP__MP Round 3 Allotment.txt,47,
MP,Madhya Pradesh,2025,R3,NEET_AIR,183.0,GANDHI MEDICAL COLLEGE BHOPAL,MD PAEDIATRICS,EWS,,,MP__MP Round 3 Allotment.txt,49,
MP,Madhya Pradesh,2025,R3,NEET_AIR,188.0,COLLEGE KHANDWA,MD PAEDIATRICS,INST/UR/X/OP,,,MP__MP Round 3 Allotment.txt,51,
MP,Madhya Pradesh,2025,R3,NEET_AIR,191.0,GAJRA RAJA MEDICAL COLLEGE GWALIOR,MS GYNAECOLOGY,INST/UR/X/OP,,,MP__MP Round 3 Allotment.txt,53,
MP,Madhya Pradesh,2025,R3,NEET_AIR,192.0,INDORE,MS GENERAL SURGERY,INST/UR/X/OP,,,MP__MP Round 3 Allotment.txt,55,
MP,Madhya Pradesh,2025,R3,NEET_AIR,196.0,RD GARDI MEDICAL COLLEGE UJJAIN,MD RADIODIAGNOSIS,OBC,,,MP__MP Round 3 Allotment.txt,56,
MP,Madhya Pradesh,2025,R3,NEET_AIR,205.0,NOT ALLOTTED,ALLOTTED NOT ALLOTTED NOT ALLOTTED NOT ALLOTTED,Govt,,,MP__MP Round 3 Allotment.txt,58,
MP,Madhya Pradesh,2025,R3,NEET_AIR,209.0,JABALPUR,MS GENERAL SURGERY,INST/UR/X/OP,,,MP__MP Round 3 Allotment.txt,60,
MP,Madhya Pradesh,2025,R3,NEET_AIR,215.0,RD GARDI MEDICAL COLLEGE UJJAIN,MD GENERAL MEDICINE,UR/X/OP,,,MP__MP Round 3 Allotment.txt,62,
MP,Madhya Pradesh,2025,R3,NEET_AIR,218.0,SRI AUROBINDO INSTITUTE OF MEDICAL SCIENCE INDORE RADIODIAGNOSIS,MD Clinical,MD,,,MP__MP Round 3 Allotment.txt,64,
MP,Madhya Pradesh,2025,R3,NEET_AIR,220.0,BUNDELKHAND MEDICAL COLLEGE SAGAR,MD PAEDIATRICS,EWS,,,MP__MP Round 3 Allotment.txt,65,
MP,Madhya Pradesh,2025,R3,NEET_AIR,227.0,NOT ALLOTTED,ALLOTTED NOT ALLOTTED NOT ALLOTTED NOT ALLOTTED,Private,,,MP__MP Round 3 Allotment.txt,67,
MP,Madhya Pradesh,2025,R3,NEET_AIR,229.0,NOT ALLOTTED,ALLOTTED NOT ALLOTTED NOT ALLOTTED NOT ALLOTTED,Govt,,,MP__MP Round 3 Allotment.txt,69,
MP,Madhya Pradesh,2025,R3,NEET_AIR,230.0,PEOPLES COLLEGE OF MEDICAL SCIENCE BHOPAL,MD RADIODIAGNOSIS,UR/X/OP,,,MP__MP Round 3 Allotment.txt,71,
MP,Madhya Pradesh,2025,R3,NEET_AIR,236.0,NOT ALLOTTED,ALLOTTED NOT ALLOTTED NOT ALLOTTED NOT ALLOTTED,ALLOTTED,,,MP__MP Round 3 Allotment.txt,73,
MP,Madhya Pradesh,2025,R3,NEET_AIR,240.0,GANDHI MEDICAL COLLEGE BHOPAL,MS ORTHOPAEDICS,INST/UR/X/OP,,,MP__MP Round 3 Allotment.txt,75,
MP,Madhya Pradesh,2025,R3,NEET_AIR,252.0,NOT ALLOTTED,ALLOTTED NOT ALLOTTED,MS,,,MP__MP Round 3 Allotment.txt,77,
MP,Madhya Pradesh,2025,R3,NEET_AIR,259.0,NOT ALLOTTED,ALLOTTED NOT ALLOTTED,MD,,,MP__MP Round 3 Allotment.txt,79,
MP,Madhya Pradesh,2025,R3,NEET_AIR,260.0,NOT ALLOTTED,ALLOTTED NOT ALLOTTED,MS,,,MP__MP Round 3 Allotment.txt,81,
MP,Madhya Pradesh,2025,R3,NEET_AIR,265.0,GOVERMENT MEDICAL COLLEGE RATLAM,MS GYNAECOLOGY,INST/UR/X/OP,,,MP__MP Round 3 Allotment.txt,83,
MP,Madhya Pradesh,2025,R3,NEET_AIR,267.0,VIDISHA,MS GYNAECOLOGY,INST/UR/X/OP,,,MP__MP Round 3 Allotment.txt,85,
MP,Madhya Pradesh,2025,R3,NEET_AIR,272.0,JABALPUR,MS GENERAL SURGERY,INST/UR/X/OP,,,MP__MP Round 3 Allotment.txt,87,
MP,Madhya Pradesh,2025,R3,NEET_AIR,292.0,RD GARDI MEDICAL COLLEGE UJJAIN,MD GENERAL MEDICINE,UR/X/OP,,,MP__MP Round 3 Allotment.txt,88,
MP,Madhya Pradesh,2025,R3,NEET_AIR,293.0,NOT ALLOTTED,ALLOTTED NOT ALLOTTED NOT ALLOTTED NOT ALLOTTED,Private,,,MP__MP Round 3 Allotment.txt,90,
MP,Madhya Pradesh,2025,R3,NEET_AIR,294.0,NOT ALLOTTED,ALLOTTED NOT ALLOTTED NOT ALLOTTED NOT ALLOTTED,ALLOTTED,,,MP__MP Round 3 Allotment.txt,92,
MP,Madhya Pradesh,2025,R3,NEET_AIR,297.0,INDORE,MS GY (ENT),INST/UR/X/OP,,,MP__MP Round 3 Allotment.txt,94,
MP,Madhya Pradesh,2025,R3,NEET_AIR,302.0,GAJRA RAJA MEDICAL COLLEGE GWALIOR,MS GYNAECOLOGY,OBC,,,MP__MP Round 3 Allotment.txt,96,
MP,Madhya Pradesh,2025,R3,NEET_AIR,308.0,GANDHI MEDICAL COLLEGE BHOPAL,MS GENERAL SURGERY,INST/UR/X/OP,,,MP__MP Round 3 Allotment.txt,98,
MP,Madhya Pradesh,2025,R3,NEET_AIR,313.0,SRI AUROBINDO INSTITUTE OF MEDICAL SCIENCE INDORE GENERAL MEDICINE,MD Clinical,MD,,,MP__MP Round 3 Allotment.txt,100,
MP,Madhya Pradesh,2025,R3,NEET_AIR,318.0,GANDHI MEDICAL COLLEGE BHOPAL,MD EMERGENCY MEDICINE Clinical,MS,,,MP__MP Round 3 Allotment.txt,102,
MP,Madhya Pradesh,2025,R3,NEET_AIR,323.0,NOT ALLOTTED NOT ALLOTTED,NOT ALLOTTED MD,CHIRAYU MEDICAL COLLEGE AND HOSPITAL BHOPAL,,,MP__MP Round 3 Allotment.txt,104,
MP,Madhya Pradesh,2025,R3,NEET_AIR,326.0,GAJRA RAJA MEDICAL COLLEGE GWALIOR,MS GENERAL SURGERY,INST/UR/X/OP,,,MP__MP Round 3 Allotment.txt,106,
MP,Madhya Pradesh,2025,R3,NEET_AIR,330.0,JABALPUR,MS OPHTHALMOLOGY,INST/UR/X/OP,,,MP__MP Round 3 Allotment.txt,108,
MP,Madhya Pradesh,2025,R3,NEET_AIR,334.0,GAJRA RAJA MEDICAL COLLEGE GWALIOR,MS OPHTHALMOLOGY,INST/UR/X/OP,,,MP__MP Round 3 Allotment.txt,110,
MP,Madhya Pradesh,2025,R3,NEET_AIR,337.0,GENERAL MEDICINE,Private Clinical,FRESH ALLOTTED,,,MP__MP Round 3 Allotment.txt,112,
MP,Madhya Pradesh,2025,R3,NEET_AIR,338.0,PEOPLES COLLEGE OF MEDICAL SCIENCE BHOPAL,MD LEPROSY,UR/X/OP,,,MP__MP Round 3 Allotment.txt,115,
MP,Madhya Pradesh,2025,R3,NEET_AIR,339.0,NOT ALLOTTED,ALLOTTED NOT ALLOTTED NOT ALLOTTED NOT ALLOTTED,Private,,,MP__MP Round 3 Allotment.txt,117,
MP,Madhya Pradesh,2025,R3,NEET_AIR,344.0,RADIODIAGNOSIS,Private Clinical,MD,,,MP__MP Round 3 Allotment.txt,118,
MP,Madhya Pradesh,2025,R3,NEET_AIR,349.0,CHIRAYU MEDICAL COLLEGE AND HOSPITAL BHOPAL,MD RADIODIAGNOSIS,INST/UR/X/OP,,,MP__MP Round 3 Allotment.txt,119,
MP,Madhya Pradesh,2025,R3,NEET_AIR,353.0,SHYAM SHAH MEDICAL COLLEGE REWA,MS GENERAL SURGERY,INST/UR/X/OP,,,MP__MP Round 3 Allotment.txt,121,
MP,Madhya Pradesh,2025,R3,NEET_AIR,354.0,SHYAM SHAH MEDICAL COLLEGE REWA,MS GENERAL SURGERY,INST/UR/X/OP,,,MP__MP Round 3 Allotment.txt,123,
MP,Madhya Pradesh,2025,R3,NEET_AIR,355.0,SHYAM SHAH MEDICAL COLLEGE REWA,MS GENERAL SURGERY,INST/UR/X/OP,,,MP__MP Round 3 Allotment.txt,125,
MP,Madhya Pradesh,2025,R3,NEET_AIR,358.0,JABALPUR,MS GENERAL SURGERY,OBC,,,MP__MP Round 3 Allotment.txt,127,
MP,Madhya Pradesh,2025,R3,NEET_AIR,365.0,INDORE,MD EMERGENCY MEDICINE Clinical,MD,,,MP__MP Round 3 Allotment.txt,129,
MP,Madhya Pradesh,2025,R3,NEET_AIR,369.0,INDORE,MD ANAESTHESIOLOGY,INST/UR/X/OP,,,MP__MP Round 3 Allotment.txt,131,
MP,Madhya Pradesh,2025,R3,NEET_AIR,373.0,JABALPUR,MD PSYCHIATRY,INST/UR/X/OP,,,MP__MP Round 3 Allotment.txt,133,
MP,Madhya Pradesh,2025,R3,NEET_AIR,374.0,INDORE,MD ANAESTHESIOLOGY,INST/UR/X/OP,,,MP__MP Round 3 Allotment.txt,135,
MP,Madhya Pradesh,2025,R3,NEET_AIR,376.0,JABALPUR,MS ORTHOPAEDICS,OBC,,,MP__MP Round 3 Allotment.txt,137,
MP,Madhya Pradesh,2025,R3,NEET_AIR,383.0,LEPROSY,Private Clinical,FRESH ALLOTTED,,,MP__MP Round 3 Allotment.txt,139,
MP,Madhya Pradesh,2025,R3,NEET_AIR,384.0,AMALTAS INSTITUTE OF MEDICAL SCIENCES DEWAS,MD RADIODIAGNOSIS,UR/X/OP,,,MP__MP Round 3 Allotment.txt,140,
MP,Madhya Pradesh,2025,R3,NEET_AIR,387.0,GAJRA RAJA MEDICAL COLLEGE GWALIOR,MS GENERAL SURGERY,OBC,,,MP__MP Round 3 Allotment.txt,142,
MP,Madhya Pradesh,2025,R3,NEET_AIR,390.0,AMALTAS INSTITUTE OF MEDICAL SCIENCES DEWAS,MD RADIODIAGNOSIS,INST/UR/X/OP,,,MP__MP Round 3 Allotment.txt,144,
MP,Madhya Pradesh,2025,R3,NEET_AIR,393.0,BUNDELKHAND MEDICAL COLLEGE SAGAR,MD MEDICINE,EWS,,,MP__MP Round 3 Allotment.txt,146,
MP,Madhya Pradesh,2025,R3,NEET_AIR,394.0,GAJRA RAJA MEDICAL COLLEGE GWALIOR,MS ORTHOPAEDICS,EWS,,,MP__MP Round 3 Allotment.txt,148,
MP,Madhya Pradesh,2025,R3,NEET_AIR,398.0,NOT ALLOTTED,ALLOTTED NOT ALLOTTED NOT ALLOTTED NOT ALLOTTED,Govt,,,MP__MP Round 3 Allotment.txt,150,
MP,Madhya Pradesh,2025,R3,NEET_AIR,402.0,PEOPLES COLLEGE OF MEDICAL SCIENCE BHOPAL,MD LEPROSY,INST/UR/X/OP,,,MP__MP Round 3 Allotment.txt,153,
MP,Madhya Pradesh,2025,R3,NEET_AIR,407.0,SHYAM SHAH MEDICAL COLLEGE REWA,MS GENERAL SURGERY,OBC,,,MP__MP Round 3 Allotment.txt,155,
MP,Madhya Pradesh,2025,R3,NEET_AIR,409.0,GOVERMENT MEDICAL COLLEGE RATLAM,MS ORTHOPAEDICS,INST/UR/X/OP,,,MP__MP Round 3 Allotment.txt,157,
MP,Madhya Pradesh,2025,R3,NEET_AIR,410.0,SRI AUROBINDO INSTITUTE OF MEDICAL SCIENCE INDORE RADIODIAGNOSIS,MD Clinical,MD,,,MP__MP Round 3 Allotment.txt,159,
MP,Madhya Pradesh,2025,R3,NEET_AIR,411.0,SHYAM SHAH MEDICAL COLLEGE REWA,MS GENERAL SURGERY,EWS,,,MP__MP Round 3 Allotment.txt,161,
MP,Madhya Pradesh,2025,R3,NEET_AIR,417.0,NOT ALLOTTED,ALLOTTED NOT ALLOTTED NOT ALLOTTED NOT ALLOTTED,ALLOTTED,,,MP__MP Round 3 Allotment.txt,163,
MP,Madhya Pradesh,2025,R3,NEET_AIR,418.0,CENTER INDORE,MD RADIODIAGNOSIS,OBC,,,MP__MP Round 3 Allotment.txt,165,
MP,Madhya Pradesh,2025,R3,NEET_AIR,419.0,LN MEDICAL COLLEGE BHOPAL,MD GENERAL MEDICINE,UR/X/OP,,,MP__MP Round 3 Allotment.txt,167,
MP,Madhya Pradesh,2025,R3,NEET_AIR,424.0,BUNDELKHAND MEDICAL COLLEGE SAGAR,MS OPHTHALMOLOGY,INST/UR/X/OP,,,MP__MP Round 3 Allotment.txt,169,
MP,Madhya Pradesh,2025,R3,NEET_AIR,425.0,NOT ALLOTTED,ALLOTTED NOT ALLOTTED,MS,,,MP__MP Round 3 Allotment.txt,171,
MP,Madhya Pradesh,2025,R3,NEET_AIR,431.0,NOT ALLOTTED,ALLOTTED NOT ALLOTTED,ALLOTTED,,,MP__MP Round 3 Allotment.txt,173,
MP,Madhya Pradesh,2025,R3,NEET_AIR,437.0,NOT ALLOTTED,ALLOTTED NOT ALLOTTED,ALLOTTED,,,MP__MP Round 3 Allotment.txt,175,
MP,Madhya Pradesh,2025,R3,NEET_AIR,438.0,VIDISHA,MS ORTHOPAEDICS,OBC,,,MP__MP Round 3 Allotment.txt,177,
MP,Madhya Pradesh,2025,R3,NEET_AIR,441.0,NOT ALLOTTED,ALLOTTED NOT ALLOTTED,ALLOTTED,,,MP__MP Round 3 Allotment.txt,196,
MP,Madhya Pradesh,2025,R3,NEET_AIR,446.0,NOT ALLOTTED,ALLOTTED NOT ALLOTTED,ALLOTTED,,,MP__MP Round 3 Allotment.txt,198,
MP,Madhya Pradesh,2025,R3,NEET_AIR,449.0,NOT ALLOTTED,ALLOTTED NOT ALLOTTED,ALLOTTED,,,MP__MP Round 3 Allotment.txt,200,
MP,Madhya Pradesh,2025,R3,NEET_AIR,451.0,NOT ALLOTTED,ALLOTTED NOT ALLOTTED,ALLOTTED,,,MP__MP Round 3 Allotment.txt,202,
MP,Madhya Pradesh,2025,R3,NEET_AIR,455.0,NOT ALLOTTED,ALLOTTED NOT ALLOTTED,MS,,,MP__MP Round 3 Allotment.txt,204,
MP,Madhya Pradesh,2025,R3,NEET_AIR,458.0,SRI AUROBINDO INSTITUTE OF MEDICAL SCIENCE INDORE GENERAL MEDICINE,MD Clinical,MD,,,MP__MP Round 3 Allotment.txt,206,
MP,Madhya Pradesh,2025,R3,NEET_AIR,462.0,GOVERMENT MEDICAL COLLEGE RATLAM,MD ANAESTHESIOLOGY,INST/UR/X/OP,,,MP__MP Round 3 Allotment.txt,208,
MP,Madhya Pradesh,2025,R3,NEET_AIR,466.0,CHHINDWARA,MS GENERAL SURGERY,OBC,,,MP__MP Round 3 Allotment.txt,210,
MP,Madhya Pradesh,2025,R3,NEET_AIR,468.0,GENERAL MEDICINE,Private Clinical,MD,,,MP__MP Round 3 Allotment.txt,212,
MP,Madhya Pradesh,2025,R3,NEET_AIR,469.0,NOT ALLOTTED,ALLOTTED NOT ALLOTTED NOT ALLOTTED NOT ALLOTTED,Govt,,,MP__MP Round 3 Allotment.txt,214,
MP,Madhya Pradesh,2025,R3,NEET_AIR,472.0,SRI AUROBINDO INSTITUTE OF MEDICAL SCIENCE INDORE GENERAL MEDICINE,MD Clinical,MD,,,MP__MP Round 3 Allotment.txt,216,
MP,Madhya Pradesh,2025,R3,NEET_AIR,473.0,JABALPUR,MS ORTHOPAEDICS,EWS,,,MP__MP Round 3 Allotment.txt,218,
MP,Madhya Pradesh,2025,R3,NEET_AIR,485.0,COLLEGE SHIVPURI,MS GENERAL SURGERY,OBC,,,MP__MP Round 3 Allotment.txt,220,
MP,Madhya Pradesh,2025,R3,NEET_AIR,486.0,RADIODIAGNOSIS,Private Clinical,FRESH ALLOTTED,,,MP__MP Round 3 Allotment.txt,222,
MP,Madhya Pradesh,2025,R3,NEET_AIR,488.0,LEPROSY,Private Clinical,MD,,,MP__MP Round 3 Allotment.txt,225,
MP,Madhya Pradesh,2025,R3,NEET_AIR,491.0,PEOPLES COLLEGE OF MEDICAL SCIENCE BHOPAL,MD GENERAL MEDICINE,UR/X/OP,,,MP__MP Round 3 Allotment.txt,227,
MP,Madhya Pradesh,2025,R3,NEET_AIR,493.0,GENERAL MEDICINE,Private Clinical,MD,,,MP__MP Round 3 Allotment.txt,229,
MP,Madhya Pradesh,2025,R3,NEET_AIR,506.0,BUNDELKHAND MEDICAL COLLEGE SAGAR,MS GENERAL SURGERY,INST/UR/X/OP,,,MP__MP Round 3 Allotment.txt,231,
MP,Madhya Pradesh,2025,R3,NEET_AIR,510.0,NOT ALLOTTED,ALLOTTED NOT ALLOTTED NOT ALLOTTED NOT ALLOTTED,Private,,,MP__MP Round 3 Allotment.txt,233,
MP,Madhya Pradesh,2025,R3,NEET_AIR,512.0,RD GARDI MEDICAL COLLEGE UJJAIN,MD PAEDIATRICS,INST/UR/X/OP,,,MP__MP Round 3 Allotment.txt,234,
MP,Madhya Pradesh,2025,R3,NEET_AIR,516.0,LN MEDICAL COLLEGE BHOPAL,MD GENERAL MEDICINE,INST/UR/X/OP,,,MP__MP Round 3 Allotment.txt,235,
MP,Madhya Pradesh,2025,R3,NEET_AIR,521.0,NOT ALLOTTED,ALLOTTED NOT ALLOTTED,NOT ALLOTTED,,,MP__MP Round 3 Allotment.txt,237,
MP,Madhya Pradesh,2025,R3,NEET_AIR,523.0,NOT ALLOTTED,ALLOTTED NOT ALLOTTED NOT ALLOTTED NOT ALLOTTED,Govt,,,MP__MP Round 3 Allotment.txt,239,
MP,Madhya Pradesh,2025,R3,NEET_AIR,527.0,NOT ALLOTTED,ALLOTTED NOT ALLOTTED NOT ALLOTTED NOT ALLOTTED,ALLOTTED,,,MP__MP Round 3 Allotment.txt,241,
MP,Madhya Pradesh,2025,R3,NEET_AIR,528.0,GENERAL MEDICINE,Private Clinical,MD,,,MP__MP Round 3 Allotment.txt,243,
MP,Madhya Pradesh,2025,R3,NEET_AIR,530.0,NOT ALLOTTED,ALLOTTED NOT ALLOTTED,MS,,,MP__MP Round 3 Allotment.txt,245,
MP,Madhya Pradesh,2025,R3,NEET_AIR,535.0,NOT ALLOTTED,ALLOTTED NOT ALLOTTED,ALLOTTED,,,MP__MP Round 3 Allotment.txt,247,
MP,Madhya Pradesh,2025,R3,NEET_AIR,536.0,NOT ALLOTTED,ALLOTTED NOT ALLOTTED,MS,,,MP__MP Round 3 Allotment.txt,249,
MP,Madhya Pradesh,2025,R3,NEET_AIR,540.0,GENERAL MEDICINE,Private Clinical,MD,,,MP__MP Round 3 Allotment.txt,251,
MP,Madhya Pradesh,2025,R3,NEET_AIR,544.0,NOT ALLOTTED,ALLOTTED NOT ALLOTTED NOT ALLOTTED NOT ALLOTTED,Govt,,,MP__MP Round 3 Allotment.txt,253,
MP,Madhya Pradesh,2025,R3,NEET_AIR,545.0,LN MEDICAL COLLEGE BHOPAL,MD GENERAL MEDICINE,INST/UR/X/OP,,,MP__MP Round 3 Allotment.txt,255,
MP,Madhya Pradesh,2025,R3,NEET_AIR,546.0,BUNDELKHAND MEDICAL COLLEGE SAGAR,MD RESPIRATORY MEDICINE,EWS,,,MP__MP Round 3 Allotment.txt,256,
MP,Madhya Pradesh,2025,R3,NEET_AIR,549.0,GENERAL MEDICINE,Private Clinical,MD,,,MP__MP Round 3 Allotment.txt,258,
MP,Madhya Pradesh,2025,R3,NEET_AIR,550.0,NOT ALLOTTED,ALLOTTED NOT ALLOTTED,MD,,,MP__MP Round 3 Allotment.txt,260,
MP,Madhya Pradesh,2025,R3,NEET_AIR,553.0,NOT ALLOTTED,ALLOTTED NOT ALLOTTED,ALLOTTED,,,MP__MP Round 3 Allotment.txt,262,
MP,Madhya Pradesh,2025,R3,NEET_AIR,554.0,NOT ALLOTTED,ALLOTTED NOT ALLOTTED,MD,,,MP__MP Round 3 Allotment.txt,264,
MP,Madhya Pradesh,2025,R3,NEET_AIR,558.0,SRI AUROBINDO INSTITUTE OF MEDICAL SCIENCE INDORE GYNAECOLOGY,MS Clinical,MS,,,MP__MP Round 3 Allotment.txt,266,
MP,Madhya Pradesh,2025,R3,NEET_AIR,559.0,NOT ALLOTTED,ALLOTTED NOT ALLOTTED,MS,,,MP__MP Round 3 Allotment.txt,268,
MP,Madhya Pradesh,2025,R3,NEET_AIR,560.0,NOT ALLOTTED,ALLOTTED NOT ALLOTTED,ALLOTTED,,,MP__MP Round 3 Allotment.txt,270,
MP,Madhya Pradesh,2025,R3,NEET_AIR,565.0,NOT ALLOTTED,ALLOTTED NOT ALLOTTED,NOT ALLOTTED,,,MP__MP Round 3 Allotment.txt,272,
MP,Madhya Pradesh,2025,R3,NEET_AIR,575.0,VIDISHA,MS (ENT),INST/UR/X/OP,,,MP__MP Round 3 Allotment.txt,274,
MP,Madhya Pradesh,2025,R3,NEET_AIR,579.0,NOT ALLOTTED,ALLOTTED NOT ALLOTTED NOT ALLOTTED NOT ALLOTTED,ALLOTTED,,,MP__MP Round 3 Allotment.txt,276,
MP,Madhya Pradesh,2025,R3,NEET_AIR,582.0,SRI AUROBINDO INSTITUTE OF MEDICAL SCIENCE INDORE GENERAL MEDICINE,MD Clinical,MD,,,MP__MP Round 3 Allotment.txt,278,
MP,Madhya Pradesh,2025,R3,NEET_AIR,583.0,NOT ALLOTTED,ALLOTTED NOT ALLOTTED NOT ALLOTTED NOT ALLOTTED,Private,,,MP__MP Round 3 Allotment.txt,280,
MP,Madhya Pradesh,2025,R3,NEET_AIR,584.0,LEPROSY,Private Clinical,MD,,,MP__MP Round 3 Allotment.txt,283,
MP,Madhya Pradesh,2025,R3,NEET_AIR,585.0,GANDHI MEDICAL COLLEGE BHOPAL,MD ANAESTHESIOLOGY,EWS,,,MP__MP Round 3 Allotment.txt,285,
MP,Madhya Pradesh,2025,R3,NEET_AIR,587.0,SRI AUROBINDO INSTITUTE OF MEDICAL SCIENCE INDORE GYNAECOLOGY,MS Clinical,MS,,,MP__MP Round 3 Allotment.txt,287,
MP,Madhya Pradesh,2025,R3,NEET_AIR,590.0,SRI AUROBINDO INSTITUTE OF MEDICAL SCIENCE INDORE GYNAECOLOGY,MS Clinical,MD,,,MP__MP Round 3 Allotment.txt,289,
MP,Madhya Pradesh,2025,R3,NEET_AIR,595.0,CHIRAYU MEDICAL COLLEGE AND HOSPITAL BHOPAL,MD PAEDIATRICS,UR/X/OP,,,MP__MP Round 3 Allotment.txt,291,
MP,Madhya Pradesh,2025,R3,NEET_AIR,598.0,NOT ALLOTTED,ALLOTTED NOT ALLOTTED,MD,,,MP__MP Round 3 Allotment.txt,293,
MP,Madhya Pradesh,2025,R3,NEET_AIR,599.0,NOT ALLOTTED,ALLOTTED NOT ALLOTTED,MS,,,MP__MP Round 3 Allotment.txt,295,
MP,Madhya Pradesh,2025,R3,NEET_AIR,601.0,NOT ALLOTTED,ALLOTTED NOT ALLOTTED,MD,,,MP__MP Round 3 Allotment.txt,297,
MP,Madhya Pradesh,2025,R3,NEET_AIR,603.0,NOT ALLOTTED,ALLOTTED NOT ALLOTTED,MD,,,MP__MP Round 3 Allotment.txt,299,
MP,Madhya Pradesh,2025,R3,NEET_AIR,605.0,NOT ALLOTTED,ALLOTTED NOT ALLOTTED,ALLOTTED,,,MP__MP Round 3 Allotment.txt,301,
MP,Madhya Pradesh,2025,R3,NEET_AIR,608.0,GENERAL MEDICINE,Private Clinical,MD,,,MP__MP Round 3 Allotment.txt,303,
MP,Madhya Pradesh,2025,R3,NEET_AIR,611.0,SRI AUROBINDO INSTITUTE OF MEDICAL SCIENCE INDORE PAEDIATRICS,MD Clinical,MD,,,MP__MP Round 3 Allotment.txt,305,
MP,Madhya Pradesh,2025,R3,NEET_AIR,618.0,NOT ALLOTTED,ALLOTTED NOT ALLOTTED,ALLOTTED,,,MP__MP Round 3 Allotment.txt,307,
MP,Madhya Pradesh,2025,R3,NEET_AIR,620.0,NOT ALLOTTED,ALLOTTED NOT ALLOTTED,MS,,,MP__MP Round 3 Allotment.txt,309,
MP,Madhya Pradesh,2025,R3,NEET_AIR,623.0,NOT ALLOTTED,ALLOTTED NOT ALLOTTED,ALLOTTED,,,MP__MP Round 3 Allotment.txt,311,
MP,Madhya Pradesh,2025,R3,NEET_AIR,628.0,NOT ALLOTTED,ALLOTTED NOT ALLOTTED,ALLOTTED,,,MP__MP Round 3 Allotment.txt,313,
MP,Madhya Pradesh,2025,R3,NEET_AIR,629.0,GENERAL MEDICINE,Private Clinical,MD,,,MP__MP Round 3 Allotment.txt,315,
MP,Madhya Pradesh,2025,R3,NEET_AIR,632.0,INDORE,MD ANAESTHESIOLOGY,EWS,,,MP__MP Round 3 Allotment.txt,317,
MP,Madhya Pradesh,2025,R3,NEET_AIR,634.0,AMALTAS INSTITUTE OF MEDICAL SCIENCES DEWAS,MD GENERAL MEDICINE,INST/UR/X/OP,,,MP__MP Round 3 Allotment.txt,319,
MP,Madhya Pradesh,2025,R3,NEET_AIR,635.0,SRI AUROBINDO INSTITUTE OF MEDICAL SCIENCE INDORE ORTHOPAEDICS,MS Clinical,MS,,,MP__MP Round 3 Allotment.txt,321,
MP,Madhya Pradesh,2025,R3,NEET_AIR,637.0,NOT ALLOTTED,ALLOTTED NOT ALLOTTED NOT ALLOTTED NOT ALLOTTED,ALLOTTED,,,MP__MP Round 3 Allotment.txt,323,
MP,Madhya Pradesh,2025,R3,NEET_AIR,646.0,GOVERMENT MEDICAL COLLEGE RATLAM,MD GENERAL MEDICINE,SC,,,MP__MP Round 3 Allotment.txt,325,
MP,Madhya Pradesh,2025,R3,NEET_AIR,649.0,GENERAL MEDICINE,Private Clinical,FRESH ALLOTTED,,,MP__MP Round 3 Allotment.txt,326,
MP,Madhya Pradesh,2025,R3,NEET_AIR,651.0,JABALPUR,MD RADIODIAGNOSIS,IN_UR/X/OP,,,MP__MP Round 3 Allotment.txt,328,
MP,Madhya Pradesh,2025,R3,NEET_AIR,653.0,NOT ALLOTTED,ALLOTTED NOT ALLOTTED NOT ALLOTTED NOT ALLOTTED,ALLOTTED,,,MP__MP Round 3 Allotment.txt,330,
MP,Madhya Pradesh,2025,R3,NEET_AIR,657.0,NOT ALLOTTED,ALLOTTED NOT ALLOTTED NOT ALLOTTED NOT ALLOTTED,Govt,,,MP__MP Round 3 Allotment.txt,332,
MP,Madhya Pradesh,2025,R3,NEET_AIR,658.0,PEOPLES COLLEGE OF MEDICAL SCIENCE BHOPAL,MS GYNAECOLOGY,UR/X/OP,,,MP__MP Round 3 Allotment.txt,334,
MP,Madhya Pradesh,2025,R3,NEET_AIR,661.0,NOT ALLOTTED,ALLOTTED NOT ALLOTTED NOT ALLOTTED NOT ALLOTTED,Govt,,,MP__MP Round 3 Allotment.txt,336,
MP,Madhya Pradesh,2025,R3,NEET_AIR,668.0,NOT ALLOTTED,ALLOTTED NOT ALLOTTED NOT ALLOTTED NOT ALLOTTED,Govt,,,MP__MP Round 3 Allotment.txt,338,
MP,Madhya Pradesh,2025,R3,NEET_AIR,677.0,SRI AUROBINDO INSTITUTE OF MEDICAL SCIENCE INDORE PAEDIATRICS,MD Clinical,MD,,,MP__MP Round 3 Allotment.txt,340,
MP,Madhya Pradesh,2025,R3,NEET_AIR,678.0,SRI AUROBINDO INSTITUTE OF MEDICAL SCIENCE INDORE GYNAECOLOGY,MS Clinical,MS,,,MP__MP Round 3 Allotment.txt,342,
MP,Madhya Pradesh,2025,R3,NEET_AIR,690.0,NOT ALLOTTED,ALLOTTED NOT ALLOTTED NOT ALLOTTED NOT ALLOTTED,ALLOTTED,,,MP__MP Round 3 Allotment.txt,344,
MP,Madhya Pradesh,2025,R3,NEET_AIR,691.0,NOT ALLOTTED,ALLOTTED NOT ALLOTTED NOT ALLOTTED NOT ALLOTTED,ALLOTTED,,,MP__MP Round 3 Allotment.txt,346,
MP,Madhya Pradesh,2025,R3,NEET_AIR,692.0,NOT ALLOTTED,ALLOTTED NOT ALLOTTED,NOT ALLOTTED,,,MP__MP Round 3 Allotment.txt,348,
MP,Madhya Pradesh,2025,R3,NEET_AIR,699.0,NOT ALLOTTED NOT ALLOTTED,NOT ALLOTTED MD,LN MEDICAL COLLEGE BHOPAL,,,MP__MP Round 3 Allotment.txt,351,
MP,Madhya Pradesh,2025,R3,NEET_AIR,701.0,PAEDIATRICS,Private Clinical,MD,,,MP__MP Round 3 Allotment.txt,354,
MP,Madhya Pradesh,2025,R3,NEET_AIR,704.0,GYNAECOLOGY,Private Clinical,MS,,,MP__MP Round 3 Allotment.txt,356,
MP,Madhya Pradesh,2025,R3,NEET_AIR,706.0,SHYAM SHAH MEDICAL COLLEGE REWA,MS GY (ENT),OBC,,,MP__MP Round 3 Allotment.txt,358,
MP,Madhya Pradesh,2025,R3,NEET_AIR,707.0,NOT ALLOTTED,ALLOTTED NOT ALLOTTED,ALLOTTED,,,MP__MP Round 3 Allotment.txt,360,
MP,Madhya Pradesh,2025,R3,NEET_AIR,712.0,NOT ALLOTTED,ALLOTTED NOT ALLOTTED,MD,,,MP__MP Round 3 Allotment.txt,362,
MP,Madhya Pradesh,2025,R3,NEET_AIR,714.0,NOT ALLOTTED,ALLOTTED NOT ALLOTTED,ALLOTTED,,,MP__MP Round 3 Allotment.txt,364,
MP,Madhya Pradesh,2025,R3,NEET_AIR,715.0,NOT ALLOTTED,ALLOTTED NOT ALLOTTED,NOT ALLOTTED,,,MP__MP Round 3 Allotment.txt,380,
MP,Madhya Pradesh,2025,R3,NEET_AIR,717.0,Clinical,Private OBC/X/OP,Private,,,MP__MP Round 3 Allotment.txt,383,
MP,Madhya Pradesh,2025,R3,NEET_AIR,723.0,NOT ALLOTTED,ALLOTTED NOT ALLOTTED NOT ALLOTTED NOT ALLOTTED,Govt,,,MP__MP Round 3 Allotment.txt,385,
MP,Madhya Pradesh,2025,R3,NEET_AIR,724.0,NOT ALLOTTED,ALLOTTED NOT ALLOTTED NOT ALLOTTED NOT ALLOTTED,Govt,,,MP__MP Round 3 Allotment.txt,387,
MP,Madhya Pradesh,2025,R3,NEET_AIR,727.0,CHIRAYU MEDICAL COLLEGE AND HOSPITAL BHOPAL,MD LEPROSY,INST/UR/X/OP,,,MP__MP Round 3 Allotment.txt,390,
MP,Madhya Pradesh,2025,R3,NEET_AIR,730.0,GENERAL MEDICINE,Private Clinical,FRESH ALLOTTED,,,MP__MP Round 3 Allotment.txt,392,
MP,Madhya Pradesh,2025,R3,NEET_AIR,732.0,NOT ALLOTTED,ALLOTTED NOT ALLOTTED,ALLOTTED,,,MP__MP Round 3 Allotment.txt,394,
MP,Madhya Pradesh,2025,R3,NEET_AIR,735.0,NOT ALLOTTED,ALLOTTED NOT ALLOTTED,MD,,,MP__MP Round 3 Allotment.txt,396,
MP,Madhya Pradesh,2025,R3,NEET_AIR,737.0,NOT ALLOTTED,ALLOTTED NOT ALLOTTED,ALLOTTED,,,MP__MP Round 3 Allotment.txt,398,
MP,Madhya Pradesh,2025,R3,NEET_AIR,738.0,GANDHI MEDICAL COLLEGE BHOPAL,MD ANAESTHESIOLOGY,OBC,,,MP__MP Round 3 Allotment.txt,399,
MP,Madhya Pradesh,2025,R3,NEET_AIR,740.0,NOT ALLOTTED,ALLOTTED NOT ALLOTTED,MD,,,MP__MP Round 3 Allotment.txt,401,
MP,Madhya Pradesh,2025,R3,NEET_AIR,741.0,NOT ALLOTTED,ALLOTTED NOT ALLOTTED,MD,,,MP__MP Round 3 Allotment.txt,403,
MP,Madhya Pradesh,2025,R3,NEET_AIR,745.0,NOT ALLOTTED,ALLOTTED NOT ALLOTTED,NOT ALLOTTED,,,MP__MP Round 3 Allotment.txt,405,
MP,Madhya Pradesh,2025,R3,NEET_AIR,746.0,NOT ALLOTTED,ALLOTTED NOT ALLOTTED,NOT ALLOTTED,,,MP__MP Round 3 Allotment.txt,407,
MP,Madhya Pradesh,2025,R3,NEET_AIR,747.0,INDORE,MD ANAESTHESIOLOGY,OBC,,,MP__MP Round 3 Allotment.txt,409,
MP,Madhya Pradesh,2025,R3,NEET_AIR,748.0,NOT ALLOTTED,ALLOTTED NOT ALLOTTED,NOT ALLOTTED,,,MP__MP Round 3 Allotment.txt,411,
MP,Madhya Pradesh,2025,R3,NEET_AIR,749.0,NOT ALLOTTED,ALLOTTED NOT ALLOTTED,MS,,,MP__MP Round 3 Allotment.txt,413,
MP,Madhya Pradesh,2025,R3,NEET_AIR,758.0,NOT ALLOTTED,ALLOTTED NOT ALLOTTED,MD,,,MP__MP Round 3 Allotment.txt,415,
MP,Madhya Pradesh,2025,R3,NEET_AIR,767.0,NOT ALLOTTED,ALLOTTED NOT ALLOTTED,ALLOTTED,,,MP__MP Round 3 Allotment.txt,417,
MP,Madhya Pradesh,2025,R3,NEET_AIR,768.0,NOT ALLOTTED,ALLOTTED NOT ALLOTTED,MD,,,MP__MP Round 3 Allotment.txt,419,
MP,Madhya Pradesh,2025,R3,NEET_AIR,770.0,SHYAM SHAH MEDICAL COLLEGE REWA,MD PAEDIATRICS,SC,,,MP__MP Round 3 Allotment.txt,421,
MP,Madhya Pradesh,2025,R3,NEET_AIR,776.0,GENERAL SURGERY,Private Clinical,MS,,,MP__MP Round 3 Allotment.txt,422,
MP,Madhya Pradesh,2025,R3,NEET_AIR,777.0,SRI AUROBINDO INSTITUTE OF MEDICAL SCIENCE INDORE PAEDIATRICS,MD Clinical,MD,,,MP__MP Round 3 Allotment.txt,424,
MP,Madhya Pradesh,2025,R3,NEET_AIR,784.0,SRI AUROBINDO INSTITUTE OF MEDICAL SCIENCE INDORE ORTHOPAEDICS,MS Clinical,MS,,,MP__MP Round 3 Allotment.txt,426,
MP,Madhya Pradesh,2025,R3,NEET_AIR,786.0,INDORE,MS OPHTHALMOLOGY,OBC,,,MP__MP Round 3 Allotment.txt,428,
MP,Madhya Pradesh,2025,R3,NEET_AIR,787.0,GYNAECOLOGY,Private Clinical,MS,,,MP__MP Round 3 Allotment.txt,430,
MP,Madhya Pradesh,2025,R3,NEET_AIR,791.0,SRI AUROBINDO INSTITUTE OF MEDICAL SCIENCE INDORE MEDICINE,MD Clinical,MD,,,MP__MP Round 3 Allotment.txt,432,
MP,Madhya Pradesh,2025,R3,NEET_AIR,792.0,NOT ALLOTTED,ALLOTTED NOT ALLOTTED NOT ALLOTTED NOT ALLOTTED,Govt,,,MP__MP Round 3 Allotment.txt,434,
MP,Madhya Pradesh,2025,R3,NEET_AIR,793.0,NOT ALLOTTED,ALLOTTED NOT ALLOTTED NOT ALLOTTED NOT ALLOTTED,ALLOTTED,,,MP__MP Round 3 Allotment.txt,436,
MP,Madhya Pradesh,2025,R3,NEET_AIR,798.0,SRI AUROBINDO INSTITUTE OF MEDICAL SCIENCE INDORE GYNAECOLOGY,MS Clinical,MS,,,MP__MP Round 3 Allotment.txt,438,
MP,Madhya Pradesh,2025,R3,NEET_AIR,801.0,CENTER INDORE,MD GENERAL MEDICINE,OBC,,,MP__MP Round 3 Allotment.txt,440,
MP,Madhya Pradesh,2025,R3,NEET_AIR,802.0,GENERAL MEDICINE,Private Clinical,MD,,,MP__MP Round 3 Allotment.txt,442,
MP,Madhya Pradesh,2025,R3,NEET_AIR,803.0,NOT ALLOTTED,ALLOTTED NOT ALLOTTED,MS,,,MP__MP Round 3 Allotment.txt,444,
MP,Madhya Pradesh,2025,R3,NEET_AIR,805.0,NOT ALLOTTED,ALLOTTED NOT ALLOTTED,ALLOTTED,,,MP__MP Round 3 Allotment.txt,446,
MP,Madhya Pradesh,2025,R3,NEET_AIR,806.0,NOT ALLOTTED,ALLOTTED NOT ALLOTTED,ALLOTTED,,,MP__MP Round 3 Allotment.txt,448,
MP,Madhya Pradesh,2025,R3,NEET_AIR,807.0,NOT ALLOTTED,ALLOTTED NOT ALLOTTED,ALLOTTED,,,MP__MP Round 3 Allotment.txt,450,
MP,Madhya Pradesh,2025,R3,NEET_AIR,809.0,NOT ALLOTTED,ALLOTTED NOT ALLOTTED,ALLOTTED,,,MP__MP Round 3 Allotment.txt,452,
MP,Madhya Pradesh,2025,R3,NEET_AIR,810.0,NOT ALLOTTED,ALLOTTED NOT ALLOTTED,ALLOTTED,,,MP__MP Round 3 Allotment.txt,454,
MP,Madhya Pradesh,2025,R3,NEET_AIR,811.0,CHIRAYU MEDICAL COLLEGE AND HOSPITAL BHOPAL,MS GYNAECOLOGY,INST/UR/X/OP,,,MP__MP Round 3 Allotment.txt,456,
MP,Madhya Pradesh,2025,R3,NEET_AIR,815.0,NOT ALLOTTED,ALLOTTED NOT ALLOTTED NOT ALLOTTED NOT ALLOTTED,ALLOTTED,,,MP__MP Round 3 Allotment.txt,458,
MP,Madhya Pradesh,2025,R3,NEET_AIR,816.0,RD GARDI MEDICAL COLLEGE UJJAIN,MS ORTHOPAEDICS,UR/X/OP,,,MP__MP Round 3 Allotment.txt,460,
MP,Madhya Pradesh,2025,R3,NEET_AIR,817.0,NOT ALLOTTED,ALLOTTED NOT ALLOTTED NOT ALLOTTED NOT ALLOTTED,Govt,,,MP__MP Round 3 Allotment.txt,462,
MP,Madhya Pradesh,2025,R3,NEET_AIR,824.0,GOVERMENT MEDICAL COLLEGE RATLAM,MD ANAESTHESIOLOGY,OBC,,,MP__MP Round 3 Allotment.txt,464,
MP,Madhya Pradesh,2025,R3,NEET_AIR,825.0,NOT ALLOTTED,ALLOTTED NOT ALLOTTED,MD,,,MP__MP Round 3 Allotment.txt,466,
MP,Madhya Pradesh,2025,R3,NEET_AIR,829.0,NOT ALLOTTED,ALLOTTED NOT ALLOTTED,ALLOTTED,,,MP__MP Round 3 Allotment.txt,468,
MP,Madhya Pradesh,2025,R3,NEET_AIR,831.0,NOT ALLOTTED,ALLOTTED NOT ALLOTTED,ALLOTTED,,,MP__MP Round 3 Allotment.txt,470,
MP,Madhya Pradesh,2025,R3,NEET_AIR,832.0,GAJRA RAJA MEDICAL COLLEGE GWALIOR,MD EMERGENCY MEDICINE Clinical,MD,,,MP__MP Round 3 Allotment.txt,472,
MP,Madhya Pradesh,2025,R3,NEET_AIR,835.0,NOT ALLOTTED,ALLOTTED NOT ALLOTTED,NOT ALLOTTED,,,MP__MP Round 3 Allotment.txt,474,
MP,Madhya Pradesh,2025,R3,NEET_AIR,838.0,NOT ALLOTTED,ALLOTTED NOT ALLOTTED,MD,,,MP__MP Round 3 Allotment.txt,476,
MP,Madhya Pradesh,2025,R3,NEET_AIR,840.0,NOT ALLOTTED,ALLOTTED NOT ALLOTTED NOT ALLOTTED NOT ALLOTTED,Private,,,MP__MP Round 3 Allotment.txt,478,
MP,Madhya Pradesh,2025,R3,NEET_AIR,843.0,PEOPLES COLLEGE OF MEDICAL SCIENCE BHOPAL,MS GYNAECOLOGY,INST/UR/X/OP,,,MP__MP Round 3 Allotment.txt,480,
MP,Madhya Pradesh,2025,R3,NEET_AIR,847.0,SRI AUROBINDO INSTITUTE OF MEDICAL SCIENCE INDORE PAEDIATRICS,MD Clinical,MD,,,MP__MP Round 3 Allotment.txt,482,
MP,Madhya Pradesh,2025,R3,NEET_AIR,848.0,NOT ALLOTTED,ALLOTTED NOT ALLOTTED NOT ALLOTTED NOT ALLOTTED,ALLOTTED,,,MP__MP Round 3 Allotment.txt,484,
MP,Madhya Pradesh,2025,R3,NEET_AIR,849.0,JABALPUR,MS GYNAECOLOGY,SC,,,MP__MP Round 3 Allotment.txt,486,
MP,Madhya Pradesh,2025,R3,NEET_AIR,850.0,CENTRE BHOPAL,MD GENERAL MEDICINE,INST/UR/X/OP,,,MP__MP Round 3 Allotment.txt,489,
MP,Madhya Pradesh,2025,R3,NEET_AIR,851.0,NOT ALLOTTED,ALLOTTED NOT ALLOTTED NOT ALLOTTED NOT ALLOTTED,ALLOTTED,,,MP__MP Round 3 Allotment.txt,491,
MP,Madhya Pradesh,2025,R3,NEET_AIR,852.0,NOT ALLOTTED,ALLOTTED NOT ALLOTTED NOT ALLOTTED NOT ALLOTTED,Private,,,MP__MP Round 3 Allotment.txt,493,
MP,Madhya Pradesh,2025,R3,NEET_AIR,853.0,NOT ALLOTTED,ALLOTTED NOT ALLOTTED NOT ALLOTTED NOT ALLOTTED,Private,,,MP__MP Round 3 Allotment.txt,496,
MP,Madhya Pradesh,2025,R3,NEET_AIR,854.0,NOT ALLOTTED NOT ALLOTTED,NOT ALLOTTED MD,CENTRE BHOPAL,,,MP__MP Round 3 Allotment.txt,498,
MP,Madhya Pradesh,2025,R3,NEET_AIR,855.0,NOT ALLOTTED,ALLOTTED NOT ALLOTTED,NOT ALLOTTED,,,MP__MP Round 3 Allotment.txt,500,
MP,Madhya Pradesh,2025,R3,NEET_AIR,856.0,NOT ALLOTTED,ALLOTTED NOT ALLOTTED,MD,,,MP__MP Round 3 Allotment.txt,502,
MP,Madhya Pradesh,2025,R3,NEET_AIR,857.0,NOT ALLOTTED,ALLOTTED NOT ALLOTTED,MD,,,MP__MP Round 3 Allotment.txt,504,
MP,Madhya Pradesh,2025,R3,NEET_AIR,859.0,NOT ALLOTTED,ALLOTTED NOT ALLOTTED,ALLOTTED,,,MP__MP Round 3 Allotment.txt,506,
MP,Madhya Pradesh,2025,R3,NEET_AIR,862.0,NOT ALLOTTED,ALLOTTED NOT ALLOTTED,MD,,,MP__MP Round 3 Allotment.txt,508,
MP,Madhya Pradesh,2025,R3,NEET_AIR,863.0,SRI AUROBINDO INSTITUTE OF MEDICAL SCIENCE INDORE GYNAECOLOGY,MS Clinical,MS,,,MP__MP Round 3 Allotment.txt,510,
MP,Madhya Pradesh,2025,R3,NEET_AIR,864.0,AMALTAS INSTITUTE OF MEDICAL SCIENCES DEWAS,MS GYNAECOLOGY,UR/X/OP,,,MP__MP Round 3 Allotment.txt,512,
MP,Madhya Pradesh,2025,R3,NEET_AIR,866.0,NOT ALLOTTED,ALLOTTED NOT ALLOTTED NOT ALLOTTED NOT ALLOTTED,ALLOTTED,,,MP__MP Round 3 Allotment.txt,514,
MP,Madhya Pradesh,2025,R3,NEET_AIR,869.0,CHIRAYU MEDICAL COLLEGE AND HOSPITAL BHOPAL,MD PAEDIATRICS,INST/UR/X/OP,,,MP__MP Round 3 Allotment.txt,516,
MP,Madhya Pradesh,2025,R3,NEET_AIR,872.0,NOT ALLOTTED,ALLOTTED NOT ALLOTTED NOT ALLOTTED NOT ALLOTTED,ALLOTTED,,,MP__MP Round 3 Allotment.txt,518,
MP,Madhya Pradesh,2025,R3,NEET_AIR,876.0,NOT ALLOTTED,ALLOTTED NOT ALLOTTED NOT ALLOTTED NOT ALLOTTED,ALLOTTED,,,MP__MP Round 3 Allotment.txt,520,
MP,Madhya Pradesh,2025,R3,NEET_AIR,878.0,RD GARDI MEDICAL COLLEGE UJJAIN,MS OPHTHALMOLOGY,UR/X/OP,,,MP__MP Round 3 Allotment.txt,522,
MP,Madhya Pradesh,2025,R3,NEET_AIR,887.0,NOT ALLOTTED,ALLOTTED NOT ALLOTTED,ALLOTTED,,,MP__MP Round 3 Allotment.txt,524,
MP,Madhya Pradesh,2025,R3,NEET_AIR,888.0,NOT ALLOTTED,ALLOTTED NOT ALLOTTED,MS,,,MP__MP Round 3 Allotment.txt,526,
MP,Madhya Pradesh,2025,R3,NEET_AIR,889.0,NOT ALLOTTED,ALLOTTED NOT ALLOTTED,MD,,,MP__MP Round 3 Allotment.txt,528,
MP,Madhya Pradesh,2025,R3,NEET_AIR,897.0,NOT ALLOTTED,ALLOTTED NOT ALLOTTED,MD,,,MP__MP Round 3 Allotment.txt,530,
MP,Madhya Pradesh,2025,R3,NEET_AIR,899.0,RD GARDI MEDICAL COLLEGE UJJAIN,MS GENERAL SURGERY,UR/X/OP,,,MP__MP Round 3 Allotment.txt,532,
MP,Madhya Pradesh,2025,R3,NEET_AIR,901.0,NOT ALLOTTED,ALLOTTED NOT ALLOTTED NOT ALLOTTED NOT ALLOTTED,ALLOTTED,,,MP__MP Round 3 Allotment.txt,534,
MP,Madhya Pradesh,2025,R3,NEET_AIR,905.0,NOT ALLOTTED,ALLOTTED NOT ALLOTTED NOT ALLOTTED NOT ALLOTTED,Private,,,MP__MP Round 3 Allotment.txt,536,
MP,Madhya Pradesh,2025,R3,NEET_AIR,907.0,NOT ALLOTTED,ALLOTTED NOT ALLOTTED,NOT ALLOTTED,,,MP__MP Round 3 Allotment.txt,538,
MP,Madhya Pradesh,2025,R3,NEET_AIR,908.0,LN MEDICAL COLLEGE BHOPAL,MD PAEDIATRICS,INST/UR/X/OP,,,MP__MP Round 3 Allotment.txt,540,
MP,Madhya Pradesh,2025,R3,NEET_AIR,915.0,NOT ALLOTTED,ALLOTTED NOT ALLOTTED NOT ALLOTTED NOT ALLOTTED,Govt,,,MP__MP Round 3 Allotment.txt,542,
MP,Madhya Pradesh,2025,R3,NEET_AIR,916.0,NOT ALLOTTED,ALLOTTED NOT ALLOTTED,NOT ALLOTTED,,,MP__MP Round 3 Allotment.txt,544,
MP,Madhya Pradesh,2025,R3,NEET_AIR,919.0,NOT ALLOTTED,ALLOTTED NOT ALLOTTED NOT ALLOTTED NOT ALLOTTED,ALLOTTED,,,MP__MP Round 3 Allotment.txt,546,
MP,Madhya Pradesh,2025,R3,NEET_AIR,921.0,NOT ALLOTTED,ALLOTTED NOT ALLOTTED,NOT ALLOTTED,,,MP__MP Round 3 Allotment.txt,548,
MP,Madhya Pradesh,2025,R3,NEET_AIR,925.0,LN MEDICAL COLLEGE BHOPAL,MS GYNAECOLOGY,UR/X/OP,,,MP__MP Round 3 Allotment.txt,564,
MP,Madhya Pradesh,2025,R3,NEET_AIR,927.0,NOT ALLOTTED,ALLOTTED NOT ALLOTTED NOT ALLOTTED NOT ALLOTTED,ALLOTTED,,,MP__MP Round 3 Allotment.txt,566,
MP,Madhya Pradesh,2025,R3,NEET_AIR,933.0,CENTER INDORE,MS GYNAECOLOGY,UR/X/OP,,,MP__MP Round 3 Allotment.txt,568,
MP,Madhya Pradesh,2025,R3,NEET_AIR,934.0,NOT ALLOTTED,ALLOTTED NOT ALLOTTED NOT ALLOTTED NOT ALLOTTED,ALLOTTED,,,MP__MP Round 3 Allotment.txt,570,
MP,Madhya Pradesh,2025,R3,NEET_AIR,939.0,SRI AUROBINDO INSTITUTE OF MEDICAL SCIENCE INDORE PSYCHIATRY,MD Clinical,MD,,,MP__MP Round 3 Allotment.txt,572,
MP,Madhya Pradesh,2025,R3,NEET_AIR,941.0,NOT ALLOTTED,ALLOTTED NOT ALLOTTED NOT ALLOTTED NOT ALLOTTED,Govt,,,MP__MP Round 3 Allotment.txt,574,
MP,Madhya Pradesh,2025,R3,NEET_AIR,943.0,NOT ALLOTTED,ALLOTTED NOT ALLOTTED NOT ALLOTTED NOT ALLOTTED,ALLOTTED,,,MP__MP Round 3 Allotment.txt,576,
MP,Madhya Pradesh,2025,R3,NEET_AIR,951.0,NOT ALLOTTED,NOT ALLOTTED NOT ALLOTTED NOT ALLOTTED,Private,,,MP__MP Round 3 Allotment.txt,579,
MP,Madhya Pradesh,2025,R3,NEET_AIR,956.0,NOT ALLOTTED,ALLOTTED NOT ALLOTTED,ALLOTTED,,,MP__MP Round 3 Allotment.txt,581,
MP,Madhya Pradesh,2025,R3,NEET_AIR,963.0,NOT ALLOTTED,ALLOTTED NOT ALLOTTED,MD,,,MP__MP Round 3 Allotment.txt,583,
MP,Madhya Pradesh,2025,R3,NEET_AIR,964.0,NOT ALLOTTED,ALLOTTED NOT ALLOTTED,ALLOTTED,,,MP__MP Round 3 Allotment.txt,585,
MP,Madhya Pradesh,2025,R3,NEET_AIR,968.0,NOT ALLOTTED,ALLOTTED NOT ALLOTTED,MD,,,MP__MP Round 3 Allotment.txt,587,
MP,Madhya Pradesh,2025,R3,NEET_AIR,969.0,SHYAM SHAH MEDICAL COLLEGE REWA,MS GYNAECOLOGY,SC,,,MP__MP Round 3 Allotment.txt,589,
MP,Madhya Pradesh,2025,R3,NEET_AIR,970.0,NOT ALLOTTED,ALLOTTED NOT ALLOTTED,NOT ALLOTTED,,,MP__MP Round 3 Allotment.txt,591,
MP,Madhya Pradesh,2025,R3,NEET_AIR,972.0,NOT ALLOTTED,ALLOTTED NOT ALLOTTED NOT ALLOTTED NOT ALLOTTED,Govt,,,MP__MP Round 3 Allotment.txt,593,
MP,Madhya Pradesh,2025,R3,NEET_AIR,974.0,NOT ALLOTTED,ALLOTTED NOT ALLOTTED NOT ALLOTTED NOT ALLOTTED,ALLOTTED,,,MP__MP Round 3 Allotment.txt,595,
MP,Madhya Pradesh,2025,R3,NEET_AIR,975.0,NOT ALLOTTED,ALLOTTED NOT ALLOTTED NOT ALLOTTED NOT ALLOTTED,Govt,,,MP__MP Round 3 Allotment.txt,597,
MP,Madhya Pradesh,2025,R3,NEET_AIR,980.0,PAEDIATRICS,Private Clinical,FRESH ALLOTTED,,,MP__MP Round 3 Allotment.txt,598,
MP,Madhya Pradesh,2025,R3,NEET_AIR,981.0,NOT ALLOTTED,ALLOTTED NOT ALLOTTED,MD,,,MP__MP Round 3 Allotment.txt,600,
MP,Madhya Pradesh,2025,R3,NEET_AIR,982.0,NOT ALLOTTED,ALLOTTED NOT ALLOTTED,ALLOTTED,,,MP__MP Round 3 Allotment.txt,602,
MP,Madhya Pradesh,2025,R3,NEET_AIR,983.0,NOT ALLOTTED,ALLOTTED NOT ALLOTTED,ALLOTTED,,,MP__MP Round 3 Allotment.txt,604,
MP,Madhya Pradesh,2025,R3,NEET_AIR,986.0,NOT ALLOTTED,ALLOTTED NOT ALLOTTED,NOT ALLOTTED,,,MP__MP Round 3 Allotment.txt,606,
MP,Madhya Pradesh,2025,R3,NEET_AIR,990.0,PEOPLES COLLEGE OF MEDICAL SCIENCE BHOPAL,MS GYNAECOLOGY,OBC,,,MP__MP Round 3 Allotment.txt,608,
MP,Madhya Pradesh,2025,R3,NEET_AIR,994.0,NOT ALLOTTED,ALLOTTED NOT ALLOTTED,ALLOTTED,,,MP__MP Round 3 Allotment.txt,610,
MP,Madhya Pradesh,2025,R3,NEET_AIR,995.0,NOT ALLOTTED,ALLOTTED NOT ALLOTTED,ALLOTTED,,,MP__MP Round 3 Allotment.txt,612,
MP,Madhya Pradesh,2025,R3,NEET_AIR,997.0,NOT ALLOTTED,ALLOTTED NOT ALLOTTED,ALLOTTED,,,MP__MP Round 3 Allotment.txt,614,
MP,Madhya Pradesh,2025,R3,NEET_AIR,999.0,NOT ALLOTTED,ALLOTTED NOT ALLOTTED,ALLOTTED,,,MP__MP Round 3 Allotment.txt,616,
MP,Madhya Pradesh,2025,R3,NEET_AIR,1000.0,CHIRAYU MEDICAL COLLEGE AND HOSPITAL BHOPAL,MS GENERAL SURGERY,UR/X/OP,,,MP__MP Round 3 Allotment.txt,618,
MP,Madhya Pradesh,2025,R3,NEET_AIR,1001.0,NOT ALLOTTED,ALLOTTED NOT ALLOTTED,ALLOTTED,,,MP__MP Round 3 Allotment.txt,620,
MP,Madhya Pradesh,2025,R3,NEET_AIR,1007.0,NOT ALLOTTED,ALLOTTED NOT ALLOTTED,ALLOTTED,,,MP__MP Round 3 Allotment.txt,622,
MP,Madhya Pradesh,2025,R3,NEET_AIR,1010.0,NOT ALLOTTED,NOT ALLOTTED NOT ALLOTTED NOT ALLOTTED,ALLOTTED,,,MP__MP Round 3 Allotment.txt,624,
MP,Madhya Pradesh,2025,R3,NEET_AIR,1011.0,COLLEGE KHANDWA,MD PAEDIATRICS,SC,,,MP__MP Round 3 Allotment.txt,626,
MP,Madhya Pradesh,2025,R3,NEET_AIR,1013.0,JABALPUR,MD GENERAL MEDICINE,ST,,,MP__MP Round 3 Allotment.txt,628,
MP,Madhya Pradesh,2025,R3,NEET_AIR,1015.0,GAJRA RAJA MEDICAL COLLEGE GWALIOR,MD ANAESTHESIOLOGY,EWS,,,MP__MP Round 3 Allotment.txt,630,
MP,Madhya Pradesh,2025,R3,NEET_AIR,1018.0,OBSTETRICS AND GYNAECOLOGY,Private Clinical,FRESH ALLOTTED,,,MP__MP Round 3 Allotment.txt,632,
MP,Madhya Pradesh,2025,R3,NEET_AIR,1020.0,NOT ALLOTTED,ALLOTTED NOT ALLOTTED,ALLOTTED,,,MP__MP Round 3 Allotment.txt,634,
MP,Madhya Pradesh,2025,R3,NEET_AIR,1023.0,NOT ALLOTTED,ALLOTTED NOT ALLOTTED,ALLOTTED,,,MP__MP Round 3 Allotment.txt,636,
MP,Madhya Pradesh,2025,R3,NEET_AIR,1026.0,NOT ALLOTTED,ALLOTTED NOT ALLOTTED,ALLOTTED,,,MP__MP Round 3 Allotment.txt,638,
MP,Madhya Pradesh,2025,R3,NEET_AIR,1028.0,NOT ALLOTTED,NOT ALLOTTED NOT ALLOTTED NOT ALLOTTED,Private,,,MP__MP Round 3 Allotment.txt,640,
MP,Madhya Pradesh,2025,R3,NEET_AIR,1031.0,NOT ALLOTTED,ALLOTTED NOT ALLOTTED,ALLOTTED,,,MP__MP Round 3 Allotment.txt,642,
MP,Madhya Pradesh,2025,R3,NEET_AIR,1042.0,OBSTETRICS AND GYNAECOLOGY,Private Clinical,FRESH ALLOTTED,,,MP__MP Round 3 Allotment.txt,643,
MP,Madhya Pradesh,2025,R3,NEET_AIR,1046.0,NOT ALLOTTED,ALLOTTED NOT ALLOTTED NOT ALLOTTED NOT ALLOTTED,ALLOTTED,,,MP__MP Round 3 Allotment.txt,645,
MP,Madhya Pradesh,2025,R3,NEET_AIR,1049.0,NOT ALLOTTED,ALLOTTED NOT ALLOTTED NOT ALLOTTED NOT ALLOTTED,Govt,,,MP__MP Round 3 Allotment.txt,647,
MP,Madhya Pradesh,2025,R3,NEET_AIR,1051.0,GANDHI MEDICAL COLLEGE BHOPAL,MS ORTHOPAEDICS,SC,,,MP__MP Round 3 Allotment.txt,648,
MP,Madhya Pradesh,2025,R3,NEET_AIR,1053.0,NOT ALLOTTED,ALLOTTED NOT ALLOTTED NOT ALLOTTED NOT ALLOTTED,ALLOTTED,,,MP__MP Round 3 Allotment.txt,650,
MP,Madhya Pradesh,2025,R3,NEET_AIR,1058.0,NOT ALLOTTED,NOT ALLOTTED NOT ALLOTTED,NOT ALLOTTED,,,MP__MP Round 3 Allotment.txt,652,
MP,Madhya Pradesh,2025,R3,NEET_AIR,1061.0,NOT ALLOTTED,ALLOTTED NOT ALLOTTED,MD,,,MP__MP Round 3 Allotment.txt,654,
MP,Madhya Pradesh,2025,R3,NEET_AIR,1062.0,NOT ALLOTTED,ALLOTTED NOT ALLOTTED,ALLOTTED,,,MP__MP Round 3 Allotment.txt,656,
MP,Madhya Pradesh,2025,R3,NEET_AIR,1063.0,NOT ALLOTTED,ALLOTTED NOT ALLOTTED,MS,,,MP__MP Round 3 Allotment.txt,658,
MP,Madhya Pradesh,2025,R3,NEET_AIR,1065.0,NOT ALLOTTED,ALLOTTED NOT ALLOTTED,ALLOTTED,,,MP__MP Round 3 Allotment.txt,660,
MP,Madhya Pradesh,2025,R3,NEET_AIR,1072.0,NOT ALLOTTED,ALLOTTED NOT ALLOTTED,ALLOTTED,,,MP__MP Round 3 Allotment.txt,662,
MP,Madhya Pradesh,2025,R3,NEET_AIR,1073.0,NOT ALLOTTED,ALLOTTED NOT ALLOTTED,ALLOTTED,,,MP__MP Round 3 Allotment.txt,664,
MP,Madhya Pradesh,2025,R3,NEET_AIR,1076.0,NOT ALLOTTED,ALLOTTED NOT ALLOTTED,ALLOTTED,,,MP__MP Round 3 Allotment.txt,666,
MP,Madhya Pradesh,2025,R3,NEET_AIR,1077.0,SRI AUROBINDO INSTITUTE OF MEDICAL SCIENCE INDORE PAEDIATRICS,MD Clinical,MD,,,MP__MP Round 3 Allotment.txt,669,
MP,Madhya Pradesh,2025,R3,NEET_AIR,1078.0,GOVERMENT MEDICAL COLLEGE RATLAM,MS GYNAECOLOGY,SC,,,MP__MP Round 3 Allotment.txt,671,
MP,Madhya Pradesh,2025,R3,NEET_AIR,1079.0,NOT ALLOTTED,ALLOTTED NOT ALLOTTED,MS,,,MP__MP Round 3 Allotment.txt,673,
MP,Madhya Pradesh,2025,R3,NEET_AIR,1081.0,CHIRAYU MEDICAL COLLEGE AND HOSPITAL BHOPAL,MD PSYCHIATRY,UR/X/OP,,,MP__MP Round 3 Allotment.txt,674,
MP,Madhya Pradesh,2025,R3,NEET_AIR,1083.0,NOT ALLOTTED,ALLOTTED NOT ALLOTTED,ALLOTTED,,,MP__MP Round 3 Allotment.txt,676,
MP,Madhya Pradesh,2025,R3,NEET_AIR,1089.0,PAEDIATRICS,Private Clinical,MD,,,MP__MP Round 3 Allotment.txt,677,
MP,Madhya Pradesh,2025,R3,NEET_AIR,1098.0,SRI AUROBINDO INSTITUTE OF MEDICAL SCIENCE INDORE MEDICINE,MD Clinical,MD,,,MP__MP Round 3 Allotment.txt,679,
MP,Madhya Pradesh,2025,R3,NEET_AIR,1100.0,NOT ALLOTTED,ALLOTTED NOT ALLOTTED,MS,,,MP__MP Round 3 Allotment.txt,681,
MP,Madhya Pradesh,2025,R3,NEET_AIR,1101.0,NOT ALLOTTED,ALLOTTED NOT ALLOTTED,MD,,,MP__MP Round 3 Allotment.txt,683,
MP,Madhya Pradesh,2025,R3,NEET_AIR,1103.0,NOT ALLOTTED,ALLOTTED NOT ALLOTTED,ALLOTTED,,,MP__MP Round 3 Allotment.txt,685,
MP,Madhya Pradesh,2025,R3,NEET_AIR,1105.0,NOT ALLOTTED,ALLOTTED NOT ALLOTTED,ALLOTTED,,,MP__MP Round 3 Allotment.txt,687,
MP,Madhya Pradesh,2025,R3,NEET_AIR,1107.0,NOT ALLOTTED,ALLOTTED NOT ALLOTTED,ALLOTTED,,,MP__MP Round 3 Allotment.txt,689,
MP,Madhya Pradesh,2025,R3,NEET_AIR,1109.0,SRI AUROBINDO INSTITUTE OF MEDICAL SCIENCE INDORE GENERAL SURGERY,MS Clinical,MS,,,MP__MP Round 3 Allotment.txt,691,
MP,Madhya Pradesh,2025,R3,NEET_AIR,1111.0,NOT ALLOTTED,ALLOTTED NOT ALLOTTED,ALLOTTED,,,MP__MP Round 3 Allotment.txt,693,
MP,Madhya Pradesh,2025,R3,NEET_AIR,1114.0,NOT ALLOTTED,ALLOTTED NOT ALLOTTED,MD,,,MP__MP Round 3 Allotment.txt,695,
MP,Madhya Pradesh,2025,R3,NEET_AIR,1119.0,NOT ALLOTTED,ALLOTTED NOT ALLOTTED,NOT ALLOTTED,,,MP__MP Round 3 Allotment.txt,697,
MP,Madhya Pradesh,2025,R3,NEET_AIR,1120.0,GAJRA RAJA MEDICAL COLLEGE GWALIOR,MD PATHOLOGY,INST/UR/X/OP,,,MP__MP Round 3 Allotment.txt,699,
MP,Madhya Pradesh,2025,R3,NEET_AIR,1122.0,CENTER INDORE,MS GYNAECOLOGY,INST/UR/X/OP,,,MP__MP Round 3 Allotment.txt,701,
MP,Madhya Pradesh,2025,R3,NEET_AIR,1126.0,JABALPUR,MS ORTHOPAEDICS,SC,,,MP__MP Round 3 Allotment.txt,703,
MP,Madhya Pradesh,2025,R3,NEET_AIR,1130.0,RD GARDI MEDICAL COLLEGE UJJAIN,MS GENERAL SURGERY,OBC,,,MP__MP Round 3 Allotment.txt,704,
MP,Madhya Pradesh,2025,R3,NEET_AIR,1132.0,NOT ALLOTTED,ALLOTTED NOT ALLOTTED NOT ALLOTTED NOT ALLOTTED,ALLOTTED,,,MP__MP Round 3 Allotment.txt,706,
MP,Madhya Pradesh,2025,R3,NEET_AIR,1136.0,SRI AUROBINDO INSTITUTE OF MEDICAL SCIENCE INDORE GENERAL SURGERY,MS Clinical,MS,,,MP__MP Round 3 Allotment.txt,708,
MP,Madhya Pradesh,2025,R3,NEET_AIR,1147.0,RD GARDI MEDICAL COLLEGE UJJAIN,MD ANAESTHESIOLOGY,UR/X/OP,,,MP__MP Round 3 Allotment.txt,710,
MP,Madhya Pradesh,2025,R3,NEET_AIR,1153.0,NOT ALLOTTED,ALLOTTED NOT ALLOTTED,ALLOTTED,,,MP__MP Round 3 Allotment.txt,712,
MP,Madhya Pradesh,2025,R3,NEET_AIR,1154.0,NOT ALLOTTED,ALLOTTED NOT ALLOTTED,MD,,,MP__MP Round 3 Allotment.txt,714,
MP,Madhya Pradesh,2025,R3,NEET_AIR,1157.0,NOT ALLOTTED,ALLOTTED NOT ALLOTTED,ALLOTTED,,,MP__MP Round 3 Allotment.txt,716,
MP,Madhya Pradesh,2025,R3,NEET_AIR,1167.0,ORTHOPAEDICS,Private Clinical,MS,,,MP__MP Round 3 Allotment.txt,718,
MP,Madhya Pradesh,2025,R3,NEET_AIR,1168.0,LN MEDICAL COLLEGE BHOPAL,MS GYNAECOLOGY,OBC,,,MP__MP Round 3 Allotment.txt,720,
MP,Madhya Pradesh,2025,R3,NEET_AIR,1169.0,SRI AUROBINDO INSTITUTE OF MEDICAL SCIENCE INDORE PAEDIATRICS,MD Clinical,MD,,,MP__MP Round 3 Allotment.txt,722,
MP,Madhya Pradesh,2025,R3,NEET_AIR,1172.0,NOT ALLOTTED,NOT ALLOTTED NOT ALLOTTED NOT ALLOTTED,ALLOTTED,,,MP__MP Round 3 Allotment.txt,724,
MP,Madhya Pradesh,2025,R3,NEET_AIR,1174.0,NOT ALLOTTED,ALLOTTED NOT ALLOTTED,ALLOTTED,,,MP__MP Round 3 Allotment.txt,726,
MP,Madhya Pradesh,2025,R3,NEET_AIR,1176.0,NOT ALLOTTED,ALLOTTED NOT ALLOTTED,ALLOTTED,,,MP__MP Round 3 Allotment.txt,728,
MP,Madhya Pradesh,2025,R3,NEET_AIR,1182.0,NOT ALLOTTED,ALLOTTED NOT ALLOTTED,MD,,,MP__MP Round 3 Allotment.txt,730,
MP,Madhya Pradesh,2025,R3,NEET_AIR,1186.0,Clinical,Private OBC/X/OP,Private,,,MP__MP Round 3 Allotment.txt,732,
MP,Madhya Pradesh,2025,R3,NEET_AIR,1187.0,NOT ALLOTTED,ALLOTTED NOT ALLOTTED NOT ALLOTTED NOT ALLOTTED,ALLOTTED,,,MP__MP Round 3 Allotment.txt,748,
MP,Madhya Pradesh,2025,R3,NEET_AIR,1190.0,SHYAM SHAH MEDICAL COLLEGE REWA,MD LEPROSY,ST,,,MP__MP Round 3 Allotment.txt,751,
MP,Madhya Pradesh,2025,R3,NEET_AIR,1195.0,GANDHI MEDICAL COLLEGE BHOPAL,MD GENERAL MEDICINE,ST,,,MP__MP Round 3 Allotment.txt,752,
MP,Madhya Pradesh,2025,R3,NEET_AIR,1198.0,CENTER INDORE,MD PAEDIATRICS,INST/UR/X/OP,,,MP__MP Round 3 Allotment.txt,754,
MP,Madhya Pradesh,2025,R3,NEET_AIR,1200.0,RD GARDI MEDICAL COLLEGE UJJAIN,MD GENERAL MEDICINE,SC,,,MP__MP Round 3 Allotment.txt,756,
MP,Madhya Pradesh,2025,R3,NEET_AIR,1202.0,OBSTETRICS AND GYNAECOLOGY,Private Clinical,FRESH ALLOTTED,,,MP__MP Round 3 Allotment.txt,757,
MP,Madhya Pradesh,2025,R3,NEET_AIR,1204.0,NOT ALLOTTED,ALLOTTED NOT ALLOTTED NOT ALLOTTED NOT ALLOTTED,ALLOTTED,,,MP__MP Round 3 Allotment.txt,759,
MP,Madhya Pradesh,2025,R3,NEET_AIR,1212.0,PEOPLES COLLEGE OF MEDICAL SCIENCE BHOPAL,MS ORTHOPAEDICS,INST/UR/X/OP,,,MP__MP Round 3 Allotment.txt,761,
MP,Madhya Pradesh,2025,R3,NEET_AIR,1217.0,NOT ALLOTTED,ALLOTTED NOT ALLOTTED NOT ALLOTTED NOT ALLOTTED,ALLOTTED,,,MP__MP Round 3 Allotment.txt,763,
MP,Madhya Pradesh,2025,R3,NEET_AIR,1218.0,SHYAM SHAH MEDICAL COLLEGE REWA,MD PATHOLOGY,INST/UR/X/OP,,,MP__MP Round 3 Allotment.txt,765,
MP,Madhya Pradesh,2025,R3,NEET_AIR,1222.0,NOT ALLOTTED NOT ALLOTTED,NOT ALLOTTED MS,CENTER INDORE,,,MP__MP Round 3 Allotment.txt,767,
MP,Madhya Pradesh,2025,R3,NEET_AIR,1224.0,SRI AUROBINDO INSTITUTE OF MEDICAL SCIENCE INDORE GENERAL SURGERY,MS Clinical,MD,,,MP__MP Round 3 Allotment.txt,769,
MP,Madhya Pradesh,2025,R3,NEET_AIR,1228.0,NOT ALLOTTED,ALLOTTED NOT ALLOTTED,MD,,,MP__MP Round 3 Allotment.txt,771,
MP,Madhya Pradesh,2025,R3,NEET_AIR,1229.0,NOT ALLOTTED,ALLOTTED NOT ALLOTTED,ALLOTTED,,,MP__MP Round 3 Allotment.txt,773,
MP,Madhya Pradesh,2025,R3,NEET_AIR,1240.0,NOT ALLOTTED,NOT ALLOTTED NOT ALLOTTED NOT ALLOTTED,ALLOTTED,,,MP__MP Round 3 Allotment.txt,775,
MP,Madhya Pradesh,2025,R3,NEET_AIR,1241.0,AMALTAS INSTITUTE OF MEDICAL SCIENCES DEWAS,MD LEPROSY,INST/UR/X/OP,,,MP__MP Round 3 Allotment.txt,778,
MP,Madhya Pradesh,2025,R3,NEET_AIR,1244.0,CENTER INDORE,MS GYNAECOLOGY,OBC,,,MP__MP Round 3 Allotment.txt,780,
MP,Madhya Pradesh,2025,R3,NEET_AIR,1245.0,NOT ALLOTTED NOT ALLOTTED,NOT ALLOTTED ALLOTTED,NOT ALLOTTED,,,MP__MP Round 3 Allotment.txt,782,
MP,Madhya Pradesh,2025,R3,NEET_AIR,1252.0,LN MEDICAL COLLEGE BHOPAL,MS ORTHOPAEDICS,INST/UR/X/OP,,,MP__MP Round 3 Allotment.txt,784,
MP,Madhya Pradesh,2025,R3,NEET_AIR,1253.0,JABALPUR,MD RADIODIAGNOSIS,IN_OBC/X/OP,,,MP__MP Round 3 Allotment.txt,786,
MP,Madhya Pradesh,2025,R3,NEET_AIR,1259.0,SRI AUROBINDO INSTITUTE OF MEDICAL SCIENCE INDORE ORTHOPAEDICS,MS Clinical,MS,,,MP__MP Round 3 Allotment.txt,788,
MP,Madhya Pradesh,2025,R3,NEET_AIR,1260.0,GOVERMENT MEDICAL COLLEGE RATLAM,MS GENERAL SURGERY,SC,,,MP__MP Round 3 Allotment.txt,790,
MP,Madhya Pradesh,2025,R3,NEET_AIR,1266.0,NOT ALLOTTED,ALLOTTED NOT ALLOTTED NOT ALLOTTED NOT ALLOTTED,Private,,,MP__MP Round 3 Allotment.txt,792,
MP,Madhya Pradesh,2025,R3,NEET_AIR,1269.0,NOT ALLOTTED,ALLOTTED NOT ALLOTTED NOT ALLOTTED NOT ALLOTTED,ALLOTTED,,,MP__MP Round 3 Allotment.txt,794,
MP,Madhya Pradesh,2025,R3,NEET_AIR,1272.0,NOT ALLOTTED,ALLOTTED NOT ALLOTTED NOT ALLOTTED NOT ALLOTTED,Private,,,MP__MP Round 3 Allotment.txt,797,
MP,Madhya Pradesh,2025,R3,NEET_AIR,1273.0,CENTER INDORE,MD PAEDIATRICS,OBC,,,MP__MP Round 3 Allotment.txt,799,
MP,Madhya Pradesh,2025,R3,NEET_AIR,1280.0,GANDHI MEDICAL COLLEGE BHOPAL,MD PATHOLOGY,INST/UR/X/OP,,,MP__MP Round 3 Allotment.txt,800,
MP,Madhya Pradesh,2025,R3,NEET_AIR,1282.0,NOT ALLOTTED,ALLOTTED NOT ALLOTTED,NOT ALLOTTED,,,MP__MP Round 3 Allotment.txt,802,
MP,Madhya Pradesh,2025,R3,NEET_AIR,1285.0,SHYAM SHAH MEDICAL COLLEGE REWA,MS GENERAL SURGERY,SC,,,MP__MP Round 3 Allotment.txt,804,
MP,Madhya Pradesh,2025,R3,NEET_AIR,1287.0,NOT ALLOTTED,ALLOTTED NOT ALLOTTED NOT ALLOTTED NOT ALLOTTED,ALLOTTED,,,MP__MP Round 3 Allotment.txt,806,
MP,Madhya Pradesh,2025,R3,NEET_AIR,1288.0,NOT ALLOTTED,ALLOTTED NOT ALLOTTED NOT ALLOTTED NOT ALLOTTED,ALLOTTED,,,MP__MP Round 3 Allotment.txt,808,
MP,Madhya Pradesh,2025,R3,NEET_AIR,1294.0,NOT ALLOTTED,ALLOTTED NOT ALLOTTED,NOT ALLOTTED,,,MP__MP Round 3 Allotment.txt,810,
MP,Madhya Pradesh,2025,R3,NEET_AIR,1298.0,CENTRE BHOPAL,MD PAEDIATRICS,OBC,,,MP__MP Round 3 Allotment.txt,812,
MP,Madhya Pradesh,2025,R3,NEET_AIR,1305.0,GANDHI MEDICAL COLLEGE BHOPAL,MD GENERAL MEDICINE,ST,,,MP__MP Round 3 Allotment.txt,813,
MP,Madhya Pradesh,2025,R3,NEET_AIR,1306.0,INDORE,MD ANAESTHESIOLOGY,SC,,,MP__MP Round 3 Allotment.txt,815,
MP,Madhya Pradesh,2025,R3,NEET_AIR,1309.0,INDORE,MD EMERGENCY MEDICINE Clinical,MD,,,MP__MP Round 3 Allotment.txt,817,
MP,Madhya Pradesh,2025,R3,NEET_AIR,1311.0,NOT ALLOTTED,ALLOTTED NOT ALLOTTED,ALLOTTED,,,MP__MP Round 3 Allotment.txt,819,
MP,Madhya Pradesh,2025,R3,NEET_AIR,1313.0,NOT ALLOTTED,ALLOTTED NOT ALLOTTED,ALLOTTED,,,MP__MP Round 3 Allotment.txt,821,
MP,Madhya Pradesh,2025,R3,NEET_AIR,1316.0,NOT ALLOTTED,ALLOTTED NOT ALLOTTED,NOT ALLOTTED,,,MP__MP Round 3 Allotment.txt,823,
MP,Madhya Pradesh,2025,R3,NEET_AIR,1325.0,NOT ALLOTTED,ALLOTTED NOT ALLOTTED,ALLOTTED,,,MP__MP Round 3 Allotment.txt,825,
MP,Madhya Pradesh,2025,R3,NEET_AIR,1333.0,GAJRA RAJA MEDICAL COLLEGE GWALIOR,MD GENERAL MEDICINE,ST,,,MP__MP Round 3 Allotment.txt,826,
MP,Madhya Pradesh,2025,R3,NEET_AIR,1340.0,NOT ALLOTTED,ALLOTTED NOT ALLOTTED,NOT ALLOTTED,,,MP__MP Round 3 Allotment.txt,828,
MP,Madhya Pradesh,2025,R3,NEET_AIR,1343.0,RD GARDI MEDICAL COLLEGE UJJAIN,MS GY (ENT),INST/UR/X/OP,,,MP__MP Round 3 Allotment.txt,830,
MP,Madhya Pradesh,2025,R3,NEET_AIR,1348.0,NOT ALLOTTED,ALLOTTED NOT ALLOTTED,ALLOTTED,,,MP__MP Round 3 Allotment.txt,832,
MP,Madhya Pradesh,2025,R3,NEET_AIR,1361.0,NOT ALLOTTED,ALLOTTED NOT ALLOTTED,ALLOTTED,,,MP__MP Round 3 Allotment.txt,834,
MP,Madhya Pradesh,2025,R3,NEET_AIR,1362.0,NOT ALLOTTED,ALLOTTED NOT ALLOTTED,MS,,,MP__MP Round 3 Allotment.txt,836,
MP,Madhya Pradesh,2025,R3,NEET_AIR,1366.0,SRI AUROBINDO INSTITUTE OF MEDICAL SCIENCE INDORE LEPROSY,MD Clinical,MD,,,MP__MP Round 3 Allotment.txt,839,
MP,Madhya Pradesh,2025,R3,NEET_AIR,1367.0,NOT ALLOTTED NOT ALLOTTED,NOT ALLOTTED MS,SRI AUROBINDO INSTITUTE OF MEDICAL SCIENCE INDORE GENERAL SURGERY,,,MP__MP Round 3 Allotment.txt,841,
MP,Madhya Pradesh,2025,R3,NEET_AIR,1368.0,GENERAL SURGERY,Private Clinical,MS,,,MP__MP Round 3 Allotment.txt,843,
MP,Madhya Pradesh,2025,R3,NEET_AIR,1370.0,RD GARDI MEDICAL COLLEGE UJJAIN,MD ANAESTHESIOLOGY,UR/X/OP,,,MP__MP Round 3 Allotment.txt,845,
MP,Madhya Pradesh,2025,R3,NEET_AIR,1377.0,NOT ALLOTTED,ALLOTTED NOT ALLOTTED NOT ALLOTTED NOT ALLOTTED,ALLOTTED,,,MP__MP Round 3 Allotment.txt,847,
MP,Madhya Pradesh,2025,R3,NEET_AIR,1386.0,VIDISHA,MS ANATOMY,INST/UR/X/OP,,,MP__MP Round 3 Allotment.txt,849,
MP,Madhya Pradesh,2025,R3,NEET_AIR,1389.0,RD GARDI MEDICAL COLLEGE UJJAIN,MD ANAESTHESIOLOGY,INST/UR/X/OP,,,MP__MP Round 3 Allotment.txt,854,
MP,Madhya Pradesh,2025,R3,NEET_AIR,1392.0,NOT ALLOTTED,ALLOTTED NOT ALLOTTED,NOT ALLOTTED,,,MP__MP Round 3 Allotment.txt,856,
MP,Madhya Pradesh,2025,R3,NEET_AIR,1396.0,RD GARDI MEDICAL COLLEGE UJJAIN,MD ANAESTHESIOLOGY,OBC,,,MP__MP Round 3 Allotment.txt,858,
MP,Madhya Pradesh,2025,R3,NEET_AIR,1411.0,ORTHOPAEDICS,Private Clinical,MD,,,MP__MP Round 3 Allotment.txt,860,
MP,Madhya Pradesh,2025,R3,NEET_AIR,1417.0,NOT ALLOTTED NOT ALLOTTED,NOT ALLOTTED MD,CENTER INDORE,,,MP__MP Round 3 Allotment.txt,862,
MP,Madhya Pradesh,2025,R3,NEET_AIR,1426.0,NOT ALLOTTED NOT ALLOTTED,NOT ALLOTTED ALLOTTED,NOT ALLOTTED,,,MP__MP Round 3 Allotment.txt,864,
MP,Madhya Pradesh,2025,R3,NEET_AIR,1427.0,NOT ALLOTTED,ALLOTTED NOT ALLOTTED,NOT ALLOTTED,,,MP__MP Round 3 Allotment.txt,866,
MP,Madhya Pradesh,2025,R3,NEET_AIR,1429.0,NOT ALLOTTED,ALLOTTED NOT ALLOTTED,NOT ALLOTTED,,,MP__MP Round 3 Allotment.txt,868,
MP,Madhya Pradesh,2025,R3,NEET_AIR,1431.0,NOT ALLOTTED,ALLOTTED NOT ALLOTTED NOT ALLOTTED NOT ALLOTTED,Govt,,,MP__MP Round 3 Allotment.txt,870,
MP,Madhya Pradesh,2025,R3,NEET_AIR,1432.0,NOT ALLOTTED,ALLOTTED NOT ALLOTTED,NOT ALLOTTED,,,MP__MP Round 3 Allotment.txt,872,
MP,Madhya Pradesh,2025,R3,NEET_AIR,1443.0,NOT ALLOTTED,ALLOTTED NOT ALLOTTED NOT ALLOTTED NOT ALLOTTED,ALLOTTED,,,MP__MP Round 3 Allotment.txt,874,
MP,Madhya Pradesh,2025,R3,NEET_AIR,1446.0,SRI AUROBINDO INSTITUTE OF MEDICAL SCIENCE INDORE ORTHOPAEDICS,MS Clinical,MS,,,MP__MP Round 3 Allotment.txt,876,
MP,Madhya Pradesh,2025,R3,NEET_AIR,1448.0,NOT ALLOTTED,ALLOTTED NOT ALLOTTED,NOT ALLOTTED,,,MP__MP Round 3 Allotment.txt,878,
MP,Madhya Pradesh,2025,R3,NEET_AIR,1449.0,OPHTHALMOLOGY,Private Clinical,MS,,,MP__MP Round 3 Allotment.txt,879,
MP,Madhya Pradesh,2025,R3,NEET_AIR,1451.0,NOT ALLOTTED,ALLOTTED NOT ALLOTTED NOT ALLOTTED NOT ALLOTTED,ALLOTTED,,,MP__MP Round 3 Allotment.txt,881,
MP,Madhya Pradesh,2025,R3,NEET_AIR,1452.0,GANDHI MEDICAL COLLEGE BHOPAL,MS OPHTHALMOLOGY,SC,,,MP__MP Round 3 Allotment.txt,883,
MP,Madhya Pradesh,2025,R3,NEET_AIR,1455.0,NOT ALLOTTED,ALLOTTED NOT ALLOTTED NOT ALLOTTED NOT ALLOTTED,ALLOTTED,,,MP__MP Round 3 Allotment.txt,885,
MP,Madhya Pradesh,2025,R3,NEET_AIR,1457.0,BUNDELKHAND MEDICAL COLLEGE SAGAR,MD GENERAL MEDICINE,ST,,,MP__MP Round 3 Allotment.txt,887,
MP,Madhya Pradesh,2025,R3,NEET_AIR,1463.0,NOT ALLOTTED,ALLOTTED NOT ALLOTTED NOT ALLOTTED NOT ALLOTTED,ALLOTTED,,,MP__MP Round 3 Allotment.txt,889,
MP,Madhya Pradesh,2025,R3,NEET_AIR,1464.0,NOT ALLOTTED,NOT ALLOTTED NOT ALLOTTED,NOT ALLOTTED,,,MP__MP Round 3 Allotment.txt,891,
MP,Madhya Pradesh,2025,R3,NEET_AIR,1467.0,GOVERMENT MEDICAL COLLEGE RATLAM,MD GENERAL MEDICINE,ST,,,MP__MP Round 3 Allotment.txt,893,
MP,Madhya Pradesh,2025,R3,NEET_AIR,1470.0,SRI AUROBINDO INSTITUTE OF MEDICAL SCIENCE INDORE GENERAL SURGERY,MS Clinical,MS,,,MP__MP Round 3 Allotment.txt,895,
MP,Madhya Pradesh,2025,R3,NEET_AIR,1472.0,NOT ALLOTTED NOT ALLOTTED,NOT ALLOTTED ALLOTTED,NOT ALLOTTED,,,MP__MP Round 3 Allotment.txt,897,
MP,Madhya Pradesh,2025,R3,NEET_AIR,1473.0,JABALPUR,MD PAEDIATRICS,ST,,,MP__MP Round 3 Allotment.txt,899,
MP,Madhya Pradesh,2025,R3,NEET_AIR,1476.0,SRI AUROBINDO INSTITUTE OF MEDICAL SCIENCE INDORE PSYCHIATRY,MD Clinical,MD,,,MP__MP Round 3 Allotment.txt,901,
MP,Madhya Pradesh,2025,R3,NEET_AIR,1479.0,NOT ALLOTTED,ALLOTTED NOT ALLOTTED NOT ALLOTTED NOT ALLOTTED,Private,,,MP__MP Round 3 Allotment.txt,903,
MP,Madhya Pradesh,2025,R3,NEET_AIR,1480.0,PSYCHIATRY,Private Clinical,FRESH ALLOTTED,,,MP__MP Round 3 Allotment.txt,905,
MP,Madhya Pradesh,2025,R3,NEET_AIR,1482.0,NOT ALLOTTED NOT ALLOTTED,NOT ALLOTTED MS,CHIRAYU MEDICAL COLLEGE AND HOSPITAL BHOPAL,,,MP__MP Round 3 Allotment.txt,907,
MP,Madhya Pradesh,2025,R3,NEET_AIR,1483.0,SRI AUROBINDO INSTITUTE OF MEDICAL SCIENCE INDORE GY (ENT),MS Clinical,MS,,,MP__MP Round 3 Allotment.txt,909,
MP,Madhya Pradesh,2025,R3,NEET_AIR,1486.0,LN MEDICAL COLLEGE BHOPAL,MS OPHTHALMOLOGY,UR/X/OP,,,MP__MP Round 3 Allotment.txt,911,
MP,Madhya Pradesh,2025,R3,NEET_AIR,1487.0,NOT ALLOTTED NOT ALLOTTED,NOT ALLOTTED MD,"RESEARCH CENTRE, BHOPAL",,,MP__MP Round 3 Allotment.txt,913,
MP,Madhya Pradesh,2025,R3,NEET_AIR,1491.0,NOT ALLOTTED,ALLOTTED NOT ALLOTTED NOT ALLOTTED NOT ALLOTTED,ALLOTTED,,,MP__MP Round 3 Allotment.txt,915,
MP,Madhya Pradesh,2025,R3,NEET_AIR,1493.0,NOT ALLOTTED,ALLOTTED NOT ALLOTTED,NOT ALLOTTED,,,MP__MP Round 3 Allotment.txt,917,
MP,Madhya Pradesh,2025,R3,NEET_AIR,1495.0,NOT ALLOTTED NOT ALLOTTED,NOT ALLOTTED MD,RD GARDI MEDICAL COLLEGE UJJAIN,,,MP__MP Round 3 Allotment.txt,933,
MP,Madhya Pradesh,2025,R3,NEET_AIR,1497.0,NOT ALLOTTED NOT ALLOTTED,NOT ALLOTTED NOT ALLOTTED,NOT ALLOTTED,,,MP__MP Round 3 Allotment.txt,935,
MP,Madhya Pradesh,2025,R3,NEET_AIR,1498.0,RESPIRATORY MEDICINE,Private Clinical,MD,,,MP__MP Round 3 Allotment.txt,936,
MP,Madhya Pradesh,2025,R3,NEET_AIR,1499.0,NOT ALLOTTED,ALLOTTED NOT ALLOTTED NOT ALLOTTED NOT ALLOTTED,Private,,,MP__MP Round 3 Allotment.txt,938,
MP,Madhya Pradesh,2025,R3,NEET_AIR,1501.0,OPHTHALMOLOGY,Private Clinical,MS,,,MP__MP Round 3 Allotment.txt,939,
MP,Madhya Pradesh,2025,R3,NEET_AIR,1506.0,JABALPUR,MS OPHTHALMOLOGY,SC,,,MP__MP Round 3 Allotment.txt,941,
MP,Madhya Pradesh,2025,R3,NEET_AIR,1513.0,GAJRA RAJA MEDICAL COLLEGE GWALIOR,MD PAEDIATRICS,ST,,,MP__MP Round 3 Allotment.txt,942,
MP,Madhya Pradesh,2025,R3,NEET_AIR,1517.0,NOT ALLOTTED,ALLOTTED NOT ALLOTTED NOT ALLOTTED NOT ALLOTTED,ALLOTTED,,,MP__MP Round 3 Allotment.txt,944,
MP,Madhya Pradesh,2025,R3,NEET_AIR,1518.0,NOT ALLOTTED,ALLOTTED NOT ALLOTTED,MS,,,MP__MP Round 3 Allotment.txt,946,
MP,Madhya Pradesh,2025,R3,NEET_AIR,1524.0,SHYAM SHAH MEDICAL COLLEGE REWA,MD PAEDIATRICS,ST,,,MP__MP Round 3 Allotment.txt,948,
MP,Madhya Pradesh,2025,R3,NEET_AIR,1525.0,LN MEDICAL COLLEGE BHOPAL,MD LEPROSY,SC,,,MP__MP Round 3 Allotment.txt,951,
MP,Madhya Pradesh,2025,R3,NEET_AIR,1528.0,GOVERMENT MEDICAL COLLEGE RATLAM,MD MEDICINE,INST/UR/X/OP,,,MP__MP Round 3 Allotment.txt,953,
MP,Madhya Pradesh,2025,R3,NEET_AIR,1531.0,NOT ALLOTTED,ALLOTTED NOT ALLOTTED NOT ALLOTTED NOT ALLOTTED,ALLOTTED,,,MP__MP Round 3 Allotment.txt,955,
MP,Madhya Pradesh,2025,R3,NEET_AIR,1535.0,NOT ALLOTTED NOT ALLOTTED,NOT ALLOTTED ALLOTTED,NOT ALLOTTED,,,MP__MP Round 3 Allotment.txt,957,
MP,Madhya Pradesh,2025,R3,NEET_AIR,1536.0,GAJRA RAJA MEDICAL COLLEGE GWALIOR,MS GYNAECOLOGY,ST,,,MP__MP Round 3 Allotment.txt,959,
MP,Madhya Pradesh,2025,R3,NEET_AIR,1538.0,NOT ALLOTTED,ALLOTTED NOT ALLOTTED NOT ALLOTTED NOT ALLOTTED,ALLOTTED,,,MP__MP Round 3 Allotment.txt,961,
MP,Madhya Pradesh,2025,R3,NEET_AIR,1539.0,SRI AUROBINDO INSTITUTE OF MEDICAL SCIENCE INDORE ANAESTHESIOLOGY,MD Clinical,MS,,,MP__MP Round 3 Allotment.txt,963,
MP,Madhya Pradesh,2025,R3,NEET_AIR,1540.0,GAJRA RAJA MEDICAL COLLEGE GWALIOR,MD PATHOLOGY,EWS,,,MP__MP Round 3 Allotment.txt,965,
MP,Madhya Pradesh,2025,R3,NEET_AIR,1545.0,RD GARDI MEDICAL COLLEGE UJJAIN,MD ANAESTHESIOLOGY,OBC,,,MP__MP Round 3 Allotment.txt,968,
MP,Madhya Pradesh,2025,R3,NEET_AIR,1547.0,CENTER INDORE,MD MEDICINE,INST/UR/X/OP,,,MP__MP Round 3 Allotment.txt,970,
MP,Madhya Pradesh,2025,R3,NEET_AIR,1548.0,NOT ALLOTTED,ALLOTTED NOT ALLOTTED NOT ALLOTTED NOT ALLOTTED,Private,,,MP__MP Round 3 Allotment.txt,972,
MP,Madhya Pradesh,2025,R3,NEET_AIR,1558.0,SRI AUROBINDO INSTITUTE OF MEDICAL SCIENCE INDORE GENERAL SURGERY,MS Clinical,MS,,,MP__MP Round 3 Allotment.txt,974,
MP,Madhya Pradesh,2025,R3,NEET_AIR,1560.0,VIDISHA,MS GENERAL SURGERY,SC,,,MP__MP Round 3 Allotment.txt,976,
MP,Madhya Pradesh,2025,R3,NEET_AIR,1561.0,ORTHOPAEDICS,Private Clinical,MS,,,MP__MP Round 3 Allotment.txt,977,
MP,Madhya Pradesh,2025,R3,NEET_AIR,1567.0,NOT ALLOTTED,ALLOTTED NOT ALLOTTED NOT ALLOTTED NOT ALLOTTED,ALLOTTED,,,MP__MP Round 3 Allotment.txt,979,
MP,Madhya Pradesh,2025,R3,NEET_AIR,1569.0,SRI AUROBINDO INSTITUTE OF MEDICAL SCIENCE INDORE PAEDIATRICS,MD Clinical,MD,,,MP__MP Round 3 Allotment.txt,981,
MP,Madhya Pradesh,2025,R3,NEET_AIR,1573.0,RESPIRATORY MEDICINE,Private Clinical,MS,,,MP__MP Round 3 Allotment.txt,983,
MP,Madhya Pradesh,2025,R3,NEET_AIR,1579.0,NOT ALLOTTED,ALLOTTED NOT ALLOTTED NOT ALLOTTED NOT ALLOTTED,ALLOTTED,,,MP__MP Round 3 Allotment.txt,985,
MP,Madhya Pradesh,2025,R3,NEET_AIR,1580.0,RD GARDI MEDICAL COLLEGE UJJAIN,MD RADIODIAGNOSIS,IN_UR/X/OP,,,MP__MP Round 3 Allotment.txt,986,
MP,Madhya Pradesh,2025,R3,NEET_AIR,1589.0,LN MEDICAL COLLEGE BHOPAL,MS ORTHOPAEDICS,OBC,,,MP__MP Round 3 Allotment.txt,988,
MP,Madhya Pradesh,2025,R3,NEET_AIR,1591.0,NOT ALLOTTED,ALLOTTED NOT ALLOTTED,MS,,,MP__MP Round 3 Allotment.txt,990,
MP,Madhya Pradesh,2025,R3,NEET_AIR,1593.0,GENERAL SURGERY,Private Clinical,FRESH ALLOTTED,,,MP__MP Round 3 Allotment.txt,992,
MP,Madhya Pradesh,2025,R3,NEET_AIR,1594.0,ORTHOPAEDICS,Private Clinical,MS,,,MP__MP Round 3 Allotment.txt,994,
MP,Madhya Pradesh,2025,R3,NEET_AIR,1595.0,ORTHOPAEDICS,Private Clinical,MD,,,MP__MP Round 3 Allotment.txt,996,
MP,Madhya Pradesh,2025,R3,NEET_AIR,1596.0,NOT ALLOTTED,ALLOTTED NOT ALLOTTED NOT ALLOTTED NOT ALLOTTED,ALLOTTED,,,MP__MP Round 3 Allotment.txt,998,
MP,Madhya Pradesh,2025,R3,NEET_AIR,1597.0,NOT ALLOTTED,ALLOTTED NOT ALLOTTED NOT ALLOTTED NOT ALLOTTED,Private,,,MP__MP Round 3 Allotment.txt,1000,
MP,Madhya Pradesh,2025,R3,NEET_AIR,1599.0,GY (ENT),Private Clinical,MS,,,MP__MP Round 3 Allotment.txt,1002,
MP,Madhya Pradesh,2025,R3,NEET_AIR,1601.0,NOT ALLOTTED,ALLOTTED NOT ALLOTTED NOT ALLOTTED NOT ALLOTTED,Private,,,MP__MP Round 3 Allotment.txt,1004,
MP,Madhya Pradesh,2025,R3,NEET_AIR,1602.0,NOT ALLOTTED,ALLOTTED NOT ALLOTTED NOT ALLOTTED NOT ALLOTTED,ALLOTTED,,,MP__MP Round 3 Allotment.txt,1006,
MP,Madhya Pradesh,2025,R3,NEET_AIR,1605.0,GENERAL SURGERY,Private Clinical,MS,,,MP__MP Round 3 Allotment.txt,1008,
MP,Madhya Pradesh,2025,R3,NEET_AIR,1607.0,NOT ALLOTTED,ALLOTTED NOT ALLOTTED NOT ALLOTTED NOT ALLOTTED,Private,,,MP__MP Round 3 Allotment.txt,1010,
MP,Madhya Pradesh,2025,R3,NEET_AIR,1608.0,NOT ALLOTTED,ALLOTTED NOT ALLOTTED NOT ALLOTTED NOT ALLOTTED,Govt,,,MP__MP Round 3 Allotment.txt,1012,
MP,Madhya Pradesh,2025,R3,NEET_AIR,1617.0,EMERGENCY MEDICINE Clinical,Private UR/X/OP,Private,,,MP__MP Round 3 Allotment.txt,1014,
MP,Madhya Pradesh,2025,R3,NEET_AIR,1619.0,NOT ALLOTTED,ALLOTTED NOT ALLOTTED,ALLOTTED,,,MP__MP Round 3 Allotment.txt,1016,
MP,Madhya Pradesh,2025,R3,NEET_AIR,1622.0,NOT ALLOTTED,ALLOTTED NOT ALLOTTED,ALLOTTED,,,MP__MP Round 3 Allotment.txt,1018,
MP,Madhya Pradesh,2025,R3,NEET_AIR,1623.0,NOT ALLOTTED,ALLOTTED NOT ALLOTTED,MS,,,MP__MP Round 3 Allotment.txt,1020,
MP,Madhya Pradesh,2025,R3,NEET_AIR,1624.0,NOT ALLOTTED,ALLOTTED NOT ALLOTTED,ALLOTTED,,,MP__MP Round 3 Allotment.txt,1022,
MP,Madhya Pradesh,2025,R3,NEET_AIR,1631.0,JABALPUR,MD ANAESTHESIOLOGY,OBC,,,MP__MP Round 3 Allotment.txt,1024,
MP,Madhya Pradesh,2025,R3,NEET_AIR,1633.0,NOT ALLOTTED,ALLOTTED NOT ALLOTTED NOT ALLOTTED NOT ALLOTTED,ALLOTTED,,,MP__MP Round 3 Allotment.txt,1026,
MP,Madhya Pradesh,2025,R3,NEET_AIR,1634.0,NOT ALLOTTED,ALLOTTED NOT ALLOTTED,NOT ALLOTTED,,,MP__MP Round 3 Allotment.txt,1028,
MP,Madhya Pradesh,2025,R3,NEET_AIR,1636.0,NOT ALLOTTED,ALLOTTED NOT ALLOTTED NOT ALLOTTED NOT ALLOTTED,Govt,,,MP__MP Round 3 Allotment.txt,1030,
MP,Madhya Pradesh,2025,R3,NEET_AIR,1645.0,NOT ALLOTTED NOT ALLOTTED,NOT ALLOTTED ALLOTTED,NOT ALLOTTED,,,MP__MP Round 3 Allotment.txt,1032,
MP,Madhya Pradesh,2025,R3,NEET_AIR,1646.0,RESPIRATORY MEDICINE,Private Clinical,MD,,,MP__MP Round 3 Allotment.txt,1033,
MP,Madhya Pradesh,2025,R3,NEET_AIR,1647.0,NOT ALLOTTED,ALLOTTED NOT ALLOTTED NOT ALLOTTED NOT ALLOTTED,ALLOTTED,,,MP__MP Round 3 Allotment.txt,1035,
MP,Madhya Pradesh,2025,R3,NEET_AIR,1654.0,GYNAECOLOGY,Private Clinical,MS,,,MP__MP Round 3 Allotment.txt,1037,
MP,Madhya Pradesh,2025,R3,NEET_AIR,1659.0,NOT ALLOTTED,ALLOTTED NOT ALLOTTED NOT ALLOTTED NOT ALLOTTED,ALLOTTED,,,MP__MP Round 3 Allotment.txt,1039,
MP,Madhya Pradesh,2025,R3,NEET_AIR,1662.0,VIDISHA,MD PAEDIATRICS,ST,,,MP__MP Round 3 Allotment.txt,1041,
MP,Madhya Pradesh,2025,R3,NEET_AIR,1663.0,NOT ALLOTTED,ALLOTTED NOT ALLOTTED NOT ALLOTTED NOT ALLOTTED,Govt,,,MP__MP Round 3 Allotment.txt,1043,
MP,Madhya Pradesh,2025,R3,NEET_AIR,1666.0,ORTHOPAEDICS,Private Clinical,MS,,,MP__MP Round 3 Allotment.txt,1045,
MP,Madhya Pradesh,2025,R3,NEET_AIR,1668.0,GANDHI MEDICAL COLLEGE BHOPAL,MD ANAESTHESIOLOGY,SC,,,MP__MP Round 3 Allotment.txt,1046,
MP,Madhya Pradesh,2025,R3,NEET_AIR,1669.0,NOT ALLOTTED NOT ALLOTTED,NOT ALLOTTED ALLOTTED,NOT ALLOTTED,,,MP__MP Round 3 Allotment.txt,1048,
MP,Madhya Pradesh,2025,R3,NEET_AIR,1670.0,CHIRAYU MEDICAL COLLEGE AND HOSPITAL BHOPAL,MS GENERAL SURGERY,UR/X/OP,,,MP__MP Round 3 Allotment.txt,1049,
MP,Madhya Pradesh,2025,R3,NEET_AIR,1672.0,NOT ALLOTTED,ALLOTTED NOT ALLOTTED NOT ALLOTTED NOT ALLOTTED,ALLOTTED,,,MP__MP Round 3 Allotment.txt,1051,
MP,Madhya Pradesh,2025,R3,NEET_AIR,1675.0,INDORE,MD COMMUNITY MEDICINE,INST/UR/X/OP,,,MP__MP Round 3 Allotment.txt,1053,
MP,Madhya Pradesh,2025,R3,NEET_AIR,1676.0,GENERAL SURGERY,Private Clinical,MS,,,MP__MP Round 3 Allotment.txt,1055,
MP,Madhya Pradesh,2025,R3,NEET_AIR,1677.0,NOT ALLOTTED,ALLOTTED NOT ALLOTTED NOT ALLOTTED NOT ALLOTTED,ALLOTTED,,,MP__MP Round 3 Allotment.txt,1057,
MP,Madhya Pradesh,2025,R3,NEET_AIR,1680.0,PAEDIATRICS,Private Clinical,FRESH ALLOTTED,,,MP__MP Round 3 Allotment.txt,1059,
MP,Madhya Pradesh,2025,R3,NEET_AIR,1682.0,NOT ALLOTTED,ALLOTTED NOT ALLOTTED NOT ALLOTTED NOT ALLOTTED,Private,,,MP__MP Round 3 Allotment.txt,1061,
MP,Madhya Pradesh,2025,R3,NEET_AIR,1683.0,JABALPUR,MD ANAESTHESIOLOGY,SC,,,MP__MP Round 3 Allotment.txt,1063,
MP,Madhya Pradesh,2025,R3,NEET_AIR,1685.0,SRI AUROBINDO INSTITUTE OF MEDICAL SCIENCE INDORE ANAESTHESIOLOGY,MD Clinical,MD,,,MP__MP Round 3 Allotment.txt,1065,
MP,Madhya Pradesh,2025,R3,NEET_AIR,1687.0,NOT ALLOTTED NOT ALLOTTED,NOT ALLOTTED MS,LN MEDICAL COLLEGE BHOPAL,,,MP__MP Round 3 Allotment.txt,1067,
MP,Madhya Pradesh,2025,R3,NEET_AIR,1688.0,NOT ALLOTTED,ALLOTTED NOT ALLOTTED NOT ALLOTTED NOT ALLOTTED,ALLOTTED,,,MP__MP Round 3 Allotment.txt,1069,
MP,Madhya Pradesh,2025,R3,NEET_AIR,1690.0,ORTHOPAEDICS,Private Clinical,MS,,,MP__MP Round 3 Allotment.txt,1071,
MP,Madhya Pradesh,2025,R3,NEET_AIR,1696.0,INDORE,MD PSYCHIATRY,ST,,,MP__MP Round 3 Allotment.txt,1073,
MP,Madhya Pradesh,2025,R3,NEET_AIR,1698.0,SHYAM SHAH MEDICAL COLLEGE REWA,MD ANAESTHESIOLOGY,SC,,,MP__MP Round 3 Allotment.txt,1075,
MP,Madhya Pradesh,2025,R3,NEET_AIR,1700.0,NOT ALLOTTED,ALLOTTED NOT ALLOTTED NOT ALLOTTED NOT ALLOTTED,ALLOTTED,,,MP__MP Round 3 Allotment.txt,1077,
MP,Madhya Pradesh,2025,R3,NEET_AIR,1706.0,CENTER INDORE,MS ORTHOPAEDICS,INST/UR/X/OP,,,MP__MP Round 3 Allotment.txt,1079,
MP,Madhya Pradesh,2025,R3,NEET_AIR,1707.0,NOT ALLOTTED,ALLOTTED NOT ALLOTTED,MD,,,MP__MP Round 3 Allotment.txt,1081,
MP,Madhya Pradesh,2025,R3,NEET_AIR,1708.0,GENERAL MEDICINE,Govt Clinical,MD,,,MP__MP Round 3 Allotment.txt,1082,
MP,Madhya Pradesh,2025,R3,NEET_AIR,1709.0,NOT ALLOTTED,ALLOTTED NOT ALLOTTED NOT ALLOTTED NOT ALLOTTED,Govt,,,MP__MP Round 3 Allotment.txt,1084,
MP,Madhya Pradesh,2025,R3,NEET_AIR,1710.0,OPHTHALMOLOGY,Private Clinical,FRESH ALLOTTED,,,MP__MP Round 3 Allotment.txt,1085,
MP,Madhya Pradesh,2025,R3,NEET_AIR,1713.0,LN MEDICAL COLLEGE BHOPAL,MS GENERAL SURGERY,INST/UR/X/OP,,,MP__MP Round 3 Allotment.txt,1087,
MP,Madhya Pradesh,2025,R3,NEET_AIR,1715.0,PEOPLES COLLEGE OF MEDICAL SCIENCE BHOPAL,MS ORTHOPAEDICS,INST/UR/X/OP,,,MP__MP Round 3 Allotment.txt,1088,
MP,Madhya Pradesh,2025,R3,NEET_AIR,1718.0,GENERAL SURGERY,Private Clinical,MS,,,MP__MP Round 3 Allotment.txt,1090,
MP,Madhya Pradesh,2025,R3,NEET_AIR,1720.0,NOT ALLOTTED,ALLOTTED NOT ALLOTTED,NOT ALLOTTED,,,MP__MP Round 3 Allotment.txt,1092,
MP,Madhya Pradesh,2025,R3,NEET_AIR,1726.0,LN MEDICAL COLLEGE BHOPAL,MS OPHTHALMOLOGY,INST/UR/X/OP,,,MP__MP Round 3 Allotment.txt,1094,
MP,Madhya Pradesh,2025,R3,NEET_AIR,1727.0,GANDHI MEDICAL COLLEGE BHOPAL,MD PATHOLOGY,INST/UR/X/OP,,,MP__MP Round 3 Allotment.txt,1095,
MP,Madhya Pradesh,2025,R3,NEET_AIR,1728.0,NOT ALLOTTED,ALLOTTED NOT ALLOTTED NOT ALLOTTED NOT ALLOTTED,ALLOTTED,,,MP__MP Round 3 Allotment.txt,1097,
MP,Madhya Pradesh,2025,R3,NEET_AIR,1730.0,NOT ALLOTTED,ALLOTTED NOT ALLOTTED NOT ALLOTTED NOT ALLOTTED,Govt,,,MP__MP Round 3 Allotment.txt,1099,
MP,Madhya Pradesh,2025,R3,NEET_AIR,1734.0,NOT ALLOTTED NOT ALLOTTED,NOT ALLOTTED MS,AMALTAS INSTITUTE OF MEDICAL SCIENCES DEWAS,,,MP__MP Round 3 Allotment.txt,1101,
MP,Madhya Pradesh,2025,R3,NEET_AIR,1736.0,LN MEDICAL COLLEGE BHOPAL,MD MEDICINE,OBC,,,MP__MP Round 3 Allotment.txt,1117,
MP,Madhya Pradesh,2025,R3,NEET_AIR,1740.0,ORTHOPAEDICS,Private Clinical,MS,,,MP__MP Round 3 Allotment.txt,1119,
MP,Madhya Pradesh,2025,R3,NEET_AIR,1743.0,GENERAL SURGERY,Private Clinical,MS,,,MP__MP Round 3 Allotment.txt,1121,
MP,Madhya Pradesh,2025,R3,NEET_AIR,1750.0,NOT ALLOTTED,ALLOTTED NOT ALLOTTED NOT ALLOTTED NOT ALLOTTED,ALLOTTED,,,MP__MP Round 3 Allotment.txt,1123,
MP,Madhya Pradesh,2025,R3,NEET_AIR,1752.0,EMERGENCY MEDICINE,Private Clinical,FRESH ALLOTTED,,,MP__MP Round 3 Allotment.txt,1125,
MP,Madhya Pradesh,2025,R3,NEET_AIR,1754.0,LN MEDICAL COLLEGE BHOPAL,MD ANAESTHESIOLOGY,UR/X/OP,,,MP__MP Round 3 Allotment.txt,1127,
MP,Madhya Pradesh,2025,R3,NEET_AIR,1757.0,NOT ALLOTTED,ALLOTTED NOT ALLOTTED NOT ALLOTTED NOT ALLOTTED,Govt,,,MP__MP Round 3 Allotment.txt,1129,
MP,Madhya Pradesh,2025,R3,NEET_AIR,1759.0,NOT ALLOTTED,ALLOTTED NOT ALLOTTED NOT ALLOTTED NOT ALLOTTED,ALLOTTED,,,MP__MP Round 3 Allotment.txt,1131,
MP,Madhya Pradesh,2025,R3,NEET_AIR,1762.0,OPHTHALMOLOGY,Private Clinical,MS,,,MP__MP Round 3 Allotment.txt,1136,
MP,Madhya Pradesh,2025,R3,NEET_AIR,1764.0,NOT ALLOTTED,ALLOTTED NOT ALLOTTED NOT ALLOTTED NOT ALLOTTED,ALLOTTED,,,MP__MP Round 3 Allotment.txt,1138,
MP,Madhya Pradesh,2025,R3,NEET_AIR,1766.0,BUNDELKHAND MEDICAL COLLEGE SAGAR,MS GY (ENT),SC,,,MP__MP Round 3 Allotment.txt,1140,
MP,Madhya Pradesh,2025,R3,NEET_AIR,1772.0,NOT ALLOTTED,ALLOTTED NOT ALLOTTED NOT ALLOTTED NOT ALLOTTED,ALLOTTED,,,MP__MP Round 3 Allotment.txt,1142,
MP,Madhya Pradesh,2025,R3,NEET_AIR,1782.0,LN MEDICAL COLLEGE BHOPAL,MS ORTHOPAEDICS,OBC,,,MP__MP Round 3 Allotment.txt,1144,
MP,Madhya Pradesh,2025,R3,NEET_AIR,1787.0,GENERAL SURGERY,Private Clinical,MS,,,MP__MP Round 3 Allotment.txt,1145,
MP,Madhya Pradesh,2025,R3,NEET_AIR,1788.0,SHYAM SHAH MEDICAL COLLEGE REWA,MS GYNAECOLOGY,ST,,,MP__MP Round 3 Allotment.txt,1147,
MP,Madhya Pradesh,2025,R3,NEET_AIR,1790.0,RD GARDI MEDICAL COLLEGE UJJAIN,MD PATHOLOGY,UR/X/OP,,,MP__MP Round 3 Allotment.txt,1149,
MP,Madhya Pradesh,2025,R3,NEET_AIR,1791.0,GANDHI MEDICAL COLLEGE BHOPAL,MS GENERAL SURGERY,ST,,,MP__MP Round 3 Allotment.txt,1151,
MP,Madhya Pradesh,2025,R3,NEET_AIR,1792.0,NOT ALLOTTED,ALLOTTED NOT ALLOTTED NOT ALLOTTED NOT ALLOTTED,Private,,,MP__MP Round 3 Allotment.txt,1153,
MP,Madhya Pradesh,2025,R3,NEET_AIR,1802.0,CENTER INDORE,MD PAEDIATRICS,OBC,,,MP__MP Round 3 Allotment.txt,1155,
MP,Madhya Pradesh,2025,R3,NEET_AIR,1808.0,JABALPUR,MS GENERAL SURGERY,ST,,,MP__MP Round 3 Allotment.txt,1157,
MP,Madhya Pradesh,2025,R3,NEET_AIR,1813.0,INDORE,MD RADIATION ONCOLOGY Clinical,MS,,,MP__MP Round 3 Allotment.txt,1159,
MP,Madhya Pradesh,2025,R3,NEET_AIR,1817.0,NOT ALLOTTED,NOT ALLOTTED NOT ALLOTTED NOT ALLOTTED,Private,,,MP__MP Round 3 Allotment.txt,1161,
MP,Madhya Pradesh,2025,R3,NEET_AIR,1819.0,NOT ALLOTTED,ALLOTTED NOT ALLOTTED,MS,,,MP__MP Round 3 Allotment.txt,1163,
MP,Madhya Pradesh,2025,R3,NEET_AIR,1821.0,LN MEDICAL COLLEGE BHOPAL,MS GENERAL SURGERY,INST/UR/X/OP,,,MP__MP Round 3 Allotment.txt,1164,
MP,Madhya Pradesh,2025,R3,NEET_AIR,1823.0,GENERAL SURGERY,Private Clinical,FRESH ALLOTTED,,,MP__MP Round 3 Allotment.txt,1166,
MP,Madhya Pradesh,2025,R3,NEET_AIR,1826.0,NOT ALLOTTED,ALLOTTED NOT ALLOTTED NOT ALLOTTED NOT ALLOTTED,ALLOTTED,,,MP__MP Round 3 Allotment.txt,1168,
MP,Madhya Pradesh,2025,R3,NEET_AIR,1827.0,NOT ALLOTTED NOT ALLOTTED,NOT ALLOTTED NOT ALLOTTED,NOT ALLOTTED,,,MP__MP Round 3 Allotment.txt,1170,
MP,Madhya Pradesh,2025,R3,NEET_AIR,1828.0,JABALPUR,MD MEDICINE,IN_UR/X/OP,,,MP__MP Round 3 Allotment.txt,1172,
MP,Madhya Pradesh,2025,R3,NEET_AIR,1829.0,INDORE,MD PAEDIATRICS,IN_UR/X/OP,,,MP__MP Round 3 Allotment.txt,1174,
MP,Madhya Pradesh,2025,R3,NEET_AIR,1830.0,NOT ALLOTTED,ALLOTTED NOT ALLOTTED,NOT ALLOTTED,,,MP__MP Round 3 Allotment.txt,1176,
MP,Madhya Pradesh,2025,R3,NEET_AIR,1832.0,NOT ALLOTTED,ALLOTTED NOT ALLOTTED NOT ALLOTTED NOT ALLOTTED,Govt,,,MP__MP Round 3 Allotment.txt,1178,
MP,Madhya Pradesh,2025,R3,NEET_AIR,1835.0,CENTER INDORE,MS GENERAL SURGERY,INST/UR/X/OP,,,MP__MP Round 3 Allotment.txt,1180,
MP,Madhya Pradesh,2025,R3,NEET_AIR,1841.0,NOT ALLOTTED,ALLOTTED NOT ALLOTTED,ALLOTTED,,,MP__MP Round 3 Allotment.txt,1182,
MP,Madhya Pradesh,2025,R3,NEET_AIR,1842.0,NOT ALLOTTED,NOT ALLOTTED NOT ALLOTTED NOT ALLOTTED,Private,,,MP__MP Round 3 Allotment.txt,1184,
MP,Madhya Pradesh,2025,R3,NEET_AIR,1843.0,GENERAL MEDICINE,Govt Clinical,MD,,,MP__MP Round 3 Allotment.txt,1185,
MP,Madhya Pradesh,2025,R3,NEET_AIR,1846.0,NOT ALLOTTED,NOT ALLOTTED NOT ALLOTTED NOT ALLOTTED,ALLOTTED,,,MP__MP Round 3 Allotment.txt,1187,
MP,Madhya Pradesh,2025,R3,NEET_AIR,1850.0,NOT ALLOTTED,ALLOTTED NOT ALLOTTED,MD,,,MP__MP Round 3 Allotment.txt,1189,
MP,Madhya Pradesh,2025,R3,NEET_AIR,1856.0,NOT ALLOTTED,ALLOTTED NOT ALLOTTED,ALLOTTED,,,MP__MP Round 3 Allotment.txt,1191,
MP,Madhya Pradesh,2025,R3,NEET_AIR,1857.0,NOT ALLOTTED,ALLOTTED NOT ALLOTTED,NOT ALLOTTED,,,MP__MP Round 3 Allotment.txt,1193,
MP,Madhya Pradesh,2025,R3,NEET_AIR,1859.0,LN MEDICAL COLLEGE BHOPAL,MD ANAESTHESIOLOGY,UR/X/OP,,,MP__MP Round 3 Allotment.txt,1195,
MP,Madhya Pradesh,2025,R3,NEET_AIR,1860.0,INDORE,MD ANAESTHESIOLOGY,ST,,,MP__MP Round 3 Allotment.txt,1197,
MP,Madhya Pradesh,2025,R3,NEET_AIR,1862.0,BUNDELKHAND MEDICAL COLLEGE SAGAR,MD ANAESTHESIOLOGY,SC,,,MP__MP Round 3 Allotment.txt,1199,
MP,Madhya Pradesh,2025,R3,NEET_AIR,1865.0,OPHTHALMOLOGY,Private Clinical,FRESH ALLOTTED,,,MP__MP Round 3 Allotment.txt,1201,
MP,Madhya Pradesh,2025,R3,NEET_AIR,1866.0,ANAESTHESIOLOGY,Private Clinical,MD,,,MP__MP Round 3 Allotment.txt,1203,
MP,Madhya Pradesh,2025,R3,NEET_AIR,1867.0,NOT ALLOTTED,ALLOTTED NOT ALLOTTED NOT ALLOTTED NOT ALLOTTED,Govt,,,MP__MP Round 3 Allotment.txt,1205,
MP,Madhya Pradesh,2025,R3,NEET_AIR,1869.0,INDORE,MS GENERAL SURGERY,IN_UR/X/OP,,,MP__MP Round 3 Allotment.txt,1207,
MP,Madhya Pradesh,2025,R3,NEET_AIR,1874.0,NOT ALLOTTED,ALLOTTED NOT ALLOTTED NOT ALLOTTED NOT ALLOTTED,Private,,,MP__MP Round 3 Allotment.txt,1209,
MP,Madhya Pradesh,2025,R3,NEET_AIR,1875.0,CENTER INDORE,MS GENERAL SURGERY,INST/UR/X/OP,,,MP__MP Round 3 Allotment.txt,1211,
MP,Madhya Pradesh,2025,R3,NEET_AIR,1884.0,NOT ALLOTTED,ALLOTTED NOT ALLOTTED NOT ALLOTTED NOT ALLOTTED,ALLOTTED,,,MP__MP Round 3 Allotment.txt,1213,
MP,Madhya Pradesh,2025,R3,NEET_AIR,1886.0,ORTHOPAEDICS,Private Clinical,MD,,,MP__MP Round 3 Allotment.txt,1215,
MP,Madhya Pradesh,2025,R3,NEET_AIR,1887.0,NOT ALLOTTED NOT ALLOTTED,NOT ALLOTTED MS,LN MEDICAL COLLEGE BHOPAL,,,MP__MP Round 3 Allotment.txt,1217,
MP,Madhya Pradesh,2025,R3,NEET_AIR,1893.0,CENTER INDORE,MS GENERAL SURGERY,INST/UR/X/OP,,,MP__MP Round 3 Allotment.txt,1219,
MP,Madhya Pradesh,2025,R3,NEET_AIR,1904.0,JABALPUR,MD PHARMACOLOGY,INST/UR/X/OP,,,MP__MP Round 3 Allotment.txt,1221,
MP,Madhya Pradesh,2025,R3,NEET_AIR,1911.0,NOT ALLOTTED,ALLOTTED NOT ALLOTTED NOT ALLOTTED NOT ALLOTTED,ALLOTTED,,,MP__MP Round 3 Allotment.txt,1223,
MP,Madhya Pradesh,2025,R3,NEET_AIR,1912.0,NOT ALLOTTED,ALLOTTED NOT ALLOTTED NOT ALLOTTED NOT ALLOTTED,ALLOTTED,,,MP__MP Round 3 Allotment.txt,1225,
MP,Madhya Pradesh,2025,R3,NEET_AIR,1914.0,CHIRAYU MEDICAL COLLEGE AND HOSPITAL BHOPAL,MD GENERAL MEDICINE,SC,,,MP__MP Round 3 Allotment.txt,1227,
MP,Madhya Pradesh,2025,R3,NEET_AIR,1918.0,AMALTAS INSTITUTE OF MEDICAL SCIENCES DEWAS,MS GENERAL SURGERY,INST/UR/X/OP,,,MP__MP Round 3 Allotment.txt,1229,
MP,Madhya Pradesh,2025,R3,NEET_AIR,1920.0,NOT ALLOTTED,ALLOTTED NOT ALLOTTED NOT ALLOTTED NOT ALLOTTED,ALLOTTED,,,MP__MP Round 3 Allotment.txt,1231,
MP,Madhya Pradesh,2025,R3,NEET_AIR,1926.0,PEOPLES COLLEGE OF MEDICAL SCIENCE BHOPAL,MD EMERGENCY MEDICINE Clinical,MD,,,MP__MP Round 3 Allotment.txt,1233,
MP,Madhya Pradesh,2025,R3,NEET_AIR,1931.0,NOT ALLOTTED NOT ALLOTTED,NOT ALLOTTED MS,CENTER INDORE,,,MP__MP Round 3 Allotment.txt,1235,
MP,Madhya Pradesh,2025,R3,NEET_AIR,1932.0,NOT ALLOTTED NOT ALLOTTED,NOT ALLOTTED MS,JABALPUR,,,MP__MP Round 3 Allotment.txt,1237,
MP,Madhya Pradesh,2025,R3,NEET_AIR,1938.0,CENTRE BHOPAL,MS GENERAL SURGERY,INST/UR/X/OP,,,MP__MP Round 3 Allotment.txt,1239,
MP,Madhya Pradesh,2025,R3,NEET_AIR,1944.0,GANDHI MEDICAL COLLEGE BHOPAL,MD PATHOLOGY,SC,,,MP__MP Round 3 Allotment.txt,1241,
MP,Madhya Pradesh,2025,R3,NEET_AIR,1950.0,NOT ALLOTTED,ALLOTTED NOT ALLOTTED NOT ALLOTTED NOT ALLOTTED,Private,,,MP__MP Round 3 Allotment.txt,1243,
MP,Madhya Pradesh,2025,R3,NEET_AIR,1956.0,NOT ALLOTTED,ALLOTTED NOT ALLOTTED,NOT ALLOTTED,,,MP__MP Round 3 Allotment.txt,1245,
MP,Madhya Pradesh,2025,R3,NEET_AIR,1957.0,NOT ALLOTTED NOT ALLOTTED,NOT ALLOTTED ALLOTTED,NOT ALLOTTED,,,MP__MP Round 3 Allotment.txt,1247,
MP,Madhya Pradesh,2025,R3,NEET_AIR,1958.0,NOT ALLOTTED,ALLOTTED NOT ALLOTTED NOT ALLOTTED NOT ALLOTTED,ALLOTTED,,,MP__MP Round 3 Allotment.txt,1249,
MP,Madhya Pradesh,2025,R3,NEET_AIR,1960.0,NOT ALLOTTED NOT ALLOTTED,NOT ALLOTTED MD,CENTER INDORE,,,MP__MP Round 3 Allotment.txt,1251,
MP,Madhya Pradesh,2025,R3,NEET_AIR,1962.0,INDORE,MD PATHOLOGY,ST,,,MP__MP Round 3 Allotment.txt,1253,
MP,Madhya Pradesh,2025,R3,NEET_AIR,1965.0,NOT ALLOTTED,ALLOTTED NOT ALLOTTED,NOT ALLOTTED,,,MP__MP Round 3 Allotment.txt,1255,
MP,Madhya Pradesh,2025,R3,NEET_AIR,1970.0,NOT ALLOTTED,ALLOTTED NOT ALLOTTED,NOT ALLOTTED,,,MP__MP Round 3 Allotment.txt,1257,
MP,Madhya Pradesh,2025,R3,NEET_AIR,1972.0,PEOPLES COLLEGE OF MEDICAL SCIENCE BHOPAL,MD ANAESTHESIOLOGY,UR/X/OP,,,MP__MP Round 3 Allotment.txt,1259,
MP,Madhya Pradesh,2025,R3,NEET_AIR,1973.0,NOT ALLOTTED,ALLOTTED NOT ALLOTTED NOT ALLOTTED NOT ALLOTTED,ALLOTTED,,,MP__MP Round 3 Allotment.txt,1261,
MP,Madhya Pradesh,2025,R3,NEET_AIR,1978.0,ANAESTHESIOLOGY,Private Clinical,MD,,,MP__MP Round 3 Allotment.txt,1263,
MP,Madhya Pradesh,2025,R3,NEET_AIR,1979.0,INDORE,MD MEDICINE,ST,,,MP__MP Round 3 Allotment.txt,1265,
MP,Madhya Pradesh,2025,R3,NEET_AIR,1981.0,NOT ALLOTTED,ALLOTTED NOT ALLOTTED NOT ALLOTTED NOT ALLOTTED,ALLOTTED,,,MP__MP Round 3 Allotment.txt,1267,
MP,Madhya Pradesh,2025,R3,NEET_AIR,1985.0,NOT ALLOTTED,NOT ALLOTTED NOT ALLOTTED,NOT ALLOTTED,,,MP__MP Round 3 Allotment.txt,1269,
MP,Madhya Pradesh,2025,R3,NEET_AIR,1995.0,CENTER INDORE,MD RESPIRATORY MEDICINE,INST/UR/X/OP,,,MP__MP Round 3 Allotment.txt,1271,
MP,Madhya Pradesh,2025,R3,NEET_AIR,1996.0,GANDHI MEDICAL COLLEGE BHOPAL,MD PAEDIATRICS,IN_UR/X/OP,,,MP__MP Round 3 Allotment.txt,1272,
MP,Madhya Pradesh,2025,R3,NEET_AIR,1997.0,SRI AUROBINDO INSTITUTE OF MEDICAL SCIENCE INDORE ANAESTHESIOLOGY,MD Clinical,MD,,,MP__MP Round 3 Allotment.txt,1274,
MP,Madhya Pradesh,2025,R3,NEET_AIR,1998.0,CENTER INDORE,MS ORTHOPAEDICS,OBC,,,MP__MP Round 3 Allotment.txt,1276,
MP,Madhya Pradesh,2025,R3,NEET_AIR,2008.0,NOT ALLOTTED,ALLOTTED NOT ALLOTTED,NOT ALLOTTED,,,MP__MP Round 3 Allotment.txt,1278,
MP,Madhya Pradesh,2025,R3,NEET_AIR,2009.0,NOT ALLOTTED,ALLOTTED NOT ALLOTTED NOT ALLOTTED NOT ALLOTTED,ALLOTTED,,,MP__MP Round 3 Allotment.txt,1280,
MP,Madhya Pradesh,2025,R3,NEET_AIR,2011.0,NOT ALLOTTED,ALLOTTED NOT ALLOTTED,NOT ALLOTTED,,,MP__MP Round 3 Allotment.txt,1282,
MP,Madhya Pradesh,2025,R3,NEET_AIR,2012.0,LN MEDICAL COLLEGE BHOPAL,MD GENERAL MEDICINE,SC,,,MP__MP Round 3 Allotment.txt,1284,
MP,Madhya Pradesh,2025,R3,NEET_AIR,2019.0,NOT ALLOTTED,ALLOTTED NOT ALLOTTED NOT ALLOTTED NOT ALLOTTED,Private,,,MP__MP Round 3 Allotment.txt,1286,
MP,Madhya Pradesh,2025,R3,NEET_AIR,2020.0,NOT ALLOTTED,ALLOTTED NOT ALLOTTED NOT ALLOTTED NOT ALLOTTED,ALLOTTED,,,MP__MP Round 3 Allotment.txt,1302,
MP,Madhya Pradesh,2025,R3,NEET_AIR,2021.0,NOT ALLOTTED,ALLOTTED NOT ALLOTTED NOT ALLOTTED NOT ALLOTTED,Private,,,MP__MP Round 3 Allotment.txt,1304,
MP,Madhya Pradesh,2025,R3,NEET_AIR,2025.0,NOT ALLOTTED,ALLOTTED NOT ALLOTTED NOT ALLOTTED NOT ALLOTTED,ALLOTTED,,,MP__MP Round 3 Allotment.txt,1306,
MP,Madhya Pradesh,2025,R3,NEET_AIR,2028.0,GENERAL SURGERY,Private Clinical,FRESH ALLOTTED,,,MP__MP Round 3 Allotment.txt,1307,
MP,Madhya Pradesh,2025,R3,NEET_AIR,2029.0,ANAESTHESIOLOGY,Private Clinical,MD,,,MP__MP Round 3 Allotment.txt,1309,
MP,Madhya Pradesh,2025,R3,NEET_AIR,2033.0,NOT ALLOTTED,NOT ALLOTTED NOT ALLOTTED NOT ALLOTTED,ALLOTTED,,,MP__MP Round 3 Allotment.txt,1311,
MP,Madhya Pradesh,2025,R3,NEET_AIR,2034.0,NOT ALLOTTED,NOT ALLOTTED NOT ALLOTTED NOT ALLOTTED,Private,,,MP__MP Round 3 Allotment.txt,1313,
MP,Madhya Pradesh,2025,R3,NEET_AIR,2039.0,NOT ALLOTTED,NOT ALLOTTED NOT ALLOTTED NOT ALLOTTED,ALLOTTED,,,MP__MP Round 3 Allotment.txt,1315,
MP,Madhya Pradesh,2025,R3,NEET_AIR,2047.0,NOT ALLOTTED,NOT ALLOTTED NOT ALLOTTED NOT ALLOTTED,ALLOTTED,,,MP__MP Round 3 Allotment.txt,1317,
MP,Madhya Pradesh,2025,R3,NEET_AIR,2048.0,NOT ALLOTTED,NOT ALLOTTED NOT ALLOTTED NOT ALLOTTED,ALLOTTED,,,MP__MP Round 3 Allotment.txt,1319,
MP,Madhya Pradesh,2025,R3,NEET_AIR,2051.0,GANDHI MEDICAL COLLEGE BHOPAL,MD ANAESTHESIOLOGY,ST,,,MP__MP Round 3 Allotment.txt,1321,
MP,Madhya Pradesh,2025,R3,NEET_AIR,2053.0,NOT ALLOTTED NOT ALLOTTED,NOT ALLOTTED ALLOTTED,NOT ALLOTTED,,,MP__MP Round 3 Allotment.txt,1323,
MP,Madhya Pradesh,2025,R3,NEET_AIR,2054.0,PAEDIATRICS,Private Clinical,MD,,,MP__MP Round 3 Allotment.txt,1325,
MP,Madhya Pradesh,2025,R3,NEET_AIR,2055.0,NOT ALLOTTED,ALLOTTED NOT ALLOTTED NOT ALLOTTED NOT ALLOTTED,Govt,,,MP__MP Round 3 Allotment.txt,1328,
MP,Madhya Pradesh,2025,R3,NEET_AIR,2057.0,ANAESTHESIOLOGY,Private Clinical,MD,,,MP__MP Round 3 Allotment.txt,1330,
MP,Madhya Pradesh,2025,R3,NEET_AIR,2058.0,NOT ALLOTTED,ALLOTTED NOT ALLOTTED,NOT ALLOTTED,,,MP__MP Round 3 Allotment.txt,1332,
MP,Madhya Pradesh,2025,R3,NEET_AIR,2062.0,NOT ALLOTTED,ALLOTTED NOT ALLOTTED NOT ALLOTTED NOT ALLOTTED,ALLOTTED,,,MP__MP Round 3 Allotment.txt,1334,
MP,Madhya Pradesh,2025,R3,NEET_AIR,2063.0,AMALTAS INSTITUTE OF MEDICAL SCIENCES DEWAS,MS OPHTHALMOLOGY,OBC,,,MP__MP Round 3 Allotment.txt,1336,
MP,Madhya Pradesh,2025,R3,NEET_AIR,2070.0,NOT ALLOTTED,NOT ALLOTTED NOT ALLOTTED NOT ALLOTTED,Private,,,MP__MP Round 3 Allotment.txt,1338,
MP,Madhya Pradesh,2025,R3,NEET_AIR,2071.0,NOT ALLOTTED,ALLOTTED NOT ALLOTTED,ALLOTTED,,,MP__MP Round 3 Allotment.txt,1340,
MP,Madhya Pradesh,2025,R3,NEET_AIR,2072.0,NOT ALLOTTED,ALLOTTED NOT ALLOTTED,ALLOTTED,,,MP__MP Round 3 Allotment.txt,1342,
MP,Madhya Pradesh,2025,R3,NEET_AIR,2075.0,NOT ALLOTTED,ALLOTTED NOT ALLOTTED,ALLOTTED,,,MP__MP Round 3 Allotment.txt,1344,
MP,Madhya Pradesh,2025,R3,NEET_AIR,2079.0,SRI AUROBINDO INSTITUTE OF MEDICAL SCIENCE INDORE GYNAECOLOGY,MS Clinical,MS,,,MP__MP Round 3 Allotment.txt,1346,
MP,Madhya Pradesh,2025,R3,NEET_AIR,2081.0,Non Clinical,Private UR/X/OP,Private,,,MP__MP Round 3 Allotment.txt,1348,
MP,Madhya Pradesh,2025,R3,NEET_AIR,2084.0,NOT ALLOTTED,NOT ALLOTTED NOT ALLOTTED,NOT ALLOTTED,,,MP__MP Round 3 Allotment.txt,1350,
MP,Madhya Pradesh,2025,R3,NEET_AIR,2086.0,RD GARDI MEDICAL COLLEGE UJJAIN,MD PATHOLOGY,UR/X/OP,,,MP__MP Round 3 Allotment.txt,1352,
MP,Madhya Pradesh,2025,R3,NEET_AIR,2089.0,NOT ALLOTTED,ALLOTTED NOT ALLOTTED,MS,,,MP__MP Round 3 Allotment.txt,1354,
MP,Madhya Pradesh,2025,R3,NEET_AIR,2090.0,NOT ALLOTTED,NOT ALLOTTED NOT ALLOTTED NOT ALLOTTED,Private,,,MP__MP Round 3 Allotment.txt,1356,
MP,Madhya Pradesh,2025,R3,NEET_AIR,2091.0,GANDHI MEDICAL COLLEGE BHOPAL,MS GENERAL SURGERY,ST,,,MP__MP Round 3 Allotment.txt,1357,
MP,Madhya Pradesh,2025,R3,NEET_AIR,2092.0,LN MEDICAL COLLEGE BHOPAL,MD ANAESTHESIOLOGY,INST/UR/X/OP,,,MP__MP Round 3 Allotment.txt,1359,
MP,Madhya Pradesh,2025,R3,NEET_AIR,2099.0,GANDHI MEDICAL COLLEGE BHOPAL,MD PAEDIATRICS,IN_OBC/X/OP,,,MP__MP Round 3 Allotment.txt,1360,
MP,Madhya Pradesh,2025,R3,NEET_AIR,2102.0,NOT ALLOTTED,ALLOTTED NOT ALLOTTED NOT ALLOTTED NOT ALLOTTED,Private,,,MP__MP Round 3 Allotment.txt,1362,
MP,Madhya Pradesh,2025,R3,NEET_AIR,2104.0,GAJRA RAJA MEDICAL COLLEGE GWALIOR,MS GENERAL SURGERY,ST,,,MP__MP Round 3 Allotment.txt,1364,
MP,Madhya Pradesh,2025,R3,NEET_AIR,2110.0,NOT ALLOTTED,ALLOTTED NOT ALLOTTED,MD,,,MP__MP Round 3 Allotment.txt,1366,
MP,Madhya Pradesh,2025,R3,NEET_AIR,2113.0,NOT ALLOTTED,ALLOTTED NOT ALLOTTED,ALLOTTED,,,MP__MP Round 3 Allotment.txt,1368,
MP,Madhya Pradesh,2025,R3,NEET_AIR,2117.0,NOT ALLOTTED,ALLOTTED NOT ALLOTTED,ALLOTTED,,,MP__MP Round 3 Allotment.txt,1370,
MP,Madhya Pradesh,2025,R3,NEET_AIR,2118.0,NOT ALLOTTED,NOT ALLOTTED NOT ALLOTTED NOT ALLOTTED,ALLOTTED,,,MP__MP Round 3 Allotment.txt,1372,
MP,Madhya Pradesh,2025,R3,NEET_AIR,2119.0,GAJRA RAJA MEDICAL COLLEGE GWALIOR,MD PATHOLOGY,SC,,,MP__MP Round 3 Allotment.txt,1374,
MP,Madhya Pradesh,2025,R3,NEET_AIR,2120.0,NOT ALLOTTED,ALLOTTED NOT ALLOTTED,MS,,,MP__MP Round 3 Allotment.txt,1376,
MP,Madhya Pradesh,2025,R3,NEET_AIR,2127.0,NOT ALLOTTED,ALLOTTED NOT ALLOTTED,MD,,,MP__MP Round 3 Allotment.txt,1378,
MP,Madhya Pradesh,2025,R3,NEET_AIR,2128.0,NOT ALLOTTED,ALLOTTED NOT ALLOTTED,ALLOTTED,,,MP__MP Round 3 Allotment.txt,1380,
MP,Madhya Pradesh,2025,R3,NEET_AIR,2129.0,SRI AUROBINDO INSTITUTE OF MEDICAL SCIENCE INDORE GENERAL MEDICINE,MD Clinical,MD,,,MP__MP Round 3 Allotment.txt,1382,
MP,Madhya Pradesh,2025,R3,NEET_AIR,2131.0,OPHTHALMOLOGY,Private Clinical,MS,,,MP__MP Round 3 Allotment.txt,1384,
MP,Madhya Pradesh,2025,R3,NEET_AIR,2132.0,NOT ALLOTTED,ALLOTTED NOT ALLOTTED,NOT ALLOTTED,,,MP__MP Round 3 Allotment.txt,1386,
MP,Madhya Pradesh,2025,R3,NEET_AIR,2134.0,NOT ALLOTTED,ALLOTTED NOT ALLOTTED NOT ALLOTTED NOT ALLOTTED,Private,,,MP__MP Round 3 Allotment.txt,1388,
MP,Madhya Pradesh,2025,R3,NEET_AIR,2135.0,NOT ALLOTTED,ALLOTTED NOT ALLOTTED,NOT ALLOTTED,,,MP__MP Round 3 Allotment.txt,1390,
MP,Madhya Pradesh,2025,R3,NEET_AIR,2136.0,GANDHI MEDICAL COLLEGE BHOPAL,MD AND TOXICOLOGY,INST/UR/X/OP,,,MP__MP Round 3 Allotment.txt,1392,
MP,Madhya Pradesh,2025,R3,NEET_AIR,2141.0,EMERGENCY MEDICINE,Private Clinical,MD,,,MP__MP Round 3 Allotment.txt,1393,
MP,Madhya Pradesh,2025,R3,NEET_AIR,2142.0,NOT ALLOTTED NOT ALLOTTED,NOT ALLOTTED MS,CENTER INDORE,,,MP__MP Round 3 Allotment.txt,1395,
MP,Madhya Pradesh,2025,R3,NEET_AIR,2146.0,SRI AUROBINDO INSTITUTE OF MEDICAL SCIENCE INDORE GENERAL MEDICINE,MD Clinical,MD,,,MP__MP Round 3 Allotment.txt,1397,
MP,Madhya Pradesh,2025,R3,NEET_AIR,2151.0,NOT ALLOTTED,ALLOTTED NOT ALLOTTED NOT ALLOTTED NOT ALLOTTED,ALLOTTED,,,MP__MP Round 3 Allotment.txt,1399,
MP,Madhya Pradesh,2025,R3,NEET_AIR,2153.0,NOT ALLOTTED,ALLOTTED NOT ALLOTTED NOT ALLOTTED NOT ALLOTTED,ALLOTTED,,,MP__MP Round 3 Allotment.txt,1401,
MP,Madhya Pradesh,2025,R3,NEET_AIR,2156.0,COLLEGE KHANDWA,MD MEDICINE,SC,,,MP__MP Round 3 Allotment.txt,1403,
MP,Madhya Pradesh,2025,R3,NEET_AIR,2157.0,NOT ALLOTTED,ALLOTTED NOT ALLOTTED NOT ALLOTTED NOT ALLOTTED,ALLOTTED,,,MP__MP Round 3 Allotment.txt,1405,
MP,Madhya Pradesh,2025,R3,NEET_AIR,2159.0,NOT ALLOTTED,ALLOTTED NOT ALLOTTED NOT ALLOTTED NOT ALLOTTED,Private,,,MP__MP Round 3 Allotment.txt,1407,
MP,Madhya Pradesh,2025,R3,NEET_AIR,2165.0,PEOPLES COLLEGE OF MEDICAL SCIENCE BHOPAL,MD ANAESTHESIOLOGY,INST/UR/X/OP,,,MP__MP Round 3 Allotment.txt,1409,
MP,Madhya Pradesh,2025,R3,NEET_AIR,2166.0,PSYCHIATRY,Private Clinical,FRESH ALLOTTED,,,MP__MP Round 3 Allotment.txt,1410,
MP,Madhya Pradesh,2025,R3,NEET_AIR,2169.0,CHIRAYU MEDICAL COLLEGE AND HOSPITAL BHOPAL,MD EMERGENCY MEDICINE,UR/X/OP,,,MP__MP Round 3 Allotment.txt,1411,
MP,Madhya Pradesh,2025,R3,NEET_AIR,2170.0,NOT ALLOTTED,ALLOTTED NOT ALLOTTED,MD,,,MP__MP Round 3 Allotment.txt,1413,
MP,Madhya Pradesh,2025,R3,NEET_AIR,2172.0,NOT ALLOTTED,NOT ALLOTTED NOT ALLOTTED NOT ALLOTTED,ALLOTTED,,,MP__MP Round 3 Allotment.txt,1415,
MP,Madhya Pradesh,2025,R3,NEET_AIR,2176.0,SHYAM SHAH MEDICAL COLLEGE REWA,MS GENERAL SURGERY,ST,,,MP__MP Round 3 Allotment.txt,1416,
MP,Madhya Pradesh,2025,R3,NEET_AIR,2180.0,NOT ALLOTTED,NOT ALLOTTED NOT ALLOTTED NOT ALLOTTED,ALLOTTED,,,MP__MP Round 3 Allotment.txt,1418,
MP,Madhya Pradesh,2025,R3,NEET_AIR,2181.0,NOT ALLOTTED,ALLOTTED NOT ALLOTTED,ALLOTTED,,,MP__MP Round 3 Allotment.txt,1420,
MP,Madhya Pradesh,2025,R3,NEET_AIR,2183.0,NOT ALLOTTED,ALLOTTED NOT ALLOTTED,MS,,,MP__MP Round 3 Allotment.txt,1422,
MP,Madhya Pradesh,2025,R3,NEET_AIR,2184.0,Non Clinical,Private UR/X/OP,Private,,,MP__MP Round 3 Allotment.txt,1424,
MP,Madhya Pradesh,2025,R3,NEET_AIR,2186.0,NOT ALLOTTED,NOT ALLOTTED NOT ALLOTTED NOT ALLOTTED,ALLOTTED,,,MP__MP Round 3 Allotment.txt,1426,
MP,Madhya Pradesh,2025,R3,NEET_AIR,2187.0,GENERAL MEDICINE,Govt Clinical,MD,,,MP__MP Round 3 Allotment.txt,1427,
MP,Madhya Pradesh,2025,R3,NEET_AIR,2188.0,NOT ALLOTTED,ALLOTTED NOT ALLOTTED,ALLOTTED,,,MP__MP Round 3 Allotment.txt,1429,
MP,Madhya Pradesh,2025,R3,NEET_AIR,2189.0,NOT ALLOTTED,ALLOTTED NOT ALLOTTED,ALLOTTED,,,MP__MP Round 3 Allotment.txt,1431,
MP,Madhya Pradesh,2025,R3,NEET_AIR,2190.0,NOT ALLOTTED,NOT ALLOTTED NOT ALLOTTED NOT ALLOTTED,ALLOTTED,,,MP__MP Round 3 Allotment.txt,1433,
MP,Madhya Pradesh,2025,R3,NEET_AIR,2191.0,SHYAM SHAH MEDICAL COLLEGE REWA,MD PATHOLOGY,MD,,,MP__MP Round 3 Allotment.txt,1434,
MP,Madhya Pradesh,2025,R3,NEET_AIR,2192.0,NOT ALLOTTED,ALLOTTED NOT ALLOTTED,ALLOTTED,,,MP__MP Round 3 Allotment.txt,1436,
MP,Madhya Pradesh,2025,R3,NEET_AIR,2197.0,ANAESTHESIOLOGY,Private Clinical,MS,,,MP__MP Round 3 Allotment.txt,1438,
MP,Madhya Pradesh,2025,R3,NEET_AIR,2198.0,RESPIRATORY MEDICINE,Private Clinical,FRESH ALLOTTED,,,MP__MP Round 3 Allotment.txt,1440,
MP,Madhya Pradesh,2025,R3,NEET_AIR,2200.0,NOT ALLOTTED,ALLOTTED NOT ALLOTTED NOT ALLOTTED NOT ALLOTTED,Private,,,MP__MP Round 3 Allotment.txt,1442,
MP,Madhya Pradesh,2025,R3,NEET_AIR,2202.0,NOT ALLOTTED,ALLOTTED NOT ALLOTTED NOT ALLOTTED NOT ALLOTTED,ALLOTTED,,,MP__MP Round 3 Allotment.txt,1444,
MP,Madhya Pradesh,2025,R3,NEET_AIR,2213.0,NOT ALLOTTED,ALLOTTED NOT ALLOTTED NOT ALLOTTED NOT ALLOTTED,ALLOTTED,,,MP__MP Round 3 Allotment.txt,1446,
MP,Madhya Pradesh,2025,R3,NEET_AIR,2214.0,PEOPLES COLLEGE OF MEDICAL SCIENCE BHOPAL,MD ANAESTHESIOLOGY,OBC,,,MP__MP Round 3 Allotment.txt,1448,
MP,Madhya Pradesh,2025,R3,NEET_AIR,2215.0,NOT ALLOTTED,ALLOTTED NOT ALLOTTED NOT ALLOTTED NOT ALLOTTED,ALLOTTED,,,MP__MP Round 3 Allotment.txt,1450,
MP,Madhya Pradesh,2025,R3,NEET_AIR,2216.0,VIDISHA,MD PATHOLOGY,SC,,,MP__MP Round 3 Allotment.txt,1452,
MP,Madhya Pradesh,2025,R3,NEET_AIR,2218.0,LN MEDICAL COLLEGE BHOPAL,MD ANAESTHESIOLOGY,INST/UR/X/OP,,,MP__MP Round 3 Allotment.txt,1454,
MP,Madhya Pradesh,2025,R3,NEET_AIR,2223.0,GOVERMENT MEDICAL COLLEGE RATLAM,MS GENERAL SURGERY,ST,,,MP__MP Round 3 Allotment.txt,1455,
MP,Madhya Pradesh,2025,R3,NEET_AIR,2227.0,NOT ALLOTTED,ALLOTTED NOT ALLOTTED,NOT ALLOTTED,,,MP__MP Round 3 Allotment.txt,1457,
MP,Madhya Pradesh,2025,R3,NEET_AIR,2228.0,NOT ALLOTTED,ALLOTTED NOT ALLOTTED NOT ALLOTTED NOT ALLOTTED,ALLOTTED,,,MP__MP Round 3 Allotment.txt,1459,
MP,Madhya Pradesh,2025,R3,NEET_AIR,2230.0,ANAESTHESIOLOGY,Private Clinical,FRESH ALLOTTED,,,MP__MP Round 3 Allotment.txt,1461,
MP,Madhya Pradesh,2025,R3,NEET_AIR,2231.0,NOT ALLOTTED,ALLOTTED NOT ALLOTTED NOT ALLOTTED NOT ALLOTTED,Private,,,MP__MP Round 3 Allotment.txt,1463,
MP,Madhya Pradesh,2025,R3,NEET_AIR,2234.0,NOT ALLOTTED,ALLOTTED NOT ALLOTTED NOT ALLOTTED NOT ALLOTTED,ALLOTTED,,,MP__MP Round 3 Allotment.txt,1465,
MP,Madhya Pradesh,2025,R3,NEET_AIR,2235.0,PEOPLES COLLEGE OF MEDICAL SCIENCE BHOPAL,MS (ENT),UR/X/OP,,,MP__MP Round 3 Allotment.txt,1467,
MP,Madhya Pradesh,2025,R3,NEET_AIR,2236.0,NOT ALLOTTED,ALLOTTED NOT ALLOTTED,MS,,,MP__MP Round 3 Allotment.txt,1469,
MP,Madhya Pradesh,2025,R3,NEET_AIR,2237.0,PATHOLOGY,Private Non Clinical,MD,,,MP__MP Round 3 Allotment.txt,1471,
MP,Madhya Pradesh,2025,R3,NEET_AIR,2239.0,OPHTHALMOLOGY,Private Clinical,FRESH ALLOTTED,,,MP__MP Round 3 Allotment.txt,1487,
MP,Madhya Pradesh,2025,R3,NEET_AIR,2240.0,NOT ALLOTTED,ALLOTTED NOT ALLOTTED NOT ALLOTTED NOT ALLOTTED,Private,,,MP__MP Round 3 Allotment.txt,1489,
MP,Madhya Pradesh,2025,R3,NEET_AIR,2243.0,NOT ALLOTTED,ALLOTTED NOT ALLOTTED NOT ALLOTTED NOT ALLOTTED,ALLOTTED,,,MP__MP Round 3 Allotment.txt,1491,
MP,Madhya Pradesh,2025,R3,NEET_AIR,2244.0,NOT ALLOTTED NOT ALLOTTED,NOT ALLOTTED MD,JABALPUR,,,MP__MP Round 3 Allotment.txt,1493,
MP,Madhya Pradesh,2025,R3,NEET_AIR,2248.0,NOT ALLOTTED,ALLOTTED NOT ALLOTTED,NOT ALLOTTED,,,MP__MP Round 3 Allotment.txt,1495,
MP,Madhya Pradesh,2025,R3,NEET_AIR,2249.0,NOT ALLOTTED,ALLOTTED NOT ALLOTTED NOT ALLOTTED NOT ALLOTTED,ALLOTTED,,,MP__MP Round 3 Allotment.txt,1497,
MP,Madhya Pradesh,2025,R3,NEET_AIR,2253.0,NOT ALLOTTED,ALLOTTED NOT ALLOTTED NOT ALLOTTED NOT ALLOTTED,Govt,,,MP__MP Round 3 Allotment.txt,1499,
MP,Madhya Pradesh,2025,R3,NEET_AIR,2254.0,NOT ALLOTTED NOT ALLOTTED,NOT ALLOTTED ALLOTTED,NOT ALLOTTED,,,MP__MP Round 3 Allotment.txt,1501,
MP,Madhya Pradesh,2025,R3,NEET_AIR,2255.0,ANAESTHESIOLOGY,Private Clinical,FRESH ALLOTTED,,,MP__MP Round 3 Allotment.txt,1502,
MP,Madhya Pradesh,2025,R3,NEET_AIR,2258.0,NOT ALLOTTED,ALLOTTED NOT ALLOTTED,MD,,,MP__MP Round 3 Allotment.txt,1504,
MP,Madhya Pradesh,2025,R3,NEET_AIR,2259.0,NOT ALLOTTED,ALLOTTED NOT ALLOTTED,MD,,,MP__MP Round 3 Allotment.txt,1506,
MP,Madhya Pradesh,2025,R3,NEET_AIR,2260.0,NOT ALLOTTED,ALLOTTED NOT ALLOTTED,MD,,,MP__MP Round 3 Allotment.txt,1508,
MP,Madhya Pradesh,2025,R3,NEET_AIR,2264.0,NOT ALLOTTED,ALLOTTED NOT ALLOTTED,ALLOTTED,,,MP__MP Round 3 Allotment.txt,1510,
MP,Madhya Pradesh,2025,R3,NEET_AIR,2266.0,NOT ALLOTTED,ALLOTTED NOT ALLOTTED,NOT ALLOTTED,,,MP__MP Round 3 Allotment.txt,1512,
MP,Madhya Pradesh,2025,R3,NEET_AIR,2268.0,GANDHI MEDICAL COLLEGE BHOPAL,MD ANAESTHESIOLOGY,ST,,,MP__MP Round 3 Allotment.txt,1513,
MP,Madhya Pradesh,2025,R3,NEET_AIR,2269.0,AMALTAS INSTITUTE OF MEDICAL SCIENCES DEWAS,MD EMERGENCY MEDICINE,UR/X/OP,,,MP__MP Round 3 Allotment.txt,1514,
MP,Madhya Pradesh,2025,R3,NEET_AIR,2270.0,GANDHI MEDICAL COLLEGE BHOPAL,MD PSYCHIATRY,ST,,,MP__MP Round 3 Allotment.txt,1515,
MP,Madhya Pradesh,2025,R3,NEET_AIR,2271.0,NOT ALLOTTED NOT ALLOTTED,NOT ALLOTTED ALLOTTED,NOT ALLOTTED,,,MP__MP Round 3 Allotment.txt,1517,
MP,Madhya Pradesh,2025,R3,NEET_AIR,2272.0,NOT ALLOTTED NOT ALLOTTED,NOT ALLOTTED MD,CENTER INDORE,,,MP__MP Round 3 Allotment.txt,1519,
MP,Madhya Pradesh,2025,R3,NEET_AIR,2274.0,LN MEDICAL COLLEGE BHOPAL,MS ORTHOPAEDICS,OBC,,,MP__MP Round 3 Allotment.txt,1521,
MP,Madhya Pradesh,2025,R3,NEET_AIR,2279.0,NOT ALLOTTED,ALLOTTED NOT ALLOTTED NOT ALLOTTED NOT ALLOTTED,Private,,,MP__MP Round 3 Allotment.txt,1523,
MP,Madhya Pradesh,2025,R3,NEET_AIR,2280.0,SRI AUROBINDO INSTITUTE OF MEDICAL SCIENCE INDORE GENERAL SURGERY,MS Clinical,MS,,,MP__MP Round 3 Allotment.txt,1525,
MP,Madhya Pradesh,2025,R3,NEET_AIR,2282.0,NOT ALLOTTED,ALLOTTED NOT ALLOTTED NOT ALLOTTED NOT ALLOTTED,ALLOTTED,,,MP__MP Round 3 Allotment.txt,1527,
MP,Madhya Pradesh,2025,R3,NEET_AIR,2285.0,CHIRAYU MEDICAL COLLEGE AND HOSPITAL BHOPAL,MS GENERAL SURGERY,OBC,,,MP__MP Round 3 Allotment.txt,1529,
MP,Madhya Pradesh,2025,R3,NEET_AIR,2287.0,NOT ALLOTTED NOT ALLOTTED,NOT ALLOTTED ALLOTTED,NOT ALLOTTED,,,MP__MP Round 3 Allotment.txt,1531,
MP,Madhya Pradesh,2025,R3,NEET_AIR,2289.0,NOT ALLOTTED,ALLOTTED NOT ALLOTTED,NOT ALLOTTED,,,MP__MP Round 3 Allotment.txt,1533,
MP,Madhya Pradesh,2025,R3,NEET_AIR,2292.0,NOT ALLOTTED,ALLOTTED NOT ALLOTTED,ALLOTTED,,,MP__MP Round 3 Allotment.txt,1535,
MP,Madhya Pradesh,2025,R3,NEET_AIR,2293.0,NOT ALLOTTED,NOT ALLOTTED NOT ALLOTTED NOT ALLOTTED,Private,,,MP__MP Round 3 Allotment.txt,1537,
MP,Madhya Pradesh,2025,R3,NEET_AIR,2295.0,NOT ALLOTTED,ALLOTTED NOT ALLOTTED,ALLOTTED,,,MP__MP Round 3 Allotment.txt,1539,
MP,Madhya Pradesh,2025,R3,NEET_AIR,2296.0,NOT ALLOTTED,ALLOTTED NOT ALLOTTED,MD,,,MP__MP Round 3 Allotment.txt,1541,
MP,Madhya Pradesh,2025,R3,NEET_AIR,2298.0,NOT ALLOTTED,ALLOTTED NOT ALLOTTED,MD,,,MP__MP Round 3 Allotment.txt,1543,
MP,Madhya Pradesh,2025,R3,NEET_AIR,2300.0,NOT ALLOTTED,ALLOTTED NOT ALLOTTED,NOT ALLOTTED,,,MP__MP Round 3 Allotment.txt,1545,
MP,Madhya Pradesh,2025,R3,NEET_AIR,2304.0,NOT ALLOTTED,ALLOTTED NOT ALLOTTED NOT ALLOTTED NOT ALLOTTED,Private,,,MP__MP Round 3 Allotment.txt,1547,
MP,Madhya Pradesh,2025,R3,NEET_AIR,2307.0,NOT ALLOTTED,ALLOTTED NOT ALLOTTED,MS,,,MP__MP Round 3 Allotment.txt,1549,
MP,Madhya Pradesh,2025,R3,NEET_AIR,2316.0,NOT ALLOTTED NOT ALLOTTED,NOT ALLOTTED MS,CENTER INDORE,,,MP__MP Round 3 Allotment.txt,1551,
MP,Madhya Pradesh,2025,R3,NEET_AIR,2317.0,COLLEGE KHANDWA,MD MEDICINE,OBC,,,MP__MP Round 3 Allotment.txt,1553,
MP,Madhya Pradesh,2025,R3,NEET_AIR,2318.0,NOT ALLOTTED,NOT ALLOTTED NOT ALLOTTED NOT ALLOTTED,Private,,,MP__MP Round 3 Allotment.txt,1555,
MP,Madhya Pradesh,2025,R3,NEET_AIR,2321.0,NOT ALLOTTED,ALLOTTED NOT ALLOTTED,ALLOTTED,,,MP__MP Round 3 Allotment.txt,1557,
MP,Madhya Pradesh,2025,R3,NEET_AIR,2324.0,NOT ALLOTTED,ALLOTTED NOT ALLOTTED,ALLOTTED,,,MP__MP Round 3 Allotment.txt,1559,
MP,Madhya Pradesh,2025,R3,NEET_AIR,2329.0,NOT ALLOTTED,ALLOTTED NOT ALLOTTED,MD,,,MP__MP Round 3 Allotment.txt,1561,
MP,Madhya Pradesh,2025,R3,NEET_AIR,2331.0,NOT ALLOTTED,ALLOTTED NOT ALLOTTED,MS,,,MP__MP Round 3 Allotment.txt,1563,
MP,Madhya Pradesh,2025,R3,NEET_AIR,2333.0,NOT ALLOTTED,ALLOTTED NOT ALLOTTED,ALLOTTED,,,MP__MP Round 3 Allotment.txt,1565,
MP,Madhya Pradesh,2025,R3,NEET_AIR,2341.0,NOT ALLOTTED,ALLOTTED NOT ALLOTTED,MS,,,MP__MP Round 3 Allotment.txt,1567,
MP,Madhya Pradesh,2025,R3,NEET_AIR,2343.0,Non Clinical,Private UR/X/OP,Private,,,MP__MP Round 3 Allotment.txt,1569,
MP,Madhya Pradesh,2025,R3,NEET_AIR,2345.0,NOT ALLOTTED,NOT ALLOTTED NOT ALLOTTED NOT ALLOTTED,ALLOTTED,,,MP__MP Round 3 Allotment.txt,1571,
MP,Madhya Pradesh,2025,R3,NEET_AIR,2352.0,NOT ALLOTTED,ALLOTTED NOT ALLOTTED,ALLOTTED,,,MP__MP Round 3 Allotment.txt,1573,
MP,Madhya Pradesh,2025,R3,NEET_AIR,2353.0,NOT ALLOTTED,ALLOTTED NOT ALLOTTED,ALLOTTED,,,MP__MP Round 3 Allotment.txt,1575,
MP,Madhya Pradesh,2025,R3,NEET_AIR,2355.0,NOT ALLOTTED,ALLOTTED NOT ALLOTTED,ALLOTTED,,,MP__MP Round 3 Allotment.txt,1577,
MP,Madhya Pradesh,2025,R3,NEET_AIR,2358.0,NOT ALLOTTED,NOT ALLOTTED NOT ALLOTTED NOT ALLOTTED,Private,,,MP__MP Round 3 Allotment.txt,1579,
MP,Madhya Pradesh,2025,R3,NEET_AIR,2362.0,NOT ALLOTTED,ALLOTTED NOT ALLOTTED,MD,,,MP__MP Round 3 Allotment.txt,1581,
MP,Madhya Pradesh,2025,R3,NEET_AIR,2365.0,SRI AUROBINDO INSTITUTE OF MEDICAL SCIENCE INDORE GENERAL MEDICINE,MD Clinical,MD,,,MP__MP Round 3 Allotment.txt,1583,
MP,Madhya Pradesh,2025,R3,NEET_AIR,2366.0,GENERAL SURGERY,Private Clinical,MS,,,MP__MP Round 3 Allotment.txt,1585,
MP,Madhya Pradesh,2025,R3,NEET_AIR,2372.0,NOT ALLOTTED,ALLOTTED NOT ALLOTTED NOT ALLOTTED NOT ALLOTTED,Govt,,,MP__MP Round 3 Allotment.txt,1587,
MP,Madhya Pradesh,2025,R3,NEET_AIR,2377.0,VIDISHA,MD PAEDIATRICS,IN_UR/X/OP,,,MP__MP Round 3 Allotment.txt,1589,
MP,Madhya Pradesh,2025,R3,NEET_AIR,2380.0,LN MEDICAL COLLEGE BHOPAL,MS GY (ENT),OBC,,,MP__MP Round 3 Allotment.txt,1591,
MP,Madhya Pradesh,2025,R3,NEET_AIR,2382.0,NOT ALLOTTED NOT ALLOTTED,NOT ALLOTTED ALLOTTED,NOT ALLOTTED,,,MP__MP Round 3 Allotment.txt,1593,
MP,Madhya Pradesh,2025,R3,NEET_AIR,2389.0,NOT ALLOTTED,ALLOTTED NOT ALLOTTED NOT ALLOTTED NOT ALLOTTED,ALLOTTED,,,MP__MP Round 3 Allotment.txt,1595,
MP,Madhya Pradesh,2025,R3,NEET_AIR,2392.0,GENERAL MEDICINE,Private Clinical,FRESH ALLOTTED,,,MP__MP Round 3 Allotment.txt,1596,
MP,Madhya Pradesh,2025,R3,NEET_AIR,2394.0,NOT ALLOTTED,ALLOTTED NOT ALLOTTED,MD,,,MP__MP Round 3 Allotment.txt,1598,
MP,Madhya Pradesh,2025,R3,NEET_AIR,2395.0,NOT ALLOTTED,ALLOTTED NOT ALLOTTED,MD,,,MP__MP Round 3 Allotment.txt,1600,
MP,Madhya Pradesh,2025,R3,NEET_AIR,2399.0,NOT ALLOTTED,NOT ALLOTTED NOT ALLOTTED NOT ALLOTTED,Private,,,MP__MP Round 3 Allotment.txt,1602,
MP,Madhya Pradesh,2025,R3,NEET_AIR,2404.0,NOT ALLOTTED,NOT ALLOTTED NOT ALLOTTED NOT ALLOTTED,Private,,,MP__MP Round 3 Allotment.txt,1604,
MP,Madhya Pradesh,2025,R3,NEET_AIR,2405.0,NOT ALLOTTED,ALLOTTED NOT ALLOTTED,MD,,,MP__MP Round 3 Allotment.txt,1606,
MP,Madhya Pradesh,2025,R3,NEET_AIR,2407.0,NOT ALLOTTED,ALLOTTED NOT ALLOTTED,MS,,,MP__MP Round 3 Allotment.txt,1608,
MP,Madhya Pradesh,2025,R3,NEET_AIR,2411.0,NOT ALLOTTED,ALLOTTED NOT ALLOTTED,ALLOTTED,,,MP__MP Round 3 Allotment.txt,1610,
MP,Madhya Pradesh,2025,R3,NEET_AIR,2412.0,NOT ALLOTTED,NOT ALLOTTED NOT ALLOTTED NOT ALLOTTED,ALLOTTED,,,MP__MP Round 3 Allotment.txt,1612,
MP,Madhya Pradesh,2025,R3,NEET_AIR,2414.0,INDORE,MS OPHTHALMOLOGY,ST,,,MP__MP Round 3 Allotment.txt,1614,
MP,Madhya Pradesh,2025,R3,NEET_AIR,2416.0,NOT ALLOTTED,ALLOTTED NOT ALLOTTED,ALLOTTED,,,MP__MP Round 3 Allotment.txt,1616,
MP,Madhya Pradesh,2025,R3,NEET_AIR,2417.0,NOT ALLOTTED,NOT ALLOTTED NOT ALLOTTED NOT ALLOTTED,Private,,,MP__MP Round 3 Allotment.txt,1618,
MP,Madhya Pradesh,2025,R3,NEET_AIR,2418.0,NOT ALLOTTED,ALLOTTED NOT ALLOTTED,ALLOTTED,,,MP__MP Round 3 Allotment.txt,1620,
MP,Madhya Pradesh,2025,R3,NEET_AIR,2419.0,CHIRAYU MEDICAL COLLEGE AND HOSPITAL BHOPAL,MD PSYCHIATRY,OBC,,,MP__MP Round 3 Allotment.txt,1622,
MP,Madhya Pradesh,2025,R3,NEET_AIR,2420.0,NOT ALLOTTED,ALLOTTED NOT ALLOTTED,NOT ALLOTTED,,,MP__MP Round 3 Allotment.txt,1624,
MP,Madhya Pradesh,2025,R3,NEET_AIR,2425.0,NOT ALLOTTED,ALLOTTED NOT ALLOTTED NOT ALLOTTED NOT ALLOTTED,ALLOTTED,,,MP__MP Round 3 Allotment.txt,1626,
MP,Madhya Pradesh,2025,R3,NEET_AIR,2429.0,NOT ALLOTTED,ALLOTTED NOT ALLOTTED,NOT ALLOTTED,,,MP__MP Round 3 Allotment.txt,1628,
MP,Madhya Pradesh,2025,R3,NEET_AIR,2441.0,PATHOLOGY,Private Non Clinical,MD,,,MP__MP Round 3 Allotment.txt,1629,
MP,Madhya Pradesh,2025,R3,NEET_AIR,2445.0,NOT ALLOTTED NOT ALLOTTED,NOT ALLOTTED MD,LN MEDICAL COLLEGE BHOPAL,,,MP__MP Round 3 Allotment.txt,1631,
MP,Madhya Pradesh,2025,R3,NEET_AIR,2450.0,NOT ALLOTTED,ALLOTTED NOT ALLOTTED,NOT ALLOTTED,,,MP__MP Round 3 Allotment.txt,1633,
MP,Madhya Pradesh,2025,R3,NEET_AIR,2451.0,NOT ALLOTTED NOT ALLOTTED,NOT ALLOTTED MS,CENTER INDORE,,,MP__MP Round 3 Allotment.txt,1635,
MP,Madhya Pradesh,2025,R3,NEET_AIR,2453.0,COMMUNITY MEDICINE,Private Non Clinical,FRESH ALLOTTED,,,MP__MP Round 3 Allotment.txt,1637,
MP,Madhya Pradesh,2025,R3,NEET_AIR,2456.0,NOT ALLOTTED NOT ALLOTTED,NOT ALLOTTED MS,CENTER INDORE,,,MP__MP Round 3 Allotment.txt,1639,
MP,Madhya Pradesh,2025,R3,NEET_AIR,2457.0,ANAESTHESIOLOGY,Private Clinical,FRESH ALLOTTED,,,MP__MP Round 3 Allotment.txt,1641,
MP,Madhya Pradesh,2025,R3,NEET_AIR,2458.0,NOT ALLOTTED,ALLOTTED NOT ALLOTTED NOT ALLOTTED NOT ALLOTTED,Private,,,MP__MP Round 3 Allotment.txt,1643,
MP,Madhya Pradesh,2025,R3,NEET_AIR,2468.0,NOT ALLOTTED NOT ALLOTTED,NOT ALLOTTED ALLOTTED,NOT ALLOTTED,,,MP__MP Round 3 Allotment.txt,1645,
MP,Madhya Pradesh,2025,R3,NEET_AIR,2469.0,NOT ALLOTTED NOT ALLOTTED,NOT ALLOTTED MS,LN MEDICAL COLLEGE BHOPAL,,,MP__MP Round 3 Allotment.txt,1647,
MP,Madhya Pradesh,2025,R3,NEET_AIR,2472.0,GANDHI MEDICAL COLLEGE BHOPAL,MD PATHOLOGY,MD,,,MP__MP Round 3 Allotment.txt,1648,
MP,Madhya Pradesh,2025,R3,NEET_AIR,2473.0,NOT ALLOTTED,ALLOTTED NOT ALLOTTED,NOT ALLOTTED,,,MP__MP Round 3 Allotment.txt,1650,
MP,Madhya Pradesh,2025,R3,NEET_AIR,2478.0,SRI AUROBINDO INSTITUTE OF MEDICAL SCIENCE INDORE GYNAECOLOGY,MS Clinical,MS,,,MP__MP Round 3 Allotment.txt,1652,
MP,Madhya Pradesh,2025,R3,NEET_AIR,2483.0,INDORE,MS GY (ENT),ST,,,MP__MP Round 3 Allotment.txt,1654,
MP,Madhya Pradesh,2025,R3,NEET_AIR,2487.0,NOT ALLOTTED NOT ALLOTTED,NOT ALLOTTED MD,AMALTAS INSTITUTE OF MEDICAL SCIENCES DEWAS,,,MP__MP Round 3 Allotment.txt,1656,
MP,Madhya Pradesh,2025,R3,NEET_AIR,2490.0,NOT ALLOTTED,ALLOTTED NOT ALLOTTED NOT ALLOTTED NOT ALLOTTED,ALLOTTED,,,MP__MP Round 3 Allotment.txt,1672,
MP,Madhya Pradesh,2025,R3,NEET_AIR,2495.0,NOT ALLOTTED,ALLOTTED NOT ALLOTTED NOT ALLOTTED NOT ALLOTTED,Govt,,,MP__MP Round 3 Allotment.txt,1674,
MP,Madhya Pradesh,2025,R3,NEET_AIR,2496.0,NOT ALLOTTED,ALLOTTED NOT ALLOTTED NOT ALLOTTED NOT ALLOTTED,ALLOTTED,,,MP__MP Round 3 Allotment.txt,1676,
MP,Madhya Pradesh,2025,R3,NEET_AIR,2497.0,EMERGENCY MEDICINE,Private Clinical,FRESH ALLOTTED,,,MP__MP Round 3 Allotment.txt,1677,
MP,Madhya Pradesh,2025,R3,NEET_AIR,2501.0,NOT ALLOTTED NOT ALLOTTED,NOT ALLOTTED ALLOTTED,NOT ALLOTTED,,,MP__MP Round 3 Allotment.txt,1679,
MP,Madhya Pradesh,2025,R3,NEET_AIR,2506.0,GENERAL SURGERY,Private Clinical,FRESH ALLOTTED,,,MP__MP Round 3 Allotment.txt,1681,
MP,Madhya Pradesh,2025,R3,NEET_AIR,2507.0,NOT ALLOTTED,ALLOTTED NOT ALLOTTED NOT ALLOTTED NOT ALLOTTED,ALLOTTED,,,MP__MP Round 3 Allotment.txt,1683,
MP,Madhya Pradesh,2025,R3,NEET_AIR,2510.0,NOT ALLOTTED,ALLOTTED NOT ALLOTTED,NOT ALLOTTED,,,MP__MP Round 3 Allotment.txt,1689,
MP,Madhya Pradesh,2025,R3,NEET_AIR,2511.0,LN MEDICAL COLLEGE BHOPAL,MD ANAESTHESIOLOGY,OBC,,,MP__MP Round 3 Allotment.txt,1690,
MP,Madhya Pradesh,2025,R3,NEET_AIR,2514.0,PEOPLES COLLEGE OF MEDICAL SCIENCE BHOPAL,MD PATHOLOGY,UR/X/OP,,,MP__MP Round 3 Allotment.txt,1692,
MP,Madhya Pradesh,2025,R3,NEET_AIR,2517.0,INDORE,MD MICROBIOLOGY,OBC,,,MP__MP Round 3 Allotment.txt,1694,
MP,Madhya Pradesh,2025,R3,NEET_AIR,2518.0,NOT ALLOTTED,ALLOTTED NOT ALLOTTED,NOT ALLOTTED,,,MP__MP Round 3 Allotment.txt,1696,
MP,Madhya Pradesh,2025,R3,NEET_AIR,2519.0,NOT ALLOTTED,ALLOTTED NOT ALLOTTED NOT ALLOTTED NOT ALLOTTED,ALLOTTED,,,MP__MP Round 3 Allotment.txt,1698,
MP,Madhya Pradesh,2025,R3,NEET_AIR,2527.0,NOT ALLOTTED,ALLOTTED NOT ALLOTTED,NOT ALLOTTED,,,MP__MP Round 3 Allotment.txt,1700,
MP,Madhya Pradesh,2025,R3,NEET_AIR,2533.0,NOT ALLOTTED,ALLOTTED NOT ALLOTTED NOT ALLOTTED NOT ALLOTTED,ALLOTTED,,,MP__MP Round 3 Allotment.txt,1702,
MP,Madhya Pradesh,2025,R3,NEET_AIR,2534.0,NOT ALLOTTED NOT ALLOTTED,NOT ALLOTTED ALLOTTED,NOT ALLOTTED,,,MP__MP Round 3 Allotment.txt,1704,
MP,Madhya Pradesh,2025,R3,NEET_AIR,2535.0,SRI AUROBINDO INSTITUTE OF MEDICAL SCIENCE INDORE GENERAL MEDICINE,MD Clinical,MD,,,MP__MP Round 3 Allotment.txt,1706,
MP,Madhya Pradesh,2025,R3,NEET_AIR,2536.0,NOT ALLOTTED,ALLOTTED NOT ALLOTTED,NOT ALLOTTED,,,MP__MP Round 3 Allotment.txt,1708,
MP,Madhya Pradesh,2025,R3,NEET_AIR,2547.0,ORTHOPAEDICS,Private Clinical,FRESH ALLOTTED,,,MP__MP Round 3 Allotment.txt,1710,
MP,Madhya Pradesh,2025,R3,NEET_AIR,2549.0,GANDHI MEDICAL COLLEGE BHOPAL,MS GENERAL SURGERY,IN_UR/X/OP,,,MP__MP Round 3 Allotment.txt,1712,
MP,Madhya Pradesh,2025,R3,NEET_AIR,2552.0,SHYAM SHAH MEDICAL COLLEGE REWA,MS OPHTHALMOLOGY,ST,,,MP__MP Round 3 Allotment.txt,1713,
MP,Madhya Pradesh,2025,R3,NEET_AIR,2554.0,NOT ALLOTTED,NOT ALLOTTED NOT ALLOTTED NOT ALLOTTED,ALLOTTED,,,MP__MP Round 3 Allotment.txt,1715,
MP,Madhya Pradesh,2025,R3,NEET_AIR,2555.0,NOT ALLOTTED,ALLOTTED NOT ALLOTTED,MS,,,MP__MP Round 3 Allotment.txt,1717,
MP,Madhya Pradesh,2025,R3,NEET_AIR,2557.0,RD GARDI MEDICAL COLLEGE UJJAIN,MD RADIODIAGNOSIS,INST/UR/NRI/OP,,,MP__MP Round 3 Allotment.txt,1718,
MP,Madhya Pradesh,2025,R3,NEET_AIR,2561.0,NOT ALLOTTED,NOT ALLOTTED NOT ALLOTTED NOT ALLOTTED,ALLOTTED,,,MP__MP Round 3 Allotment.txt,1720,
MP,Madhya Pradesh,2025,R3,NEET_AIR,2565.0,SRI AUROBINDO INSTITUTE OF MEDICAL SCIENCE INDORE GENERAL SURGERY,MS Clinical,MS,,,MP__MP Round 3 Allotment.txt,1722,
MP,Madhya Pradesh,2025,R3,NEET_AIR,2568.0,NOT ALLOTTED,ALLOTTED NOT ALLOTTED NOT ALLOTTED NOT ALLOTTED,ALLOTTED,,,MP__MP Round 3 Allotment.txt,1724,
MP,Madhya Pradesh,2025,R3,NEET_AIR,2573.0,CENTRE BHOPAL,MS OPHTHALMOLOGY,INST/UR/X/OP,,,MP__MP Round 3 Allotment.txt,1726,
MP,Madhya Pradesh,2025,R3,NEET_AIR,2574.0,CENTER INDORE,MD ANAESTHESIOLOGY,INST/UR/X/OP,,,MP__MP Round 3 Allotment.txt,1728,
MP,Madhya Pradesh,2025,R3,NEET_AIR,2575.0,NOT ALLOTTED,ALLOTTED NOT ALLOTTED,NOT ALLOTTED,,,MP__MP Round 3 Allotment.txt,1730,
MP,Madhya Pradesh,2025,R3,NEET_AIR,2578.0,NOT ALLOTTED,NOT ALLOTTED NOT ALLOTTED NOT ALLOTTED,ALLOTTED,,,MP__MP Round 3 Allotment.txt,1732,
MP,Madhya Pradesh,2025,R3,NEET_AIR,2579.0,NOT ALLOTTED,NOT ALLOTTED NOT ALLOTTED NOT ALLOTTED,Private,,,MP__MP Round 3 Allotment.txt,1734,
MP,Madhya Pradesh,2025,R3,NEET_AIR,2582.0,NOT ALLOTTED,ALLOTTED NOT ALLOTTED,ALLOTTED,,,MP__MP Round 3 Allotment.txt,1736,
MP,Madhya Pradesh,2025,R3,NEET_AIR,2588.0,NOT ALLOTTED,NOT ALLOTTED NOT ALLOTTED NOT ALLOTTED,Private,,,MP__MP Round 3 Allotment.txt,1738,
MP,Madhya Pradesh,2025,R3,NEET_AIR,2589.0,BUNDELKHAND MEDICAL COLLEGE SAGAR,MS OPHTHALMOLOGY,ST,,,MP__MP Round 3 Allotment.txt,1739,
MP,Madhya Pradesh,2025,R3,NEET_AIR,2593.0,NOT ALLOTTED,ALLOTTED NOT ALLOTTED,NOT ALLOTTED,,,MP__MP Round 3 Allotment.txt,1741,
MP,Madhya Pradesh,2025,R3,NEET_AIR,2594.0,SRI AUROBINDO INSTITUTE OF MEDICAL SCIENCE INDORE GENERAL SURGERY,MS Clinical,MS,,,MP__MP Round 3 Allotment.txt,1743,
MP,Madhya Pradesh,2025,R3,NEET_AIR,2595.0,NOT ALLOTTED,ALLOTTED NOT ALLOTTED NOT ALLOTTED NOT ALLOTTED,ALLOTTED,,,MP__MP Round 3 Allotment.txt,1745,
MP,Madhya Pradesh,2025,R3,NEET_AIR,2596.0,NOT ALLOTTED,ALLOTTED NOT ALLOTTED NOT ALLOTTED NOT ALLOTTED,Private,,,MP__MP Round 3 Allotment.txt,1747,
MP,Madhya Pradesh,2025,R3,NEET_AIR,2598.0,CHIRAYU MEDICAL COLLEGE AND HOSPITAL BHOPAL,MD GENERAL MEDICINE,IN_UR/X/OP,,,MP__MP Round 3 Allotment.txt,1749,
MP,Madhya Pradesh,2025,R3,NEET_AIR,2599.0,COLLEGE SHIVPURI,MS ORTHOPAEDICS,IN_UR/X/OP,,,MP__MP Round 3 Allotment.txt,1751,
MP,Madhya Pradesh,2025,R3,NEET_AIR,2601.0,NOT ALLOTTED,ALLOTTED NOT ALLOTTED NOT ALLOTTED NOT ALLOTTED,ALLOTTED,,,MP__MP Round 3 Allotment.txt,1753,
MP,Madhya Pradesh,2025,R3,NEET_AIR,2607.0,LN MEDICAL COLLEGE BHOPAL,MS GENERAL SURGERY,OBC,,,MP__MP Round 3 Allotment.txt,1755,
MP,Madhya Pradesh,2025,R3,NEET_AIR,2609.0,NOT ALLOTTED,NOT ALLOTTED NOT ALLOTTED,NOT ALLOTTED,,,MP__MP Round 3 Allotment.txt,1757,
MP,Madhya Pradesh,2025,R3,NEET_AIR,2612.0,NOT ALLOTTED,ALLOTTED NOT ALLOTTED,NOT ALLOTTED,,,MP__MP Round 3 Allotment.txt,1759,
MP,Madhya Pradesh,2025,R3,NEET_AIR,2621.0,LN MEDICAL COLLEGE BHOPAL,MD PSYCHIATRY,OBC,,,MP__MP Round 3 Allotment.txt,1761,
MP,Madhya Pradesh,2025,R3,NEET_AIR,2623.0,LN MEDICAL COLLEGE BHOPAL,MS GENERAL SURGERY,OBC,,,MP__MP Round 3 Allotment.txt,1763,
MP,Madhya Pradesh,2025,R3,NEET_AIR,2626.0,CENTER INDORE,MD RADIODIAGNOSIS,SC,,,MP__MP Round 3 Allotment.txt,1765,
MP,Madhya Pradesh,2025,R3,NEET_AIR,2631.0,GOVERMENT MEDICAL COLLEGE RATLAM,MD ANAESTHESIOLOGY,ST,,,MP__MP Round 3 Allotment.txt,1766,
MP,Madhya Pradesh,2025,R3,NEET_AIR,2634.0,RD GARDI MEDICAL COLLEGE UJJAIN,MD GENERAL MEDICINE,INST/UR/NRI/OP,,,MP__MP Round 3 Allotment.txt,1767,
MP,Madhya Pradesh,2025,R3,NEET_AIR,2635.0,NOT ALLOTTED,NOT ALLOTTED NOT ALLOTTED NOT ALLOTTED,ALLOTTED,,,MP__MP Round 3 Allotment.txt,1769,
MP,Madhya Pradesh,2025,R3,NEET_AIR,2636.0,NOT ALLOTTED,ALLOTTED NOT ALLOTTED,ALLOTTED,,,MP__MP Round 3 Allotment.txt,1771,
MP,Madhya Pradesh,2025,R3,NEET_AIR,2638.0,CENTER INDORE,MD ANAESTHESIOLOGY,INST/UR/X/OP,,,MP__MP Round 3 Allotment.txt,1773,
MP,Madhya Pradesh,2025,R3,NEET_AIR,2640.0,RESEARCH BHOPAL,MD RADIODIAGNOSIS,SC,,,MP__MP Round 3 Allotment.txt,1775,
MP,Madhya Pradesh,2025,R3,NEET_AIR,2641.0,NOT ALLOTTED,ALLOTTED NOT ALLOTTED NOT ALLOTTED NOT ALLOTTED,Private,,,MP__MP Round 3 Allotment.txt,1777,
MP,Madhya Pradesh,2025,R3,NEET_AIR,2646.0,NOT ALLOTTED,ALLOTTED NOT ALLOTTED NOT ALLOTTED NOT ALLOTTED,Private,,,MP__MP Round 3 Allotment.txt,1779,
MP,Madhya Pradesh,2025,R3,NEET_AIR,2650.0,ANAESTHESIOLOGY,Private Clinical,FRESH ALLOTTED,,,MP__MP Round 3 Allotment.txt,1780,
MP,Madhya Pradesh,2025,R3,NEET_AIR,2651.0,OPHTHALMOLOGY,Private Clinical,MS,,,MP__MP Round 3 Allotment.txt,1782,
MP,Madhya Pradesh,2025,R3,NEET_AIR,2654.0,CENTER INDORE,MS GENERAL SURGERY,OBC,,,MP__MP Round 3 Allotment.txt,1784,
MP,Madhya Pradesh,2025,R3,NEET_AIR,2659.0,NOT ALLOTTED,ALLOTTED NOT ALLOTTED,NOT ALLOTTED,,,MP__MP Round 3 Allotment.txt,1786,
MP,Madhya Pradesh,2025,R3,NEET_AIR,2662.0,SRI AUROBINDO INSTITUTE OF MEDICAL SCIENCE INDORE GENERAL MEDICINE,MD Clinical,MD,,,MP__MP Round 3 Allotment.txt,1788,
MP,Madhya Pradesh,2025,R3,NEET_AIR,2663.0,NOT ALLOTTED,ALLOTTED NOT ALLOTTED,MS,,,MP__MP Round 3 Allotment.txt,1790,
MP,Madhya Pradesh,2025,R3,NEET_AIR,2666.0,NOT ALLOTTED,ALLOTTED NOT ALLOTTED NOT ALLOTTED NOT ALLOTTED,Private,,,MP__MP Round 3 Allotment.txt,1792,
MP,Madhya Pradesh,2025,R3,NEET_AIR,2670.0,NOT ALLOTTED,ALLOTTED NOT ALLOTTED NOT ALLOTTED NOT ALLOTTED,Private,,,MP__MP Round 3 Allotment.txt,1794,
MP,Madhya Pradesh,2025,R3,NEET_AIR,2675.0,CENTER INDORE,MD GENERAL MEDICINE,SC,,,MP__MP Round 3 Allotment.txt,1796,
MP,Madhya Pradesh,2025,R3,NEET_AIR,2679.0,SRI AUROBINDO INSTITUTE OF MEDICAL SCIENCE INDORE PATHOLOGY,MD Non Clinical,MD,,,MP__MP Round 3 Allotment.txt,1798,
MP,Madhya Pradesh,2025,R3,NEET_AIR,2680.0,NOT ALLOTTED NOT ALLOTTED,NOT ALLOTTED ALLOTTED,NOT ALLOTTED,,,MP__MP Round 3 Allotment.txt,1800,
MP,Madhya Pradesh,2025,R3,NEET_AIR,2681.0,NOT ALLOTTED,ALLOTTED NOT ALLOTTED NOT ALLOTTED NOT ALLOTTED,ALLOTTED,,,MP__MP Round 3 Allotment.txt,1802,
MP,Madhya Pradesh,2025,R3,NEET_AIR,2684.0,CENTER INDORE,MS GENERAL SURGERY,INST/UR/X/OP,,,MP__MP Round 3 Allotment.txt,1804,
MP,Madhya Pradesh,2025,R3,NEET_AIR,2685.0,NOT ALLOTTED NOT ALLOTTED,NOT ALLOTTED ALLOTTED,NOT ALLOTTED,,,MP__MP Round 3 Allotment.txt,1806,
MP,Madhya Pradesh,2025,R3,NEET_AIR,2688.0,NOT ALLOTTED,ALLOTTED NOT ALLOTTED NOT ALLOTTED NOT ALLOTTED,ALLOTTED,,,MP__MP Round 3 Allotment.txt,1808,
MP,Madhya Pradesh,2025,R3,NEET_AIR,2690.0,NOT ALLOTTED,ALLOTTED NOT ALLOTTED NOT ALLOTTED NOT ALLOTTED,ALLOTTED,,,MP__MP Round 3 Allotment.txt,1810,
MP,Madhya Pradesh,2025,R3,NEET_AIR,2693.0,NOT ALLOTTED,ALLOTTED NOT ALLOTTED,NOT ALLOTTED,,,MP__MP Round 3 Allotment.txt,1812,
MP,Madhya Pradesh,2025,R3,NEET_AIR,2697.0,PATHOLOGY,Private Non Clinical,FRESH ALLOTTED,,,MP__MP Round 3 Allotment.txt,1814,
MP,Madhya Pradesh,2025,R3,NEET_AIR,2704.0,ANAESTHESIOLOGY,Private Clinical,MD,,,MP__MP Round 3 Allotment.txt,1816,
MP,Madhya Pradesh,2025,R3,NEET_AIR,2715.0,NOT ALLOTTED,ALLOTTED NOT ALLOTTED,NOT ALLOTTED,,,MP__MP Round 3 Allotment.txt,1818,
MP,Madhya Pradesh,2025,R3,NEET_AIR,2717.0,JABALPUR,MS ORTHOPAEDICS,IN_OBC/X/OP,,,MP__MP Round 3 Allotment.txt,1820,
MP,Madhya Pradesh,2025,R3,NEET_AIR,2722.0,EMERGENCY MEDICINE,Private Clinical,FRESH ALLOTTED,,,MP__MP Round 3 Allotment.txt,1822,
MP,Madhya Pradesh,2025,R3,NEET_AIR,2723.0,NOT ALLOTTED,ALLOTTED NOT ALLOTTED NOT ALLOTTED NOT ALLOTTED,ALLOTTED,,,MP__MP Round 3 Allotment.txt,1824,
MP,Madhya Pradesh,2025,R3,NEET_AIR,2728.0,CHHINDWARA,MS GY (ENT),ST,,,MP__MP Round 3 Allotment.txt,1826,
MP,Madhya Pradesh,2025,R3,NEET_AIR,2733.0,GENERAL SURGERY,Private Clinical,FRESH ALLOTTED,,,MP__MP Round 3 Allotment.txt,1827,
MP,Madhya Pradesh,2025,R3,NEET_AIR,2736.0,NOT ALLOTTED,ALLOTTED NOT ALLOTTED NOT ALLOTTED NOT ALLOTTED,ALLOTTED,,,MP__MP Round 3 Allotment.txt,1829,
MP,Madhya Pradesh,2025,R3,NEET_AIR,2738.0,NOT ALLOTTED,ALLOTTED NOT ALLOTTED NOT ALLOTTED NOT ALLOTTED,ALLOTTED,,,MP__MP Round 3 Allotment.txt,1831,
MP,Madhya Pradesh,2025,R3,NEET_AIR,2743.0,ANAESTHESIOLOGY,Private Clinical,FRESH ALLOTTED,,,MP__MP Round 3 Allotment.txt,1832,
MP,Madhya Pradesh,2025,R3,NEET_AIR,2756.0,NOT ALLOTTED,ALLOTTED NOT ALLOTTED NOT ALLOTTED NOT ALLOTTED,ALLOTTED,,,MP__MP Round 3 Allotment.txt,1834,
MP,Madhya Pradesh,2025,R3,NEET_AIR,2760.0,NOT ALLOTTED,ALLOTTED NOT ALLOTTED,NOT ALLOTTED,,,MP__MP Round 3 Allotment.txt,1836,
MP,Madhya Pradesh,2025,R3,NEET_AIR,2761.0,NOT ALLOTTED,ALLOTTED NOT ALLOTTED,NOT ALLOTTED,,,MP__MP Round 3 Allotment.txt,1838,
MP,Madhya Pradesh,2025,R3,NEET_AIR,2763.0,AMALTAS INSTITUTE OF MEDICAL SCIENCES DEWAS,MS GY (ENT),OBC,,,MP__MP Round 3 Allotment.txt,1840,
MP,Madhya Pradesh,2025,R3,NEET_AIR,2764.0,NOT ALLOTTED,ALLOTTED NOT ALLOTTED NOT ALLOTTED NOT ALLOTTED,Private,,,MP__MP Round 3 Allotment.txt,1842,
MP,Madhya Pradesh,2025,R3,NEET_AIR,2768.0,NOT ALLOTTED,ALLOTTED NOT ALLOTTED NOT ALLOTTED NOT ALLOTTED,ALLOTTED,,,MP__MP Round 3 Allotment.txt,1858,
MP,Madhya Pradesh,2025,R3,NEET_AIR,2778.0,GANDHI MEDICAL COLLEGE BHOPAL,MD PAEDIATRICS,IN_SC/X/OP,,,MP__MP Round 3 Allotment.txt,1859,
MP,Madhya Pradesh,2025,R3,NEET_AIR,2784.0,NOT ALLOTTED NOT ALLOTTED,NOT ALLOTTED MD,AMALTAS INSTITUTE OF MEDICAL SCIENCES DEWAS,,,MP__MP Round 3 Allotment.txt,1861,
MP,Madhya Pradesh,2025,R3,NEET_AIR,2789.0,GAJRA RAJA MEDICAL COLLEGE GWALIOR,MD PATHOLOGY,ST,,,MP__MP Round 3 Allotment.txt,1863,
MP,Madhya Pradesh,2025,R3,NEET_AIR,2790.0,JABALPUR,MD RADIATION ONCOLOGY,ST,,,MP__MP Round 3 Allotment.txt,1865,
MP,Madhya Pradesh,2025,R3,NEET_AIR,2792.0,NOT ALLOTTED NOT ALLOTTED,NOT ALLOTTED MS,CENTER INDORE,,,MP__MP Round 3 Allotment.txt,1867,
MP,Madhya Pradesh,2025,R3,NEET_AIR,2793.0,LN MEDICAL COLLEGE BHOPAL,MS GYNAECOLOGY,SC,,,MP__MP Round 3 Allotment.txt,1870,
MP,Madhya Pradesh,2025,R3,NEET_AIR,2798.0,NOT ALLOTTED,ALLOTTED NOT ALLOTTED NOT ALLOTTED NOT ALLOTTED,Private,,,MP__MP Round 3 Allotment.txt,1872,
MP,Madhya Pradesh,2025,R3,NEET_AIR,2799.0,PSYCHIATRY,Private Clinical,FRESH ALLOTTED,,,MP__MP Round 3 Allotment.txt,1873,
MP,Madhya Pradesh,2025,R3,NEET_AIR,2803.0,NOT ALLOTTED NOT ALLOTTED,NOT ALLOTTED ALLOTTED,NOT ALLOTTED,,,MP__MP Round 3 Allotment.txt,1875,
MP,Madhya Pradesh,2025,R3,NEET_AIR,2806.0,NOT ALLOTTED,ALLOTTED NOT ALLOTTED NOT ALLOTTED NOT ALLOTTED,ALLOTTED,,,MP__MP Round 3 Allotment.txt,1877,
MP,Madhya Pradesh,2025,R3,NEET_AIR,2807.0,CHIRAYU MEDICAL COLLEGE AND HOSPITAL BHOPAL,MD PAEDIATRICS,SC,,,MP__MP Round 3 Allotment.txt,1879,
MP,Madhya Pradesh,2025,R3,NEET_AIR,2808.0,AMALTAS INSTITUTE OF MEDICAL SCIENCES DEWAS,MS GENERAL SURGERY,UR/X/OP,,,MP__MP Round 3 Allotment.txt,1880,
MP,Madhya Pradesh,2025,R3,NEET_AIR,2811.0,NOT ALLOTTED,ALLOTTED NOT ALLOTTED NOT ALLOTTED NOT ALLOTTED,Private,,,MP__MP Round 3 Allotment.txt,1882,
MP,Madhya Pradesh,2025,R3,NEET_AIR,2813.0,NOT ALLOTTED,ALLOTTED NOT ALLOTTED NOT ALLOTTED NOT ALLOTTED,ALLOTTED,,,MP__MP Round 3 Allotment.txt,1884,
MP,Madhya Pradesh,2025,R3,NEET_AIR,2818.0,NOT ALLOTTED,ALLOTTED NOT ALLOTTED NOT ALLOTTED NOT ALLOTTED,ALLOTTED,,,MP__MP Round 3 Allotment.txt,1886,
MP,Madhya Pradesh,2025,R3,NEET_AIR,2819.0,PEOPLES COLLEGE OF MEDICAL SCIENCE BHOPAL,MD PSYCHIATRY,SC,,,MP__MP Round 3 Allotment.txt,1888,
MP,Madhya Pradesh,2025,R3,NEET_AIR,2820.0,NOT ALLOTTED,ALLOTTED NOT ALLOTTED NOT ALLOTTED NOT ALLOTTED,ALLOTTED,,,MP__MP Round 3 Allotment.txt,1890,
MP,Madhya Pradesh,2025,R3,NEET_AIR,2821.0,NOT ALLOTTED NOT ALLOTTED,NOT ALLOTTED NOT ALLOTTED,NOT ALLOTTED,,,MP__MP Round 3 Allotment.txt,1892,
MP,Madhya Pradesh,2025,R3,NEET_AIR,2825.0,OTORHINOLARYNGOLOGY (ENT),Private Clinical,FRESH ALLOTTED,,,MP__MP Round 3 Allotment.txt,1893,
MP,Madhya Pradesh,2025,R3,NEET_AIR,2827.0,NOT ALLOTTED,ALLOTTED NOT ALLOTTED,NOT ALLOTTED,,,MP__MP Round 3 Allotment.txt,1895,
MP,Madhya Pradesh,2025,R3,NEET_AIR,2828.0,AMALTAS INSTITUTE OF MEDICAL SCIENCES DEWAS,MS GENERAL SURGERY,OBC,,,MP__MP Round 3 Allotment.txt,1897,
MP,Madhya Pradesh,2025,R3,NEET_AIR,2832.0,GOVERMENT MEDICAL COLLEGE SATNA,MD MEDICINE,EWS,,,MP__MP Round 3 Allotment.txt,1899,
MP,Madhya Pradesh,2025,R3,NEET_AIR,2833.0,NOT ALLOTTED,ALLOTTED NOT ALLOTTED,ALLOTTED,,,MP__MP Round 3 Allotment.txt,1901,
MP,Madhya Pradesh,2025,R3,NEET_AIR,2835.0,NOT ALLOTTED,ALLOTTED NOT ALLOTTED,ALLOTTED,,,MP__MP Round 3 Allotment.txt,1903,
MP,Madhya Pradesh,2025,R3,NEET_AIR,2838.0,NOT ALLOTTED,ALLOTTED NOT ALLOTTED,MD,,,MP__MP Round 3 Allotment.txt,1905,
MP,Madhya Pradesh,2025,R3,NEET_AIR,2841.0,NOT ALLOTTED,ALLOTTED NOT ALLOTTED,ALLOTTED,,,MP__MP Round 3 Allotment.txt,1907,
MP,Madhya Pradesh,2025,R3,NEET_AIR,2843.0,JABALPUR,MS GENERAL SURGERY,IN_UR/X/OP,,,MP__MP Round 3 Allotment.txt,1909,
MP,Madhya Pradesh,2025,R3,NEET_AIR,2845.0,NOT ALLOTTED,ALLOTTED NOT ALLOTTED,NOT ALLOTTED,,,MP__MP Round 3 Allotment.txt,1911,
MP,Madhya Pradesh,2025,R3,NEET_AIR,2855.0,PATHOLOGY,Private Non Clinical,FRESH ALLOTTED,,,MP__MP Round 3 Allotment.txt,1913,
MP,Madhya Pradesh,2025,R3,NEET_AIR,2859.0,NOT ALLOTTED,ALLOTTED NOT ALLOTTED NOT ALLOTTED NOT ALLOTTED,ALLOTTED,,,MP__MP Round 3 Allotment.txt,1915,
MP,Madhya Pradesh,2025,R3,NEET_AIR,2865.0,OPHTHALMOLOGY,Private Clinical,FRESH ALLOTTED,,,MP__MP Round 3 Allotment.txt,1917,
MP,Madhya Pradesh,2025,R3,NEET_AIR,2871.0,NOT ALLOTTED,ALLOTTED NOT ALLOTTED,MD,,,MP__MP Round 3 Allotment.txt,1919,
MP,Madhya Pradesh,2025,R3,NEET_AIR,2875.0,NOT ALLOTTED,NOT ALLOTTED NOT ALLOTTED NOT ALLOTTED,ALLOTTED,,,MP__MP Round 3 Allotment.txt,1921,
MP,Madhya Pradesh,2025,R3,NEET_AIR,2876.0,NOT ALLOTTED,ALLOTTED NOT ALLOTTED,ALLOTTED,,,MP__MP Round 3 Allotment.txt,1923,
MP,Madhya Pradesh,2025,R3,NEET_AIR,2879.0,NOT ALLOTTED,ALLOTTED NOT ALLOTTED,ALLOTTED,,,MP__MP Round 3 Allotment.txt,1925,
MP,Madhya Pradesh,2025,R3,NEET_AIR,2881.0,RD GARDI MEDICAL COLLEGE UJJAIN,MD PAEDIATRICS,INST/UR/NRI/OP,,,MP__MP Round 3 Allotment.txt,1928,
MP,Madhya Pradesh,2025,R3,NEET_AIR,2882.0,OPHTHALMOLOGY,Private Clinical,FRESH ALLOTTED,,,MP__MP Round 3 Allotment.txt,1929,
MP,Madhya Pradesh,2025,R3,NEET_AIR,2884.0,ANAESTHESIOLOGY,Private Clinical,MS,,,MP__MP Round 3 Allotment.txt,1931,
MP,Madhya Pradesh,2025,R3,NEET_AIR,2887.0,NOT ALLOTTED,NOT ALLOTTED NOT ALLOTTED NOT ALLOTTED,Private,,,MP__MP Round 3 Allotment.txt,1933,
MP,Madhya Pradesh,2025,R3,NEET_AIR,2890.0,NOT ALLOTTED,NOT ALLOTTED NOT ALLOTTED NOT ALLOTTED,ALLOTTED,,,MP__MP Round 3 Allotment.txt,1935,
MP,Madhya Pradesh,2025,R3,NEET_AIR,2892.0,NOT ALLOTTED,ALLOTTED NOT ALLOTTED,ALLOTTED,,,MP__MP Round 3 Allotment.txt,1937,
MP,Madhya Pradesh,2025,R3,NEET_AIR,2893.0,NOT ALLOTTED,NOT ALLOTTED NOT ALLOTTED NOT ALLOTTED,ALLOTTED,,,MP__MP Round 3 Allotment.txt,1939,
MP,Madhya Pradesh,2025,R3,NEET_AIR,2894.0,NOT ALLOTTED,NOT ALLOTTED NOT ALLOTTED,NOT ALLOTTED,,,MP__MP Round 3 Allotment.txt,1941,
MP,Madhya Pradesh,2025,R3,NEET_AIR,2900.0,SRI AUROBINDO INSTITUTE OF MEDICAL SCIENCE INDORE RADIODIAGNOSIS,MD Clinical,MD,,,MP__MP Round 3 Allotment.txt,1943,
MP,Madhya Pradesh,2025,R3,NEET_AIR,2901.0,LN MEDICAL COLLEGE BHOPAL,MD PAEDIATRICS,SC,,,MP__MP Round 3 Allotment.txt,1945,
MP,Madhya Pradesh,2025,R3,NEET_AIR,2902.0,NOT ALLOTTED,ALLOTTED NOT ALLOTTED NOT ALLOTTED NOT ALLOTTED,Private,,,MP__MP Round 3 Allotment.txt,1947,
MP,Madhya Pradesh,2025,R3,NEET_AIR,2905.0,SHYAM SHAH MEDICAL COLLEGE REWA,MS OBSTETRICS AND GYNAECOLOGY,IN_UR/X/OP,,,MP__MP Round 3 Allotment.txt,1948,
MP,Madhya Pradesh,2025,R3,NEET_AIR,2912.0,NOT ALLOTTED,ALLOTTED NOT ALLOTTED,ALLOTTED,,,MP__MP Round 3 Allotment.txt,1950,
MP,Madhya Pradesh,2025,R3,NEET_AIR,2915.0,RD GARDI MEDICAL COLLEGE UJJAIN,MD GENERAL MEDICINE,ST,,,MP__MP Round 3 Allotment.txt,1951,
MP,Madhya Pradesh,2025,R3,NEET_AIR,2916.0,NOT ALLOTTED,ALLOTTED NOT ALLOTTED,ALLOTTED,,,MP__MP Round 3 Allotment.txt,1953,
MP,Madhya Pradesh,2025,R3,NEET_AIR,2917.0,NOT ALLOTTED,NOT ALLOTTED NOT ALLOTTED NOT ALLOTTED,ALLOTTED,,,MP__MP Round 3 Allotment.txt,1955,
MP,Madhya Pradesh,2025,R3,NEET_AIR,2926.0,NOT ALLOTTED,ALLOTTED NOT ALLOTTED,ALLOTTED,,,MP__MP Round 3 Allotment.txt,1957,
MP,Madhya Pradesh,2025,R3,NEET_AIR,2927.0,NOT ALLOTTED,ALLOTTED NOT ALLOTTED,ALLOTTED,,,MP__MP Round 3 Allotment.txt,1959,
MP,Madhya Pradesh,2025,R3,NEET_AIR,2929.0,NOT ALLOTTED,ALLOTTED NOT ALLOTTED,MS,,,MP__MP Round 3 Allotment.txt,1961,
MP,Madhya Pradesh,2025,R3,NEET_AIR,2930.0,NOT ALLOTTED,ALLOTTED NOT ALLOTTED,NOT ALLOTTED,,,MP__MP Round 3 Allotment.txt,1963,
MP,Madhya Pradesh,2025,R3,NEET_AIR,2931.0,NOT ALLOTTED,ALLOTTED NOT ALLOTTED NOT ALLOTTED NOT ALLOTTED,ALLOTTED,,,MP__MP Round 3 Allotment.txt,1965,
MP,Madhya Pradesh,2025,R3,NEET_AIR,2933.0,GANDHI MEDICAL COLLEGE BHOPAL,MD ANAESTHESIOLOGY,IN_UR/X/OP,,,MP__MP Round 3 Allotment.txt,1966,
MP,Madhya Pradesh,2025,R3,NEET_AIR,2934.0,NOT ALLOTTED,ALLOTTED NOT ALLOTTED NOT ALLOTTED NOT ALLOTTED,ALLOTTED,,,MP__MP Round 3 Allotment.txt,1968,
MP,Madhya Pradesh,2025,R3,NEET_AIR,2938.0,NOT ALLOTTED,ALLOTTED NOT ALLOTTED NOT ALLOTTED NOT ALLOTTED,Private,,,MP__MP Round 3 Allotment.txt,1970,
MP,Madhya Pradesh,2025,R3,NEET_AIR,2943.0,NOT ALLOTTED,ALLOTTED NOT ALLOTTED,NOT ALLOTTED,,,MP__MP Round 3 Allotment.txt,1972,
MP,Madhya Pradesh,2025,R3,NEET_AIR,2948.0,NOT ALLOTTED,ALLOTTED NOT ALLOTTED,MS,,,MP__MP Round 3 Allotment.txt,1974,
MP,Madhya Pradesh,2025,R3,NEET_AIR,2953.0,NOT ALLOTTED,ALLOTTED NOT ALLOTTED,ALLOTTED,,,MP__MP Round 3 Allotment.txt,1976,
MP,Madhya Pradesh,2025,R3,NEET_AIR,2957.0,NOT ALLOTTED,NOT ALLOTTED NOT ALLOTTED NOT ALLOTTED,ALLOTTED,,,MP__MP Round 3 Allotment.txt,1978,
MP,Madhya Pradesh,2025,R3,NEET_AIR,2961.0,NOT ALLOTTED,ALLOTTED NOT ALLOTTED,MD,,,MP__MP Round 3 Allotment.txt,1980,
MP,Madhya Pradesh,2025,R3,NEET_AIR,2965.0,NOT ALLOTTED,ALLOTTED NOT ALLOTTED,MS,,,MP__MP Round 3 Allotment.txt,1982,
MP,Madhya Pradesh,2025,R3,NEET_AIR,2967.0,RD GARDI MEDICAL COLLEGE UJJAIN,MD ANAESTHESIOLOGY,SC,,,MP__MP Round 3 Allotment.txt,1984,
MP,Madhya Pradesh,2025,R3,NEET_AIR,2973.0,ANAESTHESIOLOGY,Private Clinical,FRESH ALLOTTED,,,MP__MP Round 3 Allotment.txt,1986,
MP,Madhya Pradesh,2025,R3,NEET_AIR,2974.0,CHIRAYU MEDICAL COLLEGE AND HOSPITAL BHOPAL,MD PAEDIATRICS,SC,,,MP__MP Round 3 Allotment.txt,1988,
MP,Madhya Pradesh,2025,R3,NEET_AIR,2976.0,NOT ALLOTTED,ALLOTTED NOT ALLOTTED NOT ALLOTTED NOT ALLOTTED,Private,,,MP__MP Round 3 Allotment.txt,1991,
MP,Madhya Pradesh,2025,R3,NEET_AIR,2981.0,GENERAL SURGERY,Private Clinical,FRESH ALLOTTED,,,MP__MP Round 3 Allotment.txt,1993,
MP,Madhya Pradesh,2025,R3,NEET_AIR,2983.0,NOT ALLOTTED NOT ALLOTTED,NOT ALLOTTED MD,CENTRE BHOPAL,,,MP__MP Round 3 Allotment.txt,1995,
MP,Madhya Pradesh,2025,R3,NEET_AIR,2987.0,NOT ALLOTTED,ALLOTTED NOT ALLOTTED NOT ALLOTTED NOT ALLOTTED,ALLOTTED,,,MP__MP Round 3 Allotment.txt,1997,
MP,Madhya Pradesh,2025,R3,NEET_AIR,2994.0,NOT ALLOTTED,ALLOTTED NOT ALLOTTED NOT ALLOTTED NOT ALLOTTED,Govt,,,MP__MP Round 3 Allotment.txt,1999,
MP,Madhya Pradesh,2025,R3,NEET_AIR,3001.0,RD GARDI MEDICAL COLLEGE UJJAIN,MD LEPROSY,IN_UR/X/OP,,,MP__MP Round 3 Allotment.txt,2001,
MP,Madhya Pradesh,2025,R3,NEET_AIR,3008.0,NOT ALLOTTED,ALLOTTED NOT ALLOTTED NOT ALLOTTED NOT ALLOTTED,Private,,,MP__MP Round 3 Allotment.txt,2003,
MP,Madhya Pradesh,2025,R3,NEET_AIR,3013.0,INDORE,MD RADIODIAGNOSIS,IN_UR/X/OP,,,MP__MP Round 3 Allotment.txt,2008,
MP,Madhya Pradesh,2025,R3,NEET_AIR,3014.0,NOT ALLOTTED,ALLOTTED NOT ALLOTTED NOT ALLOTTED NOT ALLOTTED,Private,,,MP__MP Round 3 Allotment.txt,2010,
MP,Madhya Pradesh,2025,R3,NEET_AIR,3017.0,NOT ALLOTTED,ALLOTTED NOT ALLOTTED,NOT ALLOTTED,,,MP__MP Round 3 Allotment.txt,2012,
MP,Madhya Pradesh,2025,R3,NEET_AIR,3018.0,NOT ALLOTTED,ALLOTTED NOT ALLOTTED,MD,,,MP__MP Round 3 Allotment.txt,2014,
MP,Madhya Pradesh,2025,R3,NEET_AIR,3019.0,NOT ALLOTTED,ALLOTTED NOT ALLOTTED,ALLOTTED,,,MP__MP Round 3 Allotment.txt,2016,
MP,Madhya Pradesh,2025,R3,NEET_AIR,3021.0,NOT ALLOTTED,ALLOTTED NOT ALLOTTED,ALLOTTED,,,MP__MP Round 3 Allotment.txt,2018,
MP,Madhya Pradesh,2025,R3,NEET_AIR,3025.0,NOT ALLOTTED,ALLOTTED NOT ALLOTTED,ALLOTTED,,,MP__MP Round 3 Allotment.txt,2020,
MP,Madhya Pradesh,2025,R3,NEET_AIR,3027.0,NOT ALLOTTED,ALLOTTED NOT ALLOTTED,ALLOTTED,,,MP__MP Round 3 Allotment.txt,2022,
MP,Madhya Pradesh,2025,R3,NEET_AIR,3028.0,NOT ALLOTTED,ALLOTTED NOT ALLOTTED,ALLOTTED,,,MP__MP Round 3 Allotment.txt,2024,
MP,Madhya Pradesh,2025,R3,NEET_AIR,3029.0,NOT ALLOTTED,NOT ALLOTTED NOT ALLOTTED NOT ALLOTTED,ALLOTTED,,,MP__MP Round 3 Allotment.txt,2026,
MP,Madhya Pradesh,2025,R3,NEET_AIR,3031.0,NOT ALLOTTED,ALLOTTED NOT ALLOTTED,MD,,,MP__MP Round 3 Allotment.txt,2028,
MP,Madhya Pradesh,2025,R3,NEET_AIR,3032.0,NOT ALLOTTED,ALLOTTED NOT ALLOTTED,NOT ALLOTTED,,,MP__MP Round 3 Allotment.txt,2044,
MP,Madhya Pradesh,2025,R3,NEET_AIR,3033.0,NOT ALLOTTED NOT ALLOTTED,NOT ALLOTTED MD,AMALTAS INSTITUTE OF MEDICAL SCIENCES DEWAS,,,MP__MP Round 3 Allotment.txt,2046,
MP,Madhya Pradesh,2025,R3,NEET_AIR,3035.0,LN MEDICAL COLLEGE BHOPAL,MS GYNAECOLOGY,SC,,,MP__MP Round 3 Allotment.txt,2048,
MP,Madhya Pradesh,2025,R3,NEET_AIR,3043.0,NOT ALLOTTED NOT ALLOTTED,NOT ALLOTTED MD,CENTER INDORE,,,MP__MP Round 3 Allotment.txt,2050,
MP,Madhya Pradesh,2025,R3,NEET_AIR,3047.0,ANAESTHESIOLOGY,Private Clinical,FRESH ALLOTTED,,,MP__MP Round 3 Allotment.txt,2052,
MP,Madhya Pradesh,2025,R3,NEET_AIR,3049.0,GOVERMENT MEDICAL COLLEGE RATLAM,MD MICROBIOLOGY,EWS,,,MP__MP Round 3 Allotment.txt,2054,
MP,Madhya Pradesh,2025,R3,NEET_AIR,3051.0,NOT ALLOTTED NOT ALLOTTED,NOT ALLOTTED ALLOTTED,NOT ALLOTTED,,,MP__MP Round 3 Allotment.txt,2056,
MP,Madhya Pradesh,2025,R3,NEET_AIR,3061.0,NOT ALLOTTED,ALLOTTED NOT ALLOTTED NOT ALLOTTED NOT ALLOTTED,ALLOTTED,,,MP__MP Round 3 Allotment.txt,2058,
MP,Madhya Pradesh,2025,R3,NEET_AIR,3062.0,LN MEDICAL COLLEGE BHOPAL,MD ANAESTHESIOLOGY,INST/UR/X/OP,,,MP__MP Round 3 Allotment.txt,2060,
MP,Madhya Pradesh,2025,R3,NEET_AIR,3063.0,NOT ALLOTTED NOT ALLOTTED,NOT ALLOTTED MD,CENTRE BHOPAL,,,MP__MP Round 3 Allotment.txt,2062,
MP,Madhya Pradesh,2025,R3,NEET_AIR,3064.0,PATHOLOGY,Private Non Clinical,MD,,,MP__MP Round 3 Allotment.txt,2064,
MP,Madhya Pradesh,2025,R3,NEET_AIR,3069.0,NOT ALLOTTED,ALLOTTED NOT ALLOTTED,ALLOTTED,,,MP__MP Round 3 Allotment.txt,2066,
MP,Madhya Pradesh,2025,R3,NEET_AIR,3072.0,NOT ALLOTTED,NOT ALLOTTED NOT ALLOTTED NOT ALLOTTED,ALLOTTED,,,MP__MP Round 3 Allotment.txt,2068,
MP,Madhya Pradesh,2025,R3,NEET_AIR,3074.0,NOT ALLOTTED,ALLOTTED NOT ALLOTTED,ALLOTTED,,,MP__MP Round 3 Allotment.txt,2070,
MP,Madhya Pradesh,2025,R3,NEET_AIR,3080.0,NOT ALLOTTED,ALLOTTED NOT ALLOTTED,NOT ALLOTTED,,,MP__MP Round 3 Allotment.txt,2072,
MP,Madhya Pradesh,2025,R3,NEET_AIR,3084.0,NOT ALLOTTED,ALLOTTED NOT ALLOTTED,MS,,,MP__MP Round 3 Allotment.txt,2074,
MP,Madhya Pradesh,2025,R3,NEET_AIR,3085.0,NOT ALLOTTED,NOT ALLOTTED NOT ALLOTTED NOT ALLOTTED,ALLOTTED,,,MP__MP Round 3 Allotment.txt,2076,
MP,Madhya Pradesh,2025,R3,NEET_AIR,3086.0,NOT ALLOTTED,ALLOTTED NOT ALLOTTED,MS,,,MP__MP Round 3 Allotment.txt,2078,
MP,Madhya Pradesh,2025,R3,NEET_AIR,3088.0,NOT ALLOTTED,NOT ALLOTTED NOT ALLOTTED NOT ALLOTTED,Private,,,MP__MP Round 3 Allotment.txt,2080,
MP,Madhya Pradesh,2025,R3,NEET_AIR,3090.0,GANDHI MEDICAL COLLEGE BHOPAL,MD PHYSIOLOGY,INST/UR/X/OP,,,MP__MP Round 3 Allotment.txt,2082,
MP,Madhya Pradesh,2025,R3,NEET_AIR,3097.0,NOT ALLOTTED,ALLOTTED NOT ALLOTTED NOT ALLOTTED NOT ALLOTTED,ALLOTTED,,,MP__MP Round 3 Allotment.txt,2084,
MP,Madhya Pradesh,2025,R3,NEET_AIR,3100.0,NOT ALLOTTED,ALLOTTED NOT ALLOTTED NOT ALLOTTED NOT ALLOTTED,Private,,,MP__MP Round 3 Allotment.txt,2086,
MP,Madhya Pradesh,2025,R3,NEET_AIR,3103.0,JABALPUR,MD MEDICINE,ST,,,MP__MP Round 3 Allotment.txt,2088,
MP,Madhya Pradesh,2025,R3,NEET_AIR,3106.0,PEOPLES COLLEGE OF MEDICAL SCIENCE BHOPAL,MS OBSTETRICS AND GYNAECOLOGY,INST/UR/NRI/OP,,,MP__MP Round 3 Allotment.txt,2089,
MP,Madhya Pradesh,2025,R3,NEET_AIR,3111.0,BUNDELKHAND MEDICAL COLLEGE SAGAR,MS ORTHOPAEDICS,IN_OBC/X/OP,,,MP__MP Round 3 Allotment.txt,2090,
MP,Madhya Pradesh,2025,R3,NEET_AIR,3112.0,GAJRA RAJA MEDICAL COLLEGE GWALIOR,MD ANAESTHESIOLOGY,IN_UR/X/OP,,,MP__MP Round 3 Allotment.txt,2091,
MP,Madhya Pradesh,2025,R3,NEET_AIR,3114.0,OBSTETRICS AND GYNAECOLOGY,Private Clinical,FRESH ALLOTTED,,,MP__MP Round 3 Allotment.txt,2096,
MP,Madhya Pradesh,2025,R3,NEET_AIR,3116.0,NOT ALLOTTED,ALLOTTED NOT ALLOTTED,NOT ALLOTTED,,,MP__MP Round 3 Allotment.txt,2098,
MP,Madhya Pradesh,2025,R3,NEET_AIR,3117.0,Non Clinical,Private INST/UR/X/OP,Private,,,MP__MP Round 3 Allotment.txt,2100,
MP,Madhya Pradesh,2025,R3,NEET_AIR,3119.0,NOT ALLOTTED,ALLOTTED NOT ALLOTTED NOT ALLOTTED NOT ALLOTTED,ALLOTTED,,,MP__MP Round 3 Allotment.txt,2102,
MP,Madhya Pradesh,2025,R3,NEET_AIR,3121.0,GANDHI MEDICAL COLLEGE BHOPAL,MS GENERAL SURGERY,IN_UR/X/OP,,,MP__MP Round 3 Allotment.txt,2103,
MP,Madhya Pradesh,2025,R3,NEET_AIR,3123.0,NOT ALLOTTED,ALLOTTED NOT ALLOTTED NOT ALLOTTED NOT ALLOTTED,ALLOTTED,,,MP__MP Round 3 Allotment.txt,2105,
MP,Madhya Pradesh,2025,R3,NEET_AIR,3124.0,NOT ALLOTTED,ALLOTTED NOT ALLOTTED NOT ALLOTTED NOT ALLOTTED,ALLOTTED,,,MP__MP Round 3 Allotment.txt,2107,
MP,Madhya Pradesh,2025,R3,NEET_AIR,3126.0,PATHOLOGY,Private Non Clinical,MD,,,MP__MP Round 3 Allotment.txt,2109,
MP,Madhya Pradesh,2025,R3,NEET_AIR,3131.0,PSYCHIATRY,Private Clinical,FRESH ALLOTTED,,,MP__MP Round 3 Allotment.txt,2111,
MP,Madhya Pradesh,2025,R3,NEET_AIR,3134.0,NOT ALLOTTED NOT ALLOTTED,NOT ALLOTTED ALLOTTED,NOT ALLOTTED,,,MP__MP Round 3 Allotment.txt,2113,
MP,Madhya Pradesh,2025,R3,NEET_AIR,3135.0,NOT ALLOTTED,ALLOTTED NOT ALLOTTED NOT ALLOTTED NOT ALLOTTED,ALLOTTED,,,MP__MP Round 3 Allotment.txt,2115,
MP,Madhya Pradesh,2025,R3,NEET_AIR,3137.0,PEOPLES COLLEGE OF MEDICAL SCIENCE BHOPAL,MD EMERGENCY MEDICINE,INST/UR/X/OP,,,MP__MP Round 3 Allotment.txt,2116,
MP,Madhya Pradesh,2025,R3,NEET_AIR,3140.0,RD GARDI MEDICAL COLLEGE UJJAIN,MD PATHOLOGY,INST/UR/X/OP,,,MP__MP Round 3 Allotment.txt,2117,
MP,Madhya Pradesh,2025,R3,NEET_AIR,3142.0,NOT ALLOTTED,ALLOTTED NOT ALLOTTED,ALLOTTED,,,MP__MP Round 3 Allotment.txt,2119,
MP,Madhya Pradesh,2025,R3,NEET_AIR,3144.0,NOT ALLOTTED,NOT ALLOTTED NOT ALLOTTED NOT ALLOTTED,ALLOTTED,,,MP__MP Round 3 Allotment.txt,2121,
MP,Madhya Pradesh,2025,R3,NEET_AIR,3148.0,NOT ALLOTTED,NOT ALLOTTED NOT ALLOTTED NOT ALLOTTED,ALLOTTED,,,MP__MP Round 3 Allotment.txt,2123,
MP,Madhya Pradesh,2025,R3,NEET_AIR,3154.0,NOT ALLOTTED,ALLOTTED NOT ALLOTTED,ALLOTTED,,,MP__MP Round 3 Allotment.txt,2125,
MP,Madhya Pradesh,2025,R3,NEET_AIR,3155.0,NOT ALLOTTED,ALLOTTED NOT ALLOTTED,ALLOTTED,,,MP__MP Round 3 Allotment.txt,2127,
MP,Madhya Pradesh,2025,R3,NEET_AIR,3156.0,NOT ALLOTTED,NOT ALLOTTED NOT ALLOTTED NOT ALLOTTED,Private,,,MP__MP Round 3 Allotment.txt,2129,
MP,Madhya Pradesh,2025,R3,NEET_AIR,3158.0,NOT ALLOTTED,ALLOTTED NOT ALLOTTED,ALLOTTED,,,MP__MP Round 3 Allotment.txt,2131,
MP,Madhya Pradesh,2025,R3,NEET_AIR,3161.0,NOT ALLOTTED,NOT ALLOTTED NOT ALLOTTED NOT ALLOTTED,ALLOTTED,,,MP__MP Round 3 Allotment.txt,2133,
MP,Madhya Pradesh,2025,R3,NEET_AIR,3165.0,NOT ALLOTTED,ALLOTTED NOT ALLOTTED,MS,,,MP__MP Round 3 Allotment.txt,2135,
MP,Madhya Pradesh,2025,R3,NEET_AIR,3168.0,NOT ALLOTTED,ALLOTTED NOT ALLOTTED,MD,,,MP__MP Round 3 Allotment.txt,2137,
MP,Madhya Pradesh,2025,R3,NEET_AIR,3172.0,NOT ALLOTTED,NOT ALLOTTED NOT ALLOTTED NOT ALLOTTED,ALLOTTED,,,MP__MP Round 3 Allotment.txt,2139,
MP,Madhya Pradesh,2025,R3,NEET_AIR,3180.0,NOT ALLOTTED,ALLOTTED NOT ALLOTTED,MS,,,MP__MP Round 3 Allotment.txt,2141,
MP,Madhya Pradesh,2025,R3,NEET_AIR,3183.0,NOT ALLOTTED,ALLOTTED NOT ALLOTTED,NOT ALLOTTED,,,MP__MP Round 3 Allotment.txt,2143,
MP,Madhya Pradesh,2025,R3,NEET_AIR,3184.0,NOT ALLOTTED,ALLOTTED NOT ALLOTTED NOT ALLOTTED NOT ALLOTTED,ALLOTTED,,,MP__MP Round 3 Allotment.txt,2145,
MP,Madhya Pradesh,2025,R3,NEET_AIR,3186.0,SRI AUROBINDO INSTITUTE OF MEDICAL SCIENCE INDORE MEDICINE,MD Clinical,MD,,,MP__MP Round 3 Allotment.txt,2147,
MP,Madhya Pradesh,2025,R3,NEET_AIR,3187.0,NOT ALLOTTED,ALLOTTED NOT ALLOTTED NOT ALLOTTED NOT ALLOTTED,Govt,,,MP__MP Round 3 Allotment.txt,2149,
MP,Madhya Pradesh,2025,R3,NEET_AIR,3188.0,NOT ALLOTTED,ALLOTTED NOT ALLOTTED,NOT ALLOTTED,,,MP__MP Round 3 Allotment.txt,2151,
MP,Madhya Pradesh,2025,R3,NEET_AIR,3195.0,NOT ALLOTTED NOT ALLOTTED,NOT ALLOTTED ALLOTTED,NOT ALLOTTED,,,MP__MP Round 3 Allotment.txt,2153,
MP,Madhya Pradesh,2025,R3,NEET_AIR,3196.0,GENERAL SURGERY,Private Clinical,FRESH ALLOTTED,,,MP__MP Round 3 Allotment.txt,2155,
MP,Madhya Pradesh,2025,R3,NEET_AIR,3201.0,NOT ALLOTTED,ALLOTTED NOT ALLOTTED,MD,,,MP__MP Round 3 Allotment.txt,2157,
MP,Madhya Pradesh,2025,R3,NEET_AIR,3202.0,NOT ALLOTTED,NOT ALLOTTED NOT ALLOTTED NOT ALLOTTED,ALLOTTED,,,MP__MP Round 3 Allotment.txt,2159,
MP,Madhya Pradesh,2025,R3,NEET_AIR,3207.0,NOT ALLOTTED,ALLOTTED NOT ALLOTTED,ALLOTTED,,,MP__MP Round 3 Allotment.txt,2161,
MP,Madhya Pradesh,2025,R3,NEET_AIR,3212.0,NOT ALLOTTED,NOT ALLOTTED NOT ALLOTTED NOT ALLOTTED,ALLOTTED,,,MP__MP Round 3 Allotment.txt,2163,
MP,Madhya Pradesh,2025,R3,NEET_AIR,3215.0,NOT ALLOTTED,ALLOTTED NOT ALLOTTED,NOT ALLOTTED,,,MP__MP Round 3 Allotment.txt,2165,
MP,Madhya Pradesh,2025,R3,NEET_AIR,3217.0,NOT ALLOTTED NOT ALLOTTED,NOT ALLOTTED ALLOTTED,NOT ALLOTTED,,,MP__MP Round 3 Allotment.txt,2167,
MP,Madhya Pradesh,2025,R3,NEET_AIR,3218.0,NOT ALLOTTED NOT ALLOTTED,NOT ALLOTTED MD,CENTER INDORE,,,MP__MP Round 3 Allotment.txt,2169,
MP,Madhya Pradesh,2025,R3,NEET_AIR,3220.0,NOT ALLOTTED NOT ALLOTTED,NOT ALLOTTED ALLOTTED,NOT ALLOTTED,,,MP__MP Round 3 Allotment.txt,2171,
MP,Madhya Pradesh,2025,R3,NEET_AIR,3221.0,OPHTHALMOLOGY,Private Clinical,FRESH ALLOTTED,,,MP__MP Round 3 Allotment.txt,2173,
MP,Madhya Pradesh,2025,R3,NEET_AIR,3226.0,NOT ALLOTTED,ALLOTTED NOT ALLOTTED,NOT ALLOTTED,,,MP__MP Round 3 Allotment.txt,2175,
MP,Madhya Pradesh,2025,R3,NEET_AIR,3230.0,PATHOLOGY,Private Non Clinical,MD,,,MP__MP Round 3 Allotment.txt,2177,
MP,Madhya Pradesh,2025,R3,NEET_AIR,3232.0,NOT ALLOTTED,NOT ALLOTTED NOT ALLOTTED NOT ALLOTTED,Private,,,MP__MP Round 3 Allotment.txt,2179,
MP,Madhya Pradesh,2025,R3,NEET_AIR,3234.0,NOT ALLOTTED,ALLOTTED NOT ALLOTTED,ALLOTTED,,,MP__MP Round 3 Allotment.txt,2181,
MP,Madhya Pradesh,2025,R3,NEET_AIR,3236.0,NOT ALLOTTED,ALLOTTED NOT ALLOTTED,MD,,,MP__MP Round 3 Allotment.txt,2183,
MP,Madhya Pradesh,2025,R3,NEET_AIR,3237.0,NOT ALLOTTED,NOT ALLOTTED NOT ALLOTTED NOT ALLOTTED,ALLOTTED,,,MP__MP Round 3 Allotment.txt,2185,
MP,Madhya Pradesh,2025,R3,NEET_AIR,3247.0,NOT ALLOTTED,ALLOTTED NOT ALLOTTED,ALLOTTED,,,MP__MP Round 3 Allotment.txt,2187,
MP,Madhya Pradesh,2025,R3,NEET_AIR,3250.0,NOT ALLOTTED,ALLOTTED NOT ALLOTTED,ALLOTTED,,,MP__MP Round 3 Allotment.txt,2189,
MP,Madhya Pradesh,2025,R3,NEET_AIR,3259.0,NOT ALLOTTED,NOT ALLOTTED NOT ALLOTTED NOT ALLOTTED,ALLOTTED,,,MP__MP Round 3 Allotment.txt,2191,
MP,Madhya Pradesh,2025,R3,NEET_AIR,3260.0,GENERAL MEDICINE,Private Clinical,MD,,,MP__MP Round 3 Allotment.txt,2193,
MP,Madhya Pradesh,2025,R3,NEET_AIR,3261.0,LN MEDICAL COLLEGE BHOPAL,MD PATHOLOGY,INST/UR/X/OP,,,MP__MP Round 3 Allotment.txt,2195,
MP,Madhya Pradesh,2025,R3,NEET_AIR,3263.0,GENERAL SURGERY,Private Clinical,FRESH ALLOTTED,,,MP__MP Round 3 Allotment.txt,2197,
MP,Madhya Pradesh,2025,R3,NEET_AIR,3265.0,RD GARDI MEDICAL COLLEGE UJJAIN,MD MEDICINE,SC,,,MP__MP Round 3 Allotment.txt,2199,
MP,Madhya Pradesh,2025,R3,NEET_AIR,3266.0,JABALPUR,MS GYNAECOLOGY,IN_OBC/X/OP,,,MP__MP Round 3 Allotment.txt,2201,
MP,Madhya Pradesh,2025,R3,NEET_AIR,3268.0,COLLEGE VIDISHA,MD ANAESTHESIOLOGY,IN_UR/X/OP,,,MP__MP Round 3 Allotment.txt,2206,
MP,Madhya Pradesh,2025,R3,NEET_AIR,3269.0,NOT ALLOTTED NOT ALLOTTED,NOT ALLOTTED ALLOTTED,NOT ALLOTTED,,,MP__MP Round 3 Allotment.txt,2208,
MP,Madhya Pradesh,2025,R3,NEET_AIR,3272.0,NOT ALLOTTED,ALLOTTED NOT ALLOTTED NOT ALLOTTED NOT ALLOTTED,ALLOTTED,,,MP__MP Round 3 Allotment.txt,2210,
MP,Madhya Pradesh,2025,R3,NEET_AIR,3277.0,JABALPUR,MD GENERAL MEDICINE,IN_SC/X/OP,,,MP__MP Round 3 Allotment.txt,2212,
MP,Madhya Pradesh,2025,R3,NEET_AIR,3285.0,NOT ALLOTTED,ALLOTTED NOT ALLOTTED NOT ALLOTTED NOT ALLOTTED,ALLOTTED,,,MP__MP Round 3 Allotment.txt,2214,
MP,Madhya Pradesh,2025,R3,NEET_AIR,3287.0,NOT ALLOTTED,NOT ALLOTTED NOT ALLOTTED NOT ALLOTTED,ALLOTTED,,,MP__MP Round 3 Allotment.txt,2230,
MP,Madhya Pradesh,2025,R3,NEET_AIR,3288.0,NOT ALLOTTED,ALLOTTED NOT ALLOTTED,ALLOTTED,,,MP__MP Round 3 Allotment.txt,2232,
MP,Madhya Pradesh,2025,R3,NEET_AIR,3290.0,NOT ALLOTTED,NOT ALLOTTED NOT ALLOTTED NOT ALLOTTED,ALLOTTED,,,MP__MP Round 3 Allotment.txt,2234,
MP,Madhya Pradesh,2025,R3,NEET_AIR,3291.0,NOT ALLOTTED,ALLOTTED NOT ALLOTTED,ALLOTTED,,,MP__MP Round 3 Allotment.txt,2236,
MP,Madhya Pradesh,2025,R3,NEET_AIR,3302.0,CENTER INDORE,MD ANAESTHESIOLOGY,OBC,,,MP__MP Round 3 Allotment.txt,2238,
MP,Madhya Pradesh,2025,R3,NEET_AIR,3303.0,INDORE,MD GENERAL MEDICINE,SC,,,MP__MP Round 3 Allotment.txt,2240,
MP,Madhya Pradesh,2025,R3,NEET_AIR,3304.0,GENERAL SURGERY,Private Clinical,FRESH ALLOTTED,,,MP__MP Round 3 Allotment.txt,2242,
MP,Madhya Pradesh,2025,R3,NEET_AIR,3305.0,NOT ALLOTTED NOT ALLOTTED,NOT ALLOTTED ALLOTTED,NOT ALLOTTED,,,MP__MP Round 3 Allotment.txt,2244,
MP,Madhya Pradesh,2025,R3,NEET_AIR,3310.0,GENERAL MEDICINE,Private Clinical,MD,,,MP__MP Round 3 Allotment.txt,2246,
MP,Madhya Pradesh,2025,R3,NEET_AIR,3313.0,NOT ALLOTTED NOT ALLOTTED,NOT ALLOTTED ALLOTTED,NOT ALLOTTED,,,MP__MP Round 3 Allotment.txt,2248,
MP,Madhya Pradesh,2025,R3,NEET_AIR,3314.0,NOT ALLOTTED NOT ALLOTTED,NOT ALLOTTED MD,RD GARDI MEDICAL COLLEGE UJJAIN,,,MP__MP Round 3 Allotment.txt,2250,
MP,Madhya Pradesh,2025,R3,NEET_AIR,3318.0,NOT ALLOTTED,ALLOTTED NOT ALLOTTED NOT ALLOTTED NOT ALLOTTED,Govt,,,MP__MP Round 3 Allotment.txt,2252,
MP,Madhya Pradesh,2025,R3,NEET_AIR,3322.0,NOT ALLOTTED,ALLOTTED NOT ALLOTTED,NOT ALLOTTED,,,MP__MP Round 3 Allotment.txt,2254,
MP,Madhya Pradesh,2025,R3,NEET_AIR,3326.0,NOT ALLOTTED,ALLOTTED NOT ALLOTTED NOT ALLOTTED NOT ALLOTTED,Private,,,MP__MP Round 3 Allotment.txt,2256,
MP,Madhya Pradesh,2025,R3,NEET_AIR,3330.0,NOT ALLOTTED,ALLOTTED NOT ALLOTTED,NOT ALLOTTED,,,MP__MP Round 3 Allotment.txt,2258,
MP,Madhya Pradesh,2025,R3,NEET_AIR,3334.0,NOT ALLOTTED,ALLOTTED NOT ALLOTTED,ALLOTTED,,,MP__MP Round 3 Allotment.txt,2260,
MP,Madhya Pradesh,2025,R3,NEET_AIR,3336.0,NOT ALLOTTED,ALLOTTED NOT ALLOTTED,MS,,,MP__MP Round 3 Allotment.txt,2262,
MP,Madhya Pradesh,2025,R3,NEET_AIR,3344.0,NOT ALLOTTED,ALLOTTED NOT ALLOTTED,ALLOTTED,,,MP__MP Round 3 Allotment.txt,2264,
MP,Madhya Pradesh,2025,R3,NEET_AIR,3346.0,NOT ALLOTTED,NOT ALLOTTED NOT ALLOTTED NOT ALLOTTED,ALLOTTED,,,MP__MP Round 3 Allotment.txt,2266,
MP,Madhya Pradesh,2025,R3,NEET_AIR,3348.0,NOT ALLOTTED,ALLOTTED NOT ALLOTTED,MD,,,MP__MP Round 3 Allotment.txt,2268,
MP,Madhya Pradesh,2025,R3,NEET_AIR,3352.0,NOT ALLOTTED,ALLOTTED NOT ALLOTTED,NOT ALLOTTED,,,MP__MP Round 3 Allotment.txt,2270,
MP,Madhya Pradesh,2025,R3,NEET_AIR,3353.0,NOT ALLOTTED NOT ALLOTTED,NOT ALLOTTED ALLOTTED,NOT ALLOTTED,,,MP__MP Round 3 Allotment.txt,2272,
MP,Madhya Pradesh,2025,R3,NEET_AIR,3354.0,RESPIRATORY MEDICINE,Govt Clinical,FRESH ALLOTTED,,,MP__MP Round 3 Allotment.txt,2273,
MP,Madhya Pradesh,2025,R3,NEET_AIR,3355.0,INDORE,MD GENERAL MEDICINE,IN_UR/X/OP,,,MP__MP Round 3 Allotment.txt,2275,
MP,Madhya Pradesh,2025,R3,NEET_AIR,3357.0,NOT ALLOTTED,ALLOTTED NOT ALLOTTED NOT ALLOTTED NOT ALLOTTED,Private,,,MP__MP Round 3 Allotment.txt,2277,
MP,Madhya Pradesh,2025,R3,NEET_AIR,3359.0,NOT ALLOTTED,ALLOTTED NOT ALLOTTED NOT ALLOTTED NOT ALLOTTED,ALLOTTED,,,MP__MP Round 3 Allotment.txt,2279,
MP,Madhya Pradesh,2025,R3,NEET_AIR,3361.0,GENERAL SURGERY,Private Clinical,MS,,,MP__MP Round 3 Allotment.txt,2281,
MP,Madhya Pradesh,2025,R3,NEET_AIR,3366.0,NOT ALLOTTED,ALLOTTED NOT ALLOTTED NOT ALLOTTED NOT ALLOTTED,ALLOTTED,,,MP__MP Round 3 Allotment.txt,2283,
MP,Madhya Pradesh,2025,R3,NEET_AIR,3367.0,PSYCHIATRY,Private Clinical,FRESH ALLOTTED,,,MP__MP Round 3 Allotment.txt,2284,
MP,Madhya Pradesh,2025,R3,NEET_AIR,3376.0,NOT ALLOTTED NOT ALLOTTED,NOT ALLOTTED ALLOTTED,NOT ALLOTTED,,,MP__MP Round 3 Allotment.txt,2286,
MP,Madhya Pradesh,2025,R3,NEET_AIR,3379.0,NOT ALLOTTED,ALLOTTED NOT ALLOTTED,NOT ALLOTTED,,,MP__MP Round 3 Allotment.txt,2288,
MP,Madhya Pradesh,2025,R3,NEET_AIR,3381.0,GENERAL MEDICINE,Private Clinical,FRESH ALLOTTED,,,MP__MP Round 3 Allotment.txt,2289,
MP,Madhya Pradesh,2025,R3,NEET_AIR,3386.0,ANAESTHESIOLOGY,Private Clinical,FRESH ALLOTTED,,,MP__MP Round 3 Allotment.txt,2291,
MP,Madhya Pradesh,2025,R3,NEET_AIR,3392.0,NOT ALLOTTED,ALLOTTED NOT ALLOTTED NOT ALLOTTED NOT ALLOTTED,Private,,,MP__MP Round 3 Allotment.txt,2293,
MP,Madhya Pradesh,2025,R3,NEET_AIR,3393.0,GENERAL MEDICINE,Private Clinical,FRESH ALLOTTED,,,MP__MP Round 3 Allotment.txt,2294,
MP,Madhya Pradesh,2025,R3,NEET_AIR,3396.0,NOT ALLOTTED,ALLOTTED NOT ALLOTTED,NOT ALLOTTED,,,MP__MP Round 3 Allotment.txt,2296,
MP,Madhya Pradesh,2025,R3,NEET_AIR,3398.0,ORTHOPAEDICS,Private Clinical,FRESH ALLOTTED,,,MP__MP Round 3 Allotment.txt,2297,
MP,Madhya Pradesh,2025,R3,NEET_AIR,3404.0,NOT ALLOTTED NOT ALLOTTED,NOT ALLOTTED ALLOTTED,NOT ALLOTTED,,,MP__MP Round 3 Allotment.txt,2299,
MP,Madhya Pradesh,2025,R3,NEET_AIR,3407.0,ANAESTHESIOLOGY,Private Clinical,FRESH ALLOTTED,,,MP__MP Round 3 Allotment.txt,2301,
MP,Madhya Pradesh,2025,R3,NEET_AIR,3410.0,NOT ALLOTTED NOT ALLOTTED,NOT ALLOTTED ALLOTTED,NOT ALLOTTED,,,MP__MP Round 3 Allotment.txt,2303,
MP,Madhya Pradesh,2025,R3,NEET_AIR,3431.0,GENERAL SURGERY,Private Clinical,FRESH ALLOTTED,,,MP__MP Round 3 Allotment.txt,2305,
MP,Madhya Pradesh,2025,R3,NEET_AIR,3432.0,AMALTAS INSTITUTE OF MEDICAL SCIENCES DEWAS,MS ORTHOPAEDICS,SC,,,MP__MP Round 3 Allotment.txt,2307,
MP,Madhya Pradesh,2025,R3,NEET_AIR,3434.0,AMALTAS INSTITUTE OF MEDICAL SCIENCES DEWAS,MD RADIODIAGNOSIS,IN_UR/X/OP,,,MP__MP Round 3 Allotment.txt,2308,
MP,Madhya Pradesh,2025,R3,NEET_AIR,3443.0,NOT ALLOTTED NOT ALLOTTED,NOT ALLOTTED MD,GAJRA RAJA MEDICAL COLLEGE GWALIOR,,,MP__MP Round 3 Allotment.txt,2310,
MP,Madhya Pradesh,2025,R3,NEET_AIR,3444.0,ANAESTHESIOLOGY,Govt Clinical,FRESH ALLOTTED,,,MP__MP Round 3 Allotment.txt,2311,
MP,Madhya Pradesh,2025,R3,NEET_AIR,3445.0,NOT ALLOTTED,ALLOTTED NOT ALLOTTED NOT ALLOTTED NOT ALLOTTED,Private,,,MP__MP Round 3 Allotment.txt,2313,
MP,Madhya Pradesh,2025,R3,NEET_AIR,3450.0,RD GARDI MEDICAL COLLEGE UJJAIN,MS OPHTHALMOLOGY,SC,,,MP__MP Round 3 Allotment.txt,2315,
MP,Madhya Pradesh,2025,R3,NEET_AIR,3452.0,NOT ALLOTTED NOT ALLOTTED,NOT ALLOTTED MS,AMALTAS INSTITUTE OF MEDICAL SCIENCES DEWAS,,,MP__MP Round 3 Allotment.txt,2317,
MP,Madhya Pradesh,2025,R3,NEET_AIR,3453.0,NOT ALLOTTED,ALLOTTED NOT ALLOTTED,NOT ALLOTTED,,,MP__MP Round 3 Allotment.txt,2319,
MP,Madhya Pradesh,2025,R3,NEET_AIR,3454.0,OTORHINOLARYNGOLOGY (ENT),Private Clinical,FRESH ALLOTTED,,,MP__MP Round 3 Allotment.txt,2321,
MP,Madhya Pradesh,2025,R3,NEET_AIR,3456.0,NOT ALLOTTED,ALLOTTED NOT ALLOTTED,NOT ALLOTTED,,,MP__MP Round 3 Allotment.txt,2323,
MP,Madhya Pradesh,2025,R3,NEET_AIR,3458.0,ORTHOPAEDICS,Govt Clinical,FRESH ALLOTTED,,,MP__MP Round 3 Allotment.txt,2324,
MP,Madhya Pradesh,2025,R3,NEET_AIR,3461.0,GAJRA RAJA MEDICAL COLLEGE GWALIOR,MD BIOCHEMISTRY,INST/UR/X/OP,,,MP__MP Round 3 Allotment.txt,2325,
MP,Madhya Pradesh,2025,R3,NEET_AIR,3462.0,NOT ALLOTTED,ALLOTTED NOT ALLOTTED,NOT ALLOTTED,,,MP__MP Round 3 Allotment.txt,2327,
MP,Madhya Pradesh,2025,R3,NEET_AIR,3466.0,MICROBIOLOGY,Private Non Clinical,MD,,,MP__MP Round 3 Allotment.txt,2329,
MP,Madhya Pradesh,2025,R3,NEET_AIR,3468.0,TOXICOLOGY,Govt Non Clinical,MD,,,MP__MP Round 3 Allotment.txt,2331,
MP,Madhya Pradesh,2025,R3,NEET_AIR,3472.0,MEDICINE,Private Non Clinical,MD,,,MP__MP Round 3 Allotment.txt,2333,
MP,Madhya Pradesh,2025,R3,NEET_AIR,3474.0,RD GARDI MEDICAL COLLEGE UJJAIN,MD PAEDIATRICS,ST,,,MP__MP Round 3 Allotment.txt,2335,
MP,Madhya Pradesh,2025,R3,NEET_AIR,3476.0,NOT ALLOTTED NOT ALLOTTED,NOT ALLOTTED MD,COLLEGE KHANDWA,,,MP__MP Round 3 Allotment.txt,2337,
MP,Madhya Pradesh,2025,R3,NEET_AIR,3480.0,CHIRAYU MEDICAL COLLEGE AND HOSPITAL BHOPAL,MD RADIATION ONCOLOGY,INST/UR/X/OP,,,MP__MP Round 3 Allotment.txt,2338,
MP,Madhya Pradesh,2025,R3,NEET_AIR,3486.0,RADIODIAGNOSIS,Private Clinical,MD,,,MP__MP Round 3 Allotment.txt,2343,
MP,Madhya Pradesh,2025,R3,NEET_AIR,3488.0,NOT ALLOTTED,ALLOTTED NOT ALLOTTED,MS,,,MP__MP Round 3 Allotment.txt,2345,
MP,Madhya Pradesh,2025,R3,NEET_AIR,3492.0,NOT ALLOTTED,NOT ALLOTTED NOT ALLOTTED NOT ALLOTTED,ALLOTTED,,,MP__MP Round 3 Allotment.txt,2347,
MP,Madhya Pradesh,2025,R3,NEET_AIR,3495.0,NOT ALLOTTED,NOT ALLOTTED NOT ALLOTTED NOT ALLOTTED,Private,,,MP__MP Round 3 Allotment.txt,2349,
MP,Madhya Pradesh,2025,R3,NEET_AIR,3498.0,NOT ALLOTTED,ALLOTTED NOT ALLOTTED,MD,,,MP__MP Round 3 Allotment.txt,2351,
MP,Madhya Pradesh,2025,R3,NEET_AIR,3499.0,NOT ALLOTTED,NOT ALLOTTED NOT ALLOTTED NOT ALLOTTED,ALLOTTED,,,MP__MP Round 3 Allotment.txt,2353,
MP,Madhya Pradesh,2025,R3,NEET_AIR,3508.0,NOT ALLOTTED NOT ALLOTTED,NOT ALLOTTED MD,LN MEDICAL COLLEGE BHOPAL,,,MP__MP Round 3 Allotment.txt,2358,
MP,Madhya Pradesh,2025,R3,NEET_AIR,3509.0,CHIRAYU MEDICAL COLLEGE AND HOSPITAL BHOPAL,MS OTORHINOLARYNGOLOGY (ENT),INST/UR/X/OP,,,MP__MP Round 3 Allotment.txt,2359,
MP,Madhya Pradesh,2025,R3,NEET_AIR,3512.0,NOT ALLOTTED,ALLOTTED NOT ALLOTTED,NOT ALLOTTED,,,MP__MP Round 3 Allotment.txt,2361,
MP,Madhya Pradesh,2025,R3,NEET_AIR,3514.0,NOT ALLOTTED NOT ALLOTTED,NOT ALLOTTED ALLOTTED,NOT ALLOTTED,,,MP__MP Round 3 Allotment.txt,2363,
MP,Madhya Pradesh,2025,R3,NEET_AIR,3517.0,NOT ALLOTTED,ALLOTTED NOT ALLOTTED NOT ALLOTTED NOT ALLOTTED,ALLOTTED,,,MP__MP Round 3 Allotment.txt,2365,
MP,Madhya Pradesh,2025,R3,NEET_AIR,3518.0,INDORE,MD GENERAL MEDICINE,IN_ST/X/OP,,,MP__MP Round 3 Allotment.txt,2367,
MP,Madhya Pradesh,2025,R3,NEET_AIR,3521.0,NOT ALLOTTED NOT ALLOTTED,NOT ALLOTTED ALLOTTED,NOT ALLOTTED,,,MP__MP Round 3 Allotment.txt,2369,
MP,Madhya Pradesh,2025,R3,NEET_AIR,3532.0,NOT ALLOTTED NOT ALLOTTED,NOT ALLOTTED ALLOTTED,NOT ALLOTTED,,,MP__MP Round 3 Allotment.txt,2371,
MP,Madhya Pradesh,2025,R3,NEET_AIR,3533.0,NOT ALLOTTED NOT ALLOTTED,NOT ALLOTTED ALLOTTED,NOT ALLOTTED,,,MP__MP Round 3 Allotment.txt,2373,
MP,Madhya Pradesh,2025,R3,NEET_AIR,3535.0,GENERAL MEDICINE,Govt Clinical,FRESH ALLOTTED,,,MP__MP Round 3 Allotment.txt,2374,
MP,Madhya Pradesh,2025,R3,NEET_AIR,3536.0,COLLEGE KHANDWA,MD COMMUNITY MEDICINE,OBC,,,MP__MP Round 3 Allotment.txt,2376,
MP,Madhya Pradesh,2025,R3,NEET_AIR,3537.0,NOT ALLOTTED,ALLOTTED NOT ALLOTTED NOT ALLOTTED NOT ALLOTTED,Private,,,MP__MP Round 3 Allotment.txt,2378,
MP,Madhya Pradesh,2025,R3,NEET_AIR,3541.0,LN MEDICAL COLLEGE BHOPAL,MS ORTHOPAEDICS,SC,,,MP__MP Round 3 Allotment.txt,2380,
MP,Madhya Pradesh,2025,R3,NEET_AIR,3543.0,OBSTETRICS AND GYNAECOLOGY,Private Clinical,FRESH ALLOTTED,,,MP__MP Round 3 Allotment.txt,2382,
MP,Madhya Pradesh,2025,R3,NEET_AIR,3547.0,NOT ALLOTTED,ALLOTTED NOT ALLOTTED,NOT ALLOTTED,,,MP__MP Round 3 Allotment.txt,2384,
MP,Madhya Pradesh,2025,R3,NEET_AIR,3553.0,NOT ALLOTTED,ALLOTTED NOT ALLOTTED NOT ALLOTTED NOT ALLOTTED,ALLOTTED,,,MP__MP Round 3 Allotment.txt,2388,
MP,Madhya Pradesh,2025,R3,NEET_AIR,3565.0,PHARMACOLOGY,Govt Non Clinical,MD,,,MP__MP Round 3 Allotment.txt,2390,
MP,Madhya Pradesh,2025,R3,NEET_AIR,3573.0,AMALTAS INSTITUTE OF MEDICAL SCIENCES DEWAS,MD PAEDIATRICS,SC,,,MP__MP Round 3 Allotment.txt,2392,
MP,Madhya Pradesh,2025,R3,NEET_AIR,3575.0,NOT ALLOTTED,ALLOTTED NOT ALLOTTED NOT ALLOTTED NOT ALLOTTED,ALLOTTED,,,MP__MP Round 3 Allotment.txt,2394,
MP,Madhya Pradesh,2025,R3,NEET_AIR,3576.0,NOT ALLOTTED NOT ALLOTTED,NOT ALLOTTED MS,CENTER INDORE,,,MP__MP Round 3 Allotment.txt,2396,
MP,Madhya Pradesh,2025,R3,NEET_AIR,3578.0,NOT ALLOTTED,ALLOTTED NOT ALLOTTED,NOT ALLOTTED,,,MP__MP Round 3 Allotment.txt,2398,
MP,Madhya Pradesh,2025,R3,NEET_AIR,3579.0,GENERAL MEDICINE,Govt Clinical,FRESH ALLOTTED,,,MP__MP Round 3 Allotment.txt,2399,
MP,Madhya Pradesh,2025,R3,NEET_AIR,3583.0,NOT ALLOTTED,ALLOTTED NOT ALLOTTED NOT ALLOTTED NOT ALLOTTED,ALLOTTED,,,MP__MP Round 3 Allotment.txt,2401,
MP,Madhya Pradesh,2025,R3,NEET_AIR,3589.0,NOT ALLOTTED NOT ALLOTTED,NOT ALLOTTED MD,LN MEDICAL COLLEGE BHOPAL,,,MP__MP Round 3 Allotment.txt,2417,
MP,Madhya Pradesh,2025,R3,NEET_AIR,3594.0,CHHINDWARA,MS OBSTETRICS AND GYNAECOLOGY,IN_ST/X/OP,,,MP__MP Round 3 Allotment.txt,2419,
MP,Madhya Pradesh,2025,R3,NEET_AIR,3595.0,INDORE,MD PATHOLOGY,IN_ST/X/OP,,,MP__MP Round 3 Allotment.txt,2421,
MP,Madhya Pradesh,2025,R3,NEET_AIR,3596.0,SRI AUROBINDO INSTITUTE OF MEDICAL SCIENCE INDORE LEPROSY,MD Clinical,MD,,,MP__MP Round 3 Allotment.txt,2424,
MP,Madhya Pradesh,2025,R3,NEET_AIR,3598.0,CENTER INDORE,MD PATHOLOGY,INST/UR/X/OP,,,MP__MP Round 3 Allotment.txt,2426,
MP,Madhya Pradesh,2025,R3,NEET_AIR,3599.0,PHARMACOLOGY,Govt Non Clinical,MD,,,MP__MP Round 3 Allotment.txt,2428,
MP,Madhya Pradesh,2025,R3,NEET_AIR,3601.0,PEOPLES COLLEGE OF MEDICAL SCIENCE BHOPAL,MD LEPROSY,INST/UR/NRI/OP,,,MP__MP Round 3 Allotment.txt,2430,
MP,Madhya Pradesh,2025,R3,NEET_AIR,3602.0,NOT ALLOTTED,NOT ALLOTTED NOT ALLOTTED NOT ALLOTTED,Private,,,MP__MP Round 3 Allotment.txt,2432,
MP,Madhya Pradesh,2025,R3,NEET_AIR,3603.0,NOT ALLOTTED,NOT ALLOTTED NOT ALLOTTED NOT ALLOTTED,ALLOTTED,,,MP__MP Round 3 Allotment.txt,2434,
MP,Madhya Pradesh,2025,R3,NEET_AIR,3609.0,NOT ALLOTTED,NOT ALLOTTED NOT ALLOTTED NOT ALLOTTED,ALLOTTED,,,MP__MP Round 3 Allotment.txt,2436,
MP,Madhya Pradesh,2025,R3,NEET_AIR,3612.0,NOT ALLOTTED,ALLOTTED NOT ALLOTTED,ALLOTTED,,,MP__MP Round 3 Allotment.txt,2438,
MP,Madhya Pradesh,2025,R3,NEET_AIR,3617.0,NOT ALLOTTED,ALLOTTED NOT ALLOTTED,ALLOTTED,,,MP__MP Round 3 Allotment.txt,2440,
MP,Madhya Pradesh,2025,R3,NEET_AIR,3622.0,NOT ALLOTTED,ALLOTTED NOT ALLOTTED,ALLOTTED,,,MP__MP Round 3 Allotment.txt,2442,
MP,Madhya Pradesh,2025,R3,NEET_AIR,3623.0,NOT ALLOTTED,ALLOTTED NOT ALLOTTED,MD,,,MP__MP Round 3 Allotment.txt,2444,
MP,Madhya Pradesh,2025,R3,NEET_AIR,3624.0,NOT ALLOTTED NOT ALLOTTED,NOT ALLOTTED MS,JABALPUR,,,MP__MP Round 3 Allotment.txt,2446,
MP,Madhya Pradesh,2025,R3,NEET_AIR,3627.0,GENERAL MEDICINE,Govt Clinical,FRESH ALLOTTED,,,MP__MP Round 3 Allotment.txt,2448,
MP,Madhya Pradesh,2025,R3,NEET_AIR,3628.0,OBSTETRICS AND GYNAECOLOGY,Private Clinical,FRESH ALLOTTED,,,MP__MP Round 3 Allotment.txt,2449,
MP,Madhya Pradesh,2025,R3,NEET_AIR,3637.0,PEOPLES COLLEGE OF MEDICAL SCIENCE BHOPAL,MD ANAESTHESIOLOGY,UR/X/OP,,,MP__MP Round 3 Allotment.txt,2450,
MP,Madhya Pradesh,2025,R3,NEET_AIR,3638.0,PAEDIATRICS,Private Clinical,FRESH ALLOTTED,,,MP__MP Round 3 Allotment.txt,2452,
MP,Madhya Pradesh,2025,R3,NEET_AIR,3640.0,NOT ALLOTTED,ALLOTTED NOT ALLOTTED,NOT ALLOTTED,,,MP__MP Round 3 Allotment.txt,2454,
MP,Madhya Pradesh,2025,R3,NEET_AIR,3642.0,NOT ALLOTTED,NOT ALLOTTED NOT ALLOTTED,NOT ALLOTTED,,,MP__MP Round 3 Allotment.txt,2456,
MP,Madhya Pradesh,2025,R3,NEET_AIR,3644.0,GENERAL MEDICINE,Private Clinical,FRESH ALLOTTED,,,MP__MP Round 3 Allotment.txt,2458,
MP,Madhya Pradesh,2025,R3,NEET_AIR,3647.0,NOT ALLOTTED,ALLOTTED NOT ALLOTTED NOT ALLOTTED NOT ALLOTTED,ALLOTTED,,,MP__MP Round 3 Allotment.txt,2460,
MP,Madhya Pradesh,2025,R3,NEET_AIR,3648.0,GENERAL MEDICINE,Private Clinical,FRESH ALLOTTED,,,MP__MP Round 3 Allotment.txt,2462,
MP,Madhya Pradesh,2025,R3,NEET_AIR,3650.0,NOT ALLOTTED,ALLOTTED NOT ALLOTTED,NOT ALLOTTED,,,MP__MP Round 3 Allotment.txt,2464,
MP,Madhya Pradesh,2025,R3,NEET_AIR,3652.0,CENTRE BHOPAL,MD ANAESTHESIOLOGY,OBC,,,MP__MP Round 3 Allotment.txt,2466,
MP,Madhya Pradesh,2025,R3,NEET_AIR,3653.0,NOT ALLOTTED,ALLOTTED NOT ALLOTTED NOT ALLOTTED NOT ALLOTTED,ALLOTTED,,,MP__MP Round 3 Allotment.txt,2468,
MP,Madhya Pradesh,2025,R3,NEET_AIR,3654.0,INDORE,MS OPHTHALMOLOGY,IN_UR/X/OP,,,MP__MP Round 3 Allotment.txt,2470,
MP,Madhya Pradesh,2025,R3,NEET_AIR,3656.0,GENERAL MEDICINE,Private Clinical,FRESH ALLOTTED,,,MP__MP Round 3 Allotment.txt,2472,
MP,Madhya Pradesh,2025,R3,NEET_AIR,3657.0,NOT ALLOTTED,ALLOTTED NOT ALLOTTED,NOT ALLOTTED,,,MP__MP Round 3 Allotment.txt,2474,
MP,Madhya Pradesh,2025,R3,NEET_AIR,3658.0,PATHOLOGY,Private Non Clinical,FRESH ALLOTTED,,,MP__MP Round 3 Allotment.txt,2475,
MP,Madhya Pradesh,2025,R3,NEET_AIR,3659.0,GENERAL MEDICINE,Private Clinical,FRESH ALLOTTED,,,MP__MP Round 3 Allotment.txt,2476,
MP,Madhya Pradesh,2025,R3,NEET_AIR,3660.0,COMMUNITY MEDICINE,Private Non Clinical,FRESH ALLOTTED,,,MP__MP Round 3 Allotment.txt,2478,
MP,Madhya Pradesh,2025,R3,NEET_AIR,3662.0,NOT ALLOTTED,NOT ALLOTTED NOT ALLOTTED,NOT ALLOTTED,,,MP__MP Round 3 Allotment.txt,2480,
MP,Madhya Pradesh,2025,R3,NEET_AIR,3664.0,NOT ALLOTTED,ALLOTTED NOT ALLOTTED,NOT ALLOTTED,,,MP__MP Round 3 Allotment.txt,2482,
MP,Madhya Pradesh,2025,R3,NEET_AIR,3665.0,NOT ALLOTTED,ALLOTTED NOT ALLOTTED NOT ALLOTTED NOT ALLOTTED,Private,,,MP__MP Round 3 Allotment.txt,2484,
MP,Madhya Pradesh,2025,R3,NEET_AIR,3666.0,NOT ALLOTTED,ALLOTTED NOT ALLOTTED NOT ALLOTTED NOT ALLOTTED,ALLOTTED,,,MP__MP Round 3 Allotment.txt,2486,
MP,Madhya Pradesh,2025,R3,NEET_AIR,3667.0,ANAESTHESIOLOGY,Private Clinical,FRESH ALLOTTED,,,MP__MP Round 3 Allotment.txt,2487,
MP,Madhya Pradesh,2025,R3,NEET_AIR,3670.0,PEOPLES COLLEGE OF MEDICAL SCIENCE BHOPAL,MD PSYCHIATRY,INST/UR/X/OP,,,MP__MP Round 3 Allotment.txt,2491,
MP,Madhya Pradesh,2025,R3,NEET_AIR,3672.0,NOT ALLOTTED,ALLOTTED NOT ALLOTTED,NOT ALLOTTED,,,MP__MP Round 3 Allotment.txt,2493,
MP,Madhya Pradesh,2025,R3,NEET_AIR,3675.0,ANAESTHESIOLOGY,Private Clinical,FRESH ALLOTTED,,,MP__MP Round 3 Allotment.txt,2494,
MP,Madhya Pradesh,2025,R3,NEET_AIR,3677.0,OPHTHALMOLOGY,Private Clinical,FRESH ALLOTTED,,,MP__MP Round 3 Allotment.txt,2495,
MP,Madhya Pradesh,2025,R3,NEET_AIR,3679.0,NOT ALLOTTED,ALLOTTED NOT ALLOTTED,NOT ALLOTTED,,,MP__MP Round 3 Allotment.txt,2497,
MP,Madhya Pradesh,2025,R3,NEET_AIR,3680.0,ANAESTHESIOLOGY,Private Clinical,FRESH ALLOTTED,,,MP__MP Round 3 Allotment.txt,2498,
MP,Madhya Pradesh,2025,R3,NEET_AIR,3683.0,ORTHOPAEDICS,Govt Clinical,FRESH ALLOTTED,,,MP__MP Round 3 Allotment.txt,2500,
MP,Madhya Pradesh,2025,R3,NEET_AIR,3685.0,ANAESTHESIOLOGY,Private Clinical,FRESH ALLOTTED,,,MP__MP Round 3 Allotment.txt,2501,
MP,Madhya Pradesh,2025,R3,NEET_AIR,3687.0,EMERGENCY MEDICINE,Govt Clinical,FRESH ALLOTTED,,,MP__MP Round 3 Allotment.txt,2502,
MP,Madhya Pradesh,2025,R3,NEET_AIR,3688.0,NOT ALLOTTED,NOT ALLOTTED NOT ALLOTTED,NOT ALLOTTED,,,MP__MP Round 3 Allotment.txt,2504,
MP,Madhya Pradesh,2025,R3,NEET_AIR,3689.0,INDORE,MS OBSTETRICS AND GYNAECOLOGY,IN_UR/X/OP,,,MP__MP Round 3 Allotment.txt,2506,
MP,Madhya Pradesh,2025,R3,NEET_AIR,3690.0,INDORE,MD PATHOLOGY,IN_SC/X/OP,,,MP__MP Round 3 Allotment.txt,2508,
MP,Madhya Pradesh,2025,R3,NEET_AIR,3693.0,NOT ALLOTTED,NOT ALLOTTED NOT ALLOTTED,NOT ALLOTTED,,,MP__MP Round 3 Allotment.txt,2510,
MP,Madhya Pradesh,2025,R3,NEET_AIR,3697.0,JABALPUR,MD COMMUNITY MEDICINE,ST,,,MP__MP Round 3 Allotment.txt,2512,
MP,Madhya Pradesh,2025,R3,NEET_AIR,3698.0,OTORHINOLARYNGOLOGY (ENT),Private Clinical,FRESH ALLOTTED,,,MP__MP Round 3 Allotment.txt,2513,
MP,Madhya Pradesh,2025,R3,NEET_AIR,3700.0,CHIRAYU MEDICAL COLLEGE AND HOSPITAL BHOPAL,MD PSYCHIATRY,INST/UR/X/OP,,,MP__MP Round 3 Allotment.txt,2514,
MP,Madhya Pradesh,2025,R3,NEET_AIR,3701.0,NOT ALLOTTED,ALLOTTED NOT ALLOTTED,NOT ALLOTTED,,,MP__MP Round 3 Allotment.txt,2516,
MP,Madhya Pradesh,2025,R3,NEET_AIR,3702.0,ANAESTHESIOLOGY,Govt Clinical,FRESH ALLOTTED,,,MP__MP Round 3 Allotment.txt,2517,
MP,Madhya Pradesh,2025,R3,NEET_AIR,3703.0,LEPROSY,Private Clinical,FRESH ALLOTTED,,,MP__MP Round 3 Allotment.txt,2519,
MP,Madhya Pradesh,2025,R3,NEET_AIR,3704.0,CENTRE BHOPAL,MD PATHOLOGY,UR/X/OP,,,MP__MP Round 3 Allotment.txt,2521,
MP,Madhya Pradesh,2025,R3,NEET_AIR,3705.0,NOT ALLOTTED,ALLOTTED NOT ALLOTTED NOT ALLOTTED NOT ALLOTTED,Private,,,MP__MP Round 3 Allotment.txt,2523,
MP,Madhya Pradesh,2025,R3,NEET_AIR,3709.0,NOT ALLOTTED,ALLOTTED NOT ALLOTTED,NOT ALLOTTED,,,MP__MP Round 3 Allotment.txt,2525,
MP,Madhya Pradesh,2025,R3,NEET_AIR,3712.0,NOT ALLOTTED,ALLOTTED NOT ALLOTTED NOT ALLOTTED NOT ALLOTTED,Private,,,MP__MP Round 3 Allotment.txt,2527,
MP,Madhya Pradesh,2025,R3,NEET_AIR,3713.0,LEPROSY,Private Clinical,FRESH ALLOTTED,,,MP__MP Round 3 Allotment.txt,2529,
MP,Madhya Pradesh,2025,R3,NEET_AIR,3714.0,ORTHOPAEDICS,Private Clinical,FRESH ALLOTTED,,,MP__MP Round 3 Allotment.txt,2530,
MP,Madhya Pradesh,2025,R3,NEET_AIR,3715.0,NOT ALLOTTED NOT ALLOTTED,NOT ALLOTTED MS,AMALTAS INSTITUTE OF MEDICAL SCIENCES DEWAS,,,MP__MP Round 3 Allotment.txt,2532,
MP,Madhya Pradesh,2025,R3,NEET_AIR,3716.0,CENTER INDORE,MS ORTHOPAEDICS,INST/UR/X/OP,,,MP__MP Round 3 Allotment.txt,2534,
MP,Madhya Pradesh,2025,R3,NEET_AIR,3718.0,GENERAL SURGERY,Private Clinical,FRESH ALLOTTED,,,MP__MP Round 3 Allotment.txt,2535,
MP,Madhya Pradesh,2025,R3,NEET_AIR,3719.0,NOT ALLOTTED,ALLOTTED NOT ALLOTTED NOT ALLOTTED NOT ALLOTTED,ALLOTTED,,,MP__MP Round 3 Allotment.txt,2537,
MP,Madhya Pradesh,2025,R3,NEET_AIR,3720.0,NOT ALLOTTED,ALLOTTED NOT ALLOTTED NOT ALLOTTED NOT ALLOTTED,ALLOTTED,,,MP__MP Round 3 Allotment.txt,2539,
MP,Madhya Pradesh,2025,R3,NEET_AIR,3722.0,INDORE,MD ANAESTHESIOLOGY,IN_UR/X/OP,,,MP__MP Round 3 Allotment.txt,2541,
MP,Madhya Pradesh,2025,R3,NEET_AIR,3723.0,PEOPLES COLLEGE OF MEDICAL SCIENCE BHOPAL,MD GENERAL MEDICINE,IN_UR/X/OP,,,MP__MP Round 3 Allotment.txt,2542,
MP,Madhya Pradesh,2025,R3,NEET_AIR,3724.0,INDORE,MS GENERAL SURGERY,IN_UR/X/OP,,,MP__MP Round 3 Allotment.txt,2544,
MP,Madhya Pradesh,2025,R3,NEET_AIR,3727.0,LEPROSY,Private Clinical,FRESH ALLOTTED,,,MP__MP Round 3 Allotment.txt,2546,
MP,Madhya Pradesh,2025,R3,NEET_AIR,3730.0,PAEDIATRICS,Private Clinical,FRESH ALLOTTED,,,MP__MP Round 3 Allotment.txt,2548,
MP,Madhya Pradesh,2025,R3,NEET_AIR,3733.0,CENTER INDORE,MD ANAESTHESIOLOGY,OBC,,,MP__MP Round 3 Allotment.txt,2550,
MP,Madhya Pradesh,2025,R3,NEET_AIR,3735.0,NOT ALLOTTED,ALLOTTED NOT ALLOTTED NOT ALLOTTED NOT ALLOTTED,Private,,,MP__MP Round 3 Allotment.txt,2552,
MP,Madhya Pradesh,2025,R3,NEET_AIR,3736.0,GWALIOR MANSIK AROGYSHALA GWALIOR,MD PSYCHIATRY,IN_UR/X/OP,,,MP__MP Round 3 Allotment.txt,2553,
MP,Madhya Pradesh,2025,R3,NEET_AIR,3737.0,CHIRAYU MEDICAL COLLEGE AND HOSPITAL BHOPAL,MD PSYCHIATRY,INST/UR/X/OP,,,MP__MP Round 3 Allotment.txt,2554,
MP,Madhya Pradesh,2025,R3,NEET_AIR,3739.0,GENERAL MEDICINE,Private Clinical,FRESH ALLOTTED,,,MP__MP Round 3 Allotment.txt,2556,
MP,Madhya Pradesh,2025,R3,NEET_AIR,3740.0,NOT ALLOTTED,NOT ALLOTTED NOT ALLOTTED,NOT ALLOTTED,,,MP__MP Round 3 Allotment.txt,2558,
MP,Madhya Pradesh,2025,R3,NEET_AIR,3743.0,GANDHI MEDICAL COLLEGE BHOPAL,MD BIOCHEMISTRY,INST/UR/X/OP,,,MP__MP Round 3 Allotment.txt,2559,
MP,Madhya Pradesh,2025,R3,NEET_AIR,3747.0,AMALTAS INSTITUTE OF MEDICAL SCIENCES DEWAS,MS OPHTHALMOLOGY,INST/UR/X/OP,,,MP__MP Round 3 Allotment.txt,2560,
MP,Madhya Pradesh,2025,R3,NEET_AIR,3748.0,GOVERMENT MEDICAL COLLEGE RATLAM,MD PHARMACOLOGY,UR/X/OP,,,MP__MP Round 3 Allotment.txt,2561,
MP,Madhya Pradesh,2025,R3,NEET_AIR,3752.0,GOVERNMENT MEDICAL COLLEGE DATIA,MD PHARMACOLOGY,INST/UR/X/OP,,,MP__MP Round 3 Allotment.txt,2562,
MP,Madhya Pradesh,2025,R3,NEET_AIR,3755.0,LN MEDICAL COLLEGE BHOPAL,MD ANAESTHESIOLOGY,UR/X/OP,,,MP__MP Round 3 Allotment.txt,2563,
MP,Madhya Pradesh,2025,R3,NEET_AIR,3760.0,NOT ALLOTTED,NOT ALLOTTED NOT ALLOTTED,NOT ALLOTTED,,,MP__MP Round 3 Allotment.txt,2565,
MP,Madhya Pradesh,2025,R3,NEET_AIR,3763.0,NOT ALLOTTED,ALLOTTED NOT ALLOTTED,NOT ALLOTTED,,,MP__MP Round 3 Allotment.txt,2567,
MP,Madhya Pradesh,2025,R3,NEET_AIR,3765.0,GENERAL MEDICINE,Private Clinical,FRESH ALLOTTED,,,MP__MP Round 3 Allotment.txt,2569,
MP,Madhya Pradesh,2025,R3,NEET_AIR,3766.0,OTORHINOLARYNGOLOGY (ENT),Private Clinical,FRESH ALLOTTED,,,MP__MP Round 3 Allotment.txt,2570,
MP,Madhya Pradesh,2025,R3,NEET_AIR,3767.0,GENERAL MEDICINE,Private Clinical,FRESH ALLOTTED,,,MP__MP Round 3 Allotment.txt,2572,
MP,Madhya Pradesh,2025,R3,NEET_AIR,3768.0,NOT ALLOTTED,ALLOTTED NOT ALLOTTED NOT ALLOTTED NOT ALLOTTED,ALLOTTED,,,MP__MP Round 3 Allotment.txt,2574,
MP,Madhya Pradesh,2025,R3,NEET_AIR,3769.0,CENTER INDORE,MS GYNAECOLOGY,SC,,,MP__MP Round 3 Allotment.txt,2576,
MP,Madhya Pradesh,2025,R3,NEET_AIR,3770.0,OPHTHALMOLOGY,Private Clinical,FRESH ALLOTTED,,,MP__MP Round 3 Allotment.txt,2578,
MP,Madhya Pradesh,2025,R3,NEET_AIR,3771.0,OPHTHALMOLOGY,Private Clinical,FRESH ALLOTTED,,,MP__MP Round 3 Allotment.txt,2580,
MP,Madhya Pradesh,2025,R3,NEET_AIR,3778.0,VIDISHA,MD AND TOXICOLOGY,OBC,,,MP__MP Round 3 Allotment.txt,2582,
MP,Madhya Pradesh,2025,R3,NEET_AIR,3779.0,NOT ALLOTTED,ALLOTTED NOT ALLOTTED,NOT ALLOTTED,,,MP__MP Round 3 Allotment.txt,2584,
MP,Madhya Pradesh,2025,R3,NEET_AIR,3780.0,NOT ALLOTTED,ALLOTTED NOT ALLOTTED,NOT ALLOTTED,,,MP__MP Round 3 Allotment.txt,2586,
MP,Madhya Pradesh,2025,R3,NEET_AIR,3781.0,GENERAL MEDICINE,Private Clinical,FRESH ALLOTTED,,,MP__MP Round 3 Allotment.txt,2587,
MP,Madhya Pradesh,2025,R3,NEET_AIR,3782.0,INDORE,MD RADIODIAGNOSIS,IN_EWS/X/OP,,,MP__MP Round 3 Allotment.txt,2603,
MP,Madhya Pradesh,2025,R3,NEET_AIR,3783.0,GAJRA RAJA MEDICAL COLLEGE GWALIOR,MD GENERAL MEDICINE,IN_SC/X/OP,,,MP__MP Round 3 Allotment.txt,2604,
MP,Madhya Pradesh,2025,R3,NEET_AIR,3784.0,LEPROSY,Private Clinical,FRESH ALLOTTED,,,MP__MP Round 3 Allotment.txt,2606,
MP,Madhya Pradesh,2025,R3,NEET_AIR,3788.0,GENERAL MEDICINE,Private Clinical,FRESH ALLOTTED,,,MP__MP Round 3 Allotment.txt,2608,
MP,Madhya Pradesh,2025,R3,NEET_AIR,3792.0,GENERAL MEDICINE,Private Clinical,FRESH ALLOTTED,,,MP__MP Round 3 Allotment.txt,2610,
MP,Madhya Pradesh,2025,R3,NEET_AIR,3793.0,LEPROSY,Private Clinical,FRESH ALLOTTED,,,MP__MP Round 3 Allotment.txt,2612,
MP,Madhya Pradesh,2025,R3,NEET_AIR,3794.0,OTORHINOLARYNGOLOGY (ENT),Private Clinical,FRESH ALLOTTED,,,MP__MP Round 3 Allotment.txt,2613,
MP,Madhya Pradesh,2025,R3,NEET_AIR,3795.0,NOT ALLOTTED,ALLOTTED NOT ALLOTTED,NOT ALLOTTED,,,MP__MP Round 3 Allotment.txt,2615,
MP,Madhya Pradesh,2025,R3,NEET_AIR,3797.0,NOT ALLOTTED,ALLOTTED NOT ALLOTTED,NOT ALLOTTED,,,MP__MP Round 3 Allotment.txt,2617,
MP,Madhya Pradesh,2025,R3,NEET_AIR,3798.0,NOT ALLOTTED,ALLOTTED NOT ALLOTTED NOT ALLOTTED NOT ALLOTTED,ALLOTTED,,,MP__MP Round 3 Allotment.txt,2619,
MP,Madhya Pradesh,2025,R3,NEET_AIR,3799.0,NOT ALLOTTED,ALLOTTED NOT ALLOTTED,NOT ALLOTTED,,,MP__MP Round 3 Allotment.txt,2621,
MP,Madhya Pradesh,2025,R3,NEET_AIR,3801.0,ANAESTHESIOLOGY,Private Clinical,FRESH ALLOTTED,,,MP__MP Round 3 Allotment.txt,2623,
MP,Madhya Pradesh,2025,R3,NEET_AIR,3803.0,GENERAL MEDICINE,Private Clinical,FRESH ALLOTTED,,,MP__MP Round 3 Allotment.txt,2625,
MP,Madhya Pradesh,2025,R3,NEET_AIR,3805.0,NOT ALLOTTED,ALLOTTED NOT ALLOTTED,NOT ALLOTTED,,,MP__MP Round 3 Allotment.txt,2627,
MP,Madhya Pradesh,2025,R3,NEET_AIR,3810.0,NOT ALLOTTED,ALLOTTED NOT ALLOTTED NOT ALLOTTED NOT ALLOTTED,ALLOTTED,,,MP__MP Round 3 Allotment.txt,2629,
MP,Madhya Pradesh,2025,R3,NEET_AIR,3811.0,NOT ALLOTTED,ALLOTTED NOT ALLOTTED,NOT ALLOTTED,,,MP__MP Round 3 Allotment.txt,2631,
MP,Madhya Pradesh,2025,R3,NEET_AIR,3812.0,LEPROSY,Private Clinical,FRESH ALLOTTED,,,MP__MP Round 3 Allotment.txt,2633,
MP,Madhya Pradesh,2025,R3,NEET_AIR,3813.0,ANAESTHESIOLOGY,Private Clinical,FRESH ALLOTTED,,,MP__MP Round 3 Allotment.txt,2634,
MP,Madhya Pradesh,2025,R3,NEET_AIR,3815.0,LEPROSY,Private Clinical,FRESH ALLOTTED,,,MP__MP Round 3 Allotment.txt,2636,
MP,Madhya Pradesh,2025,R3,NEET_AIR,3816.0,NOT ALLOTTED,ALLOTTED NOT ALLOTTED NOT ALLOTTED NOT ALLOTTED,Private,,,MP__MP Round 3 Allotment.txt,2638,
MP,Madhya Pradesh,2025,R3,NEET_AIR,3817.0,OBSTETRICS AND GYNAECOLOGY,Private Clinical,FRESH ALLOTTED,,,MP__MP Round 3 Allotment.txt,2639,
MP,Madhya Pradesh,2025,R3,NEET_AIR,3820.0,OTORHINOLARYNGOLOGY (ENT),Private Clinical,FRESH ALLOTTED,,,MP__MP Round 3 Allotment.txt,2640,
MP,Madhya Pradesh,2025,R3,NEET_AIR,3821.0,NOT ALLOTTED,ALLOTTED NOT ALLOTTED,NOT ALLOTTED,,,MP__MP Round 3 Allotment.txt,2642,
MP,Madhya Pradesh,2025,R3,NEET_AIR,3826.0,OTORHINOLARYNGOLOGY (ENT),Private Clinical,FRESH ALLOTTED,,,MP__MP Round 3 Allotment.txt,2644,
MP,Madhya Pradesh,2025,R3,NEET_AIR,3828.0,OPHTHALMOLOGY,Govt Clinical,FRESH ALLOTTED,,,MP__MP Round 3 Allotment.txt,2645,
MP,Madhya Pradesh,2025,R3,NEET_AIR,3832.0,PATHOLOGY,Private Non Clinical,FRESH ALLOTTED,,,MP__MP Round 3 Allotment.txt,2646,
MP,Madhya Pradesh,2025,R3,NEET_AIR,3833.0,PSYCHIATRY,Private Clinical,FRESH ALLOTTED,,,MP__MP Round 3 Allotment.txt,2647,
MP,Madhya Pradesh,2025,R3,NEET_AIR,3834.0,CENTRE BHOPAL,MD PHARMACOLOGY,UR/X/OP,,,MP__MP Round 3 Allotment.txt,2649,
MP,Madhya Pradesh,2025,R3,NEET_AIR,3835.0,NOT ALLOTTED,ALLOTTED NOT ALLOTTED,NOT ALLOTTED,,,MP__MP Round 3 Allotment.txt,2651,
MP,Madhya Pradesh,2025,R3,NEET_AIR,3836.0,OBSTETRICS AND GYNAECOLOGY,Private Clinical,FRESH ALLOTTED,,,MP__MP Round 3 Allotment.txt,2652,
MP,Madhya Pradesh,2025,R3,NEET_AIR,3837.0,ANAESTHESIOLOGY,Private Clinical,FRESH ALLOTTED,,,MP__MP Round 3 Allotment.txt,2653,
MP,Madhya Pradesh,2025,R3,NEET_AIR,3838.0,NOT ALLOTTED,ALLOTTED NOT ALLOTTED NOT ALLOTTED NOT ALLOTTED,Govt,,,MP__MP Round 3 Allotment.txt,2655,
MP,Madhya Pradesh,2025,R3,NEET_AIR,3840.0,GENERAL SURGERY,Private Clinical,FRESH ALLOTTED,,,MP__MP Round 3 Allotment.txt,2656,
MP,Madhya Pradesh,2025,R3,NEET_AIR,3842.0,NOT ALLOTTED,ALLOTTED NOT ALLOTTED NOT ALLOTTED NOT ALLOTTED,ALLOTTED,,,MP__MP Round 3 Allotment.txt,2658,
MP,Madhya Pradesh,2025,R3,NEET_AIR,3843.0,OTORHINOLARYNGOLOGY (ENT),Private Clinical,FRESH ALLOTTED,,,MP__MP Round 3 Allotment.txt,2660,
MP,Madhya Pradesh,2025,R3,NEET_AIR,3844.0,NOT ALLOTTED,ALLOTTED NOT ALLOTTED,NOT ALLOTTED,,,MP__MP Round 3 Allotment.txt,2662,
MP,Madhya Pradesh,2025,R3,NEET_AIR,3846.0,NOT ALLOTTED,ALLOTTED NOT ALLOTTED,NOT ALLOTTED,,,MP__MP Round 3 Allotment.txt,2664,
MP,Madhya Pradesh,2025,R3,NEET_AIR,3847.0,PEOPLES COLLEGE OF MEDICAL SCIENCE BHOPAL,MS GENERAL SURGERY,SC,,,MP__MP Round 3 Allotment.txt,2665,
MP,Madhya Pradesh,2025,R3,NEET_AIR,3848.0,INDORE,MD ANAESTHESIOLOGY,INST/UR/X/OP,,,MP__MP Round 3 Allotment.txt,2667,
MP,Madhya Pradesh,2025,R3,NEET_AIR,3849.0,NOT ALLOTTED NOT ALLOTTED,NOT ALLOTTED ALLOTTED,NOT ALLOTTED,,,MP__MP Round 3 Allotment.txt,2669,
MP,Madhya Pradesh,2025,R3,NEET_AIR,3850.0,NOT ALLOTTED,ALLOTTED NOT ALLOTTED NOT ALLOTTED NOT ALLOTTED,ALLOTTED,,,MP__MP Round 3 Allotment.txt,2671,
MP,Madhya Pradesh,2025,R3,NEET_AIR,3851.0,NOT ALLOTTED,ALLOTTED NOT ALLOTTED,NOT ALLOTTED,,,MP__MP Round 3 Allotment.txt,2673,
MP,Madhya Pradesh,2025,R3,NEET_AIR,3852.0,NOT ALLOTTED,ALLOTTED NOT ALLOTTED,NOT ALLOTTED,,,MP__MP Round 3 Allotment.txt,2675,
MP,Madhya Pradesh,2025,R3,NEET_AIR,3855.0,GENERAL SURGERY,Govt Clinical,FRESH ALLOTTED,,,MP__MP Round 3 Allotment.txt,2676,
MP,Madhya Pradesh,2025,R3,NEET_AIR,3856.0,NOT ALLOTTED,ALLOTTED NOT ALLOTTED,NOT ALLOTTED,,,MP__MP Round 3 Allotment.txt,2678,
MP,Madhya Pradesh,2025,R3,NEET_AIR,3857.0,NOT ALLOTTED,ALLOTTED NOT ALLOTTED NOT ALLOTTED NOT ALLOTTED,ALLOTTED,,,MP__MP Round 3 Allotment.txt,2680,
MP,Madhya Pradesh,2025,R3,NEET_AIR,3858.0,NOT ALLOTTED,ALLOTTED NOT ALLOTTED,NOT ALLOTTED,,,MP__MP Round 3 Allotment.txt,2682,
MP,Madhya Pradesh,2025,R3,NEET_AIR,3859.0,NOT ALLOTTED,ALLOTTED NOT ALLOTTED NOT ALLOTTED NOT ALLOTTED,ALLOTTED,,,MP__MP Round 3 Allotment.txt,2684,
MP,Madhya Pradesh,2025,R3,NEET_AIR,3861.0,NOT ALLOTTED,ALLOTTED NOT ALLOTTED,NOT ALLOTTED,,,MP__MP Round 3 Allotment.txt,2686,
MP,Madhya Pradesh,2025,R3,NEET_AIR,3863.0,NOT ALLOTTED,ALLOTTED NOT ALLOTTED,NOT ALLOTTED,,,MP__MP Round 3 Allotment.txt,2688,
MP,Madhya Pradesh,2025,R3,NEET_AIR,3864.0,ANAESTHESIOLOGY,Private Clinical,FRESH ALLOTTED,,,MP__MP Round 3 Allotment.txt,2689,
MP,Madhya Pradesh,2025,R3,NEET_AIR,3866.0,INDORE,MD PHARMACOLOGY,INST/UR/X/OP,,,MP__MP Round 3 Allotment.txt,2691,
MP,Madhya Pradesh,2025,R3,NEET_AIR,3867.0,INDORE,MD RADIODIAGNOSIS,INST/UR/NRI/OP,,,MP__MP Round 3 Allotment.txt,2693,
MP,Madhya Pradesh,2025,R3,NEET_AIR,3868.0,OBSTETRICS AND GYNAECOLOGY,Private Clinical,FRESH ALLOTTED,,,MP__MP Round 3 Allotment.txt,2694,
MP,Madhya Pradesh,2025,R3,NEET_AIR,3871.0,NOT ALLOTTED,ALLOTTED NOT ALLOTTED NOT ALLOTTED NOT ALLOTTED,ALLOTTED,,,MP__MP Round 3 Allotment.txt,2696,
MP,Madhya Pradesh,2025,R3,NEET_AIR,3872.0,NOT ALLOTTED,ALLOTTED NOT ALLOTTED,NOT ALLOTTED,,,MP__MP Round 3 Allotment.txt,2698,
MP,Madhya Pradesh,2025,R3,NEET_AIR,3874.0,ANAESTHESIOLOGY,Private Clinical,FRESH ALLOTTED,,,MP__MP Round 3 Allotment.txt,2700,
MP,Madhya Pradesh,2025,R3,NEET_AIR,3876.0,ANAESTHESIOLOGY,Private Clinical,FRESH ALLOTTED,,,MP__MP Round 3 Allotment.txt,2701,
MP,Madhya Pradesh,2025,R3,NEET_AIR,3877.0,PEOPLES COLLEGE OF MEDICAL SCIENCE BHOPAL,MD PSYCHIATRY,SC,,,MP__MP Round 3 Allotment.txt,2703,
MP,Madhya Pradesh,2025,R3,NEET_AIR,3878.0,ANAESTHESIOLOGY,Private Clinical,FRESH ALLOTTED,,,MP__MP Round 3 Allotment.txt,2705,
MP,Madhya Pradesh,2025,R3,NEET_AIR,3879.0,NOT ALLOTTED,ALLOTTED NOT ALLOTTED,NOT ALLOTTED,,,MP__MP Round 3 Allotment.txt,2707,
MP,Madhya Pradesh,2025,R3,NEET_AIR,3882.0,PAEDIATRICS,Private Clinical,FRESH ALLOTTED,,,MP__MP Round 3 Allotment.txt,2709,
MP,Madhya Pradesh,2025,R3,NEET_AIR,3885.0,NOT ALLOTTED,ALLOTTED NOT ALLOTTED,NOT ALLOTTED,,,MP__MP Round 3 Allotment.txt,2711,
MP,Madhya Pradesh,2025,R3,NEET_AIR,3886.0,GENERAL MEDICINE,Private Clinical,FRESH ALLOTTED,,,MP__MP Round 3 Allotment.txt,2713,
MP,Madhya Pradesh,2025,R3,NEET_AIR,3887.0,PAEDIATRICS,Private Clinical,FRESH ALLOTTED,,,MP__MP Round 3 Allotment.txt,2714,
MP,Madhya Pradesh,2025,R3,NEET_AIR,3888.0,AMALTAS INSTITUTE OF MEDICAL SCIENCES DEWAS,MS GYNAECOLOGY,SC,,,MP__MP Round 3 Allotment.txt,2716,
MP,Madhya Pradesh,2025,R3,NEET_AIR,3889.0,OPHTHALMOLOGY,Private Clinical,FRESH ALLOTTED,,,MP__MP Round 3 Allotment.txt,2718,
MP,Madhya Pradesh,2025,R3,NEET_AIR,3890.0,OBSTETRICS AND GYNAECOLOGY,Private Clinical,FRESH ALLOTTED,,,MP__MP Round 3 Allotment.txt,2719,
MP,Madhya Pradesh,2025,R3,NEET_AIR,3891.0,OBSTETRICS AND GYNAECOLOGY,Private Clinical,FRESH ALLOTTED,,,MP__MP Round 3 Allotment.txt,2721,
MP,Madhya Pradesh,2025,R3,NEET_AIR,3893.0,NOT ALLOTTED NOT ALLOTTED,NOT ALLOTTED MS,LN MEDICAL COLLEGE BHOPAL,,,MP__MP Round 3 Allotment.txt,2723,
MP,Madhya Pradesh,2025,R3,NEET_AIR,3894.0,LN MEDICAL COLLEGE BHOPAL,MS GENERAL SURGERY,INST/UR/X/OP,,,MP__MP Round 3 Allotment.txt,2724,
MP,Madhya Pradesh,2025,R3,NEET_AIR,3896.0,LEPROSY,Private Clinical,FRESH ALLOTTED,,,MP__MP Round 3 Allotment.txt,2726,
MP,Madhya Pradesh,2025,R3,NEET_AIR,3898.0,NOT ALLOTTED,ALLOTTED NOT ALLOTTED,NOT ALLOTTED,,,MP__MP Round 3 Allotment.txt,2728,
MP,Madhya Pradesh,2025,R3,NEET_AIR,3899.0,ANAESTHESIOLOGY,Private Clinical,FRESH ALLOTTED,,,MP__MP Round 3 Allotment.txt,2729,
MP,Madhya Pradesh,2025,R3,NEET_AIR,3900.0,ANAESTHESIOLOGY,Govt Clinical,FRESH ALLOTTED,,,MP__MP Round 3 Allotment.txt,2730,
MP,Madhya Pradesh,2025,R3,NEET_AIR,3902.0,NOT ALLOTTED,ALLOTTED NOT ALLOTTED,NOT ALLOTTED,,,MP__MP Round 3 Allotment.txt,2732,
MP,Madhya Pradesh,2025,R3,NEET_AIR,3904.0,OPHTHALMOLOGY,Private Clinical,FRESH ALLOTTED,,,MP__MP Round 3 Allotment.txt,2734,
MP,Madhya Pradesh,2025,R3,NEET_AIR,3905.0,ANAESTHESIOLOGY,Private Clinical,FRESH ALLOTTED,,,MP__MP Round 3 Allotment.txt,2735,
MP,Madhya Pradesh,2025,R3,NEET_AIR,3906.0,RD GARDI MEDICAL COLLEGE UJJAIN,MS GENERAL SURGERY,SC,,,MP__MP Round 3 Allotment.txt,2736,
MP,Madhya Pradesh,2025,R3,NEET_AIR,3908.0,ANAESTHESIOLOGY,Govt Clinical,FRESH ALLOTTED,,,MP__MP Round 3 Allotment.txt,2737,
MP,Madhya Pradesh,2025,R3,NEET_AIR,3909.0,INDORE,MS OBSTETRICS AND GYNAECOLOGY,ST,,,MP__MP Round 3 Allotment.txt,2739,
MP,Madhya Pradesh,2025,R3,NEET_AIR,3910.0,PATHOLOGY,Private Non Clinical,FRESH ALLOTTED,,,MP__MP Round 3 Allotment.txt,2741,
MP,Madhya Pradesh,2025,R3,NEET_AIR,3911.0,PAEDIATRICS,Private Clinical,FRESH ALLOTTED,,,MP__MP Round 3 Allotment.txt,2742,
MP,Madhya Pradesh,2025,R3,NEET_AIR,3913.0,INDORE,MD ANAESTHESIOLOGY,INST/UR/X/OP,,,MP__MP Round 3 Allotment.txt,2744,
MP,Madhya Pradesh,2025,R3,NEET_AIR,3917.0,NOT ALLOTTED,NOT ALLOTTED NOT ALLOTTED,NOT ALLOTTED,,,MP__MP Round 3 Allotment.txt,2746,
MP,Madhya Pradesh,2025,R3,NEET_AIR,3918.0,PEOPLES COLLEGE OF MEDICAL SCIENCE BHOPAL,MD PATHOLOGY,UR/X/OP,,,MP__MP Round 3 Allotment.txt,2747,
MP,Madhya Pradesh,2025,R3,NEET_AIR,3921.0,CHIRAYU MEDICAL COLLEGE AND HOSPITAL BHOPAL,MS ORTHOPAEDICS,INST/UR/NRI/OP,,,MP__MP Round 3 Allotment.txt,2748,
MP,Madhya Pradesh,2025,R3,NEET_AIR,3922.0,LN MEDICAL COLLEGE BHOPAL,MD ANAESTHESIOLOGY,INST/UR/X/OP,,,MP__MP Round 3 Allotment.txt,2749,
MP,Madhya Pradesh,2025,R3,NEET_AIR,3923.0,LN MEDICAL COLLEGE BHOPAL,MS OBSTETRICS AND GYNAECOLOGY,INST/UR/NRI/OP,,,MP__MP Round 3 Allotment.txt,2750,
MP,Madhya Pradesh,2025,R3,NEET_AIR,3924.0,NOT ALLOTTED,ALLOTTED NOT ALLOTTED,NOT ALLOTTED,,,MP__MP Round 3 Allotment.txt,2752,
MP,Madhya Pradesh,2025,R3,NEET_AIR,3926.0,LEPROSY,Private Clinical,FRESH ALLOTTED,,,MP__MP Round 3 Allotment.txt,2754,
MP,Madhya Pradesh,2025,R3,NEET_AIR,3927.0,NOT ALLOTTED,ALLOTTED NOT ALLOTTED,NOT ALLOTTED,,,MP__MP Round 3 Allotment.txt,2756,
MP,Madhya Pradesh,2025,R3,NEET_AIR,3928.0,NOT ALLOTTED,ALLOTTED NOT ALLOTTED NOT ALLOTTED NOT ALLOTTED,ALLOTTED,,,MP__MP Round 3 Allotment.txt,2758,
MP,Madhya Pradesh,2025,R3,NEET_AIR,3929.0,PAEDIATRICS,Private Clinical,FRESH ALLOTTED,,,MP__MP Round 3 Allotment.txt,2759,
MP,Madhya Pradesh,2025,R3,NEET_AIR,3932.0,GENERAL SURGERY,Private Clinical,FRESH ALLOTTED,,,MP__MP Round 3 Allotment.txt,2760,
MP,Madhya Pradesh,2025,R3,NEET_AIR,3934.0,ANAESTHESIOLOGY,Private Clinical,FRESH ALLOTTED,,,MP__MP Round 3 Allotment.txt,2764,
MP,Madhya Pradesh,2025,R3,NEET_AIR,3935.0,NOT ALLOTTED,ALLOTTED NOT ALLOTTED,NOT ALLOTTED,,,MP__MP Round 3 Allotment.txt,2766,
MP,Madhya Pradesh,2025,R3,NEET_AIR,3936.0,OBSTETRICS AND GYNAECOLOGY,Private Clinical,FRESH ALLOTTED,,,MP__MP Round 3 Allotment.txt,2767,
MP,Madhya Pradesh,2025,R3,NEET_AIR,3938.0,NOT ALLOTTED,ALLOTTED NOT ALLOTTED,NOT ALLOTTED,,,MP__MP Round 3 Allotment.txt,2769,
MP,Madhya Pradesh,2025,R3,NEET_AIR,3939.0,LN MEDICAL COLLEGE BHOPAL,MS OTORHINOLARYNGOLOGY (ENT),UR/X/OP,,,MP__MP Round 3 Allotment.txt,2770,
MP,Madhya Pradesh,2025,R3,NEET_AIR,3942.0,CENTER INDORE,MS GENERAL SURGERY,INST/UR/X/OP,,,MP__MP Round 3 Allotment.txt,2772,
MP,Madhya Pradesh,2025,R3,NEET_AIR,3945.0,PHYSIOLOGY,Private Non Clinical,FRESH ALLOTTED,,,MP__MP Round 3 Allotment.txt,2787,
MP,Madhya Pradesh,2025,R3,NEET_AIR,3946.0,NOT ALLOTTED,ALLOTTED NOT ALLOTTED,NOT ALLOTTED,,,MP__MP Round 3 Allotment.txt,2789,
MP,Madhya Pradesh,2025,R3,NEET_AIR,3947.0,NOT ALLOTTED NOT ALLOTTED,NOT ALLOTTED MS,CENTER INDORE,,,MP__MP Round 3 Allotment.txt,2791,
MP,Madhya Pradesh,2025,R3,NEET_AIR,3950.0,CENTER INDORE,MS ORTHOPAEDICS,OBC,,,MP__MP Round 3 Allotment.txt,2793,
MP,Madhya Pradesh,2025,R3,NEET_AIR,3951.0,GAJRA RAJA MEDICAL COLLEGE GWALIOR,MD GENERAL MEDICINE,IN_ST/X/OP,,,MP__MP Round 3 Allotment.txt,2794,
MP,Madhya Pradesh,2025,R3,NEET_AIR,3952.0,PHARMACOLOGY,Private Non Clinical,MD,,,MP__MP Round 3 Allotment.txt,2796,
MP,Madhya Pradesh,2025,R3,NEET_AIR,3953.0,NOT ALLOTTED,ALLOTTED NOT ALLOTTED NOT ALLOTTED NOT ALLOTTED,Govt,,,MP__MP Round 3 Allotment.txt,2798,
MP,Madhya Pradesh,2025,R3,NEET_AIR,3956.0,LN MEDICAL COLLEGE BHOPAL,MD RADIODIAGNOSIS,ST,,,MP__MP Round 3 Allotment.txt,2800,
MP,Madhya Pradesh,2025,R3,NEET_AIR,3957.0,NOT ALLOTTED,ALLOTTED NOT ALLOTTED,NOT ALLOTTED,,,MP__MP Round 3 Allotment.txt,2802,
MP,Madhya Pradesh,2025,R3,NEET_AIR,3958.0,ANAESTHESIOLOGY,Private Clinical,FRESH ALLOTTED,,,MP__MP Round 3 Allotment.txt,2804,
MP,Madhya Pradesh,2025,R3,NEET_AIR,3959.0,LN MEDICAL COLLEGE BHOPAL,MD PSYCHIATRY,INST/UR/X/OP,,,MP__MP Round 3 Allotment.txt,2805,
MP,Madhya Pradesh,2025,R3,NEET_AIR,3962.0,ANAESTHESIOLOGY,Private Clinical,FRESH ALLOTTED,,,MP__MP Round 3 Allotment.txt,2806,
MP,Madhya Pradesh,2025,R3,NEET_AIR,3963.0,NOT ALLOTTED,ALLOTTED NOT ALLOTTED,NOT ALLOTTED,,,MP__MP Round 3 Allotment.txt,2808,
MP,Madhya Pradesh,2025,R3,NEET_AIR,3964.0,PAEDIATRICS,Private Clinical,FRESH ALLOTTED,,,MP__MP Round 3 Allotment.txt,2809,
MP,Madhya Pradesh,2025,R3,NEET_AIR,3965.0,NOT ALLOTTED,ALLOTTED NOT ALLOTTED,NOT ALLOTTED,,,MP__MP Round 3 Allotment.txt,2811,
MP,Madhya Pradesh,2025,R3,NEET_AIR,3966.0,OBSTETRICS AND GYNAECOLOGY,Private Clinical,FRESH ALLOTTED,,,MP__MP Round 3 Allotment.txt,2813,
MP,Madhya Pradesh,2025,R3,NEET_AIR,3967.0,NOT ALLOTTED,ALLOTTED NOT ALLOTTED,NOT ALLOTTED,,,MP__MP Round 3 Allotment.txt,2815,
MP,Madhya Pradesh,2025,R3,NEET_AIR,3968.0,NOT ALLOTTED,ALLOTTED NOT ALLOTTED,NOT ALLOTTED,,,MP__MP Round 3 Allotment.txt,2817,
MP,Madhya Pradesh,2025,R3,NEET_AIR,3971.0,COMMUNITY MEDICINE,Private Non Clinical,FRESH ALLOTTED,,,MP__MP Round 3 Allotment.txt,2819,
MP,Madhya Pradesh,2025,R3,NEET_AIR,3972.0,NOT ALLOTTED,ALLOTTED NOT ALLOTTED,NOT ALLOTTED,,,MP__MP Round 3 Allotment.txt,2821,
MP,Madhya Pradesh,2025,R3,NEET_AIR,3973.0,PATHOLOGY,Private Non Clinical,MD,,,MP__MP Round 3 Allotment.txt,2823,
MP,Madhya Pradesh,2025,R3,NEET_AIR,3975.0,GENERAL SURGERY,Private Clinical,FRESH ALLOTTED,,,MP__MP Round 3 Allotment.txt,2824,
MP,Madhya Pradesh,2025,R3,NEET_AIR,3977.0,ORTHOPAEDICS,Private Clinical,FRESH ALLOTTED,,,MP__MP Round 3 Allotment.txt,2826,
MP,Madhya Pradesh,2025,R3,NEET_AIR,3980.0,INDORE,MD ANAESTHESIOLOGY,INST/UR/X/OP,,,MP__MP Round 3 Allotment.txt,2828,
MP,Madhya Pradesh,2025,R3,NEET_AIR,3982.0,NOT ALLOTTED,NOT ALLOTTED NOT ALLOTTED,NOT ALLOTTED,,,MP__MP Round 3 Allotment.txt,2833,
MP,Madhya Pradesh,2025,R3,NEET_AIR,3984.0,AMALTAS INSTITUTE OF MEDICAL SCIENCES DEWAS,MS GENERAL SURGERY,INST/UR/X/OP,,,MP__MP Round 3 Allotment.txt,2834,
MP,Madhya Pradesh,2025,R3,NEET_AIR,3985.0,PATHOLOGY,Private Non Clinical,FRESH ALLOTTED,,,MP__MP Round 3 Allotment.txt,2836,
MP,Madhya Pradesh,2025,R3,NEET_AIR,3988.0,GOVERMENT MEDICAL COLLEGE RATLAM,MD PHYSIOLOGY,SC,,,MP__MP Round 3 Allotment.txt,2838,
MP,Madhya Pradesh,2025,R3,NEET_AIR,3990.0,GENERAL SURGERY,Private Clinical,FRESH ALLOTTED,,,MP__MP Round 3 Allotment.txt,2839,
MP,Madhya Pradesh,2025,R3,NEET_AIR,3991.0,RD GARDI MEDICAL COLLEGE UJJAIN,MD PATHOLOGY,ST,,,MP__MP Round 3 Allotment.txt,2841,
MP,Madhya Pradesh,2025,R3,NEET_AIR,3992.0,JABALPUR,MD PATHOLOGY,IN_UR/X/OP,,,MP__MP Round 3 Allotment.txt,2843,
MP,Madhya Pradesh,2025,R3,NEET_AIR,3993.0,JABALPUR,MD PAEDIATRICS,IN_ST/X/OP,,,MP__MP Round 3 Allotment.txt,2845,
MP,Madhya Pradesh,2025,R3,NEET_AIR,3996.0,NOT ALLOTTED,ALLOTTED NOT ALLOTTED,NOT ALLOTTED,,,MP__MP Round 3 Allotment.txt,2847,
MP,Madhya Pradesh,2025,R3,NEET_AIR,3998.0,NOT ALLOTTED,ALLOTTED NOT ALLOTTED NOT ALLOTTED NOT ALLOTTED,ALLOTTED,,,MP__MP Round 3 Allotment.txt,2849,
MP,Madhya Pradesh,2025,R3,NEET_AIR,4000.0,PAEDIATRICS,Private Clinical,FRESH ALLOTTED,,,MP__MP Round 3 Allotment.txt,2851,
MP,Madhya Pradesh,2025,R3,NEET_AIR,4001.0,ANAESTHESIOLOGY,Private Clinical,FRESH ALLOTTED,,,MP__MP Round 3 Allotment.txt,2852,
MP,Madhya Pradesh,2025,R3,NEET_AIR,4003.0,OBSTETRICS AND GYNAECOLOGY,Private Clinical,FRESH ALLOTTED,,,MP__MP Round 3 Allotment.txt,2853,
MP,Madhya Pradesh,2025,R3,NEET_AIR,4004.0,NOT ALLOTTED,ALLOTTED NOT ALLOTTED,NOT ALLOTTED,,,MP__MP Round 3 Allotment.txt,2855,
MP,Madhya Pradesh,2025,R3,NEET_AIR,4005.0,NOT ALLOTTED,ALLOTTED NOT ALLOTTED NOT ALLOTTED NOT ALLOTTED,Private,,,MP__MP Round 3 Allotment.txt,2857,
MP,Madhya Pradesh,2025,R3,NEET_AIR,4008.0,NOT ALLOTTED,NOT ALLOTTED NOT ALLOTTED,NOT ALLOTTED,,,MP__MP Round 3 Allotment.txt,2859,
MP,Madhya Pradesh,2025,R3,NEET_AIR,4009.0,SHYAM SHAH MEDICAL COLLEGE REWA,MD GENERAL MEDICINE,IN_SC/X/OP,,,MP__MP Round 3 Allotment.txt,2860,
MP,Madhya Pradesh,2025,R3,NEET_AIR,4010.0,BUNDELKHAND MEDICAL COLLEGE SAGAR,MD ANAESTHESIOLOGY,IN_UR/X/OP,,,MP__MP Round 3 Allotment.txt,2861,
MP,Madhya Pradesh,2025,R3,NEET_AIR,4012.0,OBSTETRICS AND GYNAECOLOGY,Govt Clinical,FRESH ALLOTTED,,,MP__MP Round 3 Allotment.txt,2865,
MP,Madhya Pradesh,2025,R3,NEET_AIR,4015.0,OBSTETRICS AND GYNAECOLOGY,Private Clinical,FRESH ALLOTTED,,,MP__MP Round 3 Allotment.txt,2870,
MP,Madhya Pradesh,2025,R3,NEET_AIR,4017.0,NOT ALLOTTED,ALLOTTED NOT ALLOTTED NOT ALLOTTED NOT ALLOTTED,Govt,,,MP__MP Round 3 Allotment.txt,2872,
MP,Madhya Pradesh,2025,R3,NEET_AIR,4018.0,OTORHINOLARYNGOLOGY (ENT),Private Clinical,FRESH ALLOTTED,,,MP__MP Round 3 Allotment.txt,2873,
MP,Madhya Pradesh,2025,R3,NEET_AIR,4019.0,OTORHINOLARYNGOLOGY (ENT),Private Clinical,FRESH ALLOTTED,,,MP__MP Round 3 Allotment.txt,2875,
MP,Madhya Pradesh,2025,R3,NEET_AIR,4020.0,GOVERMENT MEDICAL COLLEGE RATLAM,MD COMMUNITY MEDICINE,INST/UR/X/OP,,,MP__MP Round 3 Allotment.txt,2876,
MP,Madhya Pradesh,2025,R3,NEET_AIR,4021.0,LEPROSY,Private Clinical,FRESH ALLOTTED,,,MP__MP Round 3 Allotment.txt,2878,
MP,Madhya Pradesh,2025,R3,NEET_AIR,4022.0,OBSTETRICS AND GYNAECOLOGY,Private Clinical,FRESH ALLOTTED,,,MP__MP Round 3 Allotment.txt,2880,
MP,Madhya Pradesh,2025,R3,NEET_AIR,4023.0,ANAESTHESIOLOGY,Private Clinical,FRESH ALLOTTED,,,MP__MP Round 3 Allotment.txt,2881,
MP,Madhya Pradesh,2025,R3,NEET_AIR,4024.0,NOT ALLOTTED,ALLOTTED NOT ALLOTTED,NOT ALLOTTED,,,MP__MP Round 3 Allotment.txt,2883,
MP,Madhya Pradesh,2025,R3,NEET_AIR,4027.0,PATHOLOGY,Private Non Clinical,FRESH ALLOTTED,,,MP__MP Round 3 Allotment.txt,2885,
MP,Madhya Pradesh,2025,R3,NEET_AIR,4028.0,NOT ALLOTTED,ALLOTTED NOT ALLOTTED,NOT ALLOTTED,,,MP__MP Round 3 Allotment.txt,2887,
MP,Madhya Pradesh,2025,R3,NEET_AIR,4029.0,ORTHOPAEDICS,Private Clinical,FRESH ALLOTTED,,,MP__MP Round 3 Allotment.txt,2889,
MP,Madhya Pradesh,2025,R3,NEET_AIR,4030.0,ANAESTHESIOLOGY,Private Clinical,FRESH ALLOTTED,,,MP__MP Round 3 Allotment.txt,2890,
MP,Madhya Pradesh,2025,R3,NEET_AIR,4031.0,NOT ALLOTTED,ALLOTTED NOT ALLOTTED,NOT ALLOTTED,,,MP__MP Round 3 Allotment.txt,2892,
MP,Madhya Pradesh,2025,R3,NEET_AIR,4035.0,INDORE,MS OBSTETRICS AND GYNAECOLOGY,ST,,,MP__MP Round 3 Allotment.txt,2894,
MP,Madhya Pradesh,2025,R3,NEET_AIR,4036.0,AMALTAS INSTITUTE OF MEDICAL SCIENCES DEWAS,MS GENERAL SURGERY,INST/UR/X/OP,,,MP__MP Round 3 Allotment.txt,2895,
MP,Madhya Pradesh,2025,R3,NEET_AIR,4037.0,ANAESTHESIOLOGY,Private Clinical,FRESH ALLOTTED,,,MP__MP Round 3 Allotment.txt,2897,
MP,Madhya Pradesh,2025,R3,NEET_AIR,4039.0,INDORE,MD MICROBIOLOGY,INST/UR/X/OP,,,MP__MP Round 3 Allotment.txt,2899,
MP,Madhya Pradesh,2025,R3,NEET_AIR,4042.0,NOT ALLOTTED,ALLOTTED NOT ALLOTTED,NOT ALLOTTED,,,MP__MP Round 3 Allotment.txt,2901,
MP,Madhya Pradesh,2025,R3,NEET_AIR,4043.0,PAEDIATRICS,Private Clinical,FRESH ALLOTTED,,,MP__MP Round 3 Allotment.txt,2903,
MP,Madhya Pradesh,2025,R3,NEET_AIR,4044.0,CENTRE BHOPAL,MD RADIODIAGNOSIS,INST/UR/NRI/OP,,,MP__MP Round 3 Allotment.txt,2905,
MP,Madhya Pradesh,2025,R3,NEET_AIR,4045.0,NOT ALLOTTED,ALLOTTED NOT ALLOTTED,NOT ALLOTTED,,,MP__MP Round 3 Allotment.txt,2907,
MP,Madhya Pradesh,2025,R3,NEET_AIR,4046.0,NOT ALLOTTED,NOT ALLOTTED NOT ALLOTTED,NOT ALLOTTED,,,MP__MP Round 3 Allotment.txt,2909,
MP,Madhya Pradesh,2025,R3,NEET_AIR,4047.0,CENTER INDORE,MS GENERAL SURGERY,INST/UR/X/OP,,,MP__MP Round 3 Allotment.txt,2911,
MP,Madhya Pradesh,2025,R3,NEET_AIR,4048.0,TOXICOLOGY,Govt Non Clinical,FRESH ALLOTTED,,,MP__MP Round 3 Allotment.txt,2913,
MP,Madhya Pradesh,2025,R3,NEET_AIR,4049.0,PEOPLES COLLEGE OF MEDICAL SCIENCE BHOPAL,MS ORTHOPAEDICS,OBC,,,MP__MP Round 3 Allotment.txt,2914,
MP,Madhya Pradesh,2025,R3,NEET_AIR,4053.0,LEPROSY,Private Clinical,FRESH ALLOTTED,,,MP__MP Round 3 Allotment.txt,2916,
MP,Madhya Pradesh,2025,R3,NEET_AIR,4054.0,OTORHINOLARYNGOLOGY (ENT),Private Clinical,FRESH ALLOTTED,,,MP__MP Round 3 Allotment.txt,2917,
MP,Madhya Pradesh,2025,R3,NEET_AIR,4055.0,GENERAL MEDICINE,Private Clinical,FRESH ALLOTTED,,,MP__MP Round 3 Allotment.txt,2919,
MP,Madhya Pradesh,2025,R3,NEET_AIR,4056.0,JABALPUR,MD PHARMACOLOGY,INST/UR/X/OP,,,MP__MP Round 3 Allotment.txt,2921,
MP,Madhya Pradesh,2025,R3,NEET_AIR,4057.0,GAJRA RAJA MEDICAL COLLEGE GWALIOR,MD MICROBIOLOGY,SC,,,MP__MP Round 3 Allotment.txt,2922,
MP,Madhya Pradesh,2025,R3,NEET_AIR,4059.0,NOT ALLOTTED,ALLOTTED NOT ALLOTTED,NOT ALLOTTED,,,MP__MP Round 3 Allotment.txt,2924,
MP,Madhya Pradesh,2025,R3,NEET_AIR,4060.0,PEOPLES COLLEGE OF MEDICAL SCIENCE BHOPAL,MD GENERAL MEDICINE,INST/UR/NRI/OP,,,MP__MP Round 3 Allotment.txt,2925,
MP,Madhya Pradesh,2025,R3,NEET_AIR,4062.0,OBSTETRICS AND GYNAECOLOGY,Govt Clinical,FRESH ALLOTTED,,,MP__MP Round 3 Allotment.txt,2926,
MP,Madhya Pradesh,2025,R3,NEET_AIR,4063.0,NOT ALLOTTED,NOT ALLOTTED NOT ALLOTTED,NOT ALLOTTED,,,MP__MP Round 3 Allotment.txt,2928,
MP,Madhya Pradesh,2025,R3,NEET_AIR,4064.0,PAEDIATRICS,Private Clinical,FRESH ALLOTTED,,,MP__MP Round 3 Allotment.txt,2930,
MP,Madhya Pradesh,2025,R3,NEET_AIR,4066.0,NOT ALLOTTED,ALLOTTED NOT ALLOTTED,NOT ALLOTTED,,,MP__MP Round 3 Allotment.txt,2932,
MP,Madhya Pradesh,2025,R3,NEET_AIR,4068.0,LN MEDICAL COLLEGE BHOPAL,MD GENERAL MEDICINE,INST/UR/NRI/OP,,,MP__MP Round 3 Allotment.txt,2933,
MP,Madhya Pradesh,2025,R3,NEET_AIR,4070.0,AMALTAS INSTITUTE OF MEDICAL SCIENCES DEWAS,MD PSYCHIATRY,INST/UR/X/OP,,,MP__MP Round 3 Allotment.txt,2934,
MP,Madhya Pradesh,2025,R3,NEET_AIR,4073.0,OTORHINOLARYNGOLOGY (ENT),Private Clinical,FRESH ALLOTTED,,,MP__MP Round 3 Allotment.txt,2935,
MP,Madhya Pradesh,2025,R3,NEET_AIR,4078.0,"RESEARCH CENTRE, BHOPAL",MD RESPIRATORY MEDICINE,OBC,,,MP__MP Round 3 Allotment.txt,2937,
MP,Madhya Pradesh,2025,R3,NEET_AIR,4079.0,PAEDIATRICS,Private Clinical,FRESH ALLOTTED,,,MP__MP Round 3 Allotment.txt,2938,
MP,Madhya Pradesh,2025,R3,NEET_AIR,4081.0,NOT ALLOTTED,ALLOTTED NOT ALLOTTED,NOT ALLOTTED,,,MP__MP Round 3 Allotment.txt,2940,
MP,Madhya Pradesh,2025,R3,NEET_AIR,4082.0,GOVERMENT MEDICAL COLLEGE RATLAM,MD BIOCHEMISTRY,UR/X/OP,,,MP__MP Round 3 Allotment.txt,2941,
MP,Madhya Pradesh,2025,R3,NEET_AIR,4083.0,NOT ALLOTTED,ALLOTTED NOT ALLOTTED,NOT ALLOTTED,,,MP__MP Round 3 Allotment.txt,2943,
MP,Madhya Pradesh,2025,R3,NEET_AIR,4084.0,INDORE,MD EMERGENCY MEDICINE,IN_ST/X/OP,,,MP__MP Round 3 Allotment.txt,2945,
MP,Madhya Pradesh,2025,R3,NEET_AIR,4086.0,NOT ALLOTTED,ALLOTTED NOT ALLOTTED,NOT ALLOTTED,,,MP__MP Round 3 Allotment.txt,2947,
MP,Madhya Pradesh,2025,R3,NEET_AIR,4089.0,ORTHOPAEDICS,Private Clinical,FRESH ALLOTTED,,,MP__MP Round 3 Allotment.txt,2948,
MP,Madhya Pradesh,2025,R3,NEET_AIR,4090.0,PAEDIATRICS,Private Clinical,FRESH ALLOTTED,,,MP__MP Round 3 Allotment.txt,2950,
MP,Madhya Pradesh,2025,R3,NEET_AIR,4093.0,GENERAL SURGERY,Govt Clinical,FRESH ALLOTTED,,,MP__MP Round 3 Allotment.txt,2951,
MP,Madhya Pradesh,2025,R3,NEET_AIR,4095.0,OTORHINOLARYNGOLOGY (ENT),Private Clinical,FRESH ALLOTTED,,,MP__MP Round 3 Allotment.txt,2952,
MP,Madhya Pradesh,2025,R3,NEET_AIR,4096.0,OBSTETRICS AND GYNAECOLOGY,Private Clinical,FRESH ALLOTTED,,,MP__MP Round 3 Allotment.txt,2954,
MP,Madhya Pradesh,2025,R3,NEET_AIR,4097.0,EMERGENCY MEDICINE,Private Clinical,FRESH ALLOTTED,,,MP__MP Round 3 Allotment.txt,2955,
MP,Madhya Pradesh,2025,R3,NEET_AIR,4098.0,OTORHINOLARYNGOLOGY (ENT),Private Clinical,FRESH ALLOTTED,,,MP__MP Round 3 Allotment.txt,2956,
MP,Madhya Pradesh,2025,R3,NEET_AIR,4099.0,NOT ALLOTTED,ALLOTTED NOT ALLOTTED,NOT ALLOTTED,,,MP__MP Round 3 Allotment.txt,2958,
MP,Madhya Pradesh,2025,R3,NEET_AIR,4100.0,NOT ALLOTTED,ALLOTTED NOT ALLOTTED,NOT ALLOTTED,,,MP__MP Round 3 Allotment.txt,2960,
MP,Madhya Pradesh,2025,R3,NEET_AIR,4101.0,NOT ALLOTTED,ALLOTTED NOT ALLOTTED,NOT ALLOTTED,,,MP__MP Round 3 Allotment.txt,2976,
MP,Madhya Pradesh,2025,R3,NEET_AIR,4103.0,NOT ALLOTTED,ALLOTTED NOT ALLOTTED,NOT ALLOTTED,,,MP__MP Round 3 Allotment.txt,2978,
MP,Madhya Pradesh,2025,R3,NEET_AIR,4104.0,CHIRAYU MEDICAL COLLEGE AND HOSPITAL BHOPAL,MD GENERAL MEDICINE,INST/UR/NRI/OP,,,MP__MP Round 3 Allotment.txt,2979,
MP,Madhya Pradesh,2025,R3,NEET_AIR,4105.0,NOT ALLOTTED,NOT ALLOTTED NOT ALLOTTED,NOT ALLOTTED,,,MP__MP Round 3 Allotment.txt,2981,
MP,Madhya Pradesh,2025,R3,NEET_AIR,4106.0,NOT ALLOTTED,ALLOTTED NOT ALLOTTED,NOT ALLOTTED,,,MP__MP Round 3 Allotment.txt,2983,
MP,Madhya Pradesh,2025,R3,NEET_AIR,4107.0,OBSTETRICS AND GYNAECOLOGY,Private Clinical,FRESH ALLOTTED,,,MP__MP Round 3 Allotment.txt,2985,
MP,Madhya Pradesh,2025,R3,NEET_AIR,4108.0,LN MEDICAL COLLEGE BHOPAL,MS GENERAL SURGERY,INST/UR/X/OP,,,MP__MP Round 3 Allotment.txt,2986,
MP,Madhya Pradesh,2025,R3,NEET_AIR,4110.0,PEOPLES COLLEGE OF MEDICAL SCIENCE BHOPAL,MS ORTHOPAEDICS,INST/UR/NRI/OP,,,MP__MP Round 3 Allotment.txt,2987,
MP,Madhya Pradesh,2025,R3,NEET_AIR,4112.0,INDORE,MD GENERAL MEDICINE,INST/UR/NRI/OP,,,MP__MP Round 3 Allotment.txt,2989,
MP,Madhya Pradesh,2025,R3,NEET_AIR,4114.0,SHYAM SHAH MEDICAL COLLEGE REWA,MD COMMUNITY MEDICINE,INST/UR/X/OP,,,MP__MP Round 3 Allotment.txt,2990,
MP,Madhya Pradesh,2025,R3,NEET_AIR,4115.0,OTORHINOLARYNGOLOGY (ENT),Private Clinical,FRESH ALLOTTED,,,MP__MP Round 3 Allotment.txt,2991,
MP,Madhya Pradesh,2025,R3,NEET_AIR,4117.0,NOT ALLOTTED,NOT ALLOTTED NOT ALLOTTED,NOT ALLOTTED,,,MP__MP Round 3 Allotment.txt,2993,
MP,Madhya Pradesh,2025,R3,NEET_AIR,4118.0,NOT ALLOTTED,ALLOTTED NOT ALLOTTED,NOT ALLOTTED,,,MP__MP Round 3 Allotment.txt,2995,
MP,Madhya Pradesh,2025,R3,NEET_AIR,4119.0,NOT ALLOTTED,ALLOTTED NOT ALLOTTED,NOT ALLOTTED,,,MP__MP Round 3 Allotment.txt,2997,
MP,Madhya Pradesh,2025,R3,NEET_AIR,4120.0,NOT ALLOTTED,ALLOTTED NOT ALLOTTED,NOT ALLOTTED,,,MP__MP Round 3 Allotment.txt,2999,
MP,Madhya Pradesh,2025,R3,NEET_AIR,4121.0,INDORE,MD PHYSIOLOGY,INST/UR/X/OP,,,MP__MP Round 3 Allotment.txt,3001,
MP,Madhya Pradesh,2025,R3,NEET_AIR,4125.0,OTORHINOLARYNGOLOGY (ENT),Private Clinical,FRESH ALLOTTED,,,MP__MP Round 3 Allotment.txt,3003,
MP,Madhya Pradesh,2025,R3,NEET_AIR,4126.0,GANDHI MEDICAL COLLEGE BHOPAL,MD BIOCHEMISTRY,INST/UR/X/OP,,,MP__MP Round 3 Allotment.txt,3004,
MP,Madhya Pradesh,2025,R3,NEET_AIR,4128.0,GENERAL MEDICINE,Govt Clinical,FRESH ALLOTTED,,,MP__MP Round 3 Allotment.txt,3005,
MP,Madhya Pradesh,2025,R3,NEET_AIR,4129.0,OTORHINOLARYNGOLOGY (ENT),Private Clinical,FRESH ALLOTTED,,,MP__MP Round 3 Allotment.txt,3007,
MP,Madhya Pradesh,2025,R3,NEET_AIR,4132.0,ORTHOPAEDICS,Private Clinical,FRESH ALLOTTED,,,MP__MP Round 3 Allotment.txt,3008,
MP,Madhya Pradesh,2025,R3,NEET_AIR,4133.0,ANAESTHESIOLOGY,Private Clinical,FRESH ALLOTTED,,,MP__MP Round 3 Allotment.txt,3010,
MP,Madhya Pradesh,2025,R3,NEET_AIR,4134.0,PHYSIOLOGY,Private Non Clinical,FRESH ALLOTTED,,,MP__MP Round 3 Allotment.txt,3012,
MP,Madhya Pradesh,2025,R3,NEET_AIR,4135.0,NOT ALLOTTED,ALLOTTED NOT ALLOTTED,NOT ALLOTTED,,,MP__MP Round 3 Allotment.txt,3014,
MP,Madhya Pradesh,2025,R3,NEET_AIR,4136.0,LN MEDICAL COLLEGE BHOPAL,MD COMMUNITY MEDICINE,UR/X/OP,,,MP__MP Round 3 Allotment.txt,3015,
MP,Madhya Pradesh,2025,R3,NEET_AIR,4138.0,LN MEDICAL COLLEGE BHOPAL,MD GENERAL MEDICINE,INST/UR/NRI/OP,,,MP__MP Round 3 Allotment.txt,3016,
MP,Madhya Pradesh,2025,R3,NEET_AIR,4140.0,ANAESTHESIOLOGY,Private Clinical,FRESH ALLOTTED,,,MP__MP Round 3 Allotment.txt,3018,
MP,Madhya Pradesh,2025,R3,NEET_AIR,4143.0,PAEDIATRICS,Private Clinical,FRESH ALLOTTED,,,MP__MP Round 3 Allotment.txt,3020,
MP,Madhya Pradesh,2025,R3,NEET_AIR,4146.0,LEPROSY,Private Clinical,FRESH ALLOTTED,,,MP__MP Round 3 Allotment.txt,3022,
MP,Madhya Pradesh,2025,R3,NEET_AIR,4148.0,LEPROSY,Private Clinical,FRESH ALLOTTED,,,MP__MP Round 3 Allotment.txt,3024,
MP,Madhya Pradesh,2025,R3,NEET_AIR,4151.0,COLLEGE VIDISHA,MD COMMUNITY MEDICINE,ST,,,MP__MP Round 3 Allotment.txt,3026,
MP,Madhya Pradesh,2025,R3,NEET_AIR,4152.0,LN MEDICAL COLLEGE BHOPAL,MS GENERAL SURGERY,INST/UR/X/OP,,,MP__MP Round 3 Allotment.txt,3027,
MP,Madhya Pradesh,2025,R3,NEET_AIR,4153.0,OTORHINOLARYNGOLOGY (ENT),Private Clinical,FRESH ALLOTTED,,,MP__MP Round 3 Allotment.txt,3028,
MP,Madhya Pradesh,2025,R3,NEET_AIR,4154.0,INDORE,MD BLOOD TRANSFUSION,IN_UR/X/OP,,,MP__MP Round 3 Allotment.txt,3030,
MP,Madhya Pradesh,2025,R3,NEET_AIR,4155.0,BUNDELKHAND MEDICAL COLLEGE SAGAR,MD PAEDIATRICS,IN_ST/X/OP,,,MP__MP Round 3 Allotment.txt,3031,
MP,Madhya Pradesh,2025,R3,NEET_AIR,4156.0,JABALPUR,MD PSYCHIATRY,IN_UR/X/OP,,,MP__MP Round 3 Allotment.txt,3033,
MP,Madhya Pradesh,2025,R3,NEET_AIR,4157.0,GOVERMENT MEDICAL COLLEGE RATLAM,MD PAEDIATRICS,IN_ST/X/OP,,,MP__MP Round 3 Allotment.txt,3034,
MP,Madhya Pradesh,2025,R3,NEET_AIR,4158.0,CENTER INDORE,MS OTORHINOLARYNGOLOGY (ENT),INST/UR/X/OP,,,MP__MP Round 3 Allotment.txt,3036,
MP,Madhya Pradesh,2025,R3,NEET_AIR,4160.0,NOT ALLOTTED,ALLOTTED NOT ALLOTTED,NOT ALLOTTED,,,MP__MP Round 3 Allotment.txt,3038,
MP,Madhya Pradesh,2025,R3,NEET_AIR,4163.0,CENTER INDORE,MD GENERAL MEDICINE,SC,,,MP__MP Round 3 Allotment.txt,3040,
MP,Madhya Pradesh,2025,R3,NEET_AIR,4164.0,LN MEDICAL COLLEGE BHOPAL,MS GENERAL SURGERY,INST/UR/X/OP,,,MP__MP Round 3 Allotment.txt,3041,
MP,Madhya Pradesh,2025,R3,NEET_AIR,4165.0,ORTHOPAEDICS,Private Clinical,FRESH ALLOTTED,,,MP__MP Round 3 Allotment.txt,3043,
MP,Madhya Pradesh,2025,R3,NEET_AIR,4169.0,AMALTAS INSTITUTE OF MEDICAL SCIENCES DEWAS,MD PSYCHIATRY,INST/UR/X/OP,,,MP__MP Round 3 Allotment.txt,3044,
MP,Madhya Pradesh,2025,R3,NEET_AIR,4170.0,NOT ALLOTTED,ALLOTTED NOT ALLOTTED,NOT ALLOTTED,,,MP__MP Round 3 Allotment.txt,3046,
MP,Madhya Pradesh,2025,R3,NEET_AIR,4171.0,GOVERNMENT MEDICAL COLLEGE DATIA,MD BIOCHEMISTRY,UR/X/OP,,,MP__MP Round 3 Allotment.txt,3047,
MP,Madhya Pradesh,2025,R3,NEET_AIR,4173.0,LEPROSY,Private Clinical,FRESH ALLOTTED,,,MP__MP Round 3 Allotment.txt,3049,
MP,Madhya Pradesh,2025,R3,NEET_AIR,4176.0,NOT ALLOTTED,ALLOTTED NOT ALLOTTED,NOT ALLOTTED,,,MP__MP Round 3 Allotment.txt,3051,
MP,Madhya Pradesh,2025,R3,NEET_AIR,4178.0,OTORHINOLARYNGOLOGY (ENT),Private Clinical,FRESH ALLOTTED,,,MP__MP Round 3 Allotment.txt,3052,
MP,Madhya Pradesh,2025,R3,NEET_AIR,4180.0,INDORE,MD PAEDIATRICS,SC,,,MP__MP Round 3 Allotment.txt,3054,
MP,Madhya Pradesh,2025,R3,NEET_AIR,4181.0,COMMUNITY MEDICINE,Private Non Clinical,FRESH ALLOTTED,,,MP__MP Round 3 Allotment.txt,3056,
MP,Madhya Pradesh,2025,R3,NEET_AIR,4183.0,NOT ALLOTTED,ALLOTTED NOT ALLOTTED,NOT ALLOTTED,,,MP__MP Round 3 Allotment.txt,3058,
MP,Madhya Pradesh,2025,R3,NEET_AIR,4184.0,NOT ALLOTTED,ALLOTTED NOT ALLOTTED,NOT ALLOTTED,,,MP__MP Round 3 Allotment.txt,3060,
MP,Madhya Pradesh,2025,R3,NEET_AIR,4186.0,ANAESTHESIOLOGY,Private Clinical,FRESH ALLOTTED,,,MP__MP Round 3 Allotment.txt,3062,
MP,Madhya Pradesh,2025,R3,NEET_AIR,4187.0,ORTHOPAEDICS,Private Clinical,FRESH ALLOTTED,,,MP__MP Round 3 Allotment.txt,3063,
MP,Madhya Pradesh,2025,R3,NEET_AIR,4188.0,CENTER INDORE,MD PSYCHIATRY,INST/UR/X/OP,,,MP__MP Round 3 Allotment.txt,3065,
MP,Madhya Pradesh,2025,R3,NEET_AIR,4191.0,NOT ALLOTTED,ALLOTTED NOT ALLOTTED,NOT ALLOTTED,,,MP__MP Round 3 Allotment.txt,3067,
MP,Madhya Pradesh,2025,R3,NEET_AIR,4192.0,NOT ALLOTTED,ALLOTTED NOT ALLOTTED,NOT ALLOTTED,,,MP__MP Round 3 Allotment.txt,3069,
MP,Madhya Pradesh,2025,R3,NEET_AIR,4194.0,NOT ALLOTTED,NOT ALLOTTED NOT ALLOTTED,NOT ALLOTTED,,,MP__MP Round 3 Allotment.txt,3071,
MP,Madhya Pradesh,2025,R3,NEET_AIR,4195.0,NOT ALLOTTED,ALLOTTED NOT ALLOTTED,NOT ALLOTTED,,,MP__MP Round 3 Allotment.txt,3073,
MP,Madhya Pradesh,2025,R3,NEET_AIR,4198.0,ANATOMY,Govt Non Clinical,FRESH ALLOTTED,,,MP__MP Round 3 Allotment.txt,3074,
MP,Madhya Pradesh,2025,R3,NEET_AIR,4200.0,ORTHOPAEDICS,Private Clinical,FRESH ALLOTTED,,,MP__MP Round 3 Allotment.txt,3076,
MP,Madhya Pradesh,2025,R3,NEET_AIR,4201.0,ANAESTHESIOLOGY,Private Clinical,FRESH ALLOTTED,,,MP__MP Round 3 Allotment.txt,3078,
MP,Madhya Pradesh,2025,R3,NEET_AIR,4203.0,AMALTAS INSTITUTE OF MEDICAL SCIENCES DEWAS,MS OBSTETRICS AND GYNAECOLOGY,INST/UR/NRI/OP,,,MP__MP Round 3 Allotment.txt,3082,
MP,Madhya Pradesh,2025,R3,NEET_AIR,4204.0,NOT ALLOTTED,ALLOTTED NOT ALLOTTED,NOT ALLOTTED,,,MP__MP Round 3 Allotment.txt,3084,
MP,Madhya Pradesh,2025,R3,NEET_AIR,4206.0,PAEDIATRICS,Private Clinical,FRESH ALLOTTED,,,MP__MP Round 3 Allotment.txt,3086,
MP,Madhya Pradesh,2025,R3,NEET_AIR,4208.0,GENERAL SURGERY,Private Clinical,FRESH ALLOTTED,,,MP__MP Round 3 Allotment.txt,3087,
MP,Madhya Pradesh,2025,R3,NEET_AIR,4209.0,OTORHINOLARYNGOLOGY (ENT),Private Clinical,FRESH ALLOTTED,,,MP__MP Round 3 Allotment.txt,3089,
MP,Madhya Pradesh,2025,R3,NEET_AIR,4210.0,NOT ALLOTTED,ALLOTTED NOT ALLOTTED,NOT ALLOTTED,,,MP__MP Round 3 Allotment.txt,3091,
MP,Madhya Pradesh,2025,R3,NEET_AIR,4211.0,COMMUNITY MEDICINE,Private Non Clinical,FRESH ALLOTTED,,,MP__MP Round 3 Allotment.txt,3093,
MP,Madhya Pradesh,2025,R3,NEET_AIR,4218.0,ANAESTHESIOLOGY,Private Clinical,FRESH ALLOTTED,,,MP__MP Round 3 Allotment.txt,3095,
MP,Madhya Pradesh,2025,R3,NEET_AIR,4221.0,OTORHINOLARYNGOLOGY (ENT),Private Clinical,FRESH ALLOTTED,,,MP__MP Round 3 Allotment.txt,3097,
MP,Madhya Pradesh,2025,R3,NEET_AIR,4222.0,LN MEDICAL COLLEGE BHOPAL,MD ANAESTHESIOLOGY,INST/UR/X/OP,,,MP__MP Round 3 Allotment.txt,3098,
MP,Madhya Pradesh,2025,R3,NEET_AIR,4223.0,NOT ALLOTTED,ALLOTTED NOT ALLOTTED,NOT ALLOTTED,,,MP__MP Round 3 Allotment.txt,3100,
MP,Madhya Pradesh,2025,R3,NEET_AIR,4224.0,CENTER INDORE,MD GENERAL MEDICINE,SC,,,MP__MP Round 3 Allotment.txt,3102,
MP,Madhya Pradesh,2025,R3,NEET_AIR,4226.0,RESEARCH BHOPAL,MS ORTHOPAEDICS,SC,,,MP__MP Round 3 Allotment.txt,3104,
MP,Madhya Pradesh,2025,R3,NEET_AIR,4229.0,ANAESTHESIOLOGY,Private Clinical,FRESH ALLOTTED,,,MP__MP Round 3 Allotment.txt,3106,
MP,Madhya Pradesh,2025,R3,NEET_AIR,4231.0,NOT ALLOTTED,ALLOTTED NOT ALLOTTED,NOT ALLOTTED,,,MP__MP Round 3 Allotment.txt,3111,
MP,Madhya Pradesh,2025,R3,NEET_AIR,4233.0,LEPROSY,Private Clinical,FRESH ALLOTTED,,,MP__MP Round 3 Allotment.txt,3113,
MP,Madhya Pradesh,2025,R3,NEET_AIR,4234.0,BUNDELKHAND MEDICAL COLLEGE SAGAR,MD COMMUNITY MEDICINE,INST/UR/X/OP,,,MP__MP Round 3 Allotment.txt,3114,
MP,Madhya Pradesh,2025,R3,NEET_AIR,4237.0,ANAESTHESIOLOGY,Private Clinical,FRESH ALLOTTED,,,MP__MP Round 3 Allotment.txt,3116,
MP,Madhya Pradesh,2025,R3,NEET_AIR,4246.0,NOT ALLOTTED,ALLOTTED NOT ALLOTTED,NOT ALLOTTED,,,MP__MP Round 3 Allotment.txt,3118,
MP,Madhya Pradesh,2025,R3,NEET_AIR,4250.0,INDORE,MD LEPROSY,ST,,,MP__MP Round 3 Allotment.txt,3120,
MP,Madhya Pradesh,2025,R3,NEET_AIR,4253.0,LEPROSY,Private Clinical,FRESH ALLOTTED,,,MP__MP Round 3 Allotment.txt,3122,
MP,Madhya Pradesh,2025,R3,NEET_AIR,4254.0,NOT ALLOTTED,ALLOTTED NOT ALLOTTED,NOT ALLOTTED,,,MP__MP Round 3 Allotment.txt,3124,
MP,Madhya Pradesh,2025,R3,NEET_AIR,4255.0,ANAESTHESIOLOGY,Private Clinical,FRESH ALLOTTED,,,MP__MP Round 3 Allotment.txt,3126,
MP,Madhya Pradesh,2025,R3,NEET_AIR,4256.0,NOT ALLOTTED,ALLOTTED NOT ALLOTTED,NOT ALLOTTED,,,MP__MP Round 3 Allotment.txt,3128,
MP,Madhya Pradesh,2025,R3,NEET_AIR,4257.0,RESEARCH BHOPAL,MS ORTHOPAEDICS,INST/UR/NRI/OP,,,MP__MP Round 3 Allotment.txt,3130,
MP,Madhya Pradesh,2025,R3,NEET_AIR,4259.0,PEOPLES COLLEGE OF MEDICAL SCIENCE BHOPAL,MS OBSTETRICS AND GYNAECOLOGY,ST,,,MP__MP Round 3 Allotment.txt,3131,
MP,Madhya Pradesh,2025,R3,NEET_AIR,4260.0,ANAESTHESIOLOGY,Private Clinical,FRESH ALLOTTED,,,MP__MP Round 3 Allotment.txt,3133,
MP,Madhya Pradesh,2025,R3,NEET_AIR,4262.0,LEPROSY,Private Clinical,FRESH ALLOTTED,,,MP__MP Round 3 Allotment.txt,3135,
MP,Madhya Pradesh,2025,R3,NEET_AIR,4263.0,PEOPLES COLLEGE OF MEDICAL SCIENCE BHOPAL,MS OPHTHALMOLOGY,INST/UR/X/OP,,,MP__MP Round 3 Allotment.txt,3136,
MP,Madhya Pradesh,2025,R3,NEET_AIR,4265.0,ANAESTHESIOLOGY,Private Clinical,FRESH ALLOTTED,,,MP__MP Round 3 Allotment.txt,3138,
MP,Madhya Pradesh,2025,R3,NEET_AIR,4266.0,INDORE,MD PHYSIOLOGY,INST/UR/X/OP,,,MP__MP Round 3 Allotment.txt,3140,
MP,Madhya Pradesh,2025,R3,NEET_AIR,4268.0,GANDHI MEDICAL COLLEGE BHOPAL,MS OTORHINOLARYNGOLOGY (ENT),IN_UR/X/OP,,,MP__MP Round 3 Allotment.txt,3141,
MP,Madhya Pradesh,2025,R3,NEET_AIR,4272.0,NOT ALLOTTED,ALLOTTED NOT ALLOTTED,NOT ALLOTTED,,,MP__MP Round 3 Allotment.txt,3143,
MP,Madhya Pradesh,2025,R3,NEET_AIR,4273.0,CENTER INDORE,MD RADIODIAGNOSIS,ST,,,MP__MP Round 3 Allotment.txt,3145,
MP,Madhya Pradesh,2025,R3,NEET_AIR,4274.0,NOT ALLOTTED,ALLOTTED NOT ALLOTTED,NOT ALLOTTED,,,MP__MP Round 3 Allotment.txt,3147,
MP,Madhya Pradesh,2025,R3,NEET_AIR,4276.0,PEOPLES COLLEGE OF MEDICAL SCIENCE BHOPAL,MD PAEDIATRICS,INST/UR/NRI/OP,,,MP__MP Round 3 Allotment.txt,3162,
MP,Madhya Pradesh,2025,R3,NEET_AIR,4279.0,INDORE,MD MICROBIOLOGY,ST,,,MP__MP Round 3 Allotment.txt,3164,
MP,Madhya Pradesh,2025,R3,NEET_AIR,4280.0,LN MEDICAL COLLEGE BHOPAL,MS GENERAL SURGERY,INST/UR/X/OP,,,MP__MP Round 3 Allotment.txt,3165,
MP,Madhya Pradesh,2025,R3,NEET_AIR,4281.0,NOT ALLOTTED,ALLOTTED NOT ALLOTTED,NOT ALLOTTED,,,MP__MP Round 3 Allotment.txt,3167,
MP,Madhya Pradesh,2025,R3,NEET_AIR,4283.0,PATHOLOGY,Private Non Clinical,FRESH ALLOTTED,,,MP__MP Round 3 Allotment.txt,3168,
MP,Madhya Pradesh,2025,R3,NEET_AIR,4284.0,NOT ALLOTTED,ALLOTTED NOT ALLOTTED,NOT ALLOTTED,,,MP__MP Round 3 Allotment.txt,3170,
MP,Madhya Pradesh,2025,R3,NEET_AIR,4285.0,ANAESTHESIOLOGY,Private Clinical,FRESH ALLOTTED,,,MP__MP Round 3 Allotment.txt,3172,
MP,Madhya Pradesh,2025,R3,NEET_AIR,4287.0,NOT ALLOTTED,ALLOTTED NOT ALLOTTED,NOT ALLOTTED,,,MP__MP Round 3 Allotment.txt,3174,
MP,Madhya Pradesh,2025,R3,NEET_AIR,4288.0,NOT ALLOTTED,ALLOTTED NOT ALLOTTED,NOT ALLOTTED,,,MP__MP Round 3 Allotment.txt,3176,
MP,Madhya Pradesh,2025,R3,NEET_AIR,4289.0,ANAESTHESIOLOGY,Private Clinical,FRESH ALLOTTED,,,MP__MP Round 3 Allotment.txt,3178,
MP,Madhya Pradesh,2025,R3,NEET_AIR,4290.0,INDORE,MS OBSTETRICS AND GYNAECOLOGY,IN_SC/X/OP,,,MP__MP Round 3 Allotment.txt,3180,
MP,Madhya Pradesh,2025,R3,NEET_AIR,4291.0,GANDHI MEDICAL COLLEGE BHOPAL,MS GENERAL SURGERY,IN_ST/X/OP,,,MP__MP Round 3 Allotment.txt,3181,
MP,Madhya Pradesh,2025,R3,NEET_AIR,4292.0,MEDICAL COLLEGE KHANDWA,MD COMMUNITY MEDICINE,OBC,,,MP__MP Round 3 Allotment.txt,3183,
MP,Madhya Pradesh,2025,R3,NEET_AIR,4293.0,NOT ALLOTTED,ALLOTTED NOT ALLOTTED,NOT ALLOTTED,,,MP__MP Round 3 Allotment.txt,3185,
MP,Madhya Pradesh,2025,R3,NEET_AIR,4294.0,INDORE,MS GENERAL SURGERY,INST/UR/NRI/OP,,,MP__MP Round 3 Allotment.txt,3187,
MP,Madhya Pradesh,2025,R3,NEET_AIR,4295.0,NOT ALLOTTED,ALLOTTED NOT ALLOTTED,NOT ALLOTTED,,,MP__MP Round 3 Allotment.txt,3189,
MP,Madhya Pradesh,2025,R3,NEET_AIR,4296.0,NOT ALLOTTED,ALLOTTED NOT ALLOTTED,NOT ALLOTTED,,,MP__MP Round 3 Allotment.txt,3191,
MP,Madhya Pradesh,2025,R3,NEET_AIR,4297.0,NOT ALLOTTED,ALLOTTED NOT ALLOTTED,NOT ALLOTTED,,,MP__MP Round 3 Allotment.txt,3193,
MP,Madhya Pradesh,2025,R3,NEET_AIR,4298.0,LN MEDICAL COLLEGE BHOPAL,MD RADIODIAGNOSIS,ST,,,MP__MP Round 3 Allotment.txt,3194,
MP,Madhya Pradesh,2025,R3,NEET_AIR,4299.0,NOT ALLOTTED,ALLOTTED NOT ALLOTTED,NOT ALLOTTED,,,MP__MP Round 3 Allotment.txt,3196,
MP,Madhya Pradesh,2025,R3,NEET_AIR,4300.0,NOT ALLOTTED,NOT ALLOTTED NOT ALLOTTED,NOT ALLOTTED,,,MP__MP Round 3 Allotment.txt,3198,
MP,Madhya Pradesh,2025,R3,NEET_AIR,4302.0,NOT ALLOTTED,ALLOTTED NOT ALLOTTED,NOT ALLOTTED,,,MP__MP Round 3 Allotment.txt,3200,
MP,Madhya Pradesh,2025,R3,NEET_AIR,4303.0,OTORHINOLARYNGOLOGY (ENT),Private Clinical,FRESH ALLOTTED,,,MP__MP Round 3 Allotment.txt,3202,
MP,Madhya Pradesh,2025,R3,NEET_AIR,4306.0,ORTHOPAEDICS,Private Clinical,FRESH ALLOTTED,,,MP__MP Round 3 Allotment.txt,3204,
MP,Madhya Pradesh,2025,R3,NEET_AIR,4309.0,NOT ALLOTTED,ALLOTTED NOT ALLOTTED,NOT ALLOTTED,,,MP__MP Round 3 Allotment.txt,3206,
MP,Madhya Pradesh,2025,R3,NEET_AIR,4311.0,NOT ALLOTTED,ALLOTTED NOT ALLOTTED,NOT ALLOTTED,,,MP__MP Round 3 Allotment.txt,3208,
MP,Madhya Pradesh,2025,R3,NEET_AIR,4312.0,NOT ALLOTTED,ALLOTTED NOT ALLOTTED,NOT ALLOTTED,,,MP__MP Round 3 Allotment.txt,3210,
MP,Madhya Pradesh,2025,R3,NEET_AIR,4313.0,NOT ALLOTTED,ALLOTTED NOT ALLOTTED,NOT ALLOTTED,,,MP__MP Round 3 Allotment.txt,3212,
MP,Madhya Pradesh,2025,R3,NEET_AIR,4314.0,GANDHI MEDICAL COLLEGE BHOPAL,MD BIOCHEMISTRY,INST/UR/X/OP,,,MP__MP Round 3 Allotment.txt,3213,
MP,Madhya Pradesh,2025,R3,NEET_AIR,4315.0,PATHOLOGY,Private Non Clinical,FRESH ALLOTTED,,,MP__MP Round 3 Allotment.txt,3214,
MP,Madhya Pradesh,2025,R3,NEET_AIR,4316.0,NOT ALLOTTED,ALLOTTED NOT ALLOTTED,NOT ALLOTTED,,,MP__MP Round 3 Allotment.txt,3216,
MP,Madhya Pradesh,2025,R3,NEET_AIR,4318.0,NOT ALLOTTED,ALLOTTED NOT ALLOTTED,NOT ALLOTTED,,,MP__MP Round 3 Allotment.txt,3218,
MP,Madhya Pradesh,2025,R3,NEET_AIR,4319.0,GOVERNMENT MEDICAL COLLEGE DATIA,MD COMMUNITY MEDICINE,ST,,,MP__MP Round 3 Allotment.txt,3219,
MP,Madhya Pradesh,2025,R3,NEET_AIR,4320.0,NOT ALLOTTED,ALLOTTED NOT ALLOTTED,NOT ALLOTTED,,,MP__MP Round 3 Allotment.txt,3221,
MP,Madhya Pradesh,2025,R3,NEET_AIR,4321.0,ANAESTHESIOLOGY,Private Clinical,FRESH ALLOTTED,,,MP__MP Round 3 Allotment.txt,3223,
MP,Madhya Pradesh,2025,R3,NEET_AIR,4322.0,NOT ALLOTTED,ALLOTTED NOT ALLOTTED,NOT ALLOTTED,,,MP__MP Round 3 Allotment.txt,3225,
MP,Madhya Pradesh,2025,R3,NEET_AIR,4325.0,ORTHOPAEDICS,Private Clinical,FRESH ALLOTTED,,,MP__MP Round 3 Allotment.txt,3226,
MP,Madhya Pradesh,2025,R3,NEET_AIR,4326.0,INDORE,MD PAEDIATRICS,SC,,,MP__MP Round 3 Allotment.txt,3228,
MP,Madhya Pradesh,2025,R3,NEET_AIR,4327.0,CHIRAYU MEDICAL COLLEGE AND HOSPITAL BHOPAL,MS ORTHOPAEDICS,INST/UR/NRI/OP,,,MP__MP Round 3 Allotment.txt,3229,
MP,Madhya Pradesh,2025,R3,NEET_AIR,4328.0,CHIRAYU MEDICAL COLLEGE AND HOSPITAL BHOPAL,MS ORTHOPAEDICS,INST/UR/NRI/OP,,,MP__MP Round 3 Allotment.txt,3230,
MP,Madhya Pradesh,2025,R3,NEET_AIR,4329.0,AMALTAS INSTITUTE OF MEDICAL SCIENCES DEWAS,MD PATHOLOGY,UR/X/OP,,,MP__MP Round 3 Allotment.txt,3231,
MP,Madhya Pradesh,2025,R3,NEET_AIR,4330.0,NOT ALLOTTED,ALLOTTED NOT ALLOTTED,NOT ALLOTTED,,,MP__MP Round 3 Allotment.txt,3233,
MP,Madhya Pradesh,2025,R3,NEET_AIR,4332.0,CENTER INDORE,MD GENERAL MEDICINE,SC,,,MP__MP Round 3 Allotment.txt,3235,
MP,Madhya Pradesh,2025,R3,NEET_AIR,4333.0,NOT ALLOTTED,ALLOTTED NOT ALLOTTED,NOT ALLOTTED,,,MP__MP Round 3 Allotment.txt,3237,
MP,Madhya Pradesh,2025,R3,NEET_AIR,4336.0,NOT ALLOTTED,ALLOTTED NOT ALLOTTED,NOT ALLOTTED,,,MP__MP Round 3 Allotment.txt,3239,
MP,Madhya Pradesh,2025,R3,NEET_AIR,4337.0,NOT ALLOTTED,ALLOTTED NOT ALLOTTED,NOT ALLOTTED,,,MP__MP Round 3 Allotment.txt,3241,
MP,Madhya Pradesh,2025,R3,NEET_AIR,4340.0,GENERAL SURGERY,Private Clinical,FRESH ALLOTTED,,,MP__MP Round 3 Allotment.txt,3243,
MP,Madhya Pradesh,2025,R3,NEET_AIR,4341.0,NOT ALLOTTED,ALLOTTED NOT ALLOTTED,NOT ALLOTTED,,,MP__MP Round 3 Allotment.txt,3245,
MP,Madhya Pradesh,2025,R3,NEET_AIR,4342.0,ORTHOPAEDICS,Govt Clinical,FRESH ALLOTTED,,,MP__MP Round 3 Allotment.txt,3246,
MP,Madhya Pradesh,2025,R3,NEET_AIR,4343.0,LN MEDICAL COLLEGE BHOPAL,MD ANAESTHESIOLOGY,INST/UR/X/OP,,,MP__MP Round 3 Allotment.txt,3247,
MP,Madhya Pradesh,2025,R3,NEET_AIR,4347.0,NOT ALLOTTED,ALLOTTED NOT ALLOTTED,NOT ALLOTTED,,,MP__MP Round 3 Allotment.txt,3249,
MP,Madhya Pradesh,2025,R3,NEET_AIR,4354.0,INDORE,MD ANAESTHESIOLOGY,IN_ST/X/OP,,,MP__MP Round 3 Allotment.txt,3251,
MP,Madhya Pradesh,2025,R3,NEET_AIR,4355.0,AMALTAS INSTITUTE OF MEDICAL SCIENCES DEWAS,MD GENERAL MEDICINE,IN_UR/X/OP,,,MP__MP Round 3 Allotment.txt,3252,
MP,Madhya Pradesh,2025,R3,NEET_AIR,4356.0,GOVERNMENT MEDICAL COLLEGE DATIA,MS ORTHOPAEDICS,IN_ST/X/OP,,,MP__MP Round 3 Allotment.txt,3253,
MP,Madhya Pradesh,2025,R3,NEET_AIR,4358.0,NOT ALLOTTED,ALLOTTED NOT ALLOTTED,NOT ALLOTTED,,,MP__MP Round 3 Allotment.txt,3255,
MP,Madhya Pradesh,2025,R3,NEET_AIR,4360.0,GANDHI MEDICAL COLLEGE BHOPAL,MD MICROBIOLOGY,INST/UR/X/OP,,,MP__MP Round 3 Allotment.txt,3256,
MP,Madhya Pradesh,2025,R3,NEET_AIR,4361.0,AMALTAS INSTITUTE OF MEDICAL SCIENCES DEWAS,MS OTORHINOLARYNGOLOGY (ENT),INST/UR/X/OP,,,MP__MP Round 3 Allotment.txt,3257,
MP,Madhya Pradesh,2025,R3,NEET_AIR,4362.0,NOT ALLOTTED,ALLOTTED NOT ALLOTTED,NOT ALLOTTED,,,MP__MP Round 3 Allotment.txt,3259,
MP,Madhya Pradesh,2025,R3,NEET_AIR,4364.0,RD GARDI MEDICAL COLLEGE UJJAIN,MS OPHTHALMOLOGY,OBC,,,MP__MP Round 3 Allotment.txt,3260,
MP,Madhya Pradesh,2025,R3,NEET_AIR,4365.0,AMALTAS INSTITUTE OF MEDICAL SCIENCES DEWAS,MD PSYCHIATRY,INST/UR/X/OP,,,MP__MP Round 3 Allotment.txt,3261,
MP,Madhya Pradesh,2025,R3,NEET_AIR,4366.0,PEOPLES COLLEGE OF MEDICAL SCIENCE BHOPAL,MD ANAESTHESIOLOGY,INST/UR/X/OP,,,MP__MP Round 3 Allotment.txt,3262,
MP,Madhya Pradesh,2025,R3,NEET_AIR,4367.0,OTORHINOLARYNGOLOGY (ENT),Private Clinical,FRESH ALLOTTED,,,MP__MP Round 3 Allotment.txt,3264,
MP,Madhya Pradesh,2025,R3,NEET_AIR,4368.0,GANDHI MEDICAL COLLEGE BHOPAL,MD TOXICOLOGY,INST/UR/X/OP,,,MP__MP Round 3 Allotment.txt,3266,
MP,Madhya Pradesh,2025,R3,NEET_AIR,4369.0,NOT ALLOTTED,NOT ALLOTTED NOT ALLOTTED,NOT ALLOTTED,,,MP__MP Round 3 Allotment.txt,3268,
MP,Madhya Pradesh,2025,R3,NEET_AIR,4370.0,NOT ALLOTTED,NOT ALLOTTED NOT ALLOTTED,NOT ALLOTTED,,,MP__MP Round 3 Allotment.txt,3270,
MP,Madhya Pradesh,2025,R3,NEET_AIR,4372.0,CHIRAYU MEDICAL COLLEGE AND HOSPITAL BHOPAL,MS OBSTETRICS AND GYNAECOLOGY,INST/UR/NRI/OP,,,MP__MP Round 3 Allotment.txt,3271,
MP,Madhya Pradesh,2025,R3,NEET_AIR,4374.0,CENTRE BHOPAL,MD GENERAL MEDICINE,SC,,,MP__MP Round 3 Allotment.txt,3273,
MP,Madhya Pradesh,2025,R3,NEET_AIR,4376.0,JABALPUR,MD COMMUNITY MEDICINE,SC,,,MP__MP Round 3 Allotment.txt,3275,
MP,Madhya Pradesh,2025,R3,NEET_AIR,4377.0,ANAESTHESIOLOGY,Private Clinical,FRESH ALLOTTED,,,MP__MP Round 3 Allotment.txt,3277,
MP,Madhya Pradesh,2025,R3,NEET_AIR,4379.0,NOT ALLOTTED,NOT ALLOTTED NOT ALLOTTED,NOT ALLOTTED,,,MP__MP Round 3 Allotment.txt,3279,
MP,Madhya Pradesh,2025,R3,NEET_AIR,4380.0,BUNDELKHAND MEDICAL COLLEGE SAGAR,MS OPHTHALMOLOGY,IN_UR/X/OP,,,MP__MP Round 3 Allotment.txt,3280,
MP,Madhya Pradesh,2025,R3,NEET_AIR,4382.0,SHYAM SHAH MEDICAL COLLEGE REWA,MD COMMUNITY MEDICINE,INST/UR/X/OP,,,MP__MP Round 3 Allotment.txt,3281,
MP,Madhya Pradesh,2025,R3,NEET_AIR,4383.0,PEOPLES COLLEGE OF MEDICAL SCIENCE BHOPAL,MS OTORHINOLARYNGOLOGY (ENT),INST/UR/X/OP,,,MP__MP Round 3 Allotment.txt,3282,
MP,Madhya Pradesh,2025,R3,NEET_AIR,4384.0,PEOPLES COLLEGE OF MEDICAL SCIENCE BHOPAL,MD LEPROSY,IN_UR/X/OP,,,MP__MP Round 3 Allotment.txt,3284,
MP,Madhya Pradesh,2025,R3,NEET_AIR,4386.0,CENTER INDORE,MS GENERAL SURGERY,INST/UR/X/OP,,,MP__MP Round 3 Allotment.txt,3286,
MP,Madhya Pradesh,2025,R3,NEET_AIR,4387.0,OTORHINOLARYNGOLOGY (ENT),Private Clinical,FRESH ALLOTTED,,,MP__MP Round 3 Allotment.txt,3288,
MP,Madhya Pradesh,2025,R3,NEET_AIR,4389.0,MICROBIOLOGY,Govt Non Clinical,FRESH ALLOTTED,,,MP__MP Round 3 Allotment.txt,3289,
MP,Madhya Pradesh,2025,R3,NEET_AIR,4390.0,ANAESTHESIOLOGY,Private Clinical,FRESH ALLOTTED,,,MP__MP Round 3 Allotment.txt,3291,
MP,Madhya Pradesh,2025,R3,NEET_AIR,4391.0,CENTER INDORE,MD RADIODIAGNOSIS,ST,,,MP__MP Round 3 Allotment.txt,3293,
MP,Madhya Pradesh,2025,R3,NEET_AIR,4394.0,PHARMACOLOGY,Govt Non Clinical,FRESH ALLOTTED,,,MP__MP Round 3 Allotment.txt,3297,
MP,Madhya Pradesh,2025,R3,NEET_AIR,4396.0,NOT ALLOTTED,ALLOTTED NOT ALLOTTED,NOT ALLOTTED,,,MP__MP Round 3 Allotment.txt,3299,
MP,Madhya Pradesh,2025,R3,NEET_AIR,4397.0,LN MEDICAL COLLEGE BHOPAL,MS OBSTETRICS AND GYNAECOLOGY,ST,,,MP__MP Round 3 Allotment.txt,3300,
MP,Madhya Pradesh,2025,R3,NEET_AIR,4398.0,ORTHOPAEDICS,Private Clinical,FRESH ALLOTTED,,,MP__MP Round 3 Allotment.txt,3301,
MP,Madhya Pradesh,2025,R3,NEET_AIR,4399.0,NOT ALLOTTED,ALLOTTED NOT ALLOTTED,NOT ALLOTTED,,,MP__MP Round 3 Allotment.txt,3303,
MP,Madhya Pradesh,2025,R3,NEET_AIR,4401.0,PAEDIATRICS,Private Clinical,FRESH ALLOTTED,,,MP__MP Round 3 Allotment.txt,3304,
MP,Madhya Pradesh,2025,R3,NEET_AIR,4403.0,RD GARDI MEDICAL COLLEGE UJJAIN,MD COMMUNITY MEDICINE,UR/X/OP,,,MP__MP Round 3 Allotment.txt,3305,
MP,Madhya Pradesh,2025,R3,NEET_AIR,4405.0,NOT ALLOTTED,ALLOTTED NOT ALLOTTED,NOT ALLOTTED,,,MP__MP Round 3 Allotment.txt,3307,
MP,Madhya Pradesh,2025,R3,NEET_AIR,4408.0,PATHOLOGY,Private Non Clinical,FRESH ALLOTTED,,,MP__MP Round 3 Allotment.txt,3308,
MP,Madhya Pradesh,2025,R3,NEET_AIR,4410.0,NOT ALLOTTED,ALLOTTED NOT ALLOTTED,NOT ALLOTTED,,,MP__MP Round 3 Allotment.txt,3310,
MP,Madhya Pradesh,2025,R3,NEET_AIR,4411.0,RESEARCH BHOPAL,MS OBSTETRICS AND GYNAECOLOGY,ST,,,MP__MP Round 3 Allotment.txt,3312,
MP,Madhya Pradesh,2025,R3,NEET_AIR,4412.0,INDORE,MD COMMUNITY MEDICINE,SC,,,MP__MP Round 3 Allotment.txt,3314,
MP,Madhya Pradesh,2025,R3,NEET_AIR,4413.0,GANDHI MEDICAL COLLEGE BHOPAL,MD TOXICOLOGY,SC,,,MP__MP Round 3 Allotment.txt,3316,
MP,Madhya Pradesh,2025,R3,NEET_AIR,4415.0,INDORE,MD PAEDIATRICS,SC,,,MP__MP Round 3 Allotment.txt,3318,
MP,Madhya Pradesh,2025,R3,NEET_AIR,4416.0,NOT ALLOTTED,ALLOTTED NOT ALLOTTED,NOT ALLOTTED,,,MP__MP Round 3 Allotment.txt,3320,
MP,Madhya Pradesh,2025,R3,NEET_AIR,4417.0,LN MEDICAL COLLEGE BHOPAL,MS GENERAL SURGERY,INST/UR/X/OP,,,MP__MP Round 3 Allotment.txt,3321,
MP,Madhya Pradesh,2025,R3,NEET_AIR,4418.0,NOT ALLOTTED,ALLOTTED NOT ALLOTTED,NOT ALLOTTED,,,MP__MP Round 3 Allotment.txt,3323,
MP,Madhya Pradesh,2025,R3,NEET_AIR,4419.0,INDORE,MD RADIODIAGNOSIS,INST/UR/NRI/OP,,,MP__MP Round 3 Allotment.txt,3325,
MP,Madhya Pradesh,2025,R3,NEET_AIR,4424.0,GENERAL SURGERY,Private Clinical,FRESH ALLOTTED,,,MP__MP Round 3 Allotment.txt,3327,
MP,Madhya Pradesh,2025,R3,NEET_AIR,4425.0,GENERAL SURGERY,Private Clinical,FRESH ALLOTTED,,,MP__MP Round 3 Allotment.txt,3329,
MP,Madhya Pradesh,2025,R3,NEET_AIR,4428.0,INDORE,MD PHYSIOLOGY,INST/UR/X/OP,,,MP__MP Round 3 Allotment.txt,3331,
MP,Madhya Pradesh,2025,R3,NEET_AIR,4429.0,ANAESTHESIOLOGY,Private Clinical,FRESH ALLOTTED,,,MP__MP Round 3 Allotment.txt,3333,
MP,Madhya Pradesh,2025,R3,NEET_AIR,4430.0,NOT ALLOTTED,ALLOTTED NOT ALLOTTED,NOT ALLOTTED,,,MP__MP Round 3 Allotment.txt,3349,
MP,Madhya Pradesh,2025,R3,NEET_AIR,4431.0,NOT ALLOTTED,ALLOTTED NOT ALLOTTED,NOT ALLOTTED,,,MP__MP Round 3 Allotment.txt,3351,
MP,Madhya Pradesh,2025,R3,NEET_AIR,4432.0,ORTHOPAEDICS,Private Clinical,FRESH ALLOTTED,,,MP__MP Round 3 Allotment.txt,3353,
MP,Madhya Pradesh,2025,R3,NEET_AIR,4436.0,NOT ALLOTTED,ALLOTTED NOT ALLOTTED,NOT ALLOTTED,,,MP__MP Round 3 Allotment.txt,3355,
MP,Madhya Pradesh,2025,R3,NEET_AIR,4438.0,RD GARDI MEDICAL COLLEGE UJJAIN,MD ANAESTHESIOLOGY,OBC,,,MP__MP Round 3 Allotment.txt,3356,
MP,Madhya Pradesh,2025,R3,NEET_AIR,4439.0,NOT ALLOTTED,ALLOTTED NOT ALLOTTED,NOT ALLOTTED,,,MP__MP Round 3 Allotment.txt,3358,
MP,Madhya Pradesh,2025,R3,NEET_AIR,4441.0,NOT ALLOTTED,ALLOTTED NOT ALLOTTED,NOT ALLOTTED,,,MP__MP Round 3 Allotment.txt,3360,
MP,Madhya Pradesh,2025,R3,NEET_AIR,4442.0,NOT ALLOTTED,ALLOTTED NOT ALLOTTED,NOT ALLOTTED,,,MP__MP Round 3 Allotment.txt,3362,
MP,Madhya Pradesh,2025,R3,NEET_AIR,4443.0,ANAESTHESIOLOGY,Private Clinical,FRESH ALLOTTED,,,MP__MP Round 3 Allotment.txt,3364,
MP,Madhya Pradesh,2025,R3,NEET_AIR,4445.0,LN MEDICAL COLLEGE BHOPAL,MD RADIODIAGNOSIS,ST,,,MP__MP Round 3 Allotment.txt,3365,
MP,Madhya Pradesh,2025,R3,NEET_AIR,4446.0,NOT ALLOTTED,ALLOTTED NOT ALLOTTED,NOT ALLOTTED,,,MP__MP Round 3 Allotment.txt,3367,
MP,Madhya Pradesh,2025,R3,NEET_AIR,4447.0,ORTHOPAEDICS,Private Clinical,FRESH ALLOTTED,,,MP__MP Round 3 Allotment.txt,3369,
MP,Madhya Pradesh,2025,R3,NEET_AIR,4448.0,NOT ALLOTTED,NOT ALLOTTED NOT ALLOTTED,NOT ALLOTTED,,,MP__MP Round 3 Allotment.txt,3371,
MP,Madhya Pradesh,2025,R3,NEET_AIR,4450.0,GOVERMENT MEDICAL COLLEGE SATNA,MD PHARMACOLOGY,UR/X/OP,,,MP__MP Round 3 Allotment.txt,3372,
MP,Madhya Pradesh,2025,R3,NEET_AIR,4451.0,LN MEDICAL COLLEGE BHOPAL,MD GENERAL MEDICINE,INST/UR/NRI/OP,,,MP__MP Round 3 Allotment.txt,3373,
MP,Madhya Pradesh,2025,R3,NEET_AIR,4453.0,GOVERMENT MEDICAL COLLEGE RATLAM,MD MICROBIOLOGY,INST/UR/X/OP,,,MP__MP Round 3 Allotment.txt,3374,
MP,Madhya Pradesh,2025,R3,NEET_AIR,4454.0,AMALTAS INSTITUTE OF MEDICAL SCIENCES DEWAS,MD COMMUNITY MEDICINE,UR/X/OP,,,MP__MP Round 3 Allotment.txt,3375,
MP,Madhya Pradesh,2025,R3,NEET_AIR,4457.0,BUNDELKHAND MEDICAL COLLEGE SAGAR,MD TOXICOLOGY,INST/UR/X/OP,,,MP__MP Round 3 Allotment.txt,3380,
MP,Madhya Pradesh,2025,R3,NEET_AIR,4458.0,INDORE,MS GENERAL SURGERY,SC,,,MP__MP Round 3 Allotment.txt,3382,
MP,Madhya Pradesh,2025,R3,NEET_AIR,4459.0,INDORE,MD COMMUNITY MEDICINE,IN_UR/X/OP,,,MP__MP Round 3 Allotment.txt,3384,
MP,Madhya Pradesh,2025,R3,NEET_AIR,4460.0,NOT ALLOTTED,ALLOTTED NOT ALLOTTED,NOT ALLOTTED,,,MP__MP Round 3 Allotment.txt,3386,
MP,Madhya Pradesh,2025,R3,NEET_AIR,4461.0,ANAESTHESIOLOGY,Private Clinical,FRESH ALLOTTED,,,MP__MP Round 3 Allotment.txt,3388,
MP,Madhya Pradesh,2025,R3,NEET_AIR,4462.0,CHIRAYU MEDICAL COLLEGE AND HOSPITAL BHOPAL,MD PATHOLOGY,UR/X/OP,,,MP__MP Round 3 Allotment.txt,3389,
MP,Madhya Pradesh,2025,R3,NEET_AIR,4463.0,LN MEDICAL COLLEGE BHOPAL,MS ORTHOPAEDICS,OBC,,,MP__MP Round 3 Allotment.txt,3390,
MP,Madhya Pradesh,2025,R3,NEET_AIR,4464.0,NOT ALLOTTED,ALLOTTED NOT ALLOTTED,NOT ALLOTTED,,,MP__MP Round 3 Allotment.txt,3392,
MP,Madhya Pradesh,2025,R3,NEET_AIR,4465.0,NOT ALLOTTED,NOT ALLOTTED NOT ALLOTTED,NOT ALLOTTED,,,MP__MP Round 3 Allotment.txt,3394,
MP,Madhya Pradesh,2025,R3,NEET_AIR,4466.0,INDORE,MS GENERAL SURGERY,INST/UR/NRI/OP,,,MP__MP Round 3 Allotment.txt,3396,
MP,Madhya Pradesh,2025,R3,NEET_AIR,4467.0,INDORE,MD ANAESTHESIOLOGY,IN_ST/X/OP,,,MP__MP Round 3 Allotment.txt,3398,
MP,Madhya Pradesh,2025,R3,NEET_AIR,4468.0,GANDHI MEDICAL COLLEGE BHOPAL,MD MICROBIOLOGY,OBC,,,MP__MP Round 3 Allotment.txt,3399,
MP,Madhya Pradesh,2025,R3,NEET_AIR,4469.0,CENTER INDORE,MS GENERAL SURGERY,INST/UR/X/OP,,,MP__MP Round 3 Allotment.txt,3401,
MP,Madhya Pradesh,2025,R3,NEET_AIR,4470.0,NOT ALLOTTED,ALLOTTED NOT ALLOTTED,NOT ALLOTTED,,,MP__MP Round 3 Allotment.txt,3403,
MP,Madhya Pradesh,2025,R3,NEET_AIR,4471.0,NOT ALLOTTED,ALLOTTED NOT ALLOTTED,NOT ALLOTTED,,,MP__MP Round 3 Allotment.txt,3405,
MP,Madhya Pradesh,2025,R3,NEET_AIR,4472.0,NOT ALLOTTED,ALLOTTED NOT ALLOTTED,NOT ALLOTTED,,,MP__MP Round 3 Allotment.txt,3407,
MP,Madhya Pradesh,2025,R3,NEET_AIR,4473.0,ANAESTHESIOLOGY,Private Clinical,FRESH ALLOTTED,,,MP__MP Round 3 Allotment.txt,3409,
MP,Madhya Pradesh,2025,R3,NEET_AIR,4476.0,GENERAL SURGERY,Private Clinical,FRESH ALLOTTED,,,MP__MP Round 3 Allotment.txt,3411,
MP,Madhya Pradesh,2025,R3,NEET_AIR,4481.0,NOT ALLOTTED,ALLOTTED NOT ALLOTTED,NOT ALLOTTED,,,MP__MP Round 3 Allotment.txt,3413,
MP,Madhya Pradesh,2025,R3,NEET_AIR,4482.0,NOT ALLOTTED,NOT ALLOTTED NOT ALLOTTED,NOT ALLOTTED,,,MP__MP Round 3 Allotment.txt,3415,
MP,Madhya Pradesh,2025,R3,NEET_AIR,4483.0,GANDHI MEDICAL COLLEGE BHOPAL,MD EMERGENCY MEDICINE,IN_SC/X/OP,,,MP__MP Round 3 Allotment.txt,3416,
MP,Madhya Pradesh,2025,R3,NEET_AIR,4484.0,NOT ALLOTTED,NOT ALLOTTED NOT ALLOTTED,NOT ALLOTTED,,,MP__MP Round 3 Allotment.txt,3418,
MP,Madhya Pradesh,2025,R3,NEET_AIR,4485.0,INDORE,MD RADIATION ONCOLOGY,SC,,,MP__MP Round 3 Allotment.txt,3420,
MP,Madhya Pradesh,2025,R3,NEET_AIR,4486.0,NOT ALLOTTED,ALLOTTED NOT ALLOTTED,NOT ALLOTTED,,,MP__MP Round 3 Allotment.txt,3422,
MP,Madhya Pradesh,2025,R3,NEET_AIR,4487.0,NOT ALLOTTED,ALLOTTED NOT ALLOTTED,NOT ALLOTTED,,,MP__MP Round 3 Allotment.txt,3424,
MP,Madhya Pradesh,2025,R3,NEET_AIR,4488.0,LN MEDICAL COLLEGE BHOPAL,MD PATHOLOGY,UR/X/OP,,,MP__MP Round 3 Allotment.txt,3425,
MP,Madhya Pradesh,2025,R3,NEET_AIR,4489.0,LN MEDICAL COLLEGE BHOPAL,MD GENERAL MEDICINE,INST/UR/NRI/OP,,,MP__MP Round 3 Allotment.txt,3426,
MP,Madhya Pradesh,2025,R3,NEET_AIR,4490.0,NOT ALLOTTED,ALLOTTED NOT ALLOTTED,NOT ALLOTTED,,,MP__MP Round 3 Allotment.txt,3428,
MP,Madhya Pradesh,2025,R3,NEET_AIR,4492.0,JABALPUR,MD LEPROSY,ST,,,MP__MP Round 3 Allotment.txt,3430,
MP,Madhya Pradesh,2025,R3,NEET_AIR,4494.0,LN MEDICAL COLLEGE BHOPAL,MS GENERAL SURGERY,INST/UR/X/OP,,,MP__MP Round 3 Allotment.txt,3431,
MP,Madhya Pradesh,2025,R3,NEET_AIR,4496.0,NOT ALLOTTED,ALLOTTED NOT ALLOTTED,NOT ALLOTTED,,,MP__MP Round 3 Allotment.txt,3433,
MP,Madhya Pradesh,2025,R3,NEET_AIR,4497.0,SHAHDOL,MD TOXICOLOGY,INST/UR/X/OP,,,MP__MP Round 3 Allotment.txt,3435,
MP,Madhya Pradesh,2025,R3,NEET_AIR,4498.0,NOT ALLOTTED,ALLOTTED NOT ALLOTTED,NOT ALLOTTED,,,MP__MP Round 3 Allotment.txt,3437,
MP,Madhya Pradesh,2025,R3,NEET_AIR,4501.0,CENTER INDORE,MS GENERAL SURGERY,INST/UR/X/OP,,,MP__MP Round 3 Allotment.txt,3439,
MP,Madhya Pradesh,2025,R3,NEET_AIR,4502.0,CENTER INDORE,MS GENERAL SURGERY,INST/UR/X/OP,,,MP__MP Round 3 Allotment.txt,3441,
MP,Madhya Pradesh,2025,R3,NEET_AIR,4503.0,PATHOLOGY,Private Non Clinical,FRESH ALLOTTED,,,MP__MP Round 3 Allotment.txt,3442,
MP,Madhya Pradesh,2025,R3,NEET_AIR,4506.0,NOT ALLOTTED,ALLOTTED NOT ALLOTTED,NOT ALLOTTED,,,MP__MP Round 3 Allotment.txt,3444,
MP,Madhya Pradesh,2025,R3,NEET_AIR,4508.0,CENTER INDORE,MD PSYCHIATRY,INST/UR/X/OP,,,MP__MP Round 3 Allotment.txt,3446,
MP,Madhya Pradesh,2025,R3,NEET_AIR,4509.0,CENTER INDORE,MS GENERAL SURGERY,INST/UR/X/OP,,,MP__MP Round 3 Allotment.txt,3448,
MP,Madhya Pradesh,2025,R3,NEET_AIR,4512.0,NOT ALLOTTED,ALLOTTED NOT ALLOTTED,NOT ALLOTTED,,,MP__MP Round 3 Allotment.txt,3450,
MP,Madhya Pradesh,2025,R3,NEET_AIR,4516.0,INDORE,MD ANAESTHESIOLOGY,INST/UR/X/OP,,,MP__MP Round 3 Allotment.txt,3452,
MP,Madhya Pradesh,2025,R3,NEET_AIR,4517.0,NOT ALLOTTED,ALLOTTED NOT ALLOTTED,NOT ALLOTTED,,,MP__MP Round 3 Allotment.txt,3454,
MP,Madhya Pradesh,2025,R3,NEET_AIR,4519.0,RESPIRATORY MEDICINE,Private Clinical,FRESH ALLOTTED,,,MP__MP Round 3 Allotment.txt,3455,
MP,Madhya Pradesh,2025,R3,NEET_AIR,4520.0,NOT ALLOTTED,ALLOTTED NOT ALLOTTED,NOT ALLOTTED,,,MP__MP Round 3 Allotment.txt,3457,
MP,Madhya Pradesh,2025,R3,NEET_AIR,4522.0,NOT ALLOTTED,ALLOTTED NOT ALLOTTED,NOT ALLOTTED,,,MP__MP Round 3 Allotment.txt,3459,
MP,Madhya Pradesh,2025,R3,NEET_AIR,4527.0,BLOOD TRANSFUSION,Private Non Clinical,FRESH ALLOTTED,,,MP__MP Round 3 Allotment.txt,3465,
MP,Madhya Pradesh,2025,R3,NEET_AIR,4532.0,NOT ALLOTTED,ALLOTTED NOT ALLOTTED,NOT ALLOTTED,,,MP__MP Round 3 Allotment.txt,3467,
MP,Madhya Pradesh,2025,R3,NEET_AIR,4535.0,NOT ALLOTTED,ALLOTTED NOT ALLOTTED,NOT ALLOTTED,,,MP__MP Round 3 Allotment.txt,3469,
MP,Madhya Pradesh,2025,R3,NEET_AIR,4536.0,NOT ALLOTTED,ALLOTTED NOT ALLOTTED,NOT ALLOTTED,,,MP__MP Round 3 Allotment.txt,3471,
MP,Madhya Pradesh,2025,R3,NEET_AIR,4537.0,NOT ALLOTTED,ALLOTTED NOT ALLOTTED,NOT ALLOTTED,,,MP__MP Round 3 Allotment.txt,3473,
MP,Madhya Pradesh,2025,R3,NEET_AIR,4538.0,ANAESTHESIOLOGY,Govt Clinical,FRESH ALLOTTED,,,MP__MP Round 3 Allotment.txt,3474,
MP,Madhya Pradesh,2025,R3,NEET_AIR,4539.0,COLLEGE VIDISHA,MD TOXICOLOGY,OBC,,,MP__MP Round 3 Allotment.txt,3476,
MP,Madhya Pradesh,2025,R3,NEET_AIR,4541.0,NOT ALLOTTED,ALLOTTED NOT ALLOTTED,NOT ALLOTTED,,,MP__MP Round 3 Allotment.txt,3478,
MP,Madhya Pradesh,2025,R3,NEET_AIR,4542.0,NOT ALLOTTED,ALLOTTED NOT ALLOTTED,NOT ALLOTTED,,,MP__MP Round 3 Allotment.txt,3480,
MP,Madhya Pradesh,2025,R3,NEET_AIR,4546.0,NOT ALLOTTED,ALLOTTED NOT ALLOTTED,NOT ALLOTTED,,,MP__MP Round 3 Allotment.txt,3482,
MP,Madhya Pradesh,2025,R3,NEET_AIR,4547.0,CENTER INDORE,MD GENERAL MEDICINE,SC,,,MP__MP Round 3 Allotment.txt,3484,
MP,Madhya Pradesh,2025,R3,NEET_AIR,4548.0,NOT ALLOTTED,NOT ALLOTTED NOT ALLOTTED,NOT ALLOTTED,,,MP__MP Round 3 Allotment.txt,3486,
MP,Madhya Pradesh,2025,R3,NEET_AIR,4549.0,INDORE,MD PATHOLOGY,INST/UR/X/OP,,,MP__MP Round 3 Allotment.txt,3488,
MP,Madhya Pradesh,2025,R3,NEET_AIR,4550.0,NOT ALLOTTED,ALLOTTED NOT ALLOTTED,NOT ALLOTTED,,,MP__MP Round 3 Allotment.txt,3490,
MP,Madhya Pradesh,2025,R3,NEET_AIR,4552.0,PEOPLES COLLEGE OF MEDICAL SCIENCE BHOPAL,MS OTORHINOLARYNGOLOGY (ENT),INST/UR/X/OP,,,MP__MP Round 3 Allotment.txt,3491,
MP,Madhya Pradesh,2025,R3,NEET_AIR,4553.0,NOT ALLOTTED,ALLOTTED NOT ALLOTTED,NOT ALLOTTED,,,MP__MP Round 3 Allotment.txt,3493,
MP,Madhya Pradesh,2025,R3,NEET_AIR,4554.0,NOT ALLOTTED,NOT ALLOTTED NOT ALLOTTED,NOT ALLOTTED,,,MP__MP Round 3 Allotment.txt,3495,
MP,Madhya Pradesh,2025,R3,NEET_AIR,4556.0,SHYAM SHAH MEDICAL COLLEGE REWA,MD PAEDIATRICS,IN_SC/X/OP,,,MP__MP Round 3 Allotment.txt,3496,
MP,Madhya Pradesh,2025,R3,NEET_AIR,4557.0,JABALPUR,MS OPHTHALMOLOGY,IN_ST/X/OP,,,MP__MP Round 3 Allotment.txt,3498,
MP,Madhya Pradesh,2025,R3,NEET_AIR,4558.0,NOT ALLOTTED,NOT ALLOTTED NOT ALLOTTED,NOT ALLOTTED,,,MP__MP Round 3 Allotment.txt,3500,
MP,Madhya Pradesh,2025,R3,NEET_AIR,4560.0,INDORE,MD ANAESTHESIOLOGY,INST/UR/X/OP,,,MP__MP Round 3 Allotment.txt,3502,
MP,Madhya Pradesh,2025,R3,NEET_AIR,4561.0,ORTHOPAEDICS,Private Clinical,FRESH ALLOTTED,,,MP__MP Round 3 Allotment.txt,3504,
MP,Madhya Pradesh,2025,R3,NEET_AIR,4562.0,COMMUNITY MEDICINE,Private Non Clinical,FRESH ALLOTTED,,,MP__MP Round 3 Allotment.txt,3505,
MP,Madhya Pradesh,2025,R3,NEET_AIR,4563.0,PATHOLOGY,Private Non Clinical,FRESH ALLOTTED,,,MP__MP Round 3 Allotment.txt,3506,
MP,Madhya Pradesh,2025,R3,NEET_AIR,4566.0,CENTER INDORE,MD RADIODIAGNOSIS,INST/UR/NRI/OP,,,MP__MP Round 3 Allotment.txt,3508,
MP,Madhya Pradesh,2025,R3,NEET_AIR,4568.0,PEOPLES COLLEGE OF MEDICAL SCIENCE BHOPAL,MD LEPROSY,ST,,,MP__MP Round 3 Allotment.txt,3510,
MP,Madhya Pradesh,2025,R3,NEET_AIR,4569.0,NOT ALLOTTED,ALLOTTED NOT ALLOTTED,NOT ALLOTTED,,,MP__MP Round 3 Allotment.txt,3512,
MP,Madhya Pradesh,2025,R3,NEET_AIR,4570.0,NOT ALLOTTED,ALLOTTED NOT ALLOTTED,NOT ALLOTTED,,,MP__MP Round 3 Allotment.txt,3514,
MP,Madhya Pradesh,2025,R3,NEET_AIR,4571.0,LN MEDICAL COLLEGE BHOPAL,MS OBSTETRICS AND GYNAECOLOGY,INST/UR/NRI/OP,,,MP__MP Round 3 Allotment.txt,3515,
MP,Madhya Pradesh,2025,R3,NEET_AIR,4572.0,NOT ALLOTTED,ALLOTTED NOT ALLOTTED,NOT ALLOTTED,,,MP__MP Round 3 Allotment.txt,3517,
MP,Madhya Pradesh,2025,R3,NEET_AIR,4574.0,NOT ALLOTTED,ALLOTTED NOT ALLOTTED,NOT ALLOTTED,,,MP__MP Round 3 Allotment.txt,3519,
MP,Madhya Pradesh,2025,R3,NEET_AIR,4575.0,NOT ALLOTTED,ALLOTTED NOT ALLOTTED,NOT ALLOTTED,,,MP__MP Round 3 Allotment.txt,3521,
MP,Madhya Pradesh,2025,R3,NEET_AIR,4576.0,INDORE,MD PHYSIOLOGY,OBC,,,MP__MP Round 3 Allotment.txt,3537,
MP,Madhya Pradesh,2025,R3,NEET_AIR,4577.0,INDORE,MD PAEDIATRICS,IN_UR/X/OP,,,MP__MP Round 3 Allotment.txt,3539,
MP,Madhya Pradesh,2025,R3,NEET_AIR,4579.0,AMALTAS INSTITUTE OF MEDICAL SCIENCES DEWAS,MD GENERAL MEDICINE,INST/UR/NRI/OP,,,MP__MP Round 3 Allotment.txt,3540,
MP,Madhya Pradesh,2025,R3,NEET_AIR,4580.0,NOT ALLOTTED,ALLOTTED NOT ALLOTTED,NOT ALLOTTED,,,MP__MP Round 3 Allotment.txt,3542,
MP,Madhya Pradesh,2025,R3,NEET_AIR,4586.0,PATHOLOGY,Govt Non Clinical,FRESH ALLOTTED,,,MP__MP Round 3 Allotment.txt,3543,
MP,Madhya Pradesh,2025,R3,NEET_AIR,4588.0,NOT ALLOTTED,ALLOTTED NOT ALLOTTED,NOT ALLOTTED,,,MP__MP Round 3 Allotment.txt,3545,
MP,Madhya Pradesh,2025,R3,NEET_AIR,4594.0,NOT ALLOTTED,ALLOTTED NOT ALLOTTED,NOT ALLOTTED,,,MP__MP Round 3 Allotment.txt,3547,
MP,Madhya Pradesh,2025,R3,NEET_AIR,4595.0,CHIRAYU MEDICAL COLLEGE AND HOSPITAL BHOPAL,MD RADIATION ONCOLOGY,OBC,,,MP__MP Round 3 Allotment.txt,3548,
MP,Madhya Pradesh,2025,R3,NEET_AIR,4597.0,NOT ALLOTTED,ALLOTTED NOT ALLOTTED,NOT ALLOTTED,,,MP__MP Round 3 Allotment.txt,3550,
MP,Madhya Pradesh,2025,R3,NEET_AIR,4600.0,CENTRE BHOPAL,MD ANAESTHESIOLOGY,INST/UR/X/OP,,,MP__MP Round 3 Allotment.txt,3552,
MP,Madhya Pradesh,2025,R3,NEET_AIR,4603.0,NOT ALLOTTED,NOT ALLOTTED NOT ALLOTTED,NOT ALLOTTED,,,MP__MP Round 3 Allotment.txt,3554,
MP,Madhya Pradesh,2025,R3,NEET_AIR,4604.0,ORTHOPAEDICS,Private Clinical,FRESH ALLOTTED,,,MP__MP Round 3 Allotment.txt,3556,
MP,Madhya Pradesh,2025,R3,NEET_AIR,4609.0,NOT ALLOTTED,NOT ALLOTTED NOT ALLOTTED,NOT ALLOTTED,,,MP__MP Round 3 Allotment.txt,3558,
MP,Madhya Pradesh,2025,R3,NEET_AIR,4611.0,RD GARDI MEDICAL COLLEGE UJJAIN,MD PSYCHIATRY,OBC,,,MP__MP Round 3 Allotment.txt,3559,
MP,Madhya Pradesh,2025,R3,NEET_AIR,4613.0,BUNDELKHAND MEDICAL COLLEGE SAGAR,MD COMMUNITY MEDICINE,IN_UR/X/OP,,,MP__MP Round 3 Allotment.txt,3560,
MP,Madhya Pradesh,2025,R3,NEET_AIR,4614.0,RD GARDI MEDICAL COLLEGE UJJAIN,MD ANAESTHESIOLOGY,ST,,,MP__MP Round 3 Allotment.txt,3561,
MP,Madhya Pradesh,2025,R3,NEET_AIR,4615.0,NOT ALLOTTED,ALLOTTED NOT ALLOTTED,NOT ALLOTTED,,,MP__MP Round 3 Allotment.txt,3563,
MP,Madhya Pradesh,2025,R3,NEET_AIR,4616.0,NOT ALLOTTED,ALLOTTED NOT ALLOTTED,NOT ALLOTTED,,,MP__MP Round 3 Allotment.txt,3565,
MP,Madhya Pradesh,2025,R3,NEET_AIR,4617.0,NOT ALLOTTED,ALLOTTED NOT ALLOTTED,NOT ALLOTTED,,,MP__MP Round 3 Allotment.txt,3567,
MP,Madhya Pradesh,2025,R3,NEET_AIR,4621.0,CENTRE BHOPAL,MD ANAESTHESIOLOGY,INST/UR/X/OP,,,MP__MP Round 3 Allotment.txt,3569,
MP,Madhya Pradesh,2025,R3,NEET_AIR,4622.0,NOT ALLOTTED,ALLOTTED NOT ALLOTTED,NOT ALLOTTED,,,MP__MP Round 3 Allotment.txt,3571,
MP,Madhya Pradesh,2025,R3,NEET_AIR,4623.0,NOT ALLOTTED,ALLOTTED NOT ALLOTTED,NOT ALLOTTED,,,MP__MP Round 3 Allotment.txt,3573,
MP,Madhya Pradesh,2025,R3,NEET_AIR,4624.0,NOT ALLOTTED,ALLOTTED NOT ALLOTTED,NOT ALLOTTED,,,MP__MP Round 3 Allotment.txt,3575,
MP,Madhya Pradesh,2025,R3,NEET_AIR,4625.0,NOT ALLOTTED,NOT ALLOTTED NOT ALLOTTED,NOT ALLOTTED,,,MP__MP Round 3 Allotment.txt,3577,
MP,Madhya Pradesh,2025,R3,NEET_AIR,4628.0,NOT ALLOTTED,NOT ALLOTTED NOT ALLOTTED,NOT ALLOTTED,,,MP__MP Round 3 Allotment.txt,3579,
MP,Madhya Pradesh,2025,R3,NEET_AIR,4630.0,CENTER INDORE,MD RADIODIAGNOSIS,INST/UR/NRI/OP,,,MP__MP Round 3 Allotment.txt,3581,
MP,Madhya Pradesh,2025,R3,NEET_AIR,4631.0,NOT ALLOTTED,ALLOTTED NOT ALLOTTED,NOT ALLOTTED,,,MP__MP Round 3 Allotment.txt,3583,
MP,Madhya Pradesh,2025,R3,NEET_AIR,4632.0,PEOPLES COLLEGE OF MEDICAL SCIENCE BHOPAL,MD ANAESTHESIOLOGY,INST/UR/X/OP,,,MP__MP Round 3 Allotment.txt,3584,
MP,Madhya Pradesh,2025,R3,NEET_AIR,4633.0,NOT ALLOTTED,NOT ALLOTTED NOT ALLOTTED,NOT ALLOTTED,,,MP__MP Round 3 Allotment.txt,3586,
MP,Madhya Pradesh,2025,R3,NEET_AIR,4634.0,NOT ALLOTTED,NOT ALLOTTED NOT ALLOTTED,NOT ALLOTTED,,,MP__MP Round 3 Allotment.txt,3588,
MP,Madhya Pradesh,2025,R3,NEET_AIR,4635.0,INDORE,MD PAEDIATRICS,SC,,,MP__MP Round 3 Allotment.txt,3590,
MP,Madhya Pradesh,2025,R3,NEET_AIR,4637.0,CENTER INDORE,MD GENERAL MEDICINE,SC,,,MP__MP Round 3 Allotment.txt,3592,
MP,Madhya Pradesh,2025,R3,NEET_AIR,4638.0,COLLEGE SHIVPURI,MD MICROBIOLOGY,INST/UR/X/OP,,,MP__MP Round 3 Allotment.txt,3594,
MP,Madhya Pradesh,2025,R3,NEET_AIR,4640.0,NOT ALLOTTED,ALLOTTED NOT ALLOTTED,NOT ALLOTTED,,,MP__MP Round 3 Allotment.txt,3596,
MP,Madhya Pradesh,2025,R3,NEET_AIR,4642.0,BIOCHEMISTRY,Govt Non Clinical,FRESH ALLOTTED,,,MP__MP Round 3 Allotment.txt,3598,
MP,Madhya Pradesh,2025,R3,NEET_AIR,4644.0,PATHOLOGY,Private Non Clinical,FRESH ALLOTTED,,,MP__MP Round 3 Allotment.txt,3599,
MP,Madhya Pradesh,2025,R3,NEET_AIR,4647.0,NOT ALLOTTED,ALLOTTED NOT ALLOTTED,NOT ALLOTTED,,,MP__MP Round 3 Allotment.txt,3601,
MP,Madhya Pradesh,2025,R3,NEET_AIR,4649.0,MICROBIOLOGY,Govt Non Clinical,FRESH ALLOTTED,,,MP__MP Round 3 Allotment.txt,3602,
MP,Madhya Pradesh,2025,R3,NEET_AIR,4650.0,CHIRAYU MEDICAL COLLEGE AND HOSPITAL BHOPAL,MS GENERAL SURGERY,SC,,,MP__MP Round 3 Allotment.txt,3603,
MP,Madhya Pradesh,2025,R3,NEET_AIR,4652.0,NOT ALLOTTED,ALLOTTED NOT ALLOTTED,NOT ALLOTTED,,,MP__MP Round 3 Allotment.txt,3605,
MP,Madhya Pradesh,2025,R3,NEET_AIR,4655.0,NOT ALLOTTED,ALLOTTED NOT ALLOTTED,NOT ALLOTTED,,,MP__MP Round 3 Allotment.txt,3607,
MP,Madhya Pradesh,2025,R3,NEET_AIR,4656.0,NOT ALLOTTED,ALLOTTED NOT ALLOTTED,NOT ALLOTTED,,,MP__MP Round 3 Allotment.txt,3609,
MP,Madhya Pradesh,2025,R3,NEET_AIR,4657.0,PATHOLOGY,Private Non Clinical,FRESH ALLOTTED,,,MP__MP Round 3 Allotment.txt,3610,
MP,Madhya Pradesh,2025,R3,NEET_AIR,4659.0,INDORE,MS OTORHINOLARYNGOLOGY (ENT),IN_OBC/X/OP,,,MP__MP Round 3 Allotment.txt,3612,
MP,Madhya Pradesh,2025,R3,NEET_AIR,4663.0,NOT ALLOTTED,ALLOTTED NOT ALLOTTED,NOT ALLOTTED,,,MP__MP Round 3 Allotment.txt,3614,
MP,Madhya Pradesh,2025,R3,NEET_AIR,4664.0,PATHOLOGY,Private Non Clinical,FRESH ALLOTTED,,,MP__MP Round 3 Allotment.txt,3616,
MP,Madhya Pradesh,2025,R3,NEET_AIR,4665.0,NOT ALLOTTED,ALLOTTED NOT ALLOTTED,NOT ALLOTTED,,,MP__MP Round 3 Allotment.txt,3618,
MP,Madhya Pradesh,2025,R3,NEET_AIR,4666.0,GENERAL SURGERY,Private Clinical,FRESH ALLOTTED,,,MP__MP Round 3 Allotment.txt,3619,
MP,Madhya Pradesh,2025,R3,NEET_AIR,4667.0,NOT ALLOTTED,ALLOTTED NOT ALLOTTED,NOT ALLOTTED,,,MP__MP Round 3 Allotment.txt,3621,
MP,Madhya Pradesh,2025,R3,NEET_AIR,4670.0,NOT ALLOTTED,ALLOTTED NOT ALLOTTED,NOT ALLOTTED,,,MP__MP Round 3 Allotment.txt,3623,
MP,Madhya Pradesh,2025,R3,NEET_AIR,4672.0,NOT ALLOTTED,ALLOTTED NOT ALLOTTED,NOT ALLOTTED,,,MP__MP Round 3 Allotment.txt,3628,
MP,Madhya Pradesh,2025,R3,NEET_AIR,4673.0,NOT ALLOTTED,NOT ALLOTTED NOT ALLOTTED,NOT ALLOTTED,,,MP__MP Round 3 Allotment.txt,3630,
MP,Madhya Pradesh,2025,R3,NEET_AIR,4675.0,GOVERMENT MEDICAL COLLEGE SATNA,MD COMMUNITY MEDICINE,INST/UR/X/OP,,,MP__MP Round 3 Allotment.txt,3631,
MP,Madhya Pradesh,2025,R3,NEET_AIR,4676.0,NOT ALLOTTED,ALLOTTED NOT ALLOTTED,NOT ALLOTTED,,,MP__MP Round 3 Allotment.txt,3633,
MP,Madhya Pradesh,2025,R3,NEET_AIR,4678.0,PATHOLOGY,Private Non Clinical,FRESH ALLOTTED,,,MP__MP Round 3 Allotment.txt,3634,
MP,Madhya Pradesh,2025,R3,NEET_AIR,4679.0,INDORE,MS OPHTHALMOLOGY,IN_UR/X/OP,,,MP__MP Round 3 Allotment.txt,3636,
MP,Madhya Pradesh,2025,R3,NEET_AIR,4680.0,COMMUNITY MEDICINE,Private Non Clinical,FRESH ALLOTTED,,,MP__MP Round 3 Allotment.txt,3638,
MP,Madhya Pradesh,2025,R3,NEET_AIR,4682.0,PHARMACOLOGY,Govt Non Clinical,FRESH ALLOTTED,,,MP__MP Round 3 Allotment.txt,3639,
MP,Madhya Pradesh,2025,R3,NEET_AIR,4683.0,PATHOLOGY,Private Non Clinical,FRESH ALLOTTED,,,MP__MP Round 3 Allotment.txt,3640,
MP,Madhya Pradesh,2025,R3,NEET_AIR,4684.0,NOT ALLOTTED,ALLOTTED NOT ALLOTTED,NOT ALLOTTED,,,MP__MP Round 3 Allotment.txt,3642,
MP,Madhya Pradesh,2025,R3,NEET_AIR,4686.0,NOT ALLOTTED,ALLOTTED NOT ALLOTTED,NOT ALLOTTED,,,MP__MP Round 3 Allotment.txt,3644,
MP,Madhya Pradesh,2025,R3,NEET_AIR,4689.0,NOT ALLOTTED,ALLOTTED NOT ALLOTTED,NOT ALLOTTED,,,MP__MP Round 3 Allotment.txt,3646,
MP,Madhya Pradesh,2025,R3,NEET_AIR,4690.0,LN MEDICAL COLLEGE BHOPAL,MD BIOCHEMISTRY,UR/X/OP,,,MP__MP Round 3 Allotment.txt,3647,
MP,Madhya Pradesh,2025,R3,NEET_AIR,4692.0,NOT ALLOTTED,ALLOTTED NOT ALLOTTED,NOT ALLOTTED,,,MP__MP Round 3 Allotment.txt,3649,
MP,Madhya Pradesh,2025,R3,NEET_AIR,4693.0,PATHOLOGY,Private Non Clinical,FRESH ALLOTTED,,,MP__MP Round 3 Allotment.txt,3650,
MP,Madhya Pradesh,2025,R3,NEET_AIR,4697.0,LN MEDICAL COLLEGE BHOPAL,MD PAEDIATRICS,SC,,,MP__MP Round 3 Allotment.txt,3651,
MP,Madhya Pradesh,2025,R3,NEET_AIR,4699.0,NOT ALLOTTED,ALLOTTED NOT ALLOTTED,NOT ALLOTTED,,,MP__MP Round 3 Allotment.txt,3653,
MP,Madhya Pradesh,2025,R3,NEET_AIR,4704.0,LN MEDICAL COLLEGE BHOPAL,MS OBSTETRICS AND GYNAECOLOGY,ST,,,MP__MP Round 3 Allotment.txt,3654,
MP,Madhya Pradesh,2025,R3,NEET_AIR,4706.0,NOT ALLOTTED,NOT ALLOTTED NOT ALLOTTED,NOT ALLOTTED,,,MP__MP Round 3 Allotment.txt,3656,
MP,Madhya Pradesh,2025,R3,NEET_AIR,4707.0,NOT ALLOTTED,ALLOTTED NOT ALLOTTED,NOT ALLOTTED,,,MP__MP Round 3 Allotment.txt,3658,
MP,Madhya Pradesh,2025,R3,NEET_AIR,4708.0,NOT ALLOTTED,ALLOTTED NOT ALLOTTED,NOT ALLOTTED,,,MP__MP Round 3 Allotment.txt,3660,
MP,Madhya Pradesh,2025,R3,NEET_AIR,4710.0,NOT ALLOTTED,ALLOTTED NOT ALLOTTED,NOT ALLOTTED,,,MP__MP Round 3 Allotment.txt,3662,
MP,Madhya Pradesh,2025,R3,NEET_AIR,4714.0,NOT ALLOTTED,ALLOTTED NOT ALLOTTED,NOT ALLOTTED,,,MP__MP Round 3 Allotment.txt,3664,
MP,Madhya Pradesh,2025,R3,NEET_AIR,4715.0,CENTRE BHOPAL,MD PAEDIATRICS,SC,,,MP__MP Round 3 Allotment.txt,3666,
MP,Madhya Pradesh,2025,R3,NEET_AIR,4718.0,LN MEDICAL COLLEGE BHOPAL,MD PAEDIATRICS,IN_UR/X/OP,,,MP__MP Round 3 Allotment.txt,3667,
MP,Madhya Pradesh,2025,R3,NEET_AIR,4720.0,NOT ALLOTTED,NOT ALLOTTED NOT ALLOTTED,NOT ALLOTTED,,,MP__MP Round 3 Allotment.txt,3669,
MP,Madhya Pradesh,2025,R3,NEET_AIR,4721.0,NOT ALLOTTED,ALLOTTED NOT ALLOTTED,NOT ALLOTTED,,,MP__MP Round 3 Allotment.txt,3671,
MP,Madhya Pradesh,2025,R3,NEET_AIR,4723.0,NOT ALLOTTED,ALLOTTED NOT ALLOTTED,NOT ALLOTTED,,,MP__MP Round 3 Allotment.txt,3673,
MP,Madhya Pradesh,2025,R3,NEET_AIR,4724.0,NOT ALLOTTED,ALLOTTED NOT ALLOTTED,NOT ALLOTTED,,,MP__MP Round 3 Allotment.txt,3675,
MP,Madhya Pradesh,2025,R3,NEET_AIR,4726.0,LN MEDICAL COLLEGE BHOPAL,MS OPHTHALMOLOGY,INST/UR/X/OP,,,MP__MP Round 3 Allotment.txt,3676,
MP,Madhya Pradesh,2025,R3,NEET_AIR,4727.0,RD GARDI MEDICAL COLLEGE UJJAIN,MD PATHOLOGY,INST/UR/X/OP,,,MP__MP Round 3 Allotment.txt,3677,
MP,Madhya Pradesh,2025,R3,NEET_AIR,4728.0,NOT ALLOTTED,NOT ALLOTTED NOT ALLOTTED,NOT ALLOTTED,,,MP__MP Round 3 Allotment.txt,3679,
MP,Madhya Pradesh,2025,R3,NEET_AIR,4729.0,LN MEDICAL COLLEGE BHOPAL,MD LEPROSY,INST/UR/NRI/OP,,,MP__MP Round 3 Allotment.txt,3681,
MP,Madhya Pradesh,2025,R3,NEET_AIR,4730.0,NOT ALLOTTED,ALLOTTED NOT ALLOTTED,NOT ALLOTTED,,,MP__MP Round 3 Allotment.txt,3683,
MP,Madhya Pradesh,2025,R3,NEET_AIR,4732.0,SHYAM SHAH MEDICAL COLLEGE REWA,MD TOXICOLOGY,INST/UR/X/OP,,,MP__MP Round 3 Allotment.txt,3685,
MP,Madhya Pradesh,2025,R3,NEET_AIR,4735.0,BUNDELKHAND MEDICAL COLLEGE SAGAR,MD PHARMACOLOGY,INST/UR/X/OP,,,MP__MP Round 3 Allotment.txt,3686,
MP,Madhya Pradesh,2025,R3,NEET_AIR,4736.0,GANDHI MEDICAL COLLEGE BHOPAL,MD BIOCHEMISTRY,INST/UR/X/OP,,,MP__MP Round 3 Allotment.txt,3687,
MP,Madhya Pradesh,2025,R3,NEET_AIR,4737.0,GAJRA RAJA MEDICAL COLLEGE GWALIOR,MD ANAESTHESIOLOGY,IN_ST/X/OP,,,MP__MP Round 3 Allotment.txt,3688,
MP,Madhya Pradesh,2025,R3,NEET_AIR,4738.0,NOT ALLOTTED,NOT ALLOTTED NOT ALLOTTED,NOT ALLOTTED,,,MP__MP Round 3 Allotment.txt,3690,
MP,Madhya Pradesh,2025,R3,NEET_AIR,4739.0,NOT ALLOTTED,ALLOTTED NOT ALLOTTED,NOT ALLOTTED,,,MP__MP Round 3 Allotment.txt,3692,
MP,Madhya Pradesh,2025,R3,NEET_AIR,4746.0,PATHOLOGY,Private Non Clinical,FRESH ALLOTTED,,,MP__MP Round 3 Allotment.txt,3693,
MP,Madhya Pradesh,2025,R3,NEET_AIR,4748.0,PHYSIOLOGY,Govt Non Clinical,FRESH ALLOTTED,,,MP__MP Round 3 Allotment.txt,3694,
MP,Madhya Pradesh,2025,R3,NEET_AIR,4749.0,NOT ALLOTTED,ALLOTTED NOT ALLOTTED,NOT ALLOTTED,,,MP__MP Round 3 Allotment.txt,3696,
MP,Madhya Pradesh,2025,R3,NEET_AIR,4750.0,NOT ALLOTTED,ALLOTTED NOT ALLOTTED,NOT ALLOTTED,,,MP__MP Round 3 Allotment.txt,3698,
MP,Madhya Pradesh,2025,R3,NEET_AIR,4751.0,NOT ALLOTTED,ALLOTTED NOT ALLOTTED,NOT ALLOTTED,,,MP__MP Round 3 Allotment.txt,3700,
MP,Madhya Pradesh,2025,R3,NEET_AIR,4754.0,NOT ALLOTTED,ALLOTTED NOT ALLOTTED,NOT ALLOTTED,,,MP__MP Round 3 Allotment.txt,3702,
MP,Madhya Pradesh,2025,R3,NEET_AIR,4755.0,NOT ALLOTTED,ALLOTTED NOT ALLOTTED,NOT ALLOTTED,,,MP__MP Round 3 Allotment.txt,3704,
MP,Madhya Pradesh,2025,R3,NEET_AIR,4756.0,CENTER INDORE,MD LEPROSY,ST,,,MP__MP Round 3 Allotment.txt,3706,
MP,Madhya Pradesh,2025,R3,NEET_AIR,4757.0,NOT ALLOTTED,ALLOTTED NOT ALLOTTED,NOT ALLOTTED,,,MP__MP Round 3 Allotment.txt,3722,
MP,Madhya Pradesh,2025,R3,NEET_AIR,4760.0,ORTHOPAEDICS,Govt Clinical,FRESH ALLOTTED,,,MP__MP Round 3 Allotment.txt,3726,
MP,Madhya Pradesh,2025,R3,NEET_AIR,4761.0,PATHOLOGY,Private Non Clinical,FRESH ALLOTTED,,,MP__MP Round 3 Allotment.txt,3727,
MP,Madhya Pradesh,2025,R3,NEET_AIR,4762.0,NOT ALLOTTED,ALLOTTED NOT ALLOTTED,NOT ALLOTTED,,,MP__MP Round 3 Allotment.txt,3729,
MP,Madhya Pradesh,2025,R3,NEET_AIR,4765.0,NOT ALLOTTED,ALLOTTED NOT ALLOTTED,NOT ALLOTTED,,,MP__MP Round 3 Allotment.txt,3731,
MP,Madhya Pradesh,2025,R3,NEET_AIR,4766.0,NOT ALLOTTED,ALLOTTED NOT ALLOTTED,NOT ALLOTTED,,,MP__MP Round 3 Allotment.txt,3733,
MP,Madhya Pradesh,2025,R3,NEET_AIR,4767.0,NOT ALLOTTED,ALLOTTED NOT ALLOTTED,NOT ALLOTTED,,,MP__MP Round 3 Allotment.txt,3735,
MP,Madhya Pradesh,2025,R3,NEET_AIR,4768.0,ORTHOPAEDICS,Private Clinical,FRESH ALLOTTED,,,MP__MP Round 3 Allotment.txt,3737,
MP,Madhya Pradesh,2025,R3,NEET_AIR,4769.0,CENTRE BHOPAL,MS GENERAL SURGERY,INST/UR/X/OP,,,MP__MP Round 3 Allotment.txt,3739,
MP,Madhya Pradesh,2025,R3,NEET_AIR,4770.0,NOT ALLOTTED,ALLOTTED NOT ALLOTTED,NOT ALLOTTED,,,MP__MP Round 3 Allotment.txt,3741,
MP,Madhya Pradesh,2025,R3,NEET_AIR,4771.0,LN MEDICAL COLLEGE BHOPAL,MD ANAESTHESIOLOGY,INST/UR/X/OP,,,MP__MP Round 3 Allotment.txt,3742,
MP,Madhya Pradesh,2025,R3,NEET_AIR,4773.0,NOT ALLOTTED,ALLOTTED NOT ALLOTTED,NOT ALLOTTED,,,MP__MP Round 3 Allotment.txt,3744,
MP,Madhya Pradesh,2025,R3,NEET_AIR,4774.0,NOT ALLOTTED,ALLOTTED NOT ALLOTTED,NOT ALLOTTED,,,MP__MP Round 3 Allotment.txt,3746,
MP,Madhya Pradesh,2025,R3,NEET_AIR,4776.0,NOT ALLOTTED,ALLOTTED NOT ALLOTTED,NOT ALLOTTED,,,MP__MP Round 3 Allotment.txt,3748,
MP,Madhya Pradesh,2025,R3,NEET_AIR,4777.0,NOT ALLOTTED,ALLOTTED NOT ALLOTTED,NOT ALLOTTED,,,MP__MP Round 3 Allotment.txt,3750,
MP,Madhya Pradesh,2025,R3,NEET_AIR,4778.0,JABALPUR,MS OBSTETRICS AND GYNAECOLOGY,IN_SC/X/OP,,,MP__MP Round 3 Allotment.txt,3752,
MP,Madhya Pradesh,2025,R3,NEET_AIR,4779.0,NOT ALLOTTED,ALLOTTED NOT ALLOTTED,NOT ALLOTTED,,,MP__MP Round 3 Allotment.txt,3754,
MP,Madhya Pradesh,2025,R3,NEET_AIR,4781.0,MICROBIOLOGY,Private Non Clinical,FRESH ALLOTTED,,,MP__MP Round 3 Allotment.txt,3756,
MP,Madhya Pradesh,2025,R3,NEET_AIR,4782.0,GAJRA RAJA MEDICAL COLLEGE GWALIOR,MD PHARMACOLOGY,INST/UR/X/OP,,,MP__MP Round 3 Allotment.txt,3757,
MP,Madhya Pradesh,2025,R3,NEET_AIR,4785.0,NOT ALLOTTED,NOT ALLOTTED NOT ALLOTTED,NOT ALLOTTED,,,MP__MP Round 3 Allotment.txt,3759,
MP,Madhya Pradesh,2025,R3,NEET_AIR,4788.0,NOT ALLOTTED,ALLOTTED NOT ALLOTTED,NOT ALLOTTED,,,MP__MP Round 3 Allotment.txt,3761,
MP,Madhya Pradesh,2025,R3,NEET_AIR,4789.0,NOT ALLOTTED,ALLOTTED NOT ALLOTTED,NOT ALLOTTED,,,MP__MP Round 3 Allotment.txt,3763,
MP,Madhya Pradesh,2025,R3,NEET_AIR,4790.0,CENTRE BHOPAL,MS GENERAL SURGERY,INST/UR/X/OP,,,MP__MP Round 3 Allotment.txt,3765,
MP,Madhya Pradesh,2025,R3,NEET_AIR,4792.0,BLOOD TRANSFUSION,Private Non Clinical,FRESH ALLOTTED,,,MP__MP Round 3 Allotment.txt,3767,
MP,Madhya Pradesh,2025,R3,NEET_AIR,4793.0,NOT ALLOTTED,ALLOTTED NOT ALLOTTED,NOT ALLOTTED,,,MP__MP Round 3 Allotment.txt,3769,
MP,Madhya Pradesh,2025,R3,NEET_AIR,4795.0,NOT ALLOTTED,NOT ALLOTTED NOT ALLOTTED,NOT ALLOTTED,,,MP__MP Round 3 Allotment.txt,3771,
MP,Madhya Pradesh,2025,R3,NEET_AIR,4796.0,NOT ALLOTTED,NOT ALLOTTED NOT ALLOTTED,NOT ALLOTTED,,,MP__MP Round 3 Allotment.txt,3773,
MP,Madhya Pradesh,2025,R3,NEET_AIR,4797.0,PATHOLOGY,Private Non Clinical,FRESH ALLOTTED,,,MP__MP Round 3 Allotment.txt,3775,
MP,Madhya Pradesh,2025,R3,NEET_AIR,4798.0,NOT ALLOTTED,ALLOTTED NOT ALLOTTED,NOT ALLOTTED,,,MP__MP Round 3 Allotment.txt,3777,
MP,Madhya Pradesh,2025,R3,NEET_AIR,4799.0,NOT ALLOTTED,ALLOTTED NOT ALLOTTED,NOT ALLOTTED,,,MP__MP Round 3 Allotment.txt,3779,
MP,Madhya Pradesh,2025,R3,NEET_AIR,4801.0,JABALPUR,MS GENERAL SURGERY,OBC,,,MP__MP Round 3 Allotment.txt,3781,
MP,Madhya Pradesh,2025,R3,NEET_AIR,4803.0,NOT ALLOTTED,ALLOTTED NOT ALLOTTED,NOT ALLOTTED,,,MP__MP Round 3 Allotment.txt,3783,
MP,Madhya Pradesh,2025,R3,NEET_AIR,4804.0,NOT ALLOTTED,NOT ALLOTTED NOT ALLOTTED,NOT ALLOTTED,,,MP__MP Round 3 Allotment.txt,3785,
MP,Madhya Pradesh,2025,R3,NEET_AIR,4805.0,GANDHI MEDICAL COLLEGE BHOPAL,MS GENERAL SURGERY,IN_SC/X/OP,,,MP__MP Round 3 Allotment.txt,3786,
MP,Madhya Pradesh,2025,R3,NEET_AIR,4806.0,RD GARDI MEDICAL COLLEGE UJJAIN,MD PATHOLOGY,INST/UR/X/OP,,,MP__MP Round 3 Allotment.txt,3787,
MP,Madhya Pradesh,2025,R3,NEET_AIR,4808.0,NOT ALLOTTED,ALLOTTED NOT ALLOTTED,NOT ALLOTTED,,,MP__MP Round 3 Allotment.txt,3789,
MP,Madhya Pradesh,2025,R3,NEET_AIR,4811.0,LN MEDICAL COLLEGE BHOPAL,MS OPHTHALMOLOGY,INST/UR/X/OP,,,MP__MP Round 3 Allotment.txt,3790,
MP,Madhya Pradesh,2025,R3,NEET_AIR,4812.0,CENTRE BHOPAL,MD LEPROSY,ST,,,MP__MP Round 3 Allotment.txt,3792,
MP,Madhya Pradesh,2025,R3,NEET_AIR,4813.0,NOT ALLOTTED,ALLOTTED NOT ALLOTTED,NOT ALLOTTED,,,MP__MP Round 3 Allotment.txt,3794,
MP,Madhya Pradesh,2025,R3,NEET_AIR,4814.0,NOT ALLOTTED,ALLOTTED NOT ALLOTTED,NOT ALLOTTED,,,MP__MP Round 3 Allotment.txt,3796,
MP,Madhya Pradesh,2025,R3,NEET_AIR,4815.0,NOT ALLOTTED,ALLOTTED NOT ALLOTTED,NOT ALLOTTED,,,MP__MP Round 3 Allotment.txt,3798,
MP,Madhya Pradesh,2025,R3,NEET_AIR,4817.0,NOT ALLOTTED,ALLOTTED NOT ALLOTTED,NOT ALLOTTED,,,MP__MP Round 3 Allotment.txt,3800,
MP,Madhya Pradesh,2025,R3,NEET_AIR,4818.0,NOT ALLOTTED,ALLOTTED NOT ALLOTTED,NOT ALLOTTED,,,MP__MP Round 3 Allotment.txt,3802,
MP,Madhya Pradesh,2025,R3,NEET_AIR,4819.0,NOT ALLOTTED,ALLOTTED NOT ALLOTTED,NOT ALLOTTED,,,MP__MP Round 3 Allotment.txt,3804,
MP,Madhya Pradesh,2025,R3,NEET_AIR,4821.0,NOT ALLOTTED,ALLOTTED NOT ALLOTTED,NOT ALLOTTED,,,MP__MP Round 3 Allotment.txt,3806,
MP,Madhya Pradesh,2025,R3,NEET_AIR,4824.0,PATHOLOGY,Private Non Clinical,FRESH ALLOTTED,,,MP__MP Round 3 Allotment.txt,3807,
MP,Madhya Pradesh,2025,R3,NEET_AIR,4825.0,MICROBIOLOGY,Govt Non Clinical,FRESH ALLOTTED,,,MP__MP Round 3 Allotment.txt,3808,
MP,Madhya Pradesh,2025,R3,NEET_AIR,4826.0,NOT ALLOTTED,ALLOTTED NOT ALLOTTED,NOT ALLOTTED,,,MP__MP Round 3 Allotment.txt,3810,
MP,Madhya Pradesh,2025,R3,NEET_AIR,4827.0,RD GARDI MEDICAL COLLEGE UJJAIN,MD PATHOLOGY,INST/UR/X/OP,,,MP__MP Round 3 Allotment.txt,3811,
MP,Madhya Pradesh,2025,R3,NEET_AIR,4828.0,JABALPUR,MD ANAESTHESIOLOGY,IN_SC/X/OP,,,MP__MP Round 3 Allotment.txt,3813,
MP,Madhya Pradesh,2025,R3,NEET_AIR,4829.0,GENERAL SURGERY,Govt Clinical,FRESH ALLOTTED,,,MP__MP Round 3 Allotment.txt,3815,
MP,Madhya Pradesh,2025,R3,NEET_AIR,4831.0,NOT ALLOTTED,ALLOTTED NOT ALLOTTED,NOT ALLOTTED,,,MP__MP Round 3 Allotment.txt,3819,
MP,Madhya Pradesh,2025,R3,NEET_AIR,4832.0,NOT ALLOTTED,ALLOTTED NOT ALLOTTED,NOT ALLOTTED,,,MP__MP Round 3 Allotment.txt,3821,
MP,Madhya Pradesh,2025,R3,NEET_AIR,4833.0,PATHOLOGY,Private Non Clinical,FRESH ALLOTTED,,,MP__MP Round 3 Allotment.txt,3823,
MP,Madhya Pradesh,2025,R3,NEET_AIR,4837.0,PATHOLOGY,Private Non Clinical,FRESH ALLOTTED,,,MP__MP Round 3 Allotment.txt,3824,
MP,Madhya Pradesh,2025,R3,NEET_AIR,4838.0,CENTER INDORE,MD RESPIRATORY MEDICINE,OBC,,,MP__MP Round 3 Allotment.txt,3826,
MP,Madhya Pradesh,2025,R3,NEET_AIR,4839.0,NOT ALLOTTED,ALLOTTED NOT ALLOTTED,NOT ALLOTTED,,,MP__MP Round 3 Allotment.txt,3828,
MP,Madhya Pradesh,2025,R3,NEET_AIR,4840.0,INDORE,MD GENERAL MEDICINE,IN_OBC/X/OP,,,MP__MP Round 3 Allotment.txt,3830,
MP,Madhya Pradesh,2025,R3,NEET_AIR,4842.0,GENERAL SURGERY,Govt Clinical,FRESH ALLOTTED,,,MP__MP Round 3 Allotment.txt,3834,
MP,Madhya Pradesh,2025,R3,NEET_AIR,4843.0,INDORE,MD LEPROSY,INST/UR/NRI/OP,,,MP__MP Round 3 Allotment.txt,3836,
MP,Madhya Pradesh,2025,R3,NEET_AIR,4846.0,NOT ALLOTTED,ALLOTTED NOT ALLOTTED,NOT ALLOTTED,,,MP__MP Round 3 Allotment.txt,3838,
MP,Madhya Pradesh,2025,R3,NEET_AIR,4848.0,NOT ALLOTTED,NOT ALLOTTED NOT ALLOTTED,NOT ALLOTTED,,,MP__MP Round 3 Allotment.txt,3840,
MP,Madhya Pradesh,2025,R3,NEET_AIR,4852.0,GANDHI MEDICAL COLLEGE BHOPAL,MD TOXICOLOGY,OBC,,,MP__MP Round 3 Allotment.txt,3842,
MP,Madhya Pradesh,2025,R3,NEET_AIR,4853.0,NOT ALLOTTED,NOT ALLOTTED NOT ALLOTTED,NOT ALLOTTED,,,MP__MP Round 3 Allotment.txt,3844,
MP,Madhya Pradesh,2025,R3,NEET_AIR,4854.0,BLOOD TRANSFUSION,Private Non Clinical,FRESH ALLOTTED,,,MP__MP Round 3 Allotment.txt,3846,
MP,Madhya Pradesh,2025,R3,NEET_AIR,4856.0,LN MEDICAL COLLEGE BHOPAL,MD GENERAL MEDICINE,INST/UR/NRI/OP,,,MP__MP Round 3 Allotment.txt,3847,
MP,Madhya Pradesh,2025,R3,NEET_AIR,4859.0,NOT ALLOTTED,ALLOTTED NOT ALLOTTED,NOT ALLOTTED,,,MP__MP Round 3 Allotment.txt,3849,
MP,Madhya Pradesh,2025,R3,NEET_AIR,4861.0,NOT ALLOTTED,ALLOTTED NOT ALLOTTED,NOT ALLOTTED,,,MP__MP Round 3 Allotment.txt,3851,
MP,Madhya Pradesh,2025,R3,NEET_AIR,4862.0,PATHOLOGY,Private Non Clinical,FRESH ALLOTTED,,,MP__MP Round 3 Allotment.txt,3853,
MP,Madhya Pradesh,2025,R3,NEET_AIR,4864.0,NOT ALLOTTED,ALLOTTED NOT ALLOTTED,NOT ALLOTTED,,,MP__MP Round 3 Allotment.txt,3855,
MP,Madhya Pradesh,2025,R3,NEET_AIR,4866.0,NOT ALLOTTED,ALLOTTED NOT ALLOTTED,NOT ALLOTTED,,,MP__MP Round 3 Allotment.txt,3857,
MP,Madhya Pradesh,2025,R3,NEET_AIR,4868.0,PATHOLOGY,Private Non Clinical,FRESH ALLOTTED,,,MP__MP Round 3 Allotment.txt,3858,
MP,Madhya Pradesh,2025,R3,NEET_AIR,4869.0,NOT ALLOTTED,ALLOTTED NOT ALLOTTED,NOT ALLOTTED,,,MP__MP Round 3 Allotment.txt,3860,
MP,Madhya Pradesh,2025,R3,NEET_AIR,4871.0,PHARMACOLOGY,Private Non Clinical,FRESH ALLOTTED,,,MP__MP Round 3 Allotment.txt,3862,
MP,Madhya Pradesh,2025,R3,NEET_AIR,4872.0,CENTER INDORE,MS OPHTHALMOLOGY,INST/UR/X/OP,,,MP__MP Round 3 Allotment.txt,3864,
MP,Madhya Pradesh,2025,R3,NEET_AIR,4874.0,PHARMACOLOGY,Private Non Clinical,FRESH ALLOTTED,,,MP__MP Round 3 Allotment.txt,3865,
MP,Madhya Pradesh,2025,R3,NEET_AIR,4876.0,INDORE,MS ORTHOPAEDICS,ST,,,MP__MP Round 3 Allotment.txt,3867,
MP,Madhya Pradesh,2025,R3,NEET_AIR,4877.0,LN MEDICAL COLLEGE BHOPAL,MD ANAESTHESIOLOGY,INST/UR/X/OP,,,MP__MP Round 3 Allotment.txt,3868,
MP,Madhya Pradesh,2025,R3,NEET_AIR,4878.0,NOT ALLOTTED,ALLOTTED NOT ALLOTTED,NOT ALLOTTED,,,MP__MP Round 3 Allotment.txt,3870,
MP,Madhya Pradesh,2025,R3,NEET_AIR,4880.0,NOT ALLOTTED,ALLOTTED NOT ALLOTTED,NOT ALLOTTED,,,MP__MP Round 3 Allotment.txt,3872,
MP,Madhya Pradesh,2025,R3,NEET_AIR,4881.0,BIOCHEMISTRY,Private Non Clinical,FRESH ALLOTTED,,,MP__MP Round 3 Allotment.txt,3874,
MP,Madhya Pradesh,2025,R3,NEET_AIR,4882.0,LN MEDICAL COLLEGE BHOPAL,MD GENERAL MEDICINE,INST/UR/NRI/OP,,,MP__MP Round 3 Allotment.txt,3875,
MP,Madhya Pradesh,2025,R3,NEET_AIR,4883.0,NOT ALLOTTED,ALLOTTED NOT ALLOTTED,NOT ALLOTTED,,,MP__MP Round 3 Allotment.txt,3877,
MP,Madhya Pradesh,2025,R3,NEET_AIR,4885.0,PEOPLES COLLEGE OF MEDICAL SCIENCE BHOPAL,MD RESPIRATORY MEDICINE,OBC,,,MP__MP Round 3 Allotment.txt,3878,
MP,Madhya Pradesh,2025,R3,NEET_AIR,4886.0,NOT ALLOTTED,ALLOTTED NOT ALLOTTED,NOT ALLOTTED,,,MP__MP Round 3 Allotment.txt,3880,
MP,Madhya Pradesh,2025,R3,NEET_AIR,4887.0,INDORE,MD TOXICOLOGY,UR/X/OP,,,MP__MP Round 3 Allotment.txt,3882,
MP,Madhya Pradesh,2025,R3,NEET_AIR,4889.0,NOT ALLOTTED,ALLOTTED NOT ALLOTTED,NOT ALLOTTED,,,MP__MP Round 3 Allotment.txt,3884,
MP,Madhya Pradesh,2025,R3,NEET_AIR,4890.0,NOT ALLOTTED,NOT ALLOTTED NOT ALLOTTED,NOT ALLOTTED,,,MP__MP Round 3 Allotment.txt,3886,
MP,Madhya Pradesh,2025,R3,NEET_AIR,4891.0,NOT ALLOTTED,ALLOTTED NOT ALLOTTED,NOT ALLOTTED,,,MP__MP Round 3 Allotment.txt,3888,
MP,Madhya Pradesh,2025,R3,NEET_AIR,4892.0,PATHOLOGY,Private Non Clinical,FRESH ALLOTTED,,,MP__MP Round 3 Allotment.txt,3889,
MP,Madhya Pradesh,2025,R3,NEET_AIR,4893.0,INDORE,MD PHYSIOLOGY,SC,,,MP__MP Round 3 Allotment.txt,3891,
MP,Madhya Pradesh,2025,R3,NEET_AIR,4895.0,NOT ALLOTTED,NOT ALLOTTED NOT ALLOTTED,NOT ALLOTTED,,,MP__MP Round 3 Allotment.txt,3893,
MP,Madhya Pradesh,2025,R3,NEET_AIR,4896.0,GOVERMENT MEDICAL COLLEGE RATLAM,MS ORTHOPAEDICS,IN_SC/X/OP,,,MP__MP Round 3 Allotment.txt,3894,
MP,Madhya Pradesh,2025,R3,NEET_AIR,4897.0,NOT ALLOTTED,ALLOTTED NOT ALLOTTED,NOT ALLOTTED,,,MP__MP Round 3 Allotment.txt,3910,
MP,Madhya Pradesh,2025,R3,NEET_AIR,4902.0,JABALPUR,MD ANAESTHESIOLOGY,INST/UR/X/OP,,,MP__MP Round 3 Allotment.txt,3912,
MP,Madhya Pradesh,2025,R3,NEET_AIR,4903.0,NOT ALLOTTED,ALLOTTED NOT ALLOTTED,NOT ALLOTTED,,,MP__MP Round 3 Allotment.txt,3914,
MP,Madhya Pradesh,2025,R3,NEET_AIR,4905.0,NOT ALLOTTED,ALLOTTED NOT ALLOTTED,NOT ALLOTTED,,,MP__MP Round 3 Allotment.txt,3916,
MP,Madhya Pradesh,2025,R3,NEET_AIR,4907.0,NOT ALLOTTED,ALLOTTED NOT ALLOTTED,NOT ALLOTTED,,,MP__MP Round 3 Allotment.txt,3918,
MP,Madhya Pradesh,2025,R3,NEET_AIR,4908.0,NOT ALLOTTED,ALLOTTED NOT ALLOTTED,NOT ALLOTTED,,,MP__MP Round 3 Allotment.txt,3920,
MP,Madhya Pradesh,2025,R3,NEET_AIR,4909.0,NOT ALLOTTED,ALLOTTED NOT ALLOTTED,NOT ALLOTTED,,,MP__MP Round 3 Allotment.txt,3922,
MP,Madhya Pradesh,2025,R3,NEET_AIR,4910.0,NOT ALLOTTED,ALLOTTED NOT ALLOTTED,NOT ALLOTTED,,,MP__MP Round 3 Allotment.txt,3924,
MP,Madhya Pradesh,2025,R3,NEET_AIR,4911.0,NOT ALLOTTED,ALLOTTED NOT ALLOTTED,NOT ALLOTTED,,,MP__MP Round 3 Allotment.txt,3926,
MP,Madhya Pradesh,2025,R3,NEET_AIR,4913.0,NOT ALLOTTED,ALLOTTED NOT ALLOTTED,NOT ALLOTTED,,,MP__MP Round 3 Allotment.txt,3928,
MP,Madhya Pradesh,2025,R3,NEET_AIR,4914.0,"RESEARCH CENTRE, BHOPAL",MD ANAESTHESIOLOGY,SC,,,MP__MP Round 3 Allotment.txt,3930,
MP,Madhya Pradesh,2025,R3,NEET_AIR,4915.0,NOT ALLOTTED,ALLOTTED NOT ALLOTTED,NOT ALLOTTED,,,MP__MP Round 3 Allotment.txt,3932,
MP,Madhya Pradesh,2025,R3,NEET_AIR,4919.0,NOT ALLOTTED,ALLOTTED NOT ALLOTTED,NOT ALLOTTED,,,MP__MP Round 3 Allotment.txt,3934,
MP,Madhya Pradesh,2025,R3,NEET_AIR,4920.0,"RESEARCH CENTRE, BHOPAL",MS OBSTETRICS AND GYNAECOLOGY,INST/UR/NRI/OP,,,MP__MP Round 3 Allotment.txt,3936,
MP,Madhya Pradesh,2025,R3,NEET_AIR,4922.0,JABALPUR,MD COMMUNITY MEDICINE,UR/X/OP,,,MP__MP Round 3 Allotment.txt,3938,
MP,Madhya Pradesh,2025,R3,NEET_AIR,4924.0,NOT ALLOTTED,ALLOTTED NOT ALLOTTED,NOT ALLOTTED,,,MP__MP Round 3 Allotment.txt,3940,
MP,Madhya Pradesh,2025,R3,NEET_AIR,4925.0,NOT ALLOTTED,ALLOTTED NOT ALLOTTED,NOT ALLOTTED,,,MP__MP Round 3 Allotment.txt,3942,
MP,Madhya Pradesh,2025,R3,NEET_AIR,4929.0,NOT ALLOTTED,NOT ALLOTTED NOT ALLOTTED,NOT ALLOTTED,,,MP__MP Round 3 Allotment.txt,3944,
MP,Madhya Pradesh,2025,R3,NEET_AIR,4930.0,NOT ALLOTTED,ALLOTTED NOT ALLOTTED,NOT ALLOTTED,,,MP__MP Round 3 Allotment.txt,3946,
MP,Madhya Pradesh,2025,R3,NEET_AIR,4932.0,NOT ALLOTTED,ALLOTTED NOT ALLOTTED,NOT ALLOTTED,,,MP__MP Round 3 Allotment.txt,3948,
MP,Madhya Pradesh,2025,R3,NEET_AIR,4936.0,NOT ALLOTTED,ALLOTTED NOT ALLOTTED,NOT ALLOTTED,,,MP__MP Round 3 Allotment.txt,3950,
MP,Madhya Pradesh,2025,R3,NEET_AIR,4939.0,PATHOLOGY,Private Non Clinical,FRESH ALLOTTED,,,MP__MP Round 3 Allotment.txt,3951,
MP,Madhya Pradesh,2025,R3,NEET_AIR,4940.0,GOVERMENT MEDICAL COLLEGE RATLAM,MD TOXICOLOGY,SC,,,MP__MP Round 3 Allotment.txt,3953,
MP,Madhya Pradesh,2025,R3,NEET_AIR,4943.0,NOT ALLOTTED,ALLOTTED NOT ALLOTTED,NOT ALLOTTED,,,MP__MP Round 3 Allotment.txt,3955,
MP,Madhya Pradesh,2025,R3,NEET_AIR,4945.0,NOT ALLOTTED,ALLOTTED NOT ALLOTTED,NOT ALLOTTED,,,MP__MP Round 3 Allotment.txt,3960,
MP,Madhya Pradesh,2025,R3,NEET_AIR,4946.0,NOT ALLOTTED,ALLOTTED NOT ALLOTTED,NOT ALLOTTED,,,MP__MP Round 3 Allotment.txt,3962,
MP,Madhya Pradesh,2025,R3,NEET_AIR,4949.0,EMERGENCY MEDICINE,Private Clinical,FRESH ALLOTTED,,,MP__MP Round 3 Allotment.txt,3964,
MP,Madhya Pradesh,2025,R3,NEET_AIR,4950.0,NOT ALLOTTED,NOT ALLOTTED NOT ALLOTTED,NOT ALLOTTED,,,MP__MP Round 3 Allotment.txt,3966,
MP,Madhya Pradesh,2025,R3,NEET_AIR,4951.0,PEOPLES COLLEGE OF MEDICAL SCIENCE BHOPAL,MD PAEDIATRICS,IN_UR/X/OP,,,MP__MP Round 3 Allotment.txt,3967,
MP,Madhya Pradesh,2025,R3,NEET_AIR,4952.0,NOT ALLOTTED,NOT ALLOTTED NOT ALLOTTED,NOT ALLOTTED,,,MP__MP Round 3 Allotment.txt,3969,
MP,Madhya Pradesh,2025,R3,NEET_AIR,4954.0,LN MEDICAL COLLEGE BHOPAL,MD GENERAL MEDICINE,INST/UR/NRI/OP,,,MP__MP Round 3 Allotment.txt,3970,
MP,Madhya Pradesh,2025,R3,NEET_AIR,4959.0,AMALTAS INSTITUTE OF MEDICAL SCIENCES DEWAS,MD RADIODIAGNOSIS,INST/UR/NRI/OP,,,MP__MP Round 3 Allotment.txt,3971,
MP,Madhya Pradesh,2025,R3,NEET_AIR,4961.0,NOT ALLOTTED,ALLOTTED NOT ALLOTTED,NOT ALLOTTED,,,MP__MP Round 3 Allotment.txt,3973,
MP,Madhya Pradesh,2025,R3,NEET_AIR,4966.0,OBSTETRICS AND GYNAECOLOGY,Govt Clinical,FRESH ALLOTTED,,,MP__MP Round 3 Allotment.txt,3976,
MP,Madhya Pradesh,2025,R3,NEET_AIR,4967.0,CENTER INDORE,MD RADIODIAGNOSIS,INST/UR/NRI/OP,,,MP__MP Round 3 Allotment.txt,3978,
MP,Madhya Pradesh,2025,R3,NEET_AIR,4970.0,NOT ALLOTTED,ALLOTTED NOT ALLOTTED,NOT ALLOTTED,,,MP__MP Round 3 Allotment.txt,3980,
MP,Madhya Pradesh,2025,R3,NEET_AIR,4971.0,NOT ALLOTTED,ALLOTTED NOT ALLOTTED,NOT ALLOTTED,,,MP__MP Round 3 Allotment.txt,3982,
MP,Madhya Pradesh,2025,R3,NEET_AIR,4972.0,CENTER INDORE,MD RADIODIAGNOSIS,INST/UR/NRI/OP,,,MP__MP Round 3 Allotment.txt,3984,
MP,Madhya Pradesh,2025,R3,NEET_AIR,4973.0,NOT ALLOTTED,NOT ALLOTTED NOT ALLOTTED,NOT ALLOTTED,,,MP__MP Round 3 Allotment.txt,3986,
MP,Madhya Pradesh,2025,R3,NEET_AIR,4975.0,INDORE,MD BIOCHEMISTRY,UR/X/OP,,,MP__MP Round 3 Allotment.txt,3988,
MP,Madhya Pradesh,2025,R3,NEET_AIR,4976.0,"RESEARCH CENTRE, BHOPAL",MS OBSTETRICS AND GYNAECOLOGY,INST/UR/NRI/OP,,,MP__MP Round 3 Allotment.txt,3990,
MP,Madhya Pradesh,2025,R3,NEET_AIR,4979.0,INDORE,MS GENERAL SURGERY,OBC,,,MP__MP Round 3 Allotment.txt,3992,
MP,Madhya Pradesh,2025,R3,NEET_AIR,4980.0,COLLEGE VIDISHA,MS ANATOMY,UR/X/OP,,,MP__MP Round 3 Allotment.txt,3994,
MP,Madhya Pradesh,2025,R3,NEET_AIR,4981.0,MEDICAL COLLEGE KHANDWA,MD COMMUNITY MEDICINE,SC,,,MP__MP Round 3 Allotment.txt,3996,
MP,Madhya Pradesh,2025,R3,NEET_AIR,4982.0,GAJRA RAJA MEDICAL COLLEGE GWALIOR,MD PHYSIOLOGY,INST/UR/X/OP,,,MP__MP Round 3 Allotment.txt,3997,
MP,Madhya Pradesh,2025,R3,NEET_AIR,4984.0,NOT ALLOTTED,NOT ALLOTTED NOT ALLOTTED,NOT ALLOTTED,,,MP__MP Round 3 Allotment.txt,3999,
MP,Madhya Pradesh,2025,R3,NEET_AIR,4986.0,PATHOLOGY,Private Non Clinical,FRESH ALLOTTED,,,MP__MP Round 3 Allotment.txt,4001,
MP,Madhya Pradesh,2025,R3,NEET_AIR,4987.0,MICROBIOLOGY,Govt Non Clinical,FRESH ALLOTTED,,,MP__MP Round 3 Allotment.txt,4002,
MP,Madhya Pradesh,2025,R3,NEET_AIR,4988.0,COMMUNITY MEDICINE,Govt Non Clinical,FRESH ALLOTTED,,,MP__MP Round 3 Allotment.txt,4003,
MP,Madhya Pradesh,2025,R3,NEET_AIR,4989.0,NOT ALLOTTED,ALLOTTED NOT ALLOTTED,NOT ALLOTTED,,,MP__MP Round 3 Allotment.txt,4005,
MP,Madhya Pradesh,2025,R3,NEET_AIR,4990.0,AMALTAS INSTITUTE OF MEDICAL SCIENCES DEWAS,MD EMERGENCY MEDICINE,INST/UR/X/OP,,,MP__MP Round 3 Allotment.txt,4006,
MP,Madhya Pradesh,2025,R3,NEET_AIR,4992.0,AMALTAS INSTITUTE OF MEDICAL SCIENCES DEWAS,MS OBSTETRICS AND GYNAECOLOGY,INST/UR/NRI/OP,,,MP__MP Round 3 Allotment.txt,4007,
MP,Madhya Pradesh,2025,R3,NEET_AIR,4994.0,NOT ALLOTTED,ALLOTTED NOT ALLOTTED,NOT ALLOTTED,,,MP__MP Round 3 Allotment.txt,4009,
MP,Madhya Pradesh,2025,R3,NEET_AIR,4996.0,PATHOLOGY,Govt Non Clinical,FRESH ALLOTTED,,,MP__MP Round 3 Allotment.txt,4010,
MP,Madhya Pradesh,2025,R3,NEET_AIR,4998.0,NOT ALLOTTED,ALLOTTED NOT ALLOTTED,NOT ALLOTTED,,,MP__MP Round 3 Allotment.txt,4012,
MP,Madhya Pradesh,2025,R3,NEET_AIR,4999.0,AMALTAS INSTITUTE OF MEDICAL SCIENCES DEWAS,MD LEPROSY,ST,,,MP__MP Round 3 Allotment.txt,4014,
MP,Madhya Pradesh,2025,R3,NEET_AIR,5000.0,NOT ALLOTTED,ALLOTTED NOT ALLOTTED,NOT ALLOTTED,,,MP__MP Round 3 Allotment.txt,4016,
MP,Madhya Pradesh,2025,R3,NEET_AIR,5005.0,GAJRA RAJA MEDICAL COLLEGE GWALIOR,MD PHYSIOLOGY,INST/UR/X/OP,,,MP__MP Round 3 Allotment.txt,4017,
MP,Madhya Pradesh,2025,R3,NEET_AIR,5006.0,NOT ALLOTTED,ALLOTTED NOT ALLOTTED,NOT ALLOTTED,,,MP__MP Round 3 Allotment.txt,4019,
MP,Madhya Pradesh,2025,R3,NEET_AIR,5007.0,CENTER INDORE,MD RADIODIAGNOSIS,INST/UR/NRI/OP,,,MP__MP Round 3 Allotment.txt,4021,
MP,Madhya Pradesh,2025,R3,NEET_AIR,5008.0,NOT ALLOTTED,ALLOTTED NOT ALLOTTED,NOT ALLOTTED,,,MP__MP Round 3 Allotment.txt,4023,
MP,Madhya Pradesh,2025,R3,NEET_AIR,5009.0,NOT ALLOTTED,ALLOTTED NOT ALLOTTED,NOT ALLOTTED,,,MP__MP Round 3 Allotment.txt,4025,
MP,Madhya Pradesh,2025,R3,NEET_AIR,5011.0,NOT ALLOTTED,ALLOTTED NOT ALLOTTED,NOT ALLOTTED,,,MP__MP Round 3 Allotment.txt,4027,
MP,Madhya Pradesh,2025,R3,NEET_AIR,5013.0,NOT ALLOTTED,NOT ALLOTTED NOT ALLOTTED,NOT ALLOTTED,,,MP__MP Round 3 Allotment.txt,4029,
MP,Madhya Pradesh,2025,R3,NEET_AIR,5014.0,PHARMACOLOGY,Govt Non Clinical,FRESH ALLOTTED,,,MP__MP Round 3 Allotment.txt,4031,
MP,Madhya Pradesh,2025,R3,NEET_AIR,5016.0,NOT ALLOTTED,ALLOTTED NOT ALLOTTED,NOT ALLOTTED,,,MP__MP Round 3 Allotment.txt,4033,
MP,Madhya Pradesh,2025,R3,NEET_AIR,5017.0,PATHOLOGY,Private Non Clinical,FRESH ALLOTTED,,,MP__MP Round 3 Allotment.txt,4034,
MP,Madhya Pradesh,2025,R3,NEET_AIR,5018.0,NOT ALLOTTED,ALLOTTED NOT ALLOTTED,NOT ALLOTTED,,,MP__MP Round 3 Allotment.txt,4036,
MP,Madhya Pradesh,2025,R3,NEET_AIR,5019.0,NOT ALLOTTED,ALLOTTED NOT ALLOTTED,NOT ALLOTTED,,,MP__MP Round 3 Allotment.txt,4038,
MP,Madhya Pradesh,2025,R3,NEET_AIR,5020.0,CENTER INDORE,MS GENERAL SURGERY,INST/UR/X/OP,,,MP__MP Round 3 Allotment.txt,4040,
MP,Madhya Pradesh,2025,R3,NEET_AIR,5022.0,OBSTETRICS AND GYNAECOLOGY,Private Clinical,FRESH ALLOTTED,,,MP__MP Round 3 Allotment.txt,4042,
MP,Madhya Pradesh,2025,R3,NEET_AIR,5023.0,COLLEGE SHIVPURI,MD PHARMACOLOGY,UR/X/OP,,,MP__MP Round 3 Allotment.txt,4044,
MP,Madhya Pradesh,2025,R3,NEET_AIR,5024.0,NOT ALLOTTED,ALLOTTED NOT ALLOTTED,NOT ALLOTTED,,,MP__MP Round 3 Allotment.txt,4046,
MP,Madhya Pradesh,2025,R3,NEET_AIR,5026.0,MICROBIOLOGY,Govt Non Clinical,FRESH ALLOTTED,,,MP__MP Round 3 Allotment.txt,4047,
MP,Madhya Pradesh,2025,R3,NEET_AIR,5027.0,NOT ALLOTTED,ALLOTTED NOT ALLOTTED,NOT ALLOTTED,,,MP__MP Round 3 Allotment.txt,4049,
MP,Madhya Pradesh,2025,R3,NEET_AIR,5028.0,NOT ALLOTTED,NOT ALLOTTED NOT ALLOTTED,NOT ALLOTTED,,,MP__MP Round 3 Allotment.txt,4051,
MP,Madhya Pradesh,2025,R3,NEET_AIR,5029.0,NOT ALLOTTED,NOT ALLOTTED NOT ALLOTTED,NOT ALLOTTED,,,MP__MP Round 3 Allotment.txt,4053,
MP,Madhya Pradesh,2025,R3,NEET_AIR,5030.0,NOT ALLOTTED,ALLOTTED NOT ALLOTTED,NOT ALLOTTED,,,MP__MP Round 3 Allotment.txt,4055,
MP,Madhya Pradesh,2025,R3,NEET_AIR,5031.0,INDORE,MD PAEDIATRICS,INST/UR/NRI/OP,,,MP__MP Round 3 Allotment.txt,4057,
MP,Madhya Pradesh,2025,R3,NEET_AIR,5032.0,LN MEDICAL COLLEGE BHOPAL,MD GENERAL MEDICINE,INST/UR/NRI/OP,,,MP__MP Round 3 Allotment.txt,4058,
MP,Madhya Pradesh,2025,R3,NEET_AIR,5033.0,CHHINDWARA,MD TOXICOLOGY,ST,,,MP__MP Round 3 Allotment.txt,4060,
MP,Madhya Pradesh,2025,R3,NEET_AIR,5035.0,NOT ALLOTTED,ALLOTTED NOT ALLOTTED,NOT ALLOTTED,,,MP__MP Round 3 Allotment.txt,4062,
MP,Madhya Pradesh,2025,R3,NEET_AIR,5037.0,TOXICOLOGY,Private Non Clinical,FRESH ALLOTTED,,,MP__MP Round 3 Allotment.txt,4064,
MP,Madhya Pradesh,2025,R3,NEET_AIR,5039.0,NOT ALLOTTED,ALLOTTED NOT ALLOTTED,NOT ALLOTTED,,,MP__MP Round 3 Allotment.txt,4066,
MP,Madhya Pradesh,2025,R3,NEET_AIR,5040.0,CHIRAYU MEDICAL COLLEGE AND HOSPITAL BHOPAL,MS OBSTETRICS AND GYNAECOLOGY,ST,,,MP__MP Round 3 Allotment.txt,4067,
MP,Madhya Pradesh,2025,R3,NEET_AIR,5041.0,NOT ALLOTTED,ALLOTTED NOT ALLOTTED,NOT ALLOTTED,,,MP__MP Round 3 Allotment.txt,4069,
MP,Madhya Pradesh,2025,R3,NEET_AIR,5042.0,CENTER INDORE,MS GENERAL SURGERY,INST/UR/X/OP,,,MP__MP Round 3 Allotment.txt,4071,
MP,Madhya Pradesh,2025,R3,NEET_AIR,5045.0,CHIRAYU MEDICAL COLLEGE AND HOSPITAL BHOPAL,MS OTORHINOLARYNGOLOGY (ENT),INST/UR/X/OP,,,MP__MP Round 3 Allotment.txt,4072,
MP,Madhya Pradesh,2025,R3,NEET_AIR,5046.0,NOT ALLOTTED,ALLOTTED NOT ALLOTTED,NOT ALLOTTED,,,MP__MP Round 3 Allotment.txt,4074,
MP,Madhya Pradesh,2025,R3,NEET_AIR,5051.0,PATHOLOGY,Private Non Clinical,FRESH ALLOTTED,,,MP__MP Round 3 Allotment.txt,4076,
MP,Madhya Pradesh,2025,R3,NEET_AIR,5054.0,NOT ALLOTTED,ALLOTTED NOT ALLOTTED,NOT ALLOTTED,,,MP__MP Round 3 Allotment.txt,4078,
MP,Madhya Pradesh,2025,R3,NEET_AIR,5055.0,NOT ALLOTTED,ALLOTTED NOT ALLOTTED,NOT ALLOTTED,,,MP__MP Round 3 Allotment.txt,4080,
MP,Madhya Pradesh,2025,R3,NEET_AIR,5056.0,CHHINDWARA,MD COMMUNITY MEDICINE,SC,,,MP__MP Round 3 Allotment.txt,4096,
MP,Madhya Pradesh,2025,R3,NEET_AIR,5057.0,AMALTAS INSTITUTE OF MEDICAL SCIENCES DEWAS,MD RADIODIAGNOSIS,INST/UR/NRI/OP,,,MP__MP Round 3 Allotment.txt,4097,
MP,Madhya Pradesh,2025,R3,NEET_AIR,5058.0,TOXICOLOGY,Private Non Clinical,FRESH ALLOTTED,,,MP__MP Round 3 Allotment.txt,4099,
MP,Madhya Pradesh,2025,R3,NEET_AIR,5059.0,CHHINDWARA,MD TOXICOLOGY,INST/UR/X/OP,,,MP__MP Round 3 Allotment.txt,4101,
MP,Madhya Pradesh,2025,R3,NEET_AIR,5060.0,NOT ALLOTTED,NOT ALLOTTED NOT ALLOTTED,NOT ALLOTTED,,,MP__MP Round 3 Allotment.txt,4103,
MP,Madhya Pradesh,2025,R3,NEET_AIR,5062.0,COLLEGE SHIVPURI,MD BIOCHEMISTRY,INST/UR/X/OP,,,MP__MP Round 3 Allotment.txt,4105,
MP,Madhya Pradesh,2025,R3,NEET_AIR,5063.0,PATHOLOGY,Private Non Clinical,FRESH ALLOTTED,,,MP__MP Round 3 Allotment.txt,4107,
MP,Madhya Pradesh,2025,R3,NEET_AIR,5065.0,GENERAL SURGERY,Govt Clinical,FRESH ALLOTTED,,,MP__MP Round 3 Allotment.txt,4108,
MP,Madhya Pradesh,2025,R3,NEET_AIR,5066.0,PATHOLOGY,Private Non Clinical,FRESH ALLOTTED,,,MP__MP Round 3 Allotment.txt,4110,
MP,Madhya Pradesh,2025,R3,NEET_AIR,5067.0,NOT ALLOTTED,ALLOTTED NOT ALLOTTED,NOT ALLOTTED,,,MP__MP Round 3 Allotment.txt,4112,
MP,Madhya Pradesh,2025,R3,NEET_AIR,5068.0,NOT ALLOTTED,ALLOTTED NOT ALLOTTED,NOT ALLOTTED,,,MP__MP Round 3 Allotment.txt,4114,
MP,Madhya Pradesh,2025,R3,NEET_AIR,5073.0,INDORE,MS ORTHOPAEDICS,INST/UR/NRI/OP,,,MP__MP Round 3 Allotment.txt,4119,
MP,Madhya Pradesh,2025,R3,NEET_AIR,5074.0,INDORE,MS OPHTHALMOLOGY,INST/UR/NRI/OP,,,MP__MP Round 3 Allotment.txt,4121,
MP,Madhya Pradesh,2025,R3,NEET_AIR,5075.0,CENTER INDORE,MS OBSTETRICS AND GYNAECOLOGY,SC,,,MP__MP Round 3 Allotment.txt,4123,
MP,Madhya Pradesh,2025,R3,NEET_AIR,5078.0,CHIRAYU MEDICAL COLLEGE AND HOSPITAL BHOPAL,MS ORTHOPAEDICS,INST/UR/NRI/OP,,,MP__MP Round 3 Allotment.txt,4124,
MP,Madhya Pradesh,2025,R3,NEET_AIR,5080.0,NOT ALLOTTED,ALLOTTED NOT ALLOTTED,NOT ALLOTTED,,,MP__MP Round 3 Allotment.txt,4126,
MP,Madhya Pradesh,2025,R3,NEET_AIR,5085.0,"RESEARCH CENTRE, BHOPAL",MS ORTHOPAEDICS,INST/UR/NRI/OP,,,MP__MP Round 3 Allotment.txt,4128,
MP,Madhya Pradesh,2025,R3,NEET_AIR,5088.0,NOT ALLOTTED,ALLOTTED NOT ALLOTTED,NOT ALLOTTED,,,MP__MP Round 3 Allotment.txt,4130,
MP,Madhya Pradesh,2025,R3,NEET_AIR,5091.0,PATHOLOGY,Private Non Clinical,FRESH ALLOTTED,,,MP__MP Round 3 Allotment.txt,4132,
MP,Madhya Pradesh,2025,R3,NEET_AIR,5092.0,NOT ALLOTTED,ALLOTTED NOT ALLOTTED,NOT ALLOTTED,,,MP__MP Round 3 Allotment.txt,4134,
MP,Madhya Pradesh,2025,R3,NEET_AIR,5093.0,CHIRAYU MEDICAL COLLEGE AND HOSPITAL BHOPAL,MD ANAESTHESIOLOGY,INST/UR/X/OP,,,MP__MP Round 3 Allotment.txt,4135,
MP,Madhya Pradesh,2025,R3,NEET_AIR,5095.0,CHIRAYU MEDICAL COLLEGE AND HOSPITAL BHOPAL,MD ANAESTHESIOLOGY,INST/UR/X/OP,,,MP__MP Round 3 Allotment.txt,4136,
MP,Madhya Pradesh,2025,R3,NEET_AIR,5097.0,PHYSIOLOGY,Govt Non Clinical,FRESH ALLOTTED,,,MP__MP Round 3 Allotment.txt,4137,
MP,Madhya Pradesh,2025,R3,NEET_AIR,5100.0,INDORE,MD GENERAL MEDICINE,IN_UR/PH/OP,,,MP__MP Round 3 Allotment.txt,4139,
MP,Madhya Pradesh,2025,R3,NEET_AIR,5101.0,PATHOLOGY,Private Non Clinical,FRESH ALLOTTED,,,MP__MP Round 3 Allotment.txt,4141,
MP,Madhya Pradesh,2025,R3,NEET_AIR,5103.0,NOT ALLOTTED,ALLOTTED NOT ALLOTTED,NOT ALLOTTED,,,MP__MP Round 3 Allotment.txt,4143,
MP,Madhya Pradesh,2025,R3,NEET_AIR,5106.0,NOT ALLOTTED,ALLOTTED NOT ALLOTTED,NOT ALLOTTED,,,MP__MP Round 3 Allotment.txt,4145,
MP,Madhya Pradesh,2025,R3,NEET_AIR,5107.0,CENTRE BHOPAL,MD EMERGENCY MEDICINE,INST/UR/X/OP,,,MP__MP Round 3 Allotment.txt,4147,
MP,Madhya Pradesh,2025,R3,NEET_AIR,5108.0,NOT ALLOTTED,ALLOTTED NOT ALLOTTED,NOT ALLOTTED,,,MP__MP Round 3 Allotment.txt,4149,
MP,Madhya Pradesh,2025,R3,NEET_AIR,5110.0,INDORE,MS ORTHOPAEDICS,SC,,,MP__MP Round 3 Allotment.txt,4151,
MP,Madhya Pradesh,2025,R3,NEET_AIR,5112.0,PATHOLOGY,Private Non Clinical,FRESH ALLOTTED,,,MP__MP Round 3 Allotment.txt,4152,
MP,Madhya Pradesh,2025,R3,NEET_AIR,5113.0,INDORE,MD COMMUNITY MEDICINE,ST,,,MP__MP Round 3 Allotment.txt,4154,
MP,Madhya Pradesh,2025,R3,NEET_AIR,5114.0,INDORE,MD BIOCHEMISTRY,UR/X/OP,,,MP__MP Round 3 Allotment.txt,4156,
MP,Madhya Pradesh,2025,R3,NEET_AIR,5115.0,NOT ALLOTTED,ALLOTTED NOT ALLOTTED,NOT ALLOTTED,,,MP__MP Round 3 Allotment.txt,4158,
MP,Madhya Pradesh,2025,R3,NEET_AIR,5116.0,NOT ALLOTTED,ALLOTTED NOT ALLOTTED,NOT ALLOTTED,,,MP__MP Round 3 Allotment.txt,4160,
MP,Madhya Pradesh,2025,R3,NEET_AIR,5118.0,JABALPUR,MD PHARMACOLOGY,INST/UR/X/OP,,,MP__MP Round 3 Allotment.txt,4162,
MP,Madhya Pradesh,2025,R3,NEET_AIR,5119.0,GANDHI MEDICAL COLLEGE BHOPAL,MD PATHOLOGY,IN_OBC/X/OP,,,MP__MP Round 3 Allotment.txt,4163,
MP,Madhya Pradesh,2025,R3,NEET_AIR,5120.0,"RESEARCH CENTRE, BHOPAL",MD EMERGENCY MEDICINE,SC,,,MP__MP Round 3 Allotment.txt,4165,
MP,Madhya Pradesh,2025,R3,NEET_AIR,5121.0,CENTER INDORE,MS OTORHINOLARYNGOLOGY (ENT),INST/UR/X/OP,,,MP__MP Round 3 Allotment.txt,4167,
MP,Madhya Pradesh,2025,R3,NEET_AIR,5122.0,NOT ALLOTTED,ALLOTTED NOT ALLOTTED,NOT ALLOTTED,,,MP__MP Round 3 Allotment.txt,4169,
MP,Madhya Pradesh,2025,R3,NEET_AIR,5125.0,AMALTAS INSTITUTE OF MEDICAL SCIENCES DEWAS,MD ANAESTHESIOLOGY,INST/UR/X/OP,,,MP__MP Round 3 Allotment.txt,4170,
MP,Madhya Pradesh,2025,R3,NEET_AIR,5127.0,NOT ALLOTTED,ALLOTTED NOT ALLOTTED,NOT ALLOTTED,,,MP__MP Round 3 Allotment.txt,4172,
MP,Madhya Pradesh,2025,R3,NEET_AIR,5128.0,PATHOLOGY,Govt Non Clinical,FRESH ALLOTTED,,,MP__MP Round 3 Allotment.txt,4173,
MP,Madhya Pradesh,2025,R3,NEET_AIR,5129.0,NOT ALLOTTED,ALLOTTED NOT ALLOTTED,NOT ALLOTTED,,,MP__MP Round 3 Allotment.txt,4175,
MP,Madhya Pradesh,2025,R3,NEET_AIR,5130.0,NOT ALLOTTED,ALLOTTED NOT ALLOTTED,NOT ALLOTTED,,,MP__MP Round 3 Allotment.txt,4177,
MP,Madhya Pradesh,2025,R3,NEET_AIR,5131.0,CHIRAYU MEDICAL COLLEGE AND HOSPITAL BHOPAL,MD ANAESTHESIOLOGY,INST/UR/X/OP,,,MP__MP Round 3 Allotment.txt,4178,
MP,Madhya Pradesh,2025,R3,NEET_AIR,5132.0,"RESEARCH CENTRE, BHOPAL",MD PAEDIATRICS,INST/UR/NRI/OP,,,MP__MP Round 3 Allotment.txt,4180,
MP,Madhya Pradesh,2025,R3,NEET_AIR,5134.0,NOT ALLOTTED,ALLOTTED NOT ALLOTTED,NOT ALLOTTED,,,MP__MP Round 3 Allotment.txt,4182,
MP,Madhya Pradesh,2025,R3,NEET_AIR,5136.0,NOT ALLOTTED,ALLOTTED NOT ALLOTTED,NOT ALLOTTED,,,MP__MP Round 3 Allotment.txt,4184,
MP,Madhya Pradesh,2025,R3,NEET_AIR,5137.0,NOT ALLOTTED,NOT ALLOTTED NOT ALLOTTED,NOT ALLOTTED,,,MP__MP Round 3 Allotment.txt,4186,
MP,Madhya Pradesh,2025,R3,NEET_AIR,5143.0,NOT ALLOTTED,ALLOTTED NOT ALLOTTED,NOT ALLOTTED,,,MP__MP Round 3 Allotment.txt,4188,
MP,Madhya Pradesh,2025,R3,NEET_AIR,5144.0,NOT ALLOTTED,ALLOTTED NOT ALLOTTED,NOT ALLOTTED,,,MP__MP Round 3 Allotment.txt,4190,
MP,Madhya Pradesh,2025,R3,NEET_AIR,5145.0,NOT ALLOTTED,ALLOTTED NOT ALLOTTED,NOT ALLOTTED,,,MP__MP Round 3 Allotment.txt,4192,
MP,Madhya Pradesh,2025,R3,NEET_AIR,5146.0,NOT ALLOTTED,NOT ALLOTTED NOT ALLOTTED,NOT ALLOTTED,,,MP__MP Round 3 Allotment.txt,4194,
MP,Madhya Pradesh,2025,R3,NEET_AIR,5147.0,NOT ALLOTTED,ALLOTTED NOT ALLOTTED,NOT ALLOTTED,,,MP__MP Round 3 Allotment.txt,4196,
MP,Madhya Pradesh,2025,R3,NEET_AIR,5149.0,ANAESTHESIOLOGY,Private Clinical,FRESH ALLOTTED,,,MP__MP Round 3 Allotment.txt,4197,
MP,Madhya Pradesh,2025,R3,NEET_AIR,5150.0,PATHOLOGY,Private Non Clinical,FRESH ALLOTTED,,,MP__MP Round 3 Allotment.txt,4198,
MP,Madhya Pradesh,2025,R3,NEET_AIR,5151.0,NOT ALLOTTED,ALLOTTED NOT ALLOTTED,NOT ALLOTTED,,,MP__MP Round 3 Allotment.txt,4200,
MP,Madhya Pradesh,2025,R3,NEET_AIR,5152.0,COMMUNITY MEDICINE,Private Non Clinical,FRESH ALLOTTED,,,MP__MP Round 3 Allotment.txt,4201,
MP,Madhya Pradesh,2025,R3,NEET_AIR,5155.0,RESEARCH BHOPAL,MS OBSTETRICS AND GYNAECOLOGY,INST/UR/NRI/OP,,,MP__MP Round 3 Allotment.txt,4203,
MP,Madhya Pradesh,2025,R3,NEET_AIR,5158.0,GAJRA RAJA MEDICAL COLLEGE GWALIOR,MD MICROBIOLOGY,ST,,,MP__MP Round 3 Allotment.txt,4204,
MP,Madhya Pradesh,2025,R3,NEET_AIR,5159.0,NOT ALLOTTED,NOT ALLOTTED NOT ALLOTTED,NOT ALLOTTED,,,MP__MP Round 3 Allotment.txt,4206,
MP,Madhya Pradesh,2025,R3,NEET_AIR,5160.0,RD GARDI MEDICAL COLLEGE UJJAIN,MD COMMUNITY MEDICINE,UR/X/OP,,,MP__MP Round 3 Allotment.txt,4207,
MP,Madhya Pradesh,2025,R3,NEET_AIR,5161.0,NOT ALLOTTED,ALLOTTED NOT ALLOTTED,NOT ALLOTTED,,,MP__MP Round 3 Allotment.txt,4209,
MP,Madhya Pradesh,2025,R3,NEET_AIR,5164.0,MEDICAL COLLEGE KHANDWA,MS OTORHINOLARYNGOLOGY (ENT),IN_ST/X/OP,,,MP__MP Round 3 Allotment.txt,4211,
MP,Madhya Pradesh,2025,R3,NEET_AIR,5166.0,AMALTAS INSTITUTE OF MEDICAL SCIENCES DEWAS,MS OPHTHALMOLOGY,INST/UR/X/OP,,,MP__MP Round 3 Allotment.txt,4212,
MP,Madhya Pradesh,2025,R3,NEET_AIR,5168.0,PHYSIOLOGY,Private Non Clinical,FRESH ALLOTTED,,,MP__MP Round 3 Allotment.txt,4214,
MP,Madhya Pradesh,2025,R3,NEET_AIR,5169.0,RESEARCH BHOPAL,MS OBSTETRICS AND GYNAECOLOGY,ST,,,MP__MP Round 3 Allotment.txt,4216,
MP,Madhya Pradesh,2025,R3,NEET_AIR,5170.0,COMMUNITY MEDICINE,Private Non Clinical,FRESH ALLOTTED,,,MP__MP Round 3 Allotment.txt,4217,
MP,Madhya Pradesh,2025,R3,NEET_AIR,5171.0,CENTER INDORE,MS GENERAL SURGERY,INST/UR/X/OP,,,MP__MP Round 3 Allotment.txt,4219,
MP,Madhya Pradesh,2025,R3,NEET_AIR,5174.0,SHAHDOL,MD MICROBIOLOGY,INST/UR/X/OP,,,MP__MP Round 3 Allotment.txt,4221,
MP,Madhya Pradesh,2025,R3,NEET_AIR,5175.0,"RESEARCH CENTRE, BHOPAL",MS GENERAL SURGERY,INST/UR/NRI/OP,,,MP__MP Round 3 Allotment.txt,4223,
MP,Madhya Pradesh,2025,R3,NEET_AIR,5176.0,NOT ALLOTTED,ALLOTTED NOT ALLOTTED,NOT ALLOTTED,,,MP__MP Round 3 Allotment.txt,4225,
MP,Madhya Pradesh,2025,R3,NEET_AIR,5179.0,NOT ALLOTTED,ALLOTTED NOT ALLOTTED,NOT ALLOTTED,,,MP__MP Round 3 Allotment.txt,4227,
MP,Madhya Pradesh,2025,R3,NEET_AIR,5180.0,CENTER INDORE,MS GENERAL SURGERY,INST/UR/X/OP,,,MP__MP Round 3 Allotment.txt,4229,
MP,Madhya Pradesh,2025,R3,NEET_AIR,5181.0,PATHOLOGY,Private Non Clinical,FRESH ALLOTTED,,,MP__MP Round 3 Allotment.txt,4230,
MP,Madhya Pradesh,2025,R3,NEET_AIR,5185.0,RD GARDI MEDICAL COLLEGE UJJAIN,MD PAEDIATRICS,INST/UR/NRI/OP,,,MP__MP Round 3 Allotment.txt,4231,
MP,Madhya Pradesh,2025,R3,NEET_AIR,5187.0,NOT ALLOTTED,NOT ALLOTTED NOT ALLOTTED,NOT ALLOTTED,,,MP__MP Round 3 Allotment.txt,4233,
MP,Madhya Pradesh,2025,R3,NEET_AIR,5188.0,PATHOLOGY,Private Non Clinical,FRESH ALLOTTED,,,MP__MP Round 3 Allotment.txt,4234,
MP,Madhya Pradesh,2025,R3,NEET_AIR,5190.0,INDORE,MD PHARMACOLOGY,INST/UR/X/OP,,,MP__MP Round 3 Allotment.txt,4236,
MP,Madhya Pradesh,2025,R3,NEET_AIR,5191.0,COLLEGE VIDISHA,MD MICROBIOLOGY,SC,,,MP__MP Round 3 Allotment.txt,4238,
MP,Madhya Pradesh,2025,R3,NEET_AIR,5196.0,PEOPLES COLLEGE OF MEDICAL SCIENCE BHOPAL,MS GENERAL SURGERY,SC,,,MP__MP Round 3 Allotment.txt,4239,
MP,Madhya Pradesh,2025,R3,NEET_AIR,5197.0,NOT ALLOTTED,ALLOTTED NOT ALLOTTED,NOT ALLOTTED,,,MP__MP Round 3 Allotment.txt,4241,
MP,Madhya Pradesh,2025,R3,NEET_AIR,5198.0,RADIODIAGNOSIS,Private Clinical,FRESH ALLOTTED,,,MP__MP Round 3 Allotment.txt,4242,
MP,Madhya Pradesh,2025,R3,NEET_AIR,5200.0,NOT ALLOTTED,ALLOTTED NOT ALLOTTED,NOT ALLOTTED,,,MP__MP Round 3 Allotment.txt,4244,
MP,Madhya Pradesh,2025,R3,NEET_AIR,5202.0,NOT ALLOTTED,ALLOTTED NOT ALLOTTED,NOT ALLOTTED,,,MP__MP Round 3 Allotment.txt,4246,
MP,Madhya Pradesh,2025,R3,NEET_AIR,5205.0,LN MEDICAL COLLEGE BHOPAL,MS OPHTHALMOLOGY,INST/UR/X/OP,,,MP__MP Round 3 Allotment.txt,4247,
MP,Madhya Pradesh,2025,R3,NEET_AIR,5206.0,PATHOLOGY,Govt Non Clinical,FRESH ALLOTTED,,,MP__MP Round 3 Allotment.txt,4248,
MP,Madhya Pradesh,2025,R3,NEET_AIR,5208.0,MEDICAL COLLEGE KHANDWA,MD MICROBIOLOGY,INST/UR/X/OP,,,MP__MP Round 3 Allotment.txt,4252,
MP,Madhya Pradesh,2025,R3,NEET_AIR,5209.0,NOT ALLOTTED,NOT ALLOTTED NOT ALLOTTED,NOT ALLOTTED,,,MP__MP Round 3 Allotment.txt,4254,
MP,Madhya Pradesh,2025,R3,NEET_AIR,5210.0,ORTHOPAEDICS,Private Clinical,FRESH ALLOTTED,,,MP__MP Round 3 Allotment.txt,4255,
MP,Madhya Pradesh,2025,R3,NEET_AIR,5211.0,PEOPLES COLLEGE OF MEDICAL SCIENCE BHOPAL,MS OPHTHALMOLOGY,INST/UR/X/OP,,,MP__MP Round 3 Allotment.txt,4256,
MP,Madhya Pradesh,2025,R3,NEET_AIR,5213.0,NOT ALLOTTED,ALLOTTED NOT ALLOTTED,NOT ALLOTTED,,,MP__MP Round 3 Allotment.txt,4258,
MP,Madhya Pradesh,2025,R3,NEET_AIR,5215.0,NOT ALLOTTED,ALLOTTED NOT ALLOTTED,NOT ALLOTTED,,,MP__MP Round 3 Allotment.txt,4260,
MP,Madhya Pradesh,2025,R3,NEET_AIR,5217.0,AMALTAS INSTITUTE OF MEDICAL SCIENCES DEWAS,MS ORTHOPAEDICS,INST/UR/NRI/OP,,,MP__MP Round 3 Allotment.txt,4261,
MP,Madhya Pradesh,2025,R3,NEET_AIR,5218.0,NOT ALLOTTED,ALLOTTED NOT ALLOTTED,NOT ALLOTTED,,,MP__MP Round 3 Allotment.txt,4263,
MP,Madhya Pradesh,2025,R3,NEET_AIR,5219.0,COMMUNITY MEDICINE,Govt Non Clinical,FRESH ALLOTTED,,,MP__MP Round 3 Allotment.txt,4264,
MP,Madhya Pradesh,2025,R3,NEET_AIR,5220.0,NOT ALLOTTED,NOT ALLOTTED NOT ALLOTTED,NOT ALLOTTED,,,MP__MP Round 3 Allotment.txt,4266,
MP,Madhya Pradesh,2025,R3,NEET_AIR,5221.0,NOT ALLOTTED,NOT ALLOTTED NOT ALLOTTED,NOT ALLOTTED,,,MP__MP Round 3 Allotment.txt,4282,
MP,Madhya Pradesh,2025,R3,NEET_AIR,5222.0,MEDICAL COLLEGE KHANDWA,MD MICROBIOLOGY,ST,,,MP__MP Round 3 Allotment.txt,4284,
MP,Madhya Pradesh,2025,R3,NEET_AIR,5224.0,GANDHI MEDICAL COLLEGE BHOPAL,MS ANATOMY,UR/X/OP,,,MP__MP Round 3 Allotment.txt,4285,
MP,Madhya Pradesh,2025,R3,NEET_AIR,5225.0,NOT ALLOTTED,ALLOTTED NOT ALLOTTED,NOT ALLOTTED,,,MP__MP Round 3 Allotment.txt,4287,
MP,Madhya Pradesh,2025,R3,NEET_AIR,5228.0,CENTER INDORE,MS OBSTETRICS AND GYNAECOLOGY,SC,,,MP__MP Round 3 Allotment.txt,4289,
MP,Madhya Pradesh,2025,R3,NEET_AIR,5230.0,INDORE,MS OPHTHALMOLOGY,OBC,,,MP__MP Round 3 Allotment.txt,4291,
MP,Madhya Pradesh,2025,R3,NEET_AIR,5231.0,NOT ALLOTTED,NOT ALLOTTED NOT ALLOTTED,NOT ALLOTTED,,,MP__MP Round 3 Allotment.txt,4293,
MP,Madhya Pradesh,2025,R3,NEET_AIR,5232.0,GANDHI MEDICAL COLLEGE BHOPAL,MD MICROBIOLOGY,ST,,,MP__MP Round 3 Allotment.txt,4294,
MP,Madhya Pradesh,2025,R3,NEET_AIR,5233.0,INDORE,MD EMERGENCY MEDICINE,SC,,,MP__MP Round 3 Allotment.txt,4296,
MP,Madhya Pradesh,2025,R3,NEET_AIR,5235.0,JABALPUR,MD RADIATION ONCOLOGY,IN_ST/X/OP,,,MP__MP Round 3 Allotment.txt,4298,
MP,Madhya Pradesh,2025,R3,NEET_AIR,5236.0,NOT ALLOTTED,NOT ALLOTTED NOT ALLOTTED,NOT ALLOTTED,,,MP__MP Round 3 Allotment.txt,4300,
MP,Madhya Pradesh,2025,R3,NEET_AIR,5238.0,RD GARDI MEDICAL COLLEGE UJJAIN,MD ANAESTHESIOLOGY,OBC,,,MP__MP Round 3 Allotment.txt,4301,
MP,Madhya Pradesh,2025,R3,NEET_AIR,5239.0,INDORE,MD MICROBIOLOGY,OBC,,,MP__MP Round 3 Allotment.txt,4303,
MP,Madhya Pradesh,2025,R3,NEET_AIR,5240.0,ANAESTHESIOLOGY,Private Clinical,FRESH ALLOTTED,,,MP__MP Round 3 Allotment.txt,4304,
MP,Madhya Pradesh,2025,R3,NEET_AIR,5241.0,NOT ALLOTTED,NOT ALLOTTED NOT ALLOTTED,NOT ALLOTTED,,,MP__MP Round 3 Allotment.txt,4306,
MP,Madhya Pradesh,2025,R3,NEET_AIR,5242.0,GAJRA RAJA MEDICAL COLLEGE GWALIOR,MD COMMUNITY MEDICINE,IN_ST/X/OP,,,MP__MP Round 3 Allotment.txt,4307,
MP,Madhya Pradesh,2025,R3,NEET_AIR,5243.0,NOT ALLOTTED,ALLOTTED NOT ALLOTTED,NOT ALLOTTED,,,MP__MP Round 3 Allotment.txt,4309,
MP,Madhya Pradesh,2025,R3,NEET_AIR,5247.0,PEOPLES COLLEGE OF MEDICAL SCIENCE BHOPAL,MD PSYCHIATRY,SC,,,MP__MP Round 3 Allotment.txt,4310,
MP,Madhya Pradesh,2025,R3,NEET_AIR,5250.0,CENTER INDORE,MD COMMUNITY MEDICINE,SC,,,MP__MP Round 3 Allotment.txt,4312,
MP,Madhya Pradesh,2025,R3,NEET_AIR,5251.0,NOT ALLOTTED,ALLOTTED NOT ALLOTTED,NOT ALLOTTED,,,MP__MP Round 3 Allotment.txt,4314,
MP,Madhya Pradesh,2025,R3,NEET_AIR,5252.0,LN MEDICAL COLLEGE BHOPAL,MD PAEDIATRICS,SC,,,MP__MP Round 3 Allotment.txt,4315,
MP,Madhya Pradesh,2025,R3,NEET_AIR,5253.0,NOT ALLOTTED,NOT ALLOTTED NOT ALLOTTED,NOT ALLOTTED,,,MP__MP Round 3 Allotment.txt,4317,
MP,Madhya Pradesh,2025,R3,NEET_AIR,5254.0,CENTER INDORE,MS OBSTETRICS AND GYNAECOLOGY,ST,,,MP__MP Round 3 Allotment.txt,4319,
MP,Madhya Pradesh,2025,R3,NEET_AIR,5255.0,LN MEDICAL COLLEGE BHOPAL,MS ORTHOPAEDICS,OBC,,,MP__MP Round 3 Allotment.txt,4320,
MP,Madhya Pradesh,2025,R3,NEET_AIR,5257.0,JABALPUR,MD BIOCHEMISTRY,SC,,,MP__MP Round 3 Allotment.txt,4322,
MP,Madhya Pradesh,2025,R3,NEET_AIR,5258.0,COLLEGE SHIVPURI,MD COMMUNITY MEDICINE,IN_OBC/X/OP,,,MP__MP Round 3 Allotment.txt,4324,
MP,Madhya Pradesh,2025,R3,NEET_AIR,5259.0,GANDHI MEDICAL COLLEGE BHOPAL,MD PHARMACOLOGY,OBC,,,MP__MP Round 3 Allotment.txt,4325,
MP,Madhya Pradesh,2025,R3,NEET_AIR,5261.0,PEOPLES COLLEGE OF MEDICAL SCIENCE BHOPAL,MD COMMUNITY MEDICINE,ST,,,MP__MP Round 3 Allotment.txt,4326,
MP,Madhya Pradesh,2025,R3,NEET_AIR,5263.0,CHHINDWARA,MD PHYSIOLOGY,ST,,,MP__MP Round 3 Allotment.txt,4328,
MP,Madhya Pradesh,2025,R3,NEET_AIR,5264.0,"RESEARCH CENTRE, BHOPAL",MD ANAESTHESIOLOGY,SC,,,MP__MP Round 3 Allotment.txt,4330,
MP,Madhya Pradesh,2025,R3,NEET_AIR,5265.0,CHIRAYU MEDICAL COLLEGE AND HOSPITAL BHOPAL,MD PAEDIATRICS,SC,,,MP__MP Round 3 Allotment.txt,4331,
MP,Madhya Pradesh,2025,R3,NEET_AIR,5266.0,CENTRE BHOPAL,MS OBSTETRICS AND GYNAECOLOGY,ST,,,MP__MP Round 3 Allotment.txt,4333,
MP,Madhya Pradesh,2025,R3,NEET_AIR,5267.0,NOT ALLOTTED,NOT ALLOTTED NOT ALLOTTED,NOT ALLOTTED,,,MP__MP Round 3 Allotment.txt,4335,
MP,Madhya Pradesh,2025,R3,NEET_AIR,5268.0,CENTER INDORE,MD ANAESTHESIOLOGY,OBC,,,MP__MP Round 3 Allotment.txt,4337,
MP,Madhya Pradesh,2025,R3,NEET_AIR,5269.0,ANAESTHESIOLOGY,Private Clinical,FRESH ALLOTTED,,,MP__MP Round 3 Allotment.txt,4338,
MP,Madhya Pradesh,2025,R3,NEET_AIR,5270.0,INDORE,MS ORTHOPAEDICS,SC,,,MP__MP Round 3 Allotment.txt,4340,
MP,Madhya Pradesh,2025,R3,NEET_AIR,5271.0,JABALPUR,MD MICROBIOLOGY,SC,,,MP__MP Round 3 Allotment.txt,4342,
MP,Madhya Pradesh,2025,R3,NEET_AIR,5273.0,NOT ALLOTTED,NOT ALLOTTED NOT ALLOTTED,NOT ALLOTTED,,,MP__MP Round 3 Allotment.txt,4344,
MP,Madhya Pradesh,2025,R3,NEET_AIR,5275.0,INDORE,MD COMMUNITY MEDICINE,ST,,,MP__MP Round 3 Allotment.txt,4346,
MP,Madhya Pradesh,2025,R3,NEET_AIR,5277.0,CENTRE BHOPAL,MD COMMUNITY MEDICINE,OBC,,,MP__MP Round 3 Allotment.txt,4348,
MP,Madhya Pradesh,2025,R3,NEET_AIR,5279.0,GOVERMENT MEDICAL COLLEGE RATLAM,MD ANAESTHESIOLOGY,IN_OBC/X/OP,,,MP__MP Round 3 Allotment.txt,4349,
MP,Madhya Pradesh,2025,R3,NEET_AIR,5280.0,NOT ALLOTTED,NOT ALLOTTED NOT ALLOTTED,NOT ALLOTTED,,,MP__MP Round 3 Allotment.txt,4351,
MP,Madhya Pradesh,2025,R3,NEET_AIR,5281.0,PEOPLES COLLEGE OF MEDICAL SCIENCE BHOPAL,MD COMMUNITY MEDICINE,IN_OBC/X/OP,,,MP__MP Round 3 Allotment.txt,4352,
MP,Madhya Pradesh,2025,R3,NEET_AIR,5282.0,GOVERMENT MEDICAL COLLEGE SATNA,MD TOXICOLOGY,OBC,,,MP__MP Round 3 Allotment.txt,4354,
MP,Madhya Pradesh,2025,R3,NEET_AIR,5283.0,ANAESTHESIOLOGY,Private Clinical,FRESH ALLOTTED,,,MP__MP Round 3 Allotment.txt,4355,
MP,Madhya Pradesh,2025,R3,NEET_AIR,5284.0,LN MEDICAL COLLEGE BHOPAL,MS GENERAL SURGERY,OBC,,,MP__MP Round 3 Allotment.txt,4356,
MP,Madhya Pradesh,2025,R3,NEET_AIR,5285.0,AMALTAS INSTITUTE OF MEDICAL SCIENCES DEWAS,MS ORTHOPAEDICS,OBC,,,MP__MP Round 3 Allotment.txt,4357,
MP,Madhya Pradesh,2025,R3,NEET_AIR,5287.0,ORTHOPAEDICS,Private Clinical,FRESH ALLOTTED,,,MP__MP Round 3 Allotment.txt,4359,
MP,Madhya Pradesh,2025,R3,NEET_AIR,5289.0,CENTRE BHOPAL,MD COMMUNITY MEDICINE,OBC,,,MP__MP Round 3 Allotment.txt,4361,
MP,Madhya Pradesh,2025,R3,NEET_AIR,5290.0,AMALTAS INSTITUTE OF MEDICAL SCIENCES DEWAS,MD EMERGENCY MEDICINE,OBC,,,MP__MP Round 3 Allotment.txt,4362,
MP,Madhya Pradesh,2025,R3,NEET_AIR,5291.0,GANDHI MEDICAL COLLEGE BHOPAL,MD PHARMACOLOGY,SC,,,MP__MP Round 3 Allotment.txt,4363,
MP,Madhya Pradesh,2025,R3,NEET_AIR,5292.0,NOT ALLOTTED,NOT ALLOTTED NOT ALLOTTED,NOT ALLOTTED,,,MP__MP Round 3 Allotment.txt,4365,
MP,Madhya Pradesh,2025,R3,NEET_AIR,5293.0,RD GARDI MEDICAL COLLEGE UJJAIN,MS GENERAL SURGERY,ST,,,MP__MP Round 3 Allotment.txt,4366,
MP,Madhya Pradesh,2025,R3,NEET_AIR,5294.0,RD GARDI MEDICAL COLLEGE UJJAIN,MD COMMUNITY MEDICINE,ST,,,MP__MP Round 3 Allotment.txt,4367,
MP,Madhya Pradesh,2025,R3,NEET_AIR,5295.0,CENTRE BHOPAL,MS OBSTETRICS AND GYNAECOLOGY,SC,,,MP__MP Round 3 Allotment.txt,4369,
MP,Madhya Pradesh,2025,R3,NEET_AIR,5296.0,CENTER INDORE,MS OBSTETRICS AND GYNAECOLOGY,ST,,,MP__MP Round 3 Allotment.txt,4371,
MP,Madhya Pradesh,2025,R3,NEET_AIR,5299.0,MICROBIOLOGY,Private Non Clinical,FRESH ALLOTTED,,,MP__MP Round 3 Allotment.txt,4372,
MP,Madhya Pradesh,2025,R3,NEET_AIR,5300.0,INDORE,MS GENERAL SURGERY,IN_SC/X/OP,,,MP__MP Round 3 Allotment.txt,4374,
MP,Madhya Pradesh,2025,R3,NEET_AIR,5303.0,PEOPLES COLLEGE OF MEDICAL SCIENCE BHOPAL,MD GENERAL MEDICINE,SC,,,MP__MP Round 3 Allotment.txt,4375,
MP,Madhya Pradesh,2025,R3,NEET_AIR,5304.0,CENTER INDORE,MS GENERAL SURGERY,OBC,,,MP__MP Round 3 Allotment.txt,4377,
MP,Madhya Pradesh,2025,R3,NEET_AIR,5305.0,NOT ALLOTTED,NOT ALLOTTED NOT ALLOTTED,NOT ALLOTTED,,,MP__MP Round 3 Allotment.txt,4379,
MP,Madhya Pradesh,2025,R3,NEET_AIR,5306.0,NOT ALLOTTED,NOT ALLOTTED NOT ALLOTTED,NOT ALLOTTED,,,MP__MP Round 3 Allotment.txt,4381,
MP,Madhya Pradesh,2025,R3,NEET_AIR,5309.0,MEDICAL COLLEGE KHANDWA,MD TOXICOLOGY,ST,,,MP__MP Round 3 Allotment.txt,4383,
MP,Madhya Pradesh,2025,R3,NEET_AIR,5310.0,CENTRE BHOPAL,MD COMMUNITY MEDICINE,OBC,,,MP__MP Round 3 Allotment.txt,4385,
MP,Madhya Pradesh,2025,R3,NEET_AIR,5311.0,SHAHDOL,MD TOXICOLOGY,SC,,,MP__MP Round 3 Allotment.txt,4387,
MP,Madhya Pradesh,2025,R3,NEET_AIR,5312.0,GOVERMENT MEDICAL COLLEGE SATNA,MD TOXICOLOGY,ST,,,MP__MP Round 3 Allotment.txt,4389,
MP,Madhya Pradesh,2025,R3,NEET_AIR,5313.0,NOT ALLOTTED,NOT ALLOTTED NOT ALLOTTED,NOT ALLOTTED,,,MP__MP Round 3 Allotment.txt,4391,
MP,Madhya Pradesh,2025,R3,NEET_AIR,5314.0,COLLEGE SHIVPURI,MD PHYSIOLOGY,ST,,,MP__MP Round 3 Allotment.txt,4393,
MP,Madhya Pradesh,2025,R3,NEET_AIR,5315.0,AMALTAS INSTITUTE OF MEDICAL SCIENCES DEWAS,MS OTORHINOLARYNGOLOGY (ENT),OBC,,,MP__MP Round 3 Allotment.txt,4394,
MP,Madhya Pradesh,2025,R3,NEET_AIR,5317.0,OPHTHALMOLOGY,Private Clinical,FRESH ALLOTTED,,,MP__MP Round 3 Allotment.txt,4396,
MP,Madhya Pradesh,2025,R3,NEET_AIR,5319.0,INDORE,MD TOXICOLOGY,SC,,,MP__MP Round 3 Allotment.txt,4398,
MP,Madhya Pradesh,2025,R3,NEET_AIR,5320.0,COLLEGE SHIVPURI,MD PATHOLOGY,IN_ST/X/OP,,,MP__MP Round 3 Allotment.txt,4400,
MP,Madhya Pradesh,2025,R3,NEET_AIR,5322.0,NOT ALLOTTED,NOT ALLOTTED NOT ALLOTTED,NOT ALLOTTED,,,MP__MP Round 3 Allotment.txt,4402,
MP,Madhya Pradesh,2025,R3,NEET_AIR,5323.0,BUNDELKHAND MEDICAL COLLEGE SAGAR,MD TOXICOLOGY,SC,,,MP__MP Round 3 Allotment.txt,4404,
MP,Madhya Pradesh,2025,R3,NEET_AIR,5324.0,LN MEDICAL COLLEGE BHOPAL,MD COMMUNITY MEDICINE,OBC,,,MP__MP Round 3 Allotment.txt,4405,
MP,Madhya Pradesh,2025,R3,NEET_AIR,5327.0,GAJRA RAJA MEDICAL COLLEGE GWALIOR,MD TOXICOLOGY,ST,,,MP__MP Round 3 Allotment.txt,4407,
MP,Madhya Pradesh,2025,R3,NEET_AIR,5329.0,COLLEGE SHIVPURI,MD BIOCHEMISTRY,OBC,,,MP__MP Round 3 Allotment.txt,4409,
MP,Madhya Pradesh,2025,R3,NEET_AIR,5330.0,COLLEGE VIDISHA,MD COMMUNITY MEDICINE,IN_SC/X/OP,,,MP__MP Round 3 Allotment.txt,4411,
MP,Madhya Pradesh,2025,R3,NEET_AIR,5331.0,NOT ALLOTTED,NOT ALLOTTED NOT ALLOTTED,NOT ALLOTTED,,,MP__MP Round 3 Allotment.txt,4413,
MP,Madhya Pradesh,2025,R3,NEET_AIR,5332.0,CHHINDWARA,MD COMMUNITY MEDICINE,IN_OBC/X/OP,,,MP__MP Round 3 Allotment.txt,4415,
MP,Madhya Pradesh,2025,R3,NEET_AIR,5334.0,GAJRA RAJA MEDICAL COLLEGE GWALIOR,MS ANATOMY,SC,,,MP__MP Round 3 Allotment.txt,4416,
MP,Madhya Pradesh,2025,R3,NEET_AIR,5335.0,AMALTAS INSTITUTE OF MEDICAL SCIENCES DEWAS,MD PATHOLOGY,SC,,,MP__MP Round 3 Allotment.txt,4417,
MP,Madhya Pradesh,2025,R3,NEET_AIR,5337.0,MICROBIOLOGY,Govt Non Clinical,FRESH ALLOTTED,,,MP__MP Round 3 Allotment.txt,4419,
MP,Madhya Pradesh,2025,R3,NEET_AIR,5338.0,LN MEDICAL COLLEGE BHOPAL,MS OPHTHALMOLOGY,OBC,,,MP__MP Round 3 Allotment.txt,4420,
MP,Madhya Pradesh,2025,R3,NEET_AIR,5339.0,RD GARDI MEDICAL COLLEGE UJJAIN,MD PATHOLOGY,OBC,,,MP__MP Round 3 Allotment.txt,4421,
MP,Madhya Pradesh,2025,R3,NEET_AIR,5340.0,AMALTAS INSTITUTE OF MEDICAL SCIENCES DEWAS,MD ANAESTHESIOLOGY,OBC,,,MP__MP Round 3 Allotment.txt,4422,
MP,Madhya Pradesh,2025,R2,NEET_AIR,26.0,GANDHI MEDICAL COLLEGE BHOPAL,MD RADIODIAGNOSIS,INST/UR/X/OP,,,MP__MP Round 2 Allotment.txt,8,
MP,Madhya Pradesh,2025,R2,NEET_AIR,30.0,GANDHI MEDICAL COLLEGE BHOPAL,MD GENERAL MEDICINE,INST/UR/X/OP,,,MP__MP Round 2 Allotment.txt,10,
MP,Madhya Pradesh,2025,R2,NEET_AIR,32.0,JABALPUR,MD RADIODIAGNOSIS,INST/UR/X/OP,,,MP__MP Round 2 Allotment.txt,12,
MP,Madhya Pradesh,2025,R2,NEET_AIR,33.0,GAJRA RAJA MEDICAL COLLEGE GWALIOR,MD RADIODIAGNOSIS,OBC,,,MP__MP Round 2 Allotment.txt,14,
MP,Madhya Pradesh,2025,R2,NEET_AIR,36.0,NOT ALLOTTED,ALLOTTED ALLOTTED ALLOTTED,NOT ALLOTTED,,,MP__MP Round 2 Allotment.txt,16,
MP,Madhya Pradesh,2025,R2,NEET_AIR,37.0,GANDHI MEDICAL COLLEGE BHOPAL,MD GENERAL MEDICINE,INST/UR/X/OP,,,MP__MP Round 2 Allotment.txt,18,
MP,Madhya Pradesh,2025,R2,NEET_AIR,38.0,GANDHI MEDICAL COLLEGE BHOPAL,MD GENERAL MEDICINE,INST/UR/X/OP,,,MP__MP Round 2 Allotment.txt,20,
MP,Madhya Pradesh,2025,R2,NEET_AIR,39.0,NOT ALLOTTED,ALLOTTED NOT ALLOTTED,MD,,,MP__MP Round 2 Allotment.txt,22,
MP,Madhya Pradesh,2025,R2,NEET_AIR,40.0,JABALPUR,MD GENERAL MEDICINE,INST/UR/X/OP,,,MP__MP Round 2 Allotment.txt,24,
MP,Madhya Pradesh,2025,R2,NEET_AIR,41.0,GANDHI MEDICAL COLLEGE BHOPAL,MD GENERAL MEDICINE,INST/UR/X/OP,,,MP__MP Round 2 Allotment.txt,25,
MP,Madhya Pradesh,2025,R2,NEET_AIR,43.0,NOT ALLOTTED,ALLOTTED NOT ALLOTTED,MD,,,MP__MP Round 2 Allotment.txt,27,
MP,Madhya Pradesh,2025,R2,NEET_AIR,44.0,NOT ALLOTTED,ALLOTTED NOT ALLOTTED,ALLOTTED ALLOTTED,,,MP__MP Round 2 Allotment.txt,29,
MP,Madhya Pradesh,2025,R2,NEET_AIR,48.0,NOT ALLOTTED,ALLOTTED NOT ALLOTTED,MD,,,MP__MP Round 2 Allotment.txt,31,
MP,Madhya Pradesh,2025,R2,NEET_AIR,49.0,GANDHI MEDICAL COLLEGE BHOPAL,MD GENERAL MEDICINE,INST/UR/X/OP,,,MP__MP Round 2 Allotment.txt,32,
MP,Madhya Pradesh,2025,R2,NEET_AIR,53.0,SHYAM SHAH MEDICAL COLLEGE REWA,MD GENERAL MEDICINE,INST/UR/X/OP,,,MP__MP Round 2 Allotment.txt,34,
MP,Madhya Pradesh,2025,R2,NEET_AIR,56.0,INDORE,MD RADIODIAGNOSIS,OBC,,,MP__MP Round 2 Allotment.txt,36,
MP,Madhya Pradesh,2025,R2,NEET_AIR,57.0,GANDHI MEDICAL COLLEGE BHOPAL,MD GENERAL MEDICINE,OBC,,,MP__MP Round 2 Allotment.txt,37,
MP,Madhya Pradesh,2025,R2,NEET_AIR,58.0,SHYAM SHAH MEDICAL COLLEGE REWA,MD GENERAL MEDICINE,INST/UR/X/OP,,,MP__MP Round 2 Allotment.txt,39,
MP,Madhya Pradesh,2025,R2,NEET_AIR,60.0,NOT ALLOTTED,ALLOTTED NOT ALLOTTED,NOT ALLOTTED,,,MP__MP Round 2 Allotment.txt,41,
MP,Madhya Pradesh,2025,R2,NEET_AIR,61.0,NOT ALLOTTED,ALLOTTED NOT ALLOTTED,NOT ALLOTTED,,,MP__MP Round 2 Allotment.txt,43,
MP,Madhya Pradesh,2025,R2,NEET_AIR,62.0,JABALPUR,MD GENERAL MEDICINE,INST/UR/X/OP,,,MP__MP Round 2 Allotment.txt,45,
MP,Madhya Pradesh,2025,R2,NEET_AIR,63.0,NOT ALLOTTED,ALLOTTED NOT ALLOTTED,ALLOTTED ALLOTTED,,,MP__MP Round 2 Allotment.txt,47,
MP,Madhya Pradesh,2025,R2,NEET_AIR,64.0,NOT ALLOTTED,ALLOTTED NOT ALLOTTED,MD,,,MP__MP Round 2 Allotment.txt,49,
MP,Madhya Pradesh,2025,R2,NEET_AIR,65.0,INDORE,MD PAEDIATRICS,INST/UR/X/OP,,,MP__MP Round 2 Allotment.txt,51,
MP,Madhya Pradesh,2025,R2,NEET_AIR,66.0,NOT ALLOTTED,ALLOTTED NOT ALLOTTED,ALLOTTED ALLOTTED,,,MP__MP Round 2 Allotment.txt,53,
MP,Madhya Pradesh,2025,R2,NEET_AIR,67.0,GAJRA RAJA MEDICAL COLLEGE GWALIOR,MD GENERAL MEDICINE,OBC,,,MP__MP Round 2 Allotment.txt,55,
MP,Madhya Pradesh,2025,R2,NEET_AIR,69.0,NOT ALLOTTED,ALLOTTED NOT ALLOTTED,MD,,,MP__MP Round 2 Allotment.txt,57,
MP,Madhya Pradesh,2025,R2,NEET_AIR,70.0,GANDHI MEDICAL COLLEGE BHOPAL,MD GENERAL MEDICINE,EWS,,,MP__MP Round 2 Allotment.txt,58,
MP,Madhya Pradesh,2025,R2,NEET_AIR,71.0,NOT ALLOTTED,ALLOTTED NOT ALLOTTED,ALLOTTED,,,MP__MP Round 2 Allotment.txt,60,
MP,Madhya Pradesh,2025,R2,NEET_AIR,72.0,NOT ALLOTTED,ALLOTTED NOT ALLOTTED,NOT ALLOTTED,,,MP__MP Round 2 Allotment.txt,62,
MP,Madhya Pradesh,2025,R2,NEET_AIR,75.0,INDORE,MD RADIODIAGNOSIS,EWS,,,MP__MP Round 2 Allotment.txt,64,
MP,Madhya Pradesh,2025,R2,NEET_AIR,76.0,NOT ALLOTTED,ALLOTTED ALLOTTED ALLOTTED,NOT ALLOTTED,,,MP__MP Round 2 Allotment.txt,66,
MP,Madhya Pradesh,2025,R2,NEET_AIR,77.0,NOT ALLOTTED,ALLOTTED NOT ALLOTTED,MD,,,MP__MP Round 2 Allotment.txt,68,
MP,Madhya Pradesh,2025,R2,NEET_AIR,78.0,SHYAM SHAH MEDICAL COLLEGE REWA,MD RADIODIAGNOSIS,OBC,,,MP__MP Round 2 Allotment.txt,69,
MP,Madhya Pradesh,2025,R2,NEET_AIR,79.0,NOT ALLOTTED,ALLOTTED NOT ALLOTTED,ALLOTTED,,,MP__MP Round 2 Allotment.txt,71,
MP,Madhya Pradesh,2025,R2,NEET_AIR,80.0,JABALPUR,MD RADIODIAGNOSIS,EWS,,,MP__MP Round 2 Allotment.txt,73,
MP,Madhya Pradesh,2025,R2,NEET_AIR,81.0,SHYAM SHAH MEDICAL COLLEGE REWA,MD GENERAL MEDICINE,INST/UR/X/OP,,,MP__MP Round 2 Allotment.txt,74,
MP,Madhya Pradesh,2025,R2,NEET_AIR,84.0,NOT ALLOTTED,ALLOTTED NOT ALLOTTED,ALLOTTED,,,MP__MP Round 2 Allotment.txt,76,
MP,Madhya Pradesh,2025,R2,NEET_AIR,87.0,SHYAM SHAH MEDICAL COLLEGE REWA,MD GENERAL MEDICINE,EWS,,,MP__MP Round 2 Allotment.txt,78,
MP,Madhya Pradesh,2025,R2,NEET_AIR,88.0,NOT ALLOTTED,ALLOTTED ALLOTTED ALLOTTED,NOT ALLOTTED,,,MP__MP Round 2 Allotment.txt,80,
MP,Madhya Pradesh,2025,R2,NEET_AIR,89.0,NOT ALLOTTED,ALLOTTED NOT ALLOTTED,MD,,,MP__MP Round 2 Allotment.txt,82,
MP,Madhya Pradesh,2025,R2,NEET_AIR,91.0,NOT ALLOTTED,ALLOTTED NOT ALLOTTED,ALLOTTED ALLOTTED,,,MP__MP Round 2 Allotment.txt,84,
MP,Madhya Pradesh,2025,R2,NEET_AIR,98.0,GOVERMENT MEDICAL COLLEGE RATLAM,MD GENERAL MEDICINE,OBC,,,MP__MP Round 2 Allotment.txt,86,
MP,Madhya Pradesh,2025,R2,NEET_AIR,99.0,NOT ALLOTTED,ALLOTTED NOT ALLOTTED,MD,,,MP__MP Round 2 Allotment.txt,88,
MP,Madhya Pradesh,2025,R2,NEET_AIR,103.0,NOT ALLOTTED,ALLOTTED NOT ALLOTTED,ALLOTTED,,,MP__MP Round 2 Allotment.txt,90,
MP,Madhya Pradesh,2025,R2,NEET_AIR,104.0,NOT ALLOTTED,ALLOTTED NOT ALLOTTED,NOT ALLOTTED,,,MP__MP Round 2 Allotment.txt,92,
MP,Madhya Pradesh,2025,R2,NEET_AIR,105.0,SHYAM SHAH MEDICAL COLLEGE REWA,MD GENERAL MEDICINE,EWS,,,MP__MP Round 2 Allotment.txt,93,
MP,Madhya Pradesh,2025,R2,NEET_AIR,106.0,NOT ALLOTTED,ALLOTTED NOT ALLOTTED,NOT ALLOTTED,,,MP__MP Round 2 Allotment.txt,95,
MP,Madhya Pradesh,2025,R2,NEET_AIR,107.0,NOT ALLOTTED,ALLOTTED NOT ALLOTTED,ALLOTTED,,,MP__MP Round 2 Allotment.txt,97,
MP,Madhya Pradesh,2025,R2,NEET_AIR,108.0,NOT ALLOTTED,ALLOTTED NOT ALLOTTED,NOT ALLOTTED,,,MP__MP Round 2 Allotment.txt,99,
MP,Madhya Pradesh,2025,R2,NEET_AIR,109.0,NOT ALLOTTED,ALLOTTED NOT ALLOTTED,MD,,,MP__MP Round 2 Allotment.txt,101,
MP,Madhya Pradesh,2025,R2,NEET_AIR,111.0,GANDHI MEDICAL COLLEGE BHOPAL,MD PAEDIATRICS,INST/UR/X/OP,,,MP__MP Round 2 Allotment.txt,103,
MP,Madhya Pradesh,2025,R2,NEET_AIR,113.0,NOT ALLOTTED,ALLOTTED NOT ALLOTTED,NOT ALLOTTED,,,MP__MP Round 2 Allotment.txt,105,
MP,Madhya Pradesh,2025,R2,NEET_AIR,116.0,NOT ALLOTTED,ALLOTTED NOT ALLOTTED,ALLOTTED,,,MP__MP Round 2 Allotment.txt,107,
MP,Madhya Pradesh,2025,R2,NEET_AIR,117.0,NOT ALLOTTED,ALLOTTED NOT ALLOTTED,ALLOTTED,,,MP__MP Round 2 Allotment.txt,109,
MP,Madhya Pradesh,2025,R2,NEET_AIR,118.0,COLLEGE VIDISHA,MD GENERAL MEDICINE,INST/UR/X/OP,,,MP__MP Round 2 Allotment.txt,111,
MP,Madhya Pradesh,2025,R2,NEET_AIR,119.0,NOT ALLOTTED,ALLOTTED NOT ALLOTTED,ALLOTTED ALLOTTED,,,MP__MP Round 2 Allotment.txt,113,
MP,Madhya Pradesh,2025,R2,NEET_AIR,121.0,NOT ALLOTTED,ALLOTTED NOT ALLOTTED,MD,,,MP__MP Round 2 Allotment.txt,115,
MP,Madhya Pradesh,2025,R2,NEET_AIR,123.0,NOT ALLOTTED,ALLOTTED NOT ALLOTTED,MD,,,MP__MP Round 2 Allotment.txt,117,
MP,Madhya Pradesh,2025,R2,NEET_AIR,127.0,NOT ALLOTTED,ALLOTTED NOT ALLOTTED,NOT ALLOTTED,,,MP__MP Round 2 Allotment.txt,119,
MP,Madhya Pradesh,2025,R2,NEET_AIR,129.0,NOT ALLOTTED,ALLOTTED NOT ALLOTTED,ALLOTTED,,,MP__MP Round 2 Allotment.txt,121,
MP,Madhya Pradesh,2025,R2,NEET_AIR,133.0,NOT ALLOTTED,ALLOTTED NOT ALLOTTED,ALLOTTED,,,MP__MP Round 2 Allotment.txt,133,
MP,Madhya Pradesh,2025,R2,NEET_AIR,134.0,NOT ALLOTTED,ALLOTTED NOT ALLOTTED,ALLOTTED,,,MP__MP Round 2 Allotment.txt,135,
MP,Madhya Pradesh,2025,R2,NEET_AIR,136.0,INDORE,MS GYNAECOLOGY,INST/UR/X/OP,,,MP__MP Round 2 Allotment.txt,137,
MP,Madhya Pradesh,2025,R2,NEET_AIR,139.0,NOT ALLOTTED,ALLOTTED NOT ALLOTTED,MD,,,MP__MP Round 2 Allotment.txt,139,
MP,Madhya Pradesh,2025,R2,NEET_AIR,140.0,NOT ALLOTTED,ALLOTTED NOT ALLOTTED,ALLOTTED,,,MP__MP Round 2 Allotment.txt,141,
MP,Madhya Pradesh,2025,R2,NEET_AIR,141.0,NOT ALLOTTED,ALLOTTED NOT ALLOTTED,NOT ALLOTTED,,,MP__MP Round 2 Allotment.txt,143,
MP,Madhya Pradesh,2025,R2,NEET_AIR,142.0,NOT ALLOTTED,ALLOTTED NOT ALLOTTED,ALLOTTED,,,MP__MP Round 2 Allotment.txt,145,
MP,Madhya Pradesh,2025,R2,NEET_AIR,145.0,JABALPUR,MS GYNAECOLOGY,INST/UR/X/OP,,,MP__MP Round 2 Allotment.txt,147,
MP,Madhya Pradesh,2025,R2,NEET_AIR,147.0,NOT ALLOTTED,ALLOTTED NOT ALLOTTED,MD,,,MP__MP Round 2 Allotment.txt,149,
MP,Madhya Pradesh,2025,R2,NEET_AIR,149.0,NOT ALLOTTED,ALLOTTED NOT ALLOTTED,ALLOTTED ALLOTTED,,,MP__MP Round 2 Allotment.txt,151,
MP,Madhya Pradesh,2025,R2,NEET_AIR,150.0,GANDHI MEDICAL COLLEGE BHOPAL,MD PAEDIATRICS,OBC,,,MP__MP Round 2 Allotment.txt,153,
MP,Madhya Pradesh,2025,R2,NEET_AIR,152.0,NOT ALLOTTED,ALLOTTED NOT ALLOTTED,MS,,,MP__MP Round 2 Allotment.txt,155,
MP,Madhya Pradesh,2025,R2,NEET_AIR,153.0,GAJRA RAJA MEDICAL COLLEGE GWALIOR,MS GYNAECOLOGY,INST/UR/X/OP,,,MP__MP Round 2 Allotment.txt,157,
MP,Madhya Pradesh,2025,R2,NEET_AIR,156.0,NOT ALLOTTED,ALLOTTED NOT ALLOTTED,ALLOTTED,,,MP__MP Round 2 Allotment.txt,159,
MP,Madhya Pradesh,2025,R2,NEET_AIR,159.0,NOT ALLOTTED,ALLOTTED NOT ALLOTTED,ALLOTTED,,,MP__MP Round 2 Allotment.txt,161,
MP,Madhya Pradesh,2025,R2,NEET_AIR,161.0,NOT ALLOTTED,ALLOTTED NOT ALLOTTED,NOT ALLOTTED,,,MP__MP Round 2 Allotment.txt,163,
MP,Madhya Pradesh,2025,R2,NEET_AIR,164.0,GANDHI MEDICAL COLLEGE BHOPAL,MS GYNAECOLOGY,INST/UR/X/OP,,,MP__MP Round 2 Allotment.txt,165,
MP,Madhya Pradesh,2025,R2,NEET_AIR,166.0,RD GARDI MEDICAL COLLEGE UJJAIN,MD RADIODIAGNOSIS,UR/X/OP,,,MP__MP Round 2 Allotment.txt,166,
MP,Madhya Pradesh,2025,R2,NEET_AIR,167.0,GANDHI MEDICAL COLLEGE BHOPAL,MD PAEDIATRICS,INST/UR/X/OP,,,MP__MP Round 2 Allotment.txt,167,
MP,Madhya Pradesh,2025,R2,NEET_AIR,170.0,NOT ALLOTTED,ALLOTTED NOT ALLOTTED,ALLOTTED,,,MP__MP Round 2 Allotment.txt,169,
MP,Madhya Pradesh,2025,R2,NEET_AIR,172.0,INDORE,MD PAEDIATRICS,INST/UR/X/OP,,,MP__MP Round 2 Allotment.txt,171,
MP,Madhya Pradesh,2025,R2,NEET_AIR,178.0,GANDHI MEDICAL COLLEGE BHOPAL,MS GYNAECOLOGY,INST/UR/X/OP,,,MP__MP Round 2 Allotment.txt,173,
MP,Madhya Pradesh,2025,R2,NEET_AIR,179.0,JABALPUR,MS GYNAECOLOGY,INST/UR/X/OP,,,MP__MP Round 2 Allotment.txt,175,
MP,Madhya Pradesh,2025,R2,NEET_AIR,182.0,NOT ALLOTTED,ALLOTTED ALLOTTED ALLOTTED,NOT ALLOTTED,,,MP__MP Round 2 Allotment.txt,177,
MP,Madhya Pradesh,2025,R2,NEET_AIR,183.0,GANDHI MEDICAL COLLEGE BHOPAL,MD PAEDIATRICS,EWS,,,MP__MP Round 2 Allotment.txt,179,
MP,Madhya Pradesh,2025,R2,NEET_AIR,187.0,NOT ALLOTTED,ALLOTTED ALLOTTED ALLOTTED,NOT ALLOTTED,,,MP__MP Round 2 Allotment.txt,181,
MP,Madhya Pradesh,2025,R2,NEET_AIR,188.0,MEDICAL COLLEGE KHANDWA,MD PAEDIATRICS,INST/UR/X/OP,,,MP__MP Round 2 Allotment.txt,183,
MP,Madhya Pradesh,2025,R2,NEET_AIR,190.0,NOT ALLOTTED,ALLOTTED ALLOTTED ALLOTTED,NOT ALLOTTED,,,MP__MP Round 2 Allotment.txt,185,
MP,Madhya Pradesh,2025,R2,NEET_AIR,191.0,GAJRA RAJA MEDICAL COLLEGE GWALIOR,MS GYNAECOLOGY,INST/UR/X/OP,,,MP__MP Round 2 Allotment.txt,187,
MP,Madhya Pradesh,2025,R2,NEET_AIR,192.0,INDORE,MS GENERAL SURGERY,INST/UR/X/OP,,,MP__MP Round 2 Allotment.txt,189,
MP,Madhya Pradesh,2025,R2,NEET_AIR,193.0,NOT ALLOTTED,ALLOTTED NOT ALLOTTED,ALLOTTED,,,MP__MP Round 2 Allotment.txt,191,
MP,Madhya Pradesh,2025,R2,NEET_AIR,195.0,NOT ALLOTTED,ALLOTTED NOT ALLOTTED,ALLOTTED,,,MP__MP Round 2 Allotment.txt,193,
MP,Madhya Pradesh,2025,R2,NEET_AIR,196.0,RD GARDI MEDICAL COLLEGE UJJAIN,MD RADIODIAGNOSIS,OBC,,,MP__MP Round 2 Allotment.txt,194,
MP,Madhya Pradesh,2025,R2,NEET_AIR,198.0,NOT ALLOTTED,ALLOTTED NOT ALLOTTED,NOT ALLOTTED,,,MP__MP Round 2 Allotment.txt,196,
MP,Madhya Pradesh,2025,R2,NEET_AIR,199.0,NOT ALLOTTED,ALLOTTED NOT ALLOTTED,MS,,,MP__MP Round 2 Allotment.txt,198,
MP,Madhya Pradesh,2025,R2,NEET_AIR,203.0,NOT ALLOTTED,ALLOTTED NOT ALLOTTED,MD,,,MP__MP Round 2 Allotment.txt,200,
MP,Madhya Pradesh,2025,R2,NEET_AIR,205.0,NOT ALLOTTED,ALLOTTED NOT ALLOTTED,MD,,,MP__MP Round 2 Allotment.txt,202,
MP,Madhya Pradesh,2025,R2,NEET_AIR,207.0,NOT ALLOTTED,ALLOTTED NOT ALLOTTED,ALLOTTED ALLOTTED,,,MP__MP Round 2 Allotment.txt,204,
MP,Madhya Pradesh,2025,R2,NEET_AIR,208.0,JABALPUR,MS GYNAECOLOGY,EWS,,,MP__MP Round 2 Allotment.txt,206,
MP,Madhya Pradesh,2025,R2,NEET_AIR,209.0,JABALPUR,MS GENERAL SURGERY,INST/UR/X/OP,,,MP__MP Round 2 Allotment.txt,208,
MP,Madhya Pradesh,2025,R2,NEET_AIR,213.0,NOT ALLOTTED,ALLOTTED NOT ALLOTTED,ALLOTTED,,,MP__MP Round 2 Allotment.txt,210,
MP,Madhya Pradesh,2025,R2,NEET_AIR,214.0,NOT ALLOTTED,ALLOTTED NOT ALLOTTED,ALLOTTED,,,MP__MP Round 2 Allotment.txt,212,
MP,Madhya Pradesh,2025,R2,NEET_AIR,215.0,RD GARDI MEDICAL COLLEGE UJJAIN,MD GENERAL MEDICINE,UR/X/OP,,,MP__MP Round 2 Allotment.txt,214,
MP,Madhya Pradesh,2025,R2,NEET_AIR,216.0,NOT ALLOTTED,ALLOTTED NOT ALLOTTED,ALLOTTED ALLOTTED,,,MP__MP Round 2 Allotment.txt,216,
MP,Madhya Pradesh,2025,R2,NEET_AIR,218.0,INDORE,MD RADIODIAGNOSIS,INST/UR/X/OP,,,MP__MP Round 2 Allotment.txt,218,
MP,Madhya Pradesh,2025,R2,NEET_AIR,220.0,BUNDELKHAND MEDICAL COLLEGE SAGAR,MD PAEDIATRICS,EWS,,,MP__MP Round 2 Allotment.txt,220,
MP,Madhya Pradesh,2025,R2,NEET_AIR,222.0,NOT ALLOTTED,ALLOTTED NOT ALLOTTED,ALLOTTED,,,MP__MP Round 2 Allotment.txt,222,
MP,Madhya Pradesh,2025,R2,NEET_AIR,224.0,NOT ALLOTTED,ALLOTTED NOT ALLOTTED,ALLOTTED,,,MP__MP Round 2 Allotment.txt,224,
MP,Madhya Pradesh,2025,R2,NEET_AIR,225.0,RD GARDI MEDICAL COLLEGE UJJAIN,MD GENERAL MEDICINE,UR/X/OP,,,MP__MP Round 2 Allotment.txt,226,
MP,Madhya Pradesh,2025,R2,NEET_AIR,227.0,NOT ALLOTTED,ALLOTTED NOT ALLOTTED,MD,,,MP__MP Round 2 Allotment.txt,228,
MP,Madhya Pradesh,2025,R2,NEET_AIR,229.0,NOT ALLOTTED,ALLOTTED NOT ALLOTTED,MD,,,MP__MP Round 2 Allotment.txt,230,
MP,Madhya Pradesh,2025,R2,NEET_AIR,230.0,PEOPLES COLLEGE OF MEDICAL SCIENCE BHOPAL,MD RADIODIAGNOSIS,UR/X/OP,,,MP__MP Round 2 Allotment.txt,232,
MP,Madhya Pradesh,2025,R2,NEET_AIR,234.0,NOT ALLOTTED,ALLOTTED NOT ALLOTTED,NOT ALLOTTED,,,MP__MP Round 2 Allotment.txt,234,
MP,Madhya Pradesh,2025,R2,NEET_AIR,236.0,NOT ALLOTTED,ALLOTTED NOT ALLOTTED,ALLOTTED,,,MP__MP Round 2 Allotment.txt,236,
MP,Madhya Pradesh,2025,R2,NEET_AIR,237.0,CHIRAYU MEDICAL COLLEGE AND HOSPITAL BHOPAL,MD AND LEPROSY,UR/X/OP,,,MP__MP Round 2 Allotment.txt,238,
MP,Madhya Pradesh,2025,R2,NEET_AIR,238.0,GOVERNMENT MEDICAL COLLEGE DATIA,MD PAEDIATRICS,INST/UR/X/OP,,,MP__MP Round 2 Allotment.txt,239,
MP,Madhya Pradesh,2025,R2,NEET_AIR,240.0,GANDHI MEDICAL COLLEGE BHOPAL,MS ORTHOPAEDICS,INST/UR/X/OP,,,MP__MP Round 2 Allotment.txt,240,
MP,Madhya Pradesh,2025,R2,NEET_AIR,241.0,NOT ALLOTTED,ALLOTTED NOT ALLOTTED,ALLOTTED,,,MP__MP Round 2 Allotment.txt,242,
MP,Madhya Pradesh,2025,R2,NEET_AIR,242.0,JABALPUR,MD RESPIRATORY MEDICINE,INST/UR/X/OP,,,MP__MP Round 2 Allotment.txt,244,
MP,Madhya Pradesh,2025,R2,NEET_AIR,245.0,INDORE,MS OPHTHALMOLOGY,INST/UR/X/OP,,,MP__MP Round 2 Allotment.txt,246,
MP,Madhya Pradesh,2025,R2,NEET_AIR,247.0,RD GARDI MEDICAL COLLEGE UJJAIN,MD GENERAL MEDICINE,INST/UR/X/OP,,,MP__MP Round 2 Allotment.txt,258,
MP,Madhya Pradesh,2025,R2,NEET_AIR,251.0,NOT ALLOTTED,ALLOTTED NOT ALLOTTED,ALLOTTED ALLOTTED,,,MP__MP Round 2 Allotment.txt,260,
MP,Madhya Pradesh,2025,R2,NEET_AIR,252.0,NOT ALLOTTED,ALLOTTED NOT ALLOTTED,MS,,,MP__MP Round 2 Allotment.txt,262,
MP,Madhya Pradesh,2025,R2,NEET_AIR,255.0,INDORE,MS ORTHOPAEDICS,OBC,,,MP__MP Round 2 Allotment.txt,264,
MP,Madhya Pradesh,2025,R2,NEET_AIR,259.0,NOT ALLOTTED,ALLOTTED NOT ALLOTTED,MD,,,MP__MP Round 2 Allotment.txt,266,
MP,Madhya Pradesh,2025,R2,NEET_AIR,260.0,NOT ALLOTTED,ALLOTTED NOT ALLOTTED,MS,,,MP__MP Round 2 Allotment.txt,268,
MP,Madhya Pradesh,2025,R2,NEET_AIR,262.0,NOT ALLOTTED,ALLOTTED ALLOTTED ALLOTTED,NOT ALLOTTED,,,MP__MP Round 2 Allotment.txt,270,
MP,Madhya Pradesh,2025,R2,NEET_AIR,265.0,GOVERMENT MEDICAL COLLEGE RATLAM,MS GYNAECOLOGY,INST/UR/X/OP,,,MP__MP Round 2 Allotment.txt,272,
MP,Madhya Pradesh,2025,R2,NEET_AIR,267.0,COLLEGE VIDISHA,MS GYNAECOLOGY,INST/UR/X/OP,,,MP__MP Round 2 Allotment.txt,274,
MP,Madhya Pradesh,2025,R2,NEET_AIR,268.0,NOT ALLOTTED,ALLOTTED NOT ALLOTTED,MD,,,MP__MP Round 2 Allotment.txt,276,
MP,Madhya Pradesh,2025,R2,NEET_AIR,270.0,GOVERNMENT MEDICAL COLLEGE DATIA,MS GYNAECOLOGY,INST/UR/X/OP,,,MP__MP Round 2 Allotment.txt,278,
MP,Madhya Pradesh,2025,R2,NEET_AIR,272.0,JABALPUR,MS GENERAL SURGERY,INST/UR/X/OP,,,MP__MP Round 2 Allotment.txt,280,
MP,Madhya Pradesh,2025,R2,NEET_AIR,274.0,NOT ALLOTTED,ALLOTTED NOT ALLOTTED,MS,,,MP__MP Round 2 Allotment.txt,282,
MP,Madhya Pradesh,2025,R2,NEET_AIR,276.0,NOT ALLOTTED,ALLOTTED NOT ALLOTTED,ALLOTTED,,,MP__MP Round 2 Allotment.txt,284,
MP,Madhya Pradesh,2025,R2,NEET_AIR,277.0,NOT ALLOTTED,ALLOTTED NOT ALLOTTED,NOT ALLOTTED,,,MP__MP Round 2 Allotment.txt,286,
MP,Madhya Pradesh,2025,R2,NEET_AIR,279.0,GANDHI MEDICAL COLLEGE BHOPAL,MD PAEDIATRICS,OBC,,,MP__MP Round 2 Allotment.txt,287,
MP,Madhya Pradesh,2025,R2,NEET_AIR,280.0,NOT ALLOTTED,ALLOTTED NOT ALLOTTED,ALLOTTED,,,MP__MP Round 2 Allotment.txt,289,
MP,Madhya Pradesh,2025,R2,NEET_AIR,283.0,NOT ALLOTTED,ALLOTTED NOT ALLOTTED,ALLOTTED,,,MP__MP Round 2 Allotment.txt,291,
MP,Madhya Pradesh,2025,R2,NEET_AIR,284.0,NOT ALLOTTED,ALLOTTED NOT ALLOTTED,MS,,,MP__MP Round 2 Allotment.txt,293,
MP,Madhya Pradesh,2025,R2,NEET_AIR,285.0,JABALPUR,MS ORTHOPAEDICS,INST/UR/X/OP,,,MP__MP Round 2 Allotment.txt,295,
MP,Madhya Pradesh,2025,R2,NEET_AIR,286.0,GANDHI MEDICAL COLLEGE BHOPAL,MS GENERAL SURGERY,INST/UR/X/OP,,,MP__MP Round 2 Allotment.txt,297,
MP,Madhya Pradesh,2025,R2,NEET_AIR,292.0,RD GARDI MEDICAL COLLEGE UJJAIN,MD GENERAL MEDICINE,UR/X/OP,,,MP__MP Round 2 Allotment.txt,298,
MP,Madhya Pradesh,2025,R2,NEET_AIR,293.0,NOT ALLOTTED,ALLOTTED NOT ALLOTTED,MD,,,MP__MP Round 2 Allotment.txt,300,
MP,Madhya Pradesh,2025,R2,NEET_AIR,294.0,NOT ALLOTTED,ALLOTTED NOT ALLOTTED,ALLOTTED,,,MP__MP Round 2 Allotment.txt,302,
MP,Madhya Pradesh,2025,R2,NEET_AIR,295.0,NOT ALLOTTED,ALLOTTED NOT ALLOTTED,NOT ALLOTTED,,,MP__MP Round 2 Allotment.txt,304,
MP,Madhya Pradesh,2025,R2,NEET_AIR,296.0,NOT ALLOTTED,ALLOTTED NOT ALLOTTED,ALLOTTED,,,MP__MP Round 2 Allotment.txt,306,
MP,Madhya Pradesh,2025,R2,NEET_AIR,297.0,INDORE,MS (ENT),INST/UR/X/OP,,,MP__MP Round 2 Allotment.txt,308,
MP,Madhya Pradesh,2025,R2,NEET_AIR,298.0,INDORE,MD GENERAL MEDICINE,UR/X/OP,,,MP__MP Round 2 Allotment.txt,310,
MP,Madhya Pradesh,2025,R2,NEET_AIR,299.0,NOT ALLOTTED,ALLOTTED NOT ALLOTTED,MD,,,MP__MP Round 2 Allotment.txt,312,
MP,Madhya Pradesh,2025,R2,NEET_AIR,302.0,GAJRA RAJA MEDICAL COLLEGE GWALIOR,MS GYNAECOLOGY,OBC,,,MP__MP Round 2 Allotment.txt,314,
MP,Madhya Pradesh,2025,R2,NEET_AIR,304.0,NOT ALLOTTED,ALLOTTED NOT ALLOTTED,MS,,,MP__MP Round 2 Allotment.txt,316,
MP,Madhya Pradesh,2025,R2,NEET_AIR,307.0,NOT ALLOTTED,ALLOTTED NOT ALLOTTED,NOT ALLOTTED,,,MP__MP Round 2 Allotment.txt,318,
MP,Madhya Pradesh,2025,R2,NEET_AIR,308.0,GANDHI MEDICAL COLLEGE BHOPAL,MS GENERAL SURGERY,INST/UR/X/OP,,,MP__MP Round 2 Allotment.txt,319,
MP,Madhya Pradesh,2025,R2,NEET_AIR,311.0,JABALPUR,MS GYNAECOLOGY,EWS,,,MP__MP Round 2 Allotment.txt,321,
MP,Madhya Pradesh,2025,R2,NEET_AIR,313.0,INDORE,MD GENERAL MEDICINE,UR/X/OP,,,MP__MP Round 2 Allotment.txt,323,
MP,Madhya Pradesh,2025,R2,NEET_AIR,314.0,NOT ALLOTTED,ALLOTTED NOT ALLOTTED,ALLOTTED,,,MP__MP Round 2 Allotment.txt,325,
MP,Madhya Pradesh,2025,R2,NEET_AIR,315.0,NOT ALLOTTED,ALLOTTED NOT ALLOTTED,ALLOTTED,,,MP__MP Round 2 Allotment.txt,327,
MP,Madhya Pradesh,2025,R2,NEET_AIR,316.0,NOT ALLOTTED,ALLOTTED NOT ALLOTTED,NOT ALLOTTED,,,MP__MP Round 2 Allotment.txt,329,
MP,Madhya Pradesh,2025,R2,NEET_AIR,317.0,NOT ALLOTTED,ALLOTTED NOT ALLOTTED,ALLOTTED,,,MP__MP Round 2 Allotment.txt,331,
MP,Madhya Pradesh,2025,R2,NEET_AIR,318.0,GANDHI MEDICAL COLLEGE BHOPAL,MD EMERGENCY MEDICINE,OBC,,,MP__MP Round 2 Allotment.txt,333,
MP,Madhya Pradesh,2025,R2,NEET_AIR,319.0,NOT ALLOTTED,ALLOTTED NOT ALLOTTED,NOT ALLOTTED,,,MP__MP Round 2 Allotment.txt,335,
MP,Madhya Pradesh,2025,R2,NEET_AIR,321.0,NOT ALLOTTED,ALLOTTED NOT ALLOTTED,NOT ALLOTTED,,,MP__MP Round 2 Allotment.txt,337,
MP,Madhya Pradesh,2025,R2,NEET_AIR,322.0,GANDHI MEDICAL COLLEGE BHOPAL,MS GENERAL SURGERY,INST/UR/X/OP,,,MP__MP Round 2 Allotment.txt,338,
MP,Madhya Pradesh,2025,R2,NEET_AIR,323.0,NOT ALLOTTED,ALLOTTED NOT ALLOTTED,MD,,,MP__MP Round 2 Allotment.txt,340,
MP,Madhya Pradesh,2025,R2,NEET_AIR,325.0,JABALPUR,MD PAEDIATRICS,OBC,,,MP__MP Round 2 Allotment.txt,342,
MP,Madhya Pradesh,2025,R2,NEET_AIR,326.0,GAJRA RAJA MEDICAL COLLEGE GWALIOR,MS GENERAL SURGERY,INST/UR/X/OP,,,MP__MP Round 2 Allotment.txt,344,
MP,Madhya Pradesh,2025,R2,NEET_AIR,327.0,RD GARDI MEDICAL COLLEGE UJJAIN,MS GYNAECOLOGY,UR/X/OP,,,MP__MP Round 2 Allotment.txt,346,
MP,Madhya Pradesh,2025,R2,NEET_AIR,329.0,NOT ALLOTTED,ALLOTTED NOT ALLOTTED,ALLOTTED ALLOTTED,,,MP__MP Round 2 Allotment.txt,348,
MP,Madhya Pradesh,2025,R2,NEET_AIR,330.0,JABALPUR,MS OPHTHALMOLOGY,INST/UR/X/OP,,,MP__MP Round 2 Allotment.txt,350,
MP,Madhya Pradesh,2025,R2,NEET_AIR,332.0,JABALPUR,MD RESPIRATORY MEDICINE,INST/UR/X/OP,,,MP__MP Round 2 Allotment.txt,352,
MP,Madhya Pradesh,2025,R2,NEET_AIR,333.0,RD GARDI MEDICAL COLLEGE UJJAIN,MD AND LEPROSY,UR/X/OP,,,MP__MP Round 2 Allotment.txt,354,
MP,Madhya Pradesh,2025,R2,NEET_AIR,334.0,GAJRA RAJA MEDICAL COLLEGE GWALIOR,MS OPHTHALMOLOGY,INST/UR/X/OP,,,MP__MP Round 2 Allotment.txt,356,
MP,Madhya Pradesh,2025,R2,NEET_AIR,336.0,GANDHI MEDICAL COLLEGE BHOPAL,MD RADIODIAGNOSIS,SC,,,MP__MP Round 2 Allotment.txt,357,
MP,Madhya Pradesh,2025,R2,NEET_AIR,338.0,PEOPLES COLLEGE OF MEDICAL SCIENCE BHOPAL,MD AND LEPROSY,UR/X/OP,,,MP__MP Round 2 Allotment.txt,359,
MP,Madhya Pradesh,2025,R2,NEET_AIR,339.0,NOT ALLOTTED,ALLOTTED NOT ALLOTTED,MD,,,MP__MP Round 2 Allotment.txt,361,
MP,Madhya Pradesh,2025,R2,NEET_AIR,340.0,INDORE,MD RESPIRATORY MEDICINE,INST/UR/X/OP,,,MP__MP Round 2 Allotment.txt,363,
MP,Madhya Pradesh,2025,R2,NEET_AIR,341.0,RD GARDI MEDICAL COLLEGE UJJAIN,MS GYNAECOLOGY,INST/UR/X/OP,,,MP__MP Round 2 Allotment.txt,365,
MP,Madhya Pradesh,2025,R2,NEET_AIR,344.0,PEOPLES COLLEGE OF MEDICAL SCIENCE BHOPAL,MD RADIODIAGNOSIS,UR/X/OP,,,MP__MP Round 2 Allotment.txt,366,
MP,Madhya Pradesh,2025,R2,NEET_AIR,345.0,NOT ALLOTTED,ALLOTTED NOT ALLOTTED,ALLOTTED,,,MP__MP Round 2 Allotment.txt,368,
MP,Madhya Pradesh,2025,R2,NEET_AIR,346.0,NOT ALLOTTED,ALLOTTED NOT ALLOTTED,NOT ALLOTTED,,,MP__MP Round 2 Allotment.txt,370,
MP,Madhya Pradesh,2025,R2,NEET_AIR,347.0,INDORE,MD GENERAL MEDICINE,INST/UR/X/OP,,,MP__MP Round 2 Allotment.txt,383,
MP,Madhya Pradesh,2025,R2,NEET_AIR,348.0,NOT ALLOTTED,ALLOTTED ALLOTTED ALLOTTED,NOT ALLOTTED,,,MP__MP Round 2 Allotment.txt,385,
MP,Madhya Pradesh,2025,R2,NEET_AIR,349.0,CHIRAYU MEDICAL COLLEGE AND HOSPITAL BHOPAL,MD RADIODIAGNOSIS,INST/UR/X/OP,,,MP__MP Round 2 Allotment.txt,387,
MP,Madhya Pradesh,2025,R2,NEET_AIR,352.0,GOVERMENT MEDICAL COLLEGE RATLAM,MD PAEDIATRICS,OBC,,,MP__MP Round 2 Allotment.txt,388,
MP,Madhya Pradesh,2025,R2,NEET_AIR,353.0,SHYAM SHAH MEDICAL COLLEGE REWA,MS GENERAL SURGERY,INST/UR/X/OP,,,MP__MP Round 2 Allotment.txt,390,
MP,Madhya Pradesh,2025,R2,NEET_AIR,354.0,SHYAM SHAH MEDICAL COLLEGE REWA,MS GENERAL SURGERY,INST/UR/X/OP,,,MP__MP Round 2 Allotment.txt,392,
MP,Madhya Pradesh,2025,R2,NEET_AIR,355.0,SHYAM SHAH MEDICAL COLLEGE REWA,MS GENERAL SURGERY,INST/UR/X/OP,,,MP__MP Round 2 Allotment.txt,394,
MP,Madhya Pradesh,2025,R2,NEET_AIR,357.0,NOT ALLOTTED,ALLOTTED NOT ALLOTTED,ALLOTTED ALLOTTED,,,MP__MP Round 2 Allotment.txt,396,
MP,Madhya Pradesh,2025,R2,NEET_AIR,358.0,JABALPUR,MS GENERAL SURGERY,OBC,,,MP__MP Round 2 Allotment.txt,398,
MP,Madhya Pradesh,2025,R2,NEET_AIR,360.0,INDORE,MS OPHTHALMOLOGY,OBC,,,MP__MP Round 2 Allotment.txt,400,
MP,Madhya Pradesh,2025,R2,NEET_AIR,363.0,LN MEDICAL COLLEGE BHOPAL,MD RADIODIAGNOSIS,INST/UR/X/OP,,,MP__MP Round 2 Allotment.txt,401,
MP,Madhya Pradesh,2025,R2,NEET_AIR,364.0,GAJRA RAJA MEDICAL COLLEGE GWALIOR,MD RADIODIAGNOSIS,SC,,,MP__MP Round 2 Allotment.txt,402,
MP,Madhya Pradesh,2025,R2,NEET_AIR,365.0,INDORE,MD EMERGENCY MEDICINE,INST/UR/X/OP,,,MP__MP Round 2 Allotment.txt,404,
MP,Madhya Pradesh,2025,R2,NEET_AIR,367.0,NOT ALLOTTED,ALLOTTED ALLOTTED ALLOTTED,NOT ALLOTTED,,,MP__MP Round 2 Allotment.txt,406,
MP,Madhya Pradesh,2025,R2,NEET_AIR,369.0,INDORE,MD ANAESTHESIOLOGY,INST/UR/X/OP,,,MP__MP Round 2 Allotment.txt,408,
MP,Madhya Pradesh,2025,R2,NEET_AIR,370.0,NOT ALLOTTED,ALLOTTED NOT ALLOTTED,MD,,,MP__MP Round 2 Allotment.txt,410,
MP,Madhya Pradesh,2025,R2,NEET_AIR,373.0,JABALPUR,MD PSYCHIATRY,INST/UR/X/OP,,,MP__MP Round 2 Allotment.txt,412,
MP,Madhya Pradesh,2025,R2,NEET_AIR,374.0,INDORE,MD ANAESTHESIOLOGY,INST/UR/X/OP,,,MP__MP Round 2 Allotment.txt,414,
MP,Madhya Pradesh,2025,R2,NEET_AIR,376.0,JABALPUR,MS ORTHOPAEDICS,OBC,,,MP__MP Round 2 Allotment.txt,416,
MP,Madhya Pradesh,2025,R2,NEET_AIR,377.0,BUNDELKHAND MEDICAL COLLEGE SAGAR,MS GENERAL SURGERY,INST/UR/X/OP,,,MP__MP Round 2 Allotment.txt,418,
MP,Madhya Pradesh,2025,R2,NEET_AIR,379.0,NOT ALLOTTED,ALLOTTED NOT ALLOTTED,ALLOTTED ALLOTTED,,,MP__MP Round 2 Allotment.txt,420,
MP,Madhya Pradesh,2025,R2,NEET_AIR,380.0,GOVERMENT MEDICAL COLLEGE RATLAM,MS GENERAL SURGERY,INST/UR/X/OP,,,MP__MP Round 2 Allotment.txt,422,
MP,Madhya Pradesh,2025,R2,NEET_AIR,381.0,SHYAM SHAH MEDICAL COLLEGE REWA,MS GYNAECOLOGY,OBC,,,MP__MP Round 2 Allotment.txt,424,
MP,Madhya Pradesh,2025,R2,NEET_AIR,383.0,AMALTAS INSTITUTE OF MEDICAL SCIENCES DEWAS,MD RADIODIAGNOSIS,UR/X/OP,,,MP__MP Round 2 Allotment.txt,426,
MP,Madhya Pradesh,2025,R2,NEET_AIR,384.0,BUNDELKHAND MEDICAL COLLEGE SAGAR,MS ORTHOPAEDICS,INST/UR/X/OP,,,MP__MP Round 2 Allotment.txt,428,
MP,Madhya Pradesh,2025,R2,NEET_AIR,386.0,GAJRA RAJA MEDICAL COLLEGE GWALIOR,MS GENERAL SURGERY,OBC,,,MP__MP Round 2 Allotment.txt,430,
MP,Madhya Pradesh,2025,R2,NEET_AIR,389.0,AMALTAS INSTITUTE OF MEDICAL SCIENCES DEWAS,MD RADIODIAGNOSIS,INST/UR/X/OP,,,MP__MP Round 2 Allotment.txt,432,
MP,Madhya Pradesh,2025,R2,NEET_AIR,390.0,NOT ALLOTTED,ALLOTTED NOT ALLOTTED,ALLOTTED,,,MP__MP Round 2 Allotment.txt,434,
MP,Madhya Pradesh,2025,R2,NEET_AIR,391.0,NOT ALLOTTED,ALLOTTED NOT ALLOTTED,ALLOTTED,,,MP__MP Round 2 Allotment.txt,436,
MP,Madhya Pradesh,2025,R2,NEET_AIR,392.0,BUNDELKHAND MEDICAL COLLEGE SAGAR,MD RESPIRATORY MEDICINE,EWS,,,MP__MP Round 2 Allotment.txt,438,
MP,Madhya Pradesh,2025,R2,NEET_AIR,393.0,GAJRA RAJA MEDICAL COLLEGE GWALIOR,MS ORTHOPAEDICS,EWS,,,MP__MP Round 2 Allotment.txt,439,
MP,Madhya Pradesh,2025,R2,NEET_AIR,395.0,JABALPUR,MD RADIODIAGNOSIS,SC,,,MP__MP Round 2 Allotment.txt,441,
MP,Madhya Pradesh,2025,R2,NEET_AIR,396.0,NOT ALLOTTED,ALLOTTED NOT ALLOTTED,ALLOTTED ALLOTTED,,,MP__MP Round 2 Allotment.txt,443,
MP,Madhya Pradesh,2025,R2,NEET_AIR,397.0,NOT ALLOTTED,ALLOTTED NOT ALLOTTED,MS,,,MP__MP Round 2 Allotment.txt,445,
MP,Madhya Pradesh,2025,R2,NEET_AIR,398.0,NOT ALLOTTED,ALLOTTED NOT ALLOTTED,ALLOTTED,,,MP__MP Round 2 Allotment.txt,447,
MP,Madhya Pradesh,2025,R2,NEET_AIR,399.0,NOT ALLOTTED,ALLOTTED NOT ALLOTTED,ALLOTTED,,,MP__MP Round 2 Allotment.txt,449,
MP,Madhya Pradesh,2025,R2,NEET_AIR,401.0,PEOPLES COLLEGE OF MEDICAL SCIENCE BHOPAL,MD AND LEPROSY,INST/UR/X/OP,,,MP__MP Round 2 Allotment.txt,451,
MP,Madhya Pradesh,2025,R2,NEET_AIR,402.0,SHYAM SHAH MEDICAL COLLEGE REWA,MS OPHTHALMOLOGY,INST/UR/X/OP,,,MP__MP Round 2 Allotment.txt,453,
MP,Madhya Pradesh,2025,R2,NEET_AIR,403.0,NOT ALLOTTED,ALLOTTED NOT ALLOTTED,ALLOTTED,,,MP__MP Round 2 Allotment.txt,455,
MP,Madhya Pradesh,2025,R2,NEET_AIR,405.0,NOT ALLOTTED,ALLOTTED NOT ALLOTTED,ALLOTTED,,,MP__MP Round 2 Allotment.txt,457,
MP,Madhya Pradesh,2025,R2,NEET_AIR,406.0,SHYAM SHAH MEDICAL COLLEGE REWA,MS GENERAL SURGERY,OBC,,,MP__MP Round 2 Allotment.txt,459,
MP,Madhya Pradesh,2025,R2,NEET_AIR,407.0,NOT ALLOTTED,ALLOTTED ALLOTTED ALLOTTED,NOT ALLOTTED,,,MP__MP Round 2 Allotment.txt,461,
MP,Madhya Pradesh,2025,R2,NEET_AIR,408.0,GOVERMENT MEDICAL COLLEGE RATLAM,MS ORTHOPAEDICS,INST/UR/X/OP,,,MP__MP Round 2 Allotment.txt,463,
MP,Madhya Pradesh,2025,R2,NEET_AIR,409.0,INDORE,MD RADIODIAGNOSIS,OBC,,,MP__MP Round 2 Allotment.txt,465,
MP,Madhya Pradesh,2025,R2,NEET_AIR,410.0,SHYAM SHAH MEDICAL COLLEGE REWA,MS GENERAL SURGERY,EWS,,,MP__MP Round 2 Allotment.txt,467,
MP,Madhya Pradesh,2025,R2,NEET_AIR,411.0,NOT ALLOTTED,ALLOTTED NOT ALLOTTED,ALLOTTED,,,MP__MP Round 2 Allotment.txt,469,
MP,Madhya Pradesh,2025,R2,NEET_AIR,413.0,NOT ALLOTTED,ALLOTTED NOT ALLOTTED,ALLOTTED,,,MP__MP Round 2 Allotment.txt,471,
MP,Madhya Pradesh,2025,R2,NEET_AIR,414.0,NOT ALLOTTED,ALLOTTED NOT ALLOTTED,ALLOTTED,,,MP__MP Round 2 Allotment.txt,473,
MP,Madhya Pradesh,2025,R2,NEET_AIR,415.0,NOT ALLOTTED,ALLOTTED NOT ALLOTTED,ALLOTTED,,,MP__MP Round 2 Allotment.txt,475,
MP,Madhya Pradesh,2025,R2,NEET_AIR,416.0,NOT ALLOTTED,ALLOTTED NOT ALLOTTED,ALLOTTED,,,MP__MP Round 2 Allotment.txt,477,
MP,Madhya Pradesh,2025,R2,NEET_AIR,417.0,CENTER INDORE,MD RADIODIAGNOSIS,OBC,,,MP__MP Round 2 Allotment.txt,479,
MP,Madhya Pradesh,2025,R2,NEET_AIR,418.0,LN MEDICAL COLLEGE BHOPAL,MD GENERAL MEDICINE,UR/X/OP,,,MP__MP Round 2 Allotment.txt,481,
MP,Madhya Pradesh,2025,R2,NEET_AIR,420.0,CHIRAYU MEDICAL COLLEGE AND HOSPITAL BHOPAL,MD GENERAL MEDICINE,UR/X/OP,,,MP__MP Round 2 Allotment.txt,483,
MP,Madhya Pradesh,2025,R2,NEET_AIR,421.0,NOT ALLOTTED,ALLOTTED NOT ALLOTTED,ALLOTTED ALLOTTED,,,MP__MP Round 2 Allotment.txt,485,
MP,Madhya Pradesh,2025,R2,NEET_AIR,423.0,BUNDELKHAND MEDICAL COLLEGE SAGAR,MS OPHTHALMOLOGY,INST/UR/X/OP,,,MP__MP Round 2 Allotment.txt,487,
MP,Madhya Pradesh,2025,R2,NEET_AIR,424.0,NOT ALLOTTED,ALLOTTED NOT ALLOTTED,MS,,,MP__MP Round 2 Allotment.txt,489,
MP,Madhya Pradesh,2025,R2,NEET_AIR,430.0,NOT ALLOTTED,ALLOTTED NOT ALLOTTED,ALLOTTED,,,MP__MP Round 2 Allotment.txt,491,
MP,Madhya Pradesh,2025,R2,NEET_AIR,431.0,NOT ALLOTTED,ALLOTTED NOT ALLOTTED,NOT ALLOTTED,,,MP__MP Round 2 Allotment.txt,493,
MP,Madhya Pradesh,2025,R2,NEET_AIR,432.0,NOT ALLOTTED,ALLOTTED NOT ALLOTTED,ALLOTTED,,,MP__MP Round 2 Allotment.txt,495,
MP,Madhya Pradesh,2025,R2,NEET_AIR,434.0,NOT ALLOTTED,ALLOTTED NOT ALLOTTED,ALLOTTED,,,MP__MP Round 2 Allotment.txt,508,
MP,Madhya Pradesh,2025,R2,NEET_AIR,435.0,NOT ALLOTTED,ALLOTTED NOT ALLOTTED,ALLOTTED,,,MP__MP Round 2 Allotment.txt,510,
MP,Madhya Pradesh,2025,R2,NEET_AIR,436.0,NOT ALLOTTED,ALLOTTED NOT ALLOTTED,ALLOTTED,,,MP__MP Round 2 Allotment.txt,512,
MP,Madhya Pradesh,2025,R2,NEET_AIR,437.0,COLLEGE VIDISHA,MS ORTHOPAEDICS,OBC,,,MP__MP Round 2 Allotment.txt,514,
MP,Madhya Pradesh,2025,R2,NEET_AIR,439.0,GOVERMENT MEDICAL COLLEGE RATLAM,MS OPHTHALMOLOGY,INST/UR/X/OP,,,MP__MP Round 2 Allotment.txt,519,
MP,Madhya Pradesh,2025,R2,NEET_AIR,440.0,NOT ALLOTTED,ALLOTTED NOT ALLOTTED,ALLOTTED,,,MP__MP Round 2 Allotment.txt,521,
MP,Madhya Pradesh,2025,R2,NEET_AIR,443.0,NOT ALLOTTED,ALLOTTED NOT ALLOTTED,ALLOTTED,,,MP__MP Round 2 Allotment.txt,523,
MP,Madhya Pradesh,2025,R2,NEET_AIR,444.0,COLLEGE SHIVPURI,MS ORTHOPAEDICS,INST/UR/X/OP,,,MP__MP Round 2 Allotment.txt,525,
MP,Madhya Pradesh,2025,R2,NEET_AIR,445.0,NOT ALLOTTED,ALLOTTED NOT ALLOTTED,ALLOTTED,,,MP__MP Round 2 Allotment.txt,527,
MP,Madhya Pradesh,2025,R2,NEET_AIR,448.0,NOT ALLOTTED,ALLOTTED NOT ALLOTTED,ALLOTTED,,,MP__MP Round 2 Allotment.txt,529,
MP,Madhya Pradesh,2025,R2,NEET_AIR,449.0,NOT ALLOTTED,ALLOTTED NOT ALLOTTED,ALLOTTED,,,MP__MP Round 2 Allotment.txt,531,
MP,Madhya Pradesh,2025,R2,NEET_AIR,450.0,NOT ALLOTTED,ALLOTTED NOT ALLOTTED,ALLOTTED,,,MP__MP Round 2 Allotment.txt,533,
MP,Madhya Pradesh,2025,R2,NEET_AIR,451.0,NOT ALLOTTED,ALLOTTED NOT ALLOTTED,NOT ALLOTTED,,,MP__MP Round 2 Allotment.txt,535,
MP,Madhya Pradesh,2025,R2,NEET_AIR,452.0,NOT ALLOTTED,ALLOTTED NOT ALLOTTED,ALLOTTED,,,MP__MP Round 2 Allotment.txt,537,
MP,Madhya Pradesh,2025,R2,NEET_AIR,453.0,NOT ALLOTTED,ALLOTTED NOT ALLOTTED,NOT ALLOTTED,,,MP__MP Round 2 Allotment.txt,539,
MP,Madhya Pradesh,2025,R2,NEET_AIR,454.0,NOT ALLOTTED,ALLOTTED NOT ALLOTTED,MS,,,MP__MP Round 2 Allotment.txt,541,
MP,Madhya Pradesh,2025,R2,NEET_AIR,455.0,NOT ALLOTTED,ALLOTTED ALLOTTED ALLOTTED,NOT ALLOTTED,,,MP__MP Round 2 Allotment.txt,543,
MP,Madhya Pradesh,2025,R2,NEET_AIR,457.0,INDORE,MD GENERAL MEDICINE,OBC,,,MP__MP Round 2 Allotment.txt,545,
MP,Madhya Pradesh,2025,R2,NEET_AIR,458.0,NOT ALLOTTED,ALLOTTED NOT ALLOTTED,MD,,,MP__MP Round 2 Allotment.txt,547,
MP,Madhya Pradesh,2025,R2,NEET_AIR,459.0,NOT ALLOTTED,ALLOTTED NOT ALLOTTED,ALLOTTED,,,MP__MP Round 2 Allotment.txt,549,
MP,Madhya Pradesh,2025,R2,NEET_AIR,460.0,NOT ALLOTTED,ALLOTTED NOT ALLOTTED,ALLOTTED,,,MP__MP Round 2 Allotment.txt,551,
MP,Madhya Pradesh,2025,R2,NEET_AIR,461.0,GOVERMENT MEDICAL COLLEGE RATLAM,MD ANAESTHESIOLOGY,INST/UR/X/OP,,,MP__MP Round 2 Allotment.txt,553,
MP,Madhya Pradesh,2025,R2,NEET_AIR,462.0,NOT ALLOTTED,ALLOTTED NOT ALLOTTED,ALLOTTED ALLOTTED,,,MP__MP Round 2 Allotment.txt,555,
MP,Madhya Pradesh,2025,R2,NEET_AIR,464.0,INDORE,MD GENERAL MEDICINE,SC,,,MP__MP Round 2 Allotment.txt,557,
MP,Madhya Pradesh,2025,R2,NEET_AIR,465.0,CHHINDWARA,MS GENERAL SURGERY,OBC,,,MP__MP Round 2 Allotment.txt,559,
MP,Madhya Pradesh,2025,R2,NEET_AIR,467.0,LN MEDICAL COLLEGE BHOPAL,MD GENERAL MEDICINE,UR/X/OP,,,MP__MP Round 2 Allotment.txt,560,
MP,Madhya Pradesh,2025,R2,NEET_AIR,468.0,NOT ALLOTTED,ALLOTTED NOT ALLOTTED,MS,,,MP__MP Round 2 Allotment.txt,562,
MP,Madhya Pradesh,2025,R2,NEET_AIR,469.0,NOT ALLOTTED,ALLOTTED NOT ALLOTTED,ALLOTTED,,,MP__MP Round 2 Allotment.txt,564,
MP,Madhya Pradesh,2025,R2,NEET_AIR,470.0,NOT ALLOTTED,ALLOTTED NOT ALLOTTED,NOT ALLOTTED,,,MP__MP Round 2 Allotment.txt,566,
MP,Madhya Pradesh,2025,R2,NEET_AIR,471.0,INDORE,MD GENERAL MEDICINE,OBC,,,MP__MP Round 2 Allotment.txt,568,
MP,Madhya Pradesh,2025,R2,NEET_AIR,472.0,JABALPUR,MS ORTHOPAEDICS,EWS,,,MP__MP Round 2 Allotment.txt,570,
MP,Madhya Pradesh,2025,R2,NEET_AIR,473.0,NOT ALLOTTED,ALLOTTED NOT ALLOTTED,ALLOTTED ALLOTTED,,,MP__MP Round 2 Allotment.txt,572,
MP,Madhya Pradesh,2025,R2,NEET_AIR,475.0,JABALPUR,MD GENERAL MEDICINE,SC,,,MP__MP Round 2 Allotment.txt,574,
MP,Madhya Pradesh,2025,R2,NEET_AIR,476.0,NOT ALLOTTED,ALLOTTED NOT ALLOTTED,ALLOTTED,,,MP__MP Round 2 Allotment.txt,576,
MP,Madhya Pradesh,2025,R2,NEET_AIR,478.0,NOT ALLOTTED,ALLOTTED NOT ALLOTTED,ALLOTTED,,,MP__MP Round 2 Allotment.txt,578,
MP,Madhya Pradesh,2025,R2,NEET_AIR,480.0,NOT ALLOTTED,ALLOTTED NOT ALLOTTED,NOT ALLOTTED,,,MP__MP Round 2 Allotment.txt,580,
MP,Madhya Pradesh,2025,R2,NEET_AIR,482.0,NOT ALLOTTED,ALLOTTED NOT ALLOTTED,NOT ALLOTTED,,,MP__MP Round 2 Allotment.txt,582,
MP,Madhya Pradesh,2025,R2,NEET_AIR,483.0,GAJRA RAJA MEDICAL COLLEGE GWALIOR,MS (ENT),INST/UR/X/OP,,,MP__MP Round 2 Allotment.txt,584,
MP,Madhya Pradesh,2025,R2,NEET_AIR,484.0,COLLEGE SHIVPURI,MS GENERAL SURGERY,OBC,,,MP__MP Round 2 Allotment.txt,586,
MP,Madhya Pradesh,2025,R2,NEET_AIR,485.0,NOT ALLOTTED,ALLOTTED NOT ALLOTTED,ALLOTTED ALLOTTED,,,MP__MP Round 2 Allotment.txt,588,
MP,Madhya Pradesh,2025,R2,NEET_AIR,486.0,CHIRAYU MEDICAL COLLEGE AND HOSPITAL BHOPAL AND LEPROSY,MD Clinical,FRESH ALLOTTED,,,MP__MP Round 2 Allotment.txt,590,
MP,Madhya Pradesh,2025,R2,NEET_AIR,487.0,NOT ALLOTTED,ALLOTTED NOT ALLOTTED,NOT ALLOTTED,,,MP__MP Round 2 Allotment.txt,592,
MP,Madhya Pradesh,2025,R2,NEET_AIR,488.0,NOT ALLOTTED,ALLOTTED NOT ALLOTTED,NOT ALLOTTED,,,MP__MP Round 2 Allotment.txt,594,
MP,Madhya Pradesh,2025,R2,NEET_AIR,489.0,PEOPLES COLLEGE OF MEDICAL SCIENCE BHOPAL,MD GENERAL MEDICINE,UR/X/OP,,,MP__MP Round 2 Allotment.txt,596,
MP,Madhya Pradesh,2025,R2,NEET_AIR,490.0,INDORE,MS GYNAECOLOGY,UR/X/OP,,,MP__MP Round 2 Allotment.txt,598,
MP,Madhya Pradesh,2025,R2,NEET_AIR,491.0,LN MEDICAL COLLEGE BHOPAL,MD GENERAL MEDICINE,UR/X/OP,,,MP__MP Round 2 Allotment.txt,600,
MP,Madhya Pradesh,2025,R2,NEET_AIR,492.0,NOT ALLOTTED,ALLOTTED NOT ALLOTTED,MS,,,MP__MP Round 2 Allotment.txt,602,
MP,Madhya Pradesh,2025,R2,NEET_AIR,494.0,NOT ALLOTTED,ALLOTTED NOT ALLOTTED,ALLOTTED ALLOTTED,,,MP__MP Round 2 Allotment.txt,604,
MP,Madhya Pradesh,2025,R2,NEET_AIR,496.0,NOT ALLOTTED,ALLOTTED NOT ALLOTTED,MS,,,MP__MP Round 2 Allotment.txt,606,
MP,Madhya Pradesh,2025,R2,NEET_AIR,498.0,NOT ALLOTTED,ALLOTTED NOT ALLOTTED,ALLOTTED,,,MP__MP Round 2 Allotment.txt,608,
MP,Madhya Pradesh,2025,R2,NEET_AIR,499.0,GANDHI MEDICAL COLLEGE BHOPAL,MD GENERAL MEDICINE,SC,,,MP__MP Round 2 Allotment.txt,609,
MP,Madhya Pradesh,2025,R2,NEET_AIR,501.0,NOT ALLOTTED,ALLOTTED NOT ALLOTTED,ALLOTTED,,,MP__MP Round 2 Allotment.txt,611,
MP,Madhya Pradesh,2025,R2,NEET_AIR,502.0,NOT ALLOTTED,ALLOTTED NOT ALLOTTED,ALLOTTED,,,MP__MP Round 2 Allotment.txt,613,
MP,Madhya Pradesh,2025,R2,NEET_AIR,503.0,NOT ALLOTTED,ALLOTTED NOT ALLOTTED,ALLOTTED,,,MP__MP Round 2 Allotment.txt,615,
MP,Madhya Pradesh,2025,R2,NEET_AIR,504.0,BUNDELKHAND MEDICAL COLLEGE SAGAR,MS GENERAL SURGERY,INST/UR/X/OP,,,MP__MP Round 2 Allotment.txt,616,
MP,Madhya Pradesh,2025,R2,NEET_AIR,506.0,NOT ALLOTTED,ALLOTTED NOT ALLOTTED,NOT ALLOTTED,,,MP__MP Round 2 Allotment.txt,618,
MP,Madhya Pradesh,2025,R2,NEET_AIR,507.0,NOT ALLOTTED,ALLOTTED NOT ALLOTTED,ALLOTTED,,,MP__MP Round 2 Allotment.txt,620,
MP,Madhya Pradesh,2025,R2,NEET_AIR,508.0,NOT ALLOTTED,ALLOTTED NOT ALLOTTED,MD,,,MP__MP Round 2 Allotment.txt,622,
MP,Madhya Pradesh,2025,R2,NEET_AIR,509.0,NOT ALLOTTED,ALLOTTED NOT ALLOTTED,MS,,,MP__MP Round 2 Allotment.txt,634,
MP,Madhya Pradesh,2025,R2,NEET_AIR,510.0,RD GARDI MEDICAL COLLEGE UJJAIN,MD PAEDIATRICS,INST/UR/X/OP,,,MP__MP Round 2 Allotment.txt,636,
MP,Madhya Pradesh,2025,R2,NEET_AIR,512.0,NOT ALLOTTED,ALLOTTED NOT ALLOTTED,ALLOTTED,,,MP__MP Round 2 Allotment.txt,638,
MP,Madhya Pradesh,2025,R2,NEET_AIR,513.0,NOT ALLOTTED,ALLOTTED NOT ALLOTTED,NOT ALLOTTED,,,MP__MP Round 2 Allotment.txt,640,
MP,Madhya Pradesh,2025,R2,NEET_AIR,514.0,LN MEDICAL COLLEGE BHOPAL,MD GENERAL MEDICINE,INST/UR/X/OP,,,MP__MP Round 2 Allotment.txt,642,
MP,Madhya Pradesh,2025,R2,NEET_AIR,515.0,NOT ALLOTTED,ALLOTTED NOT ALLOTTED,NOT ALLOTTED,,,MP__MP Round 2 Allotment.txt,644,
MP,Madhya Pradesh,2025,R2,NEET_AIR,516.0,NOT ALLOTTED,ALLOTTED NOT ALLOTTED,ALLOTTED,,,MP__MP Round 2 Allotment.txt,646,
MP,Madhya Pradesh,2025,R2,NEET_AIR,518.0,NOT ALLOTTED,ALLOTTED NOT ALLOTTED,ALLOTTED,,,MP__MP Round 2 Allotment.txt,648,
MP,Madhya Pradesh,2025,R2,NEET_AIR,519.0,NOT ALLOTTED,ALLOTTED NOT ALLOTTED,NOT ALLOTTED,,,MP__MP Round 2 Allotment.txt,650,
MP,Madhya Pradesh,2025,R2,NEET_AIR,520.0,SHYAM SHAH MEDICAL COLLEGE REWA,MD GENERAL MEDICINE,SC,,,MP__MP Round 2 Allotment.txt,651,
MP,Madhya Pradesh,2025,R2,NEET_AIR,521.0,NOT ALLOTTED,ALLOTTED NOT ALLOTTED,MS,,,MP__MP Round 2 Allotment.txt,653,
MP,Madhya Pradesh,2025,R2,NEET_AIR,522.0,NOT ALLOTTED,ALLOTTED NOT ALLOTTED,MD,,,MP__MP Round 2 Allotment.txt,655,
MP,Madhya Pradesh,2025,R2,NEET_AIR,524.0,NOT ALLOTTED,ALLOTTED NOT ALLOTTED,MS,,,MP__MP Round 2 Allotment.txt,657,
MP,Madhya Pradesh,2025,R2,NEET_AIR,525.0,NOT ALLOTTED,ALLOTTED NOT ALLOTTED,ALLOTTED ALLOTTED,,,MP__MP Round 2 Allotment.txt,659,
MP,Madhya Pradesh,2025,R2,NEET_AIR,526.0,CENTER INDORE,MD GENERAL MEDICINE,UR/X/OP,,,MP__MP Round 2 Allotment.txt,661,
MP,Madhya Pradesh,2025,R2,NEET_AIR,527.0,NOT ALLOTTED,ALLOTTED NOT ALLOTTED,MS,,,MP__MP Round 2 Allotment.txt,663,
MP,Madhya Pradesh,2025,R2,NEET_AIR,528.0,NOT ALLOTTED,ALLOTTED NOT ALLOTTED,MS,,,MP__MP Round 2 Allotment.txt,665,
MP,Madhya Pradesh,2025,R2,NEET_AIR,529.0,NOT ALLOTTED,ALLOTTED NOT ALLOTTED,ALLOTTED,,,MP__MP Round 2 Allotment.txt,667,
MP,Madhya Pradesh,2025,R2,NEET_AIR,530.0,NOT ALLOTTED,ALLOTTED NOT ALLOTTED,ALLOTTED,,,MP__MP Round 2 Allotment.txt,669,
MP,Madhya Pradesh,2025,R2,NEET_AIR,531.0,NOT ALLOTTED,ALLOTTED NOT ALLOTTED,ALLOTTED,,,MP__MP Round 2 Allotment.txt,671,
MP,Madhya Pradesh,2025,R2,NEET_AIR,533.0,NOT ALLOTTED,ALLOTTED NOT ALLOTTED,ALLOTTED,,,MP__MP Round 2 Allotment.txt,673,
MP,Madhya Pradesh,2025,R2,NEET_AIR,534.0,NOT ALLOTTED,ALLOTTED NOT ALLOTTED,MS,,,MP__MP Round 2 Allotment.txt,675,
MP,Madhya Pradesh,2025,R2,NEET_AIR,536.0,NOT ALLOTTED,ALLOTTED NOT ALLOTTED,ALLOTTED ALLOTTED,,,MP__MP Round 2 Allotment.txt,677,
MP,Madhya Pradesh,2025,R2,NEET_AIR,538.0,CENTER INDORE,MD GENERAL MEDICINE,UR/X/OP,,,MP__MP Round 2 Allotment.txt,679,
MP,Madhya Pradesh,2025,R2,NEET_AIR,540.0,NOT ALLOTTED,ALLOTTED ALLOTTED ALLOTTED,NOT ALLOTTED,,,MP__MP Round 2 Allotment.txt,681,
MP,Madhya Pradesh,2025,R2,NEET_AIR,542.0,NOT ALLOTTED,ALLOTTED NOT ALLOTTED,MS,,,MP__MP Round 2 Allotment.txt,683,
MP,Madhya Pradesh,2025,R2,NEET_AIR,543.0,LN MEDICAL COLLEGE BHOPAL,MD GENERAL MEDICINE,INST/UR/X/OP,,,MP__MP Round 2 Allotment.txt,685,
MP,Madhya Pradesh,2025,R2,NEET_AIR,544.0,BUNDELKHAND MEDICAL COLLEGE SAGAR,MD RESPIRATORY MEDICINE,EWS,,,MP__MP Round 2 Allotment.txt,686,
MP,Madhya Pradesh,2025,R2,NEET_AIR,547.0,CHIRAYU MEDICAL COLLEGE AND HOSPITAL BHOPAL,MD GENERAL MEDICINE,OBC,,,MP__MP Round 2 Allotment.txt,688,
MP,Madhya Pradesh,2025,R2,NEET_AIR,548.0,NOT ALLOTTED,ALLOTTED NOT ALLOTTED,MD,,,MP__MP Round 2 Allotment.txt,690,
MP,Madhya Pradesh,2025,R2,NEET_AIR,549.0,NOT ALLOTTED,ALLOTTED NOT ALLOTTED,NOT ALLOTTED,,,MP__MP Round 2 Allotment.txt,692,
MP,Madhya Pradesh,2025,R2,NEET_AIR,551.0,NOT ALLOTTED,ALLOTTED NOT ALLOTTED,ALLOTTED,,,MP__MP Round 2 Allotment.txt,694,
MP,Madhya Pradesh,2025,R2,NEET_AIR,552.0,NOT ALLOTTED,ALLOTTED NOT ALLOTTED,MD,,,MP__MP Round 2 Allotment.txt,696,
MP,Madhya Pradesh,2025,R2,NEET_AIR,554.0,NOT ALLOTTED,ALLOTTED NOT ALLOTTED,ALLOTTED ALLOTTED,,,MP__MP Round 2 Allotment.txt,698,
MP,Madhya Pradesh,2025,R2,NEET_AIR,556.0,INDORE,MS GYNAECOLOGY,UR/X/OP,,,MP__MP Round 2 Allotment.txt,700,
MP,Madhya Pradesh,2025,R2,NEET_AIR,557.0,NOT ALLOTTED,ALLOTTED NOT ALLOTTED,MS,,,MP__MP Round 2 Allotment.txt,702,
MP,Madhya Pradesh,2025,R2,NEET_AIR,558.0,NOT ALLOTTED,ALLOTTED NOT ALLOTTED,ALLOTTED ALLOTTED,,,MP__MP Round 2 Allotment.txt,704,
MP,Madhya Pradesh,2025,R2,NEET_AIR,559.0,INDORE,MD PATHOLOGY,INST/UR/X/OP,,,MP__MP Round 2 Allotment.txt,706,
MP,Madhya Pradesh,2025,R2,NEET_AIR,561.0,NOT ALLOTTED,ALLOTTED NOT ALLOTTED,NOT ALLOTTED,,,MP__MP Round 2 Allotment.txt,708,
MP,Madhya Pradesh,2025,R2,NEET_AIR,562.0,GANDHI MEDICAL COLLEGE BHOPAL,MD RADIODIAGNOSIS,ST,,,MP__MP Round 2 Allotment.txt,709,
MP,Madhya Pradesh,2025,R2,NEET_AIR,566.0,NOT ALLOTTED,ALLOTTED NOT ALLOTTED,NOT ALLOTTED,,,MP__MP Round 2 Allotment.txt,711,
MP,Madhya Pradesh,2025,R2,NEET_AIR,570.0,NOT ALLOTTED,ALLOTTED NOT ALLOTTED,ALLOTTED,,,MP__MP Round 2 Allotment.txt,713,
MP,Madhya Pradesh,2025,R2,NEET_AIR,571.0,NOT ALLOTTED,ALLOTTED NOT ALLOTTED,MD,,,MP__MP Round 2 Allotment.txt,715,
MP,Madhya Pradesh,2025,R2,NEET_AIR,573.0,COLLEGE VIDISHA,MS (ENT),INST/UR/X/OP,,,MP__MP Round 2 Allotment.txt,717,
MP,Madhya Pradesh,2025,R2,NEET_AIR,575.0,NOT ALLOTTED,ALLOTTED NOT ALLOTTED,ALLOTTED,,,MP__MP Round 2 Allotment.txt,719,
MP,Madhya Pradesh,2025,R2,NEET_AIR,576.0,NOT ALLOTTED,ALLOTTED NOT ALLOTTED,NOT ALLOTTED,,,MP__MP Round 2 Allotment.txt,721,
MP,Madhya Pradesh,2025,R2,NEET_AIR,577.0,NOT ALLOTTED,ALLOTTED NOT ALLOTTED,ALLOTTED,,,MP__MP Round 2 Allotment.txt,723,
MP,Madhya Pradesh,2025,R2,NEET_AIR,580.0,INDORE,MD GENERAL MEDICINE,OBC,,,MP__MP Round 2 Allotment.txt,725,
MP,Madhya Pradesh,2025,R2,NEET_AIR,581.0,NOT ALLOTTED,ALLOTTED NOT ALLOTTED,MD,,,MP__MP Round 2 Allotment.txt,727,
MP,Madhya Pradesh,2025,R2,NEET_AIR,582.0,LN MEDICAL COLLEGE BHOPAL,MD AND LEPROSY,UR/X/OP,,,MP__MP Round 2 Allotment.txt,729,
MP,Madhya Pradesh,2025,R2,NEET_AIR,583.0,GANDHI MEDICAL COLLEGE BHOPAL,MD ANAESTHESIOLOGY,EWS,,,MP__MP Round 2 Allotment.txt,731,
MP,Madhya Pradesh,2025,R2,NEET_AIR,585.0,INDORE,MS GYNAECOLOGY,UR/X/OP,,,MP__MP Round 2 Allotment.txt,733,
MP,Madhya Pradesh,2025,R2,NEET_AIR,586.0,INDORE,MD PSYCHIATRY,EWS,,,MP__MP Round 2 Allotment.txt,735,
MP,Madhya Pradesh,2025,R2,NEET_AIR,587.0,NOT ALLOTTED,ALLOTTED ALLOTTED ALLOTTED,NOT ALLOTTED,,,MP__MP Round 2 Allotment.txt,737,
MP,Madhya Pradesh,2025,R2,NEET_AIR,588.0,INDORE,MS GYNAECOLOGY,UR/X/OP,,,MP__MP Round 2 Allotment.txt,739,
MP,Madhya Pradesh,2025,R2,NEET_AIR,593.0,CHIRAYU MEDICAL COLLEGE AND HOSPITAL BHOPAL,MD PAEDIATRICS,UR/X/OP,,,MP__MP Round 2 Allotment.txt,741,
MP,Madhya Pradesh,2025,R2,NEET_AIR,596.0,NOT ALLOTTED,ALLOTTED NOT ALLOTTED,MD,,,MP__MP Round 2 Allotment.txt,743,
MP,Madhya Pradesh,2025,R2,NEET_AIR,597.0,NOT ALLOTTED,ALLOTTED NOT ALLOTTED,MS,,,MP__MP Round 2 Allotment.txt,745,
MP,Madhya Pradesh,2025,R2,NEET_AIR,598.0,NOT ALLOTTED,ALLOTTED NOT ALLOTTED,ALLOTTED ALLOTTED,,,MP__MP Round 2 Allotment.txt,747,
MP,Madhya Pradesh,2025,R2,NEET_AIR,599.0,NOT ALLOTTED,ALLOTTED NOT ALLOTTED,MD,,,MP__MP Round 2 Allotment.txt,759,
MP,Madhya Pradesh,2025,R2,NEET_AIR,601.0,NOT ALLOTTED,ALLOTTED NOT ALLOTTED,MD,,,MP__MP Round 2 Allotment.txt,761,
MP,Madhya Pradesh,2025,R2,NEET_AIR,602.0,NOT ALLOTTED,ALLOTTED NOT ALLOTTED,ALLOTTED,,,MP__MP Round 2 Allotment.txt,763,
MP,Madhya Pradesh,2025,R2,NEET_AIR,603.0,NOT ALLOTTED,ALLOTTED NOT ALLOTTED,ALLOTTED,,,MP__MP Round 2 Allotment.txt,765,
MP,Madhya Pradesh,2025,R2,NEET_AIR,604.0,NOT ALLOTTED,ALLOTTED NOT ALLOTTED,ALLOTTED,,,MP__MP Round 2 Allotment.txt,767,
MP,Madhya Pradesh,2025,R2,NEET_AIR,606.0,AMALTAS INSTITUTE OF MEDICAL SCIENCES DEWAS,MD GENERAL MEDICINE,UR/X/OP,,,MP__MP Round 2 Allotment.txt,769,
MP,Madhya Pradesh,2025,R2,NEET_AIR,608.0,NOT ALLOTTED,ALLOTTED NOT ALLOTTED,ALLOTTED ALLOTTED,,,MP__MP Round 2 Allotment.txt,771,
MP,Madhya Pradesh,2025,R2,NEET_AIR,609.0,INDORE,MD PAEDIATRICS,UR/X/OP,,,MP__MP Round 2 Allotment.txt,773,
MP,Madhya Pradesh,2025,R2,NEET_AIR,611.0,NOT ALLOTTED,ALLOTTED NOT ALLOTTED,ALLOTTED ALLOTTED,,,MP__MP Round 2 Allotment.txt,775,
MP,Madhya Pradesh,2025,R2,NEET_AIR,613.0,BUNDELKHAND MEDICAL COLLEGE SAGAR,MS (ENT),INST/UR/X/OP,,,MP__MP Round 2 Allotment.txt,777,
MP,Madhya Pradesh,2025,R2,NEET_AIR,616.0,NOT ALLOTTED,ALLOTTED NOT ALLOTTED,ALLOTTED ALLOTTED,,,MP__MP Round 2 Allotment.txt,779,
MP,Madhya Pradesh,2025,R2,NEET_AIR,618.0,NOT ALLOTTED,ALLOTTED NOT ALLOTTED,MS,,,MP__MP Round 2 Allotment.txt,781,
MP,Madhya Pradesh,2025,R2,NEET_AIR,621.0,NOT ALLOTTED,ALLOTTED NOT ALLOTTED,ALLOTTED,,,MP__MP Round 2 Allotment.txt,783,
MP,Madhya Pradesh,2025,R2,NEET_AIR,622.0,NOT ALLOTTED,ALLOTTED NOT ALLOTTED,ALLOTTED,,,MP__MP Round 2 Allotment.txt,785,
MP,Madhya Pradesh,2025,R2,NEET_AIR,623.0,BUNDELKHAND MEDICAL COLLEGE SAGAR,MD ANAESTHESIOLOGY,INST/UR/X/OP,,,MP__MP Round 2 Allotment.txt,787,
MP,Madhya Pradesh,2025,R2,NEET_AIR,626.0,NOT ALLOTTED,ALLOTTED NOT ALLOTTED,ALLOTTED,,,MP__MP Round 2 Allotment.txt,789,
MP,Madhya Pradesh,2025,R2,NEET_AIR,627.0,LN MEDICAL COLLEGE BHOPAL,MD GENERAL MEDICINE,OBC,,,MP__MP Round 2 Allotment.txt,790,
MP,Madhya Pradesh,2025,R2,NEET_AIR,628.0,NOT ALLOTTED,ALLOTTED NOT ALLOTTED,ALLOTTED,,,MP__MP Round 2 Allotment.txt,792,
MP,Madhya Pradesh,2025,R2,NEET_AIR,629.0,PEOPLES COLLEGE OF MEDICAL SCIENCE BHOPAL,MD GENERAL MEDICINE,OBC,,,MP__MP Round 2 Allotment.txt,793,
MP,Madhya Pradesh,2025,R2,NEET_AIR,630.0,INDORE,MD ANAESTHESIOLOGY,EWS,,,MP__MP Round 2 Allotment.txt,795,
MP,Madhya Pradesh,2025,R2,NEET_AIR,632.0,AMALTAS INSTITUTE OF MEDICAL SCIENCES DEWAS,MD GENERAL MEDICINE,INST/UR/X/OP,,,MP__MP Round 2 Allotment.txt,797,
MP,Madhya Pradesh,2025,R2,NEET_AIR,633.0,INDORE,MS ORTHOPAEDICS,UR/X/OP,,,MP__MP Round 2 Allotment.txt,799,
MP,Madhya Pradesh,2025,R2,NEET_AIR,635.0,NOT ALLOTTED,ALLOTTED NOT ALLOTTED,ALLOTTED,,,MP__MP Round 2 Allotment.txt,801,
MP,Madhya Pradesh,2025,R2,NEET_AIR,637.0,NOT ALLOTTED,ALLOTTED NOT ALLOTTED,NOT ALLOTTED,,,MP__MP Round 2 Allotment.txt,803,
MP,Madhya Pradesh,2025,R2,NEET_AIR,638.0,NOT ALLOTTED,ALLOTTED NOT ALLOTTED,MD,,,MP__MP Round 2 Allotment.txt,805,
MP,Madhya Pradesh,2025,R2,NEET_AIR,639.0,NOT ALLOTTED,ALLOTTED NOT ALLOTTED,ALLOTTED,,,MP__MP Round 2 Allotment.txt,807,
MP,Madhya Pradesh,2025,R2,NEET_AIR,642.0,NOT ALLOTTED,ALLOTTED NOT ALLOTTED,ALLOTTED,,,MP__MP Round 2 Allotment.txt,809,
MP,Madhya Pradesh,2025,R2,NEET_AIR,643.0,SHYAM SHAH MEDICAL COLLEGE REWA,MS OPHTHALMOLOGY,EWS,,,MP__MP Round 2 Allotment.txt,810,
MP,Madhya Pradesh,2025,R2,NEET_AIR,644.0,GOVERMENT MEDICAL COLLEGE RATLAM,MD GENERAL MEDICINE,SC,,,MP__MP Round 2 Allotment.txt,811,
MP,Madhya Pradesh,2025,R2,NEET_AIR,648.0,JABALPUR,MD RADIODIAGNOSIS,IN_UR/X/OP,,,MP__MP Round 2 Allotment.txt,813,
MP,Madhya Pradesh,2025,R2,NEET_AIR,649.0,BUNDELKHAND MEDICAL COLLEGE SAGAR,MD GENERAL MEDICINE,SC,,,MP__MP Round 2 Allotment.txt,814,
MP,Madhya Pradesh,2025,R2,NEET_AIR,650.0,NOT ALLOTTED,ALLOTTED NOT ALLOTTED,ALLOTTED,,,MP__MP Round 2 Allotment.txt,816,
MP,Madhya Pradesh,2025,R2,NEET_AIR,653.0,NOT ALLOTTED,ALLOTTED NOT ALLOTTED,ALLOTTED,,,MP__MP Round 2 Allotment.txt,818,
MP,Madhya Pradesh,2025,R2,NEET_AIR,654.0,NOT ALLOTTED,ALLOTTED NOT ALLOTTED,MS,,,MP__MP Round 2 Allotment.txt,820,
MP,Madhya Pradesh,2025,R2,NEET_AIR,655.0,PEOPLES COLLEGE OF MEDICAL SCIENCE BHOPAL,MS GYNAECOLOGY,UR/X/OP,,,MP__MP Round 2 Allotment.txt,822,
MP,Madhya Pradesh,2025,R2,NEET_AIR,656.0,NOT ALLOTTED,ALLOTTED NOT ALLOTTED,ALLOTTED ALLOTTED,,,MP__MP Round 2 Allotment.txt,824,
MP,Madhya Pradesh,2025,R2,NEET_AIR,658.0,NOT ALLOTTED,ALLOTTED NOT ALLOTTED,MS,,,MP__MP Round 2 Allotment.txt,826,
MP,Madhya Pradesh,2025,R2,NEET_AIR,660.0,NOT ALLOTTED,ALLOTTED NOT ALLOTTED,ALLOTTED,,,MP__MP Round 2 Allotment.txt,828,
MP,Madhya Pradesh,2025,R2,NEET_AIR,661.0,NOT ALLOTTED,ALLOTTED NOT ALLOTTED,ALLOTTED,,,MP__MP Round 2 Allotment.txt,830,
MP,Madhya Pradesh,2025,R2,NEET_AIR,662.0,NOT ALLOTTED,ALLOTTED NOT ALLOTTED,MD,,,MP__MP Round 2 Allotment.txt,832,
MP,Madhya Pradesh,2025,R2,NEET_AIR,665.0,NOT ALLOTTED,ALLOTTED NOT ALLOTTED,MS,,,MP__MP Round 2 Allotment.txt,834,
MP,Madhya Pradesh,2025,R2,NEET_AIR,668.0,GANDHI MEDICAL COLLEGE BHOPAL,MD PAEDIATRICS,SC,,,MP__MP Round 2 Allotment.txt,835,
MP,Madhya Pradesh,2025,R2,NEET_AIR,670.0,NOT ALLOTTED,ALLOTTED NOT ALLOTTED,MD,,,MP__MP Round 2 Allotment.txt,837,
MP,Madhya Pradesh,2025,R2,NEET_AIR,671.0,NOT ALLOTTED,ALLOTTED NOT ALLOTTED,MS,,,MP__MP Round 2 Allotment.txt,839,
MP,Madhya Pradesh,2025,R2,NEET_AIR,673.0,NOT ALLOTTED,ALLOTTED NOT ALLOTTED,ALLOTTED ALLOTTED,,,MP__MP Round 2 Allotment.txt,841,
MP,Madhya Pradesh,2025,R2,NEET_AIR,674.0,INDORE,MD PAEDIATRICS,UR/X/OP,,,MP__MP Round 2 Allotment.txt,843,
MP,Madhya Pradesh,2025,R2,NEET_AIR,675.0,INDORE,MS GYNAECOLOGY,INST/UR/X/OP,,,MP__MP Round 2 Allotment.txt,845,
MP,Madhya Pradesh,2025,R2,NEET_AIR,678.0,NOT ALLOTTED,ALLOTTED ALLOTTED ALLOTTED,NOT ALLOTTED,,,MP__MP Round 2 Allotment.txt,847,
MP,Madhya Pradesh,2025,R2,NEET_AIR,681.0,GOVERMENT MEDICAL COLLEGE SATNA,MD ANAESTHESIOLOGY,INST/UR/X/OP,,,MP__MP Round 2 Allotment.txt,849,
MP,Madhya Pradesh,2025,R2,NEET_AIR,683.0,RD GARDI MEDICAL COLLEGE UJJAIN,MD RESPIRATORY MEDICINE,UR/X/OP,,,MP__MP Round 2 Allotment.txt,850,
MP,Madhya Pradesh,2025,R2,NEET_AIR,684.0,NOT ALLOTTED,ALLOTTED NOT ALLOTTED,ALLOTTED,,,MP__MP Round 2 Allotment.txt,852,
MP,Madhya Pradesh,2025,R2,NEET_AIR,686.0,NOT ALLOTTED,ALLOTTED NOT ALLOTTED,ALLOTTED,,,MP__MP Round 2 Allotment.txt,854,
MP,Madhya Pradesh,2025,R2,NEET_AIR,687.0,NOT ALLOTTED,ALLOTTED NOT ALLOTTED,ALLOTTED,,,MP__MP Round 2 Allotment.txt,856,
MP,Madhya Pradesh,2025,R2,NEET_AIR,688.0,NOT ALLOTTED,ALLOTTED NOT ALLOTTED,NOT ALLOTTED,,,MP__MP Round 2 Allotment.txt,858,
MP,Madhya Pradesh,2025,R2,NEET_AIR,689.0,LN MEDICAL COLLEGE BHOPAL,MD PAEDIATRICS,UR/X/OP,,,MP__MP Round 2 Allotment.txt,860,
MP,Madhya Pradesh,2025,R2,NEET_AIR,691.0,NOT ALLOTTED,ALLOTTED NOT ALLOTTED,ALLOTTED,,,MP__MP Round 2 Allotment.txt,862,
MP,Madhya Pradesh,2025,R2,NEET_AIR,692.0,NOT ALLOTTED,ALLOTTED NOT ALLOTTED,ALLOTTED,,,MP__MP Round 2 Allotment.txt,864,
MP,Madhya Pradesh,2025,R2,NEET_AIR,695.0,NOT ALLOTTED,ALLOTTED NOT ALLOTTED,MD,,,MP__MP Round 2 Allotment.txt,866,
MP,Madhya Pradesh,2025,R2,NEET_AIR,697.0,PEOPLES COLLEGE OF MEDICAL SCIENCE BHOPAL,MD PAEDIATRICS,UR/X/OP,,,MP__MP Round 2 Allotment.txt,868,
MP,Madhya Pradesh,2025,R2,NEET_AIR,698.0,GANDHI MEDICAL COLLEGE BHOPAL,MD ANAESTHESIOLOGY,INST/UR/X/OP,,,MP__MP Round 2 Allotment.txt,869,
MP,Madhya Pradesh,2025,R2,NEET_AIR,700.0,LN MEDICAL COLLEGE BHOPAL,MS GYNAECOLOGY,UR/X/OP,,,MP__MP Round 2 Allotment.txt,871,
MP,Madhya Pradesh,2025,R2,NEET_AIR,701.0,SHYAM SHAH MEDICAL COLLEGE REWA,MS (ENT),OBC,,,MP__MP Round 2 Allotment.txt,884,
MP,Madhya Pradesh,2025,R2,NEET_AIR,702.0,NOT ALLOTTED,ALLOTTED NOT ALLOTTED,ALLOTTED,,,MP__MP Round 2 Allotment.txt,886,
MP,Madhya Pradesh,2025,R2,NEET_AIR,703.0,GAJRA RAJA MEDICAL COLLEGE GWALIOR,MD PSYCHIATRY,OBC,,,MP__MP Round 2 Allotment.txt,887,
MP,Madhya Pradesh,2025,R2,NEET_AIR,707.0,NOT ALLOTTED,ALLOTTED NOT ALLOTTED,MD,,,MP__MP Round 2 Allotment.txt,889,
MP,Madhya Pradesh,2025,R2,NEET_AIR,708.0,NOT ALLOTTED,ALLOTTED NOT ALLOTTED,ALLOTTED,,,MP__MP Round 2 Allotment.txt,891,
MP,Madhya Pradesh,2025,R2,NEET_AIR,709.0,NOT ALLOTTED,ALLOTTED NOT ALLOTTED,ALLOTTED,,,MP__MP Round 2 Allotment.txt,893,
MP,Madhya Pradesh,2025,R2,NEET_AIR,710.0,NOT ALLOTTED,ALLOTTED NOT ALLOTTED,NOT ALLOTTED,,,MP__MP Round 2 Allotment.txt,895,
MP,Madhya Pradesh,2025,R2,NEET_AIR,712.0,INDORE,MD AND LEPROSY,OBC,,,MP__MP Round 2 Allotment.txt,897,
MP,Madhya Pradesh,2025,R2,NEET_AIR,717.0,NOT ALLOTTED,ALLOTTED ALLOTTED ALLOTTED,NOT ALLOTTED,,,MP__MP Round 2 Allotment.txt,899,
MP,Madhya Pradesh,2025,R2,NEET_AIR,718.0,NOT ALLOTTED,ALLOTTED NOT ALLOTTED,MD,,,MP__MP Round 2 Allotment.txt,901,
MP,Madhya Pradesh,2025,R2,NEET_AIR,719.0,NOT ALLOTTED,ALLOTTED NOT ALLOTTED,MD,,,MP__MP Round 2 Allotment.txt,903,
MP,Madhya Pradesh,2025,R2,NEET_AIR,720.0,GOVERMENT MEDICAL COLLEGE RATLAM,MS (ENT),EWS,,,MP__MP Round 2 Allotment.txt,905,
MP,Madhya Pradesh,2025,R2,NEET_AIR,721.0,NOT ALLOTTED,ALLOTTED NOT ALLOTTED,ALLOTTED ALLOTTED,,,MP__MP Round 2 Allotment.txt,907,
MP,Madhya Pradesh,2025,R2,NEET_AIR,722.0,CHIRAYU MEDICAL COLLEGE AND HOSPITAL BHOPAL,MD AND LEPROSY,INST/UR/X/OP,,,MP__MP Round 2 Allotment.txt,909,
MP,Madhya Pradesh,2025,R2,NEET_AIR,724.0,NOT ALLOTTED,ALLOTTED NOT ALLOTTED,NOT ALLOTTED,,,MP__MP Round 2 Allotment.txt,911,
MP,Madhya Pradesh,2025,R2,NEET_AIR,727.0,NOT ALLOTTED,ALLOTTED NOT ALLOTTED,ALLOTTED,,,MP__MP Round 2 Allotment.txt,913,
MP,Madhya Pradesh,2025,R2,NEET_AIR,728.0,GAJRA RAJA MEDICAL COLLEGE GWALIOR,MD PAEDIATRICS,SC,,,MP__MP Round 2 Allotment.txt,914,
MP,Madhya Pradesh,2025,R2,NEET_AIR,729.0,NOT ALLOTTED,ALLOTTED NOT ALLOTTED,ALLOTTED,,,MP__MP Round 2 Allotment.txt,916,
MP,Madhya Pradesh,2025,R2,NEET_AIR,730.0,NOT ALLOTTED,ALLOTTED NOT ALLOTTED,MD,,,MP__MP Round 2 Allotment.txt,918,
MP,Madhya Pradesh,2025,R2,NEET_AIR,732.0,NOT ALLOTTED,ALLOTTED NOT ALLOTTED,ALLOTTED ALLOTTED,,,MP__MP Round 2 Allotment.txt,920,
MP,Madhya Pradesh,2025,R2,NEET_AIR,733.0,GANDHI MEDICAL COLLEGE BHOPAL,MD ANAESTHESIOLOGY,OBC,,,MP__MP Round 2 Allotment.txt,922,
MP,Madhya Pradesh,2025,R2,NEET_AIR,734.0,NOT ALLOTTED,ALLOTTED NOT ALLOTTED,ALLOTTED ALLOTTED,,,MP__MP Round 2 Allotment.txt,924,
MP,Madhya Pradesh,2025,R2,NEET_AIR,735.0,NOT ALLOTTED,ALLOTTED NOT ALLOTTED,MD,,,MP__MP Round 2 Allotment.txt,926,
MP,Madhya Pradesh,2025,R2,NEET_AIR,736.0,NOT ALLOTTED,ALLOTTED NOT ALLOTTED,MD,,,MP__MP Round 2 Allotment.txt,928,
MP,Madhya Pradesh,2025,R2,NEET_AIR,737.0,NOT ALLOTTED,ALLOTTED NOT ALLOTTED,NOT ALLOTTED,,,MP__MP Round 2 Allotment.txt,930,
MP,Madhya Pradesh,2025,R2,NEET_AIR,738.0,NOT ALLOTTED,ALLOTTED NOT ALLOTTED,ALLOTTED,,,MP__MP Round 2 Allotment.txt,932,
MP,Madhya Pradesh,2025,R2,NEET_AIR,739.0,NOT ALLOTTED,ALLOTTED NOT ALLOTTED,ALLOTTED,,,MP__MP Round 2 Allotment.txt,934,
MP,Madhya Pradesh,2025,R2,NEET_AIR,740.0,NOT ALLOTTED,ALLOTTED NOT ALLOTTED,NOT ALLOTTED,,,MP__MP Round 2 Allotment.txt,936,
MP,Madhya Pradesh,2025,R2,NEET_AIR,741.0,INDORE,MD ANAESTHESIOLOGY,OBC,,,MP__MP Round 2 Allotment.txt,938,
MP,Madhya Pradesh,2025,R2,NEET_AIR,742.0,NOT ALLOTTED,ALLOTTED ALLOTTED ALLOTTED,NOT ALLOTTED,,,MP__MP Round 2 Allotment.txt,940,
MP,Madhya Pradesh,2025,R2,NEET_AIR,743.0,NOT ALLOTTED,ALLOTTED NOT ALLOTTED,MS,,,MP__MP Round 2 Allotment.txt,942,
MP,Madhya Pradesh,2025,R2,NEET_AIR,747.0,NOT ALLOTTED,ALLOTTED NOT ALLOTTED,MD,,,MP__MP Round 2 Allotment.txt,944,
MP,Madhya Pradesh,2025,R2,NEET_AIR,749.0,NOT ALLOTTED,ALLOTTED NOT ALLOTTED,ALLOTTED,,,MP__MP Round 2 Allotment.txt,946,
MP,Madhya Pradesh,2025,R2,NEET_AIR,750.0,NOT ALLOTTED,ALLOTTED NOT ALLOTTED,ALLOTTED,,,MP__MP Round 2 Allotment.txt,948,
MP,Madhya Pradesh,2025,R2,NEET_AIR,751.0,NOT ALLOTTED,ALLOTTED NOT ALLOTTED,ALLOTTED,,,MP__MP Round 2 Allotment.txt,950,
MP,Madhya Pradesh,2025,R2,NEET_AIR,752.0,NOT ALLOTTED,ALLOTTED NOT ALLOTTED,MD,,,MP__MP Round 2 Allotment.txt,952,
MP,Madhya Pradesh,2025,R2,NEET_AIR,754.0,NOT ALLOTTED,ALLOTTED NOT ALLOTTED,ALLOTTED,,,MP__MP Round 2 Allotment.txt,954,
MP,Madhya Pradesh,2025,R2,NEET_AIR,755.0,NOT ALLOTTED,ALLOTTED NOT ALLOTTED,ALLOTTED,,,MP__MP Round 2 Allotment.txt,956,
MP,Madhya Pradesh,2025,R2,NEET_AIR,756.0,NOT ALLOTTED,ALLOTTED NOT ALLOTTED,ALLOTTED,,,MP__MP Round 2 Allotment.txt,958,
MP,Madhya Pradesh,2025,R2,NEET_AIR,757.0,INDORE,MD RADIODIAGNOSIS,ST,,,MP__MP Round 2 Allotment.txt,960,
MP,Madhya Pradesh,2025,R2,NEET_AIR,759.0,NOT ALLOTTED,ALLOTTED NOT ALLOTTED,ALLOTTED,,,MP__MP Round 2 Allotment.txt,962,
MP,Madhya Pradesh,2025,R2,NEET_AIR,761.0,NOT ALLOTTED,ALLOTTED NOT ALLOTTED,ALLOTTED,,,MP__MP Round 2 Allotment.txt,964,
MP,Madhya Pradesh,2025,R2,NEET_AIR,762.0,NOT ALLOTTED,ALLOTTED NOT ALLOTTED,MD,,,MP__MP Round 2 Allotment.txt,966,
MP,Madhya Pradesh,2025,R2,NEET_AIR,763.0,NOT ALLOTTED,ALLOTTED NOT ALLOTTED,ALLOTTED,,,MP__MP Round 2 Allotment.txt,968,
MP,Madhya Pradesh,2025,R2,NEET_AIR,764.0,SHYAM SHAH MEDICAL COLLEGE REWA,MD PAEDIATRICS,SC,,,MP__MP Round 2 Allotment.txt,969,
MP,Madhya Pradesh,2025,R2,NEET_AIR,765.0,INDORE,MS GYNAECOLOGY,INST/UR/X/OP,,,MP__MP Round 2 Allotment.txt,971,
MP,Madhya Pradesh,2025,R2,NEET_AIR,770.0,RD GARDI MEDICAL COLLEGE UJJAIN,MS GENERAL SURGERY,UR/X/OP,,,MP__MP Round 2 Allotment.txt,972,
MP,Madhya Pradesh,2025,R2,NEET_AIR,771.0,INDORE,MD PAEDIATRICS,INST/UR/X/OP,,,MP__MP Round 2 Allotment.txt,974,
MP,Madhya Pradesh,2025,R2,NEET_AIR,774.0,NOT ALLOTTED,ALLOTTED NOT ALLOTTED,ALLOTTED ALLOTTED,,,MP__MP Round 2 Allotment.txt,976,
MP,Madhya Pradesh,2025,R2,NEET_AIR,778.0,INDORE,MS ORTHOPAEDICS,UR/X/OP,,,MP__MP Round 2 Allotment.txt,978,
MP,Madhya Pradesh,2025,R2,NEET_AIR,779.0,NOT ALLOTTED,ALLOTTED ALLOTTED ALLOTTED,NOT ALLOTTED,,,MP__MP Round 2 Allotment.txt,980,
MP,Madhya Pradesh,2025,R2,NEET_AIR,780.0,INDORE,MS OPHTHALMOLOGY,OBC,,,MP__MP Round 2 Allotment.txt,982,
MP,Madhya Pradesh,2025,R2,NEET_AIR,781.0,RESEARCH BHOPAL,MS GYNAECOLOGY,UR/X/OP,,,MP__MP Round 2 Allotment.txt,984,
MP,Madhya Pradesh,2025,R2,NEET_AIR,782.0,NOT ALLOTTED,ALLOTTED NOT ALLOTTED,MD,,,MP__MP Round 2 Allotment.txt,986,
MP,Madhya Pradesh,2025,R2,NEET_AIR,783.0,NOT ALLOTTED,ALLOTTED NOT ALLOTTED,ALLOTTED ALLOTTED,,,MP__MP Round 2 Allotment.txt,988,
MP,Madhya Pradesh,2025,R2,NEET_AIR,785.0,INDORE,MD RESPIRATORY MEDICINE,UR/X/OP,,,MP__MP Round 2 Allotment.txt,990,
MP,Madhya Pradesh,2025,R2,NEET_AIR,786.0,NOT ALLOTTED,ALLOTTED NOT ALLOTTED,MD,,,MP__MP Round 2 Allotment.txt,992,
MP,Madhya Pradesh,2025,R2,NEET_AIR,787.0,NOT ALLOTTED,ALLOTTED NOT ALLOTTED,ALLOTTED ALLOTTED,,,MP__MP Round 2 Allotment.txt,994,
MP,Madhya Pradesh,2025,R2,NEET_AIR,789.0,NOT ALLOTTED,ALLOTTED NOT ALLOTTED,MS,,,MP__MP Round 2 Allotment.txt,996,
MP,Madhya Pradesh,2025,R2,NEET_AIR,790.0,NOT ALLOTTED,ALLOTTED NOT ALLOTTED,ALLOTTED,,,MP__MP Round 2 Allotment.txt,1009,
MP,Madhya Pradesh,2025,R2,NEET_AIR,791.0,NOT ALLOTTED,ALLOTTED NOT ALLOTTED,ALLOTTED,,,MP__MP Round 2 Allotment.txt,1011,
MP,Madhya Pradesh,2025,R2,NEET_AIR,792.0,INDORE,MS GYNAECOLOGY,OBC,,,MP__MP Round 2 Allotment.txt,1013,
MP,Madhya Pradesh,2025,R2,NEET_AIR,794.0,NOT ALLOTTED,ALLOTTED NOT ALLOTTED,ALLOTTED ALLOTTED,,,MP__MP Round 2 Allotment.txt,1015,
MP,Madhya Pradesh,2025,R2,NEET_AIR,795.0,CENTER INDORE,MD GENERAL MEDICINE,OBC,,,MP__MP Round 2 Allotment.txt,1017,
MP,Madhya Pradesh,2025,R2,NEET_AIR,796.0,CENTRE BHOPAL,MD GENERAL MEDICINE,UR/X/OP,,,MP__MP Round 2 Allotment.txt,1019,
MP,Madhya Pradesh,2025,R2,NEET_AIR,797.0,NOT ALLOTTED,ALLOTTED NOT ALLOTTED,MS,,,MP__MP Round 2 Allotment.txt,1021,
MP,Madhya Pradesh,2025,R2,NEET_AIR,799.0,NOT ALLOTTED,ALLOTTED NOT ALLOTTED,ALLOTTED,,,MP__MP Round 2 Allotment.txt,1023,
MP,Madhya Pradesh,2025,R2,NEET_AIR,800.0,NOT ALLOTTED,ALLOTTED NOT ALLOTTED,ALLOTTED,,,MP__MP Round 2 Allotment.txt,1025,
MP,Madhya Pradesh,2025,R2,NEET_AIR,801.0,NOT ALLOTTED,ALLOTTED NOT ALLOTTED,ALLOTTED,,,MP__MP Round 2 Allotment.txt,1027,
MP,Madhya Pradesh,2025,R2,NEET_AIR,803.0,NOT ALLOTTED,ALLOTTED NOT ALLOTTED,ALLOTTED,,,MP__MP Round 2 Allotment.txt,1029,
MP,Madhya Pradesh,2025,R2,NEET_AIR,804.0,NOT ALLOTTED,ALLOTTED NOT ALLOTTED,ALLOTTED,,,MP__MP Round 2 Allotment.txt,1031,
MP,Madhya Pradesh,2025,R2,NEET_AIR,805.0,CHIRAYU MEDICAL COLLEGE AND HOSPITAL BHOPAL,MS GYNAECOLOGY,INST/UR/X/OP,,,MP__MP Round 2 Allotment.txt,1033,
MP,Madhya Pradesh,2025,R2,NEET_AIR,810.0,RD GARDI MEDICAL COLLEGE UJJAIN,MS ORTHOPAEDICS,UR/X/OP,,,MP__MP Round 2 Allotment.txt,1035,
MP,Madhya Pradesh,2025,R2,NEET_AIR,811.0,NOT ALLOTTED,ALLOTTED NOT ALLOTTED,MD,,,MP__MP Round 2 Allotment.txt,1037,
MP,Madhya Pradesh,2025,R2,NEET_AIR,813.0,NOT ALLOTTED,ALLOTTED NOT ALLOTTED,ALLOTTED ALLOTTED,,,MP__MP Round 2 Allotment.txt,1039,
MP,Madhya Pradesh,2025,R2,NEET_AIR,814.0,CENTER INDORE,MD GENERAL MEDICINE,UR/X/OP,,,MP__MP Round 2 Allotment.txt,1041,
MP,Madhya Pradesh,2025,R2,NEET_AIR,815.0,NOT ALLOTTED,ALLOTTED NOT ALLOTTED,ALLOTTED ALLOTTED,,,MP__MP Round 2 Allotment.txt,1043,
MP,Madhya Pradesh,2025,R2,NEET_AIR,818.0,GOVERMENT MEDICAL COLLEGE RATLAM,MD ANAESTHESIOLOGY,OBC,,,MP__MP Round 2 Allotment.txt,1045,
MP,Madhya Pradesh,2025,R2,NEET_AIR,819.0,NOT ALLOTTED,ALLOTTED NOT ALLOTTED,MD,,,MP__MP Round 2 Allotment.txt,1047,
MP,Madhya Pradesh,2025,R2,NEET_AIR,823.0,NOT ALLOTTED,ALLOTTED NOT ALLOTTED,ALLOTTED,,,MP__MP Round 2 Allotment.txt,1049,
MP,Madhya Pradesh,2025,R2,NEET_AIR,825.0,NOT ALLOTTED,ALLOTTED NOT ALLOTTED,ALLOTTED,,,MP__MP Round 2 Allotment.txt,1051,
MP,Madhya Pradesh,2025,R2,NEET_AIR,826.0,GAJRA RAJA MEDICAL COLLEGE GWALIOR,MD EMERGENCY MEDICINE,EWS,,,MP__MP Round 2 Allotment.txt,1052,
MP,Madhya Pradesh,2025,R2,NEET_AIR,829.0,NOT ALLOTTED,ALLOTTED NOT ALLOTTED,NOT ALLOTTED,,,MP__MP Round 2 Allotment.txt,1054,
MP,Madhya Pradesh,2025,R2,NEET_AIR,830.0,NOT ALLOTTED,ALLOTTED NOT ALLOTTED,ALLOTTED,,,MP__MP Round 2 Allotment.txt,1056,
MP,Madhya Pradesh,2025,R2,NEET_AIR,831.0,NOT ALLOTTED,ALLOTTED NOT ALLOTTED,ALLOTTED,,,MP__MP Round 2 Allotment.txt,1058,
MP,Madhya Pradesh,2025,R2,NEET_AIR,832.0,NOT ALLOTTED,ALLOTTED NOT ALLOTTED,NOT ALLOTTED,,,MP__MP Round 2 Allotment.txt,1060,
MP,Madhya Pradesh,2025,R2,NEET_AIR,834.0,NOT ALLOTTED,ALLOTTED NOT ALLOTTED,MS,,,MP__MP Round 2 Allotment.txt,1062,
MP,Madhya Pradesh,2025,R2,NEET_AIR,836.0,NOT ALLOTTED,ALLOTTED ALLOTTED ALLOTTED,NOT ALLOTTED,,,MP__MP Round 2 Allotment.txt,1064,
MP,Madhya Pradesh,2025,R2,NEET_AIR,837.0,PEOPLES COLLEGE OF MEDICAL SCIENCE BHOPAL,MS GYNAECOLOGY,INST/UR/X/OP,,,MP__MP Round 2 Allotment.txt,1066,
MP,Madhya Pradesh,2025,R2,NEET_AIR,841.0,INDORE,MD PAEDIATRICS,OBC,,,MP__MP Round 2 Allotment.txt,1068,
MP,Madhya Pradesh,2025,R2,NEET_AIR,842.0,NOT ALLOTTED,ALLOTTED NOT ALLOTTED,ALLOTTED ALLOTTED,,,MP__MP Round 2 Allotment.txt,1070,
MP,Madhya Pradesh,2025,R2,NEET_AIR,843.0,JABALPUR,MS GYNAECOLOGY,SC,,,MP__MP Round 2 Allotment.txt,1072,
MP,Madhya Pradesh,2025,R2,NEET_AIR,844.0,CENTRE BHOPAL,MD GENERAL MEDICINE,INST/UR/X/OP,,,MP__MP Round 2 Allotment.txt,1074,
MP,Madhya Pradesh,2025,R2,NEET_AIR,845.0,NOT ALLOTTED,ALLOTTED NOT ALLOTTED,ALLOTTED ALLOTTED,,,MP__MP Round 2 Allotment.txt,1076,
MP,Madhya Pradesh,2025,R2,NEET_AIR,846.0,NOT ALLOTTED,ALLOTTED NOT ALLOTTED,MS,,,MP__MP Round 2 Allotment.txt,1078,
MP,Madhya Pradesh,2025,R2,NEET_AIR,847.0,NOT ALLOTTED,ALLOTTED NOT ALLOTTED,MD,,,MP__MP Round 2 Allotment.txt,1080,
MP,Madhya Pradesh,2025,R2,NEET_AIR,848.0,NOT ALLOTTED,ALLOTTED NOT ALLOTTED,MD,,,MP__MP Round 2 Allotment.txt,1082,
MP,Madhya Pradesh,2025,R2,NEET_AIR,849.0,NOT ALLOTTED,ALLOTTED ALLOTTED ALLOTTED,NOT ALLOTTED,,,MP__MP Round 2 Allotment.txt,1084,
MP,Madhya Pradesh,2025,R2,NEET_AIR,850.0,NOT ALLOTTED,ALLOTTED NOT ALLOTTED,MD,,,MP__MP Round 2 Allotment.txt,1086,
MP,Madhya Pradesh,2025,R2,NEET_AIR,851.0,NOT ALLOTTED,ALLOTTED NOT ALLOTTED,MD,,,MP__MP Round 2 Allotment.txt,1088,
MP,Madhya Pradesh,2025,R2,NEET_AIR,853.0,NOT ALLOTTED,ALLOTTED NOT ALLOTTED,ALLOTTED ALLOTTED,,,MP__MP Round 2 Allotment.txt,1090,
MP,Madhya Pradesh,2025,R2,NEET_AIR,854.0,JABALPUR,MD ANAESTHESIOLOGY,EWS,,,MP__MP Round 2 Allotment.txt,1092,
MP,Madhya Pradesh,2025,R2,NEET_AIR,855.0,NOT ALLOTTED,ALLOTTED NOT ALLOTTED,ALLOTTED ALLOTTED,,,MP__MP Round 2 Allotment.txt,1094,
MP,Madhya Pradesh,2025,R2,NEET_AIR,856.0,NOT ALLOTTED,ALLOTTED NOT ALLOTTED,MD,,,MP__MP Round 2 Allotment.txt,1096,
MP,Madhya Pradesh,2025,R2,NEET_AIR,857.0,INDORE,MS GYNAECOLOGY,OBC,,,MP__MP Round 2 Allotment.txt,1098,
MP,Madhya Pradesh,2025,R2,NEET_AIR,858.0,AMALTAS INSTITUTE OF MEDICAL SCIENCES DEWAS,MS GYNAECOLOGY,UR/X/OP,,,MP__MP Round 2 Allotment.txt,1100,
MP,Madhya Pradesh,2025,R2,NEET_AIR,859.0,NOT ALLOTTED,ALLOTTED NOT ALLOTTED,ALLOTTED ALLOTTED,,,MP__MP Round 2 Allotment.txt,1102,
MP,Madhya Pradesh,2025,R2,NEET_AIR,860.0,NOT ALLOTTED,ALLOTTED NOT ALLOTTED,MD,,,MP__MP Round 2 Allotment.txt,1104,
MP,Madhya Pradesh,2025,R2,NEET_AIR,861.0,NOT ALLOTTED,ALLOTTED ALLOTTED ALLOTTED,NOT ALLOTTED,,,MP__MP Round 2 Allotment.txt,1106,
MP,Madhya Pradesh,2025,R2,NEET_AIR,862.0,CHIRAYU MEDICAL COLLEGE AND HOSPITAL BHOPAL,MD PAEDIATRICS,INST/UR/X/OP,,,MP__MP Round 2 Allotment.txt,1108,
MP,Madhya Pradesh,2025,R2,NEET_AIR,864.0,NOT ALLOTTED,ALLOTTED NOT ALLOTTED,NOT ALLOTTED,,,MP__MP Round 2 Allotment.txt,1110,
MP,Madhya Pradesh,2025,R2,NEET_AIR,865.0,NOT ALLOTTED,ALLOTTED NOT ALLOTTED,ALLOTTED,,,MP__MP Round 2 Allotment.txt,1112,
MP,Madhya Pradesh,2025,R2,NEET_AIR,867.0,NOT ALLOTTED,ALLOTTED NOT ALLOTTED,ALLOTTED,,,MP__MP Round 2 Allotment.txt,1114,
MP,Madhya Pradesh,2025,R2,NEET_AIR,868.0,NOT ALLOTTED,ALLOTTED NOT ALLOTTED,NOT ALLOTTED,,,MP__MP Round 2 Allotment.txt,1116,
MP,Madhya Pradesh,2025,R2,NEET_AIR,869.0,NOT ALLOTTED,ALLOTTED NOT ALLOTTED,ALLOTTED,,,MP__MP Round 2 Allotment.txt,1118,
MP,Madhya Pradesh,2025,R2,NEET_AIR,870.0,RD GARDI MEDICAL COLLEGE UJJAIN,MS OPHTHALMOLOGY,UR/X/OP,,,MP__MP Round 2 Allotment.txt,1120,
MP,Madhya Pradesh,2025,R2,NEET_AIR,873.0,NOT ALLOTTED,ALLOTTED NOT ALLOTTED,ALLOTTED ALLOTTED,,,MP__MP Round 2 Allotment.txt,1122,
MP,Madhya Pradesh,2025,R2,NEET_AIR,877.0,NOT ALLOTTED,ALLOTTED NOT ALLOTTED,NOT ALLOTTED,,,MP__MP Round 2 Allotment.txt,1134,
MP,Madhya Pradesh,2025,R2,NEET_AIR,878.0,NOT ALLOTTED,ALLOTTED NOT ALLOTTED,ALLOTTED,,,MP__MP Round 2 Allotment.txt,1136,
MP,Madhya Pradesh,2025,R2,NEET_AIR,879.0,NOT ALLOTTED,ALLOTTED NOT ALLOTTED,MS,,,MP__MP Round 2 Allotment.txt,1138,
MP,Madhya Pradesh,2025,R2,NEET_AIR,880.0,NOT ALLOTTED,ALLOTTED NOT ALLOTTED,MD,,,MP__MP Round 2 Allotment.txt,1140,
MP,Madhya Pradesh,2025,R2,NEET_AIR,881.0,NOT ALLOTTED,ALLOTTED NOT ALLOTTED,ALLOTTED,,,MP__MP Round 2 Allotment.txt,1142,
MP,Madhya Pradesh,2025,R2,NEET_AIR,885.0,NOT ALLOTTED,ALLOTTED NOT ALLOTTED,NOT ALLOTTED,,,MP__MP Round 2 Allotment.txt,1144,
MP,Madhya Pradesh,2025,R2,NEET_AIR,886.0,NOT ALLOTTED,ALLOTTED NOT ALLOTTED,ALLOTTED,,,MP__MP Round 2 Allotment.txt,1146,
MP,Madhya Pradesh,2025,R2,NEET_AIR,888.0,NOT ALLOTTED,ALLOTTED NOT ALLOTTED,MD,,,MP__MP Round 2 Allotment.txt,1148,
MP,Madhya Pradesh,2025,R2,NEET_AIR,890.0,RD GARDI MEDICAL COLLEGE UJJAIN,MS GENERAL SURGERY,UR/X/OP,,,MP__MP Round 2 Allotment.txt,1149,
MP,Madhya Pradesh,2025,R2,NEET_AIR,892.0,NOT ALLOTTED,ALLOTTED NOT ALLOTTED,ALLOTTED,,,MP__MP Round 2 Allotment.txt,1151,
MP,Madhya Pradesh,2025,R2,NEET_AIR,893.0,INDORE,MD GENERAL MEDICINE,ST,,,MP__MP Round 2 Allotment.txt,1153,
MP,Madhya Pradesh,2025,R2,NEET_AIR,895.0,NOT ALLOTTED,ALLOTTED NOT ALLOTTED,MD,,,MP__MP Round 2 Allotment.txt,1155,
MP,Madhya Pradesh,2025,R2,NEET_AIR,896.0,NOT ALLOTTED,ALLOTTED NOT ALLOTTED,ALLOTTED,,,MP__MP Round 2 Allotment.txt,1157,
MP,Madhya Pradesh,2025,R2,NEET_AIR,897.0,NOT ALLOTTED,ALLOTTED NOT ALLOTTED,NOT ALLOTTED,,,MP__MP Round 2 Allotment.txt,1159,
MP,Madhya Pradesh,2025,R2,NEET_AIR,898.0,LN MEDICAL COLLEGE BHOPAL,MD PAEDIATRICS,INST/UR/X/OP,,,MP__MP Round 2 Allotment.txt,1161,
MP,Madhya Pradesh,2025,R2,NEET_AIR,899.0,NOT ALLOTTED,ALLOTTED NOT ALLOTTED,ALLOTTED,,,MP__MP Round 2 Allotment.txt,1163,
MP,Madhya Pradesh,2025,R2,NEET_AIR,900.0,NOT ALLOTTED,ALLOTTED NOT ALLOTTED,ALLOTTED,,,MP__MP Round 2 Allotment.txt,1165,
MP,Madhya Pradesh,2025,R2,NEET_AIR,902.0,NOT ALLOTTED,ALLOTTED NOT ALLOTTED,NOT ALLOTTED,,,MP__MP Round 2 Allotment.txt,1167,
MP,Madhya Pradesh,2025,R2,NEET_AIR,904.0,NOT ALLOTTED,ALLOTTED NOT ALLOTTED,ALLOTTED,,,MP__MP Round 2 Allotment.txt,1169,
MP,Madhya Pradesh,2025,R2,NEET_AIR,905.0,NOT ALLOTTED,ALLOTTED NOT ALLOTTED,MD,,,MP__MP Round 2 Allotment.txt,1171,
MP,Madhya Pradesh,2025,R2,NEET_AIR,906.0,NOT ALLOTTED,ALLOTTED NOT ALLOTTED,NOT ALLOTTED,,,MP__MP Round 2 Allotment.txt,1173,
MP,Madhya Pradesh,2025,R2,NEET_AIR,909.0,NOT ALLOTTED,ALLOTTED NOT ALLOTTED,ALLOTTED,,,MP__MP Round 2 Allotment.txt,1175,
MP,Madhya Pradesh,2025,R2,NEET_AIR,910.0,NOT ALLOTTED,ALLOTTED NOT ALLOTTED,NOT ALLOTTED,,,MP__MP Round 2 Allotment.txt,1177,
MP,Madhya Pradesh,2025,R2,NEET_AIR,911.0,NOT ALLOTTED,ALLOTTED NOT ALLOTTED,MS,,,MP__MP Round 2 Allotment.txt,1179,
MP,Madhya Pradesh,2025,R2,NEET_AIR,912.0,NOT ALLOTTED,ALLOTTED NOT ALLOTTED,ALLOTTED,,,MP__MP Round 2 Allotment.txt,1181,
MP,Madhya Pradesh,2025,R2,NEET_AIR,913.0,NOT ALLOTTED,ALLOTTED NOT ALLOTTED,ALLOTTED,,,MP__MP Round 2 Allotment.txt,1183,
MP,Madhya Pradesh,2025,R2,NEET_AIR,914.0,LN MEDICAL COLLEGE BHOPAL,MS GYNAECOLOGY,UR/X/OP,,,MP__MP Round 2 Allotment.txt,1185,
MP,Madhya Pradesh,2025,R2,NEET_AIR,916.0,NOT ALLOTTED,ALLOTTED NOT ALLOTTED,ALLOTTED,,,MP__MP Round 2 Allotment.txt,1187,
MP,Madhya Pradesh,2025,R2,NEET_AIR,918.0,NOT ALLOTTED,ALLOTTED NOT ALLOTTED,ALLOTTED,,,MP__MP Round 2 Allotment.txt,1189,
MP,Madhya Pradesh,2025,R2,NEET_AIR,919.0,GOVERMENT MEDICAL COLLEGE RATLAM,MD AND LEPROSY,IN_UR/X/OP,,,MP__MP Round 2 Allotment.txt,1191,
MP,Madhya Pradesh,2025,R2,NEET_AIR,920.0,NOT ALLOTTED,ALLOTTED NOT ALLOTTED,NOT ALLOTTED,,,MP__MP Round 2 Allotment.txt,1193,
MP,Madhya Pradesh,2025,R2,NEET_AIR,921.0,NOT ALLOTTED,ALLOTTED NOT ALLOTTED,NOT ALLOTTED,,,MP__MP Round 2 Allotment.txt,1195,
MP,Madhya Pradesh,2025,R2,NEET_AIR,922.0,CENTER INDORE,MS GYNAECOLOGY,UR/X/OP,,,MP__MP Round 2 Allotment.txt,1197,
MP,Madhya Pradesh,2025,R2,NEET_AIR,923.0,NOT ALLOTTED,ALLOTTED NOT ALLOTTED,ALLOTTED,,,MP__MP Round 2 Allotment.txt,1199,
MP,Madhya Pradesh,2025,R2,NEET_AIR,924.0,NOT ALLOTTED,ALLOTTED NOT ALLOTTED,NOT ALLOTTED,,,MP__MP Round 2 Allotment.txt,1201,
MP,Madhya Pradesh,2025,R2,NEET_AIR,928.0,INDORE,MD PSYCHIATRY,UR/X/OP,,,MP__MP Round 2 Allotment.txt,1203,
MP,Madhya Pradesh,2025,R2,NEET_AIR,929.0,RD GARDI MEDICAL COLLEGE UJJAIN,MS (ENT),UR/X/OP,,,MP__MP Round 2 Allotment.txt,1205,
MP,Madhya Pradesh,2025,R2,NEET_AIR,930.0,NOT ALLOTTED,ALLOTTED NOT ALLOTTED,MD,,,MP__MP Round 2 Allotment.txt,1207,
MP,Madhya Pradesh,2025,R2,NEET_AIR,932.0,NOT ALLOTTED,ALLOTTED NOT ALLOTTED,ALLOTTED ALLOTTED,,,MP__MP Round 2 Allotment.txt,1209,
MP,Madhya Pradesh,2025,R2,NEET_AIR,936.0,JABALPUR,MD AND LEPROSY,UR/X/OP,,,MP__MP Round 2 Allotment.txt,1211,
MP,Madhya Pradesh,2025,R2,NEET_AIR,937.0,NOT ALLOTTED,ALLOTTED NOT ALLOTTED,NOT ALLOTTED,,,MP__MP Round 2 Allotment.txt,1213,
MP,Madhya Pradesh,2025,R2,NEET_AIR,939.0,NOT ALLOTTED,ALLOTTED NOT ALLOTTED,NOT ALLOTTED,,,MP__MP Round 2 Allotment.txt,1215,
MP,Madhya Pradesh,2025,R2,NEET_AIR,940.0,NOT ALLOTTED,ALLOTTED NOT ALLOTTED,MD,,,MP__MP Round 2 Allotment.txt,1217,
MP,Madhya Pradesh,2025,R2,NEET_AIR,941.0,NOT ALLOTTED,ALLOTTED NOT ALLOTTED,MD,,,MP__MP Round 2 Allotment.txt,1219,
MP,Madhya Pradesh,2025,R2,NEET_AIR,943.0,RD GARDI MEDICAL COLLEGE UJJAIN,MD PSYCHIATRY,OBC,,,MP__MP Round 2 Allotment.txt,1221,
MP,Madhya Pradesh,2025,R2,NEET_AIR,945.0,NOT ALLOTTED,ALLOTTED NOT ALLOTTED,ALLOTTED ALLOTTED,,,MP__MP Round 2 Allotment.txt,1223,
MP,Madhya Pradesh,2025,R2,NEET_AIR,946.0,NOT ALLOTTED,ALLOTTED NOT ALLOTTED,MD,,,MP__MP Round 2 Allotment.txt,1225,
MP,Madhya Pradesh,2025,R2,NEET_AIR,947.0,NOT ALLOTTED,ALLOTTED NOT ALLOTTED,ALLOTTED,,,MP__MP Round 2 Allotment.txt,1227,
MP,Madhya Pradesh,2025,R2,NEET_AIR,948.0,NOT ALLOTTED,ALLOTTED NOT ALLOTTED,ALLOTTED,,,MP__MP Round 2 Allotment.txt,1229,
MP,Madhya Pradesh,2025,R2,NEET_AIR,950.0,NOT ALLOTTED,ALLOTTED NOT ALLOTTED,ALLOTTED,,,MP__MP Round 2 Allotment.txt,1231,
MP,Madhya Pradesh,2025,R2,NEET_AIR,952.0,NOT ALLOTTED,ALLOTTED NOT ALLOTTED,MD,,,MP__MP Round 2 Allotment.txt,1233,
MP,Madhya Pradesh,2025,R2,NEET_AIR,953.0,NOT ALLOTTED,ALLOTTED NOT ALLOTTED,ALLOTTED ALLOTTED,,,MP__MP Round 2 Allotment.txt,1235,
MP,Madhya Pradesh,2025,R2,NEET_AIR,954.0,NOT ALLOTTED,ALLOTTED NOT ALLOTTED,MD,,,MP__MP Round 2 Allotment.txt,1237,
MP,Madhya Pradesh,2025,R2,NEET_AIR,957.0,NOT ALLOTTED,ALLOTTED NOT ALLOTTED,MD,,,MP__MP Round 2 Allotment.txt,1239,
MP,Madhya Pradesh,2025,R2,NEET_AIR,958.0,SHYAM SHAH MEDICAL COLLEGE REWA,MS GYNAECOLOGY,SC,,,MP__MP Round 2 Allotment.txt,1241,
MP,Madhya Pradesh,2025,R2,NEET_AIR,959.0,NOT ALLOTTED,ALLOTTED ALLOTTED ALLOTTED,NOT ALLOTTED,,,MP__MP Round 2 Allotment.txt,1243,
MP,Madhya Pradesh,2025,R2,NEET_AIR,961.0,NOT ALLOTTED,ALLOTTED NOT ALLOTTED,MD,,,MP__MP Round 2 Allotment.txt,1245,
MP,Madhya Pradesh,2025,R2,NEET_AIR,962.0,NOT ALLOTTED,ALLOTTED ALLOTTED ALLOTTED,NOT ALLOTTED,,,MP__MP Round 2 Allotment.txt,1247,
MP,Madhya Pradesh,2025,R2,NEET_AIR,963.0,NOT ALLOTTED,ALLOTTED NOT ALLOTTED,ALLOTTED ALLOTTED,,,MP__MP Round 2 Allotment.txt,1259,
MP,Madhya Pradesh,2025,R2,NEET_AIR,964.0,NOT ALLOTTED,ALLOTTED NOT ALLOTTED,MD,,,MP__MP Round 2 Allotment.txt,1261,
MP,Madhya Pradesh,2025,R2,NEET_AIR,966.0,NOT ALLOTTED,ALLOTTED NOT ALLOTTED,ALLOTTED ALLOTTED,,,MP__MP Round 2 Allotment.txt,1263,
MP,Madhya Pradesh,2025,R2,NEET_AIR,968.0,INDORE,MS OPHTHALMOLOGY,UR/X/OP,,,MP__MP Round 2 Allotment.txt,1265,
MP,Madhya Pradesh,2025,R2,NEET_AIR,969.0,NOT ALLOTTED,ALLOTTED NOT ALLOTTED,MD,,,MP__MP Round 2 Allotment.txt,1267,
MP,Madhya Pradesh,2025,R2,NEET_AIR,970.0,NOT ALLOTTED,ALLOTTED NOT ALLOTTED,ALLOTTED,,,MP__MP Round 2 Allotment.txt,1269,
MP,Madhya Pradesh,2025,R2,NEET_AIR,971.0,NOT ALLOTTED,ALLOTTED NOT ALLOTTED,ALLOTTED,,,MP__MP Round 2 Allotment.txt,1271,
MP,Madhya Pradesh,2025,R2,NEET_AIR,973.0,NOT ALLOTTED,ALLOTTED NOT ALLOTTED,NOT ALLOTTED,,,MP__MP Round 2 Allotment.txt,1273,
MP,Madhya Pradesh,2025,R2,NEET_AIR,977.0,NOT ALLOTTED,ALLOTTED NOT ALLOTTED,ALLOTTED,,,MP__MP Round 2 Allotment.txt,1275,
MP,Madhya Pradesh,2025,R2,NEET_AIR,978.0,PEOPLES COLLEGE OF MEDICAL SCIENCE BHOPAL,MS GYNAECOLOGY,OBC,,,MP__MP Round 2 Allotment.txt,1277,
MP,Madhya Pradesh,2025,R2,NEET_AIR,980.0,NOT ALLOTTED,ALLOTTED NOT ALLOTTED,ALLOTTED,,,MP__MP Round 2 Allotment.txt,1279,
MP,Madhya Pradesh,2025,R2,NEET_AIR,981.0,NOT ALLOTTED,ALLOTTED NOT ALLOTTED,ALLOTTED,,,MP__MP Round 2 Allotment.txt,1281,
MP,Madhya Pradesh,2025,R2,NEET_AIR,982.0,NOT ALLOTTED,ALLOTTED NOT ALLOTTED,ALLOTTED,,,MP__MP Round 2 Allotment.txt,1283,
MP,Madhya Pradesh,2025,R2,NEET_AIR,983.0,NOT ALLOTTED,ALLOTTED NOT ALLOTTED,ALLOTTED,,,MP__MP Round 2 Allotment.txt,1285,
MP,Madhya Pradesh,2025,R2,NEET_AIR,985.0,NOT ALLOTTED,ALLOTTED NOT ALLOTTED,ALLOTTED,,,MP__MP Round 2 Allotment.txt,1287,
MP,Madhya Pradesh,2025,R2,NEET_AIR,986.0,NOT ALLOTTED,ALLOTTED NOT ALLOTTED,ALLOTTED,,,MP__MP Round 2 Allotment.txt,1289,
MP,Madhya Pradesh,2025,R2,NEET_AIR,987.0,NOT ALLOTTED,ALLOTTED NOT ALLOTTED,ALLOTTED,,,MP__MP Round 2 Allotment.txt,1291,
MP,Madhya Pradesh,2025,R2,NEET_AIR,988.0,CHIRAYU MEDICAL COLLEGE AND HOSPITAL BHOPAL,MS GENERAL SURGERY,UR/X/OP,,,MP__MP Round 2 Allotment.txt,1293,
MP,Madhya Pradesh,2025,R2,NEET_AIR,989.0,NOT ALLOTTED,ALLOTTED NOT ALLOTTED,ALLOTTED,,,MP__MP Round 2 Allotment.txt,1295,
MP,Madhya Pradesh,2025,R2,NEET_AIR,993.0,NOT ALLOTTED,ALLOTTED NOT ALLOTTED,ALLOTTED,,,MP__MP Round 2 Allotment.txt,1297,
MP,Madhya Pradesh,2025,R2,NEET_AIR,994.0,NOT ALLOTTED,ALLOTTED NOT ALLOTTED,ALLOTTED,,,MP__MP Round 2 Allotment.txt,1299,
MP,Madhya Pradesh,2025,R2,NEET_AIR,995.0,NOT ALLOTTED,ALLOTTED NOT ALLOTTED,ALLOTTED,,,MP__MP Round 2 Allotment.txt,1301,
MP,Madhya Pradesh,2025,R2,NEET_AIR,998.0,NOT ALLOTTED,ALLOTTED NOT ALLOTTED,ALLOTTED,,,MP__MP Round 2 Allotment.txt,1303,
MP,Madhya Pradesh,2025,R2,NEET_AIR,999.0,MEDICAL COLLEGE KHANDWA,MD PAEDIATRICS,SC,,,MP__MP Round 2 Allotment.txt,1305,
MP,Madhya Pradesh,2025,R2,NEET_AIR,1001.0,JABALPUR,MD GENERAL MEDICINE,ST,,,MP__MP Round 2 Allotment.txt,1307,
MP,Madhya Pradesh,2025,R2,NEET_AIR,1002.0,NOT ALLOTTED,ALLOTTED NOT ALLOTTED,NOT ALLOTTED,,,MP__MP Round 2 Allotment.txt,1309,
MP,Madhya Pradesh,2025,R2,NEET_AIR,1003.0,GAJRA RAJA MEDICAL COLLEGE GWALIOR,MD ANAESTHESIOLOGY,EWS,,,MP__MP Round 2 Allotment.txt,1310,
MP,Madhya Pradesh,2025,R2,NEET_AIR,1004.0,NOT ALLOTTED,ALLOTTED NOT ALLOTTED,NOT ALLOTTED,,,MP__MP Round 2 Allotment.txt,1312,
MP,Madhya Pradesh,2025,R2,NEET_AIR,1007.0,NOT ALLOTTED,ALLOTTED NOT ALLOTTED,ALLOTTED,,,MP__MP Round 2 Allotment.txt,1314,
MP,Madhya Pradesh,2025,R2,NEET_AIR,1008.0,NOT ALLOTTED,ALLOTTED NOT ALLOTTED,ALLOTTED,,,MP__MP Round 2 Allotment.txt,1316,
MP,Madhya Pradesh,2025,R2,NEET_AIR,1009.0,NOT ALLOTTED,ALLOTTED NOT ALLOTTED,ALLOTTED,,,MP__MP Round 2 Allotment.txt,1318,
MP,Madhya Pradesh,2025,R2,NEET_AIR,1011.0,NOT ALLOTTED,ALLOTTED NOT ALLOTTED,ALLOTTED,,,MP__MP Round 2 Allotment.txt,1320,
MP,Madhya Pradesh,2025,R2,NEET_AIR,1012.0,NOT ALLOTTED,ALLOTTED NOT ALLOTTED,ALLOTTED,,,MP__MP Round 2 Allotment.txt,1322,
MP,Madhya Pradesh,2025,R2,NEET_AIR,1014.0,NOT ALLOTTED,ALLOTTED NOT ALLOTTED,MD,,,MP__MP Round 2 Allotment.txt,1324,
MP,Madhya Pradesh,2025,R2,NEET_AIR,1016.0,NOT ALLOTTED,ALLOTTED NOT ALLOTTED,ALLOTTED,,,MP__MP Round 2 Allotment.txt,1326,
MP,Madhya Pradesh,2025,R2,NEET_AIR,1017.0,NOT ALLOTTED,ALLOTTED NOT ALLOTTED,ALLOTTED,,,MP__MP Round 2 Allotment.txt,1328,
MP,Madhya Pradesh,2025,R2,NEET_AIR,1024.0,NOT ALLOTTED,ALLOTTED NOT ALLOTTED,ALLOTTED,,,MP__MP Round 2 Allotment.txt,1330,
MP,Madhya Pradesh,2025,R2,NEET_AIR,1025.0,NOT ALLOTTED,ALLOTTED NOT ALLOTTED,ALLOTTED,,,MP__MP Round 2 Allotment.txt,1332,
MP,Madhya Pradesh,2025,R2,NEET_AIR,1026.0,NOT ALLOTTED,ALLOTTED NOT ALLOTTED,ALLOTTED,,,MP__MP Round 2 Allotment.txt,1334,
MP,Madhya Pradesh,2025,R2,NEET_AIR,1028.0,NOT ALLOTTED,ALLOTTED NOT ALLOTTED,ALLOTTED,,,MP__MP Round 2 Allotment.txt,1336,
MP,Madhya Pradesh,2025,R2,NEET_AIR,1030.0,NOT ALLOTTED,ALLOTTED NOT ALLOTTED,ALLOTTED,,,MP__MP Round 2 Allotment.txt,1338,
MP,Madhya Pradesh,2025,R2,NEET_AIR,1031.0,NOT ALLOTTED,ALLOTTED NOT ALLOTTED,ALLOTTED,,,MP__MP Round 2 Allotment.txt,1340,
MP,Madhya Pradesh,2025,R2,NEET_AIR,1033.0,NOT ALLOTTED,ALLOTTED NOT ALLOTTED,MD,,,MP__MP Round 2 Allotment.txt,1342,
MP,Madhya Pradesh,2025,R2,NEET_AIR,1034.0,NOT ALLOTTED,ALLOTTED NOT ALLOTTED,MD,,,MP__MP Round 2 Allotment.txt,1344,
MP,Madhya Pradesh,2025,R2,NEET_AIR,1035.0,GANDHI MEDICAL COLLEGE BHOPAL,MS ORTHOPAEDICS,SC,,,MP__MP Round 2 Allotment.txt,1345,
MP,Madhya Pradesh,2025,R2,NEET_AIR,1036.0,NOT ALLOTTED,ALLOTTED NOT ALLOTTED,ALLOTTED,,,MP__MP Round 2 Allotment.txt,1347,
MP,Madhya Pradesh,2025,R2,NEET_AIR,1037.0,NOT ALLOTTED,ALLOTTED NOT ALLOTTED,ALLOTTED,,,MP__MP Round 2 Allotment.txt,1349,
MP,Madhya Pradesh,2025,R2,NEET_AIR,1038.0,NOT ALLOTTED,ALLOTTED NOT ALLOTTED,ALLOTTED,,,MP__MP Round 2 Allotment.txt,1351,
MP,Madhya Pradesh,2025,R2,NEET_AIR,1041.0,NOT ALLOTTED,ALLOTTED NOT ALLOTTED,ALLOTTED,,,MP__MP Round 2 Allotment.txt,1353,
MP,Madhya Pradesh,2025,R2,NEET_AIR,1043.0,NOT ALLOTTED,ALLOTTED NOT ALLOTTED,ALLOTTED,,,MP__MP Round 2 Allotment.txt,1355,
MP,Madhya Pradesh,2025,R2,NEET_AIR,1044.0,NOT ALLOTTED,ALLOTTED NOT ALLOTTED,MD,,,MP__MP Round 2 Allotment.txt,1357,
MP,Madhya Pradesh,2025,R2,NEET_AIR,1045.0,NOT ALLOTTED,ALLOTTED NOT ALLOTTED,ALLOTTED ALLOTTED,,,MP__MP Round 2 Allotment.txt,1359,
MP,Madhya Pradesh,2025,R2,NEET_AIR,1046.0,NOT ALLOTTED,ALLOTTED NOT ALLOTTED,MS,,,MP__MP Round 2 Allotment.txt,1361,
MP,Madhya Pradesh,2025,R2,NEET_AIR,1047.0,AMALTAS INSTITUTE OF MEDICAL SCIENCES DEWAS,MD RADIODIAGNOSIS,SC,,,MP__MP Round 2 Allotment.txt,1363,
MP,Madhya Pradesh,2025,R2,NEET_AIR,1048.0,NOT ALLOTTED,ALLOTTED NOT ALLOTTED,ALLOTTED,,,MP__MP Round 2 Allotment.txt,1365,
MP,Madhya Pradesh,2025,R2,NEET_AIR,1049.0,NOT ALLOTTED,ALLOTTED NOT ALLOTTED,ALLOTTED,,,MP__MP Round 2 Allotment.txt,1367,
MP,Madhya Pradesh,2025,R2,NEET_AIR,1050.0,NOT ALLOTTED,ALLOTTED NOT ALLOTTED,ALLOTTED,,,MP__MP Round 2 Allotment.txt,1369,
MP,Madhya Pradesh,2025,R2,NEET_AIR,1052.0,NOT ALLOTTED,ALLOTTED NOT ALLOTTED,ALLOTTED,,,MP__MP Round 2 Allotment.txt,1371,
MP,Madhya Pradesh,2025,R2,NEET_AIR,1053.0,NOT ALLOTTED,ALLOTTED NOT ALLOTTED,ALLOTTED,,,MP__MP Round 2 Allotment.txt,1384,
MP,Madhya Pradesh,2025,R2,NEET_AIR,1055.0,NOT ALLOTTED,ALLOTTED NOT ALLOTTED,ALLOTTED,,,MP__MP Round 2 Allotment.txt,1386,
MP,Madhya Pradesh,2025,R2,NEET_AIR,1056.0,NOT ALLOTTED,ALLOTTED NOT ALLOTTED,ALLOTTED,,,MP__MP Round 2 Allotment.txt,1388,
MP,Madhya Pradesh,2025,R2,NEET_AIR,1059.0,NOT ALLOTTED,ALLOTTED NOT ALLOTTED,ALLOTTED,,,MP__MP Round 2 Allotment.txt,1390,
MP,Madhya Pradesh,2025,R2,NEET_AIR,1060.0,INDORE,MD PAEDIATRICS,OBC,,,MP__MP Round 2 Allotment.txt,1392,
MP,Madhya Pradesh,2025,R2,NEET_AIR,1061.0,GOVERMENT MEDICAL COLLEGE RATLAM,MS GYNAECOLOGY,SC,,,MP__MP Round 2 Allotment.txt,1394,
MP,Madhya Pradesh,2025,R2,NEET_AIR,1062.0,NOT ALLOTTED,ALLOTTED NOT ALLOTTED,MS,,,MP__MP Round 2 Allotment.txt,1396,
MP,Madhya Pradesh,2025,R2,NEET_AIR,1064.0,CHIRAYU MEDICAL COLLEGE AND HOSPITAL BHOPAL,MD PSYCHIATRY,UR/X/OP,,,MP__MP Round 2 Allotment.txt,1398,
MP,Madhya Pradesh,2025,R2,NEET_AIR,1065.0,NOT ALLOTTED,ALLOTTED NOT ALLOTTED,NOT ALLOTTED,,,MP__MP Round 2 Allotment.txt,1400,
MP,Madhya Pradesh,2025,R2,NEET_AIR,1066.0,NOT ALLOTTED,ALLOTTED NOT ALLOTTED,ALLOTTED,,,MP__MP Round 2 Allotment.txt,1402,
MP,Madhya Pradesh,2025,R2,NEET_AIR,1067.0,NOT ALLOTTED,ALLOTTED NOT ALLOTTED,MS,,,MP__MP Round 2 Allotment.txt,1404,
MP,Madhya Pradesh,2025,R2,NEET_AIR,1068.0,NOT ALLOTTED,ALLOTTED NOT ALLOTTED,ALLOTTED ALLOTTED,,,MP__MP Round 2 Allotment.txt,1406,
MP,Madhya Pradesh,2025,R2,NEET_AIR,1071.0,NOT ALLOTTED,ALLOTTED NOT ALLOTTED,MD,,,MP__MP Round 2 Allotment.txt,1408,
MP,Madhya Pradesh,2025,R2,NEET_AIR,1072.0,CHIRAYU MEDICAL COLLEGE AND HOSPITAL BHOPAL PAEDIATRICS,MD Clinical,FRESH ALLOTTED,,,MP__MP Round 2 Allotment.txt,1410,
MP,Madhya Pradesh,2025,R2,NEET_AIR,1073.0,NOT ALLOTTED,ALLOTTED NOT ALLOTTED,ALLOTTED,,,MP__MP Round 2 Allotment.txt,1412,
MP,Madhya Pradesh,2025,R2,NEET_AIR,1076.0,NOT ALLOTTED,ALLOTTED NOT ALLOTTED,ALLOTTED,,,MP__MP Round 2 Allotment.txt,1414,
MP,Madhya Pradesh,2025,R2,NEET_AIR,1081.0,INDORE,MD RESPIRATORY MEDICINE,INST/UR/X/OP,,,MP__MP Round 2 Allotment.txt,1416,
MP,Madhya Pradesh,2025,R2,NEET_AIR,1082.0,"RESEARCH CENTRE, BHOPAL",MS GENERAL SURGERY,UR/X/OP,,,MP__MP Round 2 Allotment.txt,1418,
MP,Madhya Pradesh,2025,R2,NEET_AIR,1083.0,NOT ALLOTTED,ALLOTTED NOT ALLOTTED,MS,,,MP__MP Round 2 Allotment.txt,1420,
MP,Madhya Pradesh,2025,R2,NEET_AIR,1084.0,NOT ALLOTTED,ALLOTTED NOT ALLOTTED,MD,,,MP__MP Round 2 Allotment.txt,1422,
MP,Madhya Pradesh,2025,R2,NEET_AIR,1085.0,NOT ALLOTTED,ALLOTTED NOT ALLOTTED,ALLOTTED,,,MP__MP Round 2 Allotment.txt,1424,
MP,Madhya Pradesh,2025,R2,NEET_AIR,1086.0,NOT ALLOTTED,ALLOTTED NOT ALLOTTED,ALLOTTED,,,MP__MP Round 2 Allotment.txt,1426,
MP,Madhya Pradesh,2025,R2,NEET_AIR,1088.0,NOT ALLOTTED,ALLOTTED NOT ALLOTTED,ALLOTTED,,,MP__MP Round 2 Allotment.txt,1428,
MP,Madhya Pradesh,2025,R2,NEET_AIR,1089.0,NOT ALLOTTED,ALLOTTED NOT ALLOTTED,ALLOTTED,,,MP__MP Round 2 Allotment.txt,1430,
MP,Madhya Pradesh,2025,R2,NEET_AIR,1090.0,INDORE,MS GENERAL SURGERY,UR/X/OP,,,MP__MP Round 2 Allotment.txt,1432,
MP,Madhya Pradesh,2025,R2,NEET_AIR,1091.0,NOT ALLOTTED,ALLOTTED NOT ALLOTTED,MS,,,MP__MP Round 2 Allotment.txt,1434,
MP,Madhya Pradesh,2025,R2,NEET_AIR,1092.0,NOT ALLOTTED,ALLOTTED NOT ALLOTTED,ALLOTTED,,,MP__MP Round 2 Allotment.txt,1436,
MP,Madhya Pradesh,2025,R2,NEET_AIR,1093.0,NOT ALLOTTED,ALLOTTED NOT ALLOTTED,ALLOTTED,,,MP__MP Round 2 Allotment.txt,1438,
MP,Madhya Pradesh,2025,R2,NEET_AIR,1094.0,NOT ALLOTTED,ALLOTTED NOT ALLOTTED,ALLOTTED,,,MP__MP Round 2 Allotment.txt,1440,
MP,Madhya Pradesh,2025,R2,NEET_AIR,1095.0,NOT ALLOTTED,ALLOTTED NOT ALLOTTED,MD,,,MP__MP Round 2 Allotment.txt,1442,
MP,Madhya Pradesh,2025,R2,NEET_AIR,1101.0,GAJRA RAJA MEDICAL COLLEGE GWALIOR,MD PATHOLOGY,FRESH ALLOTTED,,,MP__MP Round 2 Allotment.txt,1444,
MP,Madhya Pradesh,2025,R2,NEET_AIR,1103.0,CENTER INDORE,MS GYNAECOLOGY,INST/UR/X/OP,,,MP__MP Round 2 Allotment.txt,1446,
MP,Madhya Pradesh,2025,R2,NEET_AIR,1104.0,NOT ALLOTTED,ALLOTTED NOT ALLOTTED,ALLOTTED,,,MP__MP Round 2 Allotment.txt,1448,
MP,Madhya Pradesh,2025,R2,NEET_AIR,1105.0,NOT ALLOTTED,ALLOTTED NOT ALLOTTED,ALLOTTED,,,MP__MP Round 2 Allotment.txt,1450,
MP,Madhya Pradesh,2025,R2,NEET_AIR,1106.0,NOT ALLOTTED,ALLOTTED NOT ALLOTTED,ALLOTTED,,,MP__MP Round 2 Allotment.txt,1452,
MP,Madhya Pradesh,2025,R2,NEET_AIR,1107.0,JABALPUR,MS ORTHOPAEDICS,SC,,,MP__MP Round 2 Allotment.txt,1454,
MP,Madhya Pradesh,2025,R2,NEET_AIR,1110.0,NOT ALLOTTED,ALLOTTED NOT ALLOTTED,ALLOTTED,,,MP__MP Round 2 Allotment.txt,1456,
MP,Madhya Pradesh,2025,R2,NEET_AIR,1111.0,RD GARDI MEDICAL COLLEGE UJJAIN,MS GENERAL SURGERY,OBC,,,MP__MP Round 2 Allotment.txt,1457,
MP,Madhya Pradesh,2025,R2,NEET_AIR,1113.0,NOT ALLOTTED,ALLOTTED NOT ALLOTTED,ALLOTTED,,,MP__MP Round 2 Allotment.txt,1459,
MP,Madhya Pradesh,2025,R2,NEET_AIR,1114.0,GANDHI MEDICAL COLLEGE BHOPAL,MD PAEDIATRICS,IN_UR/X/OP,,,MP__MP Round 2 Allotment.txt,1460,
MP,Madhya Pradesh,2025,R2,NEET_AIR,1117.0,INDORE,MS GENERAL SURGERY,UR/X/OP,,,MP__MP Round 2 Allotment.txt,1462,
MP,Madhya Pradesh,2025,R2,NEET_AIR,1118.0,NOT ALLOTTED,ALLOTTED NOT ALLOTTED,ALLOTTED,,,MP__MP Round 2 Allotment.txt,1464,
MP,Madhya Pradesh,2025,R2,NEET_AIR,1119.0,NOT ALLOTTED,ALLOTTED NOT ALLOTTED,ALLOTTED,,,MP__MP Round 2 Allotment.txt,1466,
MP,Madhya Pradesh,2025,R2,NEET_AIR,1122.0,NOT ALLOTTED,ALLOTTED NOT ALLOTTED,NOT ALLOTTED,,,MP__MP Round 2 Allotment.txt,1468,
MP,Madhya Pradesh,2025,R2,NEET_AIR,1127.0,RD GARDI MEDICAL COLLEGE UJJAIN,MD ANAESTHESIOLOGY,UR/X/OP,,,MP__MP Round 2 Allotment.txt,1470,
MP,Madhya Pradesh,2025,R2,NEET_AIR,1128.0,NOT ALLOTTED,ALLOTTED NOT ALLOTTED,ALLOTTED,,,MP__MP Round 2 Allotment.txt,1472,
MP,Madhya Pradesh,2025,R2,NEET_AIR,1131.0,NOT ALLOTTED,ALLOTTED NOT ALLOTTED,NOT ALLOTTED,,,MP__MP Round 2 Allotment.txt,1474,
MP,Madhya Pradesh,2025,R2,NEET_AIR,1132.0,NOT ALLOTTED,ALLOTTED NOT ALLOTTED,NOT ALLOTTED,,,MP__MP Round 2 Allotment.txt,1476,
MP,Madhya Pradesh,2025,R2,NEET_AIR,1133.0,NOT ALLOTTED,ALLOTTED NOT ALLOTTED,ALLOTTED,,,MP__MP Round 2 Allotment.txt,1478,
MP,Madhya Pradesh,2025,R2,NEET_AIR,1134.0,NOT ALLOTTED,ALLOTTED NOT ALLOTTED,MD,,,MP__MP Round 2 Allotment.txt,1480,
MP,Madhya Pradesh,2025,R2,NEET_AIR,1137.0,NOT ALLOTTED,ALLOTTED NOT ALLOTTED,ALLOTTED,,,MP__MP Round 2 Allotment.txt,1482,
MP,Madhya Pradesh,2025,R2,NEET_AIR,1138.0,NOT ALLOTTED,ALLOTTED NOT ALLOTTED,ALLOTTED,,,MP__MP Round 2 Allotment.txt,1484,
MP,Madhya Pradesh,2025,R2,NEET_AIR,1140.0,NOT ALLOTTED,ALLOTTED NOT ALLOTTED,ALLOTTED,,,MP__MP Round 2 Allotment.txt,1486,
MP,Madhya Pradesh,2025,R2,NEET_AIR,1141.0,INDORE,MD GENERAL MEDICINE,IN_OBC/X/OP,,,MP__MP Round 2 Allotment.txt,1488,
MP,Madhya Pradesh,2025,R2,NEET_AIR,1146.0,NOT ALLOTTED,ALLOTTED NOT ALLOTTED,ALLOTTED ALLOTTED,,,MP__MP Round 2 Allotment.txt,1490,
MP,Madhya Pradesh,2025,R2,NEET_AIR,1147.0,LN MEDICAL COLLEGE BHOPAL,MS ORTHOPAEDICS,UR/X/OP,,,MP__MP Round 2 Allotment.txt,1492,
MP,Madhya Pradesh,2025,R2,NEET_AIR,1148.0,LN MEDICAL COLLEGE BHOPAL,MS GYNAECOLOGY,OBC,,,MP__MP Round 2 Allotment.txt,1494,
MP,Madhya Pradesh,2025,R2,NEET_AIR,1149.0,INDORE,MD PAEDIATRICS,OBC,,,MP__MP Round 2 Allotment.txt,1496,
MP,Madhya Pradesh,2025,R2,NEET_AIR,1150.0,NOT ALLOTTED,ALLOTTED NOT ALLOTTED,ALLOTTED,,,MP__MP Round 2 Allotment.txt,1509,
MP,Madhya Pradesh,2025,R2,NEET_AIR,1152.0,NOT ALLOTTED,ALLOTTED NOT ALLOTTED,ALLOTTED,,,MP__MP Round 2 Allotment.txt,1511,
MP,Madhya Pradesh,2025,R2,NEET_AIR,1153.0,NOT ALLOTTED,ALLOTTED NOT ALLOTTED,MD,,,MP__MP Round 2 Allotment.txt,1513,
MP,Madhya Pradesh,2025,R2,NEET_AIR,1154.0,NOT ALLOTTED,ALLOTTED NOT ALLOTTED,ALLOTTED,,,MP__MP Round 2 Allotment.txt,1515,
MP,Madhya Pradesh,2025,R2,NEET_AIR,1155.0,NOT ALLOTTED,ALLOTTED NOT ALLOTTED,ALLOTTED,,,MP__MP Round 2 Allotment.txt,1517,
MP,Madhya Pradesh,2025,R2,NEET_AIR,1156.0,NOT ALLOTTED,ALLOTTED NOT ALLOTTED,ALLOTTED,,,MP__MP Round 2 Allotment.txt,1519,
MP,Madhya Pradesh,2025,R2,NEET_AIR,1159.0,NOT ALLOTTED,ALLOTTED NOT ALLOTTED,ALLOTTED,,,MP__MP Round 2 Allotment.txt,1521,
MP,Madhya Pradesh,2025,R2,NEET_AIR,1160.0,NOT ALLOTTED,ALLOTTED NOT ALLOTTED,ALLOTTED,,,MP__MP Round 2 Allotment.txt,1523,
MP,Madhya Pradesh,2025,R2,NEET_AIR,1161.0,NOT ALLOTTED,ALLOTTED NOT ALLOTTED,ALLOTTED,,,MP__MP Round 2 Allotment.txt,1525,
MP,Madhya Pradesh,2025,R2,NEET_AIR,1162.0,NOT ALLOTTED,ALLOTTED NOT ALLOTTED,MD,,,MP__MP Round 2 Allotment.txt,1527,
MP,Madhya Pradesh,2025,R2,NEET_AIR,1163.0,NOT ALLOTTED,ALLOTTED NOT ALLOTTED,NOT ALLOTTED,,,MP__MP Round 2 Allotment.txt,1529,
MP,Madhya Pradesh,2025,R2,NEET_AIR,1164.0,NOT ALLOTTED,ALLOTTED NOT ALLOTTED,ALLOTTED,,,MP__MP Round 2 Allotment.txt,1531,
MP,Madhya Pradesh,2025,R2,NEET_AIR,1165.0,NOT ALLOTTED,ALLOTTED NOT ALLOTTED,NOT ALLOTTED,,,MP__MP Round 2 Allotment.txt,1533,
MP,Madhya Pradesh,2025,R2,NEET_AIR,1166.0,INDORE,MS OPHTHALMOLOGY,OBC,,,MP__MP Round 2 Allotment.txt,1535,
MP,Madhya Pradesh,2025,R2,NEET_AIR,1167.0,NOT ALLOTTED,ALLOTTED NOT ALLOTTED,ALLOTTED ALLOTTED,,,MP__MP Round 2 Allotment.txt,1537,
MP,Madhya Pradesh,2025,R2,NEET_AIR,1170.0,SHYAM SHAH MEDICAL COLLEGE REWA,MD AND LEPROSY,ST,,,MP__MP Round 2 Allotment.txt,1539,
MP,Madhya Pradesh,2025,R2,NEET_AIR,1172.0,NOT ALLOTTED,ALLOTTED NOT ALLOTTED,ALLOTTED,,,MP__MP Round 2 Allotment.txt,1541,
MP,Madhya Pradesh,2025,R2,NEET_AIR,1173.0,NOT ALLOTTED,ALLOTTED NOT ALLOTTED,ALLOTTED,,,MP__MP Round 2 Allotment.txt,1543,
MP,Madhya Pradesh,2025,R2,NEET_AIR,1174.0,LN MEDICAL COLLEGE BHOPAL,MD PAEDIATRICS,OBC,,,MP__MP Round 2 Allotment.txt,1545,
MP,Madhya Pradesh,2025,R2,NEET_AIR,1175.0,GANDHI MEDICAL COLLEGE BHOPAL,MD GENERAL MEDICINE,ST,,,MP__MP Round 2 Allotment.txt,1546,
MP,Madhya Pradesh,2025,R2,NEET_AIR,1178.0,CENTER INDORE,MD PAEDIATRICS,INST/UR/X/OP,,,MP__MP Round 2 Allotment.txt,1548,
MP,Madhya Pradesh,2025,R2,NEET_AIR,1180.0,RD GARDI MEDICAL COLLEGE UJJAIN,MD GENERAL MEDICINE,SC,,,MP__MP Round 2 Allotment.txt,1549,
MP,Madhya Pradesh,2025,R2,NEET_AIR,1183.0,NOT ALLOTTED,ALLOTTED NOT ALLOTTED,ALLOTTED,,,MP__MP Round 2 Allotment.txt,1551,
MP,Madhya Pradesh,2025,R2,NEET_AIR,1184.0,NOT ALLOTTED,ALLOTTED NOT ALLOTTED,ALLOTTED,,,MP__MP Round 2 Allotment.txt,1553,
MP,Madhya Pradesh,2025,R2,NEET_AIR,1189.0,GANDHI MEDICAL COLLEGE BHOPAL,MD RESPIRATORY MEDICINE,SC,,,MP__MP Round 2 Allotment.txt,1554,
MP,Madhya Pradesh,2025,R2,NEET_AIR,1191.0,PEOPLES COLLEGE OF MEDICAL SCIENCE BHOPAL,MS ORTHOPAEDICS,INST/UR/X/OP,,,MP__MP Round 2 Allotment.txt,1556,
MP,Madhya Pradesh,2025,R2,NEET_AIR,1192.0,NOT ALLOTTED,ALLOTTED NOT ALLOTTED,NOT ALLOTTED,,,MP__MP Round 2 Allotment.txt,1558,
MP,Madhya Pradesh,2025,R2,NEET_AIR,1194.0,GAJRA RAJA MEDICAL COLLEGE GWALIOR,MS GENERAL SURGERY,SC,,,MP__MP Round 2 Allotment.txt,1559,
MP,Madhya Pradesh,2025,R2,NEET_AIR,1196.0,NOT ALLOTTED,ALLOTTED NOT ALLOTTED,ALLOTTED,,,MP__MP Round 2 Allotment.txt,1561,
MP,Madhya Pradesh,2025,R2,NEET_AIR,1197.0,SHYAM SHAH MEDICAL COLLEGE REWA,MD PATHOLOGY,INST/UR/X/OP,,,MP__MP Round 2 Allotment.txt,1563,
MP,Madhya Pradesh,2025,R2,NEET_AIR,1200.0,NOT ALLOTTED,ALLOTTED NOT ALLOTTED,ALLOTTED ALLOTTED,,,MP__MP Round 2 Allotment.txt,1565,
MP,Madhya Pradesh,2025,R2,NEET_AIR,1201.0,NOT ALLOTTED,ALLOTTED NOT ALLOTTED,MS,,,MP__MP Round 2 Allotment.txt,1567,
MP,Madhya Pradesh,2025,R2,NEET_AIR,1202.0,NOT ALLOTTED,ALLOTTED NOT ALLOTTED,ALLOTTED ALLOTTED,,,MP__MP Round 2 Allotment.txt,1569,
MP,Madhya Pradesh,2025,R2,NEET_AIR,1203.0,INDORE,MS GENERAL SURGERY,UR/X/OP,,,MP__MP Round 2 Allotment.txt,1571,
MP,Madhya Pradesh,2025,R2,NEET_AIR,1205.0,NOT ALLOTTED,ALLOTTED NOT ALLOTTED,ALLOTTED ALLOTTED,,,MP__MP Round 2 Allotment.txt,1573,
MP,Madhya Pradesh,2025,R2,NEET_AIR,1207.0,NOT ALLOTTED,ALLOTTED NOT ALLOTTED,MD,,,MP__MP Round 2 Allotment.txt,1575,
MP,Madhya Pradesh,2025,R2,NEET_AIR,1208.0,NOT ALLOTTED,ALLOTTED NOT ALLOTTED,ALLOTTED,,,MP__MP Round 2 Allotment.txt,1577,
MP,Madhya Pradesh,2025,R2,NEET_AIR,1212.0,NOT ALLOTTED,ALLOTTED NOT ALLOTTED,ALLOTTED,,,MP__MP Round 2 Allotment.txt,1579,
MP,Madhya Pradesh,2025,R2,NEET_AIR,1213.0,NOT ALLOTTED,ALLOTTED NOT ALLOTTED,MD,,,MP__MP Round 2 Allotment.txt,1581,
MP,Madhya Pradesh,2025,R2,NEET_AIR,1215.0,NOT ALLOTTED,ALLOTTED NOT ALLOTTED,ALLOTTED,,,MP__MP Round 2 Allotment.txt,1583,
MP,Madhya Pradesh,2025,R2,NEET_AIR,1216.0,NOT ALLOTTED,ALLOTTED NOT ALLOTTED,ALLOTTED,,,MP__MP Round 2 Allotment.txt,1585,
MP,Madhya Pradesh,2025,R2,NEET_AIR,1217.0,NOT ALLOTTED,ALLOTTED NOT ALLOTTED,ALLOTTED,,,MP__MP Round 2 Allotment.txt,1587,
MP,Madhya Pradesh,2025,R2,NEET_AIR,1218.0,NOT ALLOTTED,ALLOTTED NOT ALLOTTED,ALLOTTED,,,MP__MP Round 2 Allotment.txt,1589,
MP,Madhya Pradesh,2025,R2,NEET_AIR,1219.0,AMALTAS INSTITUTE OF MEDICAL SCIENCES DEWAS,MD AND LEPROSY,INST/UR/X/OP,,,MP__MP Round 2 Allotment.txt,1591,
MP,Madhya Pradesh,2025,R2,NEET_AIR,1222.0,CENTER INDORE,MS GYNAECOLOGY,OBC,,,MP__MP Round 2 Allotment.txt,1593,
MP,Madhya Pradesh,2025,R2,NEET_AIR,1223.0,NOT ALLOTTED,ALLOTTED NOT ALLOTTED,ALLOTTED,,,MP__MP Round 2 Allotment.txt,1595,
MP,Madhya Pradesh,2025,R2,NEET_AIR,1226.0,NOT ALLOTTED,ALLOTTED NOT ALLOTTED,ALLOTTED,,,MP__MP Round 2 Allotment.txt,1597,
MP,Madhya Pradesh,2025,R2,NEET_AIR,1230.0,LN MEDICAL COLLEGE BHOPAL,MS ORTHOPAEDICS,INST/UR/X/OP,,,MP__MP Round 2 Allotment.txt,1599,
MP,Madhya Pradesh,2025,R2,NEET_AIR,1231.0,JABALPUR,MD RADIODIAGNOSIS,IN_OBC/X/OP,,,MP__MP Round 2 Allotment.txt,1601,
MP,Madhya Pradesh,2025,R2,NEET_AIR,1234.0,NOT ALLOTTED,ALLOTTED NOT ALLOTTED,ALLOTTED,,,MP__MP Round 2 Allotment.txt,1603,
MP,Madhya Pradesh,2025,R2,NEET_AIR,1235.0,NOT ALLOTTED,ALLOTTED NOT ALLOTTED,NOT ALLOTTED,,,MP__MP Round 2 Allotment.txt,1605,
MP,Madhya Pradesh,2025,R2,NEET_AIR,1237.0,INDORE,MS ORTHOPAEDICS,OBC,,,MP__MP Round 2 Allotment.txt,1607,
MP,Madhya Pradesh,2025,R2,NEET_AIR,1238.0,GOVERMENT MEDICAL COLLEGE RATLAM,MS GENERAL SURGERY,SC,,,MP__MP Round 2 Allotment.txt,1609,
MP,Madhya Pradesh,2025,R2,NEET_AIR,1240.0,INDORE,MS GENERAL SURGERY,UR/X/OP,,,MP__MP Round 2 Allotment.txt,1611,
MP,Madhya Pradesh,2025,R2,NEET_AIR,1244.0,NOT ALLOTTED,ALLOTTED NOT ALLOTTED,MD,,,MP__MP Round 2 Allotment.txt,1613,
MP,Madhya Pradesh,2025,R2,NEET_AIR,1245.0,NOT ALLOTTED,ALLOTTED NOT ALLOTTED,NOT ALLOTTED,,,MP__MP Round 2 Allotment.txt,1615,
MP,Madhya Pradesh,2025,R2,NEET_AIR,1247.0,NOT ALLOTTED,ALLOTTED NOT ALLOTTED,ALLOTTED,,,MP__MP Round 2 Allotment.txt,1617,
MP,Madhya Pradesh,2025,R2,NEET_AIR,1248.0,NOT ALLOTTED,ALLOTTED NOT ALLOTTED,ALLOTTED,,,MP__MP Round 2 Allotment.txt,1619,
MP,Madhya Pradesh,2025,R2,NEET_AIR,1250.0,NOT ALLOTTED,ALLOTTED NOT ALLOTTED,MD,,,MP__MP Round 2 Allotment.txt,1621,
MP,Madhya Pradesh,2025,R2,NEET_AIR,1251.0,CENTER INDORE,MD PAEDIATRICS,OBC,,,MP__MP Round 2 Allotment.txt,1634,
MP,Madhya Pradesh,2025,R2,NEET_AIR,1260.0,NOT ALLOTTED,ALLOTTED ALLOTTED ALLOTTED,NOT ALLOTTED,,,MP__MP Round 2 Allotment.txt,1636,
MP,Madhya Pradesh,2025,R2,NEET_AIR,1263.0,SHYAM SHAH MEDICAL COLLEGE REWA,MS GENERAL SURGERY,SC,,,MP__MP Round 2 Allotment.txt,1638,
MP,Madhya Pradesh,2025,R2,NEET_AIR,1265.0,NOT ALLOTTED,ALLOTTED NOT ALLOTTED,ALLOTTED,,,MP__MP Round 2 Allotment.txt,1640,
MP,Madhya Pradesh,2025,R2,NEET_AIR,1266.0,NOT ALLOTTED,ALLOTTED NOT ALLOTTED,ALLOTTED,,,MP__MP Round 2 Allotment.txt,1642,
MP,Madhya Pradesh,2025,R2,NEET_AIR,1268.0,NOT ALLOTTED,ALLOTTED NOT ALLOTTED,ALLOTTED,,,MP__MP Round 2 Allotment.txt,1644,
MP,Madhya Pradesh,2025,R2,NEET_AIR,1272.0,NOT ALLOTTED,ALLOTTED NOT ALLOTTED,ALLOTTED,,,MP__MP Round 2 Allotment.txt,1646,
MP,Madhya Pradesh,2025,R2,NEET_AIR,1273.0,NOT ALLOTTED,ALLOTTED NOT ALLOTTED,NOT ALLOTTED,,,MP__MP Round 2 Allotment.txt,1648,
MP,Madhya Pradesh,2025,R2,NEET_AIR,1275.0,CENTRE BHOPAL,MD PAEDIATRICS,OBC,,,MP__MP Round 2 Allotment.txt,1650,
MP,Madhya Pradesh,2025,R2,NEET_AIR,1276.0,NOT ALLOTTED,ALLOTTED NOT ALLOTTED,ALLOTTED,,,MP__MP Round 2 Allotment.txt,1652,
MP,Madhya Pradesh,2025,R2,NEET_AIR,1277.0,NOT ALLOTTED,ALLOTTED NOT ALLOTTED,ALLOTTED,,,MP__MP Round 2 Allotment.txt,1654,
MP,Madhya Pradesh,2025,R2,NEET_AIR,1278.0,NOT ALLOTTED,ALLOTTED NOT ALLOTTED,ALLOTTED,,,MP__MP Round 2 Allotment.txt,1656,
MP,Madhya Pradesh,2025,R2,NEET_AIR,1279.0,NOT ALLOTTED,ALLOTTED NOT ALLOTTED,NOT ALLOTTED,,,MP__MP Round 2 Allotment.txt,1658,
MP,Madhya Pradesh,2025,R2,NEET_AIR,1280.0,NOT ALLOTTED,ALLOTTED NOT ALLOTTED,MS,,,MP__MP Round 2 Allotment.txt,1660,
MP,Madhya Pradesh,2025,R2,NEET_AIR,1281.0,NOT ALLOTTED,ALLOTTED NOT ALLOTTED,ALLOTTED,,,MP__MP Round 2 Allotment.txt,1662,
MP,Madhya Pradesh,2025,R2,NEET_AIR,1282.0,GANDHI MEDICAL COLLEGE BHOPAL,MD GENERAL MEDICINE,ST,,,MP__MP Round 2 Allotment.txt,1663,
MP,Madhya Pradesh,2025,R2,NEET_AIR,1283.0,INDORE,MD ANAESTHESIOLOGY,SC,,,MP__MP Round 2 Allotment.txt,1665,
MP,Madhya Pradesh,2025,R2,NEET_AIR,1284.0,NOT ALLOTTED,ALLOTTED ALLOTTED ALLOTTED,NOT ALLOTTED,,,MP__MP Round 2 Allotment.txt,1667,
MP,Madhya Pradesh,2025,R2,NEET_AIR,1286.0,INDORE,MD EMERGENCY MEDICINE,SC,,,MP__MP Round 2 Allotment.txt,1669,
MP,Madhya Pradesh,2025,R2,NEET_AIR,1288.0,NOT ALLOTTED,ALLOTTED NOT ALLOTTED,ALLOTTED,,,MP__MP Round 2 Allotment.txt,1671,
MP,Madhya Pradesh,2025,R2,NEET_AIR,1289.0,GAJRA RAJA MEDICAL COLLEGE GWALIOR,MD ANAESTHESIOLOGY,SC,,,MP__MP Round 2 Allotment.txt,1672,
MP,Madhya Pradesh,2025,R2,NEET_AIR,1290.0,NOT ALLOTTED,ALLOTTED NOT ALLOTTED,ALLOTTED,,,MP__MP Round 2 Allotment.txt,1674,
MP,Madhya Pradesh,2025,R2,NEET_AIR,1295.0,NOT ALLOTTED,ALLOTTED NOT ALLOTTED,ALLOTTED,,,MP__MP Round 2 Allotment.txt,1676,
MP,Madhya Pradesh,2025,R2,NEET_AIR,1296.0,NOT ALLOTTED,ALLOTTED NOT ALLOTTED,ALLOTTED,,,MP__MP Round 2 Allotment.txt,1678,
MP,Madhya Pradesh,2025,R2,NEET_AIR,1297.0,NOT ALLOTTED,ALLOTTED NOT ALLOTTED,ALLOTTED,,,MP__MP Round 2 Allotment.txt,1680,
MP,Madhya Pradesh,2025,R2,NEET_AIR,1300.0,NOT ALLOTTED,ALLOTTED NOT ALLOTTED,ALLOTTED,,,MP__MP Round 2 Allotment.txt,1682,
MP,Madhya Pradesh,2025,R2,NEET_AIR,1302.0,NOT ALLOTTED,ALLOTTED NOT ALLOTTED,ALLOTTED,,,MP__MP Round 2 Allotment.txt,1684,
MP,Madhya Pradesh,2025,R2,NEET_AIR,1305.0,NOT ALLOTTED,ALLOTTED NOT ALLOTTED,MD,,,MP__MP Round 2 Allotment.txt,1686,
MP,Madhya Pradesh,2025,R2,NEET_AIR,1309.0,NOT ALLOTTED,ALLOTTED NOT ALLOTTED,NOT ALLOTTED,,,MP__MP Round 2 Allotment.txt,1688,
MP,Madhya Pradesh,2025,R2,NEET_AIR,1310.0,GAJRA RAJA MEDICAL COLLEGE GWALIOR,MD GENERAL MEDICINE,ST,,,MP__MP Round 2 Allotment.txt,1689,
MP,Madhya Pradesh,2025,R2,NEET_AIR,1312.0,NOT ALLOTTED,ALLOTTED NOT ALLOTTED,ALLOTTED,,,MP__MP Round 2 Allotment.txt,1691,
MP,Madhya Pradesh,2025,R2,NEET_AIR,1315.0,GANDHI MEDICAL COLLEGE BHOPAL,MD PAEDIATRICS,ST,,,MP__MP Round 2 Allotment.txt,1692,
MP,Madhya Pradesh,2025,R2,NEET_AIR,1316.0,NOT ALLOTTED,ALLOTTED NOT ALLOTTED,NOT ALLOTTED,,,MP__MP Round 2 Allotment.txt,1694,
MP,Madhya Pradesh,2025,R2,NEET_AIR,1319.0,RD GARDI MEDICAL COLLEGE UJJAIN,MS (ENT),INST/UR/X/OP,,,MP__MP Round 2 Allotment.txt,1696,
MP,Madhya Pradesh,2025,R2,NEET_AIR,1323.0,PEOPLES COLLEGE OF MEDICAL SCIENCE BHOPAL,MS GENERAL SURGERY,UR/X/OP,,,MP__MP Round 2 Allotment.txt,1698,
MP,Madhya Pradesh,2025,R2,NEET_AIR,1324.0,NOT ALLOTTED,ALLOTTED NOT ALLOTTED,ALLOTTED ALLOTTED,,,MP__MP Round 2 Allotment.txt,1700,
MP,Madhya Pradesh,2025,R2,NEET_AIR,1329.0,AMALTAS INSTITUTE OF MEDICAL SCIENCES DEWAS,MD PAEDIATRICS,UR/X/OP,,,MP__MP Round 2 Allotment.txt,1702,
MP,Madhya Pradesh,2025,R2,NEET_AIR,1330.0,NOT ALLOTTED,ALLOTTED NOT ALLOTTED,ALLOTTED,,,MP__MP Round 2 Allotment.txt,1704,
MP,Madhya Pradesh,2025,R2,NEET_AIR,1331.0,NOT ALLOTTED,ALLOTTED NOT ALLOTTED,ALLOTTED,,,MP__MP Round 2 Allotment.txt,1706,
MP,Madhya Pradesh,2025,R2,NEET_AIR,1335.0,GANDHI MEDICAL COLLEGE BHOPAL,MS ORTHOPAEDICS,ST,,,MP__MP Round 2 Allotment.txt,1707,
MP,Madhya Pradesh,2025,R2,NEET_AIR,1336.0,NOT ALLOTTED,ALLOTTED NOT ALLOTTED,ALLOTTED,,,MP__MP Round 2 Allotment.txt,1709,
MP,Madhya Pradesh,2025,R2,NEET_AIR,1337.0,NOT ALLOTTED,ALLOTTED NOT ALLOTTED,MS,,,MP__MP Round 2 Allotment.txt,1711,
MP,Madhya Pradesh,2025,R2,NEET_AIR,1340.0,NOT ALLOTTED,ALLOTTED NOT ALLOTTED,ALLOTTED ALLOTTED,,,MP__MP Round 2 Allotment.txt,1713,
MP,Madhya Pradesh,2025,R2,NEET_AIR,1341.0,INDORE,MD AND LEPROSY,SC,,,MP__MP Round 2 Allotment.txt,1715,
MP,Madhya Pradesh,2025,R2,NEET_AIR,1342.0,NOT ALLOTTED,ALLOTTED NOT ALLOTTED,MS,,,MP__MP Round 2 Allotment.txt,1717,
MP,Madhya Pradesh,2025,R2,NEET_AIR,1343.0,PEOPLES COLLEGE OF MEDICAL SCIENCE BHOPAL,MS GENERAL SURGERY,UR/X/OP,,,MP__MP Round 2 Allotment.txt,1719,
MP,Madhya Pradesh,2025,R2,NEET_AIR,1344.0,NOT ALLOTTED,ALLOTTED NOT ALLOTTED,NOT ALLOTTED,,,MP__MP Round 2 Allotment.txt,1721,
MP,Madhya Pradesh,2025,R2,NEET_AIR,1345.0,RD GARDI MEDICAL COLLEGE UJJAIN,MD ANAESTHESIOLOGY,UR/X/OP,,,MP__MP Round 2 Allotment.txt,1722,
MP,Madhya Pradesh,2025,R2,NEET_AIR,1348.0,CHHINDWARA,MD TOXICOLOGY,FRESH ALLOTTED,,,MP__MP Round 2 Allotment.txt,1724,
MP,Madhya Pradesh,2025,R2,NEET_AIR,1349.0,GAJRA RAJA MEDICAL COLLEGE GWALIOR,MD GENERAL MEDICINE,IN_UR/X/OP,,,MP__MP Round 2 Allotment.txt,1725,
MP,Madhya Pradesh,2025,R2,NEET_AIR,1352.0,NOT ALLOTTED,ALLOTTED NOT ALLOTTED,ALLOTTED,,,MP__MP Round 2 Allotment.txt,1727,
MP,Madhya Pradesh,2025,R2,NEET_AIR,1360.0,COLLEGE VIDISHA,MS ANATOMY,FRESH ALLOTTED,,,MP__MP Round 2 Allotment.txt,1729,
MP,Madhya Pradesh,2025,R2,NEET_AIR,1362.0,NOT ALLOTTED,ALLOTTED NOT ALLOTTED,ALLOTTED ALLOTTED,,,MP__MP Round 2 Allotment.txt,1734,
MP,Madhya Pradesh,2025,R2,NEET_AIR,1363.0,RD GARDI MEDICAL COLLEGE UJJAIN,MD ANAESTHESIOLOGY,INST/UR/X/OP,,,MP__MP Round 2 Allotment.txt,1736,
MP,Madhya Pradesh,2025,R2,NEET_AIR,1366.0,GANDHI MEDICAL COLLEGE BHOPAL,MS GYNAECOLOGY,ST,,,MP__MP Round 2 Allotment.txt,1738,
MP,Madhya Pradesh,2025,R2,NEET_AIR,1368.0,RD GARDI MEDICAL COLLEGE UJJAIN,MD ANAESTHESIOLOGY,OBC,,,MP__MP Round 2 Allotment.txt,1740,
MP,Madhya Pradesh,2025,R2,NEET_AIR,1371.0,NOT ALLOTTED,ALLOTTED NOT ALLOTTED,ALLOTTED,,,MP__MP Round 2 Allotment.txt,1742,
MP,Madhya Pradesh,2025,R2,NEET_AIR,1374.0,NOT ALLOTTED,ALLOTTED NOT ALLOTTED,ALLOTTED,,,MP__MP Round 2 Allotment.txt,1744,
MP,Madhya Pradesh,2025,R2,NEET_AIR,1376.0,NOT ALLOTTED,ALLOTTED NOT ALLOTTED,ALLOTTED,,,MP__MP Round 2 Allotment.txt,1746,
MP,Madhya Pradesh,2025,R2,NEET_AIR,1382.0,NOT ALLOTTED,ALLOTTED NOT ALLOTTED,NOT ALLOTTED,,,MP__MP Round 2 Allotment.txt,1748,
MP,Madhya Pradesh,2025,R2,NEET_AIR,1383.0,CENTER INDORE,MS ORTHOPAEDICS,UR/X/OP,,,MP__MP Round 2 Allotment.txt,1760,
MP,Madhya Pradesh,2025,R2,NEET_AIR,1385.0,INDORE,MD ANAESTHESIOLOGY,SC,,,MP__MP Round 2 Allotment.txt,1762,
MP,Madhya Pradesh,2025,R2,NEET_AIR,1387.0,INDORE,MS GENERAL SURGERY,UR/X/OP,,,MP__MP Round 2 Allotment.txt,1764,
MP,Madhya Pradesh,2025,R2,NEET_AIR,1388.0,NOT ALLOTTED,ALLOTTED NOT ALLOTTED,MD,,,MP__MP Round 2 Allotment.txt,1766,
MP,Madhya Pradesh,2025,R2,NEET_AIR,1389.0,BUNDELKHAND MEDICAL COLLEGE SAGAR,MD GENERAL MEDICINE,IN_UR/X/OP,,,MP__MP Round 2 Allotment.txt,1768,
MP,Madhya Pradesh,2025,R2,NEET_AIR,1390.0,JABALPUR,MS GYNAECOLOGY,ST,,,MP__MP Round 2 Allotment.txt,1770,
MP,Madhya Pradesh,2025,R2,NEET_AIR,1396.0,NOT ALLOTTED,ALLOTTED NOT ALLOTTED,ALLOTTED,,,MP__MP Round 2 Allotment.txt,1772,
MP,Madhya Pradesh,2025,R2,NEET_AIR,1397.0,NOT ALLOTTED,ALLOTTED NOT ALLOTTED,NOT ALLOTTED,,,MP__MP Round 2 Allotment.txt,1774,
MP,Madhya Pradesh,2025,R2,NEET_AIR,1398.0,NOT ALLOTTED,ALLOTTED NOT ALLOTTED,NOT ALLOTTED,,,MP__MP Round 2 Allotment.txt,1776,
MP,Madhya Pradesh,2025,R2,NEET_AIR,1399.0,NOT ALLOTTED,ALLOTTED NOT ALLOTTED,ALLOTTED,,,MP__MP Round 2 Allotment.txt,1778,
MP,Madhya Pradesh,2025,R2,NEET_AIR,1400.0,NOT ALLOTTED,ALLOTTED NOT ALLOTTED,MD,,,MP__MP Round 2 Allotment.txt,1780,
MP,Madhya Pradesh,2025,R2,NEET_AIR,1401.0,NOT ALLOTTED,ALLOTTED NOT ALLOTTED,NOT ALLOTTED,,,MP__MP Round 2 Allotment.txt,1782,
MP,Madhya Pradesh,2025,R2,NEET_AIR,1407.0,NOT ALLOTTED,ALLOTTED NOT ALLOTTED,NOT ALLOTTED,,,MP__MP Round 2 Allotment.txt,1784,
MP,Madhya Pradesh,2025,R2,NEET_AIR,1411.0,NOT ALLOTTED,ALLOTTED NOT ALLOTTED,ALLOTTED,,,MP__MP Round 2 Allotment.txt,1786,
MP,Madhya Pradesh,2025,R2,NEET_AIR,1414.0,INDORE,MS ORTHOPAEDICS,OBC,,,MP__MP Round 2 Allotment.txt,1788,
MP,Madhya Pradesh,2025,R2,NEET_AIR,1415.0,NOT ALLOTTED,ALLOTTED NOT ALLOTTED,ALLOTTED,,,MP__MP Round 2 Allotment.txt,1790,
MP,Madhya Pradesh,2025,R2,NEET_AIR,1416.0,NOT ALLOTTED,ALLOTTED NOT ALLOTTED,NOT ALLOTTED,,,MP__MP Round 2 Allotment.txt,1792,
MP,Madhya Pradesh,2025,R2,NEET_AIR,1417.0,LN MEDICAL COLLEGE BHOPAL,MS OPHTHALMOLOGY,UR/X/OP,,,MP__MP Round 2 Allotment.txt,1794,
MP,Madhya Pradesh,2025,R2,NEET_AIR,1419.0,NOT ALLOTTED,ALLOTTED NOT ALLOTTED,ALLOTTED,,,MP__MP Round 2 Allotment.txt,1796,
MP,Madhya Pradesh,2025,R2,NEET_AIR,1420.0,GANDHI MEDICAL COLLEGE BHOPAL,MS OPHTHALMOLOGY,SC,,,MP__MP Round 2 Allotment.txt,1797,
MP,Madhya Pradesh,2025,R2,NEET_AIR,1422.0,NOT ALLOTTED,ALLOTTED NOT ALLOTTED,MD,,,MP__MP Round 2 Allotment.txt,1799,
MP,Madhya Pradesh,2025,R2,NEET_AIR,1423.0,NOT ALLOTTED,ALLOTTED NOT ALLOTTED,ALLOTTED,,,MP__MP Round 2 Allotment.txt,1801,
MP,Madhya Pradesh,2025,R2,NEET_AIR,1425.0,BUNDELKHAND MEDICAL COLLEGE SAGAR,MD GENERAL MEDICINE,ST,,,MP__MP Round 2 Allotment.txt,1802,
MP,Madhya Pradesh,2025,R2,NEET_AIR,1429.0,GAJRA RAJA MEDICAL COLLEGE GWALIOR,MS ORTHOPAEDICS,ST,,,MP__MP Round 2 Allotment.txt,1804,
MP,Madhya Pradesh,2025,R2,NEET_AIR,1430.0,CENTRE BHOPAL,MS GYNAECOLOGY,UR/X/OP,,,MP__MP Round 2 Allotment.txt,1806,
MP,Madhya Pradesh,2025,R2,NEET_AIR,1431.0,NOT ALLOTTED,ALLOTTED NOT ALLOTTED,ALLOTTED ALLOTTED,,,MP__MP Round 2 Allotment.txt,1808,
MP,Madhya Pradesh,2025,R2,NEET_AIR,1433.0,CENTER INDORE,MD PAEDIATRICS,UR/X/OP,,,MP__MP Round 2 Allotment.txt,1810,
MP,Madhya Pradesh,2025,R2,NEET_AIR,1434.0,GOVERMENT MEDICAL COLLEGE RATLAM,MD GENERAL MEDICINE,ST,,,MP__MP Round 2 Allotment.txt,1811,
MP,Madhya Pradesh,2025,R2,NEET_AIR,1435.0,NOT ALLOTTED,ALLOTTED NOT ALLOTTED,ALLOTTED,,,MP__MP Round 2 Allotment.txt,1813,
MP,Madhya Pradesh,2025,R2,NEET_AIR,1436.0,NOT ALLOTTED,ALLOTTED NOT ALLOTTED,ALLOTTED,,,MP__MP Round 2 Allotment.txt,1815,
MP,Madhya Pradesh,2025,R2,NEET_AIR,1437.0,INDORE,MS GENERAL SURGERY,INST/UR/X/OP,,,MP__MP Round 2 Allotment.txt,1817,
MP,Madhya Pradesh,2025,R2,NEET_AIR,1439.0,NOT ALLOTTED,ALLOTTED NOT ALLOTTED,ALLOTTED ALLOTTED,,,MP__MP Round 2 Allotment.txt,1819,
MP,Madhya Pradesh,2025,R2,NEET_AIR,1440.0,JABALPUR,MD PAEDIATRICS,ST,,,MP__MP Round 2 Allotment.txt,1821,
MP,Madhya Pradesh,2025,R2,NEET_AIR,1441.0,NOT ALLOTTED,ALLOTTED NOT ALLOTTED,NOT ALLOTTED,,,MP__MP Round 2 Allotment.txt,1823,
MP,Madhya Pradesh,2025,R2,NEET_AIR,1442.0,NOT ALLOTTED,ALLOTTED NOT ALLOTTED,ALLOTTED,,,MP__MP Round 2 Allotment.txt,1825,
MP,Madhya Pradesh,2025,R2,NEET_AIR,1443.0,INDORE,MD PSYCHIATRY,INST/UR/X/OP,,,MP__MP Round 2 Allotment.txt,1827,
MP,Madhya Pradesh,2025,R2,NEET_AIR,1444.0,NOT ALLOTTED,ALLOTTED NOT ALLOTTED,ALLOTTED ALLOTTED,,,MP__MP Round 2 Allotment.txt,1829,
MP,Madhya Pradesh,2025,R2,NEET_AIR,1445.0,MEDICAL COLLEGE KHANDWA,MD PATHOLOGY,INST/UR/X/OP,,,MP__MP Round 2 Allotment.txt,1831,
MP,Madhya Pradesh,2025,R2,NEET_AIR,1446.0,NOT ALLOTTED,ALLOTTED NOT ALLOTTED,MS,,,MP__MP Round 2 Allotment.txt,1833,
MP,Madhya Pradesh,2025,R2,NEET_AIR,1447.0,NOT ALLOTTED,ALLOTTED NOT ALLOTTED,MS,,,MP__MP Round 2 Allotment.txt,1835,
MP,Madhya Pradesh,2025,R2,NEET_AIR,1448.0,NOT ALLOTTED,ALLOTTED NOT ALLOTTED,MS,,,MP__MP Round 2 Allotment.txt,1837,
MP,Madhya Pradesh,2025,R2,NEET_AIR,1449.0,INDORE,MS (ENT),INST/UR/X/OP,,,MP__MP Round 2 Allotment.txt,1839,
MP,Madhya Pradesh,2025,R2,NEET_AIR,1452.0,LN MEDICAL COLLEGE BHOPAL,MS OPHTHALMOLOGY,UR/X/OP,,,MP__MP Round 2 Allotment.txt,1841,
MP,Madhya Pradesh,2025,R2,NEET_AIR,1453.0,NOT ALLOTTED,ALLOTTED NOT ALLOTTED,MD,,,MP__MP Round 2 Allotment.txt,1843,
MP,Madhya Pradesh,2025,R2,NEET_AIR,1455.0,NOT ALLOTTED,ALLOTTED NOT ALLOTTED,ALLOTTED ALLOTTED,,,MP__MP Round 2 Allotment.txt,1845,
MP,Madhya Pradesh,2025,R2,NEET_AIR,1456.0,JABALPUR,MS GYNAECOLOGY,ST,,,MP__MP Round 2 Allotment.txt,1847,
MP,Madhya Pradesh,2025,R2,NEET_AIR,1457.0,NOT ALLOTTED,ALLOTTED NOT ALLOTTED,ALLOTTED ALLOTTED,,,MP__MP Round 2 Allotment.txt,1849,
MP,Madhya Pradesh,2025,R2,NEET_AIR,1460.0,NOT ALLOTTED,ALLOTTED NOT ALLOTTED,MD,,,MP__MP Round 2 Allotment.txt,1851,
MP,Madhya Pradesh,2025,R2,NEET_AIR,1463.0,CHIRAYU MEDICAL COLLEGE AND HOSPITAL BHOPAL,MD RESPIRATORY MEDICINE,UR/X/OP,,,MP__MP Round 2 Allotment.txt,1853,
MP,Madhya Pradesh,2025,R2,NEET_AIR,1464.0,NOT ALLOTTED,ALLOTTED NOT ALLOTTED,MS,,,MP__MP Round 2 Allotment.txt,1855,
MP,Madhya Pradesh,2025,R2,NEET_AIR,1466.0,PEOPLES COLLEGE OF MEDICAL SCIENCE BHOPAL,MS OPHTHALMOLOGY,UR/X/OP,,,MP__MP Round 2 Allotment.txt,1856,
MP,Madhya Pradesh,2025,R2,NEET_AIR,1471.0,JABALPUR,MS OPHTHALMOLOGY,SC,,,MP__MP Round 2 Allotment.txt,1858,
MP,Madhya Pradesh,2025,R2,NEET_AIR,1473.0,NOT ALLOTTED,ALLOTTED NOT ALLOTTED,ALLOTTED ALLOTTED,,,MP__MP Round 2 Allotment.txt,1860,
MP,Madhya Pradesh,2025,R2,NEET_AIR,1475.0,LN MEDICAL COLLEGE BHOPAL,MS GENERAL SURGERY,UR/X/OP,,,MP__MP Round 2 Allotment.txt,1862,
MP,Madhya Pradesh,2025,R2,NEET_AIR,1477.0,NOT ALLOTTED,ALLOTTED NOT ALLOTTED,NOT ALLOTTED,,,MP__MP Round 2 Allotment.txt,1864,
MP,Madhya Pradesh,2025,R2,NEET_AIR,1478.0,GAJRA RAJA MEDICAL COLLEGE GWALIOR,MD PAEDIATRICS,ST,,,MP__MP Round 2 Allotment.txt,1865,
MP,Madhya Pradesh,2025,R2,NEET_AIR,1481.0,NOT ALLOTTED,ALLOTTED NOT ALLOTTED,NOT ALLOTTED,,,MP__MP Round 2 Allotment.txt,1867,
MP,Madhya Pradesh,2025,R2,NEET_AIR,1482.0,NOT ALLOTTED,ALLOTTED NOT ALLOTTED,ALLOTTED,,,MP__MP Round 2 Allotment.txt,1869,
MP,Madhya Pradesh,2025,R2,NEET_AIR,1483.0,NOT ALLOTTED,ALLOTTED NOT ALLOTTED,NOT ALLOTTED,,,MP__MP Round 2 Allotment.txt,1871,
MP,Madhya Pradesh,2025,R2,NEET_AIR,1484.0,NOT ALLOTTED,ALLOTTED NOT ALLOTTED,ALLOTTED,,,MP__MP Round 2 Allotment.txt,1873,
MP,Madhya Pradesh,2025,R2,NEET_AIR,1486.0,LN MEDICAL COLLEGE BHOPAL,MS GENERAL SURGERY,UR/X/OP,,,MP__MP Round 2 Allotment.txt,1885,
MP,Madhya Pradesh,2025,R2,NEET_AIR,1488.0,NOT ALLOTTED,ALLOTTED NOT ALLOTTED,ALLOTTED,,,MP__MP Round 2 Allotment.txt,1887,
MP,Madhya Pradesh,2025,R2,NEET_AIR,1489.0,SHYAM SHAH MEDICAL COLLEGE REWA,MD PAEDIATRICS,ST,,,MP__MP Round 2 Allotment.txt,1888,
MP,Madhya Pradesh,2025,R2,NEET_AIR,1490.0,LN MEDICAL COLLEGE BHOPAL,MD AND LEPROSY,SC,,,MP__MP Round 2 Allotment.txt,1890,
MP,Madhya Pradesh,2025,R2,NEET_AIR,1491.0,BUNDELKHAND MEDICAL COLLEGE SAGAR,MS ORTHOPAEDICS,ST,,,MP__MP Round 2 Allotment.txt,1892,
MP,Madhya Pradesh,2025,R2,NEET_AIR,1493.0,GOVERMENT MEDICAL COLLEGE RATLAM,MD COMMUNITY MEDICINE,INST/UR/X/OP,,,MP__MP Round 2 Allotment.txt,1894,
MP,Madhya Pradesh,2025,R2,NEET_AIR,1495.0,NOT ALLOTTED,ALLOTTED NOT ALLOTTED,NOT ALLOTTED,,,MP__MP Round 2 Allotment.txt,1896,
MP,Madhya Pradesh,2025,R2,NEET_AIR,1496.0,NOT ALLOTTED,ALLOTTED NOT ALLOTTED,ALLOTTED,,,MP__MP Round 2 Allotment.txt,1898,
MP,Madhya Pradesh,2025,R2,NEET_AIR,1500.0,NOT ALLOTTED,ALLOTTED NOT ALLOTTED,ALLOTTED,,,MP__MP Round 2 Allotment.txt,1900,
MP,Madhya Pradesh,2025,R2,NEET_AIR,1501.0,GAJRA RAJA MEDICAL COLLEGE GWALIOR,MS GYNAECOLOGY,ST,,,MP__MP Round 2 Allotment.txt,1902,
MP,Madhya Pradesh,2025,R2,NEET_AIR,1503.0,NOT ALLOTTED,ALLOTTED NOT ALLOTTED,ALLOTTED ALLOTTED,,,MP__MP Round 2 Allotment.txt,1904,
MP,Madhya Pradesh,2025,R2,NEET_AIR,1504.0,INDORE,MD ANAESTHESIOLOGY,UR/X/OP,,,MP__MP Round 2 Allotment.txt,1906,
MP,Madhya Pradesh,2025,R2,NEET_AIR,1505.0,GAJRA RAJA MEDICAL COLLEGE GWALIOR,MD PATHOLOGY,EWS,,,MP__MP Round 2 Allotment.txt,1908,
MP,Madhya Pradesh,2025,R2,NEET_AIR,1510.0,RD GARDI MEDICAL COLLEGE UJJAIN,MD ANAESTHESIOLOGY,OBC,,,MP__MP Round 2 Allotment.txt,1910,
MP,Madhya Pradesh,2025,R2,NEET_AIR,1512.0,CENTER INDORE,MD RESPIRATORY MEDICINE,INST/UR/X/OP,,,MP__MP Round 2 Allotment.txt,1912,
MP,Madhya Pradesh,2025,R2,NEET_AIR,1513.0,NOT ALLOTTED,ALLOTTED NOT ALLOTTED,MD,,,MP__MP Round 2 Allotment.txt,1914,
MP,Madhya Pradesh,2025,R2,NEET_AIR,1515.0,NOT ALLOTTED,ALLOTTED NOT ALLOTTED,ALLOTTED,,,MP__MP Round 2 Allotment.txt,1916,
MP,Madhya Pradesh,2025,R2,NEET_AIR,1516.0,NOT ALLOTTED,ALLOTTED NOT ALLOTTED,ALLOTTED,,,MP__MP Round 2 Allotment.txt,1918,
MP,Madhya Pradesh,2025,R2,NEET_AIR,1517.0,NOT ALLOTTED,ALLOTTED NOT ALLOTTED,NOT ALLOTTED,,,MP__MP Round 2 Allotment.txt,1920,
MP,Madhya Pradesh,2025,R2,NEET_AIR,1521.0,NOT ALLOTTED,ALLOTTED NOT ALLOTTED,ALLOTTED,,,MP__MP Round 2 Allotment.txt,1922,
MP,Madhya Pradesh,2025,R2,NEET_AIR,1522.0,INDORE,MS GENERAL SURGERY,INST/UR/X/OP,,,MP__MP Round 2 Allotment.txt,1924,
MP,Madhya Pradesh,2025,R2,NEET_AIR,1524.0,COLLEGE VIDISHA,MS GENERAL SURGERY,SC,,,MP__MP Round 2 Allotment.txt,1926,
MP,Madhya Pradesh,2025,R2,NEET_AIR,1525.0,LN MEDICAL COLLEGE BHOPAL,MS ORTHOPAEDICS,UR/X/OP,,,MP__MP Round 2 Allotment.txt,1927,
MP,Madhya Pradesh,2025,R2,NEET_AIR,1526.0,NOT ALLOTTED,ALLOTTED NOT ALLOTTED,ALLOTTED,,,MP__MP Round 2 Allotment.txt,1929,
MP,Madhya Pradesh,2025,R2,NEET_AIR,1530.0,NOT ALLOTTED,ALLOTTED NOT ALLOTTED,ALLOTTED,,,MP__MP Round 2 Allotment.txt,1931,
MP,Madhya Pradesh,2025,R2,NEET_AIR,1531.0,NOT ALLOTTED,ALLOTTED NOT ALLOTTED,ALLOTTED,,,MP__MP Round 2 Allotment.txt,1933,
MP,Madhya Pradesh,2025,R2,NEET_AIR,1532.0,NOT ALLOTTED,ALLOTTED NOT ALLOTTED,NOT ALLOTTED,,,MP__MP Round 2 Allotment.txt,1935,
MP,Madhya Pradesh,2025,R2,NEET_AIR,1533.0,INDORE,MD PAEDIATRICS,SC,,,MP__MP Round 2 Allotment.txt,1937,
MP,Madhya Pradesh,2025,R2,NEET_AIR,1534.0,NOT ALLOTTED,ALLOTTED NOT ALLOTTED,MD,,,MP__MP Round 2 Allotment.txt,1939,
MP,Madhya Pradesh,2025,R2,NEET_AIR,1536.0,AMALTAS INSTITUTE OF MEDICAL SCIENCES DEWAS,MD RESPIRATORY MEDICINE,UR/X/OP,,,MP__MP Round 2 Allotment.txt,1941,
MP,Madhya Pradesh,2025,R2,NEET_AIR,1538.0,NOT ALLOTTED,ALLOTTED NOT ALLOTTED,ALLOTTED ALLOTTED,,,MP__MP Round 2 Allotment.txt,1943,
MP,Madhya Pradesh,2025,R2,NEET_AIR,1540.0,NOT ALLOTTED,ALLOTTED NOT ALLOTTED,MD,,,MP__MP Round 2 Allotment.txt,1945,
MP,Madhya Pradesh,2025,R2,NEET_AIR,1541.0,NOT ALLOTTED,ALLOTTED NOT ALLOTTED,ALLOTTED,,,MP__MP Round 2 Allotment.txt,1947,
MP,Madhya Pradesh,2025,R2,NEET_AIR,1542.0,NOT ALLOTTED,ALLOTTED NOT ALLOTTED,ALLOTTED,,,MP__MP Round 2 Allotment.txt,1949,
MP,Madhya Pradesh,2025,R2,NEET_AIR,1543.0,RD GARDI MEDICAL COLLEGE UJJAIN,MD RADIODIAGNOSIS,IN_UR/X/OP,,,MP__MP Round 2 Allotment.txt,1950,
MP,Madhya Pradesh,2025,R2,NEET_AIR,1546.0,NOT ALLOTTED,ALLOTTED NOT ALLOTTED,ALLOTTED,,,MP__MP Round 2 Allotment.txt,1952,
MP,Madhya Pradesh,2025,R2,NEET_AIR,1547.0,NOT ALLOTTED,ALLOTTED NOT ALLOTTED,ALLOTTED,,,MP__MP Round 2 Allotment.txt,1954,
MP,Madhya Pradesh,2025,R2,NEET_AIR,1548.0,NOT ALLOTTED,ALLOTTED NOT ALLOTTED,ALLOTTED,,,MP__MP Round 2 Allotment.txt,1956,
MP,Madhya Pradesh,2025,R2,NEET_AIR,1550.0,NOT ALLOTTED,ALLOTTED NOT ALLOTTED,ALLOTTED,,,MP__MP Round 2 Allotment.txt,1958,
MP,Madhya Pradesh,2025,R2,NEET_AIR,1551.0,LN MEDICAL COLLEGE BHOPAL,MS ORTHOPAEDICS,OBC,,,MP__MP Round 2 Allotment.txt,1960,
MP,Madhya Pradesh,2025,R2,NEET_AIR,1552.0,GAJRA RAJA MEDICAL COLLEGE GWALIOR,MD COMMUNITY MEDICINE,INST/UR/X/OP,,,MP__MP Round 2 Allotment.txt,1962,
MP,Madhya Pradesh,2025,R2,NEET_AIR,1553.0,NOT ALLOTTED,ALLOTTED ALLOTTED ALLOTTED NOT ALLOTTED,NO,,,MP__MP Round 2 Allotment.txt,1964,
MP,Madhya Pradesh,2025,R2,NEET_AIR,1555.0,AMALTAS INSTITUTE OF MEDICAL SCIENCES DEWAS,MS ORTHOPAEDICS,UR/X/OP,,,MP__MP Round 2 Allotment.txt,1966,
MP,Madhya Pradesh,2025,R2,NEET_AIR,1556.0,CENTER INDORE,MS ORTHOPAEDICS,UR/X/OP,,,MP__MP Round 2 Allotment.txt,1968,
MP,Madhya Pradesh,2025,R2,NEET_AIR,1557.0,NOT ALLOTTED,ALLOTTED NOT ALLOTTED,ALLOTTED ALLOTTED,,,MP__MP Round 2 Allotment.txt,1970,
MP,Madhya Pradesh,2025,R2,NEET_AIR,1558.0,NOT ALLOTTED,ALLOTTED NOT ALLOTTED,MS,,,MP__MP Round 2 Allotment.txt,1972,
MP,Madhya Pradesh,2025,R2,NEET_AIR,1559.0,NOT ALLOTTED,ALLOTTED NOT ALLOTTED,ALLOTTED ALLOTTED,,,MP__MP Round 2 Allotment.txt,1974,
MP,Madhya Pradesh,2025,R2,NEET_AIR,1560.0,LN MEDICAL COLLEGE BHOPAL,MS (ENT),UR/X/OP,,,MP__MP Round 2 Allotment.txt,1976,
MP,Madhya Pradesh,2025,R2,NEET_AIR,1562.0,NOT ALLOTTED,ALLOTTED NOT ALLOTTED,MD,,,MP__MP Round 2 Allotment.txt,1978,
MP,Madhya Pradesh,2025,R2,NEET_AIR,1563.0,NOT ALLOTTED,ALLOTTED NOT ALLOTTED,ALLOTTED,,,MP__MP Round 2 Allotment.txt,1980,
MP,Madhya Pradesh,2025,R2,NEET_AIR,1565.0,NOT ALLOTTED,ALLOTTED NOT ALLOTTED,NOT ALLOTTED,,,MP__MP Round 2 Allotment.txt,1982,
MP,Madhya Pradesh,2025,R2,NEET_AIR,1566.0,LN MEDICAL COLLEGE BHOPAL,MS GENERAL SURGERY,UR/X/OP,,,MP__MP Round 2 Allotment.txt,1983,
MP,Madhya Pradesh,2025,R2,NEET_AIR,1568.0,NOT ALLOTTED,ALLOTTED NOT ALLOTTED,MS,,,MP__MP Round 2 Allotment.txt,1985,
MP,Madhya Pradesh,2025,R2,NEET_AIR,1569.0,NOT ALLOTTED,ALLOTTED NOT ALLOTTED,MS,,,MP__MP Round 2 Allotment.txt,1987,
MP,Madhya Pradesh,2025,R2,NEET_AIR,1573.0,NOT ALLOTTED,ALLOTTED NOT ALLOTTED,ALLOTTED ALLOTTED,,,MP__MP Round 2 Allotment.txt,1989,
MP,Madhya Pradesh,2025,R2,NEET_AIR,1574.0,NOT ALLOTTED,ALLOTTED NOT ALLOTTED,MS,,,MP__MP Round 2 Allotment.txt,1991,
MP,Madhya Pradesh,2025,R2,NEET_AIR,1577.0,PEOPLES COLLEGE OF MEDICAL SCIENCE BHOPAL,MD EMERGENCY MEDICINE,UR/X/OP,,,MP__MP Round 2 Allotment.txt,1993,
MP,Madhya Pradesh,2025,R2,NEET_AIR,1578.0,NOT ALLOTTED,ALLOTTED NOT ALLOTTED,ALLOTTED,,,MP__MP Round 2 Allotment.txt,1995,
MP,Madhya Pradesh,2025,R2,NEET_AIR,1579.0,NOT ALLOTTED,ALLOTTED NOT ALLOTTED,ALLOTTED,,,MP__MP Round 2 Allotment.txt,1997,
MP,Madhya Pradesh,2025,R2,NEET_AIR,1582.0,NOT ALLOTTED,ALLOTTED NOT ALLOTTED,ALLOTTED ALLOTTED,,,MP__MP Round 2 Allotment.txt,2010,
MP,Madhya Pradesh,2025,R2,NEET_AIR,1583.0,NOT ALLOTTED,ALLOTTED NOT ALLOTTED,MS,,,MP__MP Round 2 Allotment.txt,2012,
MP,Madhya Pradesh,2025,R2,NEET_AIR,1584.0,NOT ALLOTTED,ALLOTTED NOT ALLOTTED,ALLOTTED,,,MP__MP Round 2 Allotment.txt,2014,
MP,Madhya Pradesh,2025,R2,NEET_AIR,1587.0,NOT ALLOTTED,ALLOTTED NOT ALLOTTED,NOT ALLOTTED,,,MP__MP Round 2 Allotment.txt,2016,
MP,Madhya Pradesh,2025,R2,NEET_AIR,1588.0,NOT ALLOTTED,ALLOTTED NOT ALLOTTED,ALLOTTED,,,MP__MP Round 2 Allotment.txt,2018,
MP,Madhya Pradesh,2025,R2,NEET_AIR,1589.0,NOT ALLOTTED,ALLOTTED NOT ALLOTTED,ALLOTTED,,,MP__MP Round 2 Allotment.txt,2020,
MP,Madhya Pradesh,2025,R2,NEET_AIR,1594.0,NOT ALLOTTED,ALLOTTED NOT ALLOTTED,MD,,,MP__MP Round 2 Allotment.txt,2022,
MP,Madhya Pradesh,2025,R2,NEET_AIR,1597.0,CHIRAYU MEDICAL COLLEGE AND HOSPITAL BHOPAL,MD ANAESTHESIOLOGY,UR/X/OP,,,MP__MP Round 2 Allotment.txt,2024,
MP,Madhya Pradesh,2025,R2,NEET_AIR,1599.0,NOT ALLOTTED,ALLOTTED NOT ALLOTTED,ALLOTTED,,,MP__MP Round 2 Allotment.txt,2026,
MP,Madhya Pradesh,2025,R2,NEET_AIR,1603.0,NOT ALLOTTED,ALLOTTED NOT ALLOTTED,ALLOTTED,,,MP__MP Round 2 Allotment.txt,2028,
MP,Madhya Pradesh,2025,R2,NEET_AIR,1604.0,LN MEDICAL COLLEGE BHOPAL,MD RESPIRATORY MEDICINE,UR/X/OP,,,MP__MP Round 2 Allotment.txt,2029,
MP,Madhya Pradesh,2025,R2,NEET_AIR,1605.0,NOT ALLOTTED,ALLOTTED NOT ALLOTTED,ALLOTTED,,,MP__MP Round 2 Allotment.txt,2031,
MP,Madhya Pradesh,2025,R2,NEET_AIR,1609.0,NOT ALLOTTED,ALLOTTED NOT ALLOTTED,ALLOTTED,,,MP__MP Round 2 Allotment.txt,2033,
MP,Madhya Pradesh,2025,R2,NEET_AIR,1610.0,NOT ALLOTTED,ALLOTTED NOT ALLOTTED,ALLOTTED,,,MP__MP Round 2 Allotment.txt,2035,
MP,Madhya Pradesh,2025,R2,NEET_AIR,1612.0,CENTER INDORE,MS GYNAECOLOGY,OBC,,,MP__MP Round 2 Allotment.txt,2037,
MP,Madhya Pradesh,2025,R2,NEET_AIR,1613.0,NOT ALLOTTED,ALLOTTED NOT ALLOTTED,ALLOTTED,,,MP__MP Round 2 Allotment.txt,2039,
MP,Madhya Pradesh,2025,R2,NEET_AIR,1617.0,NOT ALLOTTED,ALLOTTED NOT ALLOTTED,ALLOTTED,,,MP__MP Round 2 Allotment.txt,2041,
MP,Madhya Pradesh,2025,R2,NEET_AIR,1618.0,NOT ALLOTTED,ALLOTTED NOT ALLOTTED,ALLOTTED,,,MP__MP Round 2 Allotment.txt,2043,
MP,Madhya Pradesh,2025,R2,NEET_AIR,1620.0,COLLEGE VIDISHA,MD PAEDIATRICS,ST,,,MP__MP Round 2 Allotment.txt,2045,
MP,Madhya Pradesh,2025,R2,NEET_AIR,1621.0,NOT ALLOTTED,ALLOTTED NOT ALLOTTED,MD,,,MP__MP Round 2 Allotment.txt,2047,
MP,Madhya Pradesh,2025,R2,NEET_AIR,1624.0,CENTRE BHOPAL,MS ORTHOPAEDICS,UR/X/OP,,,MP__MP Round 2 Allotment.txt,2049,
MP,Madhya Pradesh,2025,R2,NEET_AIR,1626.0,GANDHI MEDICAL COLLEGE BHOPAL,MD ANAESTHESIOLOGY,SC,,,MP__MP Round 2 Allotment.txt,2050,
MP,Madhya Pradesh,2025,R2,NEET_AIR,1627.0,NOT ALLOTTED,ALLOTTED NOT ALLOTTED,ALLOTTED,,,MP__MP Round 2 Allotment.txt,2052,
MP,Madhya Pradesh,2025,R2,NEET_AIR,1628.0,CHIRAYU MEDICAL COLLEGE AND HOSPITAL BHOPAL GENERAL SURGERY,MS Clinical,FRESH ALLOTTED,,,MP__MP Round 2 Allotment.txt,2054,
MP,Madhya Pradesh,2025,R2,NEET_AIR,1630.0,NOT ALLOTTED,ALLOTTED NOT ALLOTTED,ALLOTTED,,,MP__MP Round 2 Allotment.txt,2056,
MP,Madhya Pradesh,2025,R2,NEET_AIR,1631.0,NOT ALLOTTED,ALLOTTED NOT ALLOTTED,ALLOTTED,,,MP__MP Round 2 Allotment.txt,2058,
MP,Madhya Pradesh,2025,R2,NEET_AIR,1632.0,NOT ALLOTTED,ALLOTTED NOT ALLOTTED,ALLOTTED,,,MP__MP Round 2 Allotment.txt,2060,
MP,Madhya Pradesh,2025,R2,NEET_AIR,1633.0,INDORE,MD COMMUNITY MEDICINE,FRESH ALLOTTED,,,MP__MP Round 2 Allotment.txt,2062,
MP,Madhya Pradesh,2025,R2,NEET_AIR,1634.0,CENTER INDORE,MS GENERAL SURGERY,UR/X/OP,,,MP__MP Round 2 Allotment.txt,2064,
MP,Madhya Pradesh,2025,R2,NEET_AIR,1635.0,NOT ALLOTTED,ALLOTTED NOT ALLOTTED,ALLOTTED ALLOTTED,,,MP__MP Round 2 Allotment.txt,2066,
MP,Madhya Pradesh,2025,R2,NEET_AIR,1638.0,NOT ALLOTTED,ALLOTTED NOT ALLOTTED,MD,,,MP__MP Round 2 Allotment.txt,2068,
MP,Madhya Pradesh,2025,R2,NEET_AIR,1639.0,JABALPUR,MD ANAESTHESIOLOGY,SC,,,MP__MP Round 2 Allotment.txt,2070,
MP,Madhya Pradesh,2025,R2,NEET_AIR,1641.0,INDORE,MD ANAESTHESIOLOGY,INST/UR/X/OP,,,MP__MP Round 2 Allotment.txt,2072,
MP,Madhya Pradesh,2025,R2,NEET_AIR,1643.0,NOT ALLOTTED,ALLOTTED NOT ALLOTTED,MS,,,MP__MP Round 2 Allotment.txt,2074,
MP,Madhya Pradesh,2025,R2,NEET_AIR,1644.0,NOT ALLOTTED,ALLOTTED NOT ALLOTTED,ALLOTTED ALLOTTED,,,MP__MP Round 2 Allotment.txt,2076,
MP,Madhya Pradesh,2025,R2,NEET_AIR,1646.0,CENTER INDORE,MS ORTHOPAEDICS,UR/X/OP,,,MP__MP Round 2 Allotment.txt,2078,
MP,Madhya Pradesh,2025,R2,NEET_AIR,1647.0,NOT ALLOTTED,ALLOTTED NOT ALLOTTED,MD,,,MP__MP Round 2 Allotment.txt,2080,
MP,Madhya Pradesh,2025,R2,NEET_AIR,1651.0,NOT ALLOTTED,ALLOTTED NOT ALLOTTED,ALLOTTED ALLOTTED,,,MP__MP Round 2 Allotment.txt,2082,
MP,Madhya Pradesh,2025,R2,NEET_AIR,1652.0,INDORE,MD PSYCHIATRY,ST,,,MP__MP Round 2 Allotment.txt,2084,
MP,Madhya Pradesh,2025,R2,NEET_AIR,1654.0,SHYAM SHAH MEDICAL COLLEGE REWA,MD ANAESTHESIOLOGY,SC,,,MP__MP Round 2 Allotment.txt,2085,
MP,Madhya Pradesh,2025,R2,NEET_AIR,1656.0,NOT ALLOTTED,ALLOTTED NOT ALLOTTED,ALLOTTED,,,MP__MP Round 2 Allotment.txt,2087,
MP,Madhya Pradesh,2025,R2,NEET_AIR,1662.0,CENTER INDORE,MS ORTHOPAEDICS,INST/UR/X/OP,,,MP__MP Round 2 Allotment.txt,2089,
MP,Madhya Pradesh,2025,R2,NEET_AIR,1663.0,NOT ALLOTTED,ALLOTTED ALLOTTED ALLOTTED,NOT ALLOTTED,,,MP__MP Round 2 Allotment.txt,2091,
MP,Madhya Pradesh,2025,R2,NEET_AIR,1664.0,GOVERNMENT MEDICAL COLLEGE DATIA,MD GENERAL MEDICINE,IN_UR/X/OP,,,MP__MP Round 2 Allotment.txt,2093,
MP,Madhya Pradesh,2025,R2,NEET_AIR,1665.0,NOT ALLOTTED,ALLOTTED NOT ALLOTTED,MD,,,MP__MP Round 2 Allotment.txt,2095,
MP,Madhya Pradesh,2025,R2,NEET_AIR,1667.0,NOT ALLOTTED,ALLOTTED ALLOTTED ALLOTTED NOT ALLOTTED,NO,,,MP__MP Round 2 Allotment.txt,2097,
MP,Madhya Pradesh,2025,R2,NEET_AIR,1668.0,LN MEDICAL COLLEGE BHOPAL,MS GENERAL SURGERY,INST/UR/X/OP,,,MP__MP Round 2 Allotment.txt,2099,
MP,Madhya Pradesh,2025,R2,NEET_AIR,1669.0,NOT ALLOTTED,ALLOTTED NOT ALLOTTED,ALLOTTED,,,MP__MP Round 2 Allotment.txt,2101,
MP,Madhya Pradesh,2025,R2,NEET_AIR,1670.0,PEOPLES COLLEGE OF MEDICAL SCIENCE BHOPAL,MS ORTHOPAEDICS,INST/UR/X/OP,,,MP__MP Round 2 Allotment.txt,2102,
MP,Madhya Pradesh,2025,R2,NEET_AIR,1673.0,CENTER INDORE,MS GENERAL SURGERY,UR/X/OP,,,MP__MP Round 2 Allotment.txt,2104,
MP,Madhya Pradesh,2025,R2,NEET_AIR,1674.0,NOT ALLOTTED,ALLOTTED NOT ALLOTTED,ALLOTTED,,,MP__MP Round 2 Allotment.txt,2106,
MP,Madhya Pradesh,2025,R2,NEET_AIR,1675.0,NOT ALLOTTED,ALLOTTED NOT ALLOTTED,NOT ALLOTTED,,,MP__MP Round 2 Allotment.txt,2108,
MP,Madhya Pradesh,2025,R2,NEET_AIR,1678.0,NOT ALLOTTED,ALLOTTED NOT ALLOTTED,ALLOTTED,,,MP__MP Round 2 Allotment.txt,2110,
MP,Madhya Pradesh,2025,R2,NEET_AIR,1679.0,NOT ALLOTTED,ALLOTTED NOT ALLOTTED,ALLOTTED,,,MP__MP Round 2 Allotment.txt,2112,
MP,Madhya Pradesh,2025,R2,NEET_AIR,1681.0,LN MEDICAL COLLEGE BHOPAL,MS OPHTHALMOLOGY,INST/UR/X/OP,,,MP__MP Round 2 Allotment.txt,2114,
MP,Madhya Pradesh,2025,R2,NEET_AIR,1682.0,NOT ALLOTTED,ALLOTTED NOT ALLOTTED,ALLOTTED ALLOTTED,,,MP__MP Round 2 Allotment.txt,2116,
MP,Madhya Pradesh,2025,R2,NEET_AIR,1684.0,NOT ALLOTTED,ALLOTTED NOT ALLOTTED,MD,,,MP__MP Round 2 Allotment.txt,2118,
MP,Madhya Pradesh,2025,R2,NEET_AIR,1688.0,NOT ALLOTTED,ALLOTTED NOT ALLOTTED,MS,,,MP__MP Round 2 Allotment.txt,2120,
MP,Madhya Pradesh,2025,R2,NEET_AIR,1689.0,JABALPUR,MS GENERAL SURGERY,ST,,,MP__MP Round 2 Allotment.txt,2122,
MP,Madhya Pradesh,2025,R2,NEET_AIR,1690.0,LN MEDICAL COLLEGE BHOPAL,MD RESPIRATORY MEDICINE,OBC,,,MP__MP Round 2 Allotment.txt,2135,
MP,Madhya Pradesh,2025,R2,NEET_AIR,1692.0,NOT ALLOTTED,ALLOTTED NOT ALLOTTED,ALLOTTED ALLOTTED,,,MP__MP Round 2 Allotment.txt,2137,
MP,Madhya Pradesh,2025,R2,NEET_AIR,1694.0,CENTER INDORE,MS ORTHOPAEDICS,UR/X/OP,,,MP__MP Round 2 Allotment.txt,2139,
MP,Madhya Pradesh,2025,R2,NEET_AIR,1697.0,CENTER INDORE,MS GENERAL SURGERY,UR/X/OP,,,MP__MP Round 2 Allotment.txt,2141,
MP,Madhya Pradesh,2025,R2,NEET_AIR,1698.0,NOT ALLOTTED,ALLOTTED ALLOTTED ALLOTTED,NOT ALLOTTED,,,MP__MP Round 2 Allotment.txt,2143,
MP,Madhya Pradesh,2025,R2,NEET_AIR,1700.0,NOT ALLOTTED,ALLOTTED NOT ALLOTTED,MD,,,MP__MP Round 2 Allotment.txt,2145,
MP,Madhya Pradesh,2025,R2,NEET_AIR,1702.0,NOT ALLOTTED,ALLOTTED NOT ALLOTTED,ALLOTTED ALLOTTED,,,MP__MP Round 2 Allotment.txt,2147,
MP,Madhya Pradesh,2025,R2,NEET_AIR,1705.0,LN MEDICAL COLLEGE BHOPAL,MD ANAESTHESIOLOGY,UR/X/OP,,,MP__MP Round 2 Allotment.txt,2149,
MP,Madhya Pradesh,2025,R2,NEET_AIR,1708.0,NOT ALLOTTED,ALLOTTED NOT ALLOTTED,MD,,,MP__MP Round 2 Allotment.txt,2151,
MP,Madhya Pradesh,2025,R2,NEET_AIR,1710.0,NOT ALLOTTED,ALLOTTED NOT ALLOTTED,ALLOTTED ALLOTTED,,,MP__MP Round 2 Allotment.txt,2153,
MP,Madhya Pradesh,2025,R2,NEET_AIR,1713.0,PEOPLES COLLEGE OF MEDICAL SCIENCE BHOPAL,MS OPHTHALMOLOGY,OBC,,,MP__MP Round 2 Allotment.txt,2158,
MP,Madhya Pradesh,2025,R2,NEET_AIR,1715.0,NOT ALLOTTED,ALLOTTED NOT ALLOTTED,ALLOTTED,,,MP__MP Round 2 Allotment.txt,2160,
MP,Madhya Pradesh,2025,R2,NEET_AIR,1716.0,NOT ALLOTTED,ALLOTTED NOT ALLOTTED NOT ALLOTTED,ALLOTTED,,,MP__MP Round 2 Allotment.txt,2162,
MP,Madhya Pradesh,2025,R2,NEET_AIR,1717.0,BUNDELKHAND MEDICAL COLLEGE SAGAR,MS (ENT),SC,,,MP__MP Round 2 Allotment.txt,2164,
MP,Madhya Pradesh,2025,R2,NEET_AIR,1721.0,NOT ALLOTTED,ALLOTTED NOT ALLOTTED,MS,,,MP__MP Round 2 Allotment.txt,2166,
MP,Madhya Pradesh,2025,R2,NEET_AIR,1723.0,NOT ALLOTTED,ALLOTTED NOT ALLOTTED,ALLOTTED,,,MP__MP Round 2 Allotment.txt,2168,
MP,Madhya Pradesh,2025,R2,NEET_AIR,1725.0,NOT ALLOTTED,ALLOTTED NOT ALLOTTED,ALLOTTED,,,MP__MP Round 2 Allotment.txt,2170,
MP,Madhya Pradesh,2025,R2,NEET_AIR,1728.0,NOT ALLOTTED,ALLOTTED NOT ALLOTTED,ALLOTTED,,,MP__MP Round 2 Allotment.txt,2172,
MP,Madhya Pradesh,2025,R2,NEET_AIR,1733.0,LN MEDICAL COLLEGE BHOPAL,MS ORTHOPAEDICS,OBC,,,MP__MP Round 2 Allotment.txt,2174,
MP,Madhya Pradesh,2025,R2,NEET_AIR,1735.0,INDORE,MD RADIODIAGNOSIS,IN_EWS/X/OP,,,MP__MP Round 2 Allotment.txt,2176,
MP,Madhya Pradesh,2025,R2,NEET_AIR,1737.0,NOT ALLOTTED,ALLOTTED NOT ALLOTTED,ALLOTTED,,,MP__MP Round 2 Allotment.txt,2178,
MP,Madhya Pradesh,2025,R2,NEET_AIR,1738.0,LN MEDICAL COLLEGE BHOPAL,MS GENERAL SURGERY,UR/X/OP,,,MP__MP Round 2 Allotment.txt,2179,
MP,Madhya Pradesh,2025,R2,NEET_AIR,1739.0,SHYAM SHAH MEDICAL COLLEGE REWA,MS GYNAECOLOGY,ST,,,MP__MP Round 2 Allotment.txt,2181,
MP,Madhya Pradesh,2025,R2,NEET_AIR,1741.0,RD GARDI MEDICAL COLLEGE UJJAIN,MD PATHOLOGY,UR/X/OP,,,MP__MP Round 2 Allotment.txt,2183,
MP,Madhya Pradesh,2025,R2,NEET_AIR,1742.0,GANDHI MEDICAL COLLEGE BHOPAL,MS GENERAL SURGERY,ST,,,MP__MP Round 2 Allotment.txt,2185,
MP,Madhya Pradesh,2025,R2,NEET_AIR,1743.0,NOT ALLOTTED,ALLOTTED NOT ALLOTTED,MS,,,MP__MP Round 2 Allotment.txt,2187,
MP,Madhya Pradesh,2025,R2,NEET_AIR,1745.0,NOT ALLOTTED,ALLOTTED NOT ALLOTTED,MD,,,MP__MP Round 2 Allotment.txt,2189,
MP,Madhya Pradesh,2025,R2,NEET_AIR,1747.0,PEOPLES COLLEGE OF MEDICAL SCIENCE BHOPAL,MD ANAESTHESIOLOGY,UR/X/OP,,,MP__MP Round 2 Allotment.txt,2191,
MP,Madhya Pradesh,2025,R2,NEET_AIR,1749.0,NOT ALLOTTED,ALLOTTED NOT ALLOTTED,ALLOTTED ALLOTTED,,,MP__MP Round 2 Allotment.txt,2193,
MP,Madhya Pradesh,2025,R2,NEET_AIR,1750.0,NOT ALLOTTED,ALLOTTED NOT ALLOTTED,MD,,,MP__MP Round 2 Allotment.txt,2195,
MP,Madhya Pradesh,2025,R2,NEET_AIR,1753.0,CENTER INDORE,MD PAEDIATRICS,OBC,,,MP__MP Round 2 Allotment.txt,2197,
MP,Madhya Pradesh,2025,R2,NEET_AIR,1758.0,NOT ALLOTTED,ALLOTTED NOT ALLOTTED,ALLOTTED ALLOTTED,,,MP__MP Round 2 Allotment.txt,2199,
MP,Madhya Pradesh,2025,R2,NEET_AIR,1759.0,JABALPUR,MS GENERAL SURGERY,ST,,,MP__MP Round 2 Allotment.txt,2201,
MP,Madhya Pradesh,2025,R2,NEET_AIR,1763.0,NOT ALLOTTED,ALLOTTED NOT ALLOTTED,ALLOTTED ALLOTTED,,,MP__MP Round 2 Allotment.txt,2203,
MP,Madhya Pradesh,2025,R2,NEET_AIR,1764.0,INDORE,MD RADIATION ONCOLOGY,SC,,,MP__MP Round 2 Allotment.txt,2205,
MP,Madhya Pradesh,2025,R2,NEET_AIR,1766.0,INDORE,MD PHARMACOLOGY,EWS,,,MP__MP Round 2 Allotment.txt,2207,
MP,Madhya Pradesh,2025,R2,NEET_AIR,1768.0,NOT ALLOTTED,ALLOTTED NOT ALLOTTED,MS,,,MP__MP Round 2 Allotment.txt,2209,
MP,Madhya Pradesh,2025,R2,NEET_AIR,1770.0,NOT ALLOTTED,ALLOTTED NOT ALLOTTED,MS,,,MP__MP Round 2 Allotment.txt,2211,
MP,Madhya Pradesh,2025,R2,NEET_AIR,1771.0,NOT ALLOTTED,ALLOTTED NOT ALLOTTED,ALLOTTED ALLOTTED,,,MP__MP Round 2 Allotment.txt,2213,
MP,Madhya Pradesh,2025,R2,NEET_AIR,1772.0,LN MEDICAL COLLEGE BHOPAL,MS GENERAL SURGERY,INST/UR/X/OP,,,MP__MP Round 2 Allotment.txt,2215,
MP,Madhya Pradesh,2025,R2,NEET_AIR,1774.0,NOT ALLOTTED,ALLOTTED NOT ALLOTTED,NOT ALLOTTED,,,MP__MP Round 2 Allotment.txt,2217,
MP,Madhya Pradesh,2025,R2,NEET_AIR,1776.0,NOT ALLOTTED,ALLOTTED NOT ALLOTTED,ALLOTTED,,,MP__MP Round 2 Allotment.txt,2219,
MP,Madhya Pradesh,2025,R2,NEET_AIR,1778.0,JABALPUR,MD RESPIRATORY MEDICINE,IN_UR/X/OP,,,MP__MP Round 2 Allotment.txt,2221,
MP,Madhya Pradesh,2025,R2,NEET_AIR,1779.0,INDORE,MD PAEDIATRICS,IN_UR/X/OP,,,MP__MP Round 2 Allotment.txt,2223,
MP,Madhya Pradesh,2025,R2,NEET_AIR,1780.0,NOT ALLOTTED,ALLOTTED ALLOTTED ALLOTTED,NOT ALLOTTED,,,MP__MP Round 2 Allotment.txt,2225,
MP,Madhya Pradesh,2025,R2,NEET_AIR,1782.0,NOT ALLOTTED,ALLOTTED NOT ALLOTTED,MS,,,MP__MP Round 2 Allotment.txt,2227,
MP,Madhya Pradesh,2025,R2,NEET_AIR,1785.0,CENTER INDORE,MS GENERAL SURGERY,INST/UR/X/OP,,,MP__MP Round 2 Allotment.txt,2229,
MP,Madhya Pradesh,2025,R2,NEET_AIR,1791.0,NOT ALLOTTED,ALLOTTED NOT ALLOTTED,ALLOTTED ALLOTTED,,,MP__MP Round 2 Allotment.txt,2231,
MP,Madhya Pradesh,2025,R2,NEET_AIR,1792.0,NOT ALLOTTED,ALLOTTED NOT ALLOTTED,MD,,,MP__MP Round 2 Allotment.txt,2233,
MP,Madhya Pradesh,2025,R2,NEET_AIR,1793.0,GOVERMENT MEDICAL COLLEGE RATLAM,MD GENERAL MEDICINE,IN_OBC/X/OP,,,MP__MP Round 2 Allotment.txt,2234,
MP,Madhya Pradesh,2025,R2,NEET_AIR,1794.0,CHIRAYU MEDICAL COLLEGE AND HOSPITAL BHOPAL PATHOLOGY,MD Non Clinical UR/X/OP,YES,,,MP__MP Round 2 Allotment.txt,2236,
MP,Madhya Pradesh,2025,R2,NEET_AIR,1796.0,NOT ALLOTTED,ALLOTTED NOT ALLOTTED,ALLOTTED,,,MP__MP Round 2 Allotment.txt,2238,
MP,Madhya Pradesh,2025,R2,NEET_AIR,1798.0,PEOPLES COLLEGE OF MEDICAL SCIENCE BHOPAL,MS OPHTHALMOLOGY,UR/X/OP,,,MP__MP Round 2 Allotment.txt,2239,
MP,Madhya Pradesh,2025,R2,NEET_AIR,1799.0,NOT ALLOTTED,ALLOTTED NOT ALLOTTED,MS,,,MP__MP Round 2 Allotment.txt,2241,
MP,Madhya Pradesh,2025,R2,NEET_AIR,1800.0,NOT ALLOTTED,ALLOTTED NOT ALLOTTED,MD,,,MP__MP Round 2 Allotment.txt,2243,
MP,Madhya Pradesh,2025,R2,NEET_AIR,1803.0,NOT ALLOTTED,ALLOTTED NOT ALLOTTED,NOT ALLOTTED,,,MP__MP Round 2 Allotment.txt,2245,
MP,Madhya Pradesh,2025,R2,NEET_AIR,1804.0,SHYAM SHAH MEDICAL COLLEGE REWA,MD PAEDIATRICS,IN_UR/X/OP,,,MP__MP Round 2 Allotment.txt,2246,
MP,Madhya Pradesh,2025,R2,NEET_AIR,1806.0,NOT ALLOTTED,ALLOTTED NOT ALLOTTED,ALLOTTED,,,MP__MP Round 2 Allotment.txt,2248,
MP,Madhya Pradesh,2025,R2,NEET_AIR,1807.0,NOT ALLOTTED,ALLOTTED ALLOTTED ALLOTTED,NOT ALLOTTED,,,MP__MP Round 2 Allotment.txt,2261,
MP,Madhya Pradesh,2025,R2,NEET_AIR,1809.0,LN MEDICAL COLLEGE BHOPAL,MD ANAESTHESIOLOGY,UR/X/OP,,,MP__MP Round 2 Allotment.txt,2263,
MP,Madhya Pradesh,2025,R2,NEET_AIR,1810.0,INDORE,MD ANAESTHESIOLOGY,ST,,,MP__MP Round 2 Allotment.txt,2265,
MP,Madhya Pradesh,2025,R2,NEET_AIR,1812.0,BUNDELKHAND MEDICAL COLLEGE SAGAR,MD ANAESTHESIOLOGY,SC,,,MP__MP Round 2 Allotment.txt,2266,
MP,Madhya Pradesh,2025,R2,NEET_AIR,1814.0,NOT ALLOTTED,ALLOTTED NOT ALLOTTED,ALLOTTED,,,MP__MP Round 2 Allotment.txt,2268,
MP,Madhya Pradesh,2025,R2,NEET_AIR,1815.0,LN MEDICAL COLLEGE BHOPAL,MD ANAESTHESIOLOGY,UR/X/OP,,,MP__MP Round 2 Allotment.txt,2270,
MP,Madhya Pradesh,2025,R2,NEET_AIR,1816.0,NOT ALLOTTED,ALLOTTED NOT ALLOTTED,MD,,,MP__MP Round 2 Allotment.txt,2272,
MP,Madhya Pradesh,2025,R2,NEET_AIR,1818.0,INDORE,MS GENERAL SURGERY,IN_UR/X/OP,,,MP__MP Round 2 Allotment.txt,2274,
MP,Madhya Pradesh,2025,R2,NEET_AIR,1821.0,NOT ALLOTTED,ALLOTTED ALLOTTED ALLOTTED,NOT ALLOTTED,,,MP__MP Round 2 Allotment.txt,2276,
MP,Madhya Pradesh,2025,R2,NEET_AIR,1823.0,NOT ALLOTTED,ALLOTTED NOT ALLOTTED,MS,,,MP__MP Round 2 Allotment.txt,2278,
MP,Madhya Pradesh,2025,R2,NEET_AIR,1824.0,CENTER INDORE,MS GENERAL SURGERY,INST/UR/X/OP,,,MP__MP Round 2 Allotment.txt,2280,
MP,Madhya Pradesh,2025,R2,NEET_AIR,1826.0,NOT ALLOTTED,ALLOTTED NOT ALLOTTED,ALLOTTED,,,MP__MP Round 2 Allotment.txt,2282,
MP,Madhya Pradesh,2025,R2,NEET_AIR,1827.0,NOT ALLOTTED,ALLOTTED NOT ALLOTTED,NOT ALLOTTED,,,MP__MP Round 2 Allotment.txt,2284,
MP,Madhya Pradesh,2025,R2,NEET_AIR,1829.0,CENTER INDORE,MD ANAESTHESIOLOGY,UR/X/OP,,,MP__MP Round 2 Allotment.txt,2286,
MP,Madhya Pradesh,2025,R2,NEET_AIR,1831.0,NOT ALLOTTED,ALLOTTED NOT ALLOTTED,ALLOTTED,,,MP__MP Round 2 Allotment.txt,2288,
MP,Madhya Pradesh,2025,R2,NEET_AIR,1832.0,NOT ALLOTTED,ALLOTTED NOT ALLOTTED,ALLOTTED,,,MP__MP Round 2 Allotment.txt,2290,
MP,Madhya Pradesh,2025,R2,NEET_AIR,1834.0,CENTER INDORE,MS ORTHOPAEDICS,OBC,,,MP__MP Round 2 Allotment.txt,2292,
MP,Madhya Pradesh,2025,R2,NEET_AIR,1835.0,NOT ALLOTTED,ALLOTTED NOT ALLOTTED,MS,,,MP__MP Round 2 Allotment.txt,2294,
MP,Madhya Pradesh,2025,R2,NEET_AIR,1838.0,NOT ALLOTTED,ALLOTTED NOT ALLOTTED,MD,,,MP__MP Round 2 Allotment.txt,2296,
MP,Madhya Pradesh,2025,R2,NEET_AIR,1841.0,CENTER INDORE,MS GENERAL SURGERY,INST/UR/X/OP,,,MP__MP Round 2 Allotment.txt,2298,
MP,Madhya Pradesh,2025,R2,NEET_AIR,1842.0,NOT ALLOTTED,ALLOTTED NOT ALLOTTED,MS,,,MP__MP Round 2 Allotment.txt,2300,
MP,Madhya Pradesh,2025,R2,NEET_AIR,1852.0,JABALPUR,MD PHARMACOLOGY,INST/UR/X/OP,,,MP__MP Round 2 Allotment.txt,2302,
MP,Madhya Pradesh,2025,R2,NEET_AIR,1859.0,NOT ALLOTTED,ALLOTTED NOT ALLOTTED,ALLOTTED,,,MP__MP Round 2 Allotment.txt,2304,
MP,Madhya Pradesh,2025,R2,NEET_AIR,1860.0,NOT ALLOTTED,ALLOTTED NOT ALLOTTED,ALLOTTED,,,MP__MP Round 2 Allotment.txt,2306,
MP,Madhya Pradesh,2025,R2,NEET_AIR,1862.0,CHIRAYU MEDICAL COLLEGE AND HOSPITAL BHOPAL,MD GENERAL MEDICINE,SC,,,MP__MP Round 2 Allotment.txt,2308,
MP,Madhya Pradesh,2025,R2,NEET_AIR,1864.0,NOT ALLOTTED,ALLOTTED NOT ALLOTTED,ALLOTTED,,,MP__MP Round 2 Allotment.txt,2310,
MP,Madhya Pradesh,2025,R2,NEET_AIR,1865.0,NOT ALLOTTED,ALLOTTED NOT ALLOTTED,ALLOTTED,,,MP__MP Round 2 Allotment.txt,2312,
MP,Madhya Pradesh,2025,R2,NEET_AIR,1866.0,AMALTAS INSTITUTE OF MEDICAL SCIENCES DEWAS,MS GENERAL SURGERY,INST/UR/X/OP,,,MP__MP Round 2 Allotment.txt,2314,
MP,Madhya Pradesh,2025,R2,NEET_AIR,1868.0,NOT ALLOTTED,ALLOTTED NOT ALLOTTED,ALLOTTED ALLOTTED,,,MP__MP Round 2 Allotment.txt,2316,
MP,Madhya Pradesh,2025,R2,NEET_AIR,1871.0,NOT ALLOTTED,ALLOTTED NOT ALLOTTED,MS,,,MP__MP Round 2 Allotment.txt,2318,
MP,Madhya Pradesh,2025,R2,NEET_AIR,1872.0,NOT ALLOTTED,ALLOTTED NOT ALLOTTED,ALLOTTED ALLOTTED,,,MP__MP Round 2 Allotment.txt,2320,
MP,Madhya Pradesh,2025,R2,NEET_AIR,1874.0,PEOPLES COLLEGE OF MEDICAL SCIENCE BHOPAL,MD EMERGENCY MEDICINE,INST/UR/X/OP,,,MP__MP Round 2 Allotment.txt,2322,
MP,Madhya Pradesh,2025,R2,NEET_AIR,1877.0,NOT ALLOTTED,ALLOTTED NOT ALLOTTED,ALLOTTED ALLOTTED,,,MP__MP Round 2 Allotment.txt,2324,
MP,Madhya Pradesh,2025,R2,NEET_AIR,1879.0,NOT ALLOTTED,ALLOTTED NOT ALLOTTED,MS,,,MP__MP Round 2 Allotment.txt,2326,
MP,Madhya Pradesh,2025,R2,NEET_AIR,1880.0,NOT ALLOTTED,ALLOTTED NOT ALLOTTED,MS,,,MP__MP Round 2 Allotment.txt,2328,
MP,Madhya Pradesh,2025,R2,NEET_AIR,1881.0,NOT ALLOTTED,ALLOTTED NOT ALLOTTED,ALLOTTED ALLOTTED,,,MP__MP Round 2 Allotment.txt,2330,
MP,Madhya Pradesh,2025,R2,NEET_AIR,1884.0,CENTER INDORE,MS GENERAL SURGERY,UR/X/OP,,,MP__MP Round 2 Allotment.txt,2332,
MP,Madhya Pradesh,2025,R2,NEET_AIR,1886.0,CENTRE BHOPAL,MS GENERAL SURGERY,INST/UR/X/OP,,,MP__MP Round 2 Allotment.txt,2334,
MP,Madhya Pradesh,2025,R2,NEET_AIR,1888.0,NOT ALLOTTED,ALLOTTED NOT ALLOTTED,NOT ALLOTTED,,,MP__MP Round 2 Allotment.txt,2336,
MP,Madhya Pradesh,2025,R2,NEET_AIR,1889.0,NOT ALLOTTED,ALLOTTED NOT ALLOTTED,ALLOTTED,,,MP__MP Round 2 Allotment.txt,2338,
MP,Madhya Pradesh,2025,R2,NEET_AIR,1892.0,GANDHI MEDICAL COLLEGE BHOPAL,MD PATHOLOGY,SC,,,MP__MP Round 2 Allotment.txt,2340,
MP,Madhya Pradesh,2025,R2,NEET_AIR,1898.0,NOT ALLOTTED,ALLOTTED NOT ALLOTTED,MD,,,MP__MP Round 2 Allotment.txt,2342,
MP,Madhya Pradesh,2025,R2,NEET_AIR,1899.0,RD GARDI MEDICAL COLLEGE UJJAIN,MS GYNAECOLOGY,SC,,,MP__MP Round 2 Allotment.txt,2344,
MP,Madhya Pradesh,2025,R2,NEET_AIR,1902.0,INDORE,MD ANAESTHESIOLOGY,ST,,,MP__MP Round 2 Allotment.txt,2346,
MP,Madhya Pradesh,2025,R2,NEET_AIR,1904.0,NOT ALLOTTED,ALLOTTED NOT ALLOTTED,NOT ALLOTTED,,,MP__MP Round 2 Allotment.txt,2348,
MP,Madhya Pradesh,2025,R2,NEET_AIR,1905.0,NOT ALLOTTED,ALLOTTED NOT ALLOTTED,ALLOTTED,,,MP__MP Round 2 Allotment.txt,2350,
MP,Madhya Pradesh,2025,R2,NEET_AIR,1906.0,NOT ALLOTTED,ALLOTTED NOT ALLOTTED,ALLOTTED,,,MP__MP Round 2 Allotment.txt,2352,
MP,Madhya Pradesh,2025,R2,NEET_AIR,1908.0,NOT ALLOTTED,ALLOTTED NOT ALLOTTED,MD,,,MP__MP Round 2 Allotment.txt,2354,
MP,Madhya Pradesh,2025,R2,NEET_AIR,1910.0,INDORE,MD PATHOLOGY,ST,,,MP__MP Round 2 Allotment.txt,2356,
MP,Madhya Pradesh,2025,R2,NEET_AIR,1911.0,NOT ALLOTTED,ALLOTTED NOT ALLOTTED,ALLOTTED,,,MP__MP Round 2 Allotment.txt,2358,
MP,Madhya Pradesh,2025,R2,NEET_AIR,1915.0,NOT ALLOTTED,ALLOTTED NOT ALLOTTED,ALLOTTED,,,MP__MP Round 2 Allotment.txt,2360,
MP,Madhya Pradesh,2025,R2,NEET_AIR,1917.0,NOT ALLOTTED,ALLOTTED NOT ALLOTTED,NOT ALLOTTED,,,MP__MP Round 2 Allotment.txt,2362,
MP,Madhya Pradesh,2025,R2,NEET_AIR,1919.0,PEOPLES COLLEGE OF MEDICAL SCIENCE BHOPAL,MD ANAESTHESIOLOGY,UR/X/OP,,,MP__MP Round 2 Allotment.txt,2364,
MP,Madhya Pradesh,2025,R2,NEET_AIR,1925.0,CHIRAYU MEDICAL COLLEGE AND HOSPITAL BHOPAL,MD ANAESTHESIOLOGY,UR/X/OP,,,MP__MP Round 2 Allotment.txt,2366,
MP,Madhya Pradesh,2025,R2,NEET_AIR,1926.0,INDORE,MD RESPIRATORY MEDICINE,ST,,,MP__MP Round 2 Allotment.txt,2368,
MP,Madhya Pradesh,2025,R2,NEET_AIR,1927.0,NOT ALLOTTED,ALLOTTED NOT ALLOTTED,ALLOTTED,,,MP__MP Round 2 Allotment.txt,2370,
MP,Madhya Pradesh,2025,R2,NEET_AIR,1931.0,NOT ALLOTTED,ALLOTTED NOT ALLOTTED,ALLOTTED,,,MP__MP Round 2 Allotment.txt,2372,
MP,Madhya Pradesh,2025,R2,NEET_AIR,1932.0,NOT ALLOTTED,ALLOTTED NOT ALLOTTED,ALLOTTED,,,MP__MP Round 2 Allotment.txt,2374,
MP,Madhya Pradesh,2025,R2,NEET_AIR,1939.0,CENTER INDORE,MD RESPIRATORY MEDICINE,INST/UR/X/OP,,,MP__MP Round 2 Allotment.txt,2386,
MP,Madhya Pradesh,2025,R2,NEET_AIR,1940.0,GANDHI MEDICAL COLLEGE BHOPAL,MD PAEDIATRICS,IN_UR/X/OP,,,MP__MP Round 2 Allotment.txt,2387,
MP,Madhya Pradesh,2025,R2,NEET_AIR,1941.0,INDORE,MD ANAESTHESIOLOGY,OBC,,,MP__MP Round 2 Allotment.txt,2389,
MP,Madhya Pradesh,2025,R2,NEET_AIR,1942.0,CENTER INDORE,MS ORTHOPAEDICS,OBC,,,MP__MP Round 2 Allotment.txt,2391,
MP,Madhya Pradesh,2025,R2,NEET_AIR,1946.0,NOT ALLOTTED,ALLOTTED NOT ALLOTTED,ALLOTTED,,,MP__MP Round 2 Allotment.txt,2393,
MP,Madhya Pradesh,2025,R2,NEET_AIR,1947.0,NOT ALLOTTED,ALLOTTED NOT ALLOTTED,NOT ALLOTTED,,,MP__MP Round 2 Allotment.txt,2395,
MP,Madhya Pradesh,2025,R2,NEET_AIR,1952.0,NOT ALLOTTED,ALLOTTED NOT ALLOTTED,ALLOTTED,,,MP__MP Round 2 Allotment.txt,2397,
MP,Madhya Pradesh,2025,R2,NEET_AIR,1953.0,NOT ALLOTTED,ALLOTTED NOT ALLOTTED,ALLOTTED,,,MP__MP Round 2 Allotment.txt,2399,
MP,Madhya Pradesh,2025,R2,NEET_AIR,1954.0,NOT ALLOTTED,ALLOTTED NOT ALLOTTED,NOT ALLOTTED,,,MP__MP Round 2 Allotment.txt,2401,
MP,Madhya Pradesh,2025,R2,NEET_AIR,1955.0,LN MEDICAL COLLEGE BHOPAL,MD GENERAL MEDICINE,SC,,,MP__MP Round 2 Allotment.txt,2402,
MP,Madhya Pradesh,2025,R2,NEET_AIR,1959.0,NOT ALLOTTED,ALLOTTED NOT ALLOTTED,ALLOTTED,,,MP__MP Round 2 Allotment.txt,2404,
MP,Madhya Pradesh,2025,R2,NEET_AIR,1962.0,NOT ALLOTTED,ALLOTTED NOT ALLOTTED,MS,,,MP__MP Round 2 Allotment.txt,2406,
MP,Madhya Pradesh,2025,R2,NEET_AIR,1963.0,NOT ALLOTTED,ALLOTTED NOT ALLOTTED,ALLOTTED ALLOTTED,,,MP__MP Round 2 Allotment.txt,2408,
MP,Madhya Pradesh,2025,R2,NEET_AIR,1964.0,NOT ALLOTTED,ALLOTTED NOT ALLOTTED,MS,,,MP__MP Round 2 Allotment.txt,2410,
MP,Madhya Pradesh,2025,R2,NEET_AIR,1967.0,NOT ALLOTTED,ALLOTTED NOT ALLOTTED,ALLOTTED,,,MP__MP Round 2 Allotment.txt,2412,
MP,Madhya Pradesh,2025,R2,NEET_AIR,1968.0,NOT ALLOTTED,ALLOTTED NOT ALLOTTED,NOT ALLOTTED,,,MP__MP Round 2 Allotment.txt,2414,
MP,Madhya Pradesh,2025,R2,NEET_AIR,1969.0,LN MEDICAL COLLEGE BHOPAL,MD ANAESTHESIOLOGY,UR/X/OP,,,MP__MP Round 2 Allotment.txt,2416,
MP,Madhya Pradesh,2025,R2,NEET_AIR,1971.0,NOT ALLOTTED,ALLOTTED NOT ALLOTTED,NOT ALLOTTED,,,MP__MP Round 2 Allotment.txt,2418,
MP,Madhya Pradesh,2025,R2,NEET_AIR,1972.0,NOT ALLOTTED,ALLOTTED NOT ALLOTTED,NOT ALLOTTED,,,MP__MP Round 2 Allotment.txt,2420,
MP,Madhya Pradesh,2025,R2,NEET_AIR,1973.0,NOT ALLOTTED,ALLOTTED NOT ALLOTTED,ALLOTTED,,,MP__MP Round 2 Allotment.txt,2422,
MP,Madhya Pradesh,2025,R2,NEET_AIR,1974.0,NOT ALLOTTED,ALLOTTED NOT ALLOTTED,MS,,,MP__MP Round 2 Allotment.txt,2424,
MP,Madhya Pradesh,2025,R2,NEET_AIR,1979.0,NOT ALLOTTED,ALLOTTED NOT ALLOTTED,ALLOTTED,,,MP__MP Round 2 Allotment.txt,2426,
MP,Madhya Pradesh,2025,R2,NEET_AIR,1982.0,NOT ALLOTTED,ALLOTTED NOT ALLOTTED,NOT ALLOTTED,,,MP__MP Round 2 Allotment.txt,2428,
MP,Madhya Pradesh,2025,R2,NEET_AIR,1987.0,NOT ALLOTTED,ALLOTTED NOT ALLOTTED,ALLOTTED,,,MP__MP Round 2 Allotment.txt,2430,
MP,Madhya Pradesh,2025,R2,NEET_AIR,1988.0,NOT ALLOTTED,ALLOTTED NOT ALLOTTED,ALLOTTED,,,MP__MP Round 2 Allotment.txt,2432,
MP,Madhya Pradesh,2025,R2,NEET_AIR,1991.0,GANDHI MEDICAL COLLEGE BHOPAL,MD ANAESTHESIOLOGY,ST,,,MP__MP Round 2 Allotment.txt,2434,
MP,Madhya Pradesh,2025,R2,NEET_AIR,1993.0,NOT ALLOTTED,ALLOTTED NOT ALLOTTED,ALLOTTED ALLOTTED,,,MP__MP Round 2 Allotment.txt,2436,
MP,Madhya Pradesh,2025,R2,NEET_AIR,1994.0,CENTRE BHOPAL,MD PAEDIATRICS,OBC,,,MP__MP Round 2 Allotment.txt,2438,
MP,Madhya Pradesh,2025,R2,NEET_AIR,1995.0,NOT ALLOTTED,ALLOTTED NOT ALLOTTED,MD,,,MP__MP Round 2 Allotment.txt,2440,
MP,Madhya Pradesh,2025,R2,NEET_AIR,1997.0,CENTER INDORE,MD ANAESTHESIOLOGY,UR/X/OP,,,MP__MP Round 2 Allotment.txt,2442,
MP,Madhya Pradesh,2025,R2,NEET_AIR,1998.0,NOT ALLOTTED,ALLOTTED NOT ALLOTTED,NOT ALLOTTED,,,MP__MP Round 2 Allotment.txt,2444,
MP,Madhya Pradesh,2025,R2,NEET_AIR,2002.0,NOT ALLOTTED,ALLOTTED NOT ALLOTTED,ALLOTTED,,,MP__MP Round 2 Allotment.txt,2446,
MP,Madhya Pradesh,2025,R2,NEET_AIR,2003.0,AMALTAS INSTITUTE OF MEDICAL SCIENCES DEWAS,MS OPHTHALMOLOGY,OBC,,,MP__MP Round 2 Allotment.txt,2448,
MP,Madhya Pradesh,2025,R2,NEET_AIR,2004.0,NOT ALLOTTED,ALLOTTED NOT ALLOTTED,ALLOTTED ALLOTTED,,,MP__MP Round 2 Allotment.txt,2450,
MP,Madhya Pradesh,2025,R2,NEET_AIR,2009.0,JABALPUR,MS GENERAL SURGERY,ST,,,MP__MP Round 2 Allotment.txt,2452,
MP,Madhya Pradesh,2025,R2,NEET_AIR,2010.0,NOT ALLOTTED,ALLOTTED NOT ALLOTTED,MS,,,MP__MP Round 2 Allotment.txt,2454,
MP,Madhya Pradesh,2025,R2,NEET_AIR,2011.0,NOT ALLOTTED,ALLOTTED NOT ALLOTTED,ALLOTTED,,,MP__MP Round 2 Allotment.txt,2456,
MP,Madhya Pradesh,2025,R2,NEET_AIR,2012.0,NOT ALLOTTED,ALLOTTED NOT ALLOTTED,ALLOTTED,,,MP__MP Round 2 Allotment.txt,2458,
MP,Madhya Pradesh,2025,R2,NEET_AIR,2013.0,NOT ALLOTTED,ALLOTTED NOT ALLOTTED,ALLOTTED,,,MP__MP Round 2 Allotment.txt,2460,
MP,Madhya Pradesh,2025,R2,NEET_AIR,2015.0,NOT ALLOTTED,ALLOTTED NOT ALLOTTED,ALLOTTED,,,MP__MP Round 2 Allotment.txt,2462,
MP,Madhya Pradesh,2025,R2,NEET_AIR,2016.0,NOT ALLOTTED,ALLOTTED NOT ALLOTTED,ALLOTTED,,,MP__MP Round 2 Allotment.txt,2464,
MP,Madhya Pradesh,2025,R2,NEET_AIR,2017.0,NOT ALLOTTED,ALLOTTED NOT ALLOTTED,ALLOTTED,,,MP__MP Round 2 Allotment.txt,2466,
MP,Madhya Pradesh,2025,R2,NEET_AIR,2019.0,INDORE,MS GYNAECOLOGY,SC,,,MP__MP Round 2 Allotment.txt,2468,
MP,Madhya Pradesh,2025,R2,NEET_AIR,2020.0,NOT ALLOTTED,ALLOTTED NOT ALLOTTED,ALLOTTED ALLOTTED,,,MP__MP Round 2 Allotment.txt,2470,
MP,Madhya Pradesh,2025,R2,NEET_AIR,2021.0,INDORE,MD PATHOLOGY,FRESH ALLOTTED,,,MP__MP Round 2 Allotment.txt,2472,
MP,Madhya Pradesh,2025,R2,NEET_AIR,2022.0,NOT ALLOTTED,ALLOTTED NOT ALLOTTED,ALLOTTED ALLOTTED,,,MP__MP Round 2 Allotment.txt,2474,
MP,Madhya Pradesh,2025,R2,NEET_AIR,2025.0,RD GARDI MEDICAL COLLEGE UJJAIN,MD PATHOLOGY,UR/X/OP,,,MP__MP Round 2 Allotment.txt,2476,
MP,Madhya Pradesh,2025,R2,NEET_AIR,2027.0,NOT ALLOTTED,ALLOTTED NOT ALLOTTED,MS,,,MP__MP Round 2 Allotment.txt,2478,
MP,Madhya Pradesh,2025,R2,NEET_AIR,2028.0,NOT ALLOTTED,ALLOTTED NOT ALLOTTED,MS,,,MP__MP Round 2 Allotment.txt,2480,
MP,Madhya Pradesh,2025,R2,NEET_AIR,2029.0,GANDHI MEDICAL COLLEGE BHOPAL,MS GENERAL SURGERY,ST,,,MP__MP Round 2 Allotment.txt,2481,
MP,Madhya Pradesh,2025,R2,NEET_AIR,2030.0,LN MEDICAL COLLEGE BHOPAL,MD ANAESTHESIOLOGY,INST/UR/X/OP,,,MP__MP Round 2 Allotment.txt,2483,
MP,Madhya Pradesh,2025,R2,NEET_AIR,2036.0,GANDHI MEDICAL COLLEGE BHOPAL,MD PAEDIATRICS,IN_OBC/X/OP,,,MP__MP Round 2 Allotment.txt,2484,
MP,Madhya Pradesh,2025,R2,NEET_AIR,2039.0,NOT ALLOTTED,ALLOTTED NOT ALLOTTED,MS,,,MP__MP Round 2 Allotment.txt,2486,
MP,Madhya Pradesh,2025,R2,NEET_AIR,2041.0,GAJRA RAJA MEDICAL COLLEGE GWALIOR,MS GENERAL SURGERY,ST,,,MP__MP Round 2 Allotment.txt,2488,
MP,Madhya Pradesh,2025,R2,NEET_AIR,2042.0,NOT ALLOTTED,ALLOTTED NOT ALLOTTED,ALLOTTED,,,MP__MP Round 2 Allotment.txt,2490,
MP,Madhya Pradesh,2025,R2,NEET_AIR,2045.0,NOT ALLOTTED,ALLOTTED NOT ALLOTTED,ALLOTTED,,,MP__MP Round 2 Allotment.txt,2492,
MP,Madhya Pradesh,2025,R2,NEET_AIR,2047.0,NOT ALLOTTED,ALLOTTED NOT ALLOTTED,MD,,,MP__MP Round 2 Allotment.txt,2494,
MP,Madhya Pradesh,2025,R2,NEET_AIR,2048.0,NOT ALLOTTED,ALLOTTED NOT ALLOTTED,ALLOTTED,,,MP__MP Round 2 Allotment.txt,2496,
MP,Madhya Pradesh,2025,R2,NEET_AIR,2050.0,NOT ALLOTTED,ALLOTTED NOT ALLOTTED,ALLOTTED,,,MP__MP Round 2 Allotment.txt,2498,
MP,Madhya Pradesh,2025,R2,NEET_AIR,2054.0,NOT ALLOTTED,ALLOTTED NOT ALLOTTED,ALLOTTED,,,MP__MP Round 2 Allotment.txt,2511,
MP,Madhya Pradesh,2025,R2,NEET_AIR,2055.0,NOT ALLOTTED,ALLOTTED NOT ALLOTTED,ALLOTTED,,,MP__MP Round 2 Allotment.txt,2513,
MP,Madhya Pradesh,2025,R2,NEET_AIR,2056.0,GAJRA RAJA MEDICAL COLLEGE GWALIOR,MD PATHOLOGY,SC,,,MP__MP Round 2 Allotment.txt,2515,
MP,Madhya Pradesh,2025,R2,NEET_AIR,2057.0,NOT ALLOTTED,ALLOTTED NOT ALLOTTED,MS,,,MP__MP Round 2 Allotment.txt,2517,
MP,Madhya Pradesh,2025,R2,NEET_AIR,2064.0,NOT ALLOTTED,ALLOTTED NOT ALLOTTED,MD,,,MP__MP Round 2 Allotment.txt,2519,
MP,Madhya Pradesh,2025,R2,NEET_AIR,2065.0,NOT ALLOTTED,ALLOTTED NOT ALLOTTED,ALLOTTED ALLOTTED,,,MP__MP Round 2 Allotment.txt,2521,
MP,Madhya Pradesh,2025,R2,NEET_AIR,2066.0,INDORE,MD GENERAL MEDICINE,SC,,,MP__MP Round 2 Allotment.txt,2523,
MP,Madhya Pradesh,2025,R2,NEET_AIR,2067.0,NOT ALLOTTED,ALLOTTED ALLOTTED ALLOTTED,NOT ALLOTTED,,,MP__MP Round 2 Allotment.txt,2525,
MP,Madhya Pradesh,2025,R2,NEET_AIR,2068.0,"RESEARCH CENTRE, BHOPAL",MS OPHTHALMOLOGY,UR/X/OP,,,MP__MP Round 2 Allotment.txt,2527,
MP,Madhya Pradesh,2025,R2,NEET_AIR,2069.0,NOT ALLOTTED,ALLOTTED ALLOTTED ALLOTTED,NOT ALLOTTED,,,MP__MP Round 2 Allotment.txt,2529,
MP,Madhya Pradesh,2025,R2,NEET_AIR,2071.0,NOT ALLOTTED,ALLOTTED NOT ALLOTTED,MS,,,MP__MP Round 2 Allotment.txt,2531,
MP,Madhya Pradesh,2025,R2,NEET_AIR,2072.0,NOT ALLOTTED,ALLOTTED ALLOTTED ALLOTTED,NOT ALLOTTED,,,MP__MP Round 2 Allotment.txt,2533,
MP,Madhya Pradesh,2025,R2,NEET_AIR,2073.0,GANDHI MEDICAL COLLEGE BHOPAL,MD TOXICOLOGY,INST/UR/X/OP,,,MP__MP Round 2 Allotment.txt,2535,
MP,Madhya Pradesh,2025,R2,NEET_AIR,2075.0,NOT ALLOTTED,ALLOTTED NOT ALLOTTED,MD,,,MP__MP Round 2 Allotment.txt,2537,
MP,Madhya Pradesh,2025,R2,NEET_AIR,2076.0,NOT ALLOTTED,ALLOTTED NOT ALLOTTED,ALLOTTED,,,MP__MP Round 2 Allotment.txt,2539,
MP,Madhya Pradesh,2025,R2,NEET_AIR,2077.0,NOT ALLOTTED,ALLOTTED NOT ALLOTTED,ALLOTTED,,,MP__MP Round 2 Allotment.txt,2541,
MP,Madhya Pradesh,2025,R2,NEET_AIR,2078.0,PEOPLES COLLEGE OF MEDICAL SCIENCE BHOPAL,MD EMERGENCY MEDICINE,UR/X/OP,,,MP__MP Round 2 Allotment.txt,2542,
MP,Madhya Pradesh,2025,R2,NEET_AIR,2079.0,NOT ALLOTTED,ALLOTTED NOT ALLOTTED,MS,,,MP__MP Round 2 Allotment.txt,2544,
MP,Madhya Pradesh,2025,R2,NEET_AIR,2083.0,INDORE,MD GENERAL MEDICINE,SC,,,MP__MP Round 2 Allotment.txt,2546,
MP,Madhya Pradesh,2025,R2,NEET_AIR,2085.0,NOT ALLOTTED,ALLOTTED NOT ALLOTTED,ALLOTTED,,,MP__MP Round 2 Allotment.txt,2548,
MP,Madhya Pradesh,2025,R2,NEET_AIR,2086.0,NOT ALLOTTED,ALLOTTED NOT ALLOTTED,ALLOTTED,,,MP__MP Round 2 Allotment.txt,2550,
MP,Madhya Pradesh,2025,R2,NEET_AIR,2087.0,NOT ALLOTTED,ALLOTTED NOT ALLOTTED,ALLOTTED,,,MP__MP Round 2 Allotment.txt,2552,
MP,Madhya Pradesh,2025,R2,NEET_AIR,2089.0,NOT ALLOTTED,ALLOTTED NOT ALLOTTED,ALLOTTED,,,MP__MP Round 2 Allotment.txt,2554,
MP,Madhya Pradesh,2025,R2,NEET_AIR,2090.0,NOT ALLOTTED,ALLOTTED NOT ALLOTTED,NOT ALLOTTED,,,MP__MP Round 2 Allotment.txt,2556,
MP,Madhya Pradesh,2025,R2,NEET_AIR,2092.0,MEDICAL COLLEGE KHANDWA,MD COMMUNITY MEDICINE,SC,,,MP__MP Round 2 Allotment.txt,2558,
MP,Madhya Pradesh,2025,R2,NEET_AIR,2093.0,NOT ALLOTTED,ALLOTTED NOT ALLOTTED,ALLOTTED ALLOTTED,,,MP__MP Round 2 Allotment.txt,2560,
MP,Madhya Pradesh,2025,R2,NEET_AIR,2095.0,NOT ALLOTTED,ALLOTTED NOT ALLOTTED,MS,,,MP__MP Round 2 Allotment.txt,2562,
MP,Madhya Pradesh,2025,R2,NEET_AIR,2096.0,NOT ALLOTTED,ALLOTTED NOT ALLOTTED,ALLOTTED ALLOTTED,,,MP__MP Round 2 Allotment.txt,2564,
MP,Madhya Pradesh,2025,R2,NEET_AIR,2099.0,NOT ALLOTTED,ALLOTTED NOT ALLOTTED,MD,,,MP__MP Round 2 Allotment.txt,2566,
MP,Madhya Pradesh,2025,R2,NEET_AIR,2101.0,PEOPLES COLLEGE OF MEDICAL SCIENCE BHOPAL,MD ANAESTHESIOLOGY,INST/UR/X/OP,,,MP__MP Round 2 Allotment.txt,2568,
MP,Madhya Pradesh,2025,R2,NEET_AIR,2103.0,NOT ALLOTTED,ALLOTTED NOT ALLOTTED,ALLOTTED ALLOTTED,,,MP__MP Round 2 Allotment.txt,2570,
MP,Madhya Pradesh,2025,R2,NEET_AIR,2104.0,CHIRAYU MEDICAL COLLEGE AND HOSPITAL BHOPAL EMERGENCY MEDICINE,MD Clinical,FRESH ALLOTTED,,,MP__MP Round 2 Allotment.txt,2572,
MP,Madhya Pradesh,2025,R2,NEET_AIR,2105.0,NOT ALLOTTED,ALLOTTED NOT ALLOTTED,MD,,,MP__MP Round 2 Allotment.txt,2574,
MP,Madhya Pradesh,2025,R2,NEET_AIR,2106.0,NOT ALLOTTED,ALLOTTED NOT ALLOTTED,ALLOTTED,,,MP__MP Round 2 Allotment.txt,2576,
MP,Madhya Pradesh,2025,R2,NEET_AIR,2107.0,NOT ALLOTTED,ALLOTTED NOT ALLOTTED,ALLOTTED,,,MP__MP Round 2 Allotment.txt,2578,
MP,Madhya Pradesh,2025,R2,NEET_AIR,2108.0,NOT ALLOTTED,ALLOTTED NOT ALLOTTED,MD,,,MP__MP Round 2 Allotment.txt,2580,
MP,Madhya Pradesh,2025,R2,NEET_AIR,2111.0,SHYAM SHAH MEDICAL COLLEGE REWA,MS GENERAL SURGERY,ST,,,MP__MP Round 2 Allotment.txt,2582,
MP,Madhya Pradesh,2025,R2,NEET_AIR,2112.0,NOT ALLOTTED,ALLOTTED NOT ALLOTTED,ALLOTTED,,,MP__MP Round 2 Allotment.txt,2584,
MP,Madhya Pradesh,2025,R2,NEET_AIR,2114.0,NOT ALLOTTED,ALLOTTED NOT ALLOTTED,ALLOTTED,,,MP__MP Round 2 Allotment.txt,2586,
MP,Madhya Pradesh,2025,R2,NEET_AIR,2115.0,NOT ALLOTTED,ALLOTTED NOT ALLOTTED,ALLOTTED,,,MP__MP Round 2 Allotment.txt,2588,
MP,Madhya Pradesh,2025,R2,NEET_AIR,2117.0,NOT ALLOTTED,ALLOTTED NOT ALLOTTED,MS,,,MP__MP Round 2 Allotment.txt,2590,
MP,Madhya Pradesh,2025,R2,NEET_AIR,2118.0,INDORE,MD PATHOLOGY,UR/X/OP,,,MP__MP Round 2 Allotment.txt,2592,
MP,Madhya Pradesh,2025,R2,NEET_AIR,2121.0,BUNDELKHAND MEDICAL COLLEGE SAGAR,MD GENERAL MEDICINE,IN_OBC/X/OP,,,MP__MP Round 2 Allotment.txt,2593,
MP,Madhya Pradesh,2025,R2,NEET_AIR,2122.0,NOT ALLOTTED,ALLOTTED NOT ALLOTTED,ALLOTTED,,,MP__MP Round 2 Allotment.txt,2595,
MP,Madhya Pradesh,2025,R2,NEET_AIR,2123.0,NOT ALLOTTED,ALLOTTED NOT ALLOTTED,ALLOTTED,,,MP__MP Round 2 Allotment.txt,2597,
MP,Madhya Pradesh,2025,R2,NEET_AIR,2124.0,NOT ALLOTTED,ALLOTTED NOT ALLOTTED,ALLOTTED,,,MP__MP Round 2 Allotment.txt,2599,
MP,Madhya Pradesh,2025,R2,NEET_AIR,2125.0,SHYAM SHAH MEDICAL COLLEGE REWA,MD PATHOLOGY,SC,,,MP__MP Round 2 Allotment.txt,2601,
MP,Madhya Pradesh,2025,R2,NEET_AIR,2126.0,NOT ALLOTTED,ALLOTTED NOT ALLOTTED,ALLOTTED ALLOTTED,,,MP__MP Round 2 Allotment.txt,2603,
MP,Madhya Pradesh,2025,R2,NEET_AIR,2127.0,NOT ALLOTTED,ALLOTTED NOT ALLOTTED,MD,,,MP__MP Round 2 Allotment.txt,2605,
MP,Madhya Pradesh,2025,R2,NEET_AIR,2130.0,NOT ALLOTTED,ALLOTTED NOT ALLOTTED,ALLOTTED ALLOTTED,,,MP__MP Round 2 Allotment.txt,2607,
MP,Madhya Pradesh,2025,R2,NEET_AIR,2131.0,CENTER INDORE,MD ANAESTHESIOLOGY,UR/X/OP,,,MP__MP Round 2 Allotment.txt,2609,
MP,Madhya Pradesh,2025,R2,NEET_AIR,2133.0,NOT ALLOTTED,ALLOTTED NOT ALLOTTED,MS,,,MP__MP Round 2 Allotment.txt,2611,
MP,Madhya Pradesh,2025,R2,NEET_AIR,2135.0,NOT ALLOTTED,ALLOTTED NOT ALLOTTED,ALLOTTED,,,MP__MP Round 2 Allotment.txt,2613,
MP,Madhya Pradesh,2025,R2,NEET_AIR,2140.0,NOT ALLOTTED,ALLOTTED NOT ALLOTTED,NOT ALLOTTED,,,MP__MP Round 2 Allotment.txt,2615,
MP,Madhya Pradesh,2025,R2,NEET_AIR,2145.0,INDORE,MD PATHOLOGY,UR/X/OP,,,MP__MP Round 2 Allotment.txt,2617,
MP,Madhya Pradesh,2025,R2,NEET_AIR,2146.0,NOT ALLOTTED,ALLOTTED NOT ALLOTTED,ALLOTTED ALLOTTED,,,MP__MP Round 2 Allotment.txt,2619,
MP,Madhya Pradesh,2025,R2,NEET_AIR,2147.0,PEOPLES COLLEGE OF MEDICAL SCIENCE BHOPAL,MD ANAESTHESIOLOGY,OBC,,,MP__MP Round 2 Allotment.txt,2621,
MP,Madhya Pradesh,2025,R2,NEET_AIR,2148.0,NOT ALLOTTED,ALLOTTED NOT ALLOTTED,ALLOTTED ALLOTTED,,,MP__MP Round 2 Allotment.txt,2623,
MP,Madhya Pradesh,2025,R2,NEET_AIR,2149.0,COLLEGE VIDISHA,MD PATHOLOGY,SC,,,MP__MP Round 2 Allotment.txt,2636,
MP,Madhya Pradesh,2025,R2,NEET_AIR,2151.0,LN MEDICAL COLLEGE BHOPAL,MD ANAESTHESIOLOGY,INST/UR/X/OP,,,MP__MP Round 2 Allotment.txt,2638,
MP,Madhya Pradesh,2025,R2,NEET_AIR,2156.0,GOVERMENT MEDICAL COLLEGE RATLAM,MS GENERAL SURGERY,ST,,,MP__MP Round 2 Allotment.txt,2640,
MP,Madhya Pradesh,2025,R2,NEET_AIR,2160.0,NOT ALLOTTED,ALLOTTED NOT ALLOTTED,ALLOTTED,,,MP__MP Round 2 Allotment.txt,2642,
MP,Madhya Pradesh,2025,R2,NEET_AIR,2161.0,NOT ALLOTTED,ALLOTTED NOT ALLOTTED,ALLOTTED,,,MP__MP Round 2 Allotment.txt,2644,
MP,Madhya Pradesh,2025,R2,NEET_AIR,2162.0,NOT ALLOTTED,ALLOTTED NOT ALLOTTED,MS,,,MP__MP Round 2 Allotment.txt,2646,
MP,Madhya Pradesh,2025,R2,NEET_AIR,2165.0,NOT ALLOTTED,ALLOTTED NOT ALLOTTED,ALLOTTED ALLOTTED,,,MP__MP Round 2 Allotment.txt,2648,
MP,Madhya Pradesh,2025,R2,NEET_AIR,2166.0,PEOPLES COLLEGE OF MEDICAL SCIENCE BHOPAL,MS (ENT),UR/X/OP,,,MP__MP Round 2 Allotment.txt,2650,
MP,Madhya Pradesh,2025,R2,NEET_AIR,2167.0,NOT ALLOTTED,ALLOTTED ALLOTTED ALLOTTED,NOT ALLOTTED,,,MP__MP Round 2 Allotment.txt,2652,
MP,Madhya Pradesh,2025,R2,NEET_AIR,2168.0,RD GARDI MEDICAL COLLEGE UJJAIN,MD PATHOLOGY,UR/X/OP,,,MP__MP Round 2 Allotment.txt,2654,
MP,Madhya Pradesh,2025,R2,NEET_AIR,2169.0,NOT ALLOTTED,ALLOTTED NOT ALLOTTED,ALLOTTED ALLOTTED,,,MP__MP Round 2 Allotment.txt,2656,
MP,Madhya Pradesh,2025,R2,NEET_AIR,2170.0,NOT ALLOTTED,ALLOTTED NOT ALLOTTED,MS,,,MP__MP Round 2 Allotment.txt,2658,
MP,Madhya Pradesh,2025,R2,NEET_AIR,2173.0,NOT ALLOTTED,ALLOTTED NOT ALLOTTED,ALLOTTED ALLOTTED,,,MP__MP Round 2 Allotment.txt,2660,
MP,Madhya Pradesh,2025,R2,NEET_AIR,2174.0,NOT ALLOTTED,ALLOTTED NOT ALLOTTED,MD,,,MP__MP Round 2 Allotment.txt,2662,
MP,Madhya Pradesh,2025,R2,NEET_AIR,2176.0,NOT ALLOTTED,ALLOTTED NOT ALLOTTED,ALLOTTED,,,MP__MP Round 2 Allotment.txt,2664,
MP,Madhya Pradesh,2025,R2,NEET_AIR,2177.0,NOT ALLOTTED,ALLOTTED NOT ALLOTTED,NOT ALLOTTED,,,MP__MP Round 2 Allotment.txt,2666,
MP,Madhya Pradesh,2025,R2,NEET_AIR,2178.0,NOT ALLOTTED,ALLOTTED NOT ALLOTTED,ALLOTTED,,,MP__MP Round 2 Allotment.txt,2668,
MP,Madhya Pradesh,2025,R2,NEET_AIR,2182.0,NOT ALLOTTED,ALLOTTED NOT ALLOTTED,MD,,,MP__MP Round 2 Allotment.txt,2670,
MP,Madhya Pradesh,2025,R2,NEET_AIR,2183.0,NOT ALLOTTED,ALLOTTED NOT ALLOTTED,ALLOTTED,,,MP__MP Round 2 Allotment.txt,2672,
MP,Madhya Pradesh,2025,R2,NEET_AIR,2184.0,NOT ALLOTTED,ALLOTTED NOT ALLOTTED,ALLOTTED,,,MP__MP Round 2 Allotment.txt,2674,
MP,Madhya Pradesh,2025,R2,NEET_AIR,2186.0,NOT ALLOTTED,ALLOTTED NOT ALLOTTED,MD,,,MP__MP Round 2 Allotment.txt,2676,
MP,Madhya Pradesh,2025,R2,NEET_AIR,2187.0,NOT ALLOTTED,ALLOTTED NOT ALLOTTED,MD,,,MP__MP Round 2 Allotment.txt,2678,
MP,Madhya Pradesh,2025,R2,NEET_AIR,2188.0,NOT ALLOTTED,ALLOTTED NOT ALLOTTED,MD,,,MP__MP Round 2 Allotment.txt,2680,
MP,Madhya Pradesh,2025,R2,NEET_AIR,2191.0,NOT ALLOTTED,ALLOTTED NOT ALLOTTED,MD,,,MP__MP Round 2 Allotment.txt,2682,
MP,Madhya Pradesh,2025,R2,NEET_AIR,2192.0,NOT ALLOTTED,ALLOTTED NOT ALLOTTED,ALLOTTED,,,MP__MP Round 2 Allotment.txt,2684,
MP,Madhya Pradesh,2025,R2,NEET_AIR,2194.0,NOT ALLOTTED,ALLOTTED NOT ALLOTTED,NOT ALLOTTED,,,MP__MP Round 2 Allotment.txt,2686,
MP,Madhya Pradesh,2025,R2,NEET_AIR,2196.0,GANDHI MEDICAL COLLEGE BHOPAL,MD ANAESTHESIOLOGY,ST,,,MP__MP Round 2 Allotment.txt,2687,
MP,Madhya Pradesh,2025,R2,NEET_AIR,2197.0,GANDHI MEDICAL COLLEGE BHOPAL,MD PSYCHIATRY,ST,,,MP__MP Round 2 Allotment.txt,2688,
MP,Madhya Pradesh,2025,R2,NEET_AIR,2198.0,NOT ALLOTTED,ALLOTTED NOT ALLOTTED,ALLOTTED,,,MP__MP Round 2 Allotment.txt,2690,
MP,Madhya Pradesh,2025,R2,NEET_AIR,2199.0,NOT ALLOTTED,ALLOTTED NOT ALLOTTED,MD,,,MP__MP Round 2 Allotment.txt,2692,
MP,Madhya Pradesh,2025,R2,NEET_AIR,2201.0,LN MEDICAL COLLEGE BHOPAL,MS ORTHOPAEDICS,OBC,,,MP__MP Round 2 Allotment.txt,2693,
MP,Madhya Pradesh,2025,R2,NEET_AIR,2203.0,NOT ALLOTTED,ALLOTTED NOT ALLOTTED,NOT ALLOTTED,,,MP__MP Round 2 Allotment.txt,2695,
MP,Madhya Pradesh,2025,R2,NEET_AIR,2206.0,NOT ALLOTTED,ALLOTTED NOT ALLOTTED,MS,,,MP__MP Round 2 Allotment.txt,2697,
MP,Madhya Pradesh,2025,R2,NEET_AIR,2207.0,INDORE,MS GENERAL SURGERY,OBC,,,MP__MP Round 2 Allotment.txt,2699,
MP,Madhya Pradesh,2025,R2,NEET_AIR,2209.0,NOT ALLOTTED,ALLOTTED NOT ALLOTTED,ALLOTTED ALLOTTED,,,MP__MP Round 2 Allotment.txt,2701,
MP,Madhya Pradesh,2025,R2,NEET_AIR,2212.0,CHIRAYU MEDICAL COLLEGE AND HOSPITAL BHOPAL,MS GENERAL SURGERY,OBC,,,MP__MP Round 2 Allotment.txt,2703,
MP,Madhya Pradesh,2025,R2,NEET_AIR,2214.0,NOT ALLOTTED,ALLOTTED NOT ALLOTTED,ALLOTTED,,,MP__MP Round 2 Allotment.txt,2705,
MP,Madhya Pradesh,2025,R2,NEET_AIR,2216.0,NOT ALLOTTED,ALLOTTED NOT ALLOTTED,NOT ALLOTTED,,,MP__MP Round 2 Allotment.txt,2707,
MP,Madhya Pradesh,2025,R2,NEET_AIR,2217.0,NOT ALLOTTED,ALLOTTED NOT ALLOTTED,ALLOTTED,,,MP__MP Round 2 Allotment.txt,2709,
MP,Madhya Pradesh,2025,R2,NEET_AIR,2218.0,NOT ALLOTTED,ALLOTTED NOT ALLOTTED,ALLOTTED,,,MP__MP Round 2 Allotment.txt,2711,
MP,Madhya Pradesh,2025,R2,NEET_AIR,2219.0,NOT ALLOTTED,ALLOTTED NOT ALLOTTED,ALLOTTED,,,MP__MP Round 2 Allotment.txt,2713,
MP,Madhya Pradesh,2025,R2,NEET_AIR,2220.0,NOT ALLOTTED,ALLOTTED NOT ALLOTTED,MD,,,MP__MP Round 2 Allotment.txt,2715,
MP,Madhya Pradesh,2025,R2,NEET_AIR,2221.0,GOVERNMENT MEDICAL COLLEGE DATIA,MS GENERAL SURGERY,ST,,,MP__MP Round 2 Allotment.txt,2717,
MP,Madhya Pradesh,2025,R2,NEET_AIR,2222.0,NOT ALLOTTED,ALLOTTED NOT ALLOTTED,ALLOTTED ALLOTTED,,,MP__MP Round 2 Allotment.txt,2719,
MP,Madhya Pradesh,2025,R2,NEET_AIR,2223.0,NOT ALLOTTED,ALLOTTED NOT ALLOTTED,MD,,,MP__MP Round 2 Allotment.txt,2721,
MP,Madhya Pradesh,2025,R2,NEET_AIR,2225.0,NOT ALLOTTED,ALLOTTED NOT ALLOTTED,MD,,,MP__MP Round 2 Allotment.txt,2723,
MP,Madhya Pradesh,2025,R2,NEET_AIR,2227.0,NOT ALLOTTED,ALLOTTED NOT ALLOTTED,ALLOTTED ALLOTTED,,,MP__MP Round 2 Allotment.txt,2725,
MP,Madhya Pradesh,2025,R2,NEET_AIR,2230.0,NOT ALLOTTED,ALLOTTED NOT ALLOTTED,MD,,,MP__MP Round 2 Allotment.txt,2727,
MP,Madhya Pradesh,2025,R2,NEET_AIR,2232.0,NOT ALLOTTED,ALLOTTED NOT ALLOTTED,ALLOTTED,,,MP__MP Round 2 Allotment.txt,2729,
MP,Madhya Pradesh,2025,R2,NEET_AIR,2233.0,NOT ALLOTTED,ALLOTTED NOT ALLOTTED,NOT ALLOTTED,,,MP__MP Round 2 Allotment.txt,2731,
MP,Madhya Pradesh,2025,R2,NEET_AIR,2234.0,NOT ALLOTTED,ALLOTTED NOT ALLOTTED,ALLOTTED,,,MP__MP Round 2 Allotment.txt,2733,
MP,Madhya Pradesh,2025,R2,NEET_AIR,2236.0,NOT ALLOTTED,ALLOTTED NOT ALLOTTED,ALLOTTED,,,MP__MP Round 2 Allotment.txt,2735,
MP,Madhya Pradesh,2025,R2,NEET_AIR,2242.0,NOT ALLOTTED,ALLOTTED NOT ALLOTTED,MS,,,MP__MP Round 2 Allotment.txt,2737,
MP,Madhya Pradesh,2025,R2,NEET_AIR,2243.0,MEDICAL COLLEGE KHANDWA,MD COMMUNITY MEDICINE,OBC,,,MP__MP Round 2 Allotment.txt,2739,
MP,Madhya Pradesh,2025,R2,NEET_AIR,2247.0,NOT ALLOTTED,ALLOTTED NOT ALLOTTED,ALLOTTED,,,MP__MP Round 2 Allotment.txt,2741,
MP,Madhya Pradesh,2025,R2,NEET_AIR,2249.0,NOT ALLOTTED,ALLOTTED NOT ALLOTTED,ALLOTTED,,,MP__MP Round 2 Allotment.txt,2743,
MP,Madhya Pradesh,2025,R2,NEET_AIR,2250.0,NOT ALLOTTED,ALLOTTED NOT ALLOTTED,ALLOTTED,,,MP__MP Round 2 Allotment.txt,2745,
MP,Madhya Pradesh,2025,R2,NEET_AIR,2253.0,GAJRA RAJA MEDICAL COLLEGE GWALIOR,MD ANAESTHESIOLOGY,ST,,,MP__MP Round 2 Allotment.txt,2747,
MP,Madhya Pradesh,2025,R2,NEET_AIR,2255.0,NOT ALLOTTED,ALLOTTED NOT ALLOTTED,MD,,,MP__MP Round 2 Allotment.txt,2749,
MP,Madhya Pradesh,2025,R2,NEET_AIR,2257.0,NOT ALLOTTED,ALLOTTED NOT ALLOTTED,MS,,,MP__MP Round 2 Allotment.txt,2761,
MP,Madhya Pradesh,2025,R2,NEET_AIR,2259.0,NOT ALLOTTED,ALLOTTED NOT ALLOTTED,ALLOTTED,,,MP__MP Round 2 Allotment.txt,2763,
MP,Madhya Pradesh,2025,R2,NEET_AIR,2263.0,NOT ALLOTTED,ALLOTTED NOT ALLOTTED,NOT ALLOTTED,,,MP__MP Round 2 Allotment.txt,2765,
MP,Madhya Pradesh,2025,R2,NEET_AIR,2264.0,NOT ALLOTTED,ALLOTTED NOT ALLOTTED,NOT ALLOTTED,,,MP__MP Round 2 Allotment.txt,2767,
MP,Madhya Pradesh,2025,R2,NEET_AIR,2265.0,NOT ALLOTTED,ALLOTTED NOT ALLOTTED,NOT ALLOTTED,,,MP__MP Round 2 Allotment.txt,2769,
MP,Madhya Pradesh,2025,R2,NEET_AIR,2266.0,NOT ALLOTTED,ALLOTTED NOT ALLOTTED,MS,,,MP__MP Round 2 Allotment.txt,2771,
MP,Madhya Pradesh,2025,R2,NEET_AIR,2268.0,INDORE,MD PHARMACOLOGY,UR/X/OP,,,MP__MP Round 2 Allotment.txt,2773,
MP,Madhya Pradesh,2025,R2,NEET_AIR,2270.0,NOT ALLOTTED,ALLOTTED NOT ALLOTTED,ALLOTTED,,,MP__MP Round 2 Allotment.txt,2775,
MP,Madhya Pradesh,2025,R2,NEET_AIR,2271.0,NOT ALLOTTED,ALLOTTED NOT ALLOTTED,ALLOTTED,,,MP__MP Round 2 Allotment.txt,2777,
MP,Madhya Pradesh,2025,R2,NEET_AIR,2274.0,JABALPUR,MD ANAESTHESIOLOGY,ST,,,MP__MP Round 2 Allotment.txt,2779,
MP,Madhya Pradesh,2025,R2,NEET_AIR,2275.0,LN MEDICAL COLLEGE BHOPAL,MD PATHOLOGY,UR/X/OP,,,MP__MP Round 2 Allotment.txt,2781,
MP,Madhya Pradesh,2025,R2,NEET_AIR,2276.0,NOT ALLOTTED,ALLOTTED NOT ALLOTTED,ALLOTTED,,,MP__MP Round 2 Allotment.txt,2783,
MP,Madhya Pradesh,2025,R2,NEET_AIR,2277.0,NOT ALLOTTED,ALLOTTED NOT ALLOTTED,ALLOTTED,,,MP__MP Round 2 Allotment.txt,2785,
MP,Madhya Pradesh,2025,R2,NEET_AIR,2278.0,NOT ALLOTTED,ALLOTTED NOT ALLOTTED,ALLOTTED,,,MP__MP Round 2 Allotment.txt,2787,
MP,Madhya Pradesh,2025,R2,NEET_AIR,2279.0,NOT ALLOTTED,ALLOTTED NOT ALLOTTED,ALLOTTED,,,MP__MP Round 2 Allotment.txt,2789,
MP,Madhya Pradesh,2025,R2,NEET_AIR,2282.0,NOT ALLOTTED,ALLOTTED NOT ALLOTTED,MD,,,MP__MP Round 2 Allotment.txt,2791,
MP,Madhya Pradesh,2025,R2,NEET_AIR,2285.0,NOT ALLOTTED,ALLOTTED NOT ALLOTTED,ALLOTTED ALLOTTED,,,MP__MP Round 2 Allotment.txt,2793,
MP,Madhya Pradesh,2025,R2,NEET_AIR,2286.0,NOT ALLOTTED,ALLOTTED NOT ALLOTTED,MD,,,MP__MP Round 2 Allotment.txt,2795,
MP,Madhya Pradesh,2025,R2,NEET_AIR,2287.0,NOT ALLOTTED,ALLOTTED NOT ALLOTTED,ALLOTTED,,,MP__MP Round 2 Allotment.txt,2797,
MP,Madhya Pradesh,2025,R2,NEET_AIR,2288.0,NOT ALLOTTED,ALLOTTED NOT ALLOTTED,ALLOTTED,,,MP__MP Round 2 Allotment.txt,2799,
MP,Madhya Pradesh,2025,R2,NEET_AIR,2289.0,INDORE,MD GENERAL MEDICINE,SC,,,MP__MP Round 2 Allotment.txt,2801,
MP,Madhya Pradesh,2025,R2,NEET_AIR,2290.0,LN MEDICAL COLLEGE BHOPAL,MS GENERAL SURGERY,OBC,,,MP__MP Round 2 Allotment.txt,2803,
MP,Madhya Pradesh,2025,R2,NEET_AIR,2293.0,NOT ALLOTTED,ALLOTTED NOT ALLOTTED,ALLOTTED,,,MP__MP Round 2 Allotment.txt,2805,
MP,Madhya Pradesh,2025,R2,NEET_AIR,2294.0,NOT ALLOTTED,ALLOTTED NOT ALLOTTED,ALLOTTED,,,MP__MP Round 2 Allotment.txt,2807,
MP,Madhya Pradesh,2025,R2,NEET_AIR,2295.0,NOT ALLOTTED,ALLOTTED NOT ALLOTTED,MD,,,MP__MP Round 2 Allotment.txt,2809,
MP,Madhya Pradesh,2025,R2,NEET_AIR,2300.0,COLLEGE VIDISHA,MD PAEDIATRICS,IN_UR/X/OP,,,MP__MP Round 2 Allotment.txt,2811,
MP,Madhya Pradesh,2025,R2,NEET_AIR,2303.0,LN MEDICAL COLLEGE BHOPAL,MS (ENT),OBC,,,MP__MP Round 2 Allotment.txt,2813,
MP,Madhya Pradesh,2025,R2,NEET_AIR,2304.0,NOT ALLOTTED,ALLOTTED NOT ALLOTTED,ALLOTTED,,,MP__MP Round 2 Allotment.txt,2815,
MP,Madhya Pradesh,2025,R2,NEET_AIR,2305.0,NOT ALLOTTED,ALLOTTED NOT ALLOTTED,ALLOTTED,,,MP__MP Round 2 Allotment.txt,2817,
MP,Madhya Pradesh,2025,R2,NEET_AIR,2312.0,NOT ALLOTTED,ALLOTTED NOT ALLOTTED,ALLOTTED,,,MP__MP Round 2 Allotment.txt,2819,
MP,Madhya Pradesh,2025,R2,NEET_AIR,2315.0,SHAHDOL,MD MICROBIOLOGY,FRESH ALLOTTED,,,MP__MP Round 2 Allotment.txt,2821,
MP,Madhya Pradesh,2025,R2,NEET_AIR,2316.0,NOT ALLOTTED,ALLOTTED NOT ALLOTTED,MD,,,MP__MP Round 2 Allotment.txt,2823,
MP,Madhya Pradesh,2025,R2,NEET_AIR,2317.0,NOT ALLOTTED,ALLOTTED NOT ALLOTTED,MD,,,MP__MP Round 2 Allotment.txt,2825,
MP,Madhya Pradesh,2025,R2,NEET_AIR,2320.0,NOT ALLOTTED,ALLOTTED NOT ALLOTTED,ALLOTTED ALLOTTED,,,MP__MP Round 2 Allotment.txt,2827,
MP,Madhya Pradesh,2025,R2,NEET_AIR,2321.0,NOT ALLOTTED,ALLOTTED NOT ALLOTTED,MS,,,MP__MP Round 2 Allotment.txt,2829,
MP,Madhya Pradesh,2025,R2,NEET_AIR,2326.0,NOT ALLOTTED,ALLOTTED NOT ALLOTTED,MS,,,MP__MP Round 2 Allotment.txt,2831,
MP,Madhya Pradesh,2025,R2,NEET_AIR,2327.0,NOT ALLOTTED,ALLOTTED NOT ALLOTTED,MD,,,MP__MP Round 2 Allotment.txt,2833,
MP,Madhya Pradesh,2025,R2,NEET_AIR,2328.0,NOT ALLOTTED,ALLOTTED NOT ALLOTTED,ALLOTTED ALLOTTED,,,MP__MP Round 2 Allotment.txt,2835,
MP,Madhya Pradesh,2025,R2,NEET_AIR,2329.0,NOT ALLOTTED,ALLOTTED NOT ALLOTTED,MS,,,MP__MP Round 2 Allotment.txt,2837,
MP,Madhya Pradesh,2025,R2,NEET_AIR,2331.0,NOT ALLOTTED,ALLOTTED NOT ALLOTTED,ALLOTTED,,,MP__MP Round 2 Allotment.txt,2839,
MP,Madhya Pradesh,2025,R2,NEET_AIR,2333.0,NOT ALLOTTED,ALLOTTED NOT ALLOTTED,ALLOTTED,,,MP__MP Round 2 Allotment.txt,2841,
MP,Madhya Pradesh,2025,R2,NEET_AIR,2334.0,NOT ALLOTTED,ALLOTTED NOT ALLOTTED,ALLOTTED,,,MP__MP Round 2 Allotment.txt,2843,
MP,Madhya Pradesh,2025,R2,NEET_AIR,2335.0,NOT ALLOTTED,ALLOTTED NOT ALLOTTED,MD,,,MP__MP Round 2 Allotment.txt,2845,
MP,Madhya Pradesh,2025,R2,NEET_AIR,2336.0,INDORE,MS OPHTHALMOLOGY,ST,,,MP__MP Round 2 Allotment.txt,2847,
MP,Madhya Pradesh,2025,R2,NEET_AIR,2338.0,NOT ALLOTTED,ALLOTTED NOT ALLOTTED,ALLOTTED ALLOTTED,,,MP__MP Round 2 Allotment.txt,2849,
MP,Madhya Pradesh,2025,R2,NEET_AIR,2339.0,NOT ALLOTTED,ALLOTTED NOT ALLOTTED,MD,,,MP__MP Round 2 Allotment.txt,2851,
MP,Madhya Pradesh,2025,R2,NEET_AIR,2340.0,NOT ALLOTTED,ALLOTTED NOT ALLOTTED,ALLOTTED ALLOTTED,,,MP__MP Round 2 Allotment.txt,2853,
MP,Madhya Pradesh,2025,R2,NEET_AIR,2341.0,CHIRAYU MEDICAL COLLEGE AND HOSPITAL BHOPAL PSYCHIATRY,MD Clinical,FRESH ALLOTTED,,,MP__MP Round 2 Allotment.txt,2855,
MP,Madhya Pradesh,2025,R2,NEET_AIR,2342.0,NOT ALLOTTED,ALLOTTED NOT ALLOTTED,NOT ALLOTTED,,,MP__MP Round 2 Allotment.txt,2857,
MP,Madhya Pradesh,2025,R2,NEET_AIR,2346.0,NOT ALLOTTED,ALLOTTED NOT ALLOTTED,ALLOTTED,,,MP__MP Round 2 Allotment.txt,2859,
MP,Madhya Pradesh,2025,R2,NEET_AIR,2347.0,NOT ALLOTTED,ALLOTTED NOT ALLOTTED,NOT ALLOTTED,,,MP__MP Round 2 Allotment.txt,2861,
MP,Madhya Pradesh,2025,R2,NEET_AIR,2350.0,NOT ALLOTTED,ALLOTTED NOT ALLOTTED,NOT ALLOTTED,,,MP__MP Round 2 Allotment.txt,2863,
MP,Madhya Pradesh,2025,R2,NEET_AIR,2351.0,NOT ALLOTTED,ALLOTTED NOT ALLOTTED,ALLOTTED,,,MP__MP Round 2 Allotment.txt,2865,
MP,Madhya Pradesh,2025,R2,NEET_AIR,2356.0,NOT ALLOTTED,ALLOTTED NOT ALLOTTED,NOT ALLOTTED,,,MP__MP Round 2 Allotment.txt,2867,
MP,Madhya Pradesh,2025,R2,NEET_AIR,2357.0,NOT ALLOTTED,ALLOTTED NOT ALLOTTED,ALLOTTED,,,MP__MP Round 2 Allotment.txt,2869,
MP,Madhya Pradesh,2025,R2,NEET_AIR,2359.0,NOT ALLOTTED,ALLOTTED NOT ALLOTTED,MD,,,MP__MP Round 2 Allotment.txt,2871,
MP,Madhya Pradesh,2025,R2,NEET_AIR,2362.0,CHIRAYU MEDICAL COLLEGE AND HOSPITAL BHOPAL,MD PATHOLOGY,UR/X/OP,,,MP__MP Round 2 Allotment.txt,2873,
MP,Madhya Pradesh,2025,R2,NEET_AIR,2363.0,NOT ALLOTTED,ALLOTTED NOT ALLOTTED,MD,,,MP__MP Round 2 Allotment.txt,2886,
MP,Madhya Pradesh,2025,R2,NEET_AIR,2365.0,NOT ALLOTTED,ALLOTTED NOT ALLOTTED,MD,,,MP__MP Round 2 Allotment.txt,2888,
MP,Madhya Pradesh,2025,R2,NEET_AIR,2370.0,NOT ALLOTTED,ALLOTTED ALLOTTED ALLOTTED,NOT ALLOTTED,,,MP__MP Round 2 Allotment.txt,2890,
MP,Madhya Pradesh,2025,R2,NEET_AIR,2371.0,NOT ALLOTTED,ALLOTTED NOT ALLOTTED,MS,,,MP__MP Round 2 Allotment.txt,2892,
MP,Madhya Pradesh,2025,R2,NEET_AIR,2372.0,NOT ALLOTTED,ALLOTTED NOT ALLOTTED,ALLOTTED ALLOTTED,,,MP__MP Round 2 Allotment.txt,2894,
MP,Madhya Pradesh,2025,R2,NEET_AIR,2375.0,NOT ALLOTTED,ALLOTTED NOT ALLOTTED,MS,,,MP__MP Round 2 Allotment.txt,2896,
MP,Madhya Pradesh,2025,R2,NEET_AIR,2377.0,NOT ALLOTTED,ALLOTTED NOT ALLOTTED,MS,,,MP__MP Round 2 Allotment.txt,2898,
MP,Madhya Pradesh,2025,R2,NEET_AIR,2378.0,NOT ALLOTTED,ALLOTTED NOT ALLOTTED,ALLOTTED ALLOTTED,,,MP__MP Round 2 Allotment.txt,2900,
MP,Madhya Pradesh,2025,R2,NEET_AIR,2380.0,GOVERMENT MEDICAL COLLEGE RATLAM,MD MICROBIOLOGY,INST/UR/X/OP,,,MP__MP Round 2 Allotment.txt,2902,
MP,Madhya Pradesh,2025,R2,NEET_AIR,2382.0,NOT ALLOTTED,ALLOTTED NOT ALLOTTED,MD,,,MP__MP Round 2 Allotment.txt,2904,
MP,Madhya Pradesh,2025,R2,NEET_AIR,2384.0,NOT ALLOTTED,ALLOTTED NOT ALLOTTED,ALLOTTED,,,MP__MP Round 2 Allotment.txt,2906,
MP,Madhya Pradesh,2025,R2,NEET_AIR,2386.0,NOT ALLOTTED,ALLOTTED NOT ALLOTTED,ALLOTTED,,,MP__MP Round 2 Allotment.txt,2908,
MP,Madhya Pradesh,2025,R2,NEET_AIR,2390.0,GANDHI MEDICAL COLLEGE BHOPAL,MD PATHOLOGY,ST,,,MP__MP Round 2 Allotment.txt,2910,
MP,Madhya Pradesh,2025,R2,NEET_AIR,2391.0,NOT ALLOTTED,ALLOTTED NOT ALLOTTED,NOT ALLOTTED,,,MP__MP Round 2 Allotment.txt,2912,
MP,Madhya Pradesh,2025,R2,NEET_AIR,2394.0,NOT ALLOTTED,ALLOTTED NOT ALLOTTED,NOT ALLOTTED,,,MP__MP Round 2 Allotment.txt,2914,
MP,Madhya Pradesh,2025,R2,NEET_AIR,2396.0,INDORE,MS GYNAECOLOGY,SC,,,MP__MP Round 2 Allotment.txt,2916,
MP,Madhya Pradesh,2025,R2,NEET_AIR,2398.0,NOT ALLOTTED,ALLOTTED NOT ALLOTTED,ALLOTTED ALLOTTED,,,MP__MP Round 2 Allotment.txt,2918,
MP,Madhya Pradesh,2025,R2,NEET_AIR,2401.0,INDORE,MS (ENT),ST,,,MP__MP Round 2 Allotment.txt,2920,
MP,Madhya Pradesh,2025,R2,NEET_AIR,2403.0,NOT ALLOTTED,ALLOTTED NOT ALLOTTED,ALLOTTED,,,MP__MP Round 2 Allotment.txt,2924,
MP,Madhya Pradesh,2025,R2,NEET_AIR,2404.0,NOT ALLOTTED,ALLOTTED NOT ALLOTTED,NOT ALLOTTED,,,MP__MP Round 2 Allotment.txt,2926,
MP,Madhya Pradesh,2025,R2,NEET_AIR,2405.0,NOT ALLOTTED,ALLOTTED NOT ALLOTTED,MD,,,MP__MP Round 2 Allotment.txt,2928,
MP,Madhya Pradesh,2025,R2,NEET_AIR,2408.0,NOT ALLOTTED,ALLOTTED NOT ALLOTTED,ALLOTTED,,,MP__MP Round 2 Allotment.txt,2930,
MP,Madhya Pradesh,2025,R2,NEET_AIR,2411.0,NOT ALLOTTED,ALLOTTED NOT ALLOTTED,NOT ALLOTTED,,,MP__MP Round 2 Allotment.txt,2932,
MP,Madhya Pradesh,2025,R2,NEET_AIR,2413.0,NOT ALLOTTED,ALLOTTED NOT ALLOTTED,MD,,,MP__MP Round 2 Allotment.txt,2934,
MP,Madhya Pradesh,2025,R2,NEET_AIR,2414.0,NOT ALLOTTED,ALLOTTED NOT ALLOTTED,ALLOTTED,,,MP__MP Round 2 Allotment.txt,2936,
MP,Madhya Pradesh,2025,R2,NEET_AIR,2415.0,NOT ALLOTTED,ALLOTTED NOT ALLOTTED,NOT ALLOTTED,,,MP__MP Round 2 Allotment.txt,2938,
MP,Madhya Pradesh,2025,R2,NEET_AIR,2418.0,NOT ALLOTTED,ALLOTTED NOT ALLOTTED,ALLOTTED,,,MP__MP Round 2 Allotment.txt,2940,
MP,Madhya Pradesh,2025,R2,NEET_AIR,2419.0,NOT ALLOTTED,ALLOTTED NOT ALLOTTED,ALLOTTED,,,MP__MP Round 2 Allotment.txt,2942,
MP,Madhya Pradesh,2025,R2,NEET_AIR,2420.0,NOT ALLOTTED,ALLOTTED NOT ALLOTTED,MD,,,MP__MP Round 2 Allotment.txt,2944,
MP,Madhya Pradesh,2025,R2,NEET_AIR,2421.0,NOT ALLOTTED,ALLOTTED NOT ALLOTTED,ALLOTTED,,,MP__MP Round 2 Allotment.txt,2946,
MP,Madhya Pradesh,2025,R2,NEET_AIR,2424.0,NOT ALLOTTED,ALLOTTED NOT ALLOTTED,ALLOTTED,,,MP__MP Round 2 Allotment.txt,2948,
MP,Madhya Pradesh,2025,R2,NEET_AIR,2426.0,NOT ALLOTTED,ALLOTTED ALLOTTED ALLOTTED,NOT ALLOTTED,,,MP__MP Round 2 Allotment.txt,2953,
MP,Madhya Pradesh,2025,R2,NEET_AIR,2427.0,LN MEDICAL COLLEGE BHOPAL,MD ANAESTHESIOLOGY,OBC,,,MP__MP Round 2 Allotment.txt,2955,
MP,Madhya Pradesh,2025,R2,NEET_AIR,2430.0,PEOPLES COLLEGE OF MEDICAL SCIENCE BHOPAL,MD PATHOLOGY,UR/X/OP,,,MP__MP Round 2 Allotment.txt,2957,
MP,Madhya Pradesh,2025,R2,NEET_AIR,2432.0,NOT ALLOTTED,ALLOTTED NOT ALLOTTED,ALLOTTED ALLOTTED,,,MP__MP Round 2 Allotment.txt,2959,
MP,Madhya Pradesh,2025,R2,NEET_AIR,2433.0,INDORE,MD MICROBIOLOGY,FRESH ALLOTTED,,,MP__MP Round 2 Allotment.txt,2961,
MP,Madhya Pradesh,2025,R2,NEET_AIR,2437.0,INDORE,MD PATHOLOGY,FRESH ALLOTTED,,,MP__MP Round 2 Allotment.txt,2963,
MP,Madhya Pradesh,2025,R2,NEET_AIR,2439.0,NOT ALLOTTED,ALLOTTED NOT ALLOTTED,ALLOTTED ALLOTTED,,,MP__MP Round 2 Allotment.txt,2965,
MP,Madhya Pradesh,2025,R2,NEET_AIR,2440.0,INDORE,MD AND LEPROSY,INST/UR/NRI/OP,,,MP__MP Round 2 Allotment.txt,2967,
MP,Madhya Pradesh,2025,R2,NEET_AIR,2442.0,NOT ALLOTTED,ALLOTTED NOT ALLOTTED,NOT ALLOTTED,,,MP__MP Round 2 Allotment.txt,2969,
MP,Madhya Pradesh,2025,R2,NEET_AIR,2447.0,NOT ALLOTTED,ALLOTTED NOT ALLOTTED,ALLOTTED,,,MP__MP Round 2 Allotment.txt,2971,
MP,Madhya Pradesh,2025,R2,NEET_AIR,2448.0,NOT ALLOTTED,ALLOTTED NOT ALLOTTED,ALLOTTED,,,MP__MP Round 2 Allotment.txt,2973,
MP,Madhya Pradesh,2025,R2,NEET_AIR,2449.0,INDORE,MD GENERAL MEDICINE,IN_UR/X/OP,,,MP__MP Round 2 Allotment.txt,2975,
MP,Madhya Pradesh,2025,R2,NEET_AIR,2450.0,NOT ALLOTTED,ALLOTTED NOT ALLOTTED,NOT ALLOTTED,,,MP__MP Round 2 Allotment.txt,2977,
MP,Madhya Pradesh,2025,R2,NEET_AIR,2451.0,NOT ALLOTTED,ALLOTTED NOT ALLOTTED,ALLOTTED,,,MP__MP Round 2 Allotment.txt,2979,
MP,Madhya Pradesh,2025,R2,NEET_AIR,2453.0,NOT ALLOTTED,ALLOTTED NOT ALLOTTED,ALLOTTED,,,MP__MP Round 2 Allotment.txt,2981,
MP,Madhya Pradesh,2025,R2,NEET_AIR,2455.0,NOT ALLOTTED,ALLOTTED NOT ALLOTTED,MS,,,MP__MP Round 2 Allotment.txt,2983,
MP,Madhya Pradesh,2025,R2,NEET_AIR,2461.0,JABALPUR,MS ORTHOPAEDICS,IN_UR/X/OP,,,MP__MP Round 2 Allotment.txt,2985,
MP,Madhya Pradesh,2025,R2,NEET_AIR,2462.0,GANDHI MEDICAL COLLEGE BHOPAL,MS GENERAL SURGERY,IN_UR/X/OP,,,MP__MP Round 2 Allotment.txt,2986,
MP,Madhya Pradesh,2025,R2,NEET_AIR,2464.0,NOT ALLOTTED,ALLOTTED NOT ALLOTTED,ALLOTTED,,,MP__MP Round 2 Allotment.txt,2988,
MP,Madhya Pradesh,2025,R2,NEET_AIR,2465.0,SHYAM SHAH MEDICAL COLLEGE REWA,MS OPHTHALMOLOGY,ST,,,MP__MP Round 2 Allotment.txt,2989,
MP,Madhya Pradesh,2025,R2,NEET_AIR,2467.0,NOT ALLOTTED,ALLOTTED NOT ALLOTTED,ALLOTTED,,,MP__MP Round 2 Allotment.txt,2991,
MP,Madhya Pradesh,2025,R2,NEET_AIR,2468.0,NOT ALLOTTED,ALLOTTED NOT ALLOTTED,MS,,,MP__MP Round 2 Allotment.txt,2993,
MP,Madhya Pradesh,2025,R2,NEET_AIR,2470.0,RD GARDI MEDICAL COLLEGE UJJAIN,MD RADIODIAGNOSIS,INST/UR/NRI/OP,,,MP__MP Round 2 Allotment.txt,2994,
MP,Madhya Pradesh,2025,R2,NEET_AIR,2474.0,NOT ALLOTTED,ALLOTTED NOT ALLOTTED,ALLOTTED,,,MP__MP Round 2 Allotment.txt,2996,
MP,Madhya Pradesh,2025,R2,NEET_AIR,2475.0,NOT ALLOTTED,ALLOTTED NOT ALLOTTED,MD,,,MP__MP Round 2 Allotment.txt,2998,
MP,Madhya Pradesh,2025,R2,NEET_AIR,2478.0,INDORE,MS GENERAL SURGERY,SC,,,MP__MP Round 2 Allotment.txt,3000,
MP,Madhya Pradesh,2025,R2,NEET_AIR,2479.0,NOT ALLOTTED,ALLOTTED NOT ALLOTTED,ALLOTTED,,,MP__MP Round 2 Allotment.txt,3013,
MP,Madhya Pradesh,2025,R2,NEET_AIR,2480.0,NOT ALLOTTED,ALLOTTED NOT ALLOTTED,NOT ALLOTTED,,,MP__MP Round 2 Allotment.txt,3015,
MP,Madhya Pradesh,2025,R2,NEET_AIR,2481.0,NOT ALLOTTED,ALLOTTED NOT ALLOTTED,ALLOTTED,,,MP__MP Round 2 Allotment.txt,3017,
MP,Madhya Pradesh,2025,R2,NEET_AIR,2484.0,NOT ALLOTTED,ALLOTTED NOT ALLOTTED,ALLOTTED,,,MP__MP Round 2 Allotment.txt,3019,
MP,Madhya Pradesh,2025,R2,NEET_AIR,2485.0,CENTRE BHOPAL,MS OPHTHALMOLOGY,INST/UR/X/OP,,,MP__MP Round 2 Allotment.txt,3021,
MP,Madhya Pradesh,2025,R2,NEET_AIR,2486.0,CENTER INDORE,MD ANAESTHESIOLOGY,INST/UR/X/OP,,,MP__MP Round 2 Allotment.txt,3023,
MP,Madhya Pradesh,2025,R2,NEET_AIR,2489.0,NOT ALLOTTED,ALLOTTED NOT ALLOTTED,ALLOTTED ALLOTTED,,,MP__MP Round 2 Allotment.txt,3025,
MP,Madhya Pradesh,2025,R2,NEET_AIR,2490.0,NOT ALLOTTED,ALLOTTED NOT ALLOTTED,MD,,,MP__MP Round 2 Allotment.txt,3027,
MP,Madhya Pradesh,2025,R2,NEET_AIR,2491.0,NOT ALLOTTED,ALLOTTED NOT ALLOTTED,ALLOTTED,,,MP__MP Round 2 Allotment.txt,3029,
MP,Madhya Pradesh,2025,R2,NEET_AIR,2493.0,NOT ALLOTTED,ALLOTTED NOT ALLOTTED,ALLOTTED,,,MP__MP Round 2 Allotment.txt,3031,
MP,Madhya Pradesh,2025,R2,NEET_AIR,2494.0,NOT ALLOTTED,ALLOTTED NOT ALLOTTED,ALLOTTED,,,MP__MP Round 2 Allotment.txt,3033,
MP,Madhya Pradesh,2025,R2,NEET_AIR,2496.0,NOT ALLOTTED,ALLOTTED NOT ALLOTTED,ALLOTTED,,,MP__MP Round 2 Allotment.txt,3035,
MP,Madhya Pradesh,2025,R2,NEET_AIR,2497.0,NOT ALLOTTED,ALLOTTED NOT ALLOTTED,ALLOTTED,,,MP__MP Round 2 Allotment.txt,3037,
MP,Madhya Pradesh,2025,R2,NEET_AIR,2499.0,NOT ALLOTTED,ALLOTTED NOT ALLOTTED,MD,,,MP__MP Round 2 Allotment.txt,3039,
MP,Madhya Pradesh,2025,R2,NEET_AIR,2500.0,BUNDELKHAND MEDICAL COLLEGE SAGAR,MS OPHTHALMOLOGY,ST,,,MP__MP Round 2 Allotment.txt,3041,
MP,Madhya Pradesh,2025,R2,NEET_AIR,2501.0,NOT ALLOTTED,ALLOTTED NOT ALLOTTED,ALLOTTED,,,MP__MP Round 2 Allotment.txt,3043,
MP,Madhya Pradesh,2025,R2,NEET_AIR,2503.0,PEOPLES COLLEGE OF MEDICAL SCIENCE BHOPAL,MD ANAESTHESIOLOGY,UR/X/OP,,,MP__MP Round 2 Allotment.txt,3044,
MP,Madhya Pradesh,2025,R2,NEET_AIR,2504.0,INDORE,MS GENERAL SURGERY,OBC,,,MP__MP Round 2 Allotment.txt,3046,
MP,Madhya Pradesh,2025,R2,NEET_AIR,2505.0,NOT ALLOTTED,ALLOTTED NOT ALLOTTED,ALLOTTED ALLOTTED,,,MP__MP Round 2 Allotment.txt,3048,
MP,Madhya Pradesh,2025,R2,NEET_AIR,2506.0,NOT ALLOTTED,ALLOTTED NOT ALLOTTED,MS,,,MP__MP Round 2 Allotment.txt,3050,
MP,Madhya Pradesh,2025,R2,NEET_AIR,2507.0,GANDHI MEDICAL COLLEGE BHOPAL,MS GYNAECOLOGY,IN_UR/X/OP,,,MP__MP Round 2 Allotment.txt,3052,
MP,Madhya Pradesh,2025,R2,NEET_AIR,2508.0,CHIRAYU MEDICAL COLLEGE AND HOSPITAL BHOPAL,MD GENERAL MEDICINE,IN_UR/X/OP,,,MP__MP Round 2 Allotment.txt,3054,
MP,Madhya Pradesh,2025,R2,NEET_AIR,2509.0,COLLEGE SHIVPURI,MS ORTHOPAEDICS,IN_UR/X/OP,,,MP__MP Round 2 Allotment.txt,3056,
MP,Madhya Pradesh,2025,R2,NEET_AIR,2511.0,NOT ALLOTTED,ALLOTTED NOT ALLOTTED,ALLOTTED ALLOTTED,,,MP__MP Round 2 Allotment.txt,3058,
MP,Madhya Pradesh,2025,R2,NEET_AIR,2512.0,AMALTAS INSTITUTE OF MEDICAL SCIENCES DEWAS,MD EMERGENCY MEDICINE,OBC,,,MP__MP Round 2 Allotment.txt,3060,
MP,Madhya Pradesh,2025,R2,NEET_AIR,2517.0,LN MEDICAL COLLEGE BHOPAL,MS GENERAL SURGERY,OBC,,,MP__MP Round 2 Allotment.txt,3062,
MP,Madhya Pradesh,2025,R2,NEET_AIR,2521.0,NOT ALLOTTED,ALLOTTED ALLOTTED ALLOTTED,NOT ALLOTTED,,,MP__MP Round 2 Allotment.txt,3064,
MP,Madhya Pradesh,2025,R2,NEET_AIR,2522.0,NOT ALLOTTED,ALLOTTED NOT ALLOTTED,MD,,,MP__MP Round 2 Allotment.txt,3066,
MP,Madhya Pradesh,2025,R2,NEET_AIR,2523.0,CHHINDWARA,MS ORTHOPAEDICS,IN_UR/X/OP,,,MP__MP Round 2 Allotment.txt,3068,
MP,Madhya Pradesh,2025,R2,NEET_AIR,2524.0,NOT ALLOTTED,ALLOTTED NOT ALLOTTED,NOT ALLOTTED,,,MP__MP Round 2 Allotment.txt,3070,
MP,Madhya Pradesh,2025,R2,NEET_AIR,2526.0,NOT ALLOTTED,ALLOTTED NOT ALLOTTED,ALLOTTED,,,MP__MP Round 2 Allotment.txt,3072,
MP,Madhya Pradesh,2025,R2,NEET_AIR,2527.0,NOT ALLOTTED,ALLOTTED NOT ALLOTTED,ALLOTTED,,,MP__MP Round 2 Allotment.txt,3074,
MP,Madhya Pradesh,2025,R2,NEET_AIR,2529.0,LN MEDICAL COLLEGE BHOPAL,MD PSYCHIATRY,OBC,,,MP__MP Round 2 Allotment.txt,3075,
MP,Madhya Pradesh,2025,R2,NEET_AIR,2531.0,LN MEDICAL COLLEGE BHOPAL,MS GENERAL SURGERY,OBC,,,MP__MP Round 2 Allotment.txt,3077,
MP,Madhya Pradesh,2025,R2,NEET_AIR,2534.0,CENTER INDORE,MD RADIODIAGNOSIS,SC,,,MP__MP Round 2 Allotment.txt,3079,
MP,Madhya Pradesh,2025,R2,NEET_AIR,2539.0,GOVERMENT MEDICAL COLLEGE RATLAM,MD ANAESTHESIOLOGY,ST,,,MP__MP Round 2 Allotment.txt,3080,
MP,Madhya Pradesh,2025,R2,NEET_AIR,2542.0,RD GARDI MEDICAL COLLEGE UJJAIN,MD GENERAL MEDICINE,INST/UR/NRI/OP,,,MP__MP Round 2 Allotment.txt,3081,
MP,Madhya Pradesh,2025,R2,NEET_AIR,2544.0,NOT ALLOTTED,ALLOTTED NOT ALLOTTED,ALLOTTED,,,MP__MP Round 2 Allotment.txt,3083,
MP,Madhya Pradesh,2025,R2,NEET_AIR,2545.0,NOT ALLOTTED,ALLOTTED NOT ALLOTTED,MS,,,MP__MP Round 2 Allotment.txt,3085,
MP,Madhya Pradesh,2025,R2,NEET_AIR,2546.0,CENTER INDORE,MD ANAESTHESIOLOGY,INST/UR/X/OP,,,MP__MP Round 2 Allotment.txt,3087,
MP,Madhya Pradesh,2025,R2,NEET_AIR,2547.0,NOT ALLOTTED,ALLOTTED NOT ALLOTTED,ALLOTTED ALLOTTED,,,MP__MP Round 2 Allotment.txt,3089,
MP,Madhya Pradesh,2025,R2,NEET_AIR,2548.0,RESEARCH BHOPAL,MD RADIODIAGNOSIS,SC,,,MP__MP Round 2 Allotment.txt,3091,
MP,Madhya Pradesh,2025,R2,NEET_AIR,2549.0,NOT ALLOTTED,ALLOTTED NOT ALLOTTED,MD,,,MP__MP Round 2 Allotment.txt,3093,
MP,Madhya Pradesh,2025,R2,NEET_AIR,2550.0,NOT ALLOTTED,ALLOTTED NOT ALLOTTED,ALLOTTED,,,MP__MP Round 2 Allotment.txt,3095,
MP,Madhya Pradesh,2025,R2,NEET_AIR,2551.0,NOT ALLOTTED,ALLOTTED NOT ALLOTTED,ALLOTTED,,,MP__MP Round 2 Allotment.txt,3097,
MP,Madhya Pradesh,2025,R2,NEET_AIR,2554.0,NOT ALLOTTED,ALLOTTED NOT ALLOTTED,MS,,,MP__MP Round 2 Allotment.txt,3099,
MP,Madhya Pradesh,2025,R2,NEET_AIR,2555.0,CENTER INDORE,MD AND LEPROSY,SC,,,MP__MP Round 2 Allotment.txt,3101,
MP,Madhya Pradesh,2025,R2,NEET_AIR,2556.0,COLLEGE VIDISHA,MS (ENT),ST,,,MP__MP Round 2 Allotment.txt,3103,
MP,Madhya Pradesh,2025,R2,NEET_AIR,2558.0,CENTER INDORE,MS OPHTHALMOLOGY,UR/X/OP,,,MP__MP Round 2 Allotment.txt,3105,
MP,Madhya Pradesh,2025,R2,NEET_AIR,2561.0,CENTER INDORE,MS GENERAL SURGERY,OBC,,,MP__MP Round 2 Allotment.txt,3107,
MP,Madhya Pradesh,2025,R2,NEET_AIR,2563.0,NOT ALLOTTED,ALLOTTED NOT ALLOTTED,ALLOTTED ALLOTTED,,,MP__MP Round 2 Allotment.txt,3109,
MP,Madhya Pradesh,2025,R2,NEET_AIR,2564.0,CHHINDWARA,MD ANAESTHESIOLOGY,ST,,,MP__MP Round 2 Allotment.txt,3111,
MP,Madhya Pradesh,2025,R2,NEET_AIR,2567.0,INDORE,MD GENERAL MEDICINE,IN_UR/X/OP,,,MP__MP Round 2 Allotment.txt,3113,
MP,Madhya Pradesh,2025,R2,NEET_AIR,2568.0,NOT ALLOTTED,ALLOTTED ALLOTTED ALLOTTED,NOT ALLOTTED,,,MP__MP Round 2 Allotment.txt,3115,
MP,Madhya Pradesh,2025,R2,NEET_AIR,2571.0,NOT ALLOTTED,ALLOTTED NOT ALLOTTED,MD,,,MP__MP Round 2 Allotment.txt,3117,
MP,Madhya Pradesh,2025,R2,NEET_AIR,2574.0,NOT ALLOTTED,ALLOTTED NOT ALLOTTED,MS,,,MP__MP Round 2 Allotment.txt,3119,
MP,Madhya Pradesh,2025,R2,NEET_AIR,2575.0,NOT ALLOTTED,ALLOTTED NOT ALLOTTED,MS,,,MP__MP Round 2 Allotment.txt,3121,
MP,Madhya Pradesh,2025,R2,NEET_AIR,2580.0,CENTER INDORE,MD GENERAL MEDICINE,SC,,,MP__MP Round 2 Allotment.txt,3123,
MP,Madhya Pradesh,2025,R2,NEET_AIR,2584.0,INDORE,MD PATHOLOGY,UR/X/OP,,,MP__MP Round 2 Allotment.txt,3125,
MP,Madhya Pradesh,2025,R2,NEET_AIR,2585.0,NOT ALLOTTED,ALLOTTED NOT ALLOTTED,ALLOTTED,,,MP__MP Round 2 Allotment.txt,3138,
MP,Madhya Pradesh,2025,R2,NEET_AIR,2586.0,NOT ALLOTTED,ALLOTTED NOT ALLOTTED,ALLOTTED,,,MP__MP Round 2 Allotment.txt,3140,
MP,Madhya Pradesh,2025,R2,NEET_AIR,2589.0,CENTER INDORE,MS GENERAL SURGERY,INST/UR/X/OP,,,MP__MP Round 2 Allotment.txt,3142,
MP,Madhya Pradesh,2025,R2,NEET_AIR,2590.0,NOT ALLOTTED,ALLOTTED NOT ALLOTTED,ALLOTTED,,,MP__MP Round 2 Allotment.txt,3144,
MP,Madhya Pradesh,2025,R2,NEET_AIR,2593.0,NOT ALLOTTED,ALLOTTED NOT ALLOTTED,ALLOTTED,,,MP__MP Round 2 Allotment.txt,3146,
MP,Madhya Pradesh,2025,R2,NEET_AIR,2595.0,NOT ALLOTTED,ALLOTTED NOT ALLOTTED,ALLOTTED,,,MP__MP Round 2 Allotment.txt,3148,
MP,Madhya Pradesh,2025,R2,NEET_AIR,2598.0,NOT ALLOTTED,ALLOTTED NOT ALLOTTED,NOT ALLOTTED,,,MP__MP Round 2 Allotment.txt,3150,
MP,Madhya Pradesh,2025,R2,NEET_AIR,2599.0,NOT ALLOTTED,ALLOTTED NOT ALLOTTED,ALLOTTED,,,MP__MP Round 2 Allotment.txt,3152,
MP,Madhya Pradesh,2025,R2,NEET_AIR,2601.0,NOT ALLOTTED,ALLOTTED NOT ALLOTTED,ALLOTTED,,,MP__MP Round 2 Allotment.txt,3154,
MP,Madhya Pradesh,2025,R2,NEET_AIR,2603.0,JABALPUR,MD ANAESTHESIOLOGY,INST/UR/X/OP,,,MP__MP Round 2 Allotment.txt,3156,
MP,Madhya Pradesh,2025,R2,NEET_AIR,2606.0,NOT ALLOTTED,ALLOTTED NOT ALLOTTED,ALLOTTED ALLOTTED,,,MP__MP Round 2 Allotment.txt,3158,
MP,Madhya Pradesh,2025,R2,NEET_AIR,2609.0,CENTER INDORE,MD ANAESTHESIOLOGY,OBC,,,MP__MP Round 2 Allotment.txt,3163,
MP,Madhya Pradesh,2025,R2,NEET_AIR,2612.0,NOT ALLOTTED,ALLOTTED NOT ALLOTTED,MD,,,MP__MP Round 2 Allotment.txt,3165,
MP,Madhya Pradesh,2025,R2,NEET_AIR,2613.0,NOT ALLOTTED,ALLOTTED NOT ALLOTTED,ALLOTTED,,,MP__MP Round 2 Allotment.txt,3167,
MP,Madhya Pradesh,2025,R2,NEET_AIR,2615.0,NOT ALLOTTED,ALLOTTED NOT ALLOTTED,ALLOTTED,,,MP__MP Round 2 Allotment.txt,3169,
MP,Madhya Pradesh,2025,R2,NEET_AIR,2616.0,NOT ALLOTTED,ALLOTTED NOT ALLOTTED,ALLOTTED,,,MP__MP Round 2 Allotment.txt,3171,
MP,Madhya Pradesh,2025,R2,NEET_AIR,2617.0,NOT ALLOTTED,ALLOTTED NOT ALLOTTED,ALLOTTED,,,MP__MP Round 2 Allotment.txt,3173,
MP,Madhya Pradesh,2025,R2,NEET_AIR,2618.0,NOT ALLOTTED,ALLOTTED NOT ALLOTTED,MD,,,MP__MP Round 2 Allotment.txt,3175,
MP,Madhya Pradesh,2025,R2,NEET_AIR,2620.0,NOT ALLOTTED,ALLOTTED ALLOTTED ALLOTTED NOT ALLOTTED,NO,,,MP__MP Round 2 Allotment.txt,3177,
MP,Madhya Pradesh,2025,R2,NEET_AIR,2622.0,JABALPUR,MS ORTHOPAEDICS,IN_OBC/X/OP,,,MP__MP Round 2 Allotment.txt,3179,
MP,Madhya Pradesh,2025,R2,NEET_AIR,2623.0,INDORE,MD RADIODIAGNOSIS,ST,,,MP__MP Round 2 Allotment.txt,3181,
MP,Madhya Pradesh,2025,R2,NEET_AIR,2626.0,NOT ALLOTTED,ALLOTTED NOT ALLOTTED,ALLOTTED ALLOTTED,,,MP__MP Round 2 Allotment.txt,3183,
MP,Madhya Pradesh,2025,R2,NEET_AIR,2631.0,CHHINDWARA,MS (ENT),ST,,,MP__MP Round 2 Allotment.txt,3185,
MP,Madhya Pradesh,2025,R2,NEET_AIR,2634.0,NOT ALLOTTED,ALLOTTED NOT ALLOTTED,MD,,,MP__MP Round 2 Allotment.txt,3187,
MP,Madhya Pradesh,2025,R2,NEET_AIR,2639.0,NOT ALLOTTED,ALLOTTED NOT ALLOTTED,ALLOTTED,,,MP__MP Round 2 Allotment.txt,3189,
MP,Madhya Pradesh,2025,R2,NEET_AIR,2640.0,NOT ALLOTTED,ALLOTTED NOT ALLOTTED,ALLOTTED,,,MP__MP Round 2 Allotment.txt,3191,
MP,Madhya Pradesh,2025,R2,NEET_AIR,2641.0,NOT ALLOTTED,ALLOTTED NOT ALLOTTED,ALLOTTED,,,MP__MP Round 2 Allotment.txt,3193,
MP,Madhya Pradesh,2025,R2,NEET_AIR,2651.0,NOT ALLOTTED,ALLOTTED NOT ALLOTTED,MS,,,MP__MP Round 2 Allotment.txt,3195,
MP,Madhya Pradesh,2025,R2,NEET_AIR,2657.0,NOT ALLOTTED,ALLOTTED NOT ALLOTTED,ALLOTTED,,,MP__MP Round 2 Allotment.txt,3197,
MP,Madhya Pradesh,2025,R2,NEET_AIR,2661.0,NOT ALLOTTED,ALLOTTED NOT ALLOTTED,NOT ALLOTTED,,,MP__MP Round 2 Allotment.txt,3199,
MP,Madhya Pradesh,2025,R2,NEET_AIR,2662.0,NOT ALLOTTED,ALLOTTED NOT ALLOTTED,NOT ALLOTTED,,,MP__MP Round 2 Allotment.txt,3201,
MP,Madhya Pradesh,2025,R2,NEET_AIR,2664.0,AMALTAS INSTITUTE OF MEDICAL SCIENCES DEWAS,MS (ENT),OBC,,,MP__MP Round 2 Allotment.txt,3203,
MP,Madhya Pradesh,2025,R2,NEET_AIR,2665.0,NOT ALLOTTED,ALLOTTED NOT ALLOTTED,MS,,,MP__MP Round 2 Allotment.txt,3205,
MP,Madhya Pradesh,2025,R2,NEET_AIR,2669.0,NOT ALLOTTED,ALLOTTED NOT ALLOTTED,ALLOTTED,,,MP__MP Round 2 Allotment.txt,3207,
MP,Madhya Pradesh,2025,R2,NEET_AIR,2673.0,NOT ALLOTTED,ALLOTTED NOT ALLOTTED,ALLOTTED,,,MP__MP Round 2 Allotment.txt,3209,
MP,Madhya Pradesh,2025,R2,NEET_AIR,2675.0,PEOPLES COLLEGE OF MEDICAL SCIENCE BHOPAL,MD RADIODIAGNOSIS,INST/UR/NRI/OP,,,MP__MP Round 2 Allotment.txt,3210,
MP,Madhya Pradesh,2025,R2,NEET_AIR,2677.0,GANDHI MEDICAL COLLEGE BHOPAL,MD PAEDIATRICS,IN_SC/X/OP,,,MP__MP Round 2 Allotment.txt,3211,
MP,Madhya Pradesh,2025,R2,NEET_AIR,2678.0,GAJRA RAJA MEDICAL COLLEGE GWALIOR,MD PSYCHIATRY,IN_OBC/X/OP,,,MP__MP Round 2 Allotment.txt,3212,
MP,Madhya Pradesh,2025,R2,NEET_AIR,2679.0,NOT ALLOTTED,ALLOTTED NOT ALLOTTED,MS,,,MP__MP Round 2 Allotment.txt,3214,
MP,Madhya Pradesh,2025,R2,NEET_AIR,2683.0,NOT ALLOTTED,ALLOTTED NOT ALLOTTED,MD,,,MP__MP Round 2 Allotment.txt,3216,
MP,Madhya Pradesh,2025,R2,NEET_AIR,2687.0,GAJRA RAJA MEDICAL COLLEGE GWALIOR,MD PATHOLOGY,ST,,,MP__MP Round 2 Allotment.txt,3218,
MP,Madhya Pradesh,2025,R2,NEET_AIR,2688.0,JABALPUR,MD RADIATION ONCOLOGY,ST,,,MP__MP Round 2 Allotment.txt,3220,
MP,Madhya Pradesh,2025,R2,NEET_AIR,2689.0,INDORE,MD AND LEPROSY,INST/UR/NRI/OP,,,MP__MP Round 2 Allotment.txt,3222,
MP,Madhya Pradesh,2025,R2,NEET_AIR,2690.0,NOT ALLOTTED,ALLOTTED NOT ALLOTTED,MS,,,MP__MP Round 2 Allotment.txt,3224,
MP,Madhya Pradesh,2025,R2,NEET_AIR,2691.0,LN MEDICAL COLLEGE BHOPAL,MS GYNAECOLOGY,SC,,,MP__MP Round 2 Allotment.txt,3226,
MP,Madhya Pradesh,2025,R2,NEET_AIR,2695.0,NOT ALLOTTED,ALLOTTED NOT ALLOTTED,MS,,,MP__MP Round 2 Allotment.txt,3228,
MP,Madhya Pradesh,2025,R2,NEET_AIR,2698.0,NOT ALLOTTED,ALLOTTED NOT ALLOTTED,NOT ALLOTTED,,,MP__MP Round 2 Allotment.txt,3230,
MP,Madhya Pradesh,2025,R2,NEET_AIR,2699.0,NOT ALLOTTED,ALLOTTED NOT ALLOTTED,ALLOTTED,,,MP__MP Round 2 Allotment.txt,3232,
MP,Madhya Pradesh,2025,R2,NEET_AIR,2700.0,NOT ALLOTTED,ALLOTTED NOT ALLOTTED,ALLOTTED,,,MP__MP Round 2 Allotment.txt,3234,
MP,Madhya Pradesh,2025,R2,NEET_AIR,2702.0,NOT ALLOTTED,ALLOTTED NOT ALLOTTED,ALLOTTED,,,MP__MP Round 2 Allotment.txt,3236,
MP,Madhya Pradesh,2025,R2,NEET_AIR,2703.0,CHIRAYU MEDICAL COLLEGE AND HOSPITAL BHOPAL,MD PAEDIATRICS,SC,,,MP__MP Round 2 Allotment.txt,3238,
MP,Madhya Pradesh,2025,R2,NEET_AIR,2709.0,NOT ALLOTTED,ALLOTTED NOT ALLOTTED,ALLOTTED,,,MP__MP Round 2 Allotment.txt,3240,
MP,Madhya Pradesh,2025,R2,NEET_AIR,2712.0,NOT ALLOTTED,ALLOTTED NOT ALLOTTED,ALLOTTED,,,MP__MP Round 2 Allotment.txt,3242,
MP,Madhya Pradesh,2025,R2,NEET_AIR,2713.0,NOT ALLOTTED,ALLOTTED NOT ALLOTTED,ALLOTTED,,,MP__MP Round 2 Allotment.txt,3244,
MP,Madhya Pradesh,2025,R2,NEET_AIR,2714.0,PEOPLES COLLEGE OF MEDICAL SCIENCE BHOPAL,MD PSYCHIATRY,SC,,,MP__MP Round 2 Allotment.txt,3246,
MP,Madhya Pradesh,2025,R2,NEET_AIR,2715.0,NOT ALLOTTED,ALLOTTED NOT ALLOTTED,ALLOTTED,,,MP__MP Round 2 Allotment.txt,3248,
MP,Madhya Pradesh,2025,R2,NEET_AIR,2718.0,NOT ALLOTTED,ALLOTTED NOT ALLOTTED,NOT ALLOTTED,,,MP__MP Round 2 Allotment.txt,3250,
MP,Madhya Pradesh,2025,R2,NEET_AIR,2720.0,NOT ALLOTTED,ALLOTTED NOT ALLOTTED,ALLOTTED,,,MP__MP Round 2 Allotment.txt,3252,
MP,Madhya Pradesh,2025,R2,NEET_AIR,2721.0,NOT ALLOTTED,ALLOTTED ALLOTTED ALLOTTED,NOT ALLOTTED,,,MP__MP Round 2 Allotment.txt,3264,
MP,Madhya Pradesh,2025,R2,NEET_AIR,2722.0,AMALTAS INSTITUTE OF MEDICAL SCIENCES DEWAS,MS GENERAL SURGERY,OBC,,,MP__MP Round 2 Allotment.txt,3266,
MP,Madhya Pradesh,2025,R2,NEET_AIR,2723.0,NOT ALLOTTED,ALLOTTED NOT ALLOTTED,ALLOTTED ALLOTTED,,,MP__MP Round 2 Allotment.txt,3268,
MP,Madhya Pradesh,2025,R2,NEET_AIR,2725.0,NOT ALLOTTED,ALLOTTED NOT ALLOTTED,MD,,,MP__MP Round 2 Allotment.txt,3270,
MP,Madhya Pradesh,2025,R2,NEET_AIR,2726.0,GOVERMENT MEDICAL COLLEGE SATNA,MD COMMUNITY MEDICINE,EWS,,,MP__MP Round 2 Allotment.txt,3272,
MP,Madhya Pradesh,2025,R2,NEET_AIR,2727.0,NOT ALLOTTED,ALLOTTED NOT ALLOTTED,ALLOTTED,,,MP__MP Round 2 Allotment.txt,3274,
MP,Madhya Pradesh,2025,R2,NEET_AIR,2729.0,NOT ALLOTTED,ALLOTTED NOT ALLOTTED,ALLOTTED,,,MP__MP Round 2 Allotment.txt,3276,
MP,Madhya Pradesh,2025,R2,NEET_AIR,2731.0,NOT ALLOTTED,ALLOTTED NOT ALLOTTED,MD,,,MP__MP Round 2 Allotment.txt,3278,
MP,Madhya Pradesh,2025,R2,NEET_AIR,2732.0,NOT ALLOTTED,ALLOTTED NOT ALLOTTED,MD,,,MP__MP Round 2 Allotment.txt,3280,
MP,Madhya Pradesh,2025,R2,NEET_AIR,2734.0,NOT ALLOTTED,ALLOTTED NOT ALLOTTED,ALLOTTED,,,MP__MP Round 2 Allotment.txt,3282,
MP,Madhya Pradesh,2025,R2,NEET_AIR,2737.0,NOT ALLOTTED,ALLOTTED NOT ALLOTTED,NOT ALLOTTED,,,MP__MP Round 2 Allotment.txt,3284,
MP,Madhya Pradesh,2025,R2,NEET_AIR,2738.0,NOT ALLOTTED,ALLOTTED NOT ALLOTTED,MD,,,MP__MP Round 2 Allotment.txt,3286,
MP,Madhya Pradesh,2025,R2,NEET_AIR,2743.0,NOT ALLOTTED,ALLOTTED NOT ALLOTTED,ALLOTTED,,,MP__MP Round 2 Allotment.txt,3288,
MP,Madhya Pradesh,2025,R2,NEET_AIR,2745.0,NOT ALLOTTED,ALLOTTED NOT ALLOTTED,ALLOTTED,,,MP__MP Round 2 Allotment.txt,3290,
MP,Madhya Pradesh,2025,R2,NEET_AIR,2748.0,NOT ALLOTTED,ALLOTTED NOT ALLOTTED,ALLOTTED,,,MP__MP Round 2 Allotment.txt,3292,
MP,Madhya Pradesh,2025,R2,NEET_AIR,2750.0,NOT ALLOTTED,ALLOTTED NOT ALLOTTED,ALLOTTED,,,MP__MP Round 2 Allotment.txt,3294,
MP,Madhya Pradesh,2025,R2,NEET_AIR,2753.0,NOT ALLOTTED,ALLOTTED NOT ALLOTTED,ALLOTTED,,,MP__MP Round 2 Allotment.txt,3296,
MP,Madhya Pradesh,2025,R2,NEET_AIR,2756.0,NOT ALLOTTED,ALLOTTED NOT ALLOTTED,MD,,,MP__MP Round 2 Allotment.txt,3298,
MP,Madhya Pradesh,2025,R2,NEET_AIR,2757.0,INDORE,MD BLOOD TRANSFUSION,FRESH ALLOTTED,,,MP__MP Round 2 Allotment.txt,3300,
MP,Madhya Pradesh,2025,R2,NEET_AIR,2758.0,NOT ALLOTTED,ALLOTTED NOT ALLOTTED,ALLOTTED ALLOTTED,,,MP__MP Round 2 Allotment.txt,3302,
MP,Madhya Pradesh,2025,R2,NEET_AIR,2759.0,NOT ALLOTTED,ALLOTTED NOT ALLOTTED,MD,,,MP__MP Round 2 Allotment.txt,3304,
MP,Madhya Pradesh,2025,R2,NEET_AIR,2763.0,NOT ALLOTTED,ALLOTTED NOT ALLOTTED,ALLOTTED,,,MP__MP Round 2 Allotment.txt,3306,
MP,Madhya Pradesh,2025,R2,NEET_AIR,2764.0,NOT ALLOTTED,ALLOTTED NOT ALLOTTED,ALLOTTED,,,MP__MP Round 2 Allotment.txt,3308,
MP,Madhya Pradesh,2025,R2,NEET_AIR,2767.0,NOT ALLOTTED,ALLOTTED NOT ALLOTTED,ALLOTTED,,,MP__MP Round 2 Allotment.txt,3310,
MP,Madhya Pradesh,2025,R2,NEET_AIR,2769.0,RD GARDI MEDICAL COLLEGE UJJAIN,MD PAEDIATRICS,INST/UR/NRI/OP,,,MP__MP Round 2 Allotment.txt,3312,
MP,Madhya Pradesh,2025,R2,NEET_AIR,2771.0,CENTER INDORE,MD ANAESTHESIOLOGY,UR/X/OP,,,MP__MP Round 2 Allotment.txt,3314,
MP,Madhya Pradesh,2025,R2,NEET_AIR,2772.0,NOT ALLOTTED,ALLOTTED NOT ALLOTTED,ALLOTTED,,,MP__MP Round 2 Allotment.txt,3316,
MP,Madhya Pradesh,2025,R2,NEET_AIR,2777.0,NOT ALLOTTED,ALLOTTED NOT ALLOTTED,ALLOTTED,,,MP__MP Round 2 Allotment.txt,3318,
MP,Madhya Pradesh,2025,R2,NEET_AIR,2779.0,NOT ALLOTTED,ALLOTTED NOT ALLOTTED,ALLOTTED,,,MP__MP Round 2 Allotment.txt,3320,
MP,Madhya Pradesh,2025,R2,NEET_AIR,2780.0,NOT ALLOTTED,ALLOTTED NOT ALLOTTED,ALLOTTED,,,MP__MP Round 2 Allotment.txt,3322,
MP,Madhya Pradesh,2025,R2,NEET_AIR,2781.0,NOT ALLOTTED,ALLOTTED NOT ALLOTTED,ALLOTTED,,,MP__MP Round 2 Allotment.txt,3324,
MP,Madhya Pradesh,2025,R2,NEET_AIR,2785.0,NOT ALLOTTED,ALLOTTED NOT ALLOTTED,NOT ALLOTTED,,,MP__MP Round 2 Allotment.txt,3326,
MP,Madhya Pradesh,2025,R2,NEET_AIR,2787.0,INDORE,MD RADIODIAGNOSIS,ST,,,MP__MP Round 2 Allotment.txt,3328,
MP,Madhya Pradesh,2025,R2,NEET_AIR,2788.0,LN MEDICAL COLLEGE BHOPAL,MD PAEDIATRICS,SC,,,MP__MP Round 2 Allotment.txt,3330,
MP,Madhya Pradesh,2025,R2,NEET_AIR,2789.0,NOT ALLOTTED,ALLOTTED NOT ALLOTTED,MS,,,MP__MP Round 2 Allotment.txt,3332,
MP,Madhya Pradesh,2025,R2,NEET_AIR,2792.0,NOT ALLOTTED,ALLOTTED NOT ALLOTTED,MD,,,MP__MP Round 2 Allotment.txt,3334,
MP,Madhya Pradesh,2025,R2,NEET_AIR,2793.0,NOT ALLOTTED,ALLOTTED NOT ALLOTTED,MD,,,MP__MP Round 2 Allotment.txt,3336,
MP,Madhya Pradesh,2025,R2,NEET_AIR,2798.0,NOT ALLOTTED,ALLOTTED NOT ALLOTTED,ALLOTTED,,,MP__MP Round 2 Allotment.txt,3338,
MP,Madhya Pradesh,2025,R2,NEET_AIR,2801.0,RD GARDI MEDICAL COLLEGE UJJAIN,MD GENERAL MEDICINE,ST,,,MP__MP Round 2 Allotment.txt,3339,
MP,Madhya Pradesh,2025,R2,NEET_AIR,2802.0,NOT ALLOTTED,ALLOTTED NOT ALLOTTED,ALLOTTED,,,MP__MP Round 2 Allotment.txt,3341,
MP,Madhya Pradesh,2025,R2,NEET_AIR,2803.0,NOT ALLOTTED,ALLOTTED NOT ALLOTTED,ALLOTTED,,,MP__MP Round 2 Allotment.txt,3343,
MP,Madhya Pradesh,2025,R2,NEET_AIR,2807.0,NOT ALLOTTED,ALLOTTED NOT ALLOTTED,ALLOTTED,,,MP__MP Round 2 Allotment.txt,3345,
MP,Madhya Pradesh,2025,R2,NEET_AIR,2810.0,NOT ALLOTTED,ALLOTTED NOT ALLOTTED,ALLOTTED,,,MP__MP Round 2 Allotment.txt,3347,
MP,Madhya Pradesh,2025,R2,NEET_AIR,2812.0,NOT ALLOTTED,ALLOTTED NOT ALLOTTED,ALLOTTED,,,MP__MP Round 2 Allotment.txt,3349,
MP,Madhya Pradesh,2025,R2,NEET_AIR,2813.0,NOT ALLOTTED,ALLOTTED NOT ALLOTTED,ALLOTTED,,,MP__MP Round 2 Allotment.txt,3351,
MP,Madhya Pradesh,2025,R2,NEET_AIR,2815.0,NOT ALLOTTED,ALLOTTED NOT ALLOTTED,MS,,,MP__MP Round 2 Allotment.txt,3353,
MP,Madhya Pradesh,2025,R2,NEET_AIR,2818.0,NOT ALLOTTED,ALLOTTED NOT ALLOTTED,ALLOTTED ALLOTTED,,,MP__MP Round 2 Allotment.txt,3355,
MP,Madhya Pradesh,2025,R2,NEET_AIR,2821.0,NOT ALLOTTED,ALLOTTED NOT ALLOTTED,MS,,,MP__MP Round 2 Allotment.txt,3357,
MP,Madhya Pradesh,2025,R2,NEET_AIR,2826.0,NOT ALLOTTED,ALLOTTED NOT ALLOTTED,NOT ALLOTTED,,,MP__MP Round 2 Allotment.txt,3359,
MP,Madhya Pradesh,2025,R2,NEET_AIR,2829.0,NOT ALLOTTED,ALLOTTED NOT ALLOTTED,NOT ALLOTTED,,,MP__MP Round 2 Allotment.txt,3361,
MP,Madhya Pradesh,2025,R2,NEET_AIR,2831.0,NOT ALLOTTED,ALLOTTED NOT ALLOTTED,MS,,,MP__MP Round 2 Allotment.txt,3363,
MP,Madhya Pradesh,2025,R2,NEET_AIR,2834.0,NOT ALLOTTED,ALLOTTED ALLOTTED ALLOTTED,NOT ALLOTTED,,,MP__MP Round 2 Allotment.txt,3365,
MP,Madhya Pradesh,2025,R2,NEET_AIR,2835.0,NOT ALLOTTED,ALLOTTED NOT ALLOTTED,MS,,,MP__MP Round 2 Allotment.txt,3367,
MP,Madhya Pradesh,2025,R2,NEET_AIR,2836.0,NOT ALLOTTED,ALLOTTED NOT ALLOTTED,ALLOTTED ALLOTTED,,,MP__MP Round 2 Allotment.txt,3369,
MP,Madhya Pradesh,2025,R2,NEET_AIR,2838.0,NOT ALLOTTED,ALLOTTED NOT ALLOTTED,MS,,,MP__MP Round 2 Allotment.txt,3371,
MP,Madhya Pradesh,2025,R2,NEET_AIR,2840.0,NOT ALLOTTED,ALLOTTED NOT ALLOTTED,ALLOTTED ALLOTTED,,,MP__MP Round 2 Allotment.txt,3373,
MP,Madhya Pradesh,2025,R2,NEET_AIR,2842.0,NOT ALLOTTED,ALLOTTED NOT ALLOTTED,MD,,,MP__MP Round 2 Allotment.txt,3375,
MP,Madhya Pradesh,2025,R2,NEET_AIR,2844.0,NOT ALLOTTED,ALLOTTED NOT ALLOTTED,MD,,,MP__MP Round 2 Allotment.txt,3377,
MP,Madhya Pradesh,2025,R2,NEET_AIR,2848.0,NOT ALLOTTED,ALLOTTED NOT ALLOTTED,MS,,,MP__MP Round 2 Allotment.txt,3389,
MP,Madhya Pradesh,2025,R2,NEET_AIR,2850.0,RD GARDI MEDICAL COLLEGE UJJAIN,MD ANAESTHESIOLOGY,SC,,,MP__MP Round 2 Allotment.txt,3390,
MP,Madhya Pradesh,2025,R2,NEET_AIR,2852.0,NOT ALLOTTED,ALLOTTED NOT ALLOTTED,MD,,,MP__MP Round 2 Allotment.txt,3392,
MP,Madhya Pradesh,2025,R2,NEET_AIR,2856.0,CHIRAYU MEDICAL COLLEGE AND HOSPITAL BHOPAL,MD PAEDIATRICS,SC,,,MP__MP Round 2 Allotment.txt,3394,
MP,Madhya Pradesh,2025,R2,NEET_AIR,2857.0,GAJRA RAJA MEDICAL COLLEGE GWALIOR,MS GYNAECOLOGY,IN_OBC/X/OP,,,MP__MP Round 2 Allotment.txt,3396,
MP,Madhya Pradesh,2025,R2,NEET_AIR,2858.0,NOT ALLOTTED,ALLOTTED NOT ALLOTTED,MD,,,MP__MP Round 2 Allotment.txt,3398,
MP,Madhya Pradesh,2025,R2,NEET_AIR,2864.0,NOT ALLOTTED,ALLOTTED NOT ALLOTTED,MD,,,MP__MP Round 2 Allotment.txt,3400,
MP,Madhya Pradesh,2025,R2,NEET_AIR,2865.0,AMALTAS INSTITUTE OF MEDICAL SCIENCES DEWAS,MD PATHOLOGY,UR/X/OP,,,MP__MP Round 2 Allotment.txt,3402,
MP,Madhya Pradesh,2025,R2,NEET_AIR,2868.0,NOT ALLOTTED,ALLOTTED NOT ALLOTTED,ALLOTTED ALLOTTED,,,MP__MP Round 2 Allotment.txt,3404,
MP,Madhya Pradesh,2025,R2,NEET_AIR,2869.0,NOT ALLOTTED,ALLOTTED NOT ALLOTTED,MD,,,MP__MP Round 2 Allotment.txt,3406,
MP,Madhya Pradesh,2025,R2,NEET_AIR,2874.0,NOT ALLOTTED,ALLOTTED NOT ALLOTTED,MD,,,MP__MP Round 2 Allotment.txt,3408,
MP,Madhya Pradesh,2025,R2,NEET_AIR,2875.0,NOT ALLOTTED,ALLOTTED NOT ALLOTTED,MD,,,MP__MP Round 2 Allotment.txt,3410,
MP,Madhya Pradesh,2025,R2,NEET_AIR,2876.0,NOT ALLOTTED,ALLOTTED NOT ALLOTTED,ALLOTTED,,,MP__MP Round 2 Allotment.txt,3412,
MP,Madhya Pradesh,2025,R2,NEET_AIR,2877.0,NOT ALLOTTED,ALLOTTED NOT ALLOTTED,ALLOTTED,,,MP__MP Round 2 Allotment.txt,3414,
MP,Madhya Pradesh,2025,R2,NEET_AIR,2878.0,NOT ALLOTTED,ALLOTTED NOT ALLOTTED,MD,,,MP__MP Round 2 Allotment.txt,3416,
MP,Madhya Pradesh,2025,R2,NEET_AIR,2879.0,NOT ALLOTTED,ALLOTTED ALLOTTED ALLOTTED,NOT ALLOTTED,,,MP__MP Round 2 Allotment.txt,3418,
MP,Madhya Pradesh,2025,R2,NEET_AIR,2881.0,NOT ALLOTTED,ALLOTTED NOT ALLOTTED,MD,,,MP__MP Round 2 Allotment.txt,3420,
MP,Madhya Pradesh,2025,R2,NEET_AIR,2888.0,NOT ALLOTTED,ALLOTTED NOT ALLOTTED,MD,,,MP__MP Round 2 Allotment.txt,3422,
MP,Madhya Pradesh,2025,R2,NEET_AIR,2889.0,NOT ALLOTTED,ALLOTTED ALLOTTED ALLOTTED NOT ALLOTTED,NO,,,MP__MP Round 2 Allotment.txt,3424,
MP,Madhya Pradesh,2025,R2,NEET_AIR,2892.0,NOT ALLOTTED,ALLOTTED NOT ALLOTTED,MD,,,MP__MP Round 2 Allotment.txt,3426,
MP,Madhya Pradesh,2025,R2,NEET_AIR,2895.0,NOT ALLOTTED,ALLOTTED NOT ALLOTTED,MD,,,MP__MP Round 2 Allotment.txt,3428,
MP,Madhya Pradesh,2025,R2,NEET_AIR,2896.0,NOT ALLOTTED,ALLOTTED NOT ALLOTTED,ALLOTTED,,,MP__MP Round 2 Allotment.txt,3430,
MP,Madhya Pradesh,2025,R2,NEET_AIR,2898.0,NOT ALLOTTED,ALLOTTED NOT ALLOTTED,ALLOTTED,,,MP__MP Round 2 Allotment.txt,3432,
MP,Madhya Pradesh,2025,R2,NEET_AIR,2899.0,GANDHI MEDICAL COLLEGE BHOPAL,MD COMMUNITY MEDICINE,ST,,,MP__MP Round 2 Allotment.txt,3434,
MP,Madhya Pradesh,2025,R2,NEET_AIR,2902.0,NOT ALLOTTED,ALLOTTED NOT ALLOTTED,ALLOTTED ALLOTTED,,,MP__MP Round 2 Allotment.txt,3436,
MP,Madhya Pradesh,2025,R2,NEET_AIR,2903.0,NOT ALLOTTED,ALLOTTED NOT ALLOTTED,MS,,,MP__MP Round 2 Allotment.txt,3438,
MP,Madhya Pradesh,2025,R2,NEET_AIR,2904.0,NOT ALLOTTED,ALLOTTED NOT ALLOTTED,ALLOTTED,,,MP__MP Round 2 Allotment.txt,3440,
MP,Madhya Pradesh,2025,R2,NEET_AIR,2905.0,NOT ALLOTTED,ALLOTTED NOT ALLOTTED,ALLOTTED,,,MP__MP Round 2 Allotment.txt,3442,
MP,Madhya Pradesh,2025,R2,NEET_AIR,2906.0,NOT ALLOTTED,ALLOTTED NOT ALLOTTED,ALLOTTED,,,MP__MP Round 2 Allotment.txt,3444,
MP,Madhya Pradesh,2025,R2,NEET_AIR,2908.0,NOT ALLOTTED,ALLOTTED NOT ALLOTTED,NOT ALLOTTED,,,MP__MP Round 2 Allotment.txt,3446,
MP,Madhya Pradesh,2025,R2,NEET_AIR,2909.0,NOT ALLOTTED,ALLOTTED NOT ALLOTTED,MD,,,MP__MP Round 2 Allotment.txt,3448,
MP,Madhya Pradesh,2025,R2,NEET_AIR,2911.0,LN MEDICAL COLLEGE BHOPAL,MS GYNAECOLOGY,SC,,,MP__MP Round 2 Allotment.txt,3450,
MP,Madhya Pradesh,2025,R2,NEET_AIR,2914.0,INDORE,MS GYNAECOLOGY,IN_ST/X/OP,,,MP__MP Round 2 Allotment.txt,3452,
MP,Madhya Pradesh,2025,R2,NEET_AIR,2918.0,NOT ALLOTTED,ALLOTTED NOT ALLOTTED,MD,,,MP__MP Round 2 Allotment.txt,3454,
MP,Madhya Pradesh,2025,R2,NEET_AIR,2922.0,GOVERMENT MEDICAL COLLEGE RATLAM,MD MICROBIOLOGY,EWS,,,MP__MP Round 2 Allotment.txt,3456,
MP,Madhya Pradesh,2025,R2,NEET_AIR,2924.0,NOT ALLOTTED,ALLOTTED NOT ALLOTTED,ALLOTTED ALLOTTED,,,MP__MP Round 2 Allotment.txt,3458,
MP,Madhya Pradesh,2025,R2,NEET_AIR,2929.0,INDORE,MD PSYCHIATRY,IN_SC/X/OP,,,MP__MP Round 2 Allotment.txt,3460,
MP,Madhya Pradesh,2025,R2,NEET_AIR,2930.0,INDORE,MD PATHOLOGY,INST/UR/X/OP,,,MP__MP Round 2 Allotment.txt,3462,
MP,Madhya Pradesh,2025,R2,NEET_AIR,2934.0,NOT ALLOTTED,ALLOTTED NOT ALLOTTED,ALLOTTED,,,MP__MP Round 2 Allotment.txt,3464,
MP,Madhya Pradesh,2025,R2,NEET_AIR,2935.0,LN MEDICAL COLLEGE BHOPAL,MD ANAESTHESIOLOGY,INST/UR/X/OP,,,MP__MP Round 2 Allotment.txt,3465,
MP,Madhya Pradesh,2025,R2,NEET_AIR,2936.0,NOT ALLOTTED,ALLOTTED NOT ALLOTTED,MD,,,MP__MP Round 2 Allotment.txt,3467,
MP,Madhya Pradesh,2025,R2,NEET_AIR,2937.0,CHIRAYU MEDICAL COLLEGE AND HOSPITAL BHOPAL,MD PATHOLOGY,OBC,,,MP__MP Round 2 Allotment.txt,3469,
MP,Madhya Pradesh,2025,R2,NEET_AIR,2941.0,NOT ALLOTTED,ALLOTTED NOT ALLOTTED,ALLOTTED ALLOTTED,,,MP__MP Round 2 Allotment.txt,3471,
MP,Madhya Pradesh,2025,R2,NEET_AIR,2943.0,NOT ALLOTTED,ALLOTTED NOT ALLOTTED,MD,,,MP__MP Round 2 Allotment.txt,3473,
MP,Madhya Pradesh,2025,R2,NEET_AIR,2944.0,NOT ALLOTTED,ALLOTTED NOT ALLOTTED,ALLOTTED,,,MP__MP Round 2 Allotment.txt,3475,
MP,Madhya Pradesh,2025,R2,NEET_AIR,2945.0,NOT ALLOTTED,ALLOTTED NOT ALLOTTED,ALLOTTED,,,MP__MP Round 2 Allotment.txt,3477,
MP,Madhya Pradesh,2025,R2,NEET_AIR,2946.0,NOT ALLOTTED,ALLOTTED NOT ALLOTTED,ALLOTTED,,,MP__MP Round 2 Allotment.txt,3479,
MP,Madhya Pradesh,2025,R2,NEET_AIR,2952.0,NOT ALLOTTED,ALLOTTED NOT ALLOTTED,ALLOTTED,,,MP__MP Round 2 Allotment.txt,3481,
MP,Madhya Pradesh,2025,R2,NEET_AIR,2954.0,NOT ALLOTTED,ALLOTTED NOT ALLOTTED,MS,,,MP__MP Round 2 Allotment.txt,3483,
MP,Madhya Pradesh,2025,R2,NEET_AIR,2955.0,NOT ALLOTTED,ALLOTTED NOT ALLOTTED,ALLOTTED ALLOTTED,,,MP__MP Round 2 Allotment.txt,3485,
MP,Madhya Pradesh,2025,R2,NEET_AIR,2958.0,NOT ALLOTTED,ALLOTTED NOT ALLOTTED,MD,,,MP__MP Round 2 Allotment.txt,3487,
MP,Madhya Pradesh,2025,R2,NEET_AIR,2959.0,NOT ALLOTTED,ALLOTTED NOT ALLOTTED,ALLOTTED ALLOTTED,,,MP__MP Round 2 Allotment.txt,3489,
MP,Madhya Pradesh,2025,R2,NEET_AIR,2960.0,GANDHI MEDICAL COLLEGE BHOPAL,MD PHYSIOLOGY,FRESH ALLOTTED,,,MP__MP Round 2 Allotment.txt,3491,
MP,Madhya Pradesh,2025,R2,NEET_AIR,2965.0,NOT ALLOTTED,ALLOTTED NOT ALLOTTED,MD,,,MP__MP Round 2 Allotment.txt,3493,
MP,Madhya Pradesh,2025,R2,NEET_AIR,2966.0,NOT ALLOTTED,ALLOTTED NOT ALLOTTED,ALLOTTED ALLOTTED,,,MP__MP Round 2 Allotment.txt,3495,
MP,Madhya Pradesh,2025,R2,NEET_AIR,2970.0,NOT ALLOTTED,ALLOTTED NOT ALLOTTED,MD,,,MP__MP Round 2 Allotment.txt,3497,
MP,Madhya Pradesh,2025,R2,NEET_AIR,2971.0,JABALPUR,MD COMMUNITY MEDICINE,ST,,,MP__MP Round 2 Allotment.txt,3499,
MP,Madhya Pradesh,2025,R2,NEET_AIR,2972.0,NOT ALLOTTED,ALLOTTED NOT ALLOTTED,ALLOTTED ALLOTTED,,,MP__MP Round 2 Allotment.txt,3501,
MP,Madhya Pradesh,2025,R2,NEET_AIR,2973.0,INDORE,MD GENERAL MEDICINE,INST/UR/NRI/OP,,,MP__MP Round 2 Allotment.txt,3514,
MP,Madhya Pradesh,2025,R2,NEET_AIR,2974.0,NOT ALLOTTED,ALLOTTED NOT ALLOTTED,ALLOTTED,,,MP__MP Round 2 Allotment.txt,3516,
MP,Madhya Pradesh,2025,R2,NEET_AIR,2976.0,NOT ALLOTTED,ALLOTTED NOT ALLOTTED,ALLOTTED,,,MP__MP Round 2 Allotment.txt,3518,
MP,Madhya Pradesh,2025,R2,NEET_AIR,2977.0,BUNDELKHAND MEDICAL COLLEGE SAGAR,MS ORTHOPAEDICS,IN_OBC/X/OP,,,MP__MP Round 2 Allotment.txt,3519,
MP,Madhya Pradesh,2025,R2,NEET_AIR,2980.0,NOT ALLOTTED,ALLOTTED NOT ALLOTTED,NOT ALLOTTED,,,MP__MP Round 2 Allotment.txt,3521,
MP,Madhya Pradesh,2025,R2,NEET_AIR,2981.0,INDORE,MD PATHOLOGY,FRESH ALLOTTED,,,MP__MP Round 2 Allotment.txt,3523,
MP,Madhya Pradesh,2025,R2,NEET_AIR,2986.0,NOT ALLOTTED,ALLOTTED NOT ALLOTTED,ALLOTTED,,,MP__MP Round 2 Allotment.txt,3525,
MP,Madhya Pradesh,2025,R2,NEET_AIR,2987.0,NOT ALLOTTED,ALLOTTED NOT ALLOTTED,ALLOTTED,,,MP__MP Round 2 Allotment.txt,3527,
MP,Madhya Pradesh,2025,R2,NEET_AIR,2989.0,LN MEDICAL COLLEGE BHOPAL,MD PATHOLOGY,UR/X/OP,,,MP__MP Round 2 Allotment.txt,3529,
MP,Madhya Pradesh,2025,R2,NEET_AIR,2992.0,RD GARDI MEDICAL COLLEGE UJJAIN,MD GENERAL MEDICINE,INST/UR/NRI/OP,,,MP__MP Round 2 Allotment.txt,3530,
MP,Madhya Pradesh,2025,R2,NEET_AIR,2995.0,NOT ALLOTTED,ALLOTTED NOT ALLOTTED,ALLOTTED,,,MP__MP Round 2 Allotment.txt,3532,
MP,Madhya Pradesh,2025,R2,NEET_AIR,2996.0,NOT ALLOTTED,ALLOTTED NOT ALLOTTED,ALLOTTED,,,MP__MP Round 2 Allotment.txt,3534,
MP,Madhya Pradesh,2025,R2,NEET_AIR,3001.0,RD GARDI MEDICAL COLLEGE UJJAIN,MD PATHOLOGY,INST/UR/X/OP,,,MP__MP Round 2 Allotment.txt,3536,
MP,Madhya Pradesh,2025,R2,NEET_AIR,3003.0,NOT ALLOTTED,ALLOTTED NOT ALLOTTED,ALLOTTED,,,MP__MP Round 2 Allotment.txt,3538,
MP,Madhya Pradesh,2025,R2,NEET_AIR,3005.0,NOT ALLOTTED,ALLOTTED NOT ALLOTTED,ALLOTTED,,,MP__MP Round 2 Allotment.txt,3540,
MP,Madhya Pradesh,2025,R2,NEET_AIR,3006.0,NOT ALLOTTED,ALLOTTED NOT ALLOTTED,ALLOTTED,,,MP__MP Round 2 Allotment.txt,3542,
MP,Madhya Pradesh,2025,R2,NEET_AIR,3009.0,NOT ALLOTTED,ALLOTTED NOT ALLOTTED,ALLOTTED,,,MP__MP Round 2 Allotment.txt,3544,
MP,Madhya Pradesh,2025,R2,NEET_AIR,3011.0,CENTER INDORE,MD ANAESTHESIOLOGY,UR/X/OP,,,MP__MP Round 2 Allotment.txt,3546,
MP,Madhya Pradesh,2025,R2,NEET_AIR,3015.0,NOT ALLOTTED,ALLOTTED NOT ALLOTTED,ALLOTTED,,,MP__MP Round 2 Allotment.txt,3548,
MP,Madhya Pradesh,2025,R2,NEET_AIR,3016.0,NOT ALLOTTED,ALLOTTED NOT ALLOTTED,ALLOTTED,,,MP__MP Round 2 Allotment.txt,3550,
MP,Madhya Pradesh,2025,R2,NEET_AIR,3017.0,NOT ALLOTTED,ALLOTTED NOT ALLOTTED,MD,,,MP__MP Round 2 Allotment.txt,3552,
MP,Madhya Pradesh,2025,R2,NEET_AIR,3019.0,NOT ALLOTTED,ALLOTTED NOT ALLOTTED,ALLOTTED,,,MP__MP Round 2 Allotment.txt,3554,
MP,Madhya Pradesh,2025,R2,NEET_AIR,3022.0,NOT ALLOTTED,ALLOTTED NOT ALLOTTED,ALLOTTED,,,MP__MP Round 2 Allotment.txt,3556,
MP,Madhya Pradesh,2025,R2,NEET_AIR,3023.0,RD GARDI MEDICAL COLLEGE UJJAIN,MS GYNAECOLOGY,INST/UR/NRI/OP,,,MP__MP Round 2 Allotment.txt,3558,
MP,Madhya Pradesh,2025,R2,NEET_AIR,3026.0,NOT ALLOTTED,ALLOTTED NOT ALLOTTED,MS,,,MP__MP Round 2 Allotment.txt,3560,
MP,Madhya Pradesh,2025,R2,NEET_AIR,3027.0,PEOPLES COLLEGE OF MEDICAL SCIENCE BHOPAL,MD AND LEPROSY,INST/UR/NRI/OP,,,MP__MP Round 2 Allotment.txt,3562,
MP,Madhya Pradesh,2025,R2,NEET_AIR,3028.0,NOT ALLOTTED,ALLOTTED NOT ALLOTTED,MD,,,MP__MP Round 2 Allotment.txt,3564,
MP,Madhya Pradesh,2025,R2,NEET_AIR,3030.0,GAJRA RAJA MEDICAL COLLEGE GWALIOR,MD COMMUNITY MEDICINE,ST,,,MP__MP Round 2 Allotment.txt,3566,
MP,Madhya Pradesh,2025,R2,NEET_AIR,3032.0,NOT ALLOTTED,ALLOTTED NOT ALLOTTED,ALLOTTED ALLOTTED,,,MP__MP Round 2 Allotment.txt,3568,
MP,Madhya Pradesh,2025,R2,NEET_AIR,3037.0,NOT ALLOTTED,ALLOTTED NOT ALLOTTED,MD,,,MP__MP Round 2 Allotment.txt,3570,
MP,Madhya Pradesh,2025,R2,NEET_AIR,3039.0,NOT ALLOTTED,ALLOTTED NOT ALLOTTED,MD,,,MP__MP Round 2 Allotment.txt,3572,
MP,Madhya Pradesh,2025,R2,NEET_AIR,3040.0,NOT ALLOTTED,ALLOTTED NOT ALLOTTED,MS,,,MP__MP Round 2 Allotment.txt,3574,
MP,Madhya Pradesh,2025,R2,NEET_AIR,3041.0,NOT ALLOTTED,ALLOTTED NOT ALLOTTED,MD,,,MP__MP Round 2 Allotment.txt,3576,
MP,Madhya Pradesh,2025,R2,NEET_AIR,3043.0,NOT ALLOTTED,ALLOTTED NOT ALLOTTED,NOT ALLOTTED,,,MP__MP Round 2 Allotment.txt,3578,
MP,Madhya Pradesh,2025,R2,NEET_AIR,3044.0,NOT ALLOTTED,ALLOTTED NOT ALLOTTED,ALLOTTED,,,MP__MP Round 2 Allotment.txt,3580,
MP,Madhya Pradesh,2025,R2,NEET_AIR,3046.0,INDORE,MD RESPIRATORY MEDICINE,SC,,,MP__MP Round 2 Allotment.txt,3582,
MP,Madhya Pradesh,2025,R2,NEET_AIR,3047.0,NOT ALLOTTED,ALLOTTED NOT ALLOTTED,MD,,,MP__MP Round 2 Allotment.txt,3584,
MP,Madhya Pradesh,2025,R2,NEET_AIR,3054.0,NOT ALLOTTED,ALLOTTED NOT ALLOTTED,ALLOTTED,,,MP__MP Round 2 Allotment.txt,3586,
MP,Madhya Pradesh,2025,R2,NEET_AIR,3056.0,NOT ALLOTTED,ALLOTTED NOT ALLOTTED,ALLOTTED,,,MP__MP Round 2 Allotment.txt,3588,
MP,Madhya Pradesh,2025,R2,NEET_AIR,3057.0,NOT ALLOTTED,ALLOTTED NOT ALLOTTED,MD,,,MP__MP Round 2 Allotment.txt,3590,
MP,Madhya Pradesh,2025,R2,NEET_AIR,3058.0,NOT ALLOTTED,ALLOTTED NOT ALLOTTED,ALLOTTED,,,MP__MP Round 2 Allotment.txt,3592,
MP,Madhya Pradesh,2025,R2,NEET_AIR,3061.0,NOT ALLOTTED,ALLOTTED NOT ALLOTTED,ALLOTTED,,,MP__MP Round 2 Allotment.txt,3594,
MP,Madhya Pradesh,2025,R2,NEET_AIR,3063.0,NOT ALLOTTED,ALLOTTED NOT ALLOTTED,ALLOTTED,,,MP__MP Round 2 Allotment.txt,3596,
MP,Madhya Pradesh,2025,R2,NEET_AIR,3066.0,NOT ALLOTTED,ALLOTTED NOT ALLOTTED,ALLOTTED,,,MP__MP Round 2 Allotment.txt,3598,
MP,Madhya Pradesh,2025,R2,NEET_AIR,3067.0,NOT ALLOTTED,ALLOTTED NOT ALLOTTED,ALLOTTED,,,MP__MP Round 2 Allotment.txt,3600,
MP,Madhya Pradesh,2025,R2,NEET_AIR,3068.0,NOT ALLOTTED,ALLOTTED NOT ALLOTTED,ALLOTTED,,,MP__MP Round 2 Allotment.txt,3602,
MP,Madhya Pradesh,2025,R2,NEET_AIR,3069.0,NOT ALLOTTED,ALLOTTED NOT ALLOTTED,ALLOTTED,,,MP__MP Round 2 Allotment.txt,3604,
MP,Madhya Pradesh,2025,R2,NEET_AIR,3071.0,NOT ALLOTTED,ALLOTTED NOT ALLOTTED,NOT ALLOTTED,,,MP__MP Round 2 Allotment.txt,3606,
MP,Madhya Pradesh,2025,R2,NEET_AIR,3073.0,NOT ALLOTTED,ALLOTTED NOT ALLOTTED,ALLOTTED,,,MP__MP Round 2 Allotment.txt,3608,
MP,Madhya Pradesh,2025,R2,NEET_AIR,3074.0,NOT ALLOTTED,ALLOTTED NOT ALLOTTED,MD,,,MP__MP Round 2 Allotment.txt,3610,
MP,Madhya Pradesh,2025,R2,NEET_AIR,3075.0,NOT ALLOTTED,ALLOTTED NOT ALLOTTED,ALLOTTED,,,MP__MP Round 2 Allotment.txt,3612,
MP,Madhya Pradesh,2025,R2,NEET_AIR,3076.0,NOT ALLOTTED,ALLOTTED NOT ALLOTTED,ALLOTTED,,,MP__MP Round 2 Allotment.txt,3614,
MP,Madhya Pradesh,2025,R2,NEET_AIR,3081.0,NOT ALLOTTED,ALLOTTED NOT ALLOTTED,NOT ALLOTTED,,,MP__MP Round 2 Allotment.txt,3616,
MP,Madhya Pradesh,2025,R2,NEET_AIR,3082.0,NOT ALLOTTED,ALLOTTED NOT ALLOTTED,ALLOTTED,,,MP__MP Round 2 Allotment.txt,3618,
MP,Madhya Pradesh,2025,R2,NEET_AIR,3083.0,NOT ALLOTTED,ALLOTTED NOT ALLOTTED,MD,,,MP__MP Round 2 Allotment.txt,3620,
MP,Madhya Pradesh,2025,R2,NEET_AIR,3085.0,RD GARDI MEDICAL COLLEGE UJJAIN,MD PATHOLOGY,FRESH ALLOTTED,,,MP__MP Round 2 Allotment.txt,3622,
MP,Madhya Pradesh,2025,R2,NEET_AIR,3087.0,NOT ALLOTTED,ALLOTTED NOT ALLOTTED,MD,,,MP__MP Round 2 Allotment.txt,3624,
MP,Madhya Pradesh,2025,R2,NEET_AIR,3089.0,NOT ALLOTTED,ALLOTTED NOT ALLOTTED,ALLOTTED ALLOTTED,,,MP__MP Round 2 Allotment.txt,3626,
MP,Madhya Pradesh,2025,R2,NEET_AIR,3091.0,NOT ALLOTTED,ALLOTTED NOT ALLOTTED,MD,,,MP__MP Round 2 Allotment.txt,3639,
MP,Madhya Pradesh,2025,R2,NEET_AIR,3092.0,NOT ALLOTTED,ALLOTTED NOT ALLOTTED,ALLOTTED ALLOTTED,,,MP__MP Round 2 Allotment.txt,3641,
MP,Madhya Pradesh,2025,R2,NEET_AIR,3093.0,NOT ALLOTTED,ALLOTTED NOT ALLOTTED,MD,,,MP__MP Round 2 Allotment.txt,3643,
MP,Madhya Pradesh,2025,R2,NEET_AIR,3097.0,NOT ALLOTTED,ALLOTTED NOT ALLOTTED,ALLOTTED,,,MP__MP Round 2 Allotment.txt,3645,
MP,Madhya Pradesh,2025,R2,NEET_AIR,3101.0,NOT ALLOTTED,ALLOTTED NOT ALLOTTED,ALLOTTED,,,MP__MP Round 2 Allotment.txt,3647,
MP,Madhya Pradesh,2025,R2,NEET_AIR,3102.0,COLLEGE SHIVPURI,MD MICROBIOLOGY,EWS,,,MP__MP Round 2 Allotment.txt,3649,
MP,Madhya Pradesh,2025,R2,NEET_AIR,3104.0,NOT ALLOTTED,ALLOTTED NOT ALLOTTED,ALLOTTED,,,MP__MP Round 2 Allotment.txt,3651,
MP,Madhya Pradesh,2025,R2,NEET_AIR,3109.0,NOT ALLOTTED,ALLOTTED NOT ALLOTTED,ALLOTTED,,,MP__MP Round 2 Allotment.txt,3653,
MP,Madhya Pradesh,2025,R2,NEET_AIR,3111.0,NOT ALLOTTED,ALLOTTED NOT ALLOTTED,NOT ALLOTTED,,,MP__MP Round 2 Allotment.txt,3655,
MP,Madhya Pradesh,2025,R2,NEET_AIR,3112.0,NOT ALLOTTED,ALLOTTED NOT ALLOTTED,ALLOTTED,,,MP__MP Round 2 Allotment.txt,3657,
MP,Madhya Pradesh,2025,R2,NEET_AIR,3113.0,JABALPUR,MD GENERAL MEDICINE,INST/UR/NRI/OP,,,MP__MP Round 2 Allotment.txt,3659,
MP,Madhya Pradesh,2025,R2,NEET_AIR,3114.0,LN MEDICAL COLLEGE BHOPAL,MD PATHOLOGY,INST/UR/X/OP,,,MP__MP Round 2 Allotment.txt,3661,
MP,Madhya Pradesh,2025,R2,NEET_AIR,3115.0,NOT ALLOTTED,ALLOTTED NOT ALLOTTED,ALLOTTED ALLOTTED,,,MP__MP Round 2 Allotment.txt,3663,
MP,Madhya Pradesh,2025,R2,NEET_AIR,3117.0,RD GARDI MEDICAL COLLEGE UJJAIN,MD RESPIRATORY MEDICINE,SC,,,MP__MP Round 2 Allotment.txt,3665,
MP,Madhya Pradesh,2025,R2,NEET_AIR,3118.0,JABALPUR,MS GYNAECOLOGY,IN_OBC/X/OP,,,MP__MP Round 2 Allotment.txt,3667,
MP,Madhya Pradesh,2025,R2,NEET_AIR,3119.0,NOT ALLOTTED,ALLOTTED NOT ALLOTTED,ALLOTTED,,,MP__MP Round 2 Allotment.txt,3669,
MP,Madhya Pradesh,2025,R2,NEET_AIR,3121.0,NOT ALLOTTED,ALLOTTED NOT ALLOTTED,ALLOTTED,,,MP__MP Round 2 Allotment.txt,3671,
MP,Madhya Pradesh,2025,R2,NEET_AIR,3122.0,NOT ALLOTTED,ALLOTTED NOT ALLOTTED,ALLOTTED,,,MP__MP Round 2 Allotment.txt,3673,
MP,Madhya Pradesh,2025,R2,NEET_AIR,3125.0,NOT ALLOTTED,ALLOTTED NOT ALLOTTED,ALLOTTED,,,MP__MP Round 2 Allotment.txt,3675,
MP,Madhya Pradesh,2025,R2,NEET_AIR,3126.0,PEOPLES COLLEGE OF MEDICAL SCIENCE BHOPAL,MD GENERAL MEDICINE,INST/UR/NRI/OP,,,MP__MP Round 2 Allotment.txt,3676,
MP,Madhya Pradesh,2025,R2,NEET_AIR,3128.0,NOT ALLOTTED,ALLOTTED NOT ALLOTTED,MD,,,MP__MP Round 2 Allotment.txt,3678,
MP,Madhya Pradesh,2025,R2,NEET_AIR,3130.0,NOT ALLOTTED,ALLOTTED NOT ALLOTTED,ALLOTTED ALLOTTED,,,MP__MP Round 2 Allotment.txt,3680,
MP,Madhya Pradesh,2025,R2,NEET_AIR,3132.0,NOT ALLOTTED,ALLOTTED NOT ALLOTTED,MD,,,MP__MP Round 2 Allotment.txt,3682,
MP,Madhya Pradesh,2025,R2,NEET_AIR,3134.0,NOT ALLOTTED,ALLOTTED NOT ALLOTTED,ALLOTTED,,,MP__MP Round 2 Allotment.txt,3684,
MP,Madhya Pradesh,2025,R2,NEET_AIR,3136.0,NOT ALLOTTED,ALLOTTED NOT ALLOTTED,ALLOTTED,,,MP__MP Round 2 Allotment.txt,3686,
MP,Madhya Pradesh,2025,R2,NEET_AIR,3137.0,NOT ALLOTTED,ALLOTTED NOT ALLOTTED,ALLOTTED,,,MP__MP Round 2 Allotment.txt,3688,
MP,Madhya Pradesh,2025,R2,NEET_AIR,3139.0,NOT ALLOTTED,ALLOTTED NOT ALLOTTED,ALLOTTED,,,MP__MP Round 2 Allotment.txt,3690,
MP,Madhya Pradesh,2025,R2,NEET_AIR,3140.0,NOT ALLOTTED,ALLOTTED NOT ALLOTTED,ALLOTTED,,,MP__MP Round 2 Allotment.txt,3692,
MP,Madhya Pradesh,2025,R2,NEET_AIR,3141.0,NOT ALLOTTED,ALLOTTED NOT ALLOTTED,NOT ALLOTTED,,,MP__MP Round 2 Allotment.txt,3694,
MP,Madhya Pradesh,2025,R2,NEET_AIR,3143.0,INDORE,MS GENERAL SURGERY,SC,,,MP__MP Round 2 Allotment.txt,3696,
MP,Madhya Pradesh,2025,R2,NEET_AIR,3148.0,NOT ALLOTTED,ALLOTTED NOT ALLOTTED,ALLOTTED,,,MP__MP Round 2 Allotment.txt,3698,
MP,Madhya Pradesh,2025,R2,NEET_AIR,3149.0,NOT ALLOTTED,ALLOTTED NOT ALLOTTED,ALLOTTED,,,MP__MP Round 2 Allotment.txt,3700,
MP,Madhya Pradesh,2025,R2,NEET_AIR,3151.0,CENTER INDORE,MD ANAESTHESIOLOGY,OBC,,,MP__MP Round 2 Allotment.txt,3702,
MP,Madhya Pradesh,2025,R2,NEET_AIR,3153.0,NOT ALLOTTED,ALLOTTED NOT ALLOTTED,ALLOTTED,,,MP__MP Round 2 Allotment.txt,3704,
MP,Madhya Pradesh,2025,R2,NEET_AIR,3155.0,NOT ALLOTTED,ALLOTTED NOT ALLOTTED,ALLOTTED,,,MP__MP Round 2 Allotment.txt,3706,
MP,Madhya Pradesh,2025,R2,NEET_AIR,3157.0,"RESEARCH CENTRE, BHOPAL",MD GENERAL MEDICINE,INST/UR/NRI/OP,,,MP__MP Round 2 Allotment.txt,3708,
MP,Madhya Pradesh,2025,R2,NEET_AIR,3158.0,NOT ALLOTTED,ALLOTTED NOT ALLOTTED,MS,,,MP__MP Round 2 Allotment.txt,3710,
MP,Madhya Pradesh,2025,R2,NEET_AIR,3160.0,NOT ALLOTTED,ALLOTTED NOT ALLOTTED,ALLOTTED ALLOTTED,,,MP__MP Round 2 Allotment.txt,3712,
MP,Madhya Pradesh,2025,R2,NEET_AIR,3161.0,NOT ALLOTTED,ALLOTTED NOT ALLOTTED,MD,,,MP__MP Round 2 Allotment.txt,3714,
MP,Madhya Pradesh,2025,R2,NEET_AIR,3164.0,NOT ALLOTTED,ALLOTTED NOT ALLOTTED,MD,,,MP__MP Round 2 Allotment.txt,3716,
MP,Madhya Pradesh,2025,R2,NEET_AIR,3167.0,NOT ALLOTTED,ALLOTTED ALLOTTED ALLOTTED NOT ALLOTTED,NO,,,MP__MP Round 2 Allotment.txt,3718,
MP,Madhya Pradesh,2025,R2,NEET_AIR,3171.0,NOT ALLOTTED,ALLOTTED NOT ALLOTTED,MS,,,MP__MP Round 2 Allotment.txt,3720,
MP,Madhya Pradesh,2025,R2,NEET_AIR,3176.0,NOT ALLOTTED,ALLOTTED NOT ALLOTTED,ALLOTTED,,,MP__MP Round 2 Allotment.txt,3722,
MP,Madhya Pradesh,2025,R2,NEET_AIR,3177.0,NOT ALLOTTED,ALLOTTED NOT ALLOTTED,ALLOTTED,,,MP__MP Round 2 Allotment.txt,3724,
MP,Madhya Pradesh,2025,R2,NEET_AIR,3178.0,NOT ALLOTTED,ALLOTTED NOT ALLOTTED,MS,,,MP__MP Round 2 Allotment.txt,3726,
MP,Madhya Pradesh,2025,R2,NEET_AIR,3180.0,COLLEGE VIDISHA,MD MICROBIOLOGY,FRESH ALLOTTED,,,MP__MP Round 2 Allotment.txt,3728,
MP,Madhya Pradesh,2025,R2,NEET_AIR,3182.0,NOT ALLOTTED,ALLOTTED NOT ALLOTTED,NOT ALLOTTED,,,MP__MP Round 2 Allotment.txt,3730,
MP,Madhya Pradesh,2025,R2,NEET_AIR,3184.0,NOT ALLOTTED,ALLOTTED NOT ALLOTTED,ALLOTTED,,,MP__MP Round 2 Allotment.txt,3732,
MP,Madhya Pradesh,2025,R2,NEET_AIR,3186.0,NOT ALLOTTED,ALLOTTED NOT ALLOTTED,ALLOTTED,,,MP__MP Round 2 Allotment.txt,3734,
MP,Madhya Pradesh,2025,R2,NEET_AIR,3188.0,NOT ALLOTTED,ALLOTTED NOT ALLOTTED,ALLOTTED,,,MP__MP Round 2 Allotment.txt,3736,
MP,Madhya Pradesh,2025,R2,NEET_AIR,3189.0,NOT ALLOTTED,ALLOTTED NOT ALLOTTED,NOT ALLOTTED,,,MP__MP Round 2 Allotment.txt,3738,
MP,Madhya Pradesh,2025,R2,NEET_AIR,3191.0,NOT ALLOTTED,ALLOTTED NOT ALLOTTED,ALLOTTED,,,MP__MP Round 2 Allotment.txt,3740,
MP,Madhya Pradesh,2025,R2,NEET_AIR,3194.0,NOT ALLOTTED,ALLOTTED NOT ALLOTTED,ALLOTTED,,,MP__MP Round 2 Allotment.txt,3742,
MP,Madhya Pradesh,2025,R2,NEET_AIR,3196.0,NOT ALLOTTED,ALLOTTED NOT ALLOTTED,MD,,,MP__MP Round 2 Allotment.txt,3744,
MP,Madhya Pradesh,2025,R2,NEET_AIR,3198.0,NOT ALLOTTED,ALLOTTED NOT ALLOTTED,ALLOTTED,,,MP__MP Round 2 Allotment.txt,3746,
MP,Madhya Pradesh,2025,R2,NEET_AIR,3200.0,LN MEDICAL COLLEGE BHOPAL,MS GENERAL SURGERY,OBC,,,MP__MP Round 2 Allotment.txt,3747,
MP,Madhya Pradesh,2025,R2,NEET_AIR,3204.0,NOT ALLOTTED,ALLOTTED NOT ALLOTTED,ALLOTTED,,,MP__MP Round 2 Allotment.txt,3749,
MP,Madhya Pradesh,2025,R2,NEET_AIR,3205.0,NOT ALLOTTED,ALLOTTED NOT ALLOTTED,ALLOTTED,,,MP__MP Round 2 Allotment.txt,3751,
MP,Madhya Pradesh,2025,R2,NEET_AIR,3213.0,NOT ALLOTTED,ALLOTTED NOT ALLOTTED,ALLOTTED,,,MP__MP Round 2 Allotment.txt,3764,
MP,Madhya Pradesh,2025,R2,NEET_AIR,3214.0,NOT ALLOTTED,ALLOTTED NOT ALLOTTED,ALLOTTED,,,MP__MP Round 2 Allotment.txt,3766,
MP,Madhya Pradesh,2025,R2,NEET_AIR,3224.0,NOT ALLOTTED,ALLOTTED NOT ALLOTTED,MD,,,MP__MP Round 2 Allotment.txt,3768,
MP,Madhya Pradesh,2025,R2,NEET_AIR,3226.0,NOT ALLOTTED,ALLOTTED ALLOTTED ALLOTTED,NOT ALLOTTED,,,MP__MP Round 2 Allotment.txt,3770,
MP,Madhya Pradesh,2025,R2,NEET_AIR,3228.0,NOT ALLOTTED,ALLOTTED NOT ALLOTTED,MS,,,MP__MP Round 2 Allotment.txt,3772,
MP,Madhya Pradesh,2025,R2,NEET_AIR,3230.0,NOT ALLOTTED,ALLOTTED NOT ALLOTTED,MD,,,MP__MP Round 2 Allotment.txt,3774,
MP,Madhya Pradesh,2025,R2,NEET_AIR,3232.0,NOT ALLOTTED,ALLOTTED NOT ALLOTTED,ALLOTTED,,,MP__MP Round 2 Allotment.txt,3776,
MP,Madhya Pradesh,2025,R2,NEET_AIR,3233.0,NOT ALLOTTED,ALLOTTED NOT ALLOTTED,ALLOTTED,,,MP__MP Round 2 Allotment.txt,3778,
MP,Madhya Pradesh,2025,R2,NEET_AIR,3236.0,NOT ALLOTTED,ALLOTTED NOT ALLOTTED,MD,,,MP__MP Round 2 Allotment.txt,3780,
MP,Madhya Pradesh,2025,R2,NEET_AIR,3237.0,NOT ALLOTTED,ALLOTTED NOT ALLOTTED,ALLOTTED,,,MP__MP Round 2 Allotment.txt,3782,
MP,Madhya Pradesh,2025,R2,NEET_AIR,3238.0,NOT ALLOTTED,ALLOTTED NOT ALLOTTED,ALLOTTED,,,MP__MP Round 2 Allotment.txt,3784,
MP,Madhya Pradesh,2025,R2,NEET_AIR,3240.0,NOT ALLOTTED,ALLOTTED NOT ALLOTTED,ALLOTTED,,,MP__MP Round 2 Allotment.txt,3786,
MP,Madhya Pradesh,2025,R2,NEET_AIR,3246.0,PEOPLES COLLEGE OF MEDICAL SCIENCE BHOPAL,MD GENERAL MEDICINE,INST/UR/NRI/OP,,,MP__MP Round 2 Allotment.txt,3788,
MP,Madhya Pradesh,2025,R2,NEET_AIR,3247.0,NOT ALLOTTED,ALLOTTED NOT ALLOTTED,MD,,,MP__MP Round 2 Allotment.txt,3790,
MP,Madhya Pradesh,2025,R2,NEET_AIR,3253.0,NOT ALLOTTED,ALLOTTED NOT ALLOTTED,NOT ALLOTTED,,,MP__MP Round 2 Allotment.txt,3792,
MP,Madhya Pradesh,2025,R2,NEET_AIR,3256.0,NOT ALLOTTED,ALLOTTED NOT ALLOTTED,NOT ALLOTTED,,,MP__MP Round 2 Allotment.txt,3794,
MP,Madhya Pradesh,2025,R2,NEET_AIR,3258.0,AMALTAS INSTITUTE OF MEDICAL SCIENCES DEWAS,MS ORTHOPAEDICS,SC,,,MP__MP Round 2 Allotment.txt,3796,
MP,Madhya Pradesh,2025,R2,NEET_AIR,3259.0,NOT ALLOTTED,ALLOTTED NOT ALLOTTED,MS,,,MP__MP Round 2 Allotment.txt,3798,
MP,Madhya Pradesh,2025,R2,NEET_AIR,3267.0,NOT ALLOTTED,ALLOTTED NOT ALLOTTED,MD,,,MP__MP Round 2 Allotment.txt,3800,
MP,Madhya Pradesh,2025,R2,NEET_AIR,3268.0,NOT ALLOTTED,ALLOTTED NOT ALLOTTED,MS,,,MP__MP Round 2 Allotment.txt,3802,
MP,Madhya Pradesh,2025,R2,NEET_AIR,3269.0,NOT ALLOTTED,ALLOTTED NOT ALLOTTED,MD,,,MP__MP Round 2 Allotment.txt,3804,
MP,Madhya Pradesh,2025,R2,NEET_AIR,3270.0,NOT ALLOTTED,ALLOTTED NOT ALLOTTED,NOT ALLOTTED,,,MP__MP Round 2 Allotment.txt,3806,
MP,Madhya Pradesh,2025,R2,NEET_AIR,3271.0,NOT ALLOTTED,ALLOTTED NOT ALLOTTED,NOT ALLOTTED,,,MP__MP Round 2 Allotment.txt,3808,
MP,Madhya Pradesh,2025,R2,NEET_AIR,3272.0,NOT ALLOTTED,ALLOTTED NOT ALLOTTED,NOT ALLOTTED,,,MP__MP Round 2 Allotment.txt,3810,
MP,Madhya Pradesh,2025,R2,NEET_AIR,3273.0,RD GARDI MEDICAL COLLEGE UJJAIN,MS OPHTHALMOLOGY,SC,,,MP__MP Round 2 Allotment.txt,3812,
MP,Madhya Pradesh,2025,R2,NEET_AIR,3280.0,GAJRA RAJA MEDICAL COLLEGE GWALIOR,MD BIOCHEMISTRY,FRESH ALLOTTED,,,MP__MP Round 2 Allotment.txt,3814,
MP,Madhya Pradesh,2025,R2,NEET_AIR,3281.0,NOT ALLOTTED,ALLOTTED NOT ALLOTTED,NOT ALLOTTED,,,MP__MP Round 2 Allotment.txt,3816,
MP,Madhya Pradesh,2025,R2,NEET_AIR,3284.0,NOT ALLOTTED,ALLOTTED NOT ALLOTTED,ALLOTTED,,,MP__MP Round 2 Allotment.txt,3818,
MP,Madhya Pradesh,2025,R2,NEET_AIR,3285.0,RD GARDI MEDICAL COLLEGE UJJAIN,MD MICROBIOLOGY,UR/X/OP,,,MP__MP Round 2 Allotment.txt,3820,
MP,Madhya Pradesh,2025,R2,NEET_AIR,3287.0,JABALPUR,MD TOXICOLOGY,FRESH ALLOTTED,,,MP__MP Round 2 Allotment.txt,3822,
MP,Madhya Pradesh,2025,R2,NEET_AIR,3288.0,NOT ALLOTTED,ALLOTTED NOT ALLOTTED,MD,,,MP__MP Round 2 Allotment.txt,3824,
MP,Madhya Pradesh,2025,R2,NEET_AIR,3289.0,NOT ALLOTTED,ALLOTTED NOT ALLOTTED,MD,,,MP__MP Round 2 Allotment.txt,3826,
MP,Madhya Pradesh,2025,R2,NEET_AIR,3291.0,CENTRE BHOPAL,MD COMMUNITY MEDICINE,UR/X/OP,,,MP__MP Round 2 Allotment.txt,3828,
MP,Madhya Pradesh,2025,R2,NEET_AIR,3293.0,RD GARDI MEDICAL COLLEGE UJJAIN,MD PAEDIATRICS,ST,,,MP__MP Round 2 Allotment.txt,3829,
MP,Madhya Pradesh,2025,R2,NEET_AIR,3295.0,NOT ALLOTTED,ALLOTTED NOT ALLOTTED,MD,,,MP__MP Round 2 Allotment.txt,3831,
MP,Madhya Pradesh,2025,R2,NEET_AIR,3300.0,NOT ALLOTTED,ALLOTTED NOT ALLOTTED,ALLOTTED ALLOTTED,,,MP__MP Round 2 Allotment.txt,3833,
MP,Madhya Pradesh,2025,R2,NEET_AIR,3302.0,NOT ALLOTTED,ALLOTTED NOT ALLOTTED,MD,,,MP__MP Round 2 Allotment.txt,3835,
MP,Madhya Pradesh,2025,R2,NEET_AIR,3303.0,RESEARCH BHOPAL,MD RADIODIAGNOSIS,INST/UR/NRI/OP,,,MP__MP Round 2 Allotment.txt,3837,
MP,Madhya Pradesh,2025,R2,NEET_AIR,3305.0,NOT ALLOTTED,ALLOTTED NOT ALLOTTED,MS,,,MP__MP Round 2 Allotment.txt,3839,
MP,Madhya Pradesh,2025,R2,NEET_AIR,3309.0,NOT ALLOTTED,ALLOTTED NOT ALLOTTED,ALLOTTED ALLOTTED,,,MP__MP Round 2 Allotment.txt,3841,
MP,Madhya Pradesh,2025,R2,NEET_AIR,3312.0,NOT ALLOTTED,ALLOTTED NOT ALLOTTED,MD,,,MP__MP Round 2 Allotment.txt,3843,
MP,Madhya Pradesh,2025,R2,NEET_AIR,3313.0,NOT ALLOTTED,ALLOTTED NOT ALLOTTED,MD,,,MP__MP Round 2 Allotment.txt,3845,
MP,Madhya Pradesh,2025,R2,NEET_AIR,3314.0,NOT ALLOTTED,ALLOTTED NOT ALLOTTED,MD,,,MP__MP Round 2 Allotment.txt,3847,
MP,Madhya Pradesh,2025,R2,NEET_AIR,3315.0,NOT ALLOTTED,ALLOTTED NOT ALLOTTED,ALLOTTED ALLOTTED,,,MP__MP Round 2 Allotment.txt,3849,
MP,Madhya Pradesh,2025,R2,NEET_AIR,3322.0,NOT ALLOTTED,ALLOTTED NOT ALLOTTED,MD,,,MP__MP Round 2 Allotment.txt,3851,
MP,Madhya Pradesh,2025,R2,NEET_AIR,3325.0,NOT ALLOTTED,ALLOTTED NOT ALLOTTED,ALLOTTED,,,MP__MP Round 2 Allotment.txt,3853,
MP,Madhya Pradesh,2025,R2,NEET_AIR,3328.0,NOT ALLOTTED,ALLOTTED NOT ALLOTTED,ALLOTTED,,,MP__MP Round 2 Allotment.txt,3855,
MP,Madhya Pradesh,2025,R2,NEET_AIR,3331.0,NOT ALLOTTED,ALLOTTED NOT ALLOTTED,ALLOTTED,,,MP__MP Round 2 Allotment.txt,3857,
MP,Madhya Pradesh,2025,R2,NEET_AIR,3334.0,NOT ALLOTTED,ALLOTTED NOT ALLOTTED,ALLOTTED,,,MP__MP Round 2 Allotment.txt,3859,
MP,Madhya Pradesh,2025,R2,NEET_AIR,3335.0,LN MEDICAL COLLEGE BHOPAL,MD RADIODIAGNOSIS,INST/UR/NRI/OP,,,MP__MP Round 2 Allotment.txt,3860,
MP,Madhya Pradesh,2025,R2,NEET_AIR,3336.0,CHIRAYU MEDICAL COLLEGE AND HOSPITAL BHOPAL GYNAECOLOGY,MS Clinical,FRESH ALLOTTED,,,MP__MP Round 2 Allotment.txt,3862,
MP,Madhya Pradesh,2025,R2,NEET_AIR,3338.0,NOT ALLOTTED,ALLOTTED NOT ALLOTTED,MS,,,MP__MP Round 2 Allotment.txt,3864,
MP,Madhya Pradesh,2025,R2,NEET_AIR,3340.0,NOT ALLOTTED,ALLOTTED NOT ALLOTTED,ALLOTTED,,,MP__MP Round 2 Allotment.txt,3866,
MP,Madhya Pradesh,2025,R2,NEET_AIR,3341.0,NOT ALLOTTED,ALLOTTED NOT ALLOTTED,ALLOTTED,,,MP__MP Round 2 Allotment.txt,3868,
MP,Madhya Pradesh,2025,R2,NEET_AIR,3342.0,MEDICAL COLLEGE KHANDWA,MD COMMUNITY MEDICINE,FRESH ALLOTTED,,,MP__MP Round 2 Allotment.txt,3870,
MP,Madhya Pradesh,2025,R2,NEET_AIR,3343.0,NOT ALLOTTED,ALLOTTED NOT ALLOTTED,MD,,,MP__MP Round 2 Allotment.txt,3872,
MP,Madhya Pradesh,2025,R2,NEET_AIR,3347.0,LN MEDICAL COLLEGE BHOPAL,MS ORTHOPAEDICS,SC,,,MP__MP Round 2 Allotment.txt,3873,
MP,Madhya Pradesh,2025,R2,NEET_AIR,3354.0,NOT ALLOTTED,ALLOTTED NOT ALLOTTED,MD,,,MP__MP Round 2 Allotment.txt,3875,
MP,Madhya Pradesh,2025,R2,NEET_AIR,3357.0,NOT ALLOTTED,ALLOTTED NOT ALLOTTED,ALLOTTED ALLOTTED,,,MP__MP Round 2 Allotment.txt,3877,
MP,Madhya Pradesh,2025,R2,NEET_AIR,3365.0,NOT ALLOTTED,ALLOTTED NOT ALLOTTED,MD,,,MP__MP Round 2 Allotment.txt,3889,
MP,Madhya Pradesh,2025,R2,NEET_AIR,3367.0,NOT ALLOTTED,ALLOTTED NOT ALLOTTED,ALLOTTED ALLOTTED,,,MP__MP Round 2 Allotment.txt,3891,
MP,Madhya Pradesh,2025,R2,NEET_AIR,3369.0,CHHINDWARA,MD PHARMACOLOGY,FRESH ALLOTTED,,,MP__MP Round 2 Allotment.txt,3893,
MP,Madhya Pradesh,2025,R2,NEET_AIR,3371.0,NOT ALLOTTED,ALLOTTED NOT ALLOTTED,ALLOTTED ALLOTTED,,,MP__MP Round 2 Allotment.txt,3895,
MP,Madhya Pradesh,2025,R2,NEET_AIR,3377.0,AMALTAS INSTITUTE OF MEDICAL SCIENCES DEWAS,MD PAEDIATRICS,SC,,,MP__MP Round 2 Allotment.txt,3897,
MP,Madhya Pradesh,2025,R2,NEET_AIR,3380.0,NOT ALLOTTED,ALLOTTED NOT ALLOTTED,MS,,,MP__MP Round 2 Allotment.txt,3899,
MP,Madhya Pradesh,2025,R2,NEET_AIR,3383.0,NOT ALLOTTED,ALLOTTED NOT ALLOTTED,MD,,,MP__MP Round 2 Allotment.txt,3901,
MP,Madhya Pradesh,2025,R2,NEET_AIR,3385.0,NOT ALLOTTED,ALLOTTED NOT ALLOTTED,ALLOTTED ALLOTTED,,,MP__MP Round 2 Allotment.txt,3903,
MP,Madhya Pradesh,2025,R2,NEET_AIR,3393.0,CENTER INDORE,MD PHARMACOLOGY,UR/X/OP,,,MP__MP Round 2 Allotment.txt,3905,
MP,Madhya Pradesh,2025,R2,NEET_AIR,3394.0,NOT ALLOTTED,ALLOTTED NOT ALLOTTED,MD,,,MP__MP Round 2 Allotment.txt,3907,
MP,Madhya Pradesh,2025,R2,NEET_AIR,3395.0,GOVERMENT MEDICAL COLLEGE RATLAM,MD BIOCHEMISTRY,FRESH ALLOTTED,,,MP__MP Round 2 Allotment.txt,3909,
MP,Madhya Pradesh,2025,R2,NEET_AIR,3396.0,INDORE,MD AND LEPROSY,ST,,,MP__MP Round 2 Allotment.txt,3911,
MP,Madhya Pradesh,2025,R2,NEET_AIR,3398.0,CENTER INDORE,MD PATHOLOGY,INST/UR/X/OP,,,MP__MP Round 2 Allotment.txt,3913,
MP,Madhya Pradesh,2025,R2,NEET_AIR,3399.0,JABALPUR,MD PHARMACOLOGY,FRESH ALLOTTED,,,MP__MP Round 2 Allotment.txt,3915,
MP,Madhya Pradesh,2025,R2,NEET_AIR,3400.0,NOT ALLOTTED,ALLOTTED NOT ALLOTTED,MD,,,MP__MP Round 2 Allotment.txt,3917,
MP,Madhya Pradesh,2025,R2,NEET_AIR,3401.0,NOT ALLOTTED,ALLOTTED NOT ALLOTTED,MD,,,MP__MP Round 2 Allotment.txt,3919,
MP,Madhya Pradesh,2025,R2,NEET_AIR,3402.0,NOT ALLOTTED,ALLOTTED NOT ALLOTTED,ALLOTTED,,,MP__MP Round 2 Allotment.txt,3921,
MP,Madhya Pradesh,2025,R2,NEET_AIR,3403.0,NOT ALLOTTED,ALLOTTED NOT ALLOTTED,NOT ALLOTTED,,,MP__MP Round 2 Allotment.txt,3923,
MP,Madhya Pradesh,2025,R2,NEET_AIR,3404.0,GAJRA RAJA MEDICAL COLLEGE GWALIOR,MD TOXICOLOGY,INST/UR/X/OP,,,MP__MP Round 2 Allotment.txt,3925,
MP,Madhya Pradesh,2025,R2,NEET_AIR,3406.0,NOT ALLOTTED,ALLOTTED NOT ALLOTTED,ALLOTTED,,,MP__MP Round 2 Allotment.txt,3927,
MP,Madhya Pradesh,2025,R2,NEET_AIR,3407.0,NOT ALLOTTED,ALLOTTED NOT ALLOTTED,ALLOTTED,,,MP__MP Round 2 Allotment.txt,3929,
MP,Madhya Pradesh,2025,R2,NEET_AIR,3408.0,NOT ALLOTTED,ALLOTTED NOT ALLOTTED,MD,,,MP__MP Round 2 Allotment.txt,3931,
MP,Madhya Pradesh,2025,R2,NEET_AIR,3409.0,NOT ALLOTTED,ALLOTTED NOT ALLOTTED,ALLOTTED,,,MP__MP Round 2 Allotment.txt,3933,
MP,Madhya Pradesh,2025,R2,NEET_AIR,3414.0,NOT ALLOTTED,ALLOTTED NOT ALLOTTED,ALLOTTED,,,MP__MP Round 2 Allotment.txt,3935,
MP,Madhya Pradesh,2025,R2,NEET_AIR,3417.0,NOT ALLOTTED,ALLOTTED NOT ALLOTTED,ALLOTTED,,,MP__MP Round 2 Allotment.txt,3937,
MP,Madhya Pradesh,2025,R2,NEET_AIR,3419.0,NOT ALLOTTED,ALLOTTED NOT ALLOTTED,ALLOTTED,,,MP__MP Round 2 Allotment.txt,3939,
MP,Madhya Pradesh,2025,R2,NEET_AIR,3420.0,NOT ALLOTTED,ALLOTTED NOT ALLOTTED,NOT ALLOTTED,,,MP__MP Round 2 Allotment.txt,3941,
MP,Madhya Pradesh,2025,R2,NEET_AIR,3421.0,NOT ALLOTTED,ALLOTTED NOT ALLOTTED,MS,,,MP__MP Round 2 Allotment.txt,3943,
MP,Madhya Pradesh,2025,R2,NEET_AIR,3422.0,PEOPLES COLLEGE OF MEDICAL SCIENCE BHOPAL,MD PAEDIATRICS,ST,,,MP__MP Round 2 Allotment.txt,3944,
MP,Madhya Pradesh,2025,R2,NEET_AIR,3423.0,NOT ALLOTTED,ALLOTTED NOT ALLOTTED,ALLOTTED,,,MP__MP Round 2 Allotment.txt,3946,
MP,Madhya Pradesh,2025,R2,NEET_AIR,3427.0,NOT ALLOTTED,ALLOTTED NOT ALLOTTED,ALLOTTED,,,MP__MP Round 2 Allotment.txt,3948,
MP,Madhya Pradesh,2025,R2,NEET_AIR,3428.0,NOT ALLOTTED,ALLOTTED NOT ALLOTTED,MD,,,MP__MP Round 2 Allotment.txt,3950,
MP,Madhya Pradesh,2025,R2,NEET_AIR,3430.0,NOT ALLOTTED,ALLOTTED NOT ALLOTTED,MD,,,MP__MP Round 2 Allotment.txt,3952,
MP,Madhya Pradesh,2025,R2,NEET_AIR,3432.0,NOT ALLOTTED,ALLOTTED NOT ALLOTTED,ALLOTTED,,,MP__MP Round 2 Allotment.txt,3954,
MP,Madhya Pradesh,2025,R2,NEET_AIR,3433.0,NOT ALLOTTED,ALLOTTED NOT ALLOTTED,ALLOTTED,,,MP__MP Round 2 Allotment.txt,3956,
MP,Madhya Pradesh,2025,R2,NEET_AIR,3434.0,CENTRE BHOPAL,MD ANAESTHESIOLOGY,OBC,,,MP__MP Round 2 Allotment.txt,3958,
MP,Madhya Pradesh,2025,R2,NEET_AIR,3435.0,NOT ALLOTTED,ALLOTTED NOT ALLOTTED,ALLOTTED,,,MP__MP Round 2 Allotment.txt,3960,
MP,Madhya Pradesh,2025,R2,NEET_AIR,3437.0,NOT ALLOTTED,ALLOTTED NOT ALLOTTED,NOT ALLOTTED,,,MP__MP Round 2 Allotment.txt,3962,
MP,Madhya Pradesh,2025,R2,NEET_AIR,3438.0,NOT ALLOTTED,ALLOTTED NOT ALLOTTED,MS,,,MP__MP Round 2 Allotment.txt,3964,
MP,Madhya Pradesh,2025,R2,NEET_AIR,3439.0,NOT ALLOTTED,ALLOTTED NOT ALLOTTED,ALLOTTED,,,MP__MP Round 2 Allotment.txt,3966,
MP,Madhya Pradesh,2025,R2,NEET_AIR,3440.0,NOT ALLOTTED,ALLOTTED NOT ALLOTTED,NOT ALLOTTED,,,MP__MP Round 2 Allotment.txt,3968,
MP,Madhya Pradesh,2025,R2,NEET_AIR,3441.0,NOT ALLOTTED,ALLOTTED NOT ALLOTTED,NOT ALLOTTED,,,MP__MP Round 2 Allotment.txt,3970,
MP,Madhya Pradesh,2025,R2,NEET_AIR,3443.0,NOT ALLOTTED,ALLOTTED NOT ALLOTTED,ALLOTTED,,,MP__MP Round 2 Allotment.txt,3972,
MP,Madhya Pradesh,2025,R2,NEET_AIR,3444.0,NOT ALLOTTED,ALLOTTED NOT ALLOTTED,ALLOTTED,,,MP__MP Round 2 Allotment.txt,3974,
MP,Madhya Pradesh,2025,R2,NEET_AIR,3445.0,JABALPUR,MD COMMUNITY MEDICINE,FRESH ALLOTTED,,,MP__MP Round 2 Allotment.txt,3976,
MP,Madhya Pradesh,2025,R2,NEET_AIR,3446.0,NOT ALLOTTED,ALLOTTED NOT ALLOTTED,MS,,,MP__MP Round 2 Allotment.txt,3978,
MP,Madhya Pradesh,2025,R2,NEET_AIR,3448.0,NOT ALLOTTED,ALLOTTED NOT ALLOTTED,MD,,,MP__MP Round 2 Allotment.txt,3980,
MP,Madhya Pradesh,2025,R2,NEET_AIR,3450.0,NOT ALLOTTED,ALLOTTED NOT ALLOTTED,ALLOTTED,,,MP__MP Round 2 Allotment.txt,3982,
MP,Madhya Pradesh,2025,R2,NEET_AIR,3451.0,NOT ALLOTTED,ALLOTTED NOT ALLOTTED,ALLOTTED,,,MP__MP Round 2 Allotment.txt,3984,
MP,Madhya Pradesh,2025,R2,NEET_AIR,3453.0,NOT ALLOTTED,ALLOTTED NOT ALLOTTED,ALLOTTED,,,MP__MP Round 2 Allotment.txt,3986,
MP,Madhya Pradesh,2025,R2,NEET_AIR,3454.0,NOT ALLOTTED,ALLOTTED NOT ALLOTTED,NOT ALLOTTED,,,MP__MP Round 2 Allotment.txt,3988,
MP,Madhya Pradesh,2025,R2,NEET_AIR,3457.0,CENTER INDORE,MD ANAESTHESIOLOGY,OBC,,,MP__MP Round 2 Allotment.txt,3990,
MP,Madhya Pradesh,2025,R2,NEET_AIR,3458.0,NOT ALLOTTED,ALLOTTED NOT ALLOTTED,MD,,,MP__MP Round 2 Allotment.txt,3992,
MP,Madhya Pradesh,2025,R2,NEET_AIR,3463.0,CENTER INDORE,MS GYNAECOLOGY,SC,,,MP__MP Round 2 Allotment.txt,3994,
MP,Madhya Pradesh,2025,R2,NEET_AIR,3464.0,COLLEGE VIDISHA,MD TOXICOLOGY,OBC,,,MP__MP Round 2 Allotment.txt,3996,
MP,Madhya Pradesh,2025,R2,NEET_AIR,3466.0,NOT ALLOTTED,ALLOTTED NOT ALLOTTED,NOT ALLOTTED,,,MP__MP Round 2 Allotment.txt,3998,
MP,Madhya Pradesh,2025,R2,NEET_AIR,3468.0,NOT ALLOTTED,ALLOTTED NOT ALLOTTED,ALLOTTED,,,MP__MP Round 2 Allotment.txt,4000,
MP,Madhya Pradesh,2025,R2,NEET_AIR,3469.0,NOT ALLOTTED,ALLOTTED NOT ALLOTTED,NOT ALLOTTED,,,MP__MP Round 2 Allotment.txt,4002,
MP,Madhya Pradesh,2025,R2,NEET_AIR,3470.0,NOT ALLOTTED,ALLOTTED NOT ALLOTTED,ALLOTTED ALLOTTED,,,MP__MP Round 2 Allotment.txt,4014,
MP,Madhya Pradesh,2025,R2,NEET_AIR,3471.0,NOT ALLOTTED,ALLOTTED NOT ALLOTTED,MS,,,MP__MP Round 2 Allotment.txt,4016,
MP,Madhya Pradesh,2025,R2,NEET_AIR,3472.0,GANDHI MEDICAL COLLEGE BHOPAL,MD BIOCHEMISTRY,FRESH ALLOTTED,,,MP__MP Round 2 Allotment.txt,4018,
MP,Madhya Pradesh,2025,R2,NEET_AIR,3474.0,NOT ALLOTTED,ALLOTTED NOT ALLOTTED,ALLOTTED ALLOTTED,,,MP__MP Round 2 Allotment.txt,4020,
MP,Madhya Pradesh,2025,R2,NEET_AIR,3475.0,NOT ALLOTTED,ALLOTTED NOT ALLOTTED,MD,,,MP__MP Round 2 Allotment.txt,4022,
MP,Madhya Pradesh,2025,R2,NEET_AIR,3477.0,NOT ALLOTTED,ALLOTTED NOT ALLOTTED,ALLOTTED,,,MP__MP Round 2 Allotment.txt,4024,
MP,Madhya Pradesh,2025,R2,NEET_AIR,3479.0,PEOPLES COLLEGE OF MEDICAL SCIENCE BHOPAL,MS GENERAL SURGERY,SC,,,MP__MP Round 2 Allotment.txt,4025,
MP,Madhya Pradesh,2025,R2,NEET_AIR,3480.0,NOT ALLOTTED,ALLOTTED NOT ALLOTTED,ALLOTTED,,,MP__MP Round 2 Allotment.txt,4027,
MP,Madhya Pradesh,2025,R2,NEET_AIR,3481.0,NOT ALLOTTED,ALLOTTED NOT ALLOTTED,ALLOTTED,,,MP__MP Round 2 Allotment.txt,4029,
MP,Madhya Pradesh,2025,R2,NEET_AIR,3482.0,NOT ALLOTTED,ALLOTTED NOT ALLOTTED,ALLOTTED,,,MP__MP Round 2 Allotment.txt,4031,
MP,Madhya Pradesh,2025,R2,NEET_AIR,3483.0,NOT ALLOTTED,ALLOTTED NOT ALLOTTED,ALLOTTED,,,MP__MP Round 2 Allotment.txt,4033,
MP,Madhya Pradesh,2025,R2,NEET_AIR,3484.0,NOT ALLOTTED,ALLOTTED NOT ALLOTTED,ALLOTTED,,,MP__MP Round 2 Allotment.txt,4035,
MP,Madhya Pradesh,2025,R2,NEET_AIR,3487.0,NOT ALLOTTED,ALLOTTED NOT ALLOTTED,ALLOTTED,,,MP__MP Round 2 Allotment.txt,4037,
MP,Madhya Pradesh,2025,R2,NEET_AIR,3488.0,PEOPLES COLLEGE OF MEDICAL SCIENCE BHOPAL,MD PSYCHIATRY,SC,,,MP__MP Round 2 Allotment.txt,4039,
MP,Madhya Pradesh,2025,R2,NEET_AIR,3490.0,AMALTAS INSTITUTE OF MEDICAL SCIENCES DEWAS,MS GYNAECOLOGY,SC,,,MP__MP Round 2 Allotment.txt,4041,
MP,Madhya Pradesh,2025,R2,NEET_AIR,3491.0,NOT ALLOTTED,ALLOTTED NOT ALLOTTED,MD,,,MP__MP Round 2 Allotment.txt,4043,
MP,Madhya Pradesh,2025,R2,NEET_AIR,3492.0,NOT ALLOTTED,ALLOTTED NOT ALLOTTED,MS,,,MP__MP Round 2 Allotment.txt,4045,
MP,Madhya Pradesh,2025,R2,NEET_AIR,3494.0,RD GARDI MEDICAL COLLEGE UJJAIN,MS GENERAL SURGERY,SC,,,MP__MP Round 2 Allotment.txt,4046,
MP,Madhya Pradesh,2025,R2,NEET_AIR,3497.0,NOT ALLOTTED,ALLOTTED NOT ALLOTTED,NOT ALLOTTED,,,MP__MP Round 2 Allotment.txt,4048,
MP,Madhya Pradesh,2025,R2,NEET_AIR,3498.0,NOT ALLOTTED,ALLOTTED NOT ALLOTTED,ALLOTTED,,,MP__MP Round 2 Allotment.txt,4050,
MP,Madhya Pradesh,2025,R2,NEET_AIR,3500.0,NOT ALLOTTED,ALLOTTED NOT ALLOTTED,MS,,,MP__MP Round 2 Allotment.txt,4052,
MP,Madhya Pradesh,2025,R2,NEET_AIR,3501.0,CENTRE BHOPAL,MD PHARMACOLOGY,OBC,,,MP__MP Round 2 Allotment.txt,4054,
MP,Madhya Pradesh,2025,R2,NEET_AIR,3502.0,NOT ALLOTTED,ALLOTTED NOT ALLOTTED,MD,,,MP__MP Round 2 Allotment.txt,4056,
MP,Madhya Pradesh,2025,R2,NEET_AIR,3504.0,LN MEDICAL COLLEGE BHOPAL,MD RADIODIAGNOSIS,ST,,,MP__MP Round 2 Allotment.txt,4057,
MP,Madhya Pradesh,2025,R2,NEET_AIR,3506.0,CHIRAYU MEDICAL COLLEGE AND HOSPITAL BHOPAL,MS OPHTHALMOLOGY,SC,,,MP__MP Round 2 Allotment.txt,4059,
MP,Madhya Pradesh,2025,R2,NEET_AIR,3507.0,NOT ALLOTTED,ALLOTTED ALLOTTED ALLOTTED,NOT ALLOTTED,,,MP__MP Round 2 Allotment.txt,4061,
MP,Madhya Pradesh,2025,R2,NEET_AIR,3508.0,CENTER INDORE,MD PATHOLOGY,OBC,,,MP__MP Round 2 Allotment.txt,4063,
MP,Madhya Pradesh,2025,R2,NEET_AIR,3510.0,NOT ALLOTTED,ALLOTTED ALLOTTED ALLOTTED,NOT ALLOTTED,,,MP__MP Round 2 Allotment.txt,4065,
MP,Madhya Pradesh,2025,R2,NEET_AIR,3511.0,GOVERMENT MEDICAL COLLEGE RATLAM,MD PHYSIOLOGY,FRESH ALLOTTED,,,MP__MP Round 2 Allotment.txt,4067,
MP,Madhya Pradesh,2025,R2,NEET_AIR,3512.0,RD GARDI MEDICAL COLLEGE UJJAIN,MD PATHOLOGY,FRESH ALLOTTED,,,MP__MP Round 2 Allotment.txt,4069,
MP,Madhya Pradesh,2025,R2,NEET_AIR,3516.0,NOT ALLOTTED,ALLOTTED NOT ALLOTTED,MD,,,MP__MP Round 2 Allotment.txt,4071,
MP,Madhya Pradesh,2025,R2,NEET_AIR,3517.0,NOT ALLOTTED,ALLOTTED NOT ALLOTTED,ALLOTTED ALLOTTED,,,MP__MP Round 2 Allotment.txt,4073,
