counselling,state,year,round,rank_type,rank_value,college,course,category,quota,seat_type,source_file,source_line,status
Rajasthan,Rajasthan,2025,R1,STATE_MERIT,1.0,SMS Medical College Jaipur,MD (Radiodiagnosis/Radiology),General,,Government,Rajsthan__Rajasthan Round 1 Allotment.txt,4,
Rajasthan,Rajasthan,2025,R1,STATE_MERIT,2.0,SMS Medical College Jaipur,MD (Radiodiagnosis/Radiology),General,,Government,Rajsthan__Rajasthan Round 1 Allotment.txt,5,
Rajasthan,Rajasthan,2025,R1,STATE_MERIT,3.0,SMS Medical College Jaipur,MD (Radiodiagnosis/Radiology),General,,Government,Rajsthan__Rajasthan Round 1 Allotment.txt,6,
Rajasthan,Rajasthan,2025,R1,STATE_MERIT,4.0,Dr SNMC Jodhpur,MD (Radiodiagnosis/Radiology),General,,Government,Rajsthan__Rajasthan Round 1 Allotment.txt,7,
Rajasthan,Rajasthan,2025,R1,STATE_MERIT,5.0,SMS Medical College Jaipur,MD (Radiodiagnosis/Radiology),OBC,,Government,Rajsthan__Rajasthan Round 1 Allotment.txt,8,
Rajasthan,Rajasthan,2025,R1,STATE_MERIT,6.0,SMS Medical College Jaipur,MD (Radiodiagnosis/Radiology),General,,Government,Rajsthan__Rajasthan Round 1 Allotment.txt,9,
Rajasthan,Rajasthan,2025,R1,STATE_MERIT,7.0,SMS Medical College Jaipur,MD (Radiodiagnosis/Radiology),General,,Government,Rajsthan__Rajasthan Round 1 Allotment.txt,10,
Rajasthan,Rajasthan,2025,R1,STATE_MERIT,8.0,Dr SNMC Jodhpur,MD (Radiodiagnosis/Radiology),General,,Government,Rajsthan__Rajasthan Round 1 Allotment.txt,11,
Rajasthan,Rajasthan,2025,R1,STATE_MERIT,9.0,SMS Medical College Jaipur,MD (General Medicine),OBC,,Government,Rajsthan__Rajasthan Round 1 Allotment.txt,12,
Rajasthan,Rajasthan,2025,R1,STATE_MERIT,10.0,SMS Medical College Jaipur,MD (Radiodiagnosis/Radiology),General,,Government,Rajsthan__Rajasthan Round 1 Allotment.txt,13,
Rajasthan,Rajasthan,2025,R1,STATE_MERIT,11.0,SMS Medical College Jaipur,MD (General Medicine),General,,Government,Rajsthan__Rajasthan Round 1 Allotment.txt,14,
Rajasthan,Rajasthan,2025,R1,STATE_MERIT,12.0,SMS Medical College Jaipur,MD (Radiodiagnosis/Radiology),General,,Government,Rajsthan__Rajasthan Round 1 Allotment.txt,15,
Rajasthan,Rajasthan,2025,R1,STATE_MERIT,13.0,SMS Medical College Jaipur,MD (General Medicine),OBC,,Government,Rajsthan__Rajasthan Round 1 Allotment.txt,16,
Rajasthan,Rajasthan,2025,R1,STATE_MERIT,14.0,SMS Medical College Jaipur,MD (Radiodiagnosis/Radiology),General,,Government,Rajsthan__Rajasthan Round 1 Allotment.txt,17,
Rajasthan,Rajasthan,2025,R1,STATE_MERIT,15.0,SMS Medical College Jaipur,MD (Radiodiagnosis/Radiology),OBC,,Government,Rajsthan__Rajasthan Round 1 Allotment.txt,18,
Rajasthan,Rajasthan,2025,R1,STATE_MERIT,16.0,SMS Medical College Jaipur,MD (General Medicine),General,,Government,Rajsthan__Rajasthan Round 1 Allotment.txt,19,
Rajasthan,Rajasthan,2025,R1,STATE_MERIT,17.0,SMS Medical College Jaipur,MD (General Medicine),General,,Government,Rajsthan__Rajasthan Round 1 Allotment.txt,20,
Rajasthan,Rajasthan,2025,R1,STATE_MERIT,18.0,Dr SNMC Jodhpur,MD (Radiodiagnosis/Radiology),OBC,,Government,Rajsthan__Rajasthan Round 1 Allotment.txt,21,
Rajasthan,Rajasthan,2025,R1,STATE_MERIT,19.0,RNT MC Udaipur,MD (Radiodiagnosis/Radiology),General,,Government,Rajsthan__Rajasthan Round 1 Allotment.txt,22,
Rajasthan,Rajasthan,2025,R1,STATE_MERIT,20.0,JLN MC Ajmer,MD (Radiodiagnosis/Radiology),General,,Government,Rajsthan__Rajasthan Round 1 Allotment.txt,23,
Rajasthan,Rajasthan,2025,R1,STATE_MERIT,21.0,"Govt. Medical College, Kota",MD (Radiodiagnosis/Radiology),OBC,,Government,Rajsthan__Rajasthan Round 1 Allotment.txt,24,
Rajasthan,Rajasthan,2025,R1,STATE_MERIT,22.0,"Govt. Medical College, Kota",MD (Radiodiagnosis/Radiology),General,,Government,Rajsthan__Rajasthan Round 1 Allotment.txt,25,
Rajasthan,Rajasthan,2025,R1,STATE_MERIT,23.0,SMS Medical College Jaipur,MD (Skin & V.D / Dermatology Ven. & Leprosy),General,,Government,Rajsthan__Rajasthan Round 1 Allotment.txt,26,
Rajasthan,Rajasthan,2025,R1,STATE_MERIT,24.0,SMS Medical College Jaipur,MD (Skin & V.D / Dermatology Ven. & Leprosy),General,,Government,Rajsthan__Rajasthan Round 1 Allotment.txt,27,
Rajasthan,Rajasthan,2025,R1,STATE_MERIT,25.0,SMS Medical College Jaipur,MD (General Medicine),OBC,,Government,Rajsthan__Rajasthan Round 1 Allotment.txt,28,
Rajasthan,Rajasthan,2025,R1,STATE_MERIT,26.0,SPMC Bikaner,MD (Radiodiagnosis/Radiology),OBC,,Government,Rajsthan__Rajasthan Round 1 Allotment.txt,29,
Rajasthan,Rajasthan,2025,R1,STATE_MERIT,27.0,SPMC Bikaner,MD (Radiodiagnosis/Radiology),General,,Government,Rajsthan__Rajasthan Round 1 Allotment.txt,30,
Rajasthan,Rajasthan,2025,R1,STATE_MERIT,28.0,SMS Medical College Jaipur,MD (Skin & V.D / Dermatology Ven. & Leprosy),OBC,,Government,Rajsthan__Rajasthan Round 1 Allotment.txt,31,
Rajasthan,Rajasthan,2025,R1,STATE_MERIT,29.0,Dr SNMC Jodhpur,MD (General Medicine),General,,Government,Rajsthan__Rajasthan Round 1 Allotment.txt,32,
Rajasthan,Rajasthan,2025,R1,STATE_MERIT,30.0,JLN MC Ajmer,MD (Radiodiagnosis/Radiology),OBC,,Government,Rajsthan__Rajasthan Round 1 Allotment.txt,33,
Rajasthan,Rajasthan,2025,R1,STATE_MERIT,31.0,RNT MC Udaipur,MD (Skin & V.D / Dermatology Ven. & Leprosy),General,,Government,Rajsthan__Rajasthan Round 1 Allotment.txt,34,
Rajasthan,Rajasthan,2025,R1,STATE_MERIT,32.0,JLN MC Ajmer,MD (Radiodiagnosis/Radiology),General,,Government,Rajsthan__Rajasthan Round 1 Allotment.txt,35,
Rajasthan,Rajasthan,2025,R1,STATE_MERIT,33.0,JLN MC Ajmer,MD (Radiodiagnosis/Radiology),General,,Government,Rajsthan__Rajasthan Round 1 Allotment.txt,36,
Rajasthan,Rajasthan,2025,R1,STATE_MERIT,34.0,SMS Medical College Jaipur,MD (General Medicine),OBC,,Government,Rajsthan__Rajasthan Round 1 Allotment.txt,37,
Rajasthan,Rajasthan,2025,R1,STATE_MERIT,35.0,SMS Medical College Jaipur,MD (General Medicine),General,,Government,Rajsthan__Rajasthan Round 1 Allotment.txt,38,
Rajasthan,Rajasthan,2025,R1,STATE_MERIT,36.0,SMS Medical College Jaipur,MD (General Medicine),General,,Government,Rajsthan__Rajasthan Round 1 Allotment.txt,39,
Rajasthan,Rajasthan,2025,R1,STATE_MERIT,37.0,SPMC Bikaner,MD (Skin & V.D / Dermatology Ven. & Leprosy),General,,Government,Rajsthan__Rajasthan Round 1 Allotment.txt,40,
Rajasthan,Rajasthan,2025,R1,STATE_MERIT,38.0,SMS Medical College Jaipur,MD (General Medicine),OBC,,Government,Rajsthan__Rajasthan Round 1 Allotment.txt,41,
Rajasthan,Rajasthan,2025,R1,STATE_MERIT,39.0,Dr SNMC Jodhpur,MD (Skin & V.D / Dermatology Ven. & Leprosy),General,,Government,Rajsthan__Rajasthan Round 1 Allotment.txt,42,
Rajasthan,Rajasthan,2025,R1,STATE_MERIT,40.0,SMS Medical College Jaipur,MD (General Medicine),OBC,,Government,Rajsthan__Rajasthan Round 1 Allotment.txt,43,
Rajasthan,Rajasthan,2025,R1,STATE_MERIT,42.0,SMS Medical College Jaipur,MS (Obst. & Gynaecology),General,,Government,Rajsthan__Rajasthan Round 1 Allotment.txt,44,
Rajasthan,Rajasthan,2025,R1,STATE_MERIT,43.0,Dr SNMC Jodhpur,MD (Skin & V.D / Dermatology Ven. & Leprosy),General,,Government,Rajsthan__Rajasthan Round 1 Allotment.txt,45,
Rajasthan,Rajasthan,2025,R1,STATE_MERIT,44.0,SMS Medical College Jaipur,MD (General Medicine),General,,Government,Rajsthan__Rajasthan Round 1 Allotment.txt,46,
Rajasthan,Rajasthan,2025,R1,STATE_MERIT,45.0,SMS Medical College Jaipur,MD (General Medicine),OBC,,Government,Rajsthan__Rajasthan Round 1 Allotment.txt,47,
Rajasthan,Rajasthan,2025,R1,STATE_MERIT,46.0,SMS Medical College Jaipur,MD (General Medicine),OBC,,Government,Rajsthan__Rajasthan Round 1 Allotment.txt,48,
Rajasthan,Rajasthan,2025,R1,STATE_MERIT,47.0,SMS Medical College Jaipur,MD (General Medicine),General,,Government,Rajsthan__Rajasthan Round 1 Allotment.txt,49,
Rajasthan,Rajasthan,2025,R1,STATE_MERIT,48.0,Dr SNMC Jodhpur,MD (Skin & V.D / Dermatology Ven. & Leprosy),General,,Government,Rajsthan__Rajasthan Round 1 Allotment.txt,50,
Rajasthan,Rajasthan,2025,R1,STATE_MERIT,49.0,"Govt. Medical College, Kota",MD (Skin & V.D / Dermatology Ven. & Leprosy),General,,Government,Rajsthan__Rajasthan Round 1 Allotment.txt,51,
Rajasthan,Rajasthan,2025,R1,STATE_MERIT,50.0,SPMC Bikaner,MD (Skin & V.D / Dermatology Ven. & Leprosy),OBC,,Government,Rajsthan__Rajasthan Round 1 Allotment.txt,52,
Rajasthan,Rajasthan,2025,R1,STATE_MERIT,51.0,SMS Medical College Jaipur,MS (Obst. & Gynaecology),General,,Government,Rajsthan__Rajasthan Round 1 Allotment.txt,53,
Rajasthan,Rajasthan,2025,R1,STATE_MERIT,52.0,Dr SNMC Jodhpur,MS (Obst. & Gynaecology),OBC,,Government,Rajsthan__Rajasthan Round 1 Allotment.txt,54,
Rajasthan,Rajasthan,2025,R1,STATE_MERIT,53.0,SPMC Bikaner,MD (General Medicine),General,,Government,Rajsthan__Rajasthan Round 1 Allotment.txt,55,
Rajasthan,Rajasthan,2025,R1,STATE_MERIT,55.0,Dr SNMC Jodhpur,MD (General Medicine),OBC,,Government,Rajsthan__Rajasthan Round 1 Allotment.txt,56,
Rajasthan,Rajasthan,2025,R1,STATE_MERIT,56.0,RNT MC Udaipur,MD (General Medicine),MBC NCL,,Government,Rajsthan__Rajasthan Round 1 Allotment.txt,57,
Rajasthan,Rajasthan,2025,R1,STATE_MERIT,57.0,SMS Medical College Jaipur,MD (Paediatrics),General,,Government,Rajsthan__Rajasthan Round 1 Allotment.txt,58,
Rajasthan,Rajasthan,2025,R1,STATE_MERIT,58.0,Dr SNMC Jodhpur,MD (General Medicine),General,,Government,Rajsthan__Rajasthan Round 1 Allotment.txt,59,
Rajasthan,Rajasthan,2025,R1,STATE_MERIT,59.0,"Govt. Medical College, Kota",MD (General Medicine),General,,Government,Rajsthan__Rajasthan Round 1 Allotment.txt,60,
Rajasthan,Rajasthan,2025,R1,STATE_MERIT,61.0,SPMC Bikaner,MD (General Medicine),General,,Government,Rajsthan__Rajasthan Round 1 Allotment.txt,61,
Rajasthan,Rajasthan,2025,R1,STATE_MERIT,62.0,"Govt. DB General District Hospital, Churu",Post MBBS Diploma (Radio-diagnosis),OBC,,Government,Rajsthan__Rajasthan Round 1 Allotment.txt,62,
Rajasthan,Rajasthan,2025,R1,STATE_MERIT,63.0,Dr SNMC Jodhpur,MD (General Medicine),General,,Government,Rajsthan__Rajasthan Round 1 Allotment.txt,63,
Rajasthan,Rajasthan,2025,R1,STATE_MERIT,64.0,SPMC Bikaner,MD (General Medicine),General,,Government,Rajsthan__Rajasthan Round 1 Allotment.txt,64,
Rajasthan,Rajasthan,2025,R1,STATE_MERIT,65.0,SMS Medical College Jaipur,MS (Obst. & Gynaecology),OBC,,Government,Rajsthan__Rajasthan Round 1 Allotment.txt,65,
Rajasthan,Rajasthan,2025,R1,STATE_MERIT,68.0,SMS Medical College Jaipur,MS (Obst. & Gynaecology),General,,Government,Rajsthan__Rajasthan Round 1 Allotment.txt,73,
Rajasthan,Rajasthan,2025,R1,STATE_MERIT,69.0,SMS Medical College Jaipur,MS (Obst. & Gynaecology),General,,Government,Rajsthan__Rajasthan Round 1 Allotment.txt,74,
Rajasthan,Rajasthan,2025,R1,STATE_MERIT,70.0,SPMC Bikaner,MD (General Medicine),OBC,,Government,Rajsthan__Rajasthan Round 1 Allotment.txt,75,
Rajasthan,Rajasthan,2025,R1,STATE_MERIT,72.0,SPMC Bikaner,MD (General Medicine),General,,Government,Rajsthan__Rajasthan Round 1 Allotment.txt,76,
Rajasthan,Rajasthan,2025,R1,STATE_MERIT,74.0,JLN MC Ajmer,MD (General Medicine),General,,Government,Rajsthan__Rajasthan Round 1 Allotment.txt,77,
Rajasthan,Rajasthan,2025,R1,STATE_MERIT,76.0,RNT MC Udaipur,MD (General Medicine),General,,Government,Rajsthan__Rajasthan Round 1 Allotment.txt,78,
Rajasthan,Rajasthan,2025,R1,STATE_MERIT,77.0,Dr SNMC Jodhpur,MD (General Medicine),General,,Government,Rajsthan__Rajasthan Round 1 Allotment.txt,79,
Rajasthan,Rajasthan,2025,R1,STATE_MERIT,78.0,SMS Medical College Jaipur,MS (Obst. & Gynaecology),OBC,,Government,Rajsthan__Rajasthan Round 1 Allotment.txt,80,
Rajasthan,Rajasthan,2025,R1,STATE_MERIT,79.0,SMS Medical College Jaipur,MS (Obst. & Gynaecology),General,,Government,Rajsthan__Rajasthan Round 1 Allotment.txt,81,
Rajasthan,Rajasthan,2025,R1,STATE_MERIT,80.0,RNT MC Udaipur,MD (General Medicine),General,,Government,Rajsthan__Rajasthan Round 1 Allotment.txt,82,
Rajasthan,Rajasthan,2025,R1,STATE_MERIT,82.0,SMS Medical College Jaipur,MD (Radiodiagnosis/Radiology),EWS,,Government,Rajsthan__Rajasthan Round 1 Allotment.txt,83,
Rajasthan,Rajasthan,2025,R1,STATE_MERIT,83.0,Dr SNMC Jodhpur,MD (General Medicine),OBC,,Government,Rajsthan__Rajasthan Round 1 Allotment.txt,84,
Rajasthan,Rajasthan,2025,R1,STATE_MERIT,84.0,"Govt. Medical College, Kota",MD (General Medicine),General,,Government,Rajsthan__Rajasthan Round 1 Allotment.txt,85,
Rajasthan,Rajasthan,2025,R1,STATE_MERIT,85.0,Dr SNMC Jodhpur,MD (General Medicine),OBC,,Government,Rajsthan__Rajasthan Round 1 Allotment.txt,86,
Rajasthan,Rajasthan,2025,R1,STATE_MERIT,86.0,Dr SNMC Jodhpur,MD (General Medicine),General,,Government,Rajsthan__Rajasthan Round 1 Allotment.txt,87,
Rajasthan,Rajasthan,2025,R1,STATE_MERIT,87.0,SMS Medical College Jaipur,MS (Obst. & Gynaecology),General,,Government,Rajsthan__Rajasthan Round 1 Allotment.txt,88,
Rajasthan,Rajasthan,2025,R1,STATE_MERIT,89.0,JLN MC Ajmer,MD (General Medicine),General,,Government,Rajsthan__Rajasthan Round 1 Allotment.txt,89,
Rajasthan,Rajasthan,2025,R1,STATE_MERIT,90.0,Dr SNMC Jodhpur,MD (General Medicine),OBC,,Government,Rajsthan__Rajasthan Round 1 Allotment.txt,90,
Rajasthan,Rajasthan,2025,R1,STATE_MERIT,91.0,"Govt. Medical College, Kota",MD (General Medicine),OBC,,Government,Rajsthan__Rajasthan Round 1 Allotment.txt,91,
Rajasthan,Rajasthan,2025,R1,STATE_MERIT,92.0,SMS Medical College Jaipur,MS (Ophthalmology),General,,Government,Rajsthan__Rajasthan Round 1 Allotment.txt,92,
Rajasthan,Rajasthan,2025,R1,STATE_MERIT,94.0,"Govt. Medical College, Kota",MD (General Medicine),General,,Government,Rajsthan__Rajasthan Round 1 Allotment.txt,93,
Rajasthan,Rajasthan,2025,R1,STATE_MERIT,95.0,"Govt. Medical College, Kota",MD (General Medicine),OBC,,Government,Rajsthan__Rajasthan Round 1 Allotment.txt,94,
Rajasthan,Rajasthan,2025,R1,STATE_MERIT,96.0,SMS Medical College Jaipur,MD (Radiodiagnosis/Radiology),EWS,,Government,Rajsthan__Rajasthan Round 1 Allotment.txt,95,
Rajasthan,Rajasthan,2025,R1,STATE_MERIT,100.0,"Govt. Medical College, Kota",MD (General Medicine),General,,Government,Rajsthan__Rajasthan Round 1 Allotment.txt,96,
Rajasthan,Rajasthan,2025,R1,STATE_MERIT,101.0,JLN MC Ajmer,MD (General Medicine),OBC,,Government,Rajsthan__Rajasthan Round 1 Allotment.txt,97,
Rajasthan,Rajasthan,2025,R1,STATE_MERIT,102.0,JLN MC Ajmer,MD (General Medicine),General,,Government,Rajsthan__Rajasthan Round 1 Allotment.txt,98,
Rajasthan,Rajasthan,2025,R1,STATE_MERIT,103.0,JLN MC Ajmer,MD (General Medicine),General,,Government,Rajsthan__Rajasthan Round 1 Allotment.txt,99,
Rajasthan,Rajasthan,2025,R1,STATE_MERIT,104.0,JLN MC Ajmer,MD (General Medicine),General,,Government,Rajsthan__Rajasthan Round 1 Allotment.txt,100,
Rajasthan,Rajasthan,2025,R1,STATE_MERIT,105.0,RUHS College of Medical Sciences,MD (General Medicine),General,,Government,Rajsthan__Rajasthan Round 1 Allotment.txt,101,
Rajasthan,Rajasthan,2025,R1,STATE_MERIT,108.0,SMS Medical College Jaipur,MS (Obst. & Gynaecology),OBC,,Government,Rajsthan__Rajasthan Round 1 Allotment.txt,102,
Rajasthan,Rajasthan,2025,R1,STATE_MERIT,109.0,JLN MC Ajmer,MD (General Medicine),OBC,,Government,Rajsthan__Rajasthan Round 1 Allotment.txt,103,
Rajasthan,Rajasthan,2025,R1,STATE_MERIT,110.0,Jhalawar Medical College Jhalawar,MD (General Medicine),General,,Government,Rajsthan__Rajasthan Round 1 Allotment.txt,104,
Rajasthan,Rajasthan,2025,R1,STATE_MERIT,115.0,SMS Medical College Jaipur,MS (Obst. & Gynaecology),General,,Government,Rajsthan__Rajasthan Round 1 Allotment.txt,105,
Rajasthan,Rajasthan,2025,R1,STATE_MERIT,116.0,Shri Jagannath Pahadiya Medical College Bharatpur or GMC Bharatpur,MD (General Medicine),OBC,,Government,Rajsthan__Rajasthan Round 1 Allotment.txt,106,
Rajasthan,Rajasthan,2025,R1,STATE_MERIT,117.0,SPMC Bikaner,MS (Obst. & Gynaecology),General,,Government,Rajsthan__Rajasthan Round 1 Allotment.txt,107,
Rajasthan,Rajasthan,2025,R1,STATE_MERIT,118.0,SMS Medical College Jaipur,MS (General Surgery),General,,Government,Rajsthan__Rajasthan Round 1 Allotment.txt,108,
Rajasthan,Rajasthan,2025,R1,STATE_MERIT,120.0,SMS Medical College Jaipur,MD (Paediatrics),General,,Government,Rajsthan__Rajasthan Round 1 Allotment.txt,109,
Rajasthan,Rajasthan,2025,R1,STATE_MERIT,122.0,SMS Medical College Jaipur,MS (Orthopaedics),General,,Government,Rajsthan__Rajasthan Round 1 Allotment.txt,110,
Rajasthan,Rajasthan,2025,R1,STATE_MERIT,123.0,SMS Medical College Jaipur,MD (General Medicine),EWS,,Government,Rajsthan__Rajasthan Round 1 Allotment.txt,111,
Rajasthan,Rajasthan,2025,R1,STATE_MERIT,124.0,Jhalawar Medical College Jhalawar,MD (General Medicine),General,,Management,Rajsthan__Rajasthan Round 1 Allotment.txt,112,
Rajasthan,Rajasthan,2025,R1,STATE_MERIT,128.0,SMS Medical College Jaipur,MS (General Surgery),General,,Government,Rajsthan__Rajasthan Round 1 Allotment.txt,113,
Rajasthan,Rajasthan,2025,R1,STATE_MERIT,130.0,Shri Jagannath Pahadiya Medical College Bharatpur or GMC Bharatpur,MD (General Medicine),OBC,,Government,Rajsthan__Rajasthan Round 1 Allotment.txt,114,
Rajasthan,Rajasthan,2025,R1,STATE_MERIT,133.0,SPMC Bikaner,MD (Psychiatry),OBC,,Government,Rajsthan__Rajasthan Round 1 Allotment.txt,115,
Rajasthan,Rajasthan,2025,R1,STATE_MERIT,135.0,"Govt. Medical College, Kota",MD (Radiodiagnosis/Radiology),EWS,,Government,Rajsthan__Rajasthan Round 1 Allotment.txt,116,
Rajasthan,Rajasthan,2025,R1,STATE_MERIT,136.0,SMS Medical College Jaipur,MD (Paediatrics),OBC,,Government,Rajsthan__Rajasthan Round 1 Allotment.txt,117,
Rajasthan,Rajasthan,2025,R1,STATE_MERIT,137.0,SPMC Bikaner,MD (General Medicine),EWS,,Government,Rajsthan__Rajasthan Round 1 Allotment.txt,118,
Rajasthan,Rajasthan,2025,R1,STATE_MERIT,138.0,SMS Medical College Jaipur,MS (Orthopaedics),OBC,,Government,Rajsthan__Rajasthan Round 1 Allotment.txt,119,
Rajasthan,Rajasthan,2025,R1,STATE_MERIT,140.0,SMS Medical College Jaipur,MD (Paediatrics),General,,Government,Rajsthan__Rajasthan Round 1 Allotment.txt,120,
Rajasthan,Rajasthan,2025,R1,STATE_MERIT,144.0,SMS Medical College Jaipur,MS (Obst. & Gynaecology),General,,Government,Rajsthan__Rajasthan Round 1 Allotment.txt,121,
Rajasthan,Rajasthan,2025,R1,STATE_MERIT,147.0,SMS Medical College Jaipur,MS (Obst. & Gynaecology),General,,Government,Rajsthan__Rajasthan Round 1 Allotment.txt,122,
Rajasthan,Rajasthan,2025,R1,STATE_MERIT,148.0,SMS Medical College Jaipur,MS (Obst. & Gynaecology),General,,Government,Rajsthan__Rajasthan Round 1 Allotment.txt,123,
Rajasthan,Rajasthan,2025,R1,STATE_MERIT,149.0,SMS Medical College Jaipur,MD (Paediatrics),OBC,,Government,Rajsthan__Rajasthan Round 1 Allotment.txt,124,
Rajasthan,Rajasthan,2025,R1,STATE_MERIT,150.0,SMS Medical College Jaipur,MD (Paediatrics),OBC,,Government,Rajsthan__Rajasthan Round 1 Allotment.txt,125,
Rajasthan,Rajasthan,2025,R1,STATE_MERIT,152.0,SMS Medical College Jaipur,MD (General Medicine),OBC,,Government,Rajsthan__Rajasthan Round 1 Allotment.txt,126,
Rajasthan,Rajasthan,2025,R1,STATE_MERIT,154.0,RNT MC Udaipur,MD (Paediatrics),OBC,,Government,Rajsthan__Rajasthan Round 1 Allotment.txt,127,
Rajasthan,Rajasthan,2025,R1,STATE_MERIT,156.0,SMS Medical College Jaipur,MS (Obst. & Gynaecology),General,,Government,Rajsthan__Rajasthan Round 1 Allotment.txt,128,
Rajasthan,Rajasthan,2025,R1,STATE_MERIT,161.0,Jhalawar Medical College Jhalawar,MD (General Medicine),General,,Management,Rajsthan__Rajasthan Round 1 Allotment.txt,129,
Rajasthan,Rajasthan,2025,R1,STATE_MERIT,163.0,SMS Medical College Jaipur,MD (Geriatric Medicine),General,,Government,Rajsthan__Rajasthan Round 1 Allotment.txt,130,
Rajasthan,Rajasthan,2025,R1,STATE_MERIT,165.0,SMS Medical College Jaipur,MD (General Medicine),EWS,,Government,Rajsthan__Rajasthan Round 1 Allotment.txt,131,
Rajasthan,Rajasthan,2025,R1,STATE_MERIT,166.0,SMS Medical College Jaipur,MS (General Surgery),General,,Government,Rajsthan__Rajasthan Round 1 Allotment.txt,132,
Rajasthan,Rajasthan,2025,R1,STATE_MERIT,167.0,SMS Medical College Jaipur,MD (General Medicine),EWS,,Government,Rajsthan__Rajasthan Round 1 Allotment.txt,133,
Rajasthan,Rajasthan,2025,R1,STATE_MERIT,168.0,Dr SNMC Jodhpur,MS (Obst. & Gynaecology),OBC,,Government,Rajsthan__Rajasthan Round 1 Allotment.txt,134,
Rajasthan,Rajasthan,2025,R1,STATE_MERIT,171.0,"Govt. Medical College, Kota",MD (Psychiatry),General,,Government,Rajsthan__Rajasthan Round 1 Allotment.txt,142,
Rajasthan,Rajasthan,2025,R1,STATE_MERIT,174.0,SMS Medical College Jaipur,MD (Respiratory Medicine/T.B. & Chest/Tuberculosis & Respiratory Diseases),OBC,,Government,Rajsthan__Rajasthan Round 1 Allotment.txt,143,
Rajasthan,Rajasthan,2025,R1,STATE_MERIT,178.0,Jhalawar Medical College Jhalawar,MD (General Medicine),General,,Management,Rajsthan__Rajasthan Round 1 Allotment.txt,144,
Rajasthan,Rajasthan,2025,R1,STATE_MERIT,180.0,JLN MC Ajmer,MD (Paediatrics),General,,Government,Rajsthan__Rajasthan Round 1 Allotment.txt,145,
Rajasthan,Rajasthan,2025,R1,STATE_MERIT,181.0,Dr SNMC Jodhpur,MD (Paediatrics),OBC,,Government,Rajsthan__Rajasthan Round 1 Allotment.txt,146,
Rajasthan,Rajasthan,2025,R1,STATE_MERIT,182.0,SMS Medical College Jaipur,MS (Obst. & Gynaecology),General,,Government,Rajsthan__Rajasthan Round 1 Allotment.txt,147,
Rajasthan,Rajasthan,2025,R1,STATE_MERIT,183.0,SPMC Bikaner,MD (Paediatrics),General,,Government,Rajsthan__Rajasthan Round 1 Allotment.txt,148,
Rajasthan,Rajasthan,2025,R1,STATE_MERIT,184.0,SMS Medical College Jaipur,MS (Orthopaedics),OBC,,Government,Rajsthan__Rajasthan Round 1 Allotment.txt,149,
Rajasthan,Rajasthan,2025,R1,STATE_MERIT,189.0,SPMC Bikaner,MD (General Medicine),EWS,,Government,Rajsthan__Rajasthan Round 1 Allotment.txt,150,
Rajasthan,Rajasthan,2025,R1,STATE_MERIT,190.0,SPMC Bikaner,MD (General Medicine),EWS,,Government,Rajsthan__Rajasthan Round 1 Allotment.txt,151,
Rajasthan,Rajasthan,2025,R1,STATE_MERIT,191.0,SPMC Bikaner,MD (Paediatrics),General,,Government,Rajsthan__Rajasthan Round 1 Allotment.txt,152,
Rajasthan,Rajasthan,2025,R1,STATE_MERIT,192.0,SMS Medical College Jaipur,MS (Obst. & Gynaecology),OBC,,Government,Rajsthan__Rajasthan Round 1 Allotment.txt,153,
Rajasthan,Rajasthan,2025,R1,STATE_MERIT,195.0,RNT MC Udaipur,MD (General Medicine),EWS,,Government,Rajsthan__Rajasthan Round 1 Allotment.txt,154,
Rajasthan,Rajasthan,2025,R1,STATE_MERIT,196.0,RNT MC Udaipur,MD (General Medicine),EWS,,Government,Rajsthan__Rajasthan Round 1 Allotment.txt,155,
Rajasthan,Rajasthan,2025,R1,STATE_MERIT,197.0,SMS Medical College Jaipur,MS (Obst. & Gynaecology),General,,Government,Rajsthan__Rajasthan Round 1 Allotment.txt,156,
Rajasthan,Rajasthan,2025,R1,STATE_MERIT,198.0,RUHS College of Medical Sciences,MD (General Medicine),General,,Management,Rajsthan__Rajasthan Round 1 Allotment.txt,157,
Rajasthan,Rajasthan,2025,R1,STATE_MERIT,199.0,Shri Jagannath Pahadiya Medical College Bharatpur or GMC Bharatpur,MD (General Medicine),OBC,,Management,Rajsthan__Rajasthan Round 1 Allotment.txt,158,
Rajasthan,Rajasthan,2025,R1,STATE_MERIT,200.0,SMS Medical College Jaipur,MS (Obst. & Gynaecology),General,,Government,Rajsthan__Rajasthan Round 1 Allotment.txt,159,
Rajasthan,Rajasthan,2025,R1,STATE_MERIT,201.0,SMS Medical College Jaipur,MS (Orthopaedics),General,,Government,Rajsthan__Rajasthan Round 1 Allotment.txt,160,
Rajasthan,Rajasthan,2025,R1,STATE_MERIT,204.0,SPMC Bikaner,MD (Paediatrics),General,,Government,Rajsthan__Rajasthan Round 1 Allotment.txt,161,
Rajasthan,Rajasthan,2025,R1,STATE_MERIT,205.0,Shri Jagannath Pahadiya Medical College Bharatpur or GMC Bharatpur,MD (General Medicine),General,,Management,Rajsthan__Rajasthan Round 1 Allotment.txt,162,
Rajasthan,Rajasthan,2025,R1,STATE_MERIT,209.0,RNT MC Udaipur,MD (Paediatrics),OBC,,Government,Rajsthan__Rajasthan Round 1 Allotment.txt,163,
Rajasthan,Rajasthan,2025,R1,STATE_MERIT,210.0,SPMC Bikaner,MD (Paediatrics),OBC,,Government,Rajsthan__Rajasthan Round 1 Allotment.txt,164,
Rajasthan,Rajasthan,2025,R1,STATE_MERIT,211.0,SMS Medical College Jaipur,MS (Obst. & Gynaecology),OBC,,Government,Rajsthan__Rajasthan Round 1 Allotment.txt,165,
Rajasthan,Rajasthan,2025,R1,STATE_MERIT,212.0,JLN MC Ajmer,MD (Paediatrics),General,,Government,Rajsthan__Rajasthan Round 1 Allotment.txt,166,
Rajasthan,Rajasthan,2025,R1,STATE_MERIT,213.0,JLN MC Ajmer,MD (Paediatrics),General,,Government,Rajsthan__Rajasthan Round 1 Allotment.txt,167,
Rajasthan,Rajasthan,2025,R1,STATE_MERIT,214.0,SMS Medical College Jaipur,MS (Obst. & Gynaecology),General,,Government,Rajsthan__Rajasthan Round 1 Allotment.txt,168,
Rajasthan,Rajasthan,2025,R1,STATE_MERIT,216.0,JLN MC Ajmer,MD (General Medicine),EWS,,Government,Rajsthan__Rajasthan Round 1 Allotment.txt,169,
Rajasthan,Rajasthan,2025,R1,STATE_MERIT,218.0,Shri Jagannath Pahadiya Medical College Bharatpur or GMC Bharatpur,MD (General Medicine),General,,Management,Rajsthan__Rajasthan Round 1 Allotment.txt,170,
Rajasthan,Rajasthan,2025,R1,STATE_MERIT,219.0,"Govt. Medical College, Kota",MD (General Medicine),EWS,,Government,Rajsthan__Rajasthan Round 1 Allotment.txt,171,
Rajasthan,Rajasthan,2025,R1,STATE_MERIT,221.0,SMS Medical College Jaipur,MS (Obst. & Gynaecology),OBC,,Government,Rajsthan__Rajasthan Round 1 Allotment.txt,172,
Rajasthan,Rajasthan,2025,R1,STATE_MERIT,222.0,Dr SNMC Jodhpur,MD (Paediatrics),General,,Government,Rajsthan__Rajasthan Round 1 Allotment.txt,173,
Rajasthan,Rajasthan,2025,R1,STATE_MERIT,223.0,SMS Medical College Jaipur,MD (Respiratory Medicine/T.B. & Chest/Tuberculosis & Respiratory Diseases),General,,Government,Rajsthan__Rajasthan Round 1 Allotment.txt,174,
Rajasthan,Rajasthan,2025,R1,STATE_MERIT,224.0,RNT MC Udaipur,MD (Paediatrics),General,,Government,Rajsthan__Rajasthan Round 1 Allotment.txt,175,
Rajasthan,Rajasthan,2025,R1,STATE_MERIT,225.0,SMS Medical College Jaipur,MS (Obst. & Gynaecology),OBC,,Government,Rajsthan__Rajasthan Round 1 Allotment.txt,176,
Rajasthan,Rajasthan,2025,R1,STATE_MERIT,226.0,SMS Medical College Jaipur,MD (Respiratory Medicine/T.B. & Chest/Tuberculosis & Respiratory Diseases),OBC,,Government,Rajsthan__Rajasthan Round 1 Allotment.txt,177,
Rajasthan,Rajasthan,2025,R1,STATE_MERIT,231.0,SMS Medical College Jaipur,MS (Obst. & Gynaecology),OBC,,Government,Rajsthan__Rajasthan Round 1 Allotment.txt,178,
Rajasthan,Rajasthan,2025,R1,STATE_MERIT,235.0,SMS Medical College Jaipur,MS (General Surgery),EWS,,Government,Rajsthan__Rajasthan Round 1 Allotment.txt,179,
Rajasthan,Rajasthan,2025,R1,STATE_MERIT,236.0,SMS Medical College Jaipur,MS (General Surgery),General,,Government,Rajsthan__Rajasthan Round 1 Allotment.txt,180,
Rajasthan,Rajasthan,2025,R1,STATE_MERIT,239.0,SMS Medical College Jaipur,MS (Ophthalmology),General,,Government,Rajsthan__Rajasthan Round 1 Allotment.txt,181,
Rajasthan,Rajasthan,2025,R1,STATE_MERIT,240.0,SMS Medical College Jaipur,MS (Obst. & Gynaecology),General,,Government,Rajsthan__Rajasthan Round 1 Allotment.txt,182,
Rajasthan,Rajasthan,2025,R1,STATE_MERIT,243.0,SMS Medical College Jaipur,MD (General Medicine),MBC NCL,,Government,Rajsthan__Rajasthan Round 1 Allotment.txt,183,
Rajasthan,Rajasthan,2025,R1,STATE_MERIT,244.0,"Govt. Medical College, Kota",MD (Paediatrics),OBC,,Government,Rajsthan__Rajasthan Round 1 Allotment.txt,184,
Rajasthan,Rajasthan,2025,R1,STATE_MERIT,249.0,Dr SNMC Jodhpur,MD (Paediatrics),General,,Government,Rajsthan__Rajasthan Round 1 Allotment.txt,185,
Rajasthan,Rajasthan,2025,R1,STATE_MERIT,254.0,Dr SNMC Jodhpur,MD (Paediatrics),OBC,,Government,Rajsthan__Rajasthan Round 1 Allotment.txt,186,
Rajasthan,Rajasthan,2025,R1,STATE_MERIT,255.0,SMS Medical College Jaipur,MS (Orthopaedics),General,,Government,Rajsthan__Rajasthan Round 1 Allotment.txt,187,
Rajasthan,Rajasthan,2025,R1,STATE_MERIT,256.0,SMS Medical College Jaipur,MS (Obst. & Gynaecology),EWS,,Government,Rajsthan__Rajasthan Round 1 Allotment.txt,188,
Rajasthan,Rajasthan,2025,R1,STATE_MERIT,258.0,SMS Medical College Jaipur,MS (Orthopaedics),General,,Government,Rajsthan__Rajasthan Round 1 Allotment.txt,189,
Rajasthan,Rajasthan,2025,R1,STATE_MERIT,259.0,SMS Medical College Jaipur,MD (Radiotherapy/Radiationoncology),General,,Government,Rajsthan__Rajasthan Round 1 Allotment.txt,190,
Rajasthan,Rajasthan,2025,R1,STATE_MERIT,261.0,JLN MC Ajmer,MD (Paediatrics),OBC,,Government,Rajsthan__Rajasthan Round 1 Allotment.txt,191,
Rajasthan,Rajasthan,2025,R1,STATE_MERIT,263.0,SMS Medical College Jaipur,MS (Orthopaedics),General,,Government,Rajsthan__Rajasthan Round 1 Allotment.txt,192,
Rajasthan,Rajasthan,2025,R1,STATE_MERIT,266.0,Dr SNMC Jodhpur,MD (Paediatrics),General,,Government,Rajsthan__Rajasthan Round 1 Allotment.txt,193,
Rajasthan,Rajasthan,2025,R1,STATE_MERIT,267.0,"Govt. Medical College, Kota",MD (Paediatrics),General,,Government,Rajsthan__Rajasthan Round 1 Allotment.txt,194,
Rajasthan,Rajasthan,2025,R1,STATE_MERIT,268.0,Dr SNMC Jodhpur,MD (Paediatrics),General,,Government,Rajsthan__Rajasthan Round 1 Allotment.txt,195,
Rajasthan,Rajasthan,2025,R1,STATE_MERIT,269.0,SMS Medical College Jaipur,MD (Paediatrics),EWS,,Government,Rajsthan__Rajasthan Round 1 Allotment.txt,196,
Rajasthan,Rajasthan,2025,R1,STATE_MERIT,270.0,SMS Medical College Jaipur,MD (General Medicine),General,,Government,Rajsthan__Rajasthan Round 1 Allotment.txt,197,
Rajasthan,Rajasthan,2025,R1,STATE_MERIT,272.0,SMS Medical College Jaipur,MD (General Medicine),ST,,Government,Rajsthan__Rajasthan Round 1 Allotment.txt,198,
Rajasthan,Rajasthan,2025,R1,STATE_MERIT,273.0,SMS Medical College Jaipur,MS (Obst. & Gynaecology),OBC,,Government,Rajsthan__Rajasthan Round 1 Allotment.txt,199,
Rajasthan,Rajasthan,2025,R1,STATE_MERIT,274.0,"Govt. Medical College, Kota",MD (Paediatrics),General,,Government,Rajsthan__Rajasthan Round 1 Allotment.txt,200,
Rajasthan,Rajasthan,2025,R1,STATE_MERIT,275.0,SPMC Bikaner,MD (Psychiatry),General,,Government,Rajsthan__Rajasthan Round 1 Allotment.txt,201,
Rajasthan,Rajasthan,2025,R1,STATE_MERIT,276.0,SMS Medical College Jaipur,MD (Skin & V.D / Dermatology Ven. & Leprosy),SC,,Government,Rajsthan__Rajasthan Round 1 Allotment.txt,202,
Rajasthan,Rajasthan,2025,R1,STATE_MERIT,277.0,SMS Medical College Jaipur,MS (General Surgery),General,,Government,Rajsthan__Rajasthan Round 1 Allotment.txt,203,
Rajasthan,Rajasthan,2025,R1,STATE_MERIT,280.0,SMS Medical College Jaipur,MD (Paediatrics),EWS,,Government,Rajsthan__Rajasthan Round 1 Allotment.txt,211,
Rajasthan,Rajasthan,2025,R1,STATE_MERIT,282.0,"Govt. Medical College, Kota",MD (Paediatrics),General,,Government,Rajsthan__Rajasthan Round 1 Allotment.txt,212,
Rajasthan,Rajasthan,2025,R1,STATE_MERIT,285.0,SMS Medical College Jaipur,MD (Respiratory Medicine/T.B. & Chest/Tuberculosis & Respiratory Diseases),General,,Government,Rajsthan__Rajasthan Round 1 Allotment.txt,213,
Rajasthan,Rajasthan,2025,R1,STATE_MERIT,286.0,"Govt. Medical College, Kota",MD (Psychiatry),General,,Government,Rajsthan__Rajasthan Round 1 Allotment.txt,214,
Rajasthan,Rajasthan,2025,R1,STATE_MERIT,287.0,SPMC Bikaner,MD (Paediatrics),EWS,,Government,Rajsthan__Rajasthan Round 1 Allotment.txt,215,
Rajasthan,Rajasthan,2025,R1,STATE_MERIT,290.0,Dr SNMC Jodhpur,MS (Obst. & Gynaecology),General,,Government,Rajsthan__Rajasthan Round 1 Allotment.txt,216,
Rajasthan,Rajasthan,2025,R1,STATE_MERIT,291.0,SMS Medical College Jaipur,MD (Skin & V.D / Dermatology Ven. & Leprosy),SC,,Government,Rajsthan__Rajasthan Round 1 Allotment.txt,217,
Rajasthan,Rajasthan,2025,R1,STATE_MERIT,292.0,SMS Medical College Jaipur,MD (Psychiatry),OBC,,Government,Rajsthan__Rajasthan Round 1 Allotment.txt,218,
Rajasthan,Rajasthan,2025,R1,STATE_MERIT,293.0,SMS Medical College Jaipur,MD (Respiratory Medicine/T.B. & Chest/Tuberculosis & Respiratory Diseases),EWS,,Government,Rajsthan__Rajasthan Round 1 Allotment.txt,219,
Rajasthan,Rajasthan,2025,R1,STATE_MERIT,294.0,Dr SNMC Jodhpur,MD (Paediatrics),OBC,,Government,Rajsthan__Rajasthan Round 1 Allotment.txt,220,
Rajasthan,Rajasthan,2025,R1,STATE_MERIT,295.0,RNT MC Udaipur,MS (Obst. & Gynaecology),General,,Government,Rajsthan__Rajasthan Round 1 Allotment.txt,221,
Rajasthan,Rajasthan,2025,R1,STATE_MERIT,297.0,Dr SNMC Jodhpur,MD (Paediatrics),EWS,,Government,Rajsthan__Rajasthan Round 1 Allotment.txt,222,
Rajasthan,Rajasthan,2025,R1,STATE_MERIT,298.0,Dr SNMC Jodhpur,MS (Obst. & Gynaecology),OBC,,Government,Rajsthan__Rajasthan Round 1 Allotment.txt,223,
Rajasthan,Rajasthan,2025,R1,STATE_MERIT,299.0,SMS Medical College Jaipur,MS (General Surgery),OBC,,Government,Rajsthan__Rajasthan Round 1 Allotment.txt,224,
Rajasthan,Rajasthan,2025,R1,STATE_MERIT,300.0,Jhalawar Medical College Jhalawar,MD (Paediatrics),OBC,,Government,Rajsthan__Rajasthan Round 1 Allotment.txt,225,
Rajasthan,Rajasthan,2025,R1,STATE_MERIT,301.0,SPMC Bikaner,MS (Obst. & Gynaecology),OBC,,Government,Rajsthan__Rajasthan Round 1 Allotment.txt,226,
Rajasthan,Rajasthan,2025,R1,STATE_MERIT,304.0,Dr SNMC Jodhpur,MS (Obst. & Gynaecology),General,,Government,Rajsthan__Rajasthan Round 1 Allotment.txt,227,
Rajasthan,Rajasthan,2025,R1,STATE_MERIT,305.0,SMS Medical College Jaipur,MD (Skin & V.D / Dermatology Ven. & Leprosy),ST,,Government,Rajsthan__Rajasthan Round 1 Allotment.txt,228,
Rajasthan,Rajasthan,2025,R1,STATE_MERIT,306.0,SMS Medical College Jaipur,MS (Orthopaedics),General,,Government,Rajsthan__Rajasthan Round 1 Allotment.txt,229,
Rajasthan,Rajasthan,2025,R1,STATE_MERIT,308.0,RNT MC Udaipur,MD (Paediatrics),EWS,,Government,Rajsthan__Rajasthan Round 1 Allotment.txt,230,
Rajasthan,Rajasthan,2025,R1,STATE_MERIT,309.0,SMS Medical College Jaipur,MS (Obst. & Gynaecology),EWS,,Government,Rajsthan__Rajasthan Round 1 Allotment.txt,231,
Rajasthan,Rajasthan,2025,R1,STATE_MERIT,311.0,SMS Medical College Jaipur,MS (Obst. & Gynaecology),EWS,,Government,Rajsthan__Rajasthan Round 1 Allotment.txt,232,
Rajasthan,Rajasthan,2025,R1,STATE_MERIT,314.0,Dr SNMC Jodhpur,MS (Obst. & Gynaecology),OBC,,Government,Rajsthan__Rajasthan Round 1 Allotment.txt,233,
Rajasthan,Rajasthan,2025,R1,STATE_MERIT,315.0,RNT MC Udaipur,MD (Radiodiagnosis/Radiology),ST,,Government,Rajsthan__Rajasthan Round 1 Allotment.txt,234,
Rajasthan,Rajasthan,2025,R1,STATE_MERIT,317.0,RNT MC Udaipur,MS (Obst. & Gynaecology),General,,Government,Rajsthan__Rajasthan Round 1 Allotment.txt,235,
Rajasthan,Rajasthan,2025,R1,STATE_MERIT,318.0,SMS Medical College Jaipur,MS (Ophthalmology),OBC,,Government,Rajsthan__Rajasthan Round 1 Allotment.txt,236,
Rajasthan,Rajasthan,2025,R1,STATE_MERIT,319.0,SMS Medical College Jaipur,MS (Orthopaedics),General,,Government,Rajsthan__Rajasthan Round 1 Allotment.txt,237,
Rajasthan,Rajasthan,2025,R1,STATE_MERIT,320.0,SMS Medical College Jaipur,MS (Orthopaedics),OBC,,Government,Rajsthan__Rajasthan Round 1 Allotment.txt,238,
Rajasthan,Rajasthan,2025,R1,STATE_MERIT,322.0,RNT MC Udaipur,MD (Paediatrics),EWS,,Government,Rajsthan__Rajasthan Round 1 Allotment.txt,239,
Rajasthan,Rajasthan,2025,R1,STATE_MERIT,324.0,SMS Medical College Jaipur,MD (General Medicine),SC,,Government,Rajsthan__Rajasthan Round 1 Allotment.txt,240,
Rajasthan,Rajasthan,2025,R1,STATE_MERIT,328.0,SMS Medical College Jaipur,MS (Ophthalmology),General,,Government,Rajsthan__Rajasthan Round 1 Allotment.txt,241,
Rajasthan,Rajasthan,2025,R1,STATE_MERIT,329.0,SMS Medical College Jaipur,MD (Respiratory Medicine/T.B. & Chest/Tuberculosis & Respiratory Diseases),General,,Government,Rajsthan__Rajasthan Round 1 Allotment.txt,242,
Rajasthan,Rajasthan,2025,R1,STATE_MERIT,332.0,SMS Medical College Jaipur,MD (Palliative Medicine),General,,Government,Rajsthan__Rajasthan Round 1 Allotment.txt,243,
Rajasthan,Rajasthan,2025,R1,STATE_MERIT,333.0,Dr SNMC Jodhpur,MS (Obst. & Gynaecology),OBC,,Government,Rajsthan__Rajasthan Round 1 Allotment.txt,244,
Rajasthan,Rajasthan,2025,R1,STATE_MERIT,334.0,SMS Medical College Jaipur,MD (Respiratory Medicine/T.B. & Chest/Tuberculosis & Respiratory Diseases),General,,Government,Rajsthan__Rajasthan Round 1 Allotment.txt,245,
Rajasthan,Rajasthan,2025,R1,STATE_MERIT,335.0,SMS Medical College Jaipur,MD (Respiratory Medicine/T.B. & Chest/Tuberculosis & Respiratory Diseases),General,,Government,Rajsthan__Rajasthan Round 1 Allotment.txt,246,
Rajasthan,Rajasthan,2025,R1,STATE_MERIT,336.0,SMS Medical College Jaipur,MS (Orthopaedics),OBC,,Government,Rajsthan__Rajasthan Round 1 Allotment.txt,247,
Rajasthan,Rajasthan,2025,R1,STATE_MERIT,340.0,Dr SNMC Jodhpur,MS (General Surgery),General,,Government,Rajsthan__Rajasthan Round 1 Allotment.txt,248,
Rajasthan,Rajasthan,2025,R1,STATE_MERIT,341.0,SMS Medical College Jaipur,MS (General Surgery),General,,Government,Rajsthan__Rajasthan Round 1 Allotment.txt,249,
Rajasthan,Rajasthan,2025,R1,STATE_MERIT,344.0,SMS Medical College Jaipur,MS (General Surgery),OBC,,Government,Rajsthan__Rajasthan Round 1 Allotment.txt,250,
Rajasthan,Rajasthan,2025,R1,STATE_MERIT,345.0,SMS Medical College Jaipur,MS (Ophthalmology),OBC,,Government,Rajsthan__Rajasthan Round 1 Allotment.txt,251,
Rajasthan,Rajasthan,2025,R1,STATE_MERIT,346.0,SPMC Bikaner,MD (Paediatrics),EWS,,Government,Rajsthan__Rajasthan Round 1 Allotment.txt,252,
Rajasthan,Rajasthan,2025,R1,STATE_MERIT,347.0,SMS Medical College Jaipur,MS (Obst. & Gynaecology),EWS,,Government,Rajsthan__Rajasthan Round 1 Allotment.txt,253,
Rajasthan,Rajasthan,2025,R1,STATE_MERIT,349.0,Dr SNMC Jodhpur,MD (Paediatrics),EWS,,Government,Rajsthan__Rajasthan Round 1 Allotment.txt,254,
Rajasthan,Rajasthan,2025,R1,STATE_MERIT,353.0,SMS Medical College Jaipur,MD (Psychiatry),General,,Government,Rajsthan__Rajasthan Round 1 Allotment.txt,255,
Rajasthan,Rajasthan,2025,R1,STATE_MERIT,357.0,SMS Medical College Jaipur,MD (Radiotherapy/Radiationoncology),General,,Government,Rajsthan__Rajasthan Round 1 Allotment.txt,256,
Rajasthan,Rajasthan,2025,R1,STATE_MERIT,359.0,SPMC Bikaner,MD (Respiratory Medicine/T.B. & Chest/Tuberculosis & Respiratory Diseases),OBC,,Government,Rajsthan__Rajasthan Round 1 Allotment.txt,257,
Rajasthan,Rajasthan,2025,R1,STATE_MERIT,360.0,Dr SNMC Jodhpur,MS (Obst. & Gynaecology),General,,Government,Rajsthan__Rajasthan Round 1 Allotment.txt,258,
Rajasthan,Rajasthan,2025,R1,STATE_MERIT,361.0,RNT MC Udaipur,MD (Respiratory Medicine/T.B. & Chest/Tuberculosis & Respiratory Diseases),General,,Government,Rajsthan__Rajasthan Round 1 Allotment.txt,259,
Rajasthan,Rajasthan,2025,R1,STATE_MERIT,362.0,Dr SNMC Jodhpur,MD (Respiratory Medicine/T.B. & Chest/Tuberculosis & Respiratory Diseases),OBC,,Government,Rajsthan__Rajasthan Round 1 Allotment.txt,260,
Rajasthan,Rajasthan,2025,R1,STATE_MERIT,363.0,SMS Medical College Jaipur,MD (Psychiatry),General,,Government,Rajsthan__Rajasthan Round 1 Allotment.txt,261,
Rajasthan,Rajasthan,2025,R1,STATE_MERIT,364.0,RNT MC Udaipur,MS (Obst. & Gynaecology),General,,Government,Rajsthan__Rajasthan Round 1 Allotment.txt,262,
Rajasthan,Rajasthan,2025,R1,STATE_MERIT,366.0,JLN MC Ajmer,MS (General Surgery),General,,Government,Rajsthan__Rajasthan Round 1 Allotment.txt,263,
Rajasthan,Rajasthan,2025,R1,STATE_MERIT,367.0,SMS Medical College Jaipur,MS (Obst. & Gynaecology),EWS,,Government,Rajsthan__Rajasthan Round 1 Allotment.txt,264,
Rajasthan,Rajasthan,2025,R1,STATE_MERIT,368.0,Dr SNMC Jodhpur,MS (Obst. & Gynaecology),EWS,,Government,Rajsthan__Rajasthan Round 1 Allotment.txt,265,
Rajasthan,Rajasthan,2025,R1,STATE_MERIT,370.0,SMS Medical College Jaipur,MS (General Surgery),General,,Government,Rajsthan__Rajasthan Round 1 Allotment.txt,266,
Rajasthan,Rajasthan,2025,R1,STATE_MERIT,371.0,Dr SNMC Jodhpur,MS (Orthopaedics),OBC,,Government,Rajsthan__Rajasthan Round 1 Allotment.txt,267,
Rajasthan,Rajasthan,2025,R1,STATE_MERIT,372.0,SMS Medical College Jaipur,MS (General Surgery),OBC,,Government,Rajsthan__Rajasthan Round 1 Allotment.txt,268,
Rajasthan,Rajasthan,2025,R1,STATE_MERIT,373.0,RNT MC Udaipur,MS (Obst. & Gynaecology),General,,Government,Rajsthan__Rajasthan Round 1 Allotment.txt,269,
Rajasthan,Rajasthan,2025,R1,STATE_MERIT,375.0,SMS Medical College Jaipur,MS (ENT),General,,Government,Rajsthan__Rajasthan Round 1 Allotment.txt,270,
Rajasthan,Rajasthan,2025,R1,STATE_MERIT,376.0,SMS Medical College Jaipur,MS (Orthopaedics),EWS,,Government,Rajsthan__Rajasthan Round 1 Allotment.txt,271,
Rajasthan,Rajasthan,2025,R1,STATE_MERIT,378.0,SPMC Bikaner,MS (Ophthalmology),General,,Government,Rajsthan__Rajasthan Round 1 Allotment.txt,272,
Rajasthan,Rajasthan,2025,R1,STATE_MERIT,380.0,SPMC Bikaner,MS (Obst. & Gynaecology),General,,Government,Rajsthan__Rajasthan Round 1 Allotment.txt,280,
Rajasthan,Rajasthan,2025,R1,STATE_MERIT,382.0,RNT MC Udaipur,MS (Obst. & Gynaecology),General,,Government,Rajsthan__Rajasthan Round 1 Allotment.txt,281,
Rajasthan,Rajasthan,2025,R1,STATE_MERIT,383.0,"Govt. Medical College, Kota",MS (Obst. & Gynaecology),General,,Government,Rajsthan__Rajasthan Round 1 Allotment.txt,282,
Rajasthan,Rajasthan,2025,R1,STATE_MERIT,385.0,SMS Medical College Jaipur,MD (General Medicine),SC,,Government,Rajsthan__Rajasthan Round 1 Allotment.txt,283,
Rajasthan,Rajasthan,2025,R1,STATE_MERIT,386.0,"Govt. Medical College, Kota",MS (Obst. & Gynaecology),General,,Government,Rajsthan__Rajasthan Round 1 Allotment.txt,284,
Rajasthan,Rajasthan,2025,R1,STATE_MERIT,389.0,SMS Medical College Jaipur,MS (Orthopaedics),OBC,,Government,Rajsthan__Rajasthan Round 1 Allotment.txt,285,
Rajasthan,Rajasthan,2025,R1,STATE_MERIT,390.0,JLN MC Ajmer,MS (Obst. & Gynaecology),OBC,,Government,Rajsthan__Rajasthan Round 1 Allotment.txt,286,
Rajasthan,Rajasthan,2025,R1,STATE_MERIT,391.0,"Govt. Medical College, Kota",MS (Obst. & Gynaecology),General,,Government,Rajsthan__Rajasthan Round 1 Allotment.txt,287,
Rajasthan,Rajasthan,2025,R1,STATE_MERIT,393.0,SPMC Bikaner,MD (Psychiatry),General,,Government,Rajsthan__Rajasthan Round 1 Allotment.txt,288,
Rajasthan,Rajasthan,2025,R1,STATE_MERIT,396.0,"Govt. Medical College, Kota",MS (Orthopaedics),General,,Government,Rajsthan__Rajasthan Round 1 Allotment.txt,289,
Rajasthan,Rajasthan,2025,R1,STATE_MERIT,397.0,RNT MC Udaipur,MS (Obst. & Gynaecology),OBC,,Government,Rajsthan__Rajasthan Round 1 Allotment.txt,290,
Rajasthan,Rajasthan,2025,R1,STATE_MERIT,401.0,"Govt. Medical College, Kota",MS (Obst. & Gynaecology),General,,Government,Rajsthan__Rajasthan Round 1 Allotment.txt,291,
Rajasthan,Rajasthan,2025,R1,STATE_MERIT,403.0,SPMC Bikaner,MD (Respiratory Medicine/T.B. & Chest/Tuberculosis & Respiratory Diseases),General,,Government,Rajsthan__Rajasthan Round 1 Allotment.txt,292,
Rajasthan,Rajasthan,2025,R1,STATE_MERIT,404.0,RNT MC Udaipur,MD (Radiodiagnosis/Radiology),SC,,Government,Rajsthan__Rajasthan Round 1 Allotment.txt,293,
Rajasthan,Rajasthan,2025,R1,STATE_MERIT,405.0,JLN MC Ajmer,MS (Obst. & Gynaecology),OBC,,Government,Rajsthan__Rajasthan Round 1 Allotment.txt,294,
Rajasthan,Rajasthan,2025,R1,STATE_MERIT,407.0,SMS Medical College Jaipur,MS (General Surgery),EWS,,Government,Rajsthan__Rajasthan Round 1 Allotment.txt,295,
Rajasthan,Rajasthan,2025,R1,STATE_MERIT,408.0,Dr SNMC Jodhpur,MS (Obst. & Gynaecology),EWS,,Government,Rajsthan__Rajasthan Round 1 Allotment.txt,296,
Rajasthan,Rajasthan,2025,R1,STATE_MERIT,409.0,SPMC Bikaner,MS (Ophthalmology),OBC,,Government,Rajsthan__Rajasthan Round 1 Allotment.txt,297,
Rajasthan,Rajasthan,2025,R1,STATE_MERIT,410.0,Dr SNMC Jodhpur,MD (Respiratory Medicine/T.B. & Chest/Tuberculosis & Respiratory Diseases),General,,Government,Rajsthan__Rajasthan Round 1 Allotment.txt,298,
Rajasthan,Rajasthan,2025,R1,STATE_MERIT,411.0,SMS Medical College Jaipur,MS (General Surgery),General,,Government,Rajsthan__Rajasthan Round 1 Allotment.txt,299,
Rajasthan,Rajasthan,2025,R1,STATE_MERIT,412.0,SMS Medical College Jaipur,MD (Psychiatry),OBC,,Government,Rajsthan__Rajasthan Round 1 Allotment.txt,300,
Rajasthan,Rajasthan,2025,R1,STATE_MERIT,415.0,"Govt. Medical College, Kota",MS (Obst. & Gynaecology),General,,Government,Rajsthan__Rajasthan Round 1 Allotment.txt,301,
Rajasthan,Rajasthan,2025,R1,STATE_MERIT,416.0,SMS Medical College Jaipur,MS (ENT),General,,Government,Rajsthan__Rajasthan Round 1 Allotment.txt,302,
Rajasthan,Rajasthan,2025,R1,STATE_MERIT,417.0,SPMC Bikaner,MS (Obst. & Gynaecology),General,,Government,Rajsthan__Rajasthan Round 1 Allotment.txt,303,
Rajasthan,Rajasthan,2025,R1,STATE_MERIT,418.0,SMS Medical College Jaipur,MS (General Surgery),General,,Government,Rajsthan__Rajasthan Round 1 Allotment.txt,304,
Rajasthan,Rajasthan,2025,R1,STATE_MERIT,420.0,"Govt. Medical College, Kota",MS (Orthopaedics),OBC,,Government,Rajsthan__Rajasthan Round 1 Allotment.txt,305,
Rajasthan,Rajasthan,2025,R1,STATE_MERIT,421.0,SPMC Bikaner,MS (Obst. & Gynaecology),General,,Government,Rajsthan__Rajasthan Round 1 Allotment.txt,306,
Rajasthan,Rajasthan,2025,R1,STATE_MERIT,422.0,SMS Medical College Jaipur,MS (General Surgery),General,,Government,Rajsthan__Rajasthan Round 1 Allotment.txt,307,
Rajasthan,Rajasthan,2025,R1,STATE_MERIT,423.0,SMS Medical College Jaipur,MD (General Medicine),MBC NCL,,Government,Rajsthan__Rajasthan Round 1 Allotment.txt,308,
Rajasthan,Rajasthan,2025,R1,STATE_MERIT,424.0,"Govt. Medical College, Kota",MD (Respiratory Medicine/T.B. & Chest/Tuberculosis & Respiratory Diseases),General,,Government,Rajsthan__Rajasthan Round 1 Allotment.txt,309,
Rajasthan,Rajasthan,2025,R1,STATE_MERIT,425.0,JLN MC Ajmer,MD (Radiodiagnosis/Radiology),SC,,Government,Rajsthan__Rajasthan Round 1 Allotment.txt,310,
Rajasthan,Rajasthan,2025,R1,STATE_MERIT,426.0,SMS Medical College Jaipur,MS (ENT),EWS,,Government,Rajsthan__Rajasthan Round 1 Allotment.txt,311,
Rajasthan,Rajasthan,2025,R1,STATE_MERIT,428.0,SMS Medical College Jaipur,MS (General Surgery),General,,Government,Rajsthan__Rajasthan Round 1 Allotment.txt,312,
Rajasthan,Rajasthan,2025,R1,STATE_MERIT,429.0,Dr SNMC Jodhpur,MS (Obst. & Gynaecology),EWS,,Government,Rajsthan__Rajasthan Round 1 Allotment.txt,313,
Rajasthan,Rajasthan,2025,R1,STATE_MERIT,430.0,SMS Medical College Jaipur,MS (General Surgery),EWS,,Government,Rajsthan__Rajasthan Round 1 Allotment.txt,314,
Rajasthan,Rajasthan,2025,R1,STATE_MERIT,432.0,Jhalawar Medical College Jhalawar,MD (Paediatrics),OBC,,Management,Rajsthan__Rajasthan Round 1 Allotment.txt,315,
Rajasthan,Rajasthan,2025,R1,STATE_MERIT,433.0,SMS Medical College Jaipur,MD (General Medicine),SC,,Government,Rajsthan__Rajasthan Round 1 Allotment.txt,316,
Rajasthan,Rajasthan,2025,R1,STATE_MERIT,435.0,JLN MC Ajmer,MS (Obst. & Gynaecology),General,,Government,Rajsthan__Rajasthan Round 1 Allotment.txt,317,
Rajasthan,Rajasthan,2025,R1,STATE_MERIT,438.0,JLN MC Ajmer,MS (Obst. & Gynaecology),EWS,,Government,Rajsthan__Rajasthan Round 1 Allotment.txt,318,
Rajasthan,Rajasthan,2025,R1,STATE_MERIT,439.0,JLN MC Ajmer,MD (Respiratory Medicine/T.B. & Chest/Tuberculosis & Respiratory Diseases),General,,Government,Rajsthan__Rajasthan Round 1 Allotment.txt,319,
Rajasthan,Rajasthan,2025,R1,STATE_MERIT,440.0,SMS Medical College Jaipur,MD (General Medicine),SC,,Government,Rajsthan__Rajasthan Round 1 Allotment.txt,320,
Rajasthan,Rajasthan,2025,R1,STATE_MERIT,441.0,SMS Medical College Jaipur,MS (General Surgery),General,,Government,Rajsthan__Rajasthan Round 1 Allotment.txt,321,
Rajasthan,Rajasthan,2025,R1,STATE_MERIT,442.0,RUHS College of Medical Sciences,MD (Respiratory Medicine/T.B. & Chest/Tuberculosis & Respiratory Diseases),OBC,,Government,Rajsthan__Rajasthan Round 1 Allotment.txt,322,
Rajasthan,Rajasthan,2025,R1,STATE_MERIT,443.0,SPMC Bikaner,MS (Ophthalmology),General,,Government,Rajsthan__Rajasthan Round 1 Allotment.txt,323,
Rajasthan,Rajasthan,2025,R1,STATE_MERIT,445.0,RNT MC Udaipur,MS (Ophthalmology),General,,Government,Rajsthan__Rajasthan Round 1 Allotment.txt,324,
Rajasthan,Rajasthan,2025,R1,STATE_MERIT,446.0,SMS Medical College Jaipur,MS (General Surgery),OBC,,Government,Rajsthan__Rajasthan Round 1 Allotment.txt,325,
Rajasthan,Rajasthan,2025,R1,STATE_MERIT,448.0,SMS Medical College Jaipur,MD (Paediatrics),SC,,Government,Rajsthan__Rajasthan Round 1 Allotment.txt,326,
Rajasthan,Rajasthan,2025,R1,STATE_MERIT,450.0,Jhalawar Medical College Jhalawar,MD (Paediatrics),General,,Management,Rajsthan__Rajasthan Round 1 Allotment.txt,327,
Rajasthan,Rajasthan,2025,R1,STATE_MERIT,453.0,Dr SNMC Jodhpur,MS (Orthopaedics),General,,Government,Rajsthan__Rajasthan Round 1 Allotment.txt,328,
Rajasthan,Rajasthan,2025,R1,STATE_MERIT,454.0,SPMC Bikaner,MS (Obst. & Gynaecology),OBC,,Government,Rajsthan__Rajasthan Round 1 Allotment.txt,329,
Rajasthan,Rajasthan,2025,R1,STATE_MERIT,456.0,RNT MC Udaipur,MS (Obst. & Gynaecology),EWS,,Government,Rajsthan__Rajasthan Round 1 Allotment.txt,330,
Rajasthan,Rajasthan,2025,R1,STATE_MERIT,460.0,SMS Medical College Jaipur,MS (General Surgery),General,,Government,Rajsthan__Rajasthan Round 1 Allotment.txt,331,
Rajasthan,Rajasthan,2025,R1,STATE_MERIT,466.0,JLN MC Ajmer,MS (General Surgery),General,,Government,Rajsthan__Rajasthan Round 1 Allotment.txt,332,
Rajasthan,Rajasthan,2025,R1,STATE_MERIT,468.0,JLN MC Ajmer,MS (Obst. & Gynaecology),OBC,,Government,Rajsthan__Rajasthan Round 1 Allotment.txt,333,
Rajasthan,Rajasthan,2025,R1,STATE_MERIT,469.0,"Govt. Medical College, Kota",MS (ENT),OBC,,Government,Rajsthan__Rajasthan Round 1 Allotment.txt,334,
Rajasthan,Rajasthan,2025,R1,STATE_MERIT,470.0,Dr SNMC Jodhpur,MS (Orthopaedics),General,,Government,Rajsthan__Rajasthan Round 1 Allotment.txt,335,
Rajasthan,Rajasthan,2025,R1,STATE_MERIT,471.0,"ESIC Medical College And Hospital, Alwar",MD (Respiratory Medicine/T.B. & Chest/Tuberculosis & Respiratory Diseases),General,,Government,Rajsthan__Rajasthan Round 1 Allotment.txt,336,
Rajasthan,Rajasthan,2025,R1,STATE_MERIT,472.0,Jhalawar Medical College Jhalawar,MS (Obst. & Gynaecology),OBC,,Government,Rajsthan__Rajasthan Round 1 Allotment.txt,337,
Rajasthan,Rajasthan,2025,R1,STATE_MERIT,473.0,MGH Bhilwara,Post MBBS Diploma (Paediatrics),General,,Government,Rajsthan__Rajasthan Round 1 Allotment.txt,338,
Rajasthan,Rajasthan,2025,R1,STATE_MERIT,474.0,Jhalawar Medical College Jhalawar,MS (Obst. & Gynaecology),OBC,,Government,Rajsthan__Rajasthan Round 1 Allotment.txt,339,
Rajasthan,Rajasthan,2025,R1,STATE_MERIT,475.0,SPMC Bikaner,MS (Ophthalmology),OBC,,Government,Rajsthan__Rajasthan Round 1 Allotment.txt,340,
Rajasthan,Rajasthan,2025,R1,STATE_MERIT,476.0,Dr SNMC Jodhpur,MS (General Surgery),General,,Government,Rajsthan__Rajasthan Round 1 Allotment.txt,341,
Rajasthan,Rajasthan,2025,R1,STATE_MERIT,477.0,JLN MC Ajmer,MS (Obst. & Gynaecology),EWS,,Government,Rajsthan__Rajasthan Round 1 Allotment.txt,349,
Rajasthan,Rajasthan,2025,R1,STATE_MERIT,478.0,SMS Medical College Jaipur,MS (General Surgery),OBC,,Government,Rajsthan__Rajasthan Round 1 Allotment.txt,350,
Rajasthan,Rajasthan,2025,R1,STATE_MERIT,479.0,SMS Medical College Jaipur,MD (Radiotherapy/Radiationoncology),OBC,,Government,Rajsthan__Rajasthan Round 1 Allotment.txt,351,
Rajasthan,Rajasthan,2025,R1,STATE_MERIT,484.0,Dr SNMC Jodhpur,MS (Orthopaedics),OBC,,Government,Rajsthan__Rajasthan Round 1 Allotment.txt,352,
Rajasthan,Rajasthan,2025,R1,STATE_MERIT,485.0,S K Hospital Sikar,Post MBBS Diploma (Obs & Gyne),General,,Government,Rajsthan__Rajasthan Round 1 Allotment.txt,353,
Rajasthan,Rajasthan,2025,R1,STATE_MERIT,486.0,"Govt. Medical College, Kota",MD (Respiratory Medicine/T.B. & Chest/Tuberculosis & Respiratory Diseases),General,,Government,Rajsthan__Rajasthan Round 1 Allotment.txt,354,
Rajasthan,Rajasthan,2025,R1,STATE_MERIT,487.0,JLN MC Ajmer,MS (Orthopaedics),OBC,,Government,Rajsthan__Rajasthan Round 1 Allotment.txt,355,
Rajasthan,Rajasthan,2025,R1,STATE_MERIT,488.0,Dr SNMC Jodhpur,MD (Psychiatry),General,,Government,Rajsthan__Rajasthan Round 1 Allotment.txt,356,
Rajasthan,Rajasthan,2025,R1,STATE_MERIT,493.0,Dr SNMC Jodhpur,MS (General Surgery),General,,Government,Rajsthan__Rajasthan Round 1 Allotment.txt,357,
Rajasthan,Rajasthan,2025,R1,STATE_MERIT,496.0,SPMC Bikaner,MS (Orthopaedics),OBC,,Government,Rajsthan__Rajasthan Round 1 Allotment.txt,358,
Rajasthan,Rajasthan,2025,R1,STATE_MERIT,497.0,RNT MC Udaipur,MS (Orthopaedics),OBC,,Government,Rajsthan__Rajasthan Round 1 Allotment.txt,359,
Rajasthan,Rajasthan,2025,R1,STATE_MERIT,498.0,"Govt. Medical College, Kota",MD (Skin & V.D / Dermatology Ven. & Leprosy),ST,,Government,Rajsthan__Rajasthan Round 1 Allotment.txt,360,
Rajasthan,Rajasthan,2025,R1,STATE_MERIT,500.0,RNT MC Udaipur,MS (General Surgery),General,,Government,Rajsthan__Rajasthan Round 1 Allotment.txt,361,
Rajasthan,Rajasthan,2025,R1,STATE_MERIT,501.0,SMS Medical College Jaipur,MS (ENT),General,,Government,Rajsthan__Rajasthan Round 1 Allotment.txt,362,
Rajasthan,Rajasthan,2025,R1,STATE_MERIT,503.0,Dr SNMC Jodhpur,MD (General Medicine),MBC NCL,,Government,Rajsthan__Rajasthan Round 1 Allotment.txt,363,
Rajasthan,Rajasthan,2025,R1,STATE_MERIT,505.0,"Govt. Medical College, Kota",MS (Obst. & Gynaecology),EWS,,Government,Rajsthan__Rajasthan Round 1 Allotment.txt,364,
Rajasthan,Rajasthan,2025,R1,STATE_MERIT,508.0,SPMC Bikaner,MS (Orthopaedics),OBC,,Government,Rajsthan__Rajasthan Round 1 Allotment.txt,365,
Rajasthan,Rajasthan,2025,R1,STATE_MERIT,509.0,SMS Medical College Jaipur,MD (General Medicine),ST,,Government,Rajsthan__Rajasthan Round 1 Allotment.txt,366,
Rajasthan,Rajasthan,2025,R1,STATE_MERIT,510.0,SMS Medical College Jaipur,MS (ENT),General,,Government,Rajsthan__Rajasthan Round 1 Allotment.txt,367,
Rajasthan,Rajasthan,2025,R1,STATE_MERIT,515.0,JLN MC Ajmer,MS (Obst. & Gynaecology),EWS,,Government,Rajsthan__Rajasthan Round 1 Allotment.txt,368,
Rajasthan,Rajasthan,2025,R1,STATE_MERIT,516.0,"Govt. Medical College, Kota",MS (General Surgery),OBC,,Government,Rajsthan__Rajasthan Round 1 Allotment.txt,369,
Rajasthan,Rajasthan,2025,R1,STATE_MERIT,517.0,RUHS College of Medical Sciences,MS (Obst. & Gynaecology),General,,Management,Rajsthan__Rajasthan Round 1 Allotment.txt,370,
Rajasthan,Rajasthan,2025,R1,STATE_MERIT,518.0,"Govt. Medical College, Kota",MD (General Medicine),MBC NCL,,Government,Rajsthan__Rajasthan Round 1 Allotment.txt,371,
Rajasthan,Rajasthan,2025,R1,STATE_MERIT,519.0,Dr SNMC Jodhpur,MS (Ophthalmology),General,,Government,Rajsthan__Rajasthan Round 1 Allotment.txt,372,
Rajasthan,Rajasthan,2025,R1,STATE_MERIT,520.0,"Ananta Institute of Medical Sciences and Research Centre, Rajsamand",MD (Skin & V.D / Dermatology Ven. & Leprosy),General,,Government,Rajsthan__Rajasthan Round 1 Allotment.txt,373,
Rajasthan,Rajasthan,2025,R1,STATE_MERIT,521.0,Jhalawar Medical College Jhalawar,MS (Orthopaedics),General,,Government,Rajsthan__Rajasthan Round 1 Allotment.txt,374,
Rajasthan,Rajasthan,2025,R1,STATE_MERIT,522.0,JLN MC Ajmer,MS (ENT),General,,Government,Rajsthan__Rajasthan Round 1 Allotment.txt,375,
Rajasthan,Rajasthan,2025,R1,STATE_MERIT,524.0,"Govt. Medical College, Kota",MD (Skin & V.D / Dermatology Ven. & Leprosy),ST,,Government,Rajsthan__Rajasthan Round 1 Allotment.txt,376,
Rajasthan,Rajasthan,2025,R1,STATE_MERIT,525.0,RNT MC Udaipur,MD (Skin & V.D / Dermatology Ven. & Leprosy),SC,,Government,Rajsthan__Rajasthan Round 1 Allotment.txt,377,
Rajasthan,Rajasthan,2025,R1,STATE_MERIT,526.0,JLN MC Ajmer,MS (Obst. & Gynaecology),EWS,,Government,Rajsthan__Rajasthan Round 1 Allotment.txt,378,
Rajasthan,Rajasthan,2025,R1,STATE_MERIT,527.0,Dr SNMC Jodhpur,MS (General Surgery),OBC,,Government,Rajsthan__Rajasthan Round 1 Allotment.txt,379,
Rajasthan,Rajasthan,2025,R1,STATE_MERIT,528.0,SPMC Bikaner,MD (General Medicine),SC,,Government,Rajsthan__Rajasthan Round 1 Allotment.txt,380,
Rajasthan,Rajasthan,2025,R1,STATE_MERIT,529.0,RUHS College of Medical Sciences,MS (Ophthalmology),General,,Government,Rajsthan__Rajasthan Round 1 Allotment.txt,381,
Rajasthan,Rajasthan,2025,R1,STATE_MERIT,531.0,SMS Medical College Jaipur,MD (General Medicine),SC,,Government,Rajsthan__Rajasthan Round 1 Allotment.txt,382,
Rajasthan,Rajasthan,2025,R1,STATE_MERIT,532.0,"Govt. Medical College, Kota",MS (ENT),OBC,,Government,Rajsthan__Rajasthan Round 1 Allotment.txt,383,
Rajasthan,Rajasthan,2025,R1,STATE_MERIT,534.0,"Govt. Medical College, Kota",MD (General Medicine),MBC NCL,,Government,Rajsthan__Rajasthan Round 1 Allotment.txt,384,
Rajasthan,Rajasthan,2025,R1,STATE_MERIT,535.0,JLN MC Ajmer,MD (Psychiatry),OBC,,Government,Rajsthan__Rajasthan Round 1 Allotment.txt,385,
Rajasthan,Rajasthan,2025,R1,STATE_MERIT,536.0,Dr SNMC Jodhpur,MS (Ophthalmology),OBC,,Government,Rajsthan__Rajasthan Round 1 Allotment.txt,386,
Rajasthan,Rajasthan,2025,R1,STATE_MERIT,537.0,RUHS College of Medical Sciences,MS (ENT),General,,Government,Rajsthan__Rajasthan Round 1 Allotment.txt,387,
Rajasthan,Rajasthan,2025,R1,STATE_MERIT,538.0,SMS Medical College Jaipur,MS (ENT),OBC,,Government,Rajsthan__Rajasthan Round 1 Allotment.txt,388,
Rajasthan,Rajasthan,2025,R1,STATE_MERIT,539.0,JLN MC Ajmer,MD (Psychiatry),General,,Government,Rajsthan__Rajasthan Round 1 Allotment.txt,389,
Rajasthan,Rajasthan,2025,R1,STATE_MERIT,542.0,"Govt. Medical College, Kota",MS (General Surgery),General,,Government,Rajsthan__Rajasthan Round 1 Allotment.txt,390,
Rajasthan,Rajasthan,2025,R1,STATE_MERIT,543.0,RNT MC Udaipur,MS (General Surgery),OBC,,Government,Rajsthan__Rajasthan Round 1 Allotment.txt,391,
Rajasthan,Rajasthan,2025,R1,STATE_MERIT,545.0,"Govt. Medical College, Kota",MS (General Surgery),General,,Government,Rajsthan__Rajasthan Round 1 Allotment.txt,392,
Rajasthan,Rajasthan,2025,R1,STATE_MERIT,546.0,SMS Medical College Jaipur,MD (Paediatrics),MBC NCL,,Government,Rajsthan__Rajasthan Round 1 Allotment.txt,393,
Rajasthan,Rajasthan,2025,R1,STATE_MERIT,548.0,Dr SNMC Jodhpur,MD (Psychiatry),General,,Government,Rajsthan__Rajasthan Round 1 Allotment.txt,394,
Rajasthan,Rajasthan,2025,R1,STATE_MERIT,549.0,JLN MC Ajmer,MS (Ophthalmology),OBC,,Government,Rajsthan__Rajasthan Round 1 Allotment.txt,395,
Rajasthan,Rajasthan,2025,R1,STATE_MERIT,550.0,Dr SNMC Jodhpur,MD (Skin & V.D / Dermatology Ven. & Leprosy),SC,,Government,Rajsthan__Rajasthan Round 1 Allotment.txt,396,
Rajasthan,Rajasthan,2025,R1,STATE_MERIT,551.0,Dr SNMC Jodhpur,MD (General Medicine),SC,,Government,Rajsthan__Rajasthan Round 1 Allotment.txt,397,
Rajasthan,Rajasthan,2025,R1,STATE_MERIT,552.0,RNT MC Udaipur,MD (General Medicine),SC,,Government,Rajsthan__Rajasthan Round 1 Allotment.txt,398,
Rajasthan,Rajasthan,2025,R1,STATE_MERIT,555.0,"Govt. Medical College, Kota",MS (General Surgery),General,,Government,Rajsthan__Rajasthan Round 1 Allotment.txt,399,
Rajasthan,Rajasthan,2025,R1,STATE_MERIT,557.0,SMS Medical College Jaipur,MD (Radiotherapy/Radiationoncology),General,,Government,Rajsthan__Rajasthan Round 1 Allotment.txt,400,
Rajasthan,Rajasthan,2025,R1,STATE_MERIT,558.0,"Govt. Medical College, Kota",MS (General Surgery),OBC,,Government,Rajsthan__Rajasthan Round 1 Allotment.txt,401,
Rajasthan,Rajasthan,2025,R1,STATE_MERIT,559.0,RNT MC Udaipur,MS (General Surgery),General,,Government,Rajsthan__Rajasthan Round 1 Allotment.txt,402,
Rajasthan,Rajasthan,2025,R1,STATE_MERIT,560.0,"Govt. Medical College, Kota",MS (General Surgery),General,,Government,Rajsthan__Rajasthan Round 1 Allotment.txt,403,
Rajasthan,Rajasthan,2025,R1,STATE_MERIT,561.0,Govt RDBP Jaipuria Hospital Jaipur,Post MBBS DNB (Emergency Medicine),General,,Government,Rajsthan__Rajasthan Round 1 Allotment.txt,404,
Rajasthan,Rajasthan,2025,R1,STATE_MERIT,565.0,RNT MC Udaipur,MD (General Medicine),ST,,Government,Rajsthan__Rajasthan Round 1 Allotment.txt,405,
Rajasthan,Rajasthan,2025,R1,STATE_MERIT,566.0,SMS Medical College Jaipur,MD (Paediatrics),SC,,Government,Rajsthan__Rajasthan Round 1 Allotment.txt,406,
Rajasthan,Rajasthan,2025,R1,STATE_MERIT,567.0,SMS Medical College Jaipur,MD (Radiotherapy/Radiationoncology),EWS,,Government,Rajsthan__Rajasthan Round 1 Allotment.txt,407,
Rajasthan,Rajasthan,2025,R1,STATE_MERIT,568.0,SMS Medical College Jaipur,MS (General Surgery),EWS,,Government,Rajsthan__Rajasthan Round 1 Allotment.txt,408,
Rajasthan,Rajasthan,2025,R1,STATE_MERIT,569.0,JLN MC Ajmer,MS (General Surgery),OBC,,Government,Rajsthan__Rajasthan Round 1 Allotment.txt,409,
Rajasthan,Rajasthan,2025,R1,STATE_MERIT,570.0,JLN MC Ajmer,MS (Ophthalmology),General,,Government,Rajsthan__Rajasthan Round 1 Allotment.txt,410,
Rajasthan,Rajasthan,2025,R1,STATE_MERIT,572.0,Dr SNMC Jodhpur,MS (General Surgery),General,,Government,Rajsthan__Rajasthan Round 1 Allotment.txt,418,
Rajasthan,Rajasthan,2025,R1,STATE_MERIT,573.0,JLN MC Ajmer,MS (General Surgery),General,,Government,Rajsthan__Rajasthan Round 1 Allotment.txt,419,
Rajasthan,Rajasthan,2025,R1,STATE_MERIT,579.0,SMS Medical College Jaipur,MD (Tropical Medicine),OBC,,Government,Rajsthan__Rajasthan Round 1 Allotment.txt,420,
Rajasthan,Rajasthan,2025,R1,STATE_MERIT,580.0,JLN MC Ajmer,MS (Ophthalmology),OBC,,Government,Rajsthan__Rajasthan Round 1 Allotment.txt,421,
Rajasthan,Rajasthan,2025,R1,STATE_MERIT,581.0,RUHS College of Medical Sciences,MD (Respiratory Medicine/T.B. & Chest/Tuberculosis & Respiratory Diseases),OBC,,Management,Rajsthan__Rajasthan Round 1 Allotment.txt,422,
Rajasthan,Rajasthan,2025,R1,STATE_MERIT,582.0,Dr SNMC Jodhpur,MS (General Surgery),General,,Government,Rajsthan__Rajasthan Round 1 Allotment.txt,423,
Rajasthan,Rajasthan,2025,R1,STATE_MERIT,587.0,SMS Medical College Jaipur,MD (Paediatrics),MBC NCL,,Government,Rajsthan__Rajasthan Round 1 Allotment.txt,424,
Rajasthan,Rajasthan,2025,R1,STATE_MERIT,589.0,Dr SNMC Jodhpur,MS (General Surgery),General,,Government,Rajsthan__Rajasthan Round 1 Allotment.txt,425,
Rajasthan,Rajasthan,2025,R1,STATE_MERIT,591.0,JLN MC Ajmer,MS (Ophthalmology),OBC,,Government,Rajsthan__Rajasthan Round 1 Allotment.txt,426,
Rajasthan,Rajasthan,2025,R1,STATE_MERIT,592.0,JLN MC Ajmer,MS (General Surgery),OBC,,Government,Rajsthan__Rajasthan Round 1 Allotment.txt,427,
Rajasthan,Rajasthan,2025,R1,STATE_MERIT,593.0,JLN MC Ajmer,MS (General Surgery),General,,Government,Rajsthan__Rajasthan Round 1 Allotment.txt,428,
Rajasthan,Rajasthan,2025,R1,STATE_MERIT,594.0,RNT MC Udaipur,MD (General Medicine),SC,,Government,Rajsthan__Rajasthan Round 1 Allotment.txt,429,
Rajasthan,Rajasthan,2025,R1,STATE_MERIT,595.0,Jhalawar Medical College Jhalawar,MS (Orthopaedics),EWS,,Government,Rajsthan__Rajasthan Round 1 Allotment.txt,430,
Rajasthan,Rajasthan,2025,R1,STATE_MERIT,597.0,SMS Medical College Jaipur,MD (Anaesthesia),General,,Government,Rajsthan__Rajasthan Round 1 Allotment.txt,431,
Rajasthan,Rajasthan,2025,R1,STATE_MERIT,598.0,RNT MC Udaipur,MS (General Surgery),General,,Government,Rajsthan__Rajasthan Round 1 Allotment.txt,432,
Rajasthan,Rajasthan,2025,R1,STATE_MERIT,599.0,"Govt. Medical College, Kota",MS (Ophthalmology),OBC,,Government,Rajsthan__Rajasthan Round 1 Allotment.txt,433,
Rajasthan,Rajasthan,2025,R1,STATE_MERIT,600.0,SPMC Bikaner,MD (General Medicine),SC,,Government,Rajsthan__Rajasthan Round 1 Allotment.txt,434,
Rajasthan,Rajasthan,2025,R1,STATE_MERIT,601.0,RNT MC Udaipur,MS (General Surgery),General,,Government,Rajsthan__Rajasthan Round 1 Allotment.txt,435,
Rajasthan,Rajasthan,2025,R1,STATE_MERIT,602.0,SPMC Bikaner,MS (General Surgery),OBC,,Government,Rajsthan__Rajasthan Round 1 Allotment.txt,436,
Rajasthan,Rajasthan,2025,R1,STATE_MERIT,603.0,SPMC Bikaner,MS (Ophthalmology),EWS,,Government,Rajsthan__Rajasthan Round 1 Allotment.txt,437,
Rajasthan,Rajasthan,2025,R1,STATE_MERIT,605.0,Jhalawar Medical College Jhalawar,MS (Obst. & Gynaecology),General,,Management,Rajsthan__Rajasthan Round 1 Allotment.txt,438,
Rajasthan,Rajasthan,2025,R1,STATE_MERIT,606.0,"Govt. Medical College, Kota",MS (ENT),EWS,,Government,Rajsthan__Rajasthan Round 1 Allotment.txt,439,
Rajasthan,Rajasthan,2025,R1,STATE_MERIT,607.0,SPMC Bikaner,MS (General Surgery),EWS,,Government,Rajsthan__Rajasthan Round 1 Allotment.txt,440,
Rajasthan,Rajasthan,2025,R1,STATE_MERIT,611.0,Jhalawar Medical College Jhalawar,MS (Orthopaedics),General,,Management,Rajsthan__Rajasthan Round 1 Allotment.txt,441,
Rajasthan,Rajasthan,2025,R1,STATE_MERIT,612.0,"Govt. Medical College, Kota",MS (Ophthalmology),General,,Government,Rajsthan__Rajasthan Round 1 Allotment.txt,442,
Rajasthan,Rajasthan,2025,R1,STATE_MERIT,613.0,SMS Medical College Jaipur,MD (Anaesthesia),General,,Government,Rajsthan__Rajasthan Round 1 Allotment.txt,443,
Rajasthan,Rajasthan,2025,R1,STATE_MERIT,614.0,GMC Pali,MS (Obst. & Gynaecology),General,,Management,Rajsthan__Rajasthan Round 1 Allotment.txt,444,
Rajasthan,Rajasthan,2025,R1,STATE_MERIT,621.0,Dr SNMC Jodhpur,MS (ENT),OBC,,Government,Rajsthan__Rajasthan Round 1 Allotment.txt,445,
Rajasthan,Rajasthan,2025,R1,STATE_MERIT,622.0,Jhalawar Medical College Jhalawar,MS (Orthopaedics),General,,Management,Rajsthan__Rajasthan Round 1 Allotment.txt,446,
Rajasthan,Rajasthan,2025,R1,STATE_MERIT,623.0,SPMC Bikaner,MS (General Surgery),OBC,,Government,Rajsthan__Rajasthan Round 1 Allotment.txt,447,
Rajasthan,Rajasthan,2025,R1,STATE_MERIT,624.0,SPMC Bikaner,MD (Radiotherapy/Radiationoncology),OBC,,Government,Rajsthan__Rajasthan Round 1 Allotment.txt,448,
Rajasthan,Rajasthan,2025,R1,STATE_MERIT,627.0,SPMC Bikaner,MS (Ophthalmology),EWS,,Government,Rajsthan__Rajasthan Round 1 Allotment.txt,449,
Rajasthan,Rajasthan,2025,R1,STATE_MERIT,629.0,JLN MC Ajmer,MS (Orthopaedics),EWS,,Government,Rajsthan__Rajasthan Round 1 Allotment.txt,450,
Rajasthan,Rajasthan,2025,R1,STATE_MERIT,631.0,SPMC Bikaner,MD (General Medicine),SC,,Government,Rajsthan__Rajasthan Round 1 Allotment.txt,451,
Rajasthan,Rajasthan,2025,R1,STATE_MERIT,633.0,Jhalawar Medical College Jhalawar,MS (Obst. & Gynaecology),EWS,,Management,Rajsthan__Rajasthan Round 1 Allotment.txt,452,
Rajasthan,Rajasthan,2025,R1,STATE_MERIT,635.0,SMS Medical College Jaipur,MD (Radiotherapy/Radiationoncology),EWS,,Government,Rajsthan__Rajasthan Round 1 Allotment.txt,453,
Rajasthan,Rajasthan,2025,R1,STATE_MERIT,639.0,GMC Bhilwara,MS (General Surgery),General,,Government,Rajsthan__Rajasthan Round 1 Allotment.txt,454,
Rajasthan,Rajasthan,2025,R1,STATE_MERIT,642.0,SMS Medical College Jaipur,MD (Anaesthesia),OBC,,Government,Rajsthan__Rajasthan Round 1 Allotment.txt,455,
Rajasthan,Rajasthan,2025,R1,STATE_MERIT,645.0,SPMC Bikaner,MD (Radiotherapy/Radiationoncology),General,,Government,Rajsthan__Rajasthan Round 1 Allotment.txt,456,
Rajasthan,Rajasthan,2025,R1,STATE_MERIT,647.0,JLN MC Ajmer,MS (ENT),EWS,,Government,Rajsthan__Rajasthan Round 1 Allotment.txt,457,
Rajasthan,Rajasthan,2025,R1,STATE_MERIT,650.0,JLN MC Ajmer,MS (ENT),General,,Government,Rajsthan__Rajasthan Round 1 Allotment.txt,458,
Rajasthan,Rajasthan,2025,R1,STATE_MERIT,651.0,RNT MC Udaipur,MD (General Medicine),SC,,Government,Rajsthan__Rajasthan Round 1 Allotment.txt,459,
Rajasthan,Rajasthan,2025,R1,STATE_MERIT,652.0,Jhalawar Medical College Jhalawar,MS (General Surgery),OBC,,Government,Rajsthan__Rajasthan Round 1 Allotment.txt,460,
Rajasthan,Rajasthan,2025,R1,STATE_MERIT,653.0,RUHS College of Medical Sciences,MS (General Surgery),General,,Management,Rajsthan__Rajasthan Round 1 Allotment.txt,461,
Rajasthan,Rajasthan,2025,R1,STATE_MERIT,654.0,Dr SNMC Jodhpur,MD (Anaesthesia),EWS,,Government,Rajsthan__Rajasthan Round 1 Allotment.txt,462,
Rajasthan,Rajasthan,2025,R1,STATE_MERIT,656.0,"Govt. Medical College, Kota",MD (Paediatrics),MBC NCL,,Government,Rajsthan__Rajasthan Round 1 Allotment.txt,463,
Rajasthan,Rajasthan,2025,R1,STATE_MERIT,657.0,"Govt. DB General District Hospital, Churu",Post MBBS Diploma (Paediatrics),OBC,,Government,Rajsthan__Rajasthan Round 1 Allotment.txt,464,
Rajasthan,Rajasthan,2025,R1,STATE_MERIT,659.0,SMS Medical College Jaipur,MD (Paediatrics),SC,,Government,Rajsthan__Rajasthan Round 1 Allotment.txt,465,
Rajasthan,Rajasthan,2025,R1,STATE_MERIT,663.0,SPMC Bikaner,MD (Radiotherapy/Radiationoncology),EWS,,Government,Rajsthan__Rajasthan Round 1 Allotment.txt,466,
Rajasthan,Rajasthan,2025,R1,STATE_MERIT,666.0,Govt RDBP Jaipuria Hospital Jaipur,Post MBBS DNB (Emergency Medicine),General,,Government,Rajsthan__Rajasthan Round 1 Allotment.txt,467,
Rajasthan,Rajasthan,2025,R1,STATE_MERIT,667.0,SPMC Bikaner,MD (Radiotherapy/Radiationoncology),General,,Government,Rajsthan__Rajasthan Round 1 Allotment.txt,468,
Rajasthan,Rajasthan,2025,R1,STATE_MERIT,670.0,RNT MC Udaipur,MD (Radiotherapy/Radiationoncology),General,,Government,Rajsthan__Rajasthan Round 1 Allotment.txt,469,
Rajasthan,Rajasthan,2025,R1,STATE_MERIT,675.0,GMC Pali,MS (General Surgery),General,,Government,Rajsthan__Rajasthan Round 1 Allotment.txt,470,
Rajasthan,Rajasthan,2025,R1,STATE_MERIT,679.0,SPMC Bikaner,MS (General Surgery),EWS,,Government,Rajsthan__Rajasthan Round 1 Allotment.txt,471,
Rajasthan,Rajasthan,2025,R1,STATE_MERIT,682.0,"Govt. Medical College, Kota",MD (Anaesthesia),OBC,,Government,Rajsthan__Rajasthan Round 1 Allotment.txt,472,
Rajasthan,Rajasthan,2025,R1,STATE_MERIT,683.0,Jhalawar Medical College Jhalawar,MS (Orthopaedics),OBC,,Management,Rajsthan__Rajasthan Round 1 Allotment.txt,473,
Rajasthan,Rajasthan,2025,R1,STATE_MERIT,684.0,RUHS College of Medical Sciences,MS (Orthopaedics),General,,Management,Rajsthan__Rajasthan Round 1 Allotment.txt,474,
Rajasthan,Rajasthan,2025,R1,STATE_MERIT,692.0,"Govt. Medical College, Kota",MD (Radiotherapy/Radiationoncology),OBC,,Government,Rajsthan__Rajasthan Round 1 Allotment.txt,475,
Rajasthan,Rajasthan,2025,R1,STATE_MERIT,694.0,"Govt. Medical College, Kota",MD (General Medicine),SC,,Government,Rajsthan__Rajasthan Round 1 Allotment.txt,476,
Rajasthan,Rajasthan,2025,R1,STATE_MERIT,695.0,SMS Medical College Jaipur,MD (Immunohaematology and Blood Transfusion),General,,Government,Rajsthan__Rajasthan Round 1 Allotment.txt,477,
Rajasthan,Rajasthan,2025,R1,STATE_MERIT,698.0,JLN MC Ajmer,MD (Radiotherapy/Radiationoncology),General,,Government,Rajsthan__Rajasthan Round 1 Allotment.txt,478,
Rajasthan,Rajasthan,2025,R1,STATE_MERIT,700.0,Jhalawar Medical College Jhalawar,MS (General Surgery),General,,Management,Rajsthan__Rajasthan Round 1 Allotment.txt,479,
Rajasthan,Rajasthan,2025,R1,STATE_MERIT,703.0,RUHS College of Medical Sciences,MS (Ophthalmology),General,,Management,Rajsthan__Rajasthan Round 1 Allotment.txt,487,
Rajasthan,Rajasthan,2025,R1,STATE_MERIT,705.0,Jhalawar Medical College Jhalawar,MS (General Surgery),OBC,,Management,Rajsthan__Rajasthan Round 1 Allotment.txt,488,
Rajasthan,Rajasthan,2025,R1,STATE_MERIT,708.0,SMS Medical College Jaipur,MD (Anaesthesia),General,,Government,Rajsthan__Rajasthan Round 1 Allotment.txt,489,
Rajasthan,Rajasthan,2025,R1,STATE_MERIT,709.0,Jhalawar Medical College Jhalawar,MS (General Surgery),EWS,,Government,Rajsthan__Rajasthan Round 1 Allotment.txt,490,
Rajasthan,Rajasthan,2025,R1,STATE_MERIT,710.0,JLN MC Ajmer,MD (General Medicine),SC,,Government,Rajsthan__Rajasthan Round 1 Allotment.txt,491,
Rajasthan,Rajasthan,2025,R1,STATE_MERIT,713.0,SMS Medical College Jaipur,MD (Paediatrics),ST,,Government,Rajsthan__Rajasthan Round 1 Allotment.txt,492,
Rajasthan,Rajasthan,2025,R1,STATE_MERIT,716.0,"Govt. Medical College, Kota",MD (General Medicine),SC,,Government,Rajsthan__Rajasthan Round 1 Allotment.txt,493,
Rajasthan,Rajasthan,2025,R1,STATE_MERIT,724.0,SMS Medical College Jaipur,MD (Anaesthesia),General,,Government,Rajsthan__Rajasthan Round 1 Allotment.txt,494,
Rajasthan,Rajasthan,2025,R1,STATE_MERIT,726.0,JLN MC Ajmer,MD (General Medicine),SC,,Government,Rajsthan__Rajasthan Round 1 Allotment.txt,495,
Rajasthan,Rajasthan,2025,R1,STATE_MERIT,728.0,SPMC Bikaner,MS (ENT),EWS,,Government,Rajsthan__Rajasthan Round 1 Allotment.txt,496,
Rajasthan,Rajasthan,2025,R1,STATE_MERIT,729.0,JLN MC Ajmer,MD (Palliative Medicine),General,,Government,Rajsthan__Rajasthan Round 1 Allotment.txt,497,
Rajasthan,Rajasthan,2025,R1,STATE_MERIT,731.0,JLN MC Ajmer,MD (Radiotherapy/Radiationoncology),General,,Government,Rajsthan__Rajasthan Round 1 Allotment.txt,498,
Rajasthan,Rajasthan,2025,R1,STATE_MERIT,735.0,SMS Medical College Jaipur,MD (Anaesthesia),General,,Government,Rajsthan__Rajasthan Round 1 Allotment.txt,499,
Rajasthan,Rajasthan,2025,R1,STATE_MERIT,736.0,SMS Medical College Jaipur,MD (Anaesthesia),OBC,,Government,Rajsthan__Rajasthan Round 1 Allotment.txt,500,
Rajasthan,Rajasthan,2025,R1,STATE_MERIT,749.0,Jhalawar Medical College Jhalawar,MD (General Medicine),SC,,Government,Rajsthan__Rajasthan Round 1 Allotment.txt,501,
Rajasthan,Rajasthan,2025,R1,STATE_MERIT,751.0,JLN MC Ajmer,MD (Palliative Medicine),EWS,,Government,Rajsthan__Rajasthan Round 1 Allotment.txt,502,
Rajasthan,Rajasthan,2025,R1,STATE_MERIT,753.0,SMS Medical College Jaipur,MD (Paediatrics),SC,,Government,Rajsthan__Rajasthan Round 1 Allotment.txt,503,
Rajasthan,Rajasthan,2025,R1,STATE_MERIT,756.0,SMS Medical College Jaipur,MD (Anaesthesia),General,,Government,Rajsthan__Rajasthan Round 1 Allotment.txt,504,
Rajasthan,Rajasthan,2025,R1,STATE_MERIT,760.0,MGH Bhilwara,Post MBBS Diploma (Obs & Gyne),OBC,,Government,Rajsthan__Rajasthan Round 1 Allotment.txt,505,
Rajasthan,Rajasthan,2025,R1,STATE_MERIT,763.0,RNT MC Udaipur,MD (Anaesthesia),General,,Government,Rajsthan__Rajasthan Round 1 Allotment.txt,506,
Rajasthan,Rajasthan,2025,R1,STATE_MERIT,766.0,SMS Medical College Jaipur,MD (Anaesthesia),OBC,,Government,Rajsthan__Rajasthan Round 1 Allotment.txt,507,
Rajasthan,Rajasthan,2025,R1,STATE_MERIT,768.0,Jhalawar Medical College Jhalawar,MS (ENT),General,,Management,Rajsthan__Rajasthan Round 1 Allotment.txt,508,
Rajasthan,Rajasthan,2025,R1,STATE_MERIT,778.0,Dr SNMC Jodhpur,MD (Anaesthesia),General,,Government,Rajsthan__Rajasthan Round 1 Allotment.txt,509,
Rajasthan,Rajasthan,2025,R1,STATE_MERIT,781.0,SMS Medical College Jaipur,MD (Anaesthesia),General,,Government,Rajsthan__Rajasthan Round 1 Allotment.txt,510,
Rajasthan,Rajasthan,2025,R1,STATE_MERIT,789.0,SMS Medical College Jaipur,MD (Anaesthesia),General,,Government,Rajsthan__Rajasthan Round 1 Allotment.txt,511,
Rajasthan,Rajasthan,2025,R1,STATE_MERIT,792.0,S K Hospital Sikar,Post MBBS Diploma (Ophthalmology),OBC,,Government,Rajsthan__Rajasthan Round 1 Allotment.txt,512,
Rajasthan,Rajasthan,2025,R1,STATE_MERIT,794.0,RNT MC Udaipur,MD (General Medicine),ST,,Government,Rajsthan__Rajasthan Round 1 Allotment.txt,513,
Rajasthan,Rajasthan,2025,R1,STATE_MERIT,796.0,SMS Medical College Jaipur,MD (Anaesthesia),General,,Government,Rajsthan__Rajasthan Round 1 Allotment.txt,514,
Rajasthan,Rajasthan,2025,R1,STATE_MERIT,799.0,SMS Medical College Jaipur,MD (Paediatrics),SC,,Government,Rajsthan__Rajasthan Round 1 Allotment.txt,515,
Rajasthan,Rajasthan,2025,R1,STATE_MERIT,803.0,SMS Medical College Jaipur,MD (Anaesthesia),General,,Government,Rajsthan__Rajasthan Round 1 Allotment.txt,516,
Rajasthan,Rajasthan,2025,R1,STATE_MERIT,806.0,SMS Medical College Jaipur,MD (Anaesthesia),EWS,,Government,Rajsthan__Rajasthan Round 1 Allotment.txt,517,
Rajasthan,Rajasthan,2025,R1,STATE_MERIT,807.0,SMS Medical College Jaipur,MD (Anaesthesia),OBC,,Government,Rajsthan__Rajasthan Round 1 Allotment.txt,518,
Rajasthan,Rajasthan,2025,R1,STATE_MERIT,811.0,"Ananta Institute of Medical Sciences and Research Centre, Rajsamand",MD (Radiodiagnosis/Radiology),General,,Government,Rajsthan__Rajasthan Round 1 Allotment.txt,519,
Rajasthan,Rajasthan,2025,R1,STATE_MERIT,812.0,S K Hospital Sikar,Post MBBS Diploma (Obs & Gyne),OBC,,Government,Rajsthan__Rajasthan Round 1 Allotment.txt,520,
Rajasthan,Rajasthan,2025,R1,STATE_MERIT,813.0,GMC Pali,MD (Anaesthesia),OBC,,Government,Rajsthan__Rajasthan Round 1 Allotment.txt,521,
Rajasthan,Rajasthan,2025,R1,STATE_MERIT,814.0,SMS Medical College Jaipur,MD (Respiratory Medicine/T.B. & Chest/Tuberculosis & Respiratory Diseases),SC,,Government,Rajsthan__Rajasthan Round 1 Allotment.txt,522,
Rajasthan,Rajasthan,2025,R1,STATE_MERIT,815.0,S K Hospital Sikar,Post MBBS Diploma (Obs & Gyne),OBC,,Government,Rajsthan__Rajasthan Round 1 Allotment.txt,523,
Rajasthan,Rajasthan,2025,R1,STATE_MERIT,817.0,SMS Medical College Jaipur,MD (Anaesthesia),General,,Government,Rajsthan__Rajasthan Round 1 Allotment.txt,524,
Rajasthan,Rajasthan,2025,R1,STATE_MERIT,826.0,SMS Medical College Jaipur,MD (Paediatrics),SC,,Government,Rajsthan__Rajasthan Round 1 Allotment.txt,525,
Rajasthan,Rajasthan,2025,R1,STATE_MERIT,827.0,MGH Bhilwara,Post MBBS Diploma (Obs & Gyne),General,,Government,Rajsthan__Rajasthan Round 1 Allotment.txt,526,
Rajasthan,Rajasthan,2025,R1,STATE_MERIT,828.0,SPMC Bikaner,MD (Pathology),OBC,,Government,Rajsthan__Rajasthan Round 1 Allotment.txt,527,
Rajasthan,Rajasthan,2025,R1,STATE_MERIT,829.0,GMC Bhilwara,MS (General Surgery),General,,Management,Rajsthan__Rajasthan Round 1 Allotment.txt,528,
Rajasthan,Rajasthan,2025,R1,STATE_MERIT,830.0,SMS Medical College Jaipur,MD (PSM/Community Medicine),General,,Government,Rajsthan__Rajasthan Round 1 Allotment.txt,529,
Rajasthan,Rajasthan,2025,R1,STATE_MERIT,834.0,MGH Bhilwara,Post MBBS Diploma (Obs & Gyne),OBC,,Government,Rajsthan__Rajasthan Round 1 Allotment.txt,530,
Rajasthan,Rajasthan,2025,R1,STATE_MERIT,835.0,S K Hospital Sikar,Post MBBS Diploma (Obs & Gyne),General,,Government,Rajsthan__Rajasthan Round 1 Allotment.txt,531,
Rajasthan,Rajasthan,2025,R1,STATE_MERIT,842.0,SMS Medical College Jaipur,MD (Phy. Med. & Reh.),General,,Government,Rajsthan__Rajasthan Round 1 Allotment.txt,532,
Rajasthan,Rajasthan,2025,R1,STATE_MERIT,845.0,RBM Hospital Bharatpur,Post MBBS Diploma (Paediatrics),General,,Government,Rajsthan__Rajasthan Round 1 Allotment.txt,533,
Rajasthan,Rajasthan,2025,R1,STATE_MERIT,846.0,GMC Pali,MS (General Surgery),OBC,,Management,Rajsthan__Rajasthan Round 1 Allotment.txt,534,
Rajasthan,Rajasthan,2025,R1,STATE_MERIT,847.0,S K Hospital Sikar,Post MBBS Diploma (Paediatrics),General,,Government,Rajsthan__Rajasthan Round 1 Allotment.txt,535,
Rajasthan,Rajasthan,2025,R1,STATE_MERIT,848.0,GH Barmer,Post MBBS Diploma (Obs & Gyne),OBC,,Government,Rajsthan__Rajasthan Round 1 Allotment.txt,536,
Rajasthan,Rajasthan,2025,R1,STATE_MERIT,858.0,SMS Medical College Jaipur,MD (Paediatrics),SC,,Government,Rajsthan__Rajasthan Round 1 Allotment.txt,537,
Rajasthan,Rajasthan,2025,R1,STATE_MERIT,859.0,GOVERNMENT BDK HOSPITAL JHUNJHUNU,Post MBBS Diploma (Obs & Gyne),OBC,,Government,Rajsthan__Rajasthan Round 1 Allotment.txt,538,
Rajasthan,Rajasthan,2025,R1,STATE_MERIT,860.0,SMS Medical College Jaipur,MD (Phy. Med. & Reh.),General,,Government,Rajsthan__Rajasthan Round 1 Allotment.txt,539,
Rajasthan,Rajasthan,2025,R1,STATE_MERIT,863.0,SMS Medical College Jaipur,MD (Anaesthesia),General,,Government,Rajsthan__Rajasthan Round 1 Allotment.txt,540,
Rajasthan,Rajasthan,2025,R1,STATE_MERIT,868.0,SMS Medical College Jaipur,MD (Anaesthesia),OBC,,Government,Rajsthan__Rajasthan Round 1 Allotment.txt,541,
Rajasthan,Rajasthan,2025,R1,STATE_MERIT,870.0,GMC Churu,MD (Pathology),OBC,,Government,Rajsthan__Rajasthan Round 1 Allotment.txt,542,
Rajasthan,Rajasthan,2025,R1,STATE_MERIT,872.0,SMS Medical College Jaipur,MD (Anaesthesia),General,,Government,Rajsthan__Rajasthan Round 1 Allotment.txt,543,
Rajasthan,Rajasthan,2025,R1,STATE_MERIT,876.0,RUHS College of Medical Sciences,MS (ENT),EWS,,Management,Rajsthan__Rajasthan Round 1 Allotment.txt,544,
Rajasthan,Rajasthan,2025,R1,STATE_MERIT,879.0,JLN MC Ajmer,MD (Paediatrics),SC,,Government,Rajsthan__Rajasthan Round 1 Allotment.txt,545,
Rajasthan,Rajasthan,2025,R1,STATE_MERIT,882.0,SMS Medical College Jaipur,MD (Anaesthesia),General,,Government,Rajsthan__Rajasthan Round 1 Allotment.txt,546,
Rajasthan,Rajasthan,2025,R1,STATE_MERIT,889.0,RNT MC Udaipur,MD (Paediatrics),SC,,Government,Rajsthan__Rajasthan Round 1 Allotment.txt,547,
Rajasthan,Rajasthan,2025,R1,STATE_MERIT,890.0,SMS Medical College Jaipur,MD (Anaesthesia),General,,Government,Rajsthan__Rajasthan Round 1 Allotment.txt,548,
Rajasthan,Rajasthan,2025,R1,STATE_MERIT,892.0,JLN MC Ajmer,MD (Paediatrics),SC,,Government,Rajsthan__Rajasthan Round 1 Allotment.txt,556,
Rajasthan,Rajasthan,2025,R1,STATE_MERIT,897.0,"Govt. DB General District Hospital, Churu",Post MBBS Diploma (Obs & Gyne),OBC,,Government,Rajsthan__Rajasthan Round 1 Allotment.txt,557,
Rajasthan,Rajasthan,2025,R1,STATE_MERIT,898.0,"Ananta Institute of Medical Sciences and Research Centre, Rajsamand",MD (Radiodiagnosis/Radiology),OBC,,Government,Rajsthan__Rajasthan Round 1 Allotment.txt,558,
Rajasthan,Rajasthan,2025,R1,STATE_MERIT,900.0,RNT MC Udaipur,MD (Paediatrics),SC,,Government,Rajsthan__Rajasthan Round 1 Allotment.txt,559,
Rajasthan,Rajasthan,2025,R1,STATE_MERIT,909.0,GMC Pali,MS (General Surgery),EWS,,Management,Rajsthan__Rajasthan Round 1 Allotment.txt,560,
Rajasthan,Rajasthan,2025,R1,STATE_MERIT,916.0,Dr SNMC Jodhpur,MD (Anaesthesia),General,,Government,Rajsthan__Rajasthan Round 1 Allotment.txt,561,
Rajasthan,Rajasthan,2025,R1,STATE_MERIT,919.0,"Mahatma Gandhi Medical College and Hospital, Jaipur",MD (Nuclear Medicine),General,,AI,Rajsthan__Rajasthan Round 1 Allotment.txt,562,
Rajasthan,Rajasthan,2025,R1,STATE_MERIT,921.0,Dr SNMC Jodhpur,MD (Anaesthesia),OBC,,Government,Rajsthan__Rajasthan Round 1 Allotment.txt,563,
Rajasthan,Rajasthan,2025,R1,STATE_MERIT,924.0,RNT MC Udaipur,MD (Anaesthesia),General,,Government,Rajsthan__Rajasthan Round 1 Allotment.txt,564,
Rajasthan,Rajasthan,2025,R1,STATE_MERIT,925.0,Dr SNMC Jodhpur,MD (Anaesthesia),General,,Government,Rajsthan__Rajasthan Round 1 Allotment.txt,565,
Rajasthan,Rajasthan,2025,R1,STATE_MERIT,928.0,Dr SNMC Jodhpur,MD (Paediatrics),SC,,Government,Rajsthan__Rajasthan Round 1 Allotment.txt,566,
Rajasthan,Rajasthan,2025,R1,STATE_MERIT,934.0,SMS Medical College Jaipur,MD (Emergency Medicine),SC,,Government,Rajsthan__Rajasthan Round 1 Allotment.txt,567,
Rajasthan,Rajasthan,2025,R1,STATE_MERIT,935.0,RNT MC Udaipur,MD (Anaesthesia),OBC,,Government,Rajsthan__Rajasthan Round 1 Allotment.txt,568,
Rajasthan,Rajasthan,2025,R1,STATE_MERIT,940.0,Dr SNMC Jodhpur,MD (Paediatrics),SC,,Government,Rajsthan__Rajasthan Round 1 Allotment.txt,569,
Rajasthan,Rajasthan,2025,R1,STATE_MERIT,941.0,SMS Medical College Jaipur,MD (Anaesthesia),EWS,,Government,Rajsthan__Rajasthan Round 1 Allotment.txt,570,
Rajasthan,Rajasthan,2025,R1,STATE_MERIT,944.0,RNT MC Udaipur,MD (Skin & V.D / Dermatology Ven. & Leprosy),ST,,Government,Rajsthan__Rajasthan Round 1 Allotment.txt,571,
Rajasthan,Rajasthan,2025,R1,STATE_MERIT,946.0,RNT MC Udaipur,MD (Anaesthesia),General,,Government,Rajsthan__Rajasthan Round 1 Allotment.txt,572,
Rajasthan,Rajasthan,2025,R1,STATE_MERIT,949.0,JLN MC Ajmer,MD (Anaesthesia),General,,Government,Rajsthan__Rajasthan Round 1 Allotment.txt,573,
Rajasthan,Rajasthan,2025,R1,STATE_MERIT,951.0,Dr SNMC Jodhpur,MD (Anaesthesia),General,,Government,Rajsthan__Rajasthan Round 1 Allotment.txt,574,
Rajasthan,Rajasthan,2025,R1,STATE_MERIT,953.0,"Govt. Medical College, Kota",MD (Anaesthesia),General,,Government,Rajsthan__Rajasthan Round 1 Allotment.txt,575,
Rajasthan,Rajasthan,2025,R1,STATE_MERIT,957.0,JLN MC Ajmer,MD (Paediatrics),MBC NCL,,Government,Rajsthan__Rajasthan Round 1 Allotment.txt,576,
Rajasthan,Rajasthan,2025,R1,STATE_MERIT,965.0,Dr SNMC Jodhpur,MD (Paediatrics),SC,,Government,Rajsthan__Rajasthan Round 1 Allotment.txt,577,
Rajasthan,Rajasthan,2025,R1,STATE_MERIT,968.0,SMS Medical College Jaipur,MD (Anaesthesia),EWS,,Government,Rajsthan__Rajasthan Round 1 Allotment.txt,578,
Rajasthan,Rajasthan,2025,R1,STATE_MERIT,972.0,SMS Medical College Jaipur,MS (Orthopaedics),SC,,Government,Rajsthan__Rajasthan Round 1 Allotment.txt,579,
Rajasthan,Rajasthan,2025,R1,STATE_MERIT,974.0,Dr SNMC Jodhpur,MD (Geriatric Medicine),SC,,Government,Rajsthan__Rajasthan Round 1 Allotment.txt,580,
Rajasthan,Rajasthan,2025,R1,STATE_MERIT,975.0,"Govt. DB General District Hospital, Churu",Post MBBS Diploma (Obs & Gyne),OBC,,Government,Rajsthan__Rajasthan Round 1 Allotment.txt,581,
Rajasthan,Rajasthan,2025,R1,STATE_MERIT,976.0,RNT MC Udaipur,MD (Anaesthesia),OBC,,Government,Rajsthan__Rajasthan Round 1 Allotment.txt,582,
Rajasthan,Rajasthan,2025,R1,STATE_MERIT,981.0,Dr SNMC Jodhpur,MD (Anaesthesia),General,,Government,Rajsthan__Rajasthan Round 1 Allotment.txt,583,
Rajasthan,Rajasthan,2025,R1,STATE_MERIT,983.0,RNT MC Udaipur,MD (Anaesthesia),General,,Government,Rajsthan__Rajasthan Round 1 Allotment.txt,584,
Rajasthan,Rajasthan,2025,R1,STATE_MERIT,991.0,SMS Medical College Jaipur,MS (Obst. & Gynaecology),SC,,Government,Rajsthan__Rajasthan Round 1 Allotment.txt,585,
Rajasthan,Rajasthan,2025,R1,STATE_MERIT,992.0,SPMC Bikaner,MD (Paediatrics),SC,,Government,Rajsthan__Rajasthan Round 1 Allotment.txt,586,
Rajasthan,Rajasthan,2025,R1,STATE_MERIT,995.0,JLN MC Ajmer,MD (General Medicine),ST,,Government,Rajsthan__Rajasthan Round 1 Allotment.txt,587,
Rajasthan,Rajasthan,2025,R1,STATE_MERIT,997.0,RNT MC Udaipur,MD (Anaesthesia),OBC,,Government,Rajsthan__Rajasthan Round 1 Allotment.txt,588,
Rajasthan,Rajasthan,2025,R1,STATE_MERIT,1001.0,"Govt. Medical College, Kota",MD (Anaesthesia),General,,Government,Rajsthan__Rajasthan Round 1 Allotment.txt,589,
Rajasthan,Rajasthan,2025,R1,STATE_MERIT,1006.0,SMS Medical College Jaipur,MD (Pathology),General,,Government,Rajsthan__Rajasthan Round 1 Allotment.txt,590,
Rajasthan,Rajasthan,2025,R1,STATE_MERIT,1009.0,Dr SNMC Jodhpur,MD (Anaesthesia),General,,Government,Rajsthan__Rajasthan Round 1 Allotment.txt,591,
Rajasthan,Rajasthan,2025,R1,STATE_MERIT,1010.0,"Govt. Medical College, Kota",MD (General Medicine),ST,,Government,Rajsthan__Rajasthan Round 1 Allotment.txt,592,
Rajasthan,Rajasthan,2025,R1,STATE_MERIT,1011.0,SMS Medical College Jaipur,MD (Anaesthesia),EWS,,Government,Rajsthan__Rajasthan Round 1 Allotment.txt,593,
Rajasthan,Rajasthan,2025,R1,STATE_MERIT,1015.0,SPMC Bikaner,MD (Anaesthesia),OBC,,Government,Rajsthan__Rajasthan Round 1 Allotment.txt,594,
Rajasthan,Rajasthan,2025,R1,STATE_MERIT,1017.0,SPMC Bikaner,MD (Anaesthesia),General,,Government,Rajsthan__Rajasthan Round 1 Allotment.txt,595,
Rajasthan,Rajasthan,2025,R1,STATE_MERIT,1019.0,SPMC Bikaner,MD (Anaesthesia),General,,Government,Rajsthan__Rajasthan Round 1 Allotment.txt,596,
Rajasthan,Rajasthan,2025,R1,STATE_MERIT,1022.0,GMC Bhilwara,MD (Anaesthesia),OBC,,Government,Rajsthan__Rajasthan Round 1 Allotment.txt,597,
Rajasthan,Rajasthan,2025,R1,STATE_MERIT,1026.0,SPMC Bikaner,MD (Anaesthesia),OBC,,Government,Rajsthan__Rajasthan Round 1 Allotment.txt,598,
Rajasthan,Rajasthan,2025,R1,STATE_MERIT,1029.0,SMS Medical College Jaipur,MD (Pathology),General,,Government,Rajsthan__Rajasthan Round 1 Allotment.txt,599,
Rajasthan,Rajasthan,2025,R1,STATE_MERIT,1030.0,"Govt. Medical College, Kota",MD (Paediatrics),SC,,Government,Rajsthan__Rajasthan Round 1 Allotment.txt,600,
Rajasthan,Rajasthan,2025,R1,STATE_MERIT,1031.0,SMS Medical College Jaipur,MD (Paediatrics),ST,,Government,Rajsthan__Rajasthan Round 1 Allotment.txt,601,
Rajasthan,Rajasthan,2025,R1,STATE_MERIT,1036.0,Dr SNMC Jodhpur,MD (Anaesthesia),EWS,,Government,Rajsthan__Rajasthan Round 1 Allotment.txt,602,
Rajasthan,Rajasthan,2025,R1,STATE_MERIT,1038.0,SMS Medical College Jaipur,MD (Anaesthesia),EWS,,Government,Rajsthan__Rajasthan Round 1 Allotment.txt,603,
Rajasthan,Rajasthan,2025,R1,STATE_MERIT,1042.0,JLN MC Ajmer,MD (Anaesthesia),General,,Government,Rajsthan__Rajasthan Round 1 Allotment.txt,604,
Rajasthan,Rajasthan,2025,R1,STATE_MERIT,1043.0,GH Barmer,Post MBBS Diploma (Obs & Gyne),OBC,,Government,Rajsthan__Rajasthan Round 1 Allotment.txt,605,
Rajasthan,Rajasthan,2025,R1,STATE_MERIT,1045.0,"Govt. Medical College, Kota",MD (Anaesthesia),General,,Government,Rajsthan__Rajasthan Round 1 Allotment.txt,606,
Rajasthan,Rajasthan,2025,R1,STATE_MERIT,1046.0,SMS Medical College Jaipur,MS (Orthopaedics),SC,,Government,Rajsthan__Rajasthan Round 1 Allotment.txt,607,
Rajasthan,Rajasthan,2025,R1,STATE_MERIT,1052.0,JLN MC Ajmer,MD (Anaesthesia),General,,Government,Rajsthan__Rajasthan Round 1 Allotment.txt,608,
Rajasthan,Rajasthan,2025,R1,STATE_MERIT,1054.0,DH Bundi,Post MBBS Diploma (Obs & Gyne),General,,Government,Rajsthan__Rajasthan Round 1 Allotment.txt,609,
Rajasthan,Rajasthan,2025,R1,STATE_MERIT,1055.0,SMS Medical College Jaipur,MD (Psychiatry),SC,,Government,Rajsthan__Rajasthan Round 1 Allotment.txt,610,
Rajasthan,Rajasthan,2025,R1,STATE_MERIT,1056.0,SMS Medical College Jaipur,MS (Obst. & Gynaecology),SC,,Government,Rajsthan__Rajasthan Round 1 Allotment.txt,611,
Rajasthan,Rajasthan,2025,R1,STATE_MERIT,1057.0,"Govt. Medical College, Kota",MD (Anaesthesia),General,,Government,Rajsthan__Rajasthan Round 1 Allotment.txt,612,
Rajasthan,Rajasthan,2025,R1,STATE_MERIT,1058.0,"Govt. Medical College, Kota",MD (Anaesthesia),OBC,,Government,Rajsthan__Rajasthan Round 1 Allotment.txt,613,
Rajasthan,Rajasthan,2025,R1,STATE_MERIT,1059.0,SMS Medical College Jaipur,MD (Psychiatry),SC,,Government,Rajsthan__Rajasthan Round 1 Allotment.txt,614,
Rajasthan,Rajasthan,2025,R1,STATE_MERIT,1060.0,SMS Medical College Jaipur,MD (Anaesthesia),EWS,,Government,Rajsthan__Rajasthan Round 1 Allotment.txt,615,
Rajasthan,Rajasthan,2025,R1,STATE_MERIT,1063.0,Jhalawar Medical College Jhalawar,MD (Paediatrics),SC,,Government,Rajsthan__Rajasthan Round 1 Allotment.txt,616,
Rajasthan,Rajasthan,2025,R1,STATE_MERIT,1064.0,RNT MC Udaipur,MS (Obst. & Gynaecology),MBC NCL,,Government,Rajsthan__Rajasthan Round 1 Allotment.txt,617,
Rajasthan,Rajasthan,2025,R1,STATE_MERIT,1065.0,SMS Medical College Jaipur,MD (Pathology),OBC,,Government,Rajsthan__Rajasthan Round 1 Allotment.txt,625,
Rajasthan,Rajasthan,2025,R1,STATE_MERIT,1066.0,JLN MC Ajmer,MD (Anaesthesia),General,,Government,Rajsthan__Rajasthan Round 1 Allotment.txt,626,
Rajasthan,Rajasthan,2025,R1,STATE_MERIT,1072.0,"Govt. Medical College, Kota",MD (Anaesthesia),OBC,,Government,Rajsthan__Rajasthan Round 1 Allotment.txt,627,
Rajasthan,Rajasthan,2025,R1,STATE_MERIT,1074.0,SPMC Bikaner,MD (Respiratory Medicine/T.B. & Chest/Tuberculosis & Respiratory Diseases),SC,,Government,Rajsthan__Rajasthan Round 1 Allotment.txt,628,
Rajasthan,Rajasthan,2025,R1,STATE_MERIT,1075.0,SMS Medical College Jaipur,MD (Psychiatry),SC,,Government,Rajsthan__Rajasthan Round 1 Allotment.txt,629,
Rajasthan,Rajasthan,2025,R1,STATE_MERIT,1079.0,"Govt. Medical College, Kota",MD (Anaesthesia),General,,Government,Rajsthan__Rajasthan Round 1 Allotment.txt,630,
Rajasthan,Rajasthan,2025,R1,STATE_MERIT,1080.0,American International Institute Of Medical Sciences,MD (Radiodiagnosis/Radiology),General,,Government,Rajsthan__Rajasthan Round 1 Allotment.txt,631,
Rajasthan,Rajasthan,2025,R1,STATE_MERIT,1081.0,SPMC Bikaner,MS (Obst. & Gynaecology),SC,,Government,Rajsthan__Rajasthan Round 1 Allotment.txt,632,
Rajasthan,Rajasthan,2025,R1,STATE_MERIT,1084.0,SMS Medical College Jaipur,MD (Psychiatry),SC,,Government,Rajsthan__Rajasthan Round 1 Allotment.txt,633,
Rajasthan,Rajasthan,2025,R1,STATE_MERIT,1085.0,S K Hospital Sikar,Post MBBS Diploma (Obs & Gyne),EWS,,Government,Rajsthan__Rajasthan Round 1 Allotment.txt,634,
Rajasthan,Rajasthan,2025,R1,STATE_MERIT,1086.0,"Mahatma Gandhi Medical College and Hospital, Jaipur",MD (Radiodiagnosis/Radiology),General,,Government,Rajsthan__Rajasthan Round 1 Allotment.txt,635,
Rajasthan,Rajasthan,2025,R1,STATE_MERIT,1087.0,Government Hospital Alwar,Post MBBS Diploma (Paediatrics),OBC,,Government,Rajsthan__Rajasthan Round 1 Allotment.txt,636,
Rajasthan,Rajasthan,2025,R1,STATE_MERIT,1089.0,Dr SNMC Jodhpur,MD (Anaesthesia),EWS,,Government,Rajsthan__Rajasthan Round 1 Allotment.txt,637,
Rajasthan,Rajasthan,2025,R1,STATE_MERIT,1090.0,"Govt. Medical College, Kota",MD (Anaesthesia),OBC,,Government,Rajsthan__Rajasthan Round 1 Allotment.txt,638,
Rajasthan,Rajasthan,2025,R1,STATE_MERIT,1092.0,Jhalawar Medical College Jhalawar,MD (Anaesthesia),General,,Government,Rajsthan__Rajasthan Round 1 Allotment.txt,639,
Rajasthan,Rajasthan,2025,R1,STATE_MERIT,1103.0,SMS Medical College Jaipur,MD (Immunohaematology and Blood Transfusion),OBC,,Government,Rajsthan__Rajasthan Round 1 Allotment.txt,640,
Rajasthan,Rajasthan,2025,R1,STATE_MERIT,1105.0,SMS Medical College Jaipur,MD (Respiratory Medicine/T.B. & Chest/Tuberculosis & Respiratory Diseases),SC,,Government,Rajsthan__Rajasthan Round 1 Allotment.txt,641,
Rajasthan,Rajasthan,2025,R1,STATE_MERIT,1109.0,"Mahatma Gandhi Medical College and Hospital, Jaipur",MS (ENT),General,,Government,Rajsthan__Rajasthan Round 1 Allotment.txt,642,
Rajasthan,Rajasthan,2025,R1,STATE_MERIT,1111.0,"Ananta Institute of Medical Sciences and Research Centre, Rajsamand",MD (Radiodiagnosis/Radiology),General,,AI,Rajsthan__Rajasthan Round 1 Allotment.txt,643,
Rajasthan,Rajasthan,2025,R1,STATE_MERIT,1113.0,SMS Medical College Jaipur,MS (Orthopaedics),SC,,Government,Rajsthan__Rajasthan Round 1 Allotment.txt,644,
Rajasthan,Rajasthan,2025,R1,STATE_MERIT,1114.0,SMS Medical College Jaipur,MS (Obst. & Gynaecology),ST,,Government,Rajsthan__Rajasthan Round 1 Allotment.txt,645,
Rajasthan,Rajasthan,2025,R1,STATE_MERIT,1122.0,Dr SNMC Jodhpur,MD (Paediatrics),MBC NCL,,Government,Rajsthan__Rajasthan Round 1 Allotment.txt,646,
Rajasthan,Rajasthan,2025,R1,STATE_MERIT,1128.0,SPMC Bikaner,MD (Radiodiagnosis/Radiology),ST,,Government,Rajsthan__Rajasthan Round 1 Allotment.txt,647,
Rajasthan,Rajasthan,2025,R1,STATE_MERIT,1131.0,SMS Medical College Jaipur,MD (Pathology),General,,Government,Rajsthan__Rajasthan Round 1 Allotment.txt,648,
Rajasthan,Rajasthan,2025,R1,STATE_MERIT,1133.0,Dr SNMC Jodhpur,MD (Anaesthesia),EWS,,Government,Rajsthan__Rajasthan Round 1 Allotment.txt,649,
Rajasthan,Rajasthan,2025,R1,STATE_MERIT,1135.0,Shri Hari Deo Joshi General Hospital Dungarpur,Post MBBS Diploma (Paediatrics),OBC,,Government,Rajsthan__Rajasthan Round 1 Allotment.txt,650,
Rajasthan,Rajasthan,2025,R1,STATE_MERIT,1141.0,SMS Medical College Jaipur,MD (Paediatrics),ST,,Government,Rajsthan__Rajasthan Round 1 Allotment.txt,651,
Rajasthan,Rajasthan,2025,R1,STATE_MERIT,1143.0,SMS Medical College Jaipur,MS (Orthopaedics),SC,,Government,Rajsthan__Rajasthan Round 1 Allotment.txt,652,
Rajasthan,Rajasthan,2025,R1,STATE_MERIT,1144.0,Dr SNMC Jodhpur,MD (Forensic Medicine),OBC,,Government,Rajsthan__Rajasthan Round 1 Allotment.txt,653,
Rajasthan,Rajasthan,2025,R1,STATE_MERIT,1145.0,SMS Medical College Jaipur,MS (ENT),SC,,Government,Rajsthan__Rajasthan Round 1 Allotment.txt,654,
Rajasthan,Rajasthan,2025,R1,STATE_MERIT,1146.0,"Ananta Institute of Medical Sciences and Research Centre, Rajsamand",MD (General Medicine),General,,Government,Rajsthan__Rajasthan Round 1 Allotment.txt,655,
Rajasthan,Rajasthan,2025,R1,STATE_MERIT,1154.0,SMS Medical College Jaipur,MD (Immunohaematology and Blood Transfusion),General,,Government,Rajsthan__Rajasthan Round 1 Allotment.txt,656,
Rajasthan,Rajasthan,2025,R1,STATE_MERIT,1157.0,JLN MC Ajmer,MD (Emergency Medicine),SC,,Government,Rajsthan__Rajasthan Round 1 Allotment.txt,657,
Rajasthan,Rajasthan,2025,R1,STATE_MERIT,1160.0,SMS Medical College Jaipur,MD (Pathology),General,,Government,Rajsthan__Rajasthan Round 1 Allotment.txt,658,
Rajasthan,Rajasthan,2025,R1,STATE_MERIT,1162.0,SPMC Bikaner,MD (Anaesthesia),EWS,,Government,Rajsthan__Rajasthan Round 1 Allotment.txt,659,
Rajasthan,Rajasthan,2025,R1,STATE_MERIT,1168.0,SMS Medical College Jaipur,MD (Pathology),General,,Government,Rajsthan__Rajasthan Round 1 Allotment.txt,660,
Rajasthan,Rajasthan,2025,R1,STATE_MERIT,1169.0,"Govt. Medical College, Kota",MD (Paediatrics),ST,,Government,Rajsthan__Rajasthan Round 1 Allotment.txt,661,
Rajasthan,Rajasthan,2025,R1,STATE_MERIT,1172.0,SMS Medical College Jaipur,MD (Pathology),General,,Government,Rajsthan__Rajasthan Round 1 Allotment.txt,662,
Rajasthan,Rajasthan,2025,R1,STATE_MERIT,1174.0,SMS Medical College Jaipur,MS (Ophthalmology),SC,,Government,Rajsthan__Rajasthan Round 1 Allotment.txt,663,
Rajasthan,Rajasthan,2025,R1,STATE_MERIT,1175.0,American International Institute Of Medical Sciences,MD (Radiodiagnosis/Radiology),General,,AI,Rajsthan__Rajasthan Round 1 Allotment.txt,664,
Rajasthan,Rajasthan,2025,R1,STATE_MERIT,1178.0,JLN MC Ajmer,MD (Respiratory Medicine/T.B. & Chest/Tuberculosis & Respiratory Diseases),SC,,Government,Rajsthan__Rajasthan Round 1 Allotment.txt,665,
Rajasthan,Rajasthan,2025,R1,STATE_MERIT,1181.0,SMS Medical College Jaipur,MD (Psychiatry),SC,,Government,Rajsthan__Rajasthan Round 1 Allotment.txt,666,
Rajasthan,Rajasthan,2025,R1,STATE_MERIT,1184.0,RUHS College of Medical Sciences,MD (Paediatrics),ST,,Government,Rajsthan__Rajasthan Round 1 Allotment.txt,667,
Rajasthan,Rajasthan,2025,R1,STATE_MERIT,1187.0,"Govt. Medical College, Kota",MS (Obst. & Gynaecology),SC,,Government,Rajsthan__Rajasthan Round 1 Allotment.txt,668,
Rajasthan,Rajasthan,2025,R1,STATE_MERIT,1188.0,JLN MC Ajmer,MS (Obst. & Gynaecology),SC,,Government,Rajsthan__Rajasthan Round 1 Allotment.txt,669,
Rajasthan,Rajasthan,2025,R1,STATE_MERIT,1189.0,Dr SNMC Jodhpur,MD (Pathology),General,,Government,Rajsthan__Rajasthan Round 1 Allotment.txt,670,
Rajasthan,Rajasthan,2025,R1,STATE_MERIT,1190.0,SMS Medical College Jaipur,MD (Immunohaematology and Blood Transfusion),General,,Government,Rajsthan__Rajasthan Round 1 Allotment.txt,671,
Rajasthan,Rajasthan,2025,R1,STATE_MERIT,1191.0,Dr SNMC Jodhpur,MD (Immunohaematology and Blood Transfusion),General,,Government,Rajsthan__Rajasthan Round 1 Allotment.txt,672,
Rajasthan,Rajasthan,2025,R1,STATE_MERIT,1192.0,S K Hospital Sikar,Post MBBS Diploma (Paediatrics),EWS,,Government,Rajsthan__Rajasthan Round 1 Allotment.txt,673,
Rajasthan,Rajasthan,2025,R1,STATE_MERIT,1199.0,RBM Hospital Bharatpur,Post MBBS Diploma (Obs & Gyne),General,,Government,Rajsthan__Rajasthan Round 1 Allotment.txt,674,
Rajasthan,Rajasthan,2025,R1,STATE_MERIT,1200.0,SPMC Bikaner,MD (Paediatrics),ST,,Government,Rajsthan__Rajasthan Round 1 Allotment.txt,675,
Rajasthan,Rajasthan,2025,R1,STATE_MERIT,1204.0,"Govt. Medical College, Kota",MS (Orthopaedics),SC,,Government,Rajsthan__Rajasthan Round 1 Allotment.txt,676,
Rajasthan,Rajasthan,2025,R1,STATE_MERIT,1206.0,JLN MC Ajmer,MD (Anaesthesia),EWS,,Government,Rajsthan__Rajasthan Round 1 Allotment.txt,677,
Rajasthan,Rajasthan,2025,R1,STATE_MERIT,1208.0,RBM Hospital Bharatpur,Post MBBS Diploma (Obs & Gyne),OBC,,Government,Rajsthan__Rajasthan Round 1 Allotment.txt,678,
Rajasthan,Rajasthan,2025,R1,STATE_MERIT,1211.0,SPMC Bikaner,MD (Respiratory Medicine/T.B. & Chest/Tuberculosis & Respiratory Diseases),SC,,Government,Rajsthan__Rajasthan Round 1 Allotment.txt,679,
Rajasthan,Rajasthan,2025,R1,STATE_MERIT,1213.0,SMS Medical College Jaipur,MD (Pathology),OBC,,Government,Rajsthan__Rajasthan Round 1 Allotment.txt,680,
Rajasthan,Rajasthan,2025,R1,STATE_MERIT,1214.0,Dr SNMC Jodhpur,MS (Orthopaedics),SC,,Government,Rajsthan__Rajasthan Round 1 Allotment.txt,681,
Rajasthan,Rajasthan,2025,R1,STATE_MERIT,1215.0,JLN MC Ajmer,MD (Respiratory Medicine/T.B. & Chest/Tuberculosis & Respiratory Diseases),SC,,Government,Rajsthan__Rajasthan Round 1 Allotment.txt,682,
Rajasthan,Rajasthan,2025,R1,STATE_MERIT,1223.0,DH Rajsamand,Post MBBS Diploma (Paediatrics),General,,Government,Rajsthan__Rajasthan Round 1 Allotment.txt,683,
Rajasthan,Rajasthan,2025,R1,STATE_MERIT,1225.0,JLN MC Ajmer,MD (Paediatrics),ST,,Government,Rajsthan__Rajasthan Round 1 Allotment.txt,684,
Rajasthan,Rajasthan,2025,R1,STATE_MERIT,1226.0,"Mahatma Gandhi Medical College and Hospital, Jaipur",MD (Radiodiagnosis/Radiology),General,,AI,Rajsthan__Rajasthan Round 1 Allotment.txt,685,
Rajasthan,Rajasthan,2025,R1,STATE_MERIT,1229.0,JLN MC Ajmer,MD (Paediatrics),ST,,Government,Rajsthan__Rajasthan Round 1 Allotment.txt,686,
Rajasthan,Rajasthan,2025,R1,STATE_MERIT,1232.0,"Govt. DB General District Hospital, Churu",Post MBBS Diploma (TB & Chest),OBC,,Government,Rajsthan__Rajasthan Round 1 Allotment.txt,694,
Rajasthan,Rajasthan,2025,R1,STATE_MERIT,1233.0,"Govt. Medical College, Kota",MS (Obst. & Gynaecology),ST,,Government,Rajsthan__Rajasthan Round 1 Allotment.txt,695,
Rajasthan,Rajasthan,2025,R1,STATE_MERIT,1236.0,RNT MC Udaipur,MD (Pathology),General,,Government,Rajsthan__Rajasthan Round 1 Allotment.txt,696,
Rajasthan,Rajasthan,2025,R1,STATE_MERIT,1237.0,GMC Pali,MD (Anaesthesia),General,,Management,Rajsthan__Rajasthan Round 1 Allotment.txt,697,
Rajasthan,Rajasthan,2025,R1,STATE_MERIT,1239.0,JLN MC Ajmer,MS (Obst. & Gynaecology),SC,,Government,Rajsthan__Rajasthan Round 1 Allotment.txt,698,
Rajasthan,Rajasthan,2025,R1,STATE_MERIT,1241.0,"Govt. DB General District Hospital, Churu",Post MBBS Diploma (Paediatrics),OBC,,Government,Rajsthan__Rajasthan Round 1 Allotment.txt,699,
Rajasthan,Rajasthan,2025,R1,STATE_MERIT,1244.0,"Govt. Medical College, Kota",MD (Pathology),General,,Government,Rajsthan__Rajasthan Round 1 Allotment.txt,700,
Rajasthan,Rajasthan,2025,R1,STATE_MERIT,1245.0,Dr SNMC Jodhpur,MS (Orthopaedics),SC,,Government,Rajsthan__Rajasthan Round 1 Allotment.txt,701,
Rajasthan,Rajasthan,2025,R1,STATE_MERIT,1246.0,SMS Medical College Jaipur,MD (Emergency Medicine),ST,,Government,Rajsthan__Rajasthan Round 1 Allotment.txt,702,
Rajasthan,Rajasthan,2025,R1,STATE_MERIT,1249.0,GMC Pali,MS (Obst. & Gynaecology),SC,,Government,Rajsthan__Rajasthan Round 1 Allotment.txt,703,
Rajasthan,Rajasthan,2025,R1,STATE_MERIT,1250.0,GH Barmer,Post MBBS Diploma (Paediatrics),OBC,,Government,Rajsthan__Rajasthan Round 1 Allotment.txt,704,
Rajasthan,Rajasthan,2025,R1,STATE_MERIT,1252.0,"Mahatma Gandhi Medical College and Hospital, Jaipur",MD (General Medicine),General,,AI,Rajsthan__Rajasthan Round 1 Allotment.txt,705,
Rajasthan,Rajasthan,2025,R1,STATE_MERIT,1253.0,"Govt. DB General District Hospital, Churu",Post MBBS Diploma (TB & Chest),EWS,,Government,Rajsthan__Rajasthan Round 1 Allotment.txt,706,
Rajasthan,Rajasthan,2025,R1,STATE_MERIT,1256.0,RUHS College of Medical Sciences,MD (Pathology),OBC,,Government,Rajsthan__Rajasthan Round 1 Allotment.txt,707,
Rajasthan,Rajasthan,2025,R1,STATE_MERIT,1258.0,"Govt. Medical College, Kota",MS (Orthopaedics),SC,,Government,Rajsthan__Rajasthan Round 1 Allotment.txt,708,
Rajasthan,Rajasthan,2025,R1,STATE_MERIT,1259.0,DH Nagaur,Post MBBS Diploma (Paediatrics),OBC,,Government,Rajsthan__Rajasthan Round 1 Allotment.txt,709,
Rajasthan,Rajasthan,2025,R1,STATE_MERIT,1260.0,RBM Hospital Bharatpur,Post MBBS Diploma (TB & Chest),OBC,,Government,Rajsthan__Rajasthan Round 1 Allotment.txt,710,
Rajasthan,Rajasthan,2025,R1,STATE_MERIT,1261.0,GOVERNMENT BDK HOSPITAL JHUNJHUNU,Post MBBS Diploma (Obs & Gyne),OBC,,Government,Rajsthan__Rajasthan Round 1 Allotment.txt,711,
Rajasthan,Rajasthan,2025,R1,STATE_MERIT,1267.0,Dr SNMC Jodhpur,MS (Orthopaedics),SC,,Government,Rajsthan__Rajasthan Round 1 Allotment.txt,712,
Rajasthan,Rajasthan,2025,R1,STATE_MERIT,1270.0,RUHS College of Medical Sciences,MD (Anaesthesia),EWS,,Management,Rajsthan__Rajasthan Round 1 Allotment.txt,713,
Rajasthan,Rajasthan,2025,R1,STATE_MERIT,1274.0,GOVERNMENT BDK HOSPITAL JHUNJHUNU,Post MBBS Diploma (Paediatrics),General,,Government,Rajsthan__Rajasthan Round 1 Allotment.txt,714,
Rajasthan,Rajasthan,2025,R1,STATE_MERIT,1279.0,SPMC Bikaner,MS (Orthopaedics),SC,,Government,Rajsthan__Rajasthan Round 1 Allotment.txt,715,
Rajasthan,Rajasthan,2025,R1,STATE_MERIT,1280.0,RNT MC Udaipur,MS (Orthopaedics),SC,,Government,Rajsthan__Rajasthan Round 1 Allotment.txt,716,
Rajasthan,Rajasthan,2025,R1,STATE_MERIT,1284.0,RNT MC Udaipur,MD (Pathology),General,,Government,Rajsthan__Rajasthan Round 1 Allotment.txt,717,
Rajasthan,Rajasthan,2025,R1,STATE_MERIT,1286.0,RNT MC Udaipur,MD (General Medicine),ST,,Government,Rajsthan__Rajasthan Round 1 Allotment.txt,718,
Rajasthan,Rajasthan,2025,R1,STATE_MERIT,1288.0,JLN MC Ajmer,MS (Orthopaedics),SC,,Government,Rajsthan__Rajasthan Round 1 Allotment.txt,719,
Rajasthan,Rajasthan,2025,R1,STATE_MERIT,1291.0,SPMC Bikaner,MS (Obst. & Gynaecology),ST,,Government,Rajsthan__Rajasthan Round 1 Allotment.txt,720,
Rajasthan,Rajasthan,2025,R1,STATE_MERIT,1292.0,DH Nagaur,Post MBBS Diploma (Obs & Gyne),OBC,,Government,Rajsthan__Rajasthan Round 1 Allotment.txt,721,
Rajasthan,Rajasthan,2025,R1,STATE_MERIT,1293.0,"Mahatma Gandhi Medical College and Hospital, Jaipur",MD (Nuclear Medicine),General,,Government,Rajsthan__Rajasthan Round 1 Allotment.txt,722,
Rajasthan,Rajasthan,2025,R1,STATE_MERIT,1298.0,SPMC Bikaner,MS (Orthopaedics),SC,,Government,Rajsthan__Rajasthan Round 1 Allotment.txt,723,
Rajasthan,Rajasthan,2025,R1,STATE_MERIT,1301.0,SMS Medical College Jaipur,MD (Radiotherapy/Radiationoncology),SC,,Government,Rajsthan__Rajasthan Round 1 Allotment.txt,724,
Rajasthan,Rajasthan,2025,R1,STATE_MERIT,1303.0,"Govt. Medical College, Kota",MD (Pathology),General,,Government,Rajsthan__Rajasthan Round 1 Allotment.txt,725,
Rajasthan,Rajasthan,2025,R1,STATE_MERIT,1305.0,SMS Medical College Jaipur,MD (PSM/Community Medicine),General,,Government,Rajsthan__Rajasthan Round 1 Allotment.txt,726,
Rajasthan,Rajasthan,2025,R1,STATE_MERIT,1306.0,SMS Medical College Jaipur,MS (ENT),SC,,Government,Rajsthan__Rajasthan Round 1 Allotment.txt,727,
Rajasthan,Rajasthan,2025,R1,STATE_MERIT,1307.0,SMS Medical College Jaipur,MD (Radiotherapy/Radiationoncology),SC,,Government,Rajsthan__Rajasthan Round 1 Allotment.txt,728,
Rajasthan,Rajasthan,2025,R1,STATE_MERIT,1308.0,Dr SNMC Jodhpur,MD (Pathology),General,,Government,Rajsthan__Rajasthan Round 1 Allotment.txt,729,
Rajasthan,Rajasthan,2025,R1,STATE_MERIT,1309.0,DH Chittorgarh,Post MBBS Diploma (Obs & Gyne),OBC,,Government,Rajsthan__Rajasthan Round 1 Allotment.txt,730,
Rajasthan,Rajasthan,2025,R1,STATE_MERIT,1314.0,SMS Medical College Jaipur,MS (ENT),SC,,Government,Rajsthan__Rajasthan Round 1 Allotment.txt,731,
Rajasthan,Rajasthan,2025,R1,STATE_MERIT,1315.0,Jhalawar Medical College Jhalawar,MS (Obst. & Gynaecology),SC,,Management,Rajsthan__Rajasthan Round 1 Allotment.txt,732,
Rajasthan,Rajasthan,2025,R1,STATE_MERIT,1316.0,Dr SNMC Jodhpur,MS (General Surgery),SC,,Government,Rajsthan__Rajasthan Round 1 Allotment.txt,733,
Rajasthan,Rajasthan,2025,R1,STATE_MERIT,1317.0,Dr SNMC Jodhpur,MS (Ophthalmology),SC,,Government,Rajsthan__Rajasthan Round 1 Allotment.txt,734,
Rajasthan,Rajasthan,2025,R1,STATE_MERIT,1320.0,"Mahatma Gandhi Medical College and Hospital, Jaipur",MD (Radiodiagnosis/Radiology),General,,Government,Rajsthan__Rajasthan Round 1 Allotment.txt,735,
Rajasthan,Rajasthan,2025,R1,STATE_MERIT,1321.0,SMS Medical College Jaipur,MD (Pathology),EWS,,Government,Rajsthan__Rajasthan Round 1 Allotment.txt,736,
Rajasthan,Rajasthan,2025,R1,STATE_MERIT,1324.0,JLN MC Ajmer,MS (General Surgery),SC,,Government,Rajsthan__Rajasthan Round 1 Allotment.txt,737,
Rajasthan,Rajasthan,2025,R1,STATE_MERIT,1327.0,"Govt. Medical College, Kota",MS (Orthopaedics),ST,,Government,Rajsthan__Rajasthan Round 1 Allotment.txt,738,
Rajasthan,Rajasthan,2025,R1,STATE_MERIT,1329.0,"Mahatma Gandhi Medical College and Hospital, Jaipur",MD (Radiotherapy/Radiationoncology),General,,AI,Rajsthan__Rajasthan Round 1 Allotment.txt,739,
Rajasthan,Rajasthan,2025,R1,STATE_MERIT,1331.0,RNT MC Udaipur,MS (Obst. & Gynaecology),ST,,Government,Rajsthan__Rajasthan Round 1 Allotment.txt,740,
Rajasthan,Rajasthan,2025,R1,STATE_MERIT,1334.0,RNT MC Udaipur,MD (Immunohaematology and Blood Transfusion),OBC,,Government,Rajsthan__Rajasthan Round 1 Allotment.txt,741,
Rajasthan,Rajasthan,2025,R1,STATE_MERIT,1339.0,"Ananta Institute of Medical Sciences and Research Centre, Rajsamand",MS (Obst. & Gynaecology),General,,Government,Rajsthan__Rajasthan Round 1 Allotment.txt,742,
Rajasthan,Rajasthan,2025,R1,STATE_MERIT,1340.0,JLN MC Ajmer,MS (General Surgery),SC,,Government,Rajsthan__Rajasthan Round 1 Allotment.txt,743,
Rajasthan,Rajasthan,2025,R1,STATE_MERIT,1341.0,Dr SNMC Jodhpur,MS (Obst. & Gynaecology),ST,,Government,Rajsthan__Rajasthan Round 1 Allotment.txt,744,
Rajasthan,Rajasthan,2025,R1,STATE_MERIT,1343.0,SPMC Bikaner,MD (Pathology),General,,Government,Rajsthan__Rajasthan Round 1 Allotment.txt,745,
Rajasthan,Rajasthan,2025,R1,STATE_MERIT,1344.0,"Mahatma Gandhi Medical College and Hospital, Jaipur",MD (Skin & V.D / Dermatology Ven. & Leprosy),General,,AI,Rajsthan__Rajasthan Round 1 Allotment.txt,746,
Rajasthan,Rajasthan,2025,R1,STATE_MERIT,1351.0,RNT MC Udaipur,MS (General Surgery),SC,,Government,Rajsthan__Rajasthan Round 1 Allotment.txt,747,
Rajasthan,Rajasthan,2025,R1,STATE_MERIT,1354.0,RUHS College of Medical Sciences,MS (Orthopaedics),ST,,Government,Rajsthan__Rajasthan Round 1 Allotment.txt,748,
Rajasthan,Rajasthan,2025,R1,STATE_MERIT,1357.0,DH Sirohi,Post MBBS Diploma (Obs & Gyne),OBC,,Government,Rajsthan__Rajasthan Round 1 Allotment.txt,749,
Rajasthan,Rajasthan,2025,R1,STATE_MERIT,1361.0,American International Institute Of Medical Sciences,MD (General Medicine),General,,Government,Rajsthan__Rajasthan Round 1 Allotment.txt,750,
Rajasthan,Rajasthan,2025,R1,STATE_MERIT,1366.0,"Ananta Institute of Medical Sciences and Research Centre, Rajsamand",MD (Radiodiagnosis/Radiology),EWS,,Government,Rajsthan__Rajasthan Round 1 Allotment.txt,751,
Rajasthan,Rajasthan,2025,R1,STATE_MERIT,1369.0,GH Sawaimadhopur,Post MBBS Diploma (Obs & Gyne),OBC,,Government,Rajsthan__Rajasthan Round 1 Allotment.txt,752,
Rajasthan,Rajasthan,2025,R1,STATE_MERIT,1370.0,SMS Medical College Jaipur,MD (Anaesthesia),SC,,Government,Rajsthan__Rajasthan Round 1 Allotment.txt,753,
Rajasthan,Rajasthan,2025,R1,STATE_MERIT,1372.0,American International Institute Of Medical Sciences,MD (Skin & V.D / Dermatology Ven. & Leprosy),General,,Government,Rajsthan__Rajasthan Round 1 Allotment.txt,754,
Rajasthan,Rajasthan,2025,R1,STATE_MERIT,1376.0,SPMC Bikaner,MD (Pathology),General,,Government,Rajsthan__Rajasthan Round 1 Allotment.txt,755,
Rajasthan,Rajasthan,2025,R1,STATE_MERIT,1385.0,JLN MC Ajmer,MD (Pathology),OBC,,Government,Rajsthan__Rajasthan Round 1 Allotment.txt,763,
Rajasthan,Rajasthan,2025,R1,STATE_MERIT,1387.0,Government Hospital Alwar,Post MBBS Diploma (Paediatrics),OBC,,Government,Rajsthan__Rajasthan Round 1 Allotment.txt,764,
Rajasthan,Rajasthan,2025,R1,STATE_MERIT,1388.0,DH Nagaur,Post MBBS Diploma (Paediatrics),OBC,,Government,Rajsthan__Rajasthan Round 1 Allotment.txt,765,
Rajasthan,Rajasthan,2025,R1,STATE_MERIT,1389.0,SPMC Bikaner,MS (General Surgery),SC,,Government,Rajsthan__Rajasthan Round 1 Allotment.txt,766,
Rajasthan,Rajasthan,2025,R1,STATE_MERIT,1392.0,JLN MC Ajmer,MD (Pathology),General,,Government,Rajsthan__Rajasthan Round 1 Allotment.txt,767,
Rajasthan,Rajasthan,2025,R1,STATE_MERIT,1393.0,"Govt. Medical College, Kota",MS (Obst. & Gynaecology),ST,,Government,Rajsthan__Rajasthan Round 1 Allotment.txt,768,
Rajasthan,Rajasthan,2025,R1,STATE_MERIT,1397.0,GMC Bhilwara,MD (Anaesthesia),EWS,,Management,Rajsthan__Rajasthan Round 1 Allotment.txt,769,
Rajasthan,Rajasthan,2025,R1,STATE_MERIT,1398.0,SPMC Bikaner,MS (Obst. & Gynaecology),ST,,Government,Rajsthan__Rajasthan Round 1 Allotment.txt,770,
Rajasthan,Rajasthan,2025,R1,STATE_MERIT,1401.0,RNT MC Udaipur,MD (Microbiology),General,,Government,Rajsthan__Rajasthan Round 1 Allotment.txt,771,
Rajasthan,Rajasthan,2025,R1,STATE_MERIT,1405.0,SPMC Bikaner,MS (General Surgery),SC,,Government,Rajsthan__Rajasthan Round 1 Allotment.txt,772,
Rajasthan,Rajasthan,2025,R1,STATE_MERIT,1406.0,"Govt. Medical College, Kota",MD (Pathology),OBC,,Government,Rajsthan__Rajasthan Round 1 Allotment.txt,773,
Rajasthan,Rajasthan,2025,R1,STATE_MERIT,1407.0,SMS Medical College Jaipur,MD (Pathology),SC,,Government,Rajsthan__Rajasthan Round 1 Allotment.txt,774,
Rajasthan,Rajasthan,2025,R1,STATE_MERIT,1409.0,SMS Medical College Jaipur,MD (Palliative Medicine),SC,,Government,Rajsthan__Rajasthan Round 1 Allotment.txt,775,
Rajasthan,Rajasthan,2025,R1,STATE_MERIT,1410.0,DH Banswara,Post MBBS Diploma (Paediatrics),General,,Government,Rajsthan__Rajasthan Round 1 Allotment.txt,776,
Rajasthan,Rajasthan,2025,R1,STATE_MERIT,1415.0,"Mahatma Gandhi Medical College and Hospital, Jaipur",MD (Radiodiagnosis/Radiology),General,,Government,Rajsthan__Rajasthan Round 1 Allotment.txt,777,
Rajasthan,Rajasthan,2025,R1,STATE_MERIT,1416.0,SPMC Bikaner,MS (ENT),SC,,Government,Rajsthan__Rajasthan Round 1 Allotment.txt,778,
Rajasthan,Rajasthan,2025,R1,STATE_MERIT,1418.0,JLN MC Ajmer,MD (Emergency Medicine),ST,,Government,Rajsthan__Rajasthan Round 1 Allotment.txt,779,
Rajasthan,Rajasthan,2025,R1,STATE_MERIT,1422.0,DH Bundi,Post MBBS Diploma (Obs & Gyne),OBC,,Government,Rajsthan__Rajasthan Round 1 Allotment.txt,780,
Rajasthan,Rajasthan,2025,R1,STATE_MERIT,1428.0,JLN MC Ajmer,MD (Respiratory Medicine/T.B. & Chest/Tuberculosis & Respiratory Diseases),ST,,Government,Rajsthan__Rajasthan Round 1 Allotment.txt,781,
Rajasthan,Rajasthan,2025,R1,STATE_MERIT,1433.0,SMS Medical College Jaipur,MD (PSM/Community Medicine),General,,Government,Rajsthan__Rajasthan Round 1 Allotment.txt,782,
Rajasthan,Rajasthan,2025,R1,STATE_MERIT,1434.0,JLN MC Ajmer,MD (Anaesthesia),SC,,Government,Rajsthan__Rajasthan Round 1 Allotment.txt,783,
Rajasthan,Rajasthan,2025,R1,STATE_MERIT,1442.0,RNT MC Udaipur,MS (Orthopaedics),ST,,Government,Rajsthan__Rajasthan Round 1 Allotment.txt,784,
Rajasthan,Rajasthan,2025,R1,STATE_MERIT,1463.0,"Govt. Medical College, Kota",MD (Pathology),General,,Government,Rajsthan__Rajasthan Round 1 Allotment.txt,785,
Rajasthan,Rajasthan,2025,R1,STATE_MERIT,1467.0,DH Baran,Post MBBS Diploma (Obs & Gyne),OBC,,Government,Rajsthan__Rajasthan Round 1 Allotment.txt,786,
Rajasthan,Rajasthan,2025,R1,STATE_MERIT,1469.0,"Govt. Medical College, Kota",MS (General Surgery),ST,,Government,Rajsthan__Rajasthan Round 1 Allotment.txt,787,
Rajasthan,Rajasthan,2025,R1,STATE_MERIT,1470.0,"Govt. Medical College, Kota",MD (Paediatrics),MBC NCL,,Government,Rajsthan__Rajasthan Round 1 Allotment.txt,788,
Rajasthan,Rajasthan,2025,R1,STATE_MERIT,1476.0,GMC Pali,MS (General Surgery),SC,,Government,Rajsthan__Rajasthan Round 1 Allotment.txt,789,
Rajasthan,Rajasthan,2025,R1,STATE_MERIT,1481.0,GMC Pali,MD (Pathology),OBC,,Government,Rajsthan__Rajasthan Round 1 Allotment.txt,790,
Rajasthan,Rajasthan,2025,R1,STATE_MERIT,1482.0,DH Sriganganagar,Post MBBS Diploma (TB & Chest),General,,Government,Rajsthan__Rajasthan Round 1 Allotment.txt,791,
Rajasthan,Rajasthan,2025,R1,STATE_MERIT,1483.0,RBM Hospital Bharatpur,Post MBBS Diploma (TB & Chest),General,,Government,Rajsthan__Rajasthan Round 1 Allotment.txt,792,
Rajasthan,Rajasthan,2025,R1,STATE_MERIT,1484.0,Shri Hari Deo Joshi General Hospital Dungarpur,Post MBBS Diploma (Paediatrics),General,,Government,Rajsthan__Rajasthan Round 1 Allotment.txt,793,
Rajasthan,Rajasthan,2025,R1,STATE_MERIT,1487.0,Dr SNMC Jodhpur,MD (PSM/Community Medicine),General,,Government,Rajsthan__Rajasthan Round 1 Allotment.txt,794,
Rajasthan,Rajasthan,2025,R1,STATE_MERIT,1489.0,SMS Medical College Jaipur,MD (Anaesthesia),SC,,Government,Rajsthan__Rajasthan Round 1 Allotment.txt,795,
Rajasthan,Rajasthan,2025,R1,STATE_MERIT,1491.0,JLN MC Ajmer,MD (Pathology),OBC,,Government,Rajsthan__Rajasthan Round 1 Allotment.txt,796,
Rajasthan,Rajasthan,2025,R1,STATE_MERIT,1492.0,SMS Medical College Jaipur,MD (Forensic Medicine),OBC,,Government,Rajsthan__Rajasthan Round 1 Allotment.txt,797,
Rajasthan,Rajasthan,2025,R1,STATE_MERIT,1494.0,DH Sirohi,Post MBBS Diploma (Obs & Gyne),General,,Government,Rajsthan__Rajasthan Round 1 Allotment.txt,798,
Rajasthan,Rajasthan,2025,R1,STATE_MERIT,1497.0,American International Institute Of Medical Sciences,MD (General Medicine),General,,Government,Rajsthan__Rajasthan Round 1 Allotment.txt,799,
Rajasthan,Rajasthan,2025,R1,STATE_MERIT,1498.0,Jhalawar Medical College Jhalawar,MD (Pathology),OBC,,Government,Rajsthan__Rajasthan Round 1 Allotment.txt,800,
Rajasthan,Rajasthan,2025,R1,STATE_MERIT,1499.0,"Mahatma Gandhi Medical College and Hospital, Jaipur",MD (Nuclear Medicine),General,,Government,Rajsthan__Rajasthan Round 1 Allotment.txt,801,
Rajasthan,Rajasthan,2025,R1,STATE_MERIT,1508.0,"Mahatma Gandhi Medical College and Hospital, Jaipur",MD (Radiotherapy/Radiationoncology),General,,Government,Rajsthan__Rajasthan Round 1 Allotment.txt,802,
Rajasthan,Rajasthan,2025,R1,STATE_MERIT,1509.0,GH Sawaimadhopur,Post MBBS Diploma (Obs & Gyne),ST,,Government,Rajsthan__Rajasthan Round 1 Allotment.txt,803,
Rajasthan,Rajasthan,2025,R1,STATE_MERIT,1511.0,"Mahatma Gandhi Medical College and Hospital, Jaipur",MD (Skin & V.D / Dermatology Ven. & Leprosy),OBC,,Government,Rajsthan__Rajasthan Round 1 Allotment.txt,804,
Rajasthan,Rajasthan,2025,R1,STATE_MERIT,1512.0,DH Hanumangarh,Post MBBS Diploma (TB & Chest),General,,Government,Rajsthan__Rajasthan Round 1 Allotment.txt,805,
Rajasthan,Rajasthan,2025,R1,STATE_MERIT,1514.0,JLN MC Ajmer,MS (Orthopaedics),ST,,Government,Rajsthan__Rajasthan Round 1 Allotment.txt,806,
Rajasthan,Rajasthan,2025,R1,STATE_MERIT,1516.0,"Mahatma Gandhi Medical College and Hospital, Jaipur",MD (General Medicine),General,,Government,Rajsthan__Rajasthan Round 1 Allotment.txt,807,
Rajasthan,Rajasthan,2025,R1,STATE_MERIT,1519.0,SMS Medical College Jaipur,MD (Anaesthesia),SC,,Government,Rajsthan__Rajasthan Round 1 Allotment.txt,808,
Rajasthan,Rajasthan,2025,R1,STATE_MERIT,1521.0,DH Chittorgarh,Post MBBS Diploma (Paediatrics),General,,Government,Rajsthan__Rajasthan Round 1 Allotment.txt,809,
Rajasthan,Rajasthan,2025,R1,STATE_MERIT,1522.0,SMS Medical College Jaipur,MD (Forensic Medicine),OBC,,Government,Rajsthan__Rajasthan Round 1 Allotment.txt,810,
Rajasthan,Rajasthan,2025,R1,STATE_MERIT,1523.0,GH Sawaimadhopur,Post MBBS Diploma (TB & Chest),OBC,,Government,Rajsthan__Rajasthan Round 1 Allotment.txt,811,
Rajasthan,Rajasthan,2025,R1,STATE_MERIT,1524.0,SPMC Bikaner,MD (Immunohaematology and Blood Transfusion),General,,Government,Rajsthan__Rajasthan Round 1 Allotment.txt,812,
Rajasthan,Rajasthan,2025,R1,STATE_MERIT,1528.0,SMS Medical College Jaipur,MD (Anaesthesia),SC,,Government,Rajsthan__Rajasthan Round 1 Allotment.txt,813,
Rajasthan,Rajasthan,2025,R1,STATE_MERIT,1530.0,SMS Medical College Jaipur,MD (Anaesthesia),SC,,Government,Rajsthan__Rajasthan Round 1 Allotment.txt,814,
Rajasthan,Rajasthan,2025,R1,STATE_MERIT,1538.0,"Mahatma Gandhi Medical College and Hospital, Jaipur",MD (Radiodiagnosis/Radiology),OBC,,Government,Rajsthan__Rajasthan Round 1 Allotment.txt,815,
Rajasthan,Rajasthan,2025,R1,STATE_MERIT,1545.0,RUHS College of Medical Sciences,MD (Pathology),General,,Management,Rajsthan__Rajasthan Round 1 Allotment.txt,816,
Rajasthan,Rajasthan,2025,R1,STATE_MERIT,1552.0,Dr SNMC Jodhpur,MD (Pathology),SC,,Government,Rajsthan__Rajasthan Round 1 Allotment.txt,817,
Rajasthan,Rajasthan,2025,R1,STATE_MERIT,1556.0,RUHS College of Medical Sciences,MS (General Surgery),ST,,Government,Rajsthan__Rajasthan Round 1 Allotment.txt,818,
Rajasthan,Rajasthan,2025,R1,STATE_MERIT,1560.0,DH Tonk,Post MBBS Diploma (Obs & Gyne),OBC,,Government,Rajsthan__Rajasthan Round 1 Allotment.txt,819,
Rajasthan,Rajasthan,2025,R1,STATE_MERIT,1563.0,DH Tonk,Post MBBS Diploma (Paediatrics),General,,Government,Rajsthan__Rajasthan Round 1 Allotment.txt,820,
Rajasthan,Rajasthan,2025,R1,STATE_MERIT,1564.0,"Mahatma Gandhi Medical College and Hospital, Jaipur",MD (Radiotherapy/Radiationoncology),General,,AI,Rajsthan__Rajasthan Round 1 Allotment.txt,821,
Rajasthan,Rajasthan,2025,R1,STATE_MERIT,1571.0,"Mahatma Gandhi Medical College and Hospital, Jaipur",MD (Radiodiagnosis/Radiology),General,,AI,Rajsthan__Rajasthan Round 1 Allotment.txt,822,
Rajasthan,Rajasthan,2025,R1,STATE_MERIT,1572.0,RNT MC Udaipur,MD (Pathology),EWS,,Government,Rajsthan__Rajasthan Round 1 Allotment.txt,823,
Rajasthan,Rajasthan,2025,R1,STATE_MERIT,1576.0,"Mahatma Gandhi Medical College and Hospital, Jaipur",MD (Anaesthesia),General,,AI,Rajsthan__Rajasthan Round 1 Allotment.txt,824,
Rajasthan,Rajasthan,2025,R1,STATE_MERIT,1577.0,"Mahatma Gandhi Medical College and Hospital, Jaipur",MD (Nuclear Medicine),General,,Management,Rajsthan__Rajasthan Round 1 Allotment.txt,832,
Rajasthan,Rajasthan,2025,R1,STATE_MERIT,1582.0,RUHS College of Medical Sciences,MD (Forensic Medicine),General,,Government,Rajsthan__Rajasthan Round 1 Allotment.txt,833,
Rajasthan,Rajasthan,2025,R1,STATE_MERIT,1585.0,"Mahatma Gandhi Medical College and Hospital, Jaipur",MD (Radiodiagnosis/Radiology),General,,Government,Rajsthan__Rajasthan Round 1 Allotment.txt,834,
Rajasthan,Rajasthan,2025,R1,STATE_MERIT,1587.0,"Mahatma Gandhi Medical College and Hospital, Jaipur",MD (Radiodiagnosis/Radiology),General,,AI,Rajsthan__Rajasthan Round 1 Allotment.txt,835,
Rajasthan,Rajasthan,2025,R1,STATE_MERIT,1590.0,RNT MC Udaipur,MS (General Surgery),ST,,Government,Rajsthan__Rajasthan Round 1 Allotment.txt,836,
Rajasthan,Rajasthan,2025,R1,STATE_MERIT,1592.0,SMS Medical College Jaipur,MD (Microbiology),General,,Government,Rajsthan__Rajasthan Round 1 Allotment.txt,837,
Rajasthan,Rajasthan,2025,R1,STATE_MERIT,1601.0,American International Institute Of Medical Sciences,MD (Radiodiagnosis/Radiology),SC,,Government,Rajsthan__Rajasthan Round 1 Allotment.txt,838,
Rajasthan,Rajasthan,2025,R1,STATE_MERIT,1605.0,DH Bundi,Post MBBS Diploma (Paediatrics),OBC,,Government,Rajsthan__Rajasthan Round 1 Allotment.txt,839,
Rajasthan,Rajasthan,2025,R1,STATE_MERIT,1606.0,SMS Medical College Jaipur,MD (Forensic Medicine),EWS,,Government,Rajsthan__Rajasthan Round 1 Allotment.txt,840,
Rajasthan,Rajasthan,2025,R1,STATE_MERIT,1614.0,Dr SNMC Jodhpur,MD (Microbiology),OBC,,Government,Rajsthan__Rajasthan Round 1 Allotment.txt,841,
Rajasthan,Rajasthan,2025,R1,STATE_MERIT,1615.0,American International Institute Of Medical Sciences,MS (Obst. & Gynaecology),General,,AI,Rajsthan__Rajasthan Round 1 Allotment.txt,842,
Rajasthan,Rajasthan,2025,R1,STATE_MERIT,1616.0,"Mahatma Gandhi Medical College and Hospital, Jaipur",MD (General Medicine),General,,AI,Rajsthan__Rajasthan Round 1 Allotment.txt,843,
Rajasthan,Rajasthan,2025,R1,STATE_MERIT,1618.0,SMS Medical College Jaipur,MD (Anaesthesia),SC,,Government,Rajsthan__Rajasthan Round 1 Allotment.txt,844,
Rajasthan,Rajasthan,2025,R1,STATE_MERIT,1623.0,"Govt. Medical College, Kota",MD (Pathology),EWS,,Government,Rajsthan__Rajasthan Round 1 Allotment.txt,845,
Rajasthan,Rajasthan,2025,R1,STATE_MERIT,1626.0,Dr SNMC Jodhpur,MD (Pathology),SC,,Government,Rajsthan__Rajasthan Round 1 Allotment.txt,846,
Rajasthan,Rajasthan,2025,R1,STATE_MERIT,1627.0,RNT MC Udaipur,MD (Forensic Medicine),OBC,,Government,Rajsthan__Rajasthan Round 1 Allotment.txt,847,
Rajasthan,Rajasthan,2025,R1,STATE_MERIT,1628.0,SMS Medical College Jaipur,MD (Pharmacology),OBC,,Government,Rajsthan__Rajasthan Round 1 Allotment.txt,848,
Rajasthan,Rajasthan,2025,R1,STATE_MERIT,1629.0,GMC Churu,MD (PSM/Community Medicine),OBC,,Government,Rajsthan__Rajasthan Round 1 Allotment.txt,849,
Rajasthan,Rajasthan,2025,R1,STATE_MERIT,1630.0,"Mahatma Gandhi Medical College and Hospital, Jaipur",MD (Pathology),General,,Government,Rajsthan__Rajasthan Round 1 Allotment.txt,850,
Rajasthan,Rajasthan,2025,R1,STATE_MERIT,1633.0,"Mahatma Gandhi Medical College and Hospital, Jaipur",MD (Radiodiagnosis/Radiology),General,,AI,Rajsthan__Rajasthan Round 1 Allotment.txt,851,
Rajasthan,Rajasthan,2025,R1,STATE_MERIT,1634.0,SPMC Bikaner,MD (Pathology),EWS,,Government,Rajsthan__Rajasthan Round 1 Allotment.txt,852,
Rajasthan,Rajasthan,2025,R1,STATE_MERIT,1639.0,JLN MC Ajmer,MD (Forensic Medicine),General,,Government,Rajsthan__Rajasthan Round 1 Allotment.txt,853,
Rajasthan,Rajasthan,2025,R1,STATE_MERIT,1641.0,"Mahatma Gandhi Medical College and Hospital, Jaipur",MD (Emergency Medicine),General,,AI,Rajsthan__Rajasthan Round 1 Allotment.txt,854,
Rajasthan,Rajasthan,2025,R1,STATE_MERIT,1642.0,GMC Bhilwara,MD (Pathology),General,,Management,Rajsthan__Rajasthan Round 1 Allotment.txt,855,
Rajasthan,Rajasthan,2025,R1,STATE_MERIT,1648.0,GMC Pali,MS (General Surgery),SC,,Management,Rajsthan__Rajasthan Round 1 Allotment.txt,856,
Rajasthan,Rajasthan,2025,R1,STATE_MERIT,1661.0,SMS Medical College Jaipur,MD (Biochemistry),OBC,,Government,Rajsthan__Rajasthan Round 1 Allotment.txt,857,
Rajasthan,Rajasthan,2025,R1,STATE_MERIT,1666.0,American International Institute Of Medical Sciences,MS (Obst. & Gynaecology),General,,Government,Rajsthan__Rajasthan Round 1 Allotment.txt,858,
Rajasthan,Rajasthan,2025,R1,STATE_MERIT,1667.0,"Ananta Institute of Medical Sciences and Research Centre, Rajsamand",MD (General Medicine),OBC,,AI,Rajsthan__Rajasthan Round 1 Allotment.txt,859,
Rajasthan,Rajasthan,2025,R1,STATE_MERIT,1671.0,American International Institute Of Medical Sciences,MD (Paediatrics),OBC,,AI,Rajsthan__Rajasthan Round 1 Allotment.txt,860,
Rajasthan,Rajasthan,2025,R1,STATE_MERIT,1672.0,MGH Bhilwara,Post MBBS Diploma (TB & Chest),SC,,Government,Rajsthan__Rajasthan Round 1 Allotment.txt,861,
Rajasthan,Rajasthan,2025,R1,STATE_MERIT,1674.0,GH Sawaimadhopur,Post MBBS Diploma (TB & Chest),General,,Government,Rajsthan__Rajasthan Round 1 Allotment.txt,862,
Rajasthan,Rajasthan,2025,R1,STATE_MERIT,1677.0,"Ananta Institute of Medical Sciences and Research Centre, Rajsamand",MD (Paediatrics),General,,Government,Rajsthan__Rajasthan Round 1 Allotment.txt,863,
Rajasthan,Rajasthan,2025,R1,STATE_MERIT,1678.0,"Ananta Institute of Medical Sciences and Research Centre, Rajsamand",MS (Obst. & Gynaecology),General,,AI,Rajsthan__Rajasthan Round 1 Allotment.txt,864,
Rajasthan,Rajasthan,2025,R1,STATE_MERIT,1680.0,"Mahatma Gandhi Medical College and Hospital, Jaipur",MS (Obst. & Gynaecology),General,,Government,Rajsthan__Rajasthan Round 1 Allotment.txt,865,
Rajasthan,Rajasthan,2025,R1,STATE_MERIT,1683.0,JLN MC Ajmer,MD (Emergency Medicine),MBC NCL,,Government,Rajsthan__Rajasthan Round 1 Allotment.txt,866,
Rajasthan,Rajasthan,2025,R1,STATE_MERIT,1685.0,"Mahatma Gandhi Medical College and Hospital, Jaipur",MD (Emergency Medicine),General,,AI,Rajsthan__Rajasthan Round 1 Allotment.txt,867,
Rajasthan,Rajasthan,2025,R1,STATE_MERIT,1686.0,"Mahatma Gandhi Medical College and Hospital, Jaipur",MS (Orthopaedics),General,,AI,Rajsthan__Rajasthan Round 1 Allotment.txt,868,
Rajasthan,Rajasthan,2025,R1,STATE_MERIT,1690.0,DH Tonk,Post MBBS Diploma (Obs & Gyne),EWS,,Government,Rajsthan__Rajasthan Round 1 Allotment.txt,869,
Rajasthan,Rajasthan,2025,R1,STATE_MERIT,1700.0,JLN MC Ajmer,MS (General Surgery),ST,,Government,Rajsthan__Rajasthan Round 1 Allotment.txt,870,
Rajasthan,Rajasthan,2025,R1,STATE_MERIT,1701.0,SPMC Bikaner,MD (PSM/Community Medicine),OBC,,Government,Rajsthan__Rajasthan Round 1 Allotment.txt,871,
Rajasthan,Rajasthan,2025,R1,STATE_MERIT,1705.0,SMS Medical College Jaipur,MD (Pathology),SC,,Government,Rajsthan__Rajasthan Round 1 Allotment.txt,872,
Rajasthan,Rajasthan,2025,R1,STATE_MERIT,1709.0,Ganganagar,MD (Radiodiagnosis/Radiology),General,,AI,Rajsthan__Rajasthan Round 1 Allotment.txt,874,
Rajasthan,Rajasthan,2025,R1,STATE_MERIT,1711.0,"Govt. Medical College, Kota",MD (Immunohaematology and Blood Transfusion),EWS,,Government,Rajsthan__Rajasthan Round 1 Allotment.txt,875,
Rajasthan,Rajasthan,2025,R1,STATE_MERIT,1712.0,Dr SNMC Jodhpur,MD (Forensic Medicine),OBC,,Government,Rajsthan__Rajasthan Round 1 Allotment.txt,876,
Rajasthan,Rajasthan,2025,R1,STATE_MERIT,1714.0,DH Pratapgarh,Post MBBS Diploma (Paediatrics),General,,Government,Rajsthan__Rajasthan Round 1 Allotment.txt,877,
Rajasthan,Rajasthan,2025,R1,STATE_MERIT,1717.0,"Ananta Institute of Medical Sciences and Research Centre, Rajsamand",MD (General Medicine),General,,AI,Rajsthan__Rajasthan Round 1 Allotment.txt,878,
Rajasthan,Rajasthan,2025,R1,STATE_MERIT,1718.0,"Mahatma Gandhi Medical College and Hospital, Jaipur",MS (Orthopaedics),General,,Government,Rajsthan__Rajasthan Round 1 Allotment.txt,879,
Rajasthan,Rajasthan,2025,R1,STATE_MERIT,1719.0,JLN MC Ajmer,MD (Skin & V.D / Dermatology Ven. & Leprosy),ST,,Government,Rajsthan__Rajasthan Round 1 Allotment.txt,880,
Rajasthan,Rajasthan,2025,R1,STATE_MERIT,1720.0,"Ananta Institute of Medical Sciences and Research Centre, Rajsamand",MD (General Medicine),General,,AI,Rajsthan__Rajasthan Round 1 Allotment.txt,881,
Rajasthan,Rajasthan,2025,R1,STATE_MERIT,1721.0,Dr SNMC Jodhpur,MS (ENT),ST,,Government,Rajsthan__Rajasthan Round 1 Allotment.txt,882,
Rajasthan,Rajasthan,2025,R1,STATE_MERIT,1722.0,"Govt. Medical College, Kota",MD (PSM/Community Medicine),General,,Government,Rajsthan__Rajasthan Round 1 Allotment.txt,883,
Rajasthan,Rajasthan,2025,R1,STATE_MERIT,1732.0,SMS Medical College Jaipur,MD (Anaesthesia),SC,,Government,Rajsthan__Rajasthan Round 1 Allotment.txt,884,
Rajasthan,Rajasthan,2025,R1,STATE_MERIT,1733.0,"Mahatma Gandhi Medical College and Hospital, Jaipur",MD (General Medicine),General,,AI,Rajsthan__Rajasthan Round 1 Allotment.txt,885,
Rajasthan,Rajasthan,2025,R1,STATE_MERIT,1735.0,"Mahatma Gandhi Medical College and Hospital, Jaipur",MD (Emergency Medicine),General,,Government,Rajsthan__Rajasthan Round 1 Allotment.txt,886,
Rajasthan,Rajasthan,2025,R1,STATE_MERIT,1736.0,"Mahatma Gandhi Medical College and Hospital, Jaipur",MD (Radiodiagnosis/Radiology),General,,AI,Rajsthan__Rajasthan Round 1 Allotment.txt,887,
Rajasthan,Rajasthan,2025,R1,STATE_MERIT,1741.0,DH Hanumangarh,Post MBBS Diploma (Paediatrics),OBC,,Government,Rajsthan__Rajasthan Round 1 Allotment.txt,888,
Rajasthan,Rajasthan,2025,R1,STATE_MERIT,1744.0,SMS Medical College Jaipur,MD (Microbiology),SC,,Government,Rajsthan__Rajasthan Round 1 Allotment.txt,889,
Rajasthan,Rajasthan,2025,R1,STATE_MERIT,1747.0,American International Institute Of Medical Sciences,MD (General Medicine),OBC,,AI,Rajsthan__Rajasthan Round 1 Allotment.txt,890,
Rajasthan,Rajasthan,2025,R1,STATE_MERIT,1749.0,JLN MC Ajmer,MD (Respiratory Medicine/T.B. & Chest/Tuberculosis & Respiratory Diseases),MBC NCL,,Government,Rajsthan__Rajasthan Round 1 Allotment.txt,891,
Rajasthan,Rajasthan,2025,R1,STATE_MERIT,1755.0,Jhalawar Medical College Jhalawar,MD (Pathology),OBC,,Management,Rajsthan__Rajasthan Round 1 Allotment.txt,892,
Rajasthan,Rajasthan,2025,R1,STATE_MERIT,1759.0,SMS Medical College Jaipur,MD (Anaesthesia),SC,,Government,Rajsthan__Rajasthan Round 1 Allotment.txt,893,
Rajasthan,Rajasthan,2025,R1,STATE_MERIT,1762.0,Shri Hari Deo Joshi General Hospital Dungarpur,Post MBBS Diploma (Paediatrics),SC,,Government,Rajsthan__Rajasthan Round 1 Allotment.txt,901,
Rajasthan,Rajasthan,2025,R1,STATE_MERIT,1766.0,"ESIC Medical College And Hospital, Alwar",MD (PSM/Community Medicine),General,,Government,Rajsthan__Rajasthan Round 1 Allotment.txt,902,
Rajasthan,Rajasthan,2025,R1,STATE_MERIT,1769.0,"Mahatma Gandhi Medical College and Hospital, Jaipur",MS (ENT),General,,Government,Rajsthan__Rajasthan Round 1 Allotment.txt,903,
Rajasthan,Rajasthan,2025,R1,STATE_MERIT,1772.0,American International Institute Of Medical Sciences,MS (Orthopaedics),General,,Government,Rajsthan__Rajasthan Round 1 Allotment.txt,904,
Rajasthan,Rajasthan,2025,R1,STATE_MERIT,1773.0,SMS Medical College Jaipur,MS (Ophthalmology),ST,,Government,Rajsthan__Rajasthan Round 1 Allotment.txt,905,
Rajasthan,Rajasthan,2025,R1,STATE_MERIT,1776.0,GH Barmer,Post MBBS Diploma (TB & Chest),OBC,,Government,Rajsthan__Rajasthan Round 1 Allotment.txt,906,
Rajasthan,Rajasthan,2025,R1,STATE_MERIT,1778.0,"Mahatma Gandhi Medical College and Hospital, Jaipur",MD (General Medicine),General,,AI,Rajsthan__Rajasthan Round 1 Allotment.txt,907,
Rajasthan,Rajasthan,2025,R1,STATE_MERIT,1779.0,"Ananta Institute of Medical Sciences and Research Centre, Rajsamand",MD (Paediatrics),General,,AI,Rajsthan__Rajasthan Round 1 Allotment.txt,908,
Rajasthan,Rajasthan,2025,R1,STATE_MERIT,1780.0,"Mahatma Gandhi Medical College and Hospital, Jaipur",MD (Radiodiagnosis/Radiology),General,,Government,Rajsthan__Rajasthan Round 1 Allotment.txt,909,
Rajasthan,Rajasthan,2025,R1,STATE_MERIT,1781.0,JLN MC Ajmer,MD (PSM/Community Medicine),OBC,,Government,Rajsthan__Rajasthan Round 1 Allotment.txt,910,
Rajasthan,Rajasthan,2025,R1,STATE_MERIT,1784.0,Jhalawar Medical College Jhalawar,MS (ENT),ST,,Government,Rajsthan__Rajasthan Round 1 Allotment.txt,911,
Rajasthan,Rajasthan,2025,R1,STATE_MERIT,1791.0,SMS Medical College Jaipur,MD (Anaesthesia),ST,,Government,Rajsthan__Rajasthan Round 1 Allotment.txt,912,
Rajasthan,Rajasthan,2025,R1,STATE_MERIT,1793.0,S K Hospital Sikar,Post MBBS Diploma (Family Medicine),General,,Government,Rajsthan__Rajasthan Round 1 Allotment.txt,913,
Rajasthan,Rajasthan,2025,R1,STATE_MERIT,1794.0,SMS Medical College Jaipur,MD (Physiology),OBC,,Government,Rajsthan__Rajasthan Round 1 Allotment.txt,914,
Rajasthan,Rajasthan,2025,R1,STATE_MERIT,1796.0,DH Pratapgarh,Post MBBS Diploma (Family Medicine),General,,Government,Rajsthan__Rajasthan Round 1 Allotment.txt,915,
Rajasthan,Rajasthan,2025,R1,STATE_MERIT,1798.0,"Mahatma Gandhi Medical College and Hospital, Jaipur",MD (Skin & V.D / Dermatology Ven. & Leprosy),General,,Government,Rajsthan__Rajasthan Round 1 Allotment.txt,916,
Rajasthan,Rajasthan,2025,R1,STATE_MERIT,1801.0,"Mahatma Gandhi Medical College and Hospital, Jaipur",MD (General Medicine),OBC,,Government,Rajsthan__Rajasthan Round 1 Allotment.txt,917,
Rajasthan,Rajasthan,2025,R1,STATE_MERIT,1803.0,"District Hospital, Dholpur",Post MBBS Diploma (Obs & Gyne),OBC,,Government,Rajsthan__Rajasthan Round 1 Allotment.txt,918,
Rajasthan,Rajasthan,2025,R1,STATE_MERIT,1806.0,"Mahatma Gandhi Medical College and Hospital, Jaipur",MD (General Medicine),General,,AI,Rajsthan__Rajasthan Round 1 Allotment.txt,919,
Rajasthan,Rajasthan,2025,R1,STATE_MERIT,1807.0,"Mahatma Gandhi Medical College and Hospital, Jaipur",MS (Obst. & Gynaecology),General,,Government,Rajsthan__Rajasthan Round 1 Allotment.txt,920,
Rajasthan,Rajasthan,2025,R1,STATE_MERIT,1812.0,SMS Medical College Jaipur,MS (Obst. & Gynaecology),ST,,Government,Rajsthan__Rajasthan Round 1 Allotment.txt,921,
Rajasthan,Rajasthan,2025,R1,STATE_MERIT,1813.0,"Mahatma Gandhi Medical College and Hospital, Jaipur",MD (General Medicine),General,,AI,Rajsthan__Rajasthan Round 1 Allotment.txt,922,
Rajasthan,Rajasthan,2025,R1,STATE_MERIT,1815.0,Dr SNMC Jodhpur,MD (Anaesthesia),SC,,Government,Rajsthan__Rajasthan Round 1 Allotment.txt,923,
Rajasthan,Rajasthan,2025,R1,STATE_MERIT,1816.0,JLN MC Ajmer,MD (Anaesthesia),SC,,Government,Rajsthan__Rajasthan Round 1 Allotment.txt,924,
Rajasthan,Rajasthan,2025,R1,STATE_MERIT,1818.0,"Mahatma Gandhi Medical College and Hospital, Jaipur",MS (General Surgery),General,,Government,Rajsthan__Rajasthan Round 1 Allotment.txt,925,
Rajasthan,Rajasthan,2025,R1,STATE_MERIT,1825.0,"Mahatma Gandhi Medical College and Hospital, Jaipur",MD (Radiodiagnosis/Radiology),General,,Management,Rajsthan__Rajasthan Round 1 Allotment.txt,926,
Rajasthan,Rajasthan,2025,R1,STATE_MERIT,1827.0,American International Institute Of Medical Sciences,MS (Obst. & Gynaecology),General,,Government,Rajsthan__Rajasthan Round 1 Allotment.txt,927,
Rajasthan,Rajasthan,2025,R1,STATE_MERIT,1829.0,SPMC Bikaner,MD (Forensic Medicine),General,,Government,Rajsthan__Rajasthan Round 1 Allotment.txt,928,
Rajasthan,Rajasthan,2025,R1,STATE_MERIT,1830.0,Govt RDBP Jaipuria Hospital Jaipur,Post MBBS DNB (Family Medicine),ST,,Government,Rajsthan__Rajasthan Round 1 Allotment.txt,929,
Rajasthan,Rajasthan,2025,R1,STATE_MERIT,1831.0,"Pacific Medical College & Hospital, Udaipur",MD (Skin & V.D / Dermatology Ven. & Leprosy),General,,Government,Rajsthan__Rajasthan Round 1 Allotment.txt,930,
Rajasthan,Rajasthan,2025,R1,STATE_MERIT,1833.0,SPMC Bikaner,MD (Anaesthesia),SC,,Government,Rajsthan__Rajasthan Round 1 Allotment.txt,931,
Rajasthan,Rajasthan,2025,R1,STATE_MERIT,1835.0,Dr SNMC Jodhpur,MD (Anaesthesia),SC,,Government,Rajsthan__Rajasthan Round 1 Allotment.txt,932,
Rajasthan,Rajasthan,2025,R1,STATE_MERIT,1838.0,"Mahatma Gandhi Medical College and Hospital, Jaipur",MS (Obst. & Gynaecology),General,,Government,Rajsthan__Rajasthan Round 1 Allotment.txt,933,
Rajasthan,Rajasthan,2025,R1,STATE_MERIT,1840.0,SPMC Bikaner,MD (Anaesthesia),SC,,Government,Rajsthan__Rajasthan Round 1 Allotment.txt,934,
Rajasthan,Rajasthan,2025,R1,STATE_MERIT,1842.0,RUHS College of Medical Sciences,MS (Obst. & Gynaecology),MBC NCL,,Government,Rajsthan__Rajasthan Round 1 Allotment.txt,935,
Rajasthan,Rajasthan,2025,R1,STATE_MERIT,1844.0,"Ananta Institute of Medical Sciences and Research Centre, Rajsamand",MD (General Medicine),General,,Government,Rajsthan__Rajasthan Round 1 Allotment.txt,936,
Rajasthan,Rajasthan,2025,R1,STATE_MERIT,1847.0,"Mahatma Gandhi Medical College and Hospital, Jaipur",MD (General Medicine),OBC,,AI,Rajsthan__Rajasthan Round 1 Allotment.txt,937,
Rajasthan,Rajasthan,2025,R1,STATE_MERIT,1849.0,SPMC Bikaner,MD (Anaesthesia),SC,,Government,Rajsthan__Rajasthan Round 1 Allotment.txt,938,
Rajasthan,Rajasthan,2025,R1,STATE_MERIT,1855.0,JLN MC Ajmer,MD (Pathology),EWS,,Government,Rajsthan__Rajasthan Round 1 Allotment.txt,939,
Rajasthan,Rajasthan,2025,R1,STATE_MERIT,1856.0,Shri Jagannath Pahadiya Medical College Bharatpur or GMC Bharatpur,MD (Microbiology),OBC,,Government,Rajsthan__Rajasthan Round 1 Allotment.txt,940,
Rajasthan,Rajasthan,2025,R1,STATE_MERIT,1857.0,"Ananta Institute of Medical Sciences and Research Centre, Rajsamand",MS (Obst. & Gynaecology),General,,AI,Rajsthan__Rajasthan Round 1 Allotment.txt,941,
Rajasthan,Rajasthan,2025,R1,STATE_MERIT,1861.0,"Centre, Jaipur.",MD (Radiodiagnosis/Radiology),General,,AI,Rajsthan__Rajasthan Round 1 Allotment.txt,943,
Rajasthan,Rajasthan,2025,R1,STATE_MERIT,1865.0,"Govt. Medical College, Kota",MD (Anaesthesia),SC,,Government,Rajsthan__Rajasthan Round 1 Allotment.txt,944,
Rajasthan,Rajasthan,2025,R1,STATE_MERIT,1869.0,JLN MC Ajmer,MD (Anaesthesia),SC,,Government,Rajsthan__Rajasthan Round 1 Allotment.txt,945,
Rajasthan,Rajasthan,2025,R1,STATE_MERIT,1870.0,MGH Bhilwara,Post MBBS Diploma (TB & Chest),SC,,Government,Rajsthan__Rajasthan Round 1 Allotment.txt,946,
Rajasthan,Rajasthan,2025,R1,STATE_MERIT,1872.0,"Mahatma Gandhi Medical College and Hospital, Jaipur",MD (General Medicine),General,,Government,Rajsthan__Rajasthan Round 1 Allotment.txt,947,
Rajasthan,Rajasthan,2025,R1,STATE_MERIT,1874.0,SMS Medical College Jaipur,MD (Phy. Med. & Reh.),ST,,Government,Rajsthan__Rajasthan Round 1 Allotment.txt,948,
Rajasthan,Rajasthan,2025,R1,STATE_MERIT,1876.0,"Mahatma Gandhi Medical College and Hospital, Jaipur",MS (ENT),General,,AI,Rajsthan__Rajasthan Round 1 Allotment.txt,949,
Rajasthan,Rajasthan,2025,R1,STATE_MERIT,1879.0,SPMC Bikaner,MD (Forensic Medicine),OBC,,Government,Rajsthan__Rajasthan Round 1 Allotment.txt,950,
Rajasthan,Rajasthan,2025,R1,STATE_MERIT,1883.0,"Ananta Institute of Medical Sciences and Research Centre, Rajsamand",MD (Skin & V.D / Dermatology Ven. & Leprosy),EWS,,AI,Rajsthan__Rajasthan Round 1 Allotment.txt,951,
Rajasthan,Rajasthan,2025,R1,STATE_MERIT,1886.0,"Ananta Institute of Medical Sciences and Research Centre, Rajsamand",MD (General Medicine),OBC,,Government,Rajsthan__Rajasthan Round 1 Allotment.txt,952,
Rajasthan,Rajasthan,2025,R1,STATE_MERIT,1892.0,"Govt. Medical College, Kota",MD (Anaesthesia),SC,,Government,Rajsthan__Rajasthan Round 1 Allotment.txt,953,
Rajasthan,Rajasthan,2025,R1,STATE_MERIT,1895.0,Jhalawar Medical College Jhalawar,MD (Biochemistry),OBC,,Government,Rajsthan__Rajasthan Round 1 Allotment.txt,954,
Rajasthan,Rajasthan,2025,R1,STATE_MERIT,1897.0,SMS Medical College Jaipur,MS (Orthopaedics),MBC NCL,,Government,Rajsthan__Rajasthan Round 1 Allotment.txt,955,
Rajasthan,Rajasthan,2025,R1,STATE_MERIT,1900.0,SMS Medical College Jaipur,MD (Microbiology),General,,Government,Rajsthan__Rajasthan Round 1 Allotment.txt,956,
Rajasthan,Rajasthan,2025,R1,STATE_MERIT,1906.0,"Mahatma Gandhi Medical College and Hospital, Jaipur",MD (General Medicine),General,,AI,Rajsthan__Rajasthan Round 1 Allotment.txt,957,
Rajasthan,Rajasthan,2025,R1,STATE_MERIT,1909.0,RNT MC Udaipur,MD (Psychiatry),MBC NCL,,Government,Rajsthan__Rajasthan Round 1 Allotment.txt,958,
Rajasthan,Rajasthan,2025,R1,STATE_MERIT,1914.0,"Mahatma Gandhi Medical College and Hospital, Jaipur",MD (Radiodiagnosis/Radiology),General,,Management,Rajsthan__Rajasthan Round 1 Allotment.txt,959,
Rajasthan,Rajasthan,2025,R1,STATE_MERIT,1917.0,"Mahatma Gandhi Medical College and Hospital, Jaipur",MD (Radiotherapy/Radiationoncology),General,,Government,Rajsthan__Rajasthan Round 1 Allotment.txt,960,
Rajasthan,Rajasthan,2025,R1,STATE_MERIT,1920.0,S K Hospital Sikar,Post MBBS Diploma (Family Medicine),OBC,,Government,Rajsthan__Rajasthan Round 1 Allotment.txt,961,
Rajasthan,Rajasthan,2025,R1,STATE_MERIT,1922.0,"Ananta Institute of Medical Sciences and Research Centre, Rajsamand",MS (Obst. & Gynaecology),General,,Government,Rajsthan__Rajasthan Round 1 Allotment.txt,962,
Rajasthan,Rajasthan,2025,R1,STATE_MERIT,1924.0,Jhalawar Medical College Jhalawar,MD (Pathology),EWS,,Government,Rajsthan__Rajasthan Round 1 Allotment.txt,970,
Rajasthan,Rajasthan,2025,R1,STATE_MERIT,1925.0,"Ananta Institute of Medical Sciences and Research Centre, Rajsamand",MD (General Medicine),General,,Government,Rajsthan__Rajasthan Round 1 Allotment.txt,971,
Rajasthan,Rajasthan,2025,R1,STATE_MERIT,1926.0,American International Institute Of Medical Sciences,MD (Respiratory Medicine/T.B. & Chest/Tuberculosis & Respiratory Diseases),General,,Government,Rajsthan__Rajasthan Round 1 Allotment.txt,972,
Rajasthan,Rajasthan,2025,R1,STATE_MERIT,1927.0,"Mahatma Gandhi Medical College and Hospital, Jaipur",MD (Paediatrics),General,,AI,Rajsthan__Rajasthan Round 1 Allotment.txt,973,
Rajasthan,Rajasthan,2025,R1,STATE_MERIT,1928.0,"Mahatma Gandhi Medical College and Hospital, Jaipur",MD (Skin & V.D / Dermatology Ven. & Leprosy),OBC,,Government,Rajsthan__Rajasthan Round 1 Allotment.txt,974,
Rajasthan,Rajasthan,2025,R1,STATE_MERIT,1935.0,"Mahatma Gandhi Medical College and Hospital, Jaipur",MD (Respiratory Medicine/T.B. & Chest/Tuberculosis & Respiratory Diseases),OBC,,AI,Rajsthan__Rajasthan Round 1 Allotment.txt,975,
Rajasthan,Rajasthan,2025,R1,STATE_MERIT,1942.0,S K Hospital Sikar,Post MBBS Diploma (Ophthalmology),OBC,,Government,Rajsthan__Rajasthan Round 1 Allotment.txt,976,
Rajasthan,Rajasthan,2025,R1,STATE_MERIT,1943.0,S K Hospital Sikar,Post MBBS Diploma (Paediatrics),SC,,Government,Rajsthan__Rajasthan Round 1 Allotment.txt,977,
Rajasthan,Rajasthan,2025,R1,STATE_MERIT,1944.0,RBM Hospital Bharatpur,Post MBBS Diploma (Paediatrics),ST,,Government,Rajsthan__Rajasthan Round 1 Allotment.txt,978,
Rajasthan,Rajasthan,2025,R1,STATE_MERIT,1946.0,RNT MC Udaipur,MD (Pathology),SC,,Government,Rajsthan__Rajasthan Round 1 Allotment.txt,979,
Rajasthan,Rajasthan,2025,R1,STATE_MERIT,1952.0,SMS Medical College Jaipur,MD (Anaesthesia),ST,,Government,Rajsthan__Rajasthan Round 1 Allotment.txt,980,
Rajasthan,Rajasthan,2025,R1,STATE_MERIT,1954.0,"Mahatma Gandhi Medical College and Hospital, Jaipur",MD (Anaesthesia),General,,Government,Rajsthan__Rajasthan Round 1 Allotment.txt,981,
Rajasthan,Rajasthan,2025,R1,STATE_MERIT,1958.0,Dr SNMC Jodhpur,MD (General Medicine),ST,,Government,Rajsthan__Rajasthan Round 1 Allotment.txt,982,
Rajasthan,Rajasthan,2025,R1,STATE_MERIT,1959.0,"Mahatma Gandhi Medical College and Hospital, Jaipur",MD (General Medicine),General,,Government,Rajsthan__Rajasthan Round 1 Allotment.txt,983,
Rajasthan,Rajasthan,2025,R1,STATE_MERIT,1964.0,American International Institute Of Medical Sciences,MD (Respiratory Medicine/T.B. & Chest/Tuberculosis & Respiratory Diseases),General,,AI,Rajsthan__Rajasthan Round 1 Allotment.txt,984,
Rajasthan,Rajasthan,2025,R1,STATE_MERIT,1978.0,"Centre, Jaipur.",MD (Radiodiagnosis/Radiology),General,,Management,Rajsthan__Rajasthan Round 1 Allotment.txt,986,
Rajasthan,Rajasthan,2025,R1,STATE_MERIT,1981.0,"Mahatma Gandhi Medical College and Hospital, Jaipur",MD (Skin & V.D / Dermatology Ven. & Leprosy),General,,Government,Rajsthan__Rajasthan Round 1 Allotment.txt,987,
Rajasthan,Rajasthan,2025,R1,STATE_MERIT,1983.0,"Govt. Medical College, Kota",MD (Respiratory Medicine/T.B. & Chest/Tuberculosis & Respiratory Diseases),MBC NCL,,Government,Rajsthan__Rajasthan Round 1 Allotment.txt,988,
Rajasthan,Rajasthan,2025,R1,STATE_MERIT,1987.0,"National Institute of Medical Sciences & Research (NIMS), Jaipur",MD (General Medicine),General,,AI,Rajsthan__Rajasthan Round 1 Allotment.txt,989,
Rajasthan,Rajasthan,2025,R1,STATE_MERIT,1990.0,S K Hospital Sikar,Post MBBS Diploma (Ophthalmology),OBC,,Government,Rajsthan__Rajasthan Round 1 Allotment.txt,990,
Rajasthan,Rajasthan,2025,R1,STATE_MERIT,1991.0,"Mahatma Gandhi Medical College and Hospital, Jaipur",MD (General Medicine),General,,Management,Rajsthan__Rajasthan Round 1 Allotment.txt,991,
Rajasthan,Rajasthan,2025,R1,STATE_MERIT,1992.0,SMS Medical College Jaipur,MS (General Surgery),ST,,Government,Rajsthan__Rajasthan Round 1 Allotment.txt,992,
Rajasthan,Rajasthan,2025,R1,STATE_MERIT,1996.0,"Govt. Medical College, Kota",MS (Orthopaedics),MBC NCL,,Government,Rajsthan__Rajasthan Round 1 Allotment.txt,993,
Rajasthan,Rajasthan,2025,R1,STATE_MERIT,2001.0,GH Barmer,Post MBBS Diploma (Family Medicine),OBC,,Government,Rajsthan__Rajasthan Round 1 Allotment.txt,994,
Rajasthan,Rajasthan,2025,R1,STATE_MERIT,2004.0,"Mahatma Gandhi Medical College and Hospital, Jaipur",MD (General Medicine),General,,Management,Rajsthan__Rajasthan Round 1 Allotment.txt,995,
Rajasthan,Rajasthan,2025,R1,STATE_MERIT,2013.0,"Mahatma Gandhi Medical College and Hospital, Jaipur",MS (Obst. & Gynaecology),General,,AI,Rajsthan__Rajasthan Round 1 Allotment.txt,996,
Rajasthan,Rajasthan,2025,R1,STATE_MERIT,2015.0,"National Institute of Medical Sciences & Research (NIMS), Jaipur",MD (General Medicine),General,,AI,Rajsthan__Rajasthan Round 1 Allotment.txt,997,
Rajasthan,Rajasthan,2025,R1,STATE_MERIT,2027.0,S K Hospital Sikar,Post MBBS Diploma (ENT),OBC,,Government,Rajsthan__Rajasthan Round 1 Allotment.txt,998,
Rajasthan,Rajasthan,2025,R1,STATE_MERIT,2028.0,"Mahatma Gandhi Medical College and Hospital, Jaipur",MD (General Medicine),General,,Government,Rajsthan__Rajasthan Round 1 Allotment.txt,999,
Rajasthan,Rajasthan,2025,R1,STATE_MERIT,2032.0,"National Institute of Medical Sciences & Research (NIMS), Jaipur",MD (General Medicine),General,,AI,Rajsthan__Rajasthan Round 1 Allotment.txt,1000,
Rajasthan,Rajasthan,2025,R1,STATE_MERIT,2038.0,RNT MC Udaipur,MD (Paediatrics),ST,,Government,Rajsthan__Rajasthan Round 1 Allotment.txt,1001,
Rajasthan,Rajasthan,2025,R1,STATE_MERIT,2040.0,SMS Medical College Jaipur,MD (Pathology),SC,,Government,Rajsthan__Rajasthan Round 1 Allotment.txt,1002,
Rajasthan,Rajasthan,2025,R1,STATE_MERIT,2041.0,SMS Medical College Jaipur,MS (ENT),MBC NCL,,Government,Rajsthan__Rajasthan Round 1 Allotment.txt,1003,
Rajasthan,Rajasthan,2025,R1,STATE_MERIT,2047.0,SMS Medical College Jaipur,MD (PSM/Community Medicine),SC,,Government,Rajsthan__Rajasthan Round 1 Allotment.txt,1004,
Rajasthan,Rajasthan,2025,R1,STATE_MERIT,2049.0,"Ananta Institute of Medical Sciences and Research Centre, Rajsamand",MD (Psychiatry),General,,Government,Rajsthan__Rajasthan Round 1 Allotment.txt,1005,
Rajasthan,Rajasthan,2025,R1,STATE_MERIT,2055.0,"Mahatma Gandhi Medical College and Hospital, Jaipur",MD (General Medicine),General,,Government,Rajsthan__Rajasthan Round 1 Allotment.txt,1006,
Rajasthan,Rajasthan,2025,R1,STATE_MERIT,2057.0,JLN MC Ajmer,MS (Orthopaedics),MBC NCL,,Government,Rajsthan__Rajasthan Round 1 Allotment.txt,1007,
Rajasthan,Rajasthan,2025,R1,STATE_MERIT,2058.0,RNT MC Udaipur,MD (Pathology),SC,,Government,Rajsthan__Rajasthan Round 1 Allotment.txt,1008,
Rajasthan,Rajasthan,2025,R1,STATE_MERIT,2061.0,RNT MC Udaipur,MD (Pathology),SC,,Government,Rajsthan__Rajasthan Round 1 Allotment.txt,1009,
Rajasthan,Rajasthan,2025,R1,STATE_MERIT,2063.0,"Mahatma Gandhi Medical College and Hospital, Jaipur",MD (Anaesthesia),EWS,,Government,Rajsthan__Rajasthan Round 1 Allotment.txt,1010,
Rajasthan,Rajasthan,2025,R1,STATE_MERIT,2067.0,RUHS College of Medical Sciences,MD (Microbiology),General,,Government,Rajsthan__Rajasthan Round 1 Allotment.txt,1011,
Rajasthan,Rajasthan,2025,R1,STATE_MERIT,2069.0,SMS Medical College Jaipur,MS (Ophthalmology),ST,,Government,Rajsthan__Rajasthan Round 1 Allotment.txt,1012,
Rajasthan,Rajasthan,2025,R1,STATE_MERIT,2070.0,JLN MC Ajmer,MS (Orthopaedics),MBC NCL,,Government,Rajsthan__Rajasthan Round 1 Allotment.txt,1013,
Rajasthan,Rajasthan,2025,R1,STATE_MERIT,2072.0,"Geetanjali Medical College & Hospital, Udaipur",MS (ENT),General,,Government,Rajsthan__Rajasthan Round 1 Allotment.txt,1014,
Rajasthan,Rajasthan,2025,R1,STATE_MERIT,2073.0,JLN MC Ajmer,MS (General Surgery),MBC NCL,,Government,Rajsthan__Rajasthan Round 1 Allotment.txt,1015,
Rajasthan,Rajasthan,2025,R1,STATE_MERIT,2078.0,"Mahatma Gandhi Medical College and Hospital, Jaipur",MS (Obst. & Gynaecology),General,,AI,Rajsthan__Rajasthan Round 1 Allotment.txt,1016,
Rajasthan,Rajasthan,2025,R1,STATE_MERIT,2081.0,GOVERNMENT BDK HOSPITAL JHUNJHUNU,Post MBBS Diploma (Family Medicine),OBC,,Government,Rajsthan__Rajasthan Round 1 Allotment.txt,1017,
Rajasthan,Rajasthan,2025,R1,STATE_MERIT,2084.0,Jhalawar Medical College Jhalawar,MD (Microbiology),OBC,,Government,Rajsthan__Rajasthan Round 1 Allotment.txt,1018,
Rajasthan,Rajasthan,2025,R1,STATE_MERIT,2089.0,Government Hospital Alwar,Post MBBS Diploma (Family Medicine),OBC,,Government,Rajsthan__Rajasthan Round 1 Allotment.txt,1019,
Rajasthan,Rajasthan,2025,R1,STATE_MERIT,2091.0,RNT MC Udaipur,MS (Obst. & Gynaecology),ST,,Government,Rajsthan__Rajasthan Round 1 Allotment.txt,1020,
Rajasthan,Rajasthan,2025,R1,STATE_MERIT,2093.0,SMS Medical College Jaipur,MD (Anaesthesia),ST,,Government,Rajsthan__Rajasthan Round 1 Allotment.txt,1021,
Rajasthan,Rajasthan,2025,R1,STATE_MERIT,2098.0,"National Institute of Medical Sciences & Research (NIMS), Jaipur",MD (Radiodiagnosis/Radiology),General,,Management,Rajsthan__Rajasthan Round 1 Allotment.txt,1022,
Rajasthan,Rajasthan,2025,R1,STATE_MERIT,2104.0,"Mahatma Gandhi Medical College and Hospital, Jaipur",MS (Obst. & Gynaecology),OBC,,Government,Rajsthan__Rajasthan Round 1 Allotment.txt,1023,
Rajasthan,Rajasthan,2025,R1,STATE_MERIT,2107.0,"Ananta Institute of Medical Sciences and Research Centre, Rajsamand",MS (Obst. & Gynaecology),General,,Government,Rajsthan__Rajasthan Round 1 Allotment.txt,1024,
Rajasthan,Rajasthan,2025,R1,STATE_MERIT,2108.0,RNT MC Udaipur,MD (Respiratory Medicine/T.B. & Chest/Tuberculosis & Respiratory Diseases),ST,,Government,Rajsthan__Rajasthan Round 1 Allotment.txt,1025,
Rajasthan,Rajasthan,2025,R1,STATE_MERIT,2110.0,JLN MC Ajmer,MS (Ophthalmology),MBC NCL,,Government,Rajsthan__Rajasthan Round 1 Allotment.txt,1026,
Rajasthan,Rajasthan,2025,R1,STATE_MERIT,2111.0,SMS Medical College Jaipur,MD (PSM/Community Medicine),SC,,Government,Rajsthan__Rajasthan Round 1 Allotment.txt,1027,
Rajasthan,Rajasthan,2025,R1,STATE_MERIT,2112.0,"Ananta Institute of Medical Sciences and Research Centre, Rajsamand",MS (Obst. & Gynaecology),OBC,,Government,Rajsthan__Rajasthan Round 1 Allotment.txt,1028,
Rajasthan,Rajasthan,2025,R1,STATE_MERIT,2120.0,Dr SNMC Jodhpur,MD (Pathology),SC,,Government,Rajsthan__Rajasthan Round 1 Allotment.txt,1029,
Rajasthan,Rajasthan,2025,R1,STATE_MERIT,2122.0,"Ananta Institute of Medical Sciences and Research Centre, Rajsamand",MD (Paediatrics),General,,Government,Rajsthan__Rajasthan Round 1 Allotment.txt,1030,
Rajasthan,Rajasthan,2025,R1,STATE_MERIT,2124.0,Dr SNMC Jodhpur,MD (Microbiology),General,,Government,Rajsthan__Rajasthan Round 1 Allotment.txt,1031,
Rajasthan,Rajasthan,2025,R1,STATE_MERIT,2125.0,Government Hospital Alwar,Post MBBS Diploma (Family Medicine),OBC,,Government,Rajsthan__Rajasthan Round 1 Allotment.txt,1039,
Rajasthan,Rajasthan,2025,R1,STATE_MERIT,2127.0,"Ananta Institute of Medical Sciences and Research Centre, Rajsamand",MS (Ophthalmology),General,,Government,Rajsthan__Rajasthan Round 1 Allotment.txt,1040,
Rajasthan,Rajasthan,2025,R1,STATE_MERIT,2131.0,S K Hospital Sikar,Post MBBS Diploma (Anesthesia),OBC,,Government,Rajsthan__Rajasthan Round 1 Allotment.txt,1041,
Rajasthan,Rajasthan,2025,R1,STATE_MERIT,2132.0,"Geetanjali Medical College & Hospital, Udaipur",MD (General Medicine),General,,AI,Rajsthan__Rajasthan Round 1 Allotment.txt,1042,
Rajasthan,Rajasthan,2025,R1,STATE_MERIT,2133.0,"Mahatma Gandhi Medical College and Hospital, Jaipur",MS (ENT),General,,AI,Rajsthan__Rajasthan Round 1 Allotment.txt,1043,
Rajasthan,Rajasthan,2025,R1,STATE_MERIT,2134.0,"Centre, Jaipur.",MD (General Medicine),General,,AI,Rajsthan__Rajasthan Round 1 Allotment.txt,1045,
Rajasthan,Rajasthan,2025,R1,STATE_MERIT,2139.0,RUHS College of Medical Sciences,MD (Forensic Medicine),General,,Management,Rajsthan__Rajasthan Round 1 Allotment.txt,1046,
Rajasthan,Rajasthan,2025,R1,STATE_MERIT,2140.0,SPMC Bikaner,MD (Microbiology),General,,Government,Rajsthan__Rajasthan Round 1 Allotment.txt,1047,
Rajasthan,Rajasthan,2025,R1,STATE_MERIT,2141.0,Dr SNMC Jodhpur,MD (Pharmacology),OBC,,Government,Rajsthan__Rajasthan Round 1 Allotment.txt,1048,
Rajasthan,Rajasthan,2025,R1,STATE_MERIT,2143.0,SPMC Bikaner,MD (Microbiology),OBC,,Government,Rajsthan__Rajasthan Round 1 Allotment.txt,1049,
Rajasthan,Rajasthan,2025,R1,STATE_MERIT,2150.0,"Mahatma Gandhi Medical College and Hospital, Jaipur",MS (Obst. & Gynaecology),General,,Management,Rajsthan__Rajasthan Round 1 Allotment.txt,1050,
Rajasthan,Rajasthan,2025,R1,STATE_MERIT,2151.0,"Mahatma Gandhi Medical College and Hospital, Jaipur",MD (Radiodiagnosis/Radiology),General,,Government,Rajsthan__Rajasthan Round 1 Allotment.txt,1051,
Rajasthan,Rajasthan,2025,R1,STATE_MERIT,2156.0,S K Hospital Sikar,Post MBBS Diploma (ENT),General,,Government,Rajsthan__Rajasthan Round 1 Allotment.txt,1052,
Rajasthan,Rajasthan,2025,R1,STATE_MERIT,2157.0,"Ananta Institute of Medical Sciences and Research Centre, Rajsamand",MD (General Medicine),OBC,,Government,Rajsthan__Rajasthan Round 1 Allotment.txt,1053,
Rajasthan,Rajasthan,2025,R1,STATE_MERIT,2159.0,"National Institute of Medical Sciences & Research (NIMS), Jaipur",MS (Obst. & Gynaecology),General,,AI,Rajsthan__Rajasthan Round 1 Allotment.txt,1054,
Rajasthan,Rajasthan,2025,R1,STATE_MERIT,2160.0,"Mahatma Gandhi Medical College and Hospital, Jaipur",MS (Obst. & Gynaecology),General,,Government,Rajsthan__Rajasthan Round 1 Allotment.txt,1055,
Rajasthan,Rajasthan,2025,R1,STATE_MERIT,2161.0,"Mahatma Gandhi Medical College and Hospital, Jaipur",MD (Radiotherapy/Radiationoncology),General,,Management,Rajsthan__Rajasthan Round 1 Allotment.txt,1056,
Rajasthan,Rajasthan,2025,R1,STATE_MERIT,2165.0,"Mahatma Gandhi Medical College and Hospital, Jaipur",MS (General Surgery),General,,AI,Rajsthan__Rajasthan Round 1 Allotment.txt,1057,
Rajasthan,Rajasthan,2025,R1,STATE_MERIT,2167.0,SPMC Bikaner,MD (Microbiology),OBC,,Government,Rajsthan__Rajasthan Round 1 Allotment.txt,1058,
Rajasthan,Rajasthan,2025,R1,STATE_MERIT,2169.0,Dr SNMC Jodhpur,MD (Pharmacology),OBC,,Government,Rajsthan__Rajasthan Round 1 Allotment.txt,1059,
Rajasthan,Rajasthan,2025,R1,STATE_MERIT,2171.0,Dr SNMC Jodhpur,MD (Microbiology),OBC,,Government,Rajsthan__Rajasthan Round 1 Allotment.txt,1060,
Rajasthan,Rajasthan,2025,R1,STATE_MERIT,2180.0,"Mahatma Gandhi Medical College and Hospital, Jaipur",MD (General Medicine),General,,Management,Rajsthan__Rajasthan Round 1 Allotment.txt,1061,
Rajasthan,Rajasthan,2025,R1,STATE_MERIT,2185.0,"Mahatma Gandhi Medical College and Hospital, Jaipur",MD (General Medicine),OBC,,Government,Rajsthan__Rajasthan Round 1 Allotment.txt,1062,
Rajasthan,Rajasthan,2025,R1,STATE_MERIT,2187.0,"Mahatma Gandhi Medical College and Hospital, Jaipur",MD (Radiodiagnosis/Radiology),General,,Management,Rajsthan__Rajasthan Round 1 Allotment.txt,1063,
Rajasthan,Rajasthan,2025,R1,STATE_MERIT,2189.0,JLN MC Ajmer,MD (Pathology),SC,,Government,Rajsthan__Rajasthan Round 1 Allotment.txt,1064,
Rajasthan,Rajasthan,2025,R1,STATE_MERIT,2192.0,"Mahatma Gandhi Medical College and Hospital, Jaipur",MD (Skin & V.D / Dermatology Ven. & Leprosy),General,,Management,Rajsthan__Rajasthan Round 1 Allotment.txt,1065,
Rajasthan,Rajasthan,2025,R1,STATE_MERIT,2195.0,"National Institute of Medical Sciences & Research (NIMS), Jaipur",MD (General Medicine),General,,AI,Rajsthan__Rajasthan Round 1 Allotment.txt,1066,
Rajasthan,Rajasthan,2025,R1,STATE_MERIT,2196.0,RNT MC Udaipur,MD (Anaesthesia),ST,,Government,Rajsthan__Rajasthan Round 1 Allotment.txt,1067,
Rajasthan,Rajasthan,2025,R1,STATE_MERIT,2197.0,Dr SNMC Jodhpur,MD (Pathology),SC,,Government,Rajsthan__Rajasthan Round 1 Allotment.txt,1068,
Rajasthan,Rajasthan,2025,R1,STATE_MERIT,2200.0,"Mahatma Gandhi Medical College and Hospital, Jaipur",MD (Anaesthesia),General,,AI,Rajsthan__Rajasthan Round 1 Allotment.txt,1069,
Rajasthan,Rajasthan,2025,R1,STATE_MERIT,2203.0,JLN MC Ajmer,MD (Pharmacology),OBC,,Government,Rajsthan__Rajasthan Round 1 Allotment.txt,1070,
Rajasthan,Rajasthan,2025,R1,STATE_MERIT,2204.0,"Mahatma Gandhi Medical College and Hospital, Jaipur",MD (Radiodiagnosis/Radiology),OBC,,Government,Rajsthan__Rajasthan Round 1 Allotment.txt,1071,
Rajasthan,Rajasthan,2025,R1,STATE_MERIT,2205.0,RNT MC Udaipur,MD (Paediatrics),ST,,Government,Rajsthan__Rajasthan Round 1 Allotment.txt,1072,
Rajasthan,Rajasthan,2025,R1,STATE_MERIT,2206.0,"Mahatma Gandhi Medical College and Hospital, Jaipur",MD (Radiodiagnosis/Radiology),General,,Management,Rajsthan__Rajasthan Round 1 Allotment.txt,1073,
Rajasthan,Rajasthan,2025,R1,STATE_MERIT,2210.0,GH Sawaimadhopur,Post MBBS Diploma (Obs & Gyne),SC,,Government,Rajsthan__Rajasthan Round 1 Allotment.txt,1074,
Rajasthan,Rajasthan,2025,R1,STATE_MERIT,2213.0,"Mahatma Gandhi Medical College and Hospital, Jaipur",MD (Skin & V.D / Dermatology Ven. & Leprosy),General,,Management,Rajsthan__Rajasthan Round 1 Allotment.txt,1075,
Rajasthan,Rajasthan,2025,R1,STATE_MERIT,2214.0,SPMC Bikaner,MD (Pathology),SC,,Government,Rajsthan__Rajasthan Round 1 Allotment.txt,1076,
Rajasthan,Rajasthan,2025,R1,STATE_MERIT,2218.0,SMS Medical College Jaipur,MD (Pharmacology),EWS,,Government,Rajsthan__Rajasthan Round 1 Allotment.txt,1077,
Rajasthan,Rajasthan,2025,R1,STATE_MERIT,2219.0,"Mahatma Gandhi Medical College and Hospital, Jaipur",MD (Paediatrics),General,,AI,Rajsthan__Rajasthan Round 1 Allotment.txt,1078,
Rajasthan,Rajasthan,2025,R1,STATE_MERIT,2220.0,"Mahatma Gandhi Medical College and Hospital, Jaipur",MD (Anaesthesia),General,,AI,Rajsthan__Rajasthan Round 1 Allotment.txt,1079,
Rajasthan,Rajasthan,2025,R1,STATE_MERIT,2221.0,"Centre, Jaipur.",MD (Radiodiagnosis/Radiology),General,,Management,Rajsthan__Rajasthan Round 1 Allotment.txt,1081,
Rajasthan,Rajasthan,2025,R1,STATE_MERIT,2222.0,MGH Bhilwara,Post MBBS Diploma (Paediatrics),MBC NCL,,Government,Rajsthan__Rajasthan Round 1 Allotment.txt,1082,
Rajasthan,Rajasthan,2025,R1,STATE_MERIT,2225.0,RNT MC Udaipur,MS (Orthopaedics),ST,,Government,Rajsthan__Rajasthan Round 1 Allotment.txt,1083,
Rajasthan,Rajasthan,2025,R1,STATE_MERIT,2229.0,"Mahatma Gandhi Medical College and Hospital, Jaipur",MS (Obst. & Gynaecology),General,,Management,Rajsthan__Rajasthan Round 1 Allotment.txt,1084,
Rajasthan,Rajasthan,2025,R1,STATE_MERIT,2230.0,JLN MC Ajmer,MD (Immunohaematology and Blood Transfusion),EWS,,Government,Rajsthan__Rajasthan Round 1 Allotment.txt,1085,
Rajasthan,Rajasthan,2025,R1,STATE_MERIT,2232.0,"Mahatma Gandhi Medical College and Hospital, Jaipur",MD (Anaesthesia),General,,AI,Rajsthan__Rajasthan Round 1 Allotment.txt,1086,
Rajasthan,Rajasthan,2025,R1,STATE_MERIT,2233.0,Jhalawar Medical College Jhalawar,MD (Pathology),EWS,,Management,Rajsthan__Rajasthan Round 1 Allotment.txt,1087,
Rajasthan,Rajasthan,2025,R1,STATE_MERIT,2236.0,RNT MC Udaipur,MD (Pathology),SC,,Government,Rajsthan__Rajasthan Round 1 Allotment.txt,1088,
Rajasthan,Rajasthan,2025,R1,STATE_MERIT,2237.0,RNT MC Udaipur,MS (Obst. & Gynaecology),ST,,Government,Rajsthan__Rajasthan Round 1 Allotment.txt,1089,
Rajasthan,Rajasthan,2025,R1,STATE_MERIT,2240.0,"Mahatma Gandhi Medical College and Hospital, Jaipur",MD (Paediatrics),General,,AI,Rajsthan__Rajasthan Round 1 Allotment.txt,1090,
Rajasthan,Rajasthan,2025,R1,STATE_MERIT,2241.0,RNT MC Udaipur,MD (PSM/Community Medicine),EWS,,Government,Rajsthan__Rajasthan Round 1 Allotment.txt,1091,
Rajasthan,Rajasthan,2025,R1,STATE_MERIT,2242.0,GH Sawaimadhopur,Post MBBS Diploma (Obs & Gyne),SC,,Government,Rajsthan__Rajasthan Round 1 Allotment.txt,1092,
Rajasthan,Rajasthan,2025,R1,STATE_MERIT,2245.0,SPMC Bikaner,MD (Pathology),SC,,Government,Rajsthan__Rajasthan Round 1 Allotment.txt,1093,
Rajasthan,Rajasthan,2025,R1,STATE_MERIT,2249.0,"Mahatma Gandhi Medical College and Hospital, Jaipur",MS (Ophthalmology),General,,AI,Rajsthan__Rajasthan Round 1 Allotment.txt,1094,
Rajasthan,Rajasthan,2025,R1,STATE_MERIT,2250.0,RNT MC Udaipur,MS (Obst. & Gynaecology),ST,,Government,Rajsthan__Rajasthan Round 1 Allotment.txt,1095,
Rajasthan,Rajasthan,2025,R1,STATE_MERIT,2253.0,"Govt. Medical College, Kota",MD (Pathology),SC,,Government,Rajsthan__Rajasthan Round 1 Allotment.txt,1096,
Rajasthan,Rajasthan,2025,R1,STATE_MERIT,2256.0,SMS Medical College Jaipur,MD (PSM/Community Medicine),SC,,Government,Rajsthan__Rajasthan Round 1 Allotment.txt,1097,
Rajasthan,Rajasthan,2025,R1,STATE_MERIT,2257.0,"Mahatma Gandhi Medical College and Hospital, Jaipur",MS (ENT),OBC,,Government,Rajsthan__Rajasthan Round 1 Allotment.txt,1098,
Rajasthan,Rajasthan,2025,R1,STATE_MERIT,2259.0,"National Institute of Medical Sciences & Research (NIMS), Jaipur",MD (Nuclear Medicine),OBC,,Government,Rajsthan__Rajasthan Round 1 Allotment.txt,1099,
Rajasthan,Rajasthan,2025,R1,STATE_MERIT,2263.0,"Ananta Institute of Medical Sciences and Research Centre, Rajsamand",MD (Paediatrics),General,,Government,Rajsthan__Rajasthan Round 1 Allotment.txt,1100,
Rajasthan,Rajasthan,2025,R1,STATE_MERIT,2264.0,"Ananta Institute of Medical Sciences and Research Centre, Rajsamand",MD (Psychiatry),General,,AI,Rajsthan__Rajasthan Round 1 Allotment.txt,1108,
Rajasthan,Rajasthan,2025,R1,STATE_MERIT,2272.0,American International Institute Of Medical Sciences,MS (General Surgery),General,,AI,Rajsthan__Rajasthan Round 1 Allotment.txt,1109,
Rajasthan,Rajasthan,2025,R1,STATE_MERIT,2273.0,Dr SNMC Jodhpur,MD (Physiology),General,,Government,Rajsthan__Rajasthan Round 1 Allotment.txt,1110,
Rajasthan,Rajasthan,2025,R1,STATE_MERIT,2278.0,"Mahatma Gandhi Medical College and Hospital, Jaipur",MD (Paediatrics),General,,AI,Rajsthan__Rajasthan Round 1 Allotment.txt,1111,
Rajasthan,Rajasthan,2025,R1,STATE_MERIT,2280.0,"Mahatma Gandhi Medical College and Hospital, Jaipur",MD (Palliative Medicine),EWS,,Government,Rajsthan__Rajasthan Round 1 Allotment.txt,1112,
Rajasthan,Rajasthan,2025,R1,STATE_MERIT,2282.0,"Mahatma Gandhi Medical College and Hospital, Jaipur",MD (Palliative Medicine),General,,AI,Rajsthan__Rajasthan Round 1 Allotment.txt,1113,
Rajasthan,Rajasthan,2025,R1,STATE_MERIT,2286.0,"District Hospital, Dholpur",Post MBBS Diploma (Paediatrics),OBC,,Government,Rajsthan__Rajasthan Round 1 Allotment.txt,1114,
Rajasthan,Rajasthan,2025,R1,STATE_MERIT,2291.0,RNT MC Udaipur,MD (Anaesthesia),ST,,Government,Rajsthan__Rajasthan Round 1 Allotment.txt,1115,
Rajasthan,Rajasthan,2025,R1,STATE_MERIT,2292.0,"National Institute of Medical Sciences & Research (NIMS), Jaipur",MD (Radiotherapy/Radiationoncology),General,,AI,Rajsthan__Rajasthan Round 1 Allotment.txt,1116,
Rajasthan,Rajasthan,2025,R1,STATE_MERIT,2297.0,SMS Medical College Jaipur,MD (Biochemistry),General,,Government,Rajsthan__Rajasthan Round 1 Allotment.txt,1117,
Rajasthan,Rajasthan,2025,R1,STATE_MERIT,2299.0,"Geetanjali Medical College & Hospital, Udaipur",MD (Radiodiagnosis/Radiology),General,,AI,Rajsthan__Rajasthan Round 1 Allotment.txt,1118,
Rajasthan,Rajasthan,2025,R1,STATE_MERIT,2300.0,JLN MC Ajmer,MD (Pathology),SC,,Government,Rajsthan__Rajasthan Round 1 Allotment.txt,1119,
Rajasthan,Rajasthan,2025,R1,STATE_MERIT,2301.0,GH Karauli,Post MBBS Diploma (Paediatrics),EWS,,Government,Rajsthan__Rajasthan Round 1 Allotment.txt,1120,
Rajasthan,Rajasthan,2025,R1,STATE_MERIT,2304.0,Dr SNMC Jodhpur,MD (Emergency Medicine),ST,,Government,Rajsthan__Rajasthan Round 1 Allotment.txt,1121,
Rajasthan,Rajasthan,2025,R1,STATE_MERIT,2305.0,SMS Medical College Jaipur,MD (PSM/Community Medicine),SC,,Government,Rajsthan__Rajasthan Round 1 Allotment.txt,1122,
Rajasthan,Rajasthan,2025,R1,STATE_MERIT,2306.0,SMS Medical College Jaipur,MD (Biochemistry),OBC,,Government,Rajsthan__Rajasthan Round 1 Allotment.txt,1123,
Rajasthan,Rajasthan,2025,R1,STATE_MERIT,2307.0,DH Baran,Post MBBS Diploma (Obs & Gyne),SC,,Government,Rajsthan__Rajasthan Round 1 Allotment.txt,1124,
Rajasthan,Rajasthan,2025,R1,STATE_MERIT,2309.0,GOVERNMENT BDK HOSPITAL JHUNJHUNU,Post MBBS Diploma (Paediatrics),SC,,Government,Rajsthan__Rajasthan Round 1 Allotment.txt,1125,
Rajasthan,Rajasthan,2025,R1,STATE_MERIT,2311.0,"National Institute of Medical Sciences & Research (NIMS), Jaipur",MD (Radiodiagnosis/Radiology),General,,AI,Rajsthan__Rajasthan Round 1 Allotment.txt,1126,
Rajasthan,Rajasthan,2025,R1,STATE_MERIT,2312.0,"Mahatma Gandhi Medical College and Hospital, Jaipur",MD (Anaesthesia),General,,AI,Rajsthan__Rajasthan Round 1 Allotment.txt,1127,
Rajasthan,Rajasthan,2025,R1,STATE_MERIT,2314.0,"Mahatma Gandhi Medical College and Hospital, Jaipur",MD (Paediatrics),General,,Government,Rajsthan__Rajasthan Round 1 Allotment.txt,1128,
Rajasthan,Rajasthan,2025,R1,STATE_MERIT,2318.0,RNT MC Udaipur,MS (Obst. & Gynaecology),ST,,Government,Rajsthan__Rajasthan Round 1 Allotment.txt,1129,
Rajasthan,Rajasthan,2025,R1,STATE_MERIT,2319.0,"Mahatma Gandhi Medical College and Hospital, Jaipur",MS (Obst. & Gynaecology),EWS,,Government,Rajsthan__Rajasthan Round 1 Allotment.txt,1130,
Rajasthan,Rajasthan,2025,R1,STATE_MERIT,2320.0,"National Institute of Medical Sciences & Research (NIMS), Jaipur",MD (General Medicine),General,,AI,Rajsthan__Rajasthan Round 1 Allotment.txt,1131,
Rajasthan,Rajasthan,2025,R1,STATE_MERIT,2323.0,"Mahatma Gandhi Medical College and Hospital, Jaipur",MD (Anaesthesia),General,,AI,Rajsthan__Rajasthan Round 1 Allotment.txt,1132,
Rajasthan,Rajasthan,2025,R1,STATE_MERIT,2324.0,JLN MC Ajmer,MD (Anaesthesia),ST,,Government,Rajsthan__Rajasthan Round 1 Allotment.txt,1133,
Rajasthan,Rajasthan,2025,R1,STATE_MERIT,2329.0,"Centre, Jaipur.",MD (General Medicine),General,,AI,Rajsthan__Rajasthan Round 1 Allotment.txt,1135,
Rajasthan,Rajasthan,2025,R1,STATE_MERIT,2331.0,"Mahatma Gandhi Medical College and Hospital, Jaipur",MD (Paediatrics),General,,Management,Rajsthan__Rajasthan Round 1 Allotment.txt,1136,
Rajasthan,Rajasthan,2025,R1,STATE_MERIT,2334.0,"Govt. Medical College, Kota",MD (Microbiology),General,,Government,Rajsthan__Rajasthan Round 1 Allotment.txt,1137,
Rajasthan,Rajasthan,2025,R1,STATE_MERIT,2336.0,Jhalawar Medical College Jhalawar,MD (Pathology),SC,,Government,Rajsthan__Rajasthan Round 1 Allotment.txt,1138,
Rajasthan,Rajasthan,2025,R1,STATE_MERIT,2339.0,Dr SNMC Jodhpur,MD (Immunohaematology and Blood Transfusion),SC,,Government,Rajsthan__Rajasthan Round 1 Allotment.txt,1139,
Rajasthan,Rajasthan,2025,R1,STATE_MERIT,2341.0,Government Hospital Alwar,Post MBBS Diploma (Anesthesia),OBC,,Government,Rajsthan__Rajasthan Round 1 Allotment.txt,1140,
Rajasthan,Rajasthan,2025,R1,STATE_MERIT,2342.0,"Mahatma Gandhi Medical College and Hospital, Jaipur",MD (Skin & V.D / Dermatology Ven. & Leprosy),OBC,,Management,Rajsthan__Rajasthan Round 1 Allotment.txt,1141,
Rajasthan,Rajasthan,2025,R1,STATE_MERIT,2343.0,"Mahatma Gandhi Medical College and Hospital, Jaipur",MD (Anaesthesia),General,,AI,Rajsthan__Rajasthan Round 1 Allotment.txt,1142,
Rajasthan,Rajasthan,2025,R1,STATE_MERIT,2345.0,"Mahatma Gandhi Medical College and Hospital, Jaipur",MD (General Medicine),General,,Management,Rajsthan__Rajasthan Round 1 Allotment.txt,1143,
Rajasthan,Rajasthan,2025,R1,STATE_MERIT,2351.0,"Ananta Institute of Medical Sciences and Research Centre, Rajsamand",MD (General Medicine),EWS,,Government,Rajsthan__Rajasthan Round 1 Allotment.txt,1144,
Rajasthan,Rajasthan,2025,R1,STATE_MERIT,2352.0,RNT MC Udaipur,MS (Obst. & Gynaecology),ST,,Government,Rajsthan__Rajasthan Round 1 Allotment.txt,1145,
Rajasthan,Rajasthan,2025,R1,STATE_MERIT,2353.0,"Mahatma Gandhi Medical College and Hospital, Jaipur",MD (Anaesthesia),OBC,,AI,Rajsthan__Rajasthan Round 1 Allotment.txt,1146,
Rajasthan,Rajasthan,2025,R1,STATE_MERIT,2356.0,"Mahatma Gandhi Medical College and Hospital, Jaipur",MD (Anaesthesia),General,,AI,Rajsthan__Rajasthan Round 1 Allotment.txt,1147,
Rajasthan,Rajasthan,2025,R1,STATE_MERIT,2357.0,"Ananta Institute of Medical Sciences and Research Centre, Rajsamand",MS (General Surgery),General,,AI,Rajsthan__Rajasthan Round 1 Allotment.txt,1148,
Rajasthan,Rajasthan,2025,R1,STATE_MERIT,2368.0,"Ananta Institute of Medical Sciences and Research Centre, Rajsamand",MD (General Medicine),EWS,,AI,Rajsthan__Rajasthan Round 1 Allotment.txt,1149,
Rajasthan,Rajasthan,2025,R1,STATE_MERIT,2372.0,Dr SNMC Jodhpur,MD (Physiology),General,,Government,Rajsthan__Rajasthan Round 1 Allotment.txt,1150,
Rajasthan,Rajasthan,2025,R1,STATE_MERIT,2373.0,"Mahatma Gandhi Medical College and Hospital, Jaipur",MS (ENT),General,,AI,Rajsthan__Rajasthan Round 1 Allotment.txt,1151,
Rajasthan,Rajasthan,2025,R1,STATE_MERIT,2374.0,"Mahatma Gandhi Medical College and Hospital, Jaipur",MS (Obst. & Gynaecology),ST,,AI,Rajsthan__Rajasthan Round 1 Allotment.txt,1152,
Rajasthan,Rajasthan,2025,R1,STATE_MERIT,2375.0,"Mahatma Gandhi Medical College and Hospital, Jaipur",MD (Anaesthesia),General,,AI,Rajsthan__Rajasthan Round 1 Allotment.txt,1153,
Rajasthan,Rajasthan,2025,R1,STATE_MERIT,2377.0,"National Institute of Medical Sciences & Research (NIMS), Jaipur",MS (ENT),General,,Government,Rajsthan__Rajasthan Round 1 Allotment.txt,1154,
Rajasthan,Rajasthan,2025,R1,STATE_MERIT,2380.0,Shri Jagannath Pahadiya Medical College Bharatpur or GMC Bharatpur,MD (Pathology),SC,,Government,Rajsthan__Rajasthan Round 1 Allotment.txt,1155,
Rajasthan,Rajasthan,2025,R1,STATE_MERIT,2383.0,Dr SNMC Jodhpur,MS (ENT),MBC NCL,,Government,Rajsthan__Rajasthan Round 1 Allotment.txt,1156,
Rajasthan,Rajasthan,2025,R1,STATE_MERIT,2385.0,"Ananta Institute of Medical Sciences and Research Centre, Rajsamand",MS (General Surgery),General,,AI,Rajsthan__Rajasthan Round 1 Allotment.txt,1157,
Rajasthan,Rajasthan,2025,R1,STATE_MERIT,2386.0,SMS Medical College Jaipur,MD (Psychiatry),ST,,Government,Rajsthan__Rajasthan Round 1 Allotment.txt,1158,
Rajasthan,Rajasthan,2025,R1,STATE_MERIT,2390.0,"Govt. Medical College, Kota",MS (Obst. & Gynaecology),ST,,Government,Rajsthan__Rajasthan Round 1 Allotment.txt,1159,
Rajasthan,Rajasthan,2025,R1,STATE_MERIT,2391.0,"Centre, Jaipur.",MD (Radiotherapy/Radiationoncology),General,,AI,Rajsthan__Rajasthan Round 1 Allotment.txt,1161,
Rajasthan,Rajasthan,2025,R1,STATE_MERIT,2396.0,RNT MC Udaipur,MD (Pharmacology),OBC,,Government,Rajsthan__Rajasthan Round 1 Allotment.txt,1162,
Rajasthan,Rajasthan,2025,R1,STATE_MERIT,2398.0,JLN MC Ajmer,MD (Pharmacology),General,,Government,Rajsthan__Rajasthan Round 1 Allotment.txt,1163,
Rajasthan,Rajasthan,2025,R1,STATE_MERIT,2401.0,"National Institute of Medical Sciences & Research (NIMS), Jaipur",MS (Obst. & Gynaecology),General,,AI,Rajsthan__Rajasthan Round 1 Allotment.txt,1164,
Rajasthan,Rajasthan,2025,R1,STATE_MERIT,2403.0,"Mahatma Gandhi Medical College and Hospital, Jaipur",MD (General Medicine),OBC,,Government,Rajsthan__Rajasthan Round 1 Allotment.txt,1165,
Rajasthan,Rajasthan,2025,R1,STATE_MERIT,2406.0,"Mahatma Gandhi Medical College and Hospital, Jaipur",MD (Respiratory Medicine/T.B. & Chest/Tuberculosis & Respiratory Diseases),General,,Management,Rajsthan__Rajasthan Round 1 Allotment.txt,1166,
Rajasthan,Rajasthan,2025,R1,STATE_MERIT,2407.0,"Mahatma Gandhi Medical College and Hospital, Jaipur",MD (General Medicine),General,,Management,Rajsthan__Rajasthan Round 1 Allotment.txt,1167,
Rajasthan,Rajasthan,2025,R1,STATE_MERIT,2410.0,"National Institute of Medical Sciences & Research (NIMS), Jaipur",MD (Paediatrics),General,,AI,Rajsthan__Rajasthan Round 1 Allotment.txt,1168,
Rajasthan,Rajasthan,2025,R1,STATE_MERIT,2416.0,SMS Medical College Jaipur,MD (Biochemistry),EWS,,Government,Rajsthan__Rajasthan Round 1 Allotment.txt,1169,
Rajasthan,Rajasthan,2025,R1,STATE_MERIT,2417.0,GH Sawaimadhopur,Post MBBS Diploma (Paediatrics),SC,,Government,Rajsthan__Rajasthan Round 1 Allotment.txt,1177,
Rajasthan,Rajasthan,2025,R1,STATE_MERIT,2418.0,JLN MC Ajmer,MS (Obst. & Gynaecology),ST,,Government,Rajsthan__Rajasthan Round 1 Allotment.txt,1178,
Rajasthan,Rajasthan,2025,R1,STATE_MERIT,2424.0,GMC Bhilwara,MD (Microbiology),OBC,,Government,Rajsthan__Rajasthan Round 1 Allotment.txt,1179,
Rajasthan,Rajasthan,2025,R1,STATE_MERIT,2425.0,American International Institute Of Medical Sciences,MS (Ophthalmology),General,,Government,Rajsthan__Rajasthan Round 1 Allotment.txt,1180,
Rajasthan,Rajasthan,2025,R1,STATE_MERIT,2426.0,"Ananta Institute of Medical Sciences and Research Centre, Rajsamand",MS (Orthopaedics),General,,Government,Rajsthan__Rajasthan Round 1 Allotment.txt,1181,
Rajasthan,Rajasthan,2025,R1,STATE_MERIT,2427.0,Govt District Hospital Kekri Ajmer,Post MBBS Diploma (Paediatrics),SC,,Government,Rajsthan__Rajasthan Round 1 Allotment.txt,1182,
Rajasthan,Rajasthan,2025,R1,STATE_MERIT,2428.0,"Mahatma Gandhi Medical College and Hospital, Jaipur",MD (General Medicine),General,,Management,Rajsthan__Rajasthan Round 1 Allotment.txt,1183,
Rajasthan,Rajasthan,2025,R1,STATE_MERIT,2431.0,DH Sriganganagar,Post MBBS Diploma (Paediatrics),SC,,Government,Rajsthan__Rajasthan Round 1 Allotment.txt,1184,
Rajasthan,Rajasthan,2025,R1,STATE_MERIT,2433.0,Jhalawar Medical College Jhalawar,MD (Microbiology),General,,Management,Rajsthan__Rajasthan Round 1 Allotment.txt,1185,
Rajasthan,Rajasthan,2025,R1,STATE_MERIT,2439.0,JLN MC Ajmer,MS (General Surgery),ST,,Government,Rajsthan__Rajasthan Round 1 Allotment.txt,1186,
Rajasthan,Rajasthan,2025,R1,STATE_MERIT,2440.0,"Centre, Jaipur.",MD (Radiodiagnosis/Radiology),General,,Government,Rajsthan__Rajasthan Round 1 Allotment.txt,1188,
Rajasthan,Rajasthan,2025,R1,STATE_MERIT,2448.0,"Govt. Medical College, Kota",MD (Microbiology),OBC,,Government,Rajsthan__Rajasthan Round 1 Allotment.txt,1189,
Rajasthan,Rajasthan,2025,R1,STATE_MERIT,2449.0,"National Institute of Medical Sciences & Research (NIMS), Jaipur",MD (General Medicine),General,,AI,Rajsthan__Rajasthan Round 1 Allotment.txt,1190,
Rajasthan,Rajasthan,2025,R1,STATE_MERIT,2452.0,RNT MC Udaipur,MS (ENT),ST,,Government,Rajsthan__Rajasthan Round 1 Allotment.txt,1191,
Rajasthan,Rajasthan,2025,R1,STATE_MERIT,2453.0,"National Institute of Medical Sciences & Research (NIMS), Jaipur",MD (General Medicine),General,,AI,Rajsthan__Rajasthan Round 1 Allotment.txt,1192,
Rajasthan,Rajasthan,2025,R1,STATE_MERIT,2461.0,SPMC Bikaner,MD (PSM/Community Medicine),SC,,Government,Rajsthan__Rajasthan Round 1 Allotment.txt,1193,
Rajasthan,Rajasthan,2025,R1,STATE_MERIT,2464.0,GH Karauli,Post MBBS Diploma (Paediatrics),SC,,Government,Rajsthan__Rajasthan Round 1 Allotment.txt,1194,
Rajasthan,Rajasthan,2025,R1,STATE_MERIT,2466.0,RNT MC Udaipur,MD (Pharmacology),OBC,,Government,Rajsthan__Rajasthan Round 1 Allotment.txt,1195,
Rajasthan,Rajasthan,2025,R1,STATE_MERIT,2467.0,JLN MC Ajmer,MD (Microbiology),OBC,,Government,Rajsthan__Rajasthan Round 1 Allotment.txt,1196,
Rajasthan,Rajasthan,2025,R1,STATE_MERIT,2468.0,Jhalawar Medical College Jhalawar,MD (Forensic Medicine),OBC,,Management,Rajsthan__Rajasthan Round 1 Allotment.txt,1197,
Rajasthan,Rajasthan,2025,R1,STATE_MERIT,2470.0,"Mahatma Gandhi Medical College and Hospital, Jaipur",MD (Respiratory Medicine/T.B. & Chest/Tuberculosis & Respiratory Diseases),OBC,,AI,Rajsthan__Rajasthan Round 1 Allotment.txt,1198,
Rajasthan,Rajasthan,2025,R1,STATE_MERIT,2476.0,Dr SNMC Jodhpur,MD (Anaesthesia),MBC NCL,,Government,Rajsthan__Rajasthan Round 1 Allotment.txt,1199,
Rajasthan,Rajasthan,2025,R1,STATE_MERIT,2478.0,"Geetanjali Medical College & Hospital, Udaipur",MD (Radiodiagnosis/Radiology),OBC,,Government,Rajsthan__Rajasthan Round 1 Allotment.txt,1200,
Rajasthan,Rajasthan,2025,R1,STATE_MERIT,2480.0,"Mahatma Gandhi Medical College and Hospital, Jaipur",MS (Obst. & Gynaecology),General,,Management,Rajsthan__Rajasthan Round 1 Allotment.txt,1201,
Rajasthan,Rajasthan,2025,R1,STATE_MERIT,2482.0,"Centre, Jaipur.",MD (Emergency Medicine),General,,Government,Rajsthan__Rajasthan Round 1 Allotment.txt,1203,
Rajasthan,Rajasthan,2025,R1,STATE_MERIT,2483.0,"National Institute of Medical Sciences & Research (NIMS), Jaipur",MS (Obst. & Gynaecology),General,,AI,Rajsthan__Rajasthan Round 1 Allotment.txt,1204,
Rajasthan,Rajasthan,2025,R1,STATE_MERIT,2485.0,"Mahatma Gandhi Medical College and Hospital, Jaipur",MD (Anaesthesia),General,,AI,Rajsthan__Rajasthan Round 1 Allotment.txt,1205,
Rajasthan,Rajasthan,2025,R1,STATE_MERIT,2495.0,SMS Medical College Jaipur,MD (Anaesthesia),ST,,Government,Rajsthan__Rajasthan Round 1 Allotment.txt,1206,
Rajasthan,Rajasthan,2025,R1,STATE_MERIT,2500.0,"Ananta Institute of Medical Sciences and Research Centre, Rajsamand",MD (Paediatrics),OBC,,Government,Rajsthan__Rajasthan Round 1 Allotment.txt,1207,
Rajasthan,Rajasthan,2025,R1,STATE_MERIT,2503.0,"Centre, Jaipur.",MD (Skin & V.D / Dermatology Ven. & Leprosy),General,,Government,Rajsthan__Rajasthan Round 1 Allotment.txt,1209,
Rajasthan,Rajasthan,2025,R1,STATE_MERIT,2505.0,RNT MC Udaipur,MS (Ophthalmology),ST,,Government,Rajsthan__Rajasthan Round 1 Allotment.txt,1210,
Rajasthan,Rajasthan,2025,R1,STATE_MERIT,2508.0,"Mahatma Gandhi Medical College and Hospital, Jaipur",MD (Anaesthesia),General,,AI,Rajsthan__Rajasthan Round 1 Allotment.txt,1211,
Rajasthan,Rajasthan,2025,R1,STATE_MERIT,2509.0,SMS Medical College Jaipur,MD (Biochemistry),EWS,,Government,Rajsthan__Rajasthan Round 1 Allotment.txt,1212,
Rajasthan,Rajasthan,2025,R1,STATE_MERIT,2513.0,"Centre, Jaipur.",MD (Radiodiagnosis/Radiology),General,,Government,Rajsthan__Rajasthan Round 1 Allotment.txt,1214,
Rajasthan,Rajasthan,2025,R1,STATE_MERIT,2514.0,"Centre, Jaipur.",MD (General Medicine),General,,Management,Rajsthan__Rajasthan Round 1 Allotment.txt,1216,
Rajasthan,Rajasthan,2025,R1,STATE_MERIT,2515.0,S K Hospital Sikar,Post MBBS Diploma (Family Medicine),EWS,,Government,Rajsthan__Rajasthan Round 1 Allotment.txt,1217,
Rajasthan,Rajasthan,2025,R1,STATE_MERIT,2516.0,"Govt. Medical College, Kota",MD (PSM/Community Medicine),SC,,Government,Rajsthan__Rajasthan Round 1 Allotment.txt,1218,
Rajasthan,Rajasthan,2025,R1,STATE_MERIT,2517.0,GH Sawaimadhopur,Post MBBS Diploma (Family Medicine),General,,Government,Rajsthan__Rajasthan Round 1 Allotment.txt,1219,
Rajasthan,Rajasthan,2025,R1,STATE_MERIT,2518.0,"Govt. Medical College, Kota",MS (General Surgery),ST,,Government,Rajsthan__Rajasthan Round 1 Allotment.txt,1220,
Rajasthan,Rajasthan,2025,R1,STATE_MERIT,2519.0,"Govt. Medical College, Kota",MD (Biochemistry),General,,Government,Rajsthan__Rajasthan Round 1 Allotment.txt,1221,
Rajasthan,Rajasthan,2025,R1,STATE_MERIT,2523.0,"Mahatma Gandhi Medical College and Hospital, Jaipur",MD (Anaesthesia),General,,AI,Rajsthan__Rajasthan Round 1 Allotment.txt,1222,
Rajasthan,Rajasthan,2025,R1,STATE_MERIT,2525.0,"National Institute of Medical Sciences & Research (NIMS), Jaipur",MD (Respiratory Medicine/T.B. & Chest/Tuberculosis & Respiratory Diseases),General,,AI,Rajsthan__Rajasthan Round 1 Allotment.txt,1223,
Rajasthan,Rajasthan,2025,R1,STATE_MERIT,2531.0,"Mahatma Gandhi Medical College and Hospital, Jaipur",MD (Anaesthesia),OBC,,Government,Rajsthan__Rajasthan Round 1 Allotment.txt,1224,
Rajasthan,Rajasthan,2025,R1,STATE_MERIT,2533.0,SMS Medical College Jaipur,MD (Skin & V.D / Dermatology Ven. & Leprosy),OBC,,Government,Rajsthan__Rajasthan Round 1 Allotment.txt,1225,
Rajasthan,Rajasthan,2025,R1,STATE_MERIT,2535.0,"Geetanjali Medical College & Hospital, Udaipur",MD (General Medicine),General,,AI,Rajsthan__Rajasthan Round 1 Allotment.txt,1226,
Rajasthan,Rajasthan,2025,R1,STATE_MERIT,2536.0,"Mahatma Gandhi Medical College and Hospital, Jaipur",MD (Anaesthesia),General,,AI,Rajsthan__Rajasthan Round 1 Allotment.txt,1227,
Rajasthan,Rajasthan,2025,R1,STATE_MERIT,2541.0,"National Institute of Medical Sciences & Research (NIMS), Jaipur",MD (Radiodiagnosis/Radiology),General,,AI,Rajsthan__Rajasthan Round 1 Allotment.txt,1228,
Rajasthan,Rajasthan,2025,R1,STATE_MERIT,2542.0,Dr SNMC Jodhpur,MD (Physiology),OBC,,Government,Rajsthan__Rajasthan Round 1 Allotment.txt,1229,
Rajasthan,Rajasthan,2025,R1,STATE_MERIT,2544.0,Government Hospital Alwar,Post MBBS Diploma (Ophthalmology),OBC,,Government,Rajsthan__Rajasthan Round 1 Allotment.txt,1230,
Rajasthan,Rajasthan,2025,R1,STATE_MERIT,2546.0,"Mahatma Gandhi Medical College and Hospital, Jaipur",MD (General Medicine),OBC,,Government,Rajsthan__Rajasthan Round 1 Allotment.txt,1231,
Rajasthan,Rajasthan,2025,R1,STATE_MERIT,2548.0,"Ananta Institute of Medical Sciences and Research Centre, Rajsamand",MS (Orthopaedics),General,,Government,Rajsthan__Rajasthan Round 1 Allotment.txt,1232,
Rajasthan,Rajasthan,2025,R1,STATE_MERIT,2550.0,"Govt. Medical College, Kota",MD (Microbiology),OBC,,Government,Rajsthan__Rajasthan Round 1 Allotment.txt,1233,
Rajasthan,Rajasthan,2025,R1,STATE_MERIT,2551.0,"Mahatma Gandhi Medical College and Hospital, Jaipur",MS (Orthopaedics),OBC,,AI,Rajsthan__Rajasthan Round 1 Allotment.txt,1234,
Rajasthan,Rajasthan,2025,R1,STATE_MERIT,2552.0,SMS Medical College Jaipur,MD (Phy. Med. & Reh.),MBC NCL,,Government,Rajsthan__Rajasthan Round 1 Allotment.txt,1235,
Rajasthan,Rajasthan,2025,R1,STATE_MERIT,2554.0,"Centre, Jaipur.",MS (Obst. & Gynaecology),General,,AI,Rajsthan__Rajasthan Round 1 Allotment.txt,1237,
Rajasthan,Rajasthan,2025,R1,STATE_MERIT,2560.0,Dr SNMC Jodhpur,MS (ENT),ST,,Government,Rajsthan__Rajasthan Round 1 Allotment.txt,1238,
Rajasthan,Rajasthan,2025,R1,STATE_MERIT,2561.0,"Centre, Jaipur.",MD (Emergency Medicine),General,,Government,Rajsthan__Rajasthan Round 1 Allotment.txt,1247,
Rajasthan,Rajasthan,2025,R1,STATE_MERIT,2566.0,RNT MC Udaipur,MS (General Surgery),ST,,Government,Rajsthan__Rajasthan Round 1 Allotment.txt,1248,
Rajasthan,Rajasthan,2025,R1,STATE_MERIT,2567.0,GOVT. AMRITKAUR HOSPITAL BEAWAR,Post MBBS Diploma (Paediatrics),SC,,Government,Rajsthan__Rajasthan Round 1 Allotment.txt,1249,
Rajasthan,Rajasthan,2025,R1,STATE_MERIT,2571.0,SMS Medical College Jaipur,MD (Forensic Medicine),ST,,Government,Rajsthan__Rajasthan Round 1 Allotment.txt,1250,
Rajasthan,Rajasthan,2025,R1,STATE_MERIT,2572.0,"National Institute of Medical Sciences & Research (NIMS), Jaipur",MD (Radiodiagnosis/Radiology),General,,AI,Rajsthan__Rajasthan Round 1 Allotment.txt,1251,
Rajasthan,Rajasthan,2025,R1,STATE_MERIT,2573.0,DH Baran,Post MBBS Diploma (Paediatrics),ST,,Government,Rajsthan__Rajasthan Round 1 Allotment.txt,1252,
Rajasthan,Rajasthan,2025,R1,STATE_MERIT,2576.0,GMC Pali,MS (Ophthalmology),MBC NCL,,Management,Rajsthan__Rajasthan Round 1 Allotment.txt,1253,
Rajasthan,Rajasthan,2025,R1,STATE_MERIT,2580.0,RNT MC Udaipur,MD (Pharmacology),OBC,,Government,Rajsthan__Rajasthan Round 1 Allotment.txt,1254,
Rajasthan,Rajasthan,2025,R1,STATE_MERIT,2584.0,SMS Medical College Jaipur,MS (Anatomy),General,,Government,Rajsthan__Rajasthan Round 1 Allotment.txt,1255,
Rajasthan,Rajasthan,2025,R1,STATE_MERIT,2585.0,"Geetanjali Medical College & Hospital, Udaipur",MD (Skin & V.D / Dermatology Ven. & Leprosy),General,,AI,Rajsthan__Rajasthan Round 1 Allotment.txt,1256,
Rajasthan,Rajasthan,2025,R1,STATE_MERIT,2589.0,American International Institute Of Medical Sciences,MD (Respiratory Medicine/T.B. & Chest/Tuberculosis & Respiratory Diseases),General,,AI,Rajsthan__Rajasthan Round 1 Allotment.txt,1257,
Rajasthan,Rajasthan,2025,R1,STATE_MERIT,2590.0,"Mahatma Gandhi Medical College and Hospital, Jaipur",MD (General Medicine),OBC,,Government,Rajsthan__Rajasthan Round 1 Allotment.txt,1258,
Rajasthan,Rajasthan,2025,R1,STATE_MERIT,2591.0,"National Institute of Medical Sciences & Research (NIMS), Jaipur",MS (Obst. & Gynaecology),General,,AI,Rajsthan__Rajasthan Round 1 Allotment.txt,1259,
Rajasthan,Rajasthan,2025,R1,STATE_MERIT,2592.0,"Mahatma Gandhi Medical College and Hospital, Jaipur",MD (General Medicine),OBC,,Government,Rajsthan__Rajasthan Round 1 Allotment.txt,1260,
Rajasthan,Rajasthan,2025,R1,STATE_MERIT,2593.0,"Mahatma Gandhi Medical College and Hospital, Jaipur",MD (Pathology),General,,Government,Rajsthan__Rajasthan Round 1 Allotment.txt,1261,
Rajasthan,Rajasthan,2025,R1,STATE_MERIT,2594.0,"Geetanjali Medical College & Hospital, Udaipur",MS (Obst. & Gynaecology),General,,AI,Rajsthan__Rajasthan Round 1 Allotment.txt,1262,
Rajasthan,Rajasthan,2025,R1,STATE_MERIT,2598.0,"Centre, Jaipur.",MD (Paediatrics),General,,Management,Rajsthan__Rajasthan Round 1 Allotment.txt,1264,
Rajasthan,Rajasthan,2025,R1,STATE_MERIT,2600.0,"Mahatma Gandhi Medical College and Hospital, Jaipur",MD (General Medicine),OBC,,Government,Rajsthan__Rajasthan Round 1 Allotment.txt,1265,
Rajasthan,Rajasthan,2025,R1,STATE_MERIT,2604.0,S K Hospital Sikar,Post MBBS Diploma (Family Medicine),ST,,Government,Rajsthan__Rajasthan Round 1 Allotment.txt,1266,
Rajasthan,Rajasthan,2025,R1,STATE_MERIT,2606.0,SMS Medical College Jaipur,MD (Pathology),ST,,Government,Rajsthan__Rajasthan Round 1 Allotment.txt,1267,
Rajasthan,Rajasthan,2025,R1,STATE_MERIT,2608.0,RBM Hospital Bharatpur,Post MBBS Diploma (ENT),SC,,Government,Rajsthan__Rajasthan Round 1 Allotment.txt,1268,
Rajasthan,Rajasthan,2025,R1,STATE_MERIT,2611.0,"Geetanjali Medical College & Hospital, Udaipur",MD (General Medicine),General,,Government,Rajsthan__Rajasthan Round 1 Allotment.txt,1269,
Rajasthan,Rajasthan,2025,R1,STATE_MERIT,2614.0,"Geetanjali Medical College & Hospital, Udaipur",MD (Radiotherapy/Radiationoncology),General,,AI,Rajsthan__Rajasthan Round 1 Allotment.txt,1270,
Rajasthan,Rajasthan,2025,R1,STATE_MERIT,2618.0,"Mahatma Gandhi Medical College and Hospital, Jaipur",MS (Orthopaedics),General,,AI,Rajsthan__Rajasthan Round 1 Allotment.txt,1271,
Rajasthan,Rajasthan,2025,R1,STATE_MERIT,2620.0,Shri Jagannath Pahadiya Medical College Bharatpur or GMC Bharatpur,MD (Pathology),SC,,Management,Rajsthan__Rajasthan Round 1 Allotment.txt,1272,
Rajasthan,Rajasthan,2025,R1,STATE_MERIT,2621.0,GMC Bhilwara,MS (General Surgery),MBC NCL,,Management,Rajsthan__Rajasthan Round 1 Allotment.txt,1273,
Rajasthan,Rajasthan,2025,R1,STATE_MERIT,2622.0,GH Karauli,Post MBBS Diploma (Paediatrics),SC,,Government,Rajsthan__Rajasthan Round 1 Allotment.txt,1274,
Rajasthan,Rajasthan,2025,R1,STATE_MERIT,2625.0,Dr SNMC Jodhpur,MD (Biochemistry),OBC,,Government,Rajsthan__Rajasthan Round 1 Allotment.txt,1275,
Rajasthan,Rajasthan,2025,R1,STATE_MERIT,2626.0,"National Institute of Medical Sciences & Research (NIMS), Jaipur",MD (Paediatrics),General,,AI,Rajsthan__Rajasthan Round 1 Allotment.txt,1276,
Rajasthan,Rajasthan,2025,R1,STATE_MERIT,2629.0,SMS Medical College Jaipur,MD (Physiology),General,,Government,Rajsthan__Rajasthan Round 1 Allotment.txt,1277,
Rajasthan,Rajasthan,2025,R1,STATE_MERIT,2635.0,"Ananta Institute of Medical Sciences and Research Centre, Rajsamand",MD (Paediatrics),OBC,,Government,Rajsthan__Rajasthan Round 1 Allotment.txt,1278,
Rajasthan,Rajasthan,2025,R1,STATE_MERIT,2637.0,GH Sawaimadhopur,Post MBBS Diploma (Obs & Gyne),ST,,Government,Rajsthan__Rajasthan Round 1 Allotment.txt,1279,
Rajasthan,Rajasthan,2025,R1,STATE_MERIT,2640.0,"National Institute of Medical Sciences & Research (NIMS), Jaipur",MS (Orthopaedics),General,,AI,Rajsthan__Rajasthan Round 1 Allotment.txt,1280,
Rajasthan,Rajasthan,2025,R1,STATE_MERIT,2641.0,"Centre, Jaipur.",MS (ENT),General,,AI,Rajsthan__Rajasthan Round 1 Allotment.txt,1282,
Rajasthan,Rajasthan,2025,R1,STATE_MERIT,2643.0,"Mahatma Gandhi Medical College and Hospital, Jaipur",MS (General Surgery),General,,AI,Rajsthan__Rajasthan Round 1 Allotment.txt,1283,
Rajasthan,Rajasthan,2025,R1,STATE_MERIT,2645.0,SPMC Bikaner,MD (Pharmacology),OBC,,Government,Rajsthan__Rajasthan Round 1 Allotment.txt,1284,
Rajasthan,Rajasthan,2025,R1,STATE_MERIT,2646.0,"National Institute of Medical Sciences & Research (NIMS), Jaipur",MD (General Medicine),General,,Management,Rajsthan__Rajasthan Round 1 Allotment.txt,1285,
Rajasthan,Rajasthan,2025,R1,STATE_MERIT,2647.0,"Govt. Medical College, Kota",MD (Radiotherapy/Radiationoncology),ST,,Government,Rajsthan__Rajasthan Round 1 Allotment.txt,1286,
Rajasthan,Rajasthan,2025,R1,STATE_MERIT,2653.0,RUHS College of Medical Sciences,MD (Microbiology),OBC,,Management,Rajsthan__Rajasthan Round 1 Allotment.txt,1287,
Rajasthan,Rajasthan,2025,R1,STATE_MERIT,2654.0,"Ananta Institute of Medical Sciences and Research Centre, Rajsamand",MS (Orthopaedics),General,,AI,Rajsthan__Rajasthan Round 1 Allotment.txt,1288,
Rajasthan,Rajasthan,2025,R1,STATE_MERIT,2655.0,"Geetanjali Medical College & Hospital, Udaipur",MD (Anaesthesia),General,,AI,Rajsthan__Rajasthan Round 1 Allotment.txt,1289,
Rajasthan,Rajasthan,2025,R1,STATE_MERIT,2656.0,"Mahatma Gandhi Medical College and Hospital, Jaipur",MD (Pathology),General,,AI,Rajsthan__Rajasthan Round 1 Allotment.txt,1290,
Rajasthan,Rajasthan,2025,R1,STATE_MERIT,2664.0,SMS Medical College Jaipur,MD (Biochemistry),OBC,,Government,Rajsthan__Rajasthan Round 1 Allotment.txt,1291,
Rajasthan,Rajasthan,2025,R1,STATE_MERIT,2666.0,"Ananta Institute of Medical Sciences and Research Centre, Rajsamand",MD (Respiratory Medicine/T.B. & Chest/Tuberculosis & Respiratory Diseases),General,,AI,Rajsthan__Rajasthan Round 1 Allotment.txt,1292,
Rajasthan,Rajasthan,2025,R1,STATE_MERIT,2672.0,JLN MC Ajmer,MD (Radiotherapy/Radiationoncology),ST,,Government,Rajsthan__Rajasthan Round 1 Allotment.txt,1293,
Rajasthan,Rajasthan,2025,R1,STATE_MERIT,2674.0,SMS Medical College Jaipur,MD (Pathology),ST,,Government,Rajsthan__Rajasthan Round 1 Allotment.txt,1294,
Rajasthan,Rajasthan,2025,R1,STATE_MERIT,2675.0,American International Institute Of Medical Sciences,MS (Ophthalmology),General,,Government,Rajsthan__Rajasthan Round 1 Allotment.txt,1295,
Rajasthan,Rajasthan,2025,R1,STATE_MERIT,2679.0,SMS Medical College Jaipur,MD (Anaesthesia),ST,,Government,Rajsthan__Rajasthan Round 1 Allotment.txt,1296,
Rajasthan,Rajasthan,2025,R1,STATE_MERIT,2680.0,"Centre, Jaipur.",MD (General Medicine),General,,Management,Rajsthan__Rajasthan Round 1 Allotment.txt,1298,
Rajasthan,Rajasthan,2025,R1,STATE_MERIT,2681.0,"National Institute of Medical Sciences & Research (NIMS), Jaipur",MD (Radiodiagnosis/Radiology),General,,AI,Rajsthan__Rajasthan Round 1 Allotment.txt,1299,
Rajasthan,Rajasthan,2025,R1,STATE_MERIT,2684.0,"Mahatma Gandhi Medical College and Hospital, Jaipur",MS (Ophthalmology),General,,Management,Rajsthan__Rajasthan Round 1 Allotment.txt,1300,
Rajasthan,Rajasthan,2025,R1,STATE_MERIT,2685.0,Ganganagar,MD (Radiodiagnosis/Radiology),General,,Management,Rajsthan__Rajasthan Round 1 Allotment.txt,1302,
Rajasthan,Rajasthan,2025,R1,STATE_MERIT,2686.0,"Mahatma Gandhi Medical College and Hospital, Jaipur",MD (Paediatrics),General,,Government,Rajsthan__Rajasthan Round 1 Allotment.txt,1303,
Rajasthan,Rajasthan,2025,R1,STATE_MERIT,2689.0,"Mahatma Gandhi Medical College and Hospital, Jaipur",MD (Radiotherapy/Radiationoncology),General,,Government,Rajsthan__Rajasthan Round 1 Allotment.txt,1304,
Rajasthan,Rajasthan,2025,R1,STATE_MERIT,2690.0,"National Institute of Medical Sciences & Research (NIMS), Jaipur",MD (Skin & V.D / Dermatology Ven. & Leprosy),General,,AI,Rajsthan__Rajasthan Round 1 Allotment.txt,1305,
Rajasthan,Rajasthan,2025,R1,STATE_MERIT,2693.0,"Ananta Institute of Medical Sciences and Research Centre, Rajsamand",MS (Orthopaedics),General,,AI,Rajsthan__Rajasthan Round 1 Allotment.txt,1306,
Rajasthan,Rajasthan,2025,R1,STATE_MERIT,2696.0,MGH Bhilwara,Post MBBS Diploma (ENT),General,,Government,Rajsthan__Rajasthan Round 1 Allotment.txt,1307,
Rajasthan,Rajasthan,2025,R1,STATE_MERIT,2697.0,"Mahatma Gandhi Medical College and Hospital, Jaipur",MD (General Medicine),OBC,,Government,Rajsthan__Rajasthan Round 1 Allotment.txt,1315,
Rajasthan,Rajasthan,2025,R1,STATE_MERIT,2698.0,"National Institute of Medical Sciences & Research (NIMS), Jaipur",MD (General Medicine),OBC,,AI,Rajsthan__Rajasthan Round 1 Allotment.txt,1316,
Rajasthan,Rajasthan,2025,R1,STATE_MERIT,2700.0,RNT MC Udaipur,MD (Anaesthesia),ST,,Government,Rajsthan__Rajasthan Round 1 Allotment.txt,1317,
Rajasthan,Rajasthan,2025,R1,STATE_MERIT,2706.0,"Ananta Institute of Medical Sciences and Research Centre, Rajsamand",MS (Ophthalmology),General,,AI,Rajsthan__Rajasthan Round 1 Allotment.txt,1318,
Rajasthan,Rajasthan,2025,R1,STATE_MERIT,2710.0,American International Institute Of Medical Sciences,MS (Obst. & Gynaecology),General,,Management,Rajsthan__Rajasthan Round 1 Allotment.txt,1319,
Rajasthan,Rajasthan,2025,R1,STATE_MERIT,2711.0,"Mahatma Gandhi Medical College and Hospital, Jaipur",MD (Paediatrics),General,,Government,Rajsthan__Rajasthan Round 1 Allotment.txt,1320,
Rajasthan,Rajasthan,2025,R1,STATE_MERIT,2716.0,American International Institute Of Medical Sciences,MS (General Surgery),General,,AI,Rajsthan__Rajasthan Round 1 Allotment.txt,1321,
Rajasthan,Rajasthan,2025,R1,STATE_MERIT,2718.0,"National Institute of Medical Sciences & Research (NIMS), Jaipur",MD (Radiodiagnosis/Radiology),OBC,,Government,Rajsthan__Rajasthan Round 1 Allotment.txt,1322,
Rajasthan,Rajasthan,2025,R1,STATE_MERIT,2719.0,RNT MC Udaipur,MD (Anaesthesia),ST,,Government,Rajsthan__Rajasthan Round 1 Allotment.txt,1323,
Rajasthan,Rajasthan,2025,R1,STATE_MERIT,2720.0,"Geetanjali Medical College & Hospital, Udaipur",MD (Skin & V.D / Dermatology Ven. & Leprosy),General,,Management,Rajsthan__Rajasthan Round 1 Allotment.txt,1324,
Rajasthan,Rajasthan,2025,R1,STATE_MERIT,2721.0,"Geetanjali Medical College & Hospital, Udaipur",MS (Obst. & Gynaecology),General,,Government,Rajsthan__Rajasthan Round 1 Allotment.txt,1325,
Rajasthan,Rajasthan,2025,R1,STATE_MERIT,2722.0,"Geetanjali Medical College & Hospital, Udaipur",MD (Anaesthesia),General,,AI,Rajsthan__Rajasthan Round 1 Allotment.txt,1326,
Rajasthan,Rajasthan,2025,R1,STATE_MERIT,2725.0,"Centre, Jaipur.",MS (Obst. & Gynaecology),General,,Government,Rajsthan__Rajasthan Round 1 Allotment.txt,1328,
Rajasthan,Rajasthan,2025,R1,STATE_MERIT,2727.0,"Ananta Institute of Medical Sciences and Research Centre, Rajsamand",MS (General Surgery),General,,AI,Rajsthan__Rajasthan Round 1 Allotment.txt,1329,
Rajasthan,Rajasthan,2025,R1,STATE_MERIT,2732.0,GH Barmer,Post MBBS Diploma (Paediatrics),ST,,Government,Rajsthan__Rajasthan Round 1 Allotment.txt,1330,
Rajasthan,Rajasthan,2025,R1,STATE_MERIT,2733.0,DH Hanumangarh,Post MBBS Diploma (Paediatrics),SC,,Government,Rajsthan__Rajasthan Round 1 Allotment.txt,1331,
Rajasthan,Rajasthan,2025,R1,STATE_MERIT,2735.0,DH Nagaur,Post MBBS Diploma (Ophthalmology),OBC,,Government,Rajsthan__Rajasthan Round 1 Allotment.txt,1332,
Rajasthan,Rajasthan,2025,R1,STATE_MERIT,2737.0,American International Institute Of Medical Sciences,MS (Ophthalmology),General,,Government,Rajsthan__Rajasthan Round 1 Allotment.txt,1333,
Rajasthan,Rajasthan,2025,R1,STATE_MERIT,2738.0,Shri Jagannath Pahadiya Medical College Bharatpur or GMC Bharatpur,MD (Microbiology),General,,Management,Rajsthan__Rajasthan Round 1 Allotment.txt,1334,
Rajasthan,Rajasthan,2025,R1,STATE_MERIT,2739.0,SMS Medical College Jaipur,MD (Microbiology),SC,,Government,Rajsthan__Rajasthan Round 1 Allotment.txt,1335,
Rajasthan,Rajasthan,2025,R1,STATE_MERIT,2740.0,RUHS College of Medical Sciences,MD (Anaesthesia),MBC NCL,,Government,Rajsthan__Rajasthan Round 1 Allotment.txt,1336,
Rajasthan,Rajasthan,2025,R1,STATE_MERIT,2742.0,Dr SNMC Jodhpur,MD (Anaesthesia),MBC NCL,,Government,Rajsthan__Rajasthan Round 1 Allotment.txt,1337,
Rajasthan,Rajasthan,2025,R1,STATE_MERIT,2746.0,"Mahatma Gandhi Medical College and Hospital, Jaipur",MD (Anaesthesia),General,,Management,Rajsthan__Rajasthan Round 1 Allotment.txt,1338,
Rajasthan,Rajasthan,2025,R1,STATE_MERIT,2749.0,"National Institute of Medical Sciences & Research (NIMS), Jaipur",MS (Obst. & Gynaecology),General,,AI,Rajsthan__Rajasthan Round 1 Allotment.txt,1339,
Rajasthan,Rajasthan,2025,R1,STATE_MERIT,2750.0,"National Institute of Medical Sciences & Research (NIMS), Jaipur",MD (Anaesthesia),General,,AI,Rajsthan__Rajasthan Round 1 Allotment.txt,1340,
Rajasthan,Rajasthan,2025,R1,STATE_MERIT,2751.0,"Mahatma Gandhi Medical College and Hospital, Jaipur",MS (Ophthalmology),General,,Government,Rajsthan__Rajasthan Round 1 Allotment.txt,1341,
Rajasthan,Rajasthan,2025,R1,STATE_MERIT,2753.0,American International Institute Of Medical Sciences,MS (Orthopaedics),OBC,,Government,Rajsthan__Rajasthan Round 1 Allotment.txt,1342,
Rajasthan,Rajasthan,2025,R1,STATE_MERIT,2754.0,American International Institute Of Medical Sciences,MS (Orthopaedics),OBC,,AI,Rajsthan__Rajasthan Round 1 Allotment.txt,1343,
Rajasthan,Rajasthan,2025,R1,STATE_MERIT,2755.0,GOVERNMENT BDK HOSPITAL JHUNJHUNU,Post MBBS Diploma (ENT),OBC,,Government,Rajsthan__Rajasthan Round 1 Allotment.txt,1344,
Rajasthan,Rajasthan,2025,R1,STATE_MERIT,2757.0,Jhalawar Medical College Jhalawar,MD (Forensic Medicine),EWS,,Government,Rajsthan__Rajasthan Round 1 Allotment.txt,1345,
Rajasthan,Rajasthan,2025,R1,STATE_MERIT,2758.0,"Ananta Institute of Medical Sciences and Research Centre, Rajsamand",MS (Orthopaedics),OBC,,Government,Rajsthan__Rajasthan Round 1 Allotment.txt,1346,
Rajasthan,Rajasthan,2025,R1,STATE_MERIT,2759.0,SMS Medical College Jaipur,MD (Forensic Medicine),ST,,Government,Rajsthan__Rajasthan Round 1 Allotment.txt,1347,
Rajasthan,Rajasthan,2025,R1,STATE_MERIT,2764.0,"National Institute of Medical Sciences & Research (NIMS), Jaipur",MD (Paediatrics),General,,AI,Rajsthan__Rajasthan Round 1 Allotment.txt,1348,
Rajasthan,Rajasthan,2025,R1,STATE_MERIT,2765.0,RNT MC Udaipur,MD (Pathology),ST,,Government,Rajsthan__Rajasthan Round 1 Allotment.txt,1349,
Rajasthan,Rajasthan,2025,R1,STATE_MERIT,2766.0,"Mahatma Gandhi Medical College and Hospital, Jaipur",MD (Paediatrics),General,,Government,Rajsthan__Rajasthan Round 1 Allotment.txt,1350,
Rajasthan,Rajasthan,2025,R1,STATE_MERIT,2767.0,SPMC Bikaner,MD (Pharmacology),EWS,,Government,Rajsthan__Rajasthan Round 1 Allotment.txt,1351,
Rajasthan,Rajasthan,2025,R1,STATE_MERIT,2770.0,SPMC Bikaner,MD (Pathology),ST,,Government,Rajsthan__Rajasthan Round 1 Allotment.txt,1352,
Rajasthan,Rajasthan,2025,R1,STATE_MERIT,2771.0,"Mahatma Gandhi Medical College and Hospital, Jaipur",MS (ENT),EWS,,Government,Rajsthan__Rajasthan Round 1 Allotment.txt,1353,
Rajasthan,Rajasthan,2025,R1,STATE_MERIT,2772.0,"National Institute of Medical Sciences & Research (NIMS), Jaipur",MD (General Medicine),General,,Government,Rajsthan__Rajasthan Round 1 Allotment.txt,1354,
Rajasthan,Rajasthan,2025,R1,STATE_MERIT,2774.0,SMS Medical College Jaipur,MD (Biochemistry),OBC,,Government,Rajsthan__Rajasthan Round 1 Allotment.txt,1355,
Rajasthan,Rajasthan,2025,R1,STATE_MERIT,2781.0,"Ananta Institute of Medical Sciences and Research Centre, Rajsamand",MS (Orthopaedics),OBC,,Government,Rajsthan__Rajasthan Round 1 Allotment.txt,1356,
Rajasthan,Rajasthan,2025,R1,STATE_MERIT,2785.0,JLN MC Ajmer,MD (Anaesthesia),ST,,Government,Rajsthan__Rajasthan Round 1 Allotment.txt,1357,
Rajasthan,Rajasthan,2025,R1,STATE_MERIT,2787.0,"National Institute of Medical Sciences & Research (NIMS), Jaipur",MD (Paediatrics),General,,AI,Rajsthan__Rajasthan Round 1 Allotment.txt,1358,
Rajasthan,Rajasthan,2025,R1,STATE_MERIT,2790.0,American International Institute Of Medical Sciences,MD (Paediatrics),SC,,Government,Rajsthan__Rajasthan Round 1 Allotment.txt,1359,
Rajasthan,Rajasthan,2025,R1,STATE_MERIT,2791.0,RUHS College of Medical Sciences,MD (Biochemistry),OBC,,Government,Rajsthan__Rajasthan Round 1 Allotment.txt,1360,
Rajasthan,Rajasthan,2025,R1,STATE_MERIT,2792.0,SMS Medical College Jaipur,MD (Pharmacology),MBC NCL,,Government,Rajsthan__Rajasthan Round 1 Allotment.txt,1361,
Rajasthan,Rajasthan,2025,R1,STATE_MERIT,2796.0,JLN MC Ajmer,MD (Pathology),ST,,Government,Rajsthan__Rajasthan Round 1 Allotment.txt,1362,
Rajasthan,Rajasthan,2025,R1,STATE_MERIT,2798.0,American International Institute Of Medical Sciences,MS (General Surgery),OBC,,Government,Rajsthan__Rajasthan Round 1 Allotment.txt,1363,
Rajasthan,Rajasthan,2025,R1,STATE_MERIT,2800.0,"Ananta Institute of Medical Sciences and Research Centre, Rajsamand",MS (General Surgery),General,,AI,Rajsthan__Rajasthan Round 1 Allotment.txt,1364,
Rajasthan,Rajasthan,2025,R1,STATE_MERIT,2801.0,"National Institute of Medical Sciences & Research (NIMS), Jaipur",MD (Paediatrics),General,,AI,Rajsthan__Rajasthan Round 1 Allotment.txt,1365,
Rajasthan,Rajasthan,2025,R1,STATE_MERIT,2803.0,"Centre, Jaipur.",MD (Skin & V.D / Dermatology Ven. & Leprosy),General,,AI,Rajsthan__Rajasthan Round 1 Allotment.txt,1367,
Rajasthan,Rajasthan,2025,R1,STATE_MERIT,2806.0,"Mahatma Gandhi Medical College and Hospital, Jaipur",MS (General Surgery),General,,AI,Rajsthan__Rajasthan Round 1 Allotment.txt,1368,
Rajasthan,Rajasthan,2025,R1,STATE_MERIT,2808.0,SMS Medical College Jaipur,MS (Anatomy),General,,Government,Rajsthan__Rajasthan Round 1 Allotment.txt,1369,
Rajasthan,Rajasthan,2025,R1,STATE_MERIT,2809.0,"National Institute of Medical Sciences & Research (NIMS), Jaipur",MS (Orthopaedics),General,,AI,Rajsthan__Rajasthan Round 1 Allotment.txt,1370,
Rajasthan,Rajasthan,2025,R1,STATE_MERIT,2812.0,"District Hospital, Dholpur",Post MBBS Diploma (Obs & Gyne),SC,,Government,Rajsthan__Rajasthan Round 1 Allotment.txt,1371,
Rajasthan,Rajasthan,2025,R1,STATE_MERIT,2815.0,GMC Pali,MD (Pathology),SC,,Management,Rajsthan__Rajasthan Round 1 Allotment.txt,1372,
Rajasthan,Rajasthan,2025,R1,STATE_MERIT,2816.0,S K Hospital Sikar,Post MBBS Diploma (ENT),SC,,Government,Rajsthan__Rajasthan Round 1 Allotment.txt,1373,
Rajasthan,Rajasthan,2025,R1,STATE_MERIT,2817.0,American International Institute Of Medical Sciences,MS (General Surgery),General,,Government,Rajsthan__Rajasthan Round 1 Allotment.txt,1374,
Rajasthan,Rajasthan,2025,R1,STATE_MERIT,2818.0,American International Institute Of Medical Sciences,MD (Psychiatry),General,,AI,Rajsthan__Rajasthan Round 1 Allotment.txt,1375,
Rajasthan,Rajasthan,2025,R1,STATE_MERIT,2821.0,"Geetanjali Medical College & Hospital, Udaipur",MD (General Medicine),General,,Management,Rajsthan__Rajasthan Round 1 Allotment.txt,1376,
Rajasthan,Rajasthan,2025,R1,STATE_MERIT,2823.0,"National Institute of Medical Sciences & Research (NIMS), Jaipur",MS (Obst. & Gynaecology),General,,Management,Rajsthan__Rajasthan Round 1 Allotment.txt,1384,
Rajasthan,Rajasthan,2025,R1,STATE_MERIT,2828.0,SMS Medical College Jaipur,MD (Microbiology),SC,,Government,Rajsthan__Rajasthan Round 1 Allotment.txt,1385,
Rajasthan,Rajasthan,2025,R1,STATE_MERIT,2831.0,"National Institute of Medical Sciences & Research (NIMS), Jaipur",MD (Radiodiagnosis/Radiology),General,,Government,Rajsthan__Rajasthan Round 1 Allotment.txt,1386,
Rajasthan,Rajasthan,2025,R1,STATE_MERIT,2833.0,"Pacific Medical College & Hospital, Udaipur",MD (General Medicine),General,,AI,Rajsthan__Rajasthan Round 1 Allotment.txt,1387,
Rajasthan,Rajasthan,2025,R1,STATE_MERIT,2835.0,"National Institute of Medical Sciences & Research (NIMS), Jaipur",MD (General Medicine),General,,Management,Rajsthan__Rajasthan Round 1 Allotment.txt,1388,
Rajasthan,Rajasthan,2025,R1,STATE_MERIT,2838.0,"Mahatma Gandhi Medical College and Hospital, Jaipur",MD (Paediatrics),General,,Management,Rajsthan__Rajasthan Round 1 Allotment.txt,1389,
Rajasthan,Rajasthan,2025,R1,STATE_MERIT,2842.0,"National Institute of Medical Sciences & Research (NIMS), Jaipur",MD (Anaesthesia),General,,AI,Rajsthan__Rajasthan Round 1 Allotment.txt,1390,
Rajasthan,Rajasthan,2025,R1,STATE_MERIT,2843.0,American International Institute Of Medical Sciences,MD (Psychiatry),General,,AI,Rajsthan__Rajasthan Round 1 Allotment.txt,1391,
Rajasthan,Rajasthan,2025,R1,STATE_MERIT,2847.0,SPMC Bikaner,MD (Forensic Medicine),SC,,Government,Rajsthan__Rajasthan Round 1 Allotment.txt,1392,
Rajasthan,Rajasthan,2025,R1,STATE_MERIT,2849.0,"Mahatma Gandhi Medical College and Hospital, Jaipur",MD (Anaesthesia),General,,Government,Rajsthan__Rajasthan Round 1 Allotment.txt,1393,
Rajasthan,Rajasthan,2025,R1,STATE_MERIT,2851.0,Ganganagar,MD (Radiodiagnosis/Radiology),OBC,,Government,Rajsthan__Rajasthan Round 1 Allotment.txt,1395,
Rajasthan,Rajasthan,2025,R1,STATE_MERIT,2852.0,"National Institute of Medical Sciences & Research (NIMS), Jaipur",MS (Obst. & Gynaecology),General,,Government,Rajsthan__Rajasthan Round 1 Allotment.txt,1396,
Rajasthan,Rajasthan,2025,R1,STATE_MERIT,2854.0,"National Institute of Medical Sciences & Research (NIMS), Jaipur",MD (Skin & V.D / Dermatology Ven. & Leprosy),General,,AI,Rajsthan__Rajasthan Round 1 Allotment.txt,1397,
Rajasthan,Rajasthan,2025,R1,STATE_MERIT,2855.0,"National Institute of Medical Sciences & Research (NIMS), Jaipur",MD (Anaesthesia),General,,AI,Rajsthan__Rajasthan Round 1 Allotment.txt,1398,
Rajasthan,Rajasthan,2025,R1,STATE_MERIT,2861.0,SMS Medical College Jaipur,MD (Immunohaematology and Blood Transfusion),MBC NCL,,Government,Rajsthan__Rajasthan Round 1 Allotment.txt,1399,
Rajasthan,Rajasthan,2025,R1,STATE_MERIT,2862.0,DH Bundi,Post MBBS Diploma (Paediatrics),ST,,Government,Rajsthan__Rajasthan Round 1 Allotment.txt,1400,
Rajasthan,Rajasthan,2025,R1,STATE_MERIT,2865.0,"National Institute of Medical Sciences & Research (NIMS), Jaipur",MD (Skin & V.D / Dermatology Ven. & Leprosy),General,,AI,Rajsthan__Rajasthan Round 1 Allotment.txt,1401,
Rajasthan,Rajasthan,2025,R1,STATE_MERIT,2867.0,JLN MC Ajmer,MD (Pharmacology),OBC,,Government,Rajsthan__Rajasthan Round 1 Allotment.txt,1402,
Rajasthan,Rajasthan,2025,R1,STATE_MERIT,2872.0,SMS Medical College Jaipur,MD (Microbiology),SC,,Government,Rajsthan__Rajasthan Round 1 Allotment.txt,1403,
Rajasthan,Rajasthan,2025,R1,STATE_MERIT,2873.0,"National Institute of Medical Sciences & Research (NIMS), Jaipur",MD (Radiotherapy/Radiationoncology),General,,Government,Rajsthan__Rajasthan Round 1 Allotment.txt,1404,
Rajasthan,Rajasthan,2025,R1,STATE_MERIT,2874.0,"Centre, Jaipur.",MD (Respiratory Medicine/T.B. & Chest/Tuberculosis & Respiratory Diseases),General,,AI,Rajsthan__Rajasthan Round 1 Allotment.txt,1406,
Rajasthan,Rajasthan,2025,R1,STATE_MERIT,2875.0,RNT MC Udaipur,MD (PSM/Community Medicine),ST,,Government,Rajsthan__Rajasthan Round 1 Allotment.txt,1407,
Rajasthan,Rajasthan,2025,R1,STATE_MERIT,2876.0,"National Institute of Medical Sciences & Research (NIMS), Jaipur",MD (Skin & V.D / Dermatology Ven. & Leprosy),General,,Government,Rajsthan__Rajasthan Round 1 Allotment.txt,1408,
Rajasthan,Rajasthan,2025,R1,STATE_MERIT,2879.0,SMS Medical College Jaipur,MD (PSM/Community Medicine),ST,,Government,Rajsthan__Rajasthan Round 1 Allotment.txt,1409,
Rajasthan,Rajasthan,2025,R1,STATE_MERIT,2885.0,"Mahatma Gandhi Medical College and Hospital, Jaipur",MS (General Surgery),General,,AI,Rajsthan__Rajasthan Round 1 Allotment.txt,1410,
Rajasthan,Rajasthan,2025,R1,STATE_MERIT,2886.0,"Centre, Jaipur.",MD (Paediatrics),General,,AI,Rajsthan__Rajasthan Round 1 Allotment.txt,1412,
Rajasthan,Rajasthan,2025,R1,STATE_MERIT,2890.0,SMS Medical College Jaipur,MD (Microbiology),EWS,,Government,Rajsthan__Rajasthan Round 1 Allotment.txt,1413,
Rajasthan,Rajasthan,2025,R1,STATE_MERIT,2891.0,"Centre, Jaipur.",MD (Psychiatry),General,,AI,Rajsthan__Rajasthan Round 1 Allotment.txt,1415,
Rajasthan,Rajasthan,2025,R1,STATE_MERIT,2892.0,RNT MC Udaipur,MD (Pathology),ST,,Government,Rajsthan__Rajasthan Round 1 Allotment.txt,1416,
Rajasthan,Rajasthan,2025,R1,STATE_MERIT,2896.0,"Mahatma Gandhi Medical College and Hospital, Jaipur",MD (Anaesthesia),OBC,,AI,Rajsthan__Rajasthan Round 1 Allotment.txt,1417,
Rajasthan,Rajasthan,2025,R1,STATE_MERIT,2898.0,SMS Medical College Jaipur,MD (PSM/Community Medicine),ST,,Government,Rajsthan__Rajasthan Round 1 Allotment.txt,1418,
Rajasthan,Rajasthan,2025,R1,STATE_MERIT,2901.0,"National Institute of Medical Sciences & Research (NIMS), Jaipur",MS (General Surgery),General,,AI,Rajsthan__Rajasthan Round 1 Allotment.txt,1419,
Rajasthan,Rajasthan,2025,R1,STATE_MERIT,2902.0,SPMC Bikaner,MD (Biochemistry),OBC,,Government,Rajsthan__Rajasthan Round 1 Allotment.txt,1420,
Rajasthan,Rajasthan,2025,R1,STATE_MERIT,2904.0,"Centre, Jaipur.",MD (Paediatrics),General,,AI,Rajsthan__Rajasthan Round 1 Allotment.txt,1422,
Rajasthan,Rajasthan,2025,R1,STATE_MERIT,2905.0,American International Institute Of Medical Sciences,MS (Orthopaedics),MBC NCL,,Government,Rajsthan__Rajasthan Round 1 Allotment.txt,1423,
Rajasthan,Rajasthan,2025,R1,STATE_MERIT,2907.0,"Mahatma Gandhi Medical College and Hospital, Jaipur",MS (General Surgery),General,,AI,Rajsthan__Rajasthan Round 1 Allotment.txt,1424,
Rajasthan,Rajasthan,2025,R1,STATE_MERIT,2910.0,"Ananta Institute of Medical Sciences and Research Centre, Rajsamand",MD (Skin & V.D / Dermatology Ven. & Leprosy),General,,Management,Rajsthan__Rajasthan Round 1 Allotment.txt,1425,
Rajasthan,Rajasthan,2025,R1,STATE_MERIT,2911.0,GMC Dungarpur,MD (Pharmacology),OBC,,Government,Rajsthan__Rajasthan Round 1 Allotment.txt,1426,
Rajasthan,Rajasthan,2025,R1,STATE_MERIT,2914.0,"National Institute of Medical Sciences & Research (NIMS), Jaipur",MS (Obst. & Gynaecology),General,,Government,Rajsthan__Rajasthan Round 1 Allotment.txt,1427,
Rajasthan,Rajasthan,2025,R1,STATE_MERIT,2915.0,JLN MC Ajmer,MD (Pathology),ST,,Government,Rajsthan__Rajasthan Round 1 Allotment.txt,1428,
Rajasthan,Rajasthan,2025,R1,STATE_MERIT,2918.0,"Govt. Medical College, Kota",MD (Forensic Medicine),SC,,Government,Rajsthan__Rajasthan Round 1 Allotment.txt,1429,
Rajasthan,Rajasthan,2025,R1,STATE_MERIT,2925.0,"National Institute of Medical Sciences & Research (NIMS), Jaipur",MD (Respiratory Medicine/T.B. & Chest/Tuberculosis & Respiratory Diseases),General,,AI,Rajsthan__Rajasthan Round 1 Allotment.txt,1430,
Rajasthan,Rajasthan,2025,R1,STATE_MERIT,2929.0,"National Institute of Medical Sciences & Research (NIMS), Jaipur",MD (Radiodiagnosis/Radiology),General,,AI,Rajsthan__Rajasthan Round 1 Allotment.txt,1431,
Rajasthan,Rajasthan,2025,R1,STATE_MERIT,2934.0,"Ananta Institute of Medical Sciences and Research Centre, Rajsamand",MD (Anaesthesia),General,,AI,Rajsthan__Rajasthan Round 1 Allotment.txt,1432,
Rajasthan,Rajasthan,2025,R1,STATE_MERIT,2936.0,"Ananta Institute of Medical Sciences and Research Centre, Rajsamand",MD (Anaesthesia),General,,AI,Rajsthan__Rajasthan Round 1 Allotment.txt,1433,
Rajasthan,Rajasthan,2025,R1,STATE_MERIT,2939.0,"Mahatma Gandhi Medical College and Hospital, Jaipur",MD (PSM/Community Medicine),General,,AI,Rajsthan__Rajasthan Round 1 Allotment.txt,1434,
Rajasthan,Rajasthan,2025,R1,STATE_MERIT,2940.0,"Centre, Jaipur.",MD (Radiodiagnosis/Radiology),OBC,,Government,Rajsthan__Rajasthan Round 1 Allotment.txt,1436,
Rajasthan,Rajasthan,2025,R1,STATE_MERIT,2946.0,Jhalawar Medical College Jhalawar,MD (Anaesthesia),MBC NCL,,Management,Rajsthan__Rajasthan Round 1 Allotment.txt,1437,
Rajasthan,Rajasthan,2025,R1,STATE_MERIT,2947.0,"National Institute of Medical Sciences & Research (NIMS), Jaipur",MD (Pathology),General,,AI,Rajsthan__Rajasthan Round 1 Allotment.txt,1438,
Rajasthan,Rajasthan,2025,R1,STATE_MERIT,2948.0,"Centre, Jaipur.",MD (Respiratory Medicine/T.B. & Chest/Tuberculosis & Respiratory Diseases),General,,Management,Rajsthan__Rajasthan Round 1 Allotment.txt,1440,
Rajasthan,Rajasthan,2025,R1,STATE_MERIT,2950.0,"National Institute of Medical Sciences & Research (NIMS), Jaipur",MS (Orthopaedics),General,,AI,Rajsthan__Rajasthan Round 1 Allotment.txt,1441,
Rajasthan,Rajasthan,2025,R1,STATE_MERIT,2951.0,S K Hospital Sikar,Post MBBS Diploma (Ophthalmology),OBC,,Government,Rajsthan__Rajasthan Round 1 Allotment.txt,1442,
Rajasthan,Rajasthan,2025,R1,STATE_MERIT,2952.0,SPMC Bikaner,MD (Immunohaematology and Blood Transfusion),ST,,Government,Rajsthan__Rajasthan Round 1 Allotment.txt,1443,
Rajasthan,Rajasthan,2025,R1,STATE_MERIT,2955.0,"Mahatma Gandhi Medical College and Hospital, Jaipur",MD (Anaesthesia),General,,Government,Rajsthan__Rajasthan Round 1 Allotment.txt,1444,
Rajasthan,Rajasthan,2025,R1,STATE_MERIT,2957.0,"Ananta Institute of Medical Sciences and Research Centre, Rajsamand",MS (General Surgery),OBC,,AI,Rajsthan__Rajasthan Round 1 Allotment.txt,1445,
Rajasthan,Rajasthan,2025,R1,STATE_MERIT,2959.0,"Centre, Jaipur.",MD (General Medicine),General,,Management,Rajsthan__Rajasthan Round 1 Allotment.txt,1454,
Rajasthan,Rajasthan,2025,R1,STATE_MERIT,2961.0,"Geetanjali Medical College & Hospital, Udaipur",MD (General Medicine),General,,Management,Rajsthan__Rajasthan Round 1 Allotment.txt,1455,
Rajasthan,Rajasthan,2025,R1,STATE_MERIT,2964.0,"Ananta Institute of Medical Sciences and Research Centre, Rajsamand",MD (General Medicine),General,,Management,Rajsthan__Rajasthan Round 1 Allotment.txt,1456,
Rajasthan,Rajasthan,2025,R1,STATE_MERIT,2968.0,RUHS College of Medical Sciences,MD (PSM/Community Medicine),ST,,Government,Rajsthan__Rajasthan Round 1 Allotment.txt,1457,
Rajasthan,Rajasthan,2025,R1,STATE_MERIT,2969.0,SMS Medical College Jaipur,MD (PSM/Community Medicine),MBC NCL,,Government,Rajsthan__Rajasthan Round 1 Allotment.txt,1458,
Rajasthan,Rajasthan,2025,R1,STATE_MERIT,2970.0,GMC Pali,MD (Microbiology),General,,Management,Rajsthan__Rajasthan Round 1 Allotment.txt,1459,
Rajasthan,Rajasthan,2025,R1,STATE_MERIT,2976.0,GMC Bhilwara,MD (Biochemistry),General,,Government,Rajsthan__Rajasthan Round 1 Allotment.txt,1460,
Rajasthan,Rajasthan,2025,R1,STATE_MERIT,2980.0,"Mahatma Gandhi Medical College and Hospital, Jaipur",MD (Anaesthesia),General,,Government,Rajsthan__Rajasthan Round 1 Allotment.txt,1461,
Rajasthan,Rajasthan,2025,R1,STATE_MERIT,2982.0,"National Institute of Medical Sciences & Research (NIMS), Jaipur",MD (Anaesthesia),General,,AI,Rajsthan__Rajasthan Round 1 Allotment.txt,1462,
Rajasthan,Rajasthan,2025,R1,STATE_MERIT,2986.0,"National Institute of Medical Sciences & Research (NIMS), Jaipur",MS (Obst. & Gynaecology),General,,Management,Rajsthan__Rajasthan Round 1 Allotment.txt,1463,
Rajasthan,Rajasthan,2025,R1,STATE_MERIT,2987.0,SPMC Bikaner,MD (Radiodiagnosis/Radiology),MBC NCL,,Government,Rajsthan__Rajasthan Round 1 Allotment.txt,1464,
Rajasthan,Rajasthan,2025,R1,STATE_MERIT,2990.0,"Mahatma Gandhi Medical College and Hospital, Jaipur",MS (General Surgery),General,,Government,Rajsthan__Rajasthan Round 1 Allotment.txt,1465,
Rajasthan,Rajasthan,2025,R1,STATE_MERIT,2992.0,"Geetanjali Medical College & Hospital, Udaipur",MD (Radiodiagnosis/Radiology),OBC,,Government,Rajsthan__Rajasthan Round 1 Allotment.txt,1466,
Rajasthan,Rajasthan,2025,R1,STATE_MERIT,2994.0,Ganganagar,MD (Psychiatry),General,,Management,Rajsthan__Rajasthan Round 1 Allotment.txt,1468,
Rajasthan,Rajasthan,2025,R1,STATE_MERIT,2995.0,SMS Medical College Jaipur,MD (Biochemistry),OBC,,Government,Rajsthan__Rajasthan Round 1 Allotment.txt,1469,
Rajasthan,Rajasthan,2025,R1,STATE_MERIT,2997.0,"Ananta Institute of Medical Sciences and Research Centre, Rajsamand",MS (ENT),General,,AI,Rajsthan__Rajasthan Round 1 Allotment.txt,1470,
Rajasthan,Rajasthan,2025,R1,STATE_MERIT,2998.0,"Centre, Jaipur.",MS (ENT),General,,AI,Rajsthan__Rajasthan Round 1 Allotment.txt,1472,
Rajasthan,Rajasthan,2025,R1,STATE_MERIT,2999.0,"Mahatma Gandhi Medical College and Hospital, Jaipur",MS (General Surgery),General,,AI,Rajsthan__Rajasthan Round 1 Allotment.txt,1473,
Rajasthan,Rajasthan,2025,R1,STATE_MERIT,3000.0,"Ananta Institute of Medical Sciences and Research Centre, Rajsamand",MS (Obst. & Gynaecology),EWS,,AI,Rajsthan__Rajasthan Round 1 Allotment.txt,1474,
Rajasthan,Rajasthan,2025,R1,STATE_MERIT,3001.0,Jhalawar Medical College Jhalawar,MD (Pathology),SC,,Management,Rajsthan__Rajasthan Round 1 Allotment.txt,1475,
Rajasthan,Rajasthan,2025,R1,STATE_MERIT,3003.0,SMS Medical College Jaipur,MD (Biochemistry),OBC,,Government,Rajsthan__Rajasthan Round 1 Allotment.txt,1476,
Rajasthan,Rajasthan,2025,R1,STATE_MERIT,3006.0,American International Institute Of Medical Sciences,MS (General Surgery),General,,Government,Rajsthan__Rajasthan Round 1 Allotment.txt,1477,
Rajasthan,Rajasthan,2025,R1,STATE_MERIT,3008.0,"National Institute of Medical Sciences & Research (NIMS), Jaipur",MS (Orthopaedics),General,,AI,Rajsthan__Rajasthan Round 1 Allotment.txt,1478,
Rajasthan,Rajasthan,2025,R1,STATE_MERIT,3009.0,"Mahatma Gandhi Medical College and Hospital, Jaipur",MD (Psychiatry),General,,Government,Rajsthan__Rajasthan Round 1 Allotment.txt,1479,
Rajasthan,Rajasthan,2025,R1,STATE_MERIT,3014.0,"National Institute of Medical Sciences & Research (NIMS), Jaipur",MS (General Surgery),General,,AI,Rajsthan__Rajasthan Round 1 Allotment.txt,1480,
Rajasthan,Rajasthan,2025,R1,STATE_MERIT,3019.0,"Mahatma Gandhi Medical College and Hospital, Jaipur",MD (Psychiatry),General,,AI,Rajsthan__Rajasthan Round 1 Allotment.txt,1481,
Rajasthan,Rajasthan,2025,R1,STATE_MERIT,3020.0,Jhalawar Medical College Jhalawar,MD (PSM/Community Medicine),ST,,Government,Rajsthan__Rajasthan Round 1 Allotment.txt,1482,
Rajasthan,Rajasthan,2025,R1,STATE_MERIT,3021.0,"Mahatma Gandhi Medical College and Hospital, Jaipur",MS (General Surgery),General,,Management,Rajsthan__Rajasthan Round 1 Allotment.txt,1483,
Rajasthan,Rajasthan,2025,R1,STATE_MERIT,3022.0,"Mahatma Gandhi Medical College and Hospital, Jaipur",MD (Anaesthesia),OBC,,Government,Rajsthan__Rajasthan Round 1 Allotment.txt,1484,
Rajasthan,Rajasthan,2025,R1,STATE_MERIT,3024.0,"National Institute of Medical Sciences & Research (NIMS), Jaipur",MD (Psychiatry),General,,AI,Rajsthan__Rajasthan Round 1 Allotment.txt,1485,
Rajasthan,Rajasthan,2025,R1,STATE_MERIT,3025.0,"Mahatma Gandhi Medical College and Hospital, Jaipur",MD (Emergency Medicine),EWS,,Government,Rajsthan__Rajasthan Round 1 Allotment.txt,1486,
Rajasthan,Rajasthan,2025,R1,STATE_MERIT,3026.0,"Govt. Medical College, Kota",MD (Immunohaematology and Blood Transfusion),ST,,Government,Rajsthan__Rajasthan Round 1 Allotment.txt,1487,
Rajasthan,Rajasthan,2025,R1,STATE_MERIT,3027.0,"National Institute of Medical Sciences & Research (NIMS), Jaipur",MS (General Surgery),General,,AI,Rajsthan__Rajasthan Round 1 Allotment.txt,1488,
Rajasthan,Rajasthan,2025,R1,STATE_MERIT,3030.0,"Centre, Jaipur.",MS (Obst. & Gynaecology),General,,Management,Rajsthan__Rajasthan Round 1 Allotment.txt,1490,
Rajasthan,Rajasthan,2025,R1,STATE_MERIT,3031.0,Ganganagar,MS (Ophthalmology),General,,Government,Rajsthan__Rajasthan Round 1 Allotment.txt,1492,
Rajasthan,Rajasthan,2025,R1,STATE_MERIT,3032.0,"Mahatma Gandhi Medical College and Hospital, Jaipur",MD (Paediatrics),OBC,,Government,Rajsthan__Rajasthan Round 1 Allotment.txt,1493,
Rajasthan,Rajasthan,2025,R1,STATE_MERIT,3033.0,American International Institute Of Medical Sciences,MS (ENT),General,,AI,Rajsthan__Rajasthan Round 1 Allotment.txt,1494,
Rajasthan,Rajasthan,2025,R1,STATE_MERIT,3034.0,SMS Medical College Jaipur,MD (Microbiology),SC,,Government,Rajsthan__Rajasthan Round 1 Allotment.txt,1495,
Rajasthan,Rajasthan,2025,R1,STATE_MERIT,3036.0,"Centre, Jaipur.",MS (Obst. & Gynaecology),General,,Government,Rajsthan__Rajasthan Round 1 Allotment.txt,1497,
Rajasthan,Rajasthan,2025,R1,STATE_MERIT,3040.0,SMS Medical College Jaipur,MD (Pharmacology),SC,,Government,Rajsthan__Rajasthan Round 1 Allotment.txt,1498,
Rajasthan,Rajasthan,2025,R1,STATE_MERIT,3042.0,"National Institute of Medical Sciences & Research (NIMS), Jaipur",MD (General Medicine),General,,Management,Rajsthan__Rajasthan Round 1 Allotment.txt,1499,
Rajasthan,Rajasthan,2025,R1,STATE_MERIT,3044.0,"Geetanjali Medical College & Hospital, Udaipur",MD (Radiotherapy/Radiationoncology),General,,AI,Rajsthan__Rajasthan Round 1 Allotment.txt,1500,
Rajasthan,Rajasthan,2025,R1,STATE_MERIT,3045.0,"Mahatma Gandhi Medical College and Hospital, Jaipur",MS (General Surgery),General,,Management,Rajsthan__Rajasthan Round 1 Allotment.txt,1501,
Rajasthan,Rajasthan,2025,R1,STATE_MERIT,3046.0,"Mahatma Gandhi Medical College and Hospital, Jaipur",MS (General Surgery),General,,Management,Rajsthan__Rajasthan Round 1 Allotment.txt,1502,
Rajasthan,Rajasthan,2025,R1,STATE_MERIT,3051.0,"District Hospital, Dholpur",Post MBBS Diploma (Paediatrics),SC,,Government,Rajsthan__Rajasthan Round 1 Allotment.txt,1503,
Rajasthan,Rajasthan,2025,R1,STATE_MERIT,3052.0,"Geetanjali Medical College & Hospital, Udaipur",MS (Obst. & Gynaecology),General,,Government,Rajsthan__Rajasthan Round 1 Allotment.txt,1504,
Rajasthan,Rajasthan,2025,R1,STATE_MERIT,3054.0,RNT MC Udaipur,MD (Pathology),ST,,Government,Rajsthan__Rajasthan Round 1 Allotment.txt,1505,
Rajasthan,Rajasthan,2025,R1,STATE_MERIT,3055.0,"Mahatma Gandhi Medical College and Hospital, Jaipur",MD (Anaesthesia),General,,Government,Rajsthan__Rajasthan Round 1 Allotment.txt,1506,
Rajasthan,Rajasthan,2025,R1,STATE_MERIT,3056.0,"National Institute of Medical Sciences & Research (NIMS), Jaipur",MS (General Surgery),General,,AI,Rajsthan__Rajasthan Round 1 Allotment.txt,1507,
Rajasthan,Rajasthan,2025,R1,STATE_MERIT,3058.0,"National Institute of Medical Sciences & Research (NIMS), Jaipur",MD (Anaesthesia),General,,AI,Rajsthan__Rajasthan Round 1 Allotment.txt,1508,
Rajasthan,Rajasthan,2025,R1,STATE_MERIT,3059.0,SMS Medical College Jaipur,MD (Microbiology),EWS,,Government,Rajsthan__Rajasthan Round 1 Allotment.txt,1509,
Rajasthan,Rajasthan,2025,R1,STATE_MERIT,3061.0,"Mahatma Gandhi Medical College and Hospital, Jaipur",MS (Traumatology & Surgery),General,,AI,Rajsthan__Rajasthan Round 1 Allotment.txt,1510,
Rajasthan,Rajasthan,2025,R1,STATE_MERIT,3063.0,"National Institute of Medical Sciences & Research (NIMS), Jaipur",MS (General Surgery),General,,AI,Rajsthan__Rajasthan Round 1 Allotment.txt,1511,
Rajasthan,Rajasthan,2025,R1,STATE_MERIT,3065.0,"Mahatma Gandhi Medical College and Hospital, Jaipur",MD (Pathology),General,,AI,Rajsthan__Rajasthan Round 1 Allotment.txt,1512,
Rajasthan,Rajasthan,2025,R1,STATE_MERIT,3067.0,Jhalawar Medical College Jhalawar,MD (PSM/Community Medicine),General,,Management,Rajsthan__Rajasthan Round 1 Allotment.txt,1513,
Rajasthan,Rajasthan,2025,R1,STATE_MERIT,3068.0,American International Institute Of Medical Sciences,MS (General Surgery),OBC,,AI,Rajsthan__Rajasthan Round 1 Allotment.txt,1514,
Rajasthan,Rajasthan,2025,R1,STATE_MERIT,3069.0,"Ananta Institute of Medical Sciences and Research Centre, Rajsamand",MD (Paediatrics),EWS,,AI,Rajsthan__Rajasthan Round 1 Allotment.txt,1522,
Rajasthan,Rajasthan,2025,R1,STATE_MERIT,3070.0,JLN MC Ajmer,MD (Pathology),ST,,Government,Rajsthan__Rajasthan Round 1 Allotment.txt,1523,
Rajasthan,Rajasthan,2025,R1,STATE_MERIT,3071.0,SPMC Bikaner,MD (Skin & V.D / Dermatology Ven. & Leprosy),EWS,,Government,Rajsthan__Rajasthan Round 1 Allotment.txt,1524,
Rajasthan,Rajasthan,2025,R1,STATE_MERIT,3075.0,"National Institute of Medical Sciences & Research (NIMS), Jaipur",MS (General Surgery),General,,AI,Rajsthan__Rajasthan Round 1 Allotment.txt,1525,
Rajasthan,Rajasthan,2025,R1,STATE_MERIT,3077.0,"Geetanjali Medical College & Hospital, Udaipur",MS (Ophthalmology),General,,AI,Rajsthan__Rajasthan Round 1 Allotment.txt,1526,
Rajasthan,Rajasthan,2025,R1,STATE_MERIT,3078.0,"National Institute of Medical Sciences & Research (NIMS), Jaipur",MD (Anaesthesia),General,,AI,Rajsthan__Rajasthan Round 1 Allotment.txt,1527,
Rajasthan,Rajasthan,2025,R1,STATE_MERIT,3080.0,"Ananta Institute of Medical Sciences and Research Centre, Rajsamand",MD (Anaesthesia),General,,AI,Rajsthan__Rajasthan Round 1 Allotment.txt,1528,
Rajasthan,Rajasthan,2025,R1,STATE_MERIT,3082.0,"National Institute of Medical Sciences & Research (NIMS), Jaipur",MS (Obst. & Gynaecology),General,,Government,Rajsthan__Rajasthan Round 1 Allotment.txt,1529,
Rajasthan,Rajasthan,2025,R1,STATE_MERIT,3083.0,"National Institute of Medical Sciences & Research (NIMS), Jaipur",MS (ENT),General,,AI,Rajsthan__Rajasthan Round 1 Allotment.txt,1530,
Rajasthan,Rajasthan,2025,R1,STATE_MERIT,3086.0,"Centre, Jaipur.",MS (Orthopaedics),General,,AI,Rajsthan__Rajasthan Round 1 Allotment.txt,1532,
Rajasthan,Rajasthan,2025,R1,STATE_MERIT,3088.0,"Ananta Institute of Medical Sciences and Research Centre, Rajsamand",MD (Radiodiagnosis/Radiology),MBC NCL,,AI,Rajsthan__Rajasthan Round 1 Allotment.txt,1533,
Rajasthan,Rajasthan,2025,R1,STATE_MERIT,3089.0,"Centre, Jaipur.",MD (Skin & V.D / Dermatology Ven. & Leprosy),General,,Management,Rajsthan__Rajasthan Round 1 Allotment.txt,1535,
Rajasthan,Rajasthan,2025,R1,STATE_MERIT,3092.0,"National Institute of Medical Sciences & Research (NIMS), Jaipur",MS (ENT),General,,AI,Rajsthan__Rajasthan Round 1 Allotment.txt,1536,
Rajasthan,Rajasthan,2025,R1,STATE_MERIT,3093.0,"National Institute of Medical Sciences & Research (NIMS), Jaipur",MS (General Surgery),General,,AI,Rajsthan__Rajasthan Round 1 Allotment.txt,1537,
Rajasthan,Rajasthan,2025,R1,STATE_MERIT,3095.0,"Mahatma Gandhi Medical College and Hospital, Jaipur",MD (Anaesthesia),General,,Government,Rajsthan__Rajasthan Round 1 Allotment.txt,1538,
Rajasthan,Rajasthan,2025,R1,STATE_MERIT,3096.0,SMS Medical College Jaipur,MD (Biochemistry),OBC,,Government,Rajsthan__Rajasthan Round 1 Allotment.txt,1539,
Rajasthan,Rajasthan,2025,R1,STATE_MERIT,3098.0,"National Institute of Medical Sciences & Research (NIMS), Jaipur",MS (Orthopaedics),General,,AI,Rajsthan__Rajasthan Round 1 Allotment.txt,1540,
Rajasthan,Rajasthan,2025,R1,STATE_MERIT,3101.0,"National Institute of Medical Sciences & Research (NIMS), Jaipur",MD (Paediatrics),General,,Government,Rajsthan__Rajasthan Round 1 Allotment.txt,1541,
Rajasthan,Rajasthan,2025,R1,STATE_MERIT,3102.0,"Mahatma Gandhi Medical College and Hospital, Jaipur",MD (Anaesthesia),General,,Government,Rajsthan__Rajasthan Round 1 Allotment.txt,1542,
Rajasthan,Rajasthan,2025,R1,STATE_MERIT,3103.0,SPMC Bikaner,MD (Immunohaematology and Blood Transfusion),ST,,Government,Rajsthan__Rajasthan Round 1 Allotment.txt,1543,
Rajasthan,Rajasthan,2025,R1,STATE_MERIT,3104.0,SMS Medical College Jaipur,MD (Pharmacology),SC,,Government,Rajsthan__Rajasthan Round 1 Allotment.txt,1544,
Rajasthan,Rajasthan,2025,R1,STATE_MERIT,3110.0,"National Institute of Medical Sciences & Research (NIMS), Jaipur",MS (Ophthalmology),General,,AI,Rajsthan__Rajasthan Round 1 Allotment.txt,1545,
Rajasthan,Rajasthan,2025,R1,STATE_MERIT,3111.0,"Centre, Jaipur.",MD (Emergency Medicine),General,,AI,Rajsthan__Rajasthan Round 1 Allotment.txt,1547,
Rajasthan,Rajasthan,2025,R1,STATE_MERIT,3113.0,"Mahatma Gandhi Medical College and Hospital, Jaipur",MD (Respiratory Medicine/T.B. & Chest/Tuberculosis & Respiratory Diseases),General,,Government,Rajsthan__Rajasthan Round 1 Allotment.txt,1548,
Rajasthan,Rajasthan,2025,R1,STATE_MERIT,3117.0,"Govt. Medical College, Kota",MD (Pathology),MBC NCL,,Government,Rajsthan__Rajasthan Round 1 Allotment.txt,1549,
Rajasthan,Rajasthan,2025,R1,STATE_MERIT,3118.0,GMC Bhilwara,MD (Pathology),ST,,Government,Rajsthan__Rajasthan Round 1 Allotment.txt,1550,
Rajasthan,Rajasthan,2025,R1,STATE_MERIT,3120.0,American International Institute Of Medical Sciences,MD (Anaesthesia),General,,AI,Rajsthan__Rajasthan Round 1 Allotment.txt,1551,
Rajasthan,Rajasthan,2025,R1,STATE_MERIT,3128.0,"Geetanjali Medical College & Hospital, Udaipur",MS (General Surgery),General,,AI,Rajsthan__Rajasthan Round 1 Allotment.txt,1552,
Rajasthan,Rajasthan,2025,R1,STATE_MERIT,3129.0,"Mahatma Gandhi Medical College and Hospital, Jaipur",MD (Paediatrics),OBC,,Management,Rajsthan__Rajasthan Round 1 Allotment.txt,1553,
Rajasthan,Rajasthan,2025,R1,STATE_MERIT,3130.0,"National Institute of Medical Sciences & Research (NIMS), Jaipur",MD (Nuclear Medicine),MBC NCL,,AI,Rajsthan__Rajasthan Round 1 Allotment.txt,1554,
Rajasthan,Rajasthan,2025,R1,STATE_MERIT,3133.0,"Centre, Jaipur.",MS (Ophthalmology),General,,AI,Rajsthan__Rajasthan Round 1 Allotment.txt,1556,
Rajasthan,Rajasthan,2025,R1,STATE_MERIT,3139.0,JLN MC Ajmer,MD (Immunohaematology and Blood Transfusion),ST,,Government,Rajsthan__Rajasthan Round 1 Allotment.txt,1557,
Rajasthan,Rajasthan,2025,R1,STATE_MERIT,3141.0,"National Institute of Medical Sciences & Research (NIMS), Jaipur",MD (General Medicine),General,,Management,Rajsthan__Rajasthan Round 1 Allotment.txt,1558,
Rajasthan,Rajasthan,2025,R1,STATE_MERIT,3145.0,"Ananta Institute of Medical Sciences and Research Centre, Rajsamand",MD (Paediatrics),EWS,,AI,Rajsthan__Rajasthan Round 1 Allotment.txt,1559,
Rajasthan,Rajasthan,2025,R1,STATE_MERIT,3147.0,"Mahatma Gandhi Medical College and Hospital, Jaipur",MD (Psychiatry),General,,AI,Rajsthan__Rajasthan Round 1 Allotment.txt,1560,
Rajasthan,Rajasthan,2025,R1,STATE_MERIT,3148.0,GH Barmer,Post MBBS Diploma (Family Medicine),SC,,Government,Rajsthan__Rajasthan Round 1 Allotment.txt,1561,
Rajasthan,Rajasthan,2025,R1,STATE_MERIT,3149.0,"Centre, Jaipur.",MS (Obst. & Gynaecology),General,,Management,Rajsthan__Rajasthan Round 1 Allotment.txt,1563,
Rajasthan,Rajasthan,2025,R1,STATE_MERIT,3150.0,"National Institute of Medical Sciences & Research (NIMS), Jaipur",MD (Anaesthesia),General,,AI,Rajsthan__Rajasthan Round 1 Allotment.txt,1564,
Rajasthan,Rajasthan,2025,R1,STATE_MERIT,3160.0,"Mahatma Gandhi Medical College and Hospital, Jaipur",MD (Hospital Administration),General,,AI,Rajsthan__Rajasthan Round 1 Allotment.txt,1565,
Rajasthan,Rajasthan,2025,R1,STATE_MERIT,3161.0,"Ananta Institute of Medical Sciences and Research Centre, Rajsamand",MD (Anaesthesia),General,,AI,Rajsthan__Rajasthan Round 1 Allotment.txt,1566,
Rajasthan,Rajasthan,2025,R1,STATE_MERIT,3164.0,"Centre, Jaipur.",MS (General Surgery),General,,AI,Rajsthan__Rajasthan Round 1 Allotment.txt,1568,
Rajasthan,Rajasthan,2025,R1,STATE_MERIT,3166.0,"District Hospital, Dholpur",Post MBBS Diploma (Paediatrics),SC,,Government,Rajsthan__Rajasthan Round 1 Allotment.txt,1569,
Rajasthan,Rajasthan,2025,R1,STATE_MERIT,3167.0,RNT MC Udaipur,MD (PSM/Community Medicine),MBC NCL,,Government,Rajsthan__Rajasthan Round 1 Allotment.txt,1570,
Rajasthan,Rajasthan,2025,R1,STATE_MERIT,3169.0,"National Institute of Medical Sciences & Research (NIMS), Jaipur",MS (ENT),General,,AI,Rajsthan__Rajasthan Round 1 Allotment.txt,1571,
Rajasthan,Rajasthan,2025,R1,STATE_MERIT,3172.0,"Ananta Institute of Medical Sciences and Research Centre, Rajsamand",MD (Pathology),OBC,,AI,Rajsthan__Rajasthan Round 1 Allotment.txt,1572,
Rajasthan,Rajasthan,2025,R1,STATE_MERIT,3173.0,"Geetanjali Medical College & Hospital, Udaipur",MD (Emergency Medicine),General,,AI,Rajsthan__Rajasthan Round 1 Allotment.txt,1573,
Rajasthan,Rajasthan,2025,R1,STATE_MERIT,3174.0,"Centre, Jaipur.",MS (General Surgery),General,,AI,Rajsthan__Rajasthan Round 1 Allotment.txt,1575,
Rajasthan,Rajasthan,2025,R1,STATE_MERIT,3175.0,"National Institute of Medical Sciences & Research (NIMS), Jaipur",MS (Obst. & Gynaecology),General,,Management,Rajsthan__Rajasthan Round 1 Allotment.txt,1576,
Rajasthan,Rajasthan,2025,R1,STATE_MERIT,3178.0,"Mahatma Gandhi Medical College and Hospital, Jaipur",MD (Anaesthesia),General,,Government,Rajsthan__Rajasthan Round 1 Allotment.txt,1577,
Rajasthan,Rajasthan,2025,R1,STATE_MERIT,3181.0,"Centre, Jaipur.",MD (Radiodiagnosis/Radiology),General,,Management,Rajsthan__Rajasthan Round 1 Allotment.txt,1579,
Rajasthan,Rajasthan,2025,R1,STATE_MERIT,3186.0,"Ananta Institute of Medical Sciences and Research Centre, Rajsamand",MD (Anaesthesia),General,,AI,Rajsthan__Rajasthan Round 1 Allotment.txt,1580,
Rajasthan,Rajasthan,2025,R1,STATE_MERIT,3188.0,"National Institute of Medical Sciences & Research (NIMS), Jaipur",MD (Paediatrics),General,,Management,Rajsthan__Rajasthan Round 1 Allotment.txt,1581,
Rajasthan,Rajasthan,2025,R1,STATE_MERIT,3189.0,"Centre, Jaipur.",MS (General Surgery),General,,AI,Rajsthan__Rajasthan Round 1 Allotment.txt,1583,
Rajasthan,Rajasthan,2025,R1,STATE_MERIT,3190.0,"Ananta Institute of Medical Sciences and Research Centre, Rajsamand",MS (Ophthalmology),OBC,,Government,Rajsthan__Rajasthan Round 1 Allotment.txt,1591,
Rajasthan,Rajasthan,2025,R1,STATE_MERIT,3194.0,"Centre, Jaipur.",MD (Anaesthesia),General,,AI,Rajsthan__Rajasthan Round 1 Allotment.txt,1593,
Rajasthan,Rajasthan,2025,R1,STATE_MERIT,3195.0,"National Institute of Medical Sciences & Research (NIMS), Jaipur",MS (Orthopaedics),General,,AI,Rajsthan__Rajasthan Round 1 Allotment.txt,1594,
Rajasthan,Rajasthan,2025,R1,STATE_MERIT,3196.0,SMS Medical College Jaipur,MD (General Medicine),MBC NCL,,Government,Rajsthan__Rajasthan Round 1 Allotment.txt,1595,
Rajasthan,Rajasthan,2025,R1,STATE_MERIT,3197.0,"National Institute of Medical Sciences & Research (NIMS), Jaipur",MD (Radiotherapy/Radiationoncology),General,,Government,Rajsthan__Rajasthan Round 1 Allotment.txt,1596,
Rajasthan,Rajasthan,2025,R1,STATE_MERIT,3198.0,SMS Medical College Jaipur,MD (Pharmacology),ST,,Government,Rajsthan__Rajasthan Round 1 Allotment.txt,1597,
Rajasthan,Rajasthan,2025,R1,STATE_MERIT,3199.0,"Govt. Medical College, Kota",MD (Biochemistry),OBC,,Government,Rajsthan__Rajasthan Round 1 Allotment.txt,1598,
Rajasthan,Rajasthan,2025,R1,STATE_MERIT,3200.0,GMC Churu,MD (PSM/Community Medicine),General,,Management,Rajsthan__Rajasthan Round 1 Allotment.txt,1599,
Rajasthan,Rajasthan,2025,R1,STATE_MERIT,3205.0,RNT MC Udaipur,MD (PSM/Community Medicine),ST,,Government,Rajsthan__Rajasthan Round 1 Allotment.txt,1600,
Rajasthan,Rajasthan,2025,R1,STATE_MERIT,3207.0,"Centre, Jaipur.",MS (Obst. & Gynaecology),General,,Management,Rajsthan__Rajasthan Round 1 Allotment.txt,1602,
Rajasthan,Rajasthan,2025,R1,STATE_MERIT,3209.0,"National Institute of Medical Sciences & Research (NIMS), Jaipur",MS (General Surgery),General,,AI,Rajsthan__Rajasthan Round 1 Allotment.txt,1603,
Rajasthan,Rajasthan,2025,R1,STATE_MERIT,3210.0,"National Institute of Medical Sciences & Research (NIMS), Jaipur",MD (Emergency Medicine),General,,AI,Rajsthan__Rajasthan Round 1 Allotment.txt,1604,
Rajasthan,Rajasthan,2025,R1,STATE_MERIT,3211.0,"Centre, Jaipur.",MS (Orthopaedics),General,,AI,Rajsthan__Rajasthan Round 1 Allotment.txt,1606,
Rajasthan,Rajasthan,2025,R1,STATE_MERIT,3213.0,"Ananta Institute of Medical Sciences and Research Centre, Rajsamand",MD (General Medicine),MBC NCL,,AI,Rajsthan__Rajasthan Round 1 Allotment.txt,1607,
Rajasthan,Rajasthan,2025,R1,STATE_MERIT,3214.0,"National Institute of Medical Sciences & Research (NIMS), Jaipur",MD (Anaesthesia),General,,AI,Rajsthan__Rajasthan Round 1 Allotment.txt,1608,
Rajasthan,Rajasthan,2025,R1,STATE_MERIT,3215.0,"Mahatma Gandhi Medical College and Hospital, Jaipur",MS (Obst. & Gynaecology),MBC NCL,,Government,Rajsthan__Rajasthan Round 1 Allotment.txt,1609,
Rajasthan,Rajasthan,2025,R1,STATE_MERIT,3216.0,Government Hospital Alwar,Post MBBS Diploma (Family Medicine),OBC,,Government,Rajsthan__Rajasthan Round 1 Allotment.txt,1610,
Rajasthan,Rajasthan,2025,R1,STATE_MERIT,3217.0,GOVERNMENT BDK HOSPITAL JHUNJHUNU,Post MBBS Diploma (Anesthesia),OBC,,Government,Rajsthan__Rajasthan Round 1 Allotment.txt,1611,
Rajasthan,Rajasthan,2025,R1,STATE_MERIT,3218.0,"National Institute of Medical Sciences & Research (NIMS), Jaipur",MD (Radiodiagnosis/Radiology),OBC,,AI,Rajsthan__Rajasthan Round 1 Allotment.txt,1612,
Rajasthan,Rajasthan,2025,R1,STATE_MERIT,3219.0,"National Institute of Medical Sciences & Research (NIMS), Jaipur",MD (Anaesthesia),General,,AI,Rajsthan__Rajasthan Round 1 Allotment.txt,1613,
Rajasthan,Rajasthan,2025,R1,STATE_MERIT,3220.0,"Mahatma Gandhi Medical College and Hospital, Jaipur",MS (General Surgery),General,,Government,Rajsthan__Rajasthan Round 1 Allotment.txt,1614,
Rajasthan,Rajasthan,2025,R1,STATE_MERIT,3226.0,"Ananta Institute of Medical Sciences and Research Centre, Rajsamand",MS (Obst. & Gynaecology),General,,Management,Rajsthan__Rajasthan Round 1 Allotment.txt,1615,
Rajasthan,Rajasthan,2025,R1,STATE_MERIT,3228.0,"Mahatma Gandhi Medical College and Hospital, Jaipur",MD (Pharmacology),General,,AI,Rajsthan__Rajasthan Round 1 Allotment.txt,1616,
Rajasthan,Rajasthan,2025,R1,STATE_MERIT,3229.0,"Geetanjali Medical College & Hospital, Udaipur",MD (Anaesthesia),General,,AI,Rajsthan__Rajasthan Round 1 Allotment.txt,1617,
Rajasthan,Rajasthan,2025,R1,STATE_MERIT,3230.0,"Govt. Medical College, Kota",MD (Biochemistry),OBC,,Government,Rajsthan__Rajasthan Round 1 Allotment.txt,1618,
Rajasthan,Rajasthan,2025,R1,STATE_MERIT,3232.0,"National Institute of Medical Sciences & Research (NIMS), Jaipur",MD (General Medicine),General,,Government,Rajsthan__Rajasthan Round 1 Allotment.txt,1619,
Rajasthan,Rajasthan,2025,R1,STATE_MERIT,3233.0,"Mahatma Gandhi Medical College and Hospital, Jaipur",MD (Pathology),General,,Government,Rajsthan__Rajasthan Round 1 Allotment.txt,1620,
Rajasthan,Rajasthan,2025,R1,STATE_MERIT,3234.0,"National Institute of Medical Sciences & Research (NIMS), Jaipur",MD (General Medicine),General,,Management,Rajsthan__Rajasthan Round 1 Allotment.txt,1621,
Rajasthan,Rajasthan,2025,R1,STATE_MERIT,3236.0,RNT MC Udaipur,MD (Biochemistry),OBC,,Government,Rajsthan__Rajasthan Round 1 Allotment.txt,1622,
Rajasthan,Rajasthan,2025,R1,STATE_MERIT,3237.0,"National Institute of Medical Sciences & Research (NIMS), Jaipur",MD (Paediatrics),General,,Management,Rajsthan__Rajasthan Round 1 Allotment.txt,1623,
Rajasthan,Rajasthan,2025,R1,STATE_MERIT,3238.0,"Mahatma Gandhi Medical College and Hospital, Jaipur",MD (Radiodiagnosis/Radiology),EWS,,Government,Rajsthan__Rajasthan Round 1 Allotment.txt,1624,
Rajasthan,Rajasthan,2025,R1,STATE_MERIT,3242.0,"Geetanjali Medical College & Hospital, Udaipur",MD (Anaesthesia),General,,AI,Rajsthan__Rajasthan Round 1 Allotment.txt,1625,
Rajasthan,Rajasthan,2025,R1,STATE_MERIT,3243.0,"National Institute of Medical Sciences & Research (NIMS), Jaipur",MD (Emergency Medicine),General,,AI,Rajsthan__Rajasthan Round 1 Allotment.txt,1626,
Rajasthan,Rajasthan,2025,R1,STATE_MERIT,3244.0,"National Institute of Medical Sciences & Research (NIMS), Jaipur",MD (General Medicine),General,,Management,Rajsthan__Rajasthan Round 1 Allotment.txt,1627,
Rajasthan,Rajasthan,2025,R1,STATE_MERIT,3245.0,"Geetanjali Medical College & Hospital, Udaipur",MD (Anaesthesia),General,,AI,Rajsthan__Rajasthan Round 1 Allotment.txt,1628,
Rajasthan,Rajasthan,2025,R1,STATE_MERIT,3248.0,"National Institute of Medical Sciences & Research (NIMS), Jaipur",MS (General Surgery),General,,AI,Rajsthan__Rajasthan Round 1 Allotment.txt,1629,
Rajasthan,Rajasthan,2025,R1,STATE_MERIT,3254.0,"Ananta Institute of Medical Sciences and Research Centre, Rajsamand",MD (Respiratory Medicine/T.B. & Chest/Tuberculosis & Respiratory Diseases),OBC,,Government,Rajsthan__Rajasthan Round 1 Allotment.txt,1630,
Rajasthan,Rajasthan,2025,R1,STATE_MERIT,3257.0,"Mahatma Gandhi Medical College and Hospital, Jaipur",MD (Pathology),General,,Government,Rajsthan__Rajasthan Round 1 Allotment.txt,1631,
Rajasthan,Rajasthan,2025,R1,STATE_MERIT,3258.0,"Ananta Institute of Medical Sciences and Research Centre, Rajsamand",MD (Anaesthesia),General,,AI,Rajsthan__Rajasthan Round 1 Allotment.txt,1632,
Rajasthan,Rajasthan,2025,R1,STATE_MERIT,3260.0,SMS Medical College Jaipur,MD (Microbiology),SC,,Government,Rajsthan__Rajasthan Round 1 Allotment.txt,1633,
Rajasthan,Rajasthan,2025,R1,STATE_MERIT,3264.0,JLN MC Ajmer,MD (PSM/Community Medicine),ST,,Government,Rajsthan__Rajasthan Round 1 Allotment.txt,1634,
Rajasthan,Rajasthan,2025,R1,STATE_MERIT,3265.0,"Centre, Jaipur.",MD (Skin & V.D / Dermatology Ven. & Leprosy),General,,Management,Rajsthan__Rajasthan Round 1 Allotment.txt,1636,
Rajasthan,Rajasthan,2025,R1,STATE_MERIT,3268.0,SMS Medical College Jaipur,MD (Biochemistry),SC,,Government,Rajsthan__Rajasthan Round 1 Allotment.txt,1637,
Rajasthan,Rajasthan,2025,R1,STATE_MERIT,3271.0,"Mahatma Gandhi Medical College and Hospital, Jaipur",MD (Pathology),General,,AI,Rajsthan__Rajasthan Round 1 Allotment.txt,1638,
Rajasthan,Rajasthan,2025,R1,STATE_MERIT,3272.0,"Mahatma Gandhi Medical College and Hospital, Jaipur",MS (Orthopaedics),OBC,,Government,Rajsthan__Rajasthan Round 1 Allotment.txt,1639,
Rajasthan,Rajasthan,2025,R1,STATE_MERIT,3274.0,"Govt. Medical College, Kota",MD (Forensic Medicine),ST,,Government,Rajsthan__Rajasthan Round 1 Allotment.txt,1640,
Rajasthan,Rajasthan,2025,R1,STATE_MERIT,3276.0,"National Institute of Medical Sciences & Research (NIMS), Jaipur",MS (Ophthalmology),General,,AI,Rajsthan__Rajasthan Round 1 Allotment.txt,1641,
Rajasthan,Rajasthan,2025,R1,STATE_MERIT,3277.0,"Mahatma Gandhi Medical College and Hospital, Jaipur",MS (Orthopaedics),General,,Management,Rajsthan__Rajasthan Round 1 Allotment.txt,1642,
Rajasthan,Rajasthan,2025,R1,STATE_MERIT,3278.0,"Mahatma Gandhi Medical College and Hospital, Jaipur",MD (Pathology),General,,AI,Rajsthan__Rajasthan Round 1 Allotment.txt,1643,
Rajasthan,Rajasthan,2025,R1,STATE_MERIT,3283.0,"National Institute of Medical Sciences & Research (NIMS), Jaipur",MD (General Medicine),General,,Government,Rajsthan__Rajasthan Round 1 Allotment.txt,1644,
Rajasthan,Rajasthan,2025,R1,STATE_MERIT,3287.0,"National Institute of Medical Sciences & Research (NIMS), Jaipur",MD (Paediatrics),General,,Government,Rajsthan__Rajasthan Round 1 Allotment.txt,1645,
Rajasthan,Rajasthan,2025,R1,STATE_MERIT,3288.0,"Mahatma Gandhi Medical College and Hospital, Jaipur",MD (Respiratory Medicine/T.B. & Chest/Tuberculosis & Respiratory Diseases),General,,Government,Rajsthan__Rajasthan Round 1 Allotment.txt,1646,
Rajasthan,Rajasthan,2025,R1,STATE_MERIT,3290.0,JLN MC Ajmer,MD (Biochemistry),OBC,,Government,Rajsthan__Rajasthan Round 1 Allotment.txt,1647,
Rajasthan,Rajasthan,2025,R1,STATE_MERIT,3293.0,"Centre, Jaipur.",MS (General Surgery),General,,AI,Rajsthan__Rajasthan Round 1 Allotment.txt,1649,
Rajasthan,Rajasthan,2025,R1,STATE_MERIT,3295.0,Ganganagar,MD (Psychiatry),General,,Government,Rajsthan__Rajasthan Round 1 Allotment.txt,1651,
Rajasthan,Rajasthan,2025,R1,STATE_MERIT,3296.0,"Mahatma Gandhi Medical College and Hospital, Jaipur",MS (General Surgery),General,,Management,Rajsthan__Rajasthan Round 1 Allotment.txt,1652,
Rajasthan,Rajasthan,2025,R1,STATE_MERIT,3300.0,SMS Medical College Jaipur,MD (Physiology),SC,,Government,Rajsthan__Rajasthan Round 1 Allotment.txt,1660,
Rajasthan,Rajasthan,2025,R1,STATE_MERIT,3303.0,"National Institute of Medical Sciences & Research (NIMS), Jaipur",MS (Orthopaedics),General,,Government,Rajsthan__Rajasthan Round 1 Allotment.txt,1661,
Rajasthan,Rajasthan,2025,R1,STATE_MERIT,3306.0,"Ananta Institute of Medical Sciences and Research Centre, Rajsamand",MD (Radiodiagnosis/Radiology),General,,Management,Rajsthan__Rajasthan Round 1 Allotment.txt,1662,
Rajasthan,Rajasthan,2025,R1,STATE_MERIT,3307.0,SMS Medical College Jaipur,MD (Physiology),OBC,,Government,Rajsthan__Rajasthan Round 1 Allotment.txt,1663,
Rajasthan,Rajasthan,2025,R1,STATE_MERIT,3308.0,"Geetanjali Medical College & Hospital, Udaipur",MD (Anaesthesia),General,,AI,Rajsthan__Rajasthan Round 1 Allotment.txt,1664,
Rajasthan,Rajasthan,2025,R1,STATE_MERIT,3309.0,"Centre, Jaipur.",MD (General Medicine),General,,Government,Rajsthan__Rajasthan Round 1 Allotment.txt,1666,
Rajasthan,Rajasthan,2025,R1,STATE_MERIT,3310.0,"Mahatma Gandhi Medical College and Hospital, Jaipur",MD (Pharmacology),General,,AI,Rajsthan__Rajasthan Round 1 Allotment.txt,1667,
Rajasthan,Rajasthan,2025,R1,STATE_MERIT,3311.0,SMS Medical College Jaipur,MD (Biochemistry),SC,,Government,Rajsthan__Rajasthan Round 1 Allotment.txt,1668,
Rajasthan,Rajasthan,2025,R1,STATE_MERIT,3312.0,"District Hospital, Dholpur",Post MBBS Diploma (Obs & Gyne),ST,,Government,Rajsthan__Rajasthan Round 1 Allotment.txt,1669,
Rajasthan,Rajasthan,2025,R1,STATE_MERIT,3316.0,"Geetanjali Medical College & Hospital, Udaipur",MD (Emergency Medicine),General,,AI,Rajsthan__Rajasthan Round 1 Allotment.txt,1670,
Rajasthan,Rajasthan,2025,R1,STATE_MERIT,3318.0,"Mahatma Gandhi Medical College and Hospital, Jaipur",MD (Anaesthesia),General,,Government,Rajsthan__Rajasthan Round 1 Allotment.txt,1671,
Rajasthan,Rajasthan,2025,R1,STATE_MERIT,3321.0,RUHS College of Medical Sciences,MD (Pharmacology),EWS,,Government,Rajsthan__Rajasthan Round 1 Allotment.txt,1672,
Rajasthan,Rajasthan,2025,R1,STATE_MERIT,3327.0,"Centre, Jaipur.",MD (Anaesthesia),General,,AI,Rajsthan__Rajasthan Round 1 Allotment.txt,1674,
Rajasthan,Rajasthan,2025,R1,STATE_MERIT,3329.0,SPMC Bikaner,MD (Biochemistry),OBC,,Government,Rajsthan__Rajasthan Round 1 Allotment.txt,1675,
Rajasthan,Rajasthan,2025,R1,STATE_MERIT,3330.0,"Mahatma Gandhi Medical College and Hospital, Jaipur",MS (General Surgery),General,,Management,Rajsthan__Rajasthan Round 1 Allotment.txt,1676,
Rajasthan,Rajasthan,2025,R1,STATE_MERIT,3331.0,RNT MC Udaipur,MD (Pharmacology),ST,,Government,Rajsthan__Rajasthan Round 1 Allotment.txt,1677,
Rajasthan,Rajasthan,2025,R1,STATE_MERIT,3332.0,Ganganagar,MD (Emergency Medicine),General,,AI,Rajsthan__Rajasthan Round 1 Allotment.txt,1679,
Rajasthan,Rajasthan,2025,R1,STATE_MERIT,3334.0,"Ananta Institute of Medical Sciences and Research Centre, Rajsamand",MD (General Medicine),SC,,Government,Rajsthan__Rajasthan Round 1 Allotment.txt,1680,
Rajasthan,Rajasthan,2025,R1,STATE_MERIT,3335.0,"National Institute of Medical Sciences & Research (NIMS), Jaipur",MS (General Surgery),General,,Management,Rajsthan__Rajasthan Round 1 Allotment.txt,1681,
Rajasthan,Rajasthan,2025,R1,STATE_MERIT,3338.0,"Mahatma Gandhi Medical College and Hospital, Jaipur",MD (Pathology),General,,Government,Rajsthan__Rajasthan Round 1 Allotment.txt,1682,
Rajasthan,Rajasthan,2025,R1,STATE_MERIT,3341.0,"Geetanjali Medical College & Hospital, Udaipur",MD (Radiodiagnosis/Radiology),General,,Government,Rajsthan__Rajasthan Round 1 Allotment.txt,1683,
Rajasthan,Rajasthan,2025,R1,STATE_MERIT,3347.0,"Mahatma Gandhi Medical College and Hospital, Jaipur",MD (Psychiatry),General,,Management,Rajsthan__Rajasthan Round 1 Allotment.txt,1684,
Rajasthan,Rajasthan,2025,R1,STATE_MERIT,3351.0,SMS Medical College Jaipur,MD (Physiology),OBC,,Government,Rajsthan__Rajasthan Round 1 Allotment.txt,1685,
Rajasthan,Rajasthan,2025,R1,STATE_MERIT,3359.0,"Centre, Jaipur.",MD (Respiratory Medicine/T.B. & Chest/Tuberculosis & Respiratory Diseases),General,,Government,Rajsthan__Rajasthan Round 1 Allotment.txt,1687,
Rajasthan,Rajasthan,2025,R1,STATE_MERIT,3362.0,GMC Dungarpur,MD (PSM/Community Medicine),General,,Management,Rajsthan__Rajasthan Round 1 Allotment.txt,1688,
Rajasthan,Rajasthan,2025,R1,STATE_MERIT,3363.0,"National Institute of Medical Sciences & Research (NIMS), Jaipur",MD (Paediatrics),General,,Government,Rajsthan__Rajasthan Round 1 Allotment.txt,1689,
Rajasthan,Rajasthan,2025,R1,STATE_MERIT,3364.0,"Mahatma Gandhi Medical College and Hospital, Jaipur",MD (Pathology),SC,,Government,Rajsthan__Rajasthan Round 1 Allotment.txt,1690,
Rajasthan,Rajasthan,2025,R1,STATE_MERIT,3366.0,"National Institute of Medical Sciences & Research (NIMS), Jaipur",MS (ENT),General,,Management,Rajsthan__Rajasthan Round 1 Allotment.txt,1691,
Rajasthan,Rajasthan,2025,R1,STATE_MERIT,3372.0,JLN MC Ajmer,MD (Pharmacology),SC,,Government,Rajsthan__Rajasthan Round 1 Allotment.txt,1692,
Rajasthan,Rajasthan,2025,R1,STATE_MERIT,3373.0,RNT MC Udaipur,MD (Forensic Medicine),ST,,Government,Rajsthan__Rajasthan Round 1 Allotment.txt,1693,
Rajasthan,Rajasthan,2025,R1,STATE_MERIT,3378.0,"Geetanjali Medical College & Hospital, Udaipur",MD (General Medicine),General,,Government,Rajsthan__Rajasthan Round 1 Allotment.txt,1694,
Rajasthan,Rajasthan,2025,R1,STATE_MERIT,3379.0,"Ananta Institute of Medical Sciences and Research Centre, Rajsamand",MS (General Surgery),General,,Government,Rajsthan__Rajasthan Round 1 Allotment.txt,1695,
Rajasthan,Rajasthan,2025,R1,STATE_MERIT,3384.0,"National Institute of Medical Sciences & Research (NIMS), Jaipur",MD (Psychiatry),General,,AI,Rajsthan__Rajasthan Round 1 Allotment.txt,1696,
Rajasthan,Rajasthan,2025,R1,STATE_MERIT,3386.0,"Geetanjali Medical College & Hospital, Udaipur",MD (Psychiatry),General,,AI,Rajsthan__Rajasthan Round 1 Allotment.txt,1697,
Rajasthan,Rajasthan,2025,R1,STATE_MERIT,3387.0,"Ananta Institute of Medical Sciences and Research Centre, Rajsamand",MD (Respiratory Medicine/T.B. & Chest/Tuberculosis & Respiratory Diseases),OBC,,Government,Rajsthan__Rajasthan Round 1 Allotment.txt,1698,
Rajasthan,Rajasthan,2025,R1,STATE_MERIT,3389.0,Ganganagar,MD (Pathology),General,,AI,Rajsthan__Rajasthan Round 1 Allotment.txt,1700,
Rajasthan,Rajasthan,2025,R1,STATE_MERIT,3391.0,"Mahatma Gandhi Medical College and Hospital, Jaipur",MS (Orthopaedics),OBC,,Government,Rajsthan__Rajasthan Round 1 Allotment.txt,1701,
Rajasthan,Rajasthan,2025,R1,STATE_MERIT,3392.0,American International Institute Of Medical Sciences,MD (Radiodiagnosis/Radiology),General,,Management,Rajsthan__Rajasthan Round 1 Allotment.txt,1702,
Rajasthan,Rajasthan,2025,R1,STATE_MERIT,3394.0,"Geetanjali Medical College & Hospital, Udaipur",MD (Respiratory Medicine/T.B. & Chest/Tuberculosis & Respiratory Diseases),General,,Government,Rajsthan__Rajasthan Round 1 Allotment.txt,1703,
Rajasthan,Rajasthan,2025,R1,STATE_MERIT,3398.0,American International Institute Of Medical Sciences,MS (General Surgery),SC,,Government,Rajsthan__Rajasthan Round 1 Allotment.txt,1704,
Rajasthan,Rajasthan,2025,R1,STATE_MERIT,3401.0,American International Institute Of Medical Sciences,MS (ENT),General,,Government,Rajsthan__Rajasthan Round 1 Allotment.txt,1705,
Rajasthan,Rajasthan,2025,R1,STATE_MERIT,3403.0,"Pacific Institute of Medical Sciences, Umarda, Udaipur",MD (Radiodiagnosis/Radiology),General,,AI,Rajsthan__Rajasthan Round 1 Allotment.txt,1706,
Rajasthan,Rajasthan,2025,R1,STATE_MERIT,3404.0,"Ananta Institute of Medical Sciences and Research Centre, Rajsamand",MD (Paediatrics),General,,Management,Rajsthan__Rajasthan Round 1 Allotment.txt,1707,
Rajasthan,Rajasthan,2025,R1,STATE_MERIT,3405.0,American International Institute Of Medical Sciences,MS (ENT),General,,Government,Rajsthan__Rajasthan Round 1 Allotment.txt,1708,
Rajasthan,Rajasthan,2025,R1,STATE_MERIT,3412.0,JLN MC Ajmer,MD (PSM/Community Medicine),ST,,Government,Rajsthan__Rajasthan Round 1 Allotment.txt,1709,
Rajasthan,Rajasthan,2025,R1,STATE_MERIT,3413.0,"Geetanjali Medical College & Hospital, Udaipur",MD (Psychiatry),General,,AI,Rajsthan__Rajasthan Round 1 Allotment.txt,1710,
Rajasthan,Rajasthan,2025,R1,STATE_MERIT,3415.0,"National Institute of Medical Sciences & Research (NIMS), Jaipur",MS (General Surgery),General,,Management,Rajsthan__Rajasthan Round 1 Allotment.txt,1711,
Rajasthan,Rajasthan,2025,R1,STATE_MERIT,3417.0,JLN MC Ajmer,MD (Microbiology),SC,,Government,Rajsthan__Rajasthan Round 1 Allotment.txt,1712,
Rajasthan,Rajasthan,2025,R1,STATE_MERIT,3418.0,"Centre, Jaipur.",MS (General Surgery),General,,Management,Rajsthan__Rajasthan Round 1 Allotment.txt,1714,
Rajasthan,Rajasthan,2025,R1,STATE_MERIT,3419.0,"National Institute of Medical Sciences & Research (NIMS), Jaipur",MD (Radiodiagnosis/Radiology),General,,Management,Rajsthan__Rajasthan Round 1 Allotment.txt,1715,
Rajasthan,Rajasthan,2025,R1,STATE_MERIT,3421.0,American International Institute Of Medical Sciences,MS (General Surgery),General,,Management,Rajsthan__Rajasthan Round 1 Allotment.txt,1716,
Rajasthan,Rajasthan,2025,R1,STATE_MERIT,3422.0,"Mahatma Gandhi Medical College and Hospital, Jaipur",MD (Biochemistry),General,,AI,Rajsthan__Rajasthan Round 1 Allotment.txt,1717,
Rajasthan,Rajasthan,2025,R1,STATE_MERIT,3423.0,"Mahatma Gandhi Medical College and Hospital, Jaipur",MD (Anaesthesia),General,,Government,Rajsthan__Rajasthan Round 1 Allotment.txt,1718,
Rajasthan,Rajasthan,2025,R1,STATE_MERIT,3425.0,"Centre, Jaipur.",MD (Anaesthesia),General,,AI,Rajsthan__Rajasthan Round 1 Allotment.txt,1720,
Rajasthan,Rajasthan,2025,R1,STATE_MERIT,3426.0,"Ananta Institute of Medical Sciences and Research Centre, Rajsamand",MS (General Surgery),General,,Management,Rajsthan__Rajasthan Round 1 Allotment.txt,1721,
Rajasthan,Rajasthan,2025,R1,STATE_MERIT,3429.0,"Centre, Jaipur.",MD (Anaesthesia),General,,AI,Rajsthan__Rajasthan Round 1 Allotment.txt,1730,
Rajasthan,Rajasthan,2025,R1,STATE_MERIT,3431.0,RUHS College of Medical Sciences,MD (PSM/Community Medicine),EWS,,Management,Rajsthan__Rajasthan Round 1 Allotment.txt,1731,
Rajasthan,Rajasthan,2025,R1,STATE_MERIT,3434.0,"Geetanjali Medical College & Hospital, Udaipur",MD (Radiotherapy/Radiationoncology),General,,AI,Rajsthan__Rajasthan Round 1 Allotment.txt,1732,
Rajasthan,Rajasthan,2025,R1,STATE_MERIT,3437.0,"Geetanjali Medical College & Hospital, Udaipur",MD (PSM/Community Medicine),EWS,,Government,Rajsthan__Rajasthan Round 1 Allotment.txt,1733,
Rajasthan,Rajasthan,2025,R1,STATE_MERIT,3445.0,"Geetanjali Medical College & Hospital, Udaipur",MS (Obst. & Gynaecology),General,,Management,Rajsthan__Rajasthan Round 1 Allotment.txt,1734,
Rajasthan,Rajasthan,2025,R1,STATE_MERIT,3450.0,Shri Jagannath Pahadiya Medical College Bharatpur or GMC Bharatpur,MD (PSM/Community Medicine),ST,,Government,Rajsthan__Rajasthan Round 1 Allotment.txt,1735,
Rajasthan,Rajasthan,2025,R1,STATE_MERIT,3451.0,"Geetanjali Medical College & Hospital, Udaipur",MD (Anaesthesia),General,,AI,Rajsthan__Rajasthan Round 1 Allotment.txt,1736,
Rajasthan,Rajasthan,2025,R1,STATE_MERIT,3452.0,American International Institute Of Medical Sciences,MD (Anaesthesia),General,,AI,Rajsthan__Rajasthan Round 1 Allotment.txt,1737,
Rajasthan,Rajasthan,2025,R1,STATE_MERIT,3455.0,"Ananta Institute of Medical Sciences and Research Centre, Rajsamand",MS (General Surgery),OBC,,Government,Rajsthan__Rajasthan Round 1 Allotment.txt,1738,
Rajasthan,Rajasthan,2025,R1,STATE_MERIT,3456.0,American International Institute Of Medical Sciences,MD (Anaesthesia),General,,AI,Rajsthan__Rajasthan Round 1 Allotment.txt,1739,
Rajasthan,Rajasthan,2025,R1,STATE_MERIT,3458.0,"Mahatma Gandhi Medical College and Hospital, Jaipur",MS (Orthopaedics),OBC,,Management,Rajsthan__Rajasthan Round 1 Allotment.txt,1740,
Rajasthan,Rajasthan,2025,R1,STATE_MERIT,3459.0,"Mahatma Gandhi Medical College and Hospital, Jaipur",MD (Phy. Med. & Reh.),OBC,,Government,Rajsthan__Rajasthan Round 1 Allotment.txt,1741,
Rajasthan,Rajasthan,2025,R1,STATE_MERIT,3460.0,"National Institute of Medical Sciences & Research (NIMS), Jaipur",MD (Paediatrics),General,,Management,Rajsthan__Rajasthan Round 1 Allotment.txt,1742,
Rajasthan,Rajasthan,2025,R1,STATE_MERIT,3461.0,"Mahatma Gandhi Medical College and Hospital, Jaipur",MD (Hospital Administration),OBC,,Government,Rajsthan__Rajasthan Round 1 Allotment.txt,1743,
Rajasthan,Rajasthan,2025,R1,STATE_MERIT,3464.0,"National Institute of Medical Sciences & Research (NIMS), Jaipur",MS (Ophthalmology),General,,AI,Rajsthan__Rajasthan Round 1 Allotment.txt,1744,
Rajasthan,Rajasthan,2025,R1,STATE_MERIT,3465.0,JLN MC Ajmer,MD (Microbiology),SC,,Government,Rajsthan__Rajasthan Round 1 Allotment.txt,1745,
Rajasthan,Rajasthan,2025,R1,STATE_MERIT,3467.0,"Centre, Jaipur.",MD (Paediatrics),General,,Management,Rajsthan__Rajasthan Round 1 Allotment.txt,1747,
Rajasthan,Rajasthan,2025,R1,STATE_MERIT,3469.0,American International Institute Of Medical Sciences,MS (Ophthalmology),OBC,,AI,Rajsthan__Rajasthan Round 1 Allotment.txt,1748,
Rajasthan,Rajasthan,2025,R1,STATE_MERIT,3472.0,"National Institute of Medical Sciences & Research (NIMS), Jaipur",MD (Psychiatry),General,,AI,Rajsthan__Rajasthan Round 1 Allotment.txt,1749,
Rajasthan,Rajasthan,2025,R1,STATE_MERIT,3474.0,"Geetanjali Medical College & Hospital, Udaipur",MD (Anaesthesia),General,,AI,Rajsthan__Rajasthan Round 1 Allotment.txt,1750,
Rajasthan,Rajasthan,2025,R1,STATE_MERIT,3476.0,"Ananta Institute of Medical Sciences and Research Centre, Rajsamand",MD (General Medicine),General,,Management,Rajsthan__Rajasthan Round 1 Allotment.txt,1751,
Rajasthan,Rajasthan,2025,R1,STATE_MERIT,3480.0,"Geetanjali Medical College & Hospital, Udaipur",MS (Ophthalmology),General,,AI,Rajsthan__Rajasthan Round 1 Allotment.txt,1752,
Rajasthan,Rajasthan,2025,R1,STATE_MERIT,3483.0,"Mahatma Gandhi Medical College and Hospital, Jaipur",MS (Orthopaedics),General,,Management,Rajsthan__Rajasthan Round 1 Allotment.txt,1753,
Rajasthan,Rajasthan,2025,R1,STATE_MERIT,3484.0,"National Institute of Medical Sciences & Research (NIMS), Jaipur",MD (Psychiatry),General,,AI,Rajsthan__Rajasthan Round 1 Allotment.txt,1754,
Rajasthan,Rajasthan,2025,R1,STATE_MERIT,3486.0,"National Institute of Medical Sciences & Research (NIMS), Jaipur",MS (Obst. & Gynaecology),General,,Government,Rajsthan__Rajasthan Round 1 Allotment.txt,1755,
Rajasthan,Rajasthan,2025,R1,STATE_MERIT,3487.0,"Mahatma Gandhi Medical College and Hospital, Jaipur",MD (Anaesthesia),OBC,,Government,Rajsthan__Rajasthan Round 1 Allotment.txt,1756,
Rajasthan,Rajasthan,2025,R1,STATE_MERIT,3494.0,American International Institute Of Medical Sciences,MS (Ophthalmology),OBC,,AI,Rajsthan__Rajasthan Round 1 Allotment.txt,1757,
Rajasthan,Rajasthan,2025,R1,STATE_MERIT,3495.0,"Mahatma Gandhi Medical College and Hospital, Jaipur",MD (Anaesthesia),OBC,,Government,Rajsthan__Rajasthan Round 1 Allotment.txt,1758,
Rajasthan,Rajasthan,2025,R1,STATE_MERIT,3496.0,GMC Pali,MD (Physiology),General,,Government,Rajsthan__Rajasthan Round 1 Allotment.txt,1759,
Rajasthan,Rajasthan,2025,R1,STATE_MERIT,3497.0,"National Institute of Medical Sciences & Research (NIMS), Jaipur",MS (Orthopaedics),General,,Management,Rajsthan__Rajasthan Round 1 Allotment.txt,1760,
Rajasthan,Rajasthan,2025,R1,STATE_MERIT,3498.0,"Centre, Jaipur.",MD (Anaesthesia),General,,AI,Rajsthan__Rajasthan Round 1 Allotment.txt,1762,
Rajasthan,Rajasthan,2025,R1,STATE_MERIT,3500.0,"Ananta Institute of Medical Sciences and Research Centre, Rajsamand",MD (Anaesthesia),General,,Management,Rajsthan__Rajasthan Round 1 Allotment.txt,1763,
Rajasthan,Rajasthan,2025,R1,STATE_MERIT,3501.0,"Geetanjali Medical College & Hospital, Udaipur",MD (Skin & V.D / Dermatology Ven. & Leprosy),General,,Government,Rajsthan__Rajasthan Round 1 Allotment.txt,1764,
Rajasthan,Rajasthan,2025,R1,STATE_MERIT,3502.0,"Geetanjali Medical College & Hospital, Udaipur",MD (Anaesthesia),General,,AI,Rajsthan__Rajasthan Round 1 Allotment.txt,1765,
Rajasthan,Rajasthan,2025,R1,STATE_MERIT,3503.0,"Geetanjali Medical College & Hospital, Udaipur",MD (Paediatrics),General,,AI,Rajsthan__Rajasthan Round 1 Allotment.txt,1766,
Rajasthan,Rajasthan,2025,R1,STATE_MERIT,3512.0,"Mahatma Gandhi Medical College and Hospital, Jaipur",MD (Pathology),General,,AI,Rajsthan__Rajasthan Round 1 Allotment.txt,1767,
Rajasthan,Rajasthan,2025,R1,STATE_MERIT,3517.0,JLN MC Ajmer,MD (Forensic Medicine),ST,,Government,Rajsthan__Rajasthan Round 1 Allotment.txt,1768,
Rajasthan,Rajasthan,2025,R1,STATE_MERIT,3530.0,SMS Medical College Jaipur,MD (Microbiology),ST,,Government,Rajsthan__Rajasthan Round 1 Allotment.txt,1769,
Rajasthan,Rajasthan,2025,R1,STATE_MERIT,3531.0,SMS Medical College Jaipur,MD (Biochemistry),SC,,Government,Rajsthan__Rajasthan Round 1 Allotment.txt,1770,
Rajasthan,Rajasthan,2025,R1,STATE_MERIT,3532.0,"Pacific Institute of Medical Sciences, Umarda, Udaipur",MD (Anaesthesia),General,,AI,Rajsthan__Rajasthan Round 1 Allotment.txt,1771,
Rajasthan,Rajasthan,2025,R1,STATE_MERIT,3533.0,"Mahatma Gandhi Medical College and Hospital, Jaipur",MD (Paediatrics),OBC,,Government,Rajsthan__Rajasthan Round 1 Allotment.txt,1772,
Rajasthan,Rajasthan,2025,R1,STATE_MERIT,3534.0,SPMC Bikaner,MD (Biochemistry),General,,Government,Rajsthan__Rajasthan Round 1 Allotment.txt,1773,
Rajasthan,Rajasthan,2025,R1,STATE_MERIT,3535.0,"Mahatma Gandhi Medical College and Hospital, Jaipur",MD (Anaesthesia),General,,Government,Rajsthan__Rajasthan Round 1 Allotment.txt,1774,
Rajasthan,Rajasthan,2025,R1,STATE_MERIT,3537.0,"Geetanjali Medical College & Hospital, Udaipur",MS (General Surgery),General,,AI,Rajsthan__Rajasthan Round 1 Allotment.txt,1775,
Rajasthan,Rajasthan,2025,R1,STATE_MERIT,3541.0,"National Institute of Medical Sciences & Research (NIMS), Jaipur",MS (Orthopaedics),General,,Management,Rajsthan__Rajasthan Round 1 Allotment.txt,1776,
Rajasthan,Rajasthan,2025,R1,STATE_MERIT,3543.0,"Ananta Institute of Medical Sciences and Research Centre, Rajsamand",MD (Anaesthesia),General,,Management,Rajsthan__Rajasthan Round 1 Allotment.txt,1777,
Rajasthan,Rajasthan,2025,R1,STATE_MERIT,3545.0,"Centre, Jaipur.",MD (Radiodiagnosis/Radiology),OBC,,Government,Rajsthan__Rajasthan Round 1 Allotment.txt,1779,
Rajasthan,Rajasthan,2025,R1,STATE_MERIT,3551.0,SMS Medical College Jaipur,MD (Biochemistry),SC,,Government,Rajsthan__Rajasthan Round 1 Allotment.txt,1780,
Rajasthan,Rajasthan,2025,R1,STATE_MERIT,3553.0,SPMC Bikaner,MD (General Medicine),OBC,,Government,Rajsthan__Rajasthan Round 1 Allotment.txt,1781,
Rajasthan,Rajasthan,2025,R1,STATE_MERIT,3557.0,JLN MC Ajmer,MD (Biochemistry),OBC,,Government,Rajsthan__Rajasthan Round 1 Allotment.txt,1782,
Rajasthan,Rajasthan,2025,R1,STATE_MERIT,3558.0,"National Institute of Medical Sciences & Research (NIMS), Jaipur",MS (General Surgery),General,,Management,Rajsthan__Rajasthan Round 1 Allotment.txt,1783,
Rajasthan,Rajasthan,2025,R1,STATE_MERIT,3560.0,"Mahatma Gandhi Medical College and Hospital, Jaipur",MS (Ophthalmology),SC,,AI,Rajsthan__Rajasthan Round 1 Allotment.txt,1784,
Rajasthan,Rajasthan,2025,R1,STATE_MERIT,3564.0,"Mahatma Gandhi Medical College and Hospital, Jaipur",MS (General Surgery),OBC,,AI,Rajsthan__Rajasthan Round 1 Allotment.txt,1785,
Rajasthan,Rajasthan,2025,R1,STATE_MERIT,3565.0,Jhalawar Medical College Jhalawar,MD (PSM/Community Medicine),OBC,,Management,Rajsthan__Rajasthan Round 1 Allotment.txt,1786,
Rajasthan,Rajasthan,2025,R1,STATE_MERIT,3567.0,"Mahatma Gandhi Medical College and Hospital, Jaipur",MD (PSM/Community Medicine),OBC,,Government,Rajsthan__Rajasthan Round 1 Allotment.txt,1787,
Rajasthan,Rajasthan,2025,R1,STATE_MERIT,3569.0,"Centre, Jaipur.",MD (General Medicine),OBC,,Government,Rajsthan__Rajasthan Round 1 Allotment.txt,1789,
Rajasthan,Rajasthan,2025,R1,STATE_MERIT,3576.0,"Mahatma Gandhi Medical College and Hospital, Jaipur",MS (Orthopaedics),OBC,,Government,Rajsthan__Rajasthan Round 1 Allotment.txt,1790,
Rajasthan,Rajasthan,2025,R1,STATE_MERIT,3577.0,RNT MC Udaipur,MD (Biochemistry),ST,,Government,Rajsthan__Rajasthan Round 1 Allotment.txt,1798,
Rajasthan,Rajasthan,2025,R1,STATE_MERIT,3578.0,"Ananta Institute of Medical Sciences and Research Centre, Rajsamand",MS (General Surgery),General,,Management,Rajsthan__Rajasthan Round 1 Allotment.txt,1799,
Rajasthan,Rajasthan,2025,R1,STATE_MERIT,3579.0,"Ananta Institute of Medical Sciences and Research Centre, Rajsamand",MD (General Medicine),General,,Management,Rajsthan__Rajasthan Round 1 Allotment.txt,1800,
Rajasthan,Rajasthan,2025,R1,STATE_MERIT,3581.0,JLN MC Ajmer,MD (General Medicine),OBC,,Government,Rajsthan__Rajasthan Round 1 Allotment.txt,1801,
Rajasthan,Rajasthan,2025,R1,STATE_MERIT,3583.0,JLN MC Ajmer,MD (Forensic Medicine),MBC NCL,,Government,Rajsthan__Rajasthan Round 1 Allotment.txt,1802,
Rajasthan,Rajasthan,2025,R1,STATE_MERIT,3593.0,"National Institute of Medical Sciences & Research (NIMS), Jaipur",MD (Paediatrics),General,,Management,Rajsthan__Rajasthan Round 1 Allotment.txt,1803,
Rajasthan,Rajasthan,2025,R1,STATE_MERIT,3595.0,SPMC Bikaner,MD (Forensic Medicine),ST,,Government,Rajsthan__Rajasthan Round 1 Allotment.txt,1804,
Rajasthan,Rajasthan,2025,R1,STATE_MERIT,3596.0,"Mahatma Gandhi Medical College and Hospital, Jaipur",MD (Emergency Medicine),General,,Management,Rajsthan__Rajasthan Round 1 Allotment.txt,1805,
Rajasthan,Rajasthan,2025,R1,STATE_MERIT,3597.0,"Centre, Jaipur.",MS (Obst. & Gynaecology),OBC,,Government,Rajsthan__Rajasthan Round 1 Allotment.txt,1807,
Rajasthan,Rajasthan,2025,R1,STATE_MERIT,3599.0,"Pacific Institute of Medical Sciences, Umarda, Udaipur",MD (Anaesthesia),General,,AI,Rajsthan__Rajasthan Round 1 Allotment.txt,1808,
Rajasthan,Rajasthan,2025,R1,STATE_MERIT,3601.0,"National Institute of Medical Sciences & Research (NIMS), Jaipur",MS (Obst. & Gynaecology),OBC,,Government,Rajsthan__Rajasthan Round 1 Allotment.txt,1809,
Rajasthan,Rajasthan,2025,R1,STATE_MERIT,3602.0,American International Institute Of Medical Sciences,MD (Paediatrics),ST,,Government,Rajsthan__Rajasthan Round 1 Allotment.txt,1810,
Rajasthan,Rajasthan,2025,R1,STATE_MERIT,3604.0,RUHS College of Medical Sciences,MS (Anatomy),MBC NCL,,Government,Rajsthan__Rajasthan Round 1 Allotment.txt,1811,
Rajasthan,Rajasthan,2025,R1,STATE_MERIT,3606.0,"Geetanjali Medical College & Hospital, Udaipur",MD (General Medicine),OBC,,Government,Rajsthan__Rajasthan Round 1 Allotment.txt,1812,
Rajasthan,Rajasthan,2025,R1,STATE_MERIT,3607.0,"National Institute of Medical Sciences & Research (NIMS), Jaipur",MD (General Medicine),OBC,,Government,Rajsthan__Rajasthan Round 1 Allotment.txt,1813,
Rajasthan,Rajasthan,2025,R1,STATE_MERIT,3608.0,"Ananta Institute of Medical Sciences and Research Centre, Rajsamand",MS (Obst. & Gynaecology),General,,Management,Rajsthan__Rajasthan Round 1 Allotment.txt,1814,
Rajasthan,Rajasthan,2025,R1,STATE_MERIT,3609.0,SMS Medical College Jaipur,MD (Pharmacology),ST,,Government,Rajsthan__Rajasthan Round 1 Allotment.txt,1815,
Rajasthan,Rajasthan,2025,R1,STATE_MERIT,3611.0,JLN MC Ajmer,MD (Biochemistry),OBC,,Government,Rajsthan__Rajasthan Round 1 Allotment.txt,1816,
Rajasthan,Rajasthan,2025,R1,STATE_MERIT,3613.0,SMS Medical College Jaipur,MD (Biochemistry),ST,,Government,Rajsthan__Rajasthan Round 1 Allotment.txt,1817,
Rajasthan,Rajasthan,2025,R1,STATE_MERIT,3614.0,"National Institute of Medical Sciences & Research (NIMS), Jaipur",MD (Respiratory Medicine/T.B. & Chest/Tuberculosis & Respiratory Diseases),OBC,,AI,Rajsthan__Rajasthan Round 1 Allotment.txt,1818,
Rajasthan,Rajasthan,2025,R1,STATE_MERIT,3615.0,"Centre, Jaipur.",MS (Ophthalmology),General,,AI,Rajsthan__Rajasthan Round 1 Allotment.txt,1820,
Rajasthan,Rajasthan,2025,R1,STATE_MERIT,3616.0,SMS Medical College Jaipur,MD (Pharmacology),MBC NCL,,Government,Rajsthan__Rajasthan Round 1 Allotment.txt,1821,
Rajasthan,Rajasthan,2025,R1,STATE_MERIT,3620.0,"National Institute of Medical Sciences & Research (NIMS), Jaipur",MS (ENT),General,,Government,Rajsthan__Rajasthan Round 1 Allotment.txt,1822,
Rajasthan,Rajasthan,2025,R1,STATE_MERIT,3624.0,"National Institute of Medical Sciences & Research (NIMS), Jaipur",MD (Paediatrics),OBC,,Government,Rajsthan__Rajasthan Round 1 Allotment.txt,1823,
Rajasthan,Rajasthan,2025,R1,STATE_MERIT,3629.0,"National Institute of Medical Sciences & Research (NIMS), Jaipur",MS (Orthopaedics),OBC,,AI,Rajsthan__Rajasthan Round 1 Allotment.txt,1824,
Rajasthan,Rajasthan,2025,R1,STATE_MERIT,3638.0,"National Institute of Medical Sciences & Research (NIMS), Jaipur",MD (Immunohaematology and Blood Transfusion),OBC,,AI,Rajsthan__Rajasthan Round 1 Allotment.txt,1825,
Rajasthan,Rajasthan,2025,R1,STATE_MERIT,3644.0,"Mahatma Gandhi Medical College and Hospital, Jaipur",MS (Orthopaedics),OBC,,Government,Rajsthan__Rajasthan Round 1 Allotment.txt,1826,
Rajasthan,Rajasthan,2025,R1,STATE_MERIT,3645.0,"Govt. Medical College, Kota",MD (Physiology),SC,,Government,Rajsthan__Rajasthan Round 1 Allotment.txt,1827,
Rajasthan,Rajasthan,2025,R1,STATE_MERIT,3646.0,RNT MC Udaipur,MD (Pharmacology),ST,,Government,Rajsthan__Rajasthan Round 1 Allotment.txt,1828,
Rajasthan,Rajasthan,2025,R1,STATE_MERIT,3648.0,Ganganagar,MD (Anaesthesia),OBC,,AI,Rajsthan__Rajasthan Round 1 Allotment.txt,1830,
Rajasthan,Rajasthan,2025,R1,STATE_MERIT,3653.0,American International Institute Of Medical Sciences,MD (Radiodiagnosis/Radiology),General,,Management,Rajsthan__Rajasthan Round 1 Allotment.txt,1831,
Rajasthan,Rajasthan,2025,R1,STATE_MERIT,3656.0,"National Institute of Medical Sciences & Research (NIMS), Jaipur",MS (Obst. & Gynaecology),General,,Government,Rajsthan__Rajasthan Round 1 Allotment.txt,1832,
Rajasthan,Rajasthan,2025,R1,STATE_MERIT,3657.0,"National Institute of Medical Sciences & Research (NIMS), Jaipur",MD (Paediatrics),General,,Government,Rajsthan__Rajasthan Round 1 Allotment.txt,1833,
Rajasthan,Rajasthan,2025,R1,STATE_MERIT,3659.0,"Geetanjali Medical College & Hospital, Udaipur",MS (Obst. & Gynaecology),General,,Management,Rajsthan__Rajasthan Round 1 Allotment.txt,1834,
Rajasthan,Rajasthan,2025,R1,STATE_MERIT,3661.0,"National Institute of Medical Sciences & Research (NIMS), Jaipur",MS (Ophthalmology),General,,Management,Rajsthan__Rajasthan Round 1 Allotment.txt,1835,
Rajasthan,Rajasthan,2025,R1,STATE_MERIT,3662.0,"Mahatma Gandhi Medical College and Hospital, Jaipur",MS (ENT),OBC,,Management,Rajsthan__Rajasthan Round 1 Allotment.txt,1836,
Rajasthan,Rajasthan,2025,R1,STATE_MERIT,3665.0,"National Institute of Medical Sciences & Research (NIMS), Jaipur",MS (General Surgery),General,,Management,Rajsthan__Rajasthan Round 1 Allotment.txt,1837,
Rajasthan,Rajasthan,2025,R1,STATE_MERIT,3667.0,RNT MC Udaipur,MD (Biochemistry),OBC,,Government,Rajsthan__Rajasthan Round 1 Allotment.txt,1838,
Rajasthan,Rajasthan,2025,R1,STATE_MERIT,3673.0,SMS Medical College Jaipur,MD (Microbiology),ST,,Government,Rajsthan__Rajasthan Round 1 Allotment.txt,1839,
Rajasthan,Rajasthan,2025,R1,STATE_MERIT,3677.0,"Mahatma Gandhi Medical College and Hospital, Jaipur",MD (Radiodiagnosis/Radiology),ST,,Government,Rajsthan__Rajasthan Round 1 Allotment.txt,1840,
Rajasthan,Rajasthan,2025,R1,STATE_MERIT,3678.0,RNT MC Udaipur,MD (Biochemistry),OBC,,Government,Rajsthan__Rajasthan Round 1 Allotment.txt,1841,
Rajasthan,Rajasthan,2025,R1,STATE_MERIT,3685.0,"Mahatma Gandhi Medical College and Hospital, Jaipur",MD (Phy. Med. & Reh.),SC,,AI,Rajsthan__Rajasthan Round 1 Allotment.txt,1842,
Rajasthan,Rajasthan,2025,R1,STATE_MERIT,3688.0,"Geetanjali Medical College & Hospital, Udaipur",MS (Ophthalmology),General,,AI,Rajsthan__Rajasthan Round 1 Allotment.txt,1843,
Rajasthan,Rajasthan,2025,R1,STATE_MERIT,3690.0,"National Institute of Medical Sciences & Research (NIMS), Jaipur",MD (General Medicine),General,,Government,Rajsthan__Rajasthan Round 1 Allotment.txt,1844,
Rajasthan,Rajasthan,2025,R1,STATE_MERIT,3691.0,"National Institute of Medical Sciences & Research (NIMS), Jaipur",MD (Anaesthesia),OBC,,AI,Rajsthan__Rajasthan Round 1 Allotment.txt,1845,
Rajasthan,Rajasthan,2025,R1,STATE_MERIT,3692.0,SMS Medical College Jaipur,MD (Physiology),OBC,,Government,Rajsthan__Rajasthan Round 1 Allotment.txt,1846,
Rajasthan,Rajasthan,2025,R1,STATE_MERIT,3696.0,"Mahatma Gandhi Medical College and Hospital, Jaipur",MD (Pathology),OBC,,AI,Rajsthan__Rajasthan Round 1 Allotment.txt,1847,
Rajasthan,Rajasthan,2025,R1,STATE_MERIT,3698.0,"Centre, Jaipur.",MD (Skin & V.D / Dermatology Ven. & Leprosy),OBC,,Government,Rajsthan__Rajasthan Round 1 Allotment.txt,1849,
Rajasthan,Rajasthan,2025,R1,STATE_MERIT,3701.0,"Pacific Medical College & Hospital, Udaipur",MD (Paediatrics),General,,AI,Rajsthan__Rajasthan Round 1 Allotment.txt,1850,
Rajasthan,Rajasthan,2025,R1,STATE_MERIT,3702.0,"Pacific Medical College & Hospital, Udaipur",MD (General Medicine),OBC,,AI,Rajsthan__Rajasthan Round 1 Allotment.txt,1851,
Rajasthan,Rajasthan,2025,R1,STATE_MERIT,3704.0,"National Institute of Medical Sciences & Research (NIMS), Jaipur",MS (General Surgery),General,,Management,Rajsthan__Rajasthan Round 1 Allotment.txt,1852,
Rajasthan,Rajasthan,2025,R1,STATE_MERIT,3705.0,"Mahatma Gandhi Medical College and Hospital, Jaipur",MS (Orthopaedics),ST,,Government,Rajsthan__Rajasthan Round 1 Allotment.txt,1853,
Rajasthan,Rajasthan,2025,R2,STATE_MERIT,1.0,Radiodiagnosis/Radiology,RAJESH KUMAR AGARWAL,General,,MD,Rajsthan__Rajasthan Round 2 Allotment.txt,4,
Rajasthan,Rajasthan,2025,R2,STATE_MERIT,2.0,Radiodiagnosis/Radiology,RAJARAM SAHARAN,OBC,,MD,Rajsthan__Rajasthan Round 2 Allotment.txt,5,
Rajasthan,Rajasthan,2025,R2,STATE_MERIT,3.0,Radiodiagnosis/Radiology,VINAY PAL YADAV,OBC,,MD,Rajsthan__Rajasthan Round 2 Allotment.txt,6,
Rajasthan,Rajasthan,2025,R2,STATE_MERIT,4.0,Radiodiagnosis/Radiology,PADMA RAM SAU,OBC,,MD,Rajsthan__Rajasthan Round 2 Allotment.txt,7,
Rajasthan,Rajasthan,2025,R2,STATE_MERIT,5.0,Radiodiagnosis/Radiology,MADAN LAL YADAV,OBC,,MD,Rajsthan__Rajasthan Round 2 Allotment.txt,8,
Rajasthan,Rajasthan,2025,R2,STATE_MERIT,6.0,Radiodiagnosis/Radiology,JAINARAYAN SAINI,OBC,,MD,Rajsthan__Rajasthan Round 2 Allotment.txt,9,
Rajasthan,Rajasthan,2025,R2,STATE_MERIT,7.0,Radiodiagnosis/Radiology,RAMAWTAR DOODWAL,OBC,,MD,Rajsthan__Rajasthan Round 2 Allotment.txt,10,
Rajasthan,Rajasthan,2025,R2,STATE_MERIT,8.0,Radiodiagnosis/Radiology,GANGA SINGH RATHORE,General,,MD,Rajsthan__Rajasthan Round 2 Allotment.txt,11,
Rajasthan,Rajasthan,2025,R2,STATE_MERIT,9.0,General Medicine,RAMDEV SINGH BAJYA,OBC,,MD,Rajsthan__Rajasthan Round 2 Allotment.txt,12,
Rajasthan,Rajasthan,2025,R2,STATE_MERIT,10.0,Radiodiagnosis/Radiology,JOGENDRA KUMAR,OBC,,MD,Rajsthan__Rajasthan Round 2 Allotment.txt,13,
Rajasthan,Rajasthan,2025,R2,STATE_MERIT,11.0,General Medicine,NARESH KUMAR JAIN,General,,MD,Rajsthan__Rajasthan Round 2 Allotment.txt,14,
Rajasthan,Rajasthan,2025,R2,STATE_MERIT,12.0,Radiodiagnosis/Radiology,DHANANJAYA KUMAR DWIVEDI,General,,MD,Rajsthan__Rajasthan Round 2 Allotment.txt,15,
Rajasthan,Rajasthan,2025,R2,STATE_MERIT,13.0,General Medicine,CHANDRA RAM,OBC,,MD,Rajsthan__Rajasthan Round 2 Allotment.txt,16,
Rajasthan,Rajasthan,2025,R2,STATE_MERIT,14.0,Radiodiagnosis/Radiology,MOHAN LAL YADAV,OBC,,MD,Rajsthan__Rajasthan Round 2 Allotment.txt,17,
Rajasthan,Rajasthan,2025,R2,STATE_MERIT,15.0,Radiodiagnosis/Radiology,OM PRAKASH PRAJAPAT,OBC,,MD,Rajsthan__Rajasthan Round 2 Allotment.txt,18,
Rajasthan,Rajasthan,2025,R2,STATE_MERIT,16.0,General Medicine,SHIV RAM CHOUDHARY,OBC,,MD,Rajsthan__Rajasthan Round 2 Allotment.txt,19,
Rajasthan,Rajasthan,2025,R2,STATE_MERIT,17.0,General Medicine,JAGDISH CHANDRA BISHNOI,OBC,,MD,Rajsthan__Rajasthan Round 2 Allotment.txt,20,
Rajasthan,Rajasthan,2025,R2,STATE_MERIT,18.0,Radiodiagnosis/Radiology,NEHRU LAL YADAV,OBC,,MD,Rajsthan__Rajasthan Round 2 Allotment.txt,21,
Rajasthan,Rajasthan,2025,R2,STATE_MERIT,19.0,Radiodiagnosis/Radiology,JUGTA RAM,OBC,,MD,Rajsthan__Rajasthan Round 2 Allotment.txt,22,
Rajasthan,Rajasthan,2025,R2,STATE_MERIT,20.0,Radiodiagnosis/Radiology,KALLU RAM SHARMA,General,,MD,Rajsthan__Rajasthan Round 2 Allotment.txt,23,
Rajasthan,Rajasthan,2025,R2,STATE_MERIT,21.0,Radiodiagnosis/Radiology,NANU RAM,OBC,,MD,Rajsthan__Rajasthan Round 2 Allotment.txt,24,
Rajasthan,Rajasthan,2025,R2,STATE_MERIT,22.0,Radiodiagnosis/Radiology,KUNDAN JOSHI,General,,MD,Rajsthan__Rajasthan Round 2 Allotment.txt,25,
Rajasthan,Rajasthan,2025,R2,STATE_MERIT,23.0,Skin & V.D / Dermatology Ven. & Leprosy,VIMAL KUMAR,OBC,,MD,Rajsthan__Rajasthan Round 2 Allotment.txt,26,
Rajasthan,Rajasthan,2025,R2,STATE_MERIT,24.0,Skin & V.D / Dermatology Ven. & Leprosy,OMPRAKASH SHARMA,General,,MD,Rajsthan__Rajasthan Round 2 Allotment.txt,27,
Rajasthan,Rajasthan,2025,R2,STATE_MERIT,25.0,General Medicine,RAM DAYAL YADAV,OBC,,MD,Rajsthan__Rajasthan Round 2 Allotment.txt,28,
Rajasthan,Rajasthan,2025,R2,STATE_MERIT,26.0,Radiodiagnosis/Radiology,DINESH KUMAR SONI,OBC,,MD,Rajsthan__Rajasthan Round 2 Allotment.txt,29,
Rajasthan,Rajasthan,2025,R2,STATE_MERIT,27.0,Radiodiagnosis/Radiology,HARI RAM JARIYA,OBC,,MD,Rajsthan__Rajasthan Round 2 Allotment.txt,30,
Rajasthan,Rajasthan,2025,R2,STATE_MERIT,28.0,Skin & V.D / Dermatology Ven. & Leprosy,SUKH RAM LATIYAL,OBC,,MD,Rajsthan__Rajasthan Round 2 Allotment.txt,31,
Rajasthan,Rajasthan,2025,R2,STATE_MERIT,29.0,General Medicine,GOPILAL,OBC,,MD,Rajsthan__Rajasthan Round 2 Allotment.txt,32,
Rajasthan,Rajasthan,2025,R2,STATE_MERIT,30.0,Radiodiagnosis/Radiology,GOPAL LAL,OBC,,MD,Rajsthan__Rajasthan Round 2 Allotment.txt,33,
Rajasthan,Rajasthan,2025,R2,STATE_MERIT,31.0,Skin & V.D / Dermatology Ven. & Leprosy,KALU RAM,OBC,,MD,Rajsthan__Rajasthan Round 2 Allotment.txt,34,
Rajasthan,Rajasthan,2025,R2,STATE_MERIT,32.0,Radiodiagnosis/Radiology,GANESH PRASAD SONI,OBC,,MD,Rajsthan__Rajasthan Round 2 Allotment.txt,35,
Rajasthan,Rajasthan,2025,R2,STATE_MERIT,33.0,Radiodiagnosis/Radiology,JAIRAM CHOUDHARY,OBC,,MD,Rajsthan__Rajasthan Round 2 Allotment.txt,36,
Rajasthan,Rajasthan,2025,R2,STATE_MERIT,34.0,General Medicine,SITA RAM SAINI,OBC,,MD,Rajsthan__Rajasthan Round 2 Allotment.txt,37,
Rajasthan,Rajasthan,2025,R2,STATE_MERIT,35.0,General Medicine,RATAN SINGH PANWAR,General,,MD,Rajsthan__Rajasthan Round 2 Allotment.txt,38,
Rajasthan,Rajasthan,2025,R2,STATE_MERIT,36.0,General Medicine,HANUMAN SINGH,OBC,,MD,Rajsthan__Rajasthan Round 2 Allotment.txt,39,
Rajasthan,Rajasthan,2025,R2,STATE_MERIT,37.0,Skin & V.D / Dermatology Ven. & Leprosy,DAYA RAM BHARIA,OBC,,MD,Rajsthan__Rajasthan Round 2 Allotment.txt,40,
Rajasthan,Rajasthan,2025,R2,STATE_MERIT,38.0,General Medicine,MOHAN LAL,OBC,,MD,Rajsthan__Rajasthan Round 2 Allotment.txt,41,
Rajasthan,Rajasthan,2025,R2,STATE_MERIT,39.0,Skin & V.D / Dermatology Ven. & Leprosy,MANPHOOL SINGH,OBC,,MD,Rajsthan__Rajasthan Round 2 Allotment.txt,42,
Rajasthan,Rajasthan,2025,R2,STATE_MERIT,40.0,General Medicine,DAULAT SINGH KAVIA,OBC,,MD,Rajsthan__Rajasthan Round 2 Allotment.txt,43,
Rajasthan,Rajasthan,2025,R2,STATE_MERIT,42.0,Obst. & Gynaecology,MOTI RAM,OBC,,MS,Rajsthan__Rajasthan Round 2 Allotment.txt,44,
Rajasthan,Rajasthan,2025,R2,STATE_MERIT,43.0,Skin & V.D / Dermatology Ven. & Leprosy,RAMESHWAR LAL,OBC,,MD,Rajsthan__Rajasthan Round 2 Allotment.txt,45,
Rajasthan,Rajasthan,2025,R2,STATE_MERIT,44.0,General Medicine,SUSHEEL KUMAR UPADHYAYA,General,,MD,Rajsthan__Rajasthan Round 2 Allotment.txt,46,
Rajasthan,Rajasthan,2025,R2,STATE_MERIT,45.0,General Medicine,KISHANALAL,OBC,,MD,Rajsthan__Rajasthan Round 2 Allotment.txt,47,
Rajasthan,Rajasthan,2025,R2,STATE_MERIT,46.0,General Medicine,MOHAN LAL,OBC,,MD,Rajsthan__Rajasthan Round 2 Allotment.txt,48,
Rajasthan,Rajasthan,2025,R2,STATE_MERIT,47.0,General Medicine,MOHAN LAL,OBC,,MD,Rajsthan__Rajasthan Round 2 Allotment.txt,49,
Rajasthan,Rajasthan,2025,R2,STATE_MERIT,48.0,Skin & V.D / Dermatology Ven. & Leprosy,SAMPATHRAJ SONI,OBC,,MD,Rajsthan__Rajasthan Round 2 Allotment.txt,50,
Rajasthan,Rajasthan,2025,R2,STATE_MERIT,49.0,Skin & V.D / Dermatology Ven. & Leprosy,RAMBABU SHARMA,General,,MD,Rajsthan__Rajasthan Round 2 Allotment.txt,51,
Rajasthan,Rajasthan,2025,R2,STATE_MERIT,50.0,Skin & V.D / Dermatology Ven. & Leprosy,ANDA RAM,OBC,,MD,Rajsthan__Rajasthan Round 2 Allotment.txt,52,
Rajasthan,Rajasthan,2025,R2,STATE_MERIT,51.0,Skin & V.D / Dermatology Ven. & Leprosy,ANWAR ALI,OBC,,MD,Rajsthan__Rajasthan Round 2 Allotment.txt,53,
Rajasthan,Rajasthan,2025,R2,STATE_MERIT,52.0,Obst. & Gynaecology,RAJU RAM,OBC,,MS,Rajsthan__Rajasthan Round 2 Allotment.txt,54,
Rajasthan,Rajasthan,2025,R2,STATE_MERIT,53.0,General Medicine,MOOLCHAND BURANIYA,OBC,,MD,Rajsthan__Rajasthan Round 2 Allotment.txt,55,
Rajasthan,Rajasthan,2025,R2,STATE_MERIT,55.0,General Medicine,PANCHA RAM,OBC,,MD,Rajsthan__Rajasthan Round 2 Allotment.txt,56,
Rajasthan,Rajasthan,2025,R2,STATE_MERIT,56.0,General Medicine,SANWAR MAL JANGIR,OBC,,MD,Rajsthan__Rajasthan Round 2 Allotment.txt,57,
Rajasthan,Rajasthan,2025,R2,STATE_MERIT,57.0,Paediatrics,MADHO SINGH,General,,MD,Rajsthan__Rajasthan Round 2 Allotment.txt,58,
Rajasthan,Rajasthan,2025,R2,STATE_MERIT,58.0,General Medicine,ROOPA RAM,OBC,,MD,Rajsthan__Rajasthan Round 2 Allotment.txt,59,
Rajasthan,Rajasthan,2025,R2,STATE_MERIT,59.0,General Medicine,RAJUDDEEN KHAN,OBC,,MD,Rajsthan__Rajasthan Round 2 Allotment.txt,60,
Rajasthan,Rajasthan,2025,R2,STATE_MERIT,61.0,General Medicine,VINOD KUMAR SARSWAT,General,,MD,Rajsthan__Rajasthan Round 2 Allotment.txt,61,
Rajasthan,Rajasthan,2025,R2,STATE_MERIT,62.0,Radio-diagnosis,ABDUL SHAKOOR,OBC,,Post MBBS Diploma,Rajsthan__Rajasthan Round 2 Allotment.txt,62,
Rajasthan,Rajasthan,2025,R2,STATE_MERIT,63.0,General Medicine,DAN SINGH,General,,MD,Rajsthan__Rajasthan Round 2 Allotment.txt,63,
Rajasthan,Rajasthan,2025,R2,STATE_MERIT,64.0,General Medicine,PARAMA NAND DEVANDA,OBC,,MD,Rajsthan__Rajasthan Round 2 Allotment.txt,64,
Rajasthan,Rajasthan,2025,R2,STATE_MERIT,65.0,Obst. & Gynaecology,KRISHAN MURARI JANGIR,OBC,,MS,Rajsthan__Rajasthan Round 2 Allotment.txt,65,
Rajasthan,Rajasthan,2025,R2,STATE_MERIT,68.0,Obst. & Gynaecology,MOOLCHAND BURANIYA,OBC,,MS,Rajsthan__Rajasthan Round 2 Allotment.txt,66,
Rajasthan,Rajasthan,2025,R2,STATE_MERIT,69.0,Obst. & Gynaecology,KISHNA RAM,OBC,,MS,Rajsthan__Rajasthan Round 2 Allotment.txt,67,
Rajasthan,Rajasthan,2025,R2,STATE_MERIT,70.0,General Medicine,SATBEER SINGH,OBC,,MD,Rajsthan__Rajasthan Round 2 Allotment.txt,68,
Rajasthan,Rajasthan,2025,R2,STATE_MERIT,72.0,General Medicine,SHIVSHANKAR SHARMA,General,,MD,Rajsthan__Rajasthan Round 2 Allotment.txt,69,
Rajasthan,Rajasthan,2025,R2,STATE_MERIT,74.0,General Medicine,GIRDHARI LAL SHARMA,General,,MD,Rajsthan__Rajasthan Round 2 Allotment.txt,70,
Rajasthan,Rajasthan,2025,R2,STATE_MERIT,76.0,General Medicine,DAYANAND PANDIT,OBC,,MD,Rajsthan__Rajasthan Round 2 Allotment.txt,71,
Rajasthan,Rajasthan,2025,R2,STATE_MERIT,77.0,General Medicine,SUBHASH CHANDRA AGRAWAL,General,,MD,Rajsthan__Rajasthan Round 2 Allotment.txt,72,
Rajasthan,Rajasthan,2025,R2,STATE_MERIT,78.0,Obst. & Gynaecology,RAMSINGH YADAV,OBC,,MS,Rajsthan__Rajasthan Round 2 Allotment.txt,81,
Rajasthan,Rajasthan,2025,R2,STATE_MERIT,79.0,Obst. & Gynaecology,SHEESHRAM YADAV,OBC,,MS,Rajsthan__Rajasthan Round 2 Allotment.txt,82,
Rajasthan,Rajasthan,2025,R2,STATE_MERIT,80.0,General Medicine,ANSAR MOHAMMED,General,,MD,Rajsthan__Rajasthan Round 2 Allotment.txt,83,
Rajasthan,Rajasthan,2025,R2,STATE_MERIT,82.0,Radiodiagnosis/Radiology,PAWAN GARG,General,,MD,Rajsthan__Rajasthan Round 2 Allotment.txt,84,
Rajasthan,Rajasthan,2025,R2,STATE_MERIT,83.0,General Medicine,KHUMARAM CHOUDHARY,OBC,,MD,Rajsthan__Rajasthan Round 2 Allotment.txt,85,
Rajasthan,Rajasthan,2025,R2,STATE_MERIT,84.0,General Medicine,RAJVEER YADAV,OBC,,MD,Rajsthan__Rajasthan Round 2 Allotment.txt,86,
Rajasthan,Rajasthan,2025,R2,STATE_MERIT,85.0,General Medicine,MANGI LAL,OBC,,MD,Rajsthan__Rajasthan Round 2 Allotment.txt,87,
Rajasthan,Rajasthan,2025,R2,STATE_MERIT,86.0,General Medicine,DAMMA RAM,OBC,,MD,Rajsthan__Rajasthan Round 2 Allotment.txt,88,
Rajasthan,Rajasthan,2025,R2,STATE_MERIT,87.0,Obst. & Gynaecology,MADAN LAL RANWA,OBC,,MS,Rajsthan__Rajasthan Round 2 Allotment.txt,89,
Rajasthan,Rajasthan,2025,R2,STATE_MERIT,89.0,General Medicine,MALI RAM NEHRA,General,,MD,Rajsthan__Rajasthan Round 2 Allotment.txt,90,
Rajasthan,Rajasthan,2025,R2,STATE_MERIT,90.0,General Medicine,GOPAL ARYA,OBC,,MD,Rajsthan__Rajasthan Round 2 Allotment.txt,91,
Rajasthan,Rajasthan,2025,R2,STATE_MERIT,91.0,General Medicine,RAM NARAYAN KUMAWAT,OBC,,MD,Rajsthan__Rajasthan Round 2 Allotment.txt,92,
Rajasthan,Rajasthan,2025,R2,STATE_MERIT,92.0,Ophthalmology,LEELADHAR,OBC,,MS,Rajsthan__Rajasthan Round 2 Allotment.txt,93,
Rajasthan,Rajasthan,2025,R2,STATE_MERIT,94.0,General Medicine,MAHESH CHANDRA SONI,OBC,,MD,Rajsthan__Rajasthan Round 2 Allotment.txt,94,
Rajasthan,Rajasthan,2025,R2,STATE_MERIT,95.0,General Medicine,RAJENDRA KUMAR YADAV,OBC,,MD,Rajsthan__Rajasthan Round 2 Allotment.txt,95,
Rajasthan,Rajasthan,2025,R2,STATE_MERIT,96.0,Radiodiagnosis/Radiology,DILIP SINGH RATHORE,General,,MD,Rajsthan__Rajasthan Round 2 Allotment.txt,96,
Rajasthan,Rajasthan,2025,R2,STATE_MERIT,100.0,General Medicine,KISHAN LAL BISHNOI,OBC,,MD,Rajsthan__Rajasthan Round 2 Allotment.txt,97,
Rajasthan,Rajasthan,2025,R2,STATE_MERIT,101.0,General Medicine,AKBAR ALI,OBC,,MD,Rajsthan__Rajasthan Round 2 Allotment.txt,98,
Rajasthan,Rajasthan,2025,R2,STATE_MERIT,102.0,General Medicine,ROOPA RAM,OBC,,MD,Rajsthan__Rajasthan Round 2 Allotment.txt,99,
Rajasthan,Rajasthan,2025,R2,STATE_MERIT,103.0,General Medicine,ROHITASHWA GODARA,General,,MD,Rajsthan__Rajasthan Round 2 Allotment.txt,100,
Rajasthan,Rajasthan,2025,R2,STATE_MERIT,104.0,General Medicine,KAILASH RAM BANA,OBC,,MD,Rajsthan__Rajasthan Round 2 Allotment.txt,101,
Rajasthan,Rajasthan,2025,R2,STATE_MERIT,105.0,General Medicine,NANCHU LAL SHARMA,General,,MD,Rajsthan__Rajasthan Round 2 Allotment.txt,102,
Rajasthan,Rajasthan,2025,R2,STATE_MERIT,108.0,Obst. & Gynaecology,ARUN KUMAR,OBC,,MS,Rajsthan__Rajasthan Round 2 Allotment.txt,103,
Rajasthan,Rajasthan,2025,R2,STATE_MERIT,109.0,General Medicine,MAHAVEER SINGH CHOUDHARY,OBC,,MD,Rajsthan__Rajasthan Round 2 Allotment.txt,104,
Rajasthan,Rajasthan,2025,R2,STATE_MERIT,110.0,General Medicine,PAPPU SINGH,General,,MD,Rajsthan__Rajasthan Round 2 Allotment.txt,105,
Rajasthan,Rajasthan,2025,R2,STATE_MERIT,112.0,General Medicine,SHIV DAYAL SAINI,OBC,,MD,Rajsthan__Rajasthan Round 2 Allotment.txt,106,
Rajasthan,Rajasthan,2025,R2,STATE_MERIT,115.0,Obst. & Gynaecology,HARI RAM CHOUDHARY,OBC,,MS,Rajsthan__Rajasthan Round 2 Allotment.txt,107,
Rajasthan,Rajasthan,2025,R2,STATE_MERIT,116.0,General Medicine,BABU LAL,OBC,,MD,Rajsthan__Rajasthan Round 2 Allotment.txt,108,
Rajasthan,Rajasthan,2025,R2,STATE_MERIT,117.0,Obst. & Gynaecology,R R PRAJAPAT,OBC,,MS,Rajsthan__Rajasthan Round 2 Allotment.txt,109,
Rajasthan,Rajasthan,2025,R2,STATE_MERIT,118.0,General Surgery,JAIPRAKASH MAHESHWARI,General,,MS,Rajsthan__Rajasthan Round 2 Allotment.txt,110,
Rajasthan,Rajasthan,2025,R2,STATE_MERIT,120.0,General Medicine,VED PRAKASH,General,,MD,Rajsthan__Rajasthan Round 2 Allotment.txt,111,
Rajasthan,Rajasthan,2025,R2,STATE_MERIT,122.0,Orthopaedics,RAJU RAM,General,,MS,Rajsthan__Rajasthan Round 2 Allotment.txt,112,
Rajasthan,Rajasthan,2025,R2,STATE_MERIT,123.0,General Medicine,SANWAR MAL PAREEK,General,,MD,Rajsthan__Rajasthan Round 2 Allotment.txt,113,
Rajasthan,Rajasthan,2025,R2,STATE_MERIT,124.0,General Medicine,VISHNU SHARMA,General,,MD,Rajsthan__Rajasthan Round 2 Allotment.txt,114,
Rajasthan,Rajasthan,2025,R2,STATE_MERIT,130.0,General Medicine,HAKIM SINGH RAWAT,OBC,,MD,Rajsthan__Rajasthan Round 2 Allotment.txt,115,
Rajasthan,Rajasthan,2025,R2,STATE_MERIT,133.0,Psychiatry,BHANWAR LAL ROYAL,OBC,,MD,Rajsthan__Rajasthan Round 2 Allotment.txt,116,
Rajasthan,Rajasthan,2025,R2,STATE_MERIT,135.0,Radiodiagnosis/Radiology,MAHESH KUMAR AGRAWAL,General,,MD,Rajsthan__Rajasthan Round 2 Allotment.txt,117,
Rajasthan,Rajasthan,2025,R2,STATE_MERIT,136.0,Paediatrics,MANPHOOL SINGH,OBC,,MD,Rajsthan__Rajasthan Round 2 Allotment.txt,118,
Rajasthan,Rajasthan,2025,R2,STATE_MERIT,137.0,General Medicine,AVNESH MATHUR,General,,MD,Rajsthan__Rajasthan Round 2 Allotment.txt,119,
Rajasthan,Rajasthan,2025,R2,STATE_MERIT,138.0,Orthopaedics,MAHAVEER SINGH RANWA,OBC,,MS,Rajsthan__Rajasthan Round 2 Allotment.txt,120,
Rajasthan,Rajasthan,2025,R2,STATE_MERIT,140.0,General Medicine,RAMDAYAL YADAV,OBC,,MD,Rajsthan__Rajasthan Round 2 Allotment.txt,121,
Rajasthan,Rajasthan,2025,R2,STATE_MERIT,144.0,Obst. & Gynaecology,HAR SAHAI SHARMA,General,,MS,Rajsthan__Rajasthan Round 2 Allotment.txt,122,
Rajasthan,Rajasthan,2025,R2,STATE_MERIT,148.0,Obst. & Gynaecology,RADHEY SHYAM RAJORIA,General,,MS,Rajsthan__Rajasthan Round 2 Allotment.txt,123,
Rajasthan,Rajasthan,2025,R2,STATE_MERIT,149.0,Paediatrics,PRAHLAD NAGAR,OBC,,MD,Rajsthan__Rajasthan Round 2 Allotment.txt,124,
Rajasthan,Rajasthan,2025,R2,STATE_MERIT,150.0,Paediatrics,MAHAVIR PRASAD,OBC,,MD,Rajsthan__Rajasthan Round 2 Allotment.txt,125,
Rajasthan,Rajasthan,2025,R2,STATE_MERIT,152.0,General Medicine,RAMESH CHAND SHARMA,General,,MD,Rajsthan__Rajasthan Round 2 Allotment.txt,126,
Rajasthan,Rajasthan,2025,R2,STATE_MERIT,154.0,Paediatrics,MUKESH KUMAR JANGIR,OBC,,MD,Rajsthan__Rajasthan Round 2 Allotment.txt,127,
Rajasthan,Rajasthan,2025,R2,STATE_MERIT,156.0,Obst. & Gynaecology,GOPAL PRASAD,General,,MS,Rajsthan__Rajasthan Round 2 Allotment.txt,128,
Rajasthan,Rajasthan,2025,R2,STATE_MERIT,161.0,General Medicine,HEMANK PANDYA,General,,MD,Rajsthan__Rajasthan Round 2 Allotment.txt,129,
Rajasthan,Rajasthan,2025,R2,STATE_MERIT,163.0,Paediatrics,HANUMAN RAM,OBC,,MD,Rajsthan__Rajasthan Round 2 Allotment.txt,130,
Rajasthan,Rajasthan,2025,R2,STATE_MERIT,165.0,General Medicine,VIMAL KUMAR AGRAWAL,General,,MD,Rajsthan__Rajasthan Round 2 Allotment.txt,131,
Rajasthan,Rajasthan,2025,R2,STATE_MERIT,166.0,General Surgery,AJIT SINGH,OBC,,MS,Rajsthan__Rajasthan Round 2 Allotment.txt,132,
Rajasthan,Rajasthan,2025,R2,STATE_MERIT,167.0,General Medicine,TARA CHAND SHASTRI,General,,MD,Rajsthan__Rajasthan Round 2 Allotment.txt,133,
Rajasthan,Rajasthan,2025,R2,STATE_MERIT,168.0,Obst. & Gynaecology,MANOJ KUMAR YADAV,OBC,,MS,Rajsthan__Rajasthan Round 2 Allotment.txt,134,
Rajasthan,Rajasthan,2025,R2,STATE_MERIT,169.0,Paediatrics,KAILASH CHANDER SWAMI,OBC,,MD,Rajsthan__Rajasthan Round 2 Allotment.txt,135,
Rajasthan,Rajasthan,2025,R2,STATE_MERIT,174.0,Respiratory Medicine/T.B. & Chest/Tuberculosis & Respiratory Diseases,SURESH KUMAR SAINI,OBC,,MD,Rajsthan__Rajasthan Round 2 Allotment.txt,136,
Rajasthan,Rajasthan,2025,R2,STATE_MERIT,178.0,Geriatric Medicine,NARAYAN LAL CHOUDHARY,OBC,,MD,Rajsthan__Rajasthan Round 2 Allotment.txt,137,
Rajasthan,Rajasthan,2025,R2,STATE_MERIT,180.0,Paediatrics,ONKAR MAL,OBC,,MD,Rajsthan__Rajasthan Round 2 Allotment.txt,138,
Rajasthan,Rajasthan,2025,R2,STATE_MERIT,182.0,Obst. & Gynaecology,HANUMAN CHOUDHARY,OBC,,MS,Rajsthan__Rajasthan Round 2 Allotment.txt,139,
Rajasthan,Rajasthan,2025,R2,STATE_MERIT,183.0,Paediatrics,JAGDISH PRASAD KAJALA,OBC,,MD,Rajsthan__Rajasthan Round 2 Allotment.txt,140,
Rajasthan,Rajasthan,2025,R2,STATE_MERIT,184.0,Orthopaedics,HANS RAJ,OBC,,MS,Rajsthan__Rajasthan Round 2 Allotment.txt,141,
Rajasthan,Rajasthan,2025,R2,STATE_MERIT,189.0,General Medicine,MITESH MIDDHA,General,,MD,Rajsthan__Rajasthan Round 2 Allotment.txt,142,
Rajasthan,Rajasthan,2025,R2,STATE_MERIT,190.0,General Medicine,MADAN MOHAN GUPTA,General,,MD,Rajsthan__Rajasthan Round 2 Allotment.txt,143,
Rajasthan,Rajasthan,2025,R2,STATE_MERIT,192.0,Obst. & Gynaecology,RAHIS AHMAD KHAN,OBC,,MS,Rajsthan__Rajasthan Round 2 Allotment.txt,144,
Rajasthan,Rajasthan,2025,R2,STATE_MERIT,196.0,General Medicine,PRAMOD KUMAR,General,,MD,Rajsthan__Rajasthan Round 2 Allotment.txt,145,
Rajasthan,Rajasthan,2025,R2,STATE_MERIT,197.0,Obst. & Gynaecology,LIYAKAT ALI,OBC,,MS,Rajsthan__Rajasthan Round 2 Allotment.txt,146,
Rajasthan,Rajasthan,2025,R2,STATE_MERIT,198.0,General Medicine,SURENDRA DUDI,OBC,,MD,Rajsthan__Rajasthan Round 2 Allotment.txt,147,
Rajasthan,Rajasthan,2025,R2,STATE_MERIT,199.0,General Medicine,MOHAMMED IQBAL,OBC,,MD,Rajsthan__Rajasthan Round 2 Allotment.txt,148,
Rajasthan,Rajasthan,2025,R2,STATE_MERIT,200.0,Obst. & Gynaecology,ASHA RAM ROJ,OBC,,MS,Rajsthan__Rajasthan Round 2 Allotment.txt,149,
Rajasthan,Rajasthan,2025,R2,STATE_MERIT,204.0,Paediatrics,PREM SUKH PANDIYA,General,,MD,Rajsthan__Rajasthan Round 2 Allotment.txt,158,
Rajasthan,Rajasthan,2025,R2,STATE_MERIT,205.0,General Medicine,HANUMAN SAHAYA RAWAL,General,,MD,Rajsthan__Rajasthan Round 2 Allotment.txt,159,
Rajasthan,Rajasthan,2025,R2,STATE_MERIT,209.0,Paediatrics,RAMKISHAN LAXKAR,OBC,,MD,Rajsthan__Rajasthan Round 2 Allotment.txt,160,
Rajasthan,Rajasthan,2025,R2,STATE_MERIT,210.0,Paediatrics,SHOKAT ALI,OBC,,MD,Rajsthan__Rajasthan Round 2 Allotment.txt,161,
Rajasthan,Rajasthan,2025,R2,STATE_MERIT,211.0,Obst. & Gynaecology,PURA RAM GODARA,OBC,,MS,Rajsthan__Rajasthan Round 2 Allotment.txt,162,
Rajasthan,Rajasthan,2025,R2,STATE_MERIT,212.0,Paediatrics,REWAD MAL SHARMA,General,,MD,Rajsthan__Rajasthan Round 2 Allotment.txt,163,
Rajasthan,Rajasthan,2025,R2,STATE_MERIT,213.0,Paediatrics,MADAN LAL SHARMA,General,,MD,Rajsthan__Rajasthan Round 2 Allotment.txt,164,
Rajasthan,Rajasthan,2025,R2,STATE_MERIT,218.0,General Medicine,SHAMBHU DAYAL SHARMA,General,,MD,Rajsthan__Rajasthan Round 2 Allotment.txt,165,
Rajasthan,Rajasthan,2025,R2,STATE_MERIT,219.0,General Medicine,SUNIL KUMAR JAIN,General,,MD,Rajsthan__Rajasthan Round 2 Allotment.txt,166,
Rajasthan,Rajasthan,2025,R2,STATE_MERIT,221.0,Obst. & Gynaecology,SANWAL RAM JAT,OBC,,MS,Rajsthan__Rajasthan Round 2 Allotment.txt,167,
Rajasthan,Rajasthan,2025,R2,STATE_MERIT,223.0,Respiratory Medicine/T.B. & Chest/Tuberculosis & Respiratory Diseases,NIRMAL KUMAR JAIN,General,,MD,Rajsthan__Rajasthan Round 2 Allotment.txt,168,
Rajasthan,Rajasthan,2025,R2,STATE_MERIT,224.0,Paediatrics,KAMAL CHAND GUPTA,General,,MD,Rajsthan__Rajasthan Round 2 Allotment.txt,169,
Rajasthan,Rajasthan,2025,R2,STATE_MERIT,225.0,Obst. & Gynaecology,BAJRANG LAL,OBC,,MS,Rajsthan__Rajasthan Round 2 Allotment.txt,170,
Rajasthan,Rajasthan,2025,R2,STATE_MERIT,226.0,Respiratory Medicine/T.B. & Chest/Tuberculosis & Respiratory Diseases,OM PRAKASH SAINI,OBC,,MD,Rajsthan__Rajasthan Round 2 Allotment.txt,171,
Rajasthan,Rajasthan,2025,R2,STATE_MERIT,231.0,Obst. & Gynaecology,HARPHOOL JAT,OBC,,MS,Rajsthan__Rajasthan Round 2 Allotment.txt,172,
Rajasthan,Rajasthan,2025,R2,STATE_MERIT,235.0,General Surgery,DINESH KUMAR AGRAWAL,General,,MS,Rajsthan__Rajasthan Round 2 Allotment.txt,173,
Rajasthan,Rajasthan,2025,R2,STATE_MERIT,236.0,General Surgery,MANOJ KUMAR AGRAWAL,General,,MS,Rajsthan__Rajasthan Round 2 Allotment.txt,174,
Rajasthan,Rajasthan,2025,R2,STATE_MERIT,239.0,Ophthalmology,HARIRAM ANGASARIA,OBC,,MS,Rajsthan__Rajasthan Round 2 Allotment.txt,175,
Rajasthan,Rajasthan,2025,R2,STATE_MERIT,240.0,Obst. & Gynaecology,JAI KARAN ASHIA,OBC,,MS,Rajsthan__Rajasthan Round 2 Allotment.txt,176,
Rajasthan,Rajasthan,2025,R2,STATE_MERIT,243.0,General Medicine,ANIL CHANEJA,MBC NCL,,MD,Rajsthan__Rajasthan Round 2 Allotment.txt,177,
Rajasthan,Rajasthan,2025,R2,STATE_MERIT,244.0,Paediatrics,NEMICHAND MAHLA,OBC,,MD,Rajsthan__Rajasthan Round 2 Allotment.txt,178,
Rajasthan,Rajasthan,2025,R2,STATE_MERIT,255.0,Orthopaedics,SAGAR SINGH,OBC,,MS,Rajsthan__Rajasthan Round 2 Allotment.txt,179,
Rajasthan,Rajasthan,2025,R2,STATE_MERIT,256.0,Obst. & Gynaecology,NARENDRA KUMAR GUPTA,General,,MS,Rajsthan__Rajasthan Round 2 Allotment.txt,180,
Rajasthan,Rajasthan,2025,R2,STATE_MERIT,258.0,Orthopaedics,GURU PRASAD TIWARI,General,,MS,Rajsthan__Rajasthan Round 2 Allotment.txt,181,
Rajasthan,Rajasthan,2025,R2,STATE_MERIT,261.0,Paediatrics,DHURA RAM SAINI,OBC,,MD,Rajsthan__Rajasthan Round 2 Allotment.txt,182,
Rajasthan,Rajasthan,2025,R2,STATE_MERIT,263.0,Orthopaedics,BACHHRAJ JAIN,General,,MS,Rajsthan__Rajasthan Round 2 Allotment.txt,183,
Rajasthan,Rajasthan,2025,R2,STATE_MERIT,266.0,Paediatrics,RAJINDER KUMAR SHARMA,General,,MD,Rajsthan__Rajasthan Round 2 Allotment.txt,184,
Rajasthan,Rajasthan,2025,R2,STATE_MERIT,267.0,Paediatrics,MOOL CHAND SHARMA,General,,MD,Rajsthan__Rajasthan Round 2 Allotment.txt,185,
Rajasthan,Rajasthan,2025,R2,STATE_MERIT,268.0,Paediatrics,KAILASH NARAIN PANCHOLI,General,,MD,Rajsthan__Rajasthan Round 2 Allotment.txt,186,
Rajasthan,Rajasthan,2025,R2,STATE_MERIT,269.0,Paediatrics,RADHESHYAM,General,,MD,Rajsthan__Rajasthan Round 2 Allotment.txt,187,
Rajasthan,Rajasthan,2025,R2,STATE_MERIT,270.0,General Medicine,MAHENDRA SINGH GURJAR,MBC NCL,,MD,Rajsthan__Rajasthan Round 2 Allotment.txt,188,
Rajasthan,Rajasthan,2025,R2,STATE_MERIT,272.0,General Medicine,SOHAN LAL MEENA,ST,,MD,Rajsthan__Rajasthan Round 2 Allotment.txt,189,
Rajasthan,Rajasthan,2025,R2,STATE_MERIT,273.0,Obst. & Gynaecology,RANDHEER YADAV,OBC,,MS,Rajsthan__Rajasthan Round 2 Allotment.txt,190,
Rajasthan,Rajasthan,2025,R2,STATE_MERIT,274.0,Paediatrics,SAMANDER SINGH SHARMA,General,,MD,Rajsthan__Rajasthan Round 2 Allotment.txt,191,
Rajasthan,Rajasthan,2025,R2,STATE_MERIT,275.0,Psychiatry,DINESH BHARDWAJ,General,,MD,Rajsthan__Rajasthan Round 2 Allotment.txt,192,
Rajasthan,Rajasthan,2025,R2,STATE_MERIT,276.0,Skin & V.D / Dermatology Ven. & Leprosy,RAJENDRA PRASAD SANKHLA,SC,,MD,Rajsthan__Rajasthan Round 2 Allotment.txt,193,
Rajasthan,Rajasthan,2025,R2,STATE_MERIT,277.0,General Surgery,RAVI DHARAMWANI,General,,MS,Rajsthan__Rajasthan Round 2 Allotment.txt,194,
Rajasthan,Rajasthan,2025,R2,STATE_MERIT,280.0,General Medicine,PRAVEEN KUMAR AGRAWAL,General,,MD,Rajsthan__Rajasthan Round 2 Allotment.txt,195,
Rajasthan,Rajasthan,2025,R2,STATE_MERIT,285.0,Respiratory Medicine/T.B. & Chest/Tuberculosis & Respiratory Diseases,BHANWAR SINGH RATHORE,General,,MD,Rajsthan__Rajasthan Round 2 Allotment.txt,196,
Rajasthan,Rajasthan,2025,R2,STATE_MERIT,286.0,Psychiatry,SHIV SHANKAR GUPTA,General,,MD,Rajsthan__Rajasthan Round 2 Allotment.txt,197,
Rajasthan,Rajasthan,2025,R2,STATE_MERIT,287.0,Paediatrics,GOVIND KUMAR GUPTA,General,,MD,Rajsthan__Rajasthan Round 2 Allotment.txt,198,
Rajasthan,Rajasthan,2025,R2,STATE_MERIT,290.0,Obst. & Gynaecology,MOHD ISHAQUE DEVERA,General,,MS,Rajsthan__Rajasthan Round 2 Allotment.txt,199,
Rajasthan,Rajasthan,2025,R2,STATE_MERIT,291.0,Skin & V.D / Dermatology Ven. & Leprosy,HARI RAM SARWA,SC,,MD,Rajsthan__Rajasthan Round 2 Allotment.txt,200,
Rajasthan,Rajasthan,2025,R2,STATE_MERIT,292.0,Psychiatry,DHARMPAL SINGH KHICHAR,OBC,,MD,Rajsthan__Rajasthan Round 2 Allotment.txt,201,
Rajasthan,Rajasthan,2025,R2,STATE_MERIT,294.0,Paediatrics,PUKHRAJ PRAJAPAT,OBC,,MD,Rajsthan__Rajasthan Round 2 Allotment.txt,202,
Rajasthan,Rajasthan,2025,R2,STATE_MERIT,295.0,Obst. & Gynaecology,UMESH CHAND SHARMA,General,,MS,Rajsthan__Rajasthan Round 2 Allotment.txt,203,
Rajasthan,Rajasthan,2025,R2,STATE_MERIT,297.0,Paediatrics,GIRRAJ PRASAD SHARMA,General,,MD,Rajsthan__Rajasthan Round 2 Allotment.txt,204,
Rajasthan,Rajasthan,2025,R2,STATE_MERIT,298.0,Obst. & Gynaecology,VINOD KUMAR CHOUDHARY,OBC,,MS,Rajsthan__Rajasthan Round 2 Allotment.txt,205,
Rajasthan,Rajasthan,2025,R2,STATE_MERIT,299.0,General Surgery,JAVRI LAL,OBC,,MS,Rajsthan__Rajasthan Round 2 Allotment.txt,206,
Rajasthan,Rajasthan,2025,R2,STATE_MERIT,300.0,Paediatrics,BIRBAL YADAV,OBC,,MD,Rajsthan__Rajasthan Round 2 Allotment.txt,207,
Rajasthan,Rajasthan,2025,R2,STATE_MERIT,301.0,Obst. & Gynaecology,SUBHASH CHANDRA SONI,OBC,,MS,Rajsthan__Rajasthan Round 2 Allotment.txt,208,
Rajasthan,Rajasthan,2025,R2,STATE_MERIT,304.0,Obst. & Gynaecology,BALVEER SINGH,OBC,,MS,Rajsthan__Rajasthan Round 2 Allotment.txt,209,
Rajasthan,Rajasthan,2025,R2,STATE_MERIT,305.0,Skin & V.D / Dermatology Ven. & Leprosy,KALU RAM MEENA,ST,,MD,Rajsthan__Rajasthan Round 2 Allotment.txt,210,
Rajasthan,Rajasthan,2025,R2,STATE_MERIT,306.0,Orthopaedics,HITESH PALIWAL,General,,MS,Rajsthan__Rajasthan Round 2 Allotment.txt,211,
Rajasthan,Rajasthan,2025,R2,STATE_MERIT,309.0,Obst. & Gynaecology,PRAMOD DADRI,General,,MS,Rajsthan__Rajasthan Round 2 Allotment.txt,212,
Rajasthan,Rajasthan,2025,R2,STATE_MERIT,311.0,Obst. & Gynaecology,GOPAL NARNOLI,General,,MS,Rajsthan__Rajasthan Round 2 Allotment.txt,213,
Rajasthan,Rajasthan,2025,R2,STATE_MERIT,314.0,Obst. & Gynaecology,JAGDISH BISHNOI,OBC,,MS,Rajsthan__Rajasthan Round 2 Allotment.txt,214,
Rajasthan,Rajasthan,2025,R2,STATE_MERIT,315.0,Radiodiagnosis/Radiology,HANUMAN SAHAY MEENA,ST,,MD,Rajsthan__Rajasthan Round 2 Allotment.txt,215,
Rajasthan,Rajasthan,2025,R2,STATE_MERIT,317.0,Obst. & Gynaecology,SUDHIR KHANDELWAL,General,,MS,Rajsthan__Rajasthan Round 2 Allotment.txt,216,
Rajasthan,Rajasthan,2025,R2,STATE_MERIT,318.0,Ophthalmology,CHHITAR MAL YADAV,OBC,,MS,Rajsthan__Rajasthan Round 2 Allotment.txt,217,
Rajasthan,Rajasthan,2025,R2,STATE_MERIT,319.0,Orthopaedics,MADAN MOHAN GUPTA,General,,MS,Rajsthan__Rajasthan Round 2 Allotment.txt,218,
Rajasthan,Rajasthan,2025,R2,STATE_MERIT,320.0,Paediatrics,PHOOL CHAND SAINI,OBC,,MD,Rajsthan__Rajasthan Round 2 Allotment.txt,219,
Rajasthan,Rajasthan,2025,R2,STATE_MERIT,322.0,Paediatrics,RAJENDRA KUMAR VIJAY,General,,MD,Rajsthan__Rajasthan Round 2 Allotment.txt,220,
Rajasthan,Rajasthan,2025,R2,STATE_MERIT,324.0,General Medicine,JAGDISH PRASAD CHOHALA,SC,,MD,Rajsthan__Rajasthan Round 2 Allotment.txt,221,
Rajasthan,Rajasthan,2025,R2,STATE_MERIT,325.0,Paediatrics,UMA SHANKAR SHARMA,General,,MD,Rajsthan__Rajasthan Round 2 Allotment.txt,222,
Rajasthan,Rajasthan,2025,R2,STATE_MERIT,328.0,Ophthalmology,SHYOJI RAM BURI,OBC,,MS,Rajsthan__Rajasthan Round 2 Allotment.txt,223,
Rajasthan,Rajasthan,2025,R2,STATE_MERIT,329.0,Respiratory Medicine/T.B. & Chest/Tuberculosis & Respiratory Diseases,MANGALA RAM,OBC,,MD,Rajsthan__Rajasthan Round 2 Allotment.txt,224,
Rajasthan,Rajasthan,2025,R2,STATE_MERIT,332.0,Paediatrics,PRAWEEN PALIWAL,General,,MD,Rajsthan__Rajasthan Round 2 Allotment.txt,225,
Rajasthan,Rajasthan,2025,R2,STATE_MERIT,333.0,Paediatrics,RAMESHWAR PRASAD SAINI,OBC,,MD,Rajsthan__Rajasthan Round 2 Allotment.txt,226,
Rajasthan,Rajasthan,2025,R2,STATE_MERIT,334.0,Paediatrics,SATYANARAYAN NAMA,OBC,,MD,Rajsthan__Rajasthan Round 2 Allotment.txt,235,
Rajasthan,Rajasthan,2025,R2,STATE_MERIT,336.0,Orthopaedics,RAJESH BHARIA,OBC,,MS,Rajsthan__Rajasthan Round 2 Allotment.txt,236,
Rajasthan,Rajasthan,2025,R2,STATE_MERIT,340.0,General Surgery,AJITPAL SINGH,General,,MS,Rajsthan__Rajasthan Round 2 Allotment.txt,237,
Rajasthan,Rajasthan,2025,R2,STATE_MERIT,341.0,General Surgery,RANVEER SINGH CHOUDHARY,General,,MS,Rajsthan__Rajasthan Round 2 Allotment.txt,238,
Rajasthan,Rajasthan,2025,R2,STATE_MERIT,342.0,Respiratory Medicine/T.B. & Chest/Tuberculosis & Respiratory Diseases,R K SHARMA,General,,MD,Rajsthan__Rajasthan Round 2 Allotment.txt,239,
Rajasthan,Rajasthan,2025,R2,STATE_MERIT,344.0,General Surgery,MANSINGH GEHLOT,OBC,,MS,Rajsthan__Rajasthan Round 2 Allotment.txt,240,
Rajasthan,Rajasthan,2025,R2,STATE_MERIT,345.0,General Surgery,HARESH DAVE,General,,MS,Rajsthan__Rajasthan Round 2 Allotment.txt,241,
Rajasthan,Rajasthan,2025,R2,STATE_MERIT,346.0,Obst. & Gynaecology,BHAGIRATH MAL REWAR,OBC,,MS,Rajsthan__Rajasthan Round 2 Allotment.txt,242,
Rajasthan,Rajasthan,2025,R2,STATE_MERIT,347.0,Paediatrics,JAGDISH PRASAD,General,,MD,Rajsthan__Rajasthan Round 2 Allotment.txt,243,
Rajasthan,Rajasthan,2025,R2,STATE_MERIT,348.0,Obst. & Gynaecology,JAI KISHAN MAHESHWARI,General,,MS,Rajsthan__Rajasthan Round 2 Allotment.txt,244,
Rajasthan,Rajasthan,2025,R2,STATE_MERIT,358.0,Radiotherapy/Radiationoncology,GOPAL LAL SHARMA,General,,MD,Rajsthan__Rajasthan Round 2 Allotment.txt,245,
Rajasthan,Rajasthan,2025,R2,STATE_MERIT,360.0,Respiratory Medicine/T.B. & Chest/Tuberculosis & Respiratory Diseases,HEAMA RAM JAT,OBC,,MD,Rajsthan__Rajasthan Round 2 Allotment.txt,246,
Rajasthan,Rajasthan,2025,R2,STATE_MERIT,361.0,Obst. & Gynaecology,ONKAR SINGH RATHORE,General,,MS,Rajsthan__Rajasthan Round 2 Allotment.txt,247,
Rajasthan,Rajasthan,2025,R2,STATE_MERIT,365.0,Obst. & Gynaecology,RAMESH KUMAR VYAS,General,,MS,Rajsthan__Rajasthan Round 2 Allotment.txt,248,
Rajasthan,Rajasthan,2025,R2,STATE_MERIT,367.0,General Surgery,LILADHAR SHARMA,General,,MS,Rajsthan__Rajasthan Round 2 Allotment.txt,249,
Rajasthan,Rajasthan,2025,R2,STATE_MERIT,368.0,Ophthalmology,VIPIN AJMERA,General,,MS,Rajsthan__Rajasthan Round 2 Allotment.txt,250,
Rajasthan,Rajasthan,2025,R2,STATE_MERIT,369.0,Obst. & Gynaecology,RAJESH KUMAR SHARMA,General,,MS,Rajsthan__Rajasthan Round 2 Allotment.txt,251,
Rajasthan,Rajasthan,2025,R2,STATE_MERIT,371.0,General Surgery,NEERAJ VYAS,General,,MS,Rajsthan__Rajasthan Round 2 Allotment.txt,252,
Rajasthan,Rajasthan,2025,R2,STATE_MERIT,372.0,Orthopaedics,JAGMALARAM,OBC,,MS,Rajsthan__Rajasthan Round 2 Allotment.txt,253,
Rajasthan,Rajasthan,2025,R2,STATE_MERIT,373.0,General Surgery,SAJJAN SINGH,OBC,,MS,Rajsthan__Rajasthan Round 2 Allotment.txt,254,
Rajasthan,Rajasthan,2025,R2,STATE_MERIT,374.0,Obst. & Gynaecology,DWARKA PRASHAD TOSHNIWAL,General,,MS,Rajsthan__Rajasthan Round 2 Allotment.txt,255,
Rajasthan,Rajasthan,2025,R2,STATE_MERIT,383.0,Obst. & Gynaecology,PAWAN PRAKASH GOYAL,General,,MS,Rajsthan__Rajasthan Round 2 Allotment.txt,256,
Rajasthan,Rajasthan,2025,R2,STATE_MERIT,384.0,Obst. & Gynaecology,SOBHAGIA KUMAR SHARMA,General,,MS,Rajsthan__Rajasthan Round 2 Allotment.txt,257,
Rajasthan,Rajasthan,2025,R2,STATE_MERIT,386.0,General Medicine,NAWA RAM,SC,,MD,Rajsthan__Rajasthan Round 2 Allotment.txt,258,
Rajasthan,Rajasthan,2025,R2,STATE_MERIT,387.0,Obst. & Gynaecology,MUSTANSIR BOHRA,General,,MS,Rajsthan__Rajasthan Round 2 Allotment.txt,259,
Rajasthan,Rajasthan,2025,R2,STATE_MERIT,390.0,Orthopaedics,PURAN MAL SWAMI,OBC,,MS,Rajsthan__Rajasthan Round 2 Allotment.txt,260,
Rajasthan,Rajasthan,2025,R2,STATE_MERIT,391.0,Obst. & Gynaecology,GOKUL CHAND,OBC,,MS,Rajsthan__Rajasthan Round 2 Allotment.txt,261,
Rajasthan,Rajasthan,2025,R2,STATE_MERIT,394.0,Psychiatry,RAJKUMAR DARGAR,General,,MD,Rajsthan__Rajasthan Round 2 Allotment.txt,262,
Rajasthan,Rajasthan,2025,R2,STATE_MERIT,396.0,Orthopaedics,PANKAJ CHHAJERH,General,,MS,Rajsthan__Rajasthan Round 2 Allotment.txt,263,
Rajasthan,Rajasthan,2025,R2,STATE_MERIT,397.0,Orthopaedics,ARUN KUMAR SAXENA,General,,MS,Rajsthan__Rajasthan Round 2 Allotment.txt,264,
Rajasthan,Rajasthan,2025,R2,STATE_MERIT,398.0,Obst. & Gynaecology,RAJA RAM,OBC,,MS,Rajsthan__Rajasthan Round 2 Allotment.txt,265,
Rajasthan,Rajasthan,2025,R2,STATE_MERIT,402.0,General Surgery,SANJAY KUMAR AGARWAL,General,,MS,Rajsthan__Rajasthan Round 2 Allotment.txt,266,
Rajasthan,Rajasthan,2025,R2,STATE_MERIT,403.0,Obst. & Gynaecology,DALPAT SINGH RATHORE,General,,MS,Rajsthan__Rajasthan Round 2 Allotment.txt,267,
Rajasthan,Rajasthan,2025,R2,STATE_MERIT,406.0,Radiodiagnosis/Radiology,JAGDISH PRASAD,SC,,MD,Rajsthan__Rajasthan Round 2 Allotment.txt,268,
Rajasthan,Rajasthan,2025,R2,STATE_MERIT,407.0,Obst. & Gynaecology,HAJARI LAL,OBC,,MS,Rajsthan__Rajasthan Round 2 Allotment.txt,269,
Rajasthan,Rajasthan,2025,R2,STATE_MERIT,409.0,General Surgery,KHUSHI RAM KHATRI,General,,MS,Rajsthan__Rajasthan Round 2 Allotment.txt,270,
Rajasthan,Rajasthan,2025,R2,STATE_MERIT,410.0,Obst. & Gynaecology,BAJRANG LAL PALIWAL,General,,MS,Rajsthan__Rajasthan Round 2 Allotment.txt,271,
Rajasthan,Rajasthan,2025,R2,STATE_MERIT,413.0,General Surgery,DEEPAK BUGALIA,General,,MS,Rajsthan__Rajasthan Round 2 Allotment.txt,272,
Rajasthan,Rajasthan,2025,R2,STATE_MERIT,414.0,Psychiatry,RAJENDRA PRASAD,OBC,,MD,Rajsthan__Rajasthan Round 2 Allotment.txt,273,
Rajasthan,Rajasthan,2025,R2,STATE_MERIT,418.0,ENT,RAJ KRISHNA SHARMA,General,,MS,Rajsthan__Rajasthan Round 2 Allotment.txt,274,
Rajasthan,Rajasthan,2025,R2,STATE_MERIT,419.0,Obst. & Gynaecology,MANISH KUMAR UPADHYAY,General,,MS,Rajsthan__Rajasthan Round 2 Allotment.txt,275,
Rajasthan,Rajasthan,2025,R2,STATE_MERIT,420.0,General Surgery,SUSHIL GARG,General,,MS,Rajsthan__Rajasthan Round 2 Allotment.txt,276,
Rajasthan,Rajasthan,2025,R2,STATE_MERIT,422.0,Orthopaedics,MUKESH RATHORE,OBC,,MS,Rajsthan__Rajasthan Round 2 Allotment.txt,277,
Rajasthan,Rajasthan,2025,R2,STATE_MERIT,423.0,Obst. & Gynaecology,JAGAT PRAKASH GAUR,General,,MS,Rajsthan__Rajasthan Round 2 Allotment.txt,278,
Rajasthan,Rajasthan,2025,R2,STATE_MERIT,424.0,General Surgery,DAMODAR SHARMA,General,,MS,Rajsthan__Rajasthan Round 2 Allotment.txt,279,
Rajasthan,Rajasthan,2025,R2,STATE_MERIT,425.0,General Medicine,LADU RAM GURJAR,MBC NCL,,MD,Rajsthan__Rajasthan Round 2 Allotment.txt,280,
Rajasthan,Rajasthan,2025,R2,STATE_MERIT,426.0,Respiratory Medicine/T.B. & Chest/Tuberculosis & Respiratory Diseases,VIJAY MITTAL,General,,MD,Rajsthan__Rajasthan Round 2 Allotment.txt,281,
Rajasthan,Rajasthan,2025,R2,STATE_MERIT,427.0,Radiodiagnosis/Radiology,NANU RAM GAHANOLIA,SC,,MD,Rajsthan__Rajasthan Round 2 Allotment.txt,282,
Rajasthan,Rajasthan,2025,R2,STATE_MERIT,428.0,Paediatrics,PYARCHAND JAIN,General,,MD,Rajsthan__Rajasthan Round 2 Allotment.txt,283,
Rajasthan,Rajasthan,2025,R2,STATE_MERIT,430.0,General Surgery,MUKESH KUMAR,General,,MS,Rajsthan__Rajasthan Round 2 Allotment.txt,284,
Rajasthan,Rajasthan,2025,R2,STATE_MERIT,432.0,General Surgery,SUNIL KUMAR MITTAL,General,,MS,Rajsthan__Rajasthan Round 2 Allotment.txt,285,
Rajasthan,Rajasthan,2025,R2,STATE_MERIT,434.0,Paediatrics,RAMESHVER SINGH,OBC,,MD,Rajsthan__Rajasthan Round 2 Allotment.txt,286,
Rajasthan,Rajasthan,2025,R2,STATE_MERIT,435.0,General Medicine,BIRDEE CHAND JAJORIYA,SC,,MD,Rajsthan__Rajasthan Round 2 Allotment.txt,287,
Rajasthan,Rajasthan,2025,R2,STATE_MERIT,442.0,General Medicine,KAILASH CHANDRA,SC,,MD,Rajsthan__Rajasthan Round 2 Allotment.txt,288,
Rajasthan,Rajasthan,2025,R2,STATE_MERIT,443.0,General Surgery,GORDHAN DAS ACHARYA,General,,MS,Rajsthan__Rajasthan Round 2 Allotment.txt,289,
Rajasthan,Rajasthan,2025,R2,STATE_MERIT,444.0,Respiratory Medicine/T.B. & Chest/Tuberculosis & Respiratory Diseases,KRISHAN KUMAR,OBC,,MD,Rajsthan__Rajasthan Round 2 Allotment.txt,290,
Rajasthan,Rajasthan,2025,R2,STATE_MERIT,445.0,Ophthalmology,DAYARAM KEDIA,General,,MS,Rajsthan__Rajasthan Round 2 Allotment.txt,291,
Rajasthan,Rajasthan,2025,R2,STATE_MERIT,447.0,Ophthalmology,BRIJESH KUMAR SHARMA,General,,MS,Rajsthan__Rajasthan Round 2 Allotment.txt,292,
Rajasthan,Rajasthan,2025,R2,STATE_MERIT,448.0,General Surgery,GOPAL KRISHAN TAK,OBC,,MS,Rajsthan__Rajasthan Round 2 Allotment.txt,293,
Rajasthan,Rajasthan,2025,R2,STATE_MERIT,450.0,Paediatrics,AJAY KUMAR PARIHAR,SC,,MD,Rajsthan__Rajasthan Round 2 Allotment.txt,294,
Rajasthan,Rajasthan,2025,R2,STATE_MERIT,453.0,Paediatrics,SHYAM SUNDRA SHARMA,General,,MD,Rajsthan__Rajasthan Round 2 Allotment.txt,295,
Rajasthan,Rajasthan,2025,R2,STATE_MERIT,456.0,Orthopaedics,KAMAL KHATRI,General,,MS,Rajsthan__Rajasthan Round 2 Allotment.txt,296,
Rajasthan,Rajasthan,2025,R2,STATE_MERIT,457.0,Obst. & Gynaecology,RAJENDRA PRASAD,OBC,,MS,Rajsthan__Rajasthan Round 2 Allotment.txt,297,
Rajasthan,Rajasthan,2025,R2,STATE_MERIT,459.0,Obst. & Gynaecology,PRAVEEN KUMAR,MBC NCL,,MS,Rajsthan__Rajasthan Round 2 Allotment.txt,298,
Rajasthan,Rajasthan,2025,R2,STATE_MERIT,463.0,General Surgery,SUNIL SHARMA,General,,MS,Rajsthan__Rajasthan Round 2 Allotment.txt,299,
Rajasthan,Rajasthan,2025,R2,STATE_MERIT,469.0,General Surgery,DINESH CHANDRA GUPTA,General,,MS,Rajsthan__Rajasthan Round 2 Allotment.txt,300,
Rajasthan,Rajasthan,2025,R2,STATE_MERIT,471.0,Obst. & Gynaecology,MANGAL CHAND CHOPRA,OBC,,MS,Rajsthan__Rajasthan Round 2 Allotment.txt,301,
Rajasthan,Rajasthan,2025,R2,STATE_MERIT,472.0,ENT,ASHOK KUMAR DHAKER,OBC,,MS,Rajsthan__Rajasthan Round 2 Allotment.txt,302,
Rajasthan,Rajasthan,2025,R2,STATE_MERIT,473.0,Orthopaedics,VINOD KUMAR GUPTA,General,,MS,Rajsthan__Rajasthan Round 2 Allotment.txt,303,
Rajasthan,Rajasthan,2025,R2,STATE_MERIT,474.0,Respiratory Medicine/T.B. & Chest/Tuberculosis & Respiratory Diseases,RAMAN LAL GOYAL,General,,MD,Rajsthan__Rajasthan Round 2 Allotment.txt,312,
Rajasthan,Rajasthan,2025,R2,STATE_MERIT,475.0,Obst. & Gynaecology,MAHENDRA SINGH,OBC,,MS,Rajsthan__Rajasthan Round 2 Allotment.txt,313,
Rajasthan,Rajasthan,2025,R2,STATE_MERIT,476.0,Paediatrics,DINESH PANCHAL,OBC,,Post MBBS Diploma,Rajsthan__Rajasthan Round 2 Allotment.txt,314,
Rajasthan,Rajasthan,2025,R2,STATE_MERIT,477.0,Obst. & Gynaecology,SUBHKARAN SINGH,OBC,,MS,Rajsthan__Rajasthan Round 2 Allotment.txt,315,
Rajasthan,Rajasthan,2025,R2,STATE_MERIT,478.0,Ophthalmology,MOHD FAROOQ KHAN,OBC,,MS,Rajsthan__Rajasthan Round 2 Allotment.txt,316,
Rajasthan,Rajasthan,2025,R2,STATE_MERIT,480.0,Obst. & Gynaecology,NARENDRA GARG,General,,MS,Rajsthan__Rajasthan Round 2 Allotment.txt,317,
Rajasthan,Rajasthan,2025,R2,STATE_MERIT,482.0,Psychiatry,GIRIRAJ NAGAR,OBC,,MD,Rajsthan__Rajasthan Round 2 Allotment.txt,318,
Rajasthan,Rajasthan,2025,R2,STATE_MERIT,483.0,Obst. & Gynaecology,BABU LAL SHARMA,General,,MS,Rajsthan__Rajasthan Round 2 Allotment.txt,319,
Rajasthan,Rajasthan,2025,R2,STATE_MERIT,487.0,Respiratory Medicine/T.B. & Chest/Tuberculosis & Respiratory Diseases,MALI RAM SAINI,OBC,,MD,Rajsthan__Rajasthan Round 2 Allotment.txt,320,
Rajasthan,Rajasthan,2025,R2,STATE_MERIT,488.0,Obst. & Gynaecology,JAI SINGH RAJPUROHIT,General,,MS,Rajsthan__Rajasthan Round 2 Allotment.txt,321,
Rajasthan,Rajasthan,2025,R2,STATE_MERIT,489.0,Respiratory Medicine/T.B. & Chest/Tuberculosis & Respiratory Diseases,PAWAN KUMAR OJHA,General,,MD,Rajsthan__Rajasthan Round 2 Allotment.txt,322,
Rajasthan,Rajasthan,2025,R2,STATE_MERIT,490.0,Orthopaedics,RAMKISHORE DUDI,OBC,,MS,Rajsthan__Rajasthan Round 2 Allotment.txt,323,
Rajasthan,Rajasthan,2025,R2,STATE_MERIT,493.0,General Surgery,HARIMOHAN SHARMA,General,,MS,Rajsthan__Rajasthan Round 2 Allotment.txt,324,
Rajasthan,Rajasthan,2025,R2,STATE_MERIT,494.0,Radiotherapy/Radiationoncology,DILBAG SINGH,OBC,,MD,Rajsthan__Rajasthan Round 2 Allotment.txt,325,
Rajasthan,Rajasthan,2025,R2,STATE_MERIT,496.0,General Surgery,VINOD KUMAR,General,,MS,Rajsthan__Rajasthan Round 2 Allotment.txt,326,
Rajasthan,Rajasthan,2025,R2,STATE_MERIT,499.0,Orthopaedics,BABU LAL SAINI,OBC,,MS,Rajsthan__Rajasthan Round 2 Allotment.txt,327,
Rajasthan,Rajasthan,2025,R2,STATE_MERIT,500.0,Orthopaedics,KALLA RAM BAWLIYA,OBC,,MS,Rajsthan__Rajasthan Round 2 Allotment.txt,328,
Rajasthan,Rajasthan,2025,R2,STATE_MERIT,501.0,Paediatrics,ASHOK KUMAR MEENA,ST,,MD,Rajsthan__Rajasthan Round 2 Allotment.txt,329,
Rajasthan,Rajasthan,2025,R2,STATE_MERIT,502.0,Obst. & Gynaecology,REWANTI LAL,General,,MS,Rajsthan__Rajasthan Round 2 Allotment.txt,330,
Rajasthan,Rajasthan,2025,R2,STATE_MERIT,503.0,General Surgery,RAJESH RATHORE,General,,MS,Rajsthan__Rajasthan Round 2 Allotment.txt,331,
Rajasthan,Rajasthan,2025,R2,STATE_MERIT,504.0,ENT,OM PRAKASH SETHI,General,,MS,Rajsthan__Rajasthan Round 2 Allotment.txt,332,
Rajasthan,Rajasthan,2025,R2,STATE_MERIT,506.0,General Medicine,LAL CHAND GURJAR,MBC NCL,,MD,Rajsthan__Rajasthan Round 2 Allotment.txt,333,
Rajasthan,Rajasthan,2025,R2,STATE_MERIT,509.0,Obst. & Gynaecology,SHIV LAL BISHNOI,OBC,,MS,Rajsthan__Rajasthan Round 2 Allotment.txt,334,
Rajasthan,Rajasthan,2025,R2,STATE_MERIT,511.0,Obst. & Gynaecology,ASGAR QURESHI,OBC,,MS,Rajsthan__Rajasthan Round 2 Allotment.txt,335,
Rajasthan,Rajasthan,2025,R2,STATE_MERIT,512.0,General Medicine,RAMSAHAI MINA,ST,,MD,Rajsthan__Rajasthan Round 2 Allotment.txt,336,
Rajasthan,Rajasthan,2025,R2,STATE_MERIT,513.0,Obst. & Gynaecology,SHISHUPAL SHARMA,General,,MS,Rajsthan__Rajasthan Round 2 Allotment.txt,337,
Rajasthan,Rajasthan,2025,R2,STATE_MERIT,517.0,Obst. & Gynaecology,BAHADUR SINGH,OBC,,MS,Rajsthan__Rajasthan Round 2 Allotment.txt,338,
Rajasthan,Rajasthan,2025,R2,STATE_MERIT,518.0,Obst. & Gynaecology,CHANDRA PRAKASH SADHWANI,General,,MS,Rajsthan__Rajasthan Round 2 Allotment.txt,339,
Rajasthan,Rajasthan,2025,R2,STATE_MERIT,522.0,General Medicine,CHOTHMAL GURJAR,MBC NCL,,MD,Rajsthan__Rajasthan Round 2 Allotment.txt,340,
Rajasthan,Rajasthan,2025,R2,STATE_MERIT,524.0,Skin & V.D / Dermatology Ven. & Leprosy,SHYAM MAHESHWARI,General,,MD,Rajsthan__Rajasthan Round 2 Allotment.txt,341,
Rajasthan,Rajasthan,2025,R2,STATE_MERIT,525.0,Orthopaedics,NARENDER ATOLIA,General,,MS,Rajsthan__Rajasthan Round 2 Allotment.txt,342,
Rajasthan,Rajasthan,2025,R2,STATE_MERIT,526.0,ENT,RADHEYSHYAM SHARMA,General,,MS,Rajsthan__Rajasthan Round 2 Allotment.txt,343,
Rajasthan,Rajasthan,2025,R2,STATE_MERIT,528.0,Skin & V.D / Dermatology Ven. & Leprosy,BADRI NARAYAN MEENA,ST,,MD,Rajsthan__Rajasthan Round 2 Allotment.txt,344,
Rajasthan,Rajasthan,2025,R2,STATE_MERIT,529.0,Skin & V.D / Dermatology Ven. & Leprosy,MOOL CHAND KULDEEP,SC,,MD,Rajsthan__Rajasthan Round 2 Allotment.txt,345,
Rajasthan,Rajasthan,2025,R2,STATE_MERIT,532.0,General Medicine,LAXMAN RAM MODASIA,SC,,MD,Rajsthan__Rajasthan Round 2 Allotment.txt,346,
Rajasthan,Rajasthan,2025,R2,STATE_MERIT,533.0,Ophthalmology,NAVNEET PANDEY,General,,MS,Rajsthan__Rajasthan Round 2 Allotment.txt,347,
Rajasthan,Rajasthan,2025,R2,STATE_MERIT,535.0,General Medicine,NAROTTAM SINGH BRAHMI,SC,,MD,Rajsthan__Rajasthan Round 2 Allotment.txt,348,
Rajasthan,Rajasthan,2025,R2,STATE_MERIT,536.0,Obst. & Gynaecology,CHAUTHMAL SAINI,OBC,,MS,Rajsthan__Rajasthan Round 2 Allotment.txt,349,
Rajasthan,Rajasthan,2025,R2,STATE_MERIT,538.0,General Medicine,MAN SINGH,MBC NCL,,MD,Rajsthan__Rajasthan Round 2 Allotment.txt,350,
Rajasthan,Rajasthan,2025,R2,STATE_MERIT,539.0,Psychiatry,TRILOK SINGH,OBC,,MD,Rajsthan__Rajasthan Round 2 Allotment.txt,351,
Rajasthan,Rajasthan,2025,R2,STATE_MERIT,540.0,Ophthalmology,RAM LAL YADAV,OBC,,MS,Rajsthan__Rajasthan Round 2 Allotment.txt,352,
Rajasthan,Rajasthan,2025,R2,STATE_MERIT,541.0,Orthopaedics,BHAGWAN SAHAY SHARMA,General,,MS,Rajsthan__Rajasthan Round 2 Allotment.txt,353,
Rajasthan,Rajasthan,2025,R2,STATE_MERIT,542.0,Emergency Medicine,MADAN LAL DEORA,OBC,,MD,Rajsthan__Rajasthan Round 2 Allotment.txt,354,
Rajasthan,Rajasthan,2025,R2,STATE_MERIT,543.0,Ophthalmology,BALKISHAN MODI,General,,MS,Rajsthan__Rajasthan Round 2 Allotment.txt,355,
Rajasthan,Rajasthan,2025,R2,STATE_MERIT,544.0,Psychiatry,PRADHUMAN JAIN,General,,MD,Rajsthan__Rajasthan Round 2 Allotment.txt,356,
Rajasthan,Rajasthan,2025,R2,STATE_MERIT,546.0,General Surgery,MUKESH GAUR,General,,MS,Rajsthan__Rajasthan Round 2 Allotment.txt,357,
Rajasthan,Rajasthan,2025,R2,STATE_MERIT,550.0,Paediatrics,SATISH KUMAR GURJAR,MBC NCL,,MD,Rajsthan__Rajasthan Round 2 Allotment.txt,358,
Rajasthan,Rajasthan,2025,R2,STATE_MERIT,552.0,Psychiatry,ANAND SINGH SHEKHAWAT,General,,MD,Rajsthan__Rajasthan Round 2 Allotment.txt,359,
Rajasthan,Rajasthan,2025,R2,STATE_MERIT,553.0,Ophthalmology,RAJKUMAR VAISHNAV,OBC,,MS,Rajsthan__Rajasthan Round 2 Allotment.txt,360,
Rajasthan,Rajasthan,2025,R2,STATE_MERIT,555.0,General Medicine,MOHAN SINGH,SC,,MD,Rajsthan__Rajasthan Round 2 Allotment.txt,361,
Rajasthan,Rajasthan,2025,R2,STATE_MERIT,556.0,General Medicine,HARIRAM MAHAWAR,SC,,MD,Rajsthan__Rajasthan Round 2 Allotment.txt,362,
Rajasthan,Rajasthan,2025,R2,STATE_MERIT,557.0,Psychiatry,MANGI LAL,OBC,,MD,Rajsthan__Rajasthan Round 2 Allotment.txt,363,
Rajasthan,Rajasthan,2025,R2,STATE_MERIT,558.0,Respiratory Medicine/T.B. & Chest/Tuberculosis & Respiratory Diseases,ASHOK KUMAR JOSHI,General,,MD,Rajsthan__Rajasthan Round 2 Allotment.txt,364,
Rajasthan,Rajasthan,2025,R2,STATE_MERIT,561.0,Orthopaedics,RAMESH KUMAWAT,General,,MS,Rajsthan__Rajasthan Round 2 Allotment.txt,365,
Rajasthan,Rajasthan,2025,R2,STATE_MERIT,562.0,General Surgery,SHRIGOPAL JANGID,OBC,,MS,Rajsthan__Rajasthan Round 2 Allotment.txt,366,
Rajasthan,Rajasthan,2025,R2,STATE_MERIT,563.0,General Surgery,RISHI MOHAN YADAV,OBC,,MS,Rajsthan__Rajasthan Round 2 Allotment.txt,367,
Rajasthan,Rajasthan,2025,R2,STATE_MERIT,564.0,Orthopaedics,SATYANARAYAN SHARMA,General,,MS,Rajsthan__Rajasthan Round 2 Allotment.txt,368,
Rajasthan,Rajasthan,2025,R2,STATE_MERIT,565.0,Orthopaedics,HANUMAN SAHAI SHARMA,General,,MS,Rajsthan__Rajasthan Round 2 Allotment.txt,369,
Rajasthan,Rajasthan,2025,R2,STATE_MERIT,570.0,Paediatrics,OMPRAKASH RAIGAR,SC,,MD,Rajsthan__Rajasthan Round 2 Allotment.txt,370,
Rajasthan,Rajasthan,2025,R2,STATE_MERIT,571.0,Orthopaedics,MOHAN SINGH,General,,MS,Rajsthan__Rajasthan Round 2 Allotment.txt,371,
Rajasthan,Rajasthan,2025,R2,STATE_MERIT,574.0,Ophthalmology,MUNAVVER ALI ANSARI,General,,MS,Rajsthan__Rajasthan Round 2 Allotment.txt,372,
Rajasthan,Rajasthan,2025,R2,STATE_MERIT,575.0,Pathology,HARISH CHAND BANSAL,General,,MD,Rajsthan__Rajasthan Round 2 Allotment.txt,373,
Rajasthan,Rajasthan,2025,R2,STATE_MERIT,576.0,General Surgery,HEMANT KUMAR CHULET,General,,MS,Rajsthan__Rajasthan Round 2 Allotment.txt,374,
Rajasthan,Rajasthan,2025,R2,STATE_MERIT,577.0,General Surgery,NARENDRA KUMAR GUPTA,General,,MS,Rajsthan__Rajasthan Round 2 Allotment.txt,375,
Rajasthan,Rajasthan,2025,R2,STATE_MERIT,578.0,General Surgery,RAJENDRA KUMAR SHARMA,General,,MS,Rajsthan__Rajasthan Round 2 Allotment.txt,376,
Rajasthan,Rajasthan,2025,R2,STATE_MERIT,582.0,Radiotherapy/Radiationoncology,RAIMAL CHAUDHARY,OBC,,MD,Rajsthan__Rajasthan Round 2 Allotment.txt,377,
Rajasthan,Rajasthan,2025,R2,STATE_MERIT,585.0,Respiratory Medicine/T.B. & Chest/Tuberculosis & Respiratory Diseases,GANGADHAR SANKHALA,OBC,,MD,Rajsthan__Rajasthan Round 2 Allotment.txt,378,
Rajasthan,Rajasthan,2025,R2,STATE_MERIT,586.0,Respiratory Medicine/T.B. & Chest/Tuberculosis & Respiratory Diseases,KALYAN PRASAD MALI,OBC,,MD,Rajsthan__Rajasthan Round 2 Allotment.txt,379,
Rajasthan,Rajasthan,2025,R2,STATE_MERIT,587.0,General Surgery,SUBHASH PRAJAPAT,OBC,,MS,Rajsthan__Rajasthan Round 2 Allotment.txt,380,
Rajasthan,Rajasthan,2025,R2,STATE_MERIT,590.0,Skin & V.D / Dermatology Ven. & Leprosy,BABOOLAL JATOLIA,SC,,MD,Rajsthan__Rajasthan Round 2 Allotment.txt,389,
Rajasthan,Rajasthan,2025,R2,STATE_MERIT,592.0,Paediatrics,SHYAM SINGH GURJAR,MBC NCL,,MD,Rajsthan__Rajasthan Round 2 Allotment.txt,390,
Rajasthan,Rajasthan,2025,R2,STATE_MERIT,594.0,General Surgery,HARIKISHAN MATWA,OBC,,MS,Rajsthan__Rajasthan Round 2 Allotment.txt,391,
Rajasthan,Rajasthan,2025,R2,STATE_MERIT,596.0,General Surgery,SACHENDRA KUMAR SHRIVASTAVA,General,,MS,Rajsthan__Rajasthan Round 2 Allotment.txt,392,
Rajasthan,Rajasthan,2025,R2,STATE_MERIT,598.0,General Surgery,HANUMAN CHOUDHARY,OBC,,MS,Rajsthan__Rajasthan Round 2 Allotment.txt,393,
Rajasthan,Rajasthan,2025,R2,STATE_MERIT,600.0,General Medicine,SONPAL,SC,,MD,Rajsthan__Rajasthan Round 2 Allotment.txt,394,
Rajasthan,Rajasthan,2025,R2,STATE_MERIT,601.0,Orthopaedics,SANJAY KHANDELWAL,General,,MS,Rajsthan__Rajasthan Round 2 Allotment.txt,395,
Rajasthan,Rajasthan,2025,R2,STATE_MERIT,602.0,Ophthalmology,SUSHIL AGRAWAL,General,,MS,Rajsthan__Rajasthan Round 2 Allotment.txt,396,
Rajasthan,Rajasthan,2025,R2,STATE_MERIT,603.0,General Surgery,SITA RAM YADAV,OBC,,MS,Rajsthan__Rajasthan Round 2 Allotment.txt,397,
Rajasthan,Rajasthan,2025,R2,STATE_MERIT,605.0,Ophthalmology,DURGA PRASAD PRAJAPAT,OBC,,MS,Rajsthan__Rajasthan Round 2 Allotment.txt,398,
Rajasthan,Rajasthan,2025,R2,STATE_MERIT,606.0,General Medicine,RAM PRATAP SARWA,SC,,MD,Rajsthan__Rajasthan Round 2 Allotment.txt,399,
Rajasthan,Rajasthan,2025,R2,STATE_MERIT,607.0,General Surgery,SHANKAR SINGH GAUR,General,,MS,Rajsthan__Rajasthan Round 2 Allotment.txt,400,
Rajasthan,Rajasthan,2025,R2,STATE_MERIT,608.0,General Surgery,RAJENDRA PRASAD DHAKED,OBC,,MS,Rajsthan__Rajasthan Round 2 Allotment.txt,401,
Rajasthan,Rajasthan,2025,R2,STATE_MERIT,609.0,Ophthalmology,RAMESH CHAND MANGAL,General,,MS,Rajsthan__Rajasthan Round 2 Allotment.txt,402,
Rajasthan,Rajasthan,2025,R2,STATE_MERIT,612.0,Respiratory Medicine/T.B. & Chest/Tuberculosis & Respiratory Diseases,MAHESH KUMAR SHARMA,General,,MD,Rajsthan__Rajasthan Round 2 Allotment.txt,403,
Rajasthan,Rajasthan,2025,R2,STATE_MERIT,617.0,Orthopaedics,KARU LAL DANGI,OBC,,MS,Rajsthan__Rajasthan Round 2 Allotment.txt,404,
Rajasthan,Rajasthan,2025,R2,STATE_MERIT,618.0,Ophthalmology,PREM CHAND CHOUDHARY,OBC,,MS,Rajsthan__Rajasthan Round 2 Allotment.txt,405,
Rajasthan,Rajasthan,2025,R2,STATE_MERIT,620.0,Obst. & Gynaecology,DILEEP SINGH,General,,MS,Rajsthan__Rajasthan Round 2 Allotment.txt,406,
Rajasthan,Rajasthan,2025,R2,STATE_MERIT,622.0,Obst. & Gynaecology,HAR MUKESH SHARMA,General,,MS,Rajsthan__Rajasthan Round 2 Allotment.txt,407,
Rajasthan,Rajasthan,2025,R2,STATE_MERIT,625.0,Obst. & Gynaecology,HAJARI RAM,OBC,,MS,Rajsthan__Rajasthan Round 2 Allotment.txt,408,
Rajasthan,Rajasthan,2025,R2,STATE_MERIT,626.0,ENT,SITA RAM,OBC,,MS,Rajsthan__Rajasthan Round 2 Allotment.txt,409,
Rajasthan,Rajasthan,2025,R2,STATE_MERIT,627.0,Emergency Medicine,SOHAN LAL JAT,OBC,,MD,Rajsthan__Rajasthan Round 2 Allotment.txt,410,
Rajasthan,Rajasthan,2025,R2,STATE_MERIT,629.0,General Surgery,GIRJASHANKAR NAGAR,OBC,,MS,Rajsthan__Rajasthan Round 2 Allotment.txt,411,
Rajasthan,Rajasthan,2025,R2,STATE_MERIT,630.0,Radiotherapy/Radiationoncology,L R CHOUDHARY,OBC,,MD,Rajsthan__Rajasthan Round 2 Allotment.txt,412,
Rajasthan,Rajasthan,2025,R2,STATE_MERIT,634.0,General Surgery,SATISH RAJPUROHIT,General,,MS,Rajsthan__Rajasthan Round 2 Allotment.txt,413,
Rajasthan,Rajasthan,2025,R2,STATE_MERIT,637.0,General Medicine,HEMRAJ BANETHIWAL,SC,,MD,Rajsthan__Rajasthan Round 2 Allotment.txt,414,
Rajasthan,Rajasthan,2025,R2,STATE_MERIT,639.0,Obst. & Gynaecology,NARAYAN DAS ARORA,General,,MS,Rajsthan__Rajasthan Round 2 Allotment.txt,415,
Rajasthan,Rajasthan,2025,R2,STATE_MERIT,640.0,Orthopaedics,SATISH CHAND BANSAL,General,,MS,Rajsthan__Rajasthan Round 2 Allotment.txt,416,
Rajasthan,Rajasthan,2025,R2,STATE_MERIT,643.0,Ophthalmology,GURUDAYAL SINGH,OBC,,MS,Rajsthan__Rajasthan Round 2 Allotment.txt,417,
Rajasthan,Rajasthan,2025,R2,STATE_MERIT,645.0,General Surgery,PAWAN BANSAL,General,,MS,Rajsthan__Rajasthan Round 2 Allotment.txt,418,
Rajasthan,Rajasthan,2025,R2,STATE_MERIT,647.0,General Surgery,ASHURAM SUTHAR,OBC,,MS,Rajsthan__Rajasthan Round 2 Allotment.txt,419,
Rajasthan,Rajasthan,2025,R2,STATE_MERIT,649.0,Ophthalmology,AKSHAY SINGH CHAUHAN,General,,MS,Rajsthan__Rajasthan Round 2 Allotment.txt,420,
Rajasthan,Rajasthan,2025,R2,STATE_MERIT,653.0,Orthopaedics,RAKESH SHARMA,General,,MS,Rajsthan__Rajasthan Round 2 Allotment.txt,421,
Rajasthan,Rajasthan,2025,R2,STATE_MERIT,654.0,Ophthalmology,SURESH RAM BHINDA,OBC,,MS,Rajsthan__Rajasthan Round 2 Allotment.txt,422,
Rajasthan,Rajasthan,2025,R2,STATE_MERIT,656.0,General Surgery,CHETAN SINGH,General,,MS,Rajsthan__Rajasthan Round 2 Allotment.txt,423,
Rajasthan,Rajasthan,2025,R2,STATE_MERIT,657.0,General Medicine,RAM LAL,SC,,MD,Rajsthan__Rajasthan Round 2 Allotment.txt,424,
Rajasthan,Rajasthan,2025,R2,STATE_MERIT,663.0,Paediatrics,RAMOTAR GURJAR,MBC NCL,,MD,Rajsthan__Rajasthan Round 2 Allotment.txt,425,
Rajasthan,Rajasthan,2025,R2,STATE_MERIT,664.0,Paediatrics,SHYORAMA RAM,OBC,,Post MBBS Diploma,Rajsthan__Rajasthan Round 2 Allotment.txt,426,
Rajasthan,Rajasthan,2025,R2,STATE_MERIT,666.0,Paediatrics,KAILASH CHAND,SC,,MD,Rajsthan__Rajasthan Round 2 Allotment.txt,427,
Rajasthan,Rajasthan,2025,R2,STATE_MERIT,670.0,Radiotherapy/Radiationoncology,SUNIL KUMAR KHABYA,General,,MD,Rajsthan__Rajasthan Round 2 Allotment.txt,428,
Rajasthan,Rajasthan,2025,R2,STATE_MERIT,671.0,Emergency Medicine,KRISHAN SINGH,General,,MD,Rajsthan__Rajasthan Round 2 Allotment.txt,429,
Rajasthan,Rajasthan,2025,R2,STATE_MERIT,673.0,Emergency Medicine,KAMAL GUPTA,General,,Post MBBS DNB,Rajsthan__Rajasthan Round 2 Allotment.txt,430,
Rajasthan,Rajasthan,2025,R2,STATE_MERIT,680.0,Radiotherapy/Radiationoncology,SATISH KHANDELWAL,General,,MD,Rajsthan__Rajasthan Round 2 Allotment.txt,431,
Rajasthan,Rajasthan,2025,R2,STATE_MERIT,682.0,General Surgery,KRISHAN GOPAL TOTLA,General,,MS,Rajsthan__Rajasthan Round 2 Allotment.txt,432,
Rajasthan,Rajasthan,2025,R2,STATE_MERIT,687.0,Respiratory Medicine/T.B. & Chest/Tuberculosis & Respiratory Diseases,SURESH CHAND SHARMA,General,,MD,Rajsthan__Rajasthan Round 2 Allotment.txt,433,
Rajasthan,Rajasthan,2025,R2,STATE_MERIT,689.0,Anaesthesia,INDER LAL PRAJAPATI,OBC,,MD,Rajsthan__Rajasthan Round 2 Allotment.txt,434,
Rajasthan,Rajasthan,2025,R2,STATE_MERIT,690.0,Orthopaedics,KARNI SINGH DHAKA,OBC,,MS,Rajsthan__Rajasthan Round 2 Allotment.txt,435,
Rajasthan,Rajasthan,2025,R2,STATE_MERIT,691.0,General Surgery,KAMAL SINGH,General,,MS,Rajsthan__Rajasthan Round 2 Allotment.txt,436,
Rajasthan,Rajasthan,2025,R2,STATE_MERIT,692.0,General Surgery,OMPRAKASH SHARMA,General,,MS,Rajsthan__Rajasthan Round 2 Allotment.txt,437,
Rajasthan,Rajasthan,2025,R2,STATE_MERIT,694.0,Orthopaedics,JAGADISH PRASAD,OBC,,MS,Rajsthan__Rajasthan Round 2 Allotment.txt,438,
Rajasthan,Rajasthan,2025,R2,STATE_MERIT,698.0,General Surgery,RAMCHANDRA LEGHA,OBC,,MS,Rajsthan__Rajasthan Round 2 Allotment.txt,439,
Rajasthan,Rajasthan,2025,R2,STATE_MERIT,699.0,General Surgery,HARCHAND VISHNOI,OBC,,MS,Rajsthan__Rajasthan Round 2 Allotment.txt,440,
Rajasthan,Rajasthan,2025,R2,STATE_MERIT,701.0,General Medicine,ASHOK BANSHIWAL,SC,,MD,Rajsthan__Rajasthan Round 2 Allotment.txt,441,
Rajasthan,Rajasthan,2025,R2,STATE_MERIT,704.0,General Surgery,MAHAVEER SAHARAN,OBC,,MS,Rajsthan__Rajasthan Round 2 Allotment.txt,442,
Rajasthan,Rajasthan,2025,R2,STATE_MERIT,705.0,Radiotherapy/Radiationoncology,VIMAL KUMAR GUPTA,General,,MD,Rajsthan__Rajasthan Round 2 Allotment.txt,443,
Rajasthan,Rajasthan,2025,R2,STATE_MERIT,707.0,General Surgery,RAJESH NATANI,General,,MS,Rajsthan__Rajasthan Round 2 Allotment.txt,444,
Rajasthan,Rajasthan,2025,R2,STATE_MERIT,710.0,Ophthalmology,NEERAJ BHUTANI,General,,MS,Rajsthan__Rajasthan Round 2 Allotment.txt,445,
Rajasthan,Rajasthan,2025,R2,STATE_MERIT,712.0,Obst. & Gynaecology,ASHUTOSH YOGANANDI,OBC,,MS,Rajsthan__Rajasthan Round 2 Allotment.txt,446,
Rajasthan,Rajasthan,2025,R2,STATE_MERIT,713.0,General Surgery,HARI MOHAN MEHTA,OBC,,MS,Rajsthan__Rajasthan Round 2 Allotment.txt,447,
Rajasthan,Rajasthan,2025,R2,STATE_MERIT,716.0,Anaesthesia,MAHENDRA SINGH NARUKA,General,,MD,Rajsthan__Rajasthan Round 2 Allotment.txt,448,
Rajasthan,Rajasthan,2025,R2,STATE_MERIT,717.0,General Surgery,VIRENDRA KUMAR SHARMA,General,,MS,Rajsthan__Rajasthan Round 2 Allotment.txt,449,
Rajasthan,Rajasthan,2025,R2,STATE_MERIT,718.0,General Medicine,MOHAN LAL VERMA,SC,,MD,Rajsthan__Rajasthan Round 2 Allotment.txt,450,
Rajasthan,Rajasthan,2025,R2,STATE_MERIT,721.0,Paediatrics,BABU LAL MEENA,ST,,MD,Rajsthan__Rajasthan Round 2 Allotment.txt,451,
Rajasthan,Rajasthan,2025,R2,STATE_MERIT,722.0,General Surgery,SAMARAM CHOUDHARY,OBC,,MS,Rajsthan__Rajasthan Round 2 Allotment.txt,452,
Rajasthan,Rajasthan,2025,R2,STATE_MERIT,723.0,ENT,ROSHAN ALI MULTANI,General,,MS,Rajsthan__Rajasthan Round 2 Allotment.txt,453,
Rajasthan,Rajasthan,2025,R2,STATE_MERIT,724.0,General Medicine,SHIV KUMAR MAURYA,SC,,MD,Rajsthan__Rajasthan Round 2 Allotment.txt,454,
Rajasthan,Rajasthan,2025,R2,STATE_MERIT,726.0,Radiotherapy/Radiationoncology,VARUN CHATURVEDI,General,,MD,Rajsthan__Rajasthan Round 2 Allotment.txt,455,
Rajasthan,Rajasthan,2025,R2,STATE_MERIT,736.0,Orthopaedics,BABULAL SHARMA,General,,MS,Rajsthan__Rajasthan Round 2 Allotment.txt,456,
Rajasthan,Rajasthan,2025,R2,STATE_MERIT,737.0,Emergency Medicine,RAM JI LAL SHARMA,General,,Post MBBS DNB,Rajsthan__Rajasthan Round 2 Allotment.txt,457,
Rajasthan,Rajasthan,2025,R2,STATE_MERIT,738.0,Orthopaedics,GIRRAJ PRASAD KHANDELWAL,General,,MS,Rajsthan__Rajasthan Round 2 Allotment.txt,466,
Rajasthan,Rajasthan,2025,R2,STATE_MERIT,744.0,Anaesthesia,SHRAVAN KUMAR VISHNOI,OBC,,MD,Rajsthan__Rajasthan Round 2 Allotment.txt,467,
Rajasthan,Rajasthan,2025,R2,STATE_MERIT,748.0,General Surgery,NARESH BANSAL,General,,MS,Rajsthan__Rajasthan Round 2 Allotment.txt,468,
Rajasthan,Rajasthan,2025,R2,STATE_MERIT,756.0,ENT,VIJENDRA SINGH,OBC,,MS,Rajsthan__Rajasthan Round 2 Allotment.txt,469,
Rajasthan,Rajasthan,2025,R2,STATE_MERIT,757.0,General Medicine,RAMESHWARJI DAYAL,SC,,MD,Rajsthan__Rajasthan Round 2 Allotment.txt,470,
Rajasthan,Rajasthan,2025,R2,STATE_MERIT,759.0,ENT,RAMESH KUMAR AGARWAL,General,,MS,Rajsthan__Rajasthan Round 2 Allotment.txt,471,
Rajasthan,Rajasthan,2025,R2,STATE_MERIT,765.0,Anaesthesia,RADHESH KUMAR SRIVASTAVA,General,,MD,Rajsthan__Rajasthan Round 2 Allotment.txt,472,
Rajasthan,Rajasthan,2025,R2,STATE_MERIT,769.0,Obs & Gyne,KAILASH CHAND SHARMA,OBC,,Post MBBS Diploma,Rajsthan__Rajasthan Round 2 Allotment.txt,473,
Rajasthan,Rajasthan,2025,R2,STATE_MERIT,772.0,Anaesthesia,VINOD SHARMA,General,,MD,Rajsthan__Rajasthan Round 2 Allotment.txt,474,
Rajasthan,Rajasthan,2025,R2,STATE_MERIT,777.0,ENT,ABHINAV GUPTA,General,,MS,Rajsthan__Rajasthan Round 2 Allotment.txt,475,
Rajasthan,Rajasthan,2025,R2,STATE_MERIT,780.0,General Medicine,MORPAL BAIRWA,SC,,MD,Rajsthan__Rajasthan Round 2 Allotment.txt,476,
Rajasthan,Rajasthan,2025,R2,STATE_MERIT,788.0,ENT,SUBHASH CHANDRA SHARMA,General,,MS,Rajsthan__Rajasthan Round 2 Allotment.txt,477,
Rajasthan,Rajasthan,2025,R2,STATE_MERIT,790.0,Anaesthesia,DINESH CHANDRA AGRAWAL,General,,MD,Rajsthan__Rajasthan Round 2 Allotment.txt,478,
Rajasthan,Rajasthan,2025,R2,STATE_MERIT,799.0,Paediatrics,JABBRARAM,SC,,MD,Rajsthan__Rajasthan Round 2 Allotment.txt,479,
Rajasthan,Rajasthan,2025,R2,STATE_MERIT,800.0,Anaesthesia,NEERAJ SRIVASTAVA,General,,MD,Rajsthan__Rajasthan Round 2 Allotment.txt,480,
Rajasthan,Rajasthan,2025,R2,STATE_MERIT,802.0,Emergency Medicine,RAJENDRA PRAKASH GUPTA,General,,MD,Rajsthan__Rajasthan Round 2 Allotment.txt,481,
Rajasthan,Rajasthan,2025,R2,STATE_MERIT,803.0,General Surgery,HETRAM,OBC,,MS,Rajsthan__Rajasthan Round 2 Allotment.txt,482,
Rajasthan,Rajasthan,2025,R2,STATE_MERIT,805.0,General Medicine,HARIKESH MEENA,ST,,MD,Rajsthan__Rajasthan Round 2 Allotment.txt,483,
Rajasthan,Rajasthan,2025,R2,STATE_MERIT,807.0,Anaesthesia,JAGDISH PRASAD KHANDELWAL,General,,MD,Rajsthan__Rajasthan Round 2 Allotment.txt,484,
Rajasthan,Rajasthan,2025,R2,STATE_MERIT,810.0,Paediatrics,BUDHARMAL GODAWAT,SC,,MD,Rajsthan__Rajasthan Round 2 Allotment.txt,485,
Rajasthan,Rajasthan,2025,R2,STATE_MERIT,812.0,Orthopaedics,NARESH SHAH,General,,MS,Rajsthan__Rajasthan Round 2 Allotment.txt,486,
Rajasthan,Rajasthan,2025,R2,STATE_MERIT,814.0,Anaesthesia,ANIL JETHLIA,General,,MD,Rajsthan__Rajasthan Round 2 Allotment.txt,487,
Rajasthan,Rajasthan,2025,R2,STATE_MERIT,817.0,Obst. & Gynaecology,INDERJEET SINGLA,General,,MS,Rajsthan__Rajasthan Round 2 Allotment.txt,488,
Rajasthan,Rajasthan,2025,R2,STATE_MERIT,822.0,Radiodiagnosis/Radiology,CHAKRAPANI SHARMA,General,,MD,Rajsthan__Rajasthan Round 2 Allotment.txt,489,
Rajasthan,Rajasthan,2025,R2,STATE_MERIT,825.0,Respiratory Medicine/T.B. & Chest/Tuberculosis & Respiratory Diseases,MADAN LAL,SC,,MD,Rajsthan__Rajasthan Round 2 Allotment.txt,490,
Rajasthan,Rajasthan,2025,R2,STATE_MERIT,826.0,Obs & Gyne,BHAINRU RAM BHOOKHARIYA,OBC,,Post MBBS Diploma,Rajsthan__Rajasthan Round 2 Allotment.txt,491,
Rajasthan,Rajasthan,2025,R2,STATE_MERIT,837.0,Paediatrics,LACHHA RAM,SC,,MD,Rajsthan__Rajasthan Round 2 Allotment.txt,492,
Rajasthan,Rajasthan,2025,R2,STATE_MERIT,838.0,Obs & Gyne,OM PRAKASH SHARMA,General,,Post MBBS Diploma,Rajsthan__Rajasthan Round 2 Allotment.txt,493,
Rajasthan,Rajasthan,2025,R2,STATE_MERIT,839.0,Pathology,KANA RAM SARAN,OBC,,MD,Rajsthan__Rajasthan Round 2 Allotment.txt,494,
Rajasthan,Rajasthan,2025,R2,STATE_MERIT,840.0,General Surgery,MAHESH KUMAR GUPTA,General,,MS,Rajsthan__Rajasthan Round 2 Allotment.txt,495,
Rajasthan,Rajasthan,2025,R2,STATE_MERIT,841.0,PSM/Community Medicine,ARUN KUMAR SONI,General,,MD,Rajsthan__Rajasthan Round 2 Allotment.txt,496,
Rajasthan,Rajasthan,2025,R2,STATE_MERIT,842.0,ENT,RAHUL BAGRA,General,,MS,Rajsthan__Rajasthan Round 2 Allotment.txt,497,
Rajasthan,Rajasthan,2025,R2,STATE_MERIT,845.0,Obs & Gyne,KUNAN JI PANCHAL,OBC,,Post MBBS Diploma,Rajsthan__Rajasthan Round 2 Allotment.txt,498,
Rajasthan,Rajasthan,2025,R2,STATE_MERIT,846.0,Radiotherapy/Radiationoncology,AJAY KUMAR MISHRA,General,,MD,Rajsthan__Rajasthan Round 2 Allotment.txt,499,
Rajasthan,Rajasthan,2025,R2,STATE_MERIT,853.0,Phy. Med. & Reh.,VINOD KUMAR GUPTA,General,,MD,Rajsthan__Rajasthan Round 2 Allotment.txt,500,
Rajasthan,Rajasthan,2025,R2,STATE_MERIT,856.0,Paediatrics,RAMKISHOR SHARMA,General,,Post MBBS Diploma,Rajsthan__Rajasthan Round 2 Allotment.txt,501,
Rajasthan,Rajasthan,2025,R2,STATE_MERIT,857.0,General Surgery,VIJAYPAL CHOUDHARY,OBC,,MS,Rajsthan__Rajasthan Round 2 Allotment.txt,502,
Rajasthan,Rajasthan,2025,R2,STATE_MERIT,858.0,Family Medicine,PRAMOD KUMAR GUPTA,General,,Post MBBS DNB,Rajsthan__Rajasthan Round 2 Allotment.txt,503,
Rajasthan,Rajasthan,2025,R2,STATE_MERIT,859.0,Palliative Medicine,RAGHUNATH RAM,OBC,,MD,Rajsthan__Rajasthan Round 2 Allotment.txt,504,
Rajasthan,Rajasthan,2025,R2,STATE_MERIT,860.0,ENT,ASHOK SHARMA,General,,MS,Rajsthan__Rajasthan Round 2 Allotment.txt,505,
Rajasthan,Rajasthan,2025,R2,STATE_MERIT,863.0,Obs & Gyne,RAMKUMAR SINGH,OBC,,Post MBBS Diploma,Rajsthan__Rajasthan Round 2 Allotment.txt,506,
Rajasthan,Rajasthan,2025,R2,STATE_MERIT,871.0,Phy. Med. & Reh.,KAMAL KISHORE ARORA,General,,MD,Rajsthan__Rajasthan Round 2 Allotment.txt,507,
Rajasthan,Rajasthan,2025,R2,STATE_MERIT,877.0,Obst. & Gynaecology,SUSHIL PANWAR,SC,,MS,Rajsthan__Rajasthan Round 2 Allotment.txt,508,
Rajasthan,Rajasthan,2025,R2,STATE_MERIT,881.0,Pathology,CHANAN MAL,OBC,,MD,Rajsthan__Rajasthan Round 2 Allotment.txt,509,
Rajasthan,Rajasthan,2025,R2,STATE_MERIT,882.0,General Surgery,HANUMAN RAM BISHNOI,OBC,,MS,Rajsthan__Rajasthan Round 2 Allotment.txt,510,
Rajasthan,Rajasthan,2025,R2,STATE_MERIT,883.0,Anaesthesia,SUBHASH CHAND PALSANIYA,OBC,,MD,Rajsthan__Rajasthan Round 2 Allotment.txt,511,
Rajasthan,Rajasthan,2025,R2,STATE_MERIT,890.0,Paediatrics,DULICHAND BARGUJAR,SC,,MD,Rajsthan__Rajasthan Round 2 Allotment.txt,512,
Rajasthan,Rajasthan,2025,R2,STATE_MERIT,891.0,Radiotherapy/Radiationoncology,RAJESH MIDDHA,General,,MD,Rajsthan__Rajasthan Round 2 Allotment.txt,513,
Rajasthan,Rajasthan,2025,R2,STATE_MERIT,900.0,Paediatrics,RAMESHWAR PARIHAR,SC,,MD,Rajsthan__Rajasthan Round 2 Allotment.txt,514,
Rajasthan,Rajasthan,2025,R2,STATE_MERIT,901.0,Phy. Med. & Reh.,SUNIL KUMAR GOYAL,General,,MD,Rajsthan__Rajasthan Round 2 Allotment.txt,515,
Rajasthan,Rajasthan,2025,R2,STATE_MERIT,904.0,Paediatrics,OMPRAKASH VERMA,SC,,MD,Rajsthan__Rajasthan Round 2 Allotment.txt,516,
Rajasthan,Rajasthan,2025,R2,STATE_MERIT,907.0,General Surgery,HEERA LAL KALAL,General,,MS,Rajsthan__Rajasthan Round 2 Allotment.txt,517,
Rajasthan,Rajasthan,2025,R2,STATE_MERIT,909.0,Obs & Gyne,OM PARKASH,OBC,,Post MBBS Diploma,Rajsthan__Rajasthan Round 2 Allotment.txt,518,
Rajasthan,Rajasthan,2025,R2,STATE_MERIT,910.0,Radiodiagnosis/Radiology,GANESHA RAM,OBC,,MD,Rajsthan__Rajasthan Round 2 Allotment.txt,519,
Rajasthan,Rajasthan,2025,R2,STATE_MERIT,912.0,Paediatrics,HARI KISHAN BAGARIYA,SC,,MD,Rajsthan__Rajasthan Round 2 Allotment.txt,520,
Rajasthan,Rajasthan,2025,R2,STATE_MERIT,922.0,General Surgery,MANOJ KUMAR MAHESHWARI,General,,MS,Rajsthan__Rajasthan Round 2 Allotment.txt,521,
Rajasthan,Rajasthan,2025,R2,STATE_MERIT,928.0,Radiotherapy/Radiationoncology,ASHISH AGRAWAL,General,,MD,Rajsthan__Rajasthan Round 2 Allotment.txt,522,
Rajasthan,Rajasthan,2025,R2,STATE_MERIT,937.0,Anaesthesia,RAJEEV BHARDWAJ,General,,MD,Rajsthan__Rajasthan Round 2 Allotment.txt,523,
Rajasthan,Rajasthan,2025,R2,STATE_MERIT,941.0,Paediatrics,KANA RAM SOLANKI,SC,,MD,Rajsthan__Rajasthan Round 2 Allotment.txt,524,
Rajasthan,Rajasthan,2025,R2,STATE_MERIT,947.0,Orthopaedics,BABU LAL DHANDE,SC,,MS,Rajsthan__Rajasthan Round 2 Allotment.txt,525,
Rajasthan,Rajasthan,2025,R2,STATE_MERIT,948.0,Anaesthesia,NIZAM QURESHI,OBC,,MD,Rajsthan__Rajasthan Round 2 Allotment.txt,526,
Rajasthan,Rajasthan,2025,R2,STATE_MERIT,950.0,Anaesthesia,VIRENDRA GUPTA,General,,MD,Rajsthan__Rajasthan Round 2 Allotment.txt,527,
Rajasthan,Rajasthan,2025,R2,STATE_MERIT,951.0,General Surgery,JAMEEL KAZMI,General,,MS,Rajsthan__Rajasthan Round 2 Allotment.txt,528,
Rajasthan,Rajasthan,2025,R2,STATE_MERIT,953.0,Paediatrics,TIKAM CHAND,SC,,MD,Rajsthan__Rajasthan Round 2 Allotment.txt,529,
Rajasthan,Rajasthan,2025,R2,STATE_MERIT,954.0,Anaesthesia,BADRI NARAYAN GUPTA,General,,MD,Rajsthan__Rajasthan Round 2 Allotment.txt,530,
Rajasthan,Rajasthan,2025,R2,STATE_MERIT,955.0,Pathology,JAGDISH PRASAD KUMAWAT,OBC,,MD,Rajsthan__Rajasthan Round 2 Allotment.txt,531,
Rajasthan,Rajasthan,2025,R2,STATE_MERIT,957.0,Skin & V.D / Dermatology Ven. & Leprosy,DALSINGH RAWAT,ST,,MD,Rajsthan__Rajasthan Round 2 Allotment.txt,532,
Rajasthan,Rajasthan,2025,R2,STATE_MERIT,959.0,Anaesthesia,RIYAZ AHMED PACHISAWALA,General,,MD,Rajsthan__Rajasthan Round 2 Allotment.txt,533,
Rajasthan,Rajasthan,2025,R2,STATE_MERIT,964.0,Anaesthesia,SATISH CHAND AGARWAL,General,,MD,Rajsthan__Rajasthan Round 2 Allotment.txt,534,
Rajasthan,Rajasthan,2025,R2,STATE_MERIT,966.0,Anaesthesia,JAGDISH GUPTA,General,,MD,Rajsthan__Rajasthan Round 2 Allotment.txt,543,
Rajasthan,Rajasthan,2025,R2,STATE_MERIT,970.0,Paediatrics,BHAIRU LAL GURJAR,MBC NCL,,MD,Rajsthan__Rajasthan Round 2 Allotment.txt,544,
Rajasthan,Rajasthan,2025,R2,STATE_MERIT,973.0,Radiotherapy/Radiationoncology,ANIL CHOUDHARY,General,,MD,Rajsthan__Rajasthan Round 2 Allotment.txt,545,
Rajasthan,Rajasthan,2025,R2,STATE_MERIT,981.0,Radiotherapy/Radiationoncology,BABU LAL SHARMA,General,,MD,Rajsthan__Rajasthan Round 2 Allotment.txt,546,
Rajasthan,Rajasthan,2025,R2,STATE_MERIT,985.0,Orthopaedics,MOHAN LAL BAIRWA,SC,,MS,Rajsthan__Rajasthan Round 2 Allotment.txt,547,
Rajasthan,Rajasthan,2025,R2,STATE_MERIT,987.0,Paediatrics,DURGA LAL,SC,,MD,Rajsthan__Rajasthan Round 2 Allotment.txt,548,
Rajasthan,Rajasthan,2025,R2,STATE_MERIT,988.0,Obs & Gyne,RAMLAL MAHARIA,OBC,,Post MBBS Diploma,Rajsthan__Rajasthan Round 2 Allotment.txt,549,
Rajasthan,Rajasthan,2025,R2,STATE_MERIT,989.0,Anaesthesia,SITARAM PRAJAPAT,OBC,,MD,Rajsthan__Rajasthan Round 2 Allotment.txt,550,
Rajasthan,Rajasthan,2025,R2,STATE_MERIT,996.0,Anaesthesia,MAHESH KUMAR GAUTAM,General,,MD,Rajsthan__Rajasthan Round 2 Allotment.txt,551,
Rajasthan,Rajasthan,2025,R2,STATE_MERIT,999.0,Anaesthesia,RANVEER SINGH,OBC,,MD,Rajsthan__Rajasthan Round 2 Allotment.txt,552,
Rajasthan,Rajasthan,2025,R2,STATE_MERIT,1004.0,Obst. & Gynaecology,RAMESH RAKANI,SC,,MS,Rajsthan__Rajasthan Round 2 Allotment.txt,553,
Rajasthan,Rajasthan,2025,R2,STATE_MERIT,1005.0,Paediatrics,SHISHRAM,SC,,MD,Rajsthan__Rajasthan Round 2 Allotment.txt,554,
Rajasthan,Rajasthan,2025,R2,STATE_MERIT,1008.0,General Medicine,KRISHAN KUMAR MEENA,ST,,MD,Rajsthan__Rajasthan Round 2 Allotment.txt,555,
Rajasthan,Rajasthan,2025,R2,STATE_MERIT,1010.0,Anaesthesia,ABDUL RAHIM,OBC,,MD,Rajsthan__Rajasthan Round 2 Allotment.txt,556,
Rajasthan,Rajasthan,2025,R2,STATE_MERIT,1016.0,ENT,BAJRANG LAL JAKHAR,OBC,,MS,Rajsthan__Rajasthan Round 2 Allotment.txt,557,
Rajasthan,Rajasthan,2025,R2,STATE_MERIT,1019.0,Pathology,RAJESH AGNIHOTRI,General,,MD,Rajsthan__Rajasthan Round 2 Allotment.txt,558,
Rajasthan,Rajasthan,2025,R2,STATE_MERIT,1023.0,General Medicine,RAM KHILADI MEENA,ST,,MD,Rajsthan__Rajasthan Round 2 Allotment.txt,559,
Rajasthan,Rajasthan,2025,R2,STATE_MERIT,1024.0,Anaesthesia,GOURI SHANKAR KHATRI,General,,MD,Rajsthan__Rajasthan Round 2 Allotment.txt,560,
Rajasthan,Rajasthan,2025,R2,STATE_MERIT,1025.0,Obs & Gyne,LAXMINARAYAN SAINI,OBC,,Post MBBS Diploma,Rajsthan__Rajasthan Round 2 Allotment.txt,561,
Rajasthan,Rajasthan,2025,R2,STATE_MERIT,1030.0,Anaesthesia,RAM AVTAR SHARMA,General,,MD,Rajsthan__Rajasthan Round 2 Allotment.txt,562,
Rajasthan,Rajasthan,2025,R2,STATE_MERIT,1031.0,Anaesthesia,GIRDHARI LAL JAT,OBC,,MD,Rajsthan__Rajasthan Round 2 Allotment.txt,563,
Rajasthan,Rajasthan,2025,R2,STATE_MERIT,1032.0,Anaesthesia,MAHESH KUMAR,General,,MD,Rajsthan__Rajasthan Round 2 Allotment.txt,564,
Rajasthan,Rajasthan,2025,R2,STATE_MERIT,1034.0,Paediatrics,RAMKUMAR MEENA,ST,,MD,Rajsthan__Rajasthan Round 2 Allotment.txt,565,
Rajasthan,Rajasthan,2025,R2,STATE_MERIT,1036.0,Radiotherapy/Radiationoncology,VIMAL KUMAR JAIN,General,,MD,Rajsthan__Rajasthan Round 2 Allotment.txt,566,
Rajasthan,Rajasthan,2025,R2,STATE_MERIT,1042.0,Pathology,JAYRAM CHOUDHARY,OBC,,MD,Rajsthan__Rajasthan Round 2 Allotment.txt,567,
Rajasthan,Rajasthan,2025,R2,STATE_MERIT,1043.0,Paediatrics,VIKRAM CHAND,SC,,MD,Rajsthan__Rajasthan Round 2 Allotment.txt,568,
Rajasthan,Rajasthan,2025,R2,STATE_MERIT,1044.0,Obst. & Gynaecology,DAWARKA PRASAD,ST,,MS,Rajsthan__Rajasthan Round 2 Allotment.txt,569,
Rajasthan,Rajasthan,2025,R2,STATE_MERIT,1051.0,Anaesthesia,ASHOK KUMAR BISHNOI,OBC,,MD,Rajsthan__Rajasthan Round 2 Allotment.txt,570,
Rajasthan,Rajasthan,2025,R2,STATE_MERIT,1052.0,Anaesthesia,PRAKASH CHAND AGARWAL,General,,MD,Rajsthan__Rajasthan Round 2 Allotment.txt,571,
Rajasthan,Rajasthan,2025,R2,STATE_MERIT,1054.0,Anaesthesia,RUPESH CHANDEL,General,,MD,Rajsthan__Rajasthan Round 2 Allotment.txt,572,
Rajasthan,Rajasthan,2025,R2,STATE_MERIT,1056.0,Anaesthesia,IKRAM HUSSAIN,General,,MD,Rajsthan__Rajasthan Round 2 Allotment.txt,573,
Rajasthan,Rajasthan,2025,R2,STATE_MERIT,1057.0,Obs & Gyne,RAM RAKH RM,OBC,,Post MBBS Diploma,Rajsthan__Rajasthan Round 2 Allotment.txt,574,
Rajasthan,Rajasthan,2025,R2,STATE_MERIT,1059.0,Anaesthesia,DHIRENDRA MATHUR,General,,MD,Rajsthan__Rajasthan Round 2 Allotment.txt,575,
Rajasthan,Rajasthan,2025,R2,STATE_MERIT,1060.0,Orthopaedics,PREM SINGH,SC,,MS,Rajsthan__Rajasthan Round 2 Allotment.txt,576,
Rajasthan,Rajasthan,2025,R2,STATE_MERIT,1068.0,Obs & Gyne,ANIL KUMAR SHRINGI,General,,Post MBBS Diploma,Rajsthan__Rajasthan Round 2 Allotment.txt,577,
Rajasthan,Rajasthan,2025,R2,STATE_MERIT,1069.0,Psychiatry,KISHAN LAL,SC,,MD,Rajsthan__Rajasthan Round 2 Allotment.txt,578,
Rajasthan,Rajasthan,2025,R2,STATE_MERIT,1070.0,Obst. & Gynaecology,MANISH,SC,,MS,Rajsthan__Rajasthan Round 2 Allotment.txt,579,
Rajasthan,Rajasthan,2025,R2,STATE_MERIT,1071.0,Anaesthesia,SANJAY JAIN,General,,MD,Rajsthan__Rajasthan Round 2 Allotment.txt,580,
Rajasthan,Rajasthan,2025,R2,STATE_MERIT,1077.0,Paediatrics,RAMSWAROOP MUNDOTIYA,SC,,MD,Rajsthan__Rajasthan Round 2 Allotment.txt,581,
Rajasthan,Rajasthan,2025,R2,STATE_MERIT,1078.0,Obst. & Gynaecology,BHANWAR RAYKA,MBC NCL,,MS,Rajsthan__Rajasthan Round 2 Allotment.txt,582,
Rajasthan,Rajasthan,2025,R2,STATE_MERIT,1079.0,Pathology,SUNIL KUMAR SAINI,OBC,,MD,Rajsthan__Rajasthan Round 2 Allotment.txt,583,
Rajasthan,Rajasthan,2025,R2,STATE_MERIT,1080.0,Anaesthesia,BANWARI LAL,OBC,,MD,Rajsthan__Rajasthan Round 2 Allotment.txt,584,
Rajasthan,Rajasthan,2025,R2,STATE_MERIT,1088.0,Respiratory Medicine/T.B. & Chest/Tuberculosis & Respiratory Diseases,CHAMPA LALA JANAGAL,SC,,MD,Rajsthan__Rajasthan Round 2 Allotment.txt,585,
Rajasthan,Rajasthan,2025,R2,STATE_MERIT,1093.0,Anaesthesia,RAM PRASAD MANMYA,General,,MD,Rajsthan__Rajasthan Round 2 Allotment.txt,586,
Rajasthan,Rajasthan,2025,R2,STATE_MERIT,1094.0,Radiodiagnosis/Radiology,DHIRENDRA SINGH CHOUHAN,General,,MD,Rajsthan__Rajasthan Round 2 Allotment.txt,587,
Rajasthan,Rajasthan,2025,R2,STATE_MERIT,1098.0,Psychiatry,RAMDAYAL BILONIYA,SC,,MD,Rajsthan__Rajasthan Round 2 Allotment.txt,588,
Rajasthan,Rajasthan,2025,R2,STATE_MERIT,1099.0,Anaesthesia,HITESH KUMAR BHAGCHANDANI,General,,MD,Rajsthan__Rajasthan Round 2 Allotment.txt,589,
Rajasthan,Rajasthan,2025,R2,STATE_MERIT,1101.0,Paediatrics,RADHEY SHYAM DAGUR,OBC,,Post MBBS Diploma,Rajsthan__Rajasthan Round 2 Allotment.txt,590,
Rajasthan,Rajasthan,2025,R2,STATE_MERIT,1103.0,Anaesthesia,SATISH KUMAR GAUR,General,,MD,Rajsthan__Rajasthan Round 2 Allotment.txt,591,
Rajasthan,Rajasthan,2025,R2,STATE_MERIT,1104.0,Anaesthesia,KHEMRAJ PRAJAPAT,OBC,,MD,Rajsthan__Rajasthan Round 2 Allotment.txt,592,
Rajasthan,Rajasthan,2025,R2,STATE_MERIT,1106.0,Anaesthesia,ANUJ BHARGAVA,General,,MD,Rajsthan__Rajasthan Round 2 Allotment.txt,593,
Rajasthan,Rajasthan,2025,R2,STATE_MERIT,1112.0,Anaesthesia,SAJJAN SINGH,OBC,,MD,Rajsthan__Rajasthan Round 2 Allotment.txt,594,
Rajasthan,Rajasthan,2025,R2,STATE_MERIT,1117.0,Anaesthesia,SITARAM SAINI,OBC,,MD,Rajsthan__Rajasthan Round 2 Allotment.txt,595,
Rajasthan,Rajasthan,2025,R2,STATE_MERIT,1119.0,Paediatrics,SOHAN LAL SANKHLA,SC,,MD,Rajsthan__Rajasthan Round 2 Allotment.txt,596,
Rajasthan,Rajasthan,2025,R2,STATE_MERIT,1123.0,ENT,RAKESH KUMAR KIRORIWAL,General,,MS,Rajsthan__Rajasthan Round 2 Allotment.txt,597,
Rajasthan,Rajasthan,2025,R2,STATE_MERIT,1125.0,Radiodiagnosis/Radiology,MUKESH KUMAR SHARMA,General,,MD,Rajsthan__Rajasthan Round 2 Allotment.txt,598,
Rajasthan,Rajasthan,2025,R2,STATE_MERIT,1127.0,Orthopaedics,KAILASH CHAND,SC,,MS,Rajsthan__Rajasthan Round 2 Allotment.txt,599,
Rajasthan,Rajasthan,2025,R2,STATE_MERIT,1128.0,Obst. & Gynaecology,SURESH MEENA,ST,,MS,Rajsthan__Rajasthan Round 2 Allotment.txt,600,
Rajasthan,Rajasthan,2025,R2,STATE_MERIT,1131.0,Anaesthesia,RAJESH NAHAR,General,,MD,Rajsthan__Rajasthan Round 2 Allotment.txt,601,
Rajasthan,Rajasthan,2025,R2,STATE_MERIT,1137.0,Paediatrics,MOHAN SINGH GURJAR,MBC NCL,,MD,Rajsthan__Rajasthan Round 2 Allotment.txt,602,
Rajasthan,Rajasthan,2025,R2,STATE_MERIT,1140.0,Anaesthesia,JAGDISH PRASAD CHODUHARY,OBC,,MD,Rajsthan__Rajasthan Round 2 Allotment.txt,603,
Rajasthan,Rajasthan,2025,R2,STATE_MERIT,1141.0,Anaesthesia,BAIJNATH SINGH,General,,MD,Rajsthan__Rajasthan Round 2 Allotment.txt,604,
Rajasthan,Rajasthan,2025,R2,STATE_MERIT,1142.0,Anaesthesia,PREM KUMAR SHARMA,General,,MD,Rajsthan__Rajasthan Round 2 Allotment.txt,605,
Rajasthan,Rajasthan,2025,R2,STATE_MERIT,1143.0,Radiodiagnosis/Radiology,NIRANJAN MEENA,ST,,MD,Rajsthan__Rajasthan Round 2 Allotment.txt,606,
Rajasthan,Rajasthan,2025,R2,STATE_MERIT,1145.0,Geriatric Medicine,MAHENDRA KUMAR JEENGAR,SC,,MD,Rajsthan__Rajasthan Round 2 Allotment.txt,607,
Rajasthan,Rajasthan,2025,R2,STATE_MERIT,1146.0,Pathology,SYED KHALIQ AHMED NAQVI,General,,MD,Rajsthan__Rajasthan Round 2 Allotment.txt,608,
Rajasthan,Rajasthan,2025,R2,STATE_MERIT,1150.0,Paediatrics,BHARAT KUMAR,OBC,,Post MBBS Diploma,Rajsthan__Rajasthan Round 2 Allotment.txt,609,
Rajasthan,Rajasthan,2025,R2,STATE_MERIT,1155.0,Anaesthesia,SURESH CHAND DAGDI,OBC,,MD,Rajsthan__Rajasthan Round 2 Allotment.txt,610,
Rajasthan,Rajasthan,2025,R2,STATE_MERIT,1159.0,Forensic Medicine,HANUMAN RAM,OBC,,MD,Rajsthan__Rajasthan Round 2 Allotment.txt,611,
Rajasthan,Rajasthan,2025,R2,STATE_MERIT,1161.0,General Medicine,JUGLAL SINGH,General,,MD,Rajsthan__Rajasthan Round 2 Allotment.txt,620,
Rajasthan,Rajasthan,2025,R2,STATE_MERIT,1162.0,Obs & Gyne,GHAMANDA RAM,OBC,,Post MBBS Diploma,Rajsthan__Rajasthan Round 2 Allotment.txt,621,
Rajasthan,Rajasthan,2025,R2,STATE_MERIT,1172.0,General Surgery,RAJESH KUMAR DEVATWAL,SC,,MS,Rajsthan__Rajasthan Round 2 Allotment.txt,622,
Rajasthan,Rajasthan,2025,R2,STATE_MERIT,1175.0,Anaesthesia,UMA SHANKAR YADAV,OBC,,MD,Rajsthan__Rajasthan Round 2 Allotment.txt,623,
Rajasthan,Rajasthan,2025,R2,STATE_MERIT,1176.0,Pathology,DEVENDRA LADDHA,General,,MD,Rajsthan__Rajasthan Round 2 Allotment.txt,624,
Rajasthan,Rajasthan,2025,R2,STATE_MERIT,1178.0,Anaesthesia,RAJESH SHARMA,General,,MD,Rajsthan__Rajasthan Round 2 Allotment.txt,625,
Rajasthan,Rajasthan,2025,R2,STATE_MERIT,1184.0,Anaesthesia,PRADEEP KUMAR GUPTA,General,,MD,Rajsthan__Rajasthan Round 2 Allotment.txt,626,
Rajasthan,Rajasthan,2025,R2,STATE_MERIT,1185.0,Paediatrics,RAJA RAM MEENA,ST,,MD,Rajsthan__Rajasthan Round 2 Allotment.txt,627,
Rajasthan,Rajasthan,2025,R2,STATE_MERIT,1186.0,Paediatrics,BHAGIRATH MAL,OBC,,Post MBBS Diploma,Rajsthan__Rajasthan Round 2 Allotment.txt,628,
Rajasthan,Rajasthan,2025,R2,STATE_MERIT,1188.0,Pathology,MAHESH SHARMA,General,,MD,Rajsthan__Rajasthan Round 2 Allotment.txt,629,
Rajasthan,Rajasthan,2025,R2,STATE_MERIT,1191.0,Radiodiagnosis/Radiology,PAWAN CHOUDHARY,General,,MD,Rajsthan__Rajasthan Round 2 Allotment.txt,630,
Rajasthan,Rajasthan,2025,R2,STATE_MERIT,1194.0,Respiratory Medicine/T.B. & Chest/Tuberculosis & Respiratory Diseases,DHARMENDRA KUMAR SOGRA,SC,,MD,Rajsthan__Rajasthan Round 2 Allotment.txt,631,
Rajasthan,Rajasthan,2025,R2,STATE_MERIT,1197.0,Psychiatry,HARI NARAYAN,SC,,MD,Rajsthan__Rajasthan Round 2 Allotment.txt,632,
Rajasthan,Rajasthan,2025,R2,STATE_MERIT,1199.0,Anaesthesia,BHAGIRATH RAM,OBC,,MD,Rajsthan__Rajasthan Round 2 Allotment.txt,633,
Rajasthan,Rajasthan,2025,R2,STATE_MERIT,1200.0,Paediatrics,SATYA NARAYAN MEENA,ST,,MD,Rajsthan__Rajasthan Round 2 Allotment.txt,634,
Rajasthan,Rajasthan,2025,R2,STATE_MERIT,1203.0,Obst. & Gynaecology,KAMLESH VERMA,SC,,MS,Rajsthan__Rajasthan Round 2 Allotment.txt,635,
Rajasthan,Rajasthan,2025,R2,STATE_MERIT,1204.0,Obst. & Gynaecology,MEERCHAND,SC,,MS,Rajsthan__Rajasthan Round 2 Allotment.txt,636,
Rajasthan,Rajasthan,2025,R2,STATE_MERIT,1206.0,Anaesthesia,MUKAND BIHARI SONI,General,,MD,Rajsthan__Rajasthan Round 2 Allotment.txt,637,
Rajasthan,Rajasthan,2025,R2,STATE_MERIT,1207.0,Anaesthesia,NIRANJAN BAFNA,General,,MD,Rajsthan__Rajasthan Round 2 Allotment.txt,638,
Rajasthan,Rajasthan,2025,R2,STATE_MERIT,1208.0,Paediatrics,VISWANATH GOYAL,General,,Post MBBS Diploma,Rajsthan__Rajasthan Round 2 Allotment.txt,639,
Rajasthan,Rajasthan,2025,R2,STATE_MERIT,1215.0,Obs & Gyne,SUNIL GUPTA,General,,Post MBBS Diploma,Rajsthan__Rajasthan Round 2 Allotment.txt,640,
Rajasthan,Rajasthan,2025,R2,STATE_MERIT,1216.0,Paediatrics,KAILASH CHAND MEENA,ST,,MD,Rajsthan__Rajasthan Round 2 Allotment.txt,641,
Rajasthan,Rajasthan,2025,R2,STATE_MERIT,1220.0,Orthopaedics,ANIL SONGARA,SC,,MS,Rajsthan__Rajasthan Round 2 Allotment.txt,642,
Rajasthan,Rajasthan,2025,R2,STATE_MERIT,1221.0,Anaesthesia,MANGI LAL,OBC,,MD,Rajsthan__Rajasthan Round 2 Allotment.txt,643,
Rajasthan,Rajasthan,2025,R2,STATE_MERIT,1222.0,Anaesthesia,NARESH KUMAR,General,,MD,Rajsthan__Rajasthan Round 2 Allotment.txt,644,
Rajasthan,Rajasthan,2025,R2,STATE_MERIT,1224.0,Obs & Gyne,VIDHYADHAR SINGH,OBC,,Post MBBS Diploma,Rajsthan__Rajasthan Round 2 Allotment.txt,645,
Rajasthan,Rajasthan,2025,R2,STATE_MERIT,1227.0,Respiratory Medicine/T.B. & Chest/Tuberculosis & Respiratory Diseases,CHHOTU RAM,SC,,MD,Rajsthan__Rajasthan Round 2 Allotment.txt,646,
Rajasthan,Rajasthan,2025,R2,STATE_MERIT,1229.0,Pathology,CHITRANJAN SANKHLA,OBC,,MD,Rajsthan__Rajasthan Round 2 Allotment.txt,647,
Rajasthan,Rajasthan,2025,R2,STATE_MERIT,1230.0,Orthopaedics,VIJAY KUMAR SEVALIA,SC,,MS,Rajsthan__Rajasthan Round 2 Allotment.txt,648,
Rajasthan,Rajasthan,2025,R2,STATE_MERIT,1231.0,Respiratory Medicine/T.B. & Chest/Tuberculosis & Respiratory Diseases,PARMA RAM DARAT,SC,,MD,Rajsthan__Rajasthan Round 2 Allotment.txt,649,
Rajasthan,Rajasthan,2025,R2,STATE_MERIT,1232.0,Anaesthesia,SHYAMSUNDAR TODI,General,,MD,Rajsthan__Rajasthan Round 2 Allotment.txt,650,
Rajasthan,Rajasthan,2025,R2,STATE_MERIT,1233.0,Anaesthesia,PRAVEEN KUMAR GUPTA,General,,MD,Rajsthan__Rajasthan Round 2 Allotment.txt,651,
Rajasthan,Rajasthan,2025,R2,STATE_MERIT,1236.0,Family Medicine,MAHESH KUMAR,OBC,,Post MBBS Diploma,Rajsthan__Rajasthan Round 2 Allotment.txt,652,
Rajasthan,Rajasthan,2025,R2,STATE_MERIT,1237.0,Anaesthesia,BHAVA RAM CHOUDHARY,OBC,,MD,Rajsthan__Rajasthan Round 2 Allotment.txt,653,
Rajasthan,Rajasthan,2025,R2,STATE_MERIT,1238.0,Obs & Gyne,BHANWAR LAL JANGID,OBC,,Post MBBS Diploma,Rajsthan__Rajasthan Round 2 Allotment.txt,654,
Rajasthan,Rajasthan,2025,R2,STATE_MERIT,1241.0,Paediatrics,SHANKAR LAL MEENA,ST,,MD,Rajsthan__Rajasthan Round 2 Allotment.txt,655,
Rajasthan,Rajasthan,2025,R2,STATE_MERIT,1242.0,Radiodiagnosis/Radiology,AMIT KUMAR JAIN,General,,MD,Rajsthan__Rajasthan Round 2 Allotment.txt,656,
Rajasthan,Rajasthan,2025,R2,STATE_MERIT,1247.0,Anaesthesia,CHANDRABHAN AGRAWAL,General,,MD,Rajsthan__Rajasthan Round 2 Allotment.txt,657,
Rajasthan,Rajasthan,2025,R2,STATE_MERIT,1248.0,TB & Chest,JHOONTHA RAM JAT,OBC,,Post MBBS Diploma,Rajsthan__Rajasthan Round 2 Allotment.txt,658,
Rajasthan,Rajasthan,2025,R2,STATE_MERIT,1249.0,Obst. & Gynaecology,PRAHLAD MEENA,ST,,MS,Rajsthan__Rajasthan Round 2 Allotment.txt,659,
Rajasthan,Rajasthan,2025,R2,STATE_MERIT,1252.0,Anaesthesia,MANISH GUPTA,General,,MD,Rajsthan__Rajasthan Round 2 Allotment.txt,660,
Rajasthan,Rajasthan,2025,R2,STATE_MERIT,1258.0,Anaesthesia,MUDIT RATHORE,General,,MD,Rajsthan__Rajasthan Round 2 Allotment.txt,661,
Rajasthan,Rajasthan,2025,R2,STATE_MERIT,1262.0,Pathology,SUNIL KUMAR GUPTA,General,,MD,Rajsthan__Rajasthan Round 2 Allotment.txt,662,
Rajasthan,Rajasthan,2025,R2,STATE_MERIT,1263.0,Orthopaedics,OM PRAKASH BOKOLIYA,SC,,MS,Rajsthan__Rajasthan Round 2 Allotment.txt,663,
Rajasthan,Rajasthan,2025,R2,STATE_MERIT,1264.0,Paediatrics,RAMAVTAR MEENA,ST,,MD,Rajsthan__Rajasthan Round 2 Allotment.txt,664,
Rajasthan,Rajasthan,2025,R2,STATE_MERIT,1268.0,Obst. & Gynaecology,OM PRAKASH BUNKAR,SC,,MS,Rajsthan__Rajasthan Round 2 Allotment.txt,665,
Rajasthan,Rajasthan,2025,R2,STATE_MERIT,1269.0,Anaesthesia,SHYAM SUNDER SOLANKI,OBC,,MD,Rajsthan__Rajasthan Round 2 Allotment.txt,666,
Rajasthan,Rajasthan,2025,R2,STATE_MERIT,1270.0,Obst. & Gynaecology,NARESH KUMAR RAIYA,SC,,MS,Rajsthan__Rajasthan Round 2 Allotment.txt,667,
Rajasthan,Rajasthan,2025,R2,STATE_MERIT,1271.0,General Medicine,ANIL SHARMA,General,,MD,Rajsthan__Rajasthan Round 2 Allotment.txt,668,
Rajasthan,Rajasthan,2025,R2,STATE_MERIT,1272.0,TB & Chest,PARMESHWAR SHARMA,General,,Post MBBS Diploma,Rajsthan__Rajasthan Round 2 Allotment.txt,669,
Rajasthan,Rajasthan,2025,R2,STATE_MERIT,1275.0,Immunohaematology and Blood Transfusion,KRISHAN KUMAR YADAV,OBC,,MD,Rajsthan__Rajasthan Round 2 Allotment.txt,670,
Rajasthan,Rajasthan,2025,R2,STATE_MERIT,1277.0,Obst. & Gynaecology,OM PRAKASH KHATIK,SC,,MS,Rajsthan__Rajasthan Round 2 Allotment.txt,671,
Rajasthan,Rajasthan,2025,R2,STATE_MERIT,1278.0,Paediatrics,OM PRAKASH KUMAWAT,OBC,,Post MBBS Diploma,Rajsthan__Rajasthan Round 2 Allotment.txt,672,
Rajasthan,Rajasthan,2025,R2,STATE_MERIT,1280.0,Obs & Gyne,BHAGIRATH MAL,OBC,,Post MBBS Diploma,Rajsthan__Rajasthan Round 2 Allotment.txt,673,
Rajasthan,Rajasthan,2025,R2,STATE_MERIT,1281.0,Pathology,LAL CHAND SHARMA,General,,MD,Rajsthan__Rajasthan Round 2 Allotment.txt,674,
Rajasthan,Rajasthan,2025,R2,STATE_MERIT,1284.0,Anaesthesia,SURENDRA NAGPAL,General,,MD,Rajsthan__Rajasthan Round 2 Allotment.txt,675,
Rajasthan,Rajasthan,2025,R2,STATE_MERIT,1285.0,Anaesthesia,RAMKISHAN,General,,MD,Rajsthan__Rajasthan Round 2 Allotment.txt,676,
Rajasthan,Rajasthan,2025,R2,STATE_MERIT,1286.0,Psychiatry,HARISH KUMAR VERMA,SC,,MD,Rajsthan__Rajasthan Round 2 Allotment.txt,677,
Rajasthan,Rajasthan,2025,R2,STATE_MERIT,1289.0,Anaesthesia,MANOHAR LAL AGRAWAL,General,,MD,Rajsthan__Rajasthan Round 2 Allotment.txt,678,
Rajasthan,Rajasthan,2025,R2,STATE_MERIT,1290.0,Anaesthesia,GIRIRAJ YADAV,OBC,,MD,Rajsthan__Rajasthan Round 2 Allotment.txt,679,
Rajasthan,Rajasthan,2025,R2,STATE_MERIT,1291.0,Anaesthesia,SHAKTI SINGH KOTHARI,General,,MD,Rajsthan__Rajasthan Round 2 Allotment.txt,680,
Rajasthan,Rajasthan,2025,R2,STATE_MERIT,1293.0,Paediatrics,RAMESHWAR LAL MAHALA,OBC,,Post MBBS Diploma,Rajsthan__Rajasthan Round 2 Allotment.txt,681,
Rajasthan,Rajasthan,2025,R2,STATE_MERIT,1298.0,Orthopaedics,LALLU RAM KULDEEP,SC,,MS,Rajsthan__Rajasthan Round 2 Allotment.txt,682,
Rajasthan,Rajasthan,2025,R2,STATE_MERIT,1299.0,Obst. & Gynaecology,NEMI CHAND,SC,,MS,Rajsthan__Rajasthan Round 2 Allotment.txt,683,
Rajasthan,Rajasthan,2025,R2,STATE_MERIT,1306.0,General Medicine,RAMESH CHANDRA KATARA,ST,,MD,Rajsthan__Rajasthan Round 2 Allotment.txt,684,
Rajasthan,Rajasthan,2025,R2,STATE_MERIT,1308.0,Orthopaedics,RAM KALYAN REGAR,SC,,MS,Rajsthan__Rajasthan Round 2 Allotment.txt,685,
Rajasthan,Rajasthan,2025,R2,STATE_MERIT,1310.0,Pathology,MOOL SINGH RAJPUROHIT,General,,MD,Rajsthan__Rajasthan Round 2 Allotment.txt,686,
Rajasthan,Rajasthan,2025,R2,STATE_MERIT,1312.0,Obs & Gyne,DHEERA CHAND SHIVRAN,OBC,,Post MBBS Diploma,Rajsthan__Rajasthan Round 2 Allotment.txt,687,
Rajasthan,Rajasthan,2025,R2,STATE_MERIT,1313.0,Emergency Medicine,GOPI CHAND SHARMA,General,,MD,Rajsthan__Rajasthan Round 2 Allotment.txt,688,
Rajasthan,Rajasthan,2025,R2,STATE_MERIT,1315.0,Pathology,CHANDRA PRAKASH SHARMA,General,,MD,Rajsthan__Rajasthan Round 2 Allotment.txt,697,
Rajasthan,Rajasthan,2025,R2,STATE_MERIT,1318.0,Orthopaedics,KISHAN LAL DHAWAL,SC,,MS,Rajsthan__Rajasthan Round 2 Allotment.txt,698,
Rajasthan,Rajasthan,2025,R2,STATE_MERIT,1319.0,Anaesthesia,RAMKISHAN SHARMA,General,,MD,Rajsthan__Rajasthan Round 2 Allotment.txt,699,
Rajasthan,Rajasthan,2025,R2,STATE_MERIT,1320.0,Immunohaematology and Blood Transfusion,MUKESH CHAND GUPTA,General,,MD,Rajsthan__Rajasthan Round 2 Allotment.txt,700,
Rajasthan,Rajasthan,2025,R2,STATE_MERIT,1321.0,Radiotherapy/Radiationoncology,RAJENDRA UJJAINIA,SC,,MD,Rajsthan__Rajasthan Round 2 Allotment.txt,701,
Rajasthan,Rajasthan,2025,R2,STATE_MERIT,1323.0,Pathology,SHAIKH ZAHEER AHMAD,General,,MD,Rajsthan__Rajasthan Round 2 Allotment.txt,702,
Rajasthan,Rajasthan,2025,R2,STATE_MERIT,1325.0,PSM/Community Medicine,PRADEEP KUMAR SHARMA,General,,MD,Rajsthan__Rajasthan Round 2 Allotment.txt,703,
Rajasthan,Rajasthan,2025,R2,STATE_MERIT,1326.0,ENT,RADHA KISHAN MEGHWAL,SC,,MS,Rajsthan__Rajasthan Round 2 Allotment.txt,704,
Rajasthan,Rajasthan,2025,R2,STATE_MERIT,1334.0,Forensic Medicine,RAKESH KUMAR,OBC,,MD,Rajsthan__Rajasthan Round 2 Allotment.txt,705,
Rajasthan,Rajasthan,2025,R2,STATE_MERIT,1335.0,ENT,RAMGOPAL SEVALIYA,SC,,MS,Rajsthan__Rajasthan Round 2 Allotment.txt,706,
Rajasthan,Rajasthan,2025,R2,STATE_MERIT,1336.0,Obst. & Gynaecology,BHERU LAL REGAR,SC,,MS,Rajsthan__Rajasthan Round 2 Allotment.txt,707,
Rajasthan,Rajasthan,2025,R2,STATE_MERIT,1337.0,General Surgery,VINOD KUMAR,SC,,MS,Rajsthan__Rajasthan Round 2 Allotment.txt,708,
Rajasthan,Rajasthan,2025,R2,STATE_MERIT,1338.0,ENT,RAJENDRA SALVI,SC,,MS,Rajsthan__Rajasthan Round 2 Allotment.txt,709,
Rajasthan,Rajasthan,2025,R2,STATE_MERIT,1339.0,General Surgery,DINESH KUMAR,SC,,MS,Rajsthan__Rajasthan Round 2 Allotment.txt,710,
Rajasthan,Rajasthan,2025,R2,STATE_MERIT,1342.0,Pathology,MANOJ KUMAR SHARMA,General,,MD,Rajsthan__Rajasthan Round 2 Allotment.txt,711,
Rajasthan,Rajasthan,2025,R2,STATE_MERIT,1350.0,Orthopaedics,RAMESH CHAND MEENA,ST,,MS,Rajsthan__Rajasthan Round 2 Allotment.txt,712,
Rajasthan,Rajasthan,2025,R2,STATE_MERIT,1358.0,Pathology,PAWAN CHOUDHARY,OBC,,MD,Rajsthan__Rajasthan Round 2 Allotment.txt,713,
Rajasthan,Rajasthan,2025,R2,STATE_MERIT,1365.0,Obst. & Gynaecology,BADRI NARAYAN MEENA,ST,,MS,Rajsthan__Rajasthan Round 2 Allotment.txt,714,
Rajasthan,Rajasthan,2025,R2,STATE_MERIT,1367.0,Pathology,ASHOK GOYAL,General,,MD,Rajsthan__Rajasthan Round 2 Allotment.txt,715,
Rajasthan,Rajasthan,2025,R2,STATE_MERIT,1368.0,Skin & V.D / Dermatology Ven. & Leprosy,AKASH KHURANA,General,,MD,Rajsthan__Rajasthan Round 2 Allotment.txt,716,
Rajasthan,Rajasthan,2025,R2,STATE_MERIT,1375.0,Orthopaedics,MOHAN LAL BAIRWA,SC,,MS,Rajsthan__Rajasthan Round 2 Allotment.txt,717,
Rajasthan,Rajasthan,2025,R2,STATE_MERIT,1377.0,Anaesthesia,PRITHVI SINGH,General,,MD,Rajsthan__Rajasthan Round 2 Allotment.txt,718,
Rajasthan,Rajasthan,2025,R2,STATE_MERIT,1386.0,General Medicine,PRATAP SINGH NAYAK,General,,MD,Rajsthan__Rajasthan Round 2 Allotment.txt,719,
Rajasthan,Rajasthan,2025,R2,STATE_MERIT,1387.0,Anaesthesia,SATISH MITTAL,General,,MD,Rajsthan__Rajasthan Round 2 Allotment.txt,720,
Rajasthan,Rajasthan,2025,R2,STATE_MERIT,1389.0,Pathology,JETHMAL SOLANKI,OBC,,MD,Rajsthan__Rajasthan Round 2 Allotment.txt,721,
Rajasthan,Rajasthan,2025,R2,STATE_MERIT,1394.0,Obs & Gyne,RAJESH BENIWAL,OBC,,Post MBBS Diploma,Rajsthan__Rajasthan Round 2 Allotment.txt,722,
Rajasthan,Rajasthan,2025,R2,STATE_MERIT,1395.0,Ophthalmology,KRISHAN CHANDAR,SC,,MS,Rajsthan__Rajasthan Round 2 Allotment.txt,723,
Rajasthan,Rajasthan,2025,R2,STATE_MERIT,1397.0,Skin & V.D / Dermatology Ven. & Leprosy,ASHOK KUMAR RATHOR,General,,MD,Rajsthan__Rajasthan Round 2 Allotment.txt,724,
Rajasthan,Rajasthan,2025,R2,STATE_MERIT,1401.0,Pathology,LALIT KUMAR PALIWAL,General,,MD,Rajsthan__Rajasthan Round 2 Allotment.txt,725,
Rajasthan,Rajasthan,2025,R2,STATE_MERIT,1407.0,Anaesthesia,SP JAGETIYA,General,,MD,Rajsthan__Rajasthan Round 2 Allotment.txt,726,
Rajasthan,Rajasthan,2025,R2,STATE_MERIT,1408.0,Immunohaematology and Blood Transfusion,KAJOD MAL YADAV,OBC,,MD,Rajsthan__Rajasthan Round 2 Allotment.txt,727,
Rajasthan,Rajasthan,2025,R2,STATE_MERIT,1410.0,Pathology,PHOOL SINGH JAKHAR,OBC,,MD,Rajsthan__Rajasthan Round 2 Allotment.txt,728,
Rajasthan,Rajasthan,2025,R2,STATE_MERIT,1412.0,Paediatrics,MURLI DHAR SONDLYA,OBC,,Post MBBS Diploma,Rajsthan__Rajasthan Round 2 Allotment.txt,729,
Rajasthan,Rajasthan,2025,R2,STATE_MERIT,1413.0,Paediatrics,HIRA RAM,OBC,,Post MBBS Diploma,Rajsthan__Rajasthan Round 2 Allotment.txt,730,
Rajasthan,Rajasthan,2025,R2,STATE_MERIT,1417.0,Anaesthesia,JAIPRAKASH KANSAL,General,,MD,Rajsthan__Rajasthan Round 2 Allotment.txt,731,
Rajasthan,Rajasthan,2025,R2,STATE_MERIT,1421.0,Anaesthesia,KHUMA RAM,OBC,,MD,Rajsthan__Rajasthan Round 2 Allotment.txt,732,
Rajasthan,Rajasthan,2025,R2,STATE_MERIT,1424.0,Psychiatry,SEETARAM MEENA,ST,,MD,Rajsthan__Rajasthan Round 2 Allotment.txt,733,
Rajasthan,Rajasthan,2025,R2,STATE_MERIT,1427.0,Microbiology,PRAVEEN JAIN,General,,MD,Rajsthan__Rajasthan Round 2 Allotment.txt,734,
Rajasthan,Rajasthan,2025,R2,STATE_MERIT,1431.0,General Surgery,BIRBAL RAM,SC,,MS,Rajsthan__Rajasthan Round 2 Allotment.txt,735,
Rajasthan,Rajasthan,2025,R2,STATE_MERIT,1432.0,Pathology,RAMESH CHANDRA LAXKAR,OBC,,MD,Rajsthan__Rajasthan Round 2 Allotment.txt,736,
Rajasthan,Rajasthan,2025,R2,STATE_MERIT,1433.0,Psychiatry,RAM SWAROOP BAKOLIA,SC,,MD,Rajsthan__Rajasthan Round 2 Allotment.txt,737,
Rajasthan,Rajasthan,2025,R2,STATE_MERIT,1435.0,Psychiatry,SIYARAM,SC,,MD,Rajsthan__Rajasthan Round 2 Allotment.txt,738,
Rajasthan,Rajasthan,2025,R2,STATE_MERIT,1436.0,Paediatrics,NIRANJAN JAIN,General,,Post MBBS Diploma,Rajsthan__Rajasthan Round 2 Allotment.txt,739,
Rajasthan,Rajasthan,2025,R2,STATE_MERIT,1441.0,Radiodiagnosis/Radiology,MANISH NAGAR,General,,MD,Rajsthan__Rajasthan Round 2 Allotment.txt,740,
Rajasthan,Rajasthan,2025,R2,STATE_MERIT,1442.0,Ophthalmology,SAGAR MAL DHANIA,SC,,MS,Rajsthan__Rajasthan Round 2 Allotment.txt,741,
Rajasthan,Rajasthan,2025,R2,STATE_MERIT,1448.0,Obs & Gyne,HARPHOOL SINGH,OBC,,Post MBBS Diploma,Rajsthan__Rajasthan Round 2 Allotment.txt,742,
Rajasthan,Rajasthan,2025,R2,STATE_MERIT,1454.0,Respiratory Medicine/T.B. & Chest/Tuberculosis & Respiratory Diseases,SURAJ KARAN MEENA,ST,,MD,Rajsthan__Rajasthan Round 2 Allotment.txt,743,
Rajasthan,Rajasthan,2025,R2,STATE_MERIT,1459.0,PSM/Community Medicine,RAMESH KUMAR SONI,General,,MD,Rajsthan__Rajasthan Round 2 Allotment.txt,744,
Rajasthan,Rajasthan,2025,R2,STATE_MERIT,1460.0,Anaesthesia,VIJAY NAGORA,SC,,MD,Rajsthan__Rajasthan Round 2 Allotment.txt,745,
Rajasthan,Rajasthan,2025,R2,STATE_MERIT,1463.0,Anaesthesia,RAVINDRA DUTT AGNIHOTRI,General,,MD,Rajsthan__Rajasthan Round 2 Allotment.txt,746,
Rajasthan,Rajasthan,2025,R2,STATE_MERIT,1467.0,Emergency Medicine,GANESH RAM VERMA,SC,,MD,Rajsthan__Rajasthan Round 2 Allotment.txt,747,
Rajasthan,Rajasthan,2025,R2,STATE_MERIT,1468.0,Orthopaedics,BRIJVASI MEENA,ST,,MS,Rajsthan__Rajasthan Round 2 Allotment.txt,748,
Rajasthan,Rajasthan,2025,R2,STATE_MERIT,1469.0,Pathology,HANUMAN LAL DHAKA,OBC,,MD,Rajsthan__Rajasthan Round 2 Allotment.txt,749,
Rajasthan,Rajasthan,2025,R2,STATE_MERIT,1474.0,ENT,RAJ KUMAR GAUTAM,SC,,MS,Rajsthan__Rajasthan Round 2 Allotment.txt,750,
Rajasthan,Rajasthan,2025,R2,STATE_MERIT,1479.0,ENT,RAMKARAN,SC,,MS,Rajsthan__Rajasthan Round 2 Allotment.txt,751,
Rajasthan,Rajasthan,2025,R2,STATE_MERIT,1482.0,ENT,BEERBAL BUNKER,SC,,MS,Rajsthan__Rajasthan Round 2 Allotment.txt,752,
Rajasthan,Rajasthan,2025,R2,STATE_MERIT,1489.0,Pathology,VINOD ANAND,General,,MD,Rajsthan__Rajasthan Round 2 Allotment.txt,753,
Rajasthan,Rajasthan,2025,R2,STATE_MERIT,1490.0,Pathology,RAJEEV GARG,General,,MD,Rajsthan__Rajasthan Round 2 Allotment.txt,754,
Rajasthan,Rajasthan,2025,R2,STATE_MERIT,1494.0,Obs & Gyne,NARAYAN RAM SONI,OBC,,Post MBBS Diploma,Rajsthan__Rajasthan Round 2 Allotment.txt,755,
Rajasthan,Rajasthan,2025,R2,STATE_MERIT,1496.0,General Surgery,HANUMAN SHAY MEENA,ST,,MS,Rajsthan__Rajasthan Round 2 Allotment.txt,756,
Rajasthan,Rajasthan,2025,R2,STATE_MERIT,1497.0,Paediatrics,HARANDAR SINGH,MBC NCL,,MD,Rajsthan__Rajasthan Round 2 Allotment.txt,757,
Rajasthan,Rajasthan,2025,R2,STATE_MERIT,1499.0,Respiratory Medicine/T.B. & Chest/Tuberculosis & Respiratory Diseases,RAM AVTAR,ST,,MD,Rajsthan__Rajasthan Round 2 Allotment.txt,758,
Rajasthan,Rajasthan,2025,R2,STATE_MERIT,1503.0,General Surgery,SURESH KUMAR,SC,,MS,Rajsthan__Rajasthan Round 2 Allotment.txt,759,
Rajasthan,Rajasthan,2025,R2,STATE_MERIT,1504.0,General Surgery,MADAN LAL BAIRWA,SC,,MS,Rajsthan__Rajasthan Round 2 Allotment.txt,760,
Rajasthan,Rajasthan,2025,R2,STATE_MERIT,1509.0,TB & Chest,HARDEEP SINGH SHERGILL,General,,Post MBBS Diploma,Rajsthan__Rajasthan Round 2 Allotment.txt,761,
Rajasthan,Rajasthan,2025,R2,STATE_MERIT,1510.0,TB & Chest,SHIV KARAN SAINI,OBC,,Post MBBS Diploma,Rajsthan__Rajasthan Round 2 Allotment.txt,762,
Rajasthan,Rajasthan,2025,R2,STATE_MERIT,1511.0,Paediatrics,MAHESH KUMAR SHARMA,General,,Post MBBS Diploma,Rajsthan__Rajasthan Round 2 Allotment.txt,763,
Rajasthan,Rajasthan,2025,R2,STATE_MERIT,1514.0,Obst. & Gynaecology,NANDLAL MEENA,ST,,MS,Rajsthan__Rajasthan Round 2 Allotment.txt,764,
Rajasthan,Rajasthan,2025,R2,STATE_MERIT,1516.0,PSM/Community Medicine,BHASKER SHARMA,General,,MD,Rajsthan__Rajasthan Round 2 Allotment.txt,765,
Rajasthan,Rajasthan,2025,R2,STATE_MERIT,1518.0,Anaesthesia,DHARAM SINGH,SC,,MD,Rajsthan__Rajasthan Round 2 Allotment.txt,774,
Rajasthan,Rajasthan,2025,R2,STATE_MERIT,1520.0,Pathology,RAJESH SINGH YADAV,OBC,,MD,Rajsthan__Rajasthan Round 2 Allotment.txt,775,
Rajasthan,Rajasthan,2025,R2,STATE_MERIT,1521.0,Forensic Medicine,RAMESHWAR LAL,OBC,,MD,Rajsthan__Rajasthan Round 2 Allotment.txt,776,
Rajasthan,Rajasthan,2025,R2,STATE_MERIT,1529.0,Nuclear Medicine,RAMLAL PATIDAR,OBC,,MD,Rajsthan__Rajasthan Round 2 Allotment.txt,777,
Rajasthan,Rajasthan,2025,R2,STATE_MERIT,1538.0,Radiotherapy/Radiationoncology,RAKESH KUMAR GUPTA,General,,MD,Rajsthan__Rajasthan Round 2 Allotment.txt,778,
Rajasthan,Rajasthan,2025,R2,STATE_MERIT,1539.0,Obst. & Gynaecology,RAJ KAPOOR MEENA,ST,,MS,Rajsthan__Rajasthan Round 2 Allotment.txt,779,
Rajasthan,Rajasthan,2025,R2,STATE_MERIT,1541.0,Skin & V.D / Dermatology Ven. & Leprosy,SUSHIL CHOUDHARY,OBC,,MD,Rajsthan__Rajasthan Round 2 Allotment.txt,780,
Rajasthan,Rajasthan,2025,R2,STATE_MERIT,1542.0,TB & Chest,PURUSHOTTAM SHARMA,General,,Post MBBS Diploma,Rajsthan__Rajasthan Round 2 Allotment.txt,781,
Rajasthan,Rajasthan,2025,R2,STATE_MERIT,1545.0,Respiratory Medicine/T.B. & Chest/Tuberculosis & Respiratory Diseases,RAMAVATAR,ST,,MD,Rajsthan__Rajasthan Round 2 Allotment.txt,782,
Rajasthan,Rajasthan,2025,R2,STATE_MERIT,1547.0,General Medicine,JETHANAND LACHHWANI,General,,MD,Rajsthan__Rajasthan Round 2 Allotment.txt,783,
Rajasthan,Rajasthan,2025,R2,STATE_MERIT,1553.0,Paediatrics,A P SINGH,General,,Post MBBS Diploma,Rajsthan__Rajasthan Round 2 Allotment.txt,784,
Rajasthan,Rajasthan,2025,R2,STATE_MERIT,1555.0,TB & Chest,SANTU RAM KUMAWAT,OBC,,Post MBBS Diploma,Rajsthan__Rajasthan Round 2 Allotment.txt,785,
Rajasthan,Rajasthan,2025,R2,STATE_MERIT,1558.0,ENT,SUGAN RAM GAUR,SC,,MS,Rajsthan__Rajasthan Round 2 Allotment.txt,786,
Rajasthan,Rajasthan,2025,R2,STATE_MERIT,1560.0,ENT,PRAKASH BHARUNTIA,SC,,MS,Rajsthan__Rajasthan Round 2 Allotment.txt,787,
Rajasthan,Rajasthan,2025,R2,STATE_MERIT,1562.0,Anaesthesia,SHRI CHAND MEHRA,SC,,MD,Rajsthan__Rajasthan Round 2 Allotment.txt,788,
Rajasthan,Rajasthan,2025,R2,STATE_MERIT,1564.0,Pathology,RAMESH CHOUDHARY,OBC,,MD,Rajsthan__Rajasthan Round 2 Allotment.txt,789,
Rajasthan,Rajasthan,2025,R2,STATE_MERIT,1570.0,Radiodiagnosis/Radiology,NARENDRA NAGAR,OBC,,MD,Rajsthan__Rajasthan Round 2 Allotment.txt,790,
Rajasthan,Rajasthan,2025,R2,STATE_MERIT,1573.0,Obst. & Gynaecology,PAHALVAN SINGH MEENA,ST,,MS,Rajsthan__Rajasthan Round 2 Allotment.txt,791,
Rajasthan,Rajasthan,2025,R2,STATE_MERIT,1574.0,Pathology,CHIRANJI LAL,SC,,MD,Rajsthan__Rajasthan Round 2 Allotment.txt,792,
Rajasthan,Rajasthan,2025,R2,STATE_MERIT,1582.0,Palliative Medicine,HARKARAN RAIDAS,SC,,MD,Rajsthan__Rajasthan Round 2 Allotment.txt,793,
Rajasthan,Rajasthan,2025,R2,STATE_MERIT,1584.0,Pathology,RAJARAM CHITARA,SC,,MD,Rajsthan__Rajasthan Round 2 Allotment.txt,794,
Rajasthan,Rajasthan,2025,R2,STATE_MERIT,1592.0,Obs & Gyne,GHASI RAM SARAN,OBC,,Post MBBS Diploma,Rajsthan__Rajasthan Round 2 Allotment.txt,795,
Rajasthan,Rajasthan,2025,R2,STATE_MERIT,1595.0,Paediatrics,MUKHMAL CHOUDHARY,OBC,,Post MBBS Diploma,Rajsthan__Rajasthan Round 2 Allotment.txt,796,
Rajasthan,Rajasthan,2025,R2,STATE_MERIT,1599.0,Anaesthesia,GOVIND RAM,SC,,MD,Rajsthan__Rajasthan Round 2 Allotment.txt,797,
Rajasthan,Rajasthan,2025,R2,STATE_MERIT,1604.0,Pathology,DHARAM SINGH PANWAR,General,,MD,Rajsthan__Rajasthan Round 2 Allotment.txt,798,
Rajasthan,Rajasthan,2025,R2,STATE_MERIT,1608.0,Anaesthesia,RAMESH KUMAR,General,,MD,Rajsthan__Rajasthan Round 2 Allotment.txt,799,
Rajasthan,Rajasthan,2025,R2,STATE_MERIT,1609.0,Nuclear Medicine,SNEHAL JAGDISHBHAI SHAH,General,,MD,Rajsthan__Rajasthan Round 2 Allotment.txt,800,
Rajasthan,Rajasthan,2025,R2,STATE_MERIT,1614.0,Forensic Medicine,RAMPRASAD SHARMA,General,,MD,Rajsthan__Rajasthan Round 2 Allotment.txt,801,
Rajasthan,Rajasthan,2025,R2,STATE_MERIT,1617.0,Radiodiagnosis/Radiology,RAJESH KUMAR SHARMA,General,,MD,Rajsthan__Rajasthan Round 2 Allotment.txt,802,
Rajasthan,Rajasthan,2025,R2,STATE_MERIT,1619.0,Radiodiagnosis/Radiology,RAKESH,General,,MD,Rajsthan__Rajasthan Round 2 Allotment.txt,803,
Rajasthan,Rajasthan,2025,R2,STATE_MERIT,1624.0,Pathology,SORABH PUROHIT,General,,MD,Rajsthan__Rajasthan Round 2 Allotment.txt,804,
Rajasthan,Rajasthan,2025,R2,STATE_MERIT,1633.0,Radiodiagnosis/Radiology,HEMANT DADWARIA,SC,,MD,Rajsthan__Rajasthan Round 2 Allotment.txt,805,
Rajasthan,Rajasthan,2025,R2,STATE_MERIT,1637.0,Paediatrics,AJAY KUMAR,OBC,,Post MBBS Diploma,Rajsthan__Rajasthan Round 2 Allotment.txt,806,
Rajasthan,Rajasthan,2025,R2,STATE_MERIT,1638.0,Forensic Medicine,SHYAM LAL SHARMA,General,,MD,Rajsthan__Rajasthan Round 2 Allotment.txt,807,
Rajasthan,Rajasthan,2025,R2,STATE_MERIT,1646.0,Pathology,SAHADEV CHOUDHARY,OBC,,MD,Rajsthan__Rajasthan Round 2 Allotment.txt,808,
Rajasthan,Rajasthan,2025,R2,STATE_MERIT,1647.0,Obst. & Gynaecology,SATYABRATA SHARMA,General,,MS,Rajsthan__Rajasthan Round 2 Allotment.txt,809,
Rajasthan,Rajasthan,2025,R2,STATE_MERIT,1650.0,Anaesthesia,ROHITASH KUMAR,SC,,MD,Rajsthan__Rajasthan Round 2 Allotment.txt,810,
Rajasthan,Rajasthan,2025,R2,STATE_MERIT,1655.0,Pathology,UTTAM CHAND AGARWAL,General,,MD,Rajsthan__Rajasthan Round 2 Allotment.txt,811,
Rajasthan,Rajasthan,2025,R2,STATE_MERIT,1658.0,Pathology,HANUMANA RAM BARWAD,SC,,MD,Rajsthan__Rajasthan Round 2 Allotment.txt,812,
Rajasthan,Rajasthan,2025,R2,STATE_MERIT,1659.0,Anaesthesia,HARIVALLABH PATIDAR,OBC,,MD,Rajsthan__Rajasthan Round 2 Allotment.txt,813,
Rajasthan,Rajasthan,2025,R2,STATE_MERIT,1660.0,Pharmacology,CHHITAR MAL BURI,OBC,,MD,Rajsthan__Rajasthan Round 2 Allotment.txt,814,
Rajasthan,Rajasthan,2025,R2,STATE_MERIT,1662.0,Pathology,RAVI GUPTA,General,,MD,Rajsthan__Rajasthan Round 2 Allotment.txt,815,
Rajasthan,Rajasthan,2025,R2,STATE_MERIT,1666.0,Pathology,DILEEP SINGH SHEKHAWAT,General,,MD,Rajsthan__Rajasthan Round 2 Allotment.txt,816,
Rajasthan,Rajasthan,2025,R2,STATE_MERIT,1668.0,Respiratory Medicine/T.B. & Chest/Tuberculosis & Respiratory Diseases,GIRIRAJ PRASAD MEENA,ST,,MD,Rajsthan__Rajasthan Round 2 Allotment.txt,817,
Rajasthan,Rajasthan,2025,R2,STATE_MERIT,1669.0,Palliative Medicine,AMAR CHAND SONKARIA,SC,,MD,Rajsthan__Rajasthan Round 2 Allotment.txt,818,
Rajasthan,Rajasthan,2025,R2,STATE_MERIT,1670.0,Respiratory Medicine/T.B. & Chest/Tuberculosis & Respiratory Diseases,TULSI RAM MEENA,ST,,MD,Rajsthan__Rajasthan Round 2 Allotment.txt,819,
Rajasthan,Rajasthan,2025,R2,STATE_MERIT,1671.0,Forensic Medicine,AMBIKA PRASAD PAREEK,General,,MD,Rajsthan__Rajasthan Round 2 Allotment.txt,820,
Rajasthan,Rajasthan,2025,R2,STATE_MERIT,1673.0,Emergency Medicine,PARVEEN LALL,General,,MD,Rajsthan__Rajasthan Round 2 Allotment.txt,821,
Rajasthan,Rajasthan,2025,R2,STATE_MERIT,1674.0,Pathology,RAJKAMAL AJMERA,General,,MD,Rajsthan__Rajasthan Round 2 Allotment.txt,822,
Rajasthan,Rajasthan,2025,R2,STATE_MERIT,1680.0,General Surgery,RAVI DUTT YADAV,SC,,MS,Rajsthan__Rajasthan Round 2 Allotment.txt,823,
Rajasthan,Rajasthan,2025,R2,STATE_MERIT,1685.0,Pharmacology,BHARAT AMETA,General,,MD,Rajsthan__Rajasthan Round 2 Allotment.txt,824,
Rajasthan,Rajasthan,2025,R2,STATE_MERIT,1691.0,Pathology,RAMESHWAR LAL,OBC,,MD,Rajsthan__Rajasthan Round 2 Allotment.txt,825,
Rajasthan,Rajasthan,2025,R2,STATE_MERIT,1693.0,Paediatrics,KAILASH CHAND JANGIR,OBC,,Post MBBS Diploma,Rajsthan__Rajasthan Round 2 Allotment.txt,826,
Rajasthan,Rajasthan,2025,R2,STATE_MERIT,1698.0,Obst. & Gynaecology,KARTAR SINGH,General,,MS,Rajsthan__Rajasthan Round 2 Allotment.txt,827,
Rajasthan,Rajasthan,2025,R2,STATE_MERIT,1699.0,General Medicine,PEEYUSH GYANI,OBC,,MD,Rajsthan__Rajasthan Round 2 Allotment.txt,828,
Rajasthan,Rajasthan,2025,R2,STATE_MERIT,1700.0,Immunohaematology and Blood Transfusion,RAMESH CHANDRA JANGID,OBC,,MD,Rajsthan__Rajasthan Round 2 Allotment.txt,829,
Rajasthan,Rajasthan,2025,R2,STATE_MERIT,1703.0,Paediatrics,RAJESH SONI,OBC,,MD,Rajsthan__Rajasthan Round 2 Allotment.txt,830,
Rajasthan,Rajasthan,2025,R2,STATE_MERIT,1704.0,TB & Chest,MOTI LAL,SC,,Post MBBS Diploma,Rajsthan__Rajasthan Round 2 Allotment.txt,831,
Rajasthan,Rajasthan,2025,R2,STATE_MERIT,1705.0,Paediatrics,RAM NIVAS,SC,,Post MBBS Diploma,Rajsthan__Rajasthan Round 2 Allotment.txt,832,
Rajasthan,Rajasthan,2025,R2,STATE_MERIT,1706.0,ENT,JAGDISH CHANDRA,General,,Post MBBS Diploma,Rajsthan__Rajasthan Round 2 Allotment.txt,833,
Rajasthan,Rajasthan,2025,R2,STATE_MERIT,1711.0,Obst. & Gynaecology,DINESH SINGH RATHORE,General,,MS,Rajsthan__Rajasthan Round 2 Allotment.txt,834,
Rajasthan,Rajasthan,2025,R2,STATE_MERIT,1713.0,Nuclear Medicine,VIJAY ANAND SHARMA,General,,MD,Rajsthan__Rajasthan Round 2 Allotment.txt,835,
Rajasthan,Rajasthan,2025,R2,STATE_MERIT,1715.0,General Surgery,RAMKESH MEENA,ST,,MS,Rajsthan__Rajasthan Round 2 Allotment.txt,836,
Rajasthan,Rajasthan,2025,R2,STATE_MERIT,1716.0,Paediatrics,BHUPENDRA KUMAR CHANDANA,MBC NCL,,MD,Rajsthan__Rajasthan Round 2 Allotment.txt,837,
Rajasthan,Rajasthan,2025,R2,STATE_MERIT,1718.0,Emergency Medicine,HARISH KUMAR GARG,General,,MD,Rajsthan__Rajasthan Round 2 Allotment.txt,838,
Rajasthan,Rajasthan,2025,R2,STATE_MERIT,1719.0,Orthopaedics,SHYOJI LAL SHARMA,General,,MS,Rajsthan__Rajasthan Round 2 Allotment.txt,839,
Rajasthan,Rajasthan,2025,R2,STATE_MERIT,1723.0,Obs & Gyne,PREM CHAND JAIN,General,,Post MBBS Diploma,Rajsthan__Rajasthan Round 2 Allotment.txt,840,
Rajasthan,Rajasthan,2025,R2,STATE_MERIT,1732.0,PSM/Community Medicine,MANSUKH PATEL,OBC,,MD,Rajsthan__Rajasthan Round 2 Allotment.txt,841,
Rajasthan,Rajasthan,2025,R2,STATE_MERIT,1734.0,PSM/Community Medicine,PARVAT ANJANA,OBC,,MD,Rajsthan__Rajasthan Round 2 Allotment.txt,842,
Rajasthan,Rajasthan,2025,R2,STATE_MERIT,1735.0,Radiodiagnosis/Radiology,SAWAT RAM CHOUDHARY,OBC,,MD,Rajsthan__Rajasthan Round 2 Allotment.txt,851,
Rajasthan,Rajasthan,2025,R2,STATE_MERIT,1737.0,Anaesthesia,SURESH KUMAR,SC,,MD,Rajsthan__Rajasthan Round 2 Allotment.txt,852,
Rajasthan,Rajasthan,2025,R2,STATE_MERIT,1744.0,Immunohaematology and Blood Transfusion,HARI BALLABH GUPTA,General,,MD,Rajsthan__Rajasthan Round 2 Allotment.txt,853,
Rajasthan,Rajasthan,2025,R2,STATE_MERIT,1745.0,Forensic Medicine,RAJVEER YADAV,OBC,,MD,Rajsthan__Rajasthan Round 2 Allotment.txt,854,
Rajasthan,Rajasthan,2025,R2,STATE_MERIT,1747.0,Paediatrics,ABDUL NADEEM KHAN,General,,Post MBBS Diploma,Rajsthan__Rajasthan Round 2 Allotment.txt,855,
Rajasthan,Rajasthan,2025,R2,STATE_MERIT,1750.0,General Medicine,ANIL VISHNOI,General,,MD,Rajsthan__Rajasthan Round 2 Allotment.txt,856,
Rajasthan,Rajasthan,2025,R2,STATE_MERIT,1752.0,Orthopaedics,SOMESH SHARMA,General,,MS,Rajsthan__Rajasthan Round 2 Allotment.txt,857,
Rajasthan,Rajasthan,2025,R2,STATE_MERIT,1753.0,Skin & V.D / Dermatology Ven. & Leprosy,NANULAL BAMANIYA,ST,,MD,Rajsthan__Rajasthan Round 2 Allotment.txt,858,
Rajasthan,Rajasthan,2025,R2,STATE_MERIT,1754.0,General Medicine,VIJAYKUMAR MANIBHAI PATEL,General,,MD,Rajsthan__Rajasthan Round 2 Allotment.txt,859,
Rajasthan,Rajasthan,2025,R2,STATE_MERIT,1755.0,Ophthalmology,RAJU RAM MEENA,ST,,MS,Rajsthan__Rajasthan Round 2 Allotment.txt,860,
Rajasthan,Rajasthan,2025,R2,STATE_MERIT,1756.0,PSM/Community Medicine,ANIL KUMAR THANVI,General,,MD,Rajsthan__Rajasthan Round 2 Allotment.txt,861,
Rajasthan,Rajasthan,2025,R2,STATE_MERIT,1759.0,Immunohaematology and Blood Transfusion,POONAM CHAND PATIDAR,OBC,,MD,Rajsthan__Rajasthan Round 2 Allotment.txt,862,
Rajasthan,Rajasthan,2025,R2,STATE_MERIT,1765.0,Anaesthesia,RAJENDRA PRASAD,SC,,MD,Rajsthan__Rajasthan Round 2 Allotment.txt,863,
Rajasthan,Rajasthan,2025,R2,STATE_MERIT,1766.0,General Medicine,PRADEEP KR AGARWAL,General,,MD,Rajsthan__Rajasthan Round 2 Allotment.txt,864,
Rajasthan,Rajasthan,2025,R2,STATE_MERIT,1768.0,Emergency Medicine,RAJESH BHARGAVA,General,,MD,Rajsthan__Rajasthan Round 2 Allotment.txt,865,
Rajasthan,Rajasthan,2025,R2,STATE_MERIT,1770.0,Radiodiagnosis/Radiology,MANISH ARORA,General,,MD,Rajsthan__Rajasthan Round 2 Allotment.txt,866,
Rajasthan,Rajasthan,2025,R2,STATE_MERIT,1775.0,Immunohaematology and Blood Transfusion,JAI PARKESH,OBC,,MD,Rajsthan__Rajasthan Round 2 Allotment.txt,867,
Rajasthan,Rajasthan,2025,R2,STATE_MERIT,1783.0,Respiratory Medicine/T.B. & Chest/Tuberculosis & Respiratory Diseases,RAMHARI GURJAR,MBC NCL,,MD,Rajsthan__Rajasthan Round 2 Allotment.txt,868,
Rajasthan,Rajasthan,2025,R2,STATE_MERIT,1793.0,Anaesthesia,GUPT SINGH,SC,,MD,Rajsthan__Rajasthan Round 2 Allotment.txt,869,
Rajasthan,Rajasthan,2025,R2,STATE_MERIT,1795.0,Obs & Gyne,NISHKAM CHOUDHARY,OBC,,Post MBBS Diploma,Rajsthan__Rajasthan Round 2 Allotment.txt,870,
Rajasthan,Rajasthan,2025,R2,STATE_MERIT,1796.0,Paediatrics,GATULAL BUNKAR,SC,,Post MBBS Diploma,Rajsthan__Rajasthan Round 2 Allotment.txt,871,
Rajasthan,Rajasthan,2025,R2,STATE_MERIT,1804.0,ENT,VIJAY KUMAR SHARMA,General,,MS,Rajsthan__Rajasthan Round 2 Allotment.txt,872,
Rajasthan,Rajasthan,2025,R2,STATE_MERIT,1807.0,Orthopaedics,VIKRAM SINGH TANWAR,General,,MS,Rajsthan__Rajasthan Round 2 Allotment.txt,873,
Rajasthan,Rajasthan,2025,R2,STATE_MERIT,1808.0,Ophthalmology,NARAYAN LAL AHARI,ST,,MS,Rajsthan__Rajasthan Round 2 Allotment.txt,874,
Rajasthan,Rajasthan,2025,R2,STATE_MERIT,1810.0,ENT,BODURAM MEENA,ST,,MS,Rajsthan__Rajasthan Round 2 Allotment.txt,875,
Rajasthan,Rajasthan,2025,R2,STATE_MERIT,1811.0,TB & Chest,MAHIPAL SINGH,OBC,,Post MBBS Diploma,Rajsthan__Rajasthan Round 2 Allotment.txt,876,
Rajasthan,Rajasthan,2025,R2,STATE_MERIT,1813.0,General Medicine,DODIYA MANSINHBHAI RAMBHAI,General,,MD,Rajsthan__Rajasthan Round 2 Allotment.txt,877,
Rajasthan,Rajasthan,2025,R2,STATE_MERIT,1814.0,General Medicine,JEEVAN SINGH MEHTA,General,,MD,Rajsthan__Rajasthan Round 2 Allotment.txt,878,
Rajasthan,Rajasthan,2025,R2,STATE_MERIT,1815.0,Radiodiagnosis/Radiology,ADESHARA KISHAN ARVINDBHAI,General,,MD,Rajsthan__Rajasthan Round 2 Allotment.txt,879,
Rajasthan,Rajasthan,2025,R2,STATE_MERIT,1817.0,Pharmacology,BAL CHAND NAGAR,OBC,,MD,Rajsthan__Rajasthan Round 2 Allotment.txt,880,
Rajasthan,Rajasthan,2025,R2,STATE_MERIT,1819.0,Ophthalmology,NANAG RAM,ST,,MS,Rajsthan__Rajasthan Round 2 Allotment.txt,881,
Rajasthan,Rajasthan,2025,R2,STATE_MERIT,1822.0,Immunohaematology and Blood Transfusion,RAM KARAN,OBC,,MD,Rajsthan__Rajasthan Round 2 Allotment.txt,882,
Rajasthan,Rajasthan,2025,R2,STATE_MERIT,1825.0,PSM/Community Medicine,RAMESH KUMAR TILWANI,General,,MD,Rajsthan__Rajasthan Round 2 Allotment.txt,883,
Rajasthan,Rajasthan,2025,R2,STATE_MERIT,1828.0,Paediatrics,ASHOK KUMAR GARG,General,,Post MBBS Diploma,Rajsthan__Rajasthan Round 2 Allotment.txt,884,
Rajasthan,Rajasthan,2025,R2,STATE_MERIT,1829.0,Physiology,BHOPAL SINGH,OBC,,MD,Rajsthan__Rajasthan Round 2 Allotment.txt,885,
Rajasthan,Rajasthan,2025,R2,STATE_MERIT,1830.0,TB & Chest,MAL CHAND SHARMA,General,,Post MBBS Diploma,Rajsthan__Rajasthan Round 2 Allotment.txt,886,
Rajasthan,Rajasthan,2025,R2,STATE_MERIT,1831.0,Family Medicine,SHANTI LAL AMETA,General,,Post MBBS Diploma,Rajsthan__Rajasthan Round 2 Allotment.txt,887,
Rajasthan,Rajasthan,2025,R2,STATE_MERIT,1833.0,General Medicine,ANIL KHANDELWAL,General,,MD,Rajsthan__Rajasthan Round 2 Allotment.txt,888,
Rajasthan,Rajasthan,2025,R2,STATE_MERIT,1836.0,General Medicine,RAJESH CHOUDHARY,OBC,,MD,Rajsthan__Rajasthan Round 2 Allotment.txt,889,
Rajasthan,Rajasthan,2025,R2,STATE_MERIT,1841.0,General Medicine,SANJAY TAYAL,General,,MD,Rajsthan__Rajasthan Round 2 Allotment.txt,890,
Rajasthan,Rajasthan,2025,R2,STATE_MERIT,1842.0,Obst. & Gynaecology,MAHESH KADEL,General,,MS,Rajsthan__Rajasthan Round 2 Allotment.txt,891,
Rajasthan,Rajasthan,2025,R2,STATE_MERIT,1847.0,Obst. & Gynaecology,YUDHISHTHIR NINAMA,ST,,MS,Rajsthan__Rajasthan Round 2 Allotment.txt,892,
Rajasthan,Rajasthan,2025,R2,STATE_MERIT,1848.0,Radiodiagnosis/Radiology,MUKESH KUMAR AGGARWAL,General,,MD,Rajsthan__Rajasthan Round 2 Allotment.txt,893,
Rajasthan,Rajasthan,2025,R2,STATE_MERIT,1850.0,Anaesthesia,SITARAM BAIRWA,SC,,MD,Rajsthan__Rajasthan Round 2 Allotment.txt,894,
Rajasthan,Rajasthan,2025,R2,STATE_MERIT,1851.0,Anaesthesia,BHAGWAN SAHAY,SC,,MD,Rajsthan__Rajasthan Round 2 Allotment.txt,895,
Rajasthan,Rajasthan,2025,R2,STATE_MERIT,1853.0,General Surgery,SUDARSHAN SINGH,General,,MS,Rajsthan__Rajasthan Round 2 Allotment.txt,896,
Rajasthan,Rajasthan,2025,R2,STATE_MERIT,1854.0,Anaesthesia,DALIP SINGH,SC,,MD,Rajsthan__Rajasthan Round 2 Allotment.txt,897,
Rajasthan,Rajasthan,2025,R2,STATE_MERIT,1857.0,PSM/Community Medicine,HANSRAJ NAGAR,OBC,,MD,Rajsthan__Rajasthan Round 2 Allotment.txt,898,
Rajasthan,Rajasthan,2025,R2,STATE_MERIT,1858.0,Obs & Gyne,BANWARI LAL,OBC,,Post MBBS Diploma,Rajsthan__Rajasthan Round 2 Allotment.txt,899,
Rajasthan,Rajasthan,2025,R2,STATE_MERIT,1860.0,Radiodiagnosis/Radiology,ARVINDKUMAR,General,,MD,Rajsthan__Rajasthan Round 2 Allotment.txt,900,
Rajasthan,Rajasthan,2025,R2,STATE_MERIT,1863.0,Obst. & Gynaecology,DINESH CHAND GUPTA,General,,MS,Rajsthan__Rajasthan Round 2 Allotment.txt,901,
Rajasthan,Rajasthan,2025,R2,STATE_MERIT,1865.0,Forensic Medicine,NATHU LAL SHARMA,General,,MD,Rajsthan__Rajasthan Round 2 Allotment.txt,902,
Rajasthan,Rajasthan,2025,R2,STATE_MERIT,1866.0,Tropical Medicine,HARI NARAYAN MEENA,ST,,MD,Rajsthan__Rajasthan Round 2 Allotment.txt,903,
Rajasthan,Rajasthan,2025,R2,STATE_MERIT,1867.0,Skin & V.D / Dermatology Ven. & Leprosy,MUKESH SAHI,General,,MD,Rajsthan__Rajasthan Round 2 Allotment.txt,904,
Rajasthan,Rajasthan,2025,R2,STATE_MERIT,1869.0,Anaesthesia,RAJENDRA KUMAR BUNKAR,SC,,MD,Rajsthan__Rajasthan Round 2 Allotment.txt,905,
Rajasthan,Rajasthan,2025,R2,STATE_MERIT,1871.0,Anaesthesia,SOLANKI,SC,,MD,Rajsthan__Rajasthan Round 2 Allotment.txt,906,
Rajasthan,Rajasthan,2025,R2,STATE_MERIT,1874.0,Obst. & Gynaecology,DIPANKAR ARORA,General,,MS,Rajsthan__Rajasthan Round 2 Allotment.txt,907,
Rajasthan,Rajasthan,2025,R2,STATE_MERIT,1877.0,Radiotherapy/Radiationoncology,RAMESHWAR LAL MEENA,ST,,MD,Rajsthan__Rajasthan Round 2 Allotment.txt,908,
Rajasthan,Rajasthan,2025,R2,STATE_MERIT,1878.0,Obst. & Gynaecology,GS JEENAR,MBC NCL,,MS,Rajsthan__Rajasthan Round 2 Allotment.txt,909,
Rajasthan,Rajasthan,2025,R2,STATE_MERIT,1883.0,General Medicine,PAWAN KUMAR JAT,OBC,,MD,Rajsthan__Rajasthan Round 2 Allotment.txt,910,
Rajasthan,Rajasthan,2025,R2,STATE_MERIT,1886.0,Anaesthesia,SURESH HALDWANIA,SC,,MD,Rajsthan__Rajasthan Round 2 Allotment.txt,911,
Rajasthan,Rajasthan,2025,R2,STATE_MERIT,1892.0,Pathology,RIPUNJAY SHARMA,General,,MD,Rajsthan__Rajasthan Round 2 Allotment.txt,912,
Rajasthan,Rajasthan,2025,R2,STATE_MERIT,1893.0,Microbiology,HARBIR SINGH,OBC,,MD,Rajsthan__Rajasthan Round 2 Allotment.txt,913,
Rajasthan,Rajasthan,2025,R2,STATE_MERIT,1894.0,Obst. & Gynaecology,GIRRAJ PAREEK,General,,MS,Rajsthan__Rajasthan Round 2 Allotment.txt,914,
Rajasthan,Rajasthan,2025,R2,STATE_MERIT,1898.0,Radiodiagnosis/Radiology,SANJIV BHALLA,General,,MD,Rajsthan__Rajasthan Round 2 Allotment.txt,915,
Rajasthan,Rajasthan,2025,R2,STATE_MERIT,1901.0,Paediatrics,NIRMAL SONI,OBC,,Post MBBS Diploma,Rajsthan__Rajasthan Round 2 Allotment.txt,916,
Rajasthan,Rajasthan,2025,R2,STATE_MERIT,1903.0,Anaesthesia,BABU LAL BAIRWA,SC,,MD,Rajsthan__Rajasthan Round 2 Allotment.txt,917,
Rajasthan,Rajasthan,2025,R2,STATE_MERIT,1907.0,Pathology,RAMESHWAR LAL,SC,,MD,Rajsthan__Rajasthan Round 2 Allotment.txt,918,
Rajasthan,Rajasthan,2025,R2,STATE_MERIT,1908.0,TB & Chest,KHEENYA RAM,SC,,Post MBBS Diploma,Rajsthan__Rajasthan Round 2 Allotment.txt,919,
Rajasthan,Rajasthan,2025,R2,STATE_MERIT,1910.0,General Medicine,KAMLESH KUMAR SHARMA,General,,MD,Rajsthan__Rajasthan Round 2 Allotment.txt,928,
Rajasthan,Rajasthan,2025,R2,STATE_MERIT,1912.0,ENT,PRAHLAD SAHAY MEENA,ST,,MS,Rajsthan__Rajasthan Round 2 Allotment.txt,929,
Rajasthan,Rajasthan,2025,R2,STATE_MERIT,1914.0,ENT,PRAVEEN BHARDWAJ,General,,MS,Rajsthan__Rajasthan Round 2 Allotment.txt,930,
Rajasthan,Rajasthan,2025,R2,STATE_MERIT,1920.0,Anaesthesia,PUSHPENDRA KUMAR GOTWAL,SC,,MD,Rajsthan__Rajasthan Round 2 Allotment.txt,931,
Rajasthan,Rajasthan,2025,R2,STATE_MERIT,1921.0,Skin & V.D / Dermatology Ven. & Leprosy,HANUMAN SINGH,General,,MD,Rajsthan__Rajasthan Round 2 Allotment.txt,932,
Rajasthan,Rajasthan,2025,R2,STATE_MERIT,1929.0,ENT,JAG MOHAN MEENA,ST,,MS,Rajsthan__Rajasthan Round 2 Allotment.txt,933,
Rajasthan,Rajasthan,2025,R2,STATE_MERIT,1933.0,PSM/Community Medicine,SUBHASH CHANDRA,OBC,,MD,Rajsthan__Rajasthan Round 2 Allotment.txt,934,
Rajasthan,Rajasthan,2025,R2,STATE_MERIT,1935.0,Orthopaedics,HEMRAJ RAWAT,MBC NCL,,MS,Rajsthan__Rajasthan Round 2 Allotment.txt,935,
Rajasthan,Rajasthan,2025,R2,STATE_MERIT,1938.0,Pathology,MAHAVIR PRASAD BANSAL,General,,MD,Rajsthan__Rajasthan Round 2 Allotment.txt,936,
Rajasthan,Rajasthan,2025,R2,STATE_MERIT,1940.0,Microbiology,LAXMAN SINGH,General,,MD,Rajsthan__Rajasthan Round 2 Allotment.txt,937,
Rajasthan,Rajasthan,2025,R2,STATE_MERIT,1947.0,Psychiatry,DASHRATH SINGH GURJAR,MBC NCL,,MD,Rajsthan__Rajasthan Round 2 Allotment.txt,938,
Rajasthan,Rajasthan,2025,R2,STATE_MERIT,1948.0,Paediatrics,RAM CHANDRA NEHRA,OBC,,Post MBBS Diploma,Rajsthan__Rajasthan Round 2 Allotment.txt,939,
Rajasthan,Rajasthan,2025,R2,STATE_MERIT,1952.0,General Medicine,GOPALBHAI KHIMJIBHAI THESIYA,General,,MD,Rajsthan__Rajasthan Round 2 Allotment.txt,940,
Rajasthan,Rajasthan,2025,R2,STATE_MERIT,1955.0,Radiotherapy/Radiationoncology,MUKESH CHAND JAIN,General,,MD,Rajsthan__Rajasthan Round 2 Allotment.txt,941,
Rajasthan,Rajasthan,2025,R2,STATE_MERIT,1956.0,Radiotherapy/Radiationoncology,SUMAN PRAMANIK,General,,MD,Rajsthan__Rajasthan Round 2 Allotment.txt,942,
Rajasthan,Rajasthan,2025,R2,STATE_MERIT,1958.0,Family Medicine,RAM KUMAR CHEJARA,OBC,,Post MBBS Diploma,Rajsthan__Rajasthan Round 2 Allotment.txt,943,
Rajasthan,Rajasthan,2025,R2,STATE_MERIT,1962.0,Pathology,VINOD DUTT SHARMA,General,,MD,Rajsthan__Rajasthan Round 2 Allotment.txt,944,
Rajasthan,Rajasthan,2025,R2,STATE_MERIT,1963.0,General Medicine,PATEL PARESHBHAI,General,,MD,Rajsthan__Rajasthan Round 2 Allotment.txt,945,
Rajasthan,Rajasthan,2025,R2,STATE_MERIT,1964.0,Respiratory Medicine/T.B. & Chest/Tuberculosis & Respiratory Diseases,RAKESH KUMAR PATEL,General,,MD,Rajsthan__Rajasthan Round 2 Allotment.txt,946,
Rajasthan,Rajasthan,2025,R2,STATE_MERIT,1965.0,Paediatrics,DALPAT CHOUDHARY,General,,MD,Rajsthan__Rajasthan Round 2 Allotment.txt,947,
Rajasthan,Rajasthan,2025,R2,STATE_MERIT,1967.0,Skin & V.D / Dermatology Ven. & Leprosy,UMENDRA SINGH,OBC,,MD,Rajsthan__Rajasthan Round 2 Allotment.txt,948,
Rajasthan,Rajasthan,2025,R2,STATE_MERIT,1974.0,Respiratory Medicine/T.B. & Chest/Tuberculosis & Respiratory Diseases,ANIL JOHRI,OBC,,MD,Rajsthan__Rajasthan Round 2 Allotment.txt,949,
Rajasthan,Rajasthan,2025,R2,STATE_MERIT,1981.0,Ophthalmology,BHANWAR SINGH,OBC,,Post MBBS Diploma,Rajsthan__Rajasthan Round 2 Allotment.txt,950,
Rajasthan,Rajasthan,2025,R2,STATE_MERIT,1982.0,Paediatrics,MOHAN LAL NOGIA,SC,,Post MBBS Diploma,Rajsthan__Rajasthan Round 2 Allotment.txt,951,
Rajasthan,Rajasthan,2025,R2,STATE_MERIT,1983.0,Radiotherapy/Radiationoncology,RATTI RAM MEENA,ST,,MD,Rajsthan__Rajasthan Round 2 Allotment.txt,952,
Rajasthan,Rajasthan,2025,R2,STATE_MERIT,1985.0,Pathology,RAMLAL BUNKAR,SC,,MD,Rajsthan__Rajasthan Round 2 Allotment.txt,953,
Rajasthan,Rajasthan,2025,R2,STATE_MERIT,1987.0,Pharmacology,GOKULJI PATIDAR,OBC,,MD,Rajsthan__Rajasthan Round 2 Allotment.txt,954,
Rajasthan,Rajasthan,2025,R2,STATE_MERIT,1991.0,Anaesthesia,PURAN MAL MEENA,ST,,MD,Rajsthan__Rajasthan Round 2 Allotment.txt,955,
Rajasthan,Rajasthan,2025,R2,STATE_MERIT,1993.0,Emergency Medicine,HEERA LAL,MBC NCL,,MD,Rajsthan__Rajasthan Round 2 Allotment.txt,956,
Rajasthan,Rajasthan,2025,R2,STATE_MERIT,1994.0,Anaesthesia,DR RAJESH KHANDELWAL,General,,MD,Rajsthan__Rajasthan Round 2 Allotment.txt,957,
Rajasthan,Rajasthan,2025,R2,STATE_MERIT,1998.0,General Medicine,KANTI LAL PATEL,ST,,MD,Rajsthan__Rajasthan Round 2 Allotment.txt,958,
Rajasthan,Rajasthan,2025,R2,STATE_MERIT,1999.0,General Medicine,DHARMENDRA BHARDWAJ,General,,MD,Rajsthan__Rajasthan Round 2 Allotment.txt,959,
Rajasthan,Rajasthan,2025,R2,STATE_MERIT,2000.0,Pathology,UMESH CHAND AGRAWAL,General,,MD,Rajsthan__Rajasthan Round 2 Allotment.txt,960,
Rajasthan,Rajasthan,2025,R2,STATE_MERIT,2005.0,Respiratory Medicine/T.B. & Chest/Tuberculosis & Respiratory Diseases,ALKESHBHAI,General,,MD,Rajsthan__Rajasthan Round 2 Allotment.txt,961,
Rajasthan,Rajasthan,2025,R2,STATE_MERIT,2007.0,Pathology,CHIRANJI LAL SHARMA,OBC,,MD,Rajsthan__Rajasthan Round 2 Allotment.txt,962,
Rajasthan,Rajasthan,2025,R2,STATE_MERIT,2008.0,Anaesthesia,SURENDRA KUMAR JANAGAL,SC,,MD,Rajsthan__Rajasthan Round 2 Allotment.txt,963,
Rajasthan,Rajasthan,2025,R2,STATE_MERIT,2019.0,General Medicine,VANABHAI MANABHAI RAJPUT,General,,MD,Rajsthan__Rajasthan Round 2 Allotment.txt,964,
Rajasthan,Rajasthan,2025,R2,STATE_MERIT,2022.0,Skin & V.D / Dermatology Ven. & Leprosy,NAGENDRA SINGH KHARI,General,,MD,Rajsthan__Rajasthan Round 2 Allotment.txt,965,
Rajasthan,Rajasthan,2025,R2,STATE_MERIT,2024.0,Respiratory Medicine/T.B. & Chest/Tuberculosis & Respiratory Diseases,RAMCHANDER TANWAR,MBC NCL,,MD,Rajsthan__Rajasthan Round 2 Allotment.txt,966,
Rajasthan,Rajasthan,2025,R2,STATE_MERIT,2027.0,Obs & Gyne,RAJESH CHOPRA,SC,,Post MBBS Diploma,Rajsthan__Rajasthan Round 2 Allotment.txt,967,
Rajasthan,Rajasthan,2025,R2,STATE_MERIT,2032.0,Ophthalmology,PRABHU DAYAL,OBC,,Post MBBS Diploma,Rajsthan__Rajasthan Round 2 Allotment.txt,968,
Rajasthan,Rajasthan,2025,R2,STATE_MERIT,2033.0,General Medicine,SANJEEV,General,,MD,Rajsthan__Rajasthan Round 2 Allotment.txt,969,
Rajasthan,Rajasthan,2025,R2,STATE_MERIT,2034.0,General Surgery,RAJENDRA BAMANIA,ST,,MS,Rajsthan__Rajasthan Round 2 Allotment.txt,970,
Rajasthan,Rajasthan,2025,R2,STATE_MERIT,2038.0,Orthopaedics,ROOPSINGH GURJAR,MBC NCL,,MS,Rajsthan__Rajasthan Round 2 Allotment.txt,971,
Rajasthan,Rajasthan,2025,R2,STATE_MERIT,2045.0,PSM/Community Medicine,DHARAM SINGH MEENA,ST,,MD,Rajsthan__Rajasthan Round 2 Allotment.txt,972,
Rajasthan,Rajasthan,2025,R2,STATE_MERIT,2046.0,General Medicine,UDHAY SHANKAR,General,,MD,Rajsthan__Rajasthan Round 2 Allotment.txt,973,
Rajasthan,Rajasthan,2025,R2,STATE_MERIT,2054.0,Pathology,KAMAL SINGH MEENA,ST,,MD,Rajsthan__Rajasthan Round 2 Allotment.txt,974,
Rajasthan,Rajasthan,2025,R2,STATE_MERIT,2055.0,Obst. & Gynaecology,SATISHBHAI,General,,MS,Rajsthan__Rajasthan Round 2 Allotment.txt,975,
Rajasthan,Rajasthan,2025,R2,STATE_MERIT,2057.0,General Medicine,OM SETHIYA,General,,MD,Rajsthan__Rajasthan Round 2 Allotment.txt,976,
Rajasthan,Rajasthan,2025,R2,STATE_MERIT,2060.0,Microbiology,CHHOTU LAL KALAL,General,,MD,Rajsthan__Rajasthan Round 2 Allotment.txt,977,
Rajasthan,Rajasthan,2025,R2,STATE_MERIT,2071.0,Ophthalmology,ROSHAN LAL SAINI,OBC,,Post MBBS Diploma,Rajsthan__Rajasthan Round 2 Allotment.txt,978,
Rajasthan,Rajasthan,2025,R2,STATE_MERIT,2072.0,Radiodiagnosis/Radiology,ABDHESH KUMAR GAUTAM,General,,MD,Rajsthan__Rajasthan Round 2 Allotment.txt,979,
Rajasthan,Rajasthan,2025,R2,STATE_MERIT,2082.0,Paediatrics,SHANTI LAL DAMOR,ST,,MD,Rajsthan__Rajasthan Round 2 Allotment.txt,980,
Rajasthan,Rajasthan,2025,R2,STATE_MERIT,2084.0,Anaesthesia,BHARAT LAL JATAV,SC,,MD,Rajsthan__Rajasthan Round 2 Allotment.txt,981,
Rajasthan,Rajasthan,2025,R2,STATE_MERIT,2085.0,ENT,KEVAL RAM,MBC NCL,,MS,Rajsthan__Rajasthan Round 2 Allotment.txt,982,
Rajasthan,Rajasthan,2025,R2,STATE_MERIT,2091.0,PSM/Community Medicine,MAMAN RAM,SC,,MD,Rajsthan__Rajasthan Round 2 Allotment.txt,983,
Rajasthan,Rajasthan,2025,R2,STATE_MERIT,2093.0,Psychiatry,MANA RAM,General,,MD,Rajsthan__Rajasthan Round 2 Allotment.txt,984,
Rajasthan,Rajasthan,2025,R2,STATE_MERIT,2099.0,General Medicine,KISHAN FATEHLAL SHAH,General,,MD,Rajsthan__Rajasthan Round 2 Allotment.txt,985,
Rajasthan,Rajasthan,2025,R2,STATE_MERIT,2101.0,Orthopaedics,KANA RAM GURJAR,MBC NCL,,MS,Rajsthan__Rajasthan Round 2 Allotment.txt,986,
Rajasthan,Rajasthan,2025,R2,STATE_MERIT,2102.0,Pathology,BABULAL BANSIWAL,SC,,MD,Rajsthan__Rajasthan Round 2 Allotment.txt,987,
Rajasthan,Rajasthan,2025,R2,STATE_MERIT,2105.0,Pathology,SURESH KUMAR VERMA,SC,,MD,Rajsthan__Rajasthan Round 2 Allotment.txt,988,
Rajasthan,Rajasthan,2025,R2,STATE_MERIT,2107.0,Anaesthesia,SANDEEP SHARMA,General,,MD,Rajsthan__Rajasthan Round 2 Allotment.txt,989,
Rajasthan,Rajasthan,2025,R2,STATE_MERIT,2111.0,Microbiology,AMITABH PANDIT,General,,MD,Rajsthan__Rajasthan Round 2 Allotment.txt,990,
Rajasthan,Rajasthan,2025,R2,STATE_MERIT,2113.0,Ophthalmology,SUKHPAL BHAGORA,ST,,MS,Rajsthan__Rajasthan Round 2 Allotment.txt,991,
Rajasthan,Rajasthan,2025,R2,STATE_MERIT,2114.0,Orthopaedics,RAMAKHTYAR,MBC NCL,,MS,Rajsthan__Rajasthan Round 2 Allotment.txt,992,
Rajasthan,Rajasthan,2025,R2,STATE_MERIT,2115.0,Radiodiagnosis/Radiology,RAVINDER KUMAR BANSAL,General,,MD,Rajsthan__Rajasthan Round 2 Allotment.txt,993,
Rajasthan,Rajasthan,2025,R2,STATE_MERIT,2116.0,ENT,LOKESH PARTANI,General,,MS,Rajsthan__Rajasthan Round 2 Allotment.txt,994,
Rajasthan,Rajasthan,2025,R2,STATE_MERIT,2117.0,General Surgery,BANWARI LAL BAGRI,MBC NCL,,MS,Rajsthan__Rajasthan Round 2 Allotment.txt,995,
Rajasthan,Rajasthan,2025,R2,STATE_MERIT,2122.0,Obst. & Gynaecology,KARMASHIBHAI,General,,MS,Rajsthan__Rajasthan Round 2 Allotment.txt,996,
Rajasthan,Rajasthan,2025,R2,STATE_MERIT,2125.0,Family Medicine,RAMAKISHAN JAKHAR,OBC,,Post MBBS Diploma,Rajsthan__Rajasthan Round 2 Allotment.txt,1005,
Rajasthan,Rajasthan,2025,R2,STATE_MERIT,2128.0,Microbiology,MOHAN LAL,OBC,,MD,Rajsthan__Rajasthan Round 2 Allotment.txt,1006,
Rajasthan,Rajasthan,2025,R2,STATE_MERIT,2130.0,Pathology,NARENDRA PAL DHAWAL,SC,,MD,Rajsthan__Rajasthan Round 2 Allotment.txt,1007,
Rajasthan,Rajasthan,2025,R2,STATE_MERIT,2134.0,Family Medicine,LALU RAM YADAV,OBC,,Post MBBS Diploma,Rajsthan__Rajasthan Round 2 Allotment.txt,1008,
Rajasthan,Rajasthan,2025,R2,STATE_MERIT,2136.0,Obst. & Gynaecology,FATEHLAL PATELA,ST,,MS,Rajsthan__Rajasthan Round 2 Allotment.txt,1009,
Rajasthan,Rajasthan,2025,R2,STATE_MERIT,2144.0,Microbiology,JYOTISH VASANIYA,General,,MD,Rajsthan__Rajasthan Round 2 Allotment.txt,1010,
Rajasthan,Rajasthan,2025,R2,STATE_MERIT,2148.0,General Medicine,DEVA RAM SHIVRAN,General,,MD,Rajsthan__Rajasthan Round 2 Allotment.txt,1011,
Rajasthan,Rajasthan,2025,R2,STATE_MERIT,2149.0,Obst. & Gynaecology,MOHAN LAL,OBC,,MS,Rajsthan__Rajasthan Round 2 Allotment.txt,1012,
Rajasthan,Rajasthan,2025,R2,STATE_MERIT,2152.0,Obst. & Gynaecology,VINOD GOUTAM,General,,MS,Rajsthan__Rajasthan Round 2 Allotment.txt,1013,
Rajasthan,Rajasthan,2025,R2,STATE_MERIT,2153.0,Paediatrics,JAGAT RAM MEENA,ST,,MD,Rajsthan__Rajasthan Round 2 Allotment.txt,1014,
Rajasthan,Rajasthan,2025,R2,STATE_MERIT,2156.0,PSM/Community Medicine,SHRI KISHAN DHOBI,SC,,MD,Rajsthan__Rajasthan Round 2 Allotment.txt,1015,
Rajasthan,Rajasthan,2025,R2,STATE_MERIT,2157.0,Obst. & Gynaecology,DHAN RAJ JAT,OBC,,MS,Rajsthan__Rajasthan Round 2 Allotment.txt,1016,
Rajasthan,Rajasthan,2025,R2,STATE_MERIT,2165.0,Pathology,RAJSEH KUMAR ARYA,SC,,MD,Rajsthan__Rajasthan Round 2 Allotment.txt,1017,
Rajasthan,Rajasthan,2025,R2,STATE_MERIT,2167.0,Paediatrics,UPADHYAY PRADIPKUMAR BALRAMBHAI,General,,MD,Rajsthan__Rajasthan Round 2 Allotment.txt,1018,
Rajasthan,Rajasthan,2025,R2,STATE_MERIT,2170.0,Microbiology,KULDEEP SINGH BITHU,General,,MD,Rajsthan__Rajasthan Round 2 Allotment.txt,1019,
Rajasthan,Rajasthan,2025,R2,STATE_MERIT,2171.0,Forensic Medicine,KANTILAL KALAL,OBC,,MD,Rajsthan__Rajasthan Round 2 Allotment.txt,1020,
Rajasthan,Rajasthan,2025,R2,STATE_MERIT,2173.0,Obst. & Gynaecology,RAMDHAN SIWACH,General,,MS,Rajsthan__Rajasthan Round 2 Allotment.txt,1021,
Rajasthan,Rajasthan,2025,R2,STATE_MERIT,2178.0,Anesthesia,SITA RAM CHOUDHARY,OBC,,Post MBBS Diploma,Rajsthan__Rajasthan Round 2 Allotment.txt,1022,
Rajasthan,Rajasthan,2025,R2,STATE_MERIT,2180.0,ENT,KRISHNA KANT SHARMA,General,,MS,Rajsthan__Rajasthan Round 2 Allotment.txt,1023,
Rajasthan,Rajasthan,2025,R2,STATE_MERIT,2190.0,Microbiology,YUNOOSH KHAN,OBC,,MD,Rajsthan__Rajasthan Round 2 Allotment.txt,1024,
Rajasthan,Rajasthan,2025,R2,STATE_MERIT,2193.0,Pharmacology,CHANDRA PRAKASH BADAYA,General,,MD,Rajsthan__Rajasthan Round 2 Allotment.txt,1025,
Rajasthan,Rajasthan,2025,R2,STATE_MERIT,2197.0,Obst. & Gynaecology,DINESH KUMAR CHOUDHARY,General,,MS,Rajsthan__Rajasthan Round 2 Allotment.txt,1026,
Rajasthan,Rajasthan,2025,R2,STATE_MERIT,2198.0,Radiodiagnosis/Radiology,PRADEEP KUMAR JAIN,General,,MD,Rajsthan__Rajasthan Round 2 Allotment.txt,1027,
Rajasthan,Rajasthan,2025,R2,STATE_MERIT,2203.0,ENT,KUMER LAL VERMA,OBC,,Post MBBS Diploma,Rajsthan__Rajasthan Round 2 Allotment.txt,1028,
Rajasthan,Rajasthan,2025,R2,STATE_MERIT,2204.0,General Medicine,PRAKASH CHAND,OBC,,MD,Rajsthan__Rajasthan Round 2 Allotment.txt,1029,
Rajasthan,Rajasthan,2025,R2,STATE_MERIT,2207.0,Obst. & Gynaecology,PATEL JAGDISHBHAI AMRUTLAL,General,,MS,Rajsthan__Rajasthan Round 2 Allotment.txt,1030,
Rajasthan,Rajasthan,2025,R2,STATE_MERIT,2208.0,Nuclear Medicine,BHALODIA HITESHKUMAR BHOVANBHAI,General,,MD,Rajsthan__Rajasthan Round 2 Allotment.txt,1031,
Rajasthan,Rajasthan,2025,R2,STATE_MERIT,2212.0,General Surgery,SHER SINGH YADAV,General,,MS,Rajsthan__Rajasthan Round 2 Allotment.txt,1032,
Rajasthan,Rajasthan,2025,R2,STATE_MERIT,2214.0,Microbiology,DAYANAND KUMAWAT,OBC,,MD,Rajsthan__Rajasthan Round 2 Allotment.txt,1033,
Rajasthan,Rajasthan,2025,R2,STATE_MERIT,2215.0,Respiratory Medicine/T.B. & Chest/Tuberculosis & Respiratory Diseases,HASHMUKHBHAI LALJIBHAI MUNJPARA,OBC,,MD,Rajsthan__Rajasthan Round 2 Allotment.txt,1034,
Rajasthan,Rajasthan,2025,R2,STATE_MERIT,2218.0,Biochemistry,RANA RAM VISHNOI,OBC,,MD,Rajsthan__Rajasthan Round 2 Allotment.txt,1035,
Rajasthan,Rajasthan,2025,R2,STATE_MERIT,2227.0,Pathology,MUNNA LAL RINWA,OBC,,MD,Rajsthan__Rajasthan Round 2 Allotment.txt,1036,
Rajasthan,Rajasthan,2025,R2,STATE_MERIT,2228.0,General Medicine,ARUN SHARMA,General,,MD,Rajsthan__Rajasthan Round 2 Allotment.txt,1037,
Rajasthan,Rajasthan,2025,R2,STATE_MERIT,2233.0,General Medicine,JHOOMAR RAM,OBC,,MD,Rajsthan__Rajasthan Round 2 Allotment.txt,1038,
Rajasthan,Rajasthan,2025,R2,STATE_MERIT,2235.0,Radiodiagnosis/Radiology,LAXMI PRASAD SHARMA,General,,MD,Rajsthan__Rajasthan Round 2 Allotment.txt,1039,
Rajasthan,Rajasthan,2025,R2,STATE_MERIT,2237.0,Pathology,DURGA PRASAD GARHWAL,SC,,MD,Rajsthan__Rajasthan Round 2 Allotment.txt,1040,
Rajasthan,Rajasthan,2025,R2,STATE_MERIT,2240.0,Skin & V.D / Dermatology Ven. & Leprosy,SAHAB SARAN NANDA,General,,MD,Rajsthan__Rajasthan Round 2 Allotment.txt,1041,
Rajasthan,Rajasthan,2025,R2,STATE_MERIT,2244.0,Anaesthesia,MANNO RAM MEENA,ST,,MD,Rajsthan__Rajasthan Round 2 Allotment.txt,1042,
Rajasthan,Rajasthan,2025,R2,STATE_MERIT,2248.0,Anaesthesia,SHAYM SUNDAR,General,,MD,Rajsthan__Rajasthan Round 2 Allotment.txt,1043,
Rajasthan,Rajasthan,2025,R2,STATE_MERIT,2252.0,Pharmacology,RAJENDRA TANWAR,OBC,,MD,Rajsthan__Rajasthan Round 2 Allotment.txt,1044,
Rajasthan,Rajasthan,2025,R2,STATE_MERIT,2253.0,Radiodiagnosis/Radiology,GOPA RAM,OBC,,MD,Rajsthan__Rajasthan Round 2 Allotment.txt,1045,
Rajasthan,Rajasthan,2025,R2,STATE_MERIT,2254.0,Paediatrics,ARJUN KUMAR DABI,ST,,MD,Rajsthan__Rajasthan Round 2 Allotment.txt,1046,
Rajasthan,Rajasthan,2025,R2,STATE_MERIT,2256.0,Radiodiagnosis/Radiology,SHYAM SUNDAR MANGAL,General,,MD,Rajsthan__Rajasthan Round 2 Allotment.txt,1047,
Rajasthan,Rajasthan,2025,R2,STATE_MERIT,2260.0,Obs & Gyne,DURGA DUTT,SC,,Post MBBS Diploma,Rajsthan__Rajasthan Round 2 Allotment.txt,1048,
Rajasthan,Rajasthan,2025,R2,STATE_MERIT,2264.0,Pathology,NARAYAN KUMAR NARNOLIA,SC,,MD,Rajsthan__Rajasthan Round 2 Allotment.txt,1049,
Rajasthan,Rajasthan,2025,R2,STATE_MERIT,2268.0,Pharmacology,UMESH CHAND GUPTA,General,,MD,Rajsthan__Rajasthan Round 2 Allotment.txt,1050,
Rajasthan,Rajasthan,2025,R2,STATE_MERIT,2271.0,Anaesthesia,ARIFALI MEHBUB ALI SAIYED,General,,MD,Rajsthan__Rajasthan Round 2 Allotment.txt,1051,
Rajasthan,Rajasthan,2025,R2,STATE_MERIT,2272.0,Radiodiagnosis/Radiology,S M SHAHNAWAZ,General,,MD,Rajsthan__Rajasthan Round 2 Allotment.txt,1052,
Rajasthan,Rajasthan,2025,R2,STATE_MERIT,2273.0,Paediatrics,SHAMBHU LAL,MBC NCL,,Post MBBS Diploma,Rajsthan__Rajasthan Round 2 Allotment.txt,1053,
Rajasthan,Rajasthan,2025,R2,STATE_MERIT,2276.0,Orthopaedics,KHEMRAJ PARGI,ST,,MS,Rajsthan__Rajasthan Round 2 Allotment.txt,1054,
Rajasthan,Rajasthan,2025,R2,STATE_MERIT,2280.0,Obst. & Gynaecology,FATEH SINGH,General,,MS,Rajsthan__Rajasthan Round 2 Allotment.txt,1055,
Rajasthan,Rajasthan,2025,R2,STATE_MERIT,2281.0,Immunohaematology and Blood Transfusion,CHETAN AGRAWAL,General,,MD,Rajsthan__Rajasthan Round 2 Allotment.txt,1056,
Rajasthan,Rajasthan,2025,R2,STATE_MERIT,2283.0,ENT,SUKHA RAM,OBC,,Post MBBS Diploma,Rajsthan__Rajasthan Round 2 Allotment.txt,1057,
Rajasthan,Rajasthan,2025,R2,STATE_MERIT,2284.0,Anaesthesia,JAWAID JAMAL SHAIKH,General,,MD,Rajsthan__Rajasthan Round 2 Allotment.txt,1058,
Rajasthan,Rajasthan,2025,R2,STATE_MERIT,2285.0,Pathology,GOVERDHAN AGRAWAL,General,,MD,Rajsthan__Rajasthan Round 2 Allotment.txt,1059,
Rajasthan,Rajasthan,2025,R2,STATE_MERIT,2288.0,Pathology,CHITAR LAL LADAWAT,SC,,MD,Rajsthan__Rajasthan Round 2 Allotment.txt,1060,
Rajasthan,Rajasthan,2025,R2,STATE_MERIT,2289.0,Obst. & Gynaecology,BHARAT LAL PARGI,ST,,MS,Rajsthan__Rajasthan Round 2 Allotment.txt,1061,
Rajasthan,Rajasthan,2025,R2,STATE_MERIT,2292.0,Paediatrics,MANOJ KUMAR AHUJA,General,,MD,Rajsthan__Rajasthan Round 2 Allotment.txt,1062,
Rajasthan,Rajasthan,2025,R2,STATE_MERIT,2294.0,Obs & Gyne,UMRAO BANJARA,SC,,Post MBBS Diploma,Rajsthan__Rajasthan Round 2 Allotment.txt,1063,
Rajasthan,Rajasthan,2025,R2,STATE_MERIT,2296.0,Ophthalmology,BUDHA RAM BISHNOI,OBC,,Post MBBS Diploma,Rajsthan__Rajasthan Round 2 Allotment.txt,1064,
Rajasthan,Rajasthan,2025,R2,STATE_MERIT,2297.0,Pathology,AMRIT RAM,SC,,MD,Rajsthan__Rajasthan Round 2 Allotment.txt,1065,
Rajasthan,Rajasthan,2025,R2,STATE_MERIT,2301.0,Skin & V.D / Dermatology Ven. & Leprosy,MUKESH GUPTA,General,,MD,Rajsthan__Rajasthan Round 2 Allotment.txt,1066,
Rajasthan,Rajasthan,2025,R2,STATE_MERIT,2302.0,Obst. & Gynaecology,GOVIND SINGH MEENA,ST,,MS,Rajsthan__Rajasthan Round 2 Allotment.txt,1067,
Rajasthan,Rajasthan,2025,R2,STATE_MERIT,2305.0,Pathology,PRATAP SINGH YADAV,SC,,MD,Rajsthan__Rajasthan Round 2 Allotment.txt,1068,
Rajasthan,Rajasthan,2025,R2,STATE_MERIT,2308.0,PSM/Community Medicine,PRABHUVENDRA KUMAR,SC,,MD,Rajsthan__Rajasthan Round 2 Allotment.txt,1069,
Rajasthan,Rajasthan,2025,R2,STATE_MERIT,2309.0,ENT,MOHAN LAL CHOUDHARY,OBC,,MS,Rajsthan__Rajasthan Round 2 Allotment.txt,1070,
Rajasthan,Rajasthan,2025,R2,STATE_MERIT,2311.0,Nuclear Medicine,SHIV KUMAR TANWAR,OBC,,MD,Rajsthan__Rajasthan Round 2 Allotment.txt,1071,
Rajasthan,Rajasthan,2025,R2,STATE_MERIT,2317.0,Radiodiagnosis/Radiology,MAHABIR SINGH,General,,MD,Rajsthan__Rajasthan Round 2 Allotment.txt,1072,
Rajasthan,Rajasthan,2025,R2,STATE_MERIT,2325.0,Physiology,HANUMAN SINGH RAJPUROHIT,General,,MD,Rajsthan__Rajasthan Round 2 Allotment.txt,1073,
Rajasthan,Rajasthan,2025,R2,STATE_MERIT,2330.0,Paediatrics,ARVIND KUMAR JAIN,General,,MD,Rajsthan__Rajasthan Round 2 Allotment.txt,1082,
Rajasthan,Rajasthan,2025,R2,STATE_MERIT,2332.0,Palliative Medicine,SHANKAR LAL GUPTA,General,,MD,Rajsthan__Rajasthan Round 2 Allotment.txt,1083,
Rajasthan,Rajasthan,2025,R2,STATE_MERIT,2334.0,Palliative Medicine,GOPAL JALAN,General,,MD,Rajsthan__Rajasthan Round 2 Allotment.txt,1084,
Rajasthan,Rajasthan,2025,R2,STATE_MERIT,2335.0,Radiotherapy/Radiationoncology,CHANDRESH MEHTA,General,,MD,Rajsthan__Rajasthan Round 2 Allotment.txt,1085,
Rajasthan,Rajasthan,2025,R2,STATE_MERIT,2338.0,Paediatrics,RADHE SHYAM YADAV,OBC,,Post MBBS Diploma,Rajsthan__Rajasthan Round 2 Allotment.txt,1086,
Rajasthan,Rajasthan,2025,R2,STATE_MERIT,2343.0,Anaesthesia,MOHAR SINGH MEENA,ST,,MD,Rajsthan__Rajasthan Round 2 Allotment.txt,1087,
Rajasthan,Rajasthan,2025,R2,STATE_MERIT,2344.0,Radiotherapy/Radiationoncology,GYAN CHAND JAIN,General,,MD,Rajsthan__Rajasthan Round 2 Allotment.txt,1088,
Rajasthan,Rajasthan,2025,R2,STATE_MERIT,2347.0,Anaesthesia,GIRIRAJ,ST,,MD,Rajsthan__Rajasthan Round 2 Allotment.txt,1089,
Rajasthan,Rajasthan,2025,R2,STATE_MERIT,2349.0,Biochemistry,HARI RAM DANGI,OBC,,MD,Rajsthan__Rajasthan Round 2 Allotment.txt,1090,
Rajasthan,Rajasthan,2025,R2,STATE_MERIT,2350.0,Paediatrics,DEVARAM CHOUDHARY,OBC,,MD,Rajsthan__Rajasthan Round 2 Allotment.txt,1091,
Rajasthan,Rajasthan,2025,R2,STATE_MERIT,2351.0,Skin & V.D / Dermatology Ven. & Leprosy,NILESH KOTHARI,General,,MD,Rajsthan__Rajasthan Round 2 Allotment.txt,1092,
Rajasthan,Rajasthan,2025,R2,STATE_MERIT,2352.0,Pathology,LABANDH BODH ROYAL,SC,,MD,Rajsthan__Rajasthan Round 2 Allotment.txt,1093,
Rajasthan,Rajasthan,2025,R2,STATE_MERIT,2353.0,Paediatrics,PADAM CHAND JAIN,General,,Post MBBS Diploma,Rajsthan__Rajasthan Round 2 Allotment.txt,1094,
Rajasthan,Rajasthan,2025,R2,STATE_MERIT,2356.0,Paediatrics,MOHAN LAL BHEDI,ST,,MD,Rajsthan__Rajasthan Round 2 Allotment.txt,1095,
Rajasthan,Rajasthan,2025,R2,STATE_MERIT,2357.0,Pharmacology,MANGILAL,SC,,MD,Rajsthan__Rajasthan Round 2 Allotment.txt,1096,
Rajasthan,Rajasthan,2025,R2,STATE_MERIT,2359.0,Obs & Gyne,BIRBAL SINGH,SC,,Post MBBS Diploma,Rajsthan__Rajasthan Round 2 Allotment.txt,1097,
Rajasthan,Rajasthan,2025,R2,STATE_MERIT,2361.0,Paediatrics,RAM PRASAD,SC,,Post MBBS Diploma,Rajsthan__Rajasthan Round 2 Allotment.txt,1098,
Rajasthan,Rajasthan,2025,R2,STATE_MERIT,2365.0,Anaesthesia,JAI KRISHAN DADHICH,General,,MD,Rajsthan__Rajasthan Round 2 Allotment.txt,1099,
Rajasthan,Rajasthan,2025,R2,STATE_MERIT,2367.0,Paediatrics,SUDHIR KUMAR BHATNAGAR,General,,MD,Rajsthan__Rajasthan Round 2 Allotment.txt,1100,
Rajasthan,Rajasthan,2025,R2,STATE_MERIT,2371.0,Obst. & Gynaecology,MOHANLAL CHANANA,ST,,MS,Rajsthan__Rajasthan Round 2 Allotment.txt,1101,
Rajasthan,Rajasthan,2025,R2,STATE_MERIT,2378.0,Paediatrics,KRISHNA GOPAL,MBC NCL,,Post MBBS Diploma,Rajsthan__Rajasthan Round 2 Allotment.txt,1102,
Rajasthan,Rajasthan,2025,R2,STATE_MERIT,2382.0,Paediatrics,MAHENDRA JOSHI,General,,MD,Rajsthan__Rajasthan Round 2 Allotment.txt,1103,
Rajasthan,Rajasthan,2025,R2,STATE_MERIT,2393.0,Immunohaematology and Blood Transfusion,D R GADHVEER,SC,,MD,Rajsthan__Rajasthan Round 2 Allotment.txt,1104,
Rajasthan,Rajasthan,2025,R2,STATE_MERIT,2395.0,Family Medicine,SHYAM BABU YOGI,OBC,,Post MBBS Diploma,Rajsthan__Rajasthan Round 2 Allotment.txt,1105,
Rajasthan,Rajasthan,2025,R2,STATE_MERIT,2396.0,Skin & V.D / Dermatology Ven. & Leprosy,SUKHDEV,OBC,,MD,Rajsthan__Rajasthan Round 2 Allotment.txt,1106,
Rajasthan,Rajasthan,2025,R2,STATE_MERIT,2397.0,Anaesthesia,YOGESH JOHRI,General,,MD,Rajsthan__Rajasthan Round 2 Allotment.txt,1107,
Rajasthan,Rajasthan,2025,R2,STATE_MERIT,2399.0,General Medicine,KAUNR SINGH DHILLON,General,,MD,Rajsthan__Rajasthan Round 2 Allotment.txt,1108,
Rajasthan,Rajasthan,2025,R2,STATE_MERIT,2405.0,General Medicine,PAWAN TRIVEDI,General,,MD,Rajsthan__Rajasthan Round 2 Allotment.txt,1109,
Rajasthan,Rajasthan,2025,R2,STATE_MERIT,2406.0,Obst. & Gynaecology,DINESH PATEL,ST,,MS,Rajsthan__Rajasthan Round 2 Allotment.txt,1110,
Rajasthan,Rajasthan,2025,R2,STATE_MERIT,2407.0,Anaesthesia,SURENDRA SINGH,OBC,,MD,Rajsthan__Rajasthan Round 2 Allotment.txt,1111,
Rajasthan,Rajasthan,2025,R2,STATE_MERIT,2409.0,Paediatrics,SHARWAN KUMAR KURI,OBC,,MD,Rajsthan__Rajasthan Round 2 Allotment.txt,1112,
Rajasthan,Rajasthan,2025,R2,STATE_MERIT,2410.0,Anaesthesia,SUVAGIYA SHAMBHUBHAI GANDUBHAI,General,,MD,Rajsthan__Rajasthan Round 2 Allotment.txt,1113,
Rajasthan,Rajasthan,2025,R2,STATE_MERIT,2411.0,General Surgery,ALPESHBHAI,General,,MS,Rajsthan__Rajasthan Round 2 Allotment.txt,1114,
Rajasthan,Rajasthan,2025,R2,STATE_MERIT,2418.0,Microbiology,PRAKASH CHAHAR,OBC,,MD,Rajsthan__Rajasthan Round 2 Allotment.txt,1115,
Rajasthan,Rajasthan,2025,R2,STATE_MERIT,2426.0,General Medicine,NAVPARKASH SINGH,General,,MD,Rajsthan__Rajasthan Round 2 Allotment.txt,1116,
Rajasthan,Rajasthan,2025,R2,STATE_MERIT,2427.0,Ophthalmology,TARVINDER SINGH,General,,MS,Rajsthan__Rajasthan Round 2 Allotment.txt,1117,
Rajasthan,Rajasthan,2025,R2,STATE_MERIT,2429.0,ENT,BHOOP SHARMA,General,,MS,Rajsthan__Rajasthan Round 2 Allotment.txt,1118,
Rajasthan,Rajasthan,2025,R2,STATE_MERIT,2430.0,Obst. & Gynaecology,KAILASH KUMAR MEENA,ST,,MS,Rajsthan__Rajasthan Round 2 Allotment.txt,1119,
Rajasthan,Rajasthan,2025,R2,STATE_MERIT,2431.0,Anaesthesia,VIPUL GARG,General,,MD,Rajsthan__Rajasthan Round 2 Allotment.txt,1120,
Rajasthan,Rajasthan,2025,R2,STATE_MERIT,2433.0,ENT,RAKESH GUPTA,General,,MS,Rajsthan__Rajasthan Round 2 Allotment.txt,1121,
Rajasthan,Rajasthan,2025,R2,STATE_MERIT,2441.0,General Surgery,ASHOK KUMAR SHARMA,General,,MS,Rajsthan__Rajasthan Round 2 Allotment.txt,1122,
Rajasthan,Rajasthan,2025,R2,STATE_MERIT,2442.0,Psychiatry,KANHAIYA LAL BHAGORA,ST,,MD,Rajsthan__Rajasthan Round 2 Allotment.txt,1123,
Rajasthan,Rajasthan,2025,R2,STATE_MERIT,2446.0,Obst. & Gynaecology,JITENDRA KUMAR,ST,,MS,Rajsthan__Rajasthan Round 2 Allotment.txt,1124,
Rajasthan,Rajasthan,2025,R2,STATE_MERIT,2447.0,Radiotherapy/Radiationoncology,VIPIN SAINI,General,,MD,Rajsthan__Rajasthan Round 2 Allotment.txt,1125,
Rajasthan,Rajasthan,2025,R2,STATE_MERIT,2451.0,General Medicine,DEEPAK MAHAJAN,General,,MD,Rajsthan__Rajasthan Round 2 Allotment.txt,1126,
Rajasthan,Rajasthan,2025,R2,STATE_MERIT,2452.0,Pharmacology,SIKANDAR MOHAMMD,OBC,,MD,Rajsthan__Rajasthan Round 2 Allotment.txt,1127,
Rajasthan,Rajasthan,2025,R2,STATE_MERIT,2454.0,Pharmacology,VIKAL GUPTA,General,,MD,Rajsthan__Rajasthan Round 2 Allotment.txt,1128,
Rajasthan,Rajasthan,2025,R2,STATE_MERIT,2460.0,General Medicine,SUSHIL KUMAR,OBC,,MD,Rajsthan__Rajasthan Round 2 Allotment.txt,1129,
Rajasthan,Rajasthan,2025,R2,STATE_MERIT,2461.0,General Surgery,RAJEEV GUPTA,General,,MS,Rajsthan__Rajasthan Round 2 Allotment.txt,1130,
Rajasthan,Rajasthan,2025,R2,STATE_MERIT,2464.0,General Medicine,DHEERAJ VERMA,OBC,,MD,Rajsthan__Rajasthan Round 2 Allotment.txt,1131,
Rajasthan,Rajasthan,2025,R2,STATE_MERIT,2467.0,Obst. & Gynaecology,DOBARIYA JAYESHBHAI BHIKHABHAI,General,,MS,Rajsthan__Rajasthan Round 2 Allotment.txt,1132,
Rajasthan,Rajasthan,2025,R2,STATE_MERIT,2473.0,Biochemistry,MOTI LAL SHARMA,General,,MD,Rajsthan__Rajasthan Round 2 Allotment.txt,1133,
Rajasthan,Rajasthan,2025,R2,STATE_MERIT,2474.0,Paediatrics,MAHENDRA SINGH,SC,,Post MBBS Diploma,Rajsthan__Rajasthan Round 2 Allotment.txt,1134,
Rajasthan,Rajasthan,2025,R2,STATE_MERIT,2475.0,Obst. & Gynaecology,JIVAJI KATARA,ST,,MS,Rajsthan__Rajasthan Round 2 Allotment.txt,1135,
Rajasthan,Rajasthan,2025,R2,STATE_MERIT,2476.0,Pathology,RAM SAHAY MEENA,ST,,MD,Rajsthan__Rajasthan Round 2 Allotment.txt,1136,
Rajasthan,Rajasthan,2025,R2,STATE_MERIT,2481.0,Microbiology,AYYUB MANSURI,OBC,,MD,Rajsthan__Rajasthan Round 2 Allotment.txt,1137,
Rajasthan,Rajasthan,2025,R2,STATE_MERIT,2482.0,Ophthalmology,HARI SINGH KHEDAR,General,,MS,Rajsthan__Rajasthan Round 2 Allotment.txt,1138,
Rajasthan,Rajasthan,2025,R2,STATE_MERIT,2483.0,Orthopaedics,HARSH JAIN,General,,MS,Rajsthan__Rajasthan Round 2 Allotment.txt,1139,
Rajasthan,Rajasthan,2025,R2,STATE_MERIT,2484.0,Paediatrics,BANWARI LAL KILANIYA,SC,,Post MBBS Diploma,Rajsthan__Rajasthan Round 2 Allotment.txt,1140,
Rajasthan,Rajasthan,2025,R2,STATE_MERIT,2485.0,General Medicine,LOKESH JINDAL,General,,MD,Rajsthan__Rajasthan Round 2 Allotment.txt,1141,
Rajasthan,Rajasthan,2025,R2,STATE_MERIT,2488.0,Paediatrics,SHISHUPAL SINGH,SC,,Post MBBS Diploma,Rajsthan__Rajasthan Round 2 Allotment.txt,1142,
Rajasthan,Rajasthan,2025,R2,STATE_MERIT,2490.0,Forensic Medicine,GHANSHYAM BAIRWA,SC,,MD,Rajsthan__Rajasthan Round 2 Allotment.txt,1143,
Rajasthan,Rajasthan,2025,R2,STATE_MERIT,2491.0,Microbiology,ASHISH KUMAR JAIN,General,,MD,Rajsthan__Rajasthan Round 2 Allotment.txt,1144,
Rajasthan,Rajasthan,2025,R2,STATE_MERIT,2497.0,General Surgery,HAVJEE KHADIYA,ST,,MS,Rajsthan__Rajasthan Round 2 Allotment.txt,1145,
Rajasthan,Rajasthan,2025,R2,STATE_MERIT,2498.0,Radiodiagnosis/Radiology,ARVIND MATHUR,General,,MD,Rajsthan__Rajasthan Round 2 Allotment.txt,1146,
Rajasthan,Rajasthan,2025,R2,STATE_MERIT,2506.0,Microbiology,RAMNIWAS BISHNOI,OBC,,MD,Rajsthan__Rajasthan Round 2 Allotment.txt,1147,
Rajasthan,Rajasthan,2025,R2,STATE_MERIT,2507.0,General Medicine,PRASHANT YASHWANT GUJAR,General,,MD,Rajsthan__Rajasthan Round 2 Allotment.txt,1148,
Rajasthan,Rajasthan,2025,R2,STATE_MERIT,2508.0,General Medicine,SANJAY KHAROLIWAL,General,,MD,Rajsthan__Rajasthan Round 2 Allotment.txt,1149,
Rajasthan,Rajasthan,2025,R2,STATE_MERIT,2510.0,ENT,RAM KUMAR KATARA,ST,,MS,Rajsthan__Rajasthan Round 2 Allotment.txt,1150,
Rajasthan,Rajasthan,2025,R2,STATE_MERIT,2511.0,General Medicine,RAMDHAN YADAV,OBC,,MD,Rajsthan__Rajasthan Round 2 Allotment.txt,1159,
Rajasthan,Rajasthan,2025,R2,STATE_MERIT,2513.0,Anatomy,MAHENDRA,General,,MS,Rajsthan__Rajasthan Round 2 Allotment.txt,1160,
Rajasthan,Rajasthan,2025,R2,STATE_MERIT,2514.0,General Medicine,SUSHIL KUMAR SHARMA,General,,MD,Rajsthan__Rajasthan Round 2 Allotment.txt,1161,
Rajasthan,Rajasthan,2025,R2,STATE_MERIT,2519.0,PSM/Community Medicine,JODHA RAM KULDEEP,SC,,MD,Rajsthan__Rajasthan Round 2 Allotment.txt,1162,
Rajasthan,Rajasthan,2025,R2,STATE_MERIT,2522.0,Paediatrics,OM PRAKASH,SC,,Post MBBS Diploma,Rajsthan__Rajasthan Round 2 Allotment.txt,1163,
Rajasthan,Rajasthan,2025,R2,STATE_MERIT,2525.0,Microbiology,LIYAKAT KHAN,OBC,,MD,Rajsthan__Rajasthan Round 2 Allotment.txt,1164,
Rajasthan,Rajasthan,2025,R2,STATE_MERIT,2528.0,Respiratory Medicine/T.B. & Chest/Tuberculosis & Respiratory Diseases,RAGHUVEER SINGH,OBC,,MD,Rajsthan__Rajasthan Round 2 Allotment.txt,1165,
Rajasthan,Rajasthan,2025,R2,STATE_MERIT,2538.0,Obst. & Gynaecology,KIRIT SOBTI,General,,MS,Rajsthan__Rajasthan Round 2 Allotment.txt,1166,
Rajasthan,Rajasthan,2025,R2,STATE_MERIT,2543.0,Anaesthesia,DINESH SHARMA,General,,MD,Rajsthan__Rajasthan Round 2 Allotment.txt,1167,
Rajasthan,Rajasthan,2025,R2,STATE_MERIT,2545.0,Anaesthesia,MOHAN SINGH MEENA,ST,,MD,Rajsthan__Rajasthan Round 2 Allotment.txt,1168,
Rajasthan,Rajasthan,2025,R2,STATE_MERIT,2553.0,Anaesthesia,SOHAN LAL FALEJA,ST,,MD,Rajsthan__Rajasthan Round 2 Allotment.txt,1169,
Rajasthan,Rajasthan,2025,R2,STATE_MERIT,2558.0,Paediatrics,KAILASH CHAND KUMAWAT,OBC,,MD,Rajsthan__Rajasthan Round 2 Allotment.txt,1170,
Rajasthan,Rajasthan,2025,R2,STATE_MERIT,2559.0,Obs & Gyne,UDAISINGH DANGAR,MBC NCL,,Post MBBS Diploma,Rajsthan__Rajasthan Round 2 Allotment.txt,1171,
Rajasthan,Rajasthan,2025,R2,STATE_MERIT,2561.0,Skin & V.D / Dermatology Ven. & Leprosy,SUNIL KUMAR SHARMA,General,,MD,Rajsthan__Rajasthan Round 2 Allotment.txt,1172,
Rajasthan,Rajasthan,2025,R2,STATE_MERIT,2563.0,Ophthalmology,SUBHASH CHANDRA,ST,,MS,Rajsthan__Rajasthan Round 2 Allotment.txt,1173,
Rajasthan,Rajasthan,2025,R2,STATE_MERIT,2565.0,General Medicine,RAJESH SARDANA,General,,MD,Rajsthan__Rajasthan Round 2 Allotment.txt,1174,
Rajasthan,Rajasthan,2025,R2,STATE_MERIT,2568.0,Biochemistry,VINOD AGARWAL,General,,MD,Rajsthan__Rajasthan Round 2 Allotment.txt,1175,
Rajasthan,Rajasthan,2025,R2,STATE_MERIT,2572.0,Radiodiagnosis/Radiology,JAI SINGH POONIA,General,,MD,Rajsthan__Rajasthan Round 2 Allotment.txt,1176,
Rajasthan,Rajasthan,2025,R2,STATE_MERIT,2573.0,General Medicine,JAIPAL SINGH CHAUHAN,General,,MD,Rajsthan__Rajasthan Round 2 Allotment.txt,1177,
Rajasthan,Rajasthan,2025,R2,STATE_MERIT,2574.0,Family Medicine,MOHAMMAD ISHA,General,,Post MBBS Diploma,Rajsthan__Rajasthan Round 2 Allotment.txt,1178,
Rajasthan,Rajasthan,2025,R2,STATE_MERIT,2575.0,PSM/Community Medicine,MUKESH CHAND JINDAL,SC,,MD,Rajsthan__Rajasthan Round 2 Allotment.txt,1179,
Rajasthan,Rajasthan,2025,R2,STATE_MERIT,2577.0,General Surgery,GAUTAM LAL KHARADI,ST,,MS,Rajsthan__Rajasthan Round 2 Allotment.txt,1180,
Rajasthan,Rajasthan,2025,R2,STATE_MERIT,2578.0,Biochemistry,SHAKEEL AKHTAR SIDDIQUI,General,,MD,Rajsthan__Rajasthan Round 2 Allotment.txt,1181,
Rajasthan,Rajasthan,2025,R2,STATE_MERIT,2582.0,Anaesthesia,RAJVEER SINGH,General,,MD,Rajsthan__Rajasthan Round 2 Allotment.txt,1182,
Rajasthan,Rajasthan,2025,R2,STATE_MERIT,2587.0,Anaesthesia,MOTILAL,ST,,MD,Rajsthan__Rajasthan Round 2 Allotment.txt,1183,
Rajasthan,Rajasthan,2025,R2,STATE_MERIT,2588.0,ENT,RAMESHWAR LAL GADHWAL,OBC,,Post MBBS Diploma,Rajsthan__Rajasthan Round 2 Allotment.txt,1184,
Rajasthan,Rajasthan,2025,R2,STATE_MERIT,2591.0,Anaesthesia,MAHESH KUMAR YADAV,OBC,,MD,Rajsthan__Rajasthan Round 2 Allotment.txt,1185,
Rajasthan,Rajasthan,2025,R2,STATE_MERIT,2594.0,Skin & V.D / Dermatology Ven. & Leprosy,NAGENDRA KUMAR UPADHYAY,General,,MD,Rajsthan__Rajasthan Round 2 Allotment.txt,1186,
Rajasthan,Rajasthan,2025,R2,STATE_MERIT,2596.0,General Medicine,HITESHKUMAR,General,,MD,Rajsthan__Rajasthan Round 2 Allotment.txt,1187,
Rajasthan,Rajasthan,2025,R2,STATE_MERIT,2597.0,Anaesthesia,RAKESH KAUSHAL,General,,MD,Rajsthan__Rajasthan Round 2 Allotment.txt,1188,
Rajasthan,Rajasthan,2025,R2,STATE_MERIT,2603.0,Radiodiagnosis/Radiology,RAJNEESH PAL YADAV,General,,MD,Rajsthan__Rajasthan Round 2 Allotment.txt,1189,
Rajasthan,Rajasthan,2025,R2,STATE_MERIT,2604.0,Physiology,KHERAJ RAM,OBC,,MD,Rajsthan__Rajasthan Round 2 Allotment.txt,1190,
Rajasthan,Rajasthan,2025,R2,STATE_MERIT,2608.0,General Medicine,HARI RAM,OBC,,MD,Rajsthan__Rajasthan Round 2 Allotment.txt,1191,
Rajasthan,Rajasthan,2025,R2,STATE_MERIT,2610.0,Orthopaedics,RAM MURTI PAREEK,General,,MS,Rajsthan__Rajasthan Round 2 Allotment.txt,1192,
Rajasthan,Rajasthan,2025,R2,STATE_MERIT,2612.0,Microbiology,ANIL KUMAR YADAV,OBC,,MD,Rajsthan__Rajasthan Round 2 Allotment.txt,1193,
Rajasthan,Rajasthan,2025,R2,STATE_MERIT,2613.0,Orthopaedics,NARAYAN YADAV,OBC,,MS,Rajsthan__Rajasthan Round 2 Allotment.txt,1194,
Rajasthan,Rajasthan,2025,R2,STATE_MERIT,2614.0,Palliative Medicine,MOHAN SINGH,MBC NCL,,MD,Rajsthan__Rajasthan Round 2 Allotment.txt,1195,
Rajasthan,Rajasthan,2025,R2,STATE_MERIT,2616.0,Obst. & Gynaecology,VISHAL VERMA,General,,MS,Rajsthan__Rajasthan Round 2 Allotment.txt,1196,
Rajasthan,Rajasthan,2025,R2,STATE_MERIT,2617.0,General Medicine,OZA BHARAT RAMESHCHANDRA,General,,MD,Rajsthan__Rajasthan Round 2 Allotment.txt,1197,
Rajasthan,Rajasthan,2025,R2,STATE_MERIT,2622.0,ENT,NARAYAN SINGH MEENA,ST,,MS,Rajsthan__Rajasthan Round 2 Allotment.txt,1198,
Rajasthan,Rajasthan,2025,R2,STATE_MERIT,2623.0,Emergency Medicine,INDRA KUMAR AGARWAL,General,,MD,Rajsthan__Rajasthan Round 2 Allotment.txt,1199,
Rajasthan,Rajasthan,2025,R2,STATE_MERIT,2626.0,TB & Chest,LALCHAND,SC,,Post MBBS Diploma,Rajsthan__Rajasthan Round 2 Allotment.txt,1200,
Rajasthan,Rajasthan,2025,R2,STATE_MERIT,2628.0,General Surgery,HAVA GORNA,ST,,MS,Rajsthan__Rajasthan Round 2 Allotment.txt,1201,
Rajasthan,Rajasthan,2025,R2,STATE_MERIT,2629.0,Paediatrics,OM PRAKASH BILONIYA,SC,,Post MBBS Diploma,Rajsthan__Rajasthan Round 2 Allotment.txt,1202,
Rajasthan,Rajasthan,2025,R2,STATE_MERIT,2634.0,Radiodiagnosis/Radiology,BHUWAN CHANDRA UPADHYAY,General,,MD,Rajsthan__Rajasthan Round 2 Allotment.txt,1203,
Rajasthan,Rajasthan,2025,R2,STATE_MERIT,2635.0,Paediatrics,BHERU LAL MEENA,ST,,Post MBBS Diploma,Rajsthan__Rajasthan Round 2 Allotment.txt,1204,
Rajasthan,Rajasthan,2025,R2,STATE_MERIT,2638.0,Ophthalmology,JITENDRA SINGH GORSI,MBC NCL,,MS,Rajsthan__Rajasthan Round 2 Allotment.txt,1205,
Rajasthan,Rajasthan,2025,R2,STATE_MERIT,2642.0,Pharmacology,SHIVRAM SINGH,OBC,,MD,Rajsthan__Rajasthan Round 2 Allotment.txt,1206,
Rajasthan,Rajasthan,2025,R2,STATE_MERIT,2646.0,Anatomy,DHIRAJ SAXENA,General,,MS,Rajsthan__Rajasthan Round 2 Allotment.txt,1207,
Rajasthan,Rajasthan,2025,R2,STATE_MERIT,2647.0,Skin & V.D / Dermatology Ven. & Leprosy,RAJUBHAI GOYAL,General,,MD,Rajsthan__Rajasthan Round 2 Allotment.txt,1208,
Rajasthan,Rajasthan,2025,R2,STATE_MERIT,2651.0,Respiratory Medicine/T.B. & Chest/Tuberculosis & Respiratory Diseases,SOMNATH,OBC,,MD,Rajsthan__Rajasthan Round 2 Allotment.txt,1209,
Rajasthan,Rajasthan,2025,R2,STATE_MERIT,2654.0,General Medicine,MOHAMMED ASLAM MANSOORI,OBC,,MD,Rajsthan__Rajasthan Round 2 Allotment.txt,1210,
Rajasthan,Rajasthan,2025,R2,STATE_MERIT,2655.0,Pathology,ANAND BINNANI,General,,MD,Rajsthan__Rajasthan Round 2 Allotment.txt,1211,
Rajasthan,Rajasthan,2025,R2,STATE_MERIT,2660.0,Paediatrics,SHYAM BABU MISRA,General,,MD,Rajsthan__Rajasthan Round 2 Allotment.txt,1212,
Rajasthan,Rajasthan,2025,R2,STATE_MERIT,2662.0,General Medicine,RAMCHANDRA,OBC,,MD,Rajsthan__Rajasthan Round 2 Allotment.txt,1213,
Rajasthan,Rajasthan,2025,R2,STATE_MERIT,2666.0,Obs & Gyne,SHRAWAN LAL MEENA,ST,,Post MBBS Diploma,Rajsthan__Rajasthan Round 2 Allotment.txt,1214,
Rajasthan,Rajasthan,2025,R2,STATE_MERIT,2668.0,Pathology,NANDLAL DODIYAR,ST,,MD,Rajsthan__Rajasthan Round 2 Allotment.txt,1215,
Rajasthan,Rajasthan,2025,R2,STATE_MERIT,2676.0,Radiotherapy/Radiationoncology,ARVIND KUMAR CHATURVEDI,General,,MD,Rajsthan__Rajasthan Round 2 Allotment.txt,1216,
Rajasthan,Rajasthan,2025,R2,STATE_MERIT,2682.0,Immunohaematology and Blood Transfusion,ASHOK CHAND,SC,,MD,Rajsthan__Rajasthan Round 2 Allotment.txt,1217,
Rajasthan,Rajasthan,2025,R2,STATE_MERIT,2683.0,General Surgery,LADU GURJAR,MBC NCL,,MS,Rajsthan__Rajasthan Round 2 Allotment.txt,1218,
Rajasthan,Rajasthan,2025,R2,STATE_MERIT,2684.0,Paediatrics,NANAK RAM PANWAR,SC,,Post MBBS Diploma,Rajsthan__Rajasthan Round 2 Allotment.txt,1219,
Rajasthan,Rajasthan,2025,R2,STATE_MERIT,2688.0,Paediatrics,ASHISH SHRIVASTAVA,General,,MD,Rajsthan__Rajasthan Round 2 Allotment.txt,1220,
Rajasthan,Rajasthan,2025,R2,STATE_MERIT,2691.0,Physiology,SHIV KUMAR SHARMA,General,,MD,Rajsthan__Rajasthan Round 2 Allotment.txt,1221,
Rajasthan,Rajasthan,2025,R2,STATE_MERIT,2692.0,Obst. & Gynaecology,RAVINDRA KUMAR YADAV,OBC,,MS,Rajsthan__Rajasthan Round 2 Allotment.txt,1222,
Rajasthan,Rajasthan,2025,R2,STATE_MERIT,2695.0,PSM/Community Medicine,ARVIND BHARDWAJ,General,,MD,Rajsthan__Rajasthan Round 2 Allotment.txt,1223,
Rajasthan,Rajasthan,2025,R2,STATE_MERIT,2698.0,Paediatrics,OM PRAKASH,OBC,,MD,Rajsthan__Rajasthan Round 2 Allotment.txt,1224,
Rajasthan,Rajasthan,2025,R2,STATE_MERIT,2700.0,Obs & Gyne,RATAN LAL MEENA,ST,,Post MBBS Diploma,Rajsthan__Rajasthan Round 2 Allotment.txt,1225,
Rajasthan,Rajasthan,2025,R2,STATE_MERIT,2703.0,Orthopaedics,SAJJAN SINGH,General,,MS,Rajsthan__Rajasthan Round 2 Allotment.txt,1226,
Rajasthan,Rajasthan,2025,R2,STATE_MERIT,2709.0,General Medicine,RAJKUMAR AGGARWAL,General,,MD,Rajsthan__Rajasthan Round 2 Allotment.txt,1227,
Rajasthan,Rajasthan,2025,R2,STATE_MERIT,2710.0,Radiotherapy/Radiationoncology,GATU LAL DENDOR,ST,,MD,Rajsthan__Rajasthan Round 2 Allotment.txt,1236,
Rajasthan,Rajasthan,2025,R2,STATE_MERIT,2712.0,General Surgery,MAHENDRA CHAUDHARY,OBC,,MS,Rajsthan__Rajasthan Round 2 Allotment.txt,1237,
Rajasthan,Rajasthan,2025,R2,STATE_MERIT,2717.0,Obs & Gyne,BATTI LAL MEENA,ST,,Post MBBS Diploma,Rajsthan__Rajasthan Round 2 Allotment.txt,1238,
Rajasthan,Rajasthan,2025,R2,STATE_MERIT,2718.0,Microbiology,MOHAMMAD UMAR,OBC,,MD,Rajsthan__Rajasthan Round 2 Allotment.txt,1239,
Rajasthan,Rajasthan,2025,R2,STATE_MERIT,2719.0,Orthopaedics,UMESH KUMAR OJHA,General,,MS,Rajsthan__Rajasthan Round 2 Allotment.txt,1240,
Rajasthan,Rajasthan,2025,R2,STATE_MERIT,2720.0,Anaesthesia,MEGHRAJBHAI PATEL,General,,MD,Rajsthan__Rajasthan Round 2 Allotment.txt,1241,
Rajasthan,Rajasthan,2025,R2,STATE_MERIT,2723.0,Anaesthesia,BRIJ MOHAN,General,,MD,Rajsthan__Rajasthan Round 2 Allotment.txt,1242,
Rajasthan,Rajasthan,2025,R2,STATE_MERIT,2737.0,Radiotherapy/Radiationoncology,TARUN KHARADI,ST,,MD,Rajsthan__Rajasthan Round 2 Allotment.txt,1243,
Rajasthan,Rajasthan,2025,R2,STATE_MERIT,2739.0,Pathology,RAISINGH VASUNIYA,ST,,MD,Rajsthan__Rajasthan Round 2 Allotment.txt,1244,
Rajasthan,Rajasthan,2025,R2,STATE_MERIT,2740.0,Ophthalmology,SANJEEV TAK,General,,MS,Rajsthan__Rajasthan Round 2 Allotment.txt,1245,
Rajasthan,Rajasthan,2025,R2,STATE_MERIT,2743.0,PSM/Community Medicine,MAHESH TAPRIYA,General,,MD,Rajsthan__Rajasthan Round 2 Allotment.txt,1246,
Rajasthan,Rajasthan,2025,R2,STATE_MERIT,2744.0,Anaesthesia,JEEVRAM MORI,ST,,MD,Rajsthan__Rajasthan Round 2 Allotment.txt,1247,
Rajasthan,Rajasthan,2025,R2,STATE_MERIT,2745.0,General Medicine,VIRENDER,General,,MD,Rajsthan__Rajasthan Round 2 Allotment.txt,1248,
Rajasthan,Rajasthan,2025,R2,STATE_MERIT,2746.0,Radiodiagnosis/Radiology,KAMAL AGRAWAL,General,,MD,Rajsthan__Rajasthan Round 2 Allotment.txt,1249,
Rajasthan,Rajasthan,2025,R2,STATE_MERIT,2750.0,Radiodiagnosis/Radiology,MANOJ KUMAR JAIN,General,,MD,Rajsthan__Rajasthan Round 2 Allotment.txt,1250,
Rajasthan,Rajasthan,2025,R2,STATE_MERIT,2751.0,Paediatrics,PUSHPENDRA VAJPAYEE,General,,MD,Rajsthan__Rajasthan Round 2 Allotment.txt,1251,
Rajasthan,Rajasthan,2025,R2,STATE_MERIT,2754.0,Radiotherapy/Radiationoncology,AJAY SHARMA,General,,MD,Rajsthan__Rajasthan Round 2 Allotment.txt,1252,
Rajasthan,Rajasthan,2025,R2,STATE_MERIT,2755.0,Skin & V.D / Dermatology Ven. & Leprosy,VANDIT BHANOT,General,,MD,Rajsthan__Rajasthan Round 2 Allotment.txt,1253,
Rajasthan,Rajasthan,2025,R2,STATE_MERIT,2761.0,ENT,PURAN MAL SHARMA,General,,Post MBBS Diploma,Rajsthan__Rajasthan Round 2 Allotment.txt,1254,
Rajasthan,Rajasthan,2025,R2,STATE_MERIT,2762.0,General Medicine,LAXMINARAYAN YADAV,OBC,,MD,Rajsthan__Rajasthan Round 2 Allotment.txt,1255,
Rajasthan,Rajasthan,2025,R2,STATE_MERIT,2763.0,General Medicine,RAJENDRA DEORA,OBC,,MD,Rajsthan__Rajasthan Round 2 Allotment.txt,1256,
Rajasthan,Rajasthan,2025,R2,STATE_MERIT,2765.0,Anaesthesia,KALU LAL MEENA,ST,,MD,Rajsthan__Rajasthan Round 2 Allotment.txt,1257,
Rajasthan,Rajasthan,2025,R2,STATE_MERIT,2776.0,Paediatrics,LALIT KUMAR OJHA,General,,MD,Rajsthan__Rajasthan Round 2 Allotment.txt,1258,
Rajasthan,Rajasthan,2025,R2,STATE_MERIT,2782.0,General Surgery,VIJAY KUMAR JOSHI,General,,MS,Rajsthan__Rajasthan Round 2 Allotment.txt,1259,
Rajasthan,Rajasthan,2025,R2,STATE_MERIT,2785.0,Anaesthesia,MANILAL KATARA,ST,,MD,Rajsthan__Rajasthan Round 2 Allotment.txt,1260,
Rajasthan,Rajasthan,2025,R2,STATE_MERIT,2786.0,Skin & V.D / Dermatology Ven. & Leprosy,DHARMENDRA PRATAP SINGH,General,,MD,Rajsthan__Rajasthan Round 2 Allotment.txt,1261,
Rajasthan,Rajasthan,2025,R2,STATE_MERIT,2788.0,Anaesthesia,RAHUL BHARGAVA,General,,MD,Rajsthan__Rajasthan Round 2 Allotment.txt,1262,
Rajasthan,Rajasthan,2025,R2,STATE_MERIT,2791.0,Obst. & Gynaecology,ALKESH MODI,OBC,,MS,Rajsthan__Rajasthan Round 2 Allotment.txt,1263,
Rajasthan,Rajasthan,2025,R2,STATE_MERIT,2792.0,Radiotherapy/Radiationoncology,SUDHIRANJAN THINGBAIJAM,General,,MD,Rajsthan__Rajasthan Round 2 Allotment.txt,1264,
Rajasthan,Rajasthan,2025,R2,STATE_MERIT,2793.0,General Surgery,PUSHPADATTA VYAS,General,,MS,Rajsthan__Rajasthan Round 2 Allotment.txt,1265,
Rajasthan,Rajasthan,2025,R2,STATE_MERIT,2798.0,Paediatrics,AKHE SINGH,ST,,Post MBBS Diploma,Rajsthan__Rajasthan Round 2 Allotment.txt,1266,
Rajasthan,Rajasthan,2025,R2,STATE_MERIT,2799.0,Paediatrics,KEWAL RAM NADESHWARI,SC,,Post MBBS Diploma,Rajsthan__Rajasthan Round 2 Allotment.txt,1267,
Rajasthan,Rajasthan,2025,R2,STATE_MERIT,2804.0,Ophthalmology,ANOOP VARMA,General,,MS,Rajsthan__Rajasthan Round 2 Allotment.txt,1268,
Rajasthan,Rajasthan,2025,R2,STATE_MERIT,2805.0,Biochemistry,P K TIWARI,General,,MD,Rajsthan__Rajasthan Round 2 Allotment.txt,1269,
Rajasthan,Rajasthan,2025,R2,STATE_MERIT,2806.0,Microbiology,HARINARAYAN BUNKAR,SC,,MD,Rajsthan__Rajasthan Round 2 Allotment.txt,1270,
Rajasthan,Rajasthan,2025,R2,STATE_MERIT,2809.0,Phy. Med. & Reh.,BHANWAR SINGH,MBC NCL,,MD,Rajsthan__Rajasthan Round 2 Allotment.txt,1271,
Rajasthan,Rajasthan,2025,R2,STATE_MERIT,2819.0,Anaesthesia,KANSAGRA RAMESHBHAI,General,,MD,Rajsthan__Rajasthan Round 2 Allotment.txt,1272,
Rajasthan,Rajasthan,2025,R2,STATE_MERIT,2820.0,Ophthalmology,SATYAVEER YADAV,General,,MS,Rajsthan__Rajasthan Round 2 Allotment.txt,1273,
Rajasthan,Rajasthan,2025,R2,STATE_MERIT,2822.0,Orthopaedics,SURENDRA SINGH YADAV,OBC,,MS,Rajsthan__Rajasthan Round 2 Allotment.txt,1274,
Rajasthan,Rajasthan,2025,R2,STATE_MERIT,2823.0,Orthopaedics,IDAN RAM ARING,OBC,,MS,Rajsthan__Rajasthan Round 2 Allotment.txt,1275,
Rajasthan,Rajasthan,2025,R2,STATE_MERIT,2826.0,Forensic Medicine,SURESH CHANDRA JAIN,General,,MD,Rajsthan__Rajasthan Round 2 Allotment.txt,1276,
Rajasthan,Rajasthan,2025,R2,STATE_MERIT,2828.0,Forensic Medicine,SUKHPAL BHAGORA,ST,,MD,Rajsthan__Rajasthan Round 2 Allotment.txt,1277,
Rajasthan,Rajasthan,2025,R2,STATE_MERIT,2834.0,Paediatrics,SUKHBIR YADAV,OBC,,MD,Rajsthan__Rajasthan Round 2 Allotment.txt,1278,
Rajasthan,Rajasthan,2025,R2,STATE_MERIT,2835.0,Pathology,NARESH PARMAR,ST,,MD,Rajsthan__Rajasthan Round 2 Allotment.txt,1279,
Rajasthan,Rajasthan,2025,R2,STATE_MERIT,2838.0,Pharmacology,SHANTI LAL BAFNA,General,,MD,Rajsthan__Rajasthan Round 2 Allotment.txt,1280,
Rajasthan,Rajasthan,2025,R2,STATE_MERIT,2842.0,ENT,RAJENDRA KUMAR JAIN,General,,MS,Rajsthan__Rajasthan Round 2 Allotment.txt,1281,
Rajasthan,Rajasthan,2025,R2,STATE_MERIT,2843.0,General Medicine,NARESH KUMAR KHANNA,General,,MD,Rajsthan__Rajasthan Round 2 Allotment.txt,1282,
Rajasthan,Rajasthan,2025,R2,STATE_MERIT,2845.0,Biochemistry,AMAR CHAND,OBC,,MD,Rajsthan__Rajasthan Round 2 Allotment.txt,1283,
Rajasthan,Rajasthan,2025,R2,STATE_MERIT,2847.0,Ophthalmology,ANSHUL GUPTA,General,,MS,Rajsthan__Rajasthan Round 2 Allotment.txt,1284,
Rajasthan,Rajasthan,2025,R2,STATE_MERIT,2850.0,Obst. & Gynaecology,KALATHIYA KANUBHAI PREMJIBHAI,General,,MS,Rajsthan__Rajasthan Round 2 Allotment.txt,1285,
Rajasthan,Rajasthan,2025,R2,STATE_MERIT,2852.0,Psychiatry,SUMER SINGH SAHARAN,OBC,,MD,Rajsthan__Rajasthan Round 2 Allotment.txt,1286,
Rajasthan,Rajasthan,2025,R2,STATE_MERIT,2856.0,Anaesthesia,CHUNNI LAL PANDOR,ST,,MD,Rajsthan__Rajasthan Round 2 Allotment.txt,1287,
Rajasthan,Rajasthan,2025,R2,STATE_MERIT,2858.0,Paediatrics,D D SHUKLA,General,,MD,Rajsthan__Rajasthan Round 2 Allotment.txt,1288,
Rajasthan,Rajasthan,2025,R2,STATE_MERIT,2861.0,Forensic Medicine,VIJAY SINGH MEENA,ST,,MD,Rajsthan__Rajasthan Round 2 Allotment.txt,1289,
Rajasthan,Rajasthan,2025,R2,STATE_MERIT,2862.0,Paediatrics,BADRI PRASAD JATAV,SC,,MD,Rajsthan__Rajasthan Round 2 Allotment.txt,1290,
Rajasthan,Rajasthan,2025,R2,STATE_MERIT,2863.0,Pharmacology,REKHARAM DUKIYA,OBC,,MD,Rajsthan__Rajasthan Round 2 Allotment.txt,1291,
Rajasthan,Rajasthan,2025,R2,STATE_MERIT,2864.0,Pharmacology,MAHESH KUMAR,MBC NCL,,MD,Rajsthan__Rajasthan Round 2 Allotment.txt,1292,
Rajasthan,Rajasthan,2025,R2,STATE_MERIT,2868.0,Pathology,MANI RAM MEENA,ST,,MD,Rajsthan__Rajasthan Round 2 Allotment.txt,1293,
Rajasthan,Rajasthan,2025,R2,STATE_MERIT,2870.0,General Surgery,RAKESH KASWAN,OBC,,MS,Rajsthan__Rajasthan Round 2 Allotment.txt,1294,
Rajasthan,Rajasthan,2025,R2,STATE_MERIT,2875.0,Skin & V.D / Dermatology Ven. & Leprosy,MANGESH TYAGI,General,,MD,Rajsthan__Rajasthan Round 2 Allotment.txt,1295,
Rajasthan,Rajasthan,2025,R2,STATE_MERIT,2877.0,Pathology,RAVI KALANI,General,,MD,Rajsthan__Rajasthan Round 2 Allotment.txt,1296,
Rajasthan,Rajasthan,2025,R2,STATE_MERIT,2880.0,Physiology,RAM PRAKASH SHARMA,General,,MD,Rajsthan__Rajasthan Round 2 Allotment.txt,1297,
Rajasthan,Rajasthan,2025,R2,STATE_MERIT,2881.0,Anatomy,MAUJ PRAKASH JAIN,General,,MS,Rajsthan__Rajasthan Round 2 Allotment.txt,1298,
Rajasthan,Rajasthan,2025,R2,STATE_MERIT,2887.0,Obst. & Gynaecology,RAM KUMAR SHARMA,General,,MS,Rajsthan__Rajasthan Round 2 Allotment.txt,1299,
Rajasthan,Rajasthan,2025,R2,STATE_MERIT,2888.0,Pathology,NARESH KUMAR THAGRIA,SC,,MD,Rajsthan__Rajasthan Round 2 Allotment.txt,1300,
Rajasthan,Rajasthan,2025,R2,STATE_MERIT,2890.0,General Surgery,PATEL NAESIBHAI RUPAJI,General,,MS,Rajsthan__Rajasthan Round 2 Allotment.txt,1301,
Rajasthan,Rajasthan,2025,R2,STATE_MERIT,2894.0,General Medicine,NAVEEN KUMAR,General,,MD,Rajsthan__Rajasthan Round 2 Allotment.txt,1302,
Rajasthan,Rajasthan,2025,R2,STATE_MERIT,2896.0,Obst. & Gynaecology,RAJESH TULI,General,,MS,Rajsthan__Rajasthan Round 2 Allotment.txt,1303,
Rajasthan,Rajasthan,2025,R2,STATE_MERIT,2899.0,Pharmacology,RAMESH KUMAR,OBC,,MD,Rajsthan__Rajasthan Round 2 Allotment.txt,1304,
Rajasthan,Rajasthan,2025,R2,STATE_MERIT,2904.0,Biochemistry,ASHOK KUMAR SHARMA,General,,MD,Rajsthan__Rajasthan Round 2 Allotment.txt,1313,
Rajasthan,Rajasthan,2025,R2,STATE_MERIT,2905.0,Ophthalmology,ASHOK KUMAR,General,,MS,Rajsthan__Rajasthan Round 2 Allotment.txt,1314,
Rajasthan,Rajasthan,2025,R2,STATE_MERIT,2907.0,General Medicine,PRADEEPKUMAR DUDHREJIA,General,,MD,Rajsthan__Rajasthan Round 2 Allotment.txt,1315,
Rajasthan,Rajasthan,2025,R2,STATE_MERIT,2911.0,Biochemistry,PRAHLAD SINGH CHARAN,OBC,,MD,Rajsthan__Rajasthan Round 2 Allotment.txt,1316,
Rajasthan,Rajasthan,2025,R2,STATE_MERIT,2913.0,Paediatrics,RAVISHANKAR SINGH,General,,MD,Rajsthan__Rajasthan Round 2 Allotment.txt,1317,
Rajasthan,Rajasthan,2025,R2,STATE_MERIT,2919.0,Radiotherapy/Radiationoncology,MUKESH SAINI,General,,MD,Rajsthan__Rajasthan Round 2 Allotment.txt,1318,
Rajasthan,Rajasthan,2025,R2,STATE_MERIT,2922.0,Forensic Medicine,RAMKISHAN MEHRA,SC,,MD,Rajsthan__Rajasthan Round 2 Allotment.txt,1319,
Rajasthan,Rajasthan,2025,R2,STATE_MERIT,2924.0,Anaesthesia,RAJENDRA KUMAR AGARWAL,General,,MD,Rajsthan__Rajasthan Round 2 Allotment.txt,1320,
Rajasthan,Rajasthan,2025,R2,STATE_MERIT,2925.0,Paediatrics,SURESH SHARMA,General,,MD,Rajsthan__Rajasthan Round 2 Allotment.txt,1321,
Rajasthan,Rajasthan,2025,R2,STATE_MERIT,2928.0,Obst. & Gynaecology,NALIN JOSHI,General,,MS,Rajsthan__Rajasthan Round 2 Allotment.txt,1322,
Rajasthan,Rajasthan,2025,R2,STATE_MERIT,2930.0,Skin & V.D / Dermatology Ven. & Leprosy,OM PARKASH,OBC,,MD,Rajsthan__Rajasthan Round 2 Allotment.txt,1323,
Rajasthan,Rajasthan,2025,R2,STATE_MERIT,2931.0,Anaesthesia,PRIYAKANT BHARDWAJ,General,,MD,Rajsthan__Rajasthan Round 2 Allotment.txt,1324,
Rajasthan,Rajasthan,2025,R2,STATE_MERIT,2937.0,Immunohaematology and Blood Transfusion,SHRIBHAN SINGH,MBC NCL,,MD,Rajsthan__Rajasthan Round 2 Allotment.txt,1325,
Rajasthan,Rajasthan,2025,R2,STATE_MERIT,2938.0,Paediatrics,HEMRAJ MEENA,ST,,Post MBBS Diploma,Rajsthan__Rajasthan Round 2 Allotment.txt,1326,
Rajasthan,Rajasthan,2025,R2,STATE_MERIT,2940.0,Physiology,MOHAMMAD ASLAM,OBC,,MD,Rajsthan__Rajasthan Round 2 Allotment.txt,1327,
Rajasthan,Rajasthan,2025,R2,STATE_MERIT,2944.0,Physiology,VIJAY YADAV,OBC,,MD,Rajsthan__Rajasthan Round 2 Allotment.txt,1328,
Rajasthan,Rajasthan,2025,R2,STATE_MERIT,2947.0,Anaesthesia,LAXMAN CHOUDHARY,OBC,,MD,Rajsthan__Rajasthan Round 2 Allotment.txt,1329,
Rajasthan,Rajasthan,2025,R2,STATE_MERIT,2949.0,Microbiology,GOPAL CHOUHAN,SC,,MD,Rajsthan__Rajasthan Round 2 Allotment.txt,1330,
Rajasthan,Rajasthan,2025,R2,STATE_MERIT,2950.0,Radiotherapy/Radiationoncology,BAJITKHAN,OBC,,MD,Rajsthan__Rajasthan Round 2 Allotment.txt,1331,
Rajasthan,Rajasthan,2025,R2,STATE_MERIT,2951.0,Respiratory Medicine/T.B. & Chest/Tuberculosis & Respiratory Diseases,NARENDER SINGH,General,,MD,Rajsthan__Rajasthan Round 2 Allotment.txt,1332,
Rajasthan,Rajasthan,2025,R2,STATE_MERIT,2952.0,PSM/Community Medicine,VISHVANATH DAMOR,ST,,MD,Rajsthan__Rajasthan Round 2 Allotment.txt,1333,
Rajasthan,Rajasthan,2025,R2,STATE_MERIT,2953.0,Skin & V.D / Dermatology Ven. & Leprosy,HARIOM NANDWANA,General,,MD,Rajsthan__Rajasthan Round 2 Allotment.txt,1334,
Rajasthan,Rajasthan,2025,R2,STATE_MERIT,2955.0,Paediatrics,KAPIL KUMAR AGRAWAL,General,,MD,Rajsthan__Rajasthan Round 2 Allotment.txt,1335,
Rajasthan,Rajasthan,2025,R2,STATE_MERIT,2956.0,Immunohaematology and Blood Transfusion,TARA SINGH,ST,,MD,Rajsthan__Rajasthan Round 2 Allotment.txt,1336,
Rajasthan,Rajasthan,2025,R2,STATE_MERIT,2958.0,PSM/Community Medicine,BANNA RAM RAIGER,SC,,MD,Rajsthan__Rajasthan Round 2 Allotment.txt,1337,
Rajasthan,Rajasthan,2025,R2,STATE_MERIT,2963.0,Paediatrics,BHAGWAN SINGH KUSHWAH,General,,MD,Rajsthan__Rajasthan Round 2 Allotment.txt,1338,
Rajasthan,Rajasthan,2025,R2,STATE_MERIT,2967.0,Microbiology,HEERANAND BHURANI,General,,MD,Rajsthan__Rajasthan Round 2 Allotment.txt,1339,
Rajasthan,Rajasthan,2025,R2,STATE_MERIT,2968.0,Psychiatry,SURESHCHANDRA AKHANI,General,,MD,Rajsthan__Rajasthan Round 2 Allotment.txt,1340,
Rajasthan,Rajasthan,2025,R2,STATE_MERIT,2969.0,Anaesthesia,DAULAT SINGH,ST,,MD,Rajsthan__Rajasthan Round 2 Allotment.txt,1341,
Rajasthan,Rajasthan,2025,R2,STATE_MERIT,2979.0,General Surgery,BHARATBHAI,General,,MS,Rajsthan__Rajasthan Round 2 Allotment.txt,1342,
Rajasthan,Rajasthan,2025,R2,STATE_MERIT,2980.0,Biochemistry,RAM SINGH CHOTIA,OBC,,MD,Rajsthan__Rajasthan Round 2 Allotment.txt,1343,
Rajasthan,Rajasthan,2025,R2,STATE_MERIT,2982.0,Paediatrics,PRADEEP BANSAL,General,,MD,Rajsthan__Rajasthan Round 2 Allotment.txt,1344,
Rajasthan,Rajasthan,2025,R2,STATE_MERIT,2983.0,Orthopaedics,MANA RAM,MBC NCL,,MS,Rajsthan__Rajasthan Round 2 Allotment.txt,1345,
Rajasthan,Rajasthan,2025,R2,STATE_MERIT,2988.0,Skin & V.D / Dermatology Ven. & Leprosy,LALA RAM SHARMA,General,,MD,Rajsthan__Rajasthan Round 2 Allotment.txt,1346,
Rajasthan,Rajasthan,2025,R2,STATE_MERIT,2992.0,Obst. & Gynaecology,NAND KISHORE,General,,MS,Rajsthan__Rajasthan Round 2 Allotment.txt,1347,
Rajasthan,Rajasthan,2025,R2,STATE_MERIT,2993.0,Pathology,PRAMOD KUMAR MEENA,ST,,MD,Rajsthan__Rajasthan Round 2 Allotment.txt,1348,
Rajasthan,Rajasthan,2025,R2,STATE_MERIT,2996.0,Microbiology,SUGGA RAM,SC,,MD,Rajsthan__Rajasthan Round 2 Allotment.txt,1349,
Rajasthan,Rajasthan,2025,R2,STATE_MERIT,3003.0,Respiratory Medicine/T.B. & Chest/Tuberculosis & Respiratory Diseases,SUBHASH CHAND,OBC,,MD,Rajsthan__Rajasthan Round 2 Allotment.txt,1350,
Rajasthan,Rajasthan,2025,R2,STATE_MERIT,3007.0,Radiodiagnosis/Radiology,PARTHA SARATHI MAHANTA,General,,MD,Rajsthan__Rajasthan Round 2 Allotment.txt,1351,
Rajasthan,Rajasthan,2025,R2,STATE_MERIT,3009.0,General Surgery,GYAN SINGH,OBC,,MS,Rajsthan__Rajasthan Round 2 Allotment.txt,1352,
Rajasthan,Rajasthan,2025,R2,STATE_MERIT,3012.0,Anaesthesia,SHAILESHBHAI NANJIBHAI TALAVIYA,General,,MD,Rajsthan__Rajasthan Round 2 Allotment.txt,1353,
Rajasthan,Rajasthan,2025,R2,STATE_MERIT,3014.0,Anaesthesia,HASMUKHBHAI,General,,MD,Rajsthan__Rajasthan Round 2 Allotment.txt,1354,
Rajasthan,Rajasthan,2025,R2,STATE_MERIT,3018.0,Radiodiagnosis/Radiology,SATYAPAL SINGH TILOTIA,OBC,,MD,Rajsthan__Rajasthan Round 2 Allotment.txt,1355,
Rajasthan,Rajasthan,2025,R2,STATE_MERIT,3024.0,Anaesthesia,KISHOR SINGH GURJAR,MBC NCL,,MD,Rajsthan__Rajasthan Round 2 Allotment.txt,1356,
Rajasthan,Rajasthan,2025,R2,STATE_MERIT,3026.0,Respiratory Medicine/T.B. & Chest/Tuberculosis & Respiratory Diseases,SUDHIR BHARDWAJ,General,,MD,Rajsthan__Rajasthan Round 2 Allotment.txt,1357,
Rajasthan,Rajasthan,2025,R2,STATE_MERIT,3029.0,Ophthalmology,NARENDRA KUMAR SWAMI,OBC,,Post MBBS Diploma,Rajsthan__Rajasthan Round 2 Allotment.txt,1358,
Rajasthan,Rajasthan,2025,R2,STATE_MERIT,3034.0,Anaesthesia,MANOJ KUMAR HUNDAWAL,General,,MD,Rajsthan__Rajasthan Round 2 Allotment.txt,1359,
Rajasthan,Rajasthan,2025,R2,STATE_MERIT,3040.0,General Medicine,DILIPBHAI KARSHANBHAI PATEL,General,,MD,Rajsthan__Rajasthan Round 2 Allotment.txt,1360,
Rajasthan,Rajasthan,2025,R2,STATE_MERIT,3042.0,General Medicine,BABUBHAI NARSHIBHAI KATHIRIA,General,,MD,Rajsthan__Rajasthan Round 2 Allotment.txt,1361,
Rajasthan,Rajasthan,2025,R2,STATE_MERIT,3047.0,PSM/Community Medicine,THUKRI MEENA,ST,,MD,Rajsthan__Rajasthan Round 2 Allotment.txt,1362,
Rajasthan,Rajasthan,2025,R2,STATE_MERIT,3048.0,PSM/Community Medicine,BHAGCHAND GURJAR,MBC NCL,,MD,Rajsthan__Rajasthan Round 2 Allotment.txt,1363,
Rajasthan,Rajasthan,2025,R2,STATE_MERIT,3060.0,Anaesthesia,VIRENDRA AGARWAL,General,,MD,Rajsthan__Rajasthan Round 2 Allotment.txt,1364,
Rajasthan,Rajasthan,2025,R2,STATE_MERIT,3062.0,Anaesthesia,HARENDRA SINGH TEOTIA,General,,MD,Rajsthan__Rajasthan Round 2 Allotment.txt,1365,
Rajasthan,Rajasthan,2025,R2,STATE_MERIT,3063.0,Obst. & Gynaecology,RAJESH SINGH,General,,MS,Rajsthan__Rajasthan Round 2 Allotment.txt,1366,
Rajasthan,Rajasthan,2025,R2,STATE_MERIT,3067.0,General Medicine,MANISH GUPTA,General,,MD,Rajsthan__Rajasthan Round 2 Allotment.txt,1367,
Rajasthan,Rajasthan,2025,R2,STATE_MERIT,3070.0,General Surgery,SUBHASH BENIWAL,General,,MS,Rajsthan__Rajasthan Round 2 Allotment.txt,1368,
Rajasthan,Rajasthan,2025,R2,STATE_MERIT,3072.0,Paediatrics,RAM LAL YADAV,OBC,,MD,Rajsthan__Rajasthan Round 2 Allotment.txt,1369,
Rajasthan,Rajasthan,2025,R2,STATE_MERIT,3076.0,Biochemistry,LAXMINARAYAN KUMAWAT,OBC,,MD,Rajsthan__Rajasthan Round 2 Allotment.txt,1370,
Rajasthan,Rajasthan,2025,R2,STATE_MERIT,3078.0,Anaesthesia,VAISHNANI PRAFULKUMAR,General,,MD,Rajsthan__Rajasthan Round 2 Allotment.txt,1371,
Rajasthan,Rajasthan,2025,R2,STATE_MERIT,3079.0,ENT,ROHIT CHAWLA,General,,MS,Rajsthan__Rajasthan Round 2 Allotment.txt,1372,
Rajasthan,Rajasthan,2025,R2,STATE_MERIT,3081.0,Obst. & Gynaecology,MUKESH KUMAR SHARMA,General,,MS,Rajsthan__Rajasthan Round 2 Allotment.txt,1373,
Rajasthan,Rajasthan,2025,R2,STATE_MERIT,3082.0,Pathology,S M GAJRAJ,SC,,MD,Rajsthan__Rajasthan Round 2 Allotment.txt,1374,
Rajasthan,Rajasthan,2025,R2,STATE_MERIT,3083.0,Obs & Gyne,NATHULAL BORAT,ST,,Post MBBS Diploma,Rajsthan__Rajasthan Round 2 Allotment.txt,1375,
Rajasthan,Rajasthan,2025,R2,STATE_MERIT,3084.0,Biochemistry,RAMLAL KUMAWAT,OBC,,MD,Rajsthan__Rajasthan Round 2 Allotment.txt,1376,
Rajasthan,Rajasthan,2025,R2,STATE_MERIT,3086.0,Anesthesia,RAMESH KUMAR,OBC,,Post MBBS Diploma,Rajsthan__Rajasthan Round 2 Allotment.txt,1377,
Rajasthan,Rajasthan,2025,R2,STATE_MERIT,3087.0,General Surgery,PARESHBHAI J. PATEL,General,,MS,Rajsthan__Rajasthan Round 2 Allotment.txt,1378,
Rajasthan,Rajasthan,2025,R2,STATE_MERIT,3090.0,Psychiatry,ABHAY KUMAR,General,,MD,Rajsthan__Rajasthan Round 2 Allotment.txt,1379,
Rajasthan,Rajasthan,2025,R2,STATE_MERIT,3101.0,Psychiatry,RAM RATAN GUPTA,General,,MD,Rajsthan__Rajasthan Round 2 Allotment.txt,1380,
Rajasthan,Rajasthan,2025,R2,STATE_MERIT,3102.0,PSM/Community Medicine,CHHOTU LAL MEENA,ST,,MD,Rajsthan__Rajasthan Round 2 Allotment.txt,1381,
Rajasthan,Rajasthan,2025,R2,STATE_MERIT,3103.0,General Surgery,LEKHRAJ,OBC,,MS,Rajsthan__Rajasthan Round 2 Allotment.txt,1390,
Rajasthan,Rajasthan,2025,R2,STATE_MERIT,3104.0,Anaesthesia,JAGDISH KUMAWAT,OBC,,MD,Rajsthan__Rajasthan Round 2 Allotment.txt,1391,
Rajasthan,Rajasthan,2025,R2,STATE_MERIT,3105.0,Respiratory Medicine/T.B. & Chest/Tuberculosis & Respiratory Diseases,SUSHIL PAUL SINGH,General,,MD,Rajsthan__Rajasthan Round 2 Allotment.txt,1392,
Rajasthan,Rajasthan,2025,R2,STATE_MERIT,3108.0,Emergency Medicine,RAMESHWAR DAYAL GOYAL,General,,MD,Rajsthan__Rajasthan Round 2 Allotment.txt,1393,
Rajasthan,Rajasthan,2025,R2,STATE_MERIT,3109.0,Immunohaematology and Blood Transfusion,KAILASH CHAND MEENA,ST,,MD,Rajsthan__Rajasthan Round 2 Allotment.txt,1394,
Rajasthan,Rajasthan,2025,R2,STATE_MERIT,3110.0,General Surgery,GAHILOT PADAMAKAR DIGAMBARRAO,OBC,,MS,Rajsthan__Rajasthan Round 2 Allotment.txt,1395,
Rajasthan,Rajasthan,2025,R2,STATE_MERIT,3111.0,Forensic Medicine,GIRVER SINGH,SC,,MD,Rajsthan__Rajasthan Round 2 Allotment.txt,1396,
Rajasthan,Rajasthan,2025,R2,STATE_MERIT,3112.0,Microbiology,MAHESH CHAND SHARMA,General,,MD,Rajsthan__Rajasthan Round 2 Allotment.txt,1397,
Rajasthan,Rajasthan,2025,R2,STATE_MERIT,3113.0,Obst. & Gynaecology,SHARMA ARUN MOHANLAL,General,,MS,Rajsthan__Rajasthan Round 2 Allotment.txt,1398,
Rajasthan,Rajasthan,2025,R2,STATE_MERIT,3115.0,Paediatrics,ASHOK JAGHINA,OBC,,MD,Rajsthan__Rajasthan Round 2 Allotment.txt,1399,
Rajasthan,Rajasthan,2025,R2,STATE_MERIT,3117.0,Microbiology,YOGESH CHANDRA SANT,SC,,MD,Rajsthan__Rajasthan Round 2 Allotment.txt,1400,
Rajasthan,Rajasthan,2025,R2,STATE_MERIT,3118.0,General Medicine,RADHEY SHYAM GUPTA,General,,MD,Rajsthan__Rajasthan Round 2 Allotment.txt,1401,
Rajasthan,Rajasthan,2025,R2,STATE_MERIT,3119.0,Obst. & Gynaecology,MAHESH KUMAR GUPTA,General,,MS,Rajsthan__Rajasthan Round 2 Allotment.txt,1402,
Rajasthan,Rajasthan,2025,R2,STATE_MERIT,3120.0,Microbiology,INDER CHAND,SC,,MD,Rajsthan__Rajasthan Round 2 Allotment.txt,1403,
Rajasthan,Rajasthan,2025,R2,STATE_MERIT,3125.0,General Medicine,SUNIL DAWAR,General,,MD,Rajsthan__Rajasthan Round 2 Allotment.txt,1404,
Rajasthan,Rajasthan,2025,R2,STATE_MERIT,3127.0,Radiotherapy/Radiationoncology,KRISHAN LAL,General,,MD,Rajsthan__Rajasthan Round 2 Allotment.txt,1405,
Rajasthan,Rajasthan,2025,R2,STATE_MERIT,3128.0,General Surgery,PRAMOD ALAGHARU,General,,MS,Rajsthan__Rajasthan Round 2 Allotment.txt,1406,
Rajasthan,Rajasthan,2025,R2,STATE_MERIT,3129.0,General Surgery,SATISH KUMAR,General,,MS,Rajsthan__Rajasthan Round 2 Allotment.txt,1407,
Rajasthan,Rajasthan,2025,R2,STATE_MERIT,3130.0,Anaesthesia,BRIJENDRA KUMAR JAGROTIYA,OBC,,MD,Rajsthan__Rajasthan Round 2 Allotment.txt,1408,
Rajasthan,Rajasthan,2025,R2,STATE_MERIT,3134.0,Forensic Medicine,SHIV KUMAR PATEER,SC,,MD,Rajsthan__Rajasthan Round 2 Allotment.txt,1409,
Rajasthan,Rajasthan,2025,R2,STATE_MERIT,3135.0,Microbiology,SOM DATT DIXIT,General,,MD,Rajsthan__Rajasthan Round 2 Allotment.txt,1410,
Rajasthan,Rajasthan,2025,R2,STATE_MERIT,3138.0,Pathology,KAMLA SHANKER DAMOR,ST,,MD,Rajsthan__Rajasthan Round 2 Allotment.txt,1411,
Rajasthan,Rajasthan,2025,R2,STATE_MERIT,3139.0,Anaesthesia,SURENDRA SINGH,General,,MD,Rajsthan__Rajasthan Round 2 Allotment.txt,1412,
Rajasthan,Rajasthan,2025,R2,STATE_MERIT,3140.0,General Surgery,RAJEEV VAID,General,,MS,Rajsthan__Rajasthan Round 2 Allotment.txt,1413,
Rajasthan,Rajasthan,2025,R2,STATE_MERIT,3142.0,Anaesthesia,SURENDRA SHARMA,General,,MD,Rajsthan__Rajasthan Round 2 Allotment.txt,1414,
Rajasthan,Rajasthan,2025,R2,STATE_MERIT,3143.0,Microbiology,AMARJEET SINGH,General,,MD,Rajsthan__Rajasthan Round 2 Allotment.txt,1415,
Rajasthan,Rajasthan,2025,R2,STATE_MERIT,3145.0,Traumatology & Surgery,SANJAY TANEJA,General,,MS,Rajsthan__Rajasthan Round 2 Allotment.txt,1416,
Rajasthan,Rajasthan,2025,R2,STATE_MERIT,3151.0,PSM/Community Medicine,KAUSHAL RASTOGI,General,,MD,Rajsthan__Rajasthan Round 2 Allotment.txt,1417,
Rajasthan,Rajasthan,2025,R2,STATE_MERIT,3152.0,General Surgery,RAMPRASAD YADAV,OBC,,MS,Rajsthan__Rajasthan Round 2 Allotment.txt,1418,
Rajasthan,Rajasthan,2025,R2,STATE_MERIT,3153.0,Paediatrics,MAN SINGH CHOUHAN,General,,MD,Rajsthan__Rajasthan Round 2 Allotment.txt,1419,
Rajasthan,Rajasthan,2025,R2,STATE_MERIT,3155.0,Skin & V.D / Dermatology Ven. & Leprosy,RAMDEVA RAM,OBC,,MD,Rajsthan__Rajasthan Round 2 Allotment.txt,1420,
Rajasthan,Rajasthan,2025,R2,STATE_MERIT,3156.0,Ophthalmology,KRUSHNA TEKE,OBC,,MS,Rajsthan__Rajasthan Round 2 Allotment.txt,1421,
Rajasthan,Rajasthan,2025,R2,STATE_MERIT,3160.0,General Surgery,DILEEP SINGH,OBC,,MS,Rajsthan__Rajasthan Round 2 Allotment.txt,1422,
Rajasthan,Rajasthan,2025,R2,STATE_MERIT,3162.0,Ophthalmology,NITESHKUMAR,General,,MS,Rajsthan__Rajasthan Round 2 Allotment.txt,1423,
Rajasthan,Rajasthan,2025,R2,STATE_MERIT,3163.0,Anaesthesia,SANJAY MATHUR,General,,MD,Rajsthan__Rajasthan Round 2 Allotment.txt,1424,
Rajasthan,Rajasthan,2025,R2,STATE_MERIT,3167.0,Obst. & Gynaecology,GAURANGBHAI BUCH,General,,MS,Rajsthan__Rajasthan Round 2 Allotment.txt,1425,
Rajasthan,Rajasthan,2025,R2,STATE_MERIT,3173.0,Radiodiagnosis/Radiology,AMAR SINGH ANDHANA,MBC NCL,,MD,Rajsthan__Rajasthan Round 2 Allotment.txt,1426,
Rajasthan,Rajasthan,2025,R2,STATE_MERIT,3174.0,Skin & V.D / Dermatology Ven. & Leprosy,SATYENDRA KUMAR SINGH,General,,MD,Rajsthan__Rajasthan Round 2 Allotment.txt,1427,
Rajasthan,Rajasthan,2025,R2,STATE_MERIT,3177.0,ENT,DIPAK,General,,MS,Rajsthan__Rajasthan Round 2 Allotment.txt,1428,
Rajasthan,Rajasthan,2025,R2,STATE_MERIT,3178.0,General Surgery,CHAUDHARI GOVABHAI LAVJIBHAI,General,,MS,Rajsthan__Rajasthan Round 2 Allotment.txt,1429,
Rajasthan,Rajasthan,2025,R2,STATE_MERIT,3179.0,Biochemistry,LIYAKAT ALI,OBC,,MD,Rajsthan__Rajasthan Round 2 Allotment.txt,1430,
Rajasthan,Rajasthan,2025,R2,STATE_MERIT,3180.0,Anaesthesia,TRIVEDI DINESHCHANDRA,General,,MD,Rajsthan__Rajasthan Round 2 Allotment.txt,1431,
Rajasthan,Rajasthan,2025,R2,STATE_MERIT,3181.0,Biochemistry,SURESH CHAND YADAV,OBC,,MD,Rajsthan__Rajasthan Round 2 Allotment.txt,1432,
Rajasthan,Rajasthan,2025,R2,STATE_MERIT,3183.0,Orthopaedics,PRAVEEN TRIPATHI,General,,MS,Rajsthan__Rajasthan Round 2 Allotment.txt,1433,
Rajasthan,Rajasthan,2025,R2,STATE_MERIT,3186.0,Paediatrics,PRABHU DAYAL SUKHIJA,General,,MD,Rajsthan__Rajasthan Round 2 Allotment.txt,1434,
Rajasthan,Rajasthan,2025,R2,STATE_MERIT,3187.0,Anaesthesia,ALOK JAIN,General,,MD,Rajsthan__Rajasthan Round 2 Allotment.txt,1435,
Rajasthan,Rajasthan,2025,R2,STATE_MERIT,3188.0,Biochemistry,BANI SINGH MEENA,ST,,MD,Rajsthan__Rajasthan Round 2 Allotment.txt,1436,
Rajasthan,Rajasthan,2025,R2,STATE_MERIT,3196.0,Emergency Medicine,SUBHASH BABURAO WAGH,General,,MD,Rajsthan__Rajasthan Round 2 Allotment.txt,1437,
Rajasthan,Rajasthan,2025,R2,STATE_MERIT,3198.0,Respiratory Medicine/T.B. & Chest/Tuberculosis & Respiratory Diseases,MAHESH KUMAR,General,,MD,Rajsthan__Rajasthan Round 2 Allotment.txt,1438,
Rajasthan,Rajasthan,2025,R2,STATE_MERIT,3203.0,Pathology,DAYA LAL DAMOR,ST,,MD,Rajsthan__Rajasthan Round 2 Allotment.txt,1439,
Rajasthan,Rajasthan,2025,R2,STATE_MERIT,3214.0,Paediatrics,NARESH KUMAR BHALOTHIA,OBC,,MD,Rajsthan__Rajasthan Round 2 Allotment.txt,1440,
Rajasthan,Rajasthan,2025,R2,STATE_MERIT,3215.0,Nuclear Medicine,BABU LAL GURJAR,MBC NCL,,MD,Rajsthan__Rajasthan Round 2 Allotment.txt,1441,
Rajasthan,Rajasthan,2025,R2,STATE_MERIT,3217.0,PSM/Community Medicine,RAMDEV SINGH,OBC,,MD,Rajsthan__Rajasthan Round 2 Allotment.txt,1442,
Rajasthan,Rajasthan,2025,R2,STATE_MERIT,3220.0,Respiratory Medicine/T.B. & Chest/Tuberculosis & Respiratory Diseases,PRAMOD KAUSHIK,General,,MD,Rajsthan__Rajasthan Round 2 Allotment.txt,1443,
Rajasthan,Rajasthan,2025,R2,STATE_MERIT,3224.0,Immunohaematology and Blood Transfusion,AMRIT LAL ROAT,ST,,MD,Rajsthan__Rajasthan Round 2 Allotment.txt,1444,
Rajasthan,Rajasthan,2025,R2,STATE_MERIT,3226.0,General Medicine,VIJAY SHARMA,General,,MD,Rajsthan__Rajasthan Round 2 Allotment.txt,1445,
Rajasthan,Rajasthan,2025,R2,STATE_MERIT,3230.0,Paediatrics,AJAY KUMAR SHARMA,General,,MD,Rajsthan__Rajasthan Round 2 Allotment.txt,1446,
Rajasthan,Rajasthan,2025,R2,STATE_MERIT,3232.0,Psychiatry,RAMESH KUMAR,OBC,,MD,Rajsthan__Rajasthan Round 2 Allotment.txt,1447,
Rajasthan,Rajasthan,2025,R2,STATE_MERIT,3233.0,Family Medicine,DHARM RAJ,SC,,Post MBBS Diploma,Rajsthan__Rajasthan Round 2 Allotment.txt,1448,
Rajasthan,Rajasthan,2025,R2,STATE_MERIT,3234.0,Obst. & Gynaecology,JITENDER SINGH,General,,MS,Rajsthan__Rajasthan Round 2 Allotment.txt,1449,
Rajasthan,Rajasthan,2025,R2,STATE_MERIT,3235.0,Anaesthesia,JASBIR SINGH,General,,MD,Rajsthan__Rajasthan Round 2 Allotment.txt,1450,
Rajasthan,Rajasthan,2025,R2,STATE_MERIT,3246.0,Hospital Administration,RAJENDER,General,,MD,Rajsthan__Rajasthan Round 2 Allotment.txt,1451,
Rajasthan,Rajasthan,2025,R2,STATE_MERIT,3247.0,ENT,GAURAV WADHAWAN,General,,MS,Rajsthan__Rajasthan Round 2 Allotment.txt,1452,
Rajasthan,Rajasthan,2025,R2,STATE_MERIT,3252.0,Paediatrics,JAIRAM ALWARIA,SC,,Post MBBS Diploma,Rajsthan__Rajasthan Round 2 Allotment.txt,1453,
Rajasthan,Rajasthan,2025,R2,STATE_MERIT,3253.0,Obs & Gyne,MAGAN LAL DANTLA,MBC NCL,,Post MBBS Diploma,Rajsthan__Rajasthan Round 2 Allotment.txt,1454,
Rajasthan,Rajasthan,2025,R2,STATE_MERIT,3255.0,ENT,NAVEEN KUMAR GUPTA,General,,MS,Rajsthan__Rajasthan Round 2 Allotment.txt,1455,
Rajasthan,Rajasthan,2025,R2,STATE_MERIT,3258.0,Pathology,JORA RAM,OBC,,MD,Rajsthan__Rajasthan Round 2 Allotment.txt,1456,
Rajasthan,Rajasthan,2025,R2,STATE_MERIT,3260.0,General Surgery,NAVINBHAI CHAUDHARY,General,,MS,Rajsthan__Rajasthan Round 2 Allotment.txt,1457,
Rajasthan,Rajasthan,2025,R2,STATE_MERIT,3261.0,Obst. & Gynaecology,RAJ KUMAR,General,,MS,Rajsthan__Rajasthan Round 2 Allotment.txt,1458,
Rajasthan,Rajasthan,2025,R2,STATE_MERIT,3264.0,Anaesthesia,KARN YATEENDRA,General,,MD,Rajsthan__Rajasthan Round 2 Allotment.txt,1467,
Rajasthan,Rajasthan,2025,R2,STATE_MERIT,3267.0,Skin & V.D / Dermatology Ven. & Leprosy,NARENDRA JAIN,General,,MD,Rajsthan__Rajasthan Round 2 Allotment.txt,1468,
Rajasthan,Rajasthan,2025,R2,STATE_MERIT,3268.0,Radiodiagnosis/Radiology,MUKESH BIHARI,General,,MD,Rajsthan__Rajasthan Round 2 Allotment.txt,1469,
Rajasthan,Rajasthan,2025,R2,STATE_MERIT,3273.0,Anaesthesia,PARSOTTAMDAS PATEL,General,,MD,Rajsthan__Rajasthan Round 2 Allotment.txt,1470,
Rajasthan,Rajasthan,2025,R2,STATE_MERIT,3276.0,Paediatrics,ROHITASH SINGH,General,,MD,Rajsthan__Rajasthan Round 2 Allotment.txt,1471,
Rajasthan,Rajasthan,2025,R2,STATE_MERIT,3277.0,General Surgery,RAJENDRABHAI R PATEL,General,,MS,Rajsthan__Rajasthan Round 2 Allotment.txt,1472,
Rajasthan,Rajasthan,2025,R2,STATE_MERIT,3278.0,Ophthalmology,ARJUN RAM MEHRIYA,OBC,,MS,Rajsthan__Rajasthan Round 2 Allotment.txt,1473,
Rajasthan,Rajasthan,2025,R2,STATE_MERIT,3279.0,General Medicine,RAJNISH KUMAR,ST,,MD,Rajsthan__Rajasthan Round 2 Allotment.txt,1474,
Rajasthan,Rajasthan,2025,R2,STATE_MERIT,3284.0,Radiodiagnosis/Radiology,GOPAL SINGH,General,,MD,Rajsthan__Rajasthan Round 2 Allotment.txt,1475,
Rajasthan,Rajasthan,2025,R2,STATE_MERIT,3285.0,Radiotherapy/Radiationoncology,HITESHBHAI,General,,MD,Rajsthan__Rajasthan Round 2 Allotment.txt,1476,
Rajasthan,Rajasthan,2025,R2,STATE_MERIT,3286.0,Microbiology,NANU LAL MEENA,ST,,MD,Rajsthan__Rajasthan Round 2 Allotment.txt,1477,
Rajasthan,Rajasthan,2025,R2,STATE_MERIT,3287.0,Biochemistry,VIKRAM SINGH,OBC,,MD,Rajsthan__Rajasthan Round 2 Allotment.txt,1478,
Rajasthan,Rajasthan,2025,R2,STATE_MERIT,3291.0,Psychiatry,MUKESH SHAH,General,,MD,Rajsthan__Rajasthan Round 2 Allotment.txt,1479,
Rajasthan,Rajasthan,2025,R2,STATE_MERIT,3295.0,Obst. & Gynaecology,SANJEEV KUMAR,General,,MS,Rajsthan__Rajasthan Round 2 Allotment.txt,1480,
Rajasthan,Rajasthan,2025,R2,STATE_MERIT,3298.0,General Surgery,BHUPENDRAKUMAR BABULAL RAVAL,General,,MS,Rajsthan__Rajasthan Round 2 Allotment.txt,1481,
Rajasthan,Rajasthan,2025,R2,STATE_MERIT,3301.0,General Medicine,DINESH PARKER,MBC NCL,,MD,Rajsthan__Rajasthan Round 2 Allotment.txt,1482,
Rajasthan,Rajasthan,2025,R2,STATE_MERIT,3302.0,Anaesthesia,PRASANNASINGH S DHARWAD,General,,MD,Rajsthan__Rajasthan Round 2 Allotment.txt,1483,
Rajasthan,Rajasthan,2025,R2,STATE_MERIT,3303.0,Obst. & Gynaecology,SANTOSH KUMAR BAGELA,MBC NCL,,MS,Rajsthan__Rajasthan Round 2 Allotment.txt,1484,
Rajasthan,Rajasthan,2025,R2,STATE_MERIT,3308.0,General Surgery,N C POONIA,General,,MS,Rajsthan__Rajasthan Round 2 Allotment.txt,1485,
Rajasthan,Rajasthan,2025,R2,STATE_MERIT,3309.0,Radiodiagnosis/Radiology,FIROZ AHMED QUAZI,General,,MD,Rajsthan__Rajasthan Round 2 Allotment.txt,1486,
Rajasthan,Rajasthan,2025,R2,STATE_MERIT,3317.0,Pharmacology,JAI PRAKASH YADAV,General,,MD,Rajsthan__Rajasthan Round 2 Allotment.txt,1487,
Rajasthan,Rajasthan,2025,R2,STATE_MERIT,3318.0,Anaesthesia,KANAIYALAL SHAH,General,,MD,Rajsthan__Rajasthan Round 2 Allotment.txt,1488,
Rajasthan,Rajasthan,2025,R2,STATE_MERIT,3319.0,Biochemistry,AMAR SINGH DHAKER,OBC,,MD,Rajsthan__Rajasthan Round 2 Allotment.txt,1489,
Rajasthan,Rajasthan,2025,R2,STATE_MERIT,3321.0,General Medicine,GOVIND GUPTA,General,,MD,Rajsthan__Rajasthan Round 2 Allotment.txt,1490,
Rajasthan,Rajasthan,2025,R2,STATE_MERIT,3322.0,Pathology,MURLI MANOHAR SHARMA,General,,MD,Rajsthan__Rajasthan Round 2 Allotment.txt,1491,
Rajasthan,Rajasthan,2025,R2,STATE_MERIT,3323.0,General Medicine,MANOJ SONI,General,,MD,Rajsthan__Rajasthan Round 2 Allotment.txt,1492,
Rajasthan,Rajasthan,2025,R2,STATE_MERIT,3326.0,Biochemistry,KEWAL CHAND,OBC,,MD,Rajsthan__Rajasthan Round 2 Allotment.txt,1493,
Rajasthan,Rajasthan,2025,R2,STATE_MERIT,3328.0,Paediatrics,VINOD KUMAR CHAUHAN,General,,MD,Rajsthan__Rajasthan Round 2 Allotment.txt,1494,
Rajasthan,Rajasthan,2025,R2,STATE_MERIT,3329.0,Radiodiagnosis/Radiology,RAMESH MOHNANI,General,,MD,Rajsthan__Rajasthan Round 2 Allotment.txt,1495,
Rajasthan,Rajasthan,2025,R2,STATE_MERIT,3335.0,General Medicine,ASHOK SINGH,General,,MD,Rajsthan__Rajasthan Round 2 Allotment.txt,1496,
Rajasthan,Rajasthan,2025,R2,STATE_MERIT,3339.0,General Surgery,RAJESH TRIVEDI,General,,MS,Rajsthan__Rajasthan Round 2 Allotment.txt,1497,
Rajasthan,Rajasthan,2025,R2,STATE_MERIT,3345.0,Respiratory Medicine/T.B. & Chest/Tuberculosis & Respiratory Diseases,NARASINHBHAI,OBC,,MD,Rajsthan__Rajasthan Round 2 Allotment.txt,1498,
Rajasthan,Rajasthan,2025,R2,STATE_MERIT,3346.0,General Medicine,KAVINDRA,General,,MD,Rajsthan__Rajasthan Round 2 Allotment.txt,1499,
Rajasthan,Rajasthan,2025,R2,STATE_MERIT,3348.0,Pathology,UMMED SINGH SHEKHAWAT,General,,MD,Rajsthan__Rajasthan Round 2 Allotment.txt,1500,
Rajasthan,Rajasthan,2025,R2,STATE_MERIT,3349.0,Anaesthesia,MANOJ MORWANI,General,,MD,Rajsthan__Rajasthan Round 2 Allotment.txt,1501,
Rajasthan,Rajasthan,2025,R2,STATE_MERIT,3351.0,Microbiology,BABULAL BABER,SC,,MD,Rajsthan__Rajasthan Round 2 Allotment.txt,1502,
Rajasthan,Rajasthan,2025,R2,STATE_MERIT,3356.0,PSM/Community Medicine,SHARWAN KUMAR MEENA,ST,,MD,Rajsthan__Rajasthan Round 2 Allotment.txt,1503,
Rajasthan,Rajasthan,2025,R2,STATE_MERIT,3360.0,Biochemistry,PRADEEP DHOLPURIA,SC,,MD,Rajsthan__Rajasthan Round 2 Allotment.txt,1504,
Rajasthan,Rajasthan,2025,R2,STATE_MERIT,3364.0,Pathology,PATEL KANAIYALAL MANUBHAI,General,,MD,Rajsthan__Rajasthan Round 2 Allotment.txt,1505,
Rajasthan,Rajasthan,2025,R2,STATE_MERIT,3365.0,Orthopaedics,OM PRAKASH GODARA,OBC,,MS,Rajsthan__Rajasthan Round 2 Allotment.txt,1506,
Rajasthan,Rajasthan,2025,R2,STATE_MERIT,3366.0,Pharmacology,JHEEPAR RAM,SC,,MD,Rajsthan__Rajasthan Round 2 Allotment.txt,1507,
Rajasthan,Rajasthan,2025,R2,STATE_MERIT,3367.0,Forensic Medicine,LAXMAN MEENA,ST,,MD,Rajsthan__Rajasthan Round 2 Allotment.txt,1508,
Rajasthan,Rajasthan,2025,R2,STATE_MERIT,3368.0,Pathology,RAJENDRA MAIDA,ST,,MD,Rajsthan__Rajasthan Round 2 Allotment.txt,1509,
Rajasthan,Rajasthan,2025,R2,STATE_MERIT,3369.0,Ophthalmology,VIRENDER SINGH,General,,MS,Rajsthan__Rajasthan Round 2 Allotment.txt,1510,
Rajasthan,Rajasthan,2025,R2,STATE_MERIT,3370.0,Orthopaedics,GAURAV CHATURVEDI,General,,MS,Rajsthan__Rajasthan Round 2 Allotment.txt,1511,
Rajasthan,Rajasthan,2025,R2,STATE_MERIT,3371.0,Pathology,BRIJ BHUSHAN SHARMA,General,,MD,Rajsthan__Rajasthan Round 2 Allotment.txt,1512,
Rajasthan,Rajasthan,2025,R2,STATE_MERIT,3376.0,General Medicine,BHADAURIA SHIVPRATAP SINGH,General,,MD,Rajsthan__Rajasthan Round 2 Allotment.txt,1513,
Rajasthan,Rajasthan,2025,R2,STATE_MERIT,3380.0,Paediatrics,BHIKHABHAI KUNIYA,General,,MD,Rajsthan__Rajasthan Round 2 Allotment.txt,1514,
Rajasthan,Rajasthan,2025,R2,STATE_MERIT,3381.0,Immunohaematology and Blood Transfusion,PARESH SAXENA,General,,MD,Rajsthan__Rajasthan Round 2 Allotment.txt,1515,
Rajasthan,Rajasthan,2025,R2,STATE_MERIT,3382.0,Respiratory Medicine/T.B. & Chest/Tuberculosis & Respiratory Diseases,AJAY SINGH JETHOO,General,,MD,Rajsthan__Rajasthan Round 2 Allotment.txt,1516,
Rajasthan,Rajasthan,2025,R2,STATE_MERIT,3384.0,Biochemistry,DUNGA RAM CHOUDHARY,OBC,,MD,Rajsthan__Rajasthan Round 2 Allotment.txt,1517,
Rajasthan,Rajasthan,2025,R2,STATE_MERIT,3387.0,General Surgery,HERMA NARESHBHAI VALLABHBHAI,OBC,,MS,Rajsthan__Rajasthan Round 2 Allotment.txt,1518,
Rajasthan,Rajasthan,2025,R2,STATE_MERIT,3389.0,Psychiatry,SANJEEV BHARDWAJ,General,,MD,Rajsthan__Rajasthan Round 2 Allotment.txt,1519,
Rajasthan,Rajasthan,2025,R2,STATE_MERIT,3390.0,General Medicine,S K NAGRANI,General,,MD,Rajsthan__Rajasthan Round 2 Allotment.txt,1520,
Rajasthan,Rajasthan,2025,R2,STATE_MERIT,3394.0,Pharmacology,KHUBA RAM,SC,,MD,Rajsthan__Rajasthan Round 2 Allotment.txt,1521,
Rajasthan,Rajasthan,2025,R2,STATE_MERIT,3397.0,Orthopaedics,HARISH CHANDRA CHAUDHARY,General,,MS,Rajsthan__Rajasthan Round 2 Allotment.txt,1522,
Rajasthan,Rajasthan,2025,R2,STATE_MERIT,3400.0,Radiodiagnosis/Radiology,RAMLAL SHARMA,General,,MD,Rajsthan__Rajasthan Round 2 Allotment.txt,1523,
Rajasthan,Rajasthan,2025,R2,STATE_MERIT,3401.0,Physiology,SURESH KUMAR TAILOR,OBC,,MD,Rajsthan__Rajasthan Round 2 Allotment.txt,1524,
Rajasthan,Rajasthan,2025,R2,STATE_MERIT,3402.0,Anaesthesia,MALHAR DESAI,General,,MD,Rajsthan__Rajasthan Round 2 Allotment.txt,1525,
Rajasthan,Rajasthan,2025,R2,STATE_MERIT,3403.0,General Medicine,HITESHKUMAR LEKHARAJ SHAH,General,,MD,Rajsthan__Rajasthan Round 2 Allotment.txt,1526,
Rajasthan,Rajasthan,2025,R2,STATE_MERIT,3404.0,Pharmacology,MALU RAM,General,,MD,Rajsthan__Rajasthan Round 2 Allotment.txt,1527,
Rajasthan,Rajasthan,2025,R2,STATE_MERIT,3405.0,Biochemistry,RAMROOP JATAV,SC,,MD,Rajsthan__Rajasthan Round 2 Allotment.txt,1528,
Rajasthan,Rajasthan,2025,R2,STATE_MERIT,3406.0,Obs & Gyne,HARIBHAN MEENA,ST,,Post MBBS Diploma,Rajsthan__Rajasthan Round 2 Allotment.txt,1529,
Rajasthan,Rajasthan,2025,R2,STATE_MERIT,3410.0,Emergency Medicine,SUSHIL,General,,MD,Rajsthan__Rajasthan Round 2 Allotment.txt,1530,
Rajasthan,Rajasthan,2025,R2,STATE_MERIT,3411.0,Obst. & Gynaecology,PERUMAL CHOUHAN,SC,,MS,Rajsthan__Rajasthan Round 2 Allotment.txt,1531,
Rajasthan,Rajasthan,2025,R2,STATE_MERIT,3412.0,Orthopaedics,BHATU PARABATBHAI GOVINDBHAI,OBC,,MS,Rajsthan__Rajasthan Round 2 Allotment.txt,1532,
Rajasthan,Rajasthan,2025,R2,STATE_MERIT,3413.0,Anaesthesia,SANJAY PANDYA,General,,MD,Rajsthan__Rajasthan Round 2 Allotment.txt,1533,
Rajasthan,Rajasthan,2025,R2,STATE_MERIT,3416.0,Pharmacology,RAJESH PRASAD SHARMA,General,,MD,Rajsthan__Rajasthan Round 2 Allotment.txt,1534,
Rajasthan,Rajasthan,2025,R2,STATE_MERIT,3418.0,ENT,MANOHAR AGRAWAL,General,,MS,Rajsthan__Rajasthan Round 2 Allotment.txt,1535,
Rajasthan,Rajasthan,2025,R2,STATE_MERIT,3423.0,Anaesthesia,AJAY SAREEN,General,,MD,Rajsthan__Rajasthan Round 2 Allotment.txt,1544,
Rajasthan,Rajasthan,2025,R2,STATE_MERIT,3426.0,Biochemistry,B N SIDH,OBC,,MD,Rajsthan__Rajasthan Round 2 Allotment.txt,1545,
Rajasthan,Rajasthan,2025,R2,STATE_MERIT,3427.0,General Surgery,PRADEEP KUMAR AGARWAL,General,,MS,Rajsthan__Rajasthan Round 2 Allotment.txt,1546,
Rajasthan,Rajasthan,2025,R2,STATE_MERIT,3428.0,PSM/Community Medicine,LAL CHAND MAIDA,ST,,MD,Rajsthan__Rajasthan Round 2 Allotment.txt,1547,
Rajasthan,Rajasthan,2025,R2,STATE_MERIT,3429.0,Emergency Medicine,RAVI SHANKER SHARMA,General,,MD,Rajsthan__Rajasthan Round 2 Allotment.txt,1548,
Rajasthan,Rajasthan,2025,R2,STATE_MERIT,3431.0,General Medicine,LAXMAN RAJ SURESHA,SC,,MD,Rajsthan__Rajasthan Round 2 Allotment.txt,1549,
Rajasthan,Rajasthan,2025,R2,STATE_MERIT,3435.0,Anaesthesia,AMIN GIRISHBHAI,General,,MD,Rajsthan__Rajasthan Round 2 Allotment.txt,1550,
Rajasthan,Rajasthan,2025,R2,STATE_MERIT,3448.0,Physiology,OMPRAKASH,OBC,,MD,Rajsthan__Rajasthan Round 2 Allotment.txt,1551,
Rajasthan,Rajasthan,2025,R2,STATE_MERIT,3451.0,Biochemistry,MUKESH SHRIMAL,OBC,,MD,Rajsthan__Rajasthan Round 2 Allotment.txt,1552,
Rajasthan,Rajasthan,2025,R2,STATE_MERIT,3458.0,Respiratory Medicine/T.B. & Chest/Tuberculosis & Respiratory Diseases,SUNIL KUMAR SHARMA,General,,MD,Rajsthan__Rajasthan Round 2 Allotment.txt,1553,
Rajasthan,Rajasthan,2025,R2,STATE_MERIT,3461.0,PSM/Community Medicine,MURLI DHAR SHARMA,General,,MD,Rajsthan__Rajasthan Round 2 Allotment.txt,1554,
Rajasthan,Rajasthan,2025,R2,STATE_MERIT,3462.0,Paediatrics,ARUN AGGARWAL,General,,MD,Rajsthan__Rajasthan Round 2 Allotment.txt,1555,
Rajasthan,Rajasthan,2025,R2,STATE_MERIT,3467.0,Emergency Medicine,SHIVKUMAR KUSHWAHA,OBC,,MD,Rajsthan__Rajasthan Round 2 Allotment.txt,1556,
Rajasthan,Rajasthan,2025,R2,STATE_MERIT,3471.0,Pharmacology,RAMJEEVAN KHINCHI,SC,,MD,Rajsthan__Rajasthan Round 2 Allotment.txt,1557,
Rajasthan,Rajasthan,2025,R2,STATE_MERIT,3472.0,PSM/Community Medicine,DEV CHAND MEENA,ST,,MD,Rajsthan__Rajasthan Round 2 Allotment.txt,1558,
Rajasthan,Rajasthan,2025,R2,STATE_MERIT,3477.0,General Medicine,SANJAY MATHUR,General,,MD,Rajsthan__Rajasthan Round 2 Allotment.txt,1559,
Rajasthan,Rajasthan,2025,R2,STATE_MERIT,3478.0,General Surgery,SUKHDEV SINGH,OBC,,MS,Rajsthan__Rajasthan Round 2 Allotment.txt,1560,
Rajasthan,Rajasthan,2025,R2,STATE_MERIT,3483.0,Psychiatry,DHARMENDRA SINGH,General,,MD,Rajsthan__Rajasthan Round 2 Allotment.txt,1561,
Rajasthan,Rajasthan,2025,R2,STATE_MERIT,3485.0,Psychiatry,SUBHASH CHANDRA GUPTA,General,,MD,Rajsthan__Rajasthan Round 2 Allotment.txt,1562,
Rajasthan,Rajasthan,2025,R2,STATE_MERIT,3486.0,Respiratory Medicine/T.B. & Chest/Tuberculosis & Respiratory Diseases,RANJEET SINGH,OBC,,MD,Rajsthan__Rajasthan Round 2 Allotment.txt,1563,
Rajasthan,Rajasthan,2025,R2,STATE_MERIT,3488.0,Pathology,DIMPLE GARG,General,,MD,Rajsthan__Rajasthan Round 2 Allotment.txt,1564,
Rajasthan,Rajasthan,2025,R2,STATE_MERIT,3490.0,Radiodiagnosis/Radiology,GANESHA RAM,OBC,,MD,Rajsthan__Rajasthan Round 2 Allotment.txt,1565,
Rajasthan,Rajasthan,2025,R2,STATE_MERIT,3491.0,Radiodiagnosis/Radiology,CHAUDHARY ARJANBHAI,General,,MD,Rajsthan__Rajasthan Round 2 Allotment.txt,1566,
Rajasthan,Rajasthan,2025,R2,STATE_MERIT,3493.0,Respiratory Medicine/T.B. & Chest/Tuberculosis & Respiratory Diseases,SIDHARTH SHANKAR,General,,MD,Rajsthan__Rajasthan Round 2 Allotment.txt,1567,
Rajasthan,Rajasthan,2025,R2,STATE_MERIT,3497.0,General Surgery,DINESH PANKAJ,SC,,MS,Rajsthan__Rajasthan Round 2 Allotment.txt,1568,
Rajasthan,Rajasthan,2025,R2,STATE_MERIT,3502.0,Radiodiagnosis/Radiology,SURENDER SINGH,General,,MD,Rajsthan__Rajasthan Round 2 Allotment.txt,1569,
Rajasthan,Rajasthan,2025,R2,STATE_MERIT,3503.0,Paediatrics,SANJAY RATHEE,General,,MD,Rajsthan__Rajasthan Round 2 Allotment.txt,1570,
Rajasthan,Rajasthan,2025,R2,STATE_MERIT,3504.0,ENT,RAVI NENAWATI,General,,MS,Rajsthan__Rajasthan Round 2 Allotment.txt,1571,
Rajasthan,Rajasthan,2025,R2,STATE_MERIT,3511.0,PSM/Community Medicine,MOHAN LAL NANOMA,ST,,MD,Rajsthan__Rajasthan Round 2 Allotment.txt,1572,
Rajasthan,Rajasthan,2025,R2,STATE_MERIT,3512.0,Psychiatry,J P SINGH,General,,MD,Rajsthan__Rajasthan Round 2 Allotment.txt,1573,
Rajasthan,Rajasthan,2025,R2,STATE_MERIT,3514.0,General Surgery,RAJESH BINDAL,General,,MS,Rajsthan__Rajasthan Round 2 Allotment.txt,1574,
Rajasthan,Rajasthan,2025,R2,STATE_MERIT,3515.0,Radiotherapy/Radiationoncology,MADALA JAYAPAL,General,,MD,Rajsthan__Rajasthan Round 2 Allotment.txt,1575,
Rajasthan,Rajasthan,2025,R2,STATE_MERIT,3516.0,Microbiology,RAMESHWAR BAIRWA,SC,,MD,Rajsthan__Rajasthan Round 2 Allotment.txt,1576,
Rajasthan,Rajasthan,2025,R2,STATE_MERIT,3517.0,General Surgery,VIJAYBHAI OGHADBHAI BARAD,General,,MS,Rajsthan__Rajasthan Round 2 Allotment.txt,1577,
Rajasthan,Rajasthan,2025,R2,STATE_MERIT,3518.0,Radiodiagnosis/Radiology,ISEM SINGH MORYE,SC,,MD,Rajsthan__Rajasthan Round 2 Allotment.txt,1578,
Rajasthan,Rajasthan,2025,R2,STATE_MERIT,3520.0,General Surgery,KIRITBHAI SHANKARBHAI CHAUDHARY,General,,MS,Rajsthan__Rajasthan Round 2 Allotment.txt,1579,
Rajasthan,Rajasthan,2025,R2,STATE_MERIT,3521.0,Biochemistry,DAYANAND SINGH,General,,MD,Rajsthan__Rajasthan Round 2 Allotment.txt,1580,
Rajasthan,Rajasthan,2025,R2,STATE_MERIT,3522.0,Anaesthesia,MANOJ DHINGRA,General,,MD,Rajsthan__Rajasthan Round 2 Allotment.txt,1581,
Rajasthan,Rajasthan,2025,R2,STATE_MERIT,3524.0,Anaesthesia,VINCENT JOSEPH,General,,MD,Rajsthan__Rajasthan Round 2 Allotment.txt,1582,
Rajasthan,Rajasthan,2025,R2,STATE_MERIT,3526.0,General Surgery,RAJESH KUMAR DUBEY,General,,MS,Rajsthan__Rajasthan Round 2 Allotment.txt,1583,
Rajasthan,Rajasthan,2025,R2,STATE_MERIT,3529.0,Anaesthesia,DR SANJAY GARG,General,,MD,Rajsthan__Rajasthan Round 2 Allotment.txt,1584,
Rajasthan,Rajasthan,2025,R2,STATE_MERIT,3537.0,PSM/Community Medicine,ANANT KUMAR JAIN,General,,MD,Rajsthan__Rajasthan Round 2 Allotment.txt,1585,
Rajasthan,Rajasthan,2025,R2,STATE_MERIT,3546.0,Obst. & Gynaecology,TARUN PATHAK,General,,MS,Rajsthan__Rajasthan Round 2 Allotment.txt,1586,
Rajasthan,Rajasthan,2025,R2,STATE_MERIT,3547.0,Emergency Medicine,PRATAP BHARDWAJ,General,,MD,Rajsthan__Rajasthan Round 2 Allotment.txt,1587,
Rajasthan,Rajasthan,2025,R2,STATE_MERIT,3551.0,PSM/Community Medicine,KADURAM MEENA,ST,,MD,Rajsthan__Rajasthan Round 2 Allotment.txt,1588,
Rajasthan,Rajasthan,2025,R2,STATE_MERIT,3552.0,Anaesthesia,SATISH KUMAR WANCHOO,General,,MD,Rajsthan__Rajasthan Round 2 Allotment.txt,1589,
Rajasthan,Rajasthan,2025,R2,STATE_MERIT,3556.0,Orthopaedics,AMRISH KUMAR TYAGI,General,,MS,Rajsthan__Rajasthan Round 2 Allotment.txt,1590,
Rajasthan,Rajasthan,2025,R2,STATE_MERIT,3558.0,Orthopaedics,SABBIR,OBC,,MS,Rajsthan__Rajasthan Round 2 Allotment.txt,1591,
Rajasthan,Rajasthan,2025,R2,STATE_MERIT,3559.0,Anaesthesia,ALTAF HUSEN AHMED HUSEN SHETHWALA,OBC,,MD,Rajsthan__Rajasthan Round 2 Allotment.txt,1592,
Rajasthan,Rajasthan,2025,R2,STATE_MERIT,3561.0,Orthopaedics,AMRA RAM,OBC,,MS,Rajsthan__Rajasthan Round 2 Allotment.txt,1593,
Rajasthan,Rajasthan,2025,R2,STATE_MERIT,3562.0,Phy. Med. & Reh.,RAJURAM CHAUDHARY,OBC,,MD,Rajsthan__Rajasthan Round 2 Allotment.txt,1594,
Rajasthan,Rajasthan,2025,R2,STATE_MERIT,3563.0,Paediatrics,NAVEEN CHANDRA DANI,General,,MD,Rajsthan__Rajasthan Round 2 Allotment.txt,1595,
Rajasthan,Rajasthan,2025,R2,STATE_MERIT,3564.0,Hospital Administration,ROHITASHV YADAV,OBC,,MD,Rajsthan__Rajasthan Round 2 Allotment.txt,1596,
Rajasthan,Rajasthan,2025,R2,STATE_MERIT,3567.0,General Medicine,RAJESH MISHRA,General,,MD,Rajsthan__Rajasthan Round 2 Allotment.txt,1597,
Rajasthan,Rajasthan,2025,R2,STATE_MERIT,3568.0,Ophthalmology,RAJESH GOYAL,OBC,,MS,Rajsthan__Rajasthan Round 2 Allotment.txt,1598,
Rajasthan,Rajasthan,2025,R2,STATE_MERIT,3569.0,Microbiology,CHHOGA LAL PUNIYA,SC,,MD,Rajsthan__Rajasthan Round 2 Allotment.txt,1599,
Rajasthan,Rajasthan,2025,R2,STATE_MERIT,3573.0,Ophthalmology,RAVI JAKHAR,OBC,,MS,Rajsthan__Rajasthan Round 2 Allotment.txt,1600,
Rajasthan,Rajasthan,2025,R2,STATE_MERIT,3576.0,Psychiatry,G S RASTOGI,General,,MD,Rajsthan__Rajasthan Round 2 Allotment.txt,1601,
Rajasthan,Rajasthan,2025,R2,STATE_MERIT,3578.0,Anaesthesia,DINESH KUMAR GUPTA,General,,MD,Rajsthan__Rajasthan Round 2 Allotment.txt,1602,
Rajasthan,Rajasthan,2025,R2,STATE_MERIT,3580.0,Radiodiagnosis/Radiology,AMRIT PAUL SINGLA,General,,MD,Rajsthan__Rajasthan Round 2 Allotment.txt,1603,
Rajasthan,Rajasthan,2025,R2,STATE_MERIT,3584.0,Ophthalmology,V C MISHRA,General,,MS,Rajsthan__Rajasthan Round 2 Allotment.txt,1604,
Rajasthan,Rajasthan,2025,R2,STATE_MERIT,3590.0,Psychiatry,RAMESH BARAYACH,General,,MD,Rajsthan__Rajasthan Round 2 Allotment.txt,1605,
Rajasthan,Rajasthan,2025,R2,STATE_MERIT,3592.0,Obst. & Gynaecology,NARENDRA SINGH PADWAL,OBC,,MS,Rajsthan__Rajasthan Round 2 Allotment.txt,1606,
Rajasthan,Rajasthan,2025,R2,STATE_MERIT,3593.0,Anaesthesia,RAJARAM YADAV,OBC,,MD,Rajsthan__Rajasthan Round 2 Allotment.txt,1607,
Rajasthan,Rajasthan,2025,R2,STATE_MERIT,3598.0,Orthopaedics,DINESHBHAI NARSHIBHAI PATEL,General,,MS,Rajsthan__Rajasthan Round 2 Allotment.txt,1608,
Rajasthan,Rajasthan,2025,R2,STATE_MERIT,3600.0,Ophthalmology,NANDLAL JHAJHARIA,OBC,,MS,Rajsthan__Rajasthan Round 2 Allotment.txt,1609,
Rajasthan,Rajasthan,2025,R2,STATE_MERIT,3601.0,Anaesthesia,ABDUL MAJEED,OBC,,MD,Rajsthan__Rajasthan Round 2 Allotment.txt,1610,
Rajasthan,Rajasthan,2025,R2,STATE_MERIT,3602.0,Physiology,TARUN JAIN,General,,MD,Rajsthan__Rajasthan Round 2 Allotment.txt,1611,
Rajasthan,Rajasthan,2025,R2,STATE_MERIT,3603.0,Orthopaedics,RAJENDER SINGH SOLANKI,General,,MS,Rajsthan__Rajasthan Round 2 Allotment.txt,1612,
Rajasthan,Rajasthan,2025,R2,STATE_MERIT,3604.0,Anaesthesia,SATYA PRAKASH,General,,MD,Rajsthan__Rajasthan Round 2 Allotment.txt,1621,
Rajasthan,Rajasthan,2025,R2,STATE_MERIT,3606.0,Anaesthesia,ANIL KUMAR M G,General,,MD,Rajsthan__Rajasthan Round 2 Allotment.txt,1622,
Rajasthan,Rajasthan,2025,R2,STATE_MERIT,3607.0,Skin & V.D / Dermatology Ven. & Leprosy,SOHAN DADHICH,General,,MD,Rajsthan__Rajasthan Round 2 Allotment.txt,1623,
Rajasthan,Rajasthan,2025,R2,STATE_MERIT,3609.0,Obst. & Gynaecology,KRISHAN KUMAR,General,,MS,Rajsthan__Rajasthan Round 2 Allotment.txt,1624,
Rajasthan,Rajasthan,2025,R2,STATE_MERIT,3616.0,Anaesthesia,ANANTA PATNAIKUNI MURALI MOHANA RAO,General,,MD,Rajsthan__Rajasthan Round 2 Allotment.txt,1625,
Rajasthan,Rajasthan,2025,R2,STATE_MERIT,3619.0,Pathology,BHARATKUMAR PADHIAR,General,,MD,Rajsthan__Rajasthan Round 2 Allotment.txt,1626,
Rajasthan,Rajasthan,2025,R2,STATE_MERIT,3624.0,Forensic Medicine,MANU ROAT,ST,,MD,Rajsthan__Rajasthan Round 2 Allotment.txt,1627,
Rajasthan,Rajasthan,2025,R2,STATE_MERIT,3633.0,Anaesthesia,GAJENDRA KUMAR SHRIVASTAVA,General,,MD,Rajsthan__Rajasthan Round 2 Allotment.txt,1628,
Rajasthan,Rajasthan,2025,R2,STATE_MERIT,3637.0,Anaesthesia,YOGESH GAURISHANKAR RAVAL,General,,MD,Rajsthan__Rajasthan Round 2 Allotment.txt,1629,
Rajasthan,Rajasthan,2025,R2,STATE_MERIT,3638.0,Microbiology,KANTI LAL MOREE,ST,,MD,Rajsthan__Rajasthan Round 2 Allotment.txt,1630,
Rajasthan,Rajasthan,2025,R2,STATE_MERIT,3639.0,Biochemistry,KAILASH CHAND VERMA,SC,,MD,Rajsthan__Rajasthan Round 2 Allotment.txt,1631,
Rajasthan,Rajasthan,2025,R2,STATE_MERIT,3640.0,Anaesthesia,VIJAY BENIWAL,General,,MD,Rajsthan__Rajasthan Round 2 Allotment.txt,1632,
Rajasthan,Rajasthan,2025,R2,STATE_MERIT,3641.0,Obst. & Gynaecology,PRABHU DAYAL JAT,OBC,,MS,Rajsthan__Rajasthan Round 2 Allotment.txt,1633,
Rajasthan,Rajasthan,2025,R2,STATE_MERIT,3642.0,Anatomy,MANGAT RAI GUPTA,General,,MS,Rajsthan__Rajasthan Round 2 Allotment.txt,1634,
Rajasthan,Rajasthan,2025,R2,STATE_MERIT,3643.0,Anaesthesia,UPENDRA AVASTHI,General,,MD,Rajsthan__Rajasthan Round 2 Allotment.txt,1635,
Rajasthan,Rajasthan,2025,R2,STATE_MERIT,3645.0,General Surgery,DILIP KUMAR VYAS,General,,MS,Rajsthan__Rajasthan Round 2 Allotment.txt,1636,
Rajasthan,Rajasthan,2025,R2,STATE_MERIT,3647.0,Respiratory Medicine/T.B. & Chest/Tuberculosis & Respiratory Diseases,SANJAY KUMAR VERMA,General,,MD,Rajsthan__Rajasthan Round 2 Allotment.txt,1637,
Rajasthan,Rajasthan,2025,R2,STATE_MERIT,3648.0,Psychiatry,GURMAIL SINGH,General,,MD,Rajsthan__Rajasthan Round 2 Allotment.txt,1638,
Rajasthan,Rajasthan,2025,R2,STATE_MERIT,3651.0,Anaesthesia,DODIYA NARANBHAI ARJANBHAI,OBC,,MD,Rajsthan__Rajasthan Round 2 Allotment.txt,1639,
Rajasthan,Rajasthan,2025,R2,STATE_MERIT,3654.0,Radiodiagnosis/Radiology,HARI RAM KARWASARA,OBC,,MD,Rajsthan__Rajasthan Round 2 Allotment.txt,1640,
Rajasthan,Rajasthan,2025,R2,STATE_MERIT,3656.0,Anaesthesia,SUDARSHAN SONI,OBC,,MD,Rajsthan__Rajasthan Round 2 Allotment.txt,1641,
Rajasthan,Rajasthan,2025,R2,STATE_MERIT,3657.0,Microbiology,OM PRAKASH,SC,,MD,Rajsthan__Rajasthan Round 2 Allotment.txt,1642,
Rajasthan,Rajasthan,2025,R2,STATE_MERIT,3660.0,Biochemistry,OM PRAKASH NAYAK,SC,,MD,Rajsthan__Rajasthan Round 2 Allotment.txt,1643,
Rajasthan,Rajasthan,2025,R2,STATE_MERIT,3662.0,General Medicine,BHAVA RAM,MBC NCL,,MD,Rajsthan__Rajasthan Round 2 Allotment.txt,1644,
Rajasthan,Rajasthan,2025,R2,STATE_MERIT,3666.0,Biochemistry,CHANDRA PRAKASH YADAV,OBC,,MD,Rajsthan__Rajasthan Round 2 Allotment.txt,1645,
Rajasthan,Rajasthan,2025,R2,STATE_MERIT,3667.0,Orthopaedics,SHIV SHANKAR SAINI,OBC,,MS,Rajsthan__Rajasthan Round 2 Allotment.txt,1646,
Rajasthan,Rajasthan,2025,R2,STATE_MERIT,3669.0,Ophthalmology,SUNIL CHAWLA,SC,,MS,Rajsthan__Rajasthan Round 2 Allotment.txt,1647,
Rajasthan,Rajasthan,2025,R2,STATE_MERIT,3674.0,Ophthalmology,SURESH KUMAR,OBC,,MS,Rajsthan__Rajasthan Round 2 Allotment.txt,1648,
Rajasthan,Rajasthan,2025,R2,STATE_MERIT,3675.0,PSM/Community Medicine,MUKHRAM BHASKAR,OBC,,MD,Rajsthan__Rajasthan Round 2 Allotment.txt,1649,
Rajasthan,Rajasthan,2025,R2,STATE_MERIT,3677.0,Microbiology,OMPRAKASH MAHALA,OBC,,MD,Rajsthan__Rajasthan Round 2 Allotment.txt,1650,
Rajasthan,Rajasthan,2025,R2,STATE_MERIT,3686.0,Physiology,OM PRAKASH,OBC,,MD,Rajsthan__Rajasthan Round 2 Allotment.txt,1651,
Rajasthan,Rajasthan,2025,R2,STATE_MERIT,3687.0,Orthopaedics,RAMDEV,OBC,,MS,Rajsthan__Rajasthan Round 2 Allotment.txt,1652,
Rajasthan,Rajasthan,2025,R2,STATE_MERIT,3688.0,Biochemistry,SHANTI LAL DAMOR,ST,,MD,Rajsthan__Rajasthan Round 2 Allotment.txt,1653,
Rajasthan,Rajasthan,2025,R2,STATE_MERIT,3689.0,General Surgery,PANKAJKUMAR,OBC,,MS,Rajsthan__Rajasthan Round 2 Allotment.txt,1654,
Rajasthan,Rajasthan,2025,R2,STATE_MERIT,3690.0,General Medicine,RISHIPAL,OBC,,MD,Rajsthan__Rajasthan Round 2 Allotment.txt,1655,
Rajasthan,Rajasthan,2025,R2,STATE_MERIT,3692.0,General Medicine,KAILASH CHAND RUNDLA,OBC,,MD,Rajsthan__Rajasthan Round 2 Allotment.txt,1656,
Rajasthan,Rajasthan,2025,R2,STATE_MERIT,3693.0,Orthopaedics,HARIKRISHAN SAINI,OBC,,MS,Rajsthan__Rajasthan Round 2 Allotment.txt,1657,
Rajasthan,Rajasthan,2025,R2,STATE_MERIT,3694.0,Forensic Medicine,MUKH RAM,MBC NCL,,MD,Rajsthan__Rajasthan Round 2 Allotment.txt,1658,
Rajasthan,Rajasthan,2025,R2,STATE_MERIT,3695.0,General Medicine,DHARM RAJ MEENA,ST,,MD,Rajsthan__Rajasthan Round 2 Allotment.txt,1659,
Rajasthan,Rajasthan,2025,R2,STATE_MERIT,3698.0,Orthopaedics,RANVEER SINGH KATEWA,OBC,,MS,Rajsthan__Rajasthan Round 2 Allotment.txt,1660,
Rajasthan,Rajasthan,2025,R2,STATE_MERIT,3704.0,Paediatrics,RAM SINGH KASHYAP,OBC,,MD,Rajsthan__Rajasthan Round 2 Allotment.txt,1661,
Rajasthan,Rajasthan,2025,R2,STATE_MERIT,3708.0,Emergency Medicine,MEHBOOB ANSARI,OBC,,MD,Rajsthan__Rajasthan Round 2 Allotment.txt,1662,
Rajasthan,Rajasthan,2025,R2,STATE_MERIT,3709.0,Obst. & Gynaecology,PURSHOTAM ARYA,OBC,,MS,Rajsthan__Rajasthan Round 2 Allotment.txt,1663,
Rajasthan,Rajasthan,2025,R2,STATE_MERIT,3710.0,General Medicine,FASIHUDDIN QURESHI,OBC,,MD,Rajsthan__Rajasthan Round 2 Allotment.txt,1664,
Rajasthan,Rajasthan,2025,R2,STATE_MERIT,3711.0,Anaesthesia,KALPESHKUMAR RASIKLAL DARJI,OBC,,MD,Rajsthan__Rajasthan Round 2 Allotment.txt,1665,
Rajasthan,Rajasthan,2025,R2,STATE_MERIT,3713.0,Obst. & Gynaecology,MEHRAM,OBC,,MS,Rajsthan__Rajasthan Round 2 Allotment.txt,1666,
Rajasthan,Rajasthan,2025,R2,STATE_MERIT,3715.0,Paediatrics,SHYAM LAL MEENA,ST,,MD,Rajsthan__Rajasthan Round 2 Allotment.txt,1667,
Rajasthan,Rajasthan,2025,R2,STATE_MERIT,3716.0,Pharmacology,GHANSHYAM MEENA,ST,,MD,Rajsthan__Rajasthan Round 2 Allotment.txt,1668,
Rajasthan,Rajasthan,2025,R2,STATE_MERIT,3719.0,General Medicine,SATISH KUMAR,OBC,,MD,Rajsthan__Rajasthan Round 2 Allotment.txt,1669,
Rajasthan,Rajasthan,2025,R2,STATE_MERIT,3720.0,General Medicine,SURENDER KUMAR,OBC,,MD,Rajsthan__Rajasthan Round 2 Allotment.txt,1670,
Rajasthan,Rajasthan,2025,R2,STATE_MERIT,3723.0,Pharmacology,JODHRAJ,OBC,,MD,Rajsthan__Rajasthan Round 2 Allotment.txt,1671,
Rajasthan,Rajasthan,2025,R2,STATE_MERIT,3724.0,Pathology,BHAWANI SINGH,OBC,,MD,Rajsthan__Rajasthan Round 2 Allotment.txt,1672,
Rajasthan,Rajasthan,2025,R2,STATE_MERIT,3726.0,Biochemistry,GOPAL LAL MEENA,ST,,MD,Rajsthan__Rajasthan Round 2 Allotment.txt,1673,
Rajasthan,Rajasthan,2025,R2,STATE_MERIT,3727.0,Paediatrics,DEVENDRA KALER,OBC,,MD,Rajsthan__Rajasthan Round 2 Allotment.txt,1674,
Rajasthan,Rajasthan,2025,R2,STATE_MERIT,3728.0,Ophthalmology,SANJEEV KUMAR,OBC,,MS,Rajsthan__Rajasthan Round 2 Allotment.txt,1675,
Rajasthan,Rajasthan,2025,R2,STATE_MERIT,3729.0,Pharmacology,SAHAB SINGH,MBC NCL,,MD,Rajsthan__Rajasthan Round 2 Allotment.txt,1676,
Rajasthan,Rajasthan,2025,R2,STATE_MERIT,3730.0,Anaesthesia,PRAJAPATI SURESHCHANDRA M,OBC,,MD,Rajsthan__Rajasthan Round 2 Allotment.txt,1677,
Rajasthan,Rajasthan,2025,R2,STATE_MERIT,3733.0,Pathology,ASHVINBHAI,OBC,,MD,Rajsthan__Rajasthan Round 2 Allotment.txt,1678,
Rajasthan,Rajasthan,2025,R2,STATE_MERIT,3734.0,ENT,ASHOK YADAV,OBC,,MS,Rajsthan__Rajasthan Round 2 Allotment.txt,1679,
Rajasthan,Rajasthan,2025,R2,STATE_MERIT,3736.0,General Surgery,SHYOJI RAM SAMOTA,OBC,,MS,Rajsthan__Rajasthan Round 2 Allotment.txt,1680,
Rajasthan,Rajasthan,2025,R2,STATE_MERIT,3738.0,Paediatrics,MEHRAM MEHRIYA,OBC,,MD,Rajsthan__Rajasthan Round 2 Allotment.txt,1681,
Rajasthan,Rajasthan,2025,R2,STATE_MERIT,3743.0,Respiratory Medicine/T.B. & Chest/Tuberculosis & Respiratory Diseases,BHANWAR LAL,OBC,,MD,Rajsthan__Rajasthan Round 2 Allotment.txt,1682,
Rajasthan,Rajasthan,2025,R2,STATE_MERIT,3751.0,Anaesthesia,OM PRAKASH PRASAD,OBC,,MD,Rajsthan__Rajasthan Round 2 Allotment.txt,1683,
Rajasthan,Rajasthan,2025,R2,STATE_MERIT,3752.0,Emergency Medicine,PYARE LAL CHOUDHARY,OBC,,MD,Rajsthan__Rajasthan Round 2 Allotment.txt,1684,
Rajasthan,Rajasthan,2025,R2,STATE_MERIT,3758.0,Orthopaedics,BHANWAR LAL,OBC,,MS,Rajsthan__Rajasthan Round 2 Allotment.txt,1685,
Rajasthan,Rajasthan,2025,R2,STATE_MERIT,3759.0,Physiology,RAJENDRA JATAV,SC,,MD,Rajsthan__Rajasthan Round 2 Allotment.txt,1686,
Rajasthan,Rajasthan,2025,R2,STATE_MERIT,3760.0,Pharmacology,HAJA ROAT,ST,,MD,Rajsthan__Rajasthan Round 2 Allotment.txt,1687,
Rajasthan,Rajasthan,2025,R2,STATE_MERIT,3761.0,Biochemistry,HUKAMRAJ MEENA,ST,,MD,Rajsthan__Rajasthan Round 2 Allotment.txt,1688,
Rajasthan,Rajasthan,2025,R2,STATE_MERIT,3762.0,Anaesthesia,HANSRAJ,OBC,,MD,Rajsthan__Rajasthan Round 2 Allotment.txt,1689,
Rajasthan,Rajasthan,2025,R2,STATE_MERIT,3763.0,Biochemistry,RAMNARAYAN,ST,,MD,Rajsthan__Rajasthan Round 2 Allotment.txt,1698,
Rajasthan,Rajasthan,2025,R2,STATE_MERIT,3765.0,Anaesthesia,JAGBIR SINGH TANWAR,OBC,,MD,Rajsthan__Rajasthan Round 2 Allotment.txt,1699,
Rajasthan,Rajasthan,2025,R2,STATE_MERIT,3768.0,ENT,BINOD KUMAR SINHA,OBC,,MS,Rajsthan__Rajasthan Round 2 Allotment.txt,1700,
Rajasthan,Rajasthan,2025,R2,STATE_MERIT,3769.0,Anatomy,RANVEER SINGH MEENA,ST,,MS,Rajsthan__Rajasthan Round 2 Allotment.txt,1701,
Rajasthan,Rajasthan,2025,R2,STATE_MERIT,3772.0,Obst. & Gynaecology,DINANATH SHAH,OBC,,MS,Rajsthan__Rajasthan Round 2 Allotment.txt,1702,
Rajasthan,Rajasthan,2025,R2,STATE_MERIT,3773.0,Paediatrics,ASHOK KUMAR,SC,,MD,Rajsthan__Rajasthan Round 2 Allotment.txt,1703,
Rajasthan,Rajasthan,2025,R2,STATE_MERIT,3775.0,Obst. & Gynaecology,JAI PRAKASH SINGH,OBC,,MS,Rajsthan__Rajasthan Round 2 Allotment.txt,1704,
Rajasthan,Rajasthan,2025,R2,STATE_MERIT,3777.0,Orthopaedics,AMIN ASGAR,OBC,,MS,Rajsthan__Rajasthan Round 2 Allotment.txt,1705,
Rajasthan,Rajasthan,2025,R2,STATE_MERIT,3778.0,ENT,NATHU RAM THIRODA,OBC,,MS,Rajsthan__Rajasthan Round 2 Allotment.txt,1706,
Rajasthan,Rajasthan,2025,R2,STATE_MERIT,3782.0,General Surgery,ASLAM CHOWDHARY,ST,,MS,Rajsthan__Rajasthan Round 2 Allotment.txt,1707,
Rajasthan,Rajasthan,2025,R2,STATE_MERIT,3784.0,Biochemistry,CHANDAN SINGH RAO,OBC,,MD,Rajsthan__Rajasthan Round 2 Allotment.txt,1708,
Rajasthan,Rajasthan,2025,R2,STATE_MERIT,3785.0,General Surgery,RAMBHAI BHIMBHAI PANCHALIYA,OBC,,MS,Rajsthan__Rajasthan Round 2 Allotment.txt,1709,
Rajasthan,Rajasthan,2025,R2,STATE_MERIT,3787.0,Forensic Medicine,DEVJI MEENA,ST,,MD,Rajsthan__Rajasthan Round 2 Allotment.txt,1710,
Rajasthan,Rajasthan,2025,R2,STATE_MERIT,3790.0,Anatomy,BABU LAL SUTHAR,OBC,,MS,Rajsthan__Rajasthan Round 2 Allotment.txt,1711,
Rajasthan,Rajasthan,2025,R2,STATE_MERIT,3795.0,Radiodiagnosis/Radiology,BHAGWAN,OBC,,MD,Rajsthan__Rajasthan Round 2 Allotment.txt,1712,
Rajasthan,Rajasthan,2025,R2,STATE_MERIT,3796.0,Radiodiagnosis/Radiology,BHIMRAJ MEENA,ST,,MD,Rajsthan__Rajasthan Round 2 Allotment.txt,1713,
Rajasthan,Rajasthan,2025,R2,STATE_MERIT,3797.0,Biochemistry,PATALYA RAM SAINI,OBC,,MD,Rajsthan__Rajasthan Round 2 Allotment.txt,1714,
Rajasthan,Rajasthan,2025,R2,STATE_MERIT,3806.0,Phy. Med. & Reh.,JAIRAM,SC,,MD,Rajsthan__Rajasthan Round 2 Allotment.txt,1715,
Rajasthan,Rajasthan,2025,R2,STATE_MERIT,3809.0,Ophthalmology,RAJENDRA WEER,OBC,,MS,Rajsthan__Rajasthan Round 2 Allotment.txt,1716,
Rajasthan,Rajasthan,2025,R2,STATE_MERIT,3811.0,General Medicine,ASHISHKUMAR AGRAVAT,OBC,,MD,Rajsthan__Rajasthan Round 2 Allotment.txt,1717,
Rajasthan,Rajasthan,2025,R2,STATE_MERIT,3812.0,Anaesthesia,BIRENDER SINGH,OBC,,MD,Rajsthan__Rajasthan Round 2 Allotment.txt,1718,
Rajasthan,Rajasthan,2025,R2,STATE_MERIT,3813.0,Physiology,BANWARI LAL MUND,OBC,,MD,Rajsthan__Rajasthan Round 2 Allotment.txt,1719,
Rajasthan,Rajasthan,2025,R2,STATE_MERIT,3815.0,ENT,SHAMBHU PRASAD,OBC,,MS,Rajsthan__Rajasthan Round 2 Allotment.txt,1720,
Rajasthan,Rajasthan,2025,R2,STATE_MERIT,3817.0,Pathology,BHANWAR LAL,OBC,,MD,Rajsthan__Rajasthan Round 2 Allotment.txt,1721,
Rajasthan,Rajasthan,2025,R2,STATE_MERIT,3818.0,PSM/Community Medicine,RAGHUNATH RAM,OBC,,MD,Rajsthan__Rajasthan Round 2 Allotment.txt,1722,
Rajasthan,Rajasthan,2025,R2,STATE_MERIT,3820.0,Skin & V.D / Dermatology Ven. & Leprosy,SUBH KARAN SINGH DAHIYA,OBC,,MD,Rajsthan__Rajasthan Round 2 Allotment.txt,1723,
Rajasthan,Rajasthan,2025,R2,STATE_MERIT,3822.0,Obst. & Gynaecology,HEMRAJ CHECHI,OBC,,MS,Rajsthan__Rajasthan Round 2 Allotment.txt,1724,
Rajasthan,Rajasthan,2025,R2,STATE_MERIT,3823.0,General Surgery,RAMSWAROOP SAHU,OBC,,MS,Rajsthan__Rajasthan Round 2 Allotment.txt,1725,
Rajasthan,Rajasthan,2025,R2,STATE_MERIT,3824.0,Paediatrics,GYAN CHANDRA CHITRAVANSHI,OBC,,MD,Rajsthan__Rajasthan Round 2 Allotment.txt,1726,
Rajasthan,Rajasthan,2025,R2,STATE_MERIT,3825.0,General Medicine,SOHANLAL JAT,OBC,,MD,Rajsthan__Rajasthan Round 2 Allotment.txt,1727,
Rajasthan,Rajasthan,2025,R2,STATE_MERIT,3826.0,Anaesthesia,DEVI LAL KHAROL,OBC,,MD,Rajsthan__Rajasthan Round 2 Allotment.txt,1728,
Rajasthan,Rajasthan,2025,R2,STATE_MERIT,3828.0,General Surgery,VIVEK KATIYAR,OBC,,MS,Rajsthan__Rajasthan Round 2 Allotment.txt,1729,
Rajasthan,Rajasthan,2025,R2,STATE_MERIT,3829.0,Orthopaedics,RANGLAL MEENA,ST,,MS,Rajsthan__Rajasthan Round 2 Allotment.txt,1730,
Rajasthan,Rajasthan,2025,STRAY,STATE_MERIT,,Obst. & Gynaecology,GOKUL RAM JAT,SITA RAM JAT,,,Rajsthan__Rajasthan Stray Vacancy Round Allotment.txt,6,allotted
Rajasthan,Rajasthan,2025,STRAY,STATE_MERIT,,Orthopaedics,MOHAN LAL DHABAS,BAJRANG LAL DHABAS,,,Rajsthan__Rajasthan Stray Vacancy Round Allotment.txt,8,allotted
Rajasthan,Rajasthan,2025,STRAY,STATE_MERIT,,SPMC Bikaner,MD,NAVEEN KUMAR GUPTA ASHOK KUMAR GUPTA,,,Rajsthan__Rajasthan Stray Vacancy Round Allotment.txt,10,allotted
Rajasthan,Rajasthan,2025,STRAY,STATE_MERIT,,Government,MS,HARJI RAM CHOUDHARY BABU LAL CHOUDHARY,,,Rajsthan__Rajasthan Stray Vacancy Round Allotment.txt,12,allotted
Rajasthan,Rajasthan,2025,STRAY,STATE_MERIT,,Radiotherapy/Radiationoncology,MALI RAM BAJYA,RAMJI LAL BAJYA,,,Rajsthan__Rajasthan Stray Vacancy Round Allotment.txt,14,allotted
Rajasthan,Rajasthan,2025,STRAY,STATE_MERIT,,Government,MS,APOORVA SHARMA,,,Rajsthan__Rajasthan Stray Vacancy Round Allotment.txt,16,allotted
Rajasthan,Rajasthan,2025,STRAY,STATE_MERIT,,Radiotherapy/Radiationoncology,BHAGWAN RAM,RAVINDRA RATHORE,,,Rajsthan__Rajasthan Stray Vacancy Round Allotment.txt,18,allotted
Rajasthan,Rajasthan,2025,STRAY,STATE_MERIT,,Anaesthesia,BHOLI RAM LOHAR,ANIL LOHAR,,,Rajsthan__Rajasthan Stray Vacancy Round Allotment.txt,20,allotted
Rajasthan,Rajasthan,2025,STRAY,STATE_MERIT,,Obst. & Gynaecology,PREM SINGH,SUSHMITA SINGH,,,Rajsthan__Rajasthan Stray Vacancy Round Allotment.txt,22,allotted
Rajasthan,Rajasthan,2025,STRAY,STATE_MERIT,,25661234339,Anaesthesia,MD,,,Rajsthan__Rajasthan Stray Vacancy Round Allotment.txt,24,allotted
Rajasthan,Rajasthan,2025,STRAY,STATE_MERIT,,General Medicine,MANOJ KUMAR,GUNJA KUMARI,,,Rajsthan__Rajasthan Stray Vacancy Round Allotment.txt,27,allotted
Rajasthan,Rajasthan,2025,STRAY,STATE_MERIT,,Government,NAVRANG LAL,RAMESH CHAND,,,Rajsthan__Rajasthan Stray Vacancy Round Allotment.txt,30,allotted
Rajasthan,Rajasthan,2025,STRAY,STATE_MERIT,,Forensic Medicine,HUKMA RAM,DILIP SINGH GEHLOT,,,Rajsthan__Rajasthan Stray Vacancy Round Allotment.txt,32,allotted
Rajasthan,Rajasthan,2025,STRAY,STATE_MERIT,,Government,MBBS,SUNIL CHOUDHARY,,,Rajsthan__Rajasthan Stray Vacancy Round Allotment.txt,35,allotted
Rajasthan,Rajasthan,2025,STRAY,STATE_MERIT,,Management,MD,AMAN CHOUDHARY,,,Rajsthan__Rajasthan Stray Vacancy Round Allotment.txt,39,allotted
Rajasthan,Rajasthan,2025,STRAY,STATE_MERIT,,Pathology,BHANWAR SINGH,KARAN SINGH,,,Rajsthan__Rajasthan Stray Vacancy Round Allotment.txt,41,allotted
Rajasthan,Rajasthan,2025,STRAY,STATE_MERIT,,Palliative Medicine,PRABHU NARAYAN,ROSHAN MEENA,,,Rajsthan__Rajasthan Stray Vacancy Round Allotment.txt,43,allotted
Rajasthan,Rajasthan,2025,STRAY,STATE_MERIT,,Government,BHANWAR LAL VERMA,MANISH,,,Rajsthan__Rajasthan Stray Vacancy Round Allotment.txt,45,allotted
Rajasthan,Rajasthan,2025,STRAY,STATE_MERIT,,PSM/Community Medicine,GHANSHYAM SHARMA,HARSHITA MISHRA,,,Rajsthan__Rajasthan Stray Vacancy Round Allotment.txt,48,allotted
Rajasthan,Rajasthan,2025,STRAY,STATE_MERIT,,Anatomy,DHANA RAM,SHRWAN RAM KHILERY,,,Rajsthan__Rajasthan Stray Vacancy Round Allotment.txt,50,allotted
Rajasthan,Rajasthan,2025,STRAY,STATE_MERIT,,Government,MOOLCHAND PAWAR,SEEMA PAWAR,,,Rajsthan__Rajasthan Stray Vacancy Round Allotment.txt,52,allotted
Rajasthan,Rajasthan,2025,STRAY,STATE_MERIT,,Orthopaedics,JASWANT SINGH,RITWIK SINGH,,,Rajsthan__Rajasthan Stray Vacancy Round Allotment.txt,55,allotted
Rajasthan,Rajasthan,2025,STRAY,STATE_MERIT,,Radiodiagnosis/Radiology,ASHOK KUMAR GUPTA,PRAKHAR GUPTA,,,Rajsthan__Rajasthan Stray Vacancy Round Allotment.txt,58,allotted
Rajasthan,Rajasthan,2025,STRAY,STATE_MERIT,,Government,MS,MOTI SINGH RATHORE,,,Rajsthan__Rajasthan Stray Vacancy Round Allotment.txt,61,allotted
Rajasthan,Rajasthan,2025,STRAY,STATE_MERIT,,Paediatrics,NATHU RAM KARWA,HARENDRA KARWA,,,Rajsthan__Rajasthan Stray Vacancy Round Allotment.txt,64,allotted
Rajasthan,Rajasthan,2025,STRAY,STATE_MERIT,,PSM/Community Medicine,MUNSHIRAM MEENA,GORDHAN MEENA,,,Rajsthan__Rajasthan Stray Vacancy Round Allotment.txt,66,allotted
Rajasthan,Rajasthan,2025,STRAY,STATE_MERIT,,Radiotherapy/Radiationoncology,SATBIR SHARMA,SANGITA KUMARI,,,Rajsthan__Rajasthan Stray Vacancy Round Allotment.txt,68,allotted
Rajasthan,Rajasthan,2025,STRAY,STATE_MERIT,,General Surgery,HEMANT KUMAR,AMRIT,,,Rajsthan__Rajasthan Stray Vacancy Round Allotment.txt,71,allotted
Rajasthan,Rajasthan,2025,STRAY,STATE_MERIT,,Microbiology,TULSI RAM SOMANI,ARUN SOMANI,,,Rajsthan__Rajasthan Stray Vacancy Round Allotment.txt,78,allotted
Rajasthan,Rajasthan,2025,STRAY,STATE_MERIT,,Government,MS,HIMANSHU CHAUDHARY RAMBIR SINGH,,,Rajsthan__Rajasthan Stray Vacancy Round Allotment.txt,80,allotted
Rajasthan,Rajasthan,2025,STRAY,STATE_MERIT,,Government,VED PRAKASH DHINGRA MS,MOHIT DHINGRA,,,Rajsthan__Rajasthan Stray Vacancy Round Allotment.txt,83,allotted
Rajasthan,Rajasthan,2025,STRAY,STATE_MERIT,,Obst. & Gynaecology,RAKESH YADAV,LEEZA YADAV,,,Rajsthan__Rajasthan Stray Vacancy Round Allotment.txt,86,allotted
Rajasthan,Rajasthan,2025,STRAY,STATE_MERIT,,Chest/Tuberculosis & Respiratory,RAJESH TYAGI,NAVNEET TYAGI,,,Rajsthan__Rajasthan Stray Vacancy Round Allotment.txt,89,allotted
Rajasthan,Rajasthan,2025,STRAY,STATE_MERIT,,Anatomy,RAJENDRA NAGAR,PIYUSH NAGAR,,,Rajsthan__Rajasthan Stray Vacancy Round Allotment.txt,91,allotted
Rajasthan,Rajasthan,2025,STRAY,STATE_MERIT,,Government,PRAVEEN KUMAR KALAL MD,KUNDAN KALAL,,,Rajsthan__Rajasthan Stray Vacancy Round Allotment.txt,93,allotted
Rajasthan,Rajasthan,2025,STRAY,STATE_MERIT,,Orthopaedics,PARVEEN YADAV,NIKHIL YADAV,,,Rajsthan__Rajasthan Stray Vacancy Round Allotment.txt,96,allotted
Rajasthan,Rajasthan,2025,STRAY,STATE_MERIT,,Orthopaedics,MAN MOHAN PIPLANI,NAMAN PIPLANI,,,Rajsthan__Rajasthan Stray Vacancy Round Allotment.txt,99,allotted
Rajasthan,Rajasthan,2025,STRAY,STATE_MERIT,,"Management Medical Sciences and Research Centre,",MD,JANHAVI DIWAN,,,Rajsthan__Rajasthan Stray Vacancy Round Allotment.txt,103,allotted
Rajasthan,Rajasthan,2025,STRAY,STATE_MERIT,,Anesthesia,LAXMI NARAYAN JAT,SURESH KUMAR JAT,,,Rajsthan__Rajasthan Stray Vacancy Round Allotment.txt,107,allotted
Rajasthan,Rajasthan,2025,STRAY,STATE_MERIT,,Radiodiagnosis/Radiology,JAGDISH,NITESH,,,Rajsthan__Rajasthan Stray Vacancy Round Allotment.txt,110,allotted
Rajasthan,Rajasthan,2025,STRAY,STATE_MERIT,,25661199939,General Medicine,MD,,,Rajsthan__Rajasthan Stray Vacancy Round Allotment.txt,113,allotted
Rajasthan,Rajasthan,2025,STRAY,STATE_MERIT,,General Medicine,CHIMAN LAL,VIVEK KUMAR,,,Rajsthan__Rajasthan Stray Vacancy Round Allotment.txt,116,allotted
Rajasthan,Rajasthan,2025,STRAY,STATE_MERIT,,Government,MD,AVIRAL PRASAD,,,Rajsthan__Rajasthan Stray Vacancy Round Allotment.txt,119,allotted
Rajasthan,Rajasthan,2025,STRAY,STATE_MERIT,,Paediatrics,PAWAN SETHI,MEHAKANKSHA SETHI,,,Rajsthan__Rajasthan Stray Vacancy Round Allotment.txt,122,allotted
Rajasthan,Rajasthan,2025,STRAY,STATE_MERIT,,25661032354,Physiology,MD,,,Rajsthan__Rajasthan Stray Vacancy Round Allotment.txt,125,allotted
Rajasthan,Rajasthan,2025,STRAY,STATE_MERIT,,Biochemistry,B L MEENA,MEGHA MEENA,,,Rajsthan__Rajasthan Stray Vacancy Round Allotment.txt,127,allotted
Rajasthan,Rajasthan,2025,STRAY,STATE_MERIT,,DH Sriganganagar,Family Medicine,MBBS,,,Rajsthan__Rajasthan Stray Vacancy Round Allotment.txt,130,allotted
Rajasthan,Rajasthan,2025,STRAY,STATE_MERIT,,AI,JIJI JOSEPH,JITHU GIGI JOSEPH,,,Rajsthan__Rajasthan Stray Vacancy Round Allotment.txt,134,allotted
Rajasthan,Rajasthan,2025,STRAY,STATE_MERIT,,Paediatrics,GIRISH GORIYA,ROHANSHI GORIYA,,,Rajsthan__Rajasthan Stray Vacancy Round Allotment.txt,137,allotted
Rajasthan,Rajasthan,2025,STRAY,STATE_MERIT,,Government,AJAYA KUMAR ACHARYA MS,MANISH ACHARYA,,,Rajsthan__Rajasthan Stray Vacancy Round Allotment.txt,140,allotted
Rajasthan,Rajasthan,2025,STRAY,STATE_MERIT,,General Surgery,VITTHAL,RAM VITTHAL RODGE,,,Rajsthan__Rajasthan Stray Vacancy Round Allotment.txt,143,allotted
Rajasthan,Rajasthan,2025,STRAY,STATE_MERIT,,AI,MD,RAVINA LALCHANDANI,,,Rajsthan__Rajasthan Stray Vacancy Round Allotment.txt,146,allotted
Rajasthan,Rajasthan,2025,STRAY,STATE_MERIT,,Government,MD,BHAWANI SINGH,,,Rajsthan__Rajasthan Stray Vacancy Round Allotment.txt,156,allotted
Rajasthan,Rajasthan,2025,STRAY,STATE_MERIT,,Psychiatry,JINAINDER JAIN,REETVIK,,,Rajsthan__Rajasthan Stray Vacancy Round Allotment.txt,159,allotted
Rajasthan,Rajasthan,2025,STRAY,STATE_MERIT,,Ophthalmology,PRAVEEN KUMAR JAIN,VINIT KUMAR JAIN,,,Rajsthan__Rajasthan Stray Vacancy Round Allotment.txt,163,allotted
Rajasthan,Rajasthan,2025,STRAY,STATE_MERIT,,AI,ALOK KUMAR AGARWAL MS,PRANAV AGARWAL,,,Rajsthan__Rajasthan Stray Vacancy Round Allotment.txt,167,allotted
Rajasthan,Rajasthan,2025,STRAY,STATE_MERIT,,Radiodiagnosis/Radiology,NARESH,PRACHI,,,Rajsthan__Rajasthan Stray Vacancy Round Allotment.txt,170,allotted
Rajasthan,Rajasthan,2025,STRAY,STATE_MERIT,,"Medical Sciences and Research Centre,",General Surgery,MS,,,Rajsthan__Rajasthan Stray Vacancy Round Allotment.txt,174,allotted
Rajasthan,Rajasthan,2025,STRAY,STATE_MERIT,,Government,MD,ROHIT KUMAR SINGH,,,Rajsthan__Rajasthan Stray Vacancy Round Allotment.txt,178,allotted
Rajasthan,Rajasthan,2025,STRAY,STATE_MERIT,,Management GMC Bhilwara,KRISHNAKANT SHARMA MD,AVANTIKA SHARMA,,,Rajsthan__Rajasthan Stray Vacancy Round Allotment.txt,181,allotted
Rajasthan,Rajasthan,2025,STRAY,STATE_MERIT,,Anatomy,MOHAMMED FAROOQ,ZUBIYA BANO,,,Rajsthan__Rajasthan Stray Vacancy Round Allotment.txt,183,allotted
Rajasthan,Rajasthan,2025,STRAY,STATE_MERIT,,General Medicine,SUBHASH GOSWAMI,ANKIT GOSWAMI,,,Rajsthan__Rajasthan Stray Vacancy Round Allotment.txt,185,allotted
Rajasthan,Rajasthan,2025,STRAY,STATE_MERIT,,Obst. & Gynaecology,NISHANT AGARWAL,ANUSHA AGRAWAL,,,Rajsthan__Rajasthan Stray Vacancy Round Allotment.txt,188,allotted
Rajasthan,Rajasthan,2025,STRAY,STATE_MERIT,,Obst. & Gynaecology,KARTAR SINGH,KOMAL,,,Rajsthan__Rajasthan Stray Vacancy Round Allotment.txt,191,allotted
Rajasthan,Rajasthan,2025,STRAY,STATE_MERIT,,General Surgery,ANIL PATEL,PRIYANSHI PATEL,,,Rajsthan__Rajasthan Stray Vacancy Round Allotment.txt,194,allotted
Rajasthan,Rajasthan,2025,STRAY,STATE_MERIT,,25661114344,Anaesthesia,SAEED DAUDBHAI PATEL MD,,,Rajsthan__Rajasthan Stray Vacancy Round Allotment.txt,197,allotted
Rajasthan,Rajasthan,2025,STRAY,STATE_MERIT,,Government,MD,SAURAV SHARMA,,,Rajsthan__Rajasthan Stray Vacancy Round Allotment.txt,200,allotted
Rajasthan,Rajasthan,2025,STRAY,STATE_MERIT,,General Surgery,ANIL KUMAR SINGH,ADITI SINGH,,,Rajsthan__Rajasthan Stray Vacancy Round Allotment.txt,203,allotted
Rajasthan,Rajasthan,2025,STRAY,STATE_MERIT,,25661157116,Orthopaedics,T G CHANDRASHEKHAR MS,,,Rajsthan__Rajasthan Stray Vacancy Round Allotment.txt,207,allotted
Rajasthan,Rajasthan,2025,STRAY,STATE_MERIT,,Forensic Medicine,ANIL GOKHROO,ANANT GOKHROO,,,Rajsthan__Rajasthan Stray Vacancy Round Allotment.txt,211,allotted
Rajasthan,Rajasthan,2025,STRAY,STATE_MERIT,,Obst. & Gynaecology,NATVER PATEL,UNNATI PATEL,,,Rajsthan__Rajasthan Stray Vacancy Round Allotment.txt,214,allotted
Rajasthan,Rajasthan,2025,STRAY,STATE_MERIT,,Forensic Medicine,GIRDHARI RAM,PUKH RAJDHUN,,,Rajsthan__Rajasthan Stray Vacancy Round Allotment.txt,217,allotted
Rajasthan,Rajasthan,2025,STRAY,STATE_MERIT,,Radiodiagnosis/Radiology,SATISH KUMAR,NISTHA SHEORAN,,,Rajsthan__Rajasthan Stray Vacancy Round Allotment.txt,220,allotted
Rajasthan,Rajasthan,2025,STRAY,STATE_MERIT,,AI,MD,DHANANJAY CHATE,,,Rajsthan__Rajasthan Stray Vacancy Round Allotment.txt,223,allotted
Rajasthan,Rajasthan,2025,STRAY,STATE_MERIT,,Paediatrics,VINEET GOEL,MANAN GOEL,,,Rajsthan__Rajasthan Stray Vacancy Round Allotment.txt,226,allotted
Rajasthan,Rajasthan,2025,STRAY,STATE_MERIT,,AI,MS,V JAYAPRAKASH,,,Rajsthan__Rajasthan Stray Vacancy Round Allotment.txt,236,allotted
Rajasthan,Rajasthan,2025,STRAY,STATE_MERIT,,Anaesthesia,SANDEEP SHARMA,RISHABH SHARMA,,,Rajsthan__Rajasthan Stray Vacancy Round Allotment.txt,239,allotted
Rajasthan,Rajasthan,2025,STRAY,STATE_MERIT,,Paediatrics,GAMBHIR SINGH,VIKARN SINGH,,,Rajsthan__Rajasthan Stray Vacancy Round Allotment.txt,242,allotted
Rajasthan,Rajasthan,2025,STRAY,STATE_MERIT,,AI,MS,IBADAT SARASWAT,,,Rajsthan__Rajasthan Stray Vacancy Round Allotment.txt,245,allotted
Rajasthan,Rajasthan,2025,STRAY,STATE_MERIT,,Anatomy,SUNIL HARSH,JASMITA HARSH,,,Rajsthan__Rajasthan Stray Vacancy Round Allotment.txt,247,allotted
Rajasthan,Rajasthan,2025,STRAY,STATE_MERIT,,General Surgery,SHEKHAR,GAGANA SINDHU,,,Rajsthan__Rajasthan Stray Vacancy Round Allotment.txt,249,allotted
Rajasthan,Rajasthan,2025,STRAY,STATE_MERIT,,General Medicine,RISHI DEV MISHRA,YASH MISHRA,,,Rajsthan__Rajasthan Stray Vacancy Round Allotment.txt,252,allotted
Rajasthan,Rajasthan,2025,STRAY,STATE_MERIT,,Management,NARESH BINDAL,SHUBHAM,,,Rajsthan__Rajasthan Stray Vacancy Round Allotment.txt,255,allotted
Rajasthan,Rajasthan,2025,STRAY,STATE_MERIT,,Government,MD,LOVI SHARMA,,,Rajsthan__Rajasthan Stray Vacancy Round Allotment.txt,258,allotted
Rajasthan,Rajasthan,2025,STRAY,STATE_MERIT,,Laboratory Medicine,YASH PAL OLA,LOKENDRA OLA,,,Rajsthan__Rajasthan Stray Vacancy Round Allotment.txt,261,allotted
Rajasthan,Rajasthan,2025,STRAY,STATE_MERIT,,Government,MD,BALDEEP SINGH GREWAL,,,Rajsthan__Rajasthan Stray Vacancy Round Allotment.txt,264,allotted
Rajasthan,Rajasthan,2025,STRAY,STATE_MERIT,,Government,PURSHOTAM,RITU SAINI,,,Rajsthan__Rajasthan Stray Vacancy Round Allotment.txt,267,allotted
Rajasthan,Rajasthan,2025,STRAY,STATE_MERIT,,General Surgery,RAJBIR SINGH,SAHIL,,,Rajsthan__Rajasthan Stray Vacancy Round Allotment.txt,270,allotted
Rajasthan,Rajasthan,2025,STRAY,STATE_MERIT,,Government,MD,SATYA JYOTI SEN GUPTA JAY PRAKASH GUPTA,,,Rajsthan__Rajasthan Stray Vacancy Round Allotment.txt,273,allotted
Rajasthan,Rajasthan,2025,STRAY,STATE_MERIT,,General Surgery,GANAPATHI MUNDOT,ANIRUDH MUNDOT,,,Rajsthan__Rajasthan Stray Vacancy Round Allotment.txt,276,allotted
Rajasthan,Rajasthan,2025,STRAY,STATE_MERIT,,Orthopaedics,DINESH KUMAR,SANNIDHYA KUMAR,,,Rajsthan__Rajasthan Stray Vacancy Round Allotment.txt,279,allotted
Rajasthan,Rajasthan,2025,STRAY,STATE_MERIT,,General Surgery,ANIL TOMAR,SIMRAN TOMAR,,,Rajsthan__Rajasthan Stray Vacancy Round Allotment.txt,282,allotted
Rajasthan,Rajasthan,2025,STRAY,STATE_MERIT,,AI,MD,ANEET SINGLA,,,Rajsthan__Rajasthan Stray Vacancy Round Allotment.txt,285,allotted
Rajasthan,Rajasthan,2025,STRAY,STATE_MERIT,,"Government Medical Sciences and Research Centre,",MS,SATPAL SINGH,,,Rajsthan__Rajasthan Stray Vacancy Round Allotment.txt,289,allotted
Rajasthan,Rajasthan,2025,STRAY,STATE_MERIT,,Orthopaedics,SUNIL KUMAR,KUSHAL GAHLAWAT,,,Rajsthan__Rajasthan Stray Vacancy Round Allotment.txt,293,allotted
Rajasthan,Rajasthan,2025,STRAY,STATE_MERIT,,Paediatrics,SANJEEV RAI,SAKSHI RAI,,,Rajsthan__Rajasthan Stray Vacancy Round Allotment.txt,296,allotted
Rajasthan,Rajasthan,2025,STRAY,STATE_MERIT,,General Surgery,RAJESH SHARMA,CHIRAG SHARMA,,,Rajsthan__Rajasthan Stray Vacancy Round Allotment.txt,299,allotted
Rajasthan,Rajasthan,2025,STRAY,STATE_MERIT,,Management,MS,ASEERVATHAM,,,Rajsthan__Rajasthan Stray Vacancy Round Allotment.txt,303,allotted
Rajasthan,Rajasthan,2025,STRAY,STATE_MERIT,,Orthopaedics,VIJAY PAL SINGH,PUNEET KUMAR SINGH,,,Rajsthan__Rajasthan Stray Vacancy Round Allotment.txt,307,allotted
Rajasthan,Rajasthan,2025,STRAY,STATE_MERIT,,Government,MD,ADITI SINGH THAKUR,,,Rajsthan__Rajasthan Stray Vacancy Round Allotment.txt,316,allotted
Rajasthan,Rajasthan,2025,STRAY,STATE_MERIT,,"Management Medical Sciences and Research Centre,",MS,SOIBAM DENIS,,,Rajsthan__Rajasthan Stray Vacancy Round Allotment.txt,320,allotted
Rajasthan,Rajasthan,2025,STRAY,STATE_MERIT,,Radiodiagnosis/Radiology,KIRAN BHATT,SWARA BHATT,,,Rajsthan__Rajasthan Stray Vacancy Round Allotment.txt,324,allotted
Rajasthan,Rajasthan,2025,STRAY,STATE_MERIT,,AI,PURNANANDA BARUAH MD,ABHILASH BARUAH,,,Rajsthan__Rajasthan Stray Vacancy Round Allotment.txt,327,allotted
Rajasthan,Rajasthan,2025,STRAY,STATE_MERIT,,Psychiatry,JOSEPH K SENSILAUS,TONY JOSEPH K,,,Rajsthan__Rajasthan Stray Vacancy Round Allotment.txt,330,allotted
Rajasthan,Rajasthan,2025,STRAY,STATE_MERIT,,Anaesthesia,JOY KURIAKOSE,MEENU ANNA JOY,,,Rajsthan__Rajasthan Stray Vacancy Round Allotment.txt,333,allotted
Rajasthan,Rajasthan,2025,STRAY,STATE_MERIT,,Pathology,SANJAI SINGH,TANYA SINGH,,,Rajsthan__Rajasthan Stray Vacancy Round Allotment.txt,336,allotted
Rajasthan,Rajasthan,2025,STRAY,STATE_MERIT,,General Medicine,RAKESH KUMAR,SHEETAL,,,Rajsthan__Rajasthan Stray Vacancy Round Allotment.txt,339,allotted
Rajasthan,Rajasthan,2025,STRAY,STATE_MERIT,,25661138802,Anaesthesia,TANKALA VIDYA SAGAR MD,,,Rajsthan__Rajasthan Stray Vacancy Round Allotment.txt,342,allotted
Rajasthan,Rajasthan,2025,STRAY,STATE_MERIT,,General Surgery,AJAY KUMAR,AMOGH,,,Rajsthan__Rajasthan Stray Vacancy Round Allotment.txt,345,allotted
Rajasthan,Rajasthan,2025,STRAY,STATE_MERIT,,General Medicine,RISHI PAL,HANIKIT SHOKEEN,,,Rajsthan__Rajasthan Stray Vacancy Round Allotment.txt,348,allotted
Rajasthan,Rajasthan,2025,STRAY,STATE_MERIT,,Radiodiagnosis/Radiology,PARVEZ ALAM,ABUL KALAM,,,Rajsthan__Rajasthan Stray Vacancy Round Allotment.txt,351,allotted
Rajasthan,Rajasthan,2025,STRAY,STATE_MERIT,,General Medicine,VIJAY GOYAL,JATIN GOYAL,,,Rajsthan__Rajasthan Stray Vacancy Round Allotment.txt,357,allotted
Rajasthan,Rajasthan,2025,STRAY,STATE_MERIT,,Management,SANJEEV KUMAR SINGH MD,AYUSHI SINGH,,,Rajsthan__Rajasthan Stray Vacancy Round Allotment.txt,360,allotted
Rajasthan,Rajasthan,2025,STRAY,STATE_MERIT,,Pathology,NAVRATAN SONI,ANURADHA SONI,,,Rajsthan__Rajasthan Stray Vacancy Round Allotment.txt,363,allotted
Rajasthan,Rajasthan,2025,STRAY,STATE_MERIT,,25661207293,Anaesthesia,MD,,,Rajsthan__Rajasthan Stray Vacancy Round Allotment.txt,366,allotted
Rajasthan,Rajasthan,2025,STRAY,STATE_MERIT,,Obst. & Gynaecology,ARUN TIWARI,MADHULIKA TIWARI,,,Rajsthan__Rajasthan Stray Vacancy Round Allotment.txt,369,allotted
Rajasthan,Rajasthan,2025,STRAY,STATE_MERIT,,Government,MD,HAREENDRAN PM,,,Rajsthan__Rajasthan Stray Vacancy Round Allotment.txt,372,allotted
Rajasthan,Rajasthan,2025,STRAY,STATE_MERIT,,25661182219,MD,ASHUMITA RAI ASTHANA,,,Rajsthan__Rajasthan Stray Vacancy Round Allotment.txt,375,allotted
Rajasthan,Rajasthan,2025,STRAY,STATE_MERIT,,Radiodiagnosis/Radiology,SANJEEV TANWAR,ROHIT TANWAR,,,Rajsthan__Rajasthan Stray Vacancy Round Allotment.txt,378,allotted
Rajasthan,Rajasthan,2025,STRAY,STATE_MERIT,,Government,GANESHWAR MISHRA,AMAN MISHRA,,,Rajsthan__Rajasthan Stray Vacancy Round Allotment.txt,381,allotted
Rajasthan,Rajasthan,2025,STRAY,STATE_MERIT,,25661150506,RADHEY SHYAM VERMA MD,AKAASH,,,Rajsthan__Rajasthan Stray Vacancy Round Allotment.txt,384,allotted
Rajasthan,Rajasthan,2025,STRAY,STATE_MERIT,,Anaesthesia,ARDAD VIDYADHAR,ARDAD SHUBHAM,,,Rajsthan__Rajasthan Stray Vacancy Round Allotment.txt,387,allotted
Rajasthan,Rajasthan,2025,STRAY,STATE_MERIT,,AI,MS,RAHUL SHARMA,,,Rajsthan__Rajasthan Stray Vacancy Round Allotment.txt,390,allotted
Rajasthan,Rajasthan,2025,STRAY,STATE_MERIT,,Radiodiagnosis/Radiology,AJIT SINGH,YOGESH,,,Rajsthan__Rajasthan Stray Vacancy Round Allotment.txt,399,allotted
Rajasthan,Rajasthan,2025,STRAY,STATE_MERIT,,Orthopaedics,RAMSHARAN GUPTA,RAGHVENDRA GUPTA,,,Rajsthan__Rajasthan Stray Vacancy Round Allotment.txt,402,allotted
Rajasthan,Rajasthan,2025,STRAY,STATE_MERIT,,Government,MD,RAKESH BATTHA,,,Rajsthan__Rajasthan Stray Vacancy Round Allotment.txt,405,allotted
Rajasthan,Rajasthan,2025,STRAY,STATE_MERIT,,Radiodiagnosis/Radiology,TEJBIR,SANJU,,,Rajsthan__Rajasthan Stray Vacancy Round Allotment.txt,408,allotted
Rajasthan,Rajasthan,2025,STRAY,STATE_MERIT,,Government,ASHOK KUMAR JAISWAL MD,AYUSHI JAISWAL,,,Rajsthan__Rajasthan Stray Vacancy Round Allotment.txt,411,allotted
Rajasthan,Rajasthan,2025,STRAY,STATE_MERIT,,25661160700,General Surgery,MS,,,Rajsthan__Rajasthan Stray Vacancy Round Allotment.txt,414,allotted
Rajasthan,Rajasthan,2025,STRAY,STATE_MERIT,,Government,MD,ABHINAV GUPTA,,,Rajsthan__Rajasthan Stray Vacancy Round Allotment.txt,417,allotted
Rajasthan,Rajasthan,2025,STRAY,STATE_MERIT,,Anaesthesia,RAJESH THARANI,NAMITA THARANI,,,Rajsthan__Rajasthan Stray Vacancy Round Allotment.txt,420,allotted
Rajasthan,Rajasthan,2025,STRAY,STATE_MERIT,,Government,DEEPAK CHANDRA SHAH MD,SANSKAR SHAH,,,Rajsthan__Rajasthan Stray Vacancy Round Allotment.txt,423,allotted
Rajasthan,Rajasthan,2025,STRAY,STATE_MERIT,,25661110583,Radiodiagnosis/Radiology,JITENDRAKUMAR PATEL MD,,,Rajsthan__Rajasthan Stray Vacancy Round Allotment.txt,426,allotted
Rajasthan,Rajasthan,2025,STRAY,STATE_MERIT,,Government,MD,MAYANK KUMAR GUPTA,,,Rajsthan__Rajasthan Stray Vacancy Round Allotment.txt,429,allotted
Rajasthan,Rajasthan,2025,STRAY,STATE_MERIT,,Anaesthesia,RAJENDRA SINGH,SHASHWAT SINGH,,,Rajsthan__Rajasthan Stray Vacancy Round Allotment.txt,432,allotted
Rajasthan,Rajasthan,2025,STRAY,STATE_MERIT,,Government,SURENDRA NATH YADAV MS,PRIYA YADAV,,,Rajsthan__Rajasthan Stray Vacancy Round Allotment.txt,435,allotted
Rajasthan,Rajasthan,2025,STRAY,STATE_MERIT,,Management GMC Bhilwara,MD,RAJAT SINGHATIYA,,,Rajsthan__Rajasthan Stray Vacancy Round Allotment.txt,438,allotted
Rajasthan,Rajasthan,2025,STRAY,STATE_MERIT,,Government,MS,SHAMIM KHAN,,,Rajsthan__Rajasthan Stray Vacancy Round Allotment.txt,441,allotted
Rajasthan,Rajasthan,2025,STRAY,STATE_MERIT,,PSM/Community Medicine,RAJKUMAR JAISWAL,PRACHI JAISWAL,,,Rajsthan__Rajasthan Stray Vacancy Round Allotment.txt,444,allotted
Rajasthan,Rajasthan,2025,STRAY,STATE_MERIT,,Radiodiagnosis/Radiology,JASBIR SINGH,MADHU KHAPRA,,,Rajsthan__Rajasthan Stray Vacancy Round Allotment.txt,447,allotted
Rajasthan,Rajasthan,2025,STRAY,STATE_MERIT,,Psychiatry,SATPAL,KUSUM LATA,,,Rajsthan__Rajasthan Stray Vacancy Round Allotment.txt,450,allotted
Rajasthan,Rajasthan,2025,STRAY,STATE_MERIT,,Obst. & Gynaecology,VIKAS,SARA,,,Rajsthan__Rajasthan Stray Vacancy Round Allotment.txt,453,allotted
Rajasthan,Rajasthan,2025,STRAY,STATE_MERIT,,Paediatrics,SATYA PRAKASH VATS,HRITIK VATS,,,Rajsthan__Rajasthan Stray Vacancy Round Allotment.txt,456,allotted
Rajasthan,Rajasthan,2025,STRAY,STATE_MERIT,,Radiodiagnosis/Radiology,JANAM SINGH,ANUBHAV SINGH,,,Rajsthan__Rajasthan Stray Vacancy Round Allotment.txt,459,allotted
Rajasthan,Rajasthan,2025,STRAY,STATE_MERIT,,AI,MS,SURESH PRAJAPATI,,,Rajsthan__Rajasthan Stray Vacancy Round Allotment.txt,462,allotted
Rajasthan,Rajasthan,2025,STRAY,STATE_MERIT,,AI,ARVIND KUMAR,SHASHWAT BHARDWAJ,,,Rajsthan__Rajasthan Stray Vacancy Round Allotment.txt,465,allotted
Rajasthan,Rajasthan,2025,STRAY,STATE_MERIT,,Orthopaedics,SANJIVA JAISWAL,EKLAVYA JAISWAL,,,Rajsthan__Rajasthan Stray Vacancy Round Allotment.txt,468,allotted
Rajasthan,Rajasthan,2025,STRAY,STATE_MERIT,,Paediatrics,NAVRAJ ARORA,LAKSHAY ARORA,,,Rajsthan__Rajasthan Stray Vacancy Round Allotment.txt,471,allotted
Rajasthan,Rajasthan,2025,STRAY,STATE_MERIT,,Obst. & Gynaecology,JAGMOHAN JINDAL,RIYA JINDAL,,,Rajsthan__Rajasthan Stray Vacancy Round Allotment.txt,474,allotted
Rajasthan,Rajasthan,2025,STRAY,STATE_MERIT,,Anaesthesia,MR SUBHASH SINGH,NITIN YADAV,,,Rajsthan__Rajasthan Stray Vacancy Round Allotment.txt,482,allotted
Rajasthan,Rajasthan,2025,STRAY,STATE_MERIT,,Government,MD,DEVSHREE,,,Rajsthan__Rajasthan Stray Vacancy Round Allotment.txt,485,allotted
Rajasthan,Rajasthan,2025,STRAY,STATE_MERIT,,AI,MAHESH NAGPAL,KHUSHI,,,Rajsthan__Rajasthan Stray Vacancy Round Allotment.txt,488,allotted
Rajasthan,Rajasthan,2025,STRAY,STATE_MERIT,,Government,MS,HARSH MOHAN SHARMA,,,Rajsthan__Rajasthan Stray Vacancy Round Allotment.txt,491,allotted
Rajasthan,Rajasthan,2025,STRAY,STATE_MERIT,,25661191729,MD,KHIANI BHAVIN ASHOK,,,Rajsthan__Rajasthan Stray Vacancy Round Allotment.txt,494,allotted
Rajasthan,Rajasthan,2025,STRAY,STATE_MERIT,,Orthopaedics,TRILOKI NATH RAI,BHAVANI SHANKAR RAI,,,Rajsthan__Rajasthan Stray Vacancy Round Allotment.txt,497,allotted
Rajasthan,Rajasthan,2025,STRAY,STATE_MERIT,,Government,MS,SHIVANG KUSHWAHA,,,Rajsthan__Rajasthan Stray Vacancy Round Allotment.txt,500,allotted
Rajasthan,Rajasthan,2025,STRAY,STATE_MERIT,,Physiology,RAJESH SINGH,POOJA CHOUDHARY,,,Rajsthan__Rajasthan Stray Vacancy Round Allotment.txt,502,allotted
Rajasthan,Rajasthan,2025,STRAY,STATE_MERIT,,Government,MD,SUSHRUT KUMAR YADAV VIRENDER YADAV,,,Rajsthan__Rajasthan Stray Vacancy Round Allotment.txt,504,allotted
Rajasthan,Rajasthan,2025,STRAY,STATE_MERIT,,General Surgery,VIKRAM SINGH,AVI RAO,,,Rajsthan__Rajasthan Stray Vacancy Round Allotment.txt,507,allotted
Rajasthan,Rajasthan,2025,STRAY,STATE_MERIT,,Orthopaedics,BHOOR SINGH,PARAS RAJPUROHIT,,,Rajsthan__Rajasthan Stray Vacancy Round Allotment.txt,510,allotted
Rajasthan,Rajasthan,2025,STRAY,STATE_MERIT,,AI,MD,TALATI DEEP NILESHBHAI,,,Rajsthan__Rajasthan Stray Vacancy Round Allotment.txt,513,allotted
Rajasthan,Rajasthan,2025,STRAY,STATE_MERIT,,Anesthesia,BHEEKHA RAM,KANTI LAL,,,Rajsthan__Rajasthan Stray Vacancy Round Allotment.txt,516,allotted
Rajasthan,Rajasthan,2025,STRAY,STATE_MERIT,,Management,MD,ADITYA YADAV,,,Rajsthan__Rajasthan Stray Vacancy Round Allotment.txt,519,allotted
Rajasthan,Rajasthan,2025,STRAY,STATE_MERIT,,Paediatrics,RAMAN DHOOT,RADHIKA DHOOT,,,Rajsthan__Rajasthan Stray Vacancy Round Allotment.txt,522,allotted
Rajasthan,Rajasthan,2025,STRAY,STATE_MERIT,,Paediatrics,HARENDER SINGH,SHREY CHAUDHARY,,,Rajsthan__Rajasthan Stray Vacancy Round Allotment.txt,525,allotted
Rajasthan,Rajasthan,2025,STRAY,STATE_MERIT,,Government,MS,KUSHAGRA SRIVASTAVA,,,Rajsthan__Rajasthan Stray Vacancy Round Allotment.txt,528,allotted
Rajasthan,Rajasthan,2025,STRAY,STATE_MERIT,,AI,MD,KOUSTUBH VAISHNAV,,,Rajsthan__Rajasthan Stray Vacancy Round Allotment.txt,531,allotted
Rajasthan,Rajasthan,2025,STRAY,STATE_MERIT,,Government,MS,ABHISHEK YADAV,,,Rajsthan__Rajasthan Stray Vacancy Round Allotment.txt,534,allotted
Rajasthan,Rajasthan,2025,STRAY,STATE_MERIT,,Ophthalmology,TEJVIR SINGH,SHRUTI KHOKHAR,,,Rajsthan__Rajasthan Stray Vacancy Round Allotment.txt,537,allotted
Rajasthan,Rajasthan,2025,STRAY,STATE_MERIT,,Radiodiagnosis/Radiology,SANDEEP CHOPRA,TANISHQ CHOPRA,,,Rajsthan__Rajasthan Stray Vacancy Round Allotment.txt,540,allotted
Rajasthan,Rajasthan,2025,STRAY,STATE_MERIT,,Government,AMAL KUMAR,TANAY SINHA,,,Rajsthan__Rajasthan Stray Vacancy Round Allotment.txt,543,allotted
Rajasthan,Rajasthan,2025,STRAY,STATE_MERIT,,Pathology,MUKESH MEHTA,DRISSHTI M MEHTA,,,Rajsthan__Rajasthan Stray Vacancy Round Allotment.txt,546,allotted
Rajasthan,Rajasthan,2025,STRAY,STATE_MERIT,,Management,MS,VISHWAS MULAY,,,Rajsthan__Rajasthan Stray Vacancy Round Allotment.txt,549,allotted
Rajasthan,Rajasthan,2025,STRAY,STATE_MERIT,,Government,MD,VARTIKA DHANKAR,,,Rajsthan__Rajasthan Stray Vacancy Round Allotment.txt,552,allotted
Rajasthan,Rajasthan,2025,STRAY,STATE_MERIT,,Paediatrics,BHASKAR JOSHI,ABHISHEK JOSHI,,,Rajsthan__Rajasthan Stray Vacancy Round Allotment.txt,562,allotted
Rajasthan,Rajasthan,2025,STRAY,STATE_MERIT,,Government,OM PRAKASH JAISWAL,NEHA JAISWAL,,,Rajsthan__Rajasthan Stray Vacancy Round Allotment.txt,565,allotted
Rajasthan,Rajasthan,2025,STRAY,STATE_MERIT,,Obst. & Gynaecology,SUDHIR KUMAR,PRIYANKA,,,Rajsthan__Rajasthan Stray Vacancy Round Allotment.txt,568,allotted
Rajasthan,Rajasthan,2025,STRAY,STATE_MERIT,,25661001639,MD,HANMANT,,,Rajsthan__Rajasthan Stray Vacancy Round Allotment.txt,571,allotted
Rajasthan,Rajasthan,2025,STRAY,STATE_MERIT,,Obst. & Gynaecology,RAJU KACHHAP,KAJAL KACHHAP,,,Rajsthan__Rajasthan Stray Vacancy Round Allotment.txt,574,allotted
Rajasthan,Rajasthan,2025,STRAY,STATE_MERIT,,General Surgery,MAHMOOD HASAN,ABUL KALAM,,,Rajsthan__Rajasthan Stray Vacancy Round Allotment.txt,577,allotted
Rajasthan,Rajasthan,2025,STRAY,STATE_MERIT,,General Medicine,SATYABIR SINGH,SUBHANSHI SINGH,,,Rajsthan__Rajasthan Stray Vacancy Round Allotment.txt,580,allotted
Rajasthan,Rajasthan,2025,STRAY,STATE_MERIT,,AI,RAJENDRA CHOUDHARY MS,VIVEK CHOUDHARY,,,Rajsthan__Rajasthan Stray Vacancy Round Allotment.txt,583,allotted
Rajasthan,Rajasthan,2025,STRAY,STATE_MERIT,,General Medicine,ANIL MEHTA,RAGHAV MEHTA,,,Rajsthan__Rajasthan Stray Vacancy Round Allotment.txt,586,allotted
Rajasthan,Rajasthan,2025,STRAY,STATE_MERIT,,Psychiatry,SHYAM KISHOR YADAV,AUSTIN MASIH,,,Rajsthan__Rajasthan Stray Vacancy Round Allotment.txt,589,allotted
Rajasthan,Rajasthan,2025,STRAY,STATE_MERIT,,Anaesthesia,AZAD SINGH YADAV,DEEPANSHU YADAV,,,Rajsthan__Rajasthan Stray Vacancy Round Allotment.txt,592,allotted
Rajasthan,Rajasthan,2025,STRAY,STATE_MERIT,,Government,VIJAY KUMAR,DIGVIJAY SINGH,,,Rajsthan__Rajasthan Stray Vacancy Round Allotment.txt,595,allotted
Rajasthan,Rajasthan,2025,STRAY,STATE_MERIT,,Government,MD,AKSHAT AGARWAL,,,Rajsthan__Rajasthan Stray Vacancy Round Allotment.txt,598,allotted
Rajasthan,Rajasthan,2025,STRAY,STATE_MERIT,,AI,MD,ADITYA CHOUDHARY,,,Rajsthan__Rajasthan Stray Vacancy Round Allotment.txt,602,allotted
Rajasthan,Rajasthan,2025,STRAY,STATE_MERIT,,Emergency Medicine,MOTI LAL PRASAD,SHUBHAM KRISHNA,,,Rajsthan__Rajasthan Stray Vacancy Round Allotment.txt,606,allotted
Rajasthan,Rajasthan,2025,STRAY,STATE_MERIT,,General Surgery,RAJEEV KUMAR,PRATEEK KUMAR,,,Rajsthan__Rajasthan Stray Vacancy Round Allotment.txt,609,allotted
Rajasthan,Rajasthan,2025,STRAY,STATE_MERIT,,Government,MD,ASIM KUMAR,,,Rajsthan__Rajasthan Stray Vacancy Round Allotment.txt,612,allotted
Rajasthan,Rajasthan,2025,STRAY,STATE_MERIT,,Management,MD,APALA SAHU,,,Rajsthan__Rajasthan Stray Vacancy Round Allotment.txt,615,allotted
Rajasthan,Rajasthan,2025,STRAY,STATE_MERIT,,Anaesthesia,NARESH,ANJALI DAHIYA,,,Rajsthan__Rajasthan Stray Vacancy Round Allotment.txt,618,allotted
Rajasthan,Rajasthan,2025,STRAY,STATE_MERIT,,Forensic Medicine,SHEESH KUMAR NUNIA,UMESH KUMAR NUNIA,,,Rajsthan__Rajasthan Stray Vacancy Round Allotment.txt,621,allotted
Rajasthan,Rajasthan,2025,STRAY,STATE_MERIT,,AI,ASHOK SINGH ADHIKARI MS,VAIBHAV ADHIKARI,,,Rajsthan__Rajasthan Stray Vacancy Round Allotment.txt,624,allotted
Rajasthan,Rajasthan,2025,STRAY,STATE_MERIT,,Anaesthesia,AJAY SINGH,SURYA PRATAP SINGH,,,Rajsthan__Rajasthan Stray Vacancy Round Allotment.txt,627,allotted
Rajasthan,Rajasthan,2025,STRAY,STATE_MERIT,,Government,MD,DR PALASH PALIWAL,,,Rajsthan__Rajasthan Stray Vacancy Round Allotment.txt,630,allotted
Rajasthan,Rajasthan,2025,STRAY,STATE_MERIT,,General Surgery,ASLAUADDIN KHAN,MOHSIN HASAN KHAN,,,Rajsthan__Rajasthan Stray Vacancy Round Allotment.txt,633,allotted
Rajasthan,Rajasthan,2025,STRAY,STATE_MERIT,,General Surgery,MRITUNJAY KUMAR,SIDDHANTH SINHA,,,Rajsthan__Rajasthan Stray Vacancy Round Allotment.txt,636,allotted
Rajasthan,Rajasthan,2025,STRAY,STATE_MERIT,,25661140324,Orthopaedics,MS,,,Rajsthan__Rajasthan Stray Vacancy Round Allotment.txt,645,allotted
Rajasthan,Rajasthan,2025,STRAY,STATE_MERIT,,Ophthalmology,SURENDRA JAIN,SUNALI JAIN,,,Rajsthan__Rajasthan Stray Vacancy Round Allotment.txt,648,allotted
Rajasthan,Rajasthan,2025,STRAY,STATE_MERIT,,Radiodiagnosis/Radiology,MANOJ SEHRAWAT,RAVI SEHRAWAT,,,Rajsthan__Rajasthan Stray Vacancy Round Allotment.txt,651,allotted
Rajasthan,Rajasthan,2025,STRAY,STATE_MERIT,,Government,MD,ANUP SINGH,,,Rajsthan__Rajasthan Stray Vacancy Round Allotment.txt,654,allotted
Rajasthan,Rajasthan,2025,STRAY,STATE_MERIT,,Pathology,ASHWINKUMAR JAIN,AAYUSHI JAIN,,,Rajsthan__Rajasthan Stray Vacancy Round Allotment.txt,657,allotted
Rajasthan,Rajasthan,2025,STRAY,STATE_MERIT,,Government,MD,AYUSH DADHEECH,,,Rajsthan__Rajasthan Stray Vacancy Round Allotment.txt,660,allotted
Rajasthan,Rajasthan,2025,STRAY,STATE_MERIT,,25661114947,Physiology,MD,,,Rajsthan__Rajasthan Stray Vacancy Round Allotment.txt,663,allotted
Rajasthan,Rajasthan,2025,STRAY,STATE_MERIT,,AI,MD,PATEL SHANTILAL,,,Rajsthan__Rajasthan Stray Vacancy Round Allotment.txt,666,allotted
Rajasthan,Rajasthan,2025,STRAY,STATE_MERIT,,Government,MS,RUPABHAI,,,Rajsthan__Rajasthan Stray Vacancy Round Allotment.txt,669,allotted
Rajasthan,Rajasthan,2025,STRAY,STATE_MERIT,,General Surgery,ABHAY PAL SINGH,NAMAN SINGH,,,Rajsthan__Rajasthan Stray Vacancy Round Allotment.txt,672,allotted
Rajasthan,Rajasthan,2025,STRAY,STATE_MERIT,,DH Bundi,Family Medicine,MBBS,,,Rajsthan__Rajasthan Stray Vacancy Round Allotment.txt,676,allotted
Rajasthan,Rajasthan,2025,STRAY,STATE_MERIT,,Anaesthesia,ASHOK KUMAR SONI,SOURABH SONI,,,Rajsthan__Rajasthan Stray Vacancy Round Allotment.txt,680,allotted
Rajasthan,Rajasthan,2025,STRAY,STATE_MERIT,,Microbiology,KRISHAN LAL,RAJESH KUMAR,,,Rajsthan__Rajasthan Stray Vacancy Round Allotment.txt,683,allotted
Rajasthan,Rajasthan,2025,STRAY,STATE_MERIT,,General Medicine,DINESH KHATRI,HRIDAYA KHATRI,,,Rajsthan__Rajasthan Stray Vacancy Round Allotment.txt,686,allotted
Rajasthan,Rajasthan,2025,STRAY,STATE_MERIT,,General Medicine,JAIVEER SINGH,AMIT POONIA,,,Rajsthan__Rajasthan Stray Vacancy Round Allotment.txt,689,allotted
Rajasthan,Rajasthan,2025,STRAY,STATE_MERIT,,Management,MD,SIDDHARTH CHAUDHARY PARMESHWARI DEVI,,,Rajsthan__Rajasthan Stray Vacancy Round Allotment.txt,692,allotted
Rajasthan,Rajasthan,2025,STRAY,STATE_MERIT,,Forensic Medicine,KEDAR PRASAD,HARSHIT KUMAR,,,Rajsthan__Rajasthan Stray Vacancy Round Allotment.txt,695,allotted
Rajasthan,Rajasthan,2025,STRAY,STATE_MERIT,,Psychiatry,JAGAN LAL MEENA,TARUN SINGH MEHAR,,,Rajsthan__Rajasthan Stray Vacancy Round Allotment.txt,698,allotted
Rajasthan,Rajasthan,2025,STRAY,STATE_MERIT,,Government,BHAGIRATH MAL,JALIM SINGH,,,Rajsthan__Rajasthan Stray Vacancy Round Allotment.txt,701,allotted
Rajasthan,Rajasthan,2025,STRAY,STATE_MERIT,,Anaesthesia,JAGDISH PRASAD,PRITI SAINI,,,Rajsthan__Rajasthan Stray Vacancy Round Allotment.txt,704,allotted
Rajasthan,Rajasthan,2025,R3,STATE_MERIT,,SMS Medical College Jaipur,Radiodiagnosis/Radiology,General,,Government,Rajsthan__Rajasthan Round 3 Allotment.txt,7,allotted
Rajasthan,Rajasthan,2025,R3,STATE_MERIT,,Government,MD,OBC,,Government,Rajsthan__Rajasthan Round 3 Allotment.txt,9,allotted
Rajasthan,Rajasthan,2025,R3,STATE_MERIT,,Government,MD,General,,Government,Rajsthan__Rajasthan Round 3 Allotment.txt,21,allotted
Rajasthan,Rajasthan,2025,R3,STATE_MERIT,,SMS Medical College Jaipur,Radiodiagnosis/Radiology,OBC,,Government,Rajsthan__Rajasthan Round 3 Allotment.txt,36,allotted
Rajasthan,Rajasthan,2025,R3,STATE_MERIT,,SMS Medical College Jaipur,General Medicine,OBC,,Government,Rajsthan__Rajasthan Round 3 Allotment.txt,38,allotted
Rajasthan,Rajasthan,2025,R3,STATE_MERIT,,25661176279 Joined,Government,OBC,,Government,Rajsthan__Rajasthan Round 3 Allotment.txt,40,allotted
Rajasthan,Rajasthan,2025,R3,STATE_MERIT,,Dr SNMC Jodhpur,Radiodiagnosis/Radiology,OBC,,Government,Rajsthan__Rajasthan Round 3 Allotment.txt,42,allotted
Rajasthan,Rajasthan,2025,R3,STATE_MERIT,,JLN MC Ajmer,Radiodiagnosis/Radiology,General,,Government,Rajsthan__Rajasthan Round 3 Allotment.txt,46,allotted
Rajasthan,Rajasthan,2025,R3,STATE_MERIT,,SMS Medical College Jaipur,MD,OBC,,Government,Rajsthan__Rajasthan Round 3 Allotment.txt,52,allotted
Rajasthan,Rajasthan,2025,R3,STATE_MERIT,,25661224870 Joined,Skin & V.D / Dermatology Ven. & LeprosyGovernment,General,,Government,Rajsthan__Rajasthan Round 3 Allotment.txt,54,allotted
Rajasthan,Rajasthan,2025,R3,STATE_MERIT,,RNT MC Udaipur,MD,OBC,,Government,Rajsthan__Rajasthan Round 3 Allotment.txt,68,allotted
Rajasthan,Rajasthan,2025,R3,STATE_MERIT,,SPMC Bikaner,MD,OBC,,Government,Rajsthan__Rajasthan Round 3 Allotment.txt,84,allotted
Rajasthan,Rajasthan,2025,R3,STATE_MERIT,,Dr SNMC Jodhpur,MD,OBC,,Government,Rajsthan__Rajasthan Round 3 Allotment.txt,88,allotted
Rajasthan,Rajasthan,2025,R3,STATE_MERIT,,Government,MS,OBC,,Government,Rajsthan__Rajasthan Round 3 Allotment.txt,92,allotted
Rajasthan,Rajasthan,2025,R3,STATE_MERIT,,25661230149 Joined,Government,General,,Government,Rajsthan__Rajasthan Round 3 Allotment.txt,96,allotted
Rajasthan,Rajasthan,2025,R3,STATE_MERIT,,"Govt. Medical College, Kota",MD,General,,Government,Rajsthan__Rajasthan Round 3 Allotment.txt,106,allotted
Rajasthan,Rajasthan,2025,R3,STATE_MERIT,,"Govt. Medical College, Kota",General Medicine,OBC,,Government,Rajsthan__Rajasthan Round 3 Allotment.txt,124,allotted
Rajasthan,Rajasthan,2025,R3,STATE_MERIT,,SPMC Bikaner,General Medicine,General,,Government,Rajsthan__Rajasthan Round 3 Allotment.txt,126,allotted
Rajasthan,Rajasthan,2025,R3,STATE_MERIT,,Government,MD,EWS,,Government,Rajsthan__Rajasthan Round 3 Allotment.txt,162,allotted
Rajasthan,Rajasthan,2025,R3,STATE_MERIT,,SMS Medical College Jaipur,Radiodiagnosis/Radiology,EWS,,Government,Rajsthan__Rajasthan Round 3 Allotment.txt,186,allotted
Rajasthan,Rajasthan,2025,R3,STATE_MERIT,,SMS Medical College Jaipur,General Surgery,General,,Government,Rajsthan__Rajasthan Round 3 Allotment.txt,220,allotted
Rajasthan,Rajasthan,2025,R3,STATE_MERIT,,Government,MS,General,,Government,Rajsthan__Rajasthan Round 3 Allotment.txt,224,allotted
Rajasthan,Rajasthan,2025,R3,STATE_MERIT,,Management Jhalawar Medical College Jhalawar,MD,General,,Government,Rajsthan__Rajasthan Round 3 Allotment.txt,228,allotted
Rajasthan,Rajasthan,2025,R3,STATE_MERIT,,"Govt. Medical College, Kota",Radiodiagnosis/Radiology,EWS,,Government,Rajsthan__Rajasthan Round 3 Allotment.txt,234,allotted
Rajasthan,Rajasthan,2025,R3,STATE_MERIT,,SMS Medical College Jaipur,Orthopaedics,OBC,,Government,Rajsthan__Rajasthan Round 3 Allotment.txt,240,allotted
Rajasthan,Rajasthan,2025,R3,STATE_MERIT,,SMS Medical College Jaipur,Paediatrics,OBC,,Government,Rajsthan__Rajasthan Round 3 Allotment.txt,242,allotted
Rajasthan,Rajasthan,2025,R3,STATE_MERIT,,Management Jhalawar Medical College Jhalawar,MD,OBC,,Government,Rajsthan__Rajasthan Round 3 Allotment.txt,254,allotted
Rajasthan,Rajasthan,2025,R3,STATE_MERIT,,SMS Medical College Jaipur,Geriatric Medicine,General,,Government,Rajsthan__Rajasthan Round 3 Allotment.txt,275,allotted
Rajasthan,Rajasthan,2025,R3,STATE_MERIT,,Management RUHS College of Medical Sciences,MD,OBC,,Government,Rajsthan__Rajasthan Round 3 Allotment.txt,299,allotted
Rajasthan,Rajasthan,2025,R3,STATE_MERIT,,Management Shri Jagannath Pahadiya Medical College Bharatpur or GMC Bharatpur,MD,OBC,,Government,Rajsthan__Rajasthan Round 3 Allotment.txt,301,allotted
Rajasthan,Rajasthan,2025,R3,STATE_MERIT,,JLN MC Ajmer,Paediatrics,General,,Government,Rajsthan__Rajasthan Round 3 Allotment.txt,315,allotted
Rajasthan,Rajasthan,2025,R3,STATE_MERIT,,25661048226 Joined,General Medicine,General,,Government,Rajsthan__Rajasthan Round 3 Allotment.txt,319,allotted
Rajasthan,Rajasthan,2025,R3,STATE_MERIT,,SMS Medical College Jaipur,General Surgery,EWS,,Government,Rajsthan__Rajasthan Round 3 Allotment.txt,341,allotted
Rajasthan,Rajasthan,2025,R3,STATE_MERIT,,Government,MD,MBC NCL,,Government,Rajsthan__Rajasthan Round 3 Allotment.txt,349,allotted
Rajasthan,Rajasthan,2025,R3,STATE_MERIT,,SMS Medical College Jaipur,Obst. & Gynaecology,EWS,,Government,Rajsthan__Rajasthan Round 3 Allotment.txt,355,allotted
Rajasthan,Rajasthan,2025,R3,STATE_MERIT,,SPMC Bikaner,Paediatrics,OBC,,Government,Rajsthan__Rajasthan Round 3 Allotment.txt,359,allotted
Rajasthan,Rajasthan,2025,R3,STATE_MERIT,,Dr SNMC Jodhpur,Paediatrics,General,,Government,Rajsthan__Rajasthan Round 3 Allotment.txt,367,allotted
Rajasthan,Rajasthan,2025,R3,STATE_MERIT,,SMS Medical College Jaipur,General Medicine,MBC NCL,,Government,Rajsthan__Rajasthan Round 3 Allotment.txt,375,allotted
Rajasthan,Rajasthan,2025,R3,STATE_MERIT,,Government,MD,ST,,Government,Rajsthan__Rajasthan Round 3 Allotment.txt,377,allotted
Rajasthan,Rajasthan,2025,R3,STATE_MERIT,,RNT MC Udaipur,Paediatrics,General,,Government,Rajsthan__Rajasthan Round 3 Allotment.txt,379,allotted
Rajasthan,Rajasthan,2025,R3,STATE_MERIT,,25661194956 Joined,Skin & V.D / Dermatology Ven. & LeprosyGovernment,SC,,Government,Rajsthan__Rajasthan Round 3 Allotment.txt,398,allotted
Rajasthan,Rajasthan,2025,R3,STATE_MERIT,,25661154831 Joined,Government,OBC,,Government,Rajsthan__Rajasthan Round 3 Allotment.txt,400,allotted
Rajasthan,Rajasthan,2025,R3,STATE_MERIT,,Jhalawar Medical College Jhalawar,General Medicine,EWS,,Government,Rajsthan__Rajasthan Round 3 Allotment.txt,402,allotted
Rajasthan,Rajasthan,2025,R3,STATE_MERIT,,Dr SNMC Jodhpur,Obst. & Gynaecology,OBC,,Government,Rajsthan__Rajasthan Round 3 Allotment.txt,410,allotted
Rajasthan,Rajasthan,2025,R3,STATE_MERIT,,SMS Medical College Jaipur,MD,ST,,Government,Rajsthan__Rajasthan Round 3 Allotment.txt,420,allotted
Rajasthan,Rajasthan,2025,R3,STATE_MERIT,,Government,MS,EWS,,Government,Rajsthan__Rajasthan Round 3 Allotment.txt,422,allotted
Rajasthan,Rajasthan,2025,R3,STATE_MERIT,,RNT MC Udaipur,Radiodiagnosis/Radiology,ST,,Government,Rajsthan__Rajasthan Round 3 Allotment.txt,428,allotted
Rajasthan,Rajasthan,2025,R3,STATE_MERIT,,SMS Medical College Jaipur,General Medicine,SC,,Government,Rajsthan__Rajasthan Round 3 Allotment.txt,442,allotted
Rajasthan,Rajasthan,2025,R3,STATE_MERIT,,Dr SNMC Jodhpur,Paediatrics,OBC,,Government,Rajsthan__Rajasthan Round 3 Allotment.txt,453,allotted
Rajasthan,Rajasthan,2025,R3,STATE_MERIT,,SMS Medical College Jaipur,Ophthalmology,General,,Government,Rajsthan__Rajasthan Round 3 Allotment.txt,461,allotted
Rajasthan,Rajasthan,2025,R3,STATE_MERIT,,SMS Medical College Jaipur,Radiotherapy/Radiationoncology,General,,Government,Rajsthan__Rajasthan Round 3 Allotment.txt,478,allotted
Rajasthan,Rajasthan,2025,R3,STATE_MERIT,,"Govt. Medical College, Kota",Obst. & Gynaecology,General,,Government,Rajsthan__Rajasthan Round 3 Allotment.txt,503,allotted
Rajasthan,Rajasthan,2025,R3,STATE_MERIT,,Government,MD,SC,,Government,Rajsthan__Rajasthan Round 3 Allotment.txt,505,allotted
Rajasthan,Rajasthan,2025,R3,STATE_MERIT,,SMS Medical College Jaipur,ENT,General,,Government,Rajsthan__Rajasthan Round 3 Allotment.txt,521,allotted
Rajasthan,Rajasthan,2025,R3,STATE_MERIT,,Dr SNMC Jodhpur,Obst. & Gynaecology,General,,Government,Rajsthan__Rajasthan Round 3 Allotment.txt,535,allotted
Rajasthan,Rajasthan,2025,R3,STATE_MERIT,,Government,MS,MBC NCL,,Government,Rajsthan__Rajasthan Round 3 Allotment.txt,584,allotted
Rajasthan,Rajasthan,2025,R3,STATE_MERIT,,RNT MC Udaipur,Orthopaedics,OBC,,Government,Rajsthan__Rajasthan Round 3 Allotment.txt,635,allotted
Rajasthan,Rajasthan,2025,R3,STATE_MERIT,,JLN MC Ajmer,MD,ST,,Government,Rajsthan__Rajasthan Round 3 Allotment.txt,637,allotted
Rajasthan,Rajasthan,2025,R3,STATE_MERIT,,"Ananta Institute of Medical Sciences and Research Centre, Rajsamand",MD,General,,Government,Rajsthan__Rajasthan Round 3 Allotment.txt,664,allotted
Rajasthan,Rajasthan,2025,R3,STATE_MERIT,,"Govt. Medical College, Kota",MD,ST,,Government,Rajsthan__Rajasthan Round 3 Allotment.txt,673,allotted
Rajasthan,Rajasthan,2025,R3,STATE_MERIT,,RNT MC Udaipur,MD,SC,,Government,Rajsthan__Rajasthan Round 3 Allotment.txt,675,allotted
Rajasthan,Rajasthan,2025,R3,STATE_MERIT,,25661176087 Joined,Government,General,,Government,Rajsthan__Rajasthan Round 3 Allotment.txt,689,allotted
Rajasthan,Rajasthan,2025,R3,STATE_MERIT,,Dr SNMC Jodhpur,Psychiatry,General,,Government,Rajsthan__Rajasthan Round 3 Allotment.txt,699,allotted
Rajasthan,Rajasthan,2025,R3,STATE_MERIT,,RNT MC Udaipur,General Medicine,SC,,Government,Rajsthan__Rajasthan Round 3 Allotment.txt,705,allotted
Rajasthan,Rajasthan,2025,R3,STATE_MERIT,,RUHS College of Medical Sciences,Orthopaedics,General,,Government,Rajsthan__Rajasthan Round 3 Allotment.txt,721,allotted
Rajasthan,Rajasthan,2025,R3,STATE_MERIT,,JLN MC Ajmer,MD,SC,,Government,Rajsthan__Rajasthan Round 3 Allotment.txt,723,allotted
Rajasthan,Rajasthan,2025,R3,STATE_MERIT,,JLN MC Ajmer,General Surgery,General,,Government,Rajsthan__Rajasthan Round 3 Allotment.txt,733,allotted
Rajasthan,Rajasthan,2025,R3,STATE_MERIT,,25661008140 Joined,Skin & V.D / Dermatology Ven. & LeprosyGovernment,SC,,Government,Rajsthan__Rajasthan Round 3 Allotment.txt,750,allotted
Rajasthan,Rajasthan,2025,R3,STATE_MERIT,,JLN MC Ajmer,Obst. & Gynaecology,OBC,,Government,Rajsthan__Rajasthan Round 3 Allotment.txt,763,allotted
Rajasthan,Rajasthan,2025,R3,STATE_MERIT,,"Govt. Medical College, Kota",Psychiatry,OBC,,Government,Rajsthan__Rajasthan Round 3 Allotment.txt,780,allotted
Rajasthan,Rajasthan,2025,R3,STATE_MERIT,,Management GMC Pali,MS,General,,Government,Rajsthan__Rajasthan Round 3 Allotment.txt,782,allotted
Rajasthan,Rajasthan,2025,R3,STATE_MERIT,,Management RUHS College of Medical Sciences,MS,OBC,,Government,Rajsthan__Rajasthan Round 3 Allotment.txt,784,allotted
Rajasthan,Rajasthan,2025,R3,STATE_MERIT,,Management Jhalawar Medical College Jhalawar,MS,General,,Government,Rajsthan__Rajasthan Round 3 Allotment.txt,793,allotted
Rajasthan,Rajasthan,2025,R3,STATE_MERIT,,Govt RDBP Jaipuria Hospital Jaipur,Post MBBS DNB Emergency Medicine,General,,Government,Rajsthan__Rajasthan Round 3 Allotment.txt,840,allotted
Rajasthan,Rajasthan,2025,R3,STATE_MERIT,,"Govt. Medical College, Kota",General Medicine,SC,,Government,Rajsthan__Rajasthan Round 3 Allotment.txt,865,allotted
Rajasthan,Rajasthan,2025,R3,STATE_MERIT,,Management RUHS College of Medical Sciences,MS,General,,Government,Rajsthan__Rajasthan Round 3 Allotment.txt,873,allotted
Rajasthan,Rajasthan,2025,R3,STATE_MERIT,,25661030639 Joined,Obst. & Gynaecology,OBC,,Government,Rajsthan__Rajasthan Round 3 Allotment.txt,875,allotted
Rajasthan,Rajasthan,2025,R3,STATE_MERIT,,SMS Medical College Jaipur,Anaesthesia,General,,Government,Rajsthan__Rajasthan Round 3 Allotment.txt,879,allotted
Rajasthan,Rajasthan,2025,R3,STATE_MERIT,,"Govt. Medical College, Kota",General Surgery,EWS,,Government,Rajsthan__Rajasthan Round 3 Allotment.txt,881,allotted
Rajasthan,Rajasthan,2025,R3,STATE_MERIT,,RNT MC Udaipur,General Surgery,OBC,,Government,Rajsthan__Rajasthan Round 3 Allotment.txt,887,allotted
Rajasthan,Rajasthan,2025,R3,STATE_MERIT,,SMS Medical College Jaipur,Anaesthesia,OBC,,Government,Rajsthan__Rajasthan Round 3 Allotment.txt,903,allotted
Rajasthan,Rajasthan,2025,R3,STATE_MERIT,,Dr SNMC Jodhpur,ENT,General,,Government,Rajsthan__Rajasthan Round 3 Allotment.txt,913,allotted
Rajasthan,Rajasthan,2025,R3,STATE_MERIT,,"Govt. Medical College, Kota",ENT,General,,Government,Rajsthan__Rajasthan Round 3 Allotment.txt,932,allotted
Rajasthan,Rajasthan,2025,R3,STATE_MERIT,,Management Jhalawar Medical College Jhalawar,MS,EWS,,Government,Rajsthan__Rajasthan Round 3 Allotment.txt,945,allotted
Rajasthan,Rajasthan,2025,R3,STATE_MERIT,,JLN MC Ajmer,ENT,General,,Government,Rajsthan__Rajasthan Round 3 Allotment.txt,986,allotted
Rajasthan,Rajasthan,2025,R3,STATE_MERIT,,SPMC Bikaner,General Surgery,OBC,,Government,Rajsthan__Rajasthan Round 3 Allotment.txt,995,allotted
Rajasthan,Rajasthan,2025,R3,STATE_MERIT,,Govt RDBP Jaipuria Hospital Jaipur,Post MBBS DNB Family Medicine,General,,Government,Rajsthan__Rajasthan Round 3 Allotment.txt,997,allotted
Rajasthan,Rajasthan,2025,R3,STATE_MERIT,,Government,MS,SC,,Government,Rajsthan__Rajasthan Round 3 Allotment.txt,1007,allotted
Rajasthan,Rajasthan,2025,R3,STATE_MERIT,,Management Jhalawar Medical College Jhalawar,MS,OBC,,Government,Rajsthan__Rajasthan Round 3 Allotment.txt,1029,allotted
Rajasthan,Rajasthan,2025,R3,STATE_MERIT,,Dr SNMC Jodhpur,Orthopaedics,SC,,Government,Rajsthan__Rajasthan Round 3 Allotment.txt,1045,allotted
Rajasthan,Rajasthan,2025,R3,STATE_MERIT,,SMS Medical College Jaipur,Palliative Medicine,OBC,,Government,Rajsthan__Rajasthan Round 3 Allotment.txt,1061,allotted
Rajasthan,Rajasthan,2025,R3,STATE_MERIT,,RNT MC Udaipur,MD,ST,,Government,Rajsthan__Rajasthan Round 3 Allotment.txt,1063,allotted
Rajasthan,Rajasthan,2025,R3,STATE_MERIT,,Management GMC Bhilwara,MS,General,,Government,Rajsthan__Rajasthan Round 3 Allotment.txt,1141,allotted
Rajasthan,Rajasthan,2025,R3,STATE_MERIT,,SMS Medical College Jaipur,ENT,EWS,,Government,Rajsthan__Rajasthan Round 3 Allotment.txt,1145,allotted
Rajasthan,Rajasthan,2025,R3,STATE_MERIT,,SPMC Bikaner,Paediatrics,SC,,Government,Rajsthan__Rajasthan Round 3 Allotment.txt,1197,allotted
Rajasthan,Rajasthan,2025,R3,STATE_MERIT,,"Mahatma Gandhi Medical College and Hospital, Jaipur",ENT,General,,Government,Rajsthan__Rajasthan Round 3 Allotment.txt,1199,allotted
Rajasthan,Rajasthan,2025,R3,STATE_MERIT,,"Ananta Institute of Medical Sciences and Research Centre, Rajsamand",Radiodiagnosis/Radiology,General,,Government,Rajsthan__Rajasthan Round 3 Allotment.txt,1205,allotted
Rajasthan,Rajasthan,2025,R3,STATE_MERIT,,Government,MS,ST,,Government,Rajsthan__Rajasthan Round 3 Allotment.txt,1209,allotted
Rajasthan,Rajasthan,2025,R3,STATE_MERIT,,25661195206 Joined,Government,SC,,Government,Rajsthan__Rajasthan Round 3 Allotment.txt,1226,allotted
Rajasthan,Rajasthan,2025,R3,STATE_MERIT,,SMS Medical College Jaipur,Pathology,General,,Government,Rajsthan__Rajasthan Round 3 Allotment.txt,1228,allotted
Rajasthan,Rajasthan,2025,R3,STATE_MERIT,,SMS Medical College Jaipur,General Surgery,SC,,Government,Rajsthan__Rajasthan Round 3 Allotment.txt,1242,allotted
Rajasthan,Rajasthan,2025,R3,STATE_MERIT,,Jhalawar Medical College Jhalawar,ENT,EWS,,Government,Rajsthan__Rajasthan Round 3 Allotment.txt,1248,allotted
Rajasthan,Rajasthan,2025,R3,STATE_MERIT,,"Govt. Medical College, Kota",Paediatrics,ST,,Government,Rajsthan__Rajasthan Round 3 Allotment.txt,1252,allotted
Rajasthan,Rajasthan,2025,R3,STATE_MERIT,,AI,MD,General,,Government,Rajsthan__Rajasthan Round 3 Allotment.txt,1259,allotted
Rajasthan,Rajasthan,2025,R3,STATE_MERIT,,"Govt. Medical College, Kota",Anaesthesia,EWS,,Government,Rajsthan__Rajasthan Round 3 Allotment.txt,1321,allotted
Rajasthan,Rajasthan,2025,R3,STATE_MERIT,,RNT MC Udaipur,General Medicine,ST,,Government,Rajsthan__Rajasthan Round 3 Allotment.txt,1382,allotted
Rajasthan,Rajasthan,2025,R3,STATE_MERIT,,Dr SNMC Jodhpur,Pathology,General,,Government,Rajsthan__Rajasthan Round 3 Allotment.txt,1395,allotted
Rajasthan,Rajasthan,2025,R3,STATE_MERIT,,SMS Medical College Jaipur,ENT,SC,,Government,Rajsthan__Rajasthan Round 3 Allotment.txt,1408,allotted
Rajasthan,Rajasthan,2025,R3,STATE_MERIT,,"Mahatma Gandhi Medical College and Hospital, Jaipur",MD,General,,Government,Rajsthan__Rajasthan Round 3 Allotment.txt,1428,allotted
Rajasthan,Rajasthan,2025,R3,STATE_MERIT,,American International Institute Of Medical Sciences,MD,General,,Government,Rajsthan__Rajasthan Round 3 Allotment.txt,1449,allotted
Rajasthan,Rajasthan,2025,R3,STATE_MERIT,,Management RUHS College of Medical Sciences,MD,General,,Government,Rajsthan__Rajasthan Round 3 Allotment.txt,1455,allotted
Rajasthan,Rajasthan,2025,R3,STATE_MERIT,,Management GMC Pali,MD,OBC,,Government,Rajsthan__Rajasthan Round 3 Allotment.txt,1471,allotted
Rajasthan,Rajasthan,2025,R3,STATE_MERIT,,RNT MC Udaipur,Pathology,OBC,,Government,Rajsthan__Rajasthan Round 3 Allotment.txt,1481,allotted
Rajasthan,Rajasthan,2025,R3,STATE_MERIT,,SPMC Bikaner,Anaesthesia,EWS,,Government,Rajsthan__Rajasthan Round 3 Allotment.txt,1548,allotted
Rajasthan,Rajasthan,2025,R3,STATE_MERIT,,"Mahatma Gandhi Medical College and Hospital, Jaipur",MD,OBC,,Government,Rajsthan__Rajasthan Round 3 Allotment.txt,1560,allotted
Rajasthan,Rajasthan,2025,R3,STATE_MERIT,,RNT MC Udaipur,General Surgery,SC,,Government,Rajsthan__Rajasthan Round 3 Allotment.txt,1604,allotted
Rajasthan,Rajasthan,2025,R3,STATE_MERIT,,JLN MC Ajmer,Palliative Medicine,SC,,Government,Rajsthan__Rajasthan Round 3 Allotment.txt,1614,allotted
Rajasthan,Rajasthan,2025,R3,STATE_MERIT,,"Mahatma Gandhi Medical College and Hospital, Jaipur",Anaesthesia,General,,Government,Rajsthan__Rajasthan Round 3 Allotment.txt,1618,allotted
Rajasthan,Rajasthan,2025,R3,STATE_MERIT,,"Mahatma Gandhi Medical College and Hospital, Jaipur",Nuclear Medicine,General,,Government,Rajsthan__Rajasthan Round 3 Allotment.txt,1620,allotted
Rajasthan,Rajasthan,2025,R3,STATE_MERIT,,SMS Medical College Jaipur,Forensic Medicine,General,,Government,Rajsthan__Rajasthan Round 3 Allotment.txt,1622,allotted
Rajasthan,Rajasthan,2025,R3,STATE_MERIT,,AI,MS,General,,Government,Rajsthan__Rajasthan Round 3 Allotment.txt,1639,allotted
Rajasthan,Rajasthan,2025,R3,STATE_MERIT,,Dr SNMC Jodhpur,General Surgery,SC,,Government,Rajsthan__Rajasthan Round 3 Allotment.txt,1645,allotted
Rajasthan,Rajasthan,2025,R3,STATE_MERIT,,AI,MD,OBC,,Government,Rajsthan__Rajasthan Round 3 Allotment.txt,1647,allotted
Rajasthan,Rajasthan,2025,R3,STATE_MERIT,,Management GMC Bhilwara,MD,General,,Government,Rajsthan__Rajasthan Round 3 Allotment.txt,1673,allotted
Rajasthan,Rajasthan,2025,R3,STATE_MERIT,,Management RUHS College of Medical Sciences,MS,SC,,Government,Rajsthan__Rajasthan Round 3 Allotment.txt,1675,allotted
Rajasthan,Rajasthan,2025,R3,STATE_MERIT,,JLN MC Ajmer,General Surgery,ST,,Government,Rajsthan__Rajasthan Round 3 Allotment.txt,1701,allotted
Rajasthan,Rajasthan,2025,R3,STATE_MERIT,,"Ananta Institute of Medical Sciences and Research Centre, Rajsamand",Radiodiagnosis/Radiology,OBC,,Government,Rajsthan__Rajasthan Round 3 Allotment.txt,1717,allotted
Rajasthan,Rajasthan,2025,R3,STATE_MERIT,,RNT MC Udaipur,Pathology,EWS,,Government,Rajsthan__Rajasthan Round 3 Allotment.txt,1723,allotted
Rajasthan,Rajasthan,2025,R3,STATE_MERIT,,Jhalawar Medical College Jhalawar,Pathology,OBC,,Government,Rajsthan__Rajasthan Round 3 Allotment.txt,1751,allotted
Rajasthan,Rajasthan,2025,R3,STATE_MERIT,,SMS Medical College Jaipur,Anaesthesia,SC,,Government,Rajsthan__Rajasthan Round 3 Allotment.txt,1776,allotted
Rajasthan,Rajasthan,2025,R3,STATE_MERIT,,"Mahatma Gandhi Medical College and Hospital, Jaipur",Obst. & Gynaecology,General,,Government,Rajsthan__Rajasthan Round 3 Allotment.txt,1825,allotted
Rajasthan,Rajasthan,2025,R3,STATE_MERIT,,"Mahatma Gandhi Medical College and Hospital, Jaipur",Radiodiagnosis/Radiology,General,,Government,Rajsthan__Rajasthan Round 3 Allotment.txt,1829,allotted
Rajasthan,Rajasthan,2025,R3,STATE_MERIT,,"Pacific Medical College & Hospital, Udaipur",MD,General,,Government,Rajsthan__Rajasthan Round 3 Allotment.txt,1852,allotted
Rajasthan,Rajasthan,2025,R3,STATE_MERIT,,JLN MC Ajmer,Anaesthesia,SC,,Government,Rajsthan__Rajasthan Round 3 Allotment.txt,1882,allotted
Rajasthan,Rajasthan,2025,R3,STATE_MERIT,,"Mahatma Gandhi Medical College and Hospital, Jaipur",General Medicine,General,,Government,Rajsthan__Rajasthan Round 3 Allotment.txt,1887,allotted
Rajasthan,Rajasthan,2025,R3,STATE_MERIT,,"Ananta Institute of Medical Sciences and Research Centre, Rajsamand",MD,EWS,,Government,Rajsthan__Rajasthan Round 3 Allotment.txt,1898,allotted
Rajasthan,Rajasthan,2025,R3,STATE_MERIT,,SMS Medical College Jaipur,Psychiatry,MBC NCL,,Government,Rajsthan__Rajasthan Round 3 Allotment.txt,1904,allotted
Rajasthan,Rajasthan,2025,R3,STATE_MERIT,,"Mahatma Gandhi Medical College and Hospital, Jaipur",Radiotherapy/Radiationoncology,General,,Government,Rajsthan__Rajasthan Round 3 Allotment.txt,1917,allotted
Rajasthan,Rajasthan,2025,R3,STATE_MERIT,,SPMC Bikaner,Anaesthesia,SC,,Government,Rajsthan__Rajasthan Round 3 Allotment.txt,1976,allotted
Rajasthan,Rajasthan,2025,R3,STATE_MERIT,,"Govt. Medical College, Kota",Orthopaedics,MBC NCL,,Government,Rajsthan__Rajasthan Round 3 Allotment.txt,1999,allotted
Rajasthan,Rajasthan,2025,R3,STATE_MERIT,,"Management Mahatma Gandhi Medical College and Hospital, Jaipur",MD,General,,Government,Rajsthan__Rajasthan Round 3 Allotment.txt,2006,allotted
Rajasthan,Rajasthan,2025,R3,STATE_MERIT,,AI,MS,OBC,,Government,Rajsthan__Rajasthan Round 3 Allotment.txt,2037,allotted
Rajasthan,Rajasthan,2025,R3,STATE_MERIT,,JLN MC Ajmer,Pharmacology,General,,Government,Rajsthan__Rajasthan Round 3 Allotment.txt,2118,allotted
Rajasthan,Rajasthan,2025,R3,STATE_MERIT,,25661007354 Joined,Obst. & Gynaecology,General,,Government,Rajsthan__Rajasthan Round 3 Allotment.txt,2120,allotted
Rajasthan,Rajasthan,2025,R3,STATE_MERIT,,SMS Medical College Jaipur,Pathology,SC,,Government,Rajsthan__Rajasthan Round 3 Allotment.txt,2146,allotted
Rajasthan,Rajasthan,2025,R3,STATE_MERIT,,25661140598 Joined,General Medicine,General,,Government,Rajsthan__Rajasthan Round 3 Allotment.txt,2150,allotted
Rajasthan,Rajasthan,2025,R3,STATE_MERIT,,GMC Pali,Anaesthesia,SC,,Government,Rajsthan__Rajasthan Round 3 Allotment.txt,2156,allotted
Rajasthan,Rajasthan,2025,R3,STATE_MERIT,,25661170605 Joined,MD,General,,Government,Rajsthan__Rajasthan Round 3 Allotment.txt,2158,allotted
Rajasthan,Rajasthan,2025,R3,STATE_MERIT,,Management GMC Bhilwara,MD,SC,,Government,Rajsthan__Rajasthan Round 3 Allotment.txt,2160,allotted
Rajasthan,Rajasthan,2025,R3,STATE_MERIT,,SPMC Bikaner,Pathology,SC,,Government,Rajsthan__Rajasthan Round 3 Allotment.txt,2177,allotted
Rajasthan,Rajasthan,2025,R3,STATE_MERIT,,25661203981 Joined,AI,General,,Government,Rajsthan__Rajasthan Round 3 Allotment.txt,2181,allotted
Rajasthan,Rajasthan,2025,R3,STATE_MERIT,,25661067095 Joined,Radiodiagnosis/Radiology,General,,Government,Rajsthan__Rajasthan Round 3 Allotment.txt,2234,allotted
Rajasthan,Rajasthan,2025,R3,STATE_MERIT,,25661077518 Joined,MD,General,,Government,Rajsthan__Rajasthan Round 3 Allotment.txt,2257,allotted
Rajasthan,Rajasthan,2025,R3,STATE_MERIT,,SMS Medical College Jaipur,Pharmacology,SC,,Government,Rajsthan__Rajasthan Round 3 Allotment.txt,2266,allotted
Rajasthan,Rajasthan,2025,R3,STATE_MERIT,,"Mahatma Gandhi Medical College and Hospital, Jaipur",Paediatrics,General,,Government,Rajsthan__Rajasthan Round 3 Allotment.txt,2282,allotted
Rajasthan,Rajasthan,2025,R3,STATE_MERIT,,25661149241 Joined,MD,OBC,,Government,Rajsthan__Rajasthan Round 3 Allotment.txt,2300,allotted
Rajasthan,Rajasthan,2025,R3,STATE_MERIT,,AI,MS,ST,,Government,Rajsthan__Rajasthan Round 3 Allotment.txt,2327,allotted
Rajasthan,Rajasthan,2025,R3,STATE_MERIT,,SMS Medical College Jaipur,Anatomy,OBC,,Government,Rajsthan__Rajasthan Round 3 Allotment.txt,2335,allotted
Rajasthan,Rajasthan,2025,R3,STATE_MERIT,,"Govt. Medical College, Kota",Obst. & Gynaecology,ST,,Government,Rajsthan__Rajasthan Round 3 Allotment.txt,2367,allotted
Rajasthan,Rajasthan,2025,R3,STATE_MERIT,,"Management Mahatma Gandhi Medical College and Hospital, Jaipur",MS,General,,Government,Rajsthan__Rajasthan Round 3 Allotment.txt,2416,allotted
Rajasthan,Rajasthan,2025,R3,STATE_MERIT,,25661227042 Joined,Government,OBC,,Government,Rajsthan__Rajasthan Round 3 Allotment.txt,2426,allotted
Rajasthan,Rajasthan,2025,R3,STATE_MERIT,,JLN MC Ajmer,Radiotherapy/Radiationoncology,MBC NCL,,Government,Rajsthan__Rajasthan Round 3 Allotment.txt,2428,allotted
Rajasthan,Rajasthan,2025,R3,STATE_MERIT,,Jaipur.,MD,General,,Government,Rajsthan__Rajasthan Round 3 Allotment.txt,2431,allotted
Rajasthan,Rajasthan,2025,R3,STATE_MERIT,,RNT MC Udaipur,General Surgery,ST,,Government,Rajsthan__Rajasthan Round 3 Allotment.txt,2494,allotted
Rajasthan,Rajasthan,2025,R3,STATE_MERIT,,Management GMC Pali,MS,MBC NCL,,Government,Rajsthan__Rajasthan Round 3 Allotment.txt,2505,allotted
Rajasthan,Rajasthan,2025,R3,STATE_MERIT,,"Govt. Medical College, Kota",Pathology,SC,,Government,Rajsthan__Rajasthan Round 3 Allotment.txt,2539,allotted
Rajasthan,Rajasthan,2025,R3,STATE_MERIT,,Management GMC Bhilwara,MS,MBC NCL,,Government,Rajsthan__Rajasthan Round 3 Allotment.txt,2545,allotted
Rajasthan,Rajasthan,2025,R3,STATE_MERIT,,"Management National Institute of Medical Sciences & Research (NIMS), Jaipur",MD,General,,Government,Rajsthan__Rajasthan Round 3 Allotment.txt,2578,allotted
Rajasthan,Rajasthan,2025,R3,STATE_MERIT,,"Mahatma Gandhi Medical College and Hospital, Jaipur",Paediatrics,OBC,,Government,Rajsthan__Rajasthan Round 3 Allotment.txt,2619,allotted
Rajasthan,Rajasthan,2025,R3,STATE_MERIT,,"National Institute of Medical Sciences & Research (NIMS), Jaipur",MD,General,,Government,Rajsthan__Rajasthan Round 3 Allotment.txt,2625,allotted
Rajasthan,Rajasthan,2025,R3,STATE_MERIT,,RNT MC Udaipur,Anaesthesia,ST,,Government,Rajsthan__Rajasthan Round 3 Allotment.txt,2721,allotted
Rajasthan,Rajasthan,2025,R3,STATE_MERIT,,RUHS College of Medical Sciences,Physiology,General,,Government,Rajsthan__Rajasthan Round 3 Allotment.txt,2742,allotted
Rajasthan,Rajasthan,2025,R3,STATE_MERIT,,American International Institute Of Medical Sciences,General Surgery,General,,Government,Rajsthan__Rajasthan Round 3 Allotment.txt,2751,allotted
Rajasthan,Rajasthan,2025,R3,STATE_MERIT,,SPMC Bikaner,Biochemistry,OBC,,Government,Rajsthan__Rajasthan Round 3 Allotment.txt,2766,allotted
Rajasthan,Rajasthan,2025,R3,STATE_MERIT,,AI,MD,EWS,,Government,Rajsthan__Rajasthan Round 3 Allotment.txt,2784,allotted
Rajasthan,Rajasthan,2025,R3,STATE_MERIT,,25661149701 Joined,MD,General,,Government,Rajsthan__Rajasthan Round 3 Allotment.txt,2792,allotted
Rajasthan,Rajasthan,2025,R3,STATE_MERIT,,"National Institute of Medical Sciences & Research (NIMS), Jaipur",Radiotherapy/Radiationoncology,General,,Government,Rajsthan__Rajasthan Round 3 Allotment.txt,2813,allotted
Rajasthan,Rajasthan,2025,R3,STATE_MERIT,,"ESIC Medical College And Hospital, Alwar",PSM/Community Medicine,SC,,Government,Rajsthan__Rajasthan Round 3 Allotment.txt,2826,allotted
Rajasthan,Rajasthan,2025,R3,STATE_MERIT,,Jaipur.,Paediatrics,General,,Government,Rajsthan__Rajasthan Round 3 Allotment.txt,2829,allotted
Rajasthan,Rajasthan,2025,R3,STATE_MERIT,,"National Institute of Medical Sciences & Research (NIMS), Jaipur",Obst. & Gynaecology,General,,Government,Rajsthan__Rajasthan Round 3 Allotment.txt,2855,allotted
Rajasthan,Rajasthan,2025,R3,STATE_MERIT,,"National Institute of Medical Sciences & Research (NIMS), Jaipur",Radiodiagnosis/Radiology,General,,Government,Rajsthan__Rajasthan Round 3 Allotment.txt,2861,allotted
Rajasthan,Rajasthan,2025,R3,STATE_MERIT,,SMS Medical College Jaipur,PSM/Community Medicine,MBC NCL,,Government,Rajsthan__Rajasthan Round 3 Allotment.txt,2896,allotted
Rajasthan,Rajasthan,2025,R3,STATE_MERIT,,SMS Medical College Jaipur,Biochemistry,OBC,,Government,Rajsthan__Rajasthan Round 3 Allotment.txt,2911,allotted
Rajasthan,Rajasthan,2025,R3,STATE_MERIT,,"Ananta Institute of Medical Sciences and Research Centre, Rajsamand",Obst. & Gynaecology,EWS,,Government,Rajsthan__Rajasthan Round 3 Allotment.txt,2920,allotted
Rajasthan,Rajasthan,2025,R3,STATE_MERIT,,Management Jhalawar Medical College Jhalawar,MD,SC,,Government,Rajsthan__Rajasthan Round 3 Allotment.txt,2922,allotted
Rajasthan,Rajasthan,2025,R3,STATE_MERIT,,"Mahatma Gandhi Medical College and Hospital, Jaipur",Emergency Medicine,EWS,,Government,Rajsthan__Rajasthan Round 3 Allotment.txt,2937,allotted
Rajasthan,Rajasthan,2025,R3,STATE_MERIT,,Jaipur.,Obst. & Gynaecology,General,,Government,Rajsthan__Rajasthan Round 3 Allotment.txt,2948,allotted
Rajasthan,Rajasthan,2025,R3,STATE_MERIT,,"Management Geetanjali Medical College & Hospital, Udaipur",MD,General,,Government,Rajsthan__Rajasthan Round 3 Allotment.txt,2954,allotted
Rajasthan,Rajasthan,2025,R3,STATE_MERIT,,Management Shri Jagannath Pahadiya Medical College Bharatpur or GMC Bharatpur,MD,General,,Government,Rajsthan__Rajasthan Round 3 Allotment.txt,2979,allotted
Rajasthan,Rajasthan,2025,R3,STATE_MERIT,,AI,MD,MBC NCL,,Government,Rajsthan__Rajasthan Round 3 Allotment.txt,3016,allotted
Rajasthan,Rajasthan,2025,R3,STATE_MERIT,,Jaipur.,Emergency Medicine,General,,Government,Rajsthan__Rajasthan Round 3 Allotment.txt,3043,allotted
Rajasthan,Rajasthan,2025,R3,STATE_MERIT,,25661150612 Joined,Paediatrics,OBC,,Government,Rajsthan__Rajasthan Round 3 Allotment.txt,3050,allotted
Rajasthan,Rajasthan,2025,R3,STATE_MERIT,,Management GMC Churu,MD,OBC,,Government,Rajsthan__Rajasthan Round 3 Allotment.txt,3058,allotted
Rajasthan,Rajasthan,2025,R3,STATE_MERIT,,Management Jaipur.,MS,General,,Government,Rajsthan__Rajasthan Round 3 Allotment.txt,3078,allotted
Rajasthan,Rajasthan,2025,R3,STATE_MERIT,,Jaipur.,General Medicine,General,,Government,Rajsthan__Rajasthan Round 3 Allotment.txt,3083,allotted
Rajasthan,Rajasthan,2025,R3,STATE_MERIT,,Management Jaipur.,MD,General,,Government,Rajsthan__Rajasthan Round 3 Allotment.txt,3109,allotted
Rajasthan,Rajasthan,2025,R3,STATE_MERIT,,25661223440 Upgraded,General Medicine,General,,Government,Rajsthan__Rajasthan Round 3 Allotment.txt,3114,allotted
Rajasthan,Rajasthan,2025,R3,STATE_MERIT,,Jaipur.,General Surgery,General,,Government,Rajsthan__Rajasthan Round 3 Allotment.txt,3117,allotted
Rajasthan,Rajasthan,2025,R3,STATE_MERIT,,AI,MD,ST,,Government,Rajsthan__Rajasthan Round 3 Allotment.txt,3121,allotted
Rajasthan,Rajasthan,2025,R3,STATE_MERIT,,"Mahatma Gandhi Medical College and Hospital, Jaipur",Pathology,General,,Government,Rajsthan__Rajasthan Round 3 Allotment.txt,3173,allotted
Rajasthan,Rajasthan,2025,R3,STATE_MERIT,,"Ananta Institute of Medical Sciences and Research Centre, Rajsamand",Anaesthesia,General,,Government,Rajsthan__Rajasthan Round 3 Allotment.txt,3205,allotted
Rajasthan,Rajasthan,2025,R3,STATE_MERIT,,JLN MC Ajmer,PSM/Community Medicine,ST,,Government,Rajsthan__Rajasthan Round 3 Allotment.txt,3211,allotted
Rajasthan,Rajasthan,2025,R3,STATE_MERIT,,"Geetanjali Medical College & Hospital, Udaipur",Anaesthesia,General,,Government,Rajsthan__Rajasthan Round 3 Allotment.txt,3276,allotted
Rajasthan,Rajasthan,2025,R3,STATE_MERIT,,SMS Medical College Jaipur,Biochemistry,SC,,Government,Rajsthan__Rajasthan Round 3 Allotment.txt,3283,allotted
Rajasthan,Rajasthan,2025,R3,STATE_MERIT,,RUHS College of Medical Sciences,Pharmacology,EWS,,Government,Rajsthan__Rajasthan Round 3 Allotment.txt,3294,allotted
Rajasthan,Rajasthan,2025,R3,STATE_MERIT,,"Mahatma Gandhi Medical College and Hospital, Jaipur",General Surgery,General,,Government,Rajsthan__Rajasthan Round 3 Allotment.txt,3303,allotted
Rajasthan,Rajasthan,2025,R3,STATE_MERIT,,Management GMC Dungarpur,MD,General,,Government,Rajsthan__Rajasthan Round 3 Allotment.txt,3325,allotted
Rajasthan,Rajasthan,2025,R3,STATE_MERIT,,"Geetanjali Medical College & Hospital, Udaipur",Psychiatry,General,,Government,Rajsthan__Rajasthan Round 3 Allotment.txt,3353,allotted
Rajasthan,Rajasthan,2025,R3,STATE_MERIT,,"Management Ananta Institute of Medical Sciences and Research Centre, Rajsamand",MD,General,,Government,Rajsthan__Rajasthan Round 3 Allotment.txt,3378,allotted
Rajasthan,Rajasthan,2025,R3,STATE_MERIT,,JLN MC Ajmer,Microbiology,SC,,Government,Rajsthan__Rajasthan Round 3 Allotment.txt,3388,allotted
Rajasthan,Rajasthan,2025,R3,STATE_MERIT,,"Management Ananta Institute of Medical Sciences and Research Centre, Rajsamand",MS,General,,Government,Rajsthan__Rajasthan Round 3 Allotment.txt,3404,allotted
Rajasthan,Rajasthan,2025,R3,STATE_MERIT,,Management RUHS College of Medical Sciences,MD,EWS,,Government,Rajsthan__Rajasthan Round 3 Allotment.txt,3409,allotted
Rajasthan,Rajasthan,2025,R3,STATE_MERIT,,"Management National Institute of Medical Sciences & Research (NIMS), Jaipur",MS,General,,Government,Rajsthan__Rajasthan Round 3 Allotment.txt,3423,allotted
Rajasthan,Rajasthan,2025,R3,STATE_MERIT,,Shri Jagannath Pahadiya Medical College Bharatpur or GMC Bharatpur,PSM/Community Medicine,ST,,Government,Rajsthan__Rajasthan Round 3 Allotment.txt,3429,allotted
Rajasthan,Rajasthan,2025,R3,STATE_MERIT,,"Govt. Medical College, Kota",Anatomy,General,,Government,Rajsthan__Rajasthan Round 3 Allotment.txt,3473,allotted
Rajasthan,Rajasthan,2025,R3,STATE_MERIT,,25661150047 Joined,Orthopaedics,General,,Government,Rajsthan__Rajasthan Round 3 Allotment.txt,3475,allotted
Rajasthan,Rajasthan,2025,R3,STATE_MERIT,,"Geetanjali Medical College & Hospital, Udaipur",MD,General,,Government,Rajsthan__Rajasthan Round 3 Allotment.txt,3482,allotted
Rajasthan,Rajasthan,2025,R3,STATE_MERIT,,JLN MC Ajmer,Biochemistry,OBC,,Government,Rajsthan__Rajasthan Round 3 Allotment.txt,3562,allotted
Rajasthan,Rajasthan,2025,R3,STATE_MERIT,,AI,MS,SC,,Government,Rajsthan__Rajasthan Round 3 Allotment.txt,3566,allotted
Rajasthan,Rajasthan,2025,R3,STATE_MERIT,,25661029939 Joined,General Surgery,General,,Government,Rajsthan__Rajasthan Round 3 Allotment.txt,3600,allotted
Rajasthan,Rajasthan,2025,R3,STATE_MERIT,,Management American International Institute Of Medical Sciences,MD,General,,Government,Rajsthan__Rajasthan Round 3 Allotment.txt,3610,allotted
Rajasthan,Rajasthan,2025,R3,STATE_MERIT,,"Management Dr. S.S Tantia Medical College, Hospital ana Research Center, Sri Ganganagar",MD,General,,Government,Rajsthan__Rajasthan Round 3 Allotment.txt,3630,allotted
Rajasthan,Rajasthan,2025,R3,STATE_MERIT,,"Geetanjali Medical College & Hospital, Udaipur",Emergency Medicine,General,,Government,Rajsthan__Rajasthan Round 3 Allotment.txt,3653,allotted
Rajasthan,Rajasthan,2025,R3,STATE_MERIT,,"National Institute of Medical Sciences & Research (NIMS), Jaipur",General Surgery,General,,Government,Rajsthan__Rajasthan Round 3 Allotment.txt,3662,allotted
Rajasthan,Rajasthan,2025,R3,STATE_MERIT,,Management Shri Jagannath Pahadiya Medical College Bharatpur or GMC Bharatpur,MD,SC,,Government,Rajsthan__Rajasthan Round 3 Allotment.txt,3728,allotted
Rajasthan,Rajasthan,2025,R3,STATE_MERIT,,"National Institute of Medical Sciences & Research (NIMS), Jaipur",General Surgery,OBC,,Government,Rajsthan__Rajasthan Round 3 Allotment.txt,3730,allotted
Rajasthan,Rajasthan,2025,R3,STATE_MERIT,,"Management Mahatma Gandhi Medical College and Hospital, Jaipur",MS,OBC,,Government,Rajsthan__Rajasthan Round 3 Allotment.txt,3822,allotted
Rajasthan,Rajasthan,2025,R3,STATE_MERIT,,25661080294 Fresh,MD,General,,Government,Rajsthan__Rajasthan Round 3 Allotment.txt,3837,allotted
Rajasthan,Rajasthan,2025,R3,STATE_MERIT,,American International Institute Of Medical Sciences,PSM/Community Medicine,General,,Government,Rajsthan__Rajasthan Round 3 Allotment.txt,3875,allotted
Rajasthan,Rajasthan,2025,R3,STATE_MERIT,,AI,MD,SC,,Government,Rajsthan__Rajasthan Round 3 Allotment.txt,3877,allotted
Rajasthan,Rajasthan,2025,R3,STATE_MERIT,,Management Jhalawar Medical College Jhalawar,MD,EWS,,Government,Rajsthan__Rajasthan Round 3 Allotment.txt,3882,allotted
Rajasthan,Rajasthan,2025,R3,STATE_MERIT,,25661238056 Joined,Skin & V.D / Dermatology Ven. & LeprosyGovernment,OBC,,Government,Rajsthan__Rajasthan Round 3 Allotment.txt,3918,allotted
Rajasthan,Rajasthan,2025,R3,STATE_MERIT,,"Ananta Institute of Medical Sciences and Research Centre, Rajsamand",General Surgery,General,,Government,Rajsthan__Rajasthan Round 3 Allotment.txt,3926,allotted
Rajasthan,Rajasthan,2025,R3,STATE_MERIT,,"National Institute of Medical Sciences & Research (NIMS), Jaipur",General Medicine,General,,Government,Rajsthan__Rajasthan Round 3 Allotment.txt,3939,allotted
Rajasthan,Rajasthan,2025,R3,STATE_MERIT,,"Management Dr. S.S Tantia Medical College, Hospital ana Research Center, Sri Ganganagar",MS,General,,Government,Rajsthan__Rajasthan Round 3 Allotment.txt,3956,allotted
Rajasthan,Rajasthan,2025,R3,STATE_MERIT,,"Mahatma Gandhi Medical College and Hospital, Jaipur",Forensic Medicine,General,,Government,Rajsthan__Rajasthan Round 3 Allotment.txt,3992,allotted
Rajasthan,Rajasthan,2025,R3,STATE_MERIT,,American International Institute Of Medical Sciences,ENT,General,,Government,Rajsthan__Rajasthan Round 3 Allotment.txt,4013,allotted
Rajasthan,Rajasthan,2025,R3,STATE_MERIT,,25661163052 Fresh,MD,General,,Government,Rajsthan__Rajasthan Round 3 Allotment.txt,4017,allotted
Rajasthan,Rajasthan,2025,R3,STATE_MERIT,,"Mahatma Gandhi Medical College and Hospital, Jaipur",Family Medicine,General,,Government,Rajsthan__Rajasthan Round 3 Allotment.txt,4052,allotted
Rajasthan,Rajasthan,2025,R3,STATE_MERIT,,"Dr. S.S Tantia Medical College, Hospital ana Research Center, Sri Ganganagar",Pathology,General,,Government,Rajsthan__Rajasthan Round 3 Allotment.txt,4059,allotted
Rajasthan,Rajasthan,2025,R3,STATE_MERIT,,"Mahatma Gandhi Medical College and Hospital, Jaipur",Hospital Administration,General,,Government,Rajsthan__Rajasthan Round 3 Allotment.txt,4130,allotted
Rajasthan,Rajasthan,2025,R3,STATE_MERIT,,"Mahatma Gandhi Medical College and Hospital, Jaipur",PSM/Community Medicine,EWS,,Government,Rajsthan__Rajasthan Round 3 Allotment.txt,4142,allotted
Rajasthan,Rajasthan,2025,R3,STATE_MERIT,,"Pacific Medical College & Hospital, Udaipur",Radiodiagnosis/Radiology,General,,Government,Rajsthan__Rajasthan Round 3 Allotment.txt,4167,allotted
Rajasthan,Rajasthan,2025,R3,STATE_MERIT,,"Mahatma Gandhi Medical College and Hospital, Jaipur",Ophthalmology,ST,,Government,Rajsthan__Rajasthan Round 3 Allotment.txt,4177,allotted
Rajasthan,Rajasthan,2025,R3,STATE_MERIT,,RNT MC Udaipur,Anatomy,OBC,,Government,Rajsthan__Rajasthan Round 3 Allotment.txt,4200,allotted
Rajasthan,Rajasthan,2025,R3,STATE_MERIT,,"Geetanjali Medical College & Hospital, Udaipur",Obst. & Gynaecology,OBC,,Government,Rajsthan__Rajasthan Round 3 Allotment.txt,4223,allotted
Rajasthan,Rajasthan,2025,R3,STATE_MERIT,,Management American International Institute Of Medical Sciences,MS,General,,Government,Rajsthan__Rajasthan Round 3 Allotment.txt,4240,allotted
Rajasthan,Rajasthan,2025,R3,STATE_MERIT,,25661137148 Fresh,AI,General,,Government,Rajsthan__Rajasthan Round 3 Allotment.txt,4262,allotted
Rajasthan,Rajasthan,2025,R3,STATE_MERIT,,25661210193 Fresh,General Medicine,General,,Government,Rajsthan__Rajasthan Round 3 Allotment.txt,4337,allotted
Rajasthan,Rajasthan,2025,R3,STATE_MERIT,,25661129463 Fresh,Orthopaedics,General,,Government,Rajsthan__Rajasthan Round 3 Allotment.txt,4393,allotted
Rajasthan,Rajasthan,2025,R3,STATE_MERIT,,"Geetanjali Medical College & Hospital, Udaipur",Paediatrics,General,,Government,Rajsthan__Rajasthan Round 3 Allotment.txt,4401,allotted
Rajasthan,Rajasthan,2025,R3,STATE_MERIT,,"Pacific Institute of Medical Sciences, Umarda, Udaipur",Anaesthesia,OBC,,Government,Rajsthan__Rajasthan Round 3 Allotment.txt,4413,allotted
Rajasthan,Rajasthan,2025,R3,STATE_MERIT,,25661096982 Fresh,MD,General,,Government,Rajsthan__Rajasthan Round 3 Allotment.txt,4422,allotted
Rajasthan,Rajasthan,2025,R3,STATE_MERIT,,"Geetanjali Medical College & Hospital, Udaipur",Ophthalmology,General,,Government,Rajsthan__Rajasthan Round 3 Allotment.txt,4442,allotted
Rajasthan,Rajasthan,2025,R3,STATE_MERIT,,25661109195 Fresh,Government,MBC NCL,,Government,Rajsthan__Rajasthan Round 3 Allotment.txt,4451,allotted
Rajasthan,Rajasthan,2025,R3,STATE_MERIT,,"Management Geetanjali Medical College & Hospital, Udaipur",MS,General,,Government,Rajsthan__Rajasthan Round 3 Allotment.txt,4458,allotted
Rajasthan,Rajasthan,2025,R3,STATE_MERIT,,"National Institute of Medical Sciences & Research (NIMS), Jaipur",Anaesthesia,General,,Government,Rajsthan__Rajasthan Round 3 Allotment.txt,4488,allotted
Rajasthan,Rajasthan,2025,R3,STATE_MERIT,,"Mahatma Gandhi Medical College and Hospital, Jaipur",Pharmacology,General,,Government,Rajsthan__Rajasthan Round 3 Allotment.txt,4505,allotted
Rajasthan,Rajasthan,2025,R3,STATE_MERIT,,25661106958 Fresh,AI,General,,Government,Rajsthan__Rajasthan Round 3 Allotment.txt,4516,allotted
Rajasthan,Rajasthan,2025,R3,STATE_MERIT,,"Pacific Institute of Medical Sciences, Umarda, Udaipur",MD,General,,Government,Rajsthan__Rajasthan Round 3 Allotment.txt,4541,allotted
Rajasthan,Rajasthan,2025,R3,STATE_MERIT,,"Pacific Medical College & Hospital, Udaipur",General Medicine,General,,Government,Rajsthan__Rajasthan Round 3 Allotment.txt,4543,allotted
Rajasthan,Rajasthan,2025,R3,STATE_MERIT,,"National Institute of Medical Sciences & Research (NIMS), Jaipur",MD,OBC,,Government,Rajsthan__Rajasthan Round 3 Allotment.txt,4552,allotted
Rajasthan,Rajasthan,2025,R3,STATE_MERIT,,JLN MC Ajmer,Anatomy,SC,,Government,Rajsthan__Rajasthan Round 3 Allotment.txt,4558,allotted
Rajasthan,Rajasthan,2025,R3,STATE_MERIT,,"Management Ananta Institute of Medical Sciences and Research Centre, Rajsamand",MS,OBC,,Government,Rajsthan__Rajasthan Round 3 Allotment.txt,4562,allotted
Rajasthan,Rajasthan,2025,R3,STATE_MERIT,,"Mahatma Gandhi Medical College and Hospital, Jaipur",Anatomy,General,,Government,Rajsthan__Rajasthan Round 3 Allotment.txt,4572,allotted
Rajasthan,Rajasthan,2025,R3,STATE_MERIT,,25661091422 Fresh,MD,General,,Government,Rajsthan__Rajasthan Round 3 Allotment.txt,4574,allotted
Rajasthan,Rajasthan,2025,R3,STATE_MERIT,,25661053395 Fresh,Government,OBC,,Government,Rajsthan__Rajasthan Round 3 Allotment.txt,4582,allotted
Rajasthan,Rajasthan,2025,R3,STATE_MERIT,,"Management Pacific Medical College & Hospital, Udaipur",MD,General,,Government,Rajsthan__Rajasthan Round 3 Allotment.txt,4601,allotted
Rajasthan,Rajasthan,2025,R3,STATE_MERIT,,"Management Ananta Institute of Medical Sciences and Research Centre, Rajsamand",MD,OBC,,Government,Rajsthan__Rajasthan Round 3 Allotment.txt,4619,allotted
Rajasthan,Rajasthan,2025,R3,STATE_MERIT,,American International Institute Of Medical Sciences,Pathology,General,,Government,Rajsthan__Rajasthan Round 3 Allotment.txt,4694,allotted
Rajasthan,Rajasthan,2025,R3,STATE_MERIT,,25661172151 Fresh,Government,EWS,,Government,Rajsthan__Rajasthan Round 3 Allotment.txt,4717,allotted
Rajasthan,Rajasthan,2025,R3,STATE_MERIT,,25661193631 Fresh,MD,General,,Government,Rajsthan__Rajasthan Round 3 Allotment.txt,4789,allotted
Rajasthan,Rajasthan,2025,R3,STATE_MERIT,,"Geetanjali Medical College & Hospital, Udaipur",Radiotherapy/Radiationoncology,General,,Government,Rajsthan__Rajasthan Round 3 Allotment.txt,4791,allotted
Rajasthan,Rajasthan,2025,R3,STATE_MERIT,,Management GMC Bhilwara,MD,OBC,,Government,Rajsthan__Rajasthan Round 3 Allotment.txt,4815,allotted
Rajasthan,Rajasthan,2025,R3,STATE_MERIT,,American International Institute Of Medical Sciences,Anaesthesia,General,,Government,Rajsthan__Rajasthan Round 3 Allotment.txt,4824,allotted
Rajasthan,Rajasthan,2025,R3,STATE_MERIT,,25661045978 Fresh,AI,General,,Government,Rajsthan__Rajasthan Round 3 Allotment.txt,4826,allotted
Rajasthan,Rajasthan,2025,R3,STATE_MERIT,,25661103778 Fresh,MD,General,,Government,Rajsthan__Rajasthan Round 3 Allotment.txt,4830,allotted
Rajasthan,Rajasthan,2025,R3,STATE_MERIT,,Jaipur.,Ophthalmology,General,,Government,Rajsthan__Rajasthan Round 3 Allotment.txt,4940,allotted
Rajasthan,Rajasthan,2025,R3,STATE_MERIT,,"Geetanjali Medical College & Hospital, Udaipur",Pathology,General,,Government,Rajsthan__Rajasthan Round 3 Allotment.txt,4963,allotted
Rajasthan,Rajasthan,2025,R3,STATE_MERIT,,Management GMC Pali,MS,OBC,,Government,Rajsthan__Rajasthan Round 3 Allotment.txt,5003,allotted
Rajasthan,Rajasthan,2025,R3,STATE_MERIT,,25661092150 Fresh,Radiodiagnosis/Radiology,OBC,,Government,Rajsthan__Rajasthan Round 3 Allotment.txt,5011,allotted
Rajasthan,Rajasthan,2025,R3,STATE_MERIT,,"Dr. S.S Tantia Medical College, Hospital ana Research Center, Sri Ganganagar",Microbiology,General,,Government,Rajsthan__Rajasthan Round 3 Allotment.txt,5028,allotted
Rajasthan,Rajasthan,2025,R3,STATE_MERIT,,Jaipur.,General Surgery,OBC,,Government,Rajsthan__Rajasthan Round 3 Allotment.txt,5034,allotted
Rajasthan,Rajasthan,2025,R3,STATE_MERIT,,"Geetanjali Medical College & Hospital, Udaipur",Orthopaedics,General,,Government,Rajsthan__Rajasthan Round 3 Allotment.txt,5078,allotted
Rajasthan,Rajasthan,2025,R3,STATE_MERIT,,"Pacific Institute of Medical Sciences, Umarda, Udaipur",Radiodiagnosis/Radiology,General,,Government,Rajsthan__Rajasthan Round 3 Allotment.txt,5101,allotted
Rajasthan,Rajasthan,2025,R3,STATE_MERIT,,JLN MC Ajmer,Physiology,MBC NCL,,Government,Rajsthan__Rajasthan Round 3 Allotment.txt,5135,allotted
Rajasthan,Rajasthan,2025,R3,STATE_MERIT,,"Management Geetanjali Medical College & Hospital, Udaipur",MD,OBC,,Government,Rajsthan__Rajasthan Round 3 Allotment.txt,5163,allotted
Rajasthan,Rajasthan,2025,R3,STATE_MERIT,,"Management Pacific Medical College & Hospital, Udaipur",MD,OBC,,Government,Rajsthan__Rajasthan Round 3 Allotment.txt,5173,allotted
Rajasthan,Rajasthan,2025,R3,STATE_MERIT,,SMS Medical College Jaipur,Forensic Medicine,ST,,Government,Rajsthan__Rajasthan Round 3 Allotment.txt,5177,allotted
Rajasthan,Rajasthan,2025,R3,STATE_MERIT,,"Ananta Institute of Medical Sciences and Research Centre, Rajsamand",PSM/Community Medicine,OBC,,Government,Rajsthan__Rajasthan Round 3 Allotment.txt,5191,allotted
Rajasthan,Rajasthan,2025,R3,STATE_MERIT,,Jaipur.,Pathology,OBC,,Government,Rajsthan__Rajasthan Round 3 Allotment.txt,5238,allotted
Rajasthan,Rajasthan,2025,R3,STATE_MERIT,,"Geetanjali Medical College & Hospital, Udaipur",PSM/Community Medicine,SC,,Government,Rajsthan__Rajasthan Round 3 Allotment.txt,5250,allotted
