counselling,state,year,round,rank_type,college,course,opening_rank,closing_rank,allotment_count
Bihar PGMAC,Bihar,2025,R1,NEET_AIR,BC(DIPLOMA)- 1,P.M.C.PATNA,680.0,680.0,1
Bihar PGMAC,Bihar,2025,R1,NEET_AIR,BC(DIPLOMA)- 10,P.M.C.PATNA,2422.0,2422.0,1
Bihar PGMAC,Bihar,2025,R1,NEET_AIR,BC(DIPLOMA)- 14,P.M.C.PATNA,2929.0,2929.0,1
Bihar PGMAC,Bihar,2025,R1,NEET_AIR,BC(DIPLOMA)- 154,"N.M.C &.H, SASARAM",21994.0,21994.0,1
Bihar PGMAC,Bihar,2025,R1,NEET_AIR,BC(DIPLOMA)- 17,D.M.C.LAHERIASARAI,3466.0,3466.0,1
Bihar PGMAC,Bihar,2025,R1,NEET_AIR,BC(DIPLOMA)- 20,P.M.C.PATNA,4198.0,4198.0,1
Bihar PGMAC,Bihar,2025,R1,NEET_AIR,BC(DIPLOMA)- 22,P.M.C.PATNA,4717.0,4717.0,1
Bihar PGMAC,Bihar,2025,R1,NEET_AIR,BC(DIPLOMA)- 227,KISHANGANJ,40713.0,40713.0,1
Bihar PGMAC,Bihar,2025,R1,NEET_AIR,BC(DIPLOMA)- 23,I.G.I.M.S. PATNA,5266.0,5266.0,1
Bihar PGMAC,Bihar,2025,R1,NEET_AIR,BC(DIPLOMA)- 231,P.M.C.PATNA,41450.0,41450.0,1
Bihar PGMAC,Bihar,2025,R1,NEET_AIR,BC(DIPLOMA)- 236,"COLLEGE & HOSPITAL, SAHARSA",44306.0,44306.0,1
Bihar PGMAC,Bihar,2025,R1,NEET_AIR,BC(DIPLOMA)- 237,"COLLEGE & HOSPITAL, SAHARSA",44817.0,44817.0,1
Bihar PGMAC,Bihar,2025,R1,NEET_AIR,BC(DIPLOMA)- 238,D.M.C.LAHERIASARAI,46721.0,46721.0,1
Bihar PGMAC,Bihar,2025,R1,NEET_AIR,BC(DIPLOMA)- 24,I.G.I.M.S. PATNA,5285.0,5285.0,1
Bihar PGMAC,Bihar,2025,R1,NEET_AIR,BC(DIPLOMA)- 240,P.M.C.PATNA,48405.0,48405.0,1
Bihar PGMAC,Bihar,2025,R1,NEET_AIR,BC(DIPLOMA)- 248,S.K.M.C. MUZAFFARPUR,51311.0,51311.0,1
Bihar PGMAC,Bihar,2025,R1,NEET_AIR,BC(DIPLOMA)- 262,P.M.C.PATNA,57135.0,57135.0,1
Bihar PGMAC,Bihar,2025,R1,NEET_AIR,BC(DIPLOMA)- 27,I.G.I.M.S. PATNA,5451.0,5451.0,1
Bihar PGMAC,Bihar,2025,R1,NEET_AIR,BC(DIPLOMA)- 28,P.M.C.PATNA,5754.0,5754.0,1
Bihar PGMAC,Bihar,2025,R1,NEET_AIR,BC(DIPLOMA)- 29,I.G.I.M.S. PATNA,5897.0,5897.0,1
Bihar PGMAC,Bihar,2025,R1,NEET_AIR,BC(DIPLOMA)- 298,I.G.I.M.S. PATNA,80185.0,80185.0,1
Bihar PGMAC,Bihar,2025,R1,NEET_AIR,BC(DIPLOMA)- 3,P.M.C.PATNA,1267.0,1267.0,1
Bihar PGMAC,Bihar,2025,R1,NEET_AIR,BC(DIPLOMA)- 30,N.M.C. PATNA,6200.0,6200.0,1
Bihar PGMAC,Bihar,2025,R1,NEET_AIR,BC(DIPLOMA)- 305,J.L.N.M.C. BHAGALPUR,85813.0,85813.0,1
Bihar PGMAC,Bihar,2025,R1,NEET_AIR,BC(DIPLOMA)- 307,P.M.C.PATNA,86552.0,86552.0,1
Bihar PGMAC,Bihar,2025,R1,NEET_AIR,BC(DIPLOMA)- 34,N.M.C. PATNA,6948.0,6948.0,1
Bihar PGMAC,Bihar,2025,R1,NEET_AIR,BC(DIPLOMA)- 340,S.K.M.C. MUZAFFARPUR,108328.0,108328.0,1
Bihar PGMAC,Bihar,2025,R1,NEET_AIR,BC(DIPLOMA)- 349,K.M.C. KATIHAR,123020.0,123020.0,1
Bihar PGMAC,Bihar,2025,R1,NEET_AIR,BC(DIPLOMA)- 351,N.M.C. PATNA,124953.0,124953.0,1
Bihar PGMAC,Bihar,2025,R1,NEET_AIR,BC(DIPLOMA)- 4,P.M.C.PATNA,1594.0,1594.0,1
Bihar PGMAC,Bihar,2025,R1,NEET_AIR,BC(DIPLOMA)- 41,N.M.C. PATNA,7478.0,7478.0,1
Bihar PGMAC,Bihar,2025,R1,NEET_AIR,BC(DIPLOMA)- 42,N.M.C. PATNA,7485.0,7485.0,1
Bihar PGMAC,Bihar,2025,R1,NEET_AIR,BC(DIPLOMA)- 46,D.M.C.LAHERIASARAI,7869.0,7869.0,1
Bihar PGMAC,Bihar,2025,R1,NEET_AIR,BC(DIPLOMA)- 52,J.L.N.M.C. BHAGALPUR,8726.0,8726.0,1
Bihar PGMAC,Bihar,2025,R1,NEET_AIR,BC(DIPLOMA)- 53,N.M.C. PATNA,8764.0,8764.0,1
Bihar PGMAC,Bihar,2025,R1,NEET_AIR,BC(DIPLOMA)- 55,J.L.N.M.C. BHAGALPUR,8944.0,8944.0,1
Bihar PGMAC,Bihar,2025,R1,NEET_AIR,BC(DIPLOMA)- 56,A.N.M.M.C. GAYA,9076.0,9076.0,1
Bihar PGMAC,Bihar,2025,R1,NEET_AIR,BC(DIPLOMA)- 6,D.M.C.LAHERIASARAI,1999.0,1999.0,1
Bihar PGMAC,Bihar,2025,R1,NEET_AIR,BC(DIPLOMA)- 67,"B.M.I.M.S,PAWAPURI, NALANDA",11421.0,11421.0,1
Bihar PGMAC,Bihar,2025,R1,NEET_AIR,BC(DIPLOMA)- 71,I.G.I.M.S. PATNA,12056.0,12056.0,1
Bihar PGMAC,Bihar,2025,R1,NEET_AIR,BC(DIPLOMA)- 78,P.M.C.PATNA,12425.0,12425.0,1
Bihar PGMAC,Bihar,2025,R1,NEET_AIR,DQ(DIPLOMA)- 1,P.M.C.PATNA,80574.0,80574.0,1
Bihar PGMAC,Bihar,2025,R1,NEET_AIR,DQ(DIPLOMA)- 2,N.M.C. PATNA,84075.0,84075.0,1
Bihar PGMAC,Bihar,2025,R1,NEET_AIR,EBC(DIPLOMA)- 104,N.M.C. PATNA,19358.0,19358.0,1
Bihar PGMAC,Bihar,2025,R1,NEET_AIR,EBC(DIPLOMA)- 107,N.M.C. PATNA,19569.0,19569.0,1
Bihar PGMAC,Bihar,2025,R1,NEET_AIR,EBC(DIPLOMA)- 114,N.M.C. PATNA,21095.0,21095.0,1
Bihar PGMAC,Bihar,2025,R1,NEET_AIR,EBC(DIPLOMA)- 115,N.M.C. PATNA,21145.0,21145.0,1
Bihar PGMAC,Bihar,2025,R1,NEET_AIR,EBC(DIPLOMA)- 121,A.N.M.M.C. GAYA,22676.0,22676.0,1
Bihar PGMAC,Bihar,2025,R1,NEET_AIR,EBC(DIPLOMA)- 13,D.M.C.LAHERIASARAI,4151.0,4151.0,1
Bihar PGMAC,Bihar,2025,R1,NEET_AIR,EBC(DIPLOMA)- 14,J.L.N.M.C. BHAGALPUR,4164.0,4164.0,1
Bihar PGMAC,Bihar,2025,R1,NEET_AIR,EBC(DIPLOMA)- 140,D.M.C.LAHERIASARAI,25124.0,25124.0,1
Bihar PGMAC,Bihar,2025,R1,NEET_AIR,EBC(DIPLOMA)- 15,P.M.C.PATNA,4553.0,4553.0,1
Bihar PGMAC,Bihar,2025,R1,NEET_AIR,EBC(DIPLOMA)- 16,P.M.C.PATNA,4713.0,4713.0,1
Bihar PGMAC,Bihar,2025,R1,NEET_AIR,EBC(DIPLOMA)- 17,P.M.C.PATNA,4885.0,4885.0,1
Bihar PGMAC,Bihar,2025,R1,NEET_AIR,EBC(DIPLOMA)- 184,I.G.I.M.S. PATNA,33891.0,33891.0,1
Bihar PGMAC,Bihar,2025,R1,NEET_AIR,EBC(DIPLOMA)- 185,I.G.I.M.S. PATNA,34140.0,34140.0,1
Bihar PGMAC,Bihar,2025,R1,NEET_AIR,EBC(DIPLOMA)- 188,K.M.C. KATIHAR,35213.0,35213.0,1
Bihar PGMAC,Bihar,2025,R1,NEET_AIR,EBC(DIPLOMA)- 191,S.K.M.C. MUZAFFARPUR,35733.0,35733.0,1
Bihar PGMAC,Bihar,2025,R1,NEET_AIR,EBC(DIPLOMA)- 2,I.G.I.M.S. PATNA,533.0,533.0,1
Bihar PGMAC,Bihar,2025,R1,NEET_AIR,EBC(DIPLOMA)- 20,N.M.C. PATNA,5196.0,5196.0,1
Bihar PGMAC,Bihar,2025,R1,NEET_AIR,EBC(DIPLOMA)- 208,N.M.C. PATNA,42001.0,42001.0,1
Bihar PGMAC,Bihar,2025,R1,NEET_AIR,EBC(DIPLOMA)- 225,"N.M.C &.H, SASARAM",45618.0,45618.0,1
Bihar PGMAC,Bihar,2025,R1,NEET_AIR,EBC(DIPLOMA)- 24,P.M.C.PATNA,6114.0,6114.0,1
Bihar PGMAC,Bihar,2025,R1,NEET_AIR,EBC(DIPLOMA)- 250,P.M.C.PATNA,59523.0,59523.0,1
Bihar PGMAC,Bihar,2025,R1,NEET_AIR,EBC(DIPLOMA)- 257,K.M.C. KATIHAR,63296.0,63296.0,1
Bihar PGMAC,Bihar,2025,R1,NEET_AIR,EBC(DIPLOMA)- 261,K.M.C. KATIHAR,65319.0,65319.0,1
Bihar PGMAC,Bihar,2025,R1,NEET_AIR,EBC(DIPLOMA)- 27,N.M.C. PATNA,6622.0,6622.0,1
Bihar PGMAC,Bihar,2025,R1,NEET_AIR,EBC(DIPLOMA)- 272,J.L.N.M.C. BHAGALPUR,76369.0,76369.0,1
Bihar PGMAC,Bihar,2025,R1,NEET_AIR,EBC(DIPLOMA)- 287,I.G.I.M.S. PATNA,91659.0,91659.0,1
Bihar PGMAC,Bihar,2025,R1,NEET_AIR,EBC(DIPLOMA)- 288,MADHUBANI,93121.0,93121.0,1
Bihar PGMAC,Bihar,2025,R1,NEET_AIR,EBC(DIPLOMA)- 299,N.M.C. PATNA,109225.0,109225.0,1
Bihar PGMAC,Bihar,2025,R1,NEET_AIR,EBC(DIPLOMA)- 30,S.K.M.C. MUZAFFARPUR,8251.0,8251.0,1
Bihar PGMAC,Bihar,2025,R1,NEET_AIR,EBC(DIPLOMA)- 302,D.M.C.LAHERIASARAI,112827.0,112827.0,1
Bihar PGMAC,Bihar,2025,R1,NEET_AIR,EBC(DIPLOMA)- 303,J.L.N.M.C. BHAGALPUR,114315.0,114315.0,1
Bihar PGMAC,Bihar,2025,R1,NEET_AIR,EBC(DIPLOMA)- 311,K.M.C. KATIHAR,123778.0,123778.0,1
Bihar PGMAC,Bihar,2025,R1,NEET_AIR,EBC(DIPLOMA)- 312,"N.M.C &.H, SASARAM",124209.0,124209.0,1
Bihar PGMAC,Bihar,2025,R1,NEET_AIR,EBC(DIPLOMA)- 32,P.M.C.PATNA,8415.0,8415.0,1
Bihar PGMAC,Bihar,2025,R1,NEET_AIR,EBC(DIPLOMA)- 33,D.M.C.LAHERIASARAI,8462.0,8462.0,1
Bihar PGMAC,Bihar,2025,R1,NEET_AIR,EBC(DIPLOMA)- 38,I.G.I.M.S. PATNA,9944.0,9944.0,1
Bihar PGMAC,Bihar,2025,R1,NEET_AIR,EBC(DIPLOMA)- 39,I.G.I.M.S. PATNA,10123.0,10123.0,1
Bihar PGMAC,Bihar,2025,R1,NEET_AIR,EBC(DIPLOMA)- 40,A.N.M.M.C. GAYA,10207.0,10207.0,1
Bihar PGMAC,Bihar,2025,R1,NEET_AIR,EBC(DIPLOMA)- 43,"B.M.I.M.S,PAWAPURI, NALANDA",10588.0,10588.0,1
Bihar PGMAC,Bihar,2025,R1,NEET_AIR,EBC(DIPLOMA)- 5,P.M.C.PATNA,1133.0,1133.0,1
Bihar PGMAC,Bihar,2025,R1,NEET_AIR,EBC(DIPLOMA)- 6,N.M.C. PATNA,2042.0,2042.0,1
Bihar PGMAC,Bihar,2025,R1,NEET_AIR,EBC(DIPLOMA)- 7,N.M.C. PATNA,2786.0,2786.0,1
Bihar PGMAC,Bihar,2025,R1,NEET_AIR,EBC(DIPLOMA)- 96,P.M.C.PATNA,18411.0,18411.0,1
Bihar PGMAC,Bihar,2025,R1,NEET_AIR,EWS(DIPLOMA)- 1,I.G.I.M.S. PATNA,651.0,651.0,1
Bihar PGMAC,Bihar,2025,R1,NEET_AIR,EWS(DIPLOMA)- 10,J.L.N.M.C. BHAGALPUR,4531.0,4531.0,1
Bihar PGMAC,Bihar,2025,R1,NEET_AIR,EWS(DIPLOMA)- 108,COLLEGE & HOSPITAL,27501.0,27501.0,1
Bihar PGMAC,Bihar,2025,R1,NEET_AIR,EWS(DIPLOMA)- 12,P.M.C.PATNA,5178.0,5178.0,1
Bihar PGMAC,Bihar,2025,R1,NEET_AIR,EWS(DIPLOMA)- 120,P.M.C.PATNA,31829.0,31829.0,1
Bihar PGMAC,Bihar,2025,R1,NEET_AIR,EWS(DIPLOMA)- 128,KISHANGANJ,39117.0,39117.0,1
Bihar PGMAC,Bihar,2025,R1,NEET_AIR,EWS(DIPLOMA)- 13,P.M.C.PATNA,5204.0,5204.0,1
Bihar PGMAC,Bihar,2025,R1,NEET_AIR,EWS(DIPLOMA)- 133,P.M.C.PATNA,44483.0,44483.0,1
Bihar PGMAC,Bihar,2025,R1,NEET_AIR,EWS(DIPLOMA)- 14,I.G.I.M.S. PATNA,5760.0,5760.0,1
Bihar PGMAC,Bihar,2025,R1,NEET_AIR,EWS(DIPLOMA)- 143,MADHUBANI,68204.0,68204.0,1
Bihar PGMAC,Bihar,2025,R1,NEET_AIR,EWS(DIPLOMA)- 145,P.M.C.PATNA,69489.0,69489.0,1
Bihar PGMAC,Bihar,2025,R1,NEET_AIR,EWS(DIPLOMA)- 146,D.M.C.LAHERIASARAI,74991.0,74991.0,1
Bihar PGMAC,Bihar,2025,R1,NEET_AIR,EWS(DIPLOMA)- 151,N.M.C. PATNA,82817.0,82817.0,1
Bihar PGMAC,Bihar,2025,R1,NEET_AIR,EWS(DIPLOMA)- 152,N.M.C. PATNA,83328.0,83328.0,1
Bihar PGMAC,Bihar,2025,R1,NEET_AIR,EWS(DIPLOMA)- 159,D.M.C.LAHERIASARAI,100041.0,100041.0,1
Bihar PGMAC,Bihar,2025,R1,NEET_AIR,EWS(DIPLOMA)- 160,"B.M.I.M.S,PAWAPURI, NALANDA",100194.0,100194.0,1
Bihar PGMAC,Bihar,2025,R1,NEET_AIR,EWS(DIPLOMA)- 163,P.M.C.PATNA,113511.0,113511.0,1
Bihar PGMAC,Bihar,2025,R1,NEET_AIR,EWS(DIPLOMA)- 17,A.N.M.M.C. GAYA,6096.0,6096.0,1
Bihar PGMAC,Bihar,2025,R1,NEET_AIR,EWS(DIPLOMA)- 18,P.M.C.PATNA,6147.0,6147.0,1
Bihar PGMAC,Bihar,2025,R1,NEET_AIR,EWS(DIPLOMA)- 2,I.G.I.M.S. PATNA,1719.0,1719.0,1
Bihar PGMAC,Bihar,2025,R1,NEET_AIR,EWS(DIPLOMA)- 20,N.M.C. PATNA,7779.0,7779.0,1
Bihar PGMAC,Bihar,2025,R1,NEET_AIR,EWS(DIPLOMA)- 21,N.M.C. PATNA,7936.0,7936.0,1
Bihar PGMAC,Bihar,2025,R1,NEET_AIR,EWS(DIPLOMA)- 22,S.K.M.C. MUZAFFARPUR,8039.0,8039.0,1
Bihar PGMAC,Bihar,2025,R1,NEET_AIR,EWS(DIPLOMA)- 23,D.M.C.LAHERIASARAI,8828.0,8828.0,1
Bihar PGMAC,Bihar,2025,R1,NEET_AIR,EWS(DIPLOMA)- 25,P.M.C.PATNA,9138.0,9138.0,1
Bihar PGMAC,Bihar,2025,R1,NEET_AIR,EWS(DIPLOMA)- 27,N.M.C. PATNA,9314.0,9314.0,1
Bihar PGMAC,Bihar,2025,R1,NEET_AIR,EWS(DIPLOMA)- 28,S.K.M.C. MUZAFFARPUR,9910.0,9910.0,1
Bihar PGMAC,Bihar,2025,R1,NEET_AIR,EWS(DIPLOMA)- 3,P.M.C.PATNA,2365.0,2365.0,1
Bihar PGMAC,Bihar,2025,R1,NEET_AIR,EWS(DIPLOMA)- 34,D.M.C.LAHERIASARAI,11111.0,11111.0,1
Bihar PGMAC,Bihar,2025,R1,NEET_AIR,EWS(DIPLOMA)- 35,S.K.M.C. MUZAFFARPUR,11136.0,11136.0,1
Bihar PGMAC,Bihar,2025,R1,NEET_AIR,EWS(DIPLOMA)- 37,J.L.N.M.C. BHAGALPUR,11531.0,11531.0,1
Bihar PGMAC,Bihar,2025,R1,NEET_AIR,EWS(DIPLOMA)- 4,D.M.C.LAHERIASARAI,2575.0,2575.0,1
Bihar PGMAC,Bihar,2025,R1,NEET_AIR,EWS(DIPLOMA)- 40,D.M.C.LAHERIASARAI,11689.0,11689.0,1
Bihar PGMAC,Bihar,2025,R1,NEET_AIR,EWS(DIPLOMA)- 42,J.L.N.M.C. BHAGALPUR,11950.0,11950.0,1
Bihar PGMAC,Bihar,2025,R1,NEET_AIR,EWS(DIPLOMA)- 49,D.M.C.LAHERIASARAI,12632.0,12632.0,1
Bihar PGMAC,Bihar,2025,R1,NEET_AIR,EWS(DIPLOMA)- 51,I.G.I.M.S. PATNA,12792.0,12792.0,1
Bihar PGMAC,Bihar,2025,R1,NEET_AIR,EWS(DIPLOMA)- 6,D.M.C.LAHERIASARAI,2862.0,2862.0,1
Bihar PGMAC,Bihar,2025,R1,NEET_AIR,EWS(DIPLOMA)- 61,I.G.I.M.S. PATNA,14683.0,14683.0,1
Bihar PGMAC,Bihar,2025,R1,NEET_AIR,EWS(DIPLOMA)- 67,D.M.C.LAHERIASARAI,15839.0,15839.0,1
Bihar PGMAC,Bihar,2025,R1,NEET_AIR,EWS(DIPLOMA)- 7,P.M.C.PATNA,3121.0,3121.0,1
Bihar PGMAC,Bihar,2025,R1,NEET_AIR,EWS(DIPLOMA)- 73,N.M.C. PATNA,16965.0,16965.0,1
Bihar PGMAC,Bihar,2025,R1,NEET_AIR,EWS(DIPLOMA)- 86,A.N.M.M.C. GAYA,19163.0,19163.0,1
Bihar PGMAC,Bihar,2025,R1,NEET_AIR,EWS(DIPLOMA)- 9,D.M.C.LAHERIASARAI,4311.0,4311.0,1
Bihar PGMAC,Bihar,2025,R1,NEET_AIR,RCG(DIPLOMA)- 1,I.G.I.M.S. PATNA,380.0,380.0,1
Bihar PGMAC,Bihar,2025,R1,NEET_AIR,RCG(DIPLOMA)- 10,N.M.C. PATNA,2921.0,2921.0,1
Bihar PGMAC,Bihar,2025,R1,NEET_AIR,RCG(DIPLOMA)- 101,P.M.C.PATNA,17723.0,17723.0,1
Bihar PGMAC,Bihar,2025,R1,NEET_AIR,RCG(DIPLOMA)- 103,N.M.C. PATNA,18153.0,18153.0,1
Bihar PGMAC,Bihar,2025,R1,NEET_AIR,RCG(DIPLOMA)- 11,P.M.C.PATNA,2974.0,2974.0,1
Bihar PGMAC,Bihar,2025,R1,NEET_AIR,RCG(DIPLOMA)- 111,P.M.C.PATNA,19048.0,19048.0,1
Bihar PGMAC,Bihar,2025,R1,NEET_AIR,RCG(DIPLOMA)- 112,P.M.C.PATNA,19296.0,19296.0,1
Bihar PGMAC,Bihar,2025,R1,NEET_AIR,RCG(DIPLOMA)- 118,N.M.C. PATNA,19856.0,19856.0,1
Bihar PGMAC,Bihar,2025,R1,NEET_AIR,RCG(DIPLOMA)- 12,I.G.I.M.S. PATNA,3135.0,3135.0,1
Bihar PGMAC,Bihar,2025,R1,NEET_AIR,RCG(DIPLOMA)- 120,P.M.C.PATNA,20116.0,20116.0,1
Bihar PGMAC,Bihar,2025,R1,NEET_AIR,RCG(DIPLOMA)- 13,P.M.C.PATNA,3321.0,3321.0,1
Bihar PGMAC,Bihar,2025,R1,NEET_AIR,RCG(DIPLOMA)- 130,D.M.C.LAHERIASARAI,22113.0,22113.0,1
Bihar PGMAC,Bihar,2025,R1,NEET_AIR,RCG(DIPLOMA)- 135,P.M.C.PATNA,22900.0,22900.0,1
Bihar PGMAC,Bihar,2025,R1,NEET_AIR,RCG(DIPLOMA)- 136,A.N.M.M.C. GAYA,22910.0,22910.0,1
Bihar PGMAC,Bihar,2025,R1,NEET_AIR,RCG(DIPLOMA)- 138,I.G.I.M.S. PATNA,23014.0,23014.0,1
Bihar PGMAC,Bihar,2025,R1,NEET_AIR,RCG(DIPLOMA)- 14,P.M.C.PATNA,3503.0,3503.0,1
Bihar PGMAC,Bihar,2025,R1,NEET_AIR,RCG(DIPLOMA)- 145,"G.M.C., BETTIAH",23934.0,23934.0,1
Bihar PGMAC,Bihar,2025,R1,NEET_AIR,RCG(DIPLOMA)- 149,P.M.C.PATNA,24460.0,24460.0,1
Bihar PGMAC,Bihar,2025,R1,NEET_AIR,RCG(DIPLOMA)- 15,J.L.N.M.C. BHAGALPUR,3700.0,3700.0,1
Bihar PGMAC,Bihar,2025,R1,NEET_AIR,RCG(DIPLOMA)- 151,D.M.C.LAHERIASARAI,24892.0,24892.0,1
Bihar PGMAC,Bihar,2025,R1,NEET_AIR,RCG(DIPLOMA)- 152,D.M.C.LAHERIASARAI,24977.0,24977.0,1
Bihar PGMAC,Bihar,2025,R1,NEET_AIR,RCG(DIPLOMA)- 157,N.M.C. PATNA,25713.0,25713.0,1
Bihar PGMAC,Bihar,2025,R1,NEET_AIR,RCG(DIPLOMA)- 159,P.M.C.PATNA,25940.0,25940.0,1
Bihar PGMAC,Bihar,2025,R1,NEET_AIR,RCG(DIPLOMA)- 16,D.M.C.LAHERIASARAI,4010.0,4010.0,1
Bihar PGMAC,Bihar,2025,R1,NEET_AIR,RCG(DIPLOMA)- 162,P.M.C.PATNA,26769.0,26769.0,1
Bihar PGMAC,Bihar,2025,R1,NEET_AIR,RCG(DIPLOMA)- 164,N.M.C. PATNA,27163.0,27163.0,1
Bihar PGMAC,Bihar,2025,R1,NEET_AIR,RCG(DIPLOMA)- 17,J.L.N.M.C. BHAGALPUR,4070.0,4070.0,1
Bihar PGMAC,Bihar,2025,R1,NEET_AIR,RCG(DIPLOMA)- 176,D.M.C.LAHERIASARAI,29342.0,29342.0,1
Bihar PGMAC,Bihar,2025,R1,NEET_AIR,RCG(DIPLOMA)- 18,P.M.C.PATNA,4118.0,4118.0,1
Bihar PGMAC,Bihar,2025,R1,NEET_AIR,RCG(DIPLOMA)- 182,D.M.C.LAHERIASARAI,30585.0,30585.0,1
Bihar PGMAC,Bihar,2025,R1,NEET_AIR,RCG(DIPLOMA)- 184,N.M.C. PATNA,30925.0,30925.0,1
Bihar PGMAC,Bihar,2025,R1,NEET_AIR,RCG(DIPLOMA)- 19,P.M.C.PATNA,4916.0,4916.0,1
Bihar PGMAC,Bihar,2025,R1,NEET_AIR,RCG(DIPLOMA)- 193,D.M.C.LAHERIASARAI,32235.0,32235.0,1
Bihar PGMAC,Bihar,2025,R1,NEET_AIR,RCG(DIPLOMA)- 2,P.M.C.PATNA,574.0,574.0,1
Bihar PGMAC,Bihar,2025,R1,NEET_AIR,RCG(DIPLOMA)- 20,P.M.C.PATNA,4986.0,4986.0,1
Bihar PGMAC,Bihar,2025,R1,NEET_AIR,RCG(DIPLOMA)- 201,P.M.C.PATNA,34930.0,34930.0,1
Bihar PGMAC,Bihar,2025,R1,NEET_AIR,RCG(DIPLOMA)- 206,A.N.M.M.C. GAYA,35730.0,35730.0,1
Bihar PGMAC,Bihar,2025,R1,NEET_AIR,RCG(DIPLOMA)- 209,I.G.I.M.S. PATNA,37085.0,37085.0,1
Bihar PGMAC,Bihar,2025,R1,NEET_AIR,RCG(DIPLOMA)- 21,P.M.C.PATNA,5273.0,5273.0,1
Bihar PGMAC,Bihar,2025,R1,NEET_AIR,RCG(DIPLOMA)- 213,P.M.C.PATNA,37912.0,37912.0,1
Bihar PGMAC,Bihar,2025,R1,NEET_AIR,RCG(DIPLOMA)- 215,D.M.C.LAHERIASARAI,38184.0,38184.0,1
Bihar PGMAC,Bihar,2025,R1,NEET_AIR,RCG(DIPLOMA)- 217,P.M.C.PATNA,38785.0,38785.0,1
Bihar PGMAC,Bihar,2025,R1,NEET_AIR,RCG(DIPLOMA)- 22,N.M.C. PATNA,5412.0,5412.0,1
Bihar PGMAC,Bihar,2025,R1,NEET_AIR,RCG(DIPLOMA)- 221,D.M.C.LAHERIASARAI,39479.0,39479.0,1
Bihar PGMAC,Bihar,2025,R1,NEET_AIR,RCG(DIPLOMA)- 223,N.M.C. PATNA,39672.0,39672.0,1
Bihar PGMAC,Bihar,2025,R1,NEET_AIR,RCG(DIPLOMA)- 23,P.M.C.PATNA,5427.0,5427.0,1
Bihar PGMAC,Bihar,2025,R1,NEET_AIR,RCG(DIPLOMA)- 230,J.L.N.M.C. BHAGALPUR,42274.0,42274.0,1
Bihar PGMAC,Bihar,2025,R1,NEET_AIR,RCG(DIPLOMA)- 231,N.M.C. PATNA,42333.0,42333.0,1
Bihar PGMAC,Bihar,2025,R1,NEET_AIR,RCG(DIPLOMA)- 237,P.M.C.PATNA,43684.0,43684.0,1
Bihar PGMAC,Bihar,2025,R1,NEET_AIR,RCG(DIPLOMA)- 239,P.M.C.PATNA,43910.0,43910.0,1
Bihar PGMAC,Bihar,2025,R1,NEET_AIR,RCG(DIPLOMA)- 24,P.M.C.PATNA,5561.0,5561.0,1
Bihar PGMAC,Bihar,2025,R1,NEET_AIR,RCG(DIPLOMA)- 242,P.M.C.PATNA,44690.0,44690.0,1
Bihar PGMAC,Bihar,2025,R1,NEET_AIR,RCG(DIPLOMA)- 244,"COLLEGE & HOSPITAL, SAHARSA",45280.0,45280.0,1
Bihar PGMAC,Bihar,2025,R1,NEET_AIR,RCG(DIPLOMA)- 248,COLLEGE & HOSPITAL,47635.0,47635.0,1
Bihar PGMAC,Bihar,2025,R1,NEET_AIR,RCG(DIPLOMA)- 249,I.G.I.M.S. PATNA,48415.0,48415.0,1
Bihar PGMAC,Bihar,2025,R1,NEET_AIR,RCG(DIPLOMA)- 25,N.M.C. PATNA,6154.0,6154.0,1
Bihar PGMAC,Bihar,2025,R1,NEET_AIR,RCG(DIPLOMA)- 253,D.M.C.LAHERIASARAI,49866.0,49866.0,1
Bihar PGMAC,Bihar,2025,R1,NEET_AIR,RCG(DIPLOMA)- 255,J.L.N.M.C. BHAGALPUR,50351.0,50351.0,1
Bihar PGMAC,Bihar,2025,R1,NEET_AIR,RCG(DIPLOMA)- 256,D.M.C.LAHERIASARAI,51997.0,51997.0,1
Bihar PGMAC,Bihar,2025,R1,NEET_AIR,RCG(DIPLOMA)- 259,D.M.C.LAHERIASARAI,52337.0,52337.0,1
Bihar PGMAC,Bihar,2025,R1,NEET_AIR,RCG(DIPLOMA)- 26,I.G.I.M.S. PATNA,6242.0,6242.0,1
Bihar PGMAC,Bihar,2025,R1,NEET_AIR,RCG(DIPLOMA)- 260,A.N.M.M.C. GAYA,52390.0,52390.0,1
Bihar PGMAC,Bihar,2025,R1,NEET_AIR,RCG(DIPLOMA)- 264,KISHANGANJ,53553.0,53553.0,1
Bihar PGMAC,Bihar,2025,R1,NEET_AIR,RCG(DIPLOMA)- 265,N.M.C. PATNA,53595.0,53595.0,1
Bihar PGMAC,Bihar,2025,R1,NEET_AIR,RCG(DIPLOMA)- 266,"COLLEGE & HOSPITAL, SAHARSA",53718.0,53718.0,1
Bihar PGMAC,Bihar,2025,R1,NEET_AIR,RCG(DIPLOMA)- 27,P.M.C.PATNA,6763.0,6763.0,1
Bihar PGMAC,Bihar,2025,R1,NEET_AIR,RCG(DIPLOMA)- 270,"B.M.I.M.S,PAWAPURI, NALANDA",54608.0,54608.0,1
Bihar PGMAC,Bihar,2025,R1,NEET_AIR,RCG(DIPLOMA)- 275,D.M.C.LAHERIASARAI,56247.0,56247.0,1
Bihar PGMAC,Bihar,2025,R1,NEET_AIR,RCG(DIPLOMA)- 280,P.M.C.PATNA,57511.0,57511.0,1
Bihar PGMAC,Bihar,2025,R1,NEET_AIR,RCG(DIPLOMA)- 281,P.M.C.PATNA,58833.0,58833.0,1
Bihar PGMAC,Bihar,2025,R1,NEET_AIR,RCG(DIPLOMA)- 282,"COLLEGE & HOSPITAL, SAHARSA",59410.0,59410.0,1
Bihar PGMAC,Bihar,2025,R1,NEET_AIR,RCG(DIPLOMA)- 288,N.M.C. PATNA,61919.0,61919.0,1
Bihar PGMAC,Bihar,2025,R1,NEET_AIR,RCG(DIPLOMA)- 29,N.M.C. PATNA,7059.0,7059.0,1
Bihar PGMAC,Bihar,2025,R1,NEET_AIR,RCG(DIPLOMA)- 291,S.K.M.C. MUZAFFARPUR,62349.0,62349.0,1
Bihar PGMAC,Bihar,2025,R1,NEET_AIR,RCG(DIPLOMA)- 293,"B.M.I.M.S,PAWAPURI, NALANDA",62697.0,62697.0,1
Bihar PGMAC,Bihar,2025,R1,NEET_AIR,RCG(DIPLOMA)- 298,K.M.C. KATIHAR,63709.0,63709.0,1
Bihar PGMAC,Bihar,2025,R1,NEET_AIR,RCG(DIPLOMA)- 299,I.G.I.M.S. PATNA,65740.0,65740.0,1
Bihar PGMAC,Bihar,2025,R1,NEET_AIR,RCG(DIPLOMA)- 3,P.M.C.PATNA,855.0,855.0,1
Bihar PGMAC,Bihar,2025,R1,NEET_AIR,RCG(DIPLOMA)- 30,N.M.C. PATNA,7168.0,7168.0,1
Bihar PGMAC,Bihar,2025,R1,NEET_AIR,RCG(DIPLOMA)- 303,I.G.I.M.S. PATNA,67841.0,67841.0,1
Bihar PGMAC,Bihar,2025,R1,NEET_AIR,RCG(DIPLOMA)- 305,P.M.C.PATNA,69225.0,69225.0,1
Bihar PGMAC,Bihar,2025,R1,NEET_AIR,RCG(DIPLOMA)- 31,D.M.C.LAHERIASARAI,7219.0,7219.0,1
Bihar PGMAC,Bihar,2025,R1,NEET_AIR,RCG(DIPLOMA)- 310,D.M.C.LAHERIASARAI,71631.0,71631.0,1
Bihar PGMAC,Bihar,2025,R1,NEET_AIR,RCG(DIPLOMA)- 313,I.G.I.M.S. PATNA,72306.0,72306.0,1
Bihar PGMAC,Bihar,2025,R1,NEET_AIR,RCG(DIPLOMA)- 314,I.G.I.M.S. PATNA,72481.0,72481.0,1
Bihar PGMAC,Bihar,2025,R1,NEET_AIR,RCG(DIPLOMA)- 316,D.M.C.LAHERIASARAI,73789.0,73789.0,1
Bihar PGMAC,Bihar,2025,R1,NEET_AIR,RCG(DIPLOMA)- 317,N.M.C. PATNA,74161.0,74161.0,1
Bihar PGMAC,Bihar,2025,R1,NEET_AIR,RCG(DIPLOMA)- 321,J.L.N.M.C. BHAGALPUR,77408.0,77408.0,1
Bihar PGMAC,Bihar,2025,R1,NEET_AIR,RCG(DIPLOMA)- 322,I.G.I.M.S. PATNA,77721.0,77721.0,1
Bihar PGMAC,Bihar,2025,R1,NEET_AIR,RCG(DIPLOMA)- 324,P.M.C.PATNA,78951.0,78951.0,1
Bihar PGMAC,Bihar,2025,R1,NEET_AIR,RCG(DIPLOMA)- 33,D.M.C.LAHERIASARAI,7628.0,7628.0,1
Bihar PGMAC,Bihar,2025,R1,NEET_AIR,RCG(DIPLOMA)- 330,A.N.M.M.C. GAYA,86223.0,86223.0,1
Bihar PGMAC,Bihar,2025,R1,NEET_AIR,RCG(DIPLOMA)- 331,D.M.C.LAHERIASARAI,88107.0,88107.0,1
Bihar PGMAC,Bihar,2025,R1,NEET_AIR,RCG(DIPLOMA)- 336,D.M.C.LAHERIASARAI,91516.0,91516.0,1
Bihar PGMAC,Bihar,2025,R1,NEET_AIR,RCG(DIPLOMA)- 339,J.L.N.M.C. BHAGALPUR,96665.0,96665.0,1
Bihar PGMAC,Bihar,2025,R1,NEET_AIR,RCG(DIPLOMA)- 34,D.M.C.LAHERIASARAI,7629.0,7629.0,1
Bihar PGMAC,Bihar,2025,R1,NEET_AIR,RCG(DIPLOMA)- 341,"B.M.I.M.S,PAWAPURI, NALANDA",99033.0,99033.0,1
Bihar PGMAC,Bihar,2025,R1,NEET_AIR,RCG(DIPLOMA)- 343,"G.M.C., BETTIAH",100709.0,100709.0,1
Bihar PGMAC,Bihar,2025,R1,NEET_AIR,RCG(DIPLOMA)- 345,I.G.I.M.S. PATNA,101201.0,101201.0,1
Bihar PGMAC,Bihar,2025,R1,NEET_AIR,RCG(DIPLOMA)- 348,P.M.C.PATNA,104706.0,104706.0,1
Bihar PGMAC,Bihar,2025,R1,NEET_AIR,RCG(DIPLOMA)- 350,P.M.C.PATNA,108499.0,108499.0,1
Bihar PGMAC,Bihar,2025,R1,NEET_AIR,RCG(DIPLOMA)- 355,N.M.C. PATNA,120809.0,120809.0,1
Bihar PGMAC,Bihar,2025,R1,NEET_AIR,RCG(DIPLOMA)- 356,S.K.M.C. MUZAFFARPUR,122111.0,122111.0,1
Bihar PGMAC,Bihar,2025,R1,NEET_AIR,RCG(DIPLOMA)- 36,S.K.M.C. MUZAFFARPUR,8153.0,8153.0,1
Bihar PGMAC,Bihar,2025,R1,NEET_AIR,RCG(DIPLOMA)- 361,I.G.I.M.S. PATNA,135346.0,135346.0,1
Bihar PGMAC,Bihar,2025,R1,NEET_AIR,RCG(DIPLOMA)- 363,J.L.N.M.C. BHAGALPUR,137567.0,137567.0,1
Bihar PGMAC,Bihar,2025,R1,NEET_AIR,RCG(DIPLOMA)- 37,A.N.M.M.C. GAYA,8242.0,8242.0,1
Bihar PGMAC,Bihar,2025,R1,NEET_AIR,RCG(DIPLOMA)- 38,D.M.C.LAHERIASARAI,8410.0,8410.0,1
Bihar PGMAC,Bihar,2025,R1,NEET_AIR,RCG(DIPLOMA)- 4,I.G.I.M.S. PATNA,1145.0,1145.0,1
Bihar PGMAC,Bihar,2025,R1,NEET_AIR,RCG(DIPLOMA)- 40,N.M.C. PATNA,8680.0,8680.0,1
Bihar PGMAC,Bihar,2025,R1,NEET_AIR,RCG(DIPLOMA)- 41,J.L.N.M.C. BHAGALPUR,8904.0,8904.0,1
Bihar PGMAC,Bihar,2025,R1,NEET_AIR,RCG(DIPLOMA)- 42,A.N.M.M.C. GAYA,9190.0,9190.0,1
Bihar PGMAC,Bihar,2025,R1,NEET_AIR,RCG(DIPLOMA)- 45,I.G.I.M.S. PATNA,9674.0,9674.0,1
Bihar PGMAC,Bihar,2025,R1,NEET_AIR,RCG(DIPLOMA)- 46,P.M.C.PATNA,9677.0,9677.0,1
Bihar PGMAC,Bihar,2025,R1,NEET_AIR,RCG(DIPLOMA)- 47,A.N.M.M.C. GAYA,10191.0,10191.0,1
Bihar PGMAC,Bihar,2025,R1,NEET_AIR,RCG(DIPLOMA)- 48,I.G.I.M.S. PATNA,10297.0,10297.0,1
Bihar PGMAC,Bihar,2025,R1,NEET_AIR,RCG(DIPLOMA)- 49,D.M.C.LAHERIASARAI,10635.0,10635.0,1
Bihar PGMAC,Bihar,2025,R1,NEET_AIR,RCG(DIPLOMA)- 5,P.M.C.PATNA,1926.0,1926.0,1
Bihar PGMAC,Bihar,2025,R1,NEET_AIR,RCG(DIPLOMA)- 50,D.M.C.LAHERIASARAI,10680.0,10680.0,1
Bihar PGMAC,Bihar,2025,R1,NEET_AIR,RCG(DIPLOMA)- 52,I.G.I.M.S. PATNA,10689.0,10689.0,1
Bihar PGMAC,Bihar,2025,R1,NEET_AIR,RCG(DIPLOMA)- 53,N.M.C. PATNA,11122.0,11122.0,1
Bihar PGMAC,Bihar,2025,R1,NEET_AIR,RCG(DIPLOMA)- 54,J.L.N.M.C. BHAGALPUR,11130.0,11130.0,1
Bihar PGMAC,Bihar,2025,R1,NEET_AIR,RCG(DIPLOMA)- 55,D.M.C.LAHERIASARAI,11207.0,11207.0,1
Bihar PGMAC,Bihar,2025,R1,NEET_AIR,RCG(DIPLOMA)- 56,P.M.C.PATNA,11667.0,11667.0,1
Bihar PGMAC,Bihar,2025,R1,NEET_AIR,RCG(DIPLOMA)- 57,D.M.C.LAHERIASARAI,12023.0,12023.0,1
Bihar PGMAC,Bihar,2025,R1,NEET_AIR,RCG(DIPLOMA)- 58,J.L.N.M.C. BHAGALPUR,12091.0,12091.0,1
Bihar PGMAC,Bihar,2025,R1,NEET_AIR,RCG(DIPLOMA)- 59,D.M.C.LAHERIASARAI,12376.0,12376.0,1
Bihar PGMAC,Bihar,2025,R1,NEET_AIR,RCG(DIPLOMA)- 6,I.G.I.M.S. PATNA,2167.0,2167.0,1
Bihar PGMAC,Bihar,2025,R1,NEET_AIR,RCG(DIPLOMA)- 60,D.M.C.LAHERIASARAI,12777.0,12777.0,1
Bihar PGMAC,Bihar,2025,R1,NEET_AIR,RCG(DIPLOMA)- 61,S.K.M.C. MUZAFFARPUR,12929.0,12929.0,1
Bihar PGMAC,Bihar,2025,R1,NEET_AIR,RCG(DIPLOMA)- 62,"G.M.C., BETTIAH",13131.0,13131.0,1
Bihar PGMAC,Bihar,2025,R1,NEET_AIR,RCG(DIPLOMA)- 63,I.G.I.M.S. PATNA,13255.0,13255.0,1
Bihar PGMAC,Bihar,2025,R1,NEET_AIR,RCG(DIPLOMA)- 66,P.M.C.PATNA,13599.0,13599.0,1
Bihar PGMAC,Bihar,2025,R1,NEET_AIR,RCG(DIPLOMA)- 7,N.M.C. PATNA,2217.0,2217.0,1
Bihar PGMAC,Bihar,2025,R1,NEET_AIR,RCG(DIPLOMA)- 71,I.G.I.M.S. PATNA,14458.0,14458.0,1
Bihar PGMAC,Bihar,2025,R1,NEET_AIR,RCG(DIPLOMA)- 72,P.M.C.PATNA,14472.0,14472.0,1
Bihar PGMAC,Bihar,2025,R1,NEET_AIR,RCG(DIPLOMA)- 76,A.N.M.M.C. GAYA,15009.0,15009.0,1
Bihar PGMAC,Bihar,2025,R1,NEET_AIR,RCG(DIPLOMA)- 77,P.M.C.PATNA,15047.0,15047.0,1
Bihar PGMAC,Bihar,2025,R1,NEET_AIR,RCG(DIPLOMA)- 78,J.L.N.M.C. BHAGALPUR,15190.0,15190.0,1
Bihar PGMAC,Bihar,2025,R1,NEET_AIR,RCG(DIPLOMA)- 79,I.G.I.M.S. PATNA,15217.0,15217.0,1
Bihar PGMAC,Bihar,2025,R1,NEET_AIR,RCG(DIPLOMA)- 8,I.G.I.M.S. PATNA,2706.0,2706.0,1
Bihar PGMAC,Bihar,2025,R1,NEET_AIR,RCG(DIPLOMA)- 82,D.M.C.LAHERIASARAI,15525.0,15525.0,1
Bihar PGMAC,Bihar,2025,R1,NEET_AIR,RCG(DIPLOMA)- 84,D.M.C.LAHERIASARAI,15697.0,15697.0,1
Bihar PGMAC,Bihar,2025,R1,NEET_AIR,RCG(DIPLOMA)- 86,P.M.C.PATNA,15969.0,15969.0,1
Bihar PGMAC,Bihar,2025,R1,NEET_AIR,RCG(DIPLOMA)- 88,I.G.I.M.S. PATNA,16480.0,16480.0,1
Bihar PGMAC,Bihar,2025,R1,NEET_AIR,RCG(DIPLOMA)- 89,P.M.C.PATNA,16609.0,16609.0,1
Bihar PGMAC,Bihar,2025,R1,NEET_AIR,RCG(DIPLOMA)- 9,I.G.I.M.S. PATNA,2812.0,2812.0,1
Bihar PGMAC,Bihar,2025,R1,NEET_AIR,RCG(DIPLOMA)- 91,I.G.I.M.S. PATNA,16676.0,16676.0,1
Bihar PGMAC,Bihar,2025,R1,NEET_AIR,RCG(DIPLOMA)- 93,J.L.N.M.C. BHAGALPUR,16812.0,16812.0,1
Bihar PGMAC,Bihar,2025,R1,NEET_AIR,RCG(DIPLOMA)- 95,I.G.I.M.S. PATNA,17077.0,17077.0,1
Bihar PGMAC,Bihar,2025,R1,NEET_AIR,RCG(DIPLOMA)- 96,D.M.C.LAHERIASARAI,17114.0,17114.0,1
Bihar PGMAC,Bihar,2025,R1,NEET_AIR,RCG(DIPLOMA)- 97,I.G.I.M.S. PATNA,17355.0,17355.0,1
Bihar PGMAC,Bihar,2025,R1,NEET_AIR,RCG(DIPLOMA)- 98,P.M.C.PATNA,17372.0,17372.0,1
Bihar PGMAC,Bihar,2025,R1,NEET_AIR,SC(DIPLOMA)- 10,P.M.C.PATNA,19603.0,19603.0,1
Bihar PGMAC,Bihar,2025,R1,NEET_AIR,SC(DIPLOMA)- 100,A.N.M.M.C. GAYA,84903.0,84903.0,1
Bihar PGMAC,Bihar,2025,R1,NEET_AIR,SC(DIPLOMA)- 102,"B.M.I.M.S,PAWAPURI, NALANDA",90255.0,90255.0,1
Bihar PGMAC,Bihar,2025,R1,NEET_AIR,SC(DIPLOMA)- 11,D.M.C.LAHERIASARAI,19637.0,19637.0,1
Bihar PGMAC,Bihar,2025,R1,NEET_AIR,SC(DIPLOMA)- 112,I.G.I.M.S. PATNA,117791.0,117791.0,1
Bihar PGMAC,Bihar,2025,R1,NEET_AIR,SC(DIPLOMA)- 12,J.L.N.M.C. BHAGALPUR,21656.0,21656.0,1
Bihar PGMAC,Bihar,2025,R1,NEET_AIR,SC(DIPLOMA)- 15,P.M.C.PATNA,23750.0,23750.0,1
Bihar PGMAC,Bihar,2025,R1,NEET_AIR,SC(DIPLOMA)- 2,P.M.C.PATNA,9740.0,9740.0,1
Bihar PGMAC,Bihar,2025,R1,NEET_AIR,SC(DIPLOMA)- 20,D.M.C.LAHERIASARAI,29653.0,29653.0,1
Bihar PGMAC,Bihar,2025,R1,NEET_AIR,SC(DIPLOMA)- 21,A.N.M.M.C. GAYA,30026.0,30026.0,1
Bihar PGMAC,Bihar,2025,R1,NEET_AIR,SC(DIPLOMA)- 24,N.M.C. PATNA,32322.0,32322.0,1
Bihar PGMAC,Bihar,2025,R1,NEET_AIR,SC(DIPLOMA)- 25,I.G.I.M.S. PATNA,32344.0,32344.0,1
Bihar PGMAC,Bihar,2025,R1,NEET_AIR,SC(DIPLOMA)- 28,D.M.C.LAHERIASARAI,34771.0,34771.0,1
Bihar PGMAC,Bihar,2025,R1,NEET_AIR,SC(DIPLOMA)- 34,P.M.C.PATNA,37839.0,37839.0,1
Bihar PGMAC,Bihar,2025,R1,NEET_AIR,SC(DIPLOMA)- 38,I.G.I.M.S. PATNA,38539.0,38539.0,1
Bihar PGMAC,Bihar,2025,R1,NEET_AIR,SC(DIPLOMA)- 42,I.G.I.M.S. PATNA,39534.0,39534.0,1
Bihar PGMAC,Bihar,2025,R1,NEET_AIR,SC(DIPLOMA)- 5,D.M.C.LAHERIASARAI,11671.0,11671.0,1
Bihar PGMAC,Bihar,2025,R1,NEET_AIR,SC(DIPLOMA)- 6,P.M.C.PATNA,12072.0,12072.0,1
Bihar PGMAC,Bihar,2025,R1,NEET_AIR,SC(DIPLOMA)- 60,I.G.I.M.S. PATNA,52786.0,52786.0,1
Bihar PGMAC,Bihar,2025,R1,NEET_AIR,SC(DIPLOMA)- 8,N.M.C. PATNA,15671.0,15671.0,1
Bihar PGMAC,Bihar,2025,R1,NEET_AIR,SC(DIPLOMA)- 94,D.M.C.LAHERIASARAI,81445.0,81445.0,1
Bihar PGMAC,Bihar,2025,R1,NEET_AIR,UR(DIPLOMA)- 102,N.M.C. PATNA,6789.0,6789.0,1
Bihar PGMAC,Bihar,2025,R1,NEET_AIR,UR(DIPLOMA)- 105,J.L.N.M.C. BHAGALPUR,7036.0,7036.0,1
Bihar PGMAC,Bihar,2025,R1,NEET_AIR,UR(DIPLOMA)- 106,D.M.C.LAHERIASARAI,7041.0,7041.0,1
Bihar PGMAC,Bihar,2025,R1,NEET_AIR,UR(DIPLOMA)- 110,D.M.C.LAHERIASARAI,7220.0,7220.0,1
Bihar PGMAC,Bihar,2025,R1,NEET_AIR,UR(DIPLOMA)- 115,J.L.N.M.C. BHAGALPUR,7390.0,7390.0,1
Bihar PGMAC,Bihar,2025,R1,NEET_AIR,UR(DIPLOMA)- 12,P.M.C.PATNA,1436.0,1436.0,1
Bihar PGMAC,Bihar,2025,R1,NEET_AIR,UR(DIPLOMA)- 121,P.M.C.PATNA,7687.0,7687.0,1
Bihar PGMAC,Bihar,2025,R1,NEET_AIR,UR(DIPLOMA)- 124,S.K.M.C. MUZAFFARPUR,7797.0,7797.0,1
Bihar PGMAC,Bihar,2025,R1,NEET_AIR,UR(DIPLOMA)- 126,"G.M.C., BETTIAH",7926.0,7926.0,1
Bihar PGMAC,Bihar,2025,R1,NEET_AIR,UR(DIPLOMA)- 128,D.M.C.LAHERIASARAI,7961.0,7961.0,1
Bihar PGMAC,Bihar,2025,R1,NEET_AIR,UR(DIPLOMA)- 13,N.M.C. PATNA,1554.0,1554.0,1
Bihar PGMAC,Bihar,2025,R1,NEET_AIR,UR(DIPLOMA)- 134,N.M.C. PATNA,8354.0,8354.0,1
Bihar PGMAC,Bihar,2025,R1,NEET_AIR,UR(DIPLOMA)- 157,I.G.I.M.S. PATNA,9456.0,9456.0,1
Bihar PGMAC,Bihar,2025,R1,NEET_AIR,UR(DIPLOMA)- 178,A.N.M.M.C. GAYA,10395.0,10395.0,1
Bihar PGMAC,Bihar,2025,R1,NEET_AIR,UR(DIPLOMA)- 188,I.G.I.M.S. PATNA,10964.0,10964.0,1
Bihar PGMAC,Bihar,2025,R1,NEET_AIR,UR(DIPLOMA)- 200,S.K.M.C. MUZAFFARPUR,11329.0,11329.0,1
Bihar PGMAC,Bihar,2025,R1,NEET_AIR,UR(DIPLOMA)- 21,P.M.C.PATNA,2227.0,2227.0,1
Bihar PGMAC,Bihar,2025,R1,NEET_AIR,UR(DIPLOMA)- 22,I.G.I.M.S. PATNA,2283.0,2283.0,1
Bihar PGMAC,Bihar,2025,R1,NEET_AIR,UR(DIPLOMA)- 235,J.L.N.M.C. BHAGALPUR,12564.0,12564.0,1
Bihar PGMAC,Bihar,2025,R1,NEET_AIR,UR(DIPLOMA)- 24,D.M.C.LAHERIASARAI,2401.0,2401.0,1
Bihar PGMAC,Bihar,2025,R1,NEET_AIR,UR(DIPLOMA)- 250,P.M.C.PATNA,12977.0,12977.0,1
Bihar PGMAC,Bihar,2025,R1,NEET_AIR,UR(DIPLOMA)- 28,D.M.C.LAHERIASARAI,2647.0,2647.0,1
Bihar PGMAC,Bihar,2025,R1,NEET_AIR,UR(DIPLOMA)- 30,P.M.C.PATNA,2720.0,2720.0,1
Bihar PGMAC,Bihar,2025,R1,NEET_AIR,UR(DIPLOMA)- 332,"COLLEGE & HOSPITAL, SAHARSA",16204.0,16204.0,1
Bihar PGMAC,Bihar,2025,R1,NEET_AIR,UR(DIPLOMA)- 367,KISHANGANJ,17685.0,17685.0,1
Bihar PGMAC,Bihar,2025,R1,NEET_AIR,UR(DIPLOMA)- 47,"G.M.C., BETTIAH",3607.0,3607.0,1
Bihar PGMAC,Bihar,2025,R1,NEET_AIR,UR(DIPLOMA)- 49,P.M.C.PATNA,3909.0,3909.0,1
Bihar PGMAC,Bihar,2025,R1,NEET_AIR,UR(DIPLOMA)- 498,KISHANGANJ,23240.0,23240.0,1
Bihar PGMAC,Bihar,2025,R1,NEET_AIR,UR(DIPLOMA)- 534,KISHANGANJ,25081.0,25081.0,1
Bihar PGMAC,Bihar,2025,R1,NEET_AIR,UR(DIPLOMA)- 538,KISHANGANJ,25142.0,25142.0,1
Bihar PGMAC,Bihar,2025,R1,NEET_AIR,UR(DIPLOMA)- 540,KISHANGANJ,25265.0,25265.0,1
Bihar PGMAC,Bihar,2025,R1,NEET_AIR,UR(DIPLOMA)- 544,MADHUBANI,25481.0,25481.0,1
Bihar PGMAC,Bihar,2025,R1,NEET_AIR,UR(DIPLOMA)- 55,"B.M.I.M.S,PAWAPURI, NALANDA",4180.0,4180.0,1
Bihar PGMAC,Bihar,2025,R1,NEET_AIR,UR(DIPLOMA)- 558,COLLEGE & HOSPITAL,26347.0,26347.0,1
Bihar PGMAC,Bihar,2025,R1,NEET_AIR,UR(DIPLOMA)- 570,"COLLEGE & HOSPITAL, SAHARSA",26889.0,26889.0,1
Bihar PGMAC,Bihar,2025,R1,NEET_AIR,UR(DIPLOMA)- 587,KISHANGANJ,27814.0,27814.0,1
Bihar PGMAC,Bihar,2025,R1,NEET_AIR,UR(DIPLOMA)- 589,COLLEGE & HOSPITAL,28009.0,28009.0,1
Bihar PGMAC,Bihar,2025,R1,NEET_AIR,UR(DIPLOMA)- 599,"COLLEGE & HOSPITAL, SAHARSA",28385.0,28385.0,1
Bihar PGMAC,Bihar,2025,R1,NEET_AIR,UR(DIPLOMA)- 6,I.G.I.M.S. PATNA,748.0,748.0,1
Bihar PGMAC,Bihar,2025,R1,NEET_AIR,UR(DIPLOMA)- 622,KISHANGANJ,30122.0,30122.0,1
Bihar PGMAC,Bihar,2025,R1,NEET_AIR,UR(DIPLOMA)- 632,COLLEGE & HOSPITAL,30990.0,30990.0,1
Bihar PGMAC,Bihar,2025,R1,NEET_AIR,UR(DIPLOMA)- 637,KISHANGANJ,31568.0,31568.0,1
Bihar PGMAC,Bihar,2025,R1,NEET_AIR,UR(DIPLOMA)- 642,"COLLEGE & HOSPITAL, SAHARSA",31935.0,31935.0,1
Bihar PGMAC,Bihar,2025,R1,NEET_AIR,UR(DIPLOMA)- 65,P.M.C.PATNA,4900.0,4900.0,1
Bihar PGMAC,Bihar,2025,R1,NEET_AIR,UR(DIPLOMA)- 656,KISHANGANJ,32200.0,32200.0,1
Bihar PGMAC,Bihar,2025,R1,NEET_AIR,UR(DIPLOMA)- 664,K.M.C. KATIHAR,32600.0,32600.0,1
Bihar PGMAC,Bihar,2025,R1,NEET_AIR,UR(DIPLOMA)- 669,COLLEGE & HOSPITAL,32907.0,32907.0,1
Bihar PGMAC,Bihar,2025,R1,NEET_AIR,UR(DIPLOMA)- 671,K.M.C. KATIHAR,32982.0,32982.0,1
Bihar PGMAC,Bihar,2025,R1,NEET_AIR,UR(DIPLOMA)- 673,MADHUBANI,33068.0,33068.0,1
Bihar PGMAC,Bihar,2025,R1,NEET_AIR,UR(DIPLOMA)- 676,"COLLEGE & HOSPITAL, SAHARSA",33465.0,33465.0,1
Bihar PGMAC,Bihar,2025,R1,NEET_AIR,UR(DIPLOMA)- 682,"COLLEGE & HOSPITAL, SAHARSA",34138.0,34138.0,1
Bihar PGMAC,Bihar,2025,R1,NEET_AIR,UR(DIPLOMA)- 687,"COLLEGE & HOSPITAL, SAHARSA",34382.0,34382.0,1
Bihar PGMAC,Bihar,2025,R1,NEET_AIR,UR(DIPLOMA)- 692,KISHANGANJ,34574.0,34574.0,1
Bihar PGMAC,Bihar,2025,R1,NEET_AIR,UR(DIPLOMA)- 696,"N.M.C &.H, SASARAM",34899.0,34899.0,1
Bihar PGMAC,Bihar,2025,R1,NEET_AIR,UR(DIPLOMA)- 698,"COLLEGE & HOSPITAL, SAHARSA",34937.0,34937.0,1
Bihar PGMAC,Bihar,2025,R1,NEET_AIR,UR(DIPLOMA)- 699,K.M.C. KATIHAR,34938.0,34938.0,1
Bihar PGMAC,Bihar,2025,R1,NEET_AIR,UR(DIPLOMA)- 7,P.M.C.PATNA,762.0,762.0,1
Bihar PGMAC,Bihar,2025,R1,NEET_AIR,UR(DIPLOMA)- 701,"COLLEGE & HOSPITAL, SAHARSA",35015.0,35015.0,1
Bihar PGMAC,Bihar,2025,R1,NEET_AIR,UR(DIPLOMA)- 704,KISHANGANJ,35174.0,35174.0,1
Bihar PGMAC,Bihar,2025,R1,NEET_AIR,UR(DIPLOMA)- 706,KISHANGANJ,35277.0,35277.0,1
Bihar PGMAC,Bihar,2025,R1,NEET_AIR,UR(DIPLOMA)- 708,KISHANGANJ,35463.0,35463.0,1
Bihar PGMAC,Bihar,2025,R1,NEET_AIR,UR(DIPLOMA)- 717,KISHANGANJ,36159.0,36159.0,1
Bihar PGMAC,Bihar,2025,R1,NEET_AIR,UR(DIPLOMA)- 725,"COLLEGE & HOSPITAL, SAHARSA",36784.0,36784.0,1
Bihar PGMAC,Bihar,2025,R1,NEET_AIR,UR(DIPLOMA)- 726,KISHANGANJ,36842.0,36842.0,1
Bihar PGMAC,Bihar,2025,R1,NEET_AIR,UR(DIPLOMA)- 730,"COLLEGE & HOSPITAL, SAHARSA",36995.0,36995.0,1
Bihar PGMAC,Bihar,2025,R1,NEET_AIR,UR(DIPLOMA)- 734,K.M.C. KATIHAR,37425.0,37425.0,1
Bihar PGMAC,Bihar,2025,R1,NEET_AIR,UR(DIPLOMA)- 738,K.M.C. KATIHAR,37620.0,37620.0,1
Bihar PGMAC,Bihar,2025,R1,NEET_AIR,UR(DIPLOMA)- 743,"N.M.C &.H, SASARAM",38072.0,38072.0,1
Bihar PGMAC,Bihar,2025,R1,NEET_AIR,UR(DIPLOMA)- 745,KISHANGANJ,38211.0,38211.0,1
Bihar PGMAC,Bihar,2025,R1,NEET_AIR,UR(DIPLOMA)- 746,KISHANGANJ,38285.0,38285.0,1
Bihar PGMAC,Bihar,2025,R1,NEET_AIR,UR(DIPLOMA)- 749,"N.M.C &.H, SASARAM",38320.0,38320.0,1
Bihar PGMAC,Bihar,2025,R1,NEET_AIR,UR(DIPLOMA)- 753,KISHANGANJ,38701.0,38701.0,1
Bihar PGMAC,Bihar,2025,R1,NEET_AIR,UR(DIPLOMA)- 759,COLLEGE & HOSPITAL,39052.0,39052.0,1
Bihar PGMAC,Bihar,2025,R1,NEET_AIR,UR(DIPLOMA)- 77,P.M.C.PATNA,5453.0,5453.0,1
Bihar PGMAC,Bihar,2025,R1,NEET_AIR,UR(DIPLOMA)- 770,KISHANGANJ,39775.0,39775.0,1
Bihar PGMAC,Bihar,2025,R1,NEET_AIR,UR(DIPLOMA)- 771,KISHANGANJ,39960.0,39960.0,1
Bihar PGMAC,Bihar,2025,R1,NEET_AIR,UR(DIPLOMA)- 777,KISHANGANJ,40215.0,40215.0,1
Bihar PGMAC,Bihar,2025,R1,NEET_AIR,UR(DIPLOMA)- 778,K.M.C. KATIHAR,40390.0,40390.0,1
Bihar PGMAC,Bihar,2025,R1,NEET_AIR,UR(DIPLOMA)- 780,K.M.C. KATIHAR,40677.0,40677.0,1
Bihar PGMAC,Bihar,2025,R1,NEET_AIR,UR(DIPLOMA)- 785,"COLLEGE & HOSPITAL, SAHARSA",40786.0,40786.0,1
Bihar PGMAC,Bihar,2025,R1,NEET_AIR,UR(DIPLOMA)- 789,"N.M.C &.H, SASARAM",40993.0,40993.0,1
Bihar PGMAC,Bihar,2025,R1,NEET_AIR,UR(DIPLOMA)- 790,MADHUBANI,41005.0,41005.0,1
Bihar PGMAC,Bihar,2025,R1,NEET_AIR,UR(DIPLOMA)- 795,KISHANGANJ,41198.0,41198.0,1
Bihar PGMAC,Bihar,2025,R1,NEET_AIR,UR(DIPLOMA)- 798,COLLEGE & HOSPITAL,41389.0,41389.0,1
Bihar PGMAC,Bihar,2025,R1,NEET_AIR,UR(DIPLOMA)- 799,MADHUBANI,41412.0,41412.0,1
Bihar PGMAC,Bihar,2025,R1,NEET_AIR,UR(DIPLOMA)- 802,K.M.C. KATIHAR,41465.0,41465.0,1
Bihar PGMAC,Bihar,2025,R1,NEET_AIR,UR(DIPLOMA)- 803,COLLEGE & HOSPITAL,41494.0,41494.0,1
Bihar PGMAC,Bihar,2025,R1,NEET_AIR,UR(DIPLOMA)- 805,MADHUBANI,41554.0,41554.0,1
Bihar PGMAC,Bihar,2025,R1,NEET_AIR,UR(DIPLOMA)- 806,"N.M.C &.H, SASARAM",41570.0,41570.0,1
Bihar PGMAC,Bihar,2025,R1,NEET_AIR,UR(DIPLOMA)- 807,KISHANGANJ,41603.0,41603.0,1
Bihar PGMAC,Bihar,2025,R1,NEET_AIR,UR(DIPLOMA)- 809,"N.M.C &.H, SASARAM",41731.0,41731.0,1
Bihar PGMAC,Bihar,2025,R1,NEET_AIR,UR(DIPLOMA)- 812,MADHUBANI,41793.0,41793.0,1
Bihar PGMAC,Bihar,2025,R1,NEET_AIR,UR(DIPLOMA)- 813,KISHANGANJ,41872.0,41872.0,1
Bihar PGMAC,Bihar,2025,R1,NEET_AIR,UR(DIPLOMA)- 814,"N.M.C &.H, SASARAM",41924.0,41924.0,1
Bihar PGMAC,Bihar,2025,R1,NEET_AIR,UR(DIPLOMA)- 817,"N.M.C &.H, SASARAM",42048.0,42048.0,1
Bihar PGMAC,Bihar,2025,R1,NEET_AIR,UR(DIPLOMA)- 818,"N.M.C &.H, SASARAM",42250.0,42250.0,1
Bihar PGMAC,Bihar,2025,R1,NEET_AIR,UR(DIPLOMA)- 820,"COLLEGE & HOSPITAL, SAHARSA",42327.0,42327.0,1
Bihar PGMAC,Bihar,2025,R1,NEET_AIR,UR(DIPLOMA)- 824,"N.M.C &.H, SASARAM",42447.0,42447.0,1
Bihar PGMAC,Bihar,2025,R1,NEET_AIR,UR(DIPLOMA)- 825,KISHANGANJ,42453.0,42453.0,1
Bihar PGMAC,Bihar,2025,R1,NEET_AIR,UR(DIPLOMA)- 83,N.M.C. PATNA,5992.0,5992.0,1
Bihar PGMAC,Bihar,2025,R1,NEET_AIR,UR(DIPLOMA)- 830,"N.M.C &.H, SASARAM",42686.0,42686.0,1
Bihar PGMAC,Bihar,2025,R1,NEET_AIR,UR(DIPLOMA)- 832,"COLLEGE & HOSPITAL, SAHARSA",42812.0,42812.0,1
Bihar PGMAC,Bihar,2025,R1,NEET_AIR,UR(DIPLOMA)- 837,KISHANGANJ,43671.0,43671.0,1
Bihar PGMAC,Bihar,2025,R1,NEET_AIR,UR(DIPLOMA)- 839,"N.M.C &.H, SASARAM",43826.0,43826.0,1
Bihar PGMAC,Bihar,2025,R1,NEET_AIR,UR(DIPLOMA)- 844,"N.M.C &.H, SASARAM",43943.0,43943.0,1
Bihar PGMAC,Bihar,2025,R1,NEET_AIR,UR(DIPLOMA)- 845,KISHANGANJ,44020.0,44020.0,1
Bihar PGMAC,Bihar,2025,R1,NEET_AIR,UR(DIPLOMA)- 848,"COLLEGE & HOSPITAL, SAHARSA",44102.0,44102.0,1
Bihar PGMAC,Bihar,2025,R1,NEET_AIR,UR(DIPLOMA)- 849,"N.M.C &.H, SASARAM",44107.0,44107.0,1
Bihar PGMAC,Bihar,2025,R1,NEET_AIR,UR(DIPLOMA)- 851,"COLLEGE & HOSPITAL, SAHARSA",44191.0,44191.0,1
Bihar PGMAC,Bihar,2025,R1,NEET_AIR,UR(DIPLOMA)- 853,"COLLEGE & HOSPITAL, SAHARSA",44313.0,44313.0,1
Bihar PGMAC,Bihar,2025,R1,NEET_AIR,UR(DIPLOMA)- 856,"N.M.C &.H, SASARAM",44370.0,44370.0,1
Bihar PGMAC,Bihar,2025,R1,NEET_AIR,UR(DIPLOMA)- 86,D.M.C.LAHERIASARAI,6063.0,6063.0,1
Bihar PGMAC,Bihar,2025,R1,NEET_AIR,UR(DIPLOMA)- 861,KISHANGANJ,44531.0,44531.0,1
Bihar PGMAC,Bihar,2025,R1,NEET_AIR,UR(DIPLOMA)- 862,K.M.C. KATIHAR,44597.0,44597.0,1
Bihar PGMAC,Bihar,2025,R1,NEET_AIR,UR(DIPLOMA)- 863,KISHANGANJ,44668.0,44668.0,1
Bihar PGMAC,Bihar,2025,R1,NEET_AIR,UR(DIPLOMA)- 866,K.M.C. KATIHAR,44772.0,44772.0,1
Bihar PGMAC,Bihar,2025,R1,NEET_AIR,UR(DIPLOMA)- 869,COLLEGE & HOSPITAL,44853.0,44853.0,1
Bihar PGMAC,Bihar,2025,R1,NEET_AIR,UR(DIPLOMA)- 870,"N.M.C &.H, SASARAM",44934.0,44934.0,1
Bihar PGMAC,Bihar,2025,R1,NEET_AIR,UR(DIPLOMA)- 874,KISHANGANJ,45117.0,45117.0,1
Bihar PGMAC,Bihar,2025,R1,NEET_AIR,UR(DIPLOMA)- 875,"COLLEGE & HOSPITAL, SAHARSA",45216.0,45216.0,1
Bihar PGMAC,Bihar,2025,R1,NEET_AIR,UR(DIPLOMA)- 878,KISHANGANJ,45304.0,45304.0,1
Bihar PGMAC,Bihar,2025,R1,NEET_AIR,UR(DIPLOMA)- 884,"N.M.C &.H, SASARAM",45629.0,45629.0,1
Bihar PGMAC,Bihar,2025,R1,NEET_AIR,UR(DIPLOMA)- 886,"N.M.C &.H, SASARAM",45785.0,45785.0,1
Bihar PGMAC,Bihar,2025,R1,NEET_AIR,UR(DIPLOMA)- 887,KISHANGANJ,45794.0,45794.0,1
Bihar PGMAC,Bihar,2025,R1,NEET_AIR,UR(DIPLOMA)- 890,"N.M.C &.H, SASARAM",46085.0,46085.0,1
Bihar PGMAC,Bihar,2025,R1,NEET_AIR,UR(DIPLOMA)- 891,"N.M.C &.H, SASARAM",46155.0,46155.0,1
Bihar PGMAC,Bihar,2025,R1,NEET_AIR,UR(DIPLOMA)- 892,KISHANGANJ,46197.0,46197.0,1
Bihar PGMAC,Bihar,2025,R1,NEET_AIR,UR(DIPLOMA)- 893,KISHANGANJ,46219.0,46219.0,1
Bihar PGMAC,Bihar,2025,R1,NEET_AIR,UR(DIPLOMA)- 894,"N.M.C &.H, SASARAM",46230.0,46230.0,1
Bihar PGMAC,Bihar,2025,R1,NEET_AIR,UR(DIPLOMA)- 895,KISHANGANJ,46240.0,46240.0,1
Bihar PGMAC,Bihar,2025,R1,NEET_AIR,UR(DIPLOMA)- 897,"N.M.C &.H, SASARAM",46349.0,46349.0,1
Bihar PGMAC,Bihar,2025,R1,NEET_AIR,UR(DIPLOMA)- 898,"COLLEGE & HOSPITAL, SAHARSA",46402.0,46402.0,1
Bihar PGMAC,Bihar,2025,R1,NEET_AIR,UR(DIPLOMA)- 899,KISHANGANJ,46424.0,46424.0,1
Bihar PGMAC,Bihar,2025,R1,NEET_AIR,UR(DIPLOMA)- 900,KISHANGANJ,46504.0,46504.0,1
Bihar PGMAC,Bihar,2025,R1,NEET_AIR,UR(DIPLOMA)- 901,"COLLEGE & HOSPITAL, SAHARSA",46508.0,46508.0,1
Bihar PGMAC,Bihar,2025,R1,NEET_AIR,UR(DIPLOMA)- 906,KISHANGANJ,46883.0,46883.0,1
Bihar PGMAC,Bihar,2025,R1,NEET_AIR,UR(DIPLOMA)- 907,K.M.C. KATIHAR,46885.0,46885.0,1
Bihar PGMAC,Bihar,2025,R1,NEET_AIR,UR(DIPLOMA)- 912,COLLEGE & HOSPITAL,47079.0,47079.0,1
Bihar PGMAC,Bihar,2025,R1,NEET_AIR,UR(DIPLOMA)- 913,"N.M.C &.H, SASARAM",47103.0,47103.0,1
Bihar PGMAC,Bihar,2025,R1,NEET_AIR,UR(DIPLOMA)- 916,MADHUBANI,47159.0,47159.0,1
Bihar PGMAC,Bihar,2025,R1,NEET_AIR,UR(DIPLOMA)- 919,COLLEGE & HOSPITAL,47542.0,47542.0,1
Bihar PGMAC,Bihar,2025,R1,NEET_AIR,UR(DIPLOMA)- 920,K.M.C. KATIHAR,47614.0,47614.0,1
Bihar PGMAC,Bihar,2025,R1,NEET_AIR,UR(DIPLOMA)- 923,"N.M.C &.H, SASARAM",47940.0,47940.0,1
Bihar PGMAC,Bihar,2025,R1,NEET_AIR,UR(DIPLOMA)- 924,COLLEGE & HOSPITAL,48086.0,48086.0,1
Bihar PGMAC,Bihar,2025,R1,NEET_AIR,UR(DIPLOMA)- 925,"COLLEGE & HOSPITAL, SAHARSA",48144.0,48144.0,1
Bihar PGMAC,Bihar,2025,R1,NEET_AIR,UR(DIPLOMA)- 926,"N.M.C &.H, SASARAM",48352.0,48352.0,1
Bihar PGMAC,Bihar,2025,R1,NEET_AIR,UR(DIPLOMA)- 929,MADHUBANI,48535.0,48535.0,1
Bihar PGMAC,Bihar,2025,R1,NEET_AIR,UR(DIPLOMA)- 93,D.M.C.LAHERIASARAI,6355.0,6355.0,1
Bihar PGMAC,Bihar,2025,R1,NEET_AIR,UR(DIPLOMA)- 930,KISHANGANJ,48576.0,48576.0,1
Bihar PGMAC,Bihar,2025,R1,NEET_AIR,UR(DIPLOMA)- 936,K.M.C. KATIHAR,48930.0,48930.0,1
Bihar PGMAC,Bihar,2025,R1,NEET_AIR,UR(DIPLOMA)- 94,N.M.C. PATNA,6501.0,6501.0,1
Bihar PGMAC,Bihar,2025,R1,NEET_AIR,UR(DIPLOMA)- 940,K.M.C. KATIHAR,49195.0,49195.0,1
Bihar PGMAC,Bihar,2025,R1,NEET_AIR,UR(DIPLOMA)- 941,"N.M.C &.H, SASARAM",49198.0,49198.0,1
Bihar PGMAC,Bihar,2025,R1,NEET_AIR,UR(DIPLOMA)- 942,MADHUBANI,49255.0,49255.0,1
Bihar PGMAC,Bihar,2025,R1,NEET_AIR,UR(DIPLOMA)- 944,MADHUBANI,49275.0,49275.0,1
Bihar PGMAC,Bihar,2025,R1,NEET_AIR,UR(DIPLOMA)- 948,"COLLEGE & HOSPITAL, SAHARSA",49432.0,49432.0,1
Bihar PGMAC,Bihar,2025,R1,NEET_AIR,UR(DIPLOMA)- 952,"N.M.C &.H, SASARAM",49738.0,49738.0,1
Bihar PGMAC,Bihar,2025,R1,NEET_AIR,UR(DIPLOMA)- 953,"COLLEGE & HOSPITAL, SAHARSA",49835.0,49835.0,1
Bihar PGMAC,Bihar,2025,R1,NEET_AIR,UR(DIPLOMA)- 955,K.M.C. KATIHAR,49906.0,49906.0,1
Bihar PGMAC,Bihar,2025,R1,NEET_AIR,UR(DIPLOMA)- 961,"COLLEGE & HOSPITAL, SAHARSA",50180.0,50180.0,1
Bihar PGMAC,Bihar,2025,R1,NEET_AIR,UR(DIPLOMA)- 962,"COLLEGE & HOSPITAL, SAHARSA",50251.0,50251.0,1
Bihar PGMAC,Bihar,2025,R1,NEET_AIR,UR(DIPLOMA)- 964,KISHANGANJ,50476.0,50476.0,1
Bihar PGMAC,Bihar,2025,R1,NEET_AIR,UR(DIPLOMA)- 967,"N.M.C &.H, SASARAM",50609.0,50609.0,1
Bihar PGMAC,Bihar,2025,R1,NEET_AIR,UR(DIPLOMA)- 969,K.M.C. KATIHAR,50708.0,50708.0,1
Bihar PGMAC,Bihar,2025,R1,NEET_AIR,UR(DIPLOMA)- 971,"N.M.C &.H, SASARAM",50731.0,50731.0,1
Bihar PGMAC,Bihar,2025,R1,NEET_AIR,UR(DIPLOMA)- 972,COLLEGE & HOSPITAL,50858.0,50858.0,1
Bihar PGMAC,Bihar,2025,R1,NEET_AIR,UR(DIPLOMA)- 973,KISHANGANJ,50906.0,50906.0,1
Bihar PGMAC,Bihar,2025,R1,NEET_AIR,UR(DIPLOMA)- 974,KISHANGANJ,50920.0,50920.0,1
Bihar PGMAC,Bihar,2025,R1,NEET_AIR,UR(DIPLOMA)- 975,K.M.C. KATIHAR,50961.0,50961.0,1
Bihar PGMAC,Bihar,2025,R1,NEET_AIR,UR(DIPLOMA)- 978,KISHANGANJ,51147.0,51147.0,1
Bihar PGMAC,Bihar,2025,R1,NEET_AIR,UR(DIPLOMA)- 980,"COLLEGE & HOSPITAL, SAHARSA",51309.0,51309.0,1
Bihar PGMAC,Bihar,2025,R1,NEET_AIR,UR(DIPLOMA)- 983,K.M.C. KATIHAR,51417.0,51417.0,1
Bihar PGMAC,Bihar,2025,R1,NEET_AIR,UR(DIPLOMA)- 985,MADHUBANI,51555.0,51555.0,1
Bihar PGMAC,Bihar,2025,R1,NEET_AIR,UR(DIPLOMA)- 988,K.M.C. KATIHAR,51825.0,51825.0,1
Bihar PGMAC,Bihar,2025,R1,NEET_AIR,UR(DIPLOMA)- 989,COLLEGE & HOSPITAL,51872.0,51872.0,1
Bihar PGMAC,Bihar,2025,R1,NEET_AIR,UR(DIPLOMA)- 99,J.L.N.M.C. BHAGALPUR,6714.0,6714.0,1
Bihar PGMAC,Bihar,2025,R1,NEET_AIR,UR(DIPLOMA)- 994,K.M.C. KATIHAR,52058.0,52058.0,1
Bihar PGMAC,Bihar,2025,R1,NEET_AIR,UR(DIPLOMA)- 996,"N.M.C &.H, SASARAM",52148.0,52148.0,1
Bihar PGMAC,Bihar,2025,R1,NEET_AIR,UR(DIPLOMA)-1002,MADHUBANI,52356.0,52356.0,1
Bihar PGMAC,Bihar,2025,R1,NEET_AIR,UR(DIPLOMA)-1009,"N.M.C &.H, SASARAM",52989.0,52989.0,1
Bihar PGMAC,Bihar,2025,R1,NEET_AIR,UR(DIPLOMA)-1014,COLLEGE & HOSPITAL,53118.0,53118.0,1
Bihar PGMAC,Bihar,2025,R1,NEET_AIR,UR(DIPLOMA)-1015,"N.M.C &.H, SASARAM",53209.0,53209.0,1
Bihar PGMAC,Bihar,2025,R1,NEET_AIR,UR(DIPLOMA)-1022,K.M.C. KATIHAR,53605.0,53605.0,1
Bihar PGMAC,Bihar,2025,R1,NEET_AIR,UR(DIPLOMA)-1024,COLLEGE & HOSPITAL,53693.0,53693.0,1
Bihar PGMAC,Bihar,2025,R1,NEET_AIR,UR(DIPLOMA)-1032,KISHANGANJ,54358.0,54358.0,1
Bihar PGMAC,Bihar,2025,R1,NEET_AIR,UR(DIPLOMA)-1033,"N.M.C &.H, SASARAM",54382.0,54382.0,1
Bihar PGMAC,Bihar,2025,R1,NEET_AIR,UR(DIPLOMA)-1037,KISHANGANJ,54553.0,54553.0,1
Bihar PGMAC,Bihar,2025,R1,NEET_AIR,UR(DIPLOMA)-1040,"COLLEGE & HOSPITAL, SAHARSA",54622.0,54622.0,1
Bihar PGMAC,Bihar,2025,R1,NEET_AIR,UR(DIPLOMA)-1043,"COLLEGE & HOSPITAL, SAHARSA",54818.0,54818.0,1
Bihar PGMAC,Bihar,2025,R1,NEET_AIR,UR(DIPLOMA)-1048,K.M.C. KATIHAR,55053.0,55053.0,1
Bihar PGMAC,Bihar,2025,R1,NEET_AIR,UR(DIPLOMA)-1050,K.M.C. KATIHAR,55165.0,55165.0,1
Bihar PGMAC,Bihar,2025,R1,NEET_AIR,UR(DIPLOMA)-1054,"COLLEGE & HOSPITAL, SAHARSA",55502.0,55502.0,1
Bihar PGMAC,Bihar,2025,R1,NEET_AIR,UR(DIPLOMA)-1060,"COLLEGE & HOSPITAL, SAHARSA",55842.0,55842.0,1
Bihar PGMAC,Bihar,2025,R1,NEET_AIR,UR(DIPLOMA)-1061,K.M.C. KATIHAR,55882.0,55882.0,1
Bihar PGMAC,Bihar,2025,R1,NEET_AIR,UR(DIPLOMA)-1064,K.M.C. KATIHAR,56028.0,56028.0,1
Bihar PGMAC,Bihar,2025,R1,NEET_AIR,UR(DIPLOMA)-1067,"COLLEGE & HOSPITAL, SAHARSA",56160.0,56160.0,1
Bihar PGMAC,Bihar,2025,R1,NEET_AIR,UR(DIPLOMA)-1084,K.M.C. KATIHAR,56986.0,56986.0,1
Bihar PGMAC,Bihar,2025,R1,NEET_AIR,UR(DIPLOMA)-1091,"N.M.C &.H, SASARAM",57308.0,57308.0,1
Bihar PGMAC,Bihar,2025,R1,NEET_AIR,UR(DIPLOMA)-1095,COLLEGE & HOSPITAL,57467.0,57467.0,1
Bihar PGMAC,Bihar,2025,R1,NEET_AIR,UR(DIPLOMA)-1096,"N.M.C &.H, SASARAM",57468.0,57468.0,1
Bihar PGMAC,Bihar,2025,R1,NEET_AIR,UR(DIPLOMA)-1098,KISHANGANJ,57556.0,57556.0,1
Bihar PGMAC,Bihar,2025,R1,NEET_AIR,UR(DIPLOMA)-1101,K.M.C. KATIHAR,57656.0,57656.0,1
Bihar PGMAC,Bihar,2025,R1,NEET_AIR,UR(DIPLOMA)-1104,KISHANGANJ,57820.0,57820.0,1
Bihar PGMAC,Bihar,2025,R1,NEET_AIR,UR(DIPLOMA)-1107,"N.M.C &.H, SASARAM",57927.0,57927.0,1
Bihar PGMAC,Bihar,2025,R1,NEET_AIR,UR(DIPLOMA)-1109,COLLEGE & HOSPITAL,58114.0,58114.0,1
Bihar PGMAC,Bihar,2025,R1,NEET_AIR,UR(DIPLOMA)-1111,"N.M.C &.H, SASARAM",58460.0,58460.0,1
Bihar PGMAC,Bihar,2025,R1,NEET_AIR,UR(DIPLOMA)-1119,COLLEGE & HOSPITAL,59035.0,59035.0,1
Bihar PGMAC,Bihar,2025,R1,NEET_AIR,UR(DIPLOMA)-1123,"COLLEGE & HOSPITAL, SAHARSA",59242.0,59242.0,1
Bihar PGMAC,Bihar,2025,R1,NEET_AIR,UR(DIPLOMA)-1125,COLLEGE & HOSPITAL,59302.0,59302.0,1
Bihar PGMAC,Bihar,2025,R1,NEET_AIR,UR(DIPLOMA)-1130,MADHUBANI,59565.0,59565.0,1
Bihar PGMAC,Bihar,2025,R1,NEET_AIR,UR(DIPLOMA)-1132,"N.M.C &.H, SASARAM",59685.0,59685.0,1
Bihar PGMAC,Bihar,2025,R1,NEET_AIR,UR(DIPLOMA)-1136,MADHUBANI,59983.0,59983.0,1
Bihar PGMAC,Bihar,2025,R1,NEET_AIR,UR(DIPLOMA)-1142,COLLEGE & HOSPITAL,60293.0,60293.0,1
Bihar PGMAC,Bihar,2025,R1,NEET_AIR,UR(DIPLOMA)-1147,KISHANGANJ,60434.0,60434.0,1
Bihar PGMAC,Bihar,2025,R1,NEET_AIR,UR(DIPLOMA)-1148,KISHANGANJ,60466.0,60466.0,1
Bihar PGMAC,Bihar,2025,R1,NEET_AIR,UR(DIPLOMA)-1149,"N.M.C &.H, SASARAM",60502.0,60502.0,1
Bihar PGMAC,Bihar,2025,R1,NEET_AIR,UR(DIPLOMA)-1150,"N.M.C &.H, SASARAM",60795.0,60795.0,1
Bihar PGMAC,Bihar,2025,R1,NEET_AIR,UR(DIPLOMA)-1154,K.M.C. KATIHAR,61312.0,61312.0,1
Bihar PGMAC,Bihar,2025,R1,NEET_AIR,UR(DIPLOMA)-1158,"N.M.C &.H, SASARAM",61422.0,61422.0,1
Bihar PGMAC,Bihar,2025,R1,NEET_AIR,UR(DIPLOMA)-1163,K.M.C. KATIHAR,61945.0,61945.0,1
Bihar PGMAC,Bihar,2025,R1,NEET_AIR,UR(DIPLOMA)-1173,"N.M.C &.H, SASARAM",62386.0,62386.0,1
Bihar PGMAC,Bihar,2025,R1,NEET_AIR,UR(DIPLOMA)-1175,K.M.C. KATIHAR,62479.0,62479.0,1
Bihar PGMAC,Bihar,2025,R1,NEET_AIR,UR(DIPLOMA)-1176,MADHUBANI,62553.0,62553.0,1
Bihar PGMAC,Bihar,2025,R1,NEET_AIR,UR(DIPLOMA)-1178,"N.M.C &.H, SASARAM",62679.0,62679.0,1
Bihar PGMAC,Bihar,2025,R1,NEET_AIR,UR(DIPLOMA)-1181,"N.M.C &.H, SASARAM",62804.0,62804.0,1
Bihar PGMAC,Bihar,2025,R1,NEET_AIR,UR(DIPLOMA)-1187,"N.M.C &.H, SASARAM",63050.0,63050.0,1
Bihar PGMAC,Bihar,2025,R1,NEET_AIR,UR(DIPLOMA)-1190,"N.M.C &.H, SASARAM",63229.0,63229.0,1
Bihar PGMAC,Bihar,2025,R1,NEET_AIR,UR(DIPLOMA)-1192,K.M.C. KATIHAR,63278.0,63278.0,1
Bihar PGMAC,Bihar,2025,R1,NEET_AIR,UR(DIPLOMA)-1194,"N.M.C &.H, SASARAM",63301.0,63301.0,1
Bihar PGMAC,Bihar,2025,R1,NEET_AIR,UR(DIPLOMA)-1201,KISHANGANJ,63765.0,63765.0,1
Bihar PGMAC,Bihar,2025,R1,NEET_AIR,UR(DIPLOMA)-1202,K.M.C. KATIHAR,63846.0,63846.0,1
Bihar PGMAC,Bihar,2025,R1,NEET_AIR,UR(DIPLOMA)-1203,KISHANGANJ,63938.0,63938.0,1
Bihar PGMAC,Bihar,2025,R1,NEET_AIR,UR(DIPLOMA)-1204,MADHUBANI,63990.0,63990.0,1
Bihar PGMAC,Bihar,2025,R1,NEET_AIR,UR(DIPLOMA)-1207,"N.M.C &.H, SASARAM",64151.0,64151.0,1
Bihar PGMAC,Bihar,2025,R1,NEET_AIR,UR(DIPLOMA)-1213,COLLEGE & HOSPITAL,64588.0,64588.0,1
Bihar PGMAC,Bihar,2025,R1,NEET_AIR,UR(DIPLOMA)-1215,COLLEGE & HOSPITAL,64645.0,64645.0,1
Bihar PGMAC,Bihar,2025,R1,NEET_AIR,UR(DIPLOMA)-1216,KISHANGANJ,64655.0,64655.0,1
Bihar PGMAC,Bihar,2025,R1,NEET_AIR,UR(DIPLOMA)-1217,MADHUBANI,64692.0,64692.0,1
Bihar PGMAC,Bihar,2025,R1,NEET_AIR,UR(DIPLOMA)-1218,MADHUBANI,64774.0,64774.0,1
Bihar PGMAC,Bihar,2025,R1,NEET_AIR,UR(DIPLOMA)-1222,COLLEGE & HOSPITAL,64924.0,64924.0,1
Bihar PGMAC,Bihar,2025,R1,NEET_AIR,UR(DIPLOMA)-1236,COLLEGE & HOSPITAL,65800.0,65800.0,1
Bihar PGMAC,Bihar,2025,R1,NEET_AIR,UR(DIPLOMA)-1238,"N.M.C &.H, SASARAM",65960.0,65960.0,1
Bihar PGMAC,Bihar,2025,R1,NEET_AIR,UR(DIPLOMA)-1239,MADHUBANI,66093.0,66093.0,1
Bihar PGMAC,Bihar,2025,R1,NEET_AIR,UR(DIPLOMA)-1240,K.M.C. KATIHAR,66182.0,66182.0,1
Bihar PGMAC,Bihar,2025,R1,NEET_AIR,UR(DIPLOMA)-1250,COLLEGE & HOSPITAL,66562.0,66562.0,1
Bihar PGMAC,Bihar,2025,R1,NEET_AIR,UR(DIPLOMA)-1251,"N.M.C &.H, SASARAM",66580.0,66580.0,1
Bihar PGMAC,Bihar,2025,R1,NEET_AIR,UR(DIPLOMA)-1254,"N.M.C &.H, SASARAM",66863.0,66863.0,1
Bihar PGMAC,Bihar,2025,R1,NEET_AIR,UR(DIPLOMA)-1258,K.M.C. KATIHAR,67169.0,67169.0,1
Bihar PGMAC,Bihar,2025,R1,NEET_AIR,UR(DIPLOMA)-1264,"N.M.C &.H, SASARAM",67320.0,67320.0,1
Bihar PGMAC,Bihar,2025,R1,NEET_AIR,UR(DIPLOMA)-1265,KISHANGANJ,67454.0,67454.0,1
Bihar PGMAC,Bihar,2025,R1,NEET_AIR,UR(DIPLOMA)-1268,KISHANGANJ,67720.0,67720.0,1
Bihar PGMAC,Bihar,2025,R1,NEET_AIR,UR(DIPLOMA)-1270,"N.M.C &.H, SASARAM",67789.0,67789.0,1
Bihar PGMAC,Bihar,2025,R1,NEET_AIR,UR(DIPLOMA)-1276,KISHANGANJ,68191.0,68191.0,1
Bihar PGMAC,Bihar,2025,R1,NEET_AIR,UR(DIPLOMA)-1278,K.M.C. KATIHAR,68391.0,68391.0,1
Bihar PGMAC,Bihar,2025,R1,NEET_AIR,UR(DIPLOMA)-1279,"N.M.C &.H, SASARAM",68423.0,68423.0,1
Bihar PGMAC,Bihar,2025,R1,NEET_AIR,UR(DIPLOMA)-1280,KISHANGANJ,68432.0,68432.0,1
Bihar PGMAC,Bihar,2025,R1,NEET_AIR,UR(DIPLOMA)-1283,K.M.C. KATIHAR,68588.0,68588.0,1
Bihar PGMAC,Bihar,2025,R1,NEET_AIR,UR(DIPLOMA)-1286,KISHANGANJ,68910.0,68910.0,1
Bihar PGMAC,Bihar,2025,R1,NEET_AIR,UR(DIPLOMA)-1287,KISHANGANJ,68996.0,68996.0,1
Bihar PGMAC,Bihar,2025,R1,NEET_AIR,UR(DIPLOMA)-1288,"N.M.C &.H, SASARAM",69165.0,69165.0,1
Bihar PGMAC,Bihar,2025,R1,NEET_AIR,UR(DIPLOMA)-1296,COLLEGE & HOSPITAL,69613.0,69613.0,1
Bihar PGMAC,Bihar,2025,R1,NEET_AIR,UR(DIPLOMA)-1299,MADHUBANI,69757.0,69757.0,1
Bihar PGMAC,Bihar,2025,R1,NEET_AIR,UR(DIPLOMA)-1305,"N.M.C &.H, SASARAM",69821.0,69821.0,1
Bihar PGMAC,Bihar,2025,R1,NEET_AIR,UR(DIPLOMA)-1307,KISHANGANJ,69986.0,69986.0,1
Bihar PGMAC,Bihar,2025,R1,NEET_AIR,UR(DIPLOMA)-1309,MADHUBANI,70028.0,70028.0,1
Bihar PGMAC,Bihar,2025,R1,NEET_AIR,UR(DIPLOMA)-1313,"N.M.C &.H, SASARAM",70473.0,70473.0,1
Bihar PGMAC,Bihar,2025,R1,NEET_AIR,UR(DIPLOMA)-1314,"N.M.C &.H, SASARAM",70520.0,70520.0,1
Bihar PGMAC,Bihar,2025,R1,NEET_AIR,UR(DIPLOMA)-1316,KISHANGANJ,70663.0,70663.0,1
Bihar PGMAC,Bihar,2025,R1,NEET_AIR,UR(DIPLOMA)-1318,MADHUBANI,70994.0,70994.0,1
Bihar PGMAC,Bihar,2025,R1,NEET_AIR,UR(DIPLOMA)-1319,K.M.C. KATIHAR,70999.0,70999.0,1
Bihar PGMAC,Bihar,2025,R1,NEET_AIR,UR(DIPLOMA)-1321,MADHUBANI,71189.0,71189.0,1
Bihar PGMAC,Bihar,2025,R1,NEET_AIR,UR(DIPLOMA)-1323,K.M.C. KATIHAR,71230.0,71230.0,1
Bihar PGMAC,Bihar,2025,R1,NEET_AIR,UR(DIPLOMA)-1326,"N.M.C &.H, SASARAM",71336.0,71336.0,1
Bihar PGMAC,Bihar,2025,R1,NEET_AIR,UR(DIPLOMA)-1328,KISHANGANJ,71400.0,71400.0,1
Bihar PGMAC,Bihar,2025,R1,NEET_AIR,UR(DIPLOMA)-1329,"N.M.C &.H, SASARAM",71411.0,71411.0,1
Bihar PGMAC,Bihar,2025,R1,NEET_AIR,UR(DIPLOMA)-1332,KISHANGANJ,71511.0,71511.0,1
Bihar PGMAC,Bihar,2025,R1,NEET_AIR,UR(DIPLOMA)-1335,"N.M.C &.H, SASARAM",71845.0,71845.0,1
Bihar PGMAC,Bihar,2025,R1,NEET_AIR,UR(DIPLOMA)-1337,K.M.C. KATIHAR,71853.0,71853.0,1
Bihar PGMAC,Bihar,2025,R1,NEET_AIR,UR(DIPLOMA)-1342,K.M.C. KATIHAR,71993.0,71993.0,1
Bihar PGMAC,Bihar,2025,R1,NEET_AIR,UR(DIPLOMA)-1344,"N.M.C &.H, SASARAM",72042.0,72042.0,1
Bihar PGMAC,Bihar,2025,R1,NEET_AIR,UR(DIPLOMA)-1347,"N.M.C &.H, SASARAM",72169.0,72169.0,1
Bihar PGMAC,Bihar,2025,R1,NEET_AIR,UR(DIPLOMA)-1350,"N.M.C &.H, SASARAM",72498.0,72498.0,1
Bihar PGMAC,Bihar,2025,R1,NEET_AIR,UR(DIPLOMA)-1354,"N.M.C &.H, SASARAM",72914.0,72914.0,1
Bihar PGMAC,Bihar,2025,R1,NEET_AIR,UR(DIPLOMA)-1355,"N.M.C &.H, SASARAM",72928.0,72928.0,1
Bihar PGMAC,Bihar,2025,R1,NEET_AIR,UR(DIPLOMA)-1358,K.M.C. KATIHAR,73104.0,73104.0,1
Bihar PGMAC,Bihar,2025,R1,NEET_AIR,UR(DIPLOMA)-1361,MADHUBANI,73194.0,73194.0,1
Bihar PGMAC,Bihar,2025,R1,NEET_AIR,UR(DIPLOMA)-1367,"N.M.C &.H, SASARAM",73563.0,73563.0,1
Bihar PGMAC,Bihar,2025,R1,NEET_AIR,UR(DIPLOMA)-1368,MADHUBANI,73593.0,73593.0,1
Bihar PGMAC,Bihar,2025,R1,NEET_AIR,UR(DIPLOMA)-1369,KISHANGANJ,73620.0,73620.0,1
Bihar PGMAC,Bihar,2025,R1,NEET_AIR,UR(DIPLOMA)-1370,"N.M.C &.H, SASARAM",73652.0,73652.0,1
Bihar PGMAC,Bihar,2025,R1,NEET_AIR,UR(DIPLOMA)-1371,"N.M.C &.H, SASARAM",73679.0,73679.0,1
Bihar PGMAC,Bihar,2025,R1,NEET_AIR,UR(DIPLOMA)-1381,"N.M.C &.H, SASARAM",74437.0,74437.0,1
Bihar PGMAC,Bihar,2025,R1,NEET_AIR,UR(DIPLOMA)-1384,"N.M.C &.H, SASARAM",74549.0,74549.0,1
Bihar PGMAC,Bihar,2025,R1,NEET_AIR,UR(DIPLOMA)-1385,MADHUBANI,74552.0,74552.0,1
Bihar PGMAC,Bihar,2025,R1,NEET_AIR,UR(DIPLOMA)-1389,MADHUBANI,74804.0,74804.0,1
Bihar PGMAC,Bihar,2025,R1,NEET_AIR,UR(DIPLOMA)-1390,MADHUBANI,74939.0,74939.0,1
Bihar PGMAC,Bihar,2025,R1,NEET_AIR,UR(DIPLOMA)-1392,"N.M.C &.H, SASARAM",75099.0,75099.0,1
Bihar PGMAC,Bihar,2025,R1,NEET_AIR,UR(DIPLOMA)-1394,MADHUBANI,75276.0,75276.0,1
Bihar PGMAC,Bihar,2025,R1,NEET_AIR,UR(DIPLOMA)-1402,MADHUBANI,75668.0,75668.0,1
Bihar PGMAC,Bihar,2025,R1,NEET_AIR,UR(DIPLOMA)-1407,MADHUBANI,76004.0,76004.0,1
Bihar PGMAC,Bihar,2025,R1,NEET_AIR,UR(DIPLOMA)-1413,MADHUBANI,76433.0,76433.0,1
Bihar PGMAC,Bihar,2025,R1,NEET_AIR,UR(DIPLOMA)-1423,MADHUBANI,77123.0,77123.0,1
Bihar PGMAC,Bihar,2025,R1,NEET_AIR,UR(DIPLOMA)-1430,MADHUBANI,77440.0,77440.0,1
Bihar PGMAC,Bihar,2025,R1,NEET_AIR,UR(DIPLOMA)-1431,"N.M.C &.H, SASARAM",77485.0,77485.0,1
Bihar PGMAC,Bihar,2025,R1,NEET_AIR,UR(DIPLOMA)-1433,"N.M.C &.H, SASARAM",77592.0,77592.0,1
Bihar PGMAC,Bihar,2025,R1,NEET_AIR,UR(DIPLOMA)-1441,"N.M.C &.H, SASARAM",78133.0,78133.0,1
Bihar PGMAC,Bihar,2025,R1,NEET_AIR,UR(DIPLOMA)-1452,MADHUBANI,79126.0,79126.0,1
Bihar PGMAC,Bihar,2025,R1,NEET_AIR,UR(DIPLOMA)-1453,KISHANGANJ,79166.0,79166.0,1
Bihar PGMAC,Bihar,2025,R1,NEET_AIR,UR(DIPLOMA)-1455,"N.M.C &.H, SASARAM",79293.0,79293.0,1
Bihar PGMAC,Bihar,2025,R1,NEET_AIR,UR(DIPLOMA)-1470,"N.M.C &.H, SASARAM",80633.0,80633.0,1
Bihar PGMAC,Bihar,2025,R1,NEET_AIR,UR(DIPLOMA)-1475,"N.M.C &.H, SASARAM",81062.0,81062.0,1
Bihar PGMAC,Bihar,2025,R1,NEET_AIR,UR(DIPLOMA)-1479,KISHANGANJ,81134.0,81134.0,1
Bihar PGMAC,Bihar,2025,R1,NEET_AIR,UR(DIPLOMA)-1480,KISHANGANJ,81278.0,81278.0,1
Bihar PGMAC,Bihar,2025,R1,NEET_AIR,UR(DIPLOMA)-1485,MADHUBANI,81542.0,81542.0,1
Bihar PGMAC,Bihar,2025,R1,NEET_AIR,UR(DIPLOMA)-1486,K.M.C. KATIHAR,81777.0,81777.0,1
Bihar PGMAC,Bihar,2025,R1,NEET_AIR,UR(DIPLOMA)-1491,MADHUBANI,81992.0,81992.0,1
Bihar PGMAC,Bihar,2025,R1,NEET_AIR,UR(DIPLOMA)-1503,KISHANGANJ,83249.0,83249.0,1
Bihar PGMAC,Bihar,2025,R1,NEET_AIR,UR(DIPLOMA)-1522,K.M.C. KATIHAR,84425.0,84425.0,1
Bihar PGMAC,Bihar,2025,R1,NEET_AIR,UR(DIPLOMA)-1537,MADHUBANI,85496.0,85496.0,1
Bihar PGMAC,Bihar,2025,R1,NEET_AIR,UR(DIPLOMA)-1538,K.M.C. KATIHAR,85534.0,85534.0,1
Bihar PGMAC,Bihar,2025,R1,NEET_AIR,UR(DIPLOMA)-1539,KISHANGANJ,85575.0,85575.0,1
Bihar PGMAC,Bihar,2025,R1,NEET_AIR,UR(DIPLOMA)-1551,"COLLEGE & HOSPITAL, SAHARSA",86116.0,86116.0,1
Bihar PGMAC,Bihar,2025,R1,NEET_AIR,UR(DIPLOMA)-1564,KISHANGANJ,86603.0,86603.0,1
Bihar PGMAC,Bihar,2025,R1,NEET_AIR,UR(DIPLOMA)-1567,KISHANGANJ,86931.0,86931.0,1
Bihar PGMAC,Bihar,2025,R1,NEET_AIR,UR(DIPLOMA)-1573,MADHUBANI,87337.0,87337.0,1
Bihar PGMAC,Bihar,2025,R1,NEET_AIR,UR(DIPLOMA)-1574,MADHUBANI,87402.0,87402.0,1
Bihar PGMAC,Bihar,2025,R1,NEET_AIR,UR(DIPLOMA)-1576,KISHANGANJ,87477.0,87477.0,1
Bihar PGMAC,Bihar,2025,R1,NEET_AIR,UR(DIPLOMA)-1579,KISHANGANJ,87845.0,87845.0,1
Bihar PGMAC,Bihar,2025,R1,NEET_AIR,UR(DIPLOMA)-1583,K.M.C. KATIHAR,88020.0,88020.0,1
Bihar PGMAC,Bihar,2025,R1,NEET_AIR,UR(DIPLOMA)-1586,K.M.C. KATIHAR,88208.0,88208.0,1
Bihar PGMAC,Bihar,2025,R1,NEET_AIR,UR(DIPLOMA)-1588,K.M.C. KATIHAR,88316.0,88316.0,1
Bihar PGMAC,Bihar,2025,R1,NEET_AIR,UR(DIPLOMA)-1590,MADHUBANI,88582.0,88582.0,1
Bihar PGMAC,Bihar,2025,R1,NEET_AIR,UR(DIPLOMA)-1598,KISHANGANJ,89056.0,89056.0,1
Bihar PGMAC,Bihar,2025,R1,NEET_AIR,UR(DIPLOMA)-1609,MADHUBANI,89712.0,89712.0,1
Bihar PGMAC,Bihar,2025,R1,NEET_AIR,UR(DIPLOMA)-1620,"N.M.C &.H, SASARAM",90416.0,90416.0,1
Bihar PGMAC,Bihar,2025,R1,NEET_AIR,UR(DIPLOMA)-1623,MADHUBANI,90566.0,90566.0,1
Bihar PGMAC,Bihar,2025,R1,NEET_AIR,UR(DIPLOMA)-1624,MADHUBANI,90744.0,90744.0,1
Bihar PGMAC,Bihar,2025,R1,NEET_AIR,UR(DIPLOMA)-1629,COLLEGE & HOSPITAL,91048.0,91048.0,1
Bihar PGMAC,Bihar,2025,R1,NEET_AIR,UR(DIPLOMA)-1632,KISHANGANJ,91148.0,91148.0,1
Bihar PGMAC,Bihar,2025,R1,NEET_AIR,UR(DIPLOMA)-1634,K.M.C. KATIHAR,91207.0,91207.0,1
Bihar PGMAC,Bihar,2025,R1,NEET_AIR,UR(DIPLOMA)-1645,MADHUBANI,91962.0,91962.0,1
Bihar PGMAC,Bihar,2025,R1,NEET_AIR,UR(DIPLOMA)-1649,MADHUBANI,92319.0,92319.0,1
Bihar PGMAC,Bihar,2025,R1,NEET_AIR,UR(DIPLOMA)-1655,MADHUBANI,92736.0,92736.0,1
Bihar PGMAC,Bihar,2025,R1,NEET_AIR,UR(DIPLOMA)-1656,KISHANGANJ,92753.0,92753.0,1
Bihar PGMAC,Bihar,2025,R1,NEET_AIR,UR(DIPLOMA)-1659,COLLEGE & HOSPITAL,93110.0,93110.0,1
Bihar PGMAC,Bihar,2025,R1,NEET_AIR,UR(DIPLOMA)-1661,MADHUBANI,93133.0,93133.0,1
Bihar PGMAC,Bihar,2025,R1,NEET_AIR,UR(DIPLOMA)-1673,K.M.C. KATIHAR,94428.0,94428.0,1
Bihar PGMAC,Bihar,2025,R1,NEET_AIR,UR(DIPLOMA)-1686,K.M.C. KATIHAR,95597.0,95597.0,1
Bihar PGMAC,Bihar,2025,R1,NEET_AIR,UR(DIPLOMA)-1688,KISHANGANJ,95747.0,95747.0,1
Bihar PGMAC,Bihar,2025,R1,NEET_AIR,UR(DIPLOMA)-1695,MADHUBANI,96115.0,96115.0,1
Bihar PGMAC,Bihar,2025,R1,NEET_AIR,UR(DIPLOMA)-1698,COLLEGE & HOSPITAL,96403.0,96403.0,1
Bihar PGMAC,Bihar,2025,R1,NEET_AIR,UR(DIPLOMA)-1700,K.M.C. KATIHAR,96525.0,96525.0,1
Bihar PGMAC,Bihar,2025,R1,NEET_AIR,UR(DIPLOMA)-1705,"COLLEGE & HOSPITAL, SAHARSA",96857.0,96857.0,1
Bihar PGMAC,Bihar,2025,R1,NEET_AIR,UR(DIPLOMA)-1714,"N.M.C &.H, SASARAM",97855.0,97855.0,1
Bihar PGMAC,Bihar,2025,R1,NEET_AIR,UR(DIPLOMA)-1716,MADHUBANI,98040.0,98040.0,1
Bihar PGMAC,Bihar,2025,R1,NEET_AIR,UR(DIPLOMA)-1719,COLLEGE & HOSPITAL,98180.0,98180.0,1
Bihar PGMAC,Bihar,2025,R1,NEET_AIR,UR(DIPLOMA)-1727,K.M.C. KATIHAR,98903.0,98903.0,1
Bihar PGMAC,Bihar,2025,R1,NEET_AIR,UR(DIPLOMA)-1731,KISHANGANJ,99234.0,99234.0,1
Bihar PGMAC,Bihar,2025,R1,NEET_AIR,UR(DIPLOMA)-1736,"COLLEGE & HOSPITAL, SAHARSA",99440.0,99440.0,1
Bihar PGMAC,Bihar,2025,R1,NEET_AIR,UR(DIPLOMA)-1741,MADHUBANI,100050.0,100050.0,1
Bihar PGMAC,Bihar,2025,R1,NEET_AIR,UR(DIPLOMA)-1747,KISHANGANJ,100325.0,100325.0,1
Bihar PGMAC,Bihar,2025,R1,NEET_AIR,UR(DIPLOMA)-1758,KISHANGANJ,101056.0,101056.0,1
Bihar PGMAC,Bihar,2025,R1,NEET_AIR,UR(DIPLOMA)-1765,K.M.C. KATIHAR,101459.0,101459.0,1
Bihar PGMAC,Bihar,2025,R1,NEET_AIR,UR(DIPLOMA)-1769,"N.M.C &.H, SASARAM",101774.0,101774.0,1
Bihar PGMAC,Bihar,2025,R1,NEET_AIR,UR(DIPLOMA)-1780,KISHANGANJ,102484.0,102484.0,1
Bihar PGMAC,Bihar,2025,R1,NEET_AIR,UR(DIPLOMA)-1793,COLLEGE & HOSPITAL,103609.0,103609.0,1
Bihar PGMAC,Bihar,2025,R1,NEET_AIR,UR(DIPLOMA)-1809,"COLLEGE & HOSPITAL, SAHARSA",104991.0,104991.0,1
Bihar PGMAC,Bihar,2025,R1,NEET_AIR,UR(DIPLOMA)-1813,COLLEGE & HOSPITAL,105365.0,105365.0,1
Bihar PGMAC,Bihar,2025,R1,NEET_AIR,UR(DIPLOMA)-1816,K.M.C. KATIHAR,106259.0,106259.0,1
Bihar PGMAC,Bihar,2025,R1,NEET_AIR,UR(DIPLOMA)-1832,K.M.C. KATIHAR,108118.0,108118.0,1
Bihar PGMAC,Bihar,2025,R1,NEET_AIR,UR(DIPLOMA)-1846,K.M.C. KATIHAR,109434.0,109434.0,1
Bihar PGMAC,Bihar,2025,R1,NEET_AIR,UR(DIPLOMA)-1848,MADHUBANI,109574.0,109574.0,1
Bihar PGMAC,Bihar,2025,R1,NEET_AIR,UR(DIPLOMA)-1857,MADHUBANI,111118.0,111118.0,1
Bihar PGMAC,Bihar,2025,R1,NEET_AIR,UR(DIPLOMA)-1865,MADHUBANI,111291.0,111291.0,1
Bihar PGMAC,Bihar,2025,R1,NEET_AIR,UR(DIPLOMA)-1866,"N.M.C &.H, SASARAM",111317.0,111317.0,1
Bihar PGMAC,Bihar,2025,R1,NEET_AIR,UR(DIPLOMA)-1870,K.M.C. KATIHAR,111560.0,111560.0,1
Bihar PGMAC,Bihar,2025,R1,NEET_AIR,UR(DIPLOMA)-1871,"COLLEGE & HOSPITAL, SAHARSA",111624.0,111624.0,1
Bihar PGMAC,Bihar,2025,R1,NEET_AIR,UR(DIPLOMA)-1880,K.M.C. KATIHAR,112400.0,112400.0,1
Bihar PGMAC,Bihar,2025,R1,NEET_AIR,UR(DIPLOMA)-1893,"COLLEGE & HOSPITAL, SAHARSA",114183.0,114183.0,1
Bihar PGMAC,Bihar,2025,R1,NEET_AIR,UR(DIPLOMA)-1894,"N.M.C &.H, SASARAM",114308.0,114308.0,1
Bihar PGMAC,Bihar,2025,R1,NEET_AIR,UR(DIPLOMA)-1897,K.M.C. KATIHAR,114461.0,114461.0,1
Bihar PGMAC,Bihar,2025,R1,NEET_AIR,UR(DIPLOMA)-1900,"N.M.C &.H, SASARAM",115086.0,115086.0,1
Bihar PGMAC,Bihar,2025,R1,NEET_AIR,UR(DIPLOMA)-1926,COLLEGE & HOSPITAL,122574.0,122574.0,1
Bihar PGMAC,Bihar,2025,R1,NEET_AIR,UR(DIPLOMA)-1941,MADHUBANI,125744.0,125744.0,1
Bihar PGMAC,Bihar,2025,R1,NEET_AIR,UR(DIPLOMA)-1947,KISHANGANJ,128130.0,128130.0,1
Bihar PGMAC,Bihar,2025,R1,NEET_AIR,UR(DIPLOMA)-1954,"COLLEGE & HOSPITAL, SAHARSA",129128.0,129128.0,1
Bihar PGMAC,Bihar,2025,R1,NEET_AIR,UR(DIPLOMA)-1957,"COLLEGE & HOSPITAL, SAHARSA",129860.0,129860.0,1
Bihar PGMAC,Bihar,2025,R2,NEET_AIR,2.EWS(DIPLOMA)- 101,A.N.M.M.C. GAYA,25289.0,25289.0,1
Bihar PGMAC,Bihar,2025,R2,NEET_AIR,2.EWS(DIPLOMA)- 11,P.M.C.PATNA,5178.0,5178.0,1
Bihar PGMAC,Bihar,2025,R2,NEET_AIR,2.EWS(DIPLOMA)- 157,P.M.C.PATNA,113511.0,113511.0,1
Bihar PGMAC,Bihar,2025,R2,NEET_AIR,2.EWS(DIPLOMA)- 35,J.L.N.M.C. BHAGALPUR,11531.0,11531.0,1
Bihar PGMAC,Bihar,2025,R2,NEET_AIR,2.EWS(DIPLOMA)- 8,D.M.C.LAHERIASARAI,4311.0,4311.0,1
Bihar PGMAC,Bihar,2025,R2,NEET_AIR,2.RCG(DIPLOMA)- 16,P.M.C.PATNA,6154.0,6154.0,1
Bihar PGMAC,Bihar,2025,R2,NEET_AIR,2.RCG(DIPLOMA)- 234,I.G.I.M.S. PATNA,48415.0,48415.0,1
Bihar PGMAC,Bihar,2025,R2,NEET_AIR,2.RCG(DIPLOMA)- 34,A.N.M.M.C. GAYA,9389.0,9389.0,1
Bihar PGMAC,Bihar,2025,R2,NEET_AIR,2.RCG(DIPLOMA)- 45,I.G.I.M.S. PATNA,12023.0,12023.0,1
Bihar PGMAC,Bihar,2025,R2,NEET_AIR,2.UR(DIPLOMA)- 112,N.M.C. PATNA,8354.0,8354.0,1
Bihar PGMAC,Bihar,2025,R2,NEET_AIR,2.UR(DIPLOMA)- 153,D.M.C.LAHERIASARAI,10395.0,10395.0,1
Bihar PGMAC,Bihar,2025,R2,NEET_AIR,2.UR(DIPLOMA)- 19,P.M.C.PATNA,2647.0,2647.0,1
Bihar PGMAC,Bihar,2025,R2,NEET_AIR,A.N.M.M.C. GAYA,Anaesthesiology,22473.0,22490.0,2
Bihar PGMAC,Bihar,2025,R2,NEET_AIR,A.N.M.M.C. GAYA,Biochemistry,131022.0,131022.0,1
Bihar PGMAC,Bihar,2025,R2,NEET_AIR,A.N.M.M.C. GAYA,DERMATOLOGY,6096.0,6096.0,1
Bihar PGMAC,Bihar,2025,R2,NEET_AIR,A.N.M.M.C. GAYA,General Surgery,15482.0,37912.0,2
Bihar PGMAC,Bihar,2025,R2,NEET_AIR,A.N.M.M.C. GAYA,OBS & GYNAE,11475.0,13131.0,3
Bihar PGMAC,Bihar,2025,R2,NEET_AIR,A.N.M.M.C. GAYA,OPHTHALMOLOGY,25332.0,25332.0,1
Bihar PGMAC,Bihar,2025,R2,NEET_AIR,A.N.M.M.C. GAYA,Orthopaedics,38706.0,38706.0,1
Bihar PGMAC,Bihar,2025,R2,NEET_AIR,A.N.M.M.C. GAYA,Paediatrics,9895.0,9895.0,1
Bihar PGMAC,Bihar,2025,R2,NEET_AIR,A.N.M.M.C. GAYA,Pathology,56709.0,90255.0,2
Bihar PGMAC,Bihar,2025,R2,NEET_AIR,AND HOSPITAL SAHARSA,Anaesthesiology,65800.0,76719.0,4
Bihar PGMAC,Bihar,2025,R2,NEET_AIR,AND HOSPITAL SAHARSA,DERMATOLOGY,80670.0,84660.0,2
Bihar PGMAC,Bihar,2025,R2,NEET_AIR,AND HOSPITAL SAHARSA,General Medicine,44306.0,108312.0,4
Bihar PGMAC,Bihar,2025,R2,NEET_AIR,AND HOSPITAL SAHARSA,General Surgery,56988.0,88834.0,4
Bihar PGMAC,Bihar,2025,R2,NEET_AIR,AND HOSPITAL SAHARSA,OBS & GYNAE,70415.0,82817.0,2
Bihar PGMAC,Bihar,2025,R2,NEET_AIR,AND HOSPITAL SAHARSA,OPHTHALMOLOGY,92679.0,103600.0,4
Bihar PGMAC,Bihar,2025,R2,NEET_AIR,AND HOSPITAL SAHARSA,Orthopaedics,99234.0,136678.0,2
Bihar PGMAC,Bihar,2025,R2,NEET_AIR,AND HOSPITAL SAHARSA,Paediatrics,82040.0,90466.0,4
Bihar PGMAC,Bihar,2025,R2,NEET_AIR,AND HOSPITAL SAHARSA,Radiodiagnosis,68619.0,68619.0,1
Bihar PGMAC,Bihar,2025,R2,NEET_AIR,"B.M.I.M.S,PAWAPURI, NALANDA",Biochemistry,100194.0,100194.0,1
Bihar PGMAC,Bihar,2025,R2,NEET_AIR,"B.M.I.M.S,PAWAPURI, NALANDA",General Medicine,4900.0,4900.0,1
Bihar PGMAC,Bihar,2025,R2,NEET_AIR,"B.M.I.M.S,PAWAPURI, NALANDA",General Surgery,12340.0,15737.0,2
Bihar PGMAC,Bihar,2025,R2,NEET_AIR,"B.M.I.M.S,PAWAPURI, NALANDA",Pathology,62697.0,72481.0,2
Bihar PGMAC,Bihar,2025,R2,NEET_AIR,"COLLEGE & HOSPITAL, SAHARSA",Anaesthesiology,56499.0,63278.0,5
Bihar PGMAC,Bihar,2025,R2,NEET_AIR,"COLLEGE & HOSPITAL, SAHARSA",E.N.T.,59242.0,71411.0,2
Bihar PGMAC,Bihar,2025,R2,NEET_AIR,"COLLEGE & HOSPITAL, SAHARSA",General Medicine,28385.0,129022.0,5
Bihar PGMAC,Bihar,2025,R2,NEET_AIR,"COLLEGE & HOSPITAL, SAHARSA",General Surgery,33068.0,44817.0,5
Bihar PGMAC,Bihar,2025,R2,NEET_AIR,"COLLEGE & HOSPITAL, SAHARSA",MEDICINE,81542.0,81542.0,1
Bihar PGMAC,Bihar,2025,R2,NEET_AIR,"COLLEGE & HOSPITAL, SAHARSA",OBS & GYNAE,47635.0,134192.0,2
Bihar PGMAC,Bihar,2025,R2,NEET_AIR,"COLLEGE & HOSPITAL, SAHARSA",OPHTHALMOLOGY,84874.0,89751.0,3
Bihar PGMAC,Bihar,2025,R2,NEET_AIR,"COLLEGE & HOSPITAL, SAHARSA",Orthopaedics,46666.0,48576.0,3
Bihar PGMAC,Bihar,2025,R2,NEET_AIR,"COLLEGE & HOSPITAL, SAHARSA",Paediatrics,54046.0,115564.0,5
Bihar PGMAC,Bihar,2025,R2,NEET_AIR,"COLLEGE & HOSPITAL, SAHARSA",Radiodiagnosis,60343.0,131074.0,3
Bihar PGMAC,Bihar,2025,R2,NEET_AIR,D.M.C.LAHERIASARAI,Anaesthesiology,18987.0,32018.0,4
Bihar PGMAC,Bihar,2025,R2,NEET_AIR,D.M.C.LAHERIASARAI,E.N.T.,25124.0,38184.0,2
Bihar PGMAC,Bihar,2025,R2,NEET_AIR,D.M.C.LAHERIASARAI,General Medicine,3466.0,22682.0,8
Bihar PGMAC,Bihar,2025,R2,NEET_AIR,D.M.C.LAHERIASARAI,General Surgery,7961.0,35730.0,8
Bihar PGMAC,Bihar,2025,R2,NEET_AIR,D.M.C.LAHERIASARAI,MEDICINE,78951.0,115611.0,4
Bihar PGMAC,Bihar,2025,R2,NEET_AIR,D.M.C.LAHERIASARAI,Microbiology,99955.0,99955.0,1
Bihar PGMAC,Bihar,2025,R2,NEET_AIR,D.M.C.LAHERIASARAI,OBS & GYNAE,10191.0,32909.0,9
Bihar PGMAC,Bihar,2025,R2,NEET_AIR,D.M.C.LAHERIASARAI,OPHTHALMOLOGY,21526.0,39479.0,3
Bihar PGMAC,Bihar,2025,R2,NEET_AIR,D.M.C.LAHERIASARAI,Orthopaedics,8764.0,28297.0,3
Bihar PGMAC,Bihar,2025,R2,NEET_AIR,D.M.C.LAHERIASARAI,Paediatrics,8944.0,32344.0,4
Bihar PGMAC,Bihar,2025,R2,NEET_AIR,D.M.C.LAHERIASARAI,Pathology,49866.0,117791.0,5
Bihar PGMAC,Bihar,2025,R2,NEET_AIR,D.M.C.LAHERIASARAI,Pharmacology,112827.0,112827.0,1
Bihar PGMAC,Bihar,2025,R2,NEET_AIR,D.M.C.LAHERIASARAI,Radiodiagnosis,1133.0,11671.0,3
Bihar PGMAC,Bihar,2025,R2,NEET_AIR,"G.M.C., BETTIAH",OBS & GYNAE,13255.0,13255.0,1
Bihar PGMAC,Bihar,2025,R2,NEET_AIR,"G.M.C., BETTIAH",OPHTHALMOLOGY,26592.0,26592.0,1
Bihar PGMAC,Bihar,2025,R2,NEET_AIR,"G.M.C., BETTIAH",Paediatrics,7926.0,7926.0,1
Bihar PGMAC,Bihar,2025,R2,NEET_AIR,"G.M.C., BETTIAH",Radiodiagnosis,3607.0,3607.0,1
Bihar PGMAC,Bihar,2025,R2,NEET_AIR,HOSPITAL,Anaesthesiology,70473.0,84484.0,5
Bihar PGMAC,Bihar,2025,R2,NEET_AIR,HOSPITAL,DERMATOLOGY,71917.0,88172.0,3
Bihar PGMAC,Bihar,2025,R2,NEET_AIR,HOSPITAL,E.N.T.,64826.0,85921.0,3
Bihar PGMAC,Bihar,2025,R2,NEET_AIR,HOSPITAL,General Medicine,49538.0,55165.0,3
Bihar PGMAC,Bihar,2025,R2,NEET_AIR,HOSPITAL,General Surgery,63301.0,87142.0,6
Bihar PGMAC,Bihar,2025,R2,NEET_AIR,HOSPITAL,OBS & GYNAE,45280.0,64774.0,3
Bihar PGMAC,Bihar,2025,R2,NEET_AIR,HOSPITAL,OPHTHALMOLOGY,52356.0,52356.0,1
Bihar PGMAC,Bihar,2025,R2,NEET_AIR,HOSPITAL,Orthopaedics,99406.0,131994.0,3
Bihar PGMAC,Bihar,2025,R2,NEET_AIR,HOSPITAL,Paediatrics,66248.0,67789.0,2
Bihar PGMAC,Bihar,2025,R2,NEET_AIR,HOSPITAL,Pathology,105365.0,105365.0,1
Bihar PGMAC,Bihar,2025,R2,NEET_AIR,HOSPITAL,Psychiatry,64655.0,87337.0,3
Bihar PGMAC,Bihar,2025,R2,NEET_AIR,HOSPITAL,Radiodiagnosis,34937.0,109327.0,7
Bihar PGMAC,Bihar,2025,R2,NEET_AIR,HOSPITAL TURKI MUZAFFARPUR,Anaesthesiology,78852.0,95218.0,3
Bihar PGMAC,Bihar,2025,R2,NEET_AIR,HOSPITAL TURKI MUZAFFARPUR,E.N.T.,74621.0,86461.0,3
Bihar PGMAC,Bihar,2025,R2,NEET_AIR,HOSPITAL TURKI MUZAFFARPUR,OBS & GYNAE,69165.0,129128.0,4
Bihar PGMAC,Bihar,2025,R2,NEET_AIR,HOSPITAL TURKI MUZAFFARPUR,OPHTHALMOLOGY,53718.0,86077.0,3
Bihar PGMAC,Bihar,2025,R2,NEET_AIR,HOSPITAL TURKI MUZAFFARPUR,Orthopaedics,125541.0,133132.0,2
Bihar PGMAC,Bihar,2025,R2,NEET_AIR,I.G.I.M.S. PATNA,Anaesthesiology,12425.0,39534.0,10
Bihar PGMAC,Bihar,2025,R2,NEET_AIR,I.G.I.M.S. PATNA,Biochemistry,128402.0,128402.0,1
Bihar PGMAC,Bihar,2025,R2,NEET_AIR,I.G.I.M.S. PATNA,DERMATOLOGY,2812.0,3135.0,2
Bihar PGMAC,Bihar,2025,R2,NEET_AIR,I.G.I.M.S. PATNA,E.N.T.,15721.0,15721.0,1
Bihar PGMAC,Bihar,2025,R2,NEET_AIR,I.G.I.M.S. PATNA,F.M.T.,88480.0,88480.0,1
Bihar PGMAC,Bihar,2025,R2,NEET_AIR,I.G.I.M.S. PATNA,General Medicine,1436.0,34432.0,4
Bihar PGMAC,Bihar,2025,R2,NEET_AIR,I.G.I.M.S. PATNA,General Surgery,10123.0,37839.0,3
Bihar PGMAC,Bihar,2025,R2,NEET_AIR,I.G.I.M.S. PATNA,MEDICINE,10156.0,67841.0,4
Bihar PGMAC,Bihar,2025,R2,NEET_AIR,I.G.I.M.S. PATNA,Microbiology,65740.0,72306.0,3
Bihar PGMAC,Bihar,2025,R2,NEET_AIR,I.G.I.M.S. PATNA,OBS & GYNAE,9674.0,10103.0,2
Bihar PGMAC,Bihar,2025,R2,NEET_AIR,I.G.I.M.S. PATNA,OPHTHALMOLOGY,11199.0,15217.0,2
Bihar PGMAC,Bihar,2025,R2,NEET_AIR,I.G.I.M.S. PATNA,Orthopaedics,9163.0,10657.0,2
Bihar PGMAC,Bihar,2025,R2,NEET_AIR,I.G.I.M.S. PATNA,Paediatrics,4198.0,8039.0,3
Bihar PGMAC,Bihar,2025,R2,NEET_AIR,I.G.I.M.S. PATNA,Pathology,32053.0,74364.0,3
Bihar PGMAC,Bihar,2025,R2,NEET_AIR,I.G.I.M.S. PATNA,Pharmacology,74161.0,74161.0,1
Bihar PGMAC,Bihar,2025,R2,NEET_AIR,I.G.I.M.S. PATNA,Physiology,91659.0,91659.0,1
Bihar PGMAC,Bihar,2025,R2,NEET_AIR,I.G.I.M.S. PATNA,Psychiatry,14683.0,14683.0,1
Bihar PGMAC,Bihar,2025,R2,NEET_AIR,I.G.I.M.S. PATNA,RADIO ONCOLOGY,9456.0,29653.0,2
Bihar PGMAC,Bihar,2025,R2,NEET_AIR,I.G.I.M.S. PATNA,Radiodiagnosis,574.0,1719.0,2
Bihar PGMAC,Bihar,2025,R2,NEET_AIR,J.L.N.M.C. BHAGALPUR,General Medicine,4631.0,21656.0,6
Bihar PGMAC,Bihar,2025,R2,NEET_AIR,J.L.N.M.C. BHAGALPUR,General Surgery,12058.0,37085.0,6
Bihar PGMAC,Bihar,2025,R2,NEET_AIR,J.L.N.M.C. BHAGALPUR,MEDICINE,11950.0,91440.0,2
Bihar PGMAC,Bihar,2025,R2,NEET_AIR,J.L.N.M.C. BHAGALPUR,Microbiology,85813.0,85813.0,1
Bihar PGMAC,Bihar,2025,R2,NEET_AIR,J.L.N.M.C. BHAGALPUR,OBS & GYNAE,10298.0,10298.0,1
Bihar PGMAC,Bihar,2025,R2,NEET_AIR,J.L.N.M.C. BHAGALPUR,OPHTHALMOLOGY,16812.0,16812.0,1
Bihar PGMAC,Bihar,2025,R2,NEET_AIR,J.L.N.M.C. BHAGALPUR,Orthopaedics,10522.0,10522.0,1
Bihar PGMAC,Bihar,2025,R2,NEET_AIR,J.L.N.M.C. BHAGALPUR,Paediatrics,9169.0,14528.0,2
Bihar PGMAC,Bihar,2025,R2,NEET_AIR,J.L.N.M.C. BHAGALPUR,Pathology,50351.0,121948.0,2
Bihar PGMAC,Bihar,2025,R2,NEET_AIR,J.L.N.M.C. BHAGALPUR,Pharmacology,131880.0,131880.0,1
Bihar PGMAC,Bihar,2025,R2,NEET_AIR,J.L.N.M.C. BHAGALPUR,Psychiatry,23477.0,42274.0,2
Bihar PGMAC,Bihar,2025,R2,NEET_AIR,K.M.C. KATIHAR,Anaesthesiology,63846.0,76369.0,5
Bihar PGMAC,Bihar,2025,R2,NEET_AIR,K.M.C. KATIHAR,DERMATOLOGY,58736.0,64873.0,2
Bihar PGMAC,Bihar,2025,R2,NEET_AIR,K.M.C. KATIHAR,E.N.T.,88582.0,88582.0,1
Bihar PGMAC,Bihar,2025,R2,NEET_AIR,K.M.C. KATIHAR,General Medicine,35213.0,131424.0,11
Bihar PGMAC,Bihar,2025,R2,NEET_AIR,K.M.C. KATIHAR,General Surgery,62865.0,96004.0,5
Bihar PGMAC,Bihar,2025,R2,NEET_AIR,K.M.C. KATIHAR,MEDICINE,68391.0,84548.0,2
Bihar PGMAC,Bihar,2025,R2,NEET_AIR,K.M.C. KATIHAR,OBS & GYNAE,80212.0,123763.0,4
Bihar PGMAC,Bihar,2025,R2,NEET_AIR,K.M.C. KATIHAR,OPHTHALMOLOGY,59086.0,66093.0,2
Bihar PGMAC,Bihar,2025,R2,NEET_AIR,K.M.C. KATIHAR,Orthopaedics,89151.0,125744.0,5
Bihar PGMAC,Bihar,2025,R2,NEET_AIR,K.M.C. KATIHAR,Paediatrics,62161.0,88458.0,3
Bihar PGMAC,Bihar,2025,R2,NEET_AIR,K.M.C. KATIHAR,Pathology,62436.0,103379.0,3
Bihar PGMAC,Bihar,2025,R2,NEET_AIR,K.M.C. KATIHAR,Psychiatry,64476.0,64476.0,1
Bihar PGMAC,Bihar,2025,R2,NEET_AIR,K.M.C. KATIHAR,Radiodiagnosis,64028.0,95597.0,5
Bihar PGMAC,Bihar,2025,R2,NEET_AIR,MADHUBANI,Anaesthesiology,85332.0,106259.0,6
Bihar PGMAC,Bihar,2025,R2,NEET_AIR,MADHUBANI,DERMATOLOGY,61769.0,132275.0,3
Bihar PGMAC,Bihar,2025,R2,NEET_AIR,MADHUBANI,E.N.T.,70578.0,93133.0,2
Bihar PGMAC,Bihar,2025,R2,NEET_AIR,MADHUBANI,General Medicine,52201.0,105205.0,9
Bihar PGMAC,Bihar,2025,R2,NEET_AIR,MADHUBANI,General Surgery,85131.0,109945.0,10
Bihar PGMAC,Bihar,2025,R2,NEET_AIR,MADHUBANI,OBS & GYNAE,69757.0,80604.0,5
Bihar PGMAC,Bihar,2025,R2,NEET_AIR,MADHUBANI,OPHTHALMOLOGY,87965.0,92319.0,2
Bihar PGMAC,Bihar,2025,R2,NEET_AIR,MADHUBANI,Orthopaedics,75409.0,113754.0,4
Bihar PGMAC,Bihar,2025,R2,NEET_AIR,MADHUBANI,Paediatrics,68611.0,88208.0,3
Bihar PGMAC,Bihar,2025,R2,NEET_AIR,MADHUBANI,Radiodiagnosis,49086.0,117200.0,3
Bihar PGMAC,Bihar,2025,R2,NEET_AIR,"MGMMC & LSK HOS, KISHANGANJ",Anaesthesiology,49393.0,100325.0,8
Bihar PGMAC,Bihar,2025,R2,NEET_AIR,"MGMMC & LSK HOS, KISHANGANJ",DERMATOLOGY,63938.0,113537.0,4
Bihar PGMAC,Bihar,2025,R2,NEET_AIR,"MGMMC & LSK HOS, KISHANGANJ",E.N.T.,41198.0,54818.0,6
Bihar PGMAC,Bihar,2025,R2,NEET_AIR,"MGMMC & LSK HOS, KISHANGANJ",General Medicine,32982.0,101239.0,4
Bihar PGMAC,Bihar,2025,R2,NEET_AIR,"MGMMC & LSK HOS, KISHANGANJ",General Surgery,39117.0,105354.0,6
Bihar PGMAC,Bihar,2025,R2,NEET_AIR,"MGMMC & LSK HOS, KISHANGANJ",MEDICINE,95747.0,109434.0,2
Bihar PGMAC,Bihar,2025,R2,NEET_AIR,"MGMMC & LSK HOS, KISHANGANJ",OBS & GYNAE,60030.0,109914.0,6
Bihar PGMAC,Bihar,2025,R2,NEET_AIR,"MGMMC & LSK HOS, KISHANGANJ",OPHTHALMOLOGY,28662.0,86171.0,5
Bihar PGMAC,Bihar,2025,R2,NEET_AIR,"MGMMC & LSK HOS, KISHANGANJ",Orthopaedics,62088.0,102484.0,8
Bihar PGMAC,Bihar,2025,R2,NEET_AIR,"MGMMC & LSK HOS, KISHANGANJ",Paediatrics,50906.0,111175.0,5
Bihar PGMAC,Bihar,2025,R2,NEET_AIR,"MGMMC & LSK HOS, KISHANGANJ",Pathology,70608.0,137690.0,3
Bihar PGMAC,Bihar,2025,R2,NEET_AIR,"MGMMC & LSK HOS, KISHANGANJ",Radiodiagnosis,39233.0,64535.0,4
Bihar PGMAC,Bihar,2025,R2,NEET_AIR,"N.M.C &.H, SASARAM",Anaesthesiology,55502.0,84286.0,10
Bihar PGMAC,Bihar,2025,R2,NEET_AIR,"N.M.C &.H, SASARAM",DERMATOLOGY,59445.0,66413.0,2
Bihar PGMAC,Bihar,2025,R2,NEET_AIR,"N.M.C &.H, SASARAM",E.N.T.,61312.0,63267.0,2
Bihar PGMAC,Bihar,2025,R2,NEET_AIR,"N.M.C &.H, SASARAM",General Medicine,43826.0,128130.0,14
Bihar PGMAC,Bihar,2025,R2,NEET_AIR,"N.M.C &.H, SASARAM",General Surgery,58460.0,105123.0,12
Bihar PGMAC,Bihar,2025,R2,NEET_AIR,"N.M.C &.H, SASARAM",OBS & GYNAE,49738.0,85135.0,6
Bihar PGMAC,Bihar,2025,R2,NEET_AIR,"N.M.C &.H, SASARAM",OPHTHALMOLOGY,49121.0,52148.0,2
Bihar PGMAC,Bihar,2025,R2,NEET_AIR,"N.M.C &.H, SASARAM",Orthopaedics,86931.0,100109.0,6
Bihar PGMAC,Bihar,2025,R2,NEET_AIR,"N.M.C &.H, SASARAM",Paediatrics,72909.0,85834.0,5
Bihar PGMAC,Bihar,2025,R2,NEET_AIR,"N.M.C &.H, SASARAM",Radiodiagnosis,41731.0,106006.0,7
Bihar PGMAC,Bihar,2025,R2,NEET_AIR,N.M.C. PATNA,Anaesthesiology,21577.0,51670.0,5
Bihar PGMAC,Bihar,2025,R2,NEET_AIR,N.M.C. PATNA,Anatomy,124953.0,124953.0,1
Bihar PGMAC,Bihar,2025,R2,NEET_AIR,N.M.C. PATNA,DERMATOLOGY,11122.0,11122.0,1
Bihar PGMAC,Bihar,2025,R2,NEET_AIR,N.M.C. PATNA,E.N.T.,19569.0,21145.0,2
Bihar PGMAC,Bihar,2025,R2,NEET_AIR,N.M.C. PATNA,General Medicine,2862.0,19637.0,5
Bihar PGMAC,Bihar,2025,R2,NEET_AIR,N.M.C. PATNA,General Surgery,9861.0,35105.0,6
Bihar PGMAC,Bihar,2025,R2,NEET_AIR,N.M.C. PATNA,MEDICINE,61919.0,61919.0,1
Bihar PGMAC,Bihar,2025,R2,NEET_AIR,N.M.C. PATNA,Microbiology,99033.0,114315.0,2
Bihar PGMAC,Bihar,2025,R2,NEET_AIR,N.M.C. PATNA,OBS & GYNAE,7168.0,30585.0,8
Bihar PGMAC,Bihar,2025,R2,NEET_AIR,N.M.C. PATNA,OPHTHALMOLOGY,16965.0,16965.0,1
Bihar PGMAC,Bihar,2025,R2,NEET_AIR,N.M.C. PATNA,Orthopaedics,8726.0,26585.0,3
Bihar PGMAC,Bihar,2025,R2,NEET_AIR,N.M.C. PATNA,Paediatrics,6200.0,25713.0,6
Bihar PGMAC,Bihar,2025,R2,NEET_AIR,N.M.C. PATNA,Pathology,42001.0,42001.0,1
Bihar PGMAC,Bihar,2025,R2,NEET_AIR,N.M.C. PATNA,Pharmacology,100041.0,100041.0,1
Bihar PGMAC,Bihar,2025,R2,NEET_AIR,N.M.C. PATNA,Psychiatry,18153.0,18153.0,1
Bihar PGMAC,Bihar,2025,R2,NEET_AIR,P.M.C.PATNA,Anaesthesiology,16626.0,39582.0,5
Bihar PGMAC,Bihar,2025,R2,NEET_AIR,P.M.C.PATNA,Anatomy,124423.0,124423.0,1
Bihar PGMAC,Bihar,2025,R2,NEET_AIR,P.M.C.PATNA,Biochemistry,108499.0,108499.0,1
Bihar PGMAC,Bihar,2025,R2,NEET_AIR,P.M.C.PATNA,DERMATOLOGY,2720.0,3503.0,3
Bihar PGMAC,Bihar,2025,R2,NEET_AIR,P.M.C.PATNA,E.N.T.,18411.0,23014.0,3
Bihar PGMAC,Bihar,2025,R2,NEET_AIR,P.M.C.PATNA,F.M.T.,96681.0,96681.0,1
Bihar PGMAC,Bihar,2025,R2,NEET_AIR,P.M.C.PATNA,General Medicine,1554.0,34960.0,8
Bihar PGMAC,Bihar,2025,R2,NEET_AIR,P.M.C.PATNA,General Surgery,6714.0,34771.0,7
Bihar PGMAC,Bihar,2025,R2,NEET_AIR,P.M.C.PATNA,MEDICINE,10944.0,10944.0,1
Bihar PGMAC,Bihar,2025,R2,NEET_AIR,P.M.C.PATNA,Microbiology,68563.0,120809.0,2
Bihar PGMAC,Bihar,2025,R2,NEET_AIR,P.M.C.PATNA,OBS & GYNAE,2227.0,27163.0,6
Bihar PGMAC,Bihar,2025,R2,NEET_AIR,P.M.C.PATNA,OPHTHALMOLOGY,15697.0,17114.0,4
Bihar PGMAC,Bihar,2025,R2,NEET_AIR,P.M.C.PATNA,Orthopaedics,6147.0,45472.0,7
Bihar PGMAC,Bihar,2025,R2,NEET_AIR,P.M.C.PATNA,PHY.MED.& REHAB.,53024.0,53024.0,1
Bihar PGMAC,Bihar,2025,R2,NEET_AIR,P.M.C.PATNA,Paediatrics,4986.0,24460.0,11
Bihar PGMAC,Bihar,2025,R2,NEET_AIR,P.M.C.PATNA,Pathology,32804.0,69225.0,7
Bihar PGMAC,Bihar,2025,R2,NEET_AIR,P.M.C.PATNA,Pharmacology,44483.0,112308.0,4
Bihar PGMAC,Bihar,2025,R2,NEET_AIR,P.M.C.PATNA,Physiology,122187.0,122187.0,1
Bihar PGMAC,Bihar,2025,R2,NEET_AIR,P.M.C.PATNA,Psychiatry,17372.0,23403.0,2
Bihar PGMAC,Bihar,2025,R2,NEET_AIR,P.M.C.PATNA,Radiodiagnosis,748.0,1926.0,2
Bihar PGMAC,Bihar,2025,R2,NEET_AIR,S.K.M.C. MUZAFFARPUR,General Medicine,12929.0,12929.0,1
Bihar PGMAC,Bihar,2025,R2,NEET_AIR,S.K.M.C. MUZAFFARPUR,General Surgery,13503.0,13575.0,2
Bihar PGMAC,Bihar,2025,R2,NEET_AIR,S.K.M.C. MUZAFFARPUR,MEDICINE,62356.0,62356.0,1
Bihar PGMAC,Bihar,2025,R2,NEET_AIR,S.K.M.C. MUZAFFARPUR,OBS & GYNAE,11689.0,13599.0,3
Bihar PGMAC,Bihar,2025,R2,NEET_AIR,S.K.M.C. MUZAFFARPUR,Paediatrics,8251.0,10972.0,2
Bihar PGMAC,Bihar,2025,R2,NEET_AIR,S.K.M.C. MUZAFFARPUR,Pathology,54608.0,122111.0,3
Bihar PGMAC,Bihar,2025,R2,NEET_AIR,S.K.M.C. MUZAFFARPUR,Pharmacology,128934.0,128934.0,1
Bihar PGMAC,Bihar,2025,R3,NEET_AIR,3.BC(DIPLOMA)- 107,P.M.C.PATNA,21014.0,21014.0,1
Bihar PGMAC,Bihar,2025,R3,NEET_AIR,3.BC(DIPLOMA)- 124,J.L.N.M.C. BHAGALPUR,23477.0,23477.0,1
Bihar PGMAC,Bihar,2025,R3,NEET_AIR,3.BC(DIPLOMA)- 140,J.L.N.M.C. BHAGALPUR,26789.0,26789.0,1
Bihar PGMAC,Bihar,2025,R3,NEET_AIR,3.BC(DIPLOMA)- 176,P.M.C.PATNA,48405.0,48405.0,1
Bihar PGMAC,Bihar,2025,R3,NEET_AIR,3.BC(DIPLOMA)- 197,N.M.C. PATNA,62356.0,62356.0,1
Bihar PGMAC,Bihar,2025,R3,NEET_AIR,3.BC(DIPLOMA)- 209,I.G.I.M.S. PATNA,76037.0,76037.0,1
Bihar PGMAC,Bihar,2025,R3,NEET_AIR,3.BC(DIPLOMA)- 260,D.M.C.LAHERIASARAI,112204.0,112204.0,1
Bihar PGMAC,Bihar,2025,R3,NEET_AIR,3.BC(DIPLOMA)- 269,S.K.M.C. MUZAFFARPUR,126952.0,126952.0,1
Bihar PGMAC,Bihar,2025,R3,NEET_AIR,3.BC(DIPLOMA)- 296,"B.M.I.M.S,PAWAPURI, NALANDA",158187.0,158187.0,1
Bihar PGMAC,Bihar,2025,R3,NEET_AIR,3.BC(DIPLOMA)- 305,D.M.C.LAHERIASARAI,176876.0,176876.0,1
Bihar PGMAC,Bihar,2025,R3,NEET_AIR,3.BC(DIPLOMA)- 48,N.M.C. PATNA,12525.0,12525.0,1
Bihar PGMAC,Bihar,2025,R3,NEET_AIR,3.BC(DIPLOMA)- 7,D.M.C.LAHERIASARAI,3466.0,3466.0,1
Bihar PGMAC,Bihar,2025,R3,NEET_AIR,3.EBC(DIPLOMA)- 13,P.M.C.PATNA,8415.0,8415.0,1
Bihar PGMAC,Bihar,2025,R3,NEET_AIR,3.EBC(DIPLOMA)- 21,I.G.I.M.S. PATNA,10657.0,10657.0,1
Bihar PGMAC,Bihar,2025,R3,NEET_AIR,3.EBC(DIPLOMA)- 22,N.M.C. PATNA,10972.0,10972.0,1
Bihar PGMAC,Bihar,2025,R3,NEET_AIR,3.EBC(DIPLOMA)- 236,J.L.N.M.C. BHAGALPUR,119631.0,119631.0,1
Bihar PGMAC,Bihar,2025,R3,NEET_AIR,3.EBC(DIPLOMA)- 24,N.M.C. PATNA,11655.0,11655.0,1
Bihar PGMAC,Bihar,2025,R3,NEET_AIR,3.EBC(DIPLOMA)- 290,HOSPITAL TURKI MUZAFFARPUR,197209.0,197209.0,1
Bihar PGMAC,Bihar,2025,R3,NEET_AIR,3.EBC(DIPLOMA)- 3,N.M.C. PATNA,4151.0,4151.0,1
Bihar PGMAC,Bihar,2025,R3,NEET_AIR,3.EBC(DIPLOMA)- 315,MADHUBANI,217881.0,217881.0,1
Bihar PGMAC,Bihar,2025,R3,NEET_AIR,3.EBC(DIPLOMA)- 32,D.M.C.LAHERIASARAI,13575.0,13575.0,1
Bihar PGMAC,Bihar,2025,R3,NEET_AIR,3.EBC(DIPLOMA)- 348,MADHUBANI,230013.0,230013.0,1
Bihar PGMAC,Bihar,2025,R3,NEET_AIR,3.EBC(DIPLOMA)- 4,D.M.C.LAHERIASARAI,4885.0,4885.0,1
Bihar PGMAC,Bihar,2025,R3,NEET_AIR,3.EBC(DIPLOMA)- 41,D.M.C.LAHERIASARAI,15737.0,15737.0,1
Bihar PGMAC,Bihar,2025,R3,NEET_AIR,3.EBC(DIPLOMA)- 68,I.G.I.M.S. PATNA,20233.0,20233.0,1
Bihar PGMAC,Bihar,2025,R3,NEET_AIR,3.EBC(DIPLOMA)- 7,J.L.N.M.C. BHAGALPUR,6114.0,6114.0,1
Bihar PGMAC,Bihar,2025,R3,NEET_AIR,3.EBC(DIPLOMA)- 8,P.M.C.PATNA,6622.0,6622.0,1
Bihar PGMAC,Bihar,2025,R3,NEET_AIR,3.EWS(DIPLOMA)- 100,HOSPITAL TURKI MUZAFFARPUR DERMATOLOGY,96168.0,96168.0,1
Bihar PGMAC,Bihar,2025,R3,NEET_AIR,3.EWS(DIPLOMA)- 101,D.M.C.LAHERIASARAI,100041.0,100041.0,1
Bihar PGMAC,Bihar,2025,R3,NEET_AIR,3.RCG(DIPLOMA)- 1,P.M.C.PATNA,1926.0,1926.0,1
Bihar PGMAC,Bihar,2025,R3,NEET_AIR,3.RCG(DIPLOMA)- 130,N.M.C. PATNA,30585.0,30585.0,1
Bihar PGMAC,Bihar,2025,R3,NEET_AIR,3.RCG(DIPLOMA)- 148,D.M.C.LAHERIASARAI,35730.0,35730.0,1
Bihar PGMAC,Bihar,2025,R3,NEET_AIR,3.RCG(DIPLOMA)- 154,D.M.C.LAHERIASARAI,38313.0,38313.0,1
Bihar PGMAC,Bihar,2025,R3,NEET_AIR,3.RCG(DIPLOMA)- 164,J.L.N.M.C. BHAGALPUR,42274.0,42274.0,1
Bihar PGMAC,Bihar,2025,R3,NEET_AIR,3.RCG(DIPLOMA)- 165,D.M.C.LAHERIASARAI,42333.0,42333.0,1
Bihar PGMAC,Bihar,2025,R3,NEET_AIR,3.RCG(DIPLOMA)- 169,I.G.I.M.S. PATNA,43781.0,43781.0,1
Bihar PGMAC,Bihar,2025,R3,NEET_AIR,3.RCG(DIPLOMA)- 171,P.M.C.PATNA,43910.0,43910.0,1
Bihar PGMAC,Bihar,2025,R3,NEET_AIR,3.RCG(DIPLOMA)- 195,D.M.C.LAHERIASARAI,56247.0,56247.0,1
Bihar PGMAC,Bihar,2025,R3,NEET_AIR,3.RCG(DIPLOMA)- 208,D.M.C.LAHERIASARAI,62468.0,62468.0,1
Bihar PGMAC,Bihar,2025,R3,NEET_AIR,3.RCG(DIPLOMA)- 226,P.M.C.PATNA,72306.0,72306.0,1
Bihar PGMAC,Bihar,2025,R3,NEET_AIR,3.RCG(DIPLOMA)- 23,I.G.I.M.S. PATNA,9674.0,9674.0,1
Bihar PGMAC,Bihar,2025,R3,NEET_AIR,3.RCG(DIPLOMA)- 236,S.K.M.C. MUZAFFARPUR,78951.0,78951.0,1
Bihar PGMAC,Bihar,2025,R3,NEET_AIR,3.RCG(DIPLOMA)- 243,D.M.C.LAHERIASARAI,88107.0,88107.0,1
Bihar PGMAC,Bihar,2025,R3,NEET_AIR,3.RCG(DIPLOMA)- 265,I.G.I.M.S. PATNA,117136.0,117136.0,1
Bihar PGMAC,Bihar,2025,R3,NEET_AIR,3.RCG(DIPLOMA)- 271,N.M.C. PATNA,125013.0,125013.0,1
Bihar PGMAC,Bihar,2025,R3,NEET_AIR,3.RCG(DIPLOMA)- 275,I.G.I.M.S. PATNA,128402.0,128402.0,1
Bihar PGMAC,Bihar,2025,R3,NEET_AIR,3.RCG(DIPLOMA)- 289,P.M.C.PATNA,161856.0,161856.0,1
Bihar PGMAC,Bihar,2025,R3,NEET_AIR,3.RCG(DIPLOMA)- 29,N.M.C. PATNA,11122.0,11122.0,1
Bihar PGMAC,Bihar,2025,R3,NEET_AIR,3.RCG(DIPLOMA)- 30,S.K.M.C. MUZAFFARPUR,11130.0,11130.0,1
Bihar PGMAC,Bihar,2025,R3,NEET_AIR,3.RCG(DIPLOMA)- 303,P.M.C.PATNA,192118.0,192118.0,1
Bihar PGMAC,Bihar,2025,R3,NEET_AIR,3.RCG(DIPLOMA)- 306,HOSPITAL TURKI MUZAFFARPUR,196839.0,196839.0,1
Bihar PGMAC,Bihar,2025,R3,NEET_AIR,3.RCG(DIPLOMA)- 308,"G.M.C., BETTIAH",200773.0,200773.0,1
Bihar PGMAC,Bihar,2025,R3,NEET_AIR,3.RCG(DIPLOMA)- 311,D.M.C.LAHERIASARAI,204671.0,204671.0,1
Bihar PGMAC,Bihar,2025,R3,NEET_AIR,3.RCG(DIPLOMA)- 355,K.M.C. KATIHAR,229937.0,229937.0,1
Bihar PGMAC,Bihar,2025,R3,NEET_AIR,3.RCG(DIPLOMA)- 38,D.M.C.LAHERIASARAI,13624.0,13624.0,1
Bihar PGMAC,Bihar,2025,R3,NEET_AIR,3.RCG(DIPLOMA)- 53,"G.M.C., BETTIAH",16480.0,16480.0,1
Bihar PGMAC,Bihar,2025,R3,NEET_AIR,3.RCG(DIPLOMA)- 9,P.M.C.PATNA,4986.0,4986.0,1
Bihar PGMAC,Bihar,2025,R3,NEET_AIR,3.SC(DIPLOMA)- 100,S.K.M.C. MUZAFFARPUR,151746.0,151746.0,1
Bihar PGMAC,Bihar,2025,R3,NEET_AIR,3.SC(DIPLOMA)- 104,"B.M.I.M.S,PAWAPURI, NALANDA",157925.0,157925.0,1
Bihar PGMAC,Bihar,2025,R3,NEET_AIR,3.SC(DIPLOMA)- 11,N.M.C. PATNA,34771.0,34771.0,1
Bihar PGMAC,Bihar,2025,R3,NEET_AIR,3.SC(DIPLOMA)- 114,"B.M.I.M.S,PAWAPURI, NALANDA",169764.0,169764.0,1
Bihar PGMAC,Bihar,2025,R3,NEET_AIR,3.SC(DIPLOMA)- 12,P.M.C.PATNA,35105.0,35105.0,1
Bihar PGMAC,Bihar,2025,R3,NEET_AIR,3.SC(DIPLOMA)- 141,"G.M.C., BETTIAH",214436.0,214436.0,1
Bihar PGMAC,Bihar,2025,R3,NEET_AIR,3.SC(DIPLOMA)- 16,A.N.M.M.C. GAYA,38706.0,38706.0,1
Bihar PGMAC,Bihar,2025,R3,NEET_AIR,3.SC(DIPLOMA)- 2,N.M.C. PATNA,19637.0,19637.0,1
Bihar PGMAC,Bihar,2025,R3,NEET_AIR,3.SC(DIPLOMA)- 21,I.G.I.M.S. PATNA,40171.0,40171.0,1
Bihar PGMAC,Bihar,2025,R3,NEET_AIR,3.SC(DIPLOMA)- 29,N.M.C. PATNA,44139.0,44139.0,1
Bihar PGMAC,Bihar,2025,R3,NEET_AIR,3.SC(DIPLOMA)- 3,J.L.N.M.C. BHAGALPUR,21656.0,21656.0,1
Bihar PGMAC,Bihar,2025,R3,NEET_AIR,3.SC(DIPLOMA)- 35,N.M.C. PATNA,51670.0,51670.0,1
Bihar PGMAC,Bihar,2025,R3,NEET_AIR,3.SC(DIPLOMA)- 4,D.M.C.LAHERIASARAI,22682.0,22682.0,1
Bihar PGMAC,Bihar,2025,R3,NEET_AIR,3.SC(DIPLOMA)- 5,I.G.I.M.S. PATNA,29653.0,29653.0,1
Bihar PGMAC,Bihar,2025,R3,NEET_AIR,3.SC(DIPLOMA)- 51,3.RCG(DIPLOMA)- 217,67841.0,67841.0,1
Bihar PGMAC,Bihar,2025,R3,NEET_AIR,3.SC(DIPLOMA)- 6,P.M.C.PATNA,30026.0,30026.0,1
Bihar PGMAC,Bihar,2025,R3,NEET_AIR,3.SC(DIPLOMA)- 72,P.M.C.PATNA,90255.0,90255.0,1
Bihar PGMAC,Bihar,2025,R3,NEET_AIR,3.SC(DIPLOMA)- 83,A.N.M.M.C. GAYA,117791.0,117791.0,1
Bihar PGMAC,Bihar,2025,R3,NEET_AIR,3.SC(DIPLOMA)- 95,D.M.C.LAHERIASARAI,135987.0,135987.0,1
Bihar PGMAC,Bihar,2025,R3,NEET_AIR,3.ST(DIPLOMA)- 2,I.G.I.M.S. PATNA,100169.0,100169.0,1
Bihar PGMAC,Bihar,2025,R3,NEET_AIR,3.UR(DIPLOMA)- 671,HOSPITAL TURKI MUZAFFARPUR Radiodiagnosis,66562.0,66562.0,1
Bihar PGMAC,Bihar,2025,R3,NEET_AIR,3.UR(DIPLOMA)- 740,HOSPITAL TURKI MUZAFFARPUR E.N.T.,74621.0,74621.0,1
Bihar PGMAC,Bihar,2025,R3,NEET_AIR,3.UR(DIPLOMA)-1029,3.SC(DIPLOMA)- 79,115611.0,115611.0,1
Bihar PGMAC,Bihar,2025,R3,NEET_AIR,3.UR(DIPLOMA)-1079,HOSPITAL TURKI MUZAFFARPUR Paediatrics,122441.0,122441.0,1
Bihar PGMAC,Bihar,2025,R3,NEET_AIR,3.UR(DIPLOMA)-1259,K.M.C. KATIHAR,151429.0,151429.0,1
Bihar PGMAC,Bihar,2025,R3,NEET_AIR,3.UR(DIPLOMA)-1297,HOSPITAL TURKI MUZAFFARPUR DERMATOLOGY,157016.0,157016.0,1
Bihar PGMAC,Bihar,2025,R3,NEET_AIR,3.UR(DIPLOMA)-1540,K.M.C. KATIHAR,196905.0,196905.0,1
Bihar PGMAC,Bihar,2025,R3,NEET_AIR,3.UR(DIPLOMA)-1558,"COLLEGE & HOSPITAL, SAHARSA Physiology",199213.0,199213.0,1
Bihar PGMAC,Bihar,2025,R3,NEET_AIR,3.UR(DIPLOMA)-1568,MADHUBANI,200070.0,200070.0,1
Bihar PGMAC,Bihar,2025,R3,NEET_AIR,3.UR(DIPLOMA)-1574,MADHUBANI,201024.0,201024.0,1
Bihar PGMAC,Bihar,2025,R3,NEET_AIR,3.UR(DIPLOMA)-1589,HOSPITAL TURKI MUZAFFARPUR Pathology,202811.0,202811.0,1
Bihar PGMAC,Bihar,2025,R3,NEET_AIR,3.UR(DIPLOMA)-1716,HOSPITAL TURKI MUZAFFARPUR Physiology,217766.0,217766.0,1
Bihar PGMAC,Bihar,2025,R3,NEET_AIR,A.N.M.M.C. GAYA,Anaesthesiology,41125.0,50351.0,2
Bihar PGMAC,Bihar,2025,R3,NEET_AIR,A.N.M.M.C. GAYA,Anatomy,162713.0,182528.0,2
Bihar PGMAC,Bihar,2025,R3,NEET_AIR,A.N.M.M.C. GAYA,Biochemistry,142811.0,142811.0,1
Bihar PGMAC,Bihar,2025,R3,NEET_AIR,A.N.M.M.C. GAYA,DERMATOLOGY,10198.0,10198.0,1
Bihar PGMAC,Bihar,2025,R3,NEET_AIR,A.N.M.M.C. GAYA,E.N.T.,82768.0,82768.0,1
Bihar PGMAC,Bihar,2025,R3,NEET_AIR,A.N.M.M.C. GAYA,General Surgery,19486.0,67255.0,2
Bihar PGMAC,Bihar,2025,R3,NEET_AIR,A.N.M.M.C. GAYA,Microbiology,214368.0,214368.0,1
Bihar PGMAC,Bihar,2025,R3,NEET_AIR,A.N.M.M.C. GAYA,OBS & GYNAE,12977.0,15697.0,3
Bihar PGMAC,Bihar,2025,R3,NEET_AIR,A.N.M.M.C. GAYA,OPHTHALMOLOGY,215177.0,215177.0,1
Bihar PGMAC,Bihar,2025,R3,NEET_AIR,A.N.M.M.C. GAYA,Paediatrics,15788.0,17077.0,2
Bihar PGMAC,Bihar,2025,R3,NEET_AIR,A.N.M.M.C. GAYA,Pathology,72481.0,72481.0,1
Bihar PGMAC,Bihar,2025,R3,NEET_AIR,A.N.M.M.C. GAYA,Pharmacology,200859.0,200859.0,1
Bihar PGMAC,Bihar,2025,R3,NEET_AIR,A.N.M.M.C. GAYA,Physiology,126583.0,126583.0,1
Bihar PGMAC,Bihar,2025,R3,NEET_AIR,"B.M.I.M.S,PAWAPURI, NALANDA",Anatomy,177785.0,197904.0,2
Bihar PGMAC,Bihar,2025,R3,NEET_AIR,"B.M.I.M.S,PAWAPURI, NALANDA",General Medicine,6200.0,6200.0,1
Bihar PGMAC,Bihar,2025,R3,NEET_AIR,"B.M.I.M.S,PAWAPURI, NALANDA",General Surgery,19589.0,19795.0,2
Bihar PGMAC,Bihar,2025,R3,NEET_AIR,"B.M.I.M.S,PAWAPURI, NALANDA",Microbiology,86552.0,86552.0,1
Bihar PGMAC,Bihar,2025,R3,NEET_AIR,"B.M.I.M.S,PAWAPURI, NALANDA",Pathology,160871.0,168043.0,2
Bihar PGMAC,Bihar,2025,R3,NEET_AIR,COLLEGE & HOSPITAL,Anaesthesiology,80185.0,163541.0,5
Bihar PGMAC,Bihar,2025,R3,NEET_AIR,COLLEGE & HOSPITAL,Anatomy,209712.0,222193.0,2
Bihar PGMAC,Bihar,2025,R3,NEET_AIR,COLLEGE & HOSPITAL,DERMATOLOGY,68588.0,158260.0,4
Bihar PGMAC,Bihar,2025,R3,NEET_AIR,COLLEGE & HOSPITAL,E.N.T.,116747.0,171016.0,4
Bihar PGMAC,Bihar,2025,R3,NEET_AIR,COLLEGE & HOSPITAL,General Medicine,65800.0,65853.0,2
Bihar PGMAC,Bihar,2025,R3,NEET_AIR,COLLEGE & HOSPITAL,General Surgery,91474.0,166226.0,2
Bihar PGMAC,Bihar,2025,R3,NEET_AIR,COLLEGE & HOSPITAL,Microbiology,151356.0,210598.0,4
Bihar PGMAC,Bihar,2025,R3,NEET_AIR,COLLEGE & HOSPITAL,OBS & GYNAE,49738.0,146441.0,3
Bihar PGMAC,Bihar,2025,R3,NEET_AIR,COLLEGE & HOSPITAL,OPHTHALMOLOGY,93393.0,158319.0,2
Bihar PGMAC,Bihar,2025,R3,NEET_AIR,COLLEGE & HOSPITAL,Orthopaedics,99406.0,178683.0,2
Bihar PGMAC,Bihar,2025,R3,NEET_AIR,COLLEGE & HOSPITAL,Paediatrics,77485.0,159445.0,3
Bihar PGMAC,Bihar,2025,R3,NEET_AIR,COLLEGE & HOSPITAL,Pharmacology,205151.0,229202.0,2
Bihar PGMAC,Bihar,2025,R3,NEET_AIR,COLLEGE & HOSPITAL,Psychiatry,116794.0,136541.0,2
Bihar PGMAC,Bihar,2025,R3,NEET_AIR,COLLEGE & HOSPITAL,Radiodiagnosis,55744.0,125636.0,5
Bihar PGMAC,Bihar,2025,R3,NEET_AIR,"COLLEGE & HOSPITAL, SAHARSA",Anaesthesiology,63545.0,63545.0,1
Bihar PGMAC,Bihar,2025,R3,NEET_AIR,"COLLEGE & HOSPITAL, SAHARSA",DERMATOLOGY,126157.0,126157.0,1
Bihar PGMAC,Bihar,2025,R3,NEET_AIR,"COLLEGE & HOSPITAL, SAHARSA",E.N.T.,85921.0,108151.0,2
Bihar PGMAC,Bihar,2025,R3,NEET_AIR,"COLLEGE & HOSPITAL, SAHARSA",General Medicine,44306.0,121898.0,4
Bihar PGMAC,Bihar,2025,R3,NEET_AIR,"COLLEGE & HOSPITAL, SAHARSA",General Surgery,33465.0,157289.0,4
Bihar PGMAC,Bihar,2025,R3,NEET_AIR,"COLLEGE & HOSPITAL, SAHARSA",MEDICINE,86268.0,133672.0,2
Bihar PGMAC,Bihar,2025,R3,NEET_AIR,"COLLEGE & HOSPITAL, SAHARSA",Microbiology,219933.0,224723.0,2
Bihar PGMAC,Bihar,2025,R3,NEET_AIR,"COLLEGE & HOSPITAL, SAHARSA",OBS & GYNAE,47635.0,148062.0,3
Bihar PGMAC,Bihar,2025,R3,NEET_AIR,"COLLEGE & HOSPITAL, SAHARSA",OPHTHALMOLOGY,84874.0,117638.0,3
Bihar PGMAC,Bihar,2025,R3,NEET_AIR,"COLLEGE & HOSPITAL, SAHARSA",Orthopaedics,48144.0,71920.0,3
Bihar PGMAC,Bihar,2025,R3,NEET_AIR,"COLLEGE & HOSPITAL, SAHARSA",Paediatrics,58855.0,158653.0,5
Bihar PGMAC,Bihar,2025,R3,NEET_AIR,"COLLEGE & HOSPITAL, SAHARSA",Pathology,156468.0,195522.0,3
Bihar PGMAC,Bihar,2025,R3,NEET_AIR,"COLLEGE & HOSPITAL, SAHARSA",Pharmacology,220443.0,230087.0,3
Bihar PGMAC,Bihar,2025,R3,NEET_AIR,"COLLEGE & HOSPITAL, SAHARSA",Physiology,206821.0,206821.0,1
Bihar PGMAC,Bihar,2025,R3,NEET_AIR,"COLLEGE & HOSPITAL, SAHARSA",Radiodiagnosis,68619.0,147368.0,2
Bihar PGMAC,Bihar,2025,R3,NEET_AIR,D.M.C.LAHERIASARAI,Anaesthesiology,28410.0,39117.0,4
Bihar PGMAC,Bihar,2025,R3,NEET_AIR,D.M.C.LAHERIASARAI,Anatomy,152901.0,222238.0,5
Bihar PGMAC,Bihar,2025,R3,NEET_AIR,D.M.C.LAHERIASARAI,Biochemistry,204109.0,204109.0,1
Bihar PGMAC,Bihar,2025,R3,NEET_AIR,D.M.C.LAHERIASARAI,E.N.T.,32358.0,32358.0,1
Bihar PGMAC,Bihar,2025,R3,NEET_AIR,D.M.C.LAHERIASARAI,General Medicine,3909.0,13121.0,6
Bihar PGMAC,Bihar,2025,R3,NEET_AIR,D.M.C.LAHERIASARAI,General Surgery,7961.0,22113.0,6
Bihar PGMAC,Bihar,2025,R3,NEET_AIR,D.M.C.LAHERIASARAI,Microbiology,117885.0,176804.0,2
Bihar PGMAC,Bihar,2025,R3,NEET_AIR,D.M.C.LAHERIASARAI,OBS & GYNAE,10395.0,32909.0,7
Bihar PGMAC,Bihar,2025,R3,NEET_AIR,D.M.C.LAHERIASARAI,OPHTHALMOLOGY,27054.0,53024.0,3
Bihar PGMAC,Bihar,2025,R3,NEET_AIR,D.M.C.LAHERIASARAI,Orthopaedics,8764.0,28297.0,3
Bihar PGMAC,Bihar,2025,R3,NEET_AIR,D.M.C.LAHERIASARAI,Paediatrics,12091.0,13864.0,2
Bihar PGMAC,Bihar,2025,R3,NEET_AIR,D.M.C.LAHERIASARAI,Pathology,68563.0,120809.0,2
Bihar PGMAC,Bihar,2025,R3,NEET_AIR,D.M.C.LAHERIASARAI,Pharmacology,126902.0,228631.0,2
Bihar PGMAC,Bihar,2025,R3,NEET_AIR,D.M.C.LAHERIASARAI,Physiology,97971.0,220472.0,3
Bihar PGMAC,Bihar,2025,R3,NEET_AIR,D.M.C.LAHERIASARAI,Radiodiagnosis,3607.0,8410.0,2
Bihar PGMAC,Bihar,2025,R3,NEET_AIR,"G.M.C., BETTIAH",Biochemistry,227159.0,227159.0,1
Bihar PGMAC,Bihar,2025,R3,NEET_AIR,"G.M.C., BETTIAH",Microbiology,178451.0,222245.0,2
Bihar PGMAC,Bihar,2025,R3,NEET_AIR,"G.M.C., BETTIAH",OPHTHALMOLOGY,42357.0,42357.0,1
Bihar PGMAC,Bihar,2025,R3,NEET_AIR,"G.M.C., BETTIAH",Paediatrics,123737.0,123737.0,1
Bihar PGMAC,Bihar,2025,R3,NEET_AIR,"G.M.C., BETTIAH",Radiodiagnosis,7168.0,7168.0,1
Bihar PGMAC,Bihar,2025,R3,NEET_AIR,HOSPITAL TURKI MUZAFFARPUR,Anaesthesiology,76811.0,163527.0,3
Bihar PGMAC,Bihar,2025,R3,NEET_AIR,HOSPITAL TURKI MUZAFFARPUR,Anatomy,148974.0,212361.0,2
Bihar PGMAC,Bihar,2025,R3,NEET_AIR,HOSPITAL TURKI MUZAFFARPUR,Biochemistry,193833.0,228568.0,3
Bihar PGMAC,Bihar,2025,R3,NEET_AIR,HOSPITAL TURKI MUZAFFARPUR,E.N.T.,86461.0,167999.0,3
Bihar PGMAC,Bihar,2025,R3,NEET_AIR,HOSPITAL TURKI MUZAFFARPUR,General Medicine,67789.0,130033.0,4
Bihar PGMAC,Bihar,2025,R3,NEET_AIR,HOSPITAL TURKI MUZAFFARPUR,General Surgery,95288.0,111339.0,2
Bihar PGMAC,Bihar,2025,R3,NEET_AIR,HOSPITAL TURKI MUZAFFARPUR,Microbiology,219605.0,228216.0,4
Bihar PGMAC,Bihar,2025,R3,NEET_AIR,HOSPITAL TURKI MUZAFFARPUR,OBS & GYNAE,72966.0,83617.0,3
Bihar PGMAC,Bihar,2025,R3,NEET_AIR,HOSPITAL TURKI MUZAFFARPUR,OPHTHALMOLOGY,94030.0,126102.0,2
Bihar PGMAC,Bihar,2025,R3,NEET_AIR,HOSPITAL TURKI MUZAFFARPUR,Orthopaedics,105889.0,180109.0,4
Bihar PGMAC,Bihar,2025,R3,NEET_AIR,HOSPITAL TURKI MUZAFFARPUR,Paediatrics,127998.0,141007.0,3
Bihar PGMAC,Bihar,2025,R3,NEET_AIR,HOSPITAL TURKI MUZAFFARPUR,Pathology,173751.0,190647.0,3
Bihar PGMAC,Bihar,2025,R3,NEET_AIR,HOSPITAL TURKI MUZAFFARPUR,Radiodiagnosis,76069.0,181562.0,3
Bihar PGMAC,Bihar,2025,R3,NEET_AIR,I.G.I.M.S. PATNA,Anaesthesiology,19021.0,181845.0,8
Bihar PGMAC,Bihar,2025,R3,NEET_AIR,I.G.I.M.S. PATNA,Anatomy,104037.0,162581.0,2
Bihar PGMAC,Bihar,2025,R3,NEET_AIR,I.G.I.M.S. PATNA,Biochemistry,127426.0,127426.0,1
Bihar PGMAC,Bihar,2025,R3,NEET_AIR,I.G.I.M.S. PATNA,DERMATOLOGY,2812.0,3503.0,2
Bihar PGMAC,Bihar,2025,R3,NEET_AIR,I.G.I.M.S. PATNA,E.N.T.,15721.0,15721.0,1
Bihar PGMAC,Bihar,2025,R3,NEET_AIR,I.G.I.M.S. PATNA,F.M.T.,156534.0,156534.0,1
Bihar PGMAC,Bihar,2025,R3,NEET_AIR,I.G.I.M.S. PATNA,General Medicine,34432.0,34432.0,1
Bihar PGMAC,Bihar,2025,R3,NEET_AIR,I.G.I.M.S. PATNA,General Surgery,12023.0,15217.0,2
Bihar PGMAC,Bihar,2025,R3,NEET_AIR,I.G.I.M.S. PATNA,MEDICINE,12792.0,13599.0,2
Bihar PGMAC,Bihar,2025,R3,NEET_AIR,I.G.I.M.S. PATNA,Microbiology,79520.0,222708.0,2
Bihar PGMAC,Bihar,2025,R3,NEET_AIR,I.G.I.M.S. PATNA,OPHTHALMOLOGY,16812.0,17114.0,2
Bihar PGMAC,Bihar,2025,R3,NEET_AIR,I.G.I.M.S. PATNA,Orthopaedics,17880.0,17880.0,1
Bihar PGMAC,Bihar,2025,R3,NEET_AIR,I.G.I.M.S. PATNA,Paediatrics,6597.0,11531.0,3
Bihar PGMAC,Bihar,2025,R3,NEET_AIR,I.G.I.M.S. PATNA,Pathology,32053.0,51997.0,2
Bihar PGMAC,Bihar,2025,R3,NEET_AIR,I.G.I.M.S. PATNA,Pharmacology,74161.0,74161.0,1
Bihar PGMAC,Bihar,2025,R3,NEET_AIR,I.G.I.M.S. PATNA,Physiology,91659.0,91659.0,1
Bihar PGMAC,Bihar,2025,R3,NEET_AIR,I.G.I.M.S. PATNA,Psychiatry,32197.0,32197.0,1
Bihar PGMAC,Bihar,2025,R3,NEET_AIR,I.G.I.M.S. PATNA,RADIO ONCOLOGY,9456.0,9456.0,1
Bihar PGMAC,Bihar,2025,R3,NEET_AIR,J.L.N.M.C. BHAGALPUR,Anatomy,210130.0,210130.0,1
Bihar PGMAC,Bihar,2025,R3,NEET_AIR,J.L.N.M.C. BHAGALPUR,Biochemistry,160528.0,203701.0,2
Bihar PGMAC,Bihar,2025,R3,NEET_AIR,J.L.N.M.C. BHAGALPUR,F.M.T.,180033.0,180033.0,1
Bihar PGMAC,Bihar,2025,R3,NEET_AIR,J.L.N.M.C. BHAGALPUR,General Medicine,6021.0,9169.0,4
Bihar PGMAC,Bihar,2025,R3,NEET_AIR,J.L.N.M.C. BHAGALPUR,General Surgery,13057.0,219380.0,6
Bihar PGMAC,Bihar,2025,R3,NEET_AIR,J.L.N.M.C. BHAGALPUR,MEDICINE,16592.0,16592.0,1
Bihar PGMAC,Bihar,2025,R3,NEET_AIR,J.L.N.M.C. BHAGALPUR,Microbiology,198443.0,210451.0,2
Bihar PGMAC,Bihar,2025,R3,NEET_AIR,J.L.N.M.C. BHAGALPUR,OBS & GYNAE,10298.0,10298.0,1
Bihar PGMAC,Bihar,2025,R3,NEET_AIR,J.L.N.M.C. BHAGALPUR,Orthopaedics,13561.0,13561.0,1
Bihar PGMAC,Bihar,2025,R3,NEET_AIR,J.L.N.M.C. BHAGALPUR,Paediatrics,14528.0,19598.0,3
Bihar PGMAC,Bihar,2025,R3,NEET_AIR,J.L.N.M.C. BHAGALPUR,Pathology,56959.0,56959.0,1
Bihar PGMAC,Bihar,2025,R3,NEET_AIR,J.L.N.M.C. BHAGALPUR,Pharmacology,194136.0,222774.0,2
Bihar PGMAC,Bihar,2025,R3,NEET_AIR,J.L.N.M.C. BHAGALPUR,Physiology,160441.0,178524.0,2
Bihar PGMAC,Bihar,2025,R3,NEET_AIR,K.M.C. KATIHAR,Anaesthesiology,76369.0,148617.0,4
Bihar PGMAC,Bihar,2025,R3,NEET_AIR,K.M.C. KATIHAR,Anatomy,222487.0,226650.0,2
Bihar PGMAC,Bihar,2025,R3,NEET_AIR,K.M.C. KATIHAR,DERMATOLOGY,98893.0,141021.0,2
Bihar PGMAC,Bihar,2025,R3,NEET_AIR,K.M.C. KATIHAR,General Medicine,29238.0,117933.0,7
Bihar PGMAC,Bihar,2025,R3,NEET_AIR,K.M.C. KATIHAR,General Surgery,74318.0,183172.0,3
Bihar PGMAC,Bihar,2025,R3,NEET_AIR,K.M.C. KATIHAR,MEDICINE,84548.0,218359.0,2
Bihar PGMAC,Bihar,2025,R3,NEET_AIR,K.M.C. KATIHAR,Microbiology,162751.0,228418.0,2
Bihar PGMAC,Bihar,2025,R3,NEET_AIR,K.M.C. KATIHAR,OBS & GYNAE,109914.0,146432.0,5
Bihar PGMAC,Bihar,2025,R3,NEET_AIR,K.M.C. KATIHAR,OPHTHALMOLOGY,59086.0,59086.0,1
Bihar PGMAC,Bihar,2025,R3,NEET_AIR,K.M.C. KATIHAR,Orthopaedics,120692.0,190949.0,5
Bihar PGMAC,Bihar,2025,R3,NEET_AIR,K.M.C. KATIHAR,Paediatrics,131444.0,166103.0,5
Bihar PGMAC,Bihar,2025,R3,NEET_AIR,K.M.C. KATIHAR,Pathology,120170.0,120170.0,1
Bihar PGMAC,Bihar,2025,R3,NEET_AIR,K.M.C. KATIHAR,Pharmacology,227225.0,227225.0,1
Bihar PGMAC,Bihar,2025,R3,NEET_AIR,K.M.C. KATIHAR,Psychiatry,134234.0,134234.0,1
Bihar PGMAC,Bihar,2025,R3,NEET_AIR,K.M.C. KATIHAR,Radiodiagnosis,73253.0,95663.0,2
Bihar PGMAC,Bihar,2025,R3,NEET_AIR,KISHANGANJ,Anaesthesiology,71336.0,143805.0,5
Bihar PGMAC,Bihar,2025,R3,NEET_AIR,KISHANGANJ,DERMATOLOGY,132652.0,134192.0,2
Bihar PGMAC,Bihar,2025,R3,NEET_AIR,KISHANGANJ,E.N.T.,49393.0,64655.0,2
Bihar PGMAC,Bihar,2025,R3,NEET_AIR,KISHANGANJ,General Surgery,57004.0,201251.0,5
Bihar PGMAC,Bihar,2025,R3,NEET_AIR,KISHANGANJ,Microbiology,223447.0,230073.0,4
Bihar PGMAC,Bihar,2025,R3,NEET_AIR,KISHANGANJ,OBS & GYNAE,75645.0,102813.0,4
Bihar PGMAC,Bihar,2025,R3,NEET_AIR,KISHANGANJ,OPHTHALMOLOGY,52356.0,122574.0,3
Bihar PGMAC,Bihar,2025,R3,NEET_AIR,KISHANGANJ,Orthopaedics,70994.0,158313.0,6
Bihar PGMAC,Bihar,2025,R3,NEET_AIR,KISHANGANJ,Paediatrics,50906.0,133877.0,4
Bihar PGMAC,Bihar,2025,R3,NEET_AIR,KISHANGANJ,Pathology,137690.0,194394.0,6
Bihar PGMAC,Bihar,2025,R3,NEET_AIR,KISHANGANJ,Pharmacology,219545.0,225512.0,2
Bihar PGMAC,Bihar,2025,R3,NEET_AIR,KISHANGANJ,Physiology,205124.0,205124.0,1
Bihar PGMAC,Bihar,2025,R3,NEET_AIR,KISHANGANJ,Radiodiagnosis,41731.0,124393.0,3
Bihar PGMAC,Bihar,2025,R3,NEET_AIR,MADHUBANI,Anaesthesiology,87402.0,172262.0,6
Bihar PGMAC,Bihar,2025,R3,NEET_AIR,MADHUBANI,Anatomy,185843.0,229372.0,4
Bihar PGMAC,Bihar,2025,R3,NEET_AIR,MADHUBANI,DERMATOLOGY,80670.0,188124.0,2
Bihar PGMAC,Bihar,2025,R3,NEET_AIR,MADHUBANI,E.N.T.,70578.0,157285.0,3
Bihar PGMAC,Bihar,2025,R3,NEET_AIR,MADHUBANI,General Medicine,66749.0,94778.0,4
Bihar PGMAC,Bihar,2025,R3,NEET_AIR,MADHUBANI,General Surgery,101213.0,183769.0,8
Bihar PGMAC,Bihar,2025,R3,NEET_AIR,MADHUBANI,Microbiology,185356.0,229211.0,3
Bihar PGMAC,Bihar,2025,R3,NEET_AIR,MADHUBANI,OBS & GYNAE,75561.0,127472.0,5
Bihar PGMAC,Bihar,2025,R3,NEET_AIR,MADHUBANI,OPHTHALMOLOGY,87337.0,87337.0,1
Bihar PGMAC,Bihar,2025,R3,NEET_AIR,MADHUBANI,Orthopaedics,103542.0,199408.0,3
Bihar PGMAC,Bihar,2025,R3,NEET_AIR,MADHUBANI,Paediatrics,94708.0,173624.0,4
Bihar PGMAC,Bihar,2025,R3,NEET_AIR,MADHUBANI,Pathology,156392.0,204033.0,6
Bihar PGMAC,Bihar,2025,R3,NEET_AIR,MADHUBANI,Radiodiagnosis,86321.0,162046.0,3
Bihar PGMAC,Bihar,2025,R3,NEET_AIR,"N.M.C &.H, SASARAM",Anaesthesiology,77872.0,167300.0,9
Bihar PGMAC,Bihar,2025,R3,NEET_AIR,"N.M.C &.H, SASARAM",Anatomy,184796.0,184796.0,1
Bihar PGMAC,Bihar,2025,R3,NEET_AIR,"N.M.C &.H, SASARAM",Biochemistry,217470.0,217470.0,1
Bihar PGMAC,Bihar,2025,R3,NEET_AIR,"N.M.C &.H, SASARAM",DERMATOLOGY,100159.0,164472.0,3
Bihar PGMAC,Bihar,2025,R3,NEET_AIR,"N.M.C &.H, SASARAM",E.N.T.,63267.0,63267.0,1
Bihar PGMAC,Bihar,2025,R3,NEET_AIR,"N.M.C &.H, SASARAM",General Medicine,44107.0,128130.0,10
Bihar PGMAC,Bihar,2025,R3,NEET_AIR,"N.M.C &.H, SASARAM",General Surgery,105123.0,182649.0,12
Bihar PGMAC,Bihar,2025,R3,NEET_AIR,"N.M.C &.H, SASARAM",Microbiology,111793.0,226360.0,4
Bihar PGMAC,Bihar,2025,R3,NEET_AIR,"N.M.C &.H, SASARAM",OBS & GYNAE,86831.0,135977.0,7
Bihar PGMAC,Bihar,2025,R3,NEET_AIR,"N.M.C &.H, SASARAM",OPHTHALMOLOGY,77394.0,77394.0,1
Bihar PGMAC,Bihar,2025,R3,NEET_AIR,"N.M.C &.H, SASARAM",Orthopaedics,117807.0,173126.0,8
Bihar PGMAC,Bihar,2025,R3,NEET_AIR,"N.M.C &.H, SASARAM",Paediatrics,115641.0,168420.0,7
Bihar PGMAC,Bihar,2025,R3,NEET_AIR,"N.M.C &.H, SASARAM",Pathology,139981.0,202267.0,9
Bihar PGMAC,Bihar,2025,R3,NEET_AIR,"N.M.C &.H, SASARAM",Pharmacology,220561.0,228824.0,4
Bihar PGMAC,Bihar,2025,R3,NEET_AIR,"N.M.C &.H, SASARAM",Physiology,209131.0,223315.0,2
Bihar PGMAC,Bihar,2025,R3,NEET_AIR,"N.M.C &.H, SASARAM",Radiodiagnosis,49086.0,135644.0,7
Bihar PGMAC,Bihar,2025,R3,NEET_AIR,N.M.C. PATNA,Anaesthesiology,29106.0,69225.0,4
Bihar PGMAC,Bihar,2025,R3,NEET_AIR,N.M.C. PATNA,Anatomy,142927.0,192338.0,2
Bihar PGMAC,Bihar,2025,R3,NEET_AIR,N.M.C. PATNA,Biochemistry,97060.0,209955.0,3
Bihar PGMAC,Bihar,2025,R3,NEET_AIR,N.M.C. PATNA,E.N.T.,30925.0,32011.0,2
Bihar PGMAC,Bihar,2025,R3,NEET_AIR,N.M.C. PATNA,F.M.T.,154530.0,227410.0,2
Bihar PGMAC,Bihar,2025,R3,NEET_AIR,N.M.C. PATNA,General Medicine,2862.0,4180.0,3
Bihar PGMAC,Bihar,2025,R3,NEET_AIR,N.M.C. PATNA,General Surgery,8354.0,196606.0,5
Bihar PGMAC,Bihar,2025,R3,NEET_AIR,N.M.C. PATNA,Microbiology,114315.0,134288.0,2
Bihar PGMAC,Bihar,2025,R3,NEET_AIR,N.M.C. PATNA,OBS & GYNAE,7628.0,10635.0,6
Bihar PGMAC,Bihar,2025,R3,NEET_AIR,N.M.C. PATNA,OPHTHALMOLOGY,24204.0,24204.0,1
Bihar PGMAC,Bihar,2025,R3,NEET_AIR,N.M.C. PATNA,Orthopaedics,8726.0,26585.0,2
Bihar PGMAC,Bihar,2025,R3,NEET_AIR,N.M.C. PATNA,Paediatrics,9895.0,11950.0,4
Bihar PGMAC,Bihar,2025,R3,NEET_AIR,N.M.C. PATNA,Pathology,62697.0,62697.0,1
Bihar PGMAC,Bihar,2025,R3,NEET_AIR,N.M.C. PATNA,Pharmacology,119199.0,169666.0,2
Bihar PGMAC,Bihar,2025,R3,NEET_AIR,N.M.C. PATNA,Physiology,96643.0,226058.0,3
Bihar PGMAC,Bihar,2025,R3,NEET_AIR,N.M.C. PATNA,Radiodiagnosis,2217.0,2217.0,1
Bihar PGMAC,Bihar,2025,R3,NEET_AIR,P.M.C.PATNA,Anaesthesiology,21577.0,38785.0,3
Bihar PGMAC,Bihar,2025,R3,NEET_AIR,P.M.C.PATNA,Anatomy,155560.0,197273.0,4
Bihar PGMAC,Bihar,2025,R3,NEET_AIR,P.M.C.PATNA,Biochemistry,84247.0,108499.0,2
Bihar PGMAC,Bihar,2025,R3,NEET_AIR,P.M.C.PATNA,DERMATOLOGY,2720.0,2720.0,1
Bihar PGMAC,Bihar,2025,R3,NEET_AIR,P.M.C.PATNA,E.N.T.,23014.0,30078.0,3
Bihar PGMAC,Bihar,2025,R3,NEET_AIR,P.M.C.PATNA,F.M.T.,96681.0,219174.0,3
Bihar PGMAC,Bihar,2025,R3,NEET_AIR,P.M.C.PATNA,General Medicine,1554.0,4070.0,5
Bihar PGMAC,Bihar,2025,R3,NEET_AIR,P.M.C.PATNA,General Surgery,6714.0,158362.0,5
Bihar PGMAC,Bihar,2025,R3,NEET_AIR,P.M.C.PATNA,MEDICINE,12212.0,12212.0,1
Bihar PGMAC,Bihar,2025,R3,NEET_AIR,P.M.C.PATNA,Microbiology,109225.0,204717.0,2
Bihar PGMAC,Bihar,2025,R3,NEET_AIR,P.M.C.PATNA,OBS & GYNAE,2227.0,6894.0,2
Bihar PGMAC,Bihar,2025,R3,NEET_AIR,P.M.C.PATNA,OPHTHALMOLOGY,16754.0,212540.0,4
Bihar PGMAC,Bihar,2025,R3,NEET_AIR,P.M.C.PATNA,Orthopaedics,6501.0,45472.0,4
Bihar PGMAC,Bihar,2025,R3,NEET_AIR,P.M.C.PATNA,Paediatrics,5992.0,9389.0,7
Bihar PGMAC,Bihar,2025,R3,NEET_AIR,P.M.C.PATNA,Pathology,54608.0,134176.0,5
Bihar PGMAC,Bihar,2025,R3,NEET_AIR,P.M.C.PATNA,Pharmacology,88609.0,131880.0,3
Bihar PGMAC,Bihar,2025,R3,NEET_AIR,P.M.C.PATNA,Physiology,163035.0,217148.0,4
Bihar PGMAC,Bihar,2025,R3,NEET_AIR,P.M.C.PATNA,Psychiatry,23403.0,29496.0,2
Bihar PGMAC,Bihar,2025,R3,NEET_AIR,S.K.M.C. MUZAFFARPUR,Anatomy,201596.0,201596.0,1
Bihar PGMAC,Bihar,2025,R3,NEET_AIR,S.K.M.C. MUZAFFARPUR,General Medicine,12929.0,12929.0,1
Bihar PGMAC,Bihar,2025,R3,NEET_AIR,S.K.M.C. MUZAFFARPUR,General Surgery,15482.0,18672.0,2
Bihar PGMAC,Bihar,2025,R3,NEET_AIR,S.K.M.C. MUZAFFARPUR,OBS & GYNAE,12820.0,15649.0,3
Bihar PGMAC,Bihar,2025,R3,NEET_AIR,S.K.M.C. MUZAFFARPUR,Paediatrics,8251.0,8251.0,1
Bihar PGMAC,Bihar,2025,R3,NEET_AIR,S.K.M.C. MUZAFFARPUR,Pathology,59515.0,122111.0,3
Bihar PGMAC,Bihar,2025,R3,NEET_AIR,SAHARSA,Anaesthesiology,71865.0,93062.0,3
Bihar PGMAC,Bihar,2025,R3,NEET_AIR,SAHARSA,DERMATOLOGY,84660.0,183608.0,4
Bihar PGMAC,Bihar,2025,R3,NEET_AIR,SAHARSA,General Medicine,66248.0,124427.0,2
Bihar PGMAC,Bihar,2025,R3,NEET_AIR,SAHARSA,General Surgery,61322.0,87984.0,3
Bihar PGMAC,Bihar,2025,R3,NEET_AIR,SAHARSA,OBS & GYNAE,80212.0,174449.0,4
Bihar PGMAC,Bihar,2025,R3,NEET_AIR,SAHARSA,OPHTHALMOLOGY,92679.0,103600.0,4
Bihar PGMAC,Bihar,2025,R3,NEET_AIR,SAHARSA,Orthopaedics,114314.0,136678.0,4
Bihar PGMAC,Bihar,2025,R3,NEET_AIR,SAHARSA,Paediatrics,88768.0,104666.0,2
Bihar PGMAC,Bihar,2025,R3,NEET_AIR,SAHARSA,Pathology,169868.0,204938.0,4
Bihar PGMAC,Bihar,2025,R3,NEET_AIR,SAHARSA,Radiodiagnosis,77592.0,139914.0,2
Bihar PGMAC,Bihar,2025,STRAY,NEET_AIR,Anaesthesiology,Against DQ Category Seat (SC),217380.0,217380.0,1
Bihar PGMAC,Bihar,2025,STRAY,NEET_AIR,Anaesthesiology,Against EWS Category Seat (Degree) - Female,133425.0,133425.0,1
Bihar PGMAC,Bihar,2025,STRAY,NEET_AIR,Anaesthesiology,Against NRI Category Seat (Degree),188885.0,188885.0,1
Bihar PGMAC,Bihar,2025,STRAY,NEET_AIR,Anaesthesiology,Against UR Category Seat (Degree),31462.0,39143.0,2
Bihar PGMAC,Bihar,2025,STRAY,NEET_AIR,Anaesthesiology,JUMP OVER ON BC seat (Degree),42097.0,42097.0,1
Bihar PGMAC,Bihar,2025,STRAY,NEET_AIR,Anaesthesiology,JUMP OVER ON EBC seat (Degree),36875.0,44455.0,2
Bihar PGMAC,Bihar,2025,STRAY,NEET_AIR,Anatomy,Against EBC Category Seat (Degree),205779.0,205779.0,1
Bihar PGMAC,Bihar,2025,STRAY,NEET_AIR,Anatomy,Against SC Category Seat (Degree),212772.0,212772.0,1
Bihar PGMAC,Bihar,2025,STRAY,NEET_AIR,Anatomy,Against SC Category Seat (Degree) - Female,226789.0,226789.0,1
Bihar PGMAC,Bihar,2025,STRAY,NEET_AIR,Anatomy,Against UR Category Seat (Degree),53992.0,229720.0,2
Bihar PGMAC,Bihar,2025,STRAY,NEET_AIR,Biochemistry,Against SC Category Seat (Degree) - Female,213953.0,213953.0,1
Bihar PGMAC,Bihar,2025,STRAY,NEET_AIR,Biochemistry,Against UR Category Seat (Degree),208215.0,230007.0,7
Bihar PGMAC,Bihar,2025,STRAY,NEET_AIR,Biochemistry,Compensation Seat BC Against UR (Degree),160923.0,160923.0,1
Bihar PGMAC,Bihar,2025,STRAY,NEET_AIR,Biochemistry,Compensation Seat SC Against UR (Degree) - Female,224287.0,224287.0,1
Bihar PGMAC,Bihar,2025,STRAY,NEET_AIR,COMMUNITY MEDICINE,Against UR Category Seat (Degree),48340.0,211545.0,2
Bihar PGMAC,Bihar,2025,STRAY,NEET_AIR,COMMUNITY MEDICINE,Compensation Seat EBC Against UR (Degree),182828.0,182828.0,1
Bihar PGMAC,Bihar,2025,STRAY,NEET_AIR,COMMUNITY MEDICINE,Compensation Seat SC Against UR (Degree),188723.0,188723.0,1
Bihar PGMAC,Bihar,2025,STRAY,NEET_AIR,DERMATOLOGY,JUMP OVER ON EBC seat (Degree),20950.0,20950.0,1
Bihar PGMAC,Bihar,2025,STRAY,NEET_AIR,E.N.T.,Against SC Category Seat (Degree),75804.0,75804.0,1
Bihar PGMAC,Bihar,2025,STRAY,NEET_AIR,E.N.T.,Against UR Category Seat (Degree),21428.0,142730.0,2
Bihar PGMAC,Bihar,2025,STRAY,NEET_AIR,E.N.T.,JUMP OVER ON EBC seat (Degree),36601.0,36601.0,1
Bihar PGMAC,Bihar,2025,STRAY,NEET_AIR,F.M.T.,Compensation Seat BC Against UR (Degree),153889.0,153889.0,1
Bihar PGMAC,Bihar,2025,STRAY,NEET_AIR,F.M.T.,Compensation Seat RCG Against UR (Degree),207885.0,207885.0,1
Bihar PGMAC,Bihar,2025,STRAY,NEET_AIR,F.M.T.,Compensation Seat SC Against UR (Degree) - Female,227084.0,227084.0,1
Bihar PGMAC,Bihar,2025,STRAY,NEET_AIR,General Medicine,Against UR Category Seat (Degree) - Female,18413.0,18413.0,1
Bihar PGMAC,Bihar,2025,STRAY,NEET_AIR,General Surgery,Against DQ Category Seat (UR),214723.0,214723.0,1
Bihar PGMAC,Bihar,2025,STRAY,NEET_AIR,General Surgery,Against UR Category Seat (Degree),141336.0,145920.0,2
Bihar PGMAC,Bihar,2025,STRAY,NEET_AIR,General Surgery,JUMP OVER ON EWS seat (Degree),18874.0,18874.0,1
Bihar PGMAC,Bihar,2025,STRAY,NEET_AIR,General Surgery,JUMP OVER ON SC seat (Degree),51454.0,51454.0,1
Bihar PGMAC,Bihar,2025,STRAY,NEET_AIR,General Surgery,JUMP OVER ON SC seat (Degree) - Female,67266.0,67266.0,1
Bihar PGMAC,Bihar,2025,STRAY,NEET_AIR,Microbiology,Against BC Category Seat (Degree),112173.0,112173.0,1
Bihar PGMAC,Bihar,2025,STRAY,NEET_AIR,Microbiology,Against SC Category Seat (Degree),194383.0,194383.0,1
Bihar PGMAC,Bihar,2025,STRAY,NEET_AIR,Microbiology,Against UR Category Seat (Degree),208704.0,213675.0,2
Bihar PGMAC,Bihar,2025,STRAY,NEET_AIR,Microbiology,Compensation Seat EBC Against UR (Degree),151244.0,151244.0,1
Bihar PGMAC,Bihar,2025,STRAY,NEET_AIR,OPHTHALMOLOGY,Against DQ Category Seat (UR),218964.0,218964.0,1
Bihar PGMAC,Bihar,2025,STRAY,NEET_AIR,OPHTHALMOLOGY,Against EWS Category Seat (Degree) - Female,124026.0,124026.0,1
Bihar PGMAC,Bihar,2025,STRAY,NEET_AIR,OPHTHALMOLOGY,Against UR Category Seat (Degree),137567.0,137567.0,1
Bihar PGMAC,Bihar,2025,STRAY,NEET_AIR,OPHTHALMOLOGY,JUMP OVER ON BC seat (Degree),53028.0,53028.0,1
Bihar PGMAC,Bihar,2025,STRAY,NEET_AIR,OPHTHALMOLOGY,JUMP OVER ON RCG seat (Degree),22618.0,22618.0,1
Bihar PGMAC,Bihar,2025,STRAY,NEET_AIR,Paediatrics,Against DQ Category Seat (UR),213456.0,213456.0,1
Bihar PGMAC,Bihar,2025,STRAY,NEET_AIR,Paediatrics,Against UR Category Seat (Degree),148115.0,166787.0,2
Bihar PGMAC,Bihar,2025,STRAY,NEET_AIR,Paediatrics,JUMP OVER ON BC seat (Degree),21644.0,21644.0,1
Bihar PGMAC,Bihar,2025,STRAY,NEET_AIR,Pathology,Against EBC Category Seat (Degree),122187.0,122187.0,1
Bihar PGMAC,Bihar,2025,STRAY,NEET_AIR,Pathology,Against SC Category Seat (Degree),168201.0,168201.0,1
Bihar PGMAC,Bihar,2025,STRAY,NEET_AIR,Pathology,Against UR Category Seat (Degree),196667.0,207462.0,2
Bihar PGMAC,Bihar,2025,STRAY,NEET_AIR,Pathology,Compensation Seat EBC Against UR (Degree),143087.0,143087.0,1
Bihar PGMAC,Bihar,2025,STRAY,NEET_AIR,Pathology,JUMP OVER ON SC seat (Degree) - Female,76798.0,76798.0,1
Bihar PGMAC,Bihar,2025,STRAY,NEET_AIR,Pharmacology,Against BC Category Seat (Degree),161464.0,161464.0,1
Bihar PGMAC,Bihar,2025,STRAY,NEET_AIR,Pharmacology,Against UR Category Seat (Degree),217685.0,223352.0,2
Bihar PGMAC,Bihar,2025,STRAY,NEET_AIR,Pharmacology,Compensation Seat BC Against UR (Degree),183289.0,183289.0,1
Bihar PGMAC,Bihar,2025,STRAY,NEET_AIR,Pharmacology,Compensation Seat EBC Against UR (Degree),164666.0,164666.0,1
Bihar PGMAC,Bihar,2025,STRAY,NEET_AIR,Physiology,Against EBC Category Seat (Degree),203172.0,203172.0,1
Bihar PGMAC,Bihar,2025,STRAY,NEET_AIR,Physiology,Against SC Category Seat (Degree),207774.0,209489.0,2
Bihar PGMAC,Bihar,2025,STRAY,NEET_AIR,Physiology,Against UR Category Seat (Degree),226271.0,226271.0,1
Bihar PGMAC,Bihar,2025,STRAY,NEET_AIR,Psychiatry,Against UR Category Seat (Degree),178007.0,178007.0,1
