counselling,state,year,round,rank_type,college,course,opening_rank,closing_rank,allotment_count
Rajasthan,Rajasthan,2025,R1,STATE_MERIT,American International Institute Of Medical Sciences,MD (Anaesthesia),3120.0,3456.0,3
Rajasthan,Rajasthan,2025,R1,STATE_MERIT,American International Institute Of Medical Sciences,MD (General Medicine),1361.0,1747.0,3
Rajasthan,Rajasthan,2025,R1,STATE_MERIT,American International Institute Of Medical Sciences,MD (Paediatrics),1671.0,3602.0,3
Rajasthan,Rajasthan,2025,R1,STATE_MERIT,American International Institute Of Medical Sciences,MD (Psychiatry),2818.0,2843.0,2
Rajasthan,Rajasthan,2025,R1,STATE_MERIT,American International Institute Of Medical Sciences,MD (Radiodiagnosis/Radiology),1080.0,3653.0,5
Rajasthan,Rajasthan,2025,R1,STATE_MERIT,American International Institute Of Medical Sciences,MD (Respiratory Medicine/T.B. & Chest/Tuberculosis & Respiratory Diseases),1926.0,2589.0,3
Rajasthan,Rajasthan,2025,R1,STATE_MERIT,American International Institute Of Medical Sciences,MD (Skin & V.D / Dermatology Ven. & Leprosy),1372.0,1372.0,1
Rajasthan,Rajasthan,2025,R1,STATE_MERIT,American International Institute Of Medical Sciences,MS (ENT),3033.0,3405.0,3
Rajasthan,Rajasthan,2025,R1,STATE_MERIT,American International Institute Of Medical Sciences,MS (General Surgery),2272.0,3421.0,8
Rajasthan,Rajasthan,2025,R1,STATE_MERIT,American International Institute Of Medical Sciences,MS (Obst. & Gynaecology),1615.0,2710.0,4
Rajasthan,Rajasthan,2025,R1,STATE_MERIT,American International Institute Of Medical Sciences,MS (Ophthalmology),2425.0,3494.0,5
Rajasthan,Rajasthan,2025,R1,STATE_MERIT,American International Institute Of Medical Sciences,MS (Orthopaedics),1772.0,2905.0,4
Rajasthan,Rajasthan,2025,R1,STATE_MERIT,"Ananta Institute of Medical Sciences and Research Centre, Rajsamand",MD (Anaesthesia),2934.0,3543.0,8
Rajasthan,Rajasthan,2025,R1,STATE_MERIT,"Ananta Institute of Medical Sciences and Research Centre, Rajsamand",MD (General Medicine),1146.0,3579.0,15
Rajasthan,Rajasthan,2025,R1,STATE_MERIT,"Ananta Institute of Medical Sciences and Research Centre, Rajsamand",MD (Paediatrics),1677.0,3404.0,9
Rajasthan,Rajasthan,2025,R1,STATE_MERIT,"Ananta Institute of Medical Sciences and Research Centre, Rajsamand",MD (Pathology),3172.0,3172.0,1
Rajasthan,Rajasthan,2025,R1,STATE_MERIT,"Ananta Institute of Medical Sciences and Research Centre, Rajsamand",MD (Psychiatry),2049.0,2264.0,2
Rajasthan,Rajasthan,2025,R1,STATE_MERIT,"Ananta Institute of Medical Sciences and Research Centre, Rajsamand",MD (Radiodiagnosis/Radiology),811.0,3306.0,6
Rajasthan,Rajasthan,2025,R1,STATE_MERIT,"Ananta Institute of Medical Sciences and Research Centre, Rajsamand",MD (Respiratory Medicine/T.B. & Chest/Tuberculosis & Respiratory Diseases),2666.0,3387.0,3
Rajasthan,Rajasthan,2025,R1,STATE_MERIT,"Ananta Institute of Medical Sciences and Research Centre, Rajsamand",MD (Skin & V.D / Dermatology Ven. & Leprosy),520.0,2910.0,3
Rajasthan,Rajasthan,2025,R1,STATE_MERIT,"Ananta Institute of Medical Sciences and Research Centre, Rajsamand",MS (ENT),2997.0,2997.0,1
Rajasthan,Rajasthan,2025,R1,STATE_MERIT,"Ananta Institute of Medical Sciences and Research Centre, Rajsamand",MS (General Surgery),2357.0,3578.0,9
Rajasthan,Rajasthan,2025,R1,STATE_MERIT,"Ananta Institute of Medical Sciences and Research Centre, Rajsamand",MS (Obst. & Gynaecology),1339.0,3608.0,9
Rajasthan,Rajasthan,2025,R1,STATE_MERIT,"Ananta Institute of Medical Sciences and Research Centre, Rajsamand",MS (Ophthalmology),2127.0,3190.0,3
Rajasthan,Rajasthan,2025,R1,STATE_MERIT,"Ananta Institute of Medical Sciences and Research Centre, Rajsamand",MS (Orthopaedics),2426.0,2781.0,6
Rajasthan,Rajasthan,2025,R1,STATE_MERIT,"Centre, Jaipur.",MD (Anaesthesia),3194.0,3498.0,5
Rajasthan,Rajasthan,2025,R1,STATE_MERIT,"Centre, Jaipur.",MD (Emergency Medicine),2482.0,3111.0,3
Rajasthan,Rajasthan,2025,R1,STATE_MERIT,"Centre, Jaipur.",MD (General Medicine),2134.0,3569.0,7
Rajasthan,Rajasthan,2025,R1,STATE_MERIT,"Centre, Jaipur.",MD (Paediatrics),2598.0,3467.0,4
Rajasthan,Rajasthan,2025,R1,STATE_MERIT,"Centre, Jaipur.",MD (Psychiatry),2891.0,2891.0,1
Rajasthan,Rajasthan,2025,R1,STATE_MERIT,"Centre, Jaipur.",MD (Radiodiagnosis/Radiology),1861.0,3545.0,8
Rajasthan,Rajasthan,2025,R1,STATE_MERIT,"Centre, Jaipur.",MD (Radiotherapy/Radiationoncology),2391.0,2391.0,1
Rajasthan,Rajasthan,2025,R1,STATE_MERIT,"Centre, Jaipur.",MD (Respiratory Medicine/T.B. & Chest/Tuberculosis & Respiratory Diseases),2874.0,3359.0,3
Rajasthan,Rajasthan,2025,R1,STATE_MERIT,"Centre, Jaipur.",MD (Skin & V.D / Dermatology Ven. & Leprosy),2503.0,3698.0,5
Rajasthan,Rajasthan,2025,R1,STATE_MERIT,"Centre, Jaipur.",MS (ENT),2641.0,2998.0,2
Rajasthan,Rajasthan,2025,R1,STATE_MERIT,"Centre, Jaipur.",MS (General Surgery),3164.0,3418.0,5
Rajasthan,Rajasthan,2025,R1,STATE_MERIT,"Centre, Jaipur.",MS (Obst. & Gynaecology),2554.0,3597.0,7
Rajasthan,Rajasthan,2025,R1,STATE_MERIT,"Centre, Jaipur.",MS (Ophthalmology),3133.0,3615.0,2
Rajasthan,Rajasthan,2025,R1,STATE_MERIT,"Centre, Jaipur.",MS (Orthopaedics),3086.0,3211.0,2
Rajasthan,Rajasthan,2025,R1,STATE_MERIT,DH Banswara,Post MBBS Diploma (Paediatrics),1410.0,1410.0,1
Rajasthan,Rajasthan,2025,R1,STATE_MERIT,DH Baran,Post MBBS Diploma (Obs & Gyne),1467.0,2307.0,2
Rajasthan,Rajasthan,2025,R1,STATE_MERIT,DH Baran,Post MBBS Diploma (Paediatrics),2573.0,2573.0,1
Rajasthan,Rajasthan,2025,R1,STATE_MERIT,DH Bundi,Post MBBS Diploma (Obs & Gyne),1054.0,1422.0,2
Rajasthan,Rajasthan,2025,R1,STATE_MERIT,DH Bundi,Post MBBS Diploma (Paediatrics),1605.0,2862.0,2
Rajasthan,Rajasthan,2025,R1,STATE_MERIT,DH Chittorgarh,Post MBBS Diploma (Obs & Gyne),1309.0,1309.0,1
Rajasthan,Rajasthan,2025,R1,STATE_MERIT,DH Chittorgarh,Post MBBS Diploma (Paediatrics),1521.0,1521.0,1
Rajasthan,Rajasthan,2025,R1,STATE_MERIT,DH Hanumangarh,Post MBBS Diploma (Paediatrics),1741.0,2733.0,2
Rajasthan,Rajasthan,2025,R1,STATE_MERIT,DH Hanumangarh,Post MBBS Diploma (TB & Chest),1512.0,1512.0,1
Rajasthan,Rajasthan,2025,R1,STATE_MERIT,DH Nagaur,Post MBBS Diploma (Obs & Gyne),1292.0,1292.0,1
Rajasthan,Rajasthan,2025,R1,STATE_MERIT,DH Nagaur,Post MBBS Diploma (Ophthalmology),2735.0,2735.0,1
Rajasthan,Rajasthan,2025,R1,STATE_MERIT,DH Nagaur,Post MBBS Diploma (Paediatrics),1259.0,1388.0,2
Rajasthan,Rajasthan,2025,R1,STATE_MERIT,DH Pratapgarh,Post MBBS Diploma (Family Medicine),1796.0,1796.0,1
Rajasthan,Rajasthan,2025,R1,STATE_MERIT,DH Pratapgarh,Post MBBS Diploma (Paediatrics),1714.0,1714.0,1
Rajasthan,Rajasthan,2025,R1,STATE_MERIT,DH Rajsamand,Post MBBS Diploma (Paediatrics),1223.0,1223.0,1
Rajasthan,Rajasthan,2025,R1,STATE_MERIT,DH Sirohi,Post MBBS Diploma (Obs & Gyne),1357.0,1494.0,2
Rajasthan,Rajasthan,2025,R1,STATE_MERIT,DH Sriganganagar,Post MBBS Diploma (Paediatrics),2431.0,2431.0,1
Rajasthan,Rajasthan,2025,R1,STATE_MERIT,DH Sriganganagar,Post MBBS Diploma (TB & Chest),1482.0,1482.0,1
Rajasthan,Rajasthan,2025,R1,STATE_MERIT,DH Tonk,Post MBBS Diploma (Obs & Gyne),1560.0,1690.0,2
Rajasthan,Rajasthan,2025,R1,STATE_MERIT,DH Tonk,Post MBBS Diploma (Paediatrics),1563.0,1563.0,1
Rajasthan,Rajasthan,2025,R1,STATE_MERIT,"District Hospital, Dholpur",Post MBBS Diploma (Obs & Gyne),1803.0,3312.0,3
Rajasthan,Rajasthan,2025,R1,STATE_MERIT,"District Hospital, Dholpur",Post MBBS Diploma (Paediatrics),2286.0,3166.0,3
Rajasthan,Rajasthan,2025,R1,STATE_MERIT,Dr SNMC Jodhpur,MD (Anaesthesia),654.0,2742.0,15
Rajasthan,Rajasthan,2025,R1,STATE_MERIT,Dr SNMC Jodhpur,MD (Biochemistry),2625.0,2625.0,1
Rajasthan,Rajasthan,2025,R1,STATE_MERIT,Dr SNMC Jodhpur,MD (Emergency Medicine),2304.0,2304.0,1
Rajasthan,Rajasthan,2025,R1,STATE_MERIT,Dr SNMC Jodhpur,MD (Forensic Medicine),1144.0,1712.0,2
Rajasthan,Rajasthan,2025,R1,STATE_MERIT,Dr SNMC Jodhpur,MD (General Medicine),29.0,1958.0,12
Rajasthan,Rajasthan,2025,R1,STATE_MERIT,Dr SNMC Jodhpur,MD (Geriatric Medicine),974.0,974.0,1
Rajasthan,Rajasthan,2025,R1,STATE_MERIT,Dr SNMC Jodhpur,MD (Immunohaematology and Blood Transfusion),1191.0,2339.0,2
Rajasthan,Rajasthan,2025,R1,STATE_MERIT,Dr SNMC Jodhpur,MD (Microbiology),1614.0,2171.0,3
Rajasthan,Rajasthan,2025,R1,STATE_MERIT,Dr SNMC Jodhpur,MD (PSM/Community Medicine),1487.0,1487.0,1
Rajasthan,Rajasthan,2025,R1,STATE_MERIT,Dr SNMC Jodhpur,MD (Paediatrics),181.0,1122.0,13
Rajasthan,Rajasthan,2025,R1,STATE_MERIT,Dr SNMC Jodhpur,MD (Pathology),1189.0,2197.0,6
Rajasthan,Rajasthan,2025,R1,STATE_MERIT,Dr SNMC Jodhpur,MD (Pharmacology),2141.0,2169.0,2
Rajasthan,Rajasthan,2025,R1,STATE_MERIT,Dr SNMC Jodhpur,MD (Physiology),2273.0,2542.0,3
Rajasthan,Rajasthan,2025,R1,STATE_MERIT,Dr SNMC Jodhpur,MD (Psychiatry),488.0,548.0,2
Rajasthan,Rajasthan,2025,R1,STATE_MERIT,Dr SNMC Jodhpur,MD (Radiodiagnosis/Radiology),4.0,18.0,3
Rajasthan,Rajasthan,2025,R1,STATE_MERIT,Dr SNMC Jodhpur,MD (Respiratory Medicine/T.B. & Chest/Tuberculosis & Respiratory Diseases),362.0,410.0,2
Rajasthan,Rajasthan,2025,R1,STATE_MERIT,Dr SNMC Jodhpur,MD (Skin & V.D / Dermatology Ven. & Leprosy),39.0,550.0,4
Rajasthan,Rajasthan,2025,R1,STATE_MERIT,Dr SNMC Jodhpur,MS (ENT),621.0,2560.0,4
Rajasthan,Rajasthan,2025,R1,STATE_MERIT,Dr SNMC Jodhpur,MS (General Surgery),340.0,1316.0,8
Rajasthan,Rajasthan,2025,R1,STATE_MERIT,Dr SNMC Jodhpur,MS (Obst. & Gynaecology),52.0,1341.0,12
Rajasthan,Rajasthan,2025,R1,STATE_MERIT,Dr SNMC Jodhpur,MS (Ophthalmology),519.0,1317.0,3
Rajasthan,Rajasthan,2025,R1,STATE_MERIT,Dr SNMC Jodhpur,MS (Orthopaedics),371.0,1267.0,7
Rajasthan,Rajasthan,2025,R1,STATE_MERIT,"ESIC Medical College And Hospital, Alwar",MD (PSM/Community Medicine),1766.0,1766.0,1
Rajasthan,Rajasthan,2025,R1,STATE_MERIT,"ESIC Medical College And Hospital, Alwar",MD (Respiratory Medicine/T.B. & Chest/Tuberculosis & Respiratory Diseases),471.0,471.0,1
Rajasthan,Rajasthan,2025,R1,STATE_MERIT,GH Barmer,Post MBBS Diploma (Family Medicine),2001.0,3148.0,2
Rajasthan,Rajasthan,2025,R1,STATE_MERIT,GH Barmer,Post MBBS Diploma (Obs & Gyne),848.0,1043.0,2
Rajasthan,Rajasthan,2025,R1,STATE_MERIT,GH Barmer,Post MBBS Diploma (Paediatrics),1250.0,2732.0,2
Rajasthan,Rajasthan,2025,R1,STATE_MERIT,GH Barmer,Post MBBS Diploma (TB & Chest),1776.0,1776.0,1
Rajasthan,Rajasthan,2025,R1,STATE_MERIT,GH Karauli,Post MBBS Diploma (Paediatrics),2301.0,2622.0,3
Rajasthan,Rajasthan,2025,R1,STATE_MERIT,GH Sawaimadhopur,Post MBBS Diploma (Family Medicine),2517.0,2517.0,1
Rajasthan,Rajasthan,2025,R1,STATE_MERIT,GH Sawaimadhopur,Post MBBS Diploma (Obs & Gyne),1369.0,2637.0,5
Rajasthan,Rajasthan,2025,R1,STATE_MERIT,GH Sawaimadhopur,Post MBBS Diploma (Paediatrics),2417.0,2417.0,1
Rajasthan,Rajasthan,2025,R1,STATE_MERIT,GH Sawaimadhopur,Post MBBS Diploma (TB & Chest),1523.0,1674.0,2
Rajasthan,Rajasthan,2025,R1,STATE_MERIT,GMC Bhilwara,MD (Anaesthesia),1022.0,1397.0,2
Rajasthan,Rajasthan,2025,R1,STATE_MERIT,GMC Bhilwara,MD (Biochemistry),2976.0,2976.0,1
Rajasthan,Rajasthan,2025,R1,STATE_MERIT,GMC Bhilwara,MD (Microbiology),2424.0,2424.0,1
Rajasthan,Rajasthan,2025,R1,STATE_MERIT,GMC Bhilwara,MD (Pathology),1642.0,3118.0,2
Rajasthan,Rajasthan,2025,R1,STATE_MERIT,GMC Bhilwara,MS (General Surgery),639.0,2621.0,3
Rajasthan,Rajasthan,2025,R1,STATE_MERIT,GMC Churu,MD (PSM/Community Medicine),1629.0,3200.0,2
Rajasthan,Rajasthan,2025,R1,STATE_MERIT,GMC Churu,MD (Pathology),870.0,870.0,1
Rajasthan,Rajasthan,2025,R1,STATE_MERIT,GMC Dungarpur,MD (PSM/Community Medicine),3362.0,3362.0,1
Rajasthan,Rajasthan,2025,R1,STATE_MERIT,GMC Dungarpur,MD (Pharmacology),2911.0,2911.0,1
Rajasthan,Rajasthan,2025,R1,STATE_MERIT,GMC Pali,MD (Anaesthesia),813.0,1237.0,2
Rajasthan,Rajasthan,2025,R1,STATE_MERIT,GMC Pali,MD (Microbiology),2970.0,2970.0,1
Rajasthan,Rajasthan,2025,R1,STATE_MERIT,GMC Pali,MD (Pathology),1481.0,2815.0,2
Rajasthan,Rajasthan,2025,R1,STATE_MERIT,GMC Pali,MD (Physiology),3496.0,3496.0,1
Rajasthan,Rajasthan,2025,R1,STATE_MERIT,GMC Pali,MS (General Surgery),675.0,1648.0,5
Rajasthan,Rajasthan,2025,R1,STATE_MERIT,GMC Pali,MS (Obst. & Gynaecology),614.0,1249.0,2
Rajasthan,Rajasthan,2025,R1,STATE_MERIT,GMC Pali,MS (Ophthalmology),2576.0,2576.0,1
Rajasthan,Rajasthan,2025,R1,STATE_MERIT,GOVERNMENT BDK HOSPITAL JHUNJHUNU,Post MBBS Diploma (Anesthesia),3217.0,3217.0,1
Rajasthan,Rajasthan,2025,R1,STATE_MERIT,GOVERNMENT BDK HOSPITAL JHUNJHUNU,Post MBBS Diploma (ENT),2755.0,2755.0,1
Rajasthan,Rajasthan,2025,R1,STATE_MERIT,GOVERNMENT BDK HOSPITAL JHUNJHUNU,Post MBBS Diploma (Family Medicine),2081.0,2081.0,1
Rajasthan,Rajasthan,2025,R1,STATE_MERIT,GOVERNMENT BDK HOSPITAL JHUNJHUNU,Post MBBS Diploma (Obs & Gyne),859.0,1261.0,2
Rajasthan,Rajasthan,2025,R1,STATE_MERIT,GOVERNMENT BDK HOSPITAL JHUNJHUNU,Post MBBS Diploma (Paediatrics),1274.0,2309.0,2
Rajasthan,Rajasthan,2025,R1,STATE_MERIT,GOVT. AMRITKAUR HOSPITAL BEAWAR,Post MBBS Diploma (Paediatrics),2567.0,2567.0,1
Rajasthan,Rajasthan,2025,R1,STATE_MERIT,Ganganagar,MD (Anaesthesia),3648.0,3648.0,1
Rajasthan,Rajasthan,2025,R1,STATE_MERIT,Ganganagar,MD (Emergency Medicine),3332.0,3332.0,1
Rajasthan,Rajasthan,2025,R1,STATE_MERIT,Ganganagar,MD (Pathology),3389.0,3389.0,1
Rajasthan,Rajasthan,2025,R1,STATE_MERIT,Ganganagar,MD (Psychiatry),2994.0,3295.0,2
Rajasthan,Rajasthan,2025,R1,STATE_MERIT,Ganganagar,MD (Radiodiagnosis/Radiology),1709.0,2851.0,3
Rajasthan,Rajasthan,2025,R1,STATE_MERIT,Ganganagar,MS (Ophthalmology),3031.0,3031.0,1
Rajasthan,Rajasthan,2025,R1,STATE_MERIT,"Geetanjali Medical College & Hospital, Udaipur",MD (Anaesthesia),2655.0,3502.0,9
Rajasthan,Rajasthan,2025,R1,STATE_MERIT,"Geetanjali Medical College & Hospital, Udaipur",MD (Emergency Medicine),3173.0,3316.0,2
Rajasthan,Rajasthan,2025,R1,STATE_MERIT,"Geetanjali Medical College & Hospital, Udaipur",MD (General Medicine),2132.0,3606.0,7
Rajasthan,Rajasthan,2025,R1,STATE_MERIT,"Geetanjali Medical College & Hospital, Udaipur",MD (PSM/Community Medicine),3437.0,3437.0,1
Rajasthan,Rajasthan,2025,R1,STATE_MERIT,"Geetanjali Medical College & Hospital, Udaipur",MD (Paediatrics),3503.0,3503.0,1
Rajasthan,Rajasthan,2025,R1,STATE_MERIT,"Geetanjali Medical College & Hospital, Udaipur",MD (Psychiatry),3386.0,3413.0,2
Rajasthan,Rajasthan,2025,R1,STATE_MERIT,"Geetanjali Medical College & Hospital, Udaipur",MD (Radiodiagnosis/Radiology),2299.0,3341.0,4
Rajasthan,Rajasthan,2025,R1,STATE_MERIT,"Geetanjali Medical College & Hospital, Udaipur",MD (Radiotherapy/Radiationoncology),2614.0,3434.0,3
Rajasthan,Rajasthan,2025,R1,STATE_MERIT,"Geetanjali Medical College & Hospital, Udaipur",MD (Respiratory Medicine/T.B. & Chest/Tuberculosis & Respiratory Diseases),3394.0,3394.0,1
Rajasthan,Rajasthan,2025,R1,STATE_MERIT,"Geetanjali Medical College & Hospital, Udaipur",MD (Skin & V.D / Dermatology Ven. & Leprosy),2585.0,3501.0,3
Rajasthan,Rajasthan,2025,R1,STATE_MERIT,"Geetanjali Medical College & Hospital, Udaipur",MS (ENT),2072.0,2072.0,1
Rajasthan,Rajasthan,2025,R1,STATE_MERIT,"Geetanjali Medical College & Hospital, Udaipur",MS (General Surgery),3128.0,3537.0,2
Rajasthan,Rajasthan,2025,R1,STATE_MERIT,"Geetanjali Medical College & Hospital, Udaipur",MS (Obst. & Gynaecology),2594.0,3659.0,5
Rajasthan,Rajasthan,2025,R1,STATE_MERIT,"Geetanjali Medical College & Hospital, Udaipur",MS (Ophthalmology),3077.0,3688.0,3
Rajasthan,Rajasthan,2025,R1,STATE_MERIT,Government Hospital Alwar,Post MBBS Diploma (Anesthesia),2341.0,2341.0,1
Rajasthan,Rajasthan,2025,R1,STATE_MERIT,Government Hospital Alwar,Post MBBS Diploma (Family Medicine),2089.0,3216.0,3
Rajasthan,Rajasthan,2025,R1,STATE_MERIT,Government Hospital Alwar,Post MBBS Diploma (Ophthalmology),2544.0,2544.0,1
Rajasthan,Rajasthan,2025,R1,STATE_MERIT,Government Hospital Alwar,Post MBBS Diploma (Paediatrics),1087.0,1387.0,2
Rajasthan,Rajasthan,2025,R1,STATE_MERIT,Govt District Hospital Kekri Ajmer,Post MBBS Diploma (Paediatrics),2427.0,2427.0,1
Rajasthan,Rajasthan,2025,R1,STATE_MERIT,Govt RDBP Jaipuria Hospital Jaipur,Post MBBS DNB (Emergency Medicine),561.0,666.0,2
Rajasthan,Rajasthan,2025,R1,STATE_MERIT,Govt RDBP Jaipuria Hospital Jaipur,Post MBBS DNB (Family Medicine),1830.0,1830.0,1
Rajasthan,Rajasthan,2025,R1,STATE_MERIT,"Govt. DB General District Hospital, Churu",Post MBBS Diploma (Obs & Gyne),897.0,975.0,2
Rajasthan,Rajasthan,2025,R1,STATE_MERIT,"Govt. DB General District Hospital, Churu",Post MBBS Diploma (Paediatrics),657.0,1241.0,2
Rajasthan,Rajasthan,2025,R1,STATE_MERIT,"Govt. DB General District Hospital, Churu",Post MBBS Diploma (Radio-diagnosis),62.0,62.0,1
Rajasthan,Rajasthan,2025,R1,STATE_MERIT,"Govt. DB General District Hospital, Churu",Post MBBS Diploma (TB & Chest),1232.0,1253.0,2
Rajasthan,Rajasthan,2025,R1,STATE_MERIT,"Govt. Medical College, Kota",MD (Anaesthesia),682.0,1892.0,11
Rajasthan,Rajasthan,2025,R1,STATE_MERIT,"Govt. Medical College, Kota",MD (Biochemistry),2519.0,3230.0,3
Rajasthan,Rajasthan,2025,R1,STATE_MERIT,"Govt. Medical College, Kota",MD (Forensic Medicine),2918.0,3274.0,2
Rajasthan,Rajasthan,2025,R1,STATE_MERIT,"Govt. Medical College, Kota",MD (General Medicine),59.0,1010.0,12
Rajasthan,Rajasthan,2025,R1,STATE_MERIT,"Govt. Medical College, Kota",MD (Immunohaematology and Blood Transfusion),1711.0,3026.0,2
Rajasthan,Rajasthan,2025,R1,STATE_MERIT,"Govt. Medical College, Kota",MD (Microbiology),2334.0,2550.0,3
Rajasthan,Rajasthan,2025,R1,STATE_MERIT,"Govt. Medical College, Kota",MD (PSM/Community Medicine),1722.0,2516.0,2
Rajasthan,Rajasthan,2025,R1,STATE_MERIT,"Govt. Medical College, Kota",MD (Paediatrics),244.0,1470.0,8
Rajasthan,Rajasthan,2025,R1,STATE_MERIT,"Govt. Medical College, Kota",MD (Pathology),1244.0,3117.0,7
Rajasthan,Rajasthan,2025,R1,STATE_MERIT,"Govt. Medical College, Kota",MD (Physiology),3645.0,3645.0,1
Rajasthan,Rajasthan,2025,R1,STATE_MERIT,"Govt. Medical College, Kota",MD (Psychiatry),171.0,286.0,2
Rajasthan,Rajasthan,2025,R1,STATE_MERIT,"Govt. Medical College, Kota",MD (Radiodiagnosis/Radiology),21.0,135.0,3
Rajasthan,Rajasthan,2025,R1,STATE_MERIT,"Govt. Medical College, Kota",MD (Radiotherapy/Radiationoncology),692.0,2647.0,2
Rajasthan,Rajasthan,2025,R1,STATE_MERIT,"Govt. Medical College, Kota",MD (Respiratory Medicine/T.B. & Chest/Tuberculosis & Respiratory Diseases),424.0,1983.0,3
Rajasthan,Rajasthan,2025,R1,STATE_MERIT,"Govt. Medical College, Kota",MD (Skin & V.D / Dermatology Ven. & Leprosy),49.0,524.0,3
Rajasthan,Rajasthan,2025,R1,STATE_MERIT,"Govt. Medical College, Kota",MS (ENT),469.0,606.0,3
Rajasthan,Rajasthan,2025,R1,STATE_MERIT,"Govt. Medical College, Kota",MS (General Surgery),516.0,2518.0,8
Rajasthan,Rajasthan,2025,R1,STATE_MERIT,"Govt. Medical College, Kota",MS (Obst. & Gynaecology),383.0,2390.0,10
Rajasthan,Rajasthan,2025,R1,STATE_MERIT,"Govt. Medical College, Kota",MS (Ophthalmology),599.0,612.0,2
Rajasthan,Rajasthan,2025,R1,STATE_MERIT,"Govt. Medical College, Kota",MS (Orthopaedics),396.0,1996.0,6
Rajasthan,Rajasthan,2025,R1,STATE_MERIT,JLN MC Ajmer,MD (Anaesthesia),949.0,2785.0,10
Rajasthan,Rajasthan,2025,R1,STATE_MERIT,JLN MC Ajmer,MD (Biochemistry),3290.0,3611.0,3
Rajasthan,Rajasthan,2025,R1,STATE_MERIT,JLN MC Ajmer,MD (Emergency Medicine),1157.0,1683.0,3
Rajasthan,Rajasthan,2025,R1,STATE_MERIT,JLN MC Ajmer,MD (Forensic Medicine),1639.0,3583.0,3
Rajasthan,Rajasthan,2025,R1,STATE_MERIT,JLN MC Ajmer,MD (General Medicine),74.0,3581.0,12
Rajasthan,Rajasthan,2025,R1,STATE_MERIT,JLN MC Ajmer,MD (Immunohaematology and Blood Transfusion),2230.0,3139.0,2
Rajasthan,Rajasthan,2025,R1,STATE_MERIT,JLN MC Ajmer,MD (Microbiology),2467.0,3465.0,3
Rajasthan,Rajasthan,2025,R1,STATE_MERIT,JLN MC Ajmer,MD (PSM/Community Medicine),1781.0,3412.0,3
Rajasthan,Rajasthan,2025,R1,STATE_MERIT,JLN MC Ajmer,MD (Paediatrics),180.0,1229.0,9
Rajasthan,Rajasthan,2025,R1,STATE_MERIT,JLN MC Ajmer,MD (Palliative Medicine),729.0,751.0,2
Rajasthan,Rajasthan,2025,R1,STATE_MERIT,JLN MC Ajmer,MD (Pathology),1385.0,3070.0,9
Rajasthan,Rajasthan,2025,R1,STATE_MERIT,JLN MC Ajmer,MD (Pharmacology),2203.0,3372.0,4
Rajasthan,Rajasthan,2025,R1,STATE_MERIT,JLN MC Ajmer,MD (Psychiatry),535.0,539.0,2
Rajasthan,Rajasthan,2025,R1,STATE_MERIT,JLN MC Ajmer,MD (Radiodiagnosis/Radiology),20.0,425.0,5
Rajasthan,Rajasthan,2025,R1,STATE_MERIT,JLN MC Ajmer,MD (Radiotherapy/Radiationoncology),698.0,2672.0,3
Rajasthan,Rajasthan,2025,R1,STATE_MERIT,JLN MC Ajmer,MD (Respiratory Medicine/T.B. & Chest/Tuberculosis & Respiratory Diseases),439.0,1749.0,5
Rajasthan,Rajasthan,2025,R1,STATE_MERIT,JLN MC Ajmer,MD (Skin & V.D / Dermatology Ven. & Leprosy),1719.0,1719.0,1
Rajasthan,Rajasthan,2025,R1,STATE_MERIT,JLN MC Ajmer,MS (ENT),522.0,650.0,3
Rajasthan,Rajasthan,2025,R1,STATE_MERIT,JLN MC Ajmer,MS (General Surgery),366.0,2439.0,11
Rajasthan,Rajasthan,2025,R1,STATE_MERIT,JLN MC Ajmer,MS (Obst. & Gynaecology),390.0,2418.0,11
Rajasthan,Rajasthan,2025,R1,STATE_MERIT,JLN MC Ajmer,MS (Ophthalmology),549.0,2110.0,5
Rajasthan,Rajasthan,2025,R1,STATE_MERIT,JLN MC Ajmer,MS (Orthopaedics),487.0,2070.0,6
Rajasthan,Rajasthan,2025,R1,STATE_MERIT,Jhalawar Medical College Jhalawar,MD (Anaesthesia),1092.0,2946.0,2
Rajasthan,Rajasthan,2025,R1,STATE_MERIT,Jhalawar Medical College Jhalawar,MD (Biochemistry),1895.0,1895.0,1
Rajasthan,Rajasthan,2025,R1,STATE_MERIT,Jhalawar Medical College Jhalawar,MD (Forensic Medicine),2468.0,2757.0,2
Rajasthan,Rajasthan,2025,R1,STATE_MERIT,Jhalawar Medical College Jhalawar,MD (General Medicine),110.0,749.0,5
Rajasthan,Rajasthan,2025,R1,STATE_MERIT,Jhalawar Medical College Jhalawar,MD (Microbiology),2084.0,2433.0,2
Rajasthan,Rajasthan,2025,R1,STATE_MERIT,Jhalawar Medical College Jhalawar,MD (PSM/Community Medicine),3020.0,3565.0,3
Rajasthan,Rajasthan,2025,R1,STATE_MERIT,Jhalawar Medical College Jhalawar,MD (Paediatrics),300.0,1063.0,4
Rajasthan,Rajasthan,2025,R1,STATE_MERIT,Jhalawar Medical College Jhalawar,MD (Pathology),1498.0,3001.0,6
Rajasthan,Rajasthan,2025,R1,STATE_MERIT,Jhalawar Medical College Jhalawar,MS (ENT),768.0,1784.0,2
Rajasthan,Rajasthan,2025,R1,STATE_MERIT,Jhalawar Medical College Jhalawar,MS (General Surgery),652.0,709.0,4
Rajasthan,Rajasthan,2025,R1,STATE_MERIT,Jhalawar Medical College Jhalawar,MS (Obst. & Gynaecology),472.0,1315.0,5
Rajasthan,Rajasthan,2025,R1,STATE_MERIT,Jhalawar Medical College Jhalawar,MS (Orthopaedics),521.0,683.0,5
Rajasthan,Rajasthan,2025,R1,STATE_MERIT,MGH Bhilwara,Post MBBS Diploma (ENT),2696.0,2696.0,1
Rajasthan,Rajasthan,2025,R1,STATE_MERIT,MGH Bhilwara,Post MBBS Diploma (Obs & Gyne),760.0,834.0,3
Rajasthan,Rajasthan,2025,R1,STATE_MERIT,MGH Bhilwara,Post MBBS Diploma (Paediatrics),473.0,2222.0,2
Rajasthan,Rajasthan,2025,R1,STATE_MERIT,MGH Bhilwara,Post MBBS Diploma (TB & Chest),1672.0,1870.0,2
Rajasthan,Rajasthan,2025,R1,STATE_MERIT,"Mahatma Gandhi Medical College and Hospital, Jaipur",MD (Anaesthesia),1576.0,3535.0,32
Rajasthan,Rajasthan,2025,R1,STATE_MERIT,"Mahatma Gandhi Medical College and Hospital, Jaipur",MD (Biochemistry),3422.0,3422.0,1
Rajasthan,Rajasthan,2025,R1,STATE_MERIT,"Mahatma Gandhi Medical College and Hospital, Jaipur",MD (Emergency Medicine),1641.0,3596.0,5
Rajasthan,Rajasthan,2025,R1,STATE_MERIT,"Mahatma Gandhi Medical College and Hospital, Jaipur",MD (General Medicine),1252.0,2697.0,27
Rajasthan,Rajasthan,2025,R1,STATE_MERIT,"Mahatma Gandhi Medical College and Hospital, Jaipur",MD (Hospital Administration),3160.0,3461.0,2
Rajasthan,Rajasthan,2025,R1,STATE_MERIT,"Mahatma Gandhi Medical College and Hospital, Jaipur",MD (Nuclear Medicine),919.0,1577.0,4
Rajasthan,Rajasthan,2025,R1,STATE_MERIT,"Mahatma Gandhi Medical College and Hospital, Jaipur",MD (PSM/Community Medicine),2939.0,3567.0,2
Rajasthan,Rajasthan,2025,R1,STATE_MERIT,"Mahatma Gandhi Medical College and Hospital, Jaipur",MD (Paediatrics),1927.0,3533.0,13
Rajasthan,Rajasthan,2025,R1,STATE_MERIT,"Mahatma Gandhi Medical College and Hospital, Jaipur",MD (Palliative Medicine),2280.0,2282.0,2
Rajasthan,Rajasthan,2025,R1,STATE_MERIT,"Mahatma Gandhi Medical College and Hospital, Jaipur",MD (Pathology),1630.0,3696.0,12
Rajasthan,Rajasthan,2025,R1,STATE_MERIT,"Mahatma Gandhi Medical College and Hospital, Jaipur",MD (Pharmacology),3228.0,3310.0,2
Rajasthan,Rajasthan,2025,R1,STATE_MERIT,"Mahatma Gandhi Medical College and Hospital, Jaipur",MD (Phy. Med. & Reh.),3459.0,3685.0,2
Rajasthan,Rajasthan,2025,R1,STATE_MERIT,"Mahatma Gandhi Medical College and Hospital, Jaipur",MD (Psychiatry),3009.0,3347.0,4
Rajasthan,Rajasthan,2025,R1,STATE_MERIT,"Mahatma Gandhi Medical College and Hospital, Jaipur",MD (Radiodiagnosis/Radiology),1086.0,3677.0,19
Rajasthan,Rajasthan,2025,R1,STATE_MERIT,"Mahatma Gandhi Medical College and Hospital, Jaipur",MD (Radiotherapy/Radiationoncology),1329.0,2689.0,6
Rajasthan,Rajasthan,2025,R1,STATE_MERIT,"Mahatma Gandhi Medical College and Hospital, Jaipur",MD (Respiratory Medicine/T.B. & Chest/Tuberculosis & Respiratory Diseases),1935.0,3288.0,5
Rajasthan,Rajasthan,2025,R1,STATE_MERIT,"Mahatma Gandhi Medical College and Hospital, Jaipur",MD (Skin & V.D / Dermatology Ven. & Leprosy),1344.0,2342.0,8
Rajasthan,Rajasthan,2025,R1,STATE_MERIT,"Mahatma Gandhi Medical College and Hospital, Jaipur",MS (ENT),1109.0,3662.0,8
Rajasthan,Rajasthan,2025,R1,STATE_MERIT,"Mahatma Gandhi Medical College and Hospital, Jaipur",MS (General Surgery),1818.0,3564.0,15
Rajasthan,Rajasthan,2025,R1,STATE_MERIT,"Mahatma Gandhi Medical College and Hospital, Jaipur",MS (Obst. & Gynaecology),1680.0,3215.0,13
Rajasthan,Rajasthan,2025,R1,STATE_MERIT,"Mahatma Gandhi Medical College and Hospital, Jaipur",MS (Ophthalmology),2249.0,3560.0,4
Rajasthan,Rajasthan,2025,R1,STATE_MERIT,"Mahatma Gandhi Medical College and Hospital, Jaipur",MS (Orthopaedics),1686.0,3705.0,12
Rajasthan,Rajasthan,2025,R1,STATE_MERIT,"Mahatma Gandhi Medical College and Hospital, Jaipur",MS (Traumatology & Surgery),3061.0,3061.0,1
Rajasthan,Rajasthan,2025,R1,STATE_MERIT,"National Institute of Medical Sciences & Research (NIMS), Jaipur",MD (Anaesthesia),2750.0,3691.0,10
Rajasthan,Rajasthan,2025,R1,STATE_MERIT,"National Institute of Medical Sciences & Research (NIMS), Jaipur",MD (Emergency Medicine),3210.0,3243.0,2
Rajasthan,Rajasthan,2025,R1,STATE_MERIT,"National Institute of Medical Sciences & Research (NIMS), Jaipur",MD (General Medicine),1987.0,3690.0,19
Rajasthan,Rajasthan,2025,R1,STATE_MERIT,"National Institute of Medical Sciences & Research (NIMS), Jaipur",MD (Immunohaematology and Blood Transfusion),3638.0,3638.0,1
Rajasthan,Rajasthan,2025,R1,STATE_MERIT,"National Institute of Medical Sciences & Research (NIMS), Jaipur",MD (Nuclear Medicine),2259.0,3130.0,2
Rajasthan,Rajasthan,2025,R1,STATE_MERIT,"National Institute of Medical Sciences & Research (NIMS), Jaipur",MD (Paediatrics),2410.0,3657.0,14
Rajasthan,Rajasthan,2025,R1,STATE_MERIT,"National Institute of Medical Sciences & Research (NIMS), Jaipur",MD (Pathology),2947.0,2947.0,1
Rajasthan,Rajasthan,2025,R1,STATE_MERIT,"National Institute of Medical Sciences & Research (NIMS), Jaipur",MD (Psychiatry),3024.0,3484.0,4
Rajasthan,Rajasthan,2025,R1,STATE_MERIT,"National Institute of Medical Sciences & Research (NIMS), Jaipur",MD (Radiodiagnosis/Radiology),2098.0,3419.0,10
Rajasthan,Rajasthan,2025,R1,STATE_MERIT,"National Institute of Medical Sciences & Research (NIMS), Jaipur",MD (Radiotherapy/Radiationoncology),2292.0,3197.0,3
Rajasthan,Rajasthan,2025,R1,STATE_MERIT,"National Institute of Medical Sciences & Research (NIMS), Jaipur",MD (Respiratory Medicine/T.B. & Chest/Tuberculosis & Respiratory Diseases),2525.0,3614.0,3
Rajasthan,Rajasthan,2025,R1,STATE_MERIT,"National Institute of Medical Sciences & Research (NIMS), Jaipur",MD (Skin & V.D / Dermatology Ven. & Leprosy),2690.0,2876.0,4
Rajasthan,Rajasthan,2025,R1,STATE_MERIT,"National Institute of Medical Sciences & Research (NIMS), Jaipur",MS (ENT),2377.0,3620.0,6
Rajasthan,Rajasthan,2025,R1,STATE_MERIT,"National Institute of Medical Sciences & Research (NIMS), Jaipur",MS (General Surgery),2901.0,3704.0,14
Rajasthan,Rajasthan,2025,R1,STATE_MERIT,"National Institute of Medical Sciences & Research (NIMS), Jaipur",MS (Obst. & Gynaecology),2159.0,3656.0,14
Rajasthan,Rajasthan,2025,R1,STATE_MERIT,"National Institute of Medical Sciences & Research (NIMS), Jaipur",MS (Ophthalmology),3110.0,3661.0,4
Rajasthan,Rajasthan,2025,R1,STATE_MERIT,"National Institute of Medical Sciences & Research (NIMS), Jaipur",MS (Orthopaedics),2640.0,3629.0,10
Rajasthan,Rajasthan,2025,R1,STATE_MERIT,"Pacific Institute of Medical Sciences, Umarda, Udaipur",MD (Anaesthesia),3532.0,3599.0,2
Rajasthan,Rajasthan,2025,R1,STATE_MERIT,"Pacific Institute of Medical Sciences, Umarda, Udaipur",MD (Radiodiagnosis/Radiology),3403.0,3403.0,1
Rajasthan,Rajasthan,2025,R1,STATE_MERIT,"Pacific Medical College & Hospital, Udaipur",MD (General Medicine),2833.0,3702.0,2
Rajasthan,Rajasthan,2025,R1,STATE_MERIT,"Pacific Medical College & Hospital, Udaipur",MD (Paediatrics),3701.0,3701.0,1
Rajasthan,Rajasthan,2025,R1,STATE_MERIT,"Pacific Medical College & Hospital, Udaipur",MD (Skin & V.D / Dermatology Ven. & Leprosy),1831.0,1831.0,1
Rajasthan,Rajasthan,2025,R1,STATE_MERIT,RBM Hospital Bharatpur,Post MBBS Diploma (ENT),2608.0,2608.0,1
Rajasthan,Rajasthan,2025,R1,STATE_MERIT,RBM Hospital Bharatpur,Post MBBS Diploma (Obs & Gyne),1199.0,1208.0,2
Rajasthan,Rajasthan,2025,R1,STATE_MERIT,RBM Hospital Bharatpur,Post MBBS Diploma (Paediatrics),845.0,1944.0,2
Rajasthan,Rajasthan,2025,R1,STATE_MERIT,RBM Hospital Bharatpur,Post MBBS Diploma (TB & Chest),1260.0,1483.0,2
Rajasthan,Rajasthan,2025,R1,STATE_MERIT,RNT MC Udaipur,MD (Anaesthesia),763.0,2719.0,11
Rajasthan,Rajasthan,2025,R1,STATE_MERIT,RNT MC Udaipur,MD (Biochemistry),3236.0,3678.0,4
Rajasthan,Rajasthan,2025,R1,STATE_MERIT,RNT MC Udaipur,MD (Forensic Medicine),1627.0,3373.0,2
Rajasthan,Rajasthan,2025,R1,STATE_MERIT,RNT MC Udaipur,MD (General Medicine),56.0,1286.0,11
Rajasthan,Rajasthan,2025,R1,STATE_MERIT,RNT MC Udaipur,MD (Immunohaematology and Blood Transfusion),1334.0,1334.0,1
Rajasthan,Rajasthan,2025,R1,STATE_MERIT,RNT MC Udaipur,MD (Microbiology),1401.0,1401.0,1
Rajasthan,Rajasthan,2025,R1,STATE_MERIT,RNT MC Udaipur,MD (PSM/Community Medicine),2241.0,3205.0,4
Rajasthan,Rajasthan,2025,R1,STATE_MERIT,RNT MC Udaipur,MD (Paediatrics),154.0,2205.0,9
Rajasthan,Rajasthan,2025,R1,STATE_MERIT,RNT MC Udaipur,MD (Pathology),1236.0,3054.0,10
Rajasthan,Rajasthan,2025,R1,STATE_MERIT,RNT MC Udaipur,MD (Pharmacology),2396.0,3646.0,5
Rajasthan,Rajasthan,2025,R1,STATE_MERIT,RNT MC Udaipur,MD (Psychiatry),1909.0,1909.0,1
Rajasthan,Rajasthan,2025,R1,STATE_MERIT,RNT MC Udaipur,MD (Radiodiagnosis/Radiology),19.0,404.0,3
Rajasthan,Rajasthan,2025,R1,STATE_MERIT,RNT MC Udaipur,MD (Radiotherapy/Radiationoncology),670.0,670.0,1
Rajasthan,Rajasthan,2025,R1,STATE_MERIT,RNT MC Udaipur,MD (Respiratory Medicine/T.B. & Chest/Tuberculosis & Respiratory Diseases),361.0,2108.0,2
Rajasthan,Rajasthan,2025,R1,STATE_MERIT,RNT MC Udaipur,MD (Skin & V.D / Dermatology Ven. & Leprosy),31.0,944.0,3
Rajasthan,Rajasthan,2025,R1,STATE_MERIT,RNT MC Udaipur,MS (ENT),2452.0,2452.0,1
Rajasthan,Rajasthan,2025,R1,STATE_MERIT,RNT MC Udaipur,MS (General Surgery),500.0,2566.0,8
Rajasthan,Rajasthan,2025,R1,STATE_MERIT,RNT MC Udaipur,MS (Obst. & Gynaecology),295.0,2352.0,14
Rajasthan,Rajasthan,2025,R1,STATE_MERIT,RNT MC Udaipur,MS (Ophthalmology),445.0,2505.0,2
Rajasthan,Rajasthan,2025,R1,STATE_MERIT,RNT MC Udaipur,MS (Orthopaedics),497.0,2225.0,4
Rajasthan,Rajasthan,2025,R1,STATE_MERIT,RUHS College of Medical Sciences,MD (Anaesthesia),1270.0,2740.0,2
Rajasthan,Rajasthan,2025,R1,STATE_MERIT,RUHS College of Medical Sciences,MD (Biochemistry),2791.0,2791.0,1
Rajasthan,Rajasthan,2025,R1,STATE_MERIT,RUHS College of Medical Sciences,MD (Forensic Medicine),1582.0,2139.0,2
Rajasthan,Rajasthan,2025,R1,STATE_MERIT,RUHS College of Medical Sciences,MD (General Medicine),105.0,198.0,2
Rajasthan,Rajasthan,2025,R1,STATE_MERIT,RUHS College of Medical Sciences,MD (Microbiology),2067.0,2653.0,2
Rajasthan,Rajasthan,2025,R1,STATE_MERIT,RUHS College of Medical Sciences,MD (PSM/Community Medicine),2968.0,3431.0,2
Rajasthan,Rajasthan,2025,R1,STATE_MERIT,RUHS College of Medical Sciences,MD (Paediatrics),1184.0,1184.0,1
Rajasthan,Rajasthan,2025,R1,STATE_MERIT,RUHS College of Medical Sciences,MD (Pathology),1256.0,1545.0,2
Rajasthan,Rajasthan,2025,R1,STATE_MERIT,RUHS College of Medical Sciences,MD (Pharmacology),3321.0,3321.0,1
Rajasthan,Rajasthan,2025,R1,STATE_MERIT,RUHS College of Medical Sciences,MD (Respiratory Medicine/T.B. & Chest/Tuberculosis & Respiratory Diseases),442.0,581.0,2
Rajasthan,Rajasthan,2025,R1,STATE_MERIT,RUHS College of Medical Sciences,MS (Anatomy),3604.0,3604.0,1
Rajasthan,Rajasthan,2025,R1,STATE_MERIT,RUHS College of Medical Sciences,MS (ENT),537.0,876.0,2
Rajasthan,Rajasthan,2025,R1,STATE_MERIT,RUHS College of Medical Sciences,MS (General Surgery),653.0,1556.0,2
Rajasthan,Rajasthan,2025,R1,STATE_MERIT,RUHS College of Medical Sciences,MS (Obst. & Gynaecology),517.0,1842.0,2
Rajasthan,Rajasthan,2025,R1,STATE_MERIT,RUHS College of Medical Sciences,MS (Ophthalmology),529.0,703.0,2
Rajasthan,Rajasthan,2025,R1,STATE_MERIT,RUHS College of Medical Sciences,MS (Orthopaedics),684.0,1354.0,2
Rajasthan,Rajasthan,2025,R1,STATE_MERIT,S K Hospital Sikar,Post MBBS Diploma (Anesthesia),2131.0,2131.0,1
Rajasthan,Rajasthan,2025,R1,STATE_MERIT,S K Hospital Sikar,Post MBBS Diploma (ENT),2027.0,2816.0,3
Rajasthan,Rajasthan,2025,R1,STATE_MERIT,S K Hospital Sikar,Post MBBS Diploma (Family Medicine),1793.0,2604.0,4
Rajasthan,Rajasthan,2025,R1,STATE_MERIT,S K Hospital Sikar,Post MBBS Diploma (Obs & Gyne),485.0,1085.0,5
Rajasthan,Rajasthan,2025,R1,STATE_MERIT,S K Hospital Sikar,Post MBBS Diploma (Ophthalmology),792.0,2951.0,4
Rajasthan,Rajasthan,2025,R1,STATE_MERIT,S K Hospital Sikar,Post MBBS Diploma (Paediatrics),847.0,1943.0,3
Rajasthan,Rajasthan,2025,R1,STATE_MERIT,SMS Medical College Jaipur,MD (Anaesthesia),597.0,2679.0,39
Rajasthan,Rajasthan,2025,R1,STATE_MERIT,SMS Medical College Jaipur,MD (Biochemistry),1661.0,3613.0,15
Rajasthan,Rajasthan,2025,R1,STATE_MERIT,SMS Medical College Jaipur,MD (Emergency Medicine),934.0,1246.0,2
Rajasthan,Rajasthan,2025,R1,STATE_MERIT,SMS Medical College Jaipur,MD (Forensic Medicine),1492.0,2759.0,5
Rajasthan,Rajasthan,2025,R1,STATE_MERIT,SMS Medical College Jaipur,MD (General Medicine),9.0,3196.0,30
Rajasthan,Rajasthan,2025,R1,STATE_MERIT,SMS Medical College Jaipur,MD (Geriatric Medicine),163.0,163.0,1
Rajasthan,Rajasthan,2025,R1,STATE_MERIT,SMS Medical College Jaipur,MD (Immunohaematology and Blood Transfusion),695.0,2861.0,5
Rajasthan,Rajasthan,2025,R1,STATE_MERIT,SMS Medical College Jaipur,MD (Microbiology),1592.0,3673.0,12
Rajasthan,Rajasthan,2025,R1,STATE_MERIT,SMS Medical College Jaipur,MD (PSM/Community Medicine),830.0,2969.0,10
Rajasthan,Rajasthan,2025,R1,STATE_MERIT,SMS Medical College Jaipur,MD (Paediatrics),57.0,1141.0,20
Rajasthan,Rajasthan,2025,R1,STATE_MERIT,SMS Medical College Jaipur,MD (Palliative Medicine),332.0,1409.0,2
Rajasthan,Rajasthan,2025,R1,STATE_MERIT,SMS Medical College Jaipur,MD (Pathology),1006.0,2674.0,14
Rajasthan,Rajasthan,2025,R1,STATE_MERIT,SMS Medical College Jaipur,MD (Pharmacology),1628.0,3616.0,8
Rajasthan,Rajasthan,2025,R1,STATE_MERIT,SMS Medical College Jaipur,MD (Phy. Med. & Reh.),842.0,2552.0,4
Rajasthan,Rajasthan,2025,R1,STATE_MERIT,SMS Medical College Jaipur,MD (Physiology),1794.0,3692.0,6
Rajasthan,Rajasthan,2025,R1,STATE_MERIT,SMS Medical College Jaipur,MD (Psychiatry),292.0,2386.0,10
Rajasthan,Rajasthan,2025,R1,STATE_MERIT,SMS Medical College Jaipur,MD (Radiodiagnosis/Radiology),1.0,96.0,12
Rajasthan,Rajasthan,2025,R1,STATE_MERIT,SMS Medical College Jaipur,MD (Radiotherapy/Radiationoncology),259.0,1307.0,8
Rajasthan,Rajasthan,2025,R1,STATE_MERIT,SMS Medical College Jaipur,MD (Respiratory Medicine/T.B. & Chest/Tuberculosis & Respiratory Diseases),174.0,1105.0,10
Rajasthan,Rajasthan,2025,R1,STATE_MERIT,SMS Medical College Jaipur,MD (Skin & V.D / Dermatology Ven. & Leprosy),23.0,2533.0,7
Rajasthan,Rajasthan,2025,R1,STATE_MERIT,SMS Medical College Jaipur,MD (Tropical Medicine),579.0,579.0,1
Rajasthan,Rajasthan,2025,R1,STATE_MERIT,SMS Medical College Jaipur,MS (Anatomy),2584.0,2808.0,2
Rajasthan,Rajasthan,2025,R1,STATE_MERIT,SMS Medical College Jaipur,MS (ENT),375.0,2041.0,10
Rajasthan,Rajasthan,2025,R1,STATE_MERIT,SMS Medical College Jaipur,MS (General Surgery),118.0,1992.0,23
Rajasthan,Rajasthan,2025,R1,STATE_MERIT,SMS Medical College Jaipur,MS (Obst. & Gynaecology),42.0,1812.0,34
Rajasthan,Rajasthan,2025,R1,STATE_MERIT,SMS Medical College Jaipur,MS (Ophthalmology),92.0,2069.0,8
Rajasthan,Rajasthan,2025,R1,STATE_MERIT,SMS Medical College Jaipur,MS (Orthopaedics),122.0,1897.0,18
Rajasthan,Rajasthan,2025,R1,STATE_MERIT,SPMC Bikaner,MD (Anaesthesia),1015.0,1849.0,8
Rajasthan,Rajasthan,2025,R1,STATE_MERIT,SPMC Bikaner,MD (Biochemistry),2902.0,3534.0,3
Rajasthan,Rajasthan,2025,R1,STATE_MERIT,SPMC Bikaner,MD (Forensic Medicine),1829.0,3595.0,4
Rajasthan,Rajasthan,2025,R1,STATE_MERIT,SPMC Bikaner,MD (General Medicine),53.0,3553.0,12
Rajasthan,Rajasthan,2025,R1,STATE_MERIT,SPMC Bikaner,MD (Immunohaematology and Blood Transfusion),1524.0,3103.0,3
Rajasthan,Rajasthan,2025,R1,STATE_MERIT,SPMC Bikaner,MD (Microbiology),2140.0,2167.0,3
Rajasthan,Rajasthan,2025,R1,STATE_MERIT,SPMC Bikaner,MD (PSM/Community Medicine),1701.0,2461.0,2
Rajasthan,Rajasthan,2025,R1,STATE_MERIT,SPMC Bikaner,MD (Paediatrics),183.0,1200.0,8
Rajasthan,Rajasthan,2025,R1,STATE_MERIT,SPMC Bikaner,MD (Pathology),828.0,2770.0,7
Rajasthan,Rajasthan,2025,R1,STATE_MERIT,SPMC Bikaner,MD (Pharmacology),2645.0,2767.0,2
Rajasthan,Rajasthan,2025,R1,STATE_MERIT,SPMC Bikaner,MD (Psychiatry),133.0,393.0,3
Rajasthan,Rajasthan,2025,R1,STATE_MERIT,SPMC Bikaner,MD (Radiodiagnosis/Radiology),26.0,2987.0,4
Rajasthan,Rajasthan,2025,R1,STATE_MERIT,SPMC Bikaner,MD (Radiotherapy/Radiationoncology),624.0,667.0,4
Rajasthan,Rajasthan,2025,R1,STATE_MERIT,SPMC Bikaner,MD (Respiratory Medicine/T.B. & Chest/Tuberculosis & Respiratory Diseases),359.0,1211.0,4
Rajasthan,Rajasthan,2025,R1,STATE_MERIT,SPMC Bikaner,MD (Skin & V.D / Dermatology Ven. & Leprosy),37.0,3071.0,3
Rajasthan,Rajasthan,2025,R1,STATE_MERIT,SPMC Bikaner,MS (ENT),728.0,1416.0,2
Rajasthan,Rajasthan,2025,R1,STATE_MERIT,SPMC Bikaner,MS (General Surgery),602.0,1405.0,6
Rajasthan,Rajasthan,2025,R1,STATE_MERIT,SPMC Bikaner,MS (Obst. & Gynaecology),117.0,1398.0,9
Rajasthan,Rajasthan,2025,R1,STATE_MERIT,SPMC Bikaner,MS (Ophthalmology),378.0,627.0,6
Rajasthan,Rajasthan,2025,R1,STATE_MERIT,SPMC Bikaner,MS (Orthopaedics),496.0,1298.0,4
Rajasthan,Rajasthan,2025,R1,STATE_MERIT,Shri Hari Deo Joshi General Hospital Dungarpur,Post MBBS Diploma (Paediatrics),1135.0,1762.0,3
Rajasthan,Rajasthan,2025,R1,STATE_MERIT,Shri Jagannath Pahadiya Medical College Bharatpur or GMC Bharatpur,MD (General Medicine),116.0,218.0,5
Rajasthan,Rajasthan,2025,R1,STATE_MERIT,Shri Jagannath Pahadiya Medical College Bharatpur or GMC Bharatpur,MD (Microbiology),1856.0,2738.0,2
Rajasthan,Rajasthan,2025,R1,STATE_MERIT,Shri Jagannath Pahadiya Medical College Bharatpur or GMC Bharatpur,MD (PSM/Community Medicine),3450.0,3450.0,1
Rajasthan,Rajasthan,2025,R1,STATE_MERIT,Shri Jagannath Pahadiya Medical College Bharatpur or GMC Bharatpur,MD (Pathology),2380.0,2620.0,2
Rajasthan,Rajasthan,2025,R2,STATE_MERIT,Anaesthesia,ABDUL MAJEED,3601.0,3601.0,1
Rajasthan,Rajasthan,2025,R2,STATE_MERIT,Anaesthesia,ABDUL RAHIM,1010.0,1010.0,1
Rajasthan,Rajasthan,2025,R2,STATE_MERIT,Anaesthesia,AJAY SAREEN,3423.0,3423.0,1
Rajasthan,Rajasthan,2025,R2,STATE_MERIT,Anaesthesia,ALOK JAIN,3187.0,3187.0,1
Rajasthan,Rajasthan,2025,R2,STATE_MERIT,Anaesthesia,ALTAF HUSEN AHMED HUSEN SHETHWALA,3559.0,3559.0,1
Rajasthan,Rajasthan,2025,R2,STATE_MERIT,Anaesthesia,AMIN GIRISHBHAI,3435.0,3435.0,1
Rajasthan,Rajasthan,2025,R2,STATE_MERIT,Anaesthesia,ANANTA PATNAIKUNI MURALI MOHANA RAO,3616.0,3616.0,1
Rajasthan,Rajasthan,2025,R2,STATE_MERIT,Anaesthesia,ANIL JETHLIA,814.0,814.0,1
Rajasthan,Rajasthan,2025,R2,STATE_MERIT,Anaesthesia,ANIL KUMAR M G,3606.0,3606.0,1
Rajasthan,Rajasthan,2025,R2,STATE_MERIT,Anaesthesia,ANUJ BHARGAVA,1106.0,1106.0,1
Rajasthan,Rajasthan,2025,R2,STATE_MERIT,Anaesthesia,ARIFALI MEHBUB ALI SAIYED,2271.0,2271.0,1
Rajasthan,Rajasthan,2025,R2,STATE_MERIT,Anaesthesia,ASHOK KUMAR BISHNOI,1051.0,1051.0,1
Rajasthan,Rajasthan,2025,R2,STATE_MERIT,Anaesthesia,BABU LAL BAIRWA,1903.0,1903.0,1
Rajasthan,Rajasthan,2025,R2,STATE_MERIT,Anaesthesia,BADRI NARAYAN GUPTA,954.0,954.0,1
Rajasthan,Rajasthan,2025,R2,STATE_MERIT,Anaesthesia,BAIJNATH SINGH,1141.0,1141.0,1
Rajasthan,Rajasthan,2025,R2,STATE_MERIT,Anaesthesia,BANWARI LAL,1080.0,1080.0,1
Rajasthan,Rajasthan,2025,R2,STATE_MERIT,Anaesthesia,BHAGIRATH RAM,1199.0,1199.0,1
Rajasthan,Rajasthan,2025,R2,STATE_MERIT,Anaesthesia,BHAGWAN SAHAY,1851.0,1851.0,1
Rajasthan,Rajasthan,2025,R2,STATE_MERIT,Anaesthesia,BHARAT LAL JATAV,2084.0,2084.0,1
Rajasthan,Rajasthan,2025,R2,STATE_MERIT,Anaesthesia,BHAVA RAM CHOUDHARY,1237.0,1237.0,1
Rajasthan,Rajasthan,2025,R2,STATE_MERIT,Anaesthesia,BIRENDER SINGH,3812.0,3812.0,1
Rajasthan,Rajasthan,2025,R2,STATE_MERIT,Anaesthesia,BRIJ MOHAN,2723.0,2723.0,1
Rajasthan,Rajasthan,2025,R2,STATE_MERIT,Anaesthesia,BRIJENDRA KUMAR JAGROTIYA,3130.0,3130.0,1
Rajasthan,Rajasthan,2025,R2,STATE_MERIT,Anaesthesia,CHANDRABHAN AGRAWAL,1247.0,1247.0,1
Rajasthan,Rajasthan,2025,R2,STATE_MERIT,Anaesthesia,CHUNNI LAL PANDOR,2856.0,2856.0,1
Rajasthan,Rajasthan,2025,R2,STATE_MERIT,Anaesthesia,DALIP SINGH,1854.0,1854.0,1
Rajasthan,Rajasthan,2025,R2,STATE_MERIT,Anaesthesia,DAULAT SINGH,2969.0,2969.0,1
Rajasthan,Rajasthan,2025,R2,STATE_MERIT,Anaesthesia,DEVI LAL KHAROL,3826.0,3826.0,1
Rajasthan,Rajasthan,2025,R2,STATE_MERIT,Anaesthesia,DHARAM SINGH,1518.0,1518.0,1
Rajasthan,Rajasthan,2025,R2,STATE_MERIT,Anaesthesia,DHIRENDRA MATHUR,1059.0,1059.0,1
Rajasthan,Rajasthan,2025,R2,STATE_MERIT,Anaesthesia,DINESH CHANDRA AGRAWAL,790.0,790.0,1
Rajasthan,Rajasthan,2025,R2,STATE_MERIT,Anaesthesia,DINESH KUMAR GUPTA,3578.0,3578.0,1
Rajasthan,Rajasthan,2025,R2,STATE_MERIT,Anaesthesia,DINESH SHARMA,2543.0,2543.0,1
Rajasthan,Rajasthan,2025,R2,STATE_MERIT,Anaesthesia,DODIYA NARANBHAI ARJANBHAI,3651.0,3651.0,1
Rajasthan,Rajasthan,2025,R2,STATE_MERIT,Anaesthesia,DR RAJESH KHANDELWAL,1994.0,1994.0,1
Rajasthan,Rajasthan,2025,R2,STATE_MERIT,Anaesthesia,DR SANJAY GARG,3529.0,3529.0,1
Rajasthan,Rajasthan,2025,R2,STATE_MERIT,Anaesthesia,GAJENDRA KUMAR SHRIVASTAVA,3633.0,3633.0,1
Rajasthan,Rajasthan,2025,R2,STATE_MERIT,Anaesthesia,GIRDHARI LAL JAT,1031.0,1031.0,1
Rajasthan,Rajasthan,2025,R2,STATE_MERIT,Anaesthesia,GIRIRAJ,2347.0,2347.0,1
Rajasthan,Rajasthan,2025,R2,STATE_MERIT,Anaesthesia,GIRIRAJ YADAV,1290.0,1290.0,1
Rajasthan,Rajasthan,2025,R2,STATE_MERIT,Anaesthesia,GOURI SHANKAR KHATRI,1024.0,1024.0,1
Rajasthan,Rajasthan,2025,R2,STATE_MERIT,Anaesthesia,GOVIND RAM,1599.0,1599.0,1
Rajasthan,Rajasthan,2025,R2,STATE_MERIT,Anaesthesia,GUPT SINGH,1793.0,1793.0,1
Rajasthan,Rajasthan,2025,R2,STATE_MERIT,Anaesthesia,HANSRAJ,3762.0,3762.0,1
Rajasthan,Rajasthan,2025,R2,STATE_MERIT,Anaesthesia,HARENDRA SINGH TEOTIA,3062.0,3062.0,1
Rajasthan,Rajasthan,2025,R2,STATE_MERIT,Anaesthesia,HARIVALLABH PATIDAR,1659.0,1659.0,1
Rajasthan,Rajasthan,2025,R2,STATE_MERIT,Anaesthesia,HASMUKHBHAI,3014.0,3014.0,1
Rajasthan,Rajasthan,2025,R2,STATE_MERIT,Anaesthesia,HITESH KUMAR BHAGCHANDANI,1099.0,1099.0,1
Rajasthan,Rajasthan,2025,R2,STATE_MERIT,Anaesthesia,IKRAM HUSSAIN,1056.0,1056.0,1
Rajasthan,Rajasthan,2025,R2,STATE_MERIT,Anaesthesia,INDER LAL PRAJAPATI,689.0,689.0,1
Rajasthan,Rajasthan,2025,R2,STATE_MERIT,Anaesthesia,JAGBIR SINGH TANWAR,3765.0,3765.0,1
Rajasthan,Rajasthan,2025,R2,STATE_MERIT,Anaesthesia,JAGDISH GUPTA,966.0,966.0,1
Rajasthan,Rajasthan,2025,R2,STATE_MERIT,Anaesthesia,JAGDISH KUMAWAT,3104.0,3104.0,1
Rajasthan,Rajasthan,2025,R2,STATE_MERIT,Anaesthesia,JAGDISH PRASAD CHODUHARY,1140.0,1140.0,1
Rajasthan,Rajasthan,2025,R2,STATE_MERIT,Anaesthesia,JAGDISH PRASAD KHANDELWAL,807.0,807.0,1
Rajasthan,Rajasthan,2025,R2,STATE_MERIT,Anaesthesia,JAI KRISHAN DADHICH,2365.0,2365.0,1
Rajasthan,Rajasthan,2025,R2,STATE_MERIT,Anaesthesia,JAIPRAKASH KANSAL,1417.0,1417.0,1
Rajasthan,Rajasthan,2025,R2,STATE_MERIT,Anaesthesia,JASBIR SINGH,3235.0,3235.0,1
Rajasthan,Rajasthan,2025,R2,STATE_MERIT,Anaesthesia,JAWAID JAMAL SHAIKH,2284.0,2284.0,1
Rajasthan,Rajasthan,2025,R2,STATE_MERIT,Anaesthesia,JEEVRAM MORI,2744.0,2744.0,1
Rajasthan,Rajasthan,2025,R2,STATE_MERIT,Anaesthesia,KALPESHKUMAR RASIKLAL DARJI,3711.0,3711.0,1
Rajasthan,Rajasthan,2025,R2,STATE_MERIT,Anaesthesia,KALU LAL MEENA,2765.0,2765.0,1
Rajasthan,Rajasthan,2025,R2,STATE_MERIT,Anaesthesia,KANAIYALAL SHAH,3318.0,3318.0,1
Rajasthan,Rajasthan,2025,R2,STATE_MERIT,Anaesthesia,KANSAGRA RAMESHBHAI,2819.0,2819.0,1
Rajasthan,Rajasthan,2025,R2,STATE_MERIT,Anaesthesia,KARN YATEENDRA,3264.0,3264.0,1
Rajasthan,Rajasthan,2025,R2,STATE_MERIT,Anaesthesia,KHEMRAJ PRAJAPAT,1104.0,1104.0,1
Rajasthan,Rajasthan,2025,R2,STATE_MERIT,Anaesthesia,KHUMA RAM,1421.0,1421.0,1
Rajasthan,Rajasthan,2025,R2,STATE_MERIT,Anaesthesia,KISHOR SINGH GURJAR,3024.0,3024.0,1
Rajasthan,Rajasthan,2025,R2,STATE_MERIT,Anaesthesia,LAXMAN CHOUDHARY,2947.0,2947.0,1
Rajasthan,Rajasthan,2025,R2,STATE_MERIT,Anaesthesia,MAHENDRA SINGH NARUKA,716.0,716.0,1
Rajasthan,Rajasthan,2025,R2,STATE_MERIT,Anaesthesia,MAHESH KUMAR,1032.0,1032.0,1
Rajasthan,Rajasthan,2025,R2,STATE_MERIT,Anaesthesia,MAHESH KUMAR GAUTAM,996.0,996.0,1
Rajasthan,Rajasthan,2025,R2,STATE_MERIT,Anaesthesia,MAHESH KUMAR YADAV,2591.0,2591.0,1
Rajasthan,Rajasthan,2025,R2,STATE_MERIT,Anaesthesia,MALHAR DESAI,3402.0,3402.0,1
Rajasthan,Rajasthan,2025,R2,STATE_MERIT,Anaesthesia,MANGI LAL,1221.0,1221.0,1
Rajasthan,Rajasthan,2025,R2,STATE_MERIT,Anaesthesia,MANILAL KATARA,2785.0,2785.0,1
Rajasthan,Rajasthan,2025,R2,STATE_MERIT,Anaesthesia,MANISH GUPTA,1252.0,1252.0,1
Rajasthan,Rajasthan,2025,R2,STATE_MERIT,Anaesthesia,MANNO RAM MEENA,2244.0,2244.0,1
Rajasthan,Rajasthan,2025,R2,STATE_MERIT,Anaesthesia,MANOHAR LAL AGRAWAL,1289.0,1289.0,1
Rajasthan,Rajasthan,2025,R2,STATE_MERIT,Anaesthesia,MANOJ DHINGRA,3522.0,3522.0,1
Rajasthan,Rajasthan,2025,R2,STATE_MERIT,Anaesthesia,MANOJ KUMAR HUNDAWAL,3034.0,3034.0,1
Rajasthan,Rajasthan,2025,R2,STATE_MERIT,Anaesthesia,MANOJ MORWANI,3349.0,3349.0,1
Rajasthan,Rajasthan,2025,R2,STATE_MERIT,Anaesthesia,MEGHRAJBHAI PATEL,2720.0,2720.0,1
Rajasthan,Rajasthan,2025,R2,STATE_MERIT,Anaesthesia,MOHAN SINGH MEENA,2545.0,2545.0,1
Rajasthan,Rajasthan,2025,R2,STATE_MERIT,Anaesthesia,MOHAR SINGH MEENA,2343.0,2343.0,1
Rajasthan,Rajasthan,2025,R2,STATE_MERIT,Anaesthesia,MOTILAL,2587.0,2587.0,1
Rajasthan,Rajasthan,2025,R2,STATE_MERIT,Anaesthesia,MUDIT RATHORE,1258.0,1258.0,1
Rajasthan,Rajasthan,2025,R2,STATE_MERIT,Anaesthesia,MUKAND BIHARI SONI,1206.0,1206.0,1
Rajasthan,Rajasthan,2025,R2,STATE_MERIT,Anaesthesia,NARESH KUMAR,1222.0,1222.0,1
Rajasthan,Rajasthan,2025,R2,STATE_MERIT,Anaesthesia,NEERAJ SRIVASTAVA,800.0,800.0,1
Rajasthan,Rajasthan,2025,R2,STATE_MERIT,Anaesthesia,NIRANJAN BAFNA,1207.0,1207.0,1
Rajasthan,Rajasthan,2025,R2,STATE_MERIT,Anaesthesia,NIZAM QURESHI,948.0,948.0,1
Rajasthan,Rajasthan,2025,R2,STATE_MERIT,Anaesthesia,OM PRAKASH PRASAD,3751.0,3751.0,1
Rajasthan,Rajasthan,2025,R2,STATE_MERIT,Anaesthesia,PARSOTTAMDAS PATEL,3273.0,3273.0,1
Rajasthan,Rajasthan,2025,R2,STATE_MERIT,Anaesthesia,PRADEEP KUMAR GUPTA,1184.0,1184.0,1
Rajasthan,Rajasthan,2025,R2,STATE_MERIT,Anaesthesia,PRAJAPATI SURESHCHANDRA M,3730.0,3730.0,1
Rajasthan,Rajasthan,2025,R2,STATE_MERIT,Anaesthesia,PRAKASH CHAND AGARWAL,1052.0,1052.0,1
Rajasthan,Rajasthan,2025,R2,STATE_MERIT,Anaesthesia,PRASANNASINGH S DHARWAD,3302.0,3302.0,1
Rajasthan,Rajasthan,2025,R2,STATE_MERIT,Anaesthesia,PRAVEEN KUMAR GUPTA,1233.0,1233.0,1
Rajasthan,Rajasthan,2025,R2,STATE_MERIT,Anaesthesia,PREM KUMAR SHARMA,1142.0,1142.0,1
Rajasthan,Rajasthan,2025,R2,STATE_MERIT,Anaesthesia,PRITHVI SINGH,1377.0,1377.0,1
Rajasthan,Rajasthan,2025,R2,STATE_MERIT,Anaesthesia,PRIYAKANT BHARDWAJ,2931.0,2931.0,1
Rajasthan,Rajasthan,2025,R2,STATE_MERIT,Anaesthesia,PURAN MAL MEENA,1991.0,1991.0,1
Rajasthan,Rajasthan,2025,R2,STATE_MERIT,Anaesthesia,PUSHPENDRA KUMAR GOTWAL,1920.0,1920.0,1
Rajasthan,Rajasthan,2025,R2,STATE_MERIT,Anaesthesia,RADHESH KUMAR SRIVASTAVA,765.0,765.0,1
Rajasthan,Rajasthan,2025,R2,STATE_MERIT,Anaesthesia,RAHUL BHARGAVA,2788.0,2788.0,1
Rajasthan,Rajasthan,2025,R2,STATE_MERIT,Anaesthesia,RAJARAM YADAV,3593.0,3593.0,1
Rajasthan,Rajasthan,2025,R2,STATE_MERIT,Anaesthesia,RAJEEV BHARDWAJ,937.0,937.0,1
Rajasthan,Rajasthan,2025,R2,STATE_MERIT,Anaesthesia,RAJENDRA KUMAR AGARWAL,2924.0,2924.0,1
Rajasthan,Rajasthan,2025,R2,STATE_MERIT,Anaesthesia,RAJENDRA KUMAR BUNKAR,1869.0,1869.0,1
Rajasthan,Rajasthan,2025,R2,STATE_MERIT,Anaesthesia,RAJENDRA PRASAD,1765.0,1765.0,1
Rajasthan,Rajasthan,2025,R2,STATE_MERIT,Anaesthesia,RAJESH NAHAR,1131.0,1131.0,1
Rajasthan,Rajasthan,2025,R2,STATE_MERIT,Anaesthesia,RAJESH SHARMA,1178.0,1178.0,1
Rajasthan,Rajasthan,2025,R2,STATE_MERIT,Anaesthesia,RAJVEER SINGH,2582.0,2582.0,1
Rajasthan,Rajasthan,2025,R2,STATE_MERIT,Anaesthesia,RAKESH KAUSHAL,2597.0,2597.0,1
Rajasthan,Rajasthan,2025,R2,STATE_MERIT,Anaesthesia,RAM AVTAR SHARMA,1030.0,1030.0,1
Rajasthan,Rajasthan,2025,R2,STATE_MERIT,Anaesthesia,RAM PRASAD MANMYA,1093.0,1093.0,1
Rajasthan,Rajasthan,2025,R2,STATE_MERIT,Anaesthesia,RAMESH KUMAR,1608.0,1608.0,1
Rajasthan,Rajasthan,2025,R2,STATE_MERIT,Anaesthesia,RAMKISHAN,1285.0,1285.0,1
Rajasthan,Rajasthan,2025,R2,STATE_MERIT,Anaesthesia,RAMKISHAN SHARMA,1319.0,1319.0,1
Rajasthan,Rajasthan,2025,R2,STATE_MERIT,Anaesthesia,RANVEER SINGH,999.0,999.0,1
Rajasthan,Rajasthan,2025,R2,STATE_MERIT,Anaesthesia,RAVINDRA DUTT AGNIHOTRI,1463.0,1463.0,1
Rajasthan,Rajasthan,2025,R2,STATE_MERIT,Anaesthesia,RIYAZ AHMED PACHISAWALA,959.0,959.0,1
Rajasthan,Rajasthan,2025,R2,STATE_MERIT,Anaesthesia,ROHITASH KUMAR,1650.0,1650.0,1
Rajasthan,Rajasthan,2025,R2,STATE_MERIT,Anaesthesia,RUPESH CHANDEL,1054.0,1054.0,1
Rajasthan,Rajasthan,2025,R2,STATE_MERIT,Anaesthesia,SAJJAN SINGH,1112.0,1112.0,1
Rajasthan,Rajasthan,2025,R2,STATE_MERIT,Anaesthesia,SANDEEP SHARMA,2107.0,2107.0,1
Rajasthan,Rajasthan,2025,R2,STATE_MERIT,Anaesthesia,SANJAY JAIN,1071.0,1071.0,1
Rajasthan,Rajasthan,2025,R2,STATE_MERIT,Anaesthesia,SANJAY MATHUR,3163.0,3163.0,1
Rajasthan,Rajasthan,2025,R2,STATE_MERIT,Anaesthesia,SANJAY PANDYA,3413.0,3413.0,1
Rajasthan,Rajasthan,2025,R2,STATE_MERIT,Anaesthesia,SATISH CHAND AGARWAL,964.0,964.0,1
Rajasthan,Rajasthan,2025,R2,STATE_MERIT,Anaesthesia,SATISH KUMAR GAUR,1103.0,1103.0,1
Rajasthan,Rajasthan,2025,R2,STATE_MERIT,Anaesthesia,SATISH KUMAR WANCHOO,3552.0,3552.0,1
Rajasthan,Rajasthan,2025,R2,STATE_MERIT,Anaesthesia,SATISH MITTAL,1387.0,1387.0,1
Rajasthan,Rajasthan,2025,R2,STATE_MERIT,Anaesthesia,SATYA PRAKASH,3604.0,3604.0,1
Rajasthan,Rajasthan,2025,R2,STATE_MERIT,Anaesthesia,SHAILESHBHAI NANJIBHAI TALAVIYA,3012.0,3012.0,1
Rajasthan,Rajasthan,2025,R2,STATE_MERIT,Anaesthesia,SHAKTI SINGH KOTHARI,1291.0,1291.0,1
Rajasthan,Rajasthan,2025,R2,STATE_MERIT,Anaesthesia,SHAYM SUNDAR,2248.0,2248.0,1
Rajasthan,Rajasthan,2025,R2,STATE_MERIT,Anaesthesia,SHRAVAN KUMAR VISHNOI,744.0,744.0,1
Rajasthan,Rajasthan,2025,R2,STATE_MERIT,Anaesthesia,SHRI CHAND MEHRA,1562.0,1562.0,1
Rajasthan,Rajasthan,2025,R2,STATE_MERIT,Anaesthesia,SHYAM SUNDER SOLANKI,1269.0,1269.0,1
Rajasthan,Rajasthan,2025,R2,STATE_MERIT,Anaesthesia,SHYAMSUNDAR TODI,1232.0,1232.0,1
Rajasthan,Rajasthan,2025,R2,STATE_MERIT,Anaesthesia,SITARAM BAIRWA,1850.0,1850.0,1
Rajasthan,Rajasthan,2025,R2,STATE_MERIT,Anaesthesia,SITARAM PRAJAPAT,989.0,989.0,1
Rajasthan,Rajasthan,2025,R2,STATE_MERIT,Anaesthesia,SITARAM SAINI,1117.0,1117.0,1
Rajasthan,Rajasthan,2025,R2,STATE_MERIT,Anaesthesia,SOHAN LAL FALEJA,2553.0,2553.0,1
Rajasthan,Rajasthan,2025,R2,STATE_MERIT,Anaesthesia,SOLANKI,1871.0,1871.0,1
Rajasthan,Rajasthan,2025,R2,STATE_MERIT,Anaesthesia,SP JAGETIYA,1407.0,1407.0,1
Rajasthan,Rajasthan,2025,R2,STATE_MERIT,Anaesthesia,SUBHASH CHAND PALSANIYA,883.0,883.0,1
Rajasthan,Rajasthan,2025,R2,STATE_MERIT,Anaesthesia,SUDARSHAN SONI,3656.0,3656.0,1
Rajasthan,Rajasthan,2025,R2,STATE_MERIT,Anaesthesia,SURENDRA KUMAR JANAGAL,2008.0,2008.0,1
Rajasthan,Rajasthan,2025,R2,STATE_MERIT,Anaesthesia,SURENDRA NAGPAL,1284.0,1284.0,1
Rajasthan,Rajasthan,2025,R2,STATE_MERIT,Anaesthesia,SURENDRA SHARMA,3142.0,3142.0,1
Rajasthan,Rajasthan,2025,R2,STATE_MERIT,Anaesthesia,SURENDRA SINGH,2407.0,3139.0,2
Rajasthan,Rajasthan,2025,R2,STATE_MERIT,Anaesthesia,SURESH CHAND DAGDI,1155.0,1155.0,1
Rajasthan,Rajasthan,2025,R2,STATE_MERIT,Anaesthesia,SURESH HALDWANIA,1886.0,1886.0,1
Rajasthan,Rajasthan,2025,R2,STATE_MERIT,Anaesthesia,SURESH KUMAR,1737.0,1737.0,1
Rajasthan,Rajasthan,2025,R2,STATE_MERIT,Anaesthesia,SUVAGIYA SHAMBHUBHAI GANDUBHAI,2410.0,2410.0,1
Rajasthan,Rajasthan,2025,R2,STATE_MERIT,Anaesthesia,TRIVEDI DINESHCHANDRA,3180.0,3180.0,1
Rajasthan,Rajasthan,2025,R2,STATE_MERIT,Anaesthesia,UMA SHANKAR YADAV,1175.0,1175.0,1
Rajasthan,Rajasthan,2025,R2,STATE_MERIT,Anaesthesia,UPENDRA AVASTHI,3643.0,3643.0,1
Rajasthan,Rajasthan,2025,R2,STATE_MERIT,Anaesthesia,VAISHNANI PRAFULKUMAR,3078.0,3078.0,1
Rajasthan,Rajasthan,2025,R2,STATE_MERIT,Anaesthesia,VIJAY BENIWAL,3640.0,3640.0,1
Rajasthan,Rajasthan,2025,R2,STATE_MERIT,Anaesthesia,VIJAY NAGORA,1460.0,1460.0,1
Rajasthan,Rajasthan,2025,R2,STATE_MERIT,Anaesthesia,VINCENT JOSEPH,3524.0,3524.0,1
Rajasthan,Rajasthan,2025,R2,STATE_MERIT,Anaesthesia,VINOD SHARMA,772.0,772.0,1
Rajasthan,Rajasthan,2025,R2,STATE_MERIT,Anaesthesia,VIPUL GARG,2431.0,2431.0,1
Rajasthan,Rajasthan,2025,R2,STATE_MERIT,Anaesthesia,VIRENDRA AGARWAL,3060.0,3060.0,1
Rajasthan,Rajasthan,2025,R2,STATE_MERIT,Anaesthesia,VIRENDRA GUPTA,950.0,950.0,1
Rajasthan,Rajasthan,2025,R2,STATE_MERIT,Anaesthesia,YOGESH GAURISHANKAR RAVAL,3637.0,3637.0,1
Rajasthan,Rajasthan,2025,R2,STATE_MERIT,Anaesthesia,YOGESH JOHRI,2397.0,2397.0,1
Rajasthan,Rajasthan,2025,R2,STATE_MERIT,Anatomy,BABU LAL SUTHAR,3790.0,3790.0,1
Rajasthan,Rajasthan,2025,R2,STATE_MERIT,Anatomy,DHIRAJ SAXENA,2646.0,2646.0,1
Rajasthan,Rajasthan,2025,R2,STATE_MERIT,Anatomy,MAHENDRA,2513.0,2513.0,1
Rajasthan,Rajasthan,2025,R2,STATE_MERIT,Anatomy,MANGAT RAI GUPTA,3642.0,3642.0,1
Rajasthan,Rajasthan,2025,R2,STATE_MERIT,Anatomy,MAUJ PRAKASH JAIN,2881.0,2881.0,1
Rajasthan,Rajasthan,2025,R2,STATE_MERIT,Anatomy,RANVEER SINGH MEENA,3769.0,3769.0,1
Rajasthan,Rajasthan,2025,R2,STATE_MERIT,Anesthesia,RAMESH KUMAR,3086.0,3086.0,1
Rajasthan,Rajasthan,2025,R2,STATE_MERIT,Anesthesia,SITA RAM CHOUDHARY,2178.0,2178.0,1
Rajasthan,Rajasthan,2025,R2,STATE_MERIT,Biochemistry,AMAR CHAND,2845.0,2845.0,1
Rajasthan,Rajasthan,2025,R2,STATE_MERIT,Biochemistry,AMAR SINGH DHAKER,3319.0,3319.0,1
Rajasthan,Rajasthan,2025,R2,STATE_MERIT,Biochemistry,ASHOK KUMAR SHARMA,2904.0,2904.0,1
Rajasthan,Rajasthan,2025,R2,STATE_MERIT,Biochemistry,B N SIDH,3426.0,3426.0,1
Rajasthan,Rajasthan,2025,R2,STATE_MERIT,Biochemistry,BANI SINGH MEENA,3188.0,3188.0,1
Rajasthan,Rajasthan,2025,R2,STATE_MERIT,Biochemistry,CHANDAN SINGH RAO,3784.0,3784.0,1
Rajasthan,Rajasthan,2025,R2,STATE_MERIT,Biochemistry,CHANDRA PRAKASH YADAV,3666.0,3666.0,1
Rajasthan,Rajasthan,2025,R2,STATE_MERIT,Biochemistry,DAYANAND SINGH,3521.0,3521.0,1
Rajasthan,Rajasthan,2025,R2,STATE_MERIT,Biochemistry,DUNGA RAM CHOUDHARY,3384.0,3384.0,1
Rajasthan,Rajasthan,2025,R2,STATE_MERIT,Biochemistry,GOPAL LAL MEENA,3726.0,3726.0,1
Rajasthan,Rajasthan,2025,R2,STATE_MERIT,Biochemistry,HARI RAM DANGI,2349.0,2349.0,1
Rajasthan,Rajasthan,2025,R2,STATE_MERIT,Biochemistry,HUKAMRAJ MEENA,3761.0,3761.0,1
Rajasthan,Rajasthan,2025,R2,STATE_MERIT,Biochemistry,KAILASH CHAND VERMA,3639.0,3639.0,1
Rajasthan,Rajasthan,2025,R2,STATE_MERIT,Biochemistry,KEWAL CHAND,3326.0,3326.0,1
Rajasthan,Rajasthan,2025,R2,STATE_MERIT,Biochemistry,LAXMINARAYAN KUMAWAT,3076.0,3076.0,1
Rajasthan,Rajasthan,2025,R2,STATE_MERIT,Biochemistry,LIYAKAT ALI,3179.0,3179.0,1
Rajasthan,Rajasthan,2025,R2,STATE_MERIT,Biochemistry,MOTI LAL SHARMA,2473.0,2473.0,1
Rajasthan,Rajasthan,2025,R2,STATE_MERIT,Biochemistry,MUKESH SHRIMAL,3451.0,3451.0,1
Rajasthan,Rajasthan,2025,R2,STATE_MERIT,Biochemistry,OM PRAKASH NAYAK,3660.0,3660.0,1
Rajasthan,Rajasthan,2025,R2,STATE_MERIT,Biochemistry,P K TIWARI,2805.0,2805.0,1
Rajasthan,Rajasthan,2025,R2,STATE_MERIT,Biochemistry,PATALYA RAM SAINI,3797.0,3797.0,1
Rajasthan,Rajasthan,2025,R2,STATE_MERIT,Biochemistry,PRADEEP DHOLPURIA,3360.0,3360.0,1
Rajasthan,Rajasthan,2025,R2,STATE_MERIT,Biochemistry,PRAHLAD SINGH CHARAN,2911.0,2911.0,1
Rajasthan,Rajasthan,2025,R2,STATE_MERIT,Biochemistry,RAM SINGH CHOTIA,2980.0,2980.0,1
Rajasthan,Rajasthan,2025,R2,STATE_MERIT,Biochemistry,RAMLAL KUMAWAT,3084.0,3084.0,1
Rajasthan,Rajasthan,2025,R2,STATE_MERIT,Biochemistry,RAMNARAYAN,3763.0,3763.0,1
Rajasthan,Rajasthan,2025,R2,STATE_MERIT,Biochemistry,RAMROOP JATAV,3405.0,3405.0,1
Rajasthan,Rajasthan,2025,R2,STATE_MERIT,Biochemistry,RANA RAM VISHNOI,2218.0,2218.0,1
Rajasthan,Rajasthan,2025,R2,STATE_MERIT,Biochemistry,SHAKEEL AKHTAR SIDDIQUI,2578.0,2578.0,1
Rajasthan,Rajasthan,2025,R2,STATE_MERIT,Biochemistry,SHANTI LAL DAMOR,3688.0,3688.0,1
Rajasthan,Rajasthan,2025,R2,STATE_MERIT,Biochemistry,SURESH CHAND YADAV,3181.0,3181.0,1
Rajasthan,Rajasthan,2025,R2,STATE_MERIT,Biochemistry,VIKRAM SINGH,3287.0,3287.0,1
Rajasthan,Rajasthan,2025,R2,STATE_MERIT,Biochemistry,VINOD AGARWAL,2568.0,2568.0,1
Rajasthan,Rajasthan,2025,R2,STATE_MERIT,ENT,ABHINAV GUPTA,777.0,777.0,1
Rajasthan,Rajasthan,2025,R2,STATE_MERIT,ENT,ASHOK KUMAR DHAKER,472.0,472.0,1
Rajasthan,Rajasthan,2025,R2,STATE_MERIT,ENT,ASHOK SHARMA,860.0,860.0,1
Rajasthan,Rajasthan,2025,R2,STATE_MERIT,ENT,ASHOK YADAV,3734.0,3734.0,1
Rajasthan,Rajasthan,2025,R2,STATE_MERIT,ENT,BAJRANG LAL JAKHAR,1016.0,1016.0,1
Rajasthan,Rajasthan,2025,R2,STATE_MERIT,ENT,BEERBAL BUNKER,1482.0,1482.0,1
Rajasthan,Rajasthan,2025,R2,STATE_MERIT,ENT,BHOOP SHARMA,2429.0,2429.0,1
Rajasthan,Rajasthan,2025,R2,STATE_MERIT,ENT,BINOD KUMAR SINHA,3768.0,3768.0,1
Rajasthan,Rajasthan,2025,R2,STATE_MERIT,ENT,BODURAM MEENA,1810.0,1810.0,1
Rajasthan,Rajasthan,2025,R2,STATE_MERIT,ENT,DIPAK,3177.0,3177.0,1
Rajasthan,Rajasthan,2025,R2,STATE_MERIT,ENT,GAURAV WADHAWAN,3247.0,3247.0,1
Rajasthan,Rajasthan,2025,R2,STATE_MERIT,ENT,JAG MOHAN MEENA,1929.0,1929.0,1
Rajasthan,Rajasthan,2025,R2,STATE_MERIT,ENT,JAGDISH CHANDRA,1706.0,1706.0,1
Rajasthan,Rajasthan,2025,R2,STATE_MERIT,ENT,KEVAL RAM,2085.0,2085.0,1
Rajasthan,Rajasthan,2025,R2,STATE_MERIT,ENT,KRISHNA KANT SHARMA,2180.0,2180.0,1
Rajasthan,Rajasthan,2025,R2,STATE_MERIT,ENT,KUMER LAL VERMA,2203.0,2203.0,1
Rajasthan,Rajasthan,2025,R2,STATE_MERIT,ENT,LOKESH PARTANI,2116.0,2116.0,1
Rajasthan,Rajasthan,2025,R2,STATE_MERIT,ENT,MANOHAR AGRAWAL,3418.0,3418.0,1
Rajasthan,Rajasthan,2025,R2,STATE_MERIT,ENT,MOHAN LAL CHOUDHARY,2309.0,2309.0,1
Rajasthan,Rajasthan,2025,R2,STATE_MERIT,ENT,NARAYAN SINGH MEENA,2622.0,2622.0,1
Rajasthan,Rajasthan,2025,R2,STATE_MERIT,ENT,NATHU RAM THIRODA,3778.0,3778.0,1
Rajasthan,Rajasthan,2025,R2,STATE_MERIT,ENT,NAVEEN KUMAR GUPTA,3255.0,3255.0,1
Rajasthan,Rajasthan,2025,R2,STATE_MERIT,ENT,OM PRAKASH SETHI,504.0,504.0,1
Rajasthan,Rajasthan,2025,R2,STATE_MERIT,ENT,PRAHLAD SAHAY MEENA,1912.0,1912.0,1
Rajasthan,Rajasthan,2025,R2,STATE_MERIT,ENT,PRAKASH BHARUNTIA,1560.0,1560.0,1
Rajasthan,Rajasthan,2025,R2,STATE_MERIT,ENT,PRAVEEN BHARDWAJ,1914.0,1914.0,1
Rajasthan,Rajasthan,2025,R2,STATE_MERIT,ENT,PURAN MAL SHARMA,2761.0,2761.0,1
Rajasthan,Rajasthan,2025,R2,STATE_MERIT,ENT,RADHA KISHAN MEGHWAL,1326.0,1326.0,1
Rajasthan,Rajasthan,2025,R2,STATE_MERIT,ENT,RADHEYSHYAM SHARMA,526.0,526.0,1
Rajasthan,Rajasthan,2025,R2,STATE_MERIT,ENT,RAHUL BAGRA,842.0,842.0,1
Rajasthan,Rajasthan,2025,R2,STATE_MERIT,ENT,RAJ KRISHNA SHARMA,418.0,418.0,1
Rajasthan,Rajasthan,2025,R2,STATE_MERIT,ENT,RAJ KUMAR GAUTAM,1474.0,1474.0,1
Rajasthan,Rajasthan,2025,R2,STATE_MERIT,ENT,RAJENDRA KUMAR JAIN,2842.0,2842.0,1
Rajasthan,Rajasthan,2025,R2,STATE_MERIT,ENT,RAJENDRA SALVI,1338.0,1338.0,1
Rajasthan,Rajasthan,2025,R2,STATE_MERIT,ENT,RAKESH GUPTA,2433.0,2433.0,1
Rajasthan,Rajasthan,2025,R2,STATE_MERIT,ENT,RAKESH KUMAR KIRORIWAL,1123.0,1123.0,1
Rajasthan,Rajasthan,2025,R2,STATE_MERIT,ENT,RAM KUMAR KATARA,2510.0,2510.0,1
Rajasthan,Rajasthan,2025,R2,STATE_MERIT,ENT,RAMESH KUMAR AGARWAL,759.0,759.0,1
Rajasthan,Rajasthan,2025,R2,STATE_MERIT,ENT,RAMESHWAR LAL GADHWAL,2588.0,2588.0,1
Rajasthan,Rajasthan,2025,R2,STATE_MERIT,ENT,RAMGOPAL SEVALIYA,1335.0,1335.0,1
Rajasthan,Rajasthan,2025,R2,STATE_MERIT,ENT,RAMKARAN,1479.0,1479.0,1
Rajasthan,Rajasthan,2025,R2,STATE_MERIT,ENT,RAVI NENAWATI,3504.0,3504.0,1
Rajasthan,Rajasthan,2025,R2,STATE_MERIT,ENT,ROHIT CHAWLA,3079.0,3079.0,1
Rajasthan,Rajasthan,2025,R2,STATE_MERIT,ENT,ROSHAN ALI MULTANI,723.0,723.0,1
Rajasthan,Rajasthan,2025,R2,STATE_MERIT,ENT,SHAMBHU PRASAD,3815.0,3815.0,1
Rajasthan,Rajasthan,2025,R2,STATE_MERIT,ENT,SITA RAM,626.0,626.0,1
Rajasthan,Rajasthan,2025,R2,STATE_MERIT,ENT,SUBHASH CHANDRA SHARMA,788.0,788.0,1
Rajasthan,Rajasthan,2025,R2,STATE_MERIT,ENT,SUGAN RAM GAUR,1558.0,1558.0,1
Rajasthan,Rajasthan,2025,R2,STATE_MERIT,ENT,SUKHA RAM,2283.0,2283.0,1
Rajasthan,Rajasthan,2025,R2,STATE_MERIT,ENT,VIJAY KUMAR SHARMA,1804.0,1804.0,1
Rajasthan,Rajasthan,2025,R2,STATE_MERIT,ENT,VIJENDRA SINGH,756.0,756.0,1
Rajasthan,Rajasthan,2025,R2,STATE_MERIT,Emergency Medicine,GANESH RAM VERMA,1467.0,1467.0,1
Rajasthan,Rajasthan,2025,R2,STATE_MERIT,Emergency Medicine,GOPI CHAND SHARMA,1313.0,1313.0,1
Rajasthan,Rajasthan,2025,R2,STATE_MERIT,Emergency Medicine,HARISH KUMAR GARG,1718.0,1718.0,1
Rajasthan,Rajasthan,2025,R2,STATE_MERIT,Emergency Medicine,HEERA LAL,1993.0,1993.0,1
Rajasthan,Rajasthan,2025,R2,STATE_MERIT,Emergency Medicine,INDRA KUMAR AGARWAL,2623.0,2623.0,1
Rajasthan,Rajasthan,2025,R2,STATE_MERIT,Emergency Medicine,KAMAL GUPTA,673.0,673.0,1
Rajasthan,Rajasthan,2025,R2,STATE_MERIT,Emergency Medicine,KRISHAN SINGH,671.0,671.0,1
Rajasthan,Rajasthan,2025,R2,STATE_MERIT,Emergency Medicine,MADAN LAL DEORA,542.0,542.0,1
Rajasthan,Rajasthan,2025,R2,STATE_MERIT,Emergency Medicine,MEHBOOB ANSARI,3708.0,3708.0,1
Rajasthan,Rajasthan,2025,R2,STATE_MERIT,Emergency Medicine,PARVEEN LALL,1673.0,1673.0,1
Rajasthan,Rajasthan,2025,R2,STATE_MERIT,Emergency Medicine,PRATAP BHARDWAJ,3547.0,3547.0,1
Rajasthan,Rajasthan,2025,R2,STATE_MERIT,Emergency Medicine,PYARE LAL CHOUDHARY,3752.0,3752.0,1
Rajasthan,Rajasthan,2025,R2,STATE_MERIT,Emergency Medicine,RAJENDRA PRAKASH GUPTA,802.0,802.0,1
Rajasthan,Rajasthan,2025,R2,STATE_MERIT,Emergency Medicine,RAJESH BHARGAVA,1768.0,1768.0,1
Rajasthan,Rajasthan,2025,R2,STATE_MERIT,Emergency Medicine,RAM JI LAL SHARMA,737.0,737.0,1
Rajasthan,Rajasthan,2025,R2,STATE_MERIT,Emergency Medicine,RAMESHWAR DAYAL GOYAL,3108.0,3108.0,1
Rajasthan,Rajasthan,2025,R2,STATE_MERIT,Emergency Medicine,RAVI SHANKER SHARMA,3429.0,3429.0,1
Rajasthan,Rajasthan,2025,R2,STATE_MERIT,Emergency Medicine,SHIVKUMAR KUSHWAHA,3467.0,3467.0,1
Rajasthan,Rajasthan,2025,R2,STATE_MERIT,Emergency Medicine,SOHAN LAL JAT,627.0,627.0,1
Rajasthan,Rajasthan,2025,R2,STATE_MERIT,Emergency Medicine,SUBHASH BABURAO WAGH,3196.0,3196.0,1
Rajasthan,Rajasthan,2025,R2,STATE_MERIT,Emergency Medicine,SUSHIL,3410.0,3410.0,1
Rajasthan,Rajasthan,2025,R2,STATE_MERIT,Family Medicine,DHARM RAJ,3233.0,3233.0,1
Rajasthan,Rajasthan,2025,R2,STATE_MERIT,Family Medicine,LALU RAM YADAV,2134.0,2134.0,1
Rajasthan,Rajasthan,2025,R2,STATE_MERIT,Family Medicine,MAHESH KUMAR,1236.0,1236.0,1
Rajasthan,Rajasthan,2025,R2,STATE_MERIT,Family Medicine,MOHAMMAD ISHA,2574.0,2574.0,1
Rajasthan,Rajasthan,2025,R2,STATE_MERIT,Family Medicine,PRAMOD KUMAR GUPTA,858.0,858.0,1
Rajasthan,Rajasthan,2025,R2,STATE_MERIT,Family Medicine,RAM KUMAR CHEJARA,1958.0,1958.0,1
Rajasthan,Rajasthan,2025,R2,STATE_MERIT,Family Medicine,RAMAKISHAN JAKHAR,2125.0,2125.0,1
Rajasthan,Rajasthan,2025,R2,STATE_MERIT,Family Medicine,SHANTI LAL AMETA,1831.0,1831.0,1
Rajasthan,Rajasthan,2025,R2,STATE_MERIT,Family Medicine,SHYAM BABU YOGI,2395.0,2395.0,1
Rajasthan,Rajasthan,2025,R2,STATE_MERIT,Forensic Medicine,AMBIKA PRASAD PAREEK,1671.0,1671.0,1
Rajasthan,Rajasthan,2025,R2,STATE_MERIT,Forensic Medicine,DEVJI MEENA,3787.0,3787.0,1
Rajasthan,Rajasthan,2025,R2,STATE_MERIT,Forensic Medicine,GHANSHYAM BAIRWA,2490.0,2490.0,1
Rajasthan,Rajasthan,2025,R2,STATE_MERIT,Forensic Medicine,GIRVER SINGH,3111.0,3111.0,1
Rajasthan,Rajasthan,2025,R2,STATE_MERIT,Forensic Medicine,HANUMAN RAM,1159.0,1159.0,1
Rajasthan,Rajasthan,2025,R2,STATE_MERIT,Forensic Medicine,KANTILAL KALAL,2171.0,2171.0,1
Rajasthan,Rajasthan,2025,R2,STATE_MERIT,Forensic Medicine,LAXMAN MEENA,3367.0,3367.0,1
Rajasthan,Rajasthan,2025,R2,STATE_MERIT,Forensic Medicine,MANU ROAT,3624.0,3624.0,1
Rajasthan,Rajasthan,2025,R2,STATE_MERIT,Forensic Medicine,MUKH RAM,3694.0,3694.0,1
Rajasthan,Rajasthan,2025,R2,STATE_MERIT,Forensic Medicine,NATHU LAL SHARMA,1865.0,1865.0,1
Rajasthan,Rajasthan,2025,R2,STATE_MERIT,Forensic Medicine,RAJVEER YADAV,1745.0,1745.0,1
Rajasthan,Rajasthan,2025,R2,STATE_MERIT,Forensic Medicine,RAKESH KUMAR,1334.0,1334.0,1
Rajasthan,Rajasthan,2025,R2,STATE_MERIT,Forensic Medicine,RAMESHWAR LAL,1521.0,1521.0,1
Rajasthan,Rajasthan,2025,R2,STATE_MERIT,Forensic Medicine,RAMKISHAN MEHRA,2922.0,2922.0,1
Rajasthan,Rajasthan,2025,R2,STATE_MERIT,Forensic Medicine,RAMPRASAD SHARMA,1614.0,1614.0,1
Rajasthan,Rajasthan,2025,R2,STATE_MERIT,Forensic Medicine,SHIV KUMAR PATEER,3134.0,3134.0,1
Rajasthan,Rajasthan,2025,R2,STATE_MERIT,Forensic Medicine,SHYAM LAL SHARMA,1638.0,1638.0,1
Rajasthan,Rajasthan,2025,R2,STATE_MERIT,Forensic Medicine,SUKHPAL BHAGORA,2828.0,2828.0,1
Rajasthan,Rajasthan,2025,R2,STATE_MERIT,Forensic Medicine,SURESH CHANDRA JAIN,2826.0,2826.0,1
Rajasthan,Rajasthan,2025,R2,STATE_MERIT,Forensic Medicine,VIJAY SINGH MEENA,2861.0,2861.0,1
Rajasthan,Rajasthan,2025,R2,STATE_MERIT,General Medicine,AKBAR ALI,101.0,101.0,1
Rajasthan,Rajasthan,2025,R2,STATE_MERIT,General Medicine,ANIL CHANEJA,243.0,243.0,1
Rajasthan,Rajasthan,2025,R2,STATE_MERIT,General Medicine,ANIL KHANDELWAL,1833.0,1833.0,1
Rajasthan,Rajasthan,2025,R2,STATE_MERIT,General Medicine,ANIL SHARMA,1271.0,1271.0,1
Rajasthan,Rajasthan,2025,R2,STATE_MERIT,General Medicine,ANIL VISHNOI,1750.0,1750.0,1
Rajasthan,Rajasthan,2025,R2,STATE_MERIT,General Medicine,ANSAR MOHAMMED,80.0,80.0,1
Rajasthan,Rajasthan,2025,R2,STATE_MERIT,General Medicine,ARUN SHARMA,2228.0,2228.0,1
Rajasthan,Rajasthan,2025,R2,STATE_MERIT,General Medicine,ASHISHKUMAR AGRAVAT,3811.0,3811.0,1
Rajasthan,Rajasthan,2025,R2,STATE_MERIT,General Medicine,ASHOK BANSHIWAL,701.0,701.0,1
Rajasthan,Rajasthan,2025,R2,STATE_MERIT,General Medicine,ASHOK SINGH,3335.0,3335.0,1
Rajasthan,Rajasthan,2025,R2,STATE_MERIT,General Medicine,AVNESH MATHUR,137.0,137.0,1
Rajasthan,Rajasthan,2025,R2,STATE_MERIT,General Medicine,BABU LAL,116.0,116.0,1
Rajasthan,Rajasthan,2025,R2,STATE_MERIT,General Medicine,BABUBHAI NARSHIBHAI KATHIRIA,3042.0,3042.0,1
Rajasthan,Rajasthan,2025,R2,STATE_MERIT,General Medicine,BHADAURIA SHIVPRATAP SINGH,3376.0,3376.0,1
Rajasthan,Rajasthan,2025,R2,STATE_MERIT,General Medicine,BHAVA RAM,3662.0,3662.0,1
Rajasthan,Rajasthan,2025,R2,STATE_MERIT,General Medicine,BIRDEE CHAND JAJORIYA,435.0,435.0,1
Rajasthan,Rajasthan,2025,R2,STATE_MERIT,General Medicine,CHANDRA RAM,13.0,13.0,1
Rajasthan,Rajasthan,2025,R2,STATE_MERIT,General Medicine,CHOTHMAL GURJAR,522.0,522.0,1
Rajasthan,Rajasthan,2025,R2,STATE_MERIT,General Medicine,DAMMA RAM,86.0,86.0,1
Rajasthan,Rajasthan,2025,R2,STATE_MERIT,General Medicine,DAN SINGH,63.0,63.0,1
Rajasthan,Rajasthan,2025,R2,STATE_MERIT,General Medicine,DAULAT SINGH KAVIA,40.0,40.0,1
Rajasthan,Rajasthan,2025,R2,STATE_MERIT,General Medicine,DAYANAND PANDIT,76.0,76.0,1
Rajasthan,Rajasthan,2025,R2,STATE_MERIT,General Medicine,DEEPAK MAHAJAN,2451.0,2451.0,1
Rajasthan,Rajasthan,2025,R2,STATE_MERIT,General Medicine,DEVA RAM SHIVRAN,2148.0,2148.0,1
Rajasthan,Rajasthan,2025,R2,STATE_MERIT,General Medicine,DHARM RAJ MEENA,3695.0,3695.0,1
Rajasthan,Rajasthan,2025,R2,STATE_MERIT,General Medicine,DHARMENDRA BHARDWAJ,1999.0,1999.0,1
Rajasthan,Rajasthan,2025,R2,STATE_MERIT,General Medicine,DHEERAJ VERMA,2464.0,2464.0,1
Rajasthan,Rajasthan,2025,R2,STATE_MERIT,General Medicine,DILIPBHAI KARSHANBHAI PATEL,3040.0,3040.0,1
Rajasthan,Rajasthan,2025,R2,STATE_MERIT,General Medicine,DINESH PARKER,3301.0,3301.0,1
Rajasthan,Rajasthan,2025,R2,STATE_MERIT,General Medicine,DODIYA MANSINHBHAI RAMBHAI,1813.0,1813.0,1
Rajasthan,Rajasthan,2025,R2,STATE_MERIT,General Medicine,FASIHUDDIN QURESHI,3710.0,3710.0,1
Rajasthan,Rajasthan,2025,R2,STATE_MERIT,General Medicine,GIRDHARI LAL SHARMA,74.0,74.0,1
Rajasthan,Rajasthan,2025,R2,STATE_MERIT,General Medicine,GOPAL ARYA,90.0,90.0,1
Rajasthan,Rajasthan,2025,R2,STATE_MERIT,General Medicine,GOPALBHAI KHIMJIBHAI THESIYA,1952.0,1952.0,1
Rajasthan,Rajasthan,2025,R2,STATE_MERIT,General Medicine,GOPILAL,29.0,29.0,1
Rajasthan,Rajasthan,2025,R2,STATE_MERIT,General Medicine,GOVIND GUPTA,3321.0,3321.0,1
Rajasthan,Rajasthan,2025,R2,STATE_MERIT,General Medicine,HAKIM SINGH RAWAT,130.0,130.0,1
Rajasthan,Rajasthan,2025,R2,STATE_MERIT,General Medicine,HANUMAN SAHAYA RAWAL,205.0,205.0,1
Rajasthan,Rajasthan,2025,R2,STATE_MERIT,General Medicine,HANUMAN SINGH,36.0,36.0,1
Rajasthan,Rajasthan,2025,R2,STATE_MERIT,General Medicine,HARI RAM,2608.0,2608.0,1
Rajasthan,Rajasthan,2025,R2,STATE_MERIT,General Medicine,HARIKESH MEENA,805.0,805.0,1
Rajasthan,Rajasthan,2025,R2,STATE_MERIT,General Medicine,HARIRAM MAHAWAR,556.0,556.0,1
Rajasthan,Rajasthan,2025,R2,STATE_MERIT,General Medicine,HEMANK PANDYA,161.0,161.0,1
Rajasthan,Rajasthan,2025,R2,STATE_MERIT,General Medicine,HEMRAJ BANETHIWAL,637.0,637.0,1
Rajasthan,Rajasthan,2025,R2,STATE_MERIT,General Medicine,HITESHKUMAR,2596.0,2596.0,1
Rajasthan,Rajasthan,2025,R2,STATE_MERIT,General Medicine,HITESHKUMAR LEKHARAJ SHAH,3403.0,3403.0,1
Rajasthan,Rajasthan,2025,R2,STATE_MERIT,General Medicine,JAGDISH CHANDRA BISHNOI,17.0,17.0,1
Rajasthan,Rajasthan,2025,R2,STATE_MERIT,General Medicine,JAGDISH PRASAD CHOHALA,324.0,324.0,1
Rajasthan,Rajasthan,2025,R2,STATE_MERIT,General Medicine,JAIPAL SINGH CHAUHAN,2573.0,2573.0,1
Rajasthan,Rajasthan,2025,R2,STATE_MERIT,General Medicine,JEEVAN SINGH MEHTA,1814.0,1814.0,1
Rajasthan,Rajasthan,2025,R2,STATE_MERIT,General Medicine,JETHANAND LACHHWANI,1547.0,1547.0,1
Rajasthan,Rajasthan,2025,R2,STATE_MERIT,General Medicine,JHOOMAR RAM,2233.0,2233.0,1
Rajasthan,Rajasthan,2025,R2,STATE_MERIT,General Medicine,JUGLAL SINGH,1161.0,1161.0,1
Rajasthan,Rajasthan,2025,R2,STATE_MERIT,General Medicine,KAILASH CHAND RUNDLA,3692.0,3692.0,1
Rajasthan,Rajasthan,2025,R2,STATE_MERIT,General Medicine,KAILASH CHANDRA,442.0,442.0,1
Rajasthan,Rajasthan,2025,R2,STATE_MERIT,General Medicine,KAILASH RAM BANA,104.0,104.0,1
Rajasthan,Rajasthan,2025,R2,STATE_MERIT,General Medicine,KAMLESH KUMAR SHARMA,1910.0,1910.0,1
Rajasthan,Rajasthan,2025,R2,STATE_MERIT,General Medicine,KANTI LAL PATEL,1998.0,1998.0,1
Rajasthan,Rajasthan,2025,R2,STATE_MERIT,General Medicine,KAUNR SINGH DHILLON,2399.0,2399.0,1
Rajasthan,Rajasthan,2025,R2,STATE_MERIT,General Medicine,KAVINDRA,3346.0,3346.0,1
Rajasthan,Rajasthan,2025,R2,STATE_MERIT,General Medicine,KHUMARAM CHOUDHARY,83.0,83.0,1
Rajasthan,Rajasthan,2025,R2,STATE_MERIT,General Medicine,KISHAN FATEHLAL SHAH,2099.0,2099.0,1
Rajasthan,Rajasthan,2025,R2,STATE_MERIT,General Medicine,KISHAN LAL BISHNOI,100.0,100.0,1
Rajasthan,Rajasthan,2025,R2,STATE_MERIT,General Medicine,KISHANALAL,45.0,45.0,1
Rajasthan,Rajasthan,2025,R2,STATE_MERIT,General Medicine,KRISHAN KUMAR MEENA,1008.0,1008.0,1
Rajasthan,Rajasthan,2025,R2,STATE_MERIT,General Medicine,LADU RAM GURJAR,425.0,425.0,1
Rajasthan,Rajasthan,2025,R2,STATE_MERIT,General Medicine,LAL CHAND GURJAR,506.0,506.0,1
Rajasthan,Rajasthan,2025,R2,STATE_MERIT,General Medicine,LAXMAN RAJ SURESHA,3431.0,3431.0,1
Rajasthan,Rajasthan,2025,R2,STATE_MERIT,General Medicine,LAXMAN RAM MODASIA,532.0,532.0,1
Rajasthan,Rajasthan,2025,R2,STATE_MERIT,General Medicine,LAXMINARAYAN YADAV,2762.0,2762.0,1
Rajasthan,Rajasthan,2025,R2,STATE_MERIT,General Medicine,LOKESH JINDAL,2485.0,2485.0,1
Rajasthan,Rajasthan,2025,R2,STATE_MERIT,General Medicine,MADAN MOHAN GUPTA,190.0,190.0,1
Rajasthan,Rajasthan,2025,R2,STATE_MERIT,General Medicine,MAHAVEER SINGH CHOUDHARY,109.0,109.0,1
Rajasthan,Rajasthan,2025,R2,STATE_MERIT,General Medicine,MAHENDRA SINGH GURJAR,270.0,270.0,1
Rajasthan,Rajasthan,2025,R2,STATE_MERIT,General Medicine,MAHESH CHANDRA SONI,94.0,94.0,1
Rajasthan,Rajasthan,2025,R2,STATE_MERIT,General Medicine,MALI RAM NEHRA,89.0,89.0,1
Rajasthan,Rajasthan,2025,R2,STATE_MERIT,General Medicine,MAN SINGH,538.0,538.0,1
Rajasthan,Rajasthan,2025,R2,STATE_MERIT,General Medicine,MANGI LAL,85.0,85.0,1
Rajasthan,Rajasthan,2025,R2,STATE_MERIT,General Medicine,MANISH GUPTA,3067.0,3067.0,1
Rajasthan,Rajasthan,2025,R2,STATE_MERIT,General Medicine,MANOJ SONI,3323.0,3323.0,1
Rajasthan,Rajasthan,2025,R2,STATE_MERIT,General Medicine,MITESH MIDDHA,189.0,189.0,1
Rajasthan,Rajasthan,2025,R2,STATE_MERIT,General Medicine,MOHAMMED ASLAM MANSOORI,2654.0,2654.0,1
Rajasthan,Rajasthan,2025,R2,STATE_MERIT,General Medicine,MOHAMMED IQBAL,199.0,199.0,1
Rajasthan,Rajasthan,2025,R2,STATE_MERIT,General Medicine,MOHAN LAL,38.0,47.0,3
Rajasthan,Rajasthan,2025,R2,STATE_MERIT,General Medicine,MOHAN LAL VERMA,718.0,718.0,1
Rajasthan,Rajasthan,2025,R2,STATE_MERIT,General Medicine,MOHAN SINGH,555.0,555.0,1
Rajasthan,Rajasthan,2025,R2,STATE_MERIT,General Medicine,MOOLCHAND BURANIYA,53.0,53.0,1
Rajasthan,Rajasthan,2025,R2,STATE_MERIT,General Medicine,MORPAL BAIRWA,780.0,780.0,1
Rajasthan,Rajasthan,2025,R2,STATE_MERIT,General Medicine,NANCHU LAL SHARMA,105.0,105.0,1
Rajasthan,Rajasthan,2025,R2,STATE_MERIT,General Medicine,NARESH KUMAR JAIN,11.0,11.0,1
Rajasthan,Rajasthan,2025,R2,STATE_MERIT,General Medicine,NARESH KUMAR KHANNA,2843.0,2843.0,1
Rajasthan,Rajasthan,2025,R2,STATE_MERIT,General Medicine,NAROTTAM SINGH BRAHMI,535.0,535.0,1
Rajasthan,Rajasthan,2025,R2,STATE_MERIT,General Medicine,NAVEEN KUMAR,2894.0,2894.0,1
Rajasthan,Rajasthan,2025,R2,STATE_MERIT,General Medicine,NAVPARKASH SINGH,2426.0,2426.0,1
Rajasthan,Rajasthan,2025,R2,STATE_MERIT,General Medicine,NAWA RAM,386.0,386.0,1
Rajasthan,Rajasthan,2025,R2,STATE_MERIT,General Medicine,OM SETHIYA,2057.0,2057.0,1
Rajasthan,Rajasthan,2025,R2,STATE_MERIT,General Medicine,OZA BHARAT RAMESHCHANDRA,2617.0,2617.0,1
Rajasthan,Rajasthan,2025,R2,STATE_MERIT,General Medicine,PANCHA RAM,55.0,55.0,1
Rajasthan,Rajasthan,2025,R2,STATE_MERIT,General Medicine,PAPPU SINGH,110.0,110.0,1
Rajasthan,Rajasthan,2025,R2,STATE_MERIT,General Medicine,PARAMA NAND DEVANDA,64.0,64.0,1
Rajasthan,Rajasthan,2025,R2,STATE_MERIT,General Medicine,PATEL PARESHBHAI,1963.0,1963.0,1
Rajasthan,Rajasthan,2025,R2,STATE_MERIT,General Medicine,PAWAN KUMAR JAT,1883.0,1883.0,1
Rajasthan,Rajasthan,2025,R2,STATE_MERIT,General Medicine,PAWAN TRIVEDI,2405.0,2405.0,1
Rajasthan,Rajasthan,2025,R2,STATE_MERIT,General Medicine,PEEYUSH GYANI,1699.0,1699.0,1
Rajasthan,Rajasthan,2025,R2,STATE_MERIT,General Medicine,PRADEEP KR AGARWAL,1766.0,1766.0,1
Rajasthan,Rajasthan,2025,R2,STATE_MERIT,General Medicine,PRADEEPKUMAR DUDHREJIA,2907.0,2907.0,1
Rajasthan,Rajasthan,2025,R2,STATE_MERIT,General Medicine,PRAKASH CHAND,2204.0,2204.0,1
Rajasthan,Rajasthan,2025,R2,STATE_MERIT,General Medicine,PRAMOD KUMAR,196.0,196.0,1
Rajasthan,Rajasthan,2025,R2,STATE_MERIT,General Medicine,PRASHANT YASHWANT GUJAR,2507.0,2507.0,1
Rajasthan,Rajasthan,2025,R2,STATE_MERIT,General Medicine,PRATAP SINGH NAYAK,1386.0,1386.0,1
Rajasthan,Rajasthan,2025,R2,STATE_MERIT,General Medicine,PRAVEEN KUMAR AGRAWAL,280.0,280.0,1
Rajasthan,Rajasthan,2025,R2,STATE_MERIT,General Medicine,RADHEY SHYAM GUPTA,3118.0,3118.0,1
Rajasthan,Rajasthan,2025,R2,STATE_MERIT,General Medicine,RAJENDRA DEORA,2763.0,2763.0,1
Rajasthan,Rajasthan,2025,R2,STATE_MERIT,General Medicine,RAJENDRA KUMAR YADAV,95.0,95.0,1
Rajasthan,Rajasthan,2025,R2,STATE_MERIT,General Medicine,RAJESH CHOUDHARY,1836.0,1836.0,1
Rajasthan,Rajasthan,2025,R2,STATE_MERIT,General Medicine,RAJESH MISHRA,3567.0,3567.0,1
Rajasthan,Rajasthan,2025,R2,STATE_MERIT,General Medicine,RAJESH SARDANA,2565.0,2565.0,1
Rajasthan,Rajasthan,2025,R2,STATE_MERIT,General Medicine,RAJKUMAR AGGARWAL,2709.0,2709.0,1
Rajasthan,Rajasthan,2025,R2,STATE_MERIT,General Medicine,RAJNISH KUMAR,3279.0,3279.0,1
Rajasthan,Rajasthan,2025,R2,STATE_MERIT,General Medicine,RAJUDDEEN KHAN,59.0,59.0,1
Rajasthan,Rajasthan,2025,R2,STATE_MERIT,General Medicine,RAJVEER YADAV,84.0,84.0,1
Rajasthan,Rajasthan,2025,R2,STATE_MERIT,General Medicine,RAM DAYAL YADAV,25.0,25.0,1
Rajasthan,Rajasthan,2025,R2,STATE_MERIT,General Medicine,RAM KHILADI MEENA,1023.0,1023.0,1
Rajasthan,Rajasthan,2025,R2,STATE_MERIT,General Medicine,RAM LAL,657.0,657.0,1
Rajasthan,Rajasthan,2025,R2,STATE_MERIT,General Medicine,RAM NARAYAN KUMAWAT,91.0,91.0,1
Rajasthan,Rajasthan,2025,R2,STATE_MERIT,General Medicine,RAM PRATAP SARWA,606.0,606.0,1
Rajasthan,Rajasthan,2025,R2,STATE_MERIT,General Medicine,RAMCHANDRA,2662.0,2662.0,1
Rajasthan,Rajasthan,2025,R2,STATE_MERIT,General Medicine,RAMDAYAL YADAV,140.0,140.0,1
Rajasthan,Rajasthan,2025,R2,STATE_MERIT,General Medicine,RAMDEV SINGH BAJYA,9.0,9.0,1
Rajasthan,Rajasthan,2025,R2,STATE_MERIT,General Medicine,RAMDHAN YADAV,2511.0,2511.0,1
Rajasthan,Rajasthan,2025,R2,STATE_MERIT,General Medicine,RAMESH CHAND SHARMA,152.0,152.0,1
Rajasthan,Rajasthan,2025,R2,STATE_MERIT,General Medicine,RAMESH CHANDRA KATARA,1306.0,1306.0,1
Rajasthan,Rajasthan,2025,R2,STATE_MERIT,General Medicine,RAMESHWARJI DAYAL,757.0,757.0,1
Rajasthan,Rajasthan,2025,R2,STATE_MERIT,General Medicine,RAMSAHAI MINA,512.0,512.0,1
Rajasthan,Rajasthan,2025,R2,STATE_MERIT,General Medicine,RATAN SINGH PANWAR,35.0,35.0,1
Rajasthan,Rajasthan,2025,R2,STATE_MERIT,General Medicine,RISHIPAL,3690.0,3690.0,1
Rajasthan,Rajasthan,2025,R2,STATE_MERIT,General Medicine,ROHITASHWA GODARA,103.0,103.0,1
Rajasthan,Rajasthan,2025,R2,STATE_MERIT,General Medicine,ROOPA RAM,58.0,102.0,2
Rajasthan,Rajasthan,2025,R2,STATE_MERIT,General Medicine,S K NAGRANI,3390.0,3390.0,1
Rajasthan,Rajasthan,2025,R2,STATE_MERIT,General Medicine,SANJAY KHAROLIWAL,2508.0,2508.0,1
Rajasthan,Rajasthan,2025,R2,STATE_MERIT,General Medicine,SANJAY MATHUR,3477.0,3477.0,1
Rajasthan,Rajasthan,2025,R2,STATE_MERIT,General Medicine,SANJAY TAYAL,1841.0,1841.0,1
Rajasthan,Rajasthan,2025,R2,STATE_MERIT,General Medicine,SANJEEV,2033.0,2033.0,1
Rajasthan,Rajasthan,2025,R2,STATE_MERIT,General Medicine,SANWAR MAL JANGIR,56.0,56.0,1
Rajasthan,Rajasthan,2025,R2,STATE_MERIT,General Medicine,SANWAR MAL PAREEK,123.0,123.0,1
Rajasthan,Rajasthan,2025,R2,STATE_MERIT,General Medicine,SATBEER SINGH,70.0,70.0,1
Rajasthan,Rajasthan,2025,R2,STATE_MERIT,General Medicine,SATISH KUMAR,3719.0,3719.0,1
Rajasthan,Rajasthan,2025,R2,STATE_MERIT,General Medicine,SHAMBHU DAYAL SHARMA,218.0,218.0,1
Rajasthan,Rajasthan,2025,R2,STATE_MERIT,General Medicine,SHIV DAYAL SAINI,112.0,112.0,1
Rajasthan,Rajasthan,2025,R2,STATE_MERIT,General Medicine,SHIV KUMAR MAURYA,724.0,724.0,1
Rajasthan,Rajasthan,2025,R2,STATE_MERIT,General Medicine,SHIV RAM CHOUDHARY,16.0,16.0,1
Rajasthan,Rajasthan,2025,R2,STATE_MERIT,General Medicine,SHIVSHANKAR SHARMA,72.0,72.0,1
Rajasthan,Rajasthan,2025,R2,STATE_MERIT,General Medicine,SITA RAM SAINI,34.0,34.0,1
Rajasthan,Rajasthan,2025,R2,STATE_MERIT,General Medicine,SOHAN LAL MEENA,272.0,272.0,1
Rajasthan,Rajasthan,2025,R2,STATE_MERIT,General Medicine,SOHANLAL JAT,3825.0,3825.0,1
Rajasthan,Rajasthan,2025,R2,STATE_MERIT,General Medicine,SONPAL,600.0,600.0,1
Rajasthan,Rajasthan,2025,R2,STATE_MERIT,General Medicine,SUBHASH CHANDRA AGRAWAL,77.0,77.0,1
Rajasthan,Rajasthan,2025,R2,STATE_MERIT,General Medicine,SUNIL DAWAR,3125.0,3125.0,1
Rajasthan,Rajasthan,2025,R2,STATE_MERIT,General Medicine,SUNIL KUMAR JAIN,219.0,219.0,1
Rajasthan,Rajasthan,2025,R2,STATE_MERIT,General Medicine,SURENDER KUMAR,3720.0,3720.0,1
Rajasthan,Rajasthan,2025,R2,STATE_MERIT,General Medicine,SURENDRA DUDI,198.0,198.0,1
Rajasthan,Rajasthan,2025,R2,STATE_MERIT,General Medicine,SUSHEEL KUMAR UPADHYAYA,44.0,44.0,1
Rajasthan,Rajasthan,2025,R2,STATE_MERIT,General Medicine,SUSHIL KUMAR,2460.0,2460.0,1
Rajasthan,Rajasthan,2025,R2,STATE_MERIT,General Medicine,SUSHIL KUMAR SHARMA,2514.0,2514.0,1
Rajasthan,Rajasthan,2025,R2,STATE_MERIT,General Medicine,TARA CHAND SHASTRI,167.0,167.0,1
Rajasthan,Rajasthan,2025,R2,STATE_MERIT,General Medicine,UDHAY SHANKAR,2046.0,2046.0,1
Rajasthan,Rajasthan,2025,R2,STATE_MERIT,General Medicine,VANABHAI MANABHAI RAJPUT,2019.0,2019.0,1
Rajasthan,Rajasthan,2025,R2,STATE_MERIT,General Medicine,VED PRAKASH,120.0,120.0,1
Rajasthan,Rajasthan,2025,R2,STATE_MERIT,General Medicine,VIJAY SHARMA,3226.0,3226.0,1
Rajasthan,Rajasthan,2025,R2,STATE_MERIT,General Medicine,VIJAYKUMAR MANIBHAI PATEL,1754.0,1754.0,1
Rajasthan,Rajasthan,2025,R2,STATE_MERIT,General Medicine,VIMAL KUMAR AGRAWAL,165.0,165.0,1
Rajasthan,Rajasthan,2025,R2,STATE_MERIT,General Medicine,VINOD KUMAR SARSWAT,61.0,61.0,1
Rajasthan,Rajasthan,2025,R2,STATE_MERIT,General Medicine,VIRENDER,2745.0,2745.0,1
Rajasthan,Rajasthan,2025,R2,STATE_MERIT,General Medicine,VISHNU SHARMA,124.0,124.0,1
Rajasthan,Rajasthan,2025,R2,STATE_MERIT,General Surgery,AJIT SINGH,166.0,166.0,1
Rajasthan,Rajasthan,2025,R2,STATE_MERIT,General Surgery,AJITPAL SINGH,340.0,340.0,1
Rajasthan,Rajasthan,2025,R2,STATE_MERIT,General Surgery,ALPESHBHAI,2411.0,2411.0,1
Rajasthan,Rajasthan,2025,R2,STATE_MERIT,General Surgery,ASHOK KUMAR SHARMA,2441.0,2441.0,1
Rajasthan,Rajasthan,2025,R2,STATE_MERIT,General Surgery,ASHURAM SUTHAR,647.0,647.0,1
Rajasthan,Rajasthan,2025,R2,STATE_MERIT,General Surgery,ASLAM CHOWDHARY,3782.0,3782.0,1
Rajasthan,Rajasthan,2025,R2,STATE_MERIT,General Surgery,BANWARI LAL BAGRI,2117.0,2117.0,1
Rajasthan,Rajasthan,2025,R2,STATE_MERIT,General Surgery,BHARATBHAI,2979.0,2979.0,1
Rajasthan,Rajasthan,2025,R2,STATE_MERIT,General Surgery,BHUPENDRAKUMAR BABULAL RAVAL,3298.0,3298.0,1
Rajasthan,Rajasthan,2025,R2,STATE_MERIT,General Surgery,BIRBAL RAM,1431.0,1431.0,1
Rajasthan,Rajasthan,2025,R2,STATE_MERIT,General Surgery,CHAUDHARI GOVABHAI LAVJIBHAI,3178.0,3178.0,1
Rajasthan,Rajasthan,2025,R2,STATE_MERIT,General Surgery,CHETAN SINGH,656.0,656.0,1
Rajasthan,Rajasthan,2025,R2,STATE_MERIT,General Surgery,DAMODAR SHARMA,424.0,424.0,1
Rajasthan,Rajasthan,2025,R2,STATE_MERIT,General Surgery,DEEPAK BUGALIA,413.0,413.0,1
Rajasthan,Rajasthan,2025,R2,STATE_MERIT,General Surgery,DILEEP SINGH,3160.0,3160.0,1
Rajasthan,Rajasthan,2025,R2,STATE_MERIT,General Surgery,DILIP KUMAR VYAS,3645.0,3645.0,1
Rajasthan,Rajasthan,2025,R2,STATE_MERIT,General Surgery,DINESH CHANDRA GUPTA,469.0,469.0,1
Rajasthan,Rajasthan,2025,R2,STATE_MERIT,General Surgery,DINESH KUMAR,1339.0,1339.0,1
Rajasthan,Rajasthan,2025,R2,STATE_MERIT,General Surgery,DINESH KUMAR AGRAWAL,235.0,235.0,1
Rajasthan,Rajasthan,2025,R2,STATE_MERIT,General Surgery,DINESH PANKAJ,3497.0,3497.0,1
Rajasthan,Rajasthan,2025,R2,STATE_MERIT,General Surgery,GAHILOT PADAMAKAR DIGAMBARRAO,3110.0,3110.0,1
Rajasthan,Rajasthan,2025,R2,STATE_MERIT,General Surgery,GAUTAM LAL KHARADI,2577.0,2577.0,1
Rajasthan,Rajasthan,2025,R2,STATE_MERIT,General Surgery,GIRJASHANKAR NAGAR,629.0,629.0,1
Rajasthan,Rajasthan,2025,R2,STATE_MERIT,General Surgery,GOPAL KRISHAN TAK,448.0,448.0,1
Rajasthan,Rajasthan,2025,R2,STATE_MERIT,General Surgery,GORDHAN DAS ACHARYA,443.0,443.0,1
Rajasthan,Rajasthan,2025,R2,STATE_MERIT,General Surgery,GYAN SINGH,3009.0,3009.0,1
Rajasthan,Rajasthan,2025,R2,STATE_MERIT,General Surgery,HANUMAN CHOUDHARY,598.0,598.0,1
Rajasthan,Rajasthan,2025,R2,STATE_MERIT,General Surgery,HANUMAN RAM BISHNOI,882.0,882.0,1
Rajasthan,Rajasthan,2025,R2,STATE_MERIT,General Surgery,HANUMAN SHAY MEENA,1496.0,1496.0,1
Rajasthan,Rajasthan,2025,R2,STATE_MERIT,General Surgery,HARCHAND VISHNOI,699.0,699.0,1
Rajasthan,Rajasthan,2025,R2,STATE_MERIT,General Surgery,HARESH DAVE,345.0,345.0,1
Rajasthan,Rajasthan,2025,R2,STATE_MERIT,General Surgery,HARI MOHAN MEHTA,713.0,713.0,1
Rajasthan,Rajasthan,2025,R2,STATE_MERIT,General Surgery,HARIKISHAN MATWA,594.0,594.0,1
Rajasthan,Rajasthan,2025,R2,STATE_MERIT,General Surgery,HARIMOHAN SHARMA,493.0,493.0,1
Rajasthan,Rajasthan,2025,R2,STATE_MERIT,General Surgery,HAVA GORNA,2628.0,2628.0,1
Rajasthan,Rajasthan,2025,R2,STATE_MERIT,General Surgery,HAVJEE KHADIYA,2497.0,2497.0,1
Rajasthan,Rajasthan,2025,R2,STATE_MERIT,General Surgery,HEERA LAL KALAL,907.0,907.0,1
Rajasthan,Rajasthan,2025,R2,STATE_MERIT,General Surgery,HEMANT KUMAR CHULET,576.0,576.0,1
Rajasthan,Rajasthan,2025,R2,STATE_MERIT,General Surgery,HERMA NARESHBHAI VALLABHBHAI,3387.0,3387.0,1
Rajasthan,Rajasthan,2025,R2,STATE_MERIT,General Surgery,HETRAM,803.0,803.0,1
Rajasthan,Rajasthan,2025,R2,STATE_MERIT,General Surgery,JAIPRAKASH MAHESHWARI,118.0,118.0,1
Rajasthan,Rajasthan,2025,R2,STATE_MERIT,General Surgery,JAMEEL KAZMI,951.0,951.0,1
Rajasthan,Rajasthan,2025,R2,STATE_MERIT,General Surgery,JAVRI LAL,299.0,299.0,1
Rajasthan,Rajasthan,2025,R2,STATE_MERIT,General Surgery,KAMAL SINGH,691.0,691.0,1
Rajasthan,Rajasthan,2025,R2,STATE_MERIT,General Surgery,KHUSHI RAM KHATRI,409.0,409.0,1
Rajasthan,Rajasthan,2025,R2,STATE_MERIT,General Surgery,KIRITBHAI SHANKARBHAI CHAUDHARY,3520.0,3520.0,1
Rajasthan,Rajasthan,2025,R2,STATE_MERIT,General Surgery,KRISHAN GOPAL TOTLA,682.0,682.0,1
Rajasthan,Rajasthan,2025,R2,STATE_MERIT,General Surgery,LADU GURJAR,2683.0,2683.0,1
Rajasthan,Rajasthan,2025,R2,STATE_MERIT,General Surgery,LEKHRAJ,3103.0,3103.0,1
Rajasthan,Rajasthan,2025,R2,STATE_MERIT,General Surgery,LILADHAR SHARMA,367.0,367.0,1
Rajasthan,Rajasthan,2025,R2,STATE_MERIT,General Surgery,MADAN LAL BAIRWA,1504.0,1504.0,1
Rajasthan,Rajasthan,2025,R2,STATE_MERIT,General Surgery,MAHAVEER SAHARAN,704.0,704.0,1
Rajasthan,Rajasthan,2025,R2,STATE_MERIT,General Surgery,MAHENDRA CHAUDHARY,2712.0,2712.0,1
Rajasthan,Rajasthan,2025,R2,STATE_MERIT,General Surgery,MAHESH KUMAR GUPTA,840.0,840.0,1
Rajasthan,Rajasthan,2025,R2,STATE_MERIT,General Surgery,MANOJ KUMAR AGRAWAL,236.0,236.0,1
Rajasthan,Rajasthan,2025,R2,STATE_MERIT,General Surgery,MANOJ KUMAR MAHESHWARI,922.0,922.0,1
Rajasthan,Rajasthan,2025,R2,STATE_MERIT,General Surgery,MANSINGH GEHLOT,344.0,344.0,1
Rajasthan,Rajasthan,2025,R2,STATE_MERIT,General Surgery,MUKESH GAUR,546.0,546.0,1
Rajasthan,Rajasthan,2025,R2,STATE_MERIT,General Surgery,MUKESH KUMAR,430.0,430.0,1
Rajasthan,Rajasthan,2025,R2,STATE_MERIT,General Surgery,N C POONIA,3308.0,3308.0,1
Rajasthan,Rajasthan,2025,R2,STATE_MERIT,General Surgery,NARENDRA KUMAR GUPTA,577.0,577.0,1
Rajasthan,Rajasthan,2025,R2,STATE_MERIT,General Surgery,NARESH BANSAL,748.0,748.0,1
Rajasthan,Rajasthan,2025,R2,STATE_MERIT,General Surgery,NAVINBHAI CHAUDHARY,3260.0,3260.0,1
Rajasthan,Rajasthan,2025,R2,STATE_MERIT,General Surgery,NEERAJ VYAS,371.0,371.0,1
Rajasthan,Rajasthan,2025,R2,STATE_MERIT,General Surgery,OMPRAKASH SHARMA,692.0,692.0,1
Rajasthan,Rajasthan,2025,R2,STATE_MERIT,General Surgery,PANKAJKUMAR,3689.0,3689.0,1
Rajasthan,Rajasthan,2025,R2,STATE_MERIT,General Surgery,PARESHBHAI J. PATEL,3087.0,3087.0,1
Rajasthan,Rajasthan,2025,R2,STATE_MERIT,General Surgery,PATEL NAESIBHAI RUPAJI,2890.0,2890.0,1
Rajasthan,Rajasthan,2025,R2,STATE_MERIT,General Surgery,PAWAN BANSAL,645.0,645.0,1
Rajasthan,Rajasthan,2025,R2,STATE_MERIT,General Surgery,PRADEEP KUMAR AGARWAL,3427.0,3427.0,1
Rajasthan,Rajasthan,2025,R2,STATE_MERIT,General Surgery,PRAMOD ALAGHARU,3128.0,3128.0,1
Rajasthan,Rajasthan,2025,R2,STATE_MERIT,General Surgery,PUSHPADATTA VYAS,2793.0,2793.0,1
Rajasthan,Rajasthan,2025,R2,STATE_MERIT,General Surgery,RAJEEV GUPTA,2461.0,2461.0,1
Rajasthan,Rajasthan,2025,R2,STATE_MERIT,General Surgery,RAJEEV VAID,3140.0,3140.0,1
Rajasthan,Rajasthan,2025,R2,STATE_MERIT,General Surgery,RAJENDRA BAMANIA,2034.0,2034.0,1
Rajasthan,Rajasthan,2025,R2,STATE_MERIT,General Surgery,RAJENDRA KUMAR SHARMA,578.0,578.0,1
Rajasthan,Rajasthan,2025,R2,STATE_MERIT,General Surgery,RAJENDRA PRASAD DHAKED,608.0,608.0,1
Rajasthan,Rajasthan,2025,R2,STATE_MERIT,General Surgery,RAJENDRABHAI R PATEL,3277.0,3277.0,1
Rajasthan,Rajasthan,2025,R2,STATE_MERIT,General Surgery,RAJESH BINDAL,3514.0,3514.0,1
Rajasthan,Rajasthan,2025,R2,STATE_MERIT,General Surgery,RAJESH KUMAR DEVATWAL,1172.0,1172.0,1
Rajasthan,Rajasthan,2025,R2,STATE_MERIT,General Surgery,RAJESH KUMAR DUBEY,3526.0,3526.0,1
Rajasthan,Rajasthan,2025,R2,STATE_MERIT,General Surgery,RAJESH NATANI,707.0,707.0,1
Rajasthan,Rajasthan,2025,R2,STATE_MERIT,General Surgery,RAJESH RATHORE,503.0,503.0,1
Rajasthan,Rajasthan,2025,R2,STATE_MERIT,General Surgery,RAJESH TRIVEDI,3339.0,3339.0,1
Rajasthan,Rajasthan,2025,R2,STATE_MERIT,General Surgery,RAKESH KASWAN,2870.0,2870.0,1
Rajasthan,Rajasthan,2025,R2,STATE_MERIT,General Surgery,RAMBHAI BHIMBHAI PANCHALIYA,3785.0,3785.0,1
Rajasthan,Rajasthan,2025,R2,STATE_MERIT,General Surgery,RAMCHANDRA LEGHA,698.0,698.0,1
Rajasthan,Rajasthan,2025,R2,STATE_MERIT,General Surgery,RAMKESH MEENA,1715.0,1715.0,1
Rajasthan,Rajasthan,2025,R2,STATE_MERIT,General Surgery,RAMPRASAD YADAV,3152.0,3152.0,1
Rajasthan,Rajasthan,2025,R2,STATE_MERIT,General Surgery,RAMSWAROOP SAHU,3823.0,3823.0,1
Rajasthan,Rajasthan,2025,R2,STATE_MERIT,General Surgery,RANVEER SINGH CHOUDHARY,341.0,341.0,1
Rajasthan,Rajasthan,2025,R2,STATE_MERIT,General Surgery,RAVI DHARAMWANI,277.0,277.0,1
Rajasthan,Rajasthan,2025,R2,STATE_MERIT,General Surgery,RAVI DUTT YADAV,1680.0,1680.0,1
Rajasthan,Rajasthan,2025,R2,STATE_MERIT,General Surgery,RISHI MOHAN YADAV,563.0,563.0,1
Rajasthan,Rajasthan,2025,R2,STATE_MERIT,General Surgery,SACHENDRA KUMAR SHRIVASTAVA,596.0,596.0,1
Rajasthan,Rajasthan,2025,R2,STATE_MERIT,General Surgery,SAJJAN SINGH,373.0,373.0,1
Rajasthan,Rajasthan,2025,R2,STATE_MERIT,General Surgery,SAMARAM CHOUDHARY,722.0,722.0,1
Rajasthan,Rajasthan,2025,R2,STATE_MERIT,General Surgery,SANJAY KUMAR AGARWAL,402.0,402.0,1
Rajasthan,Rajasthan,2025,R2,STATE_MERIT,General Surgery,SATISH KUMAR,3129.0,3129.0,1
Rajasthan,Rajasthan,2025,R2,STATE_MERIT,General Surgery,SATISH RAJPUROHIT,634.0,634.0,1
Rajasthan,Rajasthan,2025,R2,STATE_MERIT,General Surgery,SHANKAR SINGH GAUR,607.0,607.0,1
Rajasthan,Rajasthan,2025,R2,STATE_MERIT,General Surgery,SHER SINGH YADAV,2212.0,2212.0,1
Rajasthan,Rajasthan,2025,R2,STATE_MERIT,General Surgery,SHRIGOPAL JANGID,562.0,562.0,1
Rajasthan,Rajasthan,2025,R2,STATE_MERIT,General Surgery,SHYOJI RAM SAMOTA,3736.0,3736.0,1
Rajasthan,Rajasthan,2025,R2,STATE_MERIT,General Surgery,SITA RAM YADAV,603.0,603.0,1
Rajasthan,Rajasthan,2025,R2,STATE_MERIT,General Surgery,SUBHASH BENIWAL,3070.0,3070.0,1
Rajasthan,Rajasthan,2025,R2,STATE_MERIT,General Surgery,SUBHASH PRAJAPAT,587.0,587.0,1
Rajasthan,Rajasthan,2025,R2,STATE_MERIT,General Surgery,SUDARSHAN SINGH,1853.0,1853.0,1
Rajasthan,Rajasthan,2025,R2,STATE_MERIT,General Surgery,SUKHDEV SINGH,3478.0,3478.0,1
Rajasthan,Rajasthan,2025,R2,STATE_MERIT,General Surgery,SUNIL KUMAR MITTAL,432.0,432.0,1
Rajasthan,Rajasthan,2025,R2,STATE_MERIT,General Surgery,SUNIL SHARMA,463.0,463.0,1
Rajasthan,Rajasthan,2025,R2,STATE_MERIT,General Surgery,SURESH KUMAR,1503.0,1503.0,1
Rajasthan,Rajasthan,2025,R2,STATE_MERIT,General Surgery,SUSHIL GARG,420.0,420.0,1
Rajasthan,Rajasthan,2025,R2,STATE_MERIT,General Surgery,VIJAY KUMAR JOSHI,2782.0,2782.0,1
Rajasthan,Rajasthan,2025,R2,STATE_MERIT,General Surgery,VIJAYBHAI OGHADBHAI BARAD,3517.0,3517.0,1
Rajasthan,Rajasthan,2025,R2,STATE_MERIT,General Surgery,VIJAYPAL CHOUDHARY,857.0,857.0,1
Rajasthan,Rajasthan,2025,R2,STATE_MERIT,General Surgery,VINOD KUMAR,496.0,1337.0,2
Rajasthan,Rajasthan,2025,R2,STATE_MERIT,General Surgery,VIRENDRA KUMAR SHARMA,717.0,717.0,1
Rajasthan,Rajasthan,2025,R2,STATE_MERIT,General Surgery,VIVEK KATIYAR,3828.0,3828.0,1
Rajasthan,Rajasthan,2025,R2,STATE_MERIT,Geriatric Medicine,MAHENDRA KUMAR JEENGAR,1145.0,1145.0,1
Rajasthan,Rajasthan,2025,R2,STATE_MERIT,Geriatric Medicine,NARAYAN LAL CHOUDHARY,178.0,178.0,1
Rajasthan,Rajasthan,2025,R2,STATE_MERIT,Hospital Administration,RAJENDER,3246.0,3246.0,1
Rajasthan,Rajasthan,2025,R2,STATE_MERIT,Hospital Administration,ROHITASHV YADAV,3564.0,3564.0,1
Rajasthan,Rajasthan,2025,R2,STATE_MERIT,Immunohaematology and Blood Transfusion,AMRIT LAL ROAT,3224.0,3224.0,1
Rajasthan,Rajasthan,2025,R2,STATE_MERIT,Immunohaematology and Blood Transfusion,ASHOK CHAND,2682.0,2682.0,1
Rajasthan,Rajasthan,2025,R2,STATE_MERIT,Immunohaematology and Blood Transfusion,CHETAN AGRAWAL,2281.0,2281.0,1
Rajasthan,Rajasthan,2025,R2,STATE_MERIT,Immunohaematology and Blood Transfusion,D R GADHVEER,2393.0,2393.0,1
Rajasthan,Rajasthan,2025,R2,STATE_MERIT,Immunohaematology and Blood Transfusion,HARI BALLABH GUPTA,1744.0,1744.0,1
Rajasthan,Rajasthan,2025,R2,STATE_MERIT,Immunohaematology and Blood Transfusion,JAI PARKESH,1775.0,1775.0,1
Rajasthan,Rajasthan,2025,R2,STATE_MERIT,Immunohaematology and Blood Transfusion,KAILASH CHAND MEENA,3109.0,3109.0,1
Rajasthan,Rajasthan,2025,R2,STATE_MERIT,Immunohaematology and Blood Transfusion,KAJOD MAL YADAV,1408.0,1408.0,1
Rajasthan,Rajasthan,2025,R2,STATE_MERIT,Immunohaematology and Blood Transfusion,KRISHAN KUMAR YADAV,1275.0,1275.0,1
Rajasthan,Rajasthan,2025,R2,STATE_MERIT,Immunohaematology and Blood Transfusion,MUKESH CHAND GUPTA,1320.0,1320.0,1
Rajasthan,Rajasthan,2025,R2,STATE_MERIT,Immunohaematology and Blood Transfusion,PARESH SAXENA,3381.0,3381.0,1
Rajasthan,Rajasthan,2025,R2,STATE_MERIT,Immunohaematology and Blood Transfusion,POONAM CHAND PATIDAR,1759.0,1759.0,1
Rajasthan,Rajasthan,2025,R2,STATE_MERIT,Immunohaematology and Blood Transfusion,RAM KARAN,1822.0,1822.0,1
Rajasthan,Rajasthan,2025,R2,STATE_MERIT,Immunohaematology and Blood Transfusion,RAMESH CHANDRA JANGID,1700.0,1700.0,1
Rajasthan,Rajasthan,2025,R2,STATE_MERIT,Immunohaematology and Blood Transfusion,SHRIBHAN SINGH,2937.0,2937.0,1
Rajasthan,Rajasthan,2025,R2,STATE_MERIT,Immunohaematology and Blood Transfusion,TARA SINGH,2956.0,2956.0,1
Rajasthan,Rajasthan,2025,R2,STATE_MERIT,Microbiology,AMARJEET SINGH,3143.0,3143.0,1
Rajasthan,Rajasthan,2025,R2,STATE_MERIT,Microbiology,AMITABH PANDIT,2111.0,2111.0,1
Rajasthan,Rajasthan,2025,R2,STATE_MERIT,Microbiology,ANIL KUMAR YADAV,2612.0,2612.0,1
Rajasthan,Rajasthan,2025,R2,STATE_MERIT,Microbiology,ASHISH KUMAR JAIN,2491.0,2491.0,1
Rajasthan,Rajasthan,2025,R2,STATE_MERIT,Microbiology,AYYUB MANSURI,2481.0,2481.0,1
Rajasthan,Rajasthan,2025,R2,STATE_MERIT,Microbiology,BABULAL BABER,3351.0,3351.0,1
Rajasthan,Rajasthan,2025,R2,STATE_MERIT,Microbiology,CHHOGA LAL PUNIYA,3569.0,3569.0,1
Rajasthan,Rajasthan,2025,R2,STATE_MERIT,Microbiology,CHHOTU LAL KALAL,2060.0,2060.0,1
Rajasthan,Rajasthan,2025,R2,STATE_MERIT,Microbiology,DAYANAND KUMAWAT,2214.0,2214.0,1
Rajasthan,Rajasthan,2025,R2,STATE_MERIT,Microbiology,GOPAL CHOUHAN,2949.0,2949.0,1
Rajasthan,Rajasthan,2025,R2,STATE_MERIT,Microbiology,HARBIR SINGH,1893.0,1893.0,1
Rajasthan,Rajasthan,2025,R2,STATE_MERIT,Microbiology,HARINARAYAN BUNKAR,2806.0,2806.0,1
Rajasthan,Rajasthan,2025,R2,STATE_MERIT,Microbiology,HEERANAND BHURANI,2967.0,2967.0,1
Rajasthan,Rajasthan,2025,R2,STATE_MERIT,Microbiology,INDER CHAND,3120.0,3120.0,1
Rajasthan,Rajasthan,2025,R2,STATE_MERIT,Microbiology,JYOTISH VASANIYA,2144.0,2144.0,1
Rajasthan,Rajasthan,2025,R2,STATE_MERIT,Microbiology,KANTI LAL MOREE,3638.0,3638.0,1
Rajasthan,Rajasthan,2025,R2,STATE_MERIT,Microbiology,KULDEEP SINGH BITHU,2170.0,2170.0,1
Rajasthan,Rajasthan,2025,R2,STATE_MERIT,Microbiology,LAXMAN SINGH,1940.0,1940.0,1
Rajasthan,Rajasthan,2025,R2,STATE_MERIT,Microbiology,LIYAKAT KHAN,2525.0,2525.0,1
Rajasthan,Rajasthan,2025,R2,STATE_MERIT,Microbiology,MAHESH CHAND SHARMA,3112.0,3112.0,1
Rajasthan,Rajasthan,2025,R2,STATE_MERIT,Microbiology,MOHAMMAD UMAR,2718.0,2718.0,1
Rajasthan,Rajasthan,2025,R2,STATE_MERIT,Microbiology,MOHAN LAL,2128.0,2128.0,1
Rajasthan,Rajasthan,2025,R2,STATE_MERIT,Microbiology,NANU LAL MEENA,3286.0,3286.0,1
Rajasthan,Rajasthan,2025,R2,STATE_MERIT,Microbiology,OM PRAKASH,3657.0,3657.0,1
Rajasthan,Rajasthan,2025,R2,STATE_MERIT,Microbiology,OMPRAKASH MAHALA,3677.0,3677.0,1
Rajasthan,Rajasthan,2025,R2,STATE_MERIT,Microbiology,PRAKASH CHAHAR,2418.0,2418.0,1
Rajasthan,Rajasthan,2025,R2,STATE_MERIT,Microbiology,PRAVEEN JAIN,1427.0,1427.0,1
Rajasthan,Rajasthan,2025,R2,STATE_MERIT,Microbiology,RAMESHWAR BAIRWA,3516.0,3516.0,1
Rajasthan,Rajasthan,2025,R2,STATE_MERIT,Microbiology,RAMNIWAS BISHNOI,2506.0,2506.0,1
Rajasthan,Rajasthan,2025,R2,STATE_MERIT,Microbiology,SOM DATT DIXIT,3135.0,3135.0,1
Rajasthan,Rajasthan,2025,R2,STATE_MERIT,Microbiology,SUGGA RAM,2996.0,2996.0,1
Rajasthan,Rajasthan,2025,R2,STATE_MERIT,Microbiology,YOGESH CHANDRA SANT,3117.0,3117.0,1
Rajasthan,Rajasthan,2025,R2,STATE_MERIT,Microbiology,YUNOOSH KHAN,2190.0,2190.0,1
Rajasthan,Rajasthan,2025,R2,STATE_MERIT,Nuclear Medicine,BABU LAL GURJAR,3215.0,3215.0,1
Rajasthan,Rajasthan,2025,R2,STATE_MERIT,Nuclear Medicine,BHALODIA HITESHKUMAR BHOVANBHAI,2208.0,2208.0,1
Rajasthan,Rajasthan,2025,R2,STATE_MERIT,Nuclear Medicine,RAMLAL PATIDAR,1529.0,1529.0,1
Rajasthan,Rajasthan,2025,R2,STATE_MERIT,Nuclear Medicine,SHIV KUMAR TANWAR,2311.0,2311.0,1
Rajasthan,Rajasthan,2025,R2,STATE_MERIT,Nuclear Medicine,SNEHAL JAGDISHBHAI SHAH,1609.0,1609.0,1
Rajasthan,Rajasthan,2025,R2,STATE_MERIT,Nuclear Medicine,VIJAY ANAND SHARMA,1713.0,1713.0,1
Rajasthan,Rajasthan,2025,R2,STATE_MERIT,Obs & Gyne,ANIL KUMAR SHRINGI,1068.0,1068.0,1
Rajasthan,Rajasthan,2025,R2,STATE_MERIT,Obs & Gyne,BANWARI LAL,1858.0,1858.0,1
Rajasthan,Rajasthan,2025,R2,STATE_MERIT,Obs & Gyne,BATTI LAL MEENA,2717.0,2717.0,1
Rajasthan,Rajasthan,2025,R2,STATE_MERIT,Obs & Gyne,BHAGIRATH MAL,1280.0,1280.0,1
Rajasthan,Rajasthan,2025,R2,STATE_MERIT,Obs & Gyne,BHAINRU RAM BHOOKHARIYA,826.0,826.0,1
Rajasthan,Rajasthan,2025,R2,STATE_MERIT,Obs & Gyne,BHANWAR LAL JANGID,1238.0,1238.0,1
Rajasthan,Rajasthan,2025,R2,STATE_MERIT,Obs & Gyne,BIRBAL SINGH,2359.0,2359.0,1
Rajasthan,Rajasthan,2025,R2,STATE_MERIT,Obs & Gyne,DHEERA CHAND SHIVRAN,1312.0,1312.0,1
Rajasthan,Rajasthan,2025,R2,STATE_MERIT,Obs & Gyne,DURGA DUTT,2260.0,2260.0,1
Rajasthan,Rajasthan,2025,R2,STATE_MERIT,Obs & Gyne,GHAMANDA RAM,1162.0,1162.0,1
Rajasthan,Rajasthan,2025,R2,STATE_MERIT,Obs & Gyne,GHASI RAM SARAN,1592.0,1592.0,1
Rajasthan,Rajasthan,2025,R2,STATE_MERIT,Obs & Gyne,HARIBHAN MEENA,3406.0,3406.0,1
Rajasthan,Rajasthan,2025,R2,STATE_MERIT,Obs & Gyne,HARPHOOL SINGH,1448.0,1448.0,1
Rajasthan,Rajasthan,2025,R2,STATE_MERIT,Obs & Gyne,KAILASH CHAND SHARMA,769.0,769.0,1
Rajasthan,Rajasthan,2025,R2,STATE_MERIT,Obs & Gyne,KUNAN JI PANCHAL,845.0,845.0,1
Rajasthan,Rajasthan,2025,R2,STATE_MERIT,Obs & Gyne,LAXMINARAYAN SAINI,1025.0,1025.0,1
Rajasthan,Rajasthan,2025,R2,STATE_MERIT,Obs & Gyne,MAGAN LAL DANTLA,3253.0,3253.0,1
Rajasthan,Rajasthan,2025,R2,STATE_MERIT,Obs & Gyne,NARAYAN RAM SONI,1494.0,1494.0,1
Rajasthan,Rajasthan,2025,R2,STATE_MERIT,Obs & Gyne,NATHULAL BORAT,3083.0,3083.0,1
Rajasthan,Rajasthan,2025,R2,STATE_MERIT,Obs & Gyne,NISHKAM CHOUDHARY,1795.0,1795.0,1
Rajasthan,Rajasthan,2025,R2,STATE_MERIT,Obs & Gyne,OM PARKASH,909.0,909.0,1
Rajasthan,Rajasthan,2025,R2,STATE_MERIT,Obs & Gyne,OM PRAKASH SHARMA,838.0,838.0,1
Rajasthan,Rajasthan,2025,R2,STATE_MERIT,Obs & Gyne,PREM CHAND JAIN,1723.0,1723.0,1
Rajasthan,Rajasthan,2025,R2,STATE_MERIT,Obs & Gyne,RAJESH BENIWAL,1394.0,1394.0,1
Rajasthan,Rajasthan,2025,R2,STATE_MERIT,Obs & Gyne,RAJESH CHOPRA,2027.0,2027.0,1
Rajasthan,Rajasthan,2025,R2,STATE_MERIT,Obs & Gyne,RAM RAKH RM,1057.0,1057.0,1
Rajasthan,Rajasthan,2025,R2,STATE_MERIT,Obs & Gyne,RAMKUMAR SINGH,863.0,863.0,1
Rajasthan,Rajasthan,2025,R2,STATE_MERIT,Obs & Gyne,RAMLAL MAHARIA,988.0,988.0,1
Rajasthan,Rajasthan,2025,R2,STATE_MERIT,Obs & Gyne,RATAN LAL MEENA,2700.0,2700.0,1
Rajasthan,Rajasthan,2025,R2,STATE_MERIT,Obs & Gyne,SHRAWAN LAL MEENA,2666.0,2666.0,1
Rajasthan,Rajasthan,2025,R2,STATE_MERIT,Obs & Gyne,SUNIL GUPTA,1215.0,1215.0,1
Rajasthan,Rajasthan,2025,R2,STATE_MERIT,Obs & Gyne,UDAISINGH DANGAR,2559.0,2559.0,1
Rajasthan,Rajasthan,2025,R2,STATE_MERIT,Obs & Gyne,UMRAO BANJARA,2294.0,2294.0,1
Rajasthan,Rajasthan,2025,R2,STATE_MERIT,Obs & Gyne,VIDHYADHAR SINGH,1224.0,1224.0,1
Rajasthan,Rajasthan,2025,R2,STATE_MERIT,Obst. & Gynaecology,ALKESH MODI,2791.0,2791.0,1
Rajasthan,Rajasthan,2025,R2,STATE_MERIT,Obst. & Gynaecology,ARUN KUMAR,108.0,108.0,1
Rajasthan,Rajasthan,2025,R2,STATE_MERIT,Obst. & Gynaecology,ASGAR QURESHI,511.0,511.0,1
Rajasthan,Rajasthan,2025,R2,STATE_MERIT,Obst. & Gynaecology,ASHA RAM ROJ,200.0,200.0,1
Rajasthan,Rajasthan,2025,R2,STATE_MERIT,Obst. & Gynaecology,ASHUTOSH YOGANANDI,712.0,712.0,1
Rajasthan,Rajasthan,2025,R2,STATE_MERIT,Obst. & Gynaecology,BABU LAL SHARMA,483.0,483.0,1
Rajasthan,Rajasthan,2025,R2,STATE_MERIT,Obst. & Gynaecology,BADRI NARAYAN MEENA,1365.0,1365.0,1
Rajasthan,Rajasthan,2025,R2,STATE_MERIT,Obst. & Gynaecology,BAHADUR SINGH,517.0,517.0,1
Rajasthan,Rajasthan,2025,R2,STATE_MERIT,Obst. & Gynaecology,BAJRANG LAL,225.0,225.0,1
Rajasthan,Rajasthan,2025,R2,STATE_MERIT,Obst. & Gynaecology,BAJRANG LAL PALIWAL,410.0,410.0,1
Rajasthan,Rajasthan,2025,R2,STATE_MERIT,Obst. & Gynaecology,BALVEER SINGH,304.0,304.0,1
Rajasthan,Rajasthan,2025,R2,STATE_MERIT,Obst. & Gynaecology,BHAGIRATH MAL REWAR,346.0,346.0,1
Rajasthan,Rajasthan,2025,R2,STATE_MERIT,Obst. & Gynaecology,BHANWAR RAYKA,1078.0,1078.0,1
Rajasthan,Rajasthan,2025,R2,STATE_MERIT,Obst. & Gynaecology,BHARAT LAL PARGI,2289.0,2289.0,1
Rajasthan,Rajasthan,2025,R2,STATE_MERIT,Obst. & Gynaecology,BHERU LAL REGAR,1336.0,1336.0,1
Rajasthan,Rajasthan,2025,R2,STATE_MERIT,Obst. & Gynaecology,CHANDRA PRAKASH SADHWANI,518.0,518.0,1
Rajasthan,Rajasthan,2025,R2,STATE_MERIT,Obst. & Gynaecology,CHAUTHMAL SAINI,536.0,536.0,1
Rajasthan,Rajasthan,2025,R2,STATE_MERIT,Obst. & Gynaecology,DALPAT SINGH RATHORE,403.0,403.0,1
Rajasthan,Rajasthan,2025,R2,STATE_MERIT,Obst. & Gynaecology,DAWARKA PRASAD,1044.0,1044.0,1
Rajasthan,Rajasthan,2025,R2,STATE_MERIT,Obst. & Gynaecology,DHAN RAJ JAT,2157.0,2157.0,1
Rajasthan,Rajasthan,2025,R2,STATE_MERIT,Obst. & Gynaecology,DILEEP SINGH,620.0,620.0,1
Rajasthan,Rajasthan,2025,R2,STATE_MERIT,Obst. & Gynaecology,DINANATH SHAH,3772.0,3772.0,1
Rajasthan,Rajasthan,2025,R2,STATE_MERIT,Obst. & Gynaecology,DINESH CHAND GUPTA,1863.0,1863.0,1
Rajasthan,Rajasthan,2025,R2,STATE_MERIT,Obst. & Gynaecology,DINESH KUMAR CHOUDHARY,2197.0,2197.0,1
Rajasthan,Rajasthan,2025,R2,STATE_MERIT,Obst. & Gynaecology,DINESH PATEL,2406.0,2406.0,1
Rajasthan,Rajasthan,2025,R2,STATE_MERIT,Obst. & Gynaecology,DINESH SINGH RATHORE,1711.0,1711.0,1
Rajasthan,Rajasthan,2025,R2,STATE_MERIT,Obst. & Gynaecology,DIPANKAR ARORA,1874.0,1874.0,1
Rajasthan,Rajasthan,2025,R2,STATE_MERIT,Obst. & Gynaecology,DOBARIYA JAYESHBHAI BHIKHABHAI,2467.0,2467.0,1
Rajasthan,Rajasthan,2025,R2,STATE_MERIT,Obst. & Gynaecology,DWARKA PRASHAD TOSHNIWAL,374.0,374.0,1
Rajasthan,Rajasthan,2025,R2,STATE_MERIT,Obst. & Gynaecology,FATEH SINGH,2280.0,2280.0,1
Rajasthan,Rajasthan,2025,R2,STATE_MERIT,Obst. & Gynaecology,FATEHLAL PATELA,2136.0,2136.0,1
Rajasthan,Rajasthan,2025,R2,STATE_MERIT,Obst. & Gynaecology,GAURANGBHAI BUCH,3167.0,3167.0,1
Rajasthan,Rajasthan,2025,R2,STATE_MERIT,Obst. & Gynaecology,GIRRAJ PAREEK,1894.0,1894.0,1
Rajasthan,Rajasthan,2025,R2,STATE_MERIT,Obst. & Gynaecology,GOKUL CHAND,391.0,391.0,1
Rajasthan,Rajasthan,2025,R2,STATE_MERIT,Obst. & Gynaecology,GOPAL NARNOLI,311.0,311.0,1
Rajasthan,Rajasthan,2025,R2,STATE_MERIT,Obst. & Gynaecology,GOPAL PRASAD,156.0,156.0,1
Rajasthan,Rajasthan,2025,R2,STATE_MERIT,Obst. & Gynaecology,GOVIND SINGH MEENA,2302.0,2302.0,1
Rajasthan,Rajasthan,2025,R2,STATE_MERIT,Obst. & Gynaecology,GS JEENAR,1878.0,1878.0,1
Rajasthan,Rajasthan,2025,R2,STATE_MERIT,Obst. & Gynaecology,HAJARI LAL,407.0,407.0,1
Rajasthan,Rajasthan,2025,R2,STATE_MERIT,Obst. & Gynaecology,HAJARI RAM,625.0,625.0,1
Rajasthan,Rajasthan,2025,R2,STATE_MERIT,Obst. & Gynaecology,HANUMAN CHOUDHARY,182.0,182.0,1
Rajasthan,Rajasthan,2025,R2,STATE_MERIT,Obst. & Gynaecology,HAR MUKESH SHARMA,622.0,622.0,1
Rajasthan,Rajasthan,2025,R2,STATE_MERIT,Obst. & Gynaecology,HAR SAHAI SHARMA,144.0,144.0,1
Rajasthan,Rajasthan,2025,R2,STATE_MERIT,Obst. & Gynaecology,HARI RAM CHOUDHARY,115.0,115.0,1
Rajasthan,Rajasthan,2025,R2,STATE_MERIT,Obst. & Gynaecology,HARPHOOL JAT,231.0,231.0,1
Rajasthan,Rajasthan,2025,R2,STATE_MERIT,Obst. & Gynaecology,HEMRAJ CHECHI,3822.0,3822.0,1
Rajasthan,Rajasthan,2025,R2,STATE_MERIT,Obst. & Gynaecology,INDERJEET SINGLA,817.0,817.0,1
Rajasthan,Rajasthan,2025,R2,STATE_MERIT,Obst. & Gynaecology,JAGAT PRAKASH GAUR,423.0,423.0,1
Rajasthan,Rajasthan,2025,R2,STATE_MERIT,Obst. & Gynaecology,JAGDISH BISHNOI,314.0,314.0,1
Rajasthan,Rajasthan,2025,R2,STATE_MERIT,Obst. & Gynaecology,JAI KARAN ASHIA,240.0,240.0,1
Rajasthan,Rajasthan,2025,R2,STATE_MERIT,Obst. & Gynaecology,JAI KISHAN MAHESHWARI,348.0,348.0,1
Rajasthan,Rajasthan,2025,R2,STATE_MERIT,Obst. & Gynaecology,JAI PRAKASH SINGH,3775.0,3775.0,1
Rajasthan,Rajasthan,2025,R2,STATE_MERIT,Obst. & Gynaecology,JAI SINGH RAJPUROHIT,488.0,488.0,1
Rajasthan,Rajasthan,2025,R2,STATE_MERIT,Obst. & Gynaecology,JITENDER SINGH,3234.0,3234.0,1
Rajasthan,Rajasthan,2025,R2,STATE_MERIT,Obst. & Gynaecology,JITENDRA KUMAR,2446.0,2446.0,1
Rajasthan,Rajasthan,2025,R2,STATE_MERIT,Obst. & Gynaecology,JIVAJI KATARA,2475.0,2475.0,1
Rajasthan,Rajasthan,2025,R2,STATE_MERIT,Obst. & Gynaecology,KAILASH KUMAR MEENA,2430.0,2430.0,1
Rajasthan,Rajasthan,2025,R2,STATE_MERIT,Obst. & Gynaecology,KALATHIYA KANUBHAI PREMJIBHAI,2850.0,2850.0,1
Rajasthan,Rajasthan,2025,R2,STATE_MERIT,Obst. & Gynaecology,KAMLESH VERMA,1203.0,1203.0,1
Rajasthan,Rajasthan,2025,R2,STATE_MERIT,Obst. & Gynaecology,KARMASHIBHAI,2122.0,2122.0,1
Rajasthan,Rajasthan,2025,R2,STATE_MERIT,Obst. & Gynaecology,KARTAR SINGH,1698.0,1698.0,1
Rajasthan,Rajasthan,2025,R2,STATE_MERIT,Obst. & Gynaecology,KIRIT SOBTI,2538.0,2538.0,1
Rajasthan,Rajasthan,2025,R2,STATE_MERIT,Obst. & Gynaecology,KISHNA RAM,69.0,69.0,1
Rajasthan,Rajasthan,2025,R2,STATE_MERIT,Obst. & Gynaecology,KRISHAN KUMAR,3609.0,3609.0,1
Rajasthan,Rajasthan,2025,R2,STATE_MERIT,Obst. & Gynaecology,KRISHAN MURARI JANGIR,65.0,65.0,1
Rajasthan,Rajasthan,2025,R2,STATE_MERIT,Obst. & Gynaecology,LIYAKAT ALI,197.0,197.0,1
Rajasthan,Rajasthan,2025,R2,STATE_MERIT,Obst. & Gynaecology,MADAN LAL RANWA,87.0,87.0,1
Rajasthan,Rajasthan,2025,R2,STATE_MERIT,Obst. & Gynaecology,MAHENDRA SINGH,475.0,475.0,1
Rajasthan,Rajasthan,2025,R2,STATE_MERIT,Obst. & Gynaecology,MAHESH KADEL,1842.0,1842.0,1
Rajasthan,Rajasthan,2025,R2,STATE_MERIT,Obst. & Gynaecology,MAHESH KUMAR GUPTA,3119.0,3119.0,1
Rajasthan,Rajasthan,2025,R2,STATE_MERIT,Obst. & Gynaecology,MANGAL CHAND CHOPRA,471.0,471.0,1
Rajasthan,Rajasthan,2025,R2,STATE_MERIT,Obst. & Gynaecology,MANISH,1070.0,1070.0,1
Rajasthan,Rajasthan,2025,R2,STATE_MERIT,Obst. & Gynaecology,MANISH KUMAR UPADHYAY,419.0,419.0,1
Rajasthan,Rajasthan,2025,R2,STATE_MERIT,Obst. & Gynaecology,MANOJ KUMAR YADAV,168.0,168.0,1
Rajasthan,Rajasthan,2025,R2,STATE_MERIT,Obst. & Gynaecology,MEERCHAND,1204.0,1204.0,1
Rajasthan,Rajasthan,2025,R2,STATE_MERIT,Obst. & Gynaecology,MEHRAM,3713.0,3713.0,1
Rajasthan,Rajasthan,2025,R2,STATE_MERIT,Obst. & Gynaecology,MOHAN LAL,2149.0,2149.0,1
Rajasthan,Rajasthan,2025,R2,STATE_MERIT,Obst. & Gynaecology,MOHANLAL CHANANA,2371.0,2371.0,1
Rajasthan,Rajasthan,2025,R2,STATE_MERIT,Obst. & Gynaecology,MOHD ISHAQUE DEVERA,290.0,290.0,1
Rajasthan,Rajasthan,2025,R2,STATE_MERIT,Obst. & Gynaecology,MOOLCHAND BURANIYA,68.0,68.0,1
Rajasthan,Rajasthan,2025,R2,STATE_MERIT,Obst. & Gynaecology,MOTI RAM,42.0,42.0,1
Rajasthan,Rajasthan,2025,R2,STATE_MERIT,Obst. & Gynaecology,MUKESH KUMAR SHARMA,3081.0,3081.0,1
Rajasthan,Rajasthan,2025,R2,STATE_MERIT,Obst. & Gynaecology,MUSTANSIR BOHRA,387.0,387.0,1
Rajasthan,Rajasthan,2025,R2,STATE_MERIT,Obst. & Gynaecology,NALIN JOSHI,2928.0,2928.0,1
Rajasthan,Rajasthan,2025,R2,STATE_MERIT,Obst. & Gynaecology,NAND KISHORE,2992.0,2992.0,1
Rajasthan,Rajasthan,2025,R2,STATE_MERIT,Obst. & Gynaecology,NANDLAL MEENA,1514.0,1514.0,1
Rajasthan,Rajasthan,2025,R2,STATE_MERIT,Obst. & Gynaecology,NARAYAN DAS ARORA,639.0,639.0,1
Rajasthan,Rajasthan,2025,R2,STATE_MERIT,Obst. & Gynaecology,NARENDRA GARG,480.0,480.0,1
Rajasthan,Rajasthan,2025,R2,STATE_MERIT,Obst. & Gynaecology,NARENDRA KUMAR GUPTA,256.0,256.0,1
Rajasthan,Rajasthan,2025,R2,STATE_MERIT,Obst. & Gynaecology,NARENDRA SINGH PADWAL,3592.0,3592.0,1
Rajasthan,Rajasthan,2025,R2,STATE_MERIT,Obst. & Gynaecology,NARESH KUMAR RAIYA,1270.0,1270.0,1
Rajasthan,Rajasthan,2025,R2,STATE_MERIT,Obst. & Gynaecology,NEMI CHAND,1299.0,1299.0,1
Rajasthan,Rajasthan,2025,R2,STATE_MERIT,Obst. & Gynaecology,OM PRAKASH BUNKAR,1268.0,1268.0,1
Rajasthan,Rajasthan,2025,R2,STATE_MERIT,Obst. & Gynaecology,OM PRAKASH KHATIK,1277.0,1277.0,1
Rajasthan,Rajasthan,2025,R2,STATE_MERIT,Obst. & Gynaecology,ONKAR SINGH RATHORE,361.0,361.0,1
Rajasthan,Rajasthan,2025,R2,STATE_MERIT,Obst. & Gynaecology,PAHALVAN SINGH MEENA,1573.0,1573.0,1
Rajasthan,Rajasthan,2025,R2,STATE_MERIT,Obst. & Gynaecology,PATEL JAGDISHBHAI AMRUTLAL,2207.0,2207.0,1
Rajasthan,Rajasthan,2025,R2,STATE_MERIT,Obst. & Gynaecology,PAWAN PRAKASH GOYAL,383.0,383.0,1
Rajasthan,Rajasthan,2025,R2,STATE_MERIT,Obst. & Gynaecology,PERUMAL CHOUHAN,3411.0,3411.0,1
Rajasthan,Rajasthan,2025,R2,STATE_MERIT,Obst. & Gynaecology,PRABHU DAYAL JAT,3641.0,3641.0,1
Rajasthan,Rajasthan,2025,R2,STATE_MERIT,Obst. & Gynaecology,PRAHLAD MEENA,1249.0,1249.0,1
Rajasthan,Rajasthan,2025,R2,STATE_MERIT,Obst. & Gynaecology,PRAMOD DADRI,309.0,309.0,1
Rajasthan,Rajasthan,2025,R2,STATE_MERIT,Obst. & Gynaecology,PRAVEEN KUMAR,459.0,459.0,1
Rajasthan,Rajasthan,2025,R2,STATE_MERIT,Obst. & Gynaecology,PURA RAM GODARA,211.0,211.0,1
Rajasthan,Rajasthan,2025,R2,STATE_MERIT,Obst. & Gynaecology,PURSHOTAM ARYA,3709.0,3709.0,1
Rajasthan,Rajasthan,2025,R2,STATE_MERIT,Obst. & Gynaecology,R R PRAJAPAT,117.0,117.0,1
Rajasthan,Rajasthan,2025,R2,STATE_MERIT,Obst. & Gynaecology,RADHEY SHYAM RAJORIA,148.0,148.0,1
Rajasthan,Rajasthan,2025,R2,STATE_MERIT,Obst. & Gynaecology,RAHIS AHMAD KHAN,192.0,192.0,1
Rajasthan,Rajasthan,2025,R2,STATE_MERIT,Obst. & Gynaecology,RAJ KAPOOR MEENA,1539.0,1539.0,1
Rajasthan,Rajasthan,2025,R2,STATE_MERIT,Obst. & Gynaecology,RAJ KUMAR,3261.0,3261.0,1
Rajasthan,Rajasthan,2025,R2,STATE_MERIT,Obst. & Gynaecology,RAJA RAM,398.0,398.0,1
Rajasthan,Rajasthan,2025,R2,STATE_MERIT,Obst. & Gynaecology,RAJENDRA PRASAD,457.0,457.0,1
Rajasthan,Rajasthan,2025,R2,STATE_MERIT,Obst. & Gynaecology,RAJESH KUMAR SHARMA,369.0,369.0,1
Rajasthan,Rajasthan,2025,R2,STATE_MERIT,Obst. & Gynaecology,RAJESH SINGH,3063.0,3063.0,1
Rajasthan,Rajasthan,2025,R2,STATE_MERIT,Obst. & Gynaecology,RAJESH TULI,2896.0,2896.0,1
Rajasthan,Rajasthan,2025,R2,STATE_MERIT,Obst. & Gynaecology,RAJU RAM,52.0,52.0,1
Rajasthan,Rajasthan,2025,R2,STATE_MERIT,Obst. & Gynaecology,RAM KUMAR SHARMA,2887.0,2887.0,1
Rajasthan,Rajasthan,2025,R2,STATE_MERIT,Obst. & Gynaecology,RAMDHAN SIWACH,2173.0,2173.0,1
Rajasthan,Rajasthan,2025,R2,STATE_MERIT,Obst. & Gynaecology,RAMESH KUMAR VYAS,365.0,365.0,1
Rajasthan,Rajasthan,2025,R2,STATE_MERIT,Obst. & Gynaecology,RAMESH RAKANI,1004.0,1004.0,1
Rajasthan,Rajasthan,2025,R2,STATE_MERIT,Obst. & Gynaecology,RAMSINGH YADAV,78.0,78.0,1
Rajasthan,Rajasthan,2025,R2,STATE_MERIT,Obst. & Gynaecology,RANDHEER YADAV,273.0,273.0,1
Rajasthan,Rajasthan,2025,R2,STATE_MERIT,Obst. & Gynaecology,RAVINDRA KUMAR YADAV,2692.0,2692.0,1
Rajasthan,Rajasthan,2025,R2,STATE_MERIT,Obst. & Gynaecology,REWANTI LAL,502.0,502.0,1
Rajasthan,Rajasthan,2025,R2,STATE_MERIT,Obst. & Gynaecology,SANJEEV KUMAR,3295.0,3295.0,1
Rajasthan,Rajasthan,2025,R2,STATE_MERIT,Obst. & Gynaecology,SANTOSH KUMAR BAGELA,3303.0,3303.0,1
Rajasthan,Rajasthan,2025,R2,STATE_MERIT,Obst. & Gynaecology,SANWAL RAM JAT,221.0,221.0,1
Rajasthan,Rajasthan,2025,R2,STATE_MERIT,Obst. & Gynaecology,SATISHBHAI,2055.0,2055.0,1
Rajasthan,Rajasthan,2025,R2,STATE_MERIT,Obst. & Gynaecology,SATYABRATA SHARMA,1647.0,1647.0,1
Rajasthan,Rajasthan,2025,R2,STATE_MERIT,Obst. & Gynaecology,SHARMA ARUN MOHANLAL,3113.0,3113.0,1
Rajasthan,Rajasthan,2025,R2,STATE_MERIT,Obst. & Gynaecology,SHEESHRAM YADAV,79.0,79.0,1
Rajasthan,Rajasthan,2025,R2,STATE_MERIT,Obst. & Gynaecology,SHISHUPAL SHARMA,513.0,513.0,1
Rajasthan,Rajasthan,2025,R2,STATE_MERIT,Obst. & Gynaecology,SHIV LAL BISHNOI,509.0,509.0,1
Rajasthan,Rajasthan,2025,R2,STATE_MERIT,Obst. & Gynaecology,SOBHAGIA KUMAR SHARMA,384.0,384.0,1
Rajasthan,Rajasthan,2025,R2,STATE_MERIT,Obst. & Gynaecology,SUBHASH CHANDRA SONI,301.0,301.0,1
Rajasthan,Rajasthan,2025,R2,STATE_MERIT,Obst. & Gynaecology,SUBHKARAN SINGH,477.0,477.0,1
Rajasthan,Rajasthan,2025,R2,STATE_MERIT,Obst. & Gynaecology,SUDHIR KHANDELWAL,317.0,317.0,1
Rajasthan,Rajasthan,2025,R2,STATE_MERIT,Obst. & Gynaecology,SURESH MEENA,1128.0,1128.0,1
Rajasthan,Rajasthan,2025,R2,STATE_MERIT,Obst. & Gynaecology,SUSHIL PANWAR,877.0,877.0,1
Rajasthan,Rajasthan,2025,R2,STATE_MERIT,Obst. & Gynaecology,TARUN PATHAK,3546.0,3546.0,1
Rajasthan,Rajasthan,2025,R2,STATE_MERIT,Obst. & Gynaecology,UMESH CHAND SHARMA,295.0,295.0,1
Rajasthan,Rajasthan,2025,R2,STATE_MERIT,Obst. & Gynaecology,VINOD GOUTAM,2152.0,2152.0,1
Rajasthan,Rajasthan,2025,R2,STATE_MERIT,Obst. & Gynaecology,VINOD KUMAR CHOUDHARY,298.0,298.0,1
Rajasthan,Rajasthan,2025,R2,STATE_MERIT,Obst. & Gynaecology,VISHAL VERMA,2616.0,2616.0,1
Rajasthan,Rajasthan,2025,R2,STATE_MERIT,Obst. & Gynaecology,YUDHISHTHIR NINAMA,1847.0,1847.0,1
Rajasthan,Rajasthan,2025,R2,STATE_MERIT,Ophthalmology,AKSHAY SINGH CHAUHAN,649.0,649.0,1
Rajasthan,Rajasthan,2025,R2,STATE_MERIT,Ophthalmology,ANOOP VARMA,2804.0,2804.0,1
Rajasthan,Rajasthan,2025,R2,STATE_MERIT,Ophthalmology,ANSHUL GUPTA,2847.0,2847.0,1
Rajasthan,Rajasthan,2025,R2,STATE_MERIT,Ophthalmology,ARJUN RAM MEHRIYA,3278.0,3278.0,1
Rajasthan,Rajasthan,2025,R2,STATE_MERIT,Ophthalmology,ASHOK KUMAR,2905.0,2905.0,1
Rajasthan,Rajasthan,2025,R2,STATE_MERIT,Ophthalmology,BALKISHAN MODI,543.0,543.0,1
Rajasthan,Rajasthan,2025,R2,STATE_MERIT,Ophthalmology,BHANWAR SINGH,1981.0,1981.0,1
Rajasthan,Rajasthan,2025,R2,STATE_MERIT,Ophthalmology,BRIJESH KUMAR SHARMA,447.0,447.0,1
Rajasthan,Rajasthan,2025,R2,STATE_MERIT,Ophthalmology,BUDHA RAM BISHNOI,2296.0,2296.0,1
Rajasthan,Rajasthan,2025,R2,STATE_MERIT,Ophthalmology,CHHITAR MAL YADAV,318.0,318.0,1
Rajasthan,Rajasthan,2025,R2,STATE_MERIT,Ophthalmology,DAYARAM KEDIA,445.0,445.0,1
Rajasthan,Rajasthan,2025,R2,STATE_MERIT,Ophthalmology,DURGA PRASAD PRAJAPAT,605.0,605.0,1
Rajasthan,Rajasthan,2025,R2,STATE_MERIT,Ophthalmology,GURUDAYAL SINGH,643.0,643.0,1
Rajasthan,Rajasthan,2025,R2,STATE_MERIT,Ophthalmology,HARI SINGH KHEDAR,2482.0,2482.0,1
Rajasthan,Rajasthan,2025,R2,STATE_MERIT,Ophthalmology,HARIRAM ANGASARIA,239.0,239.0,1
Rajasthan,Rajasthan,2025,R2,STATE_MERIT,Ophthalmology,JITENDRA SINGH GORSI,2638.0,2638.0,1
Rajasthan,Rajasthan,2025,R2,STATE_MERIT,Ophthalmology,KRISHAN CHANDAR,1395.0,1395.0,1
Rajasthan,Rajasthan,2025,R2,STATE_MERIT,Ophthalmology,KRUSHNA TEKE,3156.0,3156.0,1
Rajasthan,Rajasthan,2025,R2,STATE_MERIT,Ophthalmology,LEELADHAR,92.0,92.0,1
Rajasthan,Rajasthan,2025,R2,STATE_MERIT,Ophthalmology,MOHD FAROOQ KHAN,478.0,478.0,1
Rajasthan,Rajasthan,2025,R2,STATE_MERIT,Ophthalmology,MUNAVVER ALI ANSARI,574.0,574.0,1
Rajasthan,Rajasthan,2025,R2,STATE_MERIT,Ophthalmology,NANAG RAM,1819.0,1819.0,1
Rajasthan,Rajasthan,2025,R2,STATE_MERIT,Ophthalmology,NANDLAL JHAJHARIA,3600.0,3600.0,1
Rajasthan,Rajasthan,2025,R2,STATE_MERIT,Ophthalmology,NARAYAN LAL AHARI,1808.0,1808.0,1
Rajasthan,Rajasthan,2025,R2,STATE_MERIT,Ophthalmology,NARENDRA KUMAR SWAMI,3029.0,3029.0,1
Rajasthan,Rajasthan,2025,R2,STATE_MERIT,Ophthalmology,NAVNEET PANDEY,533.0,533.0,1
Rajasthan,Rajasthan,2025,R2,STATE_MERIT,Ophthalmology,NEERAJ BHUTANI,710.0,710.0,1
Rajasthan,Rajasthan,2025,R2,STATE_MERIT,Ophthalmology,NITESHKUMAR,3162.0,3162.0,1
Rajasthan,Rajasthan,2025,R2,STATE_MERIT,Ophthalmology,PRABHU DAYAL,2032.0,2032.0,1
Rajasthan,Rajasthan,2025,R2,STATE_MERIT,Ophthalmology,PREM CHAND CHOUDHARY,618.0,618.0,1
Rajasthan,Rajasthan,2025,R2,STATE_MERIT,Ophthalmology,RAJENDRA WEER,3809.0,3809.0,1
Rajasthan,Rajasthan,2025,R2,STATE_MERIT,Ophthalmology,RAJESH GOYAL,3568.0,3568.0,1
Rajasthan,Rajasthan,2025,R2,STATE_MERIT,Ophthalmology,RAJKUMAR VAISHNAV,553.0,553.0,1
Rajasthan,Rajasthan,2025,R2,STATE_MERIT,Ophthalmology,RAJU RAM MEENA,1755.0,1755.0,1
Rajasthan,Rajasthan,2025,R2,STATE_MERIT,Ophthalmology,RAM LAL YADAV,540.0,540.0,1
Rajasthan,Rajasthan,2025,R2,STATE_MERIT,Ophthalmology,RAMESH CHAND MANGAL,609.0,609.0,1
Rajasthan,Rajasthan,2025,R2,STATE_MERIT,Ophthalmology,RAVI JAKHAR,3573.0,3573.0,1
Rajasthan,Rajasthan,2025,R2,STATE_MERIT,Ophthalmology,ROSHAN LAL SAINI,2071.0,2071.0,1
Rajasthan,Rajasthan,2025,R2,STATE_MERIT,Ophthalmology,SAGAR MAL DHANIA,1442.0,1442.0,1
Rajasthan,Rajasthan,2025,R2,STATE_MERIT,Ophthalmology,SANJEEV KUMAR,3728.0,3728.0,1
Rajasthan,Rajasthan,2025,R2,STATE_MERIT,Ophthalmology,SANJEEV TAK,2740.0,2740.0,1
Rajasthan,Rajasthan,2025,R2,STATE_MERIT,Ophthalmology,SATYAVEER YADAV,2820.0,2820.0,1
Rajasthan,Rajasthan,2025,R2,STATE_MERIT,Ophthalmology,SHYOJI RAM BURI,328.0,328.0,1
Rajasthan,Rajasthan,2025,R2,STATE_MERIT,Ophthalmology,SUBHASH CHANDRA,2563.0,2563.0,1
Rajasthan,Rajasthan,2025,R2,STATE_MERIT,Ophthalmology,SUKHPAL BHAGORA,2113.0,2113.0,1
Rajasthan,Rajasthan,2025,R2,STATE_MERIT,Ophthalmology,SUNIL CHAWLA,3669.0,3669.0,1
Rajasthan,Rajasthan,2025,R2,STATE_MERIT,Ophthalmology,SURESH KUMAR,3674.0,3674.0,1
Rajasthan,Rajasthan,2025,R2,STATE_MERIT,Ophthalmology,SURESH RAM BHINDA,654.0,654.0,1
Rajasthan,Rajasthan,2025,R2,STATE_MERIT,Ophthalmology,SUSHIL AGRAWAL,602.0,602.0,1
Rajasthan,Rajasthan,2025,R2,STATE_MERIT,Ophthalmology,TARVINDER SINGH,2427.0,2427.0,1
Rajasthan,Rajasthan,2025,R2,STATE_MERIT,Ophthalmology,V C MISHRA,3584.0,3584.0,1
Rajasthan,Rajasthan,2025,R2,STATE_MERIT,Ophthalmology,VIPIN AJMERA,368.0,368.0,1
Rajasthan,Rajasthan,2025,R2,STATE_MERIT,Ophthalmology,VIRENDER SINGH,3369.0,3369.0,1
Rajasthan,Rajasthan,2025,R2,STATE_MERIT,Orthopaedics,AMIN ASGAR,3777.0,3777.0,1
Rajasthan,Rajasthan,2025,R2,STATE_MERIT,Orthopaedics,AMRA RAM,3561.0,3561.0,1
Rajasthan,Rajasthan,2025,R2,STATE_MERIT,Orthopaedics,AMRISH KUMAR TYAGI,3556.0,3556.0,1
Rajasthan,Rajasthan,2025,R2,STATE_MERIT,Orthopaedics,ANIL SONGARA,1220.0,1220.0,1
Rajasthan,Rajasthan,2025,R2,STATE_MERIT,Orthopaedics,ARUN KUMAR SAXENA,397.0,397.0,1
Rajasthan,Rajasthan,2025,R2,STATE_MERIT,Orthopaedics,BABU LAL DHANDE,947.0,947.0,1
Rajasthan,Rajasthan,2025,R2,STATE_MERIT,Orthopaedics,BABU LAL SAINI,499.0,499.0,1
Rajasthan,Rajasthan,2025,R2,STATE_MERIT,Orthopaedics,BABULAL SHARMA,736.0,736.0,1
Rajasthan,Rajasthan,2025,R2,STATE_MERIT,Orthopaedics,BACHHRAJ JAIN,263.0,263.0,1
Rajasthan,Rajasthan,2025,R2,STATE_MERIT,Orthopaedics,BHAGWAN SAHAY SHARMA,541.0,541.0,1
Rajasthan,Rajasthan,2025,R2,STATE_MERIT,Orthopaedics,BHANWAR LAL,3758.0,3758.0,1
Rajasthan,Rajasthan,2025,R2,STATE_MERIT,Orthopaedics,BHATU PARABATBHAI GOVINDBHAI,3412.0,3412.0,1
Rajasthan,Rajasthan,2025,R2,STATE_MERIT,Orthopaedics,BRIJVASI MEENA,1468.0,1468.0,1
Rajasthan,Rajasthan,2025,R2,STATE_MERIT,Orthopaedics,DINESHBHAI NARSHIBHAI PATEL,3598.0,3598.0,1
Rajasthan,Rajasthan,2025,R2,STATE_MERIT,Orthopaedics,GAURAV CHATURVEDI,3370.0,3370.0,1
Rajasthan,Rajasthan,2025,R2,STATE_MERIT,Orthopaedics,GIRRAJ PRASAD KHANDELWAL,738.0,738.0,1
Rajasthan,Rajasthan,2025,R2,STATE_MERIT,Orthopaedics,GURU PRASAD TIWARI,258.0,258.0,1
Rajasthan,Rajasthan,2025,R2,STATE_MERIT,Orthopaedics,HANS RAJ,184.0,184.0,1
Rajasthan,Rajasthan,2025,R2,STATE_MERIT,Orthopaedics,HANUMAN SAHAI SHARMA,565.0,565.0,1
Rajasthan,Rajasthan,2025,R2,STATE_MERIT,Orthopaedics,HARIKRISHAN SAINI,3693.0,3693.0,1
Rajasthan,Rajasthan,2025,R2,STATE_MERIT,Orthopaedics,HARISH CHANDRA CHAUDHARY,3397.0,3397.0,1
Rajasthan,Rajasthan,2025,R2,STATE_MERIT,Orthopaedics,HARSH JAIN,2483.0,2483.0,1
Rajasthan,Rajasthan,2025,R2,STATE_MERIT,Orthopaedics,HEMRAJ RAWAT,1935.0,1935.0,1
Rajasthan,Rajasthan,2025,R2,STATE_MERIT,Orthopaedics,HITESH PALIWAL,306.0,306.0,1
Rajasthan,Rajasthan,2025,R2,STATE_MERIT,Orthopaedics,IDAN RAM ARING,2823.0,2823.0,1
Rajasthan,Rajasthan,2025,R2,STATE_MERIT,Orthopaedics,JAGADISH PRASAD,694.0,694.0,1
Rajasthan,Rajasthan,2025,R2,STATE_MERIT,Orthopaedics,JAGMALARAM,372.0,372.0,1
Rajasthan,Rajasthan,2025,R2,STATE_MERIT,Orthopaedics,KAILASH CHAND,1127.0,1127.0,1
Rajasthan,Rajasthan,2025,R2,STATE_MERIT,Orthopaedics,KALLA RAM BAWLIYA,500.0,500.0,1
Rajasthan,Rajasthan,2025,R2,STATE_MERIT,Orthopaedics,KAMAL KHATRI,456.0,456.0,1
Rajasthan,Rajasthan,2025,R2,STATE_MERIT,Orthopaedics,KANA RAM GURJAR,2101.0,2101.0,1
Rajasthan,Rajasthan,2025,R2,STATE_MERIT,Orthopaedics,KARNI SINGH DHAKA,690.0,690.0,1
Rajasthan,Rajasthan,2025,R2,STATE_MERIT,Orthopaedics,KARU LAL DANGI,617.0,617.0,1
Rajasthan,Rajasthan,2025,R2,STATE_MERIT,Orthopaedics,KHEMRAJ PARGI,2276.0,2276.0,1
Rajasthan,Rajasthan,2025,R2,STATE_MERIT,Orthopaedics,KISHAN LAL DHAWAL,1318.0,1318.0,1
Rajasthan,Rajasthan,2025,R2,STATE_MERIT,Orthopaedics,LALLU RAM KULDEEP,1298.0,1298.0,1
Rajasthan,Rajasthan,2025,R2,STATE_MERIT,Orthopaedics,MADAN MOHAN GUPTA,319.0,319.0,1
Rajasthan,Rajasthan,2025,R2,STATE_MERIT,Orthopaedics,MAHAVEER SINGH RANWA,138.0,138.0,1
Rajasthan,Rajasthan,2025,R2,STATE_MERIT,Orthopaedics,MANA RAM,2983.0,2983.0,1
Rajasthan,Rajasthan,2025,R2,STATE_MERIT,Orthopaedics,MOHAN LAL BAIRWA,985.0,1375.0,2
Rajasthan,Rajasthan,2025,R2,STATE_MERIT,Orthopaedics,MOHAN SINGH,571.0,571.0,1
Rajasthan,Rajasthan,2025,R2,STATE_MERIT,Orthopaedics,MUKESH RATHORE,422.0,422.0,1
Rajasthan,Rajasthan,2025,R2,STATE_MERIT,Orthopaedics,NARAYAN YADAV,2613.0,2613.0,1
Rajasthan,Rajasthan,2025,R2,STATE_MERIT,Orthopaedics,NARENDER ATOLIA,525.0,525.0,1
Rajasthan,Rajasthan,2025,R2,STATE_MERIT,Orthopaedics,NARESH SHAH,812.0,812.0,1
Rajasthan,Rajasthan,2025,R2,STATE_MERIT,Orthopaedics,OM PRAKASH BOKOLIYA,1263.0,1263.0,1
Rajasthan,Rajasthan,2025,R2,STATE_MERIT,Orthopaedics,OM PRAKASH GODARA,3365.0,3365.0,1
Rajasthan,Rajasthan,2025,R2,STATE_MERIT,Orthopaedics,PANKAJ CHHAJERH,396.0,396.0,1
Rajasthan,Rajasthan,2025,R2,STATE_MERIT,Orthopaedics,PRAVEEN TRIPATHI,3183.0,3183.0,1
Rajasthan,Rajasthan,2025,R2,STATE_MERIT,Orthopaedics,PREM SINGH,1060.0,1060.0,1
Rajasthan,Rajasthan,2025,R2,STATE_MERIT,Orthopaedics,PURAN MAL SWAMI,390.0,390.0,1
Rajasthan,Rajasthan,2025,R2,STATE_MERIT,Orthopaedics,RAJENDER SINGH SOLANKI,3603.0,3603.0,1
Rajasthan,Rajasthan,2025,R2,STATE_MERIT,Orthopaedics,RAJESH BHARIA,336.0,336.0,1
Rajasthan,Rajasthan,2025,R2,STATE_MERIT,Orthopaedics,RAJU RAM,122.0,122.0,1
Rajasthan,Rajasthan,2025,R2,STATE_MERIT,Orthopaedics,RAKESH SHARMA,653.0,653.0,1
Rajasthan,Rajasthan,2025,R2,STATE_MERIT,Orthopaedics,RAM KALYAN REGAR,1308.0,1308.0,1
Rajasthan,Rajasthan,2025,R2,STATE_MERIT,Orthopaedics,RAM MURTI PAREEK,2610.0,2610.0,1
Rajasthan,Rajasthan,2025,R2,STATE_MERIT,Orthopaedics,RAMAKHTYAR,2114.0,2114.0,1
Rajasthan,Rajasthan,2025,R2,STATE_MERIT,Orthopaedics,RAMDEV,3687.0,3687.0,1
Rajasthan,Rajasthan,2025,R2,STATE_MERIT,Orthopaedics,RAMESH CHAND MEENA,1350.0,1350.0,1
Rajasthan,Rajasthan,2025,R2,STATE_MERIT,Orthopaedics,RAMESH KUMAWAT,561.0,561.0,1
Rajasthan,Rajasthan,2025,R2,STATE_MERIT,Orthopaedics,RAMKISHORE DUDI,490.0,490.0,1
Rajasthan,Rajasthan,2025,R2,STATE_MERIT,Orthopaedics,RANGLAL MEENA,3829.0,3829.0,1
Rajasthan,Rajasthan,2025,R2,STATE_MERIT,Orthopaedics,RANVEER SINGH KATEWA,3698.0,3698.0,1
Rajasthan,Rajasthan,2025,R2,STATE_MERIT,Orthopaedics,ROOPSINGH GURJAR,2038.0,2038.0,1
Rajasthan,Rajasthan,2025,R2,STATE_MERIT,Orthopaedics,SABBIR,3558.0,3558.0,1
Rajasthan,Rajasthan,2025,R2,STATE_MERIT,Orthopaedics,SAGAR SINGH,255.0,255.0,1
Rajasthan,Rajasthan,2025,R2,STATE_MERIT,Orthopaedics,SAJJAN SINGH,2703.0,2703.0,1
Rajasthan,Rajasthan,2025,R2,STATE_MERIT,Orthopaedics,SANJAY KHANDELWAL,601.0,601.0,1
Rajasthan,Rajasthan,2025,R2,STATE_MERIT,Orthopaedics,SATISH CHAND BANSAL,640.0,640.0,1
Rajasthan,Rajasthan,2025,R2,STATE_MERIT,Orthopaedics,SATYANARAYAN SHARMA,564.0,564.0,1
Rajasthan,Rajasthan,2025,R2,STATE_MERIT,Orthopaedics,SHIV SHANKAR SAINI,3667.0,3667.0,1
Rajasthan,Rajasthan,2025,R2,STATE_MERIT,Orthopaedics,SHYOJI LAL SHARMA,1719.0,1719.0,1
Rajasthan,Rajasthan,2025,R2,STATE_MERIT,Orthopaedics,SOMESH SHARMA,1752.0,1752.0,1
Rajasthan,Rajasthan,2025,R2,STATE_MERIT,Orthopaedics,SURENDRA SINGH YADAV,2822.0,2822.0,1
Rajasthan,Rajasthan,2025,R2,STATE_MERIT,Orthopaedics,UMESH KUMAR OJHA,2719.0,2719.0,1
Rajasthan,Rajasthan,2025,R2,STATE_MERIT,Orthopaedics,VIJAY KUMAR SEVALIA,1230.0,1230.0,1
Rajasthan,Rajasthan,2025,R2,STATE_MERIT,Orthopaedics,VIKRAM SINGH TANWAR,1807.0,1807.0,1
Rajasthan,Rajasthan,2025,R2,STATE_MERIT,Orthopaedics,VINOD KUMAR GUPTA,473.0,473.0,1
Rajasthan,Rajasthan,2025,R2,STATE_MERIT,PSM/Community Medicine,ANANT KUMAR JAIN,3537.0,3537.0,1
Rajasthan,Rajasthan,2025,R2,STATE_MERIT,PSM/Community Medicine,ANIL KUMAR THANVI,1756.0,1756.0,1
Rajasthan,Rajasthan,2025,R2,STATE_MERIT,PSM/Community Medicine,ARUN KUMAR SONI,841.0,841.0,1
Rajasthan,Rajasthan,2025,R2,STATE_MERIT,PSM/Community Medicine,ARVIND BHARDWAJ,2695.0,2695.0,1
Rajasthan,Rajasthan,2025,R2,STATE_MERIT,PSM/Community Medicine,BANNA RAM RAIGER,2958.0,2958.0,1
Rajasthan,Rajasthan,2025,R2,STATE_MERIT,PSM/Community Medicine,BHAGCHAND GURJAR,3048.0,3048.0,1
Rajasthan,Rajasthan,2025,R2,STATE_MERIT,PSM/Community Medicine,BHASKER SHARMA,1516.0,1516.0,1
Rajasthan,Rajasthan,2025,R2,STATE_MERIT,PSM/Community Medicine,CHHOTU LAL MEENA,3102.0,3102.0,1
Rajasthan,Rajasthan,2025,R2,STATE_MERIT,PSM/Community Medicine,DEV CHAND MEENA,3472.0,3472.0,1
Rajasthan,Rajasthan,2025,R2,STATE_MERIT,PSM/Community Medicine,DHARAM SINGH MEENA,2045.0,2045.0,1
Rajasthan,Rajasthan,2025,R2,STATE_MERIT,PSM/Community Medicine,HANSRAJ NAGAR,1857.0,1857.0,1
Rajasthan,Rajasthan,2025,R2,STATE_MERIT,PSM/Community Medicine,JODHA RAM KULDEEP,2519.0,2519.0,1
Rajasthan,Rajasthan,2025,R2,STATE_MERIT,PSM/Community Medicine,KADURAM MEENA,3551.0,3551.0,1
Rajasthan,Rajasthan,2025,R2,STATE_MERIT,PSM/Community Medicine,KAUSHAL RASTOGI,3151.0,3151.0,1
Rajasthan,Rajasthan,2025,R2,STATE_MERIT,PSM/Community Medicine,LAL CHAND MAIDA,3428.0,3428.0,1
Rajasthan,Rajasthan,2025,R2,STATE_MERIT,PSM/Community Medicine,MAHESH TAPRIYA,2743.0,2743.0,1
Rajasthan,Rajasthan,2025,R2,STATE_MERIT,PSM/Community Medicine,MAMAN RAM,2091.0,2091.0,1
Rajasthan,Rajasthan,2025,R2,STATE_MERIT,PSM/Community Medicine,MANSUKH PATEL,1732.0,1732.0,1
Rajasthan,Rajasthan,2025,R2,STATE_MERIT,PSM/Community Medicine,MOHAN LAL NANOMA,3511.0,3511.0,1
Rajasthan,Rajasthan,2025,R2,STATE_MERIT,PSM/Community Medicine,MUKESH CHAND JINDAL,2575.0,2575.0,1
Rajasthan,Rajasthan,2025,R2,STATE_MERIT,PSM/Community Medicine,MUKHRAM BHASKAR,3675.0,3675.0,1
Rajasthan,Rajasthan,2025,R2,STATE_MERIT,PSM/Community Medicine,MURLI DHAR SHARMA,3461.0,3461.0,1
Rajasthan,Rajasthan,2025,R2,STATE_MERIT,PSM/Community Medicine,PARVAT ANJANA,1734.0,1734.0,1
Rajasthan,Rajasthan,2025,R2,STATE_MERIT,PSM/Community Medicine,PRABHUVENDRA KUMAR,2308.0,2308.0,1
Rajasthan,Rajasthan,2025,R2,STATE_MERIT,PSM/Community Medicine,PRADEEP KUMAR SHARMA,1325.0,1325.0,1
Rajasthan,Rajasthan,2025,R2,STATE_MERIT,PSM/Community Medicine,RAGHUNATH RAM,3818.0,3818.0,1
Rajasthan,Rajasthan,2025,R2,STATE_MERIT,PSM/Community Medicine,RAMDEV SINGH,3217.0,3217.0,1
Rajasthan,Rajasthan,2025,R2,STATE_MERIT,PSM/Community Medicine,RAMESH KUMAR SONI,1459.0,1459.0,1
Rajasthan,Rajasthan,2025,R2,STATE_MERIT,PSM/Community Medicine,RAMESH KUMAR TILWANI,1825.0,1825.0,1
Rajasthan,Rajasthan,2025,R2,STATE_MERIT,PSM/Community Medicine,SHARWAN KUMAR MEENA,3356.0,3356.0,1
Rajasthan,Rajasthan,2025,R2,STATE_MERIT,PSM/Community Medicine,SHRI KISHAN DHOBI,2156.0,2156.0,1
Rajasthan,Rajasthan,2025,R2,STATE_MERIT,PSM/Community Medicine,SUBHASH CHANDRA,1933.0,1933.0,1
Rajasthan,Rajasthan,2025,R2,STATE_MERIT,PSM/Community Medicine,THUKRI MEENA,3047.0,3047.0,1
Rajasthan,Rajasthan,2025,R2,STATE_MERIT,PSM/Community Medicine,VISHVANATH DAMOR,2952.0,2952.0,1
Rajasthan,Rajasthan,2025,R2,STATE_MERIT,Paediatrics,A P SINGH,1553.0,1553.0,1
Rajasthan,Rajasthan,2025,R2,STATE_MERIT,Paediatrics,ABDUL NADEEM KHAN,1747.0,1747.0,1
Rajasthan,Rajasthan,2025,R2,STATE_MERIT,Paediatrics,AJAY KUMAR,1637.0,1637.0,1
Rajasthan,Rajasthan,2025,R2,STATE_MERIT,Paediatrics,AJAY KUMAR PARIHAR,450.0,450.0,1
Rajasthan,Rajasthan,2025,R2,STATE_MERIT,Paediatrics,AJAY KUMAR SHARMA,3230.0,3230.0,1
Rajasthan,Rajasthan,2025,R2,STATE_MERIT,Paediatrics,AKHE SINGH,2798.0,2798.0,1
Rajasthan,Rajasthan,2025,R2,STATE_MERIT,Paediatrics,ARJUN KUMAR DABI,2254.0,2254.0,1
Rajasthan,Rajasthan,2025,R2,STATE_MERIT,Paediatrics,ARUN AGGARWAL,3462.0,3462.0,1
Rajasthan,Rajasthan,2025,R2,STATE_MERIT,Paediatrics,ARVIND KUMAR JAIN,2330.0,2330.0,1
Rajasthan,Rajasthan,2025,R2,STATE_MERIT,Paediatrics,ASHISH SHRIVASTAVA,2688.0,2688.0,1
Rajasthan,Rajasthan,2025,R2,STATE_MERIT,Paediatrics,ASHOK JAGHINA,3115.0,3115.0,1
Rajasthan,Rajasthan,2025,R2,STATE_MERIT,Paediatrics,ASHOK KUMAR,3773.0,3773.0,1
Rajasthan,Rajasthan,2025,R2,STATE_MERIT,Paediatrics,ASHOK KUMAR GARG,1828.0,1828.0,1
Rajasthan,Rajasthan,2025,R2,STATE_MERIT,Paediatrics,ASHOK KUMAR MEENA,501.0,501.0,1
Rajasthan,Rajasthan,2025,R2,STATE_MERIT,Paediatrics,BABU LAL MEENA,721.0,721.0,1
Rajasthan,Rajasthan,2025,R2,STATE_MERIT,Paediatrics,BADRI PRASAD JATAV,2862.0,2862.0,1
Rajasthan,Rajasthan,2025,R2,STATE_MERIT,Paediatrics,BANWARI LAL KILANIYA,2484.0,2484.0,1
Rajasthan,Rajasthan,2025,R2,STATE_MERIT,Paediatrics,BHAGIRATH MAL,1186.0,1186.0,1
Rajasthan,Rajasthan,2025,R2,STATE_MERIT,Paediatrics,BHAGWAN SINGH KUSHWAH,2963.0,2963.0,1
Rajasthan,Rajasthan,2025,R2,STATE_MERIT,Paediatrics,BHAIRU LAL GURJAR,970.0,970.0,1
Rajasthan,Rajasthan,2025,R2,STATE_MERIT,Paediatrics,BHARAT KUMAR,1150.0,1150.0,1
Rajasthan,Rajasthan,2025,R2,STATE_MERIT,Paediatrics,BHERU LAL MEENA,2635.0,2635.0,1
Rajasthan,Rajasthan,2025,R2,STATE_MERIT,Paediatrics,BHIKHABHAI KUNIYA,3380.0,3380.0,1
Rajasthan,Rajasthan,2025,R2,STATE_MERIT,Paediatrics,BHUPENDRA KUMAR CHANDANA,1716.0,1716.0,1
Rajasthan,Rajasthan,2025,R2,STATE_MERIT,Paediatrics,BIRBAL YADAV,300.0,300.0,1
Rajasthan,Rajasthan,2025,R2,STATE_MERIT,Paediatrics,BUDHARMAL GODAWAT,810.0,810.0,1
Rajasthan,Rajasthan,2025,R2,STATE_MERIT,Paediatrics,D D SHUKLA,2858.0,2858.0,1
Rajasthan,Rajasthan,2025,R2,STATE_MERIT,Paediatrics,DALPAT CHOUDHARY,1965.0,1965.0,1
Rajasthan,Rajasthan,2025,R2,STATE_MERIT,Paediatrics,DEVARAM CHOUDHARY,2350.0,2350.0,1
Rajasthan,Rajasthan,2025,R2,STATE_MERIT,Paediatrics,DEVENDRA KALER,3727.0,3727.0,1
Rajasthan,Rajasthan,2025,R2,STATE_MERIT,Paediatrics,DHURA RAM SAINI,261.0,261.0,1
Rajasthan,Rajasthan,2025,R2,STATE_MERIT,Paediatrics,DINESH PANCHAL,476.0,476.0,1
Rajasthan,Rajasthan,2025,R2,STATE_MERIT,Paediatrics,DULICHAND BARGUJAR,890.0,890.0,1
Rajasthan,Rajasthan,2025,R2,STATE_MERIT,Paediatrics,DURGA LAL,987.0,987.0,1
Rajasthan,Rajasthan,2025,R2,STATE_MERIT,Paediatrics,GATULAL BUNKAR,1796.0,1796.0,1
Rajasthan,Rajasthan,2025,R2,STATE_MERIT,Paediatrics,GIRRAJ PRASAD SHARMA,297.0,297.0,1
Rajasthan,Rajasthan,2025,R2,STATE_MERIT,Paediatrics,GOVIND KUMAR GUPTA,287.0,287.0,1
Rajasthan,Rajasthan,2025,R2,STATE_MERIT,Paediatrics,GYAN CHANDRA CHITRAVANSHI,3824.0,3824.0,1
Rajasthan,Rajasthan,2025,R2,STATE_MERIT,Paediatrics,HANUMAN RAM,163.0,163.0,1
Rajasthan,Rajasthan,2025,R2,STATE_MERIT,Paediatrics,HARANDAR SINGH,1497.0,1497.0,1
Rajasthan,Rajasthan,2025,R2,STATE_MERIT,Paediatrics,HARI KISHAN BAGARIYA,912.0,912.0,1
Rajasthan,Rajasthan,2025,R2,STATE_MERIT,Paediatrics,HEMRAJ MEENA,2938.0,2938.0,1
Rajasthan,Rajasthan,2025,R2,STATE_MERIT,Paediatrics,HIRA RAM,1413.0,1413.0,1
Rajasthan,Rajasthan,2025,R2,STATE_MERIT,Paediatrics,JABBRARAM,799.0,799.0,1
Rajasthan,Rajasthan,2025,R2,STATE_MERIT,Paediatrics,JAGAT RAM MEENA,2153.0,2153.0,1
Rajasthan,Rajasthan,2025,R2,STATE_MERIT,Paediatrics,JAGDISH PRASAD,347.0,347.0,1
Rajasthan,Rajasthan,2025,R2,STATE_MERIT,Paediatrics,JAGDISH PRASAD KAJALA,183.0,183.0,1
Rajasthan,Rajasthan,2025,R2,STATE_MERIT,Paediatrics,JAIRAM ALWARIA,3252.0,3252.0,1
Rajasthan,Rajasthan,2025,R2,STATE_MERIT,Paediatrics,KAILASH CHAND,666.0,666.0,1
Rajasthan,Rajasthan,2025,R2,STATE_MERIT,Paediatrics,KAILASH CHAND JANGIR,1693.0,1693.0,1
Rajasthan,Rajasthan,2025,R2,STATE_MERIT,Paediatrics,KAILASH CHAND KUMAWAT,2558.0,2558.0,1
Rajasthan,Rajasthan,2025,R2,STATE_MERIT,Paediatrics,KAILASH CHAND MEENA,1216.0,1216.0,1
Rajasthan,Rajasthan,2025,R2,STATE_MERIT,Paediatrics,KAILASH CHANDER SWAMI,169.0,169.0,1
Rajasthan,Rajasthan,2025,R2,STATE_MERIT,Paediatrics,KAILASH NARAIN PANCHOLI,268.0,268.0,1
Rajasthan,Rajasthan,2025,R2,STATE_MERIT,Paediatrics,KAMAL CHAND GUPTA,224.0,224.0,1
Rajasthan,Rajasthan,2025,R2,STATE_MERIT,Paediatrics,KANA RAM SOLANKI,941.0,941.0,1
Rajasthan,Rajasthan,2025,R2,STATE_MERIT,Paediatrics,KAPIL KUMAR AGRAWAL,2955.0,2955.0,1
Rajasthan,Rajasthan,2025,R2,STATE_MERIT,Paediatrics,KEWAL RAM NADESHWARI,2799.0,2799.0,1
Rajasthan,Rajasthan,2025,R2,STATE_MERIT,Paediatrics,KRISHNA GOPAL,2378.0,2378.0,1
Rajasthan,Rajasthan,2025,R2,STATE_MERIT,Paediatrics,LACHHA RAM,837.0,837.0,1
Rajasthan,Rajasthan,2025,R2,STATE_MERIT,Paediatrics,LALIT KUMAR OJHA,2776.0,2776.0,1
Rajasthan,Rajasthan,2025,R2,STATE_MERIT,Paediatrics,MADAN LAL SHARMA,213.0,213.0,1
Rajasthan,Rajasthan,2025,R2,STATE_MERIT,Paediatrics,MADHO SINGH,57.0,57.0,1
Rajasthan,Rajasthan,2025,R2,STATE_MERIT,Paediatrics,MAHAVIR PRASAD,150.0,150.0,1
Rajasthan,Rajasthan,2025,R2,STATE_MERIT,Paediatrics,MAHENDRA JOSHI,2382.0,2382.0,1
Rajasthan,Rajasthan,2025,R2,STATE_MERIT,Paediatrics,MAHENDRA SINGH,2474.0,2474.0,1
Rajasthan,Rajasthan,2025,R2,STATE_MERIT,Paediatrics,MAHESH KUMAR SHARMA,1511.0,1511.0,1
Rajasthan,Rajasthan,2025,R2,STATE_MERIT,Paediatrics,MAN SINGH CHOUHAN,3153.0,3153.0,1
Rajasthan,Rajasthan,2025,R2,STATE_MERIT,Paediatrics,MANOJ KUMAR AHUJA,2292.0,2292.0,1
Rajasthan,Rajasthan,2025,R2,STATE_MERIT,Paediatrics,MANPHOOL SINGH,136.0,136.0,1
Rajasthan,Rajasthan,2025,R2,STATE_MERIT,Paediatrics,MEHRAM MEHRIYA,3738.0,3738.0,1
Rajasthan,Rajasthan,2025,R2,STATE_MERIT,Paediatrics,MOHAN LAL BHEDI,2356.0,2356.0,1
Rajasthan,Rajasthan,2025,R2,STATE_MERIT,Paediatrics,MOHAN LAL NOGIA,1982.0,1982.0,1
Rajasthan,Rajasthan,2025,R2,STATE_MERIT,Paediatrics,MOHAN SINGH GURJAR,1137.0,1137.0,1
Rajasthan,Rajasthan,2025,R2,STATE_MERIT,Paediatrics,MOOL CHAND SHARMA,267.0,267.0,1
Rajasthan,Rajasthan,2025,R2,STATE_MERIT,Paediatrics,MUKESH KUMAR JANGIR,154.0,154.0,1
Rajasthan,Rajasthan,2025,R2,STATE_MERIT,Paediatrics,MUKHMAL CHOUDHARY,1595.0,1595.0,1
Rajasthan,Rajasthan,2025,R2,STATE_MERIT,Paediatrics,MURLI DHAR SONDLYA,1412.0,1412.0,1
Rajasthan,Rajasthan,2025,R2,STATE_MERIT,Paediatrics,NANAK RAM PANWAR,2684.0,2684.0,1
Rajasthan,Rajasthan,2025,R2,STATE_MERIT,Paediatrics,NARESH KUMAR BHALOTHIA,3214.0,3214.0,1
Rajasthan,Rajasthan,2025,R2,STATE_MERIT,Paediatrics,NAVEEN CHANDRA DANI,3563.0,3563.0,1
Rajasthan,Rajasthan,2025,R2,STATE_MERIT,Paediatrics,NEMICHAND MAHLA,244.0,244.0,1
Rajasthan,Rajasthan,2025,R2,STATE_MERIT,Paediatrics,NIRANJAN JAIN,1436.0,1436.0,1
Rajasthan,Rajasthan,2025,R2,STATE_MERIT,Paediatrics,NIRMAL SONI,1901.0,1901.0,1
Rajasthan,Rajasthan,2025,R2,STATE_MERIT,Paediatrics,OM PRAKASH,2522.0,2698.0,2
Rajasthan,Rajasthan,2025,R2,STATE_MERIT,Paediatrics,OM PRAKASH BILONIYA,2629.0,2629.0,1
Rajasthan,Rajasthan,2025,R2,STATE_MERIT,Paediatrics,OM PRAKASH KUMAWAT,1278.0,1278.0,1
Rajasthan,Rajasthan,2025,R2,STATE_MERIT,Paediatrics,OMPRAKASH RAIGAR,570.0,570.0,1
Rajasthan,Rajasthan,2025,R2,STATE_MERIT,Paediatrics,OMPRAKASH VERMA,904.0,904.0,1
Rajasthan,Rajasthan,2025,R2,STATE_MERIT,Paediatrics,ONKAR MAL,180.0,180.0,1
Rajasthan,Rajasthan,2025,R2,STATE_MERIT,Paediatrics,PADAM CHAND JAIN,2353.0,2353.0,1
Rajasthan,Rajasthan,2025,R2,STATE_MERIT,Paediatrics,PHOOL CHAND SAINI,320.0,320.0,1
Rajasthan,Rajasthan,2025,R2,STATE_MERIT,Paediatrics,PRABHU DAYAL SUKHIJA,3186.0,3186.0,1
Rajasthan,Rajasthan,2025,R2,STATE_MERIT,Paediatrics,PRADEEP BANSAL,2982.0,2982.0,1
Rajasthan,Rajasthan,2025,R2,STATE_MERIT,Paediatrics,PRAHLAD NAGAR,149.0,149.0,1
Rajasthan,Rajasthan,2025,R2,STATE_MERIT,Paediatrics,PRAWEEN PALIWAL,332.0,332.0,1
Rajasthan,Rajasthan,2025,R2,STATE_MERIT,Paediatrics,PREM SUKH PANDIYA,204.0,204.0,1
Rajasthan,Rajasthan,2025,R2,STATE_MERIT,Paediatrics,PUKHRAJ PRAJAPAT,294.0,294.0,1
Rajasthan,Rajasthan,2025,R2,STATE_MERIT,Paediatrics,PUSHPENDRA VAJPAYEE,2751.0,2751.0,1
Rajasthan,Rajasthan,2025,R2,STATE_MERIT,Paediatrics,PYARCHAND JAIN,428.0,428.0,1
Rajasthan,Rajasthan,2025,R2,STATE_MERIT,Paediatrics,RADHE SHYAM YADAV,2338.0,2338.0,1
Rajasthan,Rajasthan,2025,R2,STATE_MERIT,Paediatrics,RADHESHYAM,269.0,269.0,1
Rajasthan,Rajasthan,2025,R2,STATE_MERIT,Paediatrics,RADHEY SHYAM DAGUR,1101.0,1101.0,1
Rajasthan,Rajasthan,2025,R2,STATE_MERIT,Paediatrics,RAJA RAM MEENA,1185.0,1185.0,1
Rajasthan,Rajasthan,2025,R2,STATE_MERIT,Paediatrics,RAJENDRA KUMAR VIJAY,322.0,322.0,1
Rajasthan,Rajasthan,2025,R2,STATE_MERIT,Paediatrics,RAJESH SONI,1703.0,1703.0,1
Rajasthan,Rajasthan,2025,R2,STATE_MERIT,Paediatrics,RAJINDER KUMAR SHARMA,266.0,266.0,1
Rajasthan,Rajasthan,2025,R2,STATE_MERIT,Paediatrics,RAM CHANDRA NEHRA,1948.0,1948.0,1
Rajasthan,Rajasthan,2025,R2,STATE_MERIT,Paediatrics,RAM LAL YADAV,3072.0,3072.0,1
Rajasthan,Rajasthan,2025,R2,STATE_MERIT,Paediatrics,RAM NIVAS,1705.0,1705.0,1
Rajasthan,Rajasthan,2025,R2,STATE_MERIT,Paediatrics,RAM PRASAD,2361.0,2361.0,1
Rajasthan,Rajasthan,2025,R2,STATE_MERIT,Paediatrics,RAM SINGH KASHYAP,3704.0,3704.0,1
Rajasthan,Rajasthan,2025,R2,STATE_MERIT,Paediatrics,RAMAVTAR MEENA,1264.0,1264.0,1
Rajasthan,Rajasthan,2025,R2,STATE_MERIT,Paediatrics,RAMESHVER SINGH,434.0,434.0,1
Rajasthan,Rajasthan,2025,R2,STATE_MERIT,Paediatrics,RAMESHWAR LAL MAHALA,1293.0,1293.0,1
Rajasthan,Rajasthan,2025,R2,STATE_MERIT,Paediatrics,RAMESHWAR PARIHAR,900.0,900.0,1
Rajasthan,Rajasthan,2025,R2,STATE_MERIT,Paediatrics,RAMESHWAR PRASAD SAINI,333.0,333.0,1
Rajasthan,Rajasthan,2025,R2,STATE_MERIT,Paediatrics,RAMKISHAN LAXKAR,209.0,209.0,1
Rajasthan,Rajasthan,2025,R2,STATE_MERIT,Paediatrics,RAMKISHOR SHARMA,856.0,856.0,1
Rajasthan,Rajasthan,2025,R2,STATE_MERIT,Paediatrics,RAMKUMAR MEENA,1034.0,1034.0,1
Rajasthan,Rajasthan,2025,R2,STATE_MERIT,Paediatrics,RAMOTAR GURJAR,663.0,663.0,1
Rajasthan,Rajasthan,2025,R2,STATE_MERIT,Paediatrics,RAMSWAROOP MUNDOTIYA,1077.0,1077.0,1
Rajasthan,Rajasthan,2025,R2,STATE_MERIT,Paediatrics,RAVISHANKAR SINGH,2913.0,2913.0,1
Rajasthan,Rajasthan,2025,R2,STATE_MERIT,Paediatrics,REWAD MAL SHARMA,212.0,212.0,1
Rajasthan,Rajasthan,2025,R2,STATE_MERIT,Paediatrics,ROHITASH SINGH,3276.0,3276.0,1
Rajasthan,Rajasthan,2025,R2,STATE_MERIT,Paediatrics,SAMANDER SINGH SHARMA,274.0,274.0,1
Rajasthan,Rajasthan,2025,R2,STATE_MERIT,Paediatrics,SANJAY RATHEE,3503.0,3503.0,1
Rajasthan,Rajasthan,2025,R2,STATE_MERIT,Paediatrics,SATISH KUMAR GURJAR,550.0,550.0,1
Rajasthan,Rajasthan,2025,R2,STATE_MERIT,Paediatrics,SATYA NARAYAN MEENA,1200.0,1200.0,1
Rajasthan,Rajasthan,2025,R2,STATE_MERIT,Paediatrics,SATYANARAYAN NAMA,334.0,334.0,1
Rajasthan,Rajasthan,2025,R2,STATE_MERIT,Paediatrics,SHAMBHU LAL,2273.0,2273.0,1
Rajasthan,Rajasthan,2025,R2,STATE_MERIT,Paediatrics,SHANKAR LAL MEENA,1241.0,1241.0,1
Rajasthan,Rajasthan,2025,R2,STATE_MERIT,Paediatrics,SHANTI LAL DAMOR,2082.0,2082.0,1
Rajasthan,Rajasthan,2025,R2,STATE_MERIT,Paediatrics,SHARWAN KUMAR KURI,2409.0,2409.0,1
Rajasthan,Rajasthan,2025,R2,STATE_MERIT,Paediatrics,SHISHRAM,1005.0,1005.0,1
Rajasthan,Rajasthan,2025,R2,STATE_MERIT,Paediatrics,SHISHUPAL SINGH,2488.0,2488.0,1
Rajasthan,Rajasthan,2025,R2,STATE_MERIT,Paediatrics,SHOKAT ALI,210.0,210.0,1
Rajasthan,Rajasthan,2025,R2,STATE_MERIT,Paediatrics,SHYAM BABU MISRA,2660.0,2660.0,1
Rajasthan,Rajasthan,2025,R2,STATE_MERIT,Paediatrics,SHYAM LAL MEENA,3715.0,3715.0,1
Rajasthan,Rajasthan,2025,R2,STATE_MERIT,Paediatrics,SHYAM SINGH GURJAR,592.0,592.0,1
Rajasthan,Rajasthan,2025,R2,STATE_MERIT,Paediatrics,SHYAM SUNDRA SHARMA,453.0,453.0,1
Rajasthan,Rajasthan,2025,R2,STATE_MERIT,Paediatrics,SHYORAMA RAM,664.0,664.0,1
Rajasthan,Rajasthan,2025,R2,STATE_MERIT,Paediatrics,SOHAN LAL SANKHLA,1119.0,1119.0,1
Rajasthan,Rajasthan,2025,R2,STATE_MERIT,Paediatrics,SUDHIR KUMAR BHATNAGAR,2367.0,2367.0,1
Rajasthan,Rajasthan,2025,R2,STATE_MERIT,Paediatrics,SUKHBIR YADAV,2834.0,2834.0,1
Rajasthan,Rajasthan,2025,R2,STATE_MERIT,Paediatrics,SURESH SHARMA,2925.0,2925.0,1
Rajasthan,Rajasthan,2025,R2,STATE_MERIT,Paediatrics,TIKAM CHAND,953.0,953.0,1
Rajasthan,Rajasthan,2025,R2,STATE_MERIT,Paediatrics,UMA SHANKAR SHARMA,325.0,325.0,1
Rajasthan,Rajasthan,2025,R2,STATE_MERIT,Paediatrics,UPADHYAY PRADIPKUMAR BALRAMBHAI,2167.0,2167.0,1
Rajasthan,Rajasthan,2025,R2,STATE_MERIT,Paediatrics,VIKRAM CHAND,1043.0,1043.0,1
Rajasthan,Rajasthan,2025,R2,STATE_MERIT,Paediatrics,VINOD KUMAR CHAUHAN,3328.0,3328.0,1
Rajasthan,Rajasthan,2025,R2,STATE_MERIT,Paediatrics,VISWANATH GOYAL,1208.0,1208.0,1
Rajasthan,Rajasthan,2025,R2,STATE_MERIT,Palliative Medicine,AMAR CHAND SONKARIA,1669.0,1669.0,1
Rajasthan,Rajasthan,2025,R2,STATE_MERIT,Palliative Medicine,GOPAL JALAN,2334.0,2334.0,1
Rajasthan,Rajasthan,2025,R2,STATE_MERIT,Palliative Medicine,HARKARAN RAIDAS,1582.0,1582.0,1
Rajasthan,Rajasthan,2025,R2,STATE_MERIT,Palliative Medicine,MOHAN SINGH,2614.0,2614.0,1
Rajasthan,Rajasthan,2025,R2,STATE_MERIT,Palliative Medicine,RAGHUNATH RAM,859.0,859.0,1
Rajasthan,Rajasthan,2025,R2,STATE_MERIT,Palliative Medicine,SHANKAR LAL GUPTA,2332.0,2332.0,1
Rajasthan,Rajasthan,2025,R2,STATE_MERIT,Pathology,AMRIT RAM,2297.0,2297.0,1
Rajasthan,Rajasthan,2025,R2,STATE_MERIT,Pathology,ANAND BINNANI,2655.0,2655.0,1
Rajasthan,Rajasthan,2025,R2,STATE_MERIT,Pathology,ASHOK GOYAL,1367.0,1367.0,1
Rajasthan,Rajasthan,2025,R2,STATE_MERIT,Pathology,ASHVINBHAI,3733.0,3733.0,1
Rajasthan,Rajasthan,2025,R2,STATE_MERIT,Pathology,BABULAL BANSIWAL,2102.0,2102.0,1
Rajasthan,Rajasthan,2025,R2,STATE_MERIT,Pathology,BHANWAR LAL,3817.0,3817.0,1
Rajasthan,Rajasthan,2025,R2,STATE_MERIT,Pathology,BHARATKUMAR PADHIAR,3619.0,3619.0,1
Rajasthan,Rajasthan,2025,R2,STATE_MERIT,Pathology,BHAWANI SINGH,3724.0,3724.0,1
Rajasthan,Rajasthan,2025,R2,STATE_MERIT,Pathology,BRIJ BHUSHAN SHARMA,3371.0,3371.0,1
Rajasthan,Rajasthan,2025,R2,STATE_MERIT,Pathology,CHANAN MAL,881.0,881.0,1
Rajasthan,Rajasthan,2025,R2,STATE_MERIT,Pathology,CHANDRA PRAKASH SHARMA,1315.0,1315.0,1
Rajasthan,Rajasthan,2025,R2,STATE_MERIT,Pathology,CHIRANJI LAL,1574.0,1574.0,1
Rajasthan,Rajasthan,2025,R2,STATE_MERIT,Pathology,CHIRANJI LAL SHARMA,2007.0,2007.0,1
Rajasthan,Rajasthan,2025,R2,STATE_MERIT,Pathology,CHITAR LAL LADAWAT,2288.0,2288.0,1
Rajasthan,Rajasthan,2025,R2,STATE_MERIT,Pathology,CHITRANJAN SANKHLA,1229.0,1229.0,1
Rajasthan,Rajasthan,2025,R2,STATE_MERIT,Pathology,DAYA LAL DAMOR,3203.0,3203.0,1
Rajasthan,Rajasthan,2025,R2,STATE_MERIT,Pathology,DEVENDRA LADDHA,1176.0,1176.0,1
Rajasthan,Rajasthan,2025,R2,STATE_MERIT,Pathology,DHARAM SINGH PANWAR,1604.0,1604.0,1
Rajasthan,Rajasthan,2025,R2,STATE_MERIT,Pathology,DILEEP SINGH SHEKHAWAT,1666.0,1666.0,1
Rajasthan,Rajasthan,2025,R2,STATE_MERIT,Pathology,DIMPLE GARG,3488.0,3488.0,1
Rajasthan,Rajasthan,2025,R2,STATE_MERIT,Pathology,DURGA PRASAD GARHWAL,2237.0,2237.0,1
Rajasthan,Rajasthan,2025,R2,STATE_MERIT,Pathology,GOVERDHAN AGRAWAL,2285.0,2285.0,1
Rajasthan,Rajasthan,2025,R2,STATE_MERIT,Pathology,HANUMAN LAL DHAKA,1469.0,1469.0,1
Rajasthan,Rajasthan,2025,R2,STATE_MERIT,Pathology,HANUMANA RAM BARWAD,1658.0,1658.0,1
Rajasthan,Rajasthan,2025,R2,STATE_MERIT,Pathology,HARISH CHAND BANSAL,575.0,575.0,1
Rajasthan,Rajasthan,2025,R2,STATE_MERIT,Pathology,JAGDISH PRASAD KUMAWAT,955.0,955.0,1
Rajasthan,Rajasthan,2025,R2,STATE_MERIT,Pathology,JAYRAM CHOUDHARY,1042.0,1042.0,1
Rajasthan,Rajasthan,2025,R2,STATE_MERIT,Pathology,JETHMAL SOLANKI,1389.0,1389.0,1
Rajasthan,Rajasthan,2025,R2,STATE_MERIT,Pathology,JORA RAM,3258.0,3258.0,1
Rajasthan,Rajasthan,2025,R2,STATE_MERIT,Pathology,KAMAL SINGH MEENA,2054.0,2054.0,1
Rajasthan,Rajasthan,2025,R2,STATE_MERIT,Pathology,KAMLA SHANKER DAMOR,3138.0,3138.0,1
Rajasthan,Rajasthan,2025,R2,STATE_MERIT,Pathology,KANA RAM SARAN,839.0,839.0,1
Rajasthan,Rajasthan,2025,R2,STATE_MERIT,Pathology,LABANDH BODH ROYAL,2352.0,2352.0,1
Rajasthan,Rajasthan,2025,R2,STATE_MERIT,Pathology,LAL CHAND SHARMA,1281.0,1281.0,1
Rajasthan,Rajasthan,2025,R2,STATE_MERIT,Pathology,LALIT KUMAR PALIWAL,1401.0,1401.0,1
Rajasthan,Rajasthan,2025,R2,STATE_MERIT,Pathology,MAHAVIR PRASAD BANSAL,1938.0,1938.0,1
Rajasthan,Rajasthan,2025,R2,STATE_MERIT,Pathology,MAHESH SHARMA,1188.0,1188.0,1
Rajasthan,Rajasthan,2025,R2,STATE_MERIT,Pathology,MANI RAM MEENA,2868.0,2868.0,1
Rajasthan,Rajasthan,2025,R2,STATE_MERIT,Pathology,MANOJ KUMAR SHARMA,1342.0,1342.0,1
Rajasthan,Rajasthan,2025,R2,STATE_MERIT,Pathology,MOOL SINGH RAJPUROHIT,1310.0,1310.0,1
Rajasthan,Rajasthan,2025,R2,STATE_MERIT,Pathology,MUNNA LAL RINWA,2227.0,2227.0,1
Rajasthan,Rajasthan,2025,R2,STATE_MERIT,Pathology,MURLI MANOHAR SHARMA,3322.0,3322.0,1
Rajasthan,Rajasthan,2025,R2,STATE_MERIT,Pathology,NANDLAL DODIYAR,2668.0,2668.0,1
Rajasthan,Rajasthan,2025,R2,STATE_MERIT,Pathology,NARAYAN KUMAR NARNOLIA,2264.0,2264.0,1
Rajasthan,Rajasthan,2025,R2,STATE_MERIT,Pathology,NARENDRA PAL DHAWAL,2130.0,2130.0,1
Rajasthan,Rajasthan,2025,R2,STATE_MERIT,Pathology,NARESH KUMAR THAGRIA,2888.0,2888.0,1
Rajasthan,Rajasthan,2025,R2,STATE_MERIT,Pathology,NARESH PARMAR,2835.0,2835.0,1
Rajasthan,Rajasthan,2025,R2,STATE_MERIT,Pathology,PATEL KANAIYALAL MANUBHAI,3364.0,3364.0,1
Rajasthan,Rajasthan,2025,R2,STATE_MERIT,Pathology,PAWAN CHOUDHARY,1358.0,1358.0,1
Rajasthan,Rajasthan,2025,R2,STATE_MERIT,Pathology,PHOOL SINGH JAKHAR,1410.0,1410.0,1
Rajasthan,Rajasthan,2025,R2,STATE_MERIT,Pathology,PRAMOD KUMAR MEENA,2993.0,2993.0,1
Rajasthan,Rajasthan,2025,R2,STATE_MERIT,Pathology,PRATAP SINGH YADAV,2305.0,2305.0,1
Rajasthan,Rajasthan,2025,R2,STATE_MERIT,Pathology,RAISINGH VASUNIYA,2739.0,2739.0,1
Rajasthan,Rajasthan,2025,R2,STATE_MERIT,Pathology,RAJARAM CHITARA,1584.0,1584.0,1
Rajasthan,Rajasthan,2025,R2,STATE_MERIT,Pathology,RAJEEV GARG,1490.0,1490.0,1
Rajasthan,Rajasthan,2025,R2,STATE_MERIT,Pathology,RAJENDRA MAIDA,3368.0,3368.0,1
Rajasthan,Rajasthan,2025,R2,STATE_MERIT,Pathology,RAJESH AGNIHOTRI,1019.0,1019.0,1
Rajasthan,Rajasthan,2025,R2,STATE_MERIT,Pathology,RAJESH SINGH YADAV,1520.0,1520.0,1
Rajasthan,Rajasthan,2025,R2,STATE_MERIT,Pathology,RAJKAMAL AJMERA,1674.0,1674.0,1
Rajasthan,Rajasthan,2025,R2,STATE_MERIT,Pathology,RAJSEH KUMAR ARYA,2165.0,2165.0,1
Rajasthan,Rajasthan,2025,R2,STATE_MERIT,Pathology,RAM SAHAY MEENA,2476.0,2476.0,1
Rajasthan,Rajasthan,2025,R2,STATE_MERIT,Pathology,RAMESH CHANDRA LAXKAR,1432.0,1432.0,1
Rajasthan,Rajasthan,2025,R2,STATE_MERIT,Pathology,RAMESH CHOUDHARY,1564.0,1564.0,1
Rajasthan,Rajasthan,2025,R2,STATE_MERIT,Pathology,RAMESHWAR LAL,1691.0,1907.0,2
Rajasthan,Rajasthan,2025,R2,STATE_MERIT,Pathology,RAMLAL BUNKAR,1985.0,1985.0,1
Rajasthan,Rajasthan,2025,R2,STATE_MERIT,Pathology,RAVI GUPTA,1662.0,1662.0,1
Rajasthan,Rajasthan,2025,R2,STATE_MERIT,Pathology,RAVI KALANI,2877.0,2877.0,1
Rajasthan,Rajasthan,2025,R2,STATE_MERIT,Pathology,RIPUNJAY SHARMA,1892.0,1892.0,1
Rajasthan,Rajasthan,2025,R2,STATE_MERIT,Pathology,S M GAJRAJ,3082.0,3082.0,1
Rajasthan,Rajasthan,2025,R2,STATE_MERIT,Pathology,SAHADEV CHOUDHARY,1646.0,1646.0,1
Rajasthan,Rajasthan,2025,R2,STATE_MERIT,Pathology,SHAIKH ZAHEER AHMAD,1323.0,1323.0,1
Rajasthan,Rajasthan,2025,R2,STATE_MERIT,Pathology,SORABH PUROHIT,1624.0,1624.0,1
Rajasthan,Rajasthan,2025,R2,STATE_MERIT,Pathology,SUNIL KUMAR GUPTA,1262.0,1262.0,1
Rajasthan,Rajasthan,2025,R2,STATE_MERIT,Pathology,SUNIL KUMAR SAINI,1079.0,1079.0,1
Rajasthan,Rajasthan,2025,R2,STATE_MERIT,Pathology,SURESH KUMAR VERMA,2105.0,2105.0,1
Rajasthan,Rajasthan,2025,R2,STATE_MERIT,Pathology,SYED KHALIQ AHMED NAQVI,1146.0,1146.0,1
Rajasthan,Rajasthan,2025,R2,STATE_MERIT,Pathology,UMESH CHAND AGRAWAL,2000.0,2000.0,1
Rajasthan,Rajasthan,2025,R2,STATE_MERIT,Pathology,UMMED SINGH SHEKHAWAT,3348.0,3348.0,1
Rajasthan,Rajasthan,2025,R2,STATE_MERIT,Pathology,UTTAM CHAND AGARWAL,1655.0,1655.0,1
Rajasthan,Rajasthan,2025,R2,STATE_MERIT,Pathology,VINOD ANAND,1489.0,1489.0,1
Rajasthan,Rajasthan,2025,R2,STATE_MERIT,Pathology,VINOD DUTT SHARMA,1962.0,1962.0,1
Rajasthan,Rajasthan,2025,R2,STATE_MERIT,Pharmacology,BAL CHAND NAGAR,1817.0,1817.0,1
Rajasthan,Rajasthan,2025,R2,STATE_MERIT,Pharmacology,BHARAT AMETA,1685.0,1685.0,1
Rajasthan,Rajasthan,2025,R2,STATE_MERIT,Pharmacology,CHANDRA PRAKASH BADAYA,2193.0,2193.0,1
Rajasthan,Rajasthan,2025,R2,STATE_MERIT,Pharmacology,CHHITAR MAL BURI,1660.0,1660.0,1
Rajasthan,Rajasthan,2025,R2,STATE_MERIT,Pharmacology,GHANSHYAM MEENA,3716.0,3716.0,1
Rajasthan,Rajasthan,2025,R2,STATE_MERIT,Pharmacology,GOKULJI PATIDAR,1987.0,1987.0,1
Rajasthan,Rajasthan,2025,R2,STATE_MERIT,Pharmacology,HAJA ROAT,3760.0,3760.0,1
Rajasthan,Rajasthan,2025,R2,STATE_MERIT,Pharmacology,JAI PRAKASH YADAV,3317.0,3317.0,1
Rajasthan,Rajasthan,2025,R2,STATE_MERIT,Pharmacology,JHEEPAR RAM,3366.0,3366.0,1
Rajasthan,Rajasthan,2025,R2,STATE_MERIT,Pharmacology,JODHRAJ,3723.0,3723.0,1
Rajasthan,Rajasthan,2025,R2,STATE_MERIT,Pharmacology,KHUBA RAM,3394.0,3394.0,1
Rajasthan,Rajasthan,2025,R2,STATE_MERIT,Pharmacology,MAHESH KUMAR,2864.0,2864.0,1
Rajasthan,Rajasthan,2025,R2,STATE_MERIT,Pharmacology,MALU RAM,3404.0,3404.0,1
Rajasthan,Rajasthan,2025,R2,STATE_MERIT,Pharmacology,MANGILAL,2357.0,2357.0,1
Rajasthan,Rajasthan,2025,R2,STATE_MERIT,Pharmacology,RAJENDRA TANWAR,2252.0,2252.0,1
Rajasthan,Rajasthan,2025,R2,STATE_MERIT,Pharmacology,RAJESH PRASAD SHARMA,3416.0,3416.0,1
Rajasthan,Rajasthan,2025,R2,STATE_MERIT,Pharmacology,RAMESH KUMAR,2899.0,2899.0,1
Rajasthan,Rajasthan,2025,R2,STATE_MERIT,Pharmacology,RAMJEEVAN KHINCHI,3471.0,3471.0,1
Rajasthan,Rajasthan,2025,R2,STATE_MERIT,Pharmacology,REKHARAM DUKIYA,2863.0,2863.0,1
Rajasthan,Rajasthan,2025,R2,STATE_MERIT,Pharmacology,SAHAB SINGH,3729.0,3729.0,1
Rajasthan,Rajasthan,2025,R2,STATE_MERIT,Pharmacology,SHANTI LAL BAFNA,2838.0,2838.0,1
Rajasthan,Rajasthan,2025,R2,STATE_MERIT,Pharmacology,SHIVRAM SINGH,2642.0,2642.0,1
Rajasthan,Rajasthan,2025,R2,STATE_MERIT,Pharmacology,SIKANDAR MOHAMMD,2452.0,2452.0,1
Rajasthan,Rajasthan,2025,R2,STATE_MERIT,Pharmacology,UMESH CHAND GUPTA,2268.0,2268.0,1
Rajasthan,Rajasthan,2025,R2,STATE_MERIT,Pharmacology,VIKAL GUPTA,2454.0,2454.0,1
Rajasthan,Rajasthan,2025,R2,STATE_MERIT,Phy. Med. & Reh.,BHANWAR SINGH,2809.0,2809.0,1
Rajasthan,Rajasthan,2025,R2,STATE_MERIT,Phy. Med. & Reh.,JAIRAM,3806.0,3806.0,1
Rajasthan,Rajasthan,2025,R2,STATE_MERIT,Phy. Med. & Reh.,KAMAL KISHORE ARORA,871.0,871.0,1
Rajasthan,Rajasthan,2025,R2,STATE_MERIT,Phy. Med. & Reh.,RAJURAM CHAUDHARY,3562.0,3562.0,1
Rajasthan,Rajasthan,2025,R2,STATE_MERIT,Phy. Med. & Reh.,SUNIL KUMAR GOYAL,901.0,901.0,1
Rajasthan,Rajasthan,2025,R2,STATE_MERIT,Phy. Med. & Reh.,VINOD KUMAR GUPTA,853.0,853.0,1
Rajasthan,Rajasthan,2025,R2,STATE_MERIT,Physiology,BANWARI LAL MUND,3813.0,3813.0,1
Rajasthan,Rajasthan,2025,R2,STATE_MERIT,Physiology,BHOPAL SINGH,1829.0,1829.0,1
Rajasthan,Rajasthan,2025,R2,STATE_MERIT,Physiology,HANUMAN SINGH RAJPUROHIT,2325.0,2325.0,1
Rajasthan,Rajasthan,2025,R2,STATE_MERIT,Physiology,KHERAJ RAM,2604.0,2604.0,1
Rajasthan,Rajasthan,2025,R2,STATE_MERIT,Physiology,MOHAMMAD ASLAM,2940.0,2940.0,1
Rajasthan,Rajasthan,2025,R2,STATE_MERIT,Physiology,OM PRAKASH,3686.0,3686.0,1
Rajasthan,Rajasthan,2025,R2,STATE_MERIT,Physiology,OMPRAKASH,3448.0,3448.0,1
Rajasthan,Rajasthan,2025,R2,STATE_MERIT,Physiology,RAJENDRA JATAV,3759.0,3759.0,1
Rajasthan,Rajasthan,2025,R2,STATE_MERIT,Physiology,RAM PRAKASH SHARMA,2880.0,2880.0,1
Rajasthan,Rajasthan,2025,R2,STATE_MERIT,Physiology,SHIV KUMAR SHARMA,2691.0,2691.0,1
Rajasthan,Rajasthan,2025,R2,STATE_MERIT,Physiology,SURESH KUMAR TAILOR,3401.0,3401.0,1
Rajasthan,Rajasthan,2025,R2,STATE_MERIT,Physiology,TARUN JAIN,3602.0,3602.0,1
Rajasthan,Rajasthan,2025,R2,STATE_MERIT,Physiology,VIJAY YADAV,2944.0,2944.0,1
Rajasthan,Rajasthan,2025,R2,STATE_MERIT,Psychiatry,ABHAY KUMAR,3090.0,3090.0,1
Rajasthan,Rajasthan,2025,R2,STATE_MERIT,Psychiatry,ANAND SINGH SHEKHAWAT,552.0,552.0,1
Rajasthan,Rajasthan,2025,R2,STATE_MERIT,Psychiatry,BHANWAR LAL ROYAL,133.0,133.0,1
Rajasthan,Rajasthan,2025,R2,STATE_MERIT,Psychiatry,DASHRATH SINGH GURJAR,1947.0,1947.0,1
Rajasthan,Rajasthan,2025,R2,STATE_MERIT,Psychiatry,DHARMENDRA SINGH,3483.0,3483.0,1
Rajasthan,Rajasthan,2025,R2,STATE_MERIT,Psychiatry,DHARMPAL SINGH KHICHAR,292.0,292.0,1
Rajasthan,Rajasthan,2025,R2,STATE_MERIT,Psychiatry,DINESH BHARDWAJ,275.0,275.0,1
Rajasthan,Rajasthan,2025,R2,STATE_MERIT,Psychiatry,G S RASTOGI,3576.0,3576.0,1
Rajasthan,Rajasthan,2025,R2,STATE_MERIT,Psychiatry,GIRIRAJ NAGAR,482.0,482.0,1
Rajasthan,Rajasthan,2025,R2,STATE_MERIT,Psychiatry,GURMAIL SINGH,3648.0,3648.0,1
Rajasthan,Rajasthan,2025,R2,STATE_MERIT,Psychiatry,HARI NARAYAN,1197.0,1197.0,1
Rajasthan,Rajasthan,2025,R2,STATE_MERIT,Psychiatry,HARISH KUMAR VERMA,1286.0,1286.0,1
Rajasthan,Rajasthan,2025,R2,STATE_MERIT,Psychiatry,J P SINGH,3512.0,3512.0,1
Rajasthan,Rajasthan,2025,R2,STATE_MERIT,Psychiatry,KANHAIYA LAL BHAGORA,2442.0,2442.0,1
Rajasthan,Rajasthan,2025,R2,STATE_MERIT,Psychiatry,KISHAN LAL,1069.0,1069.0,1
Rajasthan,Rajasthan,2025,R2,STATE_MERIT,Psychiatry,MANA RAM,2093.0,2093.0,1
Rajasthan,Rajasthan,2025,R2,STATE_MERIT,Psychiatry,MANGI LAL,557.0,557.0,1
Rajasthan,Rajasthan,2025,R2,STATE_MERIT,Psychiatry,MUKESH SHAH,3291.0,3291.0,1
Rajasthan,Rajasthan,2025,R2,STATE_MERIT,Psychiatry,PRADHUMAN JAIN,544.0,544.0,1
Rajasthan,Rajasthan,2025,R2,STATE_MERIT,Psychiatry,RAJENDRA PRASAD,414.0,414.0,1
Rajasthan,Rajasthan,2025,R2,STATE_MERIT,Psychiatry,RAJKUMAR DARGAR,394.0,394.0,1
Rajasthan,Rajasthan,2025,R2,STATE_MERIT,Psychiatry,RAM RATAN GUPTA,3101.0,3101.0,1
Rajasthan,Rajasthan,2025,R2,STATE_MERIT,Psychiatry,RAM SWAROOP BAKOLIA,1433.0,1433.0,1
Rajasthan,Rajasthan,2025,R2,STATE_MERIT,Psychiatry,RAMDAYAL BILONIYA,1098.0,1098.0,1
Rajasthan,Rajasthan,2025,R2,STATE_MERIT,Psychiatry,RAMESH BARAYACH,3590.0,3590.0,1
Rajasthan,Rajasthan,2025,R2,STATE_MERIT,Psychiatry,RAMESH KUMAR,3232.0,3232.0,1
Rajasthan,Rajasthan,2025,R2,STATE_MERIT,Psychiatry,SANJEEV BHARDWAJ,3389.0,3389.0,1
Rajasthan,Rajasthan,2025,R2,STATE_MERIT,Psychiatry,SEETARAM MEENA,1424.0,1424.0,1
Rajasthan,Rajasthan,2025,R2,STATE_MERIT,Psychiatry,SHIV SHANKAR GUPTA,286.0,286.0,1
Rajasthan,Rajasthan,2025,R2,STATE_MERIT,Psychiatry,SIYARAM,1435.0,1435.0,1
Rajasthan,Rajasthan,2025,R2,STATE_MERIT,Psychiatry,SUBHASH CHANDRA GUPTA,3485.0,3485.0,1
Rajasthan,Rajasthan,2025,R2,STATE_MERIT,Psychiatry,SUMER SINGH SAHARAN,2852.0,2852.0,1
Rajasthan,Rajasthan,2025,R2,STATE_MERIT,Psychiatry,SURESHCHANDRA AKHANI,2968.0,2968.0,1
Rajasthan,Rajasthan,2025,R2,STATE_MERIT,Psychiatry,TRILOK SINGH,539.0,539.0,1
Rajasthan,Rajasthan,2025,R2,STATE_MERIT,Radio-diagnosis,ABDUL SHAKOOR,62.0,62.0,1
Rajasthan,Rajasthan,2025,R2,STATE_MERIT,Radiodiagnosis/Radiology,ABDHESH KUMAR GAUTAM,2072.0,2072.0,1
Rajasthan,Rajasthan,2025,R2,STATE_MERIT,Radiodiagnosis/Radiology,ADESHARA KISHAN ARVINDBHAI,1815.0,1815.0,1
Rajasthan,Rajasthan,2025,R2,STATE_MERIT,Radiodiagnosis/Radiology,AMAR SINGH ANDHANA,3173.0,3173.0,1
Rajasthan,Rajasthan,2025,R2,STATE_MERIT,Radiodiagnosis/Radiology,AMIT KUMAR JAIN,1242.0,1242.0,1
Rajasthan,Rajasthan,2025,R2,STATE_MERIT,Radiodiagnosis/Radiology,AMRIT PAUL SINGLA,3580.0,3580.0,1
Rajasthan,Rajasthan,2025,R2,STATE_MERIT,Radiodiagnosis/Radiology,ARVIND MATHUR,2498.0,2498.0,1
Rajasthan,Rajasthan,2025,R2,STATE_MERIT,Radiodiagnosis/Radiology,ARVINDKUMAR,1860.0,1860.0,1
Rajasthan,Rajasthan,2025,R2,STATE_MERIT,Radiodiagnosis/Radiology,BHAGWAN,3795.0,3795.0,1
Rajasthan,Rajasthan,2025,R2,STATE_MERIT,Radiodiagnosis/Radiology,BHIMRAJ MEENA,3796.0,3796.0,1
Rajasthan,Rajasthan,2025,R2,STATE_MERIT,Radiodiagnosis/Radiology,BHUWAN CHANDRA UPADHYAY,2634.0,2634.0,1
Rajasthan,Rajasthan,2025,R2,STATE_MERIT,Radiodiagnosis/Radiology,CHAKRAPANI SHARMA,822.0,822.0,1
Rajasthan,Rajasthan,2025,R2,STATE_MERIT,Radiodiagnosis/Radiology,CHAUDHARY ARJANBHAI,3491.0,3491.0,1
Rajasthan,Rajasthan,2025,R2,STATE_MERIT,Radiodiagnosis/Radiology,DHANANJAYA KUMAR DWIVEDI,12.0,12.0,1
Rajasthan,Rajasthan,2025,R2,STATE_MERIT,Radiodiagnosis/Radiology,DHIRENDRA SINGH CHOUHAN,1094.0,1094.0,1
Rajasthan,Rajasthan,2025,R2,STATE_MERIT,Radiodiagnosis/Radiology,DILIP SINGH RATHORE,96.0,96.0,1
Rajasthan,Rajasthan,2025,R2,STATE_MERIT,Radiodiagnosis/Radiology,DINESH KUMAR SONI,26.0,26.0,1
Rajasthan,Rajasthan,2025,R2,STATE_MERIT,Radiodiagnosis/Radiology,FIROZ AHMED QUAZI,3309.0,3309.0,1
Rajasthan,Rajasthan,2025,R2,STATE_MERIT,Radiodiagnosis/Radiology,GANESH PRASAD SONI,32.0,32.0,1
Rajasthan,Rajasthan,2025,R2,STATE_MERIT,Radiodiagnosis/Radiology,GANESHA RAM,910.0,3490.0,2
Rajasthan,Rajasthan,2025,R2,STATE_MERIT,Radiodiagnosis/Radiology,GANGA SINGH RATHORE,8.0,8.0,1
Rajasthan,Rajasthan,2025,R2,STATE_MERIT,Radiodiagnosis/Radiology,GOPA RAM,2253.0,2253.0,1
Rajasthan,Rajasthan,2025,R2,STATE_MERIT,Radiodiagnosis/Radiology,GOPAL LAL,30.0,30.0,1
Rajasthan,Rajasthan,2025,R2,STATE_MERIT,Radiodiagnosis/Radiology,GOPAL SINGH,3284.0,3284.0,1
Rajasthan,Rajasthan,2025,R2,STATE_MERIT,Radiodiagnosis/Radiology,HANUMAN SAHAY MEENA,315.0,315.0,1
Rajasthan,Rajasthan,2025,R2,STATE_MERIT,Radiodiagnosis/Radiology,HARI RAM JARIYA,27.0,27.0,1
Rajasthan,Rajasthan,2025,R2,STATE_MERIT,Radiodiagnosis/Radiology,HARI RAM KARWASARA,3654.0,3654.0,1
Rajasthan,Rajasthan,2025,R2,STATE_MERIT,Radiodiagnosis/Radiology,HEMANT DADWARIA,1633.0,1633.0,1
Rajasthan,Rajasthan,2025,R2,STATE_MERIT,Radiodiagnosis/Radiology,ISEM SINGH MORYE,3518.0,3518.0,1
Rajasthan,Rajasthan,2025,R2,STATE_MERIT,Radiodiagnosis/Radiology,JAGDISH PRASAD,406.0,406.0,1
Rajasthan,Rajasthan,2025,R2,STATE_MERIT,Radiodiagnosis/Radiology,JAI SINGH POONIA,2572.0,2572.0,1
Rajasthan,Rajasthan,2025,R2,STATE_MERIT,Radiodiagnosis/Radiology,JAINARAYAN SAINI,6.0,6.0,1
Rajasthan,Rajasthan,2025,R2,STATE_MERIT,Radiodiagnosis/Radiology,JAIRAM CHOUDHARY,33.0,33.0,1
Rajasthan,Rajasthan,2025,R2,STATE_MERIT,Radiodiagnosis/Radiology,JOGENDRA KUMAR,10.0,10.0,1
Rajasthan,Rajasthan,2025,R2,STATE_MERIT,Radiodiagnosis/Radiology,JUGTA RAM,19.0,19.0,1
Rajasthan,Rajasthan,2025,R2,STATE_MERIT,Radiodiagnosis/Radiology,KALLU RAM SHARMA,20.0,20.0,1
Rajasthan,Rajasthan,2025,R2,STATE_MERIT,Radiodiagnosis/Radiology,KAMAL AGRAWAL,2746.0,2746.0,1
Rajasthan,Rajasthan,2025,R2,STATE_MERIT,Radiodiagnosis/Radiology,KUNDAN JOSHI,22.0,22.0,1
Rajasthan,Rajasthan,2025,R2,STATE_MERIT,Radiodiagnosis/Radiology,LAXMI PRASAD SHARMA,2235.0,2235.0,1
Rajasthan,Rajasthan,2025,R2,STATE_MERIT,Radiodiagnosis/Radiology,MADAN LAL YADAV,5.0,5.0,1
Rajasthan,Rajasthan,2025,R2,STATE_MERIT,Radiodiagnosis/Radiology,MAHABIR SINGH,2317.0,2317.0,1
Rajasthan,Rajasthan,2025,R2,STATE_MERIT,Radiodiagnosis/Radiology,MAHESH KUMAR AGRAWAL,135.0,135.0,1
Rajasthan,Rajasthan,2025,R2,STATE_MERIT,Radiodiagnosis/Radiology,MANISH ARORA,1770.0,1770.0,1
Rajasthan,Rajasthan,2025,R2,STATE_MERIT,Radiodiagnosis/Radiology,MANISH NAGAR,1441.0,1441.0,1
Rajasthan,Rajasthan,2025,R2,STATE_MERIT,Radiodiagnosis/Radiology,MANOJ KUMAR JAIN,2750.0,2750.0,1
Rajasthan,Rajasthan,2025,R2,STATE_MERIT,Radiodiagnosis/Radiology,MOHAN LAL YADAV,14.0,14.0,1
Rajasthan,Rajasthan,2025,R2,STATE_MERIT,Radiodiagnosis/Radiology,MUKESH BIHARI,3268.0,3268.0,1
Rajasthan,Rajasthan,2025,R2,STATE_MERIT,Radiodiagnosis/Radiology,MUKESH KUMAR AGGARWAL,1848.0,1848.0,1
Rajasthan,Rajasthan,2025,R2,STATE_MERIT,Radiodiagnosis/Radiology,MUKESH KUMAR SHARMA,1125.0,1125.0,1
Rajasthan,Rajasthan,2025,R2,STATE_MERIT,Radiodiagnosis/Radiology,NANU RAM,21.0,21.0,1
Rajasthan,Rajasthan,2025,R2,STATE_MERIT,Radiodiagnosis/Radiology,NANU RAM GAHANOLIA,427.0,427.0,1
Rajasthan,Rajasthan,2025,R2,STATE_MERIT,Radiodiagnosis/Radiology,NARENDRA NAGAR,1570.0,1570.0,1
Rajasthan,Rajasthan,2025,R2,STATE_MERIT,Radiodiagnosis/Radiology,NEHRU LAL YADAV,18.0,18.0,1
Rajasthan,Rajasthan,2025,R2,STATE_MERIT,Radiodiagnosis/Radiology,NIRANJAN MEENA,1143.0,1143.0,1
Rajasthan,Rajasthan,2025,R2,STATE_MERIT,Radiodiagnosis/Radiology,OM PRAKASH PRAJAPAT,15.0,15.0,1
Rajasthan,Rajasthan,2025,R2,STATE_MERIT,Radiodiagnosis/Radiology,PADMA RAM SAU,4.0,4.0,1
Rajasthan,Rajasthan,2025,R2,STATE_MERIT,Radiodiagnosis/Radiology,PARTHA SARATHI MAHANTA,3007.0,3007.0,1
Rajasthan,Rajasthan,2025,R2,STATE_MERIT,Radiodiagnosis/Radiology,PAWAN CHOUDHARY,1191.0,1191.0,1
Rajasthan,Rajasthan,2025,R2,STATE_MERIT,Radiodiagnosis/Radiology,PAWAN GARG,82.0,82.0,1
Rajasthan,Rajasthan,2025,R2,STATE_MERIT,Radiodiagnosis/Radiology,PRADEEP KUMAR JAIN,2198.0,2198.0,1
Rajasthan,Rajasthan,2025,R2,STATE_MERIT,Radiodiagnosis/Radiology,RAJARAM SAHARAN,2.0,2.0,1
Rajasthan,Rajasthan,2025,R2,STATE_MERIT,Radiodiagnosis/Radiology,RAJESH KUMAR AGARWAL,1.0,1.0,1
Rajasthan,Rajasthan,2025,R2,STATE_MERIT,Radiodiagnosis/Radiology,RAJESH KUMAR SHARMA,1617.0,1617.0,1
Rajasthan,Rajasthan,2025,R2,STATE_MERIT,Radiodiagnosis/Radiology,RAJNEESH PAL YADAV,2603.0,2603.0,1
Rajasthan,Rajasthan,2025,R2,STATE_MERIT,Radiodiagnosis/Radiology,RAKESH,1619.0,1619.0,1
Rajasthan,Rajasthan,2025,R2,STATE_MERIT,Radiodiagnosis/Radiology,RAMAWTAR DOODWAL,7.0,7.0,1
Rajasthan,Rajasthan,2025,R2,STATE_MERIT,Radiodiagnosis/Radiology,RAMESH MOHNANI,3329.0,3329.0,1
Rajasthan,Rajasthan,2025,R2,STATE_MERIT,Radiodiagnosis/Radiology,RAMLAL SHARMA,3400.0,3400.0,1
Rajasthan,Rajasthan,2025,R2,STATE_MERIT,Radiodiagnosis/Radiology,RAVINDER KUMAR BANSAL,2115.0,2115.0,1
Rajasthan,Rajasthan,2025,R2,STATE_MERIT,Radiodiagnosis/Radiology,S M SHAHNAWAZ,2272.0,2272.0,1
Rajasthan,Rajasthan,2025,R2,STATE_MERIT,Radiodiagnosis/Radiology,SANJIV BHALLA,1898.0,1898.0,1
Rajasthan,Rajasthan,2025,R2,STATE_MERIT,Radiodiagnosis/Radiology,SATYAPAL SINGH TILOTIA,3018.0,3018.0,1
Rajasthan,Rajasthan,2025,R2,STATE_MERIT,Radiodiagnosis/Radiology,SAWAT RAM CHOUDHARY,1735.0,1735.0,1
Rajasthan,Rajasthan,2025,R2,STATE_MERIT,Radiodiagnosis/Radiology,SHYAM SUNDAR MANGAL,2256.0,2256.0,1
Rajasthan,Rajasthan,2025,R2,STATE_MERIT,Radiodiagnosis/Radiology,SURENDER SINGH,3502.0,3502.0,1
Rajasthan,Rajasthan,2025,R2,STATE_MERIT,Radiodiagnosis/Radiology,VINAY PAL YADAV,3.0,3.0,1
Rajasthan,Rajasthan,2025,R2,STATE_MERIT,Radiotherapy/Radiationoncology,AJAY KUMAR MISHRA,846.0,846.0,1
Rajasthan,Rajasthan,2025,R2,STATE_MERIT,Radiotherapy/Radiationoncology,AJAY SHARMA,2754.0,2754.0,1
Rajasthan,Rajasthan,2025,R2,STATE_MERIT,Radiotherapy/Radiationoncology,ANIL CHOUDHARY,973.0,973.0,1
Rajasthan,Rajasthan,2025,R2,STATE_MERIT,Radiotherapy/Radiationoncology,ARVIND KUMAR CHATURVEDI,2676.0,2676.0,1
Rajasthan,Rajasthan,2025,R2,STATE_MERIT,Radiotherapy/Radiationoncology,ASHISH AGRAWAL,928.0,928.0,1
Rajasthan,Rajasthan,2025,R2,STATE_MERIT,Radiotherapy/Radiationoncology,BABU LAL SHARMA,981.0,981.0,1
Rajasthan,Rajasthan,2025,R2,STATE_MERIT,Radiotherapy/Radiationoncology,BAJITKHAN,2950.0,2950.0,1
Rajasthan,Rajasthan,2025,R2,STATE_MERIT,Radiotherapy/Radiationoncology,CHANDRESH MEHTA,2335.0,2335.0,1
Rajasthan,Rajasthan,2025,R2,STATE_MERIT,Radiotherapy/Radiationoncology,DILBAG SINGH,494.0,494.0,1
Rajasthan,Rajasthan,2025,R2,STATE_MERIT,Radiotherapy/Radiationoncology,GATU LAL DENDOR,2710.0,2710.0,1
Rajasthan,Rajasthan,2025,R2,STATE_MERIT,Radiotherapy/Radiationoncology,GOPAL LAL SHARMA,358.0,358.0,1
Rajasthan,Rajasthan,2025,R2,STATE_MERIT,Radiotherapy/Radiationoncology,GYAN CHAND JAIN,2344.0,2344.0,1
Rajasthan,Rajasthan,2025,R2,STATE_MERIT,Radiotherapy/Radiationoncology,HITESHBHAI,3285.0,3285.0,1
Rajasthan,Rajasthan,2025,R2,STATE_MERIT,Radiotherapy/Radiationoncology,KRISHAN LAL,3127.0,3127.0,1
Rajasthan,Rajasthan,2025,R2,STATE_MERIT,Radiotherapy/Radiationoncology,L R CHOUDHARY,630.0,630.0,1
Rajasthan,Rajasthan,2025,R2,STATE_MERIT,Radiotherapy/Radiationoncology,MADALA JAYAPAL,3515.0,3515.0,1
Rajasthan,Rajasthan,2025,R2,STATE_MERIT,Radiotherapy/Radiationoncology,MUKESH CHAND JAIN,1955.0,1955.0,1
Rajasthan,Rajasthan,2025,R2,STATE_MERIT,Radiotherapy/Radiationoncology,MUKESH SAINI,2919.0,2919.0,1
Rajasthan,Rajasthan,2025,R2,STATE_MERIT,Radiotherapy/Radiationoncology,RAIMAL CHAUDHARY,582.0,582.0,1
Rajasthan,Rajasthan,2025,R2,STATE_MERIT,Radiotherapy/Radiationoncology,RAJENDRA UJJAINIA,1321.0,1321.0,1
Rajasthan,Rajasthan,2025,R2,STATE_MERIT,Radiotherapy/Radiationoncology,RAJESH MIDDHA,891.0,891.0,1
Rajasthan,Rajasthan,2025,R2,STATE_MERIT,Radiotherapy/Radiationoncology,RAKESH KUMAR GUPTA,1538.0,1538.0,1
Rajasthan,Rajasthan,2025,R2,STATE_MERIT,Radiotherapy/Radiationoncology,RAMESHWAR LAL MEENA,1877.0,1877.0,1
Rajasthan,Rajasthan,2025,R2,STATE_MERIT,Radiotherapy/Radiationoncology,RATTI RAM MEENA,1983.0,1983.0,1
Rajasthan,Rajasthan,2025,R2,STATE_MERIT,Radiotherapy/Radiationoncology,SATISH KHANDELWAL,680.0,680.0,1
Rajasthan,Rajasthan,2025,R2,STATE_MERIT,Radiotherapy/Radiationoncology,SUDHIRANJAN THINGBAIJAM,2792.0,2792.0,1
Rajasthan,Rajasthan,2025,R2,STATE_MERIT,Radiotherapy/Radiationoncology,SUMAN PRAMANIK,1956.0,1956.0,1
Rajasthan,Rajasthan,2025,R2,STATE_MERIT,Radiotherapy/Radiationoncology,SUNIL KUMAR KHABYA,670.0,670.0,1
Rajasthan,Rajasthan,2025,R2,STATE_MERIT,Radiotherapy/Radiationoncology,TARUN KHARADI,2737.0,2737.0,1
Rajasthan,Rajasthan,2025,R2,STATE_MERIT,Radiotherapy/Radiationoncology,VARUN CHATURVEDI,726.0,726.0,1
Rajasthan,Rajasthan,2025,R2,STATE_MERIT,Radiotherapy/Radiationoncology,VIMAL KUMAR GUPTA,705.0,705.0,1
Rajasthan,Rajasthan,2025,R2,STATE_MERIT,Radiotherapy/Radiationoncology,VIMAL KUMAR JAIN,1036.0,1036.0,1
Rajasthan,Rajasthan,2025,R2,STATE_MERIT,Radiotherapy/Radiationoncology,VIPIN SAINI,2447.0,2447.0,1
Rajasthan,Rajasthan,2025,R2,STATE_MERIT,Respiratory Medicine/T.B. & Chest/Tuberculosis & Respiratory Diseases,AJAY SINGH JETHOO,3382.0,3382.0,1
Rajasthan,Rajasthan,2025,R2,STATE_MERIT,Respiratory Medicine/T.B. & Chest/Tuberculosis & Respiratory Diseases,ALKESHBHAI,2005.0,2005.0,1
Rajasthan,Rajasthan,2025,R2,STATE_MERIT,Respiratory Medicine/T.B. & Chest/Tuberculosis & Respiratory Diseases,ANIL JOHRI,1974.0,1974.0,1
Rajasthan,Rajasthan,2025,R2,STATE_MERIT,Respiratory Medicine/T.B. & Chest/Tuberculosis & Respiratory Diseases,ASHOK KUMAR JOSHI,558.0,558.0,1
Rajasthan,Rajasthan,2025,R2,STATE_MERIT,Respiratory Medicine/T.B. & Chest/Tuberculosis & Respiratory Diseases,BHANWAR LAL,3743.0,3743.0,1
Rajasthan,Rajasthan,2025,R2,STATE_MERIT,Respiratory Medicine/T.B. & Chest/Tuberculosis & Respiratory Diseases,BHANWAR SINGH RATHORE,285.0,285.0,1
Rajasthan,Rajasthan,2025,R2,STATE_MERIT,Respiratory Medicine/T.B. & Chest/Tuberculosis & Respiratory Diseases,CHAMPA LALA JANAGAL,1088.0,1088.0,1
Rajasthan,Rajasthan,2025,R2,STATE_MERIT,Respiratory Medicine/T.B. & Chest/Tuberculosis & Respiratory Diseases,CHHOTU RAM,1227.0,1227.0,1
Rajasthan,Rajasthan,2025,R2,STATE_MERIT,Respiratory Medicine/T.B. & Chest/Tuberculosis & Respiratory Diseases,DHARMENDRA KUMAR SOGRA,1194.0,1194.0,1
Rajasthan,Rajasthan,2025,R2,STATE_MERIT,Respiratory Medicine/T.B. & Chest/Tuberculosis & Respiratory Diseases,GANGADHAR SANKHALA,585.0,585.0,1
Rajasthan,Rajasthan,2025,R2,STATE_MERIT,Respiratory Medicine/T.B. & Chest/Tuberculosis & Respiratory Diseases,GIRIRAJ PRASAD MEENA,1668.0,1668.0,1
Rajasthan,Rajasthan,2025,R2,STATE_MERIT,Respiratory Medicine/T.B. & Chest/Tuberculosis & Respiratory Diseases,HASHMUKHBHAI LALJIBHAI MUNJPARA,2215.0,2215.0,1
Rajasthan,Rajasthan,2025,R2,STATE_MERIT,Respiratory Medicine/T.B. & Chest/Tuberculosis & Respiratory Diseases,HEAMA RAM JAT,360.0,360.0,1
Rajasthan,Rajasthan,2025,R2,STATE_MERIT,Respiratory Medicine/T.B. & Chest/Tuberculosis & Respiratory Diseases,KALYAN PRASAD MALI,586.0,586.0,1
Rajasthan,Rajasthan,2025,R2,STATE_MERIT,Respiratory Medicine/T.B. & Chest/Tuberculosis & Respiratory Diseases,KRISHAN KUMAR,444.0,444.0,1
Rajasthan,Rajasthan,2025,R2,STATE_MERIT,Respiratory Medicine/T.B. & Chest/Tuberculosis & Respiratory Diseases,MADAN LAL,825.0,825.0,1
Rajasthan,Rajasthan,2025,R2,STATE_MERIT,Respiratory Medicine/T.B. & Chest/Tuberculosis & Respiratory Diseases,MAHESH KUMAR,3198.0,3198.0,1
Rajasthan,Rajasthan,2025,R2,STATE_MERIT,Respiratory Medicine/T.B. & Chest/Tuberculosis & Respiratory Diseases,MAHESH KUMAR SHARMA,612.0,612.0,1
Rajasthan,Rajasthan,2025,R2,STATE_MERIT,Respiratory Medicine/T.B. & Chest/Tuberculosis & Respiratory Diseases,MALI RAM SAINI,487.0,487.0,1
Rajasthan,Rajasthan,2025,R2,STATE_MERIT,Respiratory Medicine/T.B. & Chest/Tuberculosis & Respiratory Diseases,MANGALA RAM,329.0,329.0,1
Rajasthan,Rajasthan,2025,R2,STATE_MERIT,Respiratory Medicine/T.B. & Chest/Tuberculosis & Respiratory Diseases,NARASINHBHAI,3345.0,3345.0,1
Rajasthan,Rajasthan,2025,R2,STATE_MERIT,Respiratory Medicine/T.B. & Chest/Tuberculosis & Respiratory Diseases,NARENDER SINGH,2951.0,2951.0,1
Rajasthan,Rajasthan,2025,R2,STATE_MERIT,Respiratory Medicine/T.B. & Chest/Tuberculosis & Respiratory Diseases,NIRMAL KUMAR JAIN,223.0,223.0,1
Rajasthan,Rajasthan,2025,R2,STATE_MERIT,Respiratory Medicine/T.B. & Chest/Tuberculosis & Respiratory Diseases,OM PRAKASH SAINI,226.0,226.0,1
Rajasthan,Rajasthan,2025,R2,STATE_MERIT,Respiratory Medicine/T.B. & Chest/Tuberculosis & Respiratory Diseases,PARMA RAM DARAT,1231.0,1231.0,1
Rajasthan,Rajasthan,2025,R2,STATE_MERIT,Respiratory Medicine/T.B. & Chest/Tuberculosis & Respiratory Diseases,PAWAN KUMAR OJHA,489.0,489.0,1
Rajasthan,Rajasthan,2025,R2,STATE_MERIT,Respiratory Medicine/T.B. & Chest/Tuberculosis & Respiratory Diseases,PRAMOD KAUSHIK,3220.0,3220.0,1
Rajasthan,Rajasthan,2025,R2,STATE_MERIT,Respiratory Medicine/T.B. & Chest/Tuberculosis & Respiratory Diseases,R K SHARMA,342.0,342.0,1
Rajasthan,Rajasthan,2025,R2,STATE_MERIT,Respiratory Medicine/T.B. & Chest/Tuberculosis & Respiratory Diseases,RAGHUVEER SINGH,2528.0,2528.0,1
Rajasthan,Rajasthan,2025,R2,STATE_MERIT,Respiratory Medicine/T.B. & Chest/Tuberculosis & Respiratory Diseases,RAKESH KUMAR PATEL,1964.0,1964.0,1
Rajasthan,Rajasthan,2025,R2,STATE_MERIT,Respiratory Medicine/T.B. & Chest/Tuberculosis & Respiratory Diseases,RAM AVTAR,1499.0,1499.0,1
Rajasthan,Rajasthan,2025,R2,STATE_MERIT,Respiratory Medicine/T.B. & Chest/Tuberculosis & Respiratory Diseases,RAMAN LAL GOYAL,474.0,474.0,1
Rajasthan,Rajasthan,2025,R2,STATE_MERIT,Respiratory Medicine/T.B. & Chest/Tuberculosis & Respiratory Diseases,RAMAVATAR,1545.0,1545.0,1
Rajasthan,Rajasthan,2025,R2,STATE_MERIT,Respiratory Medicine/T.B. & Chest/Tuberculosis & Respiratory Diseases,RAMCHANDER TANWAR,2024.0,2024.0,1
Rajasthan,Rajasthan,2025,R2,STATE_MERIT,Respiratory Medicine/T.B. & Chest/Tuberculosis & Respiratory Diseases,RAMHARI GURJAR,1783.0,1783.0,1
Rajasthan,Rajasthan,2025,R2,STATE_MERIT,Respiratory Medicine/T.B. & Chest/Tuberculosis & Respiratory Diseases,RANJEET SINGH,3486.0,3486.0,1
Rajasthan,Rajasthan,2025,R2,STATE_MERIT,Respiratory Medicine/T.B. & Chest/Tuberculosis & Respiratory Diseases,SANJAY KUMAR VERMA,3647.0,3647.0,1
Rajasthan,Rajasthan,2025,R2,STATE_MERIT,Respiratory Medicine/T.B. & Chest/Tuberculosis & Respiratory Diseases,SIDHARTH SHANKAR,3493.0,3493.0,1
Rajasthan,Rajasthan,2025,R2,STATE_MERIT,Respiratory Medicine/T.B. & Chest/Tuberculosis & Respiratory Diseases,SOMNATH,2651.0,2651.0,1
Rajasthan,Rajasthan,2025,R2,STATE_MERIT,Respiratory Medicine/T.B. & Chest/Tuberculosis & Respiratory Diseases,SUBHASH CHAND,3003.0,3003.0,1
Rajasthan,Rajasthan,2025,R2,STATE_MERIT,Respiratory Medicine/T.B. & Chest/Tuberculosis & Respiratory Diseases,SUDHIR BHARDWAJ,3026.0,3026.0,1
Rajasthan,Rajasthan,2025,R2,STATE_MERIT,Respiratory Medicine/T.B. & Chest/Tuberculosis & Respiratory Diseases,SUNIL KUMAR SHARMA,3458.0,3458.0,1
Rajasthan,Rajasthan,2025,R2,STATE_MERIT,Respiratory Medicine/T.B. & Chest/Tuberculosis & Respiratory Diseases,SURAJ KARAN MEENA,1454.0,1454.0,1
Rajasthan,Rajasthan,2025,R2,STATE_MERIT,Respiratory Medicine/T.B. & Chest/Tuberculosis & Respiratory Diseases,SURESH CHAND SHARMA,687.0,687.0,1
Rajasthan,Rajasthan,2025,R2,STATE_MERIT,Respiratory Medicine/T.B. & Chest/Tuberculosis & Respiratory Diseases,SURESH KUMAR SAINI,174.0,174.0,1
Rajasthan,Rajasthan,2025,R2,STATE_MERIT,Respiratory Medicine/T.B. & Chest/Tuberculosis & Respiratory Diseases,SUSHIL PAUL SINGH,3105.0,3105.0,1
Rajasthan,Rajasthan,2025,R2,STATE_MERIT,Respiratory Medicine/T.B. & Chest/Tuberculosis & Respiratory Diseases,TULSI RAM MEENA,1670.0,1670.0,1
Rajasthan,Rajasthan,2025,R2,STATE_MERIT,Respiratory Medicine/T.B. & Chest/Tuberculosis & Respiratory Diseases,VIJAY MITTAL,426.0,426.0,1
Rajasthan,Rajasthan,2025,R2,STATE_MERIT,Skin & V.D / Dermatology Ven. & Leprosy,AKASH KHURANA,1368.0,1368.0,1
Rajasthan,Rajasthan,2025,R2,STATE_MERIT,Skin & V.D / Dermatology Ven. & Leprosy,ANDA RAM,50.0,50.0,1
Rajasthan,Rajasthan,2025,R2,STATE_MERIT,Skin & V.D / Dermatology Ven. & Leprosy,ANWAR ALI,51.0,51.0,1
Rajasthan,Rajasthan,2025,R2,STATE_MERIT,Skin & V.D / Dermatology Ven. & Leprosy,ASHOK KUMAR RATHOR,1397.0,1397.0,1
Rajasthan,Rajasthan,2025,R2,STATE_MERIT,Skin & V.D / Dermatology Ven. & Leprosy,BABOOLAL JATOLIA,590.0,590.0,1
Rajasthan,Rajasthan,2025,R2,STATE_MERIT,Skin & V.D / Dermatology Ven. & Leprosy,BADRI NARAYAN MEENA,528.0,528.0,1
Rajasthan,Rajasthan,2025,R2,STATE_MERIT,Skin & V.D / Dermatology Ven. & Leprosy,DALSINGH RAWAT,957.0,957.0,1
Rajasthan,Rajasthan,2025,R2,STATE_MERIT,Skin & V.D / Dermatology Ven. & Leprosy,DAYA RAM BHARIA,37.0,37.0,1
Rajasthan,Rajasthan,2025,R2,STATE_MERIT,Skin & V.D / Dermatology Ven. & Leprosy,DHARMENDRA PRATAP SINGH,2786.0,2786.0,1
Rajasthan,Rajasthan,2025,R2,STATE_MERIT,Skin & V.D / Dermatology Ven. & Leprosy,HANUMAN SINGH,1921.0,1921.0,1
Rajasthan,Rajasthan,2025,R2,STATE_MERIT,Skin & V.D / Dermatology Ven. & Leprosy,HARI RAM SARWA,291.0,291.0,1
Rajasthan,Rajasthan,2025,R2,STATE_MERIT,Skin & V.D / Dermatology Ven. & Leprosy,HARIOM NANDWANA,2953.0,2953.0,1
Rajasthan,Rajasthan,2025,R2,STATE_MERIT,Skin & V.D / Dermatology Ven. & Leprosy,KALU RAM,31.0,31.0,1
Rajasthan,Rajasthan,2025,R2,STATE_MERIT,Skin & V.D / Dermatology Ven. & Leprosy,KALU RAM MEENA,305.0,305.0,1
Rajasthan,Rajasthan,2025,R2,STATE_MERIT,Skin & V.D / Dermatology Ven. & Leprosy,LALA RAM SHARMA,2988.0,2988.0,1
Rajasthan,Rajasthan,2025,R2,STATE_MERIT,Skin & V.D / Dermatology Ven. & Leprosy,MANGESH TYAGI,2875.0,2875.0,1
Rajasthan,Rajasthan,2025,R2,STATE_MERIT,Skin & V.D / Dermatology Ven. & Leprosy,MANPHOOL SINGH,39.0,39.0,1
Rajasthan,Rajasthan,2025,R2,STATE_MERIT,Skin & V.D / Dermatology Ven. & Leprosy,MOOL CHAND KULDEEP,529.0,529.0,1
Rajasthan,Rajasthan,2025,R2,STATE_MERIT,Skin & V.D / Dermatology Ven. & Leprosy,MUKESH GUPTA,2301.0,2301.0,1
Rajasthan,Rajasthan,2025,R2,STATE_MERIT,Skin & V.D / Dermatology Ven. & Leprosy,MUKESH SAHI,1867.0,1867.0,1
Rajasthan,Rajasthan,2025,R2,STATE_MERIT,Skin & V.D / Dermatology Ven. & Leprosy,NAGENDRA KUMAR UPADHYAY,2594.0,2594.0,1
Rajasthan,Rajasthan,2025,R2,STATE_MERIT,Skin & V.D / Dermatology Ven. & Leprosy,NAGENDRA SINGH KHARI,2022.0,2022.0,1
Rajasthan,Rajasthan,2025,R2,STATE_MERIT,Skin & V.D / Dermatology Ven. & Leprosy,NANULAL BAMANIYA,1753.0,1753.0,1
Rajasthan,Rajasthan,2025,R2,STATE_MERIT,Skin & V.D / Dermatology Ven. & Leprosy,NARENDRA JAIN,3267.0,3267.0,1
Rajasthan,Rajasthan,2025,R2,STATE_MERIT,Skin & V.D / Dermatology Ven. & Leprosy,NILESH KOTHARI,2351.0,2351.0,1
Rajasthan,Rajasthan,2025,R2,STATE_MERIT,Skin & V.D / Dermatology Ven. & Leprosy,OM PARKASH,2930.0,2930.0,1
Rajasthan,Rajasthan,2025,R2,STATE_MERIT,Skin & V.D / Dermatology Ven. & Leprosy,OMPRAKASH SHARMA,24.0,24.0,1
Rajasthan,Rajasthan,2025,R2,STATE_MERIT,Skin & V.D / Dermatology Ven. & Leprosy,RAJENDRA PRASAD SANKHLA,276.0,276.0,1
Rajasthan,Rajasthan,2025,R2,STATE_MERIT,Skin & V.D / Dermatology Ven. & Leprosy,RAJUBHAI GOYAL,2647.0,2647.0,1
Rajasthan,Rajasthan,2025,R2,STATE_MERIT,Skin & V.D / Dermatology Ven. & Leprosy,RAMBABU SHARMA,49.0,49.0,1
Rajasthan,Rajasthan,2025,R2,STATE_MERIT,Skin & V.D / Dermatology Ven. & Leprosy,RAMDEVA RAM,3155.0,3155.0,1
Rajasthan,Rajasthan,2025,R2,STATE_MERIT,Skin & V.D / Dermatology Ven. & Leprosy,RAMESHWAR LAL,43.0,43.0,1
Rajasthan,Rajasthan,2025,R2,STATE_MERIT,Skin & V.D / Dermatology Ven. & Leprosy,SAHAB SARAN NANDA,2240.0,2240.0,1
Rajasthan,Rajasthan,2025,R2,STATE_MERIT,Skin & V.D / Dermatology Ven. & Leprosy,SAMPATHRAJ SONI,48.0,48.0,1
Rajasthan,Rajasthan,2025,R2,STATE_MERIT,Skin & V.D / Dermatology Ven. & Leprosy,SATYENDRA KUMAR SINGH,3174.0,3174.0,1
Rajasthan,Rajasthan,2025,R2,STATE_MERIT,Skin & V.D / Dermatology Ven. & Leprosy,SHYAM MAHESHWARI,524.0,524.0,1
Rajasthan,Rajasthan,2025,R2,STATE_MERIT,Skin & V.D / Dermatology Ven. & Leprosy,SOHAN DADHICH,3607.0,3607.0,1
Rajasthan,Rajasthan,2025,R2,STATE_MERIT,Skin & V.D / Dermatology Ven. & Leprosy,SUBH KARAN SINGH DAHIYA,3820.0,3820.0,1
Rajasthan,Rajasthan,2025,R2,STATE_MERIT,Skin & V.D / Dermatology Ven. & Leprosy,SUKH RAM LATIYAL,28.0,28.0,1
Rajasthan,Rajasthan,2025,R2,STATE_MERIT,Skin & V.D / Dermatology Ven. & Leprosy,SUKHDEV,2396.0,2396.0,1
Rajasthan,Rajasthan,2025,R2,STATE_MERIT,Skin & V.D / Dermatology Ven. & Leprosy,SUNIL KUMAR SHARMA,2561.0,2561.0,1
Rajasthan,Rajasthan,2025,R2,STATE_MERIT,Skin & V.D / Dermatology Ven. & Leprosy,SUSHIL CHOUDHARY,1541.0,1541.0,1
Rajasthan,Rajasthan,2025,R2,STATE_MERIT,Skin & V.D / Dermatology Ven. & Leprosy,UMENDRA SINGH,1967.0,1967.0,1
Rajasthan,Rajasthan,2025,R2,STATE_MERIT,Skin & V.D / Dermatology Ven. & Leprosy,VANDIT BHANOT,2755.0,2755.0,1
Rajasthan,Rajasthan,2025,R2,STATE_MERIT,Skin & V.D / Dermatology Ven. & Leprosy,VIMAL KUMAR,23.0,23.0,1
Rajasthan,Rajasthan,2025,R2,STATE_MERIT,TB & Chest,HARDEEP SINGH SHERGILL,1509.0,1509.0,1
Rajasthan,Rajasthan,2025,R2,STATE_MERIT,TB & Chest,JHOONTHA RAM JAT,1248.0,1248.0,1
Rajasthan,Rajasthan,2025,R2,STATE_MERIT,TB & Chest,KHEENYA RAM,1908.0,1908.0,1
Rajasthan,Rajasthan,2025,R2,STATE_MERIT,TB & Chest,LALCHAND,2626.0,2626.0,1
Rajasthan,Rajasthan,2025,R2,STATE_MERIT,TB & Chest,MAHIPAL SINGH,1811.0,1811.0,1
Rajasthan,Rajasthan,2025,R2,STATE_MERIT,TB & Chest,MAL CHAND SHARMA,1830.0,1830.0,1
Rajasthan,Rajasthan,2025,R2,STATE_MERIT,TB & Chest,MOTI LAL,1704.0,1704.0,1
Rajasthan,Rajasthan,2025,R2,STATE_MERIT,TB & Chest,PARMESHWAR SHARMA,1272.0,1272.0,1
Rajasthan,Rajasthan,2025,R2,STATE_MERIT,TB & Chest,PURUSHOTTAM SHARMA,1542.0,1542.0,1
Rajasthan,Rajasthan,2025,R2,STATE_MERIT,TB & Chest,SANTU RAM KUMAWAT,1555.0,1555.0,1
Rajasthan,Rajasthan,2025,R2,STATE_MERIT,TB & Chest,SHIV KARAN SAINI,1510.0,1510.0,1
Rajasthan,Rajasthan,2025,R2,STATE_MERIT,Traumatology & Surgery,SANJAY TANEJA,3145.0,3145.0,1
Rajasthan,Rajasthan,2025,R2,STATE_MERIT,Tropical Medicine,HARI NARAYAN MEENA,1866.0,1866.0,1
