counselling,state,year,rank_type,college,course,allotment_count_R1,allotment_count_R2,allotment_count_R3,allotment_count_STRAY,closing_rank_R1,closing_rank_R2,closing_rank_R3,closing_rank_STRAY,opening_rank_R1,opening_rank_R2,opening_rank_R3,opening_rank_STRAY
Bihar PGMAC,Bihar,2025,NEET_AIR,2.EWS(DIPLOMA)- 101,A.N.M.M.C. GAYA,,1.0,,,,25289.0,,,,25289.0,,
Bihar PGMAC,Bihar,2025,NEET_AIR,2.EWS(DIPLOMA)- 11,P.M.C.PATNA,,1.0,,,,5178.0,,,,5178.0,,
Bihar PGMAC,Bihar,2025,NEET_AIR,2.EWS(DIPLOMA)- 157,P.M.C.PATNA,,1.0,,,,113511.0,,,,113511.0,,
Bihar PGMAC,Bihar,2025,NEET_AIR,2.EWS(DIPLOMA)- 35,J.L.N.M.C. BHAGALPUR,,1.0,,,,11531.0,,,,11531.0,,
Bihar PGMAC,Bihar,2025,NEET_AIR,2.EWS(DIPLOMA)- 8,D.M.C.LAHERIASARAI,,1.0,,,,4311.0,,,,4311.0,,
Bihar PGMAC,Bihar,2025,NEET_AIR,2.RCG(DIPLOMA)- 16,P.M.C.PATNA,,1.0,,,,6154.0,,,,6154.0,,
Bihar PGMAC,Bihar,2025,NEET_AIR,2.RCG(DIPLOMA)- 234,I.G.I.M.S. PATNA,,1.0,,,,48415.0,,,,48415.0,,
Bihar PGMAC,Bihar,2025,NEET_AIR,2.RCG(DIPLOMA)- 34,A.N.M.M.C. GAYA,,1.0,,,,9389.0,,,,9389.0,,
Bihar PGMAC,Bihar,2025,NEET_AIR,2.RCG(DIPLOMA)- 45,I.G.I.M.S. PATNA,,1.0,,,,12023.0,,,,12023.0,,
Bihar PGMAC,Bihar,2025,NEET_AIR,2.UR(DIPLOMA)- 112,N.M.C. PATNA,,1.0,,,,8354.0,,,,8354.0,,
Bihar PGMAC,Bihar,2025,NEET_AIR,2.UR(DIPLOMA)- 153,D.M.C.LAHERIASARAI,,1.0,,,,10395.0,,,,10395.0,,
Bihar PGMAC,Bihar,2025,NEET_AIR,2.UR(DIPLOMA)- 19,P.M.C.PATNA,,1.0,,,,2647.0,,,,2647.0,,
Bihar PGMAC,Bihar,2025,NEET_AIR,3.BC(DIPLOMA)- 107,P.M.C.PATNA,,,1.0,,,,21014.0,,,,21014.0,
Bihar PGMAC,Bihar,2025,NEET_AIR,3.BC(DIPLOMA)- 124,J.L.N.M.C. BHAGALPUR,,,1.0,,,,23477.0,,,,23477.0,
Bihar PGMAC,Bihar,2025,NEET_AIR,3.BC(DIPLOMA)- 140,J.L.N.M.C. BHAGALPUR,,,1.0,,,,26789.0,,,,26789.0,
Bihar PGMAC,Bihar,2025,NEET_AIR,3.BC(DIPLOMA)- 176,P.M.C.PATNA,,,1.0,,,,48405.0,,,,48405.0,
Bihar PGMAC,Bihar,2025,NEET_AIR,3.BC(DIPLOMA)- 197,N.M.C. PATNA,,,1.0,,,,62356.0,,,,62356.0,
Bihar PGMAC,Bihar,2025,NEET_AIR,3.BC(DIPLOMA)- 209,I.G.I.M.S. PATNA,,,1.0,,,,76037.0,,,,76037.0,
Bihar PGMAC,Bihar,2025,NEET_AIR,3.BC(DIPLOMA)- 260,D.M.C.LAHERIASARAI,,,1.0,,,,112204.0,,,,112204.0,
Bihar PGMAC,Bihar,2025,NEET_AIR,3.BC(DIPLOMA)- 269,S.K.M.C. MUZAFFARPUR,,,1.0,,,,126952.0,,,,126952.0,
Bihar PGMAC,Bihar,2025,NEET_AIR,3.BC(DIPLOMA)- 296,"B.M.I.M.S,PAWAPURI, NALANDA",,,1.0,,,,158187.0,,,,158187.0,
Bihar PGMAC,Bihar,2025,NEET_AIR,3.BC(DIPLOMA)- 305,D.M.C.LAHERIASARAI,,,1.0,,,,176876.0,,,,176876.0,
Bihar PGMAC,Bihar,2025,NEET_AIR,3.BC(DIPLOMA)- 48,N.M.C. PATNA,,,1.0,,,,12525.0,,,,12525.0,
Bihar PGMAC,Bihar,2025,NEET_AIR,3.BC(DIPLOMA)- 7,D.M.C.LAHERIASARAI,,,1.0,,,,3466.0,,,,3466.0,
Bihar PGMAC,Bihar,2025,NEET_AIR,3.EBC(DIPLOMA)- 13,P.M.C.PATNA,,,1.0,,,,8415.0,,,,8415.0,
Bihar PGMAC,Bihar,2025,NEET_AIR,3.EBC(DIPLOMA)- 21,I.G.I.M.S. PATNA,,,1.0,,,,10657.0,,,,10657.0,
Bihar PGMAC,Bihar,2025,NEET_AIR,3.EBC(DIPLOMA)- 22,N.M.C. PATNA,,,1.0,,,,10972.0,,,,10972.0,
Bihar PGMAC,Bihar,2025,NEET_AIR,3.EBC(DIPLOMA)- 236,J.L.N.M.C. BHAGALPUR,,,1.0,,,,119631.0,,,,119631.0,
Bihar PGMAC,Bihar,2025,NEET_AIR,3.EBC(DIPLOMA)- 24,N.M.C. PATNA,,,1.0,,,,11655.0,,,,11655.0,
Bihar PGMAC,Bihar,2025,NEET_AIR,3.EBC(DIPLOMA)- 290,HOSPITAL TURKI MUZAFFARPUR,,,1.0,,,,197209.0,,,,197209.0,
Bihar PGMAC,Bihar,2025,NEET_AIR,3.EBC(DIPLOMA)- 3,N.M.C. PATNA,,,1.0,,,,4151.0,,,,4151.0,
Bihar PGMAC,Bihar,2025,NEET_AIR,3.EBC(DIPLOMA)- 315,MADHUBANI,,,1.0,,,,217881.0,,,,217881.0,
Bihar PGMAC,Bihar,2025,NEET_AIR,3.EBC(DIPLOMA)- 32,D.M.C.LAHERIASARAI,,,1.0,,,,13575.0,,,,13575.0,
Bihar PGMAC,Bihar,2025,NEET_AIR,3.EBC(DIPLOMA)- 348,MADHUBANI,,,1.0,,,,230013.0,,,,230013.0,
Bihar PGMAC,Bihar,2025,NEET_AIR,3.EBC(DIPLOMA)- 4,D.M.C.LAHERIASARAI,,,1.0,,,,4885.0,,,,4885.0,
Bihar PGMAC,Bihar,2025,NEET_AIR,3.EBC(DIPLOMA)- 41,D.M.C.LAHERIASARAI,,,1.0,,,,15737.0,,,,15737.0,
Bihar PGMAC,Bihar,2025,NEET_AIR,3.EBC(DIPLOMA)- 68,I.G.I.M.S. PATNA,,,1.0,,,,20233.0,,,,20233.0,
Bihar PGMAC,Bihar,2025,NEET_AIR,3.EBC(DIPLOMA)- 7,J.L.N.M.C. BHAGALPUR,,,1.0,,,,6114.0,,,,6114.0,
Bihar PGMAC,Bihar,2025,NEET_AIR,3.EBC(DIPLOMA)- 8,P.M.C.PATNA,,,1.0,,,,6622.0,,,,6622.0,
Bihar PGMAC,Bihar,2025,NEET_AIR,3.EWS(DIPLOMA)- 100,HOSPITAL TURKI MUZAFFARPUR DERMATOLOGY,,,1.0,,,,96168.0,,,,96168.0,
Bihar PGMAC,Bihar,2025,NEET_AIR,3.EWS(DIPLOMA)- 101,D.M.C.LAHERIASARAI,,,1.0,,,,100041.0,,,,100041.0,
Bihar PGMAC,Bihar,2025,NEET_AIR,3.RCG(DIPLOMA)- 1,P.M.C.PATNA,,,1.0,,,,1926.0,,,,1926.0,
Bihar PGMAC,Bihar,2025,NEET_AIR,3.RCG(DIPLOMA)- 130,N.M.C. PATNA,,,1.0,,,,30585.0,,,,30585.0,
Bihar PGMAC,Bihar,2025,NEET_AIR,3.RCG(DIPLOMA)- 148,D.M.C.LAHERIASARAI,,,1.0,,,,35730.0,,,,35730.0,
Bihar PGMAC,Bihar,2025,NEET_AIR,3.RCG(DIPLOMA)- 154,D.M.C.LAHERIASARAI,,,1.0,,,,38313.0,,,,38313.0,
Bihar PGMAC,Bihar,2025,NEET_AIR,3.RCG(DIPLOMA)- 164,J.L.N.M.C. BHAGALPUR,,,1.0,,,,42274.0,,,,42274.0,
Bihar PGMAC,Bihar,2025,NEET_AIR,3.RCG(DIPLOMA)- 165,D.M.C.LAHERIASARAI,,,1.0,,,,42333.0,,,,42333.0,
Bihar PGMAC,Bihar,2025,NEET_AIR,3.RCG(DIPLOMA)- 169,I.G.I.M.S. PATNA,,,1.0,,,,43781.0,,,,43781.0,
Bihar PGMAC,Bihar,2025,NEET_AIR,3.RCG(DIPLOMA)- 171,P.M.C.PATNA,,,1.0,,,,43910.0,,,,43910.0,
Bihar PGMAC,Bihar,2025,NEET_AIR,3.RCG(DIPLOMA)- 195,D.M.C.LAHERIASARAI,,,1.0,,,,56247.0,,,,56247.0,
Bihar PGMAC,Bihar,2025,NEET_AIR,3.RCG(DIPLOMA)- 208,D.M.C.LAHERIASARAI,,,1.0,,,,62468.0,,,,62468.0,
Bihar PGMAC,Bihar,2025,NEET_AIR,3.RCG(DIPLOMA)- 226,P.M.C.PATNA,,,1.0,,,,72306.0,,,,72306.0,
Bihar PGMAC,Bihar,2025,NEET_AIR,3.RCG(DIPLOMA)- 23,I.G.I.M.S. PATNA,,,1.0,,,,9674.0,,,,9674.0,
Bihar PGMAC,Bihar,2025,NEET_AIR,3.RCG(DIPLOMA)- 236,S.K.M.C. MUZAFFARPUR,,,1.0,,,,78951.0,,,,78951.0,
Bihar PGMAC,Bihar,2025,NEET_AIR,3.RCG(DIPLOMA)- 243,D.M.C.LAHERIASARAI,,,1.0,,,,88107.0,,,,88107.0,
Bihar PGMAC,Bihar,2025,NEET_AIR,3.RCG(DIPLOMA)- 265,I.G.I.M.S. PATNA,,,1.0,,,,117136.0,,,,117136.0,
Bihar PGMAC,Bihar,2025,NEET_AIR,3.RCG(DIPLOMA)- 271,N.M.C. PATNA,,,1.0,,,,125013.0,,,,125013.0,
Bihar PGMAC,Bihar,2025,NEET_AIR,3.RCG(DIPLOMA)- 275,I.G.I.M.S. PATNA,,,1.0,,,,128402.0,,,,128402.0,
Bihar PGMAC,Bihar,2025,NEET_AIR,3.RCG(DIPLOMA)- 289,P.M.C.PATNA,,,1.0,,,,161856.0,,,,161856.0,
Bihar PGMAC,Bihar,2025,NEET_AIR,3.RCG(DIPLOMA)- 29,N.M.C. PATNA,,,1.0,,,,11122.0,,,,11122.0,
Bihar PGMAC,Bihar,2025,NEET_AIR,3.RCG(DIPLOMA)- 30,S.K.M.C. MUZAFFARPUR,,,1.0,,,,11130.0,,,,11130.0,
Bihar PGMAC,Bihar,2025,NEET_AIR,3.RCG(DIPLOMA)- 303,P.M.C.PATNA,,,1.0,,,,192118.0,,,,192118.0,
Bihar PGMAC,Bihar,2025,NEET_AIR,3.RCG(DIPLOMA)- 306,HOSPITAL TURKI MUZAFFARPUR,,,1.0,,,,196839.0,,,,196839.0,
Bihar PGMAC,Bihar,2025,NEET_AIR,3.RCG(DIPLOMA)- 308,"G.M.C., BETTIAH",,,1.0,,,,200773.0,,,,200773.0,
Bihar PGMAC,Bihar,2025,NEET_AIR,3.RCG(DIPLOMA)- 311,D.M.C.LAHERIASARAI,,,1.0,,,,204671.0,,,,204671.0,
Bihar PGMAC,Bihar,2025,NEET_AIR,3.RCG(DIPLOMA)- 355,K.M.C. KATIHAR,,,1.0,,,,229937.0,,,,229937.0,
Bihar PGMAC,Bihar,2025,NEET_AIR,3.RCG(DIPLOMA)- 38,D.M.C.LAHERIASARAI,,,1.0,,,,13624.0,,,,13624.0,
Bihar PGMAC,Bihar,2025,NEET_AIR,3.RCG(DIPLOMA)- 53,"G.M.C., BETTIAH",,,1.0,,,,16480.0,,,,16480.0,
Bihar PGMAC,Bihar,2025,NEET_AIR,3.RCG(DIPLOMA)- 9,P.M.C.PATNA,,,1.0,,,,4986.0,,,,4986.0,
Bihar PGMAC,Bihar,2025,NEET_AIR,3.SC(DIPLOMA)- 100,S.K.M.C. MUZAFFARPUR,,,1.0,,,,151746.0,,,,151746.0,
Bihar PGMAC,Bihar,2025,NEET_AIR,3.SC(DIPLOMA)- 104,"B.M.I.M.S,PAWAPURI, NALANDA",,,1.0,,,,157925.0,,,,157925.0,
Bihar PGMAC,Bihar,2025,NEET_AIR,3.SC(DIPLOMA)- 11,N.M.C. PATNA,,,1.0,,,,34771.0,,,,34771.0,
Bihar PGMAC,Bihar,2025,NEET_AIR,3.SC(DIPLOMA)- 114,"B.M.I.M.S,PAWAPURI, NALANDA",,,1.0,,,,169764.0,,,,169764.0,
Bihar PGMAC,Bihar,2025,NEET_AIR,3.SC(DIPLOMA)- 12,P.M.C.PATNA,,,1.0,,,,35105.0,,,,35105.0,
Bihar PGMAC,Bihar,2025,NEET_AIR,3.SC(DIPLOMA)- 141,"G.M.C., BETTIAH",,,1.0,,,,214436.0,,,,214436.0,
Bihar PGMAC,Bihar,2025,NEET_AIR,3.SC(DIPLOMA)- 16,A.N.M.M.C. GAYA,,,1.0,,,,38706.0,,,,38706.0,
Bihar PGMAC,Bihar,2025,NEET_AIR,3.SC(DIPLOMA)- 2,N.M.C. PATNA,,,1.0,,,,19637.0,,,,19637.0,
Bihar PGMAC,Bihar,2025,NEET_AIR,3.SC(DIPLOMA)- 21,I.G.I.M.S. PATNA,,,1.0,,,,40171.0,,,,40171.0,
Bihar PGMAC,Bihar,2025,NEET_AIR,3.SC(DIPLOMA)- 29,N.M.C. PATNA,,,1.0,,,,44139.0,,,,44139.0,
Bihar PGMAC,Bihar,2025,NEET_AIR,3.SC(DIPLOMA)- 3,J.L.N.M.C. BHAGALPUR,,,1.0,,,,21656.0,,,,21656.0,
Bihar PGMAC,Bihar,2025,NEET_AIR,3.SC(DIPLOMA)- 35,N.M.C. PATNA,,,1.0,,,,51670.0,,,,51670.0,
Bihar PGMAC,Bihar,2025,NEET_AIR,3.SC(DIPLOMA)- 4,D.M.C.LAHERIASARAI,,,1.0,,,,22682.0,,,,22682.0,
Bihar PGMAC,Bihar,2025,NEET_AIR,3.SC(DIPLOMA)- 5,I.G.I.M.S. PATNA,,,1.0,,,,29653.0,,,,29653.0,
Bihar PGMAC,Bihar,2025,NEET_AIR,3.SC(DIPLOMA)- 51,3.RCG(DIPLOMA)- 217,,,1.0,,,,67841.0,,,,67841.0,
Bihar PGMAC,Bihar,2025,NEET_AIR,3.SC(DIPLOMA)- 6,P.M.C.PATNA,,,1.0,,,,30026.0,,,,30026.0,
Bihar PGMAC,Bihar,2025,NEET_AIR,3.SC(DIPLOMA)- 72,P.M.C.PATNA,,,1.0,,,,90255.0,,,,90255.0,
Bihar PGMAC,Bihar,2025,NEET_AIR,3.SC(DIPLOMA)- 83,A.N.M.M.C. GAYA,,,1.0,,,,117791.0,,,,117791.0,
Bihar PGMAC,Bihar,2025,NEET_AIR,3.SC(DIPLOMA)- 95,D.M.C.LAHERIASARAI,,,1.0,,,,135987.0,,,,135987.0,
Bihar PGMAC,Bihar,2025,NEET_AIR,3.ST(DIPLOMA)- 2,I.G.I.M.S. PATNA,,,1.0,,,,100169.0,,,,100169.0,
Bihar PGMAC,Bihar,2025,NEET_AIR,3.UR(DIPLOMA)- 671,HOSPITAL TURKI MUZAFFARPUR Radiodiagnosis,,,1.0,,,,66562.0,,,,66562.0,
Bihar PGMAC,Bihar,2025,NEET_AIR,3.UR(DIPLOMA)- 740,HOSPITAL TURKI MUZAFFARPUR E.N.T.,,,1.0,,,,74621.0,,,,74621.0,
Bihar PGMAC,Bihar,2025,NEET_AIR,3.UR(DIPLOMA)-1029,3.SC(DIPLOMA)- 79,,,1.0,,,,115611.0,,,,115611.0,
Bihar PGMAC,Bihar,2025,NEET_AIR,3.UR(DIPLOMA)-1079,HOSPITAL TURKI MUZAFFARPUR Paediatrics,,,1.0,,,,122441.0,,,,122441.0,
Bihar PGMAC,Bihar,2025,NEET_AIR,3.UR(DIPLOMA)-1259,K.M.C. KATIHAR,,,1.0,,,,151429.0,,,,151429.0,
Bihar PGMAC,Bihar,2025,NEET_AIR,3.UR(DIPLOMA)-1297,HOSPITAL TURKI MUZAFFARPUR DERMATOLOGY,,,1.0,,,,157016.0,,,,157016.0,
Bihar PGMAC,Bihar,2025,NEET_AIR,3.UR(DIPLOMA)-1540,K.M.C. KATIHAR,,,1.0,,,,196905.0,,,,196905.0,
Bihar PGMAC,Bihar,2025,NEET_AIR,3.UR(DIPLOMA)-1558,"COLLEGE & HOSPITAL, SAHARSA Physiology",,,1.0,,,,199213.0,,,,199213.0,
Bihar PGMAC,Bihar,2025,NEET_AIR,3.UR(DIPLOMA)-1568,MADHUBANI,,,1.0,,,,200070.0,,,,200070.0,
Bihar PGMAC,Bihar,2025,NEET_AIR,3.UR(DIPLOMA)-1574,MADHUBANI,,,1.0,,,,201024.0,,,,201024.0,
Bihar PGMAC,Bihar,2025,NEET_AIR,3.UR(DIPLOMA)-1589,HOSPITAL TURKI MUZAFFARPUR Pathology,,,1.0,,,,202811.0,,,,202811.0,
Bihar PGMAC,Bihar,2025,NEET_AIR,3.UR(DIPLOMA)-1716,HOSPITAL TURKI MUZAFFARPUR Physiology,,,1.0,,,,217766.0,,,,217766.0,
Bihar PGMAC,Bihar,2025,NEET_AIR,A.N.M.M.C. GAYA,Anaesthesiology,,2.0,2.0,,,22490.0,50351.0,,,22473.0,41125.0,
Bihar PGMAC,Bihar,2025,NEET_AIR,A.N.M.M.C. GAYA,Anatomy,,,2.0,,,,182528.0,,,,162713.0,
Bihar PGMAC,Bihar,2025,NEET_AIR,A.N.M.M.C. GAYA,Biochemistry,,1.0,1.0,,,131022.0,142811.0,,,131022.0,142811.0,
Bihar PGMAC,Bihar,2025,NEET_AIR,A.N.M.M.C. GAYA,DERMATOLOGY,,1.0,1.0,,,6096.0,10198.0,,,6096.0,10198.0,
Bihar PGMAC,Bihar,2025,NEET_AIR,A.N.M.M.C. GAYA,E.N.T.,,,1.0,,,,82768.0,,,,82768.0,
Bihar PGMAC,Bihar,2025,NEET_AIR,A.N.M.M.C. GAYA,General Surgery,,2.0,2.0,,,37912.0,67255.0,,,15482.0,19486.0,
Bihar PGMAC,Bihar,2025,NEET_AIR,A.N.M.M.C. GAYA,Microbiology,,,1.0,,,,214368.0,,,,214368.0,
Bihar PGMAC,Bihar,2025,NEET_AIR,A.N.M.M.C. GAYA,OBS & GYNAE,,3.0,3.0,,,13131.0,15697.0,,,11475.0,12977.0,
Bihar PGMAC,Bihar,2025,NEET_AIR,A.N.M.M.C. GAYA,OPHTHALMOLOGY,,1.0,1.0,,,25332.0,215177.0,,,25332.0,215177.0,
Bihar PGMAC,Bihar,2025,NEET_AIR,A.N.M.M.C. GAYA,Orthopaedics,,1.0,,,,38706.0,,,,38706.0,,
Bihar PGMAC,Bihar,2025,NEET_AIR,A.N.M.M.C. GAYA,Paediatrics,,1.0,2.0,,,9895.0,17077.0,,,9895.0,15788.0,
Bihar PGMAC,Bihar,2025,NEET_AIR,A.N.M.M.C. GAYA,Pathology,,2.0,1.0,,,90255.0,72481.0,,,56709.0,72481.0,
Bihar PGMAC,Bihar,2025,NEET_AIR,A.N.M.M.C. GAYA,Pharmacology,,,1.0,,,,200859.0,,,,200859.0,
Bihar PGMAC,Bihar,2025,NEET_AIR,A.N.M.M.C. GAYA,Physiology,,,1.0,,,,126583.0,,,,126583.0,
Bihar PGMAC,Bihar,2025,NEET_AIR,AND HOSPITAL SAHARSA,Anaesthesiology,,4.0,,,,76719.0,,,,65800.0,,
Bihar PGMAC,Bihar,2025,NEET_AIR,AND HOSPITAL SAHARSA,DERMATOLOGY,,2.0,,,,84660.0,,,,80670.0,,
Bihar PGMAC,Bihar,2025,NEET_AIR,AND HOSPITAL SAHARSA,General Medicine,,4.0,,,,108312.0,,,,44306.0,,
Bihar PGMAC,Bihar,2025,NEET_AIR,AND HOSPITAL SAHARSA,General Surgery,,4.0,,,,88834.0,,,,56988.0,,
Bihar PGMAC,Bihar,2025,NEET_AIR,AND HOSPITAL SAHARSA,OBS & GYNAE,,2.0,,,,82817.0,,,,70415.0,,
Bihar PGMAC,Bihar,2025,NEET_AIR,AND HOSPITAL SAHARSA,OPHTHALMOLOGY,,4.0,,,,103600.0,,,,92679.0,,
Bihar PGMAC,Bihar,2025,NEET_AIR,AND HOSPITAL SAHARSA,Orthopaedics,,2.0,,,,136678.0,,,,99234.0,,
Bihar PGMAC,Bihar,2025,NEET_AIR,AND HOSPITAL SAHARSA,Paediatrics,,4.0,,,,90466.0,,,,82040.0,,
Bihar PGMAC,Bihar,2025,NEET_AIR,AND HOSPITAL SAHARSA,Radiodiagnosis,,1.0,,,,68619.0,,,,68619.0,,
Bihar PGMAC,Bihar,2025,NEET_AIR,Anaesthesiology,Against DQ Category Seat (SC),,,,1.0,,,,217380.0,,,,217380.0
Bihar PGMAC,Bihar,2025,NEET_AIR,Anaesthesiology,Against EWS Category Seat (Degree) - Female,,,,1.0,,,,133425.0,,,,133425.0
Bihar PGMAC,Bihar,2025,NEET_AIR,Anaesthesiology,Against NRI Category Seat (Degree),,,,1.0,,,,188885.0,,,,188885.0
Bihar PGMAC,Bihar,2025,NEET_AIR,Anaesthesiology,Against UR Category Seat (Degree),,,,2.0,,,,39143.0,,,,31462.0
Bihar PGMAC,Bihar,2025,NEET_AIR,Anaesthesiology,JUMP OVER ON BC seat (Degree),,,,1.0,,,,42097.0,,,,42097.0
Bihar PGMAC,Bihar,2025,NEET_AIR,Anaesthesiology,JUMP OVER ON EBC seat (Degree),,,,2.0,,,,44455.0,,,,36875.0
Bihar PGMAC,Bihar,2025,NEET_AIR,Anatomy,Against EBC Category Seat (Degree),,,,1.0,,,,205779.0,,,,205779.0
Bihar PGMAC,Bihar,2025,NEET_AIR,Anatomy,Against SC Category Seat (Degree),,,,1.0,,,,212772.0,,,,212772.0
Bihar PGMAC,Bihar,2025,NEET_AIR,Anatomy,Against SC Category Seat (Degree) - Female,,,,1.0,,,,226789.0,,,,226789.0
Bihar PGMAC,Bihar,2025,NEET_AIR,Anatomy,Against UR Category Seat (Degree),,,,2.0,,,,229720.0,,,,53992.0
Bihar PGMAC,Bihar,2025,NEET_AIR,"B.M.I.M.S,PAWAPURI, NALANDA",Anatomy,,,2.0,,,,197904.0,,,,177785.0,
Bihar PGMAC,Bihar,2025,NEET_AIR,"B.M.I.M.S,PAWAPURI, NALANDA",Biochemistry,,1.0,,,,100194.0,,,,100194.0,,
Bihar PGMAC,Bihar,2025,NEET_AIR,"B.M.I.M.S,PAWAPURI, NALANDA",General Medicine,,1.0,1.0,,,4900.0,6200.0,,,4900.0,6200.0,
Bihar PGMAC,Bihar,2025,NEET_AIR,"B.M.I.M.S,PAWAPURI, NALANDA",General Surgery,,2.0,2.0,,,15737.0,19795.0,,,12340.0,19589.0,
Bihar PGMAC,Bihar,2025,NEET_AIR,"B.M.I.M.S,PAWAPURI, NALANDA",Microbiology,,,1.0,,,,86552.0,,,,86552.0,
Bihar PGMAC,Bihar,2025,NEET_AIR,"B.M.I.M.S,PAWAPURI, NALANDA",Pathology,,2.0,2.0,,,72481.0,168043.0,,,62697.0,160871.0,
Bihar PGMAC,Bihar,2025,NEET_AIR,BC(DIPLOMA)- 1,P.M.C.PATNA,1.0,,,,680.0,,,,680.0,,,
Bihar PGMAC,Bihar,2025,NEET_AIR,BC(DIPLOMA)- 10,P.M.C.PATNA,1.0,,,,2422.0,,,,2422.0,,,
Bihar PGMAC,Bihar,2025,NEET_AIR,BC(DIPLOMA)- 14,P.M.C.PATNA,1.0,,,,2929.0,,,,2929.0,,,
Bihar PGMAC,Bihar,2025,NEET_AIR,BC(DIPLOMA)- 154,"N.M.C &.H, SASARAM",1.0,,,,21994.0,,,,21994.0,,,
Bihar PGMAC,Bihar,2025,NEET_AIR,BC(DIPLOMA)- 17,D.M.C.LAHERIASARAI,1.0,,,,3466.0,,,,3466.0,,,
Bihar PGMAC,Bihar,2025,NEET_AIR,BC(DIPLOMA)- 20,P.M.C.PATNA,1.0,,,,4198.0,,,,4198.0,,,
Bihar PGMAC,Bihar,2025,NEET_AIR,BC(DIPLOMA)- 22,P.M.C.PATNA,1.0,,,,4717.0,,,,4717.0,,,
Bihar PGMAC,Bihar,2025,NEET_AIR,BC(DIPLOMA)- 227,KISHANGANJ,1.0,,,,40713.0,,,,40713.0,,,
Bihar PGMAC,Bihar,2025,NEET_AIR,BC(DIPLOMA)- 23,I.G.I.M.S. PATNA,1.0,,,,5266.0,,,,5266.0,,,
Bihar PGMAC,Bihar,2025,NEET_AIR,BC(DIPLOMA)- 231,P.M.C.PATNA,1.0,,,,41450.0,,,,41450.0,,,
Bihar PGMAC,Bihar,2025,NEET_AIR,BC(DIPLOMA)- 236,"COLLEGE & HOSPITAL, SAHARSA",1.0,,,,44306.0,,,,44306.0,,,
Bihar PGMAC,Bihar,2025,NEET_AIR,BC(DIPLOMA)- 237,"COLLEGE & HOSPITAL, SAHARSA",1.0,,,,44817.0,,,,44817.0,,,
Bihar PGMAC,Bihar,2025,NEET_AIR,BC(DIPLOMA)- 238,D.M.C.LAHERIASARAI,1.0,,,,46721.0,,,,46721.0,,,
Bihar PGMAC,Bihar,2025,NEET_AIR,BC(DIPLOMA)- 24,I.G.I.M.S. PATNA,1.0,,,,5285.0,,,,5285.0,,,
Bihar PGMAC,Bihar,2025,NEET_AIR,BC(DIPLOMA)- 240,P.M.C.PATNA,1.0,,,,48405.0,,,,48405.0,,,
Bihar PGMAC,Bihar,2025,NEET_AIR,BC(DIPLOMA)- 248,S.K.M.C. MUZAFFARPUR,1.0,,,,51311.0,,,,51311.0,,,
Bihar PGMAC,Bihar,2025,NEET_AIR,BC(DIPLOMA)- 262,P.M.C.PATNA,1.0,,,,57135.0,,,,57135.0,,,
Bihar PGMAC,Bihar,2025,NEET_AIR,BC(DIPLOMA)- 27,I.G.I.M.S. PATNA,1.0,,,,5451.0,,,,5451.0,,,
Bihar PGMAC,Bihar,2025,NEET_AIR,BC(DIPLOMA)- 28,P.M.C.PATNA,1.0,,,,5754.0,,,,5754.0,,,
Bihar PGMAC,Bihar,2025,NEET_AIR,BC(DIPLOMA)- 29,I.G.I.M.S. PATNA,1.0,,,,5897.0,,,,5897.0,,,
Bihar PGMAC,Bihar,2025,NEET_AIR,BC(DIPLOMA)- 298,I.G.I.M.S. PATNA,1.0,,,,80185.0,,,,80185.0,,,
Bihar PGMAC,Bihar,2025,NEET_AIR,BC(DIPLOMA)- 3,P.M.C.PATNA,1.0,,,,1267.0,,,,1267.0,,,
Bihar PGMAC,Bihar,2025,NEET_AIR,BC(DIPLOMA)- 30,N.M.C. PATNA,1.0,,,,6200.0,,,,6200.0,,,
Bihar PGMAC,Bihar,2025,NEET_AIR,BC(DIPLOMA)- 305,J.L.N.M.C. BHAGALPUR,1.0,,,,85813.0,,,,85813.0,,,
Bihar PGMAC,Bihar,2025,NEET_AIR,BC(DIPLOMA)- 307,P.M.C.PATNA,1.0,,,,86552.0,,,,86552.0,,,
Bihar PGMAC,Bihar,2025,NEET_AIR,BC(DIPLOMA)- 34,N.M.C. PATNA,1.0,,,,6948.0,,,,6948.0,,,
Bihar PGMAC,Bihar,2025,NEET_AIR,BC(DIPLOMA)- 340,S.K.M.C. MUZAFFARPUR,1.0,,,,108328.0,,,,108328.0,,,
Bihar PGMAC,Bihar,2025,NEET_AIR,BC(DIPLOMA)- 349,K.M.C. KATIHAR,1.0,,,,123020.0,,,,123020.0,,,
Bihar PGMAC,Bihar,2025,NEET_AIR,BC(DIPLOMA)- 351,N.M.C. PATNA,1.0,,,,124953.0,,,,124953.0,,,
Bihar PGMAC,Bihar,2025,NEET_AIR,BC(DIPLOMA)- 4,P.M.C.PATNA,1.0,,,,1594.0,,,,1594.0,,,
Bihar PGMAC,Bihar,2025,NEET_AIR,BC(DIPLOMA)- 41,N.M.C. PATNA,1.0,,,,7478.0,,,,7478.0,,,
Bihar PGMAC,Bihar,2025,NEET_AIR,BC(DIPLOMA)- 42,N.M.C. PATNA,1.0,,,,7485.0,,,,7485.0,,,
Bihar PGMAC,Bihar,2025,NEET_AIR,BC(DIPLOMA)- 46,D.M.C.LAHERIASARAI,1.0,,,,7869.0,,,,7869.0,,,
Bihar PGMAC,Bihar,2025,NEET_AIR,BC(DIPLOMA)- 52,J.L.N.M.C. BHAGALPUR,1.0,,,,8726.0,,,,8726.0,,,
Bihar PGMAC,Bihar,2025,NEET_AIR,BC(DIPLOMA)- 53,N.M.C. PATNA,1.0,,,,8764.0,,,,8764.0,,,
Bihar PGMAC,Bihar,2025,NEET_AIR,BC(DIPLOMA)- 55,J.L.N.M.C. BHAGALPUR,1.0,,,,8944.0,,,,8944.0,,,
Bihar PGMAC,Bihar,2025,NEET_AIR,BC(DIPLOMA)- 56,A.N.M.M.C. GAYA,1.0,,,,9076.0,,,,9076.0,,,
Bihar PGMAC,Bihar,2025,NEET_AIR,BC(DIPLOMA)- 6,D.M.C.LAHERIASARAI,1.0,,,,1999.0,,,,1999.0,,,
Bihar PGMAC,Bihar,2025,NEET_AIR,BC(DIPLOMA)- 67,"B.M.I.M.S,PAWAPURI, NALANDA",1.0,,,,11421.0,,,,11421.0,,,
Bihar PGMAC,Bihar,2025,NEET_AIR,BC(DIPLOMA)- 71,I.G.I.M.S. PATNA,1.0,,,,12056.0,,,,12056.0,,,
Bihar PGMAC,Bihar,2025,NEET_AIR,BC(DIPLOMA)- 78,P.M.C.PATNA,1.0,,,,12425.0,,,,12425.0,,,
Bihar PGMAC,Bihar,2025,NEET_AIR,Biochemistry,Against SC Category Seat (Degree) - Female,,,,1.0,,,,213953.0,,,,213953.0
Bihar PGMAC,Bihar,2025,NEET_AIR,Biochemistry,Against UR Category Seat (Degree),,,,7.0,,,,230007.0,,,,208215.0
Bihar PGMAC,Bihar,2025,NEET_AIR,Biochemistry,Compensation Seat BC Against UR (Degree),,,,1.0,,,,160923.0,,,,160923.0
Bihar PGMAC,Bihar,2025,NEET_AIR,Biochemistry,Compensation Seat SC Against UR (Degree) - Female,,,,1.0,,,,224287.0,,,,224287.0
Bihar PGMAC,Bihar,2025,NEET_AIR,COLLEGE & HOSPITAL,Anaesthesiology,,,5.0,,,,163541.0,,,,80185.0,
Bihar PGMAC,Bihar,2025,NEET_AIR,COLLEGE & HOSPITAL,Anatomy,,,2.0,,,,222193.0,,,,209712.0,
Bihar PGMAC,Bihar,2025,NEET_AIR,COLLEGE & HOSPITAL,DERMATOLOGY,,,4.0,,,,158260.0,,,,68588.0,
Bihar PGMAC,Bihar,2025,NEET_AIR,COLLEGE & HOSPITAL,E.N.T.,,,4.0,,,,171016.0,,,,116747.0,
Bihar PGMAC,Bihar,2025,NEET_AIR,COLLEGE & HOSPITAL,General Medicine,,,2.0,,,,65853.0,,,,65800.0,
Bihar PGMAC,Bihar,2025,NEET_AIR,COLLEGE & HOSPITAL,General Surgery,,,2.0,,,,166226.0,,,,91474.0,
Bihar PGMAC,Bihar,2025,NEET_AIR,COLLEGE & HOSPITAL,Microbiology,,,4.0,,,,210598.0,,,,151356.0,
Bihar PGMAC,Bihar,2025,NEET_AIR,COLLEGE & HOSPITAL,OBS & GYNAE,,,3.0,,,,146441.0,,,,49738.0,
Bihar PGMAC,Bihar,2025,NEET_AIR,COLLEGE & HOSPITAL,OPHTHALMOLOGY,,,2.0,,,,158319.0,,,,93393.0,
Bihar PGMAC,Bihar,2025,NEET_AIR,COLLEGE & HOSPITAL,Orthopaedics,,,2.0,,,,178683.0,,,,99406.0,
Bihar PGMAC,Bihar,2025,NEET_AIR,COLLEGE & HOSPITAL,Paediatrics,,,3.0,,,,159445.0,,,,77485.0,
Bihar PGMAC,Bihar,2025,NEET_AIR,COLLEGE & HOSPITAL,Pharmacology,,,2.0,,,,229202.0,,,,205151.0,
Bihar PGMAC,Bihar,2025,NEET_AIR,COLLEGE & HOSPITAL,Psychiatry,,,2.0,,,,136541.0,,,,116794.0,
Bihar PGMAC,Bihar,2025,NEET_AIR,COLLEGE & HOSPITAL,Radiodiagnosis,,,5.0,,,,125636.0,,,,55744.0,
Bihar PGMAC,Bihar,2025,NEET_AIR,"COLLEGE & HOSPITAL, SAHARSA",Anaesthesiology,,5.0,1.0,,,63278.0,63545.0,,,56499.0,63545.0,
Bihar PGMAC,Bihar,2025,NEET_AIR,"COLLEGE & HOSPITAL, SAHARSA",DERMATOLOGY,,,1.0,,,,126157.0,,,,126157.0,
Bihar PGMAC,Bihar,2025,NEET_AIR,"COLLEGE & HOSPITAL, SAHARSA",E.N.T.,,2.0,2.0,,,71411.0,108151.0,,,59242.0,85921.0,
Bihar PGMAC,Bihar,2025,NEET_AIR,"COLLEGE & HOSPITAL, SAHARSA",General Medicine,,5.0,4.0,,,129022.0,121898.0,,,28385.0,44306.0,
Bihar PGMAC,Bihar,2025,NEET_AIR,"COLLEGE & HOSPITAL, SAHARSA",General Surgery,,5.0,4.0,,,44817.0,157289.0,,,33068.0,33465.0,
Bihar PGMAC,Bihar,2025,NEET_AIR,"COLLEGE & HOSPITAL, SAHARSA",MEDICINE,,1.0,2.0,,,81542.0,133672.0,,,81542.0,86268.0,
Bihar PGMAC,Bihar,2025,NEET_AIR,"COLLEGE & HOSPITAL, SAHARSA",Microbiology,,,2.0,,,,224723.0,,,,219933.0,
Bihar PGMAC,Bihar,2025,NEET_AIR,"COLLEGE & HOSPITAL, SAHARSA",OBS & GYNAE,,2.0,3.0,,,134192.0,148062.0,,,47635.0,47635.0,
Bihar PGMAC,Bihar,2025,NEET_AIR,"COLLEGE & HOSPITAL, SAHARSA",OPHTHALMOLOGY,,3.0,3.0,,,89751.0,117638.0,,,84874.0,84874.0,
Bihar PGMAC,Bihar,2025,NEET_AIR,"COLLEGE & HOSPITAL, SAHARSA",Orthopaedics,,3.0,3.0,,,48576.0,71920.0,,,46666.0,48144.0,
Bihar PGMAC,Bihar,2025,NEET_AIR,"COLLEGE & HOSPITAL, SAHARSA",Paediatrics,,5.0,5.0,,,115564.0,158653.0,,,54046.0,58855.0,
Bihar PGMAC,Bihar,2025,NEET_AIR,"COLLEGE & HOSPITAL, SAHARSA",Pathology,,,3.0,,,,195522.0,,,,156468.0,
Bihar PGMAC,Bihar,2025,NEET_AIR,"COLLEGE & HOSPITAL, SAHARSA",Pharmacology,,,3.0,,,,230087.0,,,,220443.0,
Bihar PGMAC,Bihar,2025,NEET_AIR,"COLLEGE & HOSPITAL, SAHARSA",Physiology,,,1.0,,,,206821.0,,,,206821.0,
Bihar PGMAC,Bihar,2025,NEET_AIR,"COLLEGE & HOSPITAL, SAHARSA",Radiodiagnosis,,3.0,2.0,,,131074.0,147368.0,,,60343.0,68619.0,
Bihar PGMAC,Bihar,2025,NEET_AIR,COMMUNITY MEDICINE,Against UR Category Seat (Degree),,,,2.0,,,,211545.0,,,,48340.0
Bihar PGMAC,Bihar,2025,NEET_AIR,COMMUNITY MEDICINE,Compensation Seat EBC Against UR (Degree),,,,1.0,,,,182828.0,,,,182828.0
Bihar PGMAC,Bihar,2025,NEET_AIR,COMMUNITY MEDICINE,Compensation Seat SC Against UR (Degree),,,,1.0,,,,188723.0,,,,188723.0
Bihar PGMAC,Bihar,2025,NEET_AIR,D.M.C.LAHERIASARAI,Anaesthesiology,,4.0,4.0,,,32018.0,39117.0,,,18987.0,28410.0,
Bihar PGMAC,Bihar,2025,NEET_AIR,D.M.C.LAHERIASARAI,Anatomy,,,5.0,,,,222238.0,,,,152901.0,
Bihar PGMAC,Bihar,2025,NEET_AIR,D.M.C.LAHERIASARAI,Biochemistry,,,1.0,,,,204109.0,,,,204109.0,
Bihar PGMAC,Bihar,2025,NEET_AIR,D.M.C.LAHERIASARAI,E.N.T.,,2.0,1.0,,,38184.0,32358.0,,,25124.0,32358.0,
Bihar PGMAC,Bihar,2025,NEET_AIR,D.M.C.LAHERIASARAI,General Medicine,,8.0,6.0,,,22682.0,13121.0,,,3466.0,3909.0,
Bihar PGMAC,Bihar,2025,NEET_AIR,D.M.C.LAHERIASARAI,General Surgery,,8.0,6.0,,,35730.0,22113.0,,,7961.0,7961.0,
Bihar PGMAC,Bihar,2025,NEET_AIR,D.M.C.LAHERIASARAI,MEDICINE,,4.0,,,,115611.0,,,,78951.0,,
Bihar PGMAC,Bihar,2025,NEET_AIR,D.M.C.LAHERIASARAI,Microbiology,,1.0,2.0,,,99955.0,176804.0,,,99955.0,117885.0,
Bihar PGMAC,Bihar,2025,NEET_AIR,D.M.C.LAHERIASARAI,OBS & GYNAE,,9.0,7.0,,,32909.0,32909.0,,,10191.0,10395.0,
Bihar PGMAC,Bihar,2025,NEET_AIR,D.M.C.LAHERIASARAI,OPHTHALMOLOGY,,3.0,3.0,,,39479.0,53024.0,,,21526.0,27054.0,
Bihar PGMAC,Bihar,2025,NEET_AIR,D.M.C.LAHERIASARAI,Orthopaedics,,3.0,3.0,,,28297.0,28297.0,,,8764.0,8764.0,
Bihar PGMAC,Bihar,2025,NEET_AIR,D.M.C.LAHERIASARAI,Paediatrics,,4.0,2.0,,,32344.0,13864.0,,,8944.0,12091.0,
Bihar PGMAC,Bihar,2025,NEET_AIR,D.M.C.LAHERIASARAI,Pathology,,5.0,2.0,,,117791.0,120809.0,,,49866.0,68563.0,
Bihar PGMAC,Bihar,2025,NEET_AIR,D.M.C.LAHERIASARAI,Pharmacology,,1.0,2.0,,,112827.0,228631.0,,,112827.0,126902.0,
Bihar PGMAC,Bihar,2025,NEET_AIR,D.M.C.LAHERIASARAI,Physiology,,,3.0,,,,220472.0,,,,97971.0,
Bihar PGMAC,Bihar,2025,NEET_AIR,D.M.C.LAHERIASARAI,Radiodiagnosis,,3.0,2.0,,,11671.0,8410.0,,,1133.0,3607.0,
Bihar PGMAC,Bihar,2025,NEET_AIR,DERMATOLOGY,JUMP OVER ON EBC seat (Degree),,,,1.0,,,,20950.0,,,,20950.0
Bihar PGMAC,Bihar,2025,NEET_AIR,DQ(DIPLOMA)- 1,P.M.C.PATNA,1.0,,,,80574.0,,,,80574.0,,,
Bihar PGMAC,Bihar,2025,NEET_AIR,DQ(DIPLOMA)- 2,N.M.C. PATNA,1.0,,,,84075.0,,,,84075.0,,,
Bihar PGMAC,Bihar,2025,NEET_AIR,E.N.T.,Against SC Category Seat (Degree),,,,1.0,,,,75804.0,,,,75804.0
Bihar PGMAC,Bihar,2025,NEET_AIR,E.N.T.,Against UR Category Seat (Degree),,,,2.0,,,,142730.0,,,,21428.0
Bihar PGMAC,Bihar,2025,NEET_AIR,E.N.T.,JUMP OVER ON EBC seat (Degree),,,,1.0,,,,36601.0,,,,36601.0
Bihar PGMAC,Bihar,2025,NEET_AIR,EBC(DIPLOMA)- 104,N.M.C. PATNA,1.0,,,,19358.0,,,,19358.0,,,
Bihar PGMAC,Bihar,2025,NEET_AIR,EBC(DIPLOMA)- 107,N.M.C. PATNA,1.0,,,,19569.0,,,,19569.0,,,
Bihar PGMAC,Bihar,2025,NEET_AIR,EBC(DIPLOMA)- 114,N.M.C. PATNA,1.0,,,,21095.0,,,,21095.0,,,
Bihar PGMAC,Bihar,2025,NEET_AIR,EBC(DIPLOMA)- 115,N.M.C. PATNA,1.0,,,,21145.0,,,,21145.0,,,
Bihar PGMAC,Bihar,2025,NEET_AIR,EBC(DIPLOMA)- 121,A.N.M.M.C. GAYA,1.0,,,,22676.0,,,,22676.0,,,
Bihar PGMAC,Bihar,2025,NEET_AIR,EBC(DIPLOMA)- 13,D.M.C.LAHERIASARAI,1.0,,,,4151.0,,,,4151.0,,,
Bihar PGMAC,Bihar,2025,NEET_AIR,EBC(DIPLOMA)- 14,J.L.N.M.C. BHAGALPUR,1.0,,,,4164.0,,,,4164.0,,,
Bihar PGMAC,Bihar,2025,NEET_AIR,EBC(DIPLOMA)- 140,D.M.C.LAHERIASARAI,1.0,,,,25124.0,,,,25124.0,,,
Bihar PGMAC,Bihar,2025,NEET_AIR,EBC(DIPLOMA)- 15,P.M.C.PATNA,1.0,,,,4553.0,,,,4553.0,,,
Bihar PGMAC,Bihar,2025,NEET_AIR,EBC(DIPLOMA)- 16,P.M.C.PATNA,1.0,,,,4713.0,,,,4713.0,,,
Bihar PGMAC,Bihar,2025,NEET_AIR,EBC(DIPLOMA)- 17,P.M.C.PATNA,1.0,,,,4885.0,,,,4885.0,,,
Bihar PGMAC,Bihar,2025,NEET_AIR,EBC(DIPLOMA)- 184,I.G.I.M.S. PATNA,1.0,,,,33891.0,,,,33891.0,,,
Bihar PGMAC,Bihar,2025,NEET_AIR,EBC(DIPLOMA)- 185,I.G.I.M.S. PATNA,1.0,,,,34140.0,,,,34140.0,,,
Bihar PGMAC,Bihar,2025,NEET_AIR,EBC(DIPLOMA)- 188,K.M.C. KATIHAR,1.0,,,,35213.0,,,,35213.0,,,
Bihar PGMAC,Bihar,2025,NEET_AIR,EBC(DIPLOMA)- 191,S.K.M.C. MUZAFFARPUR,1.0,,,,35733.0,,,,35733.0,,,
Bihar PGMAC,Bihar,2025,NEET_AIR,EBC(DIPLOMA)- 2,I.G.I.M.S. PATNA,1.0,,,,533.0,,,,533.0,,,
Bihar PGMAC,Bihar,2025,NEET_AIR,EBC(DIPLOMA)- 20,N.M.C. PATNA,1.0,,,,5196.0,,,,5196.0,,,
Bihar PGMAC,Bihar,2025,NEET_AIR,EBC(DIPLOMA)- 208,N.M.C. PATNA,1.0,,,,42001.0,,,,42001.0,,,
Bihar PGMAC,Bihar,2025,NEET_AIR,EBC(DIPLOMA)- 225,"N.M.C &.H, SASARAM",1.0,,,,45618.0,,,,45618.0,,,
Bihar PGMAC,Bihar,2025,NEET_AIR,EBC(DIPLOMA)- 24,P.M.C.PATNA,1.0,,,,6114.0,,,,6114.0,,,
Bihar PGMAC,Bihar,2025,NEET_AIR,EBC(DIPLOMA)- 250,P.M.C.PATNA,1.0,,,,59523.0,,,,59523.0,,,
Bihar PGMAC,Bihar,2025,NEET_AIR,EBC(DIPLOMA)- 257,K.M.C. KATIHAR,1.0,,,,63296.0,,,,63296.0,,,
Bihar PGMAC,Bihar,2025,NEET_AIR,EBC(DIPLOMA)- 261,K.M.C. KATIHAR,1.0,,,,65319.0,,,,65319.0,,,
Bihar PGMAC,Bihar,2025,NEET_AIR,EBC(DIPLOMA)- 27,N.M.C. PATNA,1.0,,,,6622.0,,,,6622.0,,,
Bihar PGMAC,Bihar,2025,NEET_AIR,EBC(DIPLOMA)- 272,J.L.N.M.C. BHAGALPUR,1.0,,,,76369.0,,,,76369.0,,,
Bihar PGMAC,Bihar,2025,NEET_AIR,EBC(DIPLOMA)- 287,I.G.I.M.S. PATNA,1.0,,,,91659.0,,,,91659.0,,,
Bihar PGMAC,Bihar,2025,NEET_AIR,EBC(DIPLOMA)- 288,MADHUBANI,1.0,,,,93121.0,,,,93121.0,,,
Bihar PGMAC,Bihar,2025,NEET_AIR,EBC(DIPLOMA)- 299,N.M.C. PATNA,1.0,,,,109225.0,,,,109225.0,,,
Bihar PGMAC,Bihar,2025,NEET_AIR,EBC(DIPLOMA)- 30,S.K.M.C. MUZAFFARPUR,1.0,,,,8251.0,,,,8251.0,,,
Bihar PGMAC,Bihar,2025,NEET_AIR,EBC(DIPLOMA)- 302,D.M.C.LAHERIASARAI,1.0,,,,112827.0,,,,112827.0,,,
Bihar PGMAC,Bihar,2025,NEET_AIR,EBC(DIPLOMA)- 303,J.L.N.M.C. BHAGALPUR,1.0,,,,114315.0,,,,114315.0,,,
Bihar PGMAC,Bihar,2025,NEET_AIR,EBC(DIPLOMA)- 311,K.M.C. KATIHAR,1.0,,,,123778.0,,,,123778.0,,,
Bihar PGMAC,Bihar,2025,NEET_AIR,EBC(DIPLOMA)- 312,"N.M.C &.H, SASARAM",1.0,,,,124209.0,,,,124209.0,,,
Bihar PGMAC,Bihar,2025,NEET_AIR,EBC(DIPLOMA)- 32,P.M.C.PATNA,1.0,,,,8415.0,,,,8415.0,,,
Bihar PGMAC,Bihar,2025,NEET_AIR,EBC(DIPLOMA)- 33,D.M.C.LAHERIASARAI,1.0,,,,8462.0,,,,8462.0,,,
Bihar PGMAC,Bihar,2025,NEET_AIR,EBC(DIPLOMA)- 38,I.G.I.M.S. PATNA,1.0,,,,9944.0,,,,9944.0,,,
Bihar PGMAC,Bihar,2025,NEET_AIR,EBC(DIPLOMA)- 39,I.G.I.M.S. PATNA,1.0,,,,10123.0,,,,10123.0,,,
Bihar PGMAC,Bihar,2025,NEET_AIR,EBC(DIPLOMA)- 40,A.N.M.M.C. GAYA,1.0,,,,10207.0,,,,10207.0,,,
Bihar PGMAC,Bihar,2025,NEET_AIR,EBC(DIPLOMA)- 43,"B.M.I.M.S,PAWAPURI, NALANDA",1.0,,,,10588.0,,,,10588.0,,,
Bihar PGMAC,Bihar,2025,NEET_AIR,EBC(DIPLOMA)- 5,P.M.C.PATNA,1.0,,,,1133.0,,,,1133.0,,,
Bihar PGMAC,Bihar,2025,NEET_AIR,EBC(DIPLOMA)- 6,N.M.C. PATNA,1.0,,,,2042.0,,,,2042.0,,,
Bihar PGMAC,Bihar,2025,NEET_AIR,EBC(DIPLOMA)- 7,N.M.C. PATNA,1.0,,,,2786.0,,,,2786.0,,,
Bihar PGMAC,Bihar,2025,NEET_AIR,EBC(DIPLOMA)- 96,P.M.C.PATNA,1.0,,,,18411.0,,,,18411.0,,,
Bihar PGMAC,Bihar,2025,NEET_AIR,EWS(DIPLOMA)- 1,I.G.I.M.S. PATNA,1.0,,,,651.0,,,,651.0,,,
Bihar PGMAC,Bihar,2025,NEET_AIR,EWS(DIPLOMA)- 10,J.L.N.M.C. BHAGALPUR,1.0,,,,4531.0,,,,4531.0,,,
Bihar PGMAC,Bihar,2025,NEET_AIR,EWS(DIPLOMA)- 108,COLLEGE & HOSPITAL,1.0,,,,27501.0,,,,27501.0,,,
Bihar PGMAC,Bihar,2025,NEET_AIR,EWS(DIPLOMA)- 12,P.M.C.PATNA,1.0,,,,5178.0,,,,5178.0,,,
Bihar PGMAC,Bihar,2025,NEET_AIR,EWS(DIPLOMA)- 120,P.M.C.PATNA,1.0,,,,31829.0,,,,31829.0,,,
Bihar PGMAC,Bihar,2025,NEET_AIR,EWS(DIPLOMA)- 128,KISHANGANJ,1.0,,,,39117.0,,,,39117.0,,,
Bihar PGMAC,Bihar,2025,NEET_AIR,EWS(DIPLOMA)- 13,P.M.C.PATNA,1.0,,,,5204.0,,,,5204.0,,,
Bihar PGMAC,Bihar,2025,NEET_AIR,EWS(DIPLOMA)- 133,P.M.C.PATNA,1.0,,,,44483.0,,,,44483.0,,,
Bihar PGMAC,Bihar,2025,NEET_AIR,EWS(DIPLOMA)- 14,I.G.I.M.S. PATNA,1.0,,,,5760.0,,,,5760.0,,,
Bihar PGMAC,Bihar,2025,NEET_AIR,EWS(DIPLOMA)- 143,MADHUBANI,1.0,,,,68204.0,,,,68204.0,,,
Bihar PGMAC,Bihar,2025,NEET_AIR,EWS(DIPLOMA)- 145,P.M.C.PATNA,1.0,,,,69489.0,,,,69489.0,,,
Bihar PGMAC,Bihar,2025,NEET_AIR,EWS(DIPLOMA)- 146,D.M.C.LAHERIASARAI,1.0,,,,74991.0,,,,74991.0,,,
Bihar PGMAC,Bihar,2025,NEET_AIR,EWS(DIPLOMA)- 151,N.M.C. PATNA,1.0,,,,82817.0,,,,82817.0,,,
Bihar PGMAC,Bihar,2025,NEET_AIR,EWS(DIPLOMA)- 152,N.M.C. PATNA,1.0,,,,83328.0,,,,83328.0,,,
Bihar PGMAC,Bihar,2025,NEET_AIR,EWS(DIPLOMA)- 159,D.M.C.LAHERIASARAI,1.0,,,,100041.0,,,,100041.0,,,
Bihar PGMAC,Bihar,2025,NEET_AIR,EWS(DIPLOMA)- 160,"B.M.I.M.S,PAWAPURI, NALANDA",1.0,,,,100194.0,,,,100194.0,,,
Bihar PGMAC,Bihar,2025,NEET_AIR,EWS(DIPLOMA)- 163,P.M.C.PATNA,1.0,,,,113511.0,,,,113511.0,,,
Bihar PGMAC,Bihar,2025,NEET_AIR,EWS(DIPLOMA)- 17,A.N.M.M.C. GAYA,1.0,,,,6096.0,,,,6096.0,,,
Bihar PGMAC,Bihar,2025,NEET_AIR,EWS(DIPLOMA)- 18,P.M.C.PATNA,1.0,,,,6147.0,,,,6147.0,,,
Bihar PGMAC,Bihar,2025,NEET_AIR,EWS(DIPLOMA)- 2,I.G.I.M.S. PATNA,1.0,,,,1719.0,,,,1719.0,,,
Bihar PGMAC,Bihar,2025,NEET_AIR,EWS(DIPLOMA)- 20,N.M.C. PATNA,1.0,,,,7779.0,,,,7779.0,,,
Bihar PGMAC,Bihar,2025,NEET_AIR,EWS(DIPLOMA)- 21,N.M.C. PATNA,1.0,,,,7936.0,,,,7936.0,,,
Bihar PGMAC,Bihar,2025,NEET_AIR,EWS(DIPLOMA)- 22,S.K.M.C. MUZAFFARPUR,1.0,,,,8039.0,,,,8039.0,,,
Bihar PGMAC,Bihar,2025,NEET_AIR,EWS(DIPLOMA)- 23,D.M.C.LAHERIASARAI,1.0,,,,8828.0,,,,8828.0,,,
Bihar PGMAC,Bihar,2025,NEET_AIR,EWS(DIPLOMA)- 25,P.M.C.PATNA,1.0,,,,9138.0,,,,9138.0,,,
Bihar PGMAC,Bihar,2025,NEET_AIR,EWS(DIPLOMA)- 27,N.M.C. PATNA,1.0,,,,9314.0,,,,9314.0,,,
Bihar PGMAC,Bihar,2025,NEET_AIR,EWS(DIPLOMA)- 28,S.K.M.C. MUZAFFARPUR,1.0,,,,9910.0,,,,9910.0,,,
Bihar PGMAC,Bihar,2025,NEET_AIR,EWS(DIPLOMA)- 3,P.M.C.PATNA,1.0,,,,2365.0,,,,2365.0,,,
Bihar PGMAC,Bihar,2025,NEET_AIR,EWS(DIPLOMA)- 34,D.M.C.LAHERIASARAI,1.0,,,,11111.0,,,,11111.0,,,
Bihar PGMAC,Bihar,2025,NEET_AIR,EWS(DIPLOMA)- 35,S.K.M.C. MUZAFFARPUR,1.0,,,,11136.0,,,,11136.0,,,
Bihar PGMAC,Bihar,2025,NEET_AIR,EWS(DIPLOMA)- 37,J.L.N.M.C. BHAGALPUR,1.0,,,,11531.0,,,,11531.0,,,
Bihar PGMAC,Bihar,2025,NEET_AIR,EWS(DIPLOMA)- 4,D.M.C.LAHERIASARAI,1.0,,,,2575.0,,,,2575.0,,,
Bihar PGMAC,Bihar,2025,NEET_AIR,EWS(DIPLOMA)- 40,D.M.C.LAHERIASARAI,1.0,,,,11689.0,,,,11689.0,,,
Bihar PGMAC,Bihar,2025,NEET_AIR,EWS(DIPLOMA)- 42,J.L.N.M.C. BHAGALPUR,1.0,,,,11950.0,,,,11950.0,,,
Bihar PGMAC,Bihar,2025,NEET_AIR,EWS(DIPLOMA)- 49,D.M.C.LAHERIASARAI,1.0,,,,12632.0,,,,12632.0,,,
Bihar PGMAC,Bihar,2025,NEET_AIR,EWS(DIPLOMA)- 51,I.G.I.M.S. PATNA,1.0,,,,12792.0,,,,12792.0,,,
Bihar PGMAC,Bihar,2025,NEET_AIR,EWS(DIPLOMA)- 6,D.M.C.LAHERIASARAI,1.0,,,,2862.0,,,,2862.0,,,
Bihar PGMAC,Bihar,2025,NEET_AIR,EWS(DIPLOMA)- 61,I.G.I.M.S. PATNA,1.0,,,,14683.0,,,,14683.0,,,
Bihar PGMAC,Bihar,2025,NEET_AIR,EWS(DIPLOMA)- 67,D.M.C.LAHERIASARAI,1.0,,,,15839.0,,,,15839.0,,,
Bihar PGMAC,Bihar,2025,NEET_AIR,EWS(DIPLOMA)- 7,P.M.C.PATNA,1.0,,,,3121.0,,,,3121.0,,,
Bihar PGMAC,Bihar,2025,NEET_AIR,EWS(DIPLOMA)- 73,N.M.C. PATNA,1.0,,,,16965.0,,,,16965.0,,,
Bihar PGMAC,Bihar,2025,NEET_AIR,EWS(DIPLOMA)- 86,A.N.M.M.C. GAYA,1.0,,,,19163.0,,,,19163.0,,,
Bihar PGMAC,Bihar,2025,NEET_AIR,EWS(DIPLOMA)- 9,D.M.C.LAHERIASARAI,1.0,,,,4311.0,,,,4311.0,,,
Bihar PGMAC,Bihar,2025,NEET_AIR,F.M.T.,Compensation Seat BC Against UR (Degree),,,,1.0,,,,153889.0,,,,153889.0
Bihar PGMAC,Bihar,2025,NEET_AIR,F.M.T.,Compensation Seat RCG Against UR (Degree),,,,1.0,,,,207885.0,,,,207885.0
Bihar PGMAC,Bihar,2025,NEET_AIR,F.M.T.,Compensation Seat SC Against UR (Degree) - Female,,,,1.0,,,,227084.0,,,,227084.0
Bihar PGMAC,Bihar,2025,NEET_AIR,"G.M.C., BETTIAH",Biochemistry,,,1.0,,,,227159.0,,,,227159.0,
Bihar PGMAC,Bihar,2025,NEET_AIR,"G.M.C., BETTIAH",Microbiology,,,2.0,,,,222245.0,,,,178451.0,
Bihar PGMAC,Bihar,2025,NEET_AIR,"G.M.C., BETTIAH",OBS & GYNAE,,1.0,,,,13255.0,,,,13255.0,,
Bihar PGMAC,Bihar,2025,NEET_AIR,"G.M.C., BETTIAH",OPHTHALMOLOGY,,1.0,1.0,,,26592.0,42357.0,,,26592.0,42357.0,
Bihar PGMAC,Bihar,2025,NEET_AIR,"G.M.C., BETTIAH",Paediatrics,,1.0,1.0,,,7926.0,123737.0,,,7926.0,123737.0,
Bihar PGMAC,Bihar,2025,NEET_AIR,"G.M.C., BETTIAH",Radiodiagnosis,,1.0,1.0,,,3607.0,7168.0,,,3607.0,7168.0,
Bihar PGMAC,Bihar,2025,NEET_AIR,General Medicine,Against UR Category Seat (Degree) - Female,,,,1.0,,,,18413.0,,,,18413.0
Bihar PGMAC,Bihar,2025,NEET_AIR,General Surgery,Against DQ Category Seat (UR),,,,1.0,,,,214723.0,,,,214723.0
Bihar PGMAC,Bihar,2025,NEET_AIR,General Surgery,Against UR Category Seat (Degree),,,,2.0,,,,145920.0,,,,141336.0
Bihar PGMAC,Bihar,2025,NEET_AIR,General Surgery,JUMP OVER ON EWS seat (Degree),,,,1.0,,,,18874.0,,,,18874.0
Bihar PGMAC,Bihar,2025,NEET_AIR,General Surgery,JUMP OVER ON SC seat (Degree),,,,1.0,,,,51454.0,,,,51454.0
Bihar PGMAC,Bihar,2025,NEET_AIR,General Surgery,JUMP OVER ON SC seat (Degree) - Female,,,,1.0,,,,67266.0,,,,67266.0
Bihar PGMAC,Bihar,2025,NEET_AIR,HOSPITAL,Anaesthesiology,,5.0,,,,84484.0,,,,70473.0,,
Bihar PGMAC,Bihar,2025,NEET_AIR,HOSPITAL,DERMATOLOGY,,3.0,,,,88172.0,,,,71917.0,,
Bihar PGMAC,Bihar,2025,NEET_AIR,HOSPITAL,E.N.T.,,3.0,,,,85921.0,,,,64826.0,,
Bihar PGMAC,Bihar,2025,NEET_AIR,HOSPITAL,General Medicine,,3.0,,,,55165.0,,,,49538.0,,
Bihar PGMAC,Bihar,2025,NEET_AIR,HOSPITAL,General Surgery,,6.0,,,,87142.0,,,,63301.0,,
Bihar PGMAC,Bihar,2025,NEET_AIR,HOSPITAL,OBS & GYNAE,,3.0,,,,64774.0,,,,45280.0,,
Bihar PGMAC,Bihar,2025,NEET_AIR,HOSPITAL,OPHTHALMOLOGY,,1.0,,,,52356.0,,,,52356.0,,
Bihar PGMAC,Bihar,2025,NEET_AIR,HOSPITAL,Orthopaedics,,3.0,,,,131994.0,,,,99406.0,,
Bihar PGMAC,Bihar,2025,NEET_AIR,HOSPITAL,Paediatrics,,2.0,,,,67789.0,,,,66248.0,,
Bihar PGMAC,Bihar,2025,NEET_AIR,HOSPITAL,Pathology,,1.0,,,,105365.0,,,,105365.0,,
Bihar PGMAC,Bihar,2025,NEET_AIR,HOSPITAL,Psychiatry,,3.0,,,,87337.0,,,,64655.0,,
Bihar PGMAC,Bihar,2025,NEET_AIR,HOSPITAL,Radiodiagnosis,,7.0,,,,109327.0,,,,34937.0,,
Bihar PGMAC,Bihar,2025,NEET_AIR,HOSPITAL TURKI MUZAFFARPUR,Anaesthesiology,,3.0,3.0,,,95218.0,163527.0,,,78852.0,76811.0,
Bihar PGMAC,Bihar,2025,NEET_AIR,HOSPITAL TURKI MUZAFFARPUR,Anatomy,,,2.0,,,,212361.0,,,,148974.0,
Bihar PGMAC,Bihar,2025,NEET_AIR,HOSPITAL TURKI MUZAFFARPUR,Biochemistry,,,3.0,,,,228568.0,,,,193833.0,
Bihar PGMAC,Bihar,2025,NEET_AIR,HOSPITAL TURKI MUZAFFARPUR,E.N.T.,,3.0,3.0,,,86461.0,167999.0,,,74621.0,86461.0,
Bihar PGMAC,Bihar,2025,NEET_AIR,HOSPITAL TURKI MUZAFFARPUR,General Medicine,,,4.0,,,,130033.0,,,,67789.0,
Bihar PGMAC,Bihar,2025,NEET_AIR,HOSPITAL TURKI MUZAFFARPUR,General Surgery,,,2.0,,,,111339.0,,,,95288.0,
Bihar PGMAC,Bihar,2025,NEET_AIR,HOSPITAL TURKI MUZAFFARPUR,Microbiology,,,4.0,,,,228216.0,,,,219605.0,
Bihar PGMAC,Bihar,2025,NEET_AIR,HOSPITAL TURKI MUZAFFARPUR,OBS & GYNAE,,4.0,3.0,,,129128.0,83617.0,,,69165.0,72966.0,
Bihar PGMAC,Bihar,2025,NEET_AIR,HOSPITAL TURKI MUZAFFARPUR,OPHTHALMOLOGY,,3.0,2.0,,,86077.0,126102.0,,,53718.0,94030.0,
Bihar PGMAC,Bihar,2025,NEET_AIR,HOSPITAL TURKI MUZAFFARPUR,Orthopaedics,,2.0,4.0,,,133132.0,180109.0,,,125541.0,105889.0,
Bihar PGMAC,Bihar,2025,NEET_AIR,HOSPITAL TURKI MUZAFFARPUR,Paediatrics,,,3.0,,,,141007.0,,,,127998.0,
Bihar PGMAC,Bihar,2025,NEET_AIR,HOSPITAL TURKI MUZAFFARPUR,Pathology,,,3.0,,,,190647.0,,,,173751.0,
Bihar PGMAC,Bihar,2025,NEET_AIR,HOSPITAL TURKI MUZAFFARPUR,Radiodiagnosis,,,3.0,,,,181562.0,,,,76069.0,
Bihar PGMAC,Bihar,2025,NEET_AIR,I.G.I.M.S. PATNA,Anaesthesiology,,10.0,8.0,,,39534.0,181845.0,,,12425.0,19021.0,
Bihar PGMAC,Bihar,2025,NEET_AIR,I.G.I.M.S. PATNA,Anatomy,,,2.0,,,,162581.0,,,,104037.0,
Bihar PGMAC,Bihar,2025,NEET_AIR,I.G.I.M.S. PATNA,Biochemistry,,1.0,1.0,,,128402.0,127426.0,,,128402.0,127426.0,
Bihar PGMAC,Bihar,2025,NEET_AIR,I.G.I.M.S. PATNA,DERMATOLOGY,,2.0,2.0,,,3135.0,3503.0,,,2812.0,2812.0,
Bihar PGMAC,Bihar,2025,NEET_AIR,I.G.I.M.S. PATNA,E.N.T.,,1.0,1.0,,,15721.0,15721.0,,,15721.0,15721.0,
Bihar PGMAC,Bihar,2025,NEET_AIR,I.G.I.M.S. PATNA,F.M.T.,,1.0,1.0,,,88480.0,156534.0,,,88480.0,156534.0,
Bihar PGMAC,Bihar,2025,NEET_AIR,I.G.I.M.S. PATNA,General Medicine,,4.0,1.0,,,34432.0,34432.0,,,1436.0,34432.0,
Bihar PGMAC,Bihar,2025,NEET_AIR,I.G.I.M.S. PATNA,General Surgery,,3.0,2.0,,,37839.0,15217.0,,,10123.0,12023.0,
Bihar PGMAC,Bihar,2025,NEET_AIR,I.G.I.M.S. PATNA,MEDICINE,,4.0,2.0,,,67841.0,13599.0,,,10156.0,12792.0,
Bihar PGMAC,Bihar,2025,NEET_AIR,I.G.I.M.S. PATNA,Microbiology,,3.0,2.0,,,72306.0,222708.0,,,65740.0,79520.0,
Bihar PGMAC,Bihar,2025,NEET_AIR,I.G.I.M.S. PATNA,OBS & GYNAE,,2.0,,,,10103.0,,,,9674.0,,
Bihar PGMAC,Bihar,2025,NEET_AIR,I.G.I.M.S. PATNA,OPHTHALMOLOGY,,2.0,2.0,,,15217.0,17114.0,,,11199.0,16812.0,
Bihar PGMAC,Bihar,2025,NEET_AIR,I.G.I.M.S. PATNA,Orthopaedics,,2.0,1.0,,,10657.0,17880.0,,,9163.0,17880.0,
Bihar PGMAC,Bihar,2025,NEET_AIR,I.G.I.M.S. PATNA,Paediatrics,,3.0,3.0,,,8039.0,11531.0,,,4198.0,6597.0,
Bihar PGMAC,Bihar,2025,NEET_AIR,I.G.I.M.S. PATNA,Pathology,,3.0,2.0,,,74364.0,51997.0,,,32053.0,32053.0,
Bihar PGMAC,Bihar,2025,NEET_AIR,I.G.I.M.S. PATNA,Pharmacology,,1.0,1.0,,,74161.0,74161.0,,,74161.0,74161.0,
Bihar PGMAC,Bihar,2025,NEET_AIR,I.G.I.M.S. PATNA,Physiology,,1.0,1.0,,,91659.0,91659.0,,,91659.0,91659.0,
Bihar PGMAC,Bihar,2025,NEET_AIR,I.G.I.M.S. PATNA,Psychiatry,,1.0,1.0,,,14683.0,32197.0,,,14683.0,32197.0,
Bihar PGMAC,Bihar,2025,NEET_AIR,I.G.I.M.S. PATNA,RADIO ONCOLOGY,,2.0,1.0,,,29653.0,9456.0,,,9456.0,9456.0,
Bihar PGMAC,Bihar,2025,NEET_AIR,I.G.I.M.S. PATNA,Radiodiagnosis,,2.0,,,,1719.0,,,,574.0,,
Bihar PGMAC,Bihar,2025,NEET_AIR,J.L.N.M.C. BHAGALPUR,Anatomy,,,1.0,,,,210130.0,,,,210130.0,
Bihar PGMAC,Bihar,2025,NEET_AIR,J.L.N.M.C. BHAGALPUR,Biochemistry,,,2.0,,,,203701.0,,,,160528.0,
Bihar PGMAC,Bihar,2025,NEET_AIR,J.L.N.M.C. BHAGALPUR,F.M.T.,,,1.0,,,,180033.0,,,,180033.0,
Bihar PGMAC,Bihar,2025,NEET_AIR,J.L.N.M.C. BHAGALPUR,General Medicine,,6.0,4.0,,,21656.0,9169.0,,,4631.0,6021.0,
Bihar PGMAC,Bihar,2025,NEET_AIR,J.L.N.M.C. BHAGALPUR,General Surgery,,6.0,6.0,,,37085.0,219380.0,,,12058.0,13057.0,
Bihar PGMAC,Bihar,2025,NEET_AIR,J.L.N.M.C. BHAGALPUR,MEDICINE,,2.0,1.0,,,91440.0,16592.0,,,11950.0,16592.0,
Bihar PGMAC,Bihar,2025,NEET_AIR,J.L.N.M.C. BHAGALPUR,Microbiology,,1.0,2.0,,,85813.0,210451.0,,,85813.0,198443.0,
Bihar PGMAC,Bihar,2025,NEET_AIR,J.L.N.M.C. BHAGALPUR,OBS & GYNAE,,1.0,1.0,,,10298.0,10298.0,,,10298.0,10298.0,
Bihar PGMAC,Bihar,2025,NEET_AIR,J.L.N.M.C. BHAGALPUR,OPHTHALMOLOGY,,1.0,,,,16812.0,,,,16812.0,,
Bihar PGMAC,Bihar,2025,NEET_AIR,J.L.N.M.C. BHAGALPUR,Orthopaedics,,1.0,1.0,,,10522.0,13561.0,,,10522.0,13561.0,
Bihar PGMAC,Bihar,2025,NEET_AIR,J.L.N.M.C. BHAGALPUR,Paediatrics,,2.0,3.0,,,14528.0,19598.0,,,9169.0,14528.0,
Bihar PGMAC,Bihar,2025,NEET_AIR,J.L.N.M.C. BHAGALPUR,Pathology,,2.0,1.0,,,121948.0,56959.0,,,50351.0,56959.0,
Bihar PGMAC,Bihar,2025,NEET_AIR,J.L.N.M.C. BHAGALPUR,Pharmacology,,1.0,2.0,,,131880.0,222774.0,,,131880.0,194136.0,
Bihar PGMAC,Bihar,2025,NEET_AIR,J.L.N.M.C. BHAGALPUR,Physiology,,,2.0,,,,178524.0,,,,160441.0,
Bihar PGMAC,Bihar,2025,NEET_AIR,J.L.N.M.C. BHAGALPUR,Psychiatry,,2.0,,,,42274.0,,,,23477.0,,
Bihar PGMAC,Bihar,2025,NEET_AIR,K.M.C. KATIHAR,Anaesthesiology,,5.0,4.0,,,76369.0,148617.0,,,63846.0,76369.0,
Bihar PGMAC,Bihar,2025,NEET_AIR,K.M.C. KATIHAR,Anatomy,,,2.0,,,,226650.0,,,,222487.0,
Bihar PGMAC,Bihar,2025,NEET_AIR,K.M.C. KATIHAR,DERMATOLOGY,,2.0,2.0,,,64873.0,141021.0,,,58736.0,98893.0,
Bihar PGMAC,Bihar,2025,NEET_AIR,K.M.C. KATIHAR,E.N.T.,,1.0,,,,88582.0,,,,88582.0,,
Bihar PGMAC,Bihar,2025,NEET_AIR,K.M.C. KATIHAR,General Medicine,,11.0,7.0,,,131424.0,117933.0,,,35213.0,29238.0,
Bihar PGMAC,Bihar,2025,NEET_AIR,K.M.C. KATIHAR,General Surgery,,5.0,3.0,,,96004.0,183172.0,,,62865.0,74318.0,
Bihar PGMAC,Bihar,2025,NEET_AIR,K.M.C. KATIHAR,MEDICINE,,2.0,2.0,,,84548.0,218359.0,,,68391.0,84548.0,
Bihar PGMAC,Bihar,2025,NEET_AIR,K.M.C. KATIHAR,Microbiology,,,2.0,,,,228418.0,,,,162751.0,
Bihar PGMAC,Bihar,2025,NEET_AIR,K.M.C. KATIHAR,OBS & GYNAE,,4.0,5.0,,,123763.0,146432.0,,,80212.0,109914.0,
Bihar PGMAC,Bihar,2025,NEET_AIR,K.M.C. KATIHAR,OPHTHALMOLOGY,,2.0,1.0,,,66093.0,59086.0,,,59086.0,59086.0,
Bihar PGMAC,Bihar,2025,NEET_AIR,K.M.C. KATIHAR,Orthopaedics,,5.0,5.0,,,125744.0,190949.0,,,89151.0,120692.0,
Bihar PGMAC,Bihar,2025,NEET_AIR,K.M.C. KATIHAR,Paediatrics,,3.0,5.0,,,88458.0,166103.0,,,62161.0,131444.0,
Bihar PGMAC,Bihar,2025,NEET_AIR,K.M.C. KATIHAR,Pathology,,3.0,1.0,,,103379.0,120170.0,,,62436.0,120170.0,
Bihar PGMAC,Bihar,2025,NEET_AIR,K.M.C. KATIHAR,Pharmacology,,,1.0,,,,227225.0,,,,227225.0,
Bihar PGMAC,Bihar,2025,NEET_AIR,K.M.C. KATIHAR,Psychiatry,,1.0,1.0,,,64476.0,134234.0,,,64476.0,134234.0,
Bihar PGMAC,Bihar,2025,NEET_AIR,K.M.C. KATIHAR,Radiodiagnosis,,5.0,2.0,,,95597.0,95663.0,,,64028.0,73253.0,
Bihar PGMAC,Bihar,2025,NEET_AIR,KISHANGANJ,Anaesthesiology,,,5.0,,,,143805.0,,,,71336.0,
Bihar PGMAC,Bihar,2025,NEET_AIR,KISHANGANJ,DERMATOLOGY,,,2.0,,,,134192.0,,,,132652.0,
Bihar PGMAC,Bihar,2025,NEET_AIR,KISHANGANJ,E.N.T.,,,2.0,,,,64655.0,,,,49393.0,
Bihar PGMAC,Bihar,2025,NEET_AIR,KISHANGANJ,General Surgery,,,5.0,,,,201251.0,,,,57004.0,
Bihar PGMAC,Bihar,2025,NEET_AIR,KISHANGANJ,Microbiology,,,4.0,,,,230073.0,,,,223447.0,
Bihar PGMAC,Bihar,2025,NEET_AIR,KISHANGANJ,OBS & GYNAE,,,4.0,,,,102813.0,,,,75645.0,
Bihar PGMAC,Bihar,2025,NEET_AIR,KISHANGANJ,OPHTHALMOLOGY,,,3.0,,,,122574.0,,,,52356.0,
Bihar PGMAC,Bihar,2025,NEET_AIR,KISHANGANJ,Orthopaedics,,,6.0,,,,158313.0,,,,70994.0,
Bihar PGMAC,Bihar,2025,NEET_AIR,KISHANGANJ,Paediatrics,,,4.0,,,,133877.0,,,,50906.0,
Bihar PGMAC,Bihar,2025,NEET_AIR,KISHANGANJ,Pathology,,,6.0,,,,194394.0,,,,137690.0,
Bihar PGMAC,Bihar,2025,NEET_AIR,KISHANGANJ,Pharmacology,,,2.0,,,,225512.0,,,,219545.0,
Bihar PGMAC,Bihar,2025,NEET_AIR,KISHANGANJ,Physiology,,,1.0,,,,205124.0,,,,205124.0,
Bihar PGMAC,Bihar,2025,NEET_AIR,KISHANGANJ,Radiodiagnosis,,,3.0,,,,124393.0,,,,41731.0,
Bihar PGMAC,Bihar,2025,NEET_AIR,MADHUBANI,Anaesthesiology,,6.0,6.0,,,106259.0,172262.0,,,85332.0,87402.0,
Bihar PGMAC,Bihar,2025,NEET_AIR,MADHUBANI,Anatomy,,,4.0,,,,229372.0,,,,185843.0,
Bihar PGMAC,Bihar,2025,NEET_AIR,MADHUBANI,DERMATOLOGY,,3.0,2.0,,,132275.0,188124.0,,,61769.0,80670.0,
Bihar PGMAC,Bihar,2025,NEET_AIR,MADHUBANI,E.N.T.,,2.0,3.0,,,93133.0,157285.0,,,70578.0,70578.0,
Bihar PGMAC,Bihar,2025,NEET_AIR,MADHUBANI,General Medicine,,9.0,4.0,,,105205.0,94778.0,,,52201.0,66749.0,
Bihar PGMAC,Bihar,2025,NEET_AIR,MADHUBANI,General Surgery,,10.0,8.0,,,109945.0,183769.0,,,85131.0,101213.0,
Bihar PGMAC,Bihar,2025,NEET_AIR,MADHUBANI,Microbiology,,,3.0,,,,229211.0,,,,185356.0,
Bihar PGMAC,Bihar,2025,NEET_AIR,MADHUBANI,OBS & GYNAE,,5.0,5.0,,,80604.0,127472.0,,,69757.0,75561.0,
Bihar PGMAC,Bihar,2025,NEET_AIR,MADHUBANI,OPHTHALMOLOGY,,2.0,1.0,,,92319.0,87337.0,,,87965.0,87337.0,
Bihar PGMAC,Bihar,2025,NEET_AIR,MADHUBANI,Orthopaedics,,4.0,3.0,,,113754.0,199408.0,,,75409.0,103542.0,
Bihar PGMAC,Bihar,2025,NEET_AIR,MADHUBANI,Paediatrics,,3.0,4.0,,,88208.0,173624.0,,,68611.0,94708.0,
Bihar PGMAC,Bihar,2025,NEET_AIR,MADHUBANI,Pathology,,,6.0,,,,204033.0,,,,156392.0,
Bihar PGMAC,Bihar,2025,NEET_AIR,MADHUBANI,Radiodiagnosis,,3.0,3.0,,,117200.0,162046.0,,,49086.0,86321.0,
Bihar PGMAC,Bihar,2025,NEET_AIR,"MGMMC & LSK HOS, KISHANGANJ",Anaesthesiology,,8.0,,,,100325.0,,,,49393.0,,
Bihar PGMAC,Bihar,2025,NEET_AIR,"MGMMC & LSK HOS, KISHANGANJ",DERMATOLOGY,,4.0,,,,113537.0,,,,63938.0,,
Bihar PGMAC,Bihar,2025,NEET_AIR,"MGMMC & LSK HOS, KISHANGANJ",E.N.T.,,6.0,,,,54818.0,,,,41198.0,,
Bihar PGMAC,Bihar,2025,NEET_AIR,"MGMMC & LSK HOS, KISHANGANJ",General Medicine,,4.0,,,,101239.0,,,,32982.0,,
Bihar PGMAC,Bihar,2025,NEET_AIR,"MGMMC & LSK HOS, KISHANGANJ",General Surgery,,6.0,,,,105354.0,,,,39117.0,,
Bihar PGMAC,Bihar,2025,NEET_AIR,"MGMMC & LSK HOS, KISHANGANJ",MEDICINE,,2.0,,,,109434.0,,,,95747.0,,
Bihar PGMAC,Bihar,2025,NEET_AIR,"MGMMC & LSK HOS, KISHANGANJ",OBS & GYNAE,,6.0,,,,109914.0,,,,60030.0,,
Bihar PGMAC,Bihar,2025,NEET_AIR,"MGMMC & LSK HOS, KISHANGANJ",OPHTHALMOLOGY,,5.0,,,,86171.0,,,,28662.0,,
Bihar PGMAC,Bihar,2025,NEET_AIR,"MGMMC & LSK HOS, KISHANGANJ",Orthopaedics,,8.0,,,,102484.0,,,,62088.0,,
Bihar PGMAC,Bihar,2025,NEET_AIR,"MGMMC & LSK HOS, KISHANGANJ",Paediatrics,,5.0,,,,111175.0,,,,50906.0,,
Bihar PGMAC,Bihar,2025,NEET_AIR,"MGMMC & LSK HOS, KISHANGANJ",Pathology,,3.0,,,,137690.0,,,,70608.0,,
Bihar PGMAC,Bihar,2025,NEET_AIR,"MGMMC & LSK HOS, KISHANGANJ",Radiodiagnosis,,4.0,,,,64535.0,,,,39233.0,,
Bihar PGMAC,Bihar,2025,NEET_AIR,Microbiology,Against BC Category Seat (Degree),,,,1.0,,,,112173.0,,,,112173.0
Bihar PGMAC,Bihar,2025,NEET_AIR,Microbiology,Against SC Category Seat (Degree),,,,1.0,,,,194383.0,,,,194383.0
Bihar PGMAC,Bihar,2025,NEET_AIR,Microbiology,Against UR Category Seat (Degree),,,,2.0,,,,213675.0,,,,208704.0
Bihar PGMAC,Bihar,2025,NEET_AIR,Microbiology,Compensation Seat EBC Against UR (Degree),,,,1.0,,,,151244.0,,,,151244.0
Bihar PGMAC,Bihar,2025,NEET_AIR,"N.M.C &.H, SASARAM",Anaesthesiology,,10.0,9.0,,,84286.0,167300.0,,,55502.0,77872.0,
Bihar PGMAC,Bihar,2025,NEET_AIR,"N.M.C &.H, SASARAM",Anatomy,,,1.0,,,,184796.0,,,,184796.0,
Bihar PGMAC,Bihar,2025,NEET_AIR,"N.M.C &.H, SASARAM",Biochemistry,,,1.0,,,,217470.0,,,,217470.0,
Bihar PGMAC,Bihar,2025,NEET_AIR,"N.M.C &.H, SASARAM",DERMATOLOGY,,2.0,3.0,,,66413.0,164472.0,,,59445.0,100159.0,
Bihar PGMAC,Bihar,2025,NEET_AIR,"N.M.C &.H, SASARAM",E.N.T.,,2.0,1.0,,,63267.0,63267.0,,,61312.0,63267.0,
Bihar PGMAC,Bihar,2025,NEET_AIR,"N.M.C &.H, SASARAM",General Medicine,,14.0,10.0,,,128130.0,128130.0,,,43826.0,44107.0,
Bihar PGMAC,Bihar,2025,NEET_AIR,"N.M.C &.H, SASARAM",General Surgery,,12.0,12.0,,,105123.0,182649.0,,,58460.0,105123.0,
Bihar PGMAC,Bihar,2025,NEET_AIR,"N.M.C &.H, SASARAM",Microbiology,,,4.0,,,,226360.0,,,,111793.0,
Bihar PGMAC,Bihar,2025,NEET_AIR,"N.M.C &.H, SASARAM",OBS & GYNAE,,6.0,7.0,,,85135.0,135977.0,,,49738.0,86831.0,
Bihar PGMAC,Bihar,2025,NEET_AIR,"N.M.C &.H, SASARAM",OPHTHALMOLOGY,,2.0,1.0,,,52148.0,77394.0,,,49121.0,77394.0,
Bihar PGMAC,Bihar,2025,NEET_AIR,"N.M.C &.H, SASARAM",Orthopaedics,,6.0,8.0,,,100109.0,173126.0,,,86931.0,117807.0,
Bihar PGMAC,Bihar,2025,NEET_AIR,"N.M.C &.H, SASARAM",Paediatrics,,5.0,7.0,,,85834.0,168420.0,,,72909.0,115641.0,
Bihar PGMAC,Bihar,2025,NEET_AIR,"N.M.C &.H, SASARAM",Pathology,,,9.0,,,,202267.0,,,,139981.0,
Bihar PGMAC,Bihar,2025,NEET_AIR,"N.M.C &.H, SASARAM",Pharmacology,,,4.0,,,,228824.0,,,,220561.0,
Bihar PGMAC,Bihar,2025,NEET_AIR,"N.M.C &.H, SASARAM",Physiology,,,2.0,,,,223315.0,,,,209131.0,
Bihar PGMAC,Bihar,2025,NEET_AIR,"N.M.C &.H, SASARAM",Radiodiagnosis,,7.0,7.0,,,106006.0,135644.0,,,41731.0,49086.0,
Bihar PGMAC,Bihar,2025,NEET_AIR,N.M.C. PATNA,Anaesthesiology,,5.0,4.0,,,51670.0,69225.0,,,21577.0,29106.0,
Bihar PGMAC,Bihar,2025,NEET_AIR,N.M.C. PATNA,Anatomy,,1.0,2.0,,,124953.0,192338.0,,,124953.0,142927.0,
Bihar PGMAC,Bihar,2025,NEET_AIR,N.M.C. PATNA,Biochemistry,,,3.0,,,,209955.0,,,,97060.0,
Bihar PGMAC,Bihar,2025,NEET_AIR,N.M.C. PATNA,DERMATOLOGY,,1.0,,,,11122.0,,,,11122.0,,
Bihar PGMAC,Bihar,2025,NEET_AIR,N.M.C. PATNA,E.N.T.,,2.0,2.0,,,21145.0,32011.0,,,19569.0,30925.0,
Bihar PGMAC,Bihar,2025,NEET_AIR,N.M.C. PATNA,F.M.T.,,,2.0,,,,227410.0,,,,154530.0,
Bihar PGMAC,Bihar,2025,NEET_AIR,N.M.C. PATNA,General Medicine,,5.0,3.0,,,19637.0,4180.0,,,2862.0,2862.0,
Bihar PGMAC,Bihar,2025,NEET_AIR,N.M.C. PATNA,General Surgery,,6.0,5.0,,,35105.0,196606.0,,,9861.0,8354.0,
Bihar PGMAC,Bihar,2025,NEET_AIR,N.M.C. PATNA,MEDICINE,,1.0,,,,61919.0,,,,61919.0,,
Bihar PGMAC,Bihar,2025,NEET_AIR,N.M.C. PATNA,Microbiology,,2.0,2.0,,,114315.0,134288.0,,,99033.0,114315.0,
Bihar PGMAC,Bihar,2025,NEET_AIR,N.M.C. PATNA,OBS & GYNAE,,8.0,6.0,,,30585.0,10635.0,,,7168.0,7628.0,
Bihar PGMAC,Bihar,2025,NEET_AIR,N.M.C. PATNA,OPHTHALMOLOGY,,1.0,1.0,,,16965.0,24204.0,,,16965.0,24204.0,
Bihar PGMAC,Bihar,2025,NEET_AIR,N.M.C. PATNA,Orthopaedics,,3.0,2.0,,,26585.0,26585.0,,,8726.0,8726.0,
Bihar PGMAC,Bihar,2025,NEET_AIR,N.M.C. PATNA,Paediatrics,,6.0,4.0,,,25713.0,11950.0,,,6200.0,9895.0,
Bihar PGMAC,Bihar,2025,NEET_AIR,N.M.C. PATNA,Pathology,,1.0,1.0,,,42001.0,62697.0,,,42001.0,62697.0,
Bihar PGMAC,Bihar,2025,NEET_AIR,N.M.C. PATNA,Pharmacology,,1.0,2.0,,,100041.0,169666.0,,,100041.0,119199.0,
Bihar PGMAC,Bihar,2025,NEET_AIR,N.M.C. PATNA,Physiology,,,3.0,,,,226058.0,,,,96643.0,
Bihar PGMAC,Bihar,2025,NEET_AIR,N.M.C. PATNA,Psychiatry,,1.0,,,,18153.0,,,,18153.0,,
Bihar PGMAC,Bihar,2025,NEET_AIR,N.M.C. PATNA,Radiodiagnosis,,,1.0,,,,2217.0,,,,2217.0,
Bihar PGMAC,Bihar,2025,NEET_AIR,OPHTHALMOLOGY,Against DQ Category Seat (UR),,,,1.0,,,,218964.0,,,,218964.0
Bihar PGMAC,Bihar,2025,NEET_AIR,OPHTHALMOLOGY,Against EWS Category Seat (Degree) - Female,,,,1.0,,,,124026.0,,,,124026.0
Bihar PGMAC,Bihar,2025,NEET_AIR,OPHTHALMOLOGY,Against UR Category Seat (Degree),,,,1.0,,,,137567.0,,,,137567.0
Bihar PGMAC,Bihar,2025,NEET_AIR,OPHTHALMOLOGY,JUMP OVER ON BC seat (Degree),,,,1.0,,,,53028.0,,,,53028.0
Bihar PGMAC,Bihar,2025,NEET_AIR,OPHTHALMOLOGY,JUMP OVER ON RCG seat (Degree),,,,1.0,,,,22618.0,,,,22618.0
Bihar PGMAC,Bihar,2025,NEET_AIR,P.M.C.PATNA,Anaesthesiology,,5.0,3.0,,,39582.0,38785.0,,,16626.0,21577.0,
Bihar PGMAC,Bihar,2025,NEET_AIR,P.M.C.PATNA,Anatomy,,1.0,4.0,,,124423.0,197273.0,,,124423.0,155560.0,
Bihar PGMAC,Bihar,2025,NEET_AIR,P.M.C.PATNA,Biochemistry,,1.0,2.0,,,108499.0,108499.0,,,108499.0,84247.0,
Bihar PGMAC,Bihar,2025,NEET_AIR,P.M.C.PATNA,DERMATOLOGY,,3.0,1.0,,,3503.0,2720.0,,,2720.0,2720.0,
Bihar PGMAC,Bihar,2025,NEET_AIR,P.M.C.PATNA,E.N.T.,,3.0,3.0,,,23014.0,30078.0,,,18411.0,23014.0,
Bihar PGMAC,Bihar,2025,NEET_AIR,P.M.C.PATNA,F.M.T.,,1.0,3.0,,,96681.0,219174.0,,,96681.0,96681.0,
Bihar PGMAC,Bihar,2025,NEET_AIR,P.M.C.PATNA,General Medicine,,8.0,5.0,,,34960.0,4070.0,,,1554.0,1554.0,
Bihar PGMAC,Bihar,2025,NEET_AIR,P.M.C.PATNA,General Surgery,,7.0,5.0,,,34771.0,158362.0,,,6714.0,6714.0,
Bihar PGMAC,Bihar,2025,NEET_AIR,P.M.C.PATNA,MEDICINE,,1.0,1.0,,,10944.0,12212.0,,,10944.0,12212.0,
Bihar PGMAC,Bihar,2025,NEET_AIR,P.M.C.PATNA,Microbiology,,2.0,2.0,,,120809.0,204717.0,,,68563.0,109225.0,
Bihar PGMAC,Bihar,2025,NEET_AIR,P.M.C.PATNA,OBS & GYNAE,,6.0,2.0,,,27163.0,6894.0,,,2227.0,2227.0,
Bihar PGMAC,Bihar,2025,NEET_AIR,P.M.C.PATNA,OPHTHALMOLOGY,,4.0,4.0,,,17114.0,212540.0,,,15697.0,16754.0,
Bihar PGMAC,Bihar,2025,NEET_AIR,P.M.C.PATNA,Orthopaedics,,7.0,4.0,,,45472.0,45472.0,,,6147.0,6501.0,
Bihar PGMAC,Bihar,2025,NEET_AIR,P.M.C.PATNA,PHY.MED.& REHAB.,,1.0,,,,53024.0,,,,53024.0,,
Bihar PGMAC,Bihar,2025,NEET_AIR,P.M.C.PATNA,Paediatrics,,11.0,7.0,,,24460.0,9389.0,,,4986.0,5992.0,
Bihar PGMAC,Bihar,2025,NEET_AIR,P.M.C.PATNA,Pathology,,7.0,5.0,,,69225.0,134176.0,,,32804.0,54608.0,
Bihar PGMAC,Bihar,2025,NEET_AIR,P.M.C.PATNA,Pharmacology,,4.0,3.0,,,112308.0,131880.0,,,44483.0,88609.0,
Bihar PGMAC,Bihar,2025,NEET_AIR,P.M.C.PATNA,Physiology,,1.0,4.0,,,122187.0,217148.0,,,122187.0,163035.0,
Bihar PGMAC,Bihar,2025,NEET_AIR,P.M.C.PATNA,Psychiatry,,2.0,2.0,,,23403.0,29496.0,,,17372.0,23403.0,
Bihar PGMAC,Bihar,2025,NEET_AIR,P.M.C.PATNA,Radiodiagnosis,,2.0,,,,1926.0,,,,748.0,,
Bihar PGMAC,Bihar,2025,NEET_AIR,Paediatrics,Against DQ Category Seat (UR),,,,1.0,,,,213456.0,,,,213456.0
Bihar PGMAC,Bihar,2025,NEET_AIR,Paediatrics,Against UR Category Seat (Degree),,,,2.0,,,,166787.0,,,,148115.0
Bihar PGMAC,Bihar,2025,NEET_AIR,Paediatrics,JUMP OVER ON BC seat (Degree),,,,1.0,,,,21644.0,,,,21644.0
Bihar PGMAC,Bihar,2025,NEET_AIR,Pathology,Against EBC Category Seat (Degree),,,,1.0,,,,122187.0,,,,122187.0
Bihar PGMAC,Bihar,2025,NEET_AIR,Pathology,Against SC Category Seat (Degree),,,,1.0,,,,168201.0,,,,168201.0
Bihar PGMAC,Bihar,2025,NEET_AIR,Pathology,Against UR Category Seat (Degree),,,,2.0,,,,207462.0,,,,196667.0
Bihar PGMAC,Bihar,2025,NEET_AIR,Pathology,Compensation Seat EBC Against UR (Degree),,,,1.0,,,,143087.0,,,,143087.0
Bihar PGMAC,Bihar,2025,NEET_AIR,Pathology,JUMP OVER ON SC seat (Degree) - Female,,,,1.0,,,,76798.0,,,,76798.0
Bihar PGMAC,Bihar,2025,NEET_AIR,Pharmacology,Against BC Category Seat (Degree),,,,1.0,,,,161464.0,,,,161464.0
Bihar PGMAC,Bihar,2025,NEET_AIR,Pharmacology,Against UR Category Seat (Degree),,,,2.0,,,,223352.0,,,,217685.0
Bihar PGMAC,Bihar,2025,NEET_AIR,Pharmacology,Compensation Seat BC Against UR (Degree),,,,1.0,,,,183289.0,,,,183289.0
Bihar PGMAC,Bihar,2025,NEET_AIR,Pharmacology,Compensation Seat EBC Against UR (Degree),,,,1.0,,,,164666.0,,,,164666.0
Bihar PGMAC,Bihar,2025,NEET_AIR,Physiology,Against EBC Category Seat (Degree),,,,1.0,,,,203172.0,,,,203172.0
Bihar PGMAC,Bihar,2025,NEET_AIR,Physiology,Against SC Category Seat (Degree),,,,2.0,,,,209489.0,,,,207774.0
Bihar PGMAC,Bihar,2025,NEET_AIR,Physiology,Against UR Category Seat (Degree),,,,1.0,,,,226271.0,,,,226271.0
Bihar PGMAC,Bihar,2025,NEET_AIR,Psychiatry,Against UR Category Seat (Degree),,,,1.0,,,,178007.0,,,,178007.0
Bihar PGMAC,Bihar,2025,NEET_AIR,RCG(DIPLOMA)- 1,I.G.I.M.S. PATNA,1.0,,,,380.0,,,,380.0,,,
Bihar PGMAC,Bihar,2025,NEET_AIR,RCG(DIPLOMA)- 10,N.M.C. PATNA,1.0,,,,2921.0,,,,2921.0,,,
Bihar PGMAC,Bihar,2025,NEET_AIR,RCG(DIPLOMA)- 101,P.M.C.PATNA,1.0,,,,17723.0,,,,17723.0,,,
Bihar PGMAC,Bihar,2025,NEET_AIR,RCG(DIPLOMA)- 103,N.M.C. PATNA,1.0,,,,18153.0,,,,18153.0,,,
Bihar PGMAC,Bihar,2025,NEET_AIR,RCG(DIPLOMA)- 11,P.M.C.PATNA,1.0,,,,2974.0,,,,2974.0,,,
Bihar PGMAC,Bihar,2025,NEET_AIR,RCG(DIPLOMA)- 111,P.M.C.PATNA,1.0,,,,19048.0,,,,19048.0,,,
Bihar PGMAC,Bihar,2025,NEET_AIR,RCG(DIPLOMA)- 112,P.M.C.PATNA,1.0,,,,19296.0,,,,19296.0,,,
Bihar PGMAC,Bihar,2025,NEET_AIR,RCG(DIPLOMA)- 118,N.M.C. PATNA,1.0,,,,19856.0,,,,19856.0,,,
Bihar PGMAC,Bihar,2025,NEET_AIR,RCG(DIPLOMA)- 12,I.G.I.M.S. PATNA,1.0,,,,3135.0,,,,3135.0,,,
Bihar PGMAC,Bihar,2025,NEET_AIR,RCG(DIPLOMA)- 120,P.M.C.PATNA,1.0,,,,20116.0,,,,20116.0,,,
Bihar PGMAC,Bihar,2025,NEET_AIR,RCG(DIPLOMA)- 13,P.M.C.PATNA,1.0,,,,3321.0,,,,3321.0,,,
Bihar PGMAC,Bihar,2025,NEET_AIR,RCG(DIPLOMA)- 130,D.M.C.LAHERIASARAI,1.0,,,,22113.0,,,,22113.0,,,
Bihar PGMAC,Bihar,2025,NEET_AIR,RCG(DIPLOMA)- 135,P.M.C.PATNA,1.0,,,,22900.0,,,,22900.0,,,
Bihar PGMAC,Bihar,2025,NEET_AIR,RCG(DIPLOMA)- 136,A.N.M.M.C. GAYA,1.0,,,,22910.0,,,,22910.0,,,
Bihar PGMAC,Bihar,2025,NEET_AIR,RCG(DIPLOMA)- 138,I.G.I.M.S. PATNA,1.0,,,,23014.0,,,,23014.0,,,
Bihar PGMAC,Bihar,2025,NEET_AIR,RCG(DIPLOMA)- 14,P.M.C.PATNA,1.0,,,,3503.0,,,,3503.0,,,
Bihar PGMAC,Bihar,2025,NEET_AIR,RCG(DIPLOMA)- 145,"G.M.C., BETTIAH",1.0,,,,23934.0,,,,23934.0,,,
Bihar PGMAC,Bihar,2025,NEET_AIR,RCG(DIPLOMA)- 149,P.M.C.PATNA,1.0,,,,24460.0,,,,24460.0,,,
Bihar PGMAC,Bihar,2025,NEET_AIR,RCG(DIPLOMA)- 15,J.L.N.M.C. BHAGALPUR,1.0,,,,3700.0,,,,3700.0,,,
Bihar PGMAC,Bihar,2025,NEET_AIR,RCG(DIPLOMA)- 151,D.M.C.LAHERIASARAI,1.0,,,,24892.0,,,,24892.0,,,
Bihar PGMAC,Bihar,2025,NEET_AIR,RCG(DIPLOMA)- 152,D.M.C.LAHERIASARAI,1.0,,,,24977.0,,,,24977.0,,,
Bihar PGMAC,Bihar,2025,NEET_AIR,RCG(DIPLOMA)- 157,N.M.C. PATNA,1.0,,,,25713.0,,,,25713.0,,,
Bihar PGMAC,Bihar,2025,NEET_AIR,RCG(DIPLOMA)- 159,P.M.C.PATNA,1.0,,,,25940.0,,,,25940.0,,,
Bihar PGMAC,Bihar,2025,NEET_AIR,RCG(DIPLOMA)- 16,D.M.C.LAHERIASARAI,1.0,,,,4010.0,,,,4010.0,,,
Bihar PGMAC,Bihar,2025,NEET_AIR,RCG(DIPLOMA)- 162,P.M.C.PATNA,1.0,,,,26769.0,,,,26769.0,,,
Bihar PGMAC,Bihar,2025,NEET_AIR,RCG(DIPLOMA)- 164,N.M.C. PATNA,1.0,,,,27163.0,,,,27163.0,,,
Bihar PGMAC,Bihar,2025,NEET_AIR,RCG(DIPLOMA)- 17,J.L.N.M.C. BHAGALPUR,1.0,,,,4070.0,,,,4070.0,,,
Bihar PGMAC,Bihar,2025,NEET_AIR,RCG(DIPLOMA)- 176,D.M.C.LAHERIASARAI,1.0,,,,29342.0,,,,29342.0,,,
Bihar PGMAC,Bihar,2025,NEET_AIR,RCG(DIPLOMA)- 18,P.M.C.PATNA,1.0,,,,4118.0,,,,4118.0,,,
Bihar PGMAC,Bihar,2025,NEET_AIR,RCG(DIPLOMA)- 182,D.M.C.LAHERIASARAI,1.0,,,,30585.0,,,,30585.0,,,
Bihar PGMAC,Bihar,2025,NEET_AIR,RCG(DIPLOMA)- 184,N.M.C. PATNA,1.0,,,,30925.0,,,,30925.0,,,
Bihar PGMAC,Bihar,2025,NEET_AIR,RCG(DIPLOMA)- 19,P.M.C.PATNA,1.0,,,,4916.0,,,,4916.0,,,
Bihar PGMAC,Bihar,2025,NEET_AIR,RCG(DIPLOMA)- 193,D.M.C.LAHERIASARAI,1.0,,,,32235.0,,,,32235.0,,,
Bihar PGMAC,Bihar,2025,NEET_AIR,RCG(DIPLOMA)- 2,P.M.C.PATNA,1.0,,,,574.0,,,,574.0,,,
Bihar PGMAC,Bihar,2025,NEET_AIR,RCG(DIPLOMA)- 20,P.M.C.PATNA,1.0,,,,4986.0,,,,4986.0,,,
Bihar PGMAC,Bihar,2025,NEET_AIR,RCG(DIPLOMA)- 201,P.M.C.PATNA,1.0,,,,34930.0,,,,34930.0,,,
Bihar PGMAC,Bihar,2025,NEET_AIR,RCG(DIPLOMA)- 206,A.N.M.M.C. GAYA,1.0,,,,35730.0,,,,35730.0,,,
Bihar PGMAC,Bihar,2025,NEET_AIR,RCG(DIPLOMA)- 209,I.G.I.M.S. PATNA,1.0,,,,37085.0,,,,37085.0,,,
Bihar PGMAC,Bihar,2025,NEET_AIR,RCG(DIPLOMA)- 21,P.M.C.PATNA,1.0,,,,5273.0,,,,5273.0,,,
Bihar PGMAC,Bihar,2025,NEET_AIR,RCG(DIPLOMA)- 213,P.M.C.PATNA,1.0,,,,37912.0,,,,37912.0,,,
Bihar PGMAC,Bihar,2025,NEET_AIR,RCG(DIPLOMA)- 215,D.M.C.LAHERIASARAI,1.0,,,,38184.0,,,,38184.0,,,
Bihar PGMAC,Bihar,2025,NEET_AIR,RCG(DIPLOMA)- 217,P.M.C.PATNA,1.0,,,,38785.0,,,,38785.0,,,
Bihar PGMAC,Bihar,2025,NEET_AIR,RCG(DIPLOMA)- 22,N.M.C. PATNA,1.0,,,,5412.0,,,,5412.0,,,
Bihar PGMAC,Bihar,2025,NEET_AIR,RCG(DIPLOMA)- 221,D.M.C.LAHERIASARAI,1.0,,,,39479.0,,,,39479.0,,,
Bihar PGMAC,Bihar,2025,NEET_AIR,RCG(DIPLOMA)- 223,N.M.C. PATNA,1.0,,,,39672.0,,,,39672.0,,,
Bihar PGMAC,Bihar,2025,NEET_AIR,RCG(DIPLOMA)- 23,P.M.C.PATNA,1.0,,,,5427.0,,,,5427.0,,,
Bihar PGMAC,Bihar,2025,NEET_AIR,RCG(DIPLOMA)- 230,J.L.N.M.C. BHAGALPUR,1.0,,,,42274.0,,,,42274.0,,,
Bihar PGMAC,Bihar,2025,NEET_AIR,RCG(DIPLOMA)- 231,N.M.C. PATNA,1.0,,,,42333.0,,,,42333.0,,,
Bihar PGMAC,Bihar,2025,NEET_AIR,RCG(DIPLOMA)- 237,P.M.C.PATNA,1.0,,,,43684.0,,,,43684.0,,,
Bihar PGMAC,Bihar,2025,NEET_AIR,RCG(DIPLOMA)- 239,P.M.C.PATNA,1.0,,,,43910.0,,,,43910.0,,,
Bihar PGMAC,Bihar,2025,NEET_AIR,RCG(DIPLOMA)- 24,P.M.C.PATNA,1.0,,,,5561.0,,,,5561.0,,,
Bihar PGMAC,Bihar,2025,NEET_AIR,RCG(DIPLOMA)- 242,P.M.C.PATNA,1.0,,,,44690.0,,,,44690.0,,,
Bihar PGMAC,Bihar,2025,NEET_AIR,RCG(DIPLOMA)- 244,"COLLEGE & HOSPITAL, SAHARSA",1.0,,,,45280.0,,,,45280.0,,,
Bihar PGMAC,Bihar,2025,NEET_AIR,RCG(DIPLOMA)- 248,COLLEGE & HOSPITAL,1.0,,,,47635.0,,,,47635.0,,,
Bihar PGMAC,Bihar,2025,NEET_AIR,RCG(DIPLOMA)- 249,I.G.I.M.S. PATNA,1.0,,,,48415.0,,,,48415.0,,,
Bihar PGMAC,Bihar,2025,NEET_AIR,RCG(DIPLOMA)- 25,N.M.C. PATNA,1.0,,,,6154.0,,,,6154.0,,,
Bihar PGMAC,Bihar,2025,NEET_AIR,RCG(DIPLOMA)- 253,D.M.C.LAHERIASARAI,1.0,,,,49866.0,,,,49866.0,,,
Bihar PGMAC,Bihar,2025,NEET_AIR,RCG(DIPLOMA)- 255,J.L.N.M.C. BHAGALPUR,1.0,,,,50351.0,,,,50351.0,,,
Bihar PGMAC,Bihar,2025,NEET_AIR,RCG(DIPLOMA)- 256,D.M.C.LAHERIASARAI,1.0,,,,51997.0,,,,51997.0,,,
Bihar PGMAC,Bihar,2025,NEET_AIR,RCG(DIPLOMA)- 259,D.M.C.LAHERIASARAI,1.0,,,,52337.0,,,,52337.0,,,
Bihar PGMAC,Bihar,2025,NEET_AIR,RCG(DIPLOMA)- 26,I.G.I.M.S. PATNA,1.0,,,,6242.0,,,,6242.0,,,
Bihar PGMAC,Bihar,2025,NEET_AIR,RCG(DIPLOMA)- 260,A.N.M.M.C. GAYA,1.0,,,,52390.0,,,,52390.0,,,
Bihar PGMAC,Bihar,2025,NEET_AIR,RCG(DIPLOMA)- 264,KISHANGANJ,1.0,,,,53553.0,,,,53553.0,,,
Bihar PGMAC,Bihar,2025,NEET_AIR,RCG(DIPLOMA)- 265,N.M.C. PATNA,1.0,,,,53595.0,,,,53595.0,,,
Bihar PGMAC,Bihar,2025,NEET_AIR,RCG(DIPLOMA)- 266,"COLLEGE & HOSPITAL, SAHARSA",1.0,,,,53718.0,,,,53718.0,,,
Bihar PGMAC,Bihar,2025,NEET_AIR,RCG(DIPLOMA)- 27,P.M.C.PATNA,1.0,,,,6763.0,,,,6763.0,,,
Bihar PGMAC,Bihar,2025,NEET_AIR,RCG(DIPLOMA)- 270,"B.M.I.M.S,PAWAPURI, NALANDA",1.0,,,,54608.0,,,,54608.0,,,
Bihar PGMAC,Bihar,2025,NEET_AIR,RCG(DIPLOMA)- 275,D.M.C.LAHERIASARAI,1.0,,,,56247.0,,,,56247.0,,,
Bihar PGMAC,Bihar,2025,NEET_AIR,RCG(DIPLOMA)- 280,P.M.C.PATNA,1.0,,,,57511.0,,,,57511.0,,,
Bihar PGMAC,Bihar,2025,NEET_AIR,RCG(DIPLOMA)- 281,P.M.C.PATNA,1.0,,,,58833.0,,,,58833.0,,,
Bihar PGMAC,Bihar,2025,NEET_AIR,RCG(DIPLOMA)- 282,"COLLEGE & HOSPITAL, SAHARSA",1.0,,,,59410.0,,,,59410.0,,,
Bihar PGMAC,Bihar,2025,NEET_AIR,RCG(DIPLOMA)- 288,N.M.C. PATNA,1.0,,,,61919.0,,,,61919.0,,,
Bihar PGMAC,Bihar,2025,NEET_AIR,RCG(DIPLOMA)- 29,N.M.C. PATNA,1.0,,,,7059.0,,,,7059.0,,,
Bihar PGMAC,Bihar,2025,NEET_AIR,RCG(DIPLOMA)- 291,S.K.M.C. MUZAFFARPUR,1.0,,,,62349.0,,,,62349.0,,,
Bihar PGMAC,Bihar,2025,NEET_AIR,RCG(DIPLOMA)- 293,"B.M.I.M.S,PAWAPURI, NALANDA",1.0,,,,62697.0,,,,62697.0,,,
Bihar PGMAC,Bihar,2025,NEET_AIR,RCG(DIPLOMA)- 298,K.M.C. KATIHAR,1.0,,,,63709.0,,,,63709.0,,,
Bihar PGMAC,Bihar,2025,NEET_AIR,RCG(DIPLOMA)- 299,I.G.I.M.S. PATNA,1.0,,,,65740.0,,,,65740.0,,,
Bihar PGMAC,Bihar,2025,NEET_AIR,RCG(DIPLOMA)- 3,P.M.C.PATNA,1.0,,,,855.0,,,,855.0,,,
Bihar PGMAC,Bihar,2025,NEET_AIR,RCG(DIPLOMA)- 30,N.M.C. PATNA,1.0,,,,7168.0,,,,7168.0,,,
Bihar PGMAC,Bihar,2025,NEET_AIR,RCG(DIPLOMA)- 303,I.G.I.M.S. PATNA,1.0,,,,67841.0,,,,67841.0,,,
Bihar PGMAC,Bihar,2025,NEET_AIR,RCG(DIPLOMA)- 305,P.M.C.PATNA,1.0,,,,69225.0,,,,69225.0,,,
Bihar PGMAC,Bihar,2025,NEET_AIR,RCG(DIPLOMA)- 31,D.M.C.LAHERIASARAI,1.0,,,,7219.0,,,,7219.0,,,
Bihar PGMAC,Bihar,2025,NEET_AIR,RCG(DIPLOMA)- 310,D.M.C.LAHERIASARAI,1.0,,,,71631.0,,,,71631.0,,,
Bihar PGMAC,Bihar,2025,NEET_AIR,RCG(DIPLOMA)- 313,I.G.I.M.S. PATNA,1.0,,,,72306.0,,,,72306.0,,,
Bihar PGMAC,Bihar,2025,NEET_AIR,RCG(DIPLOMA)- 314,I.G.I.M.S. PATNA,1.0,,,,72481.0,,,,72481.0,,,
Bihar PGMAC,Bihar,2025,NEET_AIR,RCG(DIPLOMA)- 316,D.M.C.LAHERIASARAI,1.0,,,,73789.0,,,,73789.0,,,
Bihar PGMAC,Bihar,2025,NEET_AIR,RCG(DIPLOMA)- 317,N.M.C. PATNA,1.0,,,,74161.0,,,,74161.0,,,
Bihar PGMAC,Bihar,2025,NEET_AIR,RCG(DIPLOMA)- 321,J.L.N.M.C. BHAGALPUR,1.0,,,,77408.0,,,,77408.0,,,
Bihar PGMAC,Bihar,2025,NEET_AIR,RCG(DIPLOMA)- 322,I.G.I.M.S. PATNA,1.0,,,,77721.0,,,,77721.0,,,
Bihar PGMAC,Bihar,2025,NEET_AIR,RCG(DIPLOMA)- 324,P.M.C.PATNA,1.0,,,,78951.0,,,,78951.0,,,
Bihar PGMAC,Bihar,2025,NEET_AIR,RCG(DIPLOMA)- 33,D.M.C.LAHERIASARAI,1.0,,,,7628.0,,,,7628.0,,,
Bihar PGMAC,Bihar,2025,NEET_AIR,RCG(DIPLOMA)- 330,A.N.M.M.C. GAYA,1.0,,,,86223.0,,,,86223.0,,,
Bihar PGMAC,Bihar,2025,NEET_AIR,RCG(DIPLOMA)- 331,D.M.C.LAHERIASARAI,1.0,,,,88107.0,,,,88107.0,,,
Bihar PGMAC,Bihar,2025,NEET_AIR,RCG(DIPLOMA)- 336,D.M.C.LAHERIASARAI,1.0,,,,91516.0,,,,91516.0,,,
Bihar PGMAC,Bihar,2025,NEET_AIR,RCG(DIPLOMA)- 339,J.L.N.M.C. BHAGALPUR,1.0,,,,96665.0,,,,96665.0,,,
Bihar PGMAC,Bihar,2025,NEET_AIR,RCG(DIPLOMA)- 34,D.M.C.LAHERIASARAI,1.0,,,,7629.0,,,,7629.0,,,
Bihar PGMAC,Bihar,2025,NEET_AIR,RCG(DIPLOMA)- 341,"B.M.I.M.S,PAWAPURI, NALANDA",1.0,,,,99033.0,,,,99033.0,,,
Bihar PGMAC,Bihar,2025,NEET_AIR,RCG(DIPLOMA)- 343,"G.M.C., BETTIAH",1.0,,,,100709.0,,,,100709.0,,,
Bihar PGMAC,Bihar,2025,NEET_AIR,RCG(DIPLOMA)- 345,I.G.I.M.S. PATNA,1.0,,,,101201.0,,,,101201.0,,,
Bihar PGMAC,Bihar,2025,NEET_AIR,RCG(DIPLOMA)- 348,P.M.C.PATNA,1.0,,,,104706.0,,,,104706.0,,,
Bihar PGMAC,Bihar,2025,NEET_AIR,RCG(DIPLOMA)- 350,P.M.C.PATNA,1.0,,,,108499.0,,,,108499.0,,,
Bihar PGMAC,Bihar,2025,NEET_AIR,RCG(DIPLOMA)- 355,N.M.C. PATNA,1.0,,,,120809.0,,,,120809.0,,,
Bihar PGMAC,Bihar,2025,NEET_AIR,RCG(DIPLOMA)- 356,S.K.M.C. MUZAFFARPUR,1.0,,,,122111.0,,,,122111.0,,,
Bihar PGMAC,Bihar,2025,NEET_AIR,RCG(DIPLOMA)- 36,S.K.M.C. MUZAFFARPUR,1.0,,,,8153.0,,,,8153.0,,,
Bihar PGMAC,Bihar,2025,NEET_AIR,RCG(DIPLOMA)- 361,I.G.I.M.S. PATNA,1.0,,,,135346.0,,,,135346.0,,,
Bihar PGMAC,Bihar,2025,NEET_AIR,RCG(DIPLOMA)- 363,J.L.N.M.C. BHAGALPUR,1.0,,,,137567.0,,,,137567.0,,,
Bihar PGMAC,Bihar,2025,NEET_AIR,RCG(DIPLOMA)- 37,A.N.M.M.C. GAYA,1.0,,,,8242.0,,,,8242.0,,,
Bihar PGMAC,Bihar,2025,NEET_AIR,RCG(DIPLOMA)- 38,D.M.C.LAHERIASARAI,1.0,,,,8410.0,,,,8410.0,,,
Bihar PGMAC,Bihar,2025,NEET_AIR,RCG(DIPLOMA)- 4,I.G.I.M.S. PATNA,1.0,,,,1145.0,,,,1145.0,,,
Bihar PGMAC,Bihar,2025,NEET_AIR,RCG(DIPLOMA)- 40,N.M.C. PATNA,1.0,,,,8680.0,,,,8680.0,,,
Bihar PGMAC,Bihar,2025,NEET_AIR,RCG(DIPLOMA)- 41,J.L.N.M.C. BHAGALPUR,1.0,,,,8904.0,,,,8904.0,,,
Bihar PGMAC,Bihar,2025,NEET_AIR,RCG(DIPLOMA)- 42,A.N.M.M.C. GAYA,1.0,,,,9190.0,,,,9190.0,,,
Bihar PGMAC,Bihar,2025,NEET_AIR,RCG(DIPLOMA)- 45,I.G.I.M.S. PATNA,1.0,,,,9674.0,,,,9674.0,,,
Bihar PGMAC,Bihar,2025,NEET_AIR,RCG(DIPLOMA)- 46,P.M.C.PATNA,1.0,,,,9677.0,,,,9677.0,,,
Bihar PGMAC,Bihar,2025,NEET_AIR,RCG(DIPLOMA)- 47,A.N.M.M.C. GAYA,1.0,,,,10191.0,,,,10191.0,,,
Bihar PGMAC,Bihar,2025,NEET_AIR,RCG(DIPLOMA)- 48,I.G.I.M.S. PATNA,1.0,,,,10297.0,,,,10297.0,,,
Bihar PGMAC,Bihar,2025,NEET_AIR,RCG(DIPLOMA)- 49,D.M.C.LAHERIASARAI,1.0,,,,10635.0,,,,10635.0,,,
Bihar PGMAC,Bihar,2025,NEET_AIR,RCG(DIPLOMA)- 5,P.M.C.PATNA,1.0,,,,1926.0,,,,1926.0,,,
Bihar PGMAC,Bihar,2025,NEET_AIR,RCG(DIPLOMA)- 50,D.M.C.LAHERIASARAI,1.0,,,,10680.0,,,,10680.0,,,
Bihar PGMAC,Bihar,2025,NEET_AIR,RCG(DIPLOMA)- 52,I.G.I.M.S. PATNA,1.0,,,,10689.0,,,,10689.0,,,
Bihar PGMAC,Bihar,2025,NEET_AIR,RCG(DIPLOMA)- 53,N.M.C. PATNA,1.0,,,,11122.0,,,,11122.0,,,
Bihar PGMAC,Bihar,2025,NEET_AIR,RCG(DIPLOMA)- 54,J.L.N.M.C. BHAGALPUR,1.0,,,,11130.0,,,,11130.0,,,
Bihar PGMAC,Bihar,2025,NEET_AIR,RCG(DIPLOMA)- 55,D.M.C.LAHERIASARAI,1.0,,,,11207.0,,,,11207.0,,,
Bihar PGMAC,Bihar,2025,NEET_AIR,RCG(DIPLOMA)- 56,P.M.C.PATNA,1.0,,,,11667.0,,,,11667.0,,,
Bihar PGMAC,Bihar,2025,NEET_AIR,RCG(DIPLOMA)- 57,D.M.C.LAHERIASARAI,1.0,,,,12023.0,,,,12023.0,,,
Bihar PGMAC,Bihar,2025,NEET_AIR,RCG(DIPLOMA)- 58,J.L.N.M.C. BHAGALPUR,1.0,,,,12091.0,,,,12091.0,,,
Bihar PGMAC,Bihar,2025,NEET_AIR,RCG(DIPLOMA)- 59,D.M.C.LAHERIASARAI,1.0,,,,12376.0,,,,12376.0,,,
Bihar PGMAC,Bihar,2025,NEET_AIR,RCG(DIPLOMA)- 6,I.G.I.M.S. PATNA,1.0,,,,2167.0,,,,2167.0,,,
Bihar PGMAC,Bihar,2025,NEET_AIR,RCG(DIPLOMA)- 60,D.M.C.LAHERIASARAI,1.0,,,,12777.0,,,,12777.0,,,
Bihar PGMAC,Bihar,2025,NEET_AIR,RCG(DIPLOMA)- 61,S.K.M.C. MUZAFFARPUR,1.0,,,,12929.0,,,,12929.0,,,
Bihar PGMAC,Bihar,2025,NEET_AIR,RCG(DIPLOMA)- 62,"G.M.C., BETTIAH",1.0,,,,13131.0,,,,13131.0,,,
Bihar PGMAC,Bihar,2025,NEET_AIR,RCG(DIPLOMA)- 63,I.G.I.M.S. PATNA,1.0,,,,13255.0,,,,13255.0,,,
Bihar PGMAC,Bihar,2025,NEET_AIR,RCG(DIPLOMA)- 66,P.M.C.PATNA,1.0,,,,13599.0,,,,13599.0,,,
Bihar PGMAC,Bihar,2025,NEET_AIR,RCG(DIPLOMA)- 7,N.M.C. PATNA,1.0,,,,2217.0,,,,2217.0,,,
Bihar PGMAC,Bihar,2025,NEET_AIR,RCG(DIPLOMA)- 71,I.G.I.M.S. PATNA,1.0,,,,14458.0,,,,14458.0,,,
Bihar PGMAC,Bihar,2025,NEET_AIR,RCG(DIPLOMA)- 72,P.M.C.PATNA,1.0,,,,14472.0,,,,14472.0,,,
Bihar PGMAC,Bihar,2025,NEET_AIR,RCG(DIPLOMA)- 76,A.N.M.M.C. GAYA,1.0,,,,15009.0,,,,15009.0,,,
Bihar PGMAC,Bihar,2025,NEET_AIR,RCG(DIPLOMA)- 77,P.M.C.PATNA,1.0,,,,15047.0,,,,15047.0,,,
Bihar PGMAC,Bihar,2025,NEET_AIR,RCG(DIPLOMA)- 78,J.L.N.M.C. BHAGALPUR,1.0,,,,15190.0,,,,15190.0,,,
Bihar PGMAC,Bihar,2025,NEET_AIR,RCG(DIPLOMA)- 79,I.G.I.M.S. PATNA,1.0,,,,15217.0,,,,15217.0,,,
Bihar PGMAC,Bihar,2025,NEET_AIR,RCG(DIPLOMA)- 8,I.G.I.M.S. PATNA,1.0,,,,2706.0,,,,2706.0,,,
Bihar PGMAC,Bihar,2025,NEET_AIR,RCG(DIPLOMA)- 82,D.M.C.LAHERIASARAI,1.0,,,,15525.0,,,,15525.0,,,
Bihar PGMAC,Bihar,2025,NEET_AIR,RCG(DIPLOMA)- 84,D.M.C.LAHERIASARAI,1.0,,,,15697.0,,,,15697.0,,,
Bihar PGMAC,Bihar,2025,NEET_AIR,RCG(DIPLOMA)- 86,P.M.C.PATNA,1.0,,,,15969.0,,,,15969.0,,,
Bihar PGMAC,Bihar,2025,NEET_AIR,RCG(DIPLOMA)- 88,I.G.I.M.S. PATNA,1.0,,,,16480.0,,,,16480.0,,,
Bihar PGMAC,Bihar,2025,NEET_AIR,RCG(DIPLOMA)- 89,P.M.C.PATNA,1.0,,,,16609.0,,,,16609.0,,,
Bihar PGMAC,Bihar,2025,NEET_AIR,RCG(DIPLOMA)- 9,I.G.I.M.S. PATNA,1.0,,,,2812.0,,,,2812.0,,,
Bihar PGMAC,Bihar,2025,NEET_AIR,RCG(DIPLOMA)- 91,I.G.I.M.S. PATNA,1.0,,,,16676.0,,,,16676.0,,,
Bihar PGMAC,Bihar,2025,NEET_AIR,RCG(DIPLOMA)- 93,J.L.N.M.C. BHAGALPUR,1.0,,,,16812.0,,,,16812.0,,,
Bihar PGMAC,Bihar,2025,NEET_AIR,RCG(DIPLOMA)- 95,I.G.I.M.S. PATNA,1.0,,,,17077.0,,,,17077.0,,,
Bihar PGMAC,Bihar,2025,NEET_AIR,RCG(DIPLOMA)- 96,D.M.C.LAHERIASARAI,1.0,,,,17114.0,,,,17114.0,,,
Bihar PGMAC,Bihar,2025,NEET_AIR,RCG(DIPLOMA)- 97,I.G.I.M.S. PATNA,1.0,,,,17355.0,,,,17355.0,,,
Bihar PGMAC,Bihar,2025,NEET_AIR,RCG(DIPLOMA)- 98,P.M.C.PATNA,1.0,,,,17372.0,,,,17372.0,,,
Bihar PGMAC,Bihar,2025,NEET_AIR,S.K.M.C. MUZAFFARPUR,Anatomy,,,1.0,,,,201596.0,,,,201596.0,
Bihar PGMAC,Bihar,2025,NEET_AIR,S.K.M.C. MUZAFFARPUR,General Medicine,,1.0,1.0,,,12929.0,12929.0,,,12929.0,12929.0,
Bihar PGMAC,Bihar,2025,NEET_AIR,S.K.M.C. MUZAFFARPUR,General Surgery,,2.0,2.0,,,13575.0,18672.0,,,13503.0,15482.0,
Bihar PGMAC,Bihar,2025,NEET_AIR,S.K.M.C. MUZAFFARPUR,MEDICINE,,1.0,,,,62356.0,,,,62356.0,,
Bihar PGMAC,Bihar,2025,NEET_AIR,S.K.M.C. MUZAFFARPUR,OBS & GYNAE,,3.0,3.0,,,13599.0,15649.0,,,11689.0,12820.0,
Bihar PGMAC,Bihar,2025,NEET_AIR,S.K.M.C. MUZAFFARPUR,Paediatrics,,2.0,1.0,,,10972.0,8251.0,,,8251.0,8251.0,
Bihar PGMAC,Bihar,2025,NEET_AIR,S.K.M.C. MUZAFFARPUR,Pathology,,3.0,3.0,,,122111.0,122111.0,,,54608.0,59515.0,
Bihar PGMAC,Bihar,2025,NEET_AIR,S.K.M.C. MUZAFFARPUR,Pharmacology,,1.0,,,,128934.0,,,,128934.0,,
Bihar PGMAC,Bihar,2025,NEET_AIR,SAHARSA,Anaesthesiology,,,3.0,,,,93062.0,,,,71865.0,
Bihar PGMAC,Bihar,2025,NEET_AIR,SAHARSA,DERMATOLOGY,,,4.0,,,,183608.0,,,,84660.0,
Bihar PGMAC,Bihar,2025,NEET_AIR,SAHARSA,General Medicine,,,2.0,,,,124427.0,,,,66248.0,
Bihar PGMAC,Bihar,2025,NEET_AIR,SAHARSA,General Surgery,,,3.0,,,,87984.0,,,,61322.0,
Bihar PGMAC,Bihar,2025,NEET_AIR,SAHARSA,OBS & GYNAE,,,4.0,,,,174449.0,,,,80212.0,
Bihar PGMAC,Bihar,2025,NEET_AIR,SAHARSA,OPHTHALMOLOGY,,,4.0,,,,103600.0,,,,92679.0,
Bihar PGMAC,Bihar,2025,NEET_AIR,SAHARSA,Orthopaedics,,,4.0,,,,136678.0,,,,114314.0,
Bihar PGMAC,Bihar,2025,NEET_AIR,SAHARSA,Paediatrics,,,2.0,,,,104666.0,,,,88768.0,
Bihar PGMAC,Bihar,2025,NEET_AIR,SAHARSA,Pathology,,,4.0,,,,204938.0,,,,169868.0,
Bihar PGMAC,Bihar,2025,NEET_AIR,SAHARSA,Radiodiagnosis,,,2.0,,,,139914.0,,,,77592.0,
Bihar PGMAC,Bihar,2025,NEET_AIR,SC(DIPLOMA)- 10,P.M.C.PATNA,1.0,,,,19603.0,,,,19603.0,,,
Bihar PGMAC,Bihar,2025,NEET_AIR,SC(DIPLOMA)- 100,A.N.M.M.C. GAYA,1.0,,,,84903.0,,,,84903.0,,,
Bihar PGMAC,Bihar,2025,NEET_AIR,SC(DIPLOMA)- 102,"B.M.I.M.S,PAWAPURI, NALANDA",1.0,,,,90255.0,,,,90255.0,,,
Bihar PGMAC,Bihar,2025,NEET_AIR,SC(DIPLOMA)- 11,D.M.C.LAHERIASARAI,1.0,,,,19637.0,,,,19637.0,,,
Bihar PGMAC,Bihar,2025,NEET_AIR,SC(DIPLOMA)- 112,I.G.I.M.S. PATNA,1.0,,,,117791.0,,,,117791.0,,,
Bihar PGMAC,Bihar,2025,NEET_AIR,SC(DIPLOMA)- 12,J.L.N.M.C. BHAGALPUR,1.0,,,,21656.0,,,,21656.0,,,
Bihar PGMAC,Bihar,2025,NEET_AIR,SC(DIPLOMA)- 15,P.M.C.PATNA,1.0,,,,23750.0,,,,23750.0,,,
Bihar PGMAC,Bihar,2025,NEET_AIR,SC(DIPLOMA)- 2,P.M.C.PATNA,1.0,,,,9740.0,,,,9740.0,,,
Bihar PGMAC,Bihar,2025,NEET_AIR,SC(DIPLOMA)- 20,D.M.C.LAHERIASARAI,1.0,,,,29653.0,,,,29653.0,,,
Bihar PGMAC,Bihar,2025,NEET_AIR,SC(DIPLOMA)- 21,A.N.M.M.C. GAYA,1.0,,,,30026.0,,,,30026.0,,,
Bihar PGMAC,Bihar,2025,NEET_AIR,SC(DIPLOMA)- 24,N.M.C. PATNA,1.0,,,,32322.0,,,,32322.0,,,
Bihar PGMAC,Bihar,2025,NEET_AIR,SC(DIPLOMA)- 25,I.G.I.M.S. PATNA,1.0,,,,32344.0,,,,32344.0,,,
Bihar PGMAC,Bihar,2025,NEET_AIR,SC(DIPLOMA)- 28,D.M.C.LAHERIASARAI,1.0,,,,34771.0,,,,34771.0,,,
Bihar PGMAC,Bihar,2025,NEET_AIR,SC(DIPLOMA)- 34,P.M.C.PATNA,1.0,,,,37839.0,,,,37839.0,,,
Bihar PGMAC,Bihar,2025,NEET_AIR,SC(DIPLOMA)- 38,I.G.I.M.S. PATNA,1.0,,,,38539.0,,,,38539.0,,,
Bihar PGMAC,Bihar,2025,NEET_AIR,SC(DIPLOMA)- 42,I.G.I.M.S. PATNA,1.0,,,,39534.0,,,,39534.0,,,
Bihar PGMAC,Bihar,2025,NEET_AIR,SC(DIPLOMA)- 5,D.M.C.LAHERIASARAI,1.0,,,,11671.0,,,,11671.0,,,
Bihar PGMAC,Bihar,2025,NEET_AIR,SC(DIPLOMA)- 6,P.M.C.PATNA,1.0,,,,12072.0,,,,12072.0,,,
Bihar PGMAC,Bihar,2025,NEET_AIR,SC(DIPLOMA)- 60,I.G.I.M.S. PATNA,1.0,,,,52786.0,,,,52786.0,,,
Bihar PGMAC,Bihar,2025,NEET_AIR,SC(DIPLOMA)- 8,N.M.C. PATNA,1.0,,,,15671.0,,,,15671.0,,,
Bihar PGMAC,Bihar,2025,NEET_AIR,SC(DIPLOMA)- 94,D.M.C.LAHERIASARAI,1.0,,,,81445.0,,,,81445.0,,,
Bihar PGMAC,Bihar,2025,NEET_AIR,UR(DIPLOMA)- 102,N.M.C. PATNA,1.0,,,,6789.0,,,,6789.0,,,
Bihar PGMAC,Bihar,2025,NEET_AIR,UR(DIPLOMA)- 105,J.L.N.M.C. BHAGALPUR,1.0,,,,7036.0,,,,7036.0,,,
Bihar PGMAC,Bihar,2025,NEET_AIR,UR(DIPLOMA)- 106,D.M.C.LAHERIASARAI,1.0,,,,7041.0,,,,7041.0,,,
Bihar PGMAC,Bihar,2025,NEET_AIR,UR(DIPLOMA)- 110,D.M.C.LAHERIASARAI,1.0,,,,7220.0,,,,7220.0,,,
Bihar PGMAC,Bihar,2025,NEET_AIR,UR(DIPLOMA)- 115,J.L.N.M.C. BHAGALPUR,1.0,,,,7390.0,,,,7390.0,,,
Bihar PGMAC,Bihar,2025,NEET_AIR,UR(DIPLOMA)- 12,P.M.C.PATNA,1.0,,,,1436.0,,,,1436.0,,,
Bihar PGMAC,Bihar,2025,NEET_AIR,UR(DIPLOMA)- 121,P.M.C.PATNA,1.0,,,,7687.0,,,,7687.0,,,
Bihar PGMAC,Bihar,2025,NEET_AIR,UR(DIPLOMA)- 124,S.K.M.C. MUZAFFARPUR,1.0,,,,7797.0,,,,7797.0,,,
Bihar PGMAC,Bihar,2025,NEET_AIR,UR(DIPLOMA)- 126,"G.M.C., BETTIAH",1.0,,,,7926.0,,,,7926.0,,,
Bihar PGMAC,Bihar,2025,NEET_AIR,UR(DIPLOMA)- 128,D.M.C.LAHERIASARAI,1.0,,,,7961.0,,,,7961.0,,,
Bihar PGMAC,Bihar,2025,NEET_AIR,UR(DIPLOMA)- 13,N.M.C. PATNA,1.0,,,,1554.0,,,,1554.0,,,
Bihar PGMAC,Bihar,2025,NEET_AIR,UR(DIPLOMA)- 134,N.M.C. PATNA,1.0,,,,8354.0,,,,8354.0,,,
Bihar PGMAC,Bihar,2025,NEET_AIR,UR(DIPLOMA)- 157,I.G.I.M.S. PATNA,1.0,,,,9456.0,,,,9456.0,,,
Bihar PGMAC,Bihar,2025,NEET_AIR,UR(DIPLOMA)- 178,A.N.M.M.C. GAYA,1.0,,,,10395.0,,,,10395.0,,,
Bihar PGMAC,Bihar,2025,NEET_AIR,UR(DIPLOMA)- 188,I.G.I.M.S. PATNA,1.0,,,,10964.0,,,,10964.0,,,
Bihar PGMAC,Bihar,2025,NEET_AIR,UR(DIPLOMA)- 200,S.K.M.C. MUZAFFARPUR,1.0,,,,11329.0,,,,11329.0,,,
Bihar PGMAC,Bihar,2025,NEET_AIR,UR(DIPLOMA)- 21,P.M.C.PATNA,1.0,,,,2227.0,,,,2227.0,,,
Bihar PGMAC,Bihar,2025,NEET_AIR,UR(DIPLOMA)- 22,I.G.I.M.S. PATNA,1.0,,,,2283.0,,,,2283.0,,,
Bihar PGMAC,Bihar,2025,NEET_AIR,UR(DIPLOMA)- 235,J.L.N.M.C. BHAGALPUR,1.0,,,,12564.0,,,,12564.0,,,
Bihar PGMAC,Bihar,2025,NEET_AIR,UR(DIPLOMA)- 24,D.M.C.LAHERIASARAI,1.0,,,,2401.0,,,,2401.0,,,
Bihar PGMAC,Bihar,2025,NEET_AIR,UR(DIPLOMA)- 250,P.M.C.PATNA,1.0,,,,12977.0,,,,12977.0,,,
Bihar PGMAC,Bihar,2025,NEET_AIR,UR(DIPLOMA)- 28,D.M.C.LAHERIASARAI,1.0,,,,2647.0,,,,2647.0,,,
Bihar PGMAC,Bihar,2025,NEET_AIR,UR(DIPLOMA)- 30,P.M.C.PATNA,1.0,,,,2720.0,,,,2720.0,,,
Bihar PGMAC,Bihar,2025,NEET_AIR,UR(DIPLOMA)- 332,"COLLEGE & HOSPITAL, SAHARSA",1.0,,,,16204.0,,,,16204.0,,,
Bihar PGMAC,Bihar,2025,NEET_AIR,UR(DIPLOMA)- 367,KISHANGANJ,1.0,,,,17685.0,,,,17685.0,,,
Bihar PGMAC,Bihar,2025,NEET_AIR,UR(DIPLOMA)- 47,"G.M.C., BETTIAH",1.0,,,,3607.0,,,,3607.0,,,
Bihar PGMAC,Bihar,2025,NEET_AIR,UR(DIPLOMA)- 49,P.M.C.PATNA,1.0,,,,3909.0,,,,3909.0,,,
Bihar PGMAC,Bihar,2025,NEET_AIR,UR(DIPLOMA)- 498,KISHANGANJ,1.0,,,,23240.0,,,,23240.0,,,
Bihar PGMAC,Bihar,2025,NEET_AIR,UR(DIPLOMA)- 534,KISHANGANJ,1.0,,,,25081.0,,,,25081.0,,,
Bihar PGMAC,Bihar,2025,NEET_AIR,UR(DIPLOMA)- 538,KISHANGANJ,1.0,,,,25142.0,,,,25142.0,,,
Bihar PGMAC,Bihar,2025,NEET_AIR,UR(DIPLOMA)- 540,KISHANGANJ,1.0,,,,25265.0,,,,25265.0,,,
Bihar PGMAC,Bihar,2025,NEET_AIR,UR(DIPLOMA)- 544,MADHUBANI,1.0,,,,25481.0,,,,25481.0,,,
Bihar PGMAC,Bihar,2025,NEET_AIR,UR(DIPLOMA)- 55,"B.M.I.M.S,PAWAPURI, NALANDA",1.0,,,,4180.0,,,,4180.0,,,
Bihar PGMAC,Bihar,2025,NEET_AIR,UR(DIPLOMA)- 558,COLLEGE & HOSPITAL,1.0,,,,26347.0,,,,26347.0,,,
Bihar PGMAC,Bihar,2025,NEET_AIR,UR(DIPLOMA)- 570,"COLLEGE & HOSPITAL, SAHARSA",1.0,,,,26889.0,,,,26889.0,,,
Bihar PGMAC,Bihar,2025,NEET_AIR,UR(DIPLOMA)- 587,KISHANGANJ,1.0,,,,27814.0,,,,27814.0,,,
Bihar PGMAC,Bihar,2025,NEET_AIR,UR(DIPLOMA)- 589,COLLEGE & HOSPITAL,1.0,,,,28009.0,,,,28009.0,,,
Bihar PGMAC,Bihar,2025,NEET_AIR,UR(DIPLOMA)- 599,"COLLEGE & HOSPITAL, SAHARSA",1.0,,,,28385.0,,,,28385.0,,,
Bihar PGMAC,Bihar,2025,NEET_AIR,UR(DIPLOMA)- 6,I.G.I.M.S. PATNA,1.0,,,,748.0,,,,748.0,,,
Bihar PGMAC,Bihar,2025,NEET_AIR,UR(DIPLOMA)- 622,KISHANGANJ,1.0,,,,30122.0,,,,30122.0,,,
Bihar PGMAC,Bihar,2025,NEET_AIR,UR(DIPLOMA)- 632,COLLEGE & HOSPITAL,1.0,,,,30990.0,,,,30990.0,,,
Bihar PGMAC,Bihar,2025,NEET_AIR,UR(DIPLOMA)- 637,KISHANGANJ,1.0,,,,31568.0,,,,31568.0,,,
Bihar PGMAC,Bihar,2025,NEET_AIR,UR(DIPLOMA)- 642,"COLLEGE & HOSPITAL, SAHARSA",1.0,,,,31935.0,,,,31935.0,,,
Bihar PGMAC,Bihar,2025,NEET_AIR,UR(DIPLOMA)- 65,P.M.C.PATNA,1.0,,,,4900.0,,,,4900.0,,,
Bihar PGMAC,Bihar,2025,NEET_AIR,UR(DIPLOMA)- 656,KISHANGANJ,1.0,,,,32200.0,,,,32200.0,,,
Bihar PGMAC,Bihar,2025,NEET_AIR,UR(DIPLOMA)- 664,K.M.C. KATIHAR,1.0,,,,32600.0,,,,32600.0,,,
Bihar PGMAC,Bihar,2025,NEET_AIR,UR(DIPLOMA)- 669,COLLEGE & HOSPITAL,1.0,,,,32907.0,,,,32907.0,,,
Bihar PGMAC,Bihar,2025,NEET_AIR,UR(DIPLOMA)- 671,K.M.C. KATIHAR,1.0,,,,32982.0,,,,32982.0,,,
Bihar PGMAC,Bihar,2025,NEET_AIR,UR(DIPLOMA)- 673,MADHUBANI,1.0,,,,33068.0,,,,33068.0,,,
Bihar PGMAC,Bihar,2025,NEET_AIR,UR(DIPLOMA)- 676,"COLLEGE & HOSPITAL, SAHARSA",1.0,,,,33465.0,,,,33465.0,,,
Bihar PGMAC,Bihar,2025,NEET_AIR,UR(DIPLOMA)- 682,"COLLEGE & HOSPITAL, SAHARSA",1.0,,,,34138.0,,,,34138.0,,,
Bihar PGMAC,Bihar,2025,NEET_AIR,UR(DIPLOMA)- 687,"COLLEGE & HOSPITAL, SAHARSA",1.0,,,,34382.0,,,,34382.0,,,
Bihar PGMAC,Bihar,2025,NEET_AIR,UR(DIPLOMA)- 692,KISHANGANJ,1.0,,,,34574.0,,,,34574.0,,,
Bihar PGMAC,Bihar,2025,NEET_AIR,UR(DIPLOMA)- 696,"N.M.C &.H, SASARAM",1.0,,,,34899.0,,,,34899.0,,,
Bihar PGMAC,Bihar,2025,NEET_AIR,UR(DIPLOMA)- 698,"COLLEGE & HOSPITAL, SAHARSA",1.0,,,,34937.0,,,,34937.0,,,
Bihar PGMAC,Bihar,2025,NEET_AIR,UR(DIPLOMA)- 699,K.M.C. KATIHAR,1.0,,,,34938.0,,,,34938.0,,,
Bihar PGMAC,Bihar,2025,NEET_AIR,UR(DIPLOMA)- 7,P.M.C.PATNA,1.0,,,,762.0,,,,762.0,,,
Bihar PGMAC,Bihar,2025,NEET_AIR,UR(DIPLOMA)- 701,"COLLEGE & HOSPITAL, SAHARSA",1.0,,,,35015.0,,,,35015.0,,,
Bihar PGMAC,Bihar,2025,NEET_AIR,UR(DIPLOMA)- 704,KISHANGANJ,1.0,,,,35174.0,,,,35174.0,,,
Bihar PGMAC,Bihar,2025,NEET_AIR,UR(DIPLOMA)- 706,KISHANGANJ,1.0,,,,35277.0,,,,35277.0,,,
Bihar PGMAC,Bihar,2025,NEET_AIR,UR(DIPLOMA)- 708,KISHANGANJ,1.0,,,,35463.0,,,,35463.0,,,
Bihar PGMAC,Bihar,2025,NEET_AIR,UR(DIPLOMA)- 717,KISHANGANJ,1.0,,,,36159.0,,,,36159.0,,,
Bihar PGMAC,Bihar,2025,NEET_AIR,UR(DIPLOMA)- 725,"COLLEGE & HOSPITAL, SAHARSA",1.0,,,,36784.0,,,,36784.0,,,
Bihar PGMAC,Bihar,2025,NEET_AIR,UR(DIPLOMA)- 726,KISHANGANJ,1.0,,,,36842.0,,,,36842.0,,,
Bihar PGMAC,Bihar,2025,NEET_AIR,UR(DIPLOMA)- 730,"COLLEGE & HOSPITAL, SAHARSA",1.0,,,,36995.0,,,,36995.0,,,
Bihar PGMAC,Bihar,2025,NEET_AIR,UR(DIPLOMA)- 734,K.M.C. KATIHAR,1.0,,,,37425.0,,,,37425.0,,,
Bihar PGMAC,Bihar,2025,NEET_AIR,UR(DIPLOMA)- 738,K.M.C. KATIHAR,1.0,,,,37620.0,,,,37620.0,,,
Bihar PGMAC,Bihar,2025,NEET_AIR,UR(DIPLOMA)- 743,"N.M.C &.H, SASARAM",1.0,,,,38072.0,,,,38072.0,,,
Bihar PGMAC,Bihar,2025,NEET_AIR,UR(DIPLOMA)- 745,KISHANGANJ,1.0,,,,38211.0,,,,38211.0,,,
Bihar PGMAC,Bihar,2025,NEET_AIR,UR(DIPLOMA)- 746,KISHANGANJ,1.0,,,,38285.0,,,,38285.0,,,
Bihar PGMAC,Bihar,2025,NEET_AIR,UR(DIPLOMA)- 749,"N.M.C &.H, SASARAM",1.0,,,,38320.0,,,,38320.0,,,
Bihar PGMAC,Bihar,2025,NEET_AIR,UR(DIPLOMA)- 753,KISHANGANJ,1.0,,,,38701.0,,,,38701.0,,,
Bihar PGMAC,Bihar,2025,NEET_AIR,UR(DIPLOMA)- 759,COLLEGE & HOSPITAL,1.0,,,,39052.0,,,,39052.0,,,
Bihar PGMAC,Bihar,2025,NEET_AIR,UR(DIPLOMA)- 77,P.M.C.PATNA,1.0,,,,5453.0,,,,5453.0,,,
Bihar PGMAC,Bihar,2025,NEET_AIR,UR(DIPLOMA)- 770,KISHANGANJ,1.0,,,,39775.0,,,,39775.0,,,
Bihar PGMAC,Bihar,2025,NEET_AIR,UR(DIPLOMA)- 771,KISHANGANJ,1.0,,,,39960.0,,,,39960.0,,,
Bihar PGMAC,Bihar,2025,NEET_AIR,UR(DIPLOMA)- 777,KISHANGANJ,1.0,,,,40215.0,,,,40215.0,,,
Bihar PGMAC,Bihar,2025,NEET_AIR,UR(DIPLOMA)- 778,K.M.C. KATIHAR,1.0,,,,40390.0,,,,40390.0,,,
Bihar PGMAC,Bihar,2025,NEET_AIR,UR(DIPLOMA)- 780,K.M.C. KATIHAR,1.0,,,,40677.0,,,,40677.0,,,
Bihar PGMAC,Bihar,2025,NEET_AIR,UR(DIPLOMA)- 785,"COLLEGE & HOSPITAL, SAHARSA",1.0,,,,40786.0,,,,40786.0,,,
Bihar PGMAC,Bihar,2025,NEET_AIR,UR(DIPLOMA)- 789,"N.M.C &.H, SASARAM",1.0,,,,40993.0,,,,40993.0,,,
Bihar PGMAC,Bihar,2025,NEET_AIR,UR(DIPLOMA)- 790,MADHUBANI,1.0,,,,41005.0,,,,41005.0,,,
Bihar PGMAC,Bihar,2025,NEET_AIR,UR(DIPLOMA)- 795,KISHANGANJ,1.0,,,,41198.0,,,,41198.0,,,
Bihar PGMAC,Bihar,2025,NEET_AIR,UR(DIPLOMA)- 798,COLLEGE & HOSPITAL,1.0,,,,41389.0,,,,41389.0,,,
Bihar PGMAC,Bihar,2025,NEET_AIR,UR(DIPLOMA)- 799,MADHUBANI,1.0,,,,41412.0,,,,41412.0,,,
Bihar PGMAC,Bihar,2025,NEET_AIR,UR(DIPLOMA)- 802,K.M.C. KATIHAR,1.0,,,,41465.0,,,,41465.0,,,
Bihar PGMAC,Bihar,2025,NEET_AIR,UR(DIPLOMA)- 803,COLLEGE & HOSPITAL,1.0,,,,41494.0,,,,41494.0,,,
Bihar PGMAC,Bihar,2025,NEET_AIR,UR(DIPLOMA)- 805,MADHUBANI,1.0,,,,41554.0,,,,41554.0,,,
Bihar PGMAC,Bihar,2025,NEET_AIR,UR(DIPLOMA)- 806,"N.M.C &.H, SASARAM",1.0,,,,41570.0,,,,41570.0,,,
Bihar PGMAC,Bihar,2025,NEET_AIR,UR(DIPLOMA)- 807,KISHANGANJ,1.0,,,,41603.0,,,,41603.0,,,
Bihar PGMAC,Bihar,2025,NEET_AIR,UR(DIPLOMA)- 809,"N.M.C &.H, SASARAM",1.0,,,,41731.0,,,,41731.0,,,
Bihar PGMAC,Bihar,2025,NEET_AIR,UR(DIPLOMA)- 812,MADHUBANI,1.0,,,,41793.0,,,,41793.0,,,
Bihar PGMAC,Bihar,2025,NEET_AIR,UR(DIPLOMA)- 813,KISHANGANJ,1.0,,,,41872.0,,,,41872.0,,,
Bihar PGMAC,Bihar,2025,NEET_AIR,UR(DIPLOMA)- 814,"N.M.C &.H, SASARAM",1.0,,,,41924.0,,,,41924.0,,,
Bihar PGMAC,Bihar,2025,NEET_AIR,UR(DIPLOMA)- 817,"N.M.C &.H, SASARAM",1.0,,,,42048.0,,,,42048.0,,,
Bihar PGMAC,Bihar,2025,NEET_AIR,UR(DIPLOMA)- 818,"N.M.C &.H, SASARAM",1.0,,,,42250.0,,,,42250.0,,,
Bihar PGMAC,Bihar,2025,NEET_AIR,UR(DIPLOMA)- 820,"COLLEGE & HOSPITAL, SAHARSA",1.0,,,,42327.0,,,,42327.0,,,
Bihar PGMAC,Bihar,2025,NEET_AIR,UR(DIPLOMA)- 824,"N.M.C &.H, SASARAM",1.0,,,,42447.0,,,,42447.0,,,
Bihar PGMAC,Bihar,2025,NEET_AIR,UR(DIPLOMA)- 825,KISHANGANJ,1.0,,,,42453.0,,,,42453.0,,,
Bihar PGMAC,Bihar,2025,NEET_AIR,UR(DIPLOMA)- 83,N.M.C. PATNA,1.0,,,,5992.0,,,,5992.0,,,
Bihar PGMAC,Bihar,2025,NEET_AIR,UR(DIPLOMA)- 830,"N.M.C &.H, SASARAM",1.0,,,,42686.0,,,,42686.0,,,
Bihar PGMAC,Bihar,2025,NEET_AIR,UR(DIPLOMA)- 832,"COLLEGE & HOSPITAL, SAHARSA",1.0,,,,42812.0,,,,42812.0,,,
Bihar PGMAC,Bihar,2025,NEET_AIR,UR(DIPLOMA)- 837,KISHANGANJ,1.0,,,,43671.0,,,,43671.0,,,
Bihar PGMAC,Bihar,2025,NEET_AIR,UR(DIPLOMA)- 839,"N.M.C &.H, SASARAM",1.0,,,,43826.0,,,,43826.0,,,
Bihar PGMAC,Bihar,2025,NEET_AIR,UR(DIPLOMA)- 844,"N.M.C &.H, SASARAM",1.0,,,,43943.0,,,,43943.0,,,
Bihar PGMAC,Bihar,2025,NEET_AIR,UR(DIPLOMA)- 845,KISHANGANJ,1.0,,,,44020.0,,,,44020.0,,,
Bihar PGMAC,Bihar,2025,NEET_AIR,UR(DIPLOMA)- 848,"COLLEGE & HOSPITAL, SAHARSA",1.0,,,,44102.0,,,,44102.0,,,
Bihar PGMAC,Bihar,2025,NEET_AIR,UR(DIPLOMA)- 849,"N.M.C &.H, SASARAM",1.0,,,,44107.0,,,,44107.0,,,
Bihar PGMAC,Bihar,2025,NEET_AIR,UR(DIPLOMA)- 851,"COLLEGE & HOSPITAL, SAHARSA",1.0,,,,44191.0,,,,44191.0,,,
Bihar PGMAC,Bihar,2025,NEET_AIR,UR(DIPLOMA)- 853,"COLLEGE & HOSPITAL, SAHARSA",1.0,,,,44313.0,,,,44313.0,,,
Bihar PGMAC,Bihar,2025,NEET_AIR,UR(DIPLOMA)- 856,"N.M.C &.H, SASARAM",1.0,,,,44370.0,,,,44370.0,,,
Bihar PGMAC,Bihar,2025,NEET_AIR,UR(DIPLOMA)- 86,D.M.C.LAHERIASARAI,1.0,,,,6063.0,,,,6063.0,,,
Bihar PGMAC,Bihar,2025,NEET_AIR,UR(DIPLOMA)- 861,KISHANGANJ,1.0,,,,44531.0,,,,44531.0,,,
Bihar PGMAC,Bihar,2025,NEET_AIR,UR(DIPLOMA)- 862,K.M.C. KATIHAR,1.0,,,,44597.0,,,,44597.0,,,
Bihar PGMAC,Bihar,2025,NEET_AIR,UR(DIPLOMA)- 863,KISHANGANJ,1.0,,,,44668.0,,,,44668.0,,,
Bihar PGMAC,Bihar,2025,NEET_AIR,UR(DIPLOMA)- 866,K.M.C. KATIHAR,1.0,,,,44772.0,,,,44772.0,,,
Bihar PGMAC,Bihar,2025,NEET_AIR,UR(DIPLOMA)- 869,COLLEGE & HOSPITAL,1.0,,,,44853.0,,,,44853.0,,,
Bihar PGMAC,Bihar,2025,NEET_AIR,UR(DIPLOMA)- 870,"N.M.C &.H, SASARAM",1.0,,,,44934.0,,,,44934.0,,,
Bihar PGMAC,Bihar,2025,NEET_AIR,UR(DIPLOMA)- 874,KISHANGANJ,1.0,,,,45117.0,,,,45117.0,,,
Bihar PGMAC,Bihar,2025,NEET_AIR,UR(DIPLOMA)- 875,"COLLEGE & HOSPITAL, SAHARSA",1.0,,,,45216.0,,,,45216.0,,,
Bihar PGMAC,Bihar,2025,NEET_AIR,UR(DIPLOMA)- 878,KISHANGANJ,1.0,,,,45304.0,,,,45304.0,,,
Bihar PGMAC,Bihar,2025,NEET_AIR,UR(DIPLOMA)- 884,"N.M.C &.H, SASARAM",1.0,,,,45629.0,,,,45629.0,,,
Bihar PGMAC,Bihar,2025,NEET_AIR,UR(DIPLOMA)- 886,"N.M.C &.H, SASARAM",1.0,,,,45785.0,,,,45785.0,,,
Bihar PGMAC,Bihar,2025,NEET_AIR,UR(DIPLOMA)- 887,KISHANGANJ,1.0,,,,45794.0,,,,45794.0,,,
Bihar PGMAC,Bihar,2025,NEET_AIR,UR(DIPLOMA)- 890,"N.M.C &.H, SASARAM",1.0,,,,46085.0,,,,46085.0,,,
Bihar PGMAC,Bihar,2025,NEET_AIR,UR(DIPLOMA)- 891,"N.M.C &.H, SASARAM",1.0,,,,46155.0,,,,46155.0,,,
Bihar PGMAC,Bihar,2025,NEET_AIR,UR(DIPLOMA)- 892,KISHANGANJ,1.0,,,,46197.0,,,,46197.0,,,
Bihar PGMAC,Bihar,2025,NEET_AIR,UR(DIPLOMA)- 893,KISHANGANJ,1.0,,,,46219.0,,,,46219.0,,,
Bihar PGMAC,Bihar,2025,NEET_AIR,UR(DIPLOMA)- 894,"N.M.C &.H, SASARAM",1.0,,,,46230.0,,,,46230.0,,,
Bihar PGMAC,Bihar,2025,NEET_AIR,UR(DIPLOMA)- 895,KISHANGANJ,1.0,,,,46240.0,,,,46240.0,,,
Bihar PGMAC,Bihar,2025,NEET_AIR,UR(DIPLOMA)- 897,"N.M.C &.H, SASARAM",1.0,,,,46349.0,,,,46349.0,,,
Bihar PGMAC,Bihar,2025,NEET_AIR,UR(DIPLOMA)- 898,"COLLEGE & HOSPITAL, SAHARSA",1.0,,,,46402.0,,,,46402.0,,,
Bihar PGMAC,Bihar,2025,NEET_AIR,UR(DIPLOMA)- 899,KISHANGANJ,1.0,,,,46424.0,,,,46424.0,,,
Bihar PGMAC,Bihar,2025,NEET_AIR,UR(DIPLOMA)- 900,KISHANGANJ,1.0,,,,46504.0,,,,46504.0,,,
Bihar PGMAC,Bihar,2025,NEET_AIR,UR(DIPLOMA)- 901,"COLLEGE & HOSPITAL, SAHARSA",1.0,,,,46508.0,,,,46508.0,,,
Bihar PGMAC,Bihar,2025,NEET_AIR,UR(DIPLOMA)- 906,KISHANGANJ,1.0,,,,46883.0,,,,46883.0,,,
Bihar PGMAC,Bihar,2025,NEET_AIR,UR(DIPLOMA)- 907,K.M.C. KATIHAR,1.0,,,,46885.0,,,,46885.0,,,
Bihar PGMAC,Bihar,2025,NEET_AIR,UR(DIPLOMA)- 912,COLLEGE & HOSPITAL,1.0,,,,47079.0,,,,47079.0,,,
Bihar PGMAC,Bihar,2025,NEET_AIR,UR(DIPLOMA)- 913,"N.M.C &.H, SASARAM",1.0,,,,47103.0,,,,47103.0,,,
Bihar PGMAC,Bihar,2025,NEET_AIR,UR(DIPLOMA)- 916,MADHUBANI,1.0,,,,47159.0,,,,47159.0,,,
Bihar PGMAC,Bihar,2025,NEET_AIR,UR(DIPLOMA)- 919,COLLEGE & HOSPITAL,1.0,,,,47542.0,,,,47542.0,,,
Bihar PGMAC,Bihar,2025,NEET_AIR,UR(DIPLOMA)- 920,K.M.C. KATIHAR,1.0,,,,47614.0,,,,47614.0,,,
Bihar PGMAC,Bihar,2025,NEET_AIR,UR(DIPLOMA)- 923,"N.M.C &.H, SASARAM",1.0,,,,47940.0,,,,47940.0,,,
Bihar PGMAC,Bihar,2025,NEET_AIR,UR(DIPLOMA)- 924,COLLEGE & HOSPITAL,1.0,,,,48086.0,,,,48086.0,,,
Bihar PGMAC,Bihar,2025,NEET_AIR,UR(DIPLOMA)- 925,"COLLEGE & HOSPITAL, SAHARSA",1.0,,,,48144.0,,,,48144.0,,,
Bihar PGMAC,Bihar,2025,NEET_AIR,UR(DIPLOMA)- 926,"N.M.C &.H, SASARAM",1.0,,,,48352.0,,,,48352.0,,,
Bihar PGMAC,Bihar,2025,NEET_AIR,UR(DIPLOMA)- 929,MADHUBANI,1.0,,,,48535.0,,,,48535.0,,,
Bihar PGMAC,Bihar,2025,NEET_AIR,UR(DIPLOMA)- 93,D.M.C.LAHERIASARAI,1.0,,,,6355.0,,,,6355.0,,,
Bihar PGMAC,Bihar,2025,NEET_AIR,UR(DIPLOMA)- 930,KISHANGANJ,1.0,,,,48576.0,,,,48576.0,,,
Bihar PGMAC,Bihar,2025,NEET_AIR,UR(DIPLOMA)- 936,K.M.C. KATIHAR,1.0,,,,48930.0,,,,48930.0,,,
Bihar PGMAC,Bihar,2025,NEET_AIR,UR(DIPLOMA)- 94,N.M.C. PATNA,1.0,,,,6501.0,,,,6501.0,,,
Bihar PGMAC,Bihar,2025,NEET_AIR,UR(DIPLOMA)- 940,K.M.C. KATIHAR,1.0,,,,49195.0,,,,49195.0,,,
Bihar PGMAC,Bihar,2025,NEET_AIR,UR(DIPLOMA)- 941,"N.M.C &.H, SASARAM",1.0,,,,49198.0,,,,49198.0,,,
Bihar PGMAC,Bihar,2025,NEET_AIR,UR(DIPLOMA)- 942,MADHUBANI,1.0,,,,49255.0,,,,49255.0,,,
Bihar PGMAC,Bihar,2025,NEET_AIR,UR(DIPLOMA)- 944,MADHUBANI,1.0,,,,49275.0,,,,49275.0,,,
Bihar PGMAC,Bihar,2025,NEET_AIR,UR(DIPLOMA)- 948,"COLLEGE & HOSPITAL, SAHARSA",1.0,,,,49432.0,,,,49432.0,,,
Bihar PGMAC,Bihar,2025,NEET_AIR,UR(DIPLOMA)- 952,"N.M.C &.H, SASARAM",1.0,,,,49738.0,,,,49738.0,,,
Bihar PGMAC,Bihar,2025,NEET_AIR,UR(DIPLOMA)- 953,"COLLEGE & HOSPITAL, SAHARSA",1.0,,,,49835.0,,,,49835.0,,,
Bihar PGMAC,Bihar,2025,NEET_AIR,UR(DIPLOMA)- 955,K.M.C. KATIHAR,1.0,,,,49906.0,,,,49906.0,,,
Bihar PGMAC,Bihar,2025,NEET_AIR,UR(DIPLOMA)- 961,"COLLEGE & HOSPITAL, SAHARSA",1.0,,,,50180.0,,,,50180.0,,,
Bihar PGMAC,Bihar,2025,NEET_AIR,UR(DIPLOMA)- 962,"COLLEGE & HOSPITAL, SAHARSA",1.0,,,,50251.0,,,,50251.0,,,
Bihar PGMAC,Bihar,2025,NEET_AIR,UR(DIPLOMA)- 964,KISHANGANJ,1.0,,,,50476.0,,,,50476.0,,,
Bihar PGMAC,Bihar,2025,NEET_AIR,UR(DIPLOMA)- 967,"N.M.C &.H, SASARAM",1.0,,,,50609.0,,,,50609.0,,,
Bihar PGMAC,Bihar,2025,NEET_AIR,UR(DIPLOMA)- 969,K.M.C. KATIHAR,1.0,,,,50708.0,,,,50708.0,,,
Bihar PGMAC,Bihar,2025,NEET_AIR,UR(DIPLOMA)- 971,"N.M.C &.H, SASARAM",1.0,,,,50731.0,,,,50731.0,,,
Bihar PGMAC,Bihar,2025,NEET_AIR,UR(DIPLOMA)- 972,COLLEGE & HOSPITAL,1.0,,,,50858.0,,,,50858.0,,,
Bihar PGMAC,Bihar,2025,NEET_AIR,UR(DIPLOMA)- 973,KISHANGANJ,1.0,,,,50906.0,,,,50906.0,,,
Bihar PGMAC,Bihar,2025,NEET_AIR,UR(DIPLOMA)- 974,KISHANGANJ,1.0,,,,50920.0,,,,50920.0,,,
Bihar PGMAC,Bihar,2025,NEET_AIR,UR(DIPLOMA)- 975,K.M.C. KATIHAR,1.0,,,,50961.0,,,,50961.0,,,
Bihar PGMAC,Bihar,2025,NEET_AIR,UR(DIPLOMA)- 978,KISHANGANJ,1.0,,,,51147.0,,,,51147.0,,,
Bihar PGMAC,Bihar,2025,NEET_AIR,UR(DIPLOMA)- 980,"COLLEGE & HOSPITAL, SAHARSA",1.0,,,,51309.0,,,,51309.0,,,
Bihar PGMAC,Bihar,2025,NEET_AIR,UR(DIPLOMA)- 983,K.M.C. KATIHAR,1.0,,,,51417.0,,,,51417.0,,,
Bihar PGMAC,Bihar,2025,NEET_AIR,UR(DIPLOMA)- 985,MADHUBANI,1.0,,,,51555.0,,,,51555.0,,,
Bihar PGMAC,Bihar,2025,NEET_AIR,UR(DIPLOMA)- 988,K.M.C. KATIHAR,1.0,,,,51825.0,,,,51825.0,,,
Bihar PGMAC,Bihar,2025,NEET_AIR,UR(DIPLOMA)- 989,COLLEGE & HOSPITAL,1.0,,,,51872.0,,,,51872.0,,,
Bihar PGMAC,Bihar,2025,NEET_AIR,UR(DIPLOMA)- 99,J.L.N.M.C. BHAGALPUR,1.0,,,,6714.0,,,,6714.0,,,
Bihar PGMAC,Bihar,2025,NEET_AIR,UR(DIPLOMA)- 994,K.M.C. KATIHAR,1.0,,,,52058.0,,,,52058.0,,,
Bihar PGMAC,Bihar,2025,NEET_AIR,UR(DIPLOMA)- 996,"N.M.C &.H, SASARAM",1.0,,,,52148.0,,,,52148.0,,,
Bihar PGMAC,Bihar,2025,NEET_AIR,UR(DIPLOMA)-1002,MADHUBANI,1.0,,,,52356.0,,,,52356.0,,,
Bihar PGMAC,Bihar,2025,NEET_AIR,UR(DIPLOMA)-1009,"N.M.C &.H, SASARAM",1.0,,,,52989.0,,,,52989.0,,,
Bihar PGMAC,Bihar,2025,NEET_AIR,UR(DIPLOMA)-1014,COLLEGE & HOSPITAL,1.0,,,,53118.0,,,,53118.0,,,
Bihar PGMAC,Bihar,2025,NEET_AIR,UR(DIPLOMA)-1015,"N.M.C &.H, SASARAM",1.0,,,,53209.0,,,,53209.0,,,
Bihar PGMAC,Bihar,2025,NEET_AIR,UR(DIPLOMA)-1022,K.M.C. KATIHAR,1.0,,,,53605.0,,,,53605.0,,,
Bihar PGMAC,Bihar,2025,NEET_AIR,UR(DIPLOMA)-1024,COLLEGE & HOSPITAL,1.0,,,,53693.0,,,,53693.0,,,
Bihar PGMAC,Bihar,2025,NEET_AIR,UR(DIPLOMA)-1032,KISHANGANJ,1.0,,,,54358.0,,,,54358.0,,,
Bihar PGMAC,Bihar,2025,NEET_AIR,UR(DIPLOMA)-1033,"N.M.C &.H, SASARAM",1.0,,,,54382.0,,,,54382.0,,,
Bihar PGMAC,Bihar,2025,NEET_AIR,UR(DIPLOMA)-1037,KISHANGANJ,1.0,,,,54553.0,,,,54553.0,,,
Bihar PGMAC,Bihar,2025,NEET_AIR,UR(DIPLOMA)-1040,"COLLEGE & HOSPITAL, SAHARSA",1.0,,,,54622.0,,,,54622.0,,,
Bihar PGMAC,Bihar,2025,NEET_AIR,UR(DIPLOMA)-1043,"COLLEGE & HOSPITAL, SAHARSA",1.0,,,,54818.0,,,,54818.0,,,
Bihar PGMAC,Bihar,2025,NEET_AIR,UR(DIPLOMA)-1048,K.M.C. KATIHAR,1.0,,,,55053.0,,,,55053.0,,,
Bihar PGMAC,Bihar,2025,NEET_AIR,UR(DIPLOMA)-1050,K.M.C. KATIHAR,1.0,,,,55165.0,,,,55165.0,,,
Bihar PGMAC,Bihar,2025,NEET_AIR,UR(DIPLOMA)-1054,"COLLEGE & HOSPITAL, SAHARSA",1.0,,,,55502.0,,,,55502.0,,,
Bihar PGMAC,Bihar,2025,NEET_AIR,UR(DIPLOMA)-1060,"COLLEGE & HOSPITAL, SAHARSA",1.0,,,,55842.0,,,,55842.0,,,
Bihar PGMAC,Bihar,2025,NEET_AIR,UR(DIPLOMA)-1061,K.M.C. KATIHAR,1.0,,,,55882.0,,,,55882.0,,,
Bihar PGMAC,Bihar,2025,NEET_AIR,UR(DIPLOMA)-1064,K.M.C. KATIHAR,1.0,,,,56028.0,,,,56028.0,,,
Bihar PGMAC,Bihar,2025,NEET_AIR,UR(DIPLOMA)-1067,"COLLEGE & HOSPITAL, SAHARSA",1.0,,,,56160.0,,,,56160.0,,,
Bihar PGMAC,Bihar,2025,NEET_AIR,UR(DIPLOMA)-1084,K.M.C. KATIHAR,1.0,,,,56986.0,,,,56986.0,,,
Bihar PGMAC,Bihar,2025,NEET_AIR,UR(DIPLOMA)-1091,"N.M.C &.H, SASARAM",1.0,,,,57308.0,,,,57308.0,,,
Bihar PGMAC,Bihar,2025,NEET_AIR,UR(DIPLOMA)-1095,COLLEGE & HOSPITAL,1.0,,,,57467.0,,,,57467.0,,,
Bihar PGMAC,Bihar,2025,NEET_AIR,UR(DIPLOMA)-1096,"N.M.C &.H, SASARAM",1.0,,,,57468.0,,,,57468.0,,,
Bihar PGMAC,Bihar,2025,NEET_AIR,UR(DIPLOMA)-1098,KISHANGANJ,1.0,,,,57556.0,,,,57556.0,,,
Bihar PGMAC,Bihar,2025,NEET_AIR,UR(DIPLOMA)-1101,K.M.C. KATIHAR,1.0,,,,57656.0,,,,57656.0,,,
Bihar PGMAC,Bihar,2025,NEET_AIR,UR(DIPLOMA)-1104,KISHANGANJ,1.0,,,,57820.0,,,,57820.0,,,
Bihar PGMAC,Bihar,2025,NEET_AIR,UR(DIPLOMA)-1107,"N.M.C &.H, SASARAM",1.0,,,,57927.0,,,,57927.0,,,
Bihar PGMAC,Bihar,2025,NEET_AIR,UR(DIPLOMA)-1109,COLLEGE & HOSPITAL,1.0,,,,58114.0,,,,58114.0,,,
Bihar PGMAC,Bihar,2025,NEET_AIR,UR(DIPLOMA)-1111,"N.M.C &.H, SASARAM",1.0,,,,58460.0,,,,58460.0,,,
Bihar PGMAC,Bihar,2025,NEET_AIR,UR(DIPLOMA)-1119,COLLEGE & HOSPITAL,1.0,,,,59035.0,,,,59035.0,,,
Bihar PGMAC,Bihar,2025,NEET_AIR,UR(DIPLOMA)-1123,"COLLEGE & HOSPITAL, SAHARSA",1.0,,,,59242.0,,,,59242.0,,,
Bihar PGMAC,Bihar,2025,NEET_AIR,UR(DIPLOMA)-1125,COLLEGE & HOSPITAL,1.0,,,,59302.0,,,,59302.0,,,
Bihar PGMAC,Bihar,2025,NEET_AIR,UR(DIPLOMA)-1130,MADHUBANI,1.0,,,,59565.0,,,,59565.0,,,
Bihar PGMAC,Bihar,2025,NEET_AIR,UR(DIPLOMA)-1132,"N.M.C &.H, SASARAM",1.0,,,,59685.0,,,,59685.0,,,
Bihar PGMAC,Bihar,2025,NEET_AIR,UR(DIPLOMA)-1136,MADHUBANI,1.0,,,,59983.0,,,,59983.0,,,
Bihar PGMAC,Bihar,2025,NEET_AIR,UR(DIPLOMA)-1142,COLLEGE & HOSPITAL,1.0,,,,60293.0,,,,60293.0,,,
Bihar PGMAC,Bihar,2025,NEET_AIR,UR(DIPLOMA)-1147,KISHANGANJ,1.0,,,,60434.0,,,,60434.0,,,
Bihar PGMAC,Bihar,2025,NEET_AIR,UR(DIPLOMA)-1148,KISHANGANJ,1.0,,,,60466.0,,,,60466.0,,,
Bihar PGMAC,Bihar,2025,NEET_AIR,UR(DIPLOMA)-1149,"N.M.C &.H, SASARAM",1.0,,,,60502.0,,,,60502.0,,,
Bihar PGMAC,Bihar,2025,NEET_AIR,UR(DIPLOMA)-1150,"N.M.C &.H, SASARAM",1.0,,,,60795.0,,,,60795.0,,,
Bihar PGMAC,Bihar,2025,NEET_AIR,UR(DIPLOMA)-1154,K.M.C. KATIHAR,1.0,,,,61312.0,,,,61312.0,,,
Bihar PGMAC,Bihar,2025,NEET_AIR,UR(DIPLOMA)-1158,"N.M.C &.H, SASARAM",1.0,,,,61422.0,,,,61422.0,,,
Bihar PGMAC,Bihar,2025,NEET_AIR,UR(DIPLOMA)-1163,K.M.C. KATIHAR,1.0,,,,61945.0,,,,61945.0,,,
Bihar PGMAC,Bihar,2025,NEET_AIR,UR(DIPLOMA)-1173,"N.M.C &.H, SASARAM",1.0,,,,62386.0,,,,62386.0,,,
Bihar PGMAC,Bihar,2025,NEET_AIR,UR(DIPLOMA)-1175,K.M.C. KATIHAR,1.0,,,,62479.0,,,,62479.0,,,
Bihar PGMAC,Bihar,2025,NEET_AIR,UR(DIPLOMA)-1176,MADHUBANI,1.0,,,,62553.0,,,,62553.0,,,
Bihar PGMAC,Bihar,2025,NEET_AIR,UR(DIPLOMA)-1178,"N.M.C &.H, SASARAM",1.0,,,,62679.0,,,,62679.0,,,
Bihar PGMAC,Bihar,2025,NEET_AIR,UR(DIPLOMA)-1181,"N.M.C &.H, SASARAM",1.0,,,,62804.0,,,,62804.0,,,
Bihar PGMAC,Bihar,2025,NEET_AIR,UR(DIPLOMA)-1187,"N.M.C &.H, SASARAM",1.0,,,,63050.0,,,,63050.0,,,
Bihar PGMAC,Bihar,2025,NEET_AIR,UR(DIPLOMA)-1190,"N.M.C &.H, SASARAM",1.0,,,,63229.0,,,,63229.0,,,
Bihar PGMAC,Bihar,2025,NEET_AIR,UR(DIPLOMA)-1192,K.M.C. KATIHAR,1.0,,,,63278.0,,,,63278.0,,,
Bihar PGMAC,Bihar,2025,NEET_AIR,UR(DIPLOMA)-1194,"N.M.C &.H, SASARAM",1.0,,,,63301.0,,,,63301.0,,,
Bihar PGMAC,Bihar,2025,NEET_AIR,UR(DIPLOMA)-1201,KISHANGANJ,1.0,,,,63765.0,,,,63765.0,,,
Bihar PGMAC,Bihar,2025,NEET_AIR,UR(DIPLOMA)-1202,K.M.C. KATIHAR,1.0,,,,63846.0,,,,63846.0,,,
Bihar PGMAC,Bihar,2025,NEET_AIR,UR(DIPLOMA)-1203,KISHANGANJ,1.0,,,,63938.0,,,,63938.0,,,
Bihar PGMAC,Bihar,2025,NEET_AIR,UR(DIPLOMA)-1204,MADHUBANI,1.0,,,,63990.0,,,,63990.0,,,
Bihar PGMAC,Bihar,2025,NEET_AIR,UR(DIPLOMA)-1207,"N.M.C &.H, SASARAM",1.0,,,,64151.0,,,,64151.0,,,
Bihar PGMAC,Bihar,2025,NEET_AIR,UR(DIPLOMA)-1213,COLLEGE & HOSPITAL,1.0,,,,64588.0,,,,64588.0,,,
Bihar PGMAC,Bihar,2025,NEET_AIR,UR(DIPLOMA)-1215,COLLEGE & HOSPITAL,1.0,,,,64645.0,,,,64645.0,,,
Bihar PGMAC,Bihar,2025,NEET_AIR,UR(DIPLOMA)-1216,KISHANGANJ,1.0,,,,64655.0,,,,64655.0,,,
Bihar PGMAC,Bihar,2025,NEET_AIR,UR(DIPLOMA)-1217,MADHUBANI,1.0,,,,64692.0,,,,64692.0,,,
Bihar PGMAC,Bihar,2025,NEET_AIR,UR(DIPLOMA)-1218,MADHUBANI,1.0,,,,64774.0,,,,64774.0,,,
Bihar PGMAC,Bihar,2025,NEET_AIR,UR(DIPLOMA)-1222,COLLEGE & HOSPITAL,1.0,,,,64924.0,,,,64924.0,,,
Bihar PGMAC,Bihar,2025,NEET_AIR,UR(DIPLOMA)-1236,COLLEGE & HOSPITAL,1.0,,,,65800.0,,,,65800.0,,,
Bihar PGMAC,Bihar,2025,NEET_AIR,UR(DIPLOMA)-1238,"N.M.C &.H, SASARAM",1.0,,,,65960.0,,,,65960.0,,,
Bihar PGMAC,Bihar,2025,NEET_AIR,UR(DIPLOMA)-1239,MADHUBANI,1.0,,,,66093.0,,,,66093.0,,,
Bihar PGMAC,Bihar,2025,NEET_AIR,UR(DIPLOMA)-1240,K.M.C. KATIHAR,1.0,,,,66182.0,,,,66182.0,,,
Bihar PGMAC,Bihar,2025,NEET_AIR,UR(DIPLOMA)-1250,COLLEGE & HOSPITAL,1.0,,,,66562.0,,,,66562.0,,,
Bihar PGMAC,Bihar,2025,NEET_AIR,UR(DIPLOMA)-1251,"N.M.C &.H, SASARAM",1.0,,,,66580.0,,,,66580.0,,,
Bihar PGMAC,Bihar,2025,NEET_AIR,UR(DIPLOMA)-1254,"N.M.C &.H, SASARAM",1.0,,,,66863.0,,,,66863.0,,,
Bihar PGMAC,Bihar,2025,NEET_AIR,UR(DIPLOMA)-1258,K.M.C. KATIHAR,1.0,,,,67169.0,,,,67169.0,,,
Bihar PGMAC,Bihar,2025,NEET_AIR,UR(DIPLOMA)-1264,"N.M.C &.H, SASARAM",1.0,,,,67320.0,,,,67320.0,,,
Bihar PGMAC,Bihar,2025,NEET_AIR,UR(DIPLOMA)-1265,KISHANGANJ,1.0,,,,67454.0,,,,67454.0,,,
Bihar PGMAC,Bihar,2025,NEET_AIR,UR(DIPLOMA)-1268,KISHANGANJ,1.0,,,,67720.0,,,,67720.0,,,
Bihar PGMAC,Bihar,2025,NEET_AIR,UR(DIPLOMA)-1270,"N.M.C &.H, SASARAM",1.0,,,,67789.0,,,,67789.0,,,
Bihar PGMAC,Bihar,2025,NEET_AIR,UR(DIPLOMA)-1276,KISHANGANJ,1.0,,,,68191.0,,,,68191.0,,,
Bihar PGMAC,Bihar,2025,NEET_AIR,UR(DIPLOMA)-1278,K.M.C. KATIHAR,1.0,,,,68391.0,,,,68391.0,,,
Bihar PGMAC,Bihar,2025,NEET_AIR,UR(DIPLOMA)-1279,"N.M.C &.H, SASARAM",1.0,,,,68423.0,,,,68423.0,,,
Bihar PGMAC,Bihar,2025,NEET_AIR,UR(DIPLOMA)-1280,KISHANGANJ,1.0,,,,68432.0,,,,68432.0,,,
Bihar PGMAC,Bihar,2025,NEET_AIR,UR(DIPLOMA)-1283,K.M.C. KATIHAR,1.0,,,,68588.0,,,,68588.0,,,
Bihar PGMAC,Bihar,2025,NEET_AIR,UR(DIPLOMA)-1286,KISHANGANJ,1.0,,,,68910.0,,,,68910.0,,,
Bihar PGMAC,Bihar,2025,NEET_AIR,UR(DIPLOMA)-1287,KISHANGANJ,1.0,,,,68996.0,,,,68996.0,,,
Bihar PGMAC,Bihar,2025,NEET_AIR,UR(DIPLOMA)-1288,"N.M.C &.H, SASARAM",1.0,,,,69165.0,,,,69165.0,,,
Bihar PGMAC,Bihar,2025,NEET_AIR,UR(DIPLOMA)-1296,COLLEGE & HOSPITAL,1.0,,,,69613.0,,,,69613.0,,,
Bihar PGMAC,Bihar,2025,NEET_AIR,UR(DIPLOMA)-1299,MADHUBANI,1.0,,,,69757.0,,,,69757.0,,,
Bihar PGMAC,Bihar,2025,NEET_AIR,UR(DIPLOMA)-1305,"N.M.C &.H, SASARAM",1.0,,,,69821.0,,,,69821.0,,,
Bihar PGMAC,Bihar,2025,NEET_AIR,UR(DIPLOMA)-1307,KISHANGANJ,1.0,,,,69986.0,,,,69986.0,,,
Bihar PGMAC,Bihar,2025,NEET_AIR,UR(DIPLOMA)-1309,MADHUBANI,1.0,,,,70028.0,,,,70028.0,,,
Bihar PGMAC,Bihar,2025,NEET_AIR,UR(DIPLOMA)-1313,"N.M.C &.H, SASARAM",1.0,,,,70473.0,,,,70473.0,,,
Bihar PGMAC,Bihar,2025,NEET_AIR,UR(DIPLOMA)-1314,"N.M.C &.H, SASARAM",1.0,,,,70520.0,,,,70520.0,,,
Bihar PGMAC,Bihar,2025,NEET_AIR,UR(DIPLOMA)-1316,KISHANGANJ,1.0,,,,70663.0,,,,70663.0,,,
Bihar PGMAC,Bihar,2025,NEET_AIR,UR(DIPLOMA)-1318,MADHUBANI,1.0,,,,70994.0,,,,70994.0,,,
Bihar PGMAC,Bihar,2025,NEET_AIR,UR(DIPLOMA)-1319,K.M.C. KATIHAR,1.0,,,,70999.0,,,,70999.0,,,
Bihar PGMAC,Bihar,2025,NEET_AIR,UR(DIPLOMA)-1321,MADHUBANI,1.0,,,,71189.0,,,,71189.0,,,
Bihar PGMAC,Bihar,2025,NEET_AIR,UR(DIPLOMA)-1323,K.M.C. KATIHAR,1.0,,,,71230.0,,,,71230.0,,,
Bihar PGMAC,Bihar,2025,NEET_AIR,UR(DIPLOMA)-1326,"N.M.C &.H, SASARAM",1.0,,,,71336.0,,,,71336.0,,,
Bihar PGMAC,Bihar,2025,NEET_AIR,UR(DIPLOMA)-1328,KISHANGANJ,1.0,,,,71400.0,,,,71400.0,,,
Bihar PGMAC,Bihar,2025,NEET_AIR,UR(DIPLOMA)-1329,"N.M.C &.H, SASARAM",1.0,,,,71411.0,,,,71411.0,,,
Bihar PGMAC,Bihar,2025,NEET_AIR,UR(DIPLOMA)-1332,KISHANGANJ,1.0,,,,71511.0,,,,71511.0,,,
Bihar PGMAC,Bihar,2025,NEET_AIR,UR(DIPLOMA)-1335,"N.M.C &.H, SASARAM",1.0,,,,71845.0,,,,71845.0,,,
Bihar PGMAC,Bihar,2025,NEET_AIR,UR(DIPLOMA)-1337,K.M.C. KATIHAR,1.0,,,,71853.0,,,,71853.0,,,
Bihar PGMAC,Bihar,2025,NEET_AIR,UR(DIPLOMA)-1342,K.M.C. KATIHAR,1.0,,,,71993.0,,,,71993.0,,,
Bihar PGMAC,Bihar,2025,NEET_AIR,UR(DIPLOMA)-1344,"N.M.C &.H, SASARAM",1.0,,,,72042.0,,,,72042.0,,,
Bihar PGMAC,Bihar,2025,NEET_AIR,UR(DIPLOMA)-1347,"N.M.C &.H, SASARAM",1.0,,,,72169.0,,,,72169.0,,,
Bihar PGMAC,Bihar,2025,NEET_AIR,UR(DIPLOMA)-1350,"N.M.C &.H, SASARAM",1.0,,,,72498.0,,,,72498.0,,,
Bihar PGMAC,Bihar,2025,NEET_AIR,UR(DIPLOMA)-1354,"N.M.C &.H, SASARAM",1.0,,,,72914.0,,,,72914.0,,,
Bihar PGMAC,Bihar,2025,NEET_AIR,UR(DIPLOMA)-1355,"N.M.C &.H, SASARAM",1.0,,,,72928.0,,,,72928.0,,,
Bihar PGMAC,Bihar,2025,NEET_AIR,UR(DIPLOMA)-1358,K.M.C. KATIHAR,1.0,,,,73104.0,,,,73104.0,,,
Bihar PGMAC,Bihar,2025,NEET_AIR,UR(DIPLOMA)-1361,MADHUBANI,1.0,,,,73194.0,,,,73194.0,,,
Bihar PGMAC,Bihar,2025,NEET_AIR,UR(DIPLOMA)-1367,"N.M.C &.H, SASARAM",1.0,,,,73563.0,,,,73563.0,,,
Bihar PGMAC,Bihar,2025,NEET_AIR,UR(DIPLOMA)-1368,MADHUBANI,1.0,,,,73593.0,,,,73593.0,,,
Bihar PGMAC,Bihar,2025,NEET_AIR,UR(DIPLOMA)-1369,KISHANGANJ,1.0,,,,73620.0,,,,73620.0,,,
Bihar PGMAC,Bihar,2025,NEET_AIR,UR(DIPLOMA)-1370,"N.M.C &.H, SASARAM",1.0,,,,73652.0,,,,73652.0,,,
Bihar PGMAC,Bihar,2025,NEET_AIR,UR(DIPLOMA)-1371,"N.M.C &.H, SASARAM",1.0,,,,73679.0,,,,73679.0,,,
Bihar PGMAC,Bihar,2025,NEET_AIR,UR(DIPLOMA)-1381,"N.M.C &.H, SASARAM",1.0,,,,74437.0,,,,74437.0,,,
Bihar PGMAC,Bihar,2025,NEET_AIR,UR(DIPLOMA)-1384,"N.M.C &.H, SASARAM",1.0,,,,74549.0,,,,74549.0,,,
Bihar PGMAC,Bihar,2025,NEET_AIR,UR(DIPLOMA)-1385,MADHUBANI,1.0,,,,74552.0,,,,74552.0,,,
Bihar PGMAC,Bihar,2025,NEET_AIR,UR(DIPLOMA)-1389,MADHUBANI,1.0,,,,74804.0,,,,74804.0,,,
Bihar PGMAC,Bihar,2025,NEET_AIR,UR(DIPLOMA)-1390,MADHUBANI,1.0,,,,74939.0,,,,74939.0,,,
Bihar PGMAC,Bihar,2025,NEET_AIR,UR(DIPLOMA)-1392,"N.M.C &.H, SASARAM",1.0,,,,75099.0,,,,75099.0,,,
Bihar PGMAC,Bihar,2025,NEET_AIR,UR(DIPLOMA)-1394,MADHUBANI,1.0,,,,75276.0,,,,75276.0,,,
Bihar PGMAC,Bihar,2025,NEET_AIR,UR(DIPLOMA)-1402,MADHUBANI,1.0,,,,75668.0,,,,75668.0,,,
Bihar PGMAC,Bihar,2025,NEET_AIR,UR(DIPLOMA)-1407,MADHUBANI,1.0,,,,76004.0,,,,76004.0,,,
Bihar PGMAC,Bihar,2025,NEET_AIR,UR(DIPLOMA)-1413,MADHUBANI,1.0,,,,76433.0,,,,76433.0,,,
Bihar PGMAC,Bihar,2025,NEET_AIR,UR(DIPLOMA)-1423,MADHUBANI,1.0,,,,77123.0,,,,77123.0,,,
Bihar PGMAC,Bihar,2025,NEET_AIR,UR(DIPLOMA)-1430,MADHUBANI,1.0,,,,77440.0,,,,77440.0,,,
Bihar PGMAC,Bihar,2025,NEET_AIR,UR(DIPLOMA)-1431,"N.M.C &.H, SASARAM",1.0,,,,77485.0,,,,77485.0,,,
Bihar PGMAC,Bihar,2025,NEET_AIR,UR(DIPLOMA)-1433,"N.M.C &.H, SASARAM",1.0,,,,77592.0,,,,77592.0,,,
Bihar PGMAC,Bihar,2025,NEET_AIR,UR(DIPLOMA)-1441,"N.M.C &.H, SASARAM",1.0,,,,78133.0,,,,78133.0,,,
Bihar PGMAC,Bihar,2025,NEET_AIR,UR(DIPLOMA)-1452,MADHUBANI,1.0,,,,79126.0,,,,79126.0,,,
Bihar PGMAC,Bihar,2025,NEET_AIR,UR(DIPLOMA)-1453,KISHANGANJ,1.0,,,,79166.0,,,,79166.0,,,
Bihar PGMAC,Bihar,2025,NEET_AIR,UR(DIPLOMA)-1455,"N.M.C &.H, SASARAM",1.0,,,,79293.0,,,,79293.0,,,
Bihar PGMAC,Bihar,2025,NEET_AIR,UR(DIPLOMA)-1470,"N.M.C &.H, SASARAM",1.0,,,,80633.0,,,,80633.0,,,
Bihar PGMAC,Bihar,2025,NEET_AIR,UR(DIPLOMA)-1475,"N.M.C &.H, SASARAM",1.0,,,,81062.0,,,,81062.0,,,
Bihar PGMAC,Bihar,2025,NEET_AIR,UR(DIPLOMA)-1479,KISHANGANJ,1.0,,,,81134.0,,,,81134.0,,,
Bihar PGMAC,Bihar,2025,NEET_AIR,UR(DIPLOMA)-1480,KISHANGANJ,1.0,,,,81278.0,,,,81278.0,,,
Bihar PGMAC,Bihar,2025,NEET_AIR,UR(DIPLOMA)-1485,MADHUBANI,1.0,,,,81542.0,,,,81542.0,,,
Bihar PGMAC,Bihar,2025,NEET_AIR,UR(DIPLOMA)-1486,K.M.C. KATIHAR,1.0,,,,81777.0,,,,81777.0,,,
Bihar PGMAC,Bihar,2025,NEET_AIR,UR(DIPLOMA)-1491,MADHUBANI,1.0,,,,81992.0,,,,81992.0,,,
Bihar PGMAC,Bihar,2025,NEET_AIR,UR(DIPLOMA)-1503,KISHANGANJ,1.0,,,,83249.0,,,,83249.0,,,
Bihar PGMAC,Bihar,2025,NEET_AIR,UR(DIPLOMA)-1522,K.M.C. KATIHAR,1.0,,,,84425.0,,,,84425.0,,,
Bihar PGMAC,Bihar,2025,NEET_AIR,UR(DIPLOMA)-1537,MADHUBANI,1.0,,,,85496.0,,,,85496.0,,,
Bihar PGMAC,Bihar,2025,NEET_AIR,UR(DIPLOMA)-1538,K.M.C. KATIHAR,1.0,,,,85534.0,,,,85534.0,,,
Bihar PGMAC,Bihar,2025,NEET_AIR,UR(DIPLOMA)-1539,KISHANGANJ,1.0,,,,85575.0,,,,85575.0,,,
Bihar PGMAC,Bihar,2025,NEET_AIR,UR(DIPLOMA)-1551,"COLLEGE & HOSPITAL, SAHARSA",1.0,,,,86116.0,,,,86116.0,,,
Bihar PGMAC,Bihar,2025,NEET_AIR,UR(DIPLOMA)-1564,KISHANGANJ,1.0,,,,86603.0,,,,86603.0,,,
Bihar PGMAC,Bihar,2025,NEET_AIR,UR(DIPLOMA)-1567,KISHANGANJ,1.0,,,,86931.0,,,,86931.0,,,
Bihar PGMAC,Bihar,2025,NEET_AIR,UR(DIPLOMA)-1573,MADHUBANI,1.0,,,,87337.0,,,,87337.0,,,
Bihar PGMAC,Bihar,2025,NEET_AIR,UR(DIPLOMA)-1574,MADHUBANI,1.0,,,,87402.0,,,,87402.0,,,
Bihar PGMAC,Bihar,2025,NEET_AIR,UR(DIPLOMA)-1576,KISHANGANJ,1.0,,,,87477.0,,,,87477.0,,,
Bihar PGMAC,Bihar,2025,NEET_AIR,UR(DIPLOMA)-1579,KISHANGANJ,1.0,,,,87845.0,,,,87845.0,,,
Bihar PGMAC,Bihar,2025,NEET_AIR,UR(DIPLOMA)-1583,K.M.C. KATIHAR,1.0,,,,88020.0,,,,88020.0,,,
Bihar PGMAC,Bihar,2025,NEET_AIR,UR(DIPLOMA)-1586,K.M.C. KATIHAR,1.0,,,,88208.0,,,,88208.0,,,
Bihar PGMAC,Bihar,2025,NEET_AIR,UR(DIPLOMA)-1588,K.M.C. KATIHAR,1.0,,,,88316.0,,,,88316.0,,,
Bihar PGMAC,Bihar,2025,NEET_AIR,UR(DIPLOMA)-1590,MADHUBANI,1.0,,,,88582.0,,,,88582.0,,,
Bihar PGMAC,Bihar,2025,NEET_AIR,UR(DIPLOMA)-1598,KISHANGANJ,1.0,,,,89056.0,,,,89056.0,,,
Bihar PGMAC,Bihar,2025,NEET_AIR,UR(DIPLOMA)-1609,MADHUBANI,1.0,,,,89712.0,,,,89712.0,,,
Bihar PGMAC,Bihar,2025,NEET_AIR,UR(DIPLOMA)-1620,"N.M.C &.H, SASARAM",1.0,,,,90416.0,,,,90416.0,,,
Bihar PGMAC,Bihar,2025,NEET_AIR,UR(DIPLOMA)-1623,MADHUBANI,1.0,,,,90566.0,,,,90566.0,,,
Bihar PGMAC,Bihar,2025,NEET_AIR,UR(DIPLOMA)-1624,MADHUBANI,1.0,,,,90744.0,,,,90744.0,,,
Bihar PGMAC,Bihar,2025,NEET_AIR,UR(DIPLOMA)-1629,COLLEGE & HOSPITAL,1.0,,,,91048.0,,,,91048.0,,,
Bihar PGMAC,Bihar,2025,NEET_AIR,UR(DIPLOMA)-1632,KISHANGANJ,1.0,,,,91148.0,,,,91148.0,,,
Bihar PGMAC,Bihar,2025,NEET_AIR,UR(DIPLOMA)-1634,K.M.C. KATIHAR,1.0,,,,91207.0,,,,91207.0,,,
Bihar PGMAC,Bihar,2025,NEET_AIR,UR(DIPLOMA)-1645,MADHUBANI,1.0,,,,91962.0,,,,91962.0,,,
Bihar PGMAC,Bihar,2025,NEET_AIR,UR(DIPLOMA)-1649,MADHUBANI,1.0,,,,92319.0,,,,92319.0,,,
Bihar PGMAC,Bihar,2025,NEET_AIR,UR(DIPLOMA)-1655,MADHUBANI,1.0,,,,92736.0,,,,92736.0,,,
Bihar PGMAC,Bihar,2025,NEET_AIR,UR(DIPLOMA)-1656,KISHANGANJ,1.0,,,,92753.0,,,,92753.0,,,
Bihar PGMAC,Bihar,2025,NEET_AIR,UR(DIPLOMA)-1659,COLLEGE & HOSPITAL,1.0,,,,93110.0,,,,93110.0,,,
Bihar PGMAC,Bihar,2025,NEET_AIR,UR(DIPLOMA)-1661,MADHUBANI,1.0,,,,93133.0,,,,93133.0,,,
Bihar PGMAC,Bihar,2025,NEET_AIR,UR(DIPLOMA)-1673,K.M.C. KATIHAR,1.0,,,,94428.0,,,,94428.0,,,
Bihar PGMAC,Bihar,2025,NEET_AIR,UR(DIPLOMA)-1686,K.M.C. KATIHAR,1.0,,,,95597.0,,,,95597.0,,,
Bihar PGMAC,Bihar,2025,NEET_AIR,UR(DIPLOMA)-1688,KISHANGANJ,1.0,,,,95747.0,,,,95747.0,,,
Bihar PGMAC,Bihar,2025,NEET_AIR,UR(DIPLOMA)-1695,MADHUBANI,1.0,,,,96115.0,,,,96115.0,,,
Bihar PGMAC,Bihar,2025,NEET_AIR,UR(DIPLOMA)-1698,COLLEGE & HOSPITAL,1.0,,,,96403.0,,,,96403.0,,,
Bihar PGMAC,Bihar,2025,NEET_AIR,UR(DIPLOMA)-1700,K.M.C. KATIHAR,1.0,,,,96525.0,,,,96525.0,,,
Bihar PGMAC,Bihar,2025,NEET_AIR,UR(DIPLOMA)-1705,"COLLEGE & HOSPITAL, SAHARSA",1.0,,,,96857.0,,,,96857.0,,,
Bihar PGMAC,Bihar,2025,NEET_AIR,UR(DIPLOMA)-1714,"N.M.C &.H, SASARAM",1.0,,,,97855.0,,,,97855.0,,,
Bihar PGMAC,Bihar,2025,NEET_AIR,UR(DIPLOMA)-1716,MADHUBANI,1.0,,,,98040.0,,,,98040.0,,,
Bihar PGMAC,Bihar,2025,NEET_AIR,UR(DIPLOMA)-1719,COLLEGE & HOSPITAL,1.0,,,,98180.0,,,,98180.0,,,
Bihar PGMAC,Bihar,2025,NEET_AIR,UR(DIPLOMA)-1727,K.M.C. KATIHAR,1.0,,,,98903.0,,,,98903.0,,,
Bihar PGMAC,Bihar,2025,NEET_AIR,UR(DIPLOMA)-1731,KISHANGANJ,1.0,,,,99234.0,,,,99234.0,,,
Bihar PGMAC,Bihar,2025,NEET_AIR,UR(DIPLOMA)-1736,"COLLEGE & HOSPITAL, SAHARSA",1.0,,,,99440.0,,,,99440.0,,,
Bihar PGMAC,Bihar,2025,NEET_AIR,UR(DIPLOMA)-1741,MADHUBANI,1.0,,,,100050.0,,,,100050.0,,,
Bihar PGMAC,Bihar,2025,NEET_AIR,UR(DIPLOMA)-1747,KISHANGANJ,1.0,,,,100325.0,,,,100325.0,,,
Bihar PGMAC,Bihar,2025,NEET_AIR,UR(DIPLOMA)-1758,KISHANGANJ,1.0,,,,101056.0,,,,101056.0,,,
Bihar PGMAC,Bihar,2025,NEET_AIR,UR(DIPLOMA)-1765,K.M.C. KATIHAR,1.0,,,,101459.0,,,,101459.0,,,
Bihar PGMAC,Bihar,2025,NEET_AIR,UR(DIPLOMA)-1769,"N.M.C &.H, SASARAM",1.0,,,,101774.0,,,,101774.0,,,
Bihar PGMAC,Bihar,2025,NEET_AIR,UR(DIPLOMA)-1780,KISHANGANJ,1.0,,,,102484.0,,,,102484.0,,,
Bihar PGMAC,Bihar,2025,NEET_AIR,UR(DIPLOMA)-1793,COLLEGE & HOSPITAL,1.0,,,,103609.0,,,,103609.0,,,
Bihar PGMAC,Bihar,2025,NEET_AIR,UR(DIPLOMA)-1809,"COLLEGE & HOSPITAL, SAHARSA",1.0,,,,104991.0,,,,104991.0,,,
Bihar PGMAC,Bihar,2025,NEET_AIR,UR(DIPLOMA)-1813,COLLEGE & HOSPITAL,1.0,,,,105365.0,,,,105365.0,,,
Bihar PGMAC,Bihar,2025,NEET_AIR,UR(DIPLOMA)-1816,K.M.C. KATIHAR,1.0,,,,106259.0,,,,106259.0,,,
Bihar PGMAC,Bihar,2025,NEET_AIR,UR(DIPLOMA)-1832,K.M.C. KATIHAR,1.0,,,,108118.0,,,,108118.0,,,
Bihar PGMAC,Bihar,2025,NEET_AIR,UR(DIPLOMA)-1846,K.M.C. KATIHAR,1.0,,,,109434.0,,,,109434.0,,,
Bihar PGMAC,Bihar,2025,NEET_AIR,UR(DIPLOMA)-1848,MADHUBANI,1.0,,,,109574.0,,,,109574.0,,,
Bihar PGMAC,Bihar,2025,NEET_AIR,UR(DIPLOMA)-1857,MADHUBANI,1.0,,,,111118.0,,,,111118.0,,,
Bihar PGMAC,Bihar,2025,NEET_AIR,UR(DIPLOMA)-1865,MADHUBANI,1.0,,,,111291.0,,,,111291.0,,,
Bihar PGMAC,Bihar,2025,NEET_AIR,UR(DIPLOMA)-1866,"N.M.C &.H, SASARAM",1.0,,,,111317.0,,,,111317.0,,,
Bihar PGMAC,Bihar,2025,NEET_AIR,UR(DIPLOMA)-1870,K.M.C. KATIHAR,1.0,,,,111560.0,,,,111560.0,,,
Bihar PGMAC,Bihar,2025,NEET_AIR,UR(DIPLOMA)-1871,"COLLEGE & HOSPITAL, SAHARSA",1.0,,,,111624.0,,,,111624.0,,,
Bihar PGMAC,Bihar,2025,NEET_AIR,UR(DIPLOMA)-1880,K.M.C. KATIHAR,1.0,,,,112400.0,,,,112400.0,,,
Bihar PGMAC,Bihar,2025,NEET_AIR,UR(DIPLOMA)-1893,"COLLEGE & HOSPITAL, SAHARSA",1.0,,,,114183.0,,,,114183.0,,,
Bihar PGMAC,Bihar,2025,NEET_AIR,UR(DIPLOMA)-1894,"N.M.C &.H, SASARAM",1.0,,,,114308.0,,,,114308.0,,,
Bihar PGMAC,Bihar,2025,NEET_AIR,UR(DIPLOMA)-1897,K.M.C. KATIHAR,1.0,,,,114461.0,,,,114461.0,,,
Bihar PGMAC,Bihar,2025,NEET_AIR,UR(DIPLOMA)-1900,"N.M.C &.H, SASARAM",1.0,,,,115086.0,,,,115086.0,,,
Bihar PGMAC,Bihar,2025,NEET_AIR,UR(DIPLOMA)-1926,COLLEGE & HOSPITAL,1.0,,,,122574.0,,,,122574.0,,,
Bihar PGMAC,Bihar,2025,NEET_AIR,UR(DIPLOMA)-1941,MADHUBANI,1.0,,,,125744.0,,,,125744.0,,,
Bihar PGMAC,Bihar,2025,NEET_AIR,UR(DIPLOMA)-1947,KISHANGANJ,1.0,,,,128130.0,,,,128130.0,,,
Bihar PGMAC,Bihar,2025,NEET_AIR,UR(DIPLOMA)-1954,"COLLEGE & HOSPITAL, SAHARSA",1.0,,,,129128.0,,,,129128.0,,,
Bihar PGMAC,Bihar,2025,NEET_AIR,UR(DIPLOMA)-1957,"COLLEGE & HOSPITAL, SAHARSA",1.0,,,,129860.0,,,,129860.0,,,
