counselling,state,year,rank_type,college,course,allotment_count_R1,allotment_count_R2,allotment_count_R3,allotment_count_STRAY,closing_rank_R1,closing_rank_R2,closing_rank_R3,closing_rank_STRAY,opening_rank_R1,opening_rank_R2,opening_rank_R3,opening_rank_STRAY
Rajasthan,Rajasthan,2025,STATE_MERIT,American International Institute Of Medical Sciences,MD (Anaesthesia),3.0,,,,3456.0,,,,3120.0,,,
Rajasthan,Rajasthan,2025,STATE_MERIT,American International Institute Of Medical Sciences,MD (General Medicine),3.0,,,,1747.0,,,,1361.0,,,
Rajasthan,Rajasthan,2025,STATE_MERIT,American International Institute Of Medical Sciences,MD (Paediatrics),3.0,,,,3602.0,,,,1671.0,,,
Rajasthan,Rajasthan,2025,STATE_MERIT,American International Institute Of Medical Sciences,MD (Psychiatry),2.0,,,,2843.0,,,,2818.0,,,
Rajasthan,Rajasthan,2025,STATE_MERIT,American International Institute Of Medical Sciences,MD (Radiodiagnosis/Radiology),5.0,,,,3653.0,,,,1080.0,,,
Rajasthan,Rajasthan,2025,STATE_MERIT,American International Institute Of Medical Sciences,MD (Respiratory Medicine/T.B. & Chest/Tuberculosis & Respiratory Diseases),3.0,,,,2589.0,,,,1926.0,,,
Rajasthan,Rajasthan,2025,STATE_MERIT,American International Institute Of Medical Sciences,MD (Skin & V.D / Dermatology Ven. & Leprosy),1.0,,,,1372.0,,,,1372.0,,,
Rajasthan,Rajasthan,2025,STATE_MERIT,American International Institute Of Medical Sciences,MS (ENT),3.0,,,,3405.0,,,,3033.0,,,
Rajasthan,Rajasthan,2025,STATE_MERIT,American International Institute Of Medical Sciences,MS (General Surgery),8.0,,,,3421.0,,,,2272.0,,,
Rajasthan,Rajasthan,2025,STATE_MERIT,American International Institute Of Medical Sciences,MS (Obst. & Gynaecology),4.0,,,,2710.0,,,,1615.0,,,
Rajasthan,Rajasthan,2025,STATE_MERIT,American International Institute Of Medical Sciences,MS (Ophthalmology),5.0,,,,3494.0,,,,2425.0,,,
Rajasthan,Rajasthan,2025,STATE_MERIT,American International Institute Of Medical Sciences,MS (Orthopaedics),4.0,,,,2905.0,,,,1772.0,,,
Rajasthan,Rajasthan,2025,STATE_MERIT,Anaesthesia,ABDUL MAJEED,,1.0,,,,3601.0,,,,3601.0,,
Rajasthan,Rajasthan,2025,STATE_MERIT,Anaesthesia,ABDUL RAHIM,,1.0,,,,1010.0,,,,1010.0,,
Rajasthan,Rajasthan,2025,STATE_MERIT,Anaesthesia,AJAY SAREEN,,1.0,,,,3423.0,,,,3423.0,,
Rajasthan,Rajasthan,2025,STATE_MERIT,Anaesthesia,ALOK JAIN,,1.0,,,,3187.0,,,,3187.0,,
Rajasthan,Rajasthan,2025,STATE_MERIT,Anaesthesia,ALTAF HUSEN AHMED HUSEN SHETHWALA,,1.0,,,,3559.0,,,,3559.0,,
Rajasthan,Rajasthan,2025,STATE_MERIT,Anaesthesia,AMIN GIRISHBHAI,,1.0,,,,3435.0,,,,3435.0,,
Rajasthan,Rajasthan,2025,STATE_MERIT,Anaesthesia,ANANTA PATNAIKUNI MURALI MOHANA RAO,,1.0,,,,3616.0,,,,3616.0,,
Rajasthan,Rajasthan,2025,STATE_MERIT,Anaesthesia,ANIL JETHLIA,,1.0,,,,814.0,,,,814.0,,
Rajasthan,Rajasthan,2025,STATE_MERIT,Anaesthesia,ANIL KUMAR M G,,1.0,,,,3606.0,,,,3606.0,,
Rajasthan,Rajasthan,2025,STATE_MERIT,Anaesthesia,ANUJ BHARGAVA,,1.0,,,,1106.0,,,,1106.0,,
Rajasthan,Rajasthan,2025,STATE_MERIT,Anaesthesia,ARIFALI MEHBUB ALI SAIYED,,1.0,,,,2271.0,,,,2271.0,,
Rajasthan,Rajasthan,2025,STATE_MERIT,Anaesthesia,ASHOK KUMAR BISHNOI,,1.0,,,,1051.0,,,,1051.0,,
Rajasthan,Rajasthan,2025,STATE_MERIT,Anaesthesia,BABU LAL BAIRWA,,1.0,,,,1903.0,,,,1903.0,,
Rajasthan,Rajasthan,2025,STATE_MERIT,Anaesthesia,BADRI NARAYAN GUPTA,,1.0,,,,954.0,,,,954.0,,
Rajasthan,Rajasthan,2025,STATE_MERIT,Anaesthesia,BAIJNATH SINGH,,1.0,,,,1141.0,,,,1141.0,,
Rajasthan,Rajasthan,2025,STATE_MERIT,Anaesthesia,BANWARI LAL,,1.0,,,,1080.0,,,,1080.0,,
Rajasthan,Rajasthan,2025,STATE_MERIT,Anaesthesia,BHAGIRATH RAM,,1.0,,,,1199.0,,,,1199.0,,
Rajasthan,Rajasthan,2025,STATE_MERIT,Anaesthesia,BHAGWAN SAHAY,,1.0,,,,1851.0,,,,1851.0,,
Rajasthan,Rajasthan,2025,STATE_MERIT,Anaesthesia,BHARAT LAL JATAV,,1.0,,,,2084.0,,,,2084.0,,
Rajasthan,Rajasthan,2025,STATE_MERIT,Anaesthesia,BHAVA RAM CHOUDHARY,,1.0,,,,1237.0,,,,1237.0,,
Rajasthan,Rajasthan,2025,STATE_MERIT,Anaesthesia,BIRENDER SINGH,,1.0,,,,3812.0,,,,3812.0,,
Rajasthan,Rajasthan,2025,STATE_MERIT,Anaesthesia,BRIJ MOHAN,,1.0,,,,2723.0,,,,2723.0,,
Rajasthan,Rajasthan,2025,STATE_MERIT,Anaesthesia,BRIJENDRA KUMAR JAGROTIYA,,1.0,,,,3130.0,,,,3130.0,,
Rajasthan,Rajasthan,2025,STATE_MERIT,Anaesthesia,CHANDRABHAN AGRAWAL,,1.0,,,,1247.0,,,,1247.0,,
Rajasthan,Rajasthan,2025,STATE_MERIT,Anaesthesia,CHUNNI LAL PANDOR,,1.0,,,,2856.0,,,,2856.0,,
Rajasthan,Rajasthan,2025,STATE_MERIT,Anaesthesia,DALIP SINGH,,1.0,,,,1854.0,,,,1854.0,,
Rajasthan,Rajasthan,2025,STATE_MERIT,Anaesthesia,DAULAT SINGH,,1.0,,,,2969.0,,,,2969.0,,
Rajasthan,Rajasthan,2025,STATE_MERIT,Anaesthesia,DEVI LAL KHAROL,,1.0,,,,3826.0,,,,3826.0,,
Rajasthan,Rajasthan,2025,STATE_MERIT,Anaesthesia,DHARAM SINGH,,1.0,,,,1518.0,,,,1518.0,,
Rajasthan,Rajasthan,2025,STATE_MERIT,Anaesthesia,DHIRENDRA MATHUR,,1.0,,,,1059.0,,,,1059.0,,
Rajasthan,Rajasthan,2025,STATE_MERIT,Anaesthesia,DINESH CHANDRA AGRAWAL,,1.0,,,,790.0,,,,790.0,,
Rajasthan,Rajasthan,2025,STATE_MERIT,Anaesthesia,DINESH KUMAR GUPTA,,1.0,,,,3578.0,,,,3578.0,,
Rajasthan,Rajasthan,2025,STATE_MERIT,Anaesthesia,DINESH SHARMA,,1.0,,,,2543.0,,,,2543.0,,
Rajasthan,Rajasthan,2025,STATE_MERIT,Anaesthesia,DODIYA NARANBHAI ARJANBHAI,,1.0,,,,3651.0,,,,3651.0,,
Rajasthan,Rajasthan,2025,STATE_MERIT,Anaesthesia,DR RAJESH KHANDELWAL,,1.0,,,,1994.0,,,,1994.0,,
Rajasthan,Rajasthan,2025,STATE_MERIT,Anaesthesia,DR SANJAY GARG,,1.0,,,,3529.0,,,,3529.0,,
Rajasthan,Rajasthan,2025,STATE_MERIT,Anaesthesia,GAJENDRA KUMAR SHRIVASTAVA,,1.0,,,,3633.0,,,,3633.0,,
Rajasthan,Rajasthan,2025,STATE_MERIT,Anaesthesia,GIRDHARI LAL JAT,,1.0,,,,1031.0,,,,1031.0,,
Rajasthan,Rajasthan,2025,STATE_MERIT,Anaesthesia,GIRIRAJ,,1.0,,,,2347.0,,,,2347.0,,
Rajasthan,Rajasthan,2025,STATE_MERIT,Anaesthesia,GIRIRAJ YADAV,,1.0,,,,1290.0,,,,1290.0,,
Rajasthan,Rajasthan,2025,STATE_MERIT,Anaesthesia,GOURI SHANKAR KHATRI,,1.0,,,,1024.0,,,,1024.0,,
Rajasthan,Rajasthan,2025,STATE_MERIT,Anaesthesia,GOVIND RAM,,1.0,,,,1599.0,,,,1599.0,,
Rajasthan,Rajasthan,2025,STATE_MERIT,Anaesthesia,GUPT SINGH,,1.0,,,,1793.0,,,,1793.0,,
Rajasthan,Rajasthan,2025,STATE_MERIT,Anaesthesia,HANSRAJ,,1.0,,,,3762.0,,,,3762.0,,
Rajasthan,Rajasthan,2025,STATE_MERIT,Anaesthesia,HARENDRA SINGH TEOTIA,,1.0,,,,3062.0,,,,3062.0,,
Rajasthan,Rajasthan,2025,STATE_MERIT,Anaesthesia,HARIVALLABH PATIDAR,,1.0,,,,1659.0,,,,1659.0,,
Rajasthan,Rajasthan,2025,STATE_MERIT,Anaesthesia,HASMUKHBHAI,,1.0,,,,3014.0,,,,3014.0,,
Rajasthan,Rajasthan,2025,STATE_MERIT,Anaesthesia,HITESH KUMAR BHAGCHANDANI,,1.0,,,,1099.0,,,,1099.0,,
Rajasthan,Rajasthan,2025,STATE_MERIT,Anaesthesia,IKRAM HUSSAIN,,1.0,,,,1056.0,,,,1056.0,,
Rajasthan,Rajasthan,2025,STATE_MERIT,Anaesthesia,INDER LAL PRAJAPATI,,1.0,,,,689.0,,,,689.0,,
Rajasthan,Rajasthan,2025,STATE_MERIT,Anaesthesia,JAGBIR SINGH TANWAR,,1.0,,,,3765.0,,,,3765.0,,
Rajasthan,Rajasthan,2025,STATE_MERIT,Anaesthesia,JAGDISH GUPTA,,1.0,,,,966.0,,,,966.0,,
Rajasthan,Rajasthan,2025,STATE_MERIT,Anaesthesia,JAGDISH KUMAWAT,,1.0,,,,3104.0,,,,3104.0,,
Rajasthan,Rajasthan,2025,STATE_MERIT,Anaesthesia,JAGDISH PRASAD CHODUHARY,,1.0,,,,1140.0,,,,1140.0,,
Rajasthan,Rajasthan,2025,STATE_MERIT,Anaesthesia,JAGDISH PRASAD KHANDELWAL,,1.0,,,,807.0,,,,807.0,,
Rajasthan,Rajasthan,2025,STATE_MERIT,Anaesthesia,JAI KRISHAN DADHICH,,1.0,,,,2365.0,,,,2365.0,,
Rajasthan,Rajasthan,2025,STATE_MERIT,Anaesthesia,JAIPRAKASH KANSAL,,1.0,,,,1417.0,,,,1417.0,,
Rajasthan,Rajasthan,2025,STATE_MERIT,Anaesthesia,JASBIR SINGH,,1.0,,,,3235.0,,,,3235.0,,
Rajasthan,Rajasthan,2025,STATE_MERIT,Anaesthesia,JAWAID JAMAL SHAIKH,,1.0,,,,2284.0,,,,2284.0,,
Rajasthan,Rajasthan,2025,STATE_MERIT,Anaesthesia,JEEVRAM MORI,,1.0,,,,2744.0,,,,2744.0,,
Rajasthan,Rajasthan,2025,STATE_MERIT,Anaesthesia,KALPESHKUMAR RASIKLAL DARJI,,1.0,,,,3711.0,,,,3711.0,,
Rajasthan,Rajasthan,2025,STATE_MERIT,Anaesthesia,KALU LAL MEENA,,1.0,,,,2765.0,,,,2765.0,,
Rajasthan,Rajasthan,2025,STATE_MERIT,Anaesthesia,KANAIYALAL SHAH,,1.0,,,,3318.0,,,,3318.0,,
Rajasthan,Rajasthan,2025,STATE_MERIT,Anaesthesia,KANSAGRA RAMESHBHAI,,1.0,,,,2819.0,,,,2819.0,,
Rajasthan,Rajasthan,2025,STATE_MERIT,Anaesthesia,KARN YATEENDRA,,1.0,,,,3264.0,,,,3264.0,,
Rajasthan,Rajasthan,2025,STATE_MERIT,Anaesthesia,KHEMRAJ PRAJAPAT,,1.0,,,,1104.0,,,,1104.0,,
Rajasthan,Rajasthan,2025,STATE_MERIT,Anaesthesia,KHUMA RAM,,1.0,,,,1421.0,,,,1421.0,,
Rajasthan,Rajasthan,2025,STATE_MERIT,Anaesthesia,KISHOR SINGH GURJAR,,1.0,,,,3024.0,,,,3024.0,,
Rajasthan,Rajasthan,2025,STATE_MERIT,Anaesthesia,LAXMAN CHOUDHARY,,1.0,,,,2947.0,,,,2947.0,,
Rajasthan,Rajasthan,2025,STATE_MERIT,Anaesthesia,MAHENDRA SINGH NARUKA,,1.0,,,,716.0,,,,716.0,,
Rajasthan,Rajasthan,2025,STATE_MERIT,Anaesthesia,MAHESH KUMAR,,1.0,,,,1032.0,,,,1032.0,,
Rajasthan,Rajasthan,2025,STATE_MERIT,Anaesthesia,MAHESH KUMAR GAUTAM,,1.0,,,,996.0,,,,996.0,,
Rajasthan,Rajasthan,2025,STATE_MERIT,Anaesthesia,MAHESH KUMAR YADAV,,1.0,,,,2591.0,,,,2591.0,,
Rajasthan,Rajasthan,2025,STATE_MERIT,Anaesthesia,MALHAR DESAI,,1.0,,,,3402.0,,,,3402.0,,
Rajasthan,Rajasthan,2025,STATE_MERIT,Anaesthesia,MANGI LAL,,1.0,,,,1221.0,,,,1221.0,,
Rajasthan,Rajasthan,2025,STATE_MERIT,Anaesthesia,MANILAL KATARA,,1.0,,,,2785.0,,,,2785.0,,
Rajasthan,Rajasthan,2025,STATE_MERIT,Anaesthesia,MANISH GUPTA,,1.0,,,,1252.0,,,,1252.0,,
Rajasthan,Rajasthan,2025,STATE_MERIT,Anaesthesia,MANNO RAM MEENA,,1.0,,,,2244.0,,,,2244.0,,
Rajasthan,Rajasthan,2025,STATE_MERIT,Anaesthesia,MANOHAR LAL AGRAWAL,,1.0,,,,1289.0,,,,1289.0,,
Rajasthan,Rajasthan,2025,STATE_MERIT,Anaesthesia,MANOJ DHINGRA,,1.0,,,,3522.0,,,,3522.0,,
Rajasthan,Rajasthan,2025,STATE_MERIT,Anaesthesia,MANOJ KUMAR HUNDAWAL,,1.0,,,,3034.0,,,,3034.0,,
Rajasthan,Rajasthan,2025,STATE_MERIT,Anaesthesia,MANOJ MORWANI,,1.0,,,,3349.0,,,,3349.0,,
Rajasthan,Rajasthan,2025,STATE_MERIT,Anaesthesia,MEGHRAJBHAI PATEL,,1.0,,,,2720.0,,,,2720.0,,
Rajasthan,Rajasthan,2025,STATE_MERIT,Anaesthesia,MOHAN SINGH MEENA,,1.0,,,,2545.0,,,,2545.0,,
Rajasthan,Rajasthan,2025,STATE_MERIT,Anaesthesia,MOHAR SINGH MEENA,,1.0,,,,2343.0,,,,2343.0,,
Rajasthan,Rajasthan,2025,STATE_MERIT,Anaesthesia,MOTILAL,,1.0,,,,2587.0,,,,2587.0,,
Rajasthan,Rajasthan,2025,STATE_MERIT,Anaesthesia,MUDIT RATHORE,,1.0,,,,1258.0,,,,1258.0,,
Rajasthan,Rajasthan,2025,STATE_MERIT,Anaesthesia,MUKAND BIHARI SONI,,1.0,,,,1206.0,,,,1206.0,,
Rajasthan,Rajasthan,2025,STATE_MERIT,Anaesthesia,NARESH KUMAR,,1.0,,,,1222.0,,,,1222.0,,
Rajasthan,Rajasthan,2025,STATE_MERIT,Anaesthesia,NEERAJ SRIVASTAVA,,1.0,,,,800.0,,,,800.0,,
Rajasthan,Rajasthan,2025,STATE_MERIT,Anaesthesia,NIRANJAN BAFNA,,1.0,,,,1207.0,,,,1207.0,,
Rajasthan,Rajasthan,2025,STATE_MERIT,Anaesthesia,NIZAM QURESHI,,1.0,,,,948.0,,,,948.0,,
Rajasthan,Rajasthan,2025,STATE_MERIT,Anaesthesia,OM PRAKASH PRASAD,,1.0,,,,3751.0,,,,3751.0,,
Rajasthan,Rajasthan,2025,STATE_MERIT,Anaesthesia,PARSOTTAMDAS PATEL,,1.0,,,,3273.0,,,,3273.0,,
Rajasthan,Rajasthan,2025,STATE_MERIT,Anaesthesia,PRADEEP KUMAR GUPTA,,1.0,,,,1184.0,,,,1184.0,,
Rajasthan,Rajasthan,2025,STATE_MERIT,Anaesthesia,PRAJAPATI SURESHCHANDRA M,,1.0,,,,3730.0,,,,3730.0,,
Rajasthan,Rajasthan,2025,STATE_MERIT,Anaesthesia,PRAKASH CHAND AGARWAL,,1.0,,,,1052.0,,,,1052.0,,
Rajasthan,Rajasthan,2025,STATE_MERIT,Anaesthesia,PRASANNASINGH S DHARWAD,,1.0,,,,3302.0,,,,3302.0,,
Rajasthan,Rajasthan,2025,STATE_MERIT,Anaesthesia,PRAVEEN KUMAR GUPTA,,1.0,,,,1233.0,,,,1233.0,,
Rajasthan,Rajasthan,2025,STATE_MERIT,Anaesthesia,PREM KUMAR SHARMA,,1.0,,,,1142.0,,,,1142.0,,
Rajasthan,Rajasthan,2025,STATE_MERIT,Anaesthesia,PRITHVI SINGH,,1.0,,,,1377.0,,,,1377.0,,
Rajasthan,Rajasthan,2025,STATE_MERIT,Anaesthesia,PRIYAKANT BHARDWAJ,,1.0,,,,2931.0,,,,2931.0,,
Rajasthan,Rajasthan,2025,STATE_MERIT,Anaesthesia,PURAN MAL MEENA,,1.0,,,,1991.0,,,,1991.0,,
Rajasthan,Rajasthan,2025,STATE_MERIT,Anaesthesia,PUSHPENDRA KUMAR GOTWAL,,1.0,,,,1920.0,,,,1920.0,,
Rajasthan,Rajasthan,2025,STATE_MERIT,Anaesthesia,RADHESH KUMAR SRIVASTAVA,,1.0,,,,765.0,,,,765.0,,
Rajasthan,Rajasthan,2025,STATE_MERIT,Anaesthesia,RAHUL BHARGAVA,,1.0,,,,2788.0,,,,2788.0,,
Rajasthan,Rajasthan,2025,STATE_MERIT,Anaesthesia,RAJARAM YADAV,,1.0,,,,3593.0,,,,3593.0,,
Rajasthan,Rajasthan,2025,STATE_MERIT,Anaesthesia,RAJEEV BHARDWAJ,,1.0,,,,937.0,,,,937.0,,
Rajasthan,Rajasthan,2025,STATE_MERIT,Anaesthesia,RAJENDRA KUMAR AGARWAL,,1.0,,,,2924.0,,,,2924.0,,
Rajasthan,Rajasthan,2025,STATE_MERIT,Anaesthesia,RAJENDRA KUMAR BUNKAR,,1.0,,,,1869.0,,,,1869.0,,
Rajasthan,Rajasthan,2025,STATE_MERIT,Anaesthesia,RAJENDRA PRASAD,,1.0,,,,1765.0,,,,1765.0,,
Rajasthan,Rajasthan,2025,STATE_MERIT,Anaesthesia,RAJESH NAHAR,,1.0,,,,1131.0,,,,1131.0,,
Rajasthan,Rajasthan,2025,STATE_MERIT,Anaesthesia,RAJESH SHARMA,,1.0,,,,1178.0,,,,1178.0,,
Rajasthan,Rajasthan,2025,STATE_MERIT,Anaesthesia,RAJVEER SINGH,,1.0,,,,2582.0,,,,2582.0,,
Rajasthan,Rajasthan,2025,STATE_MERIT,Anaesthesia,RAKESH KAUSHAL,,1.0,,,,2597.0,,,,2597.0,,
Rajasthan,Rajasthan,2025,STATE_MERIT,Anaesthesia,RAM AVTAR SHARMA,,1.0,,,,1030.0,,,,1030.0,,
Rajasthan,Rajasthan,2025,STATE_MERIT,Anaesthesia,RAM PRASAD MANMYA,,1.0,,,,1093.0,,,,1093.0,,
Rajasthan,Rajasthan,2025,STATE_MERIT,Anaesthesia,RAMESH KUMAR,,1.0,,,,1608.0,,,,1608.0,,
Rajasthan,Rajasthan,2025,STATE_MERIT,Anaesthesia,RAMKISHAN,,1.0,,,,1285.0,,,,1285.0,,
Rajasthan,Rajasthan,2025,STATE_MERIT,Anaesthesia,RAMKISHAN SHARMA,,1.0,,,,1319.0,,,,1319.0,,
Rajasthan,Rajasthan,2025,STATE_MERIT,Anaesthesia,RANVEER SINGH,,1.0,,,,999.0,,,,999.0,,
Rajasthan,Rajasthan,2025,STATE_MERIT,Anaesthesia,RAVINDRA DUTT AGNIHOTRI,,1.0,,,,1463.0,,,,1463.0,,
Rajasthan,Rajasthan,2025,STATE_MERIT,Anaesthesia,RIYAZ AHMED PACHISAWALA,,1.0,,,,959.0,,,,959.0,,
Rajasthan,Rajasthan,2025,STATE_MERIT,Anaesthesia,ROHITASH KUMAR,,1.0,,,,1650.0,,,,1650.0,,
Rajasthan,Rajasthan,2025,STATE_MERIT,Anaesthesia,RUPESH CHANDEL,,1.0,,,,1054.0,,,,1054.0,,
Rajasthan,Rajasthan,2025,STATE_MERIT,Anaesthesia,SAJJAN SINGH,,1.0,,,,1112.0,,,,1112.0,,
Rajasthan,Rajasthan,2025,STATE_MERIT,Anaesthesia,SANDEEP SHARMA,,1.0,,,,2107.0,,,,2107.0,,
Rajasthan,Rajasthan,2025,STATE_MERIT,Anaesthesia,SANJAY JAIN,,1.0,,,,1071.0,,,,1071.0,,
Rajasthan,Rajasthan,2025,STATE_MERIT,Anaesthesia,SANJAY MATHUR,,1.0,,,,3163.0,,,,3163.0,,
Rajasthan,Rajasthan,2025,STATE_MERIT,Anaesthesia,SANJAY PANDYA,,1.0,,,,3413.0,,,,3413.0,,
Rajasthan,Rajasthan,2025,STATE_MERIT,Anaesthesia,SATISH CHAND AGARWAL,,1.0,,,,964.0,,,,964.0,,
Rajasthan,Rajasthan,2025,STATE_MERIT,Anaesthesia,SATISH KUMAR GAUR,,1.0,,,,1103.0,,,,1103.0,,
Rajasthan,Rajasthan,2025,STATE_MERIT,Anaesthesia,SATISH KUMAR WANCHOO,,1.0,,,,3552.0,,,,3552.0,,
Rajasthan,Rajasthan,2025,STATE_MERIT,Anaesthesia,SATISH MITTAL,,1.0,,,,1387.0,,,,1387.0,,
Rajasthan,Rajasthan,2025,STATE_MERIT,Anaesthesia,SATYA PRAKASH,,1.0,,,,3604.0,,,,3604.0,,
Rajasthan,Rajasthan,2025,STATE_MERIT,Anaesthesia,SHAILESHBHAI NANJIBHAI TALAVIYA,,1.0,,,,3012.0,,,,3012.0,,
Rajasthan,Rajasthan,2025,STATE_MERIT,Anaesthesia,SHAKTI SINGH KOTHARI,,1.0,,,,1291.0,,,,1291.0,,
Rajasthan,Rajasthan,2025,STATE_MERIT,Anaesthesia,SHAYM SUNDAR,,1.0,,,,2248.0,,,,2248.0,,
Rajasthan,Rajasthan,2025,STATE_MERIT,Anaesthesia,SHRAVAN KUMAR VISHNOI,,1.0,,,,744.0,,,,744.0,,
Rajasthan,Rajasthan,2025,STATE_MERIT,Anaesthesia,SHRI CHAND MEHRA,,1.0,,,,1562.0,,,,1562.0,,
Rajasthan,Rajasthan,2025,STATE_MERIT,Anaesthesia,SHYAM SUNDER SOLANKI,,1.0,,,,1269.0,,,,1269.0,,
Rajasthan,Rajasthan,2025,STATE_MERIT,Anaesthesia,SHYAMSUNDAR TODI,,1.0,,,,1232.0,,,,1232.0,,
Rajasthan,Rajasthan,2025,STATE_MERIT,Anaesthesia,SITARAM BAIRWA,,1.0,,,,1850.0,,,,1850.0,,
Rajasthan,Rajasthan,2025,STATE_MERIT,Anaesthesia,SITARAM PRAJAPAT,,1.0,,,,989.0,,,,989.0,,
Rajasthan,Rajasthan,2025,STATE_MERIT,Anaesthesia,SITARAM SAINI,,1.0,,,,1117.0,,,,1117.0,,
Rajasthan,Rajasthan,2025,STATE_MERIT,Anaesthesia,SOHAN LAL FALEJA,,1.0,,,,2553.0,,,,2553.0,,
Rajasthan,Rajasthan,2025,STATE_MERIT,Anaesthesia,SOLANKI,,1.0,,,,1871.0,,,,1871.0,,
Rajasthan,Rajasthan,2025,STATE_MERIT,Anaesthesia,SP JAGETIYA,,1.0,,,,1407.0,,,,1407.0,,
Rajasthan,Rajasthan,2025,STATE_MERIT,Anaesthesia,SUBHASH CHAND PALSANIYA,,1.0,,,,883.0,,,,883.0,,
Rajasthan,Rajasthan,2025,STATE_MERIT,Anaesthesia,SUDARSHAN SONI,,1.0,,,,3656.0,,,,3656.0,,
Rajasthan,Rajasthan,2025,STATE_MERIT,Anaesthesia,SURENDRA KUMAR JANAGAL,,1.0,,,,2008.0,,,,2008.0,,
Rajasthan,Rajasthan,2025,STATE_MERIT,Anaesthesia,SURENDRA NAGPAL,,1.0,,,,1284.0,,,,1284.0,,
Rajasthan,Rajasthan,2025,STATE_MERIT,Anaesthesia,SURENDRA SHARMA,,1.0,,,,3142.0,,,,3142.0,,
Rajasthan,Rajasthan,2025,STATE_MERIT,Anaesthesia,SURENDRA SINGH,,2.0,,,,3139.0,,,,2407.0,,
Rajasthan,Rajasthan,2025,STATE_MERIT,Anaesthesia,SURESH CHAND DAGDI,,1.0,,,,1155.0,,,,1155.0,,
Rajasthan,Rajasthan,2025,STATE_MERIT,Anaesthesia,SURESH HALDWANIA,,1.0,,,,1886.0,,,,1886.0,,
Rajasthan,Rajasthan,2025,STATE_MERIT,Anaesthesia,SURESH KUMAR,,1.0,,,,1737.0,,,,1737.0,,
Rajasthan,Rajasthan,2025,STATE_MERIT,Anaesthesia,SUVAGIYA SHAMBHUBHAI GANDUBHAI,,1.0,,,,2410.0,,,,2410.0,,
Rajasthan,Rajasthan,2025,STATE_MERIT,Anaesthesia,TRIVEDI DINESHCHANDRA,,1.0,,,,3180.0,,,,3180.0,,
Rajasthan,Rajasthan,2025,STATE_MERIT,Anaesthesia,UMA SHANKAR YADAV,,1.0,,,,1175.0,,,,1175.0,,
Rajasthan,Rajasthan,2025,STATE_MERIT,Anaesthesia,UPENDRA AVASTHI,,1.0,,,,3643.0,,,,3643.0,,
Rajasthan,Rajasthan,2025,STATE_MERIT,Anaesthesia,VAISHNANI PRAFULKUMAR,,1.0,,,,3078.0,,,,3078.0,,
Rajasthan,Rajasthan,2025,STATE_MERIT,Anaesthesia,VIJAY BENIWAL,,1.0,,,,3640.0,,,,3640.0,,
Rajasthan,Rajasthan,2025,STATE_MERIT,Anaesthesia,VIJAY NAGORA,,1.0,,,,1460.0,,,,1460.0,,
Rajasthan,Rajasthan,2025,STATE_MERIT,Anaesthesia,VINCENT JOSEPH,,1.0,,,,3524.0,,,,3524.0,,
Rajasthan,Rajasthan,2025,STATE_MERIT,Anaesthesia,VINOD SHARMA,,1.0,,,,772.0,,,,772.0,,
Rajasthan,Rajasthan,2025,STATE_MERIT,Anaesthesia,VIPUL GARG,,1.0,,,,2431.0,,,,2431.0,,
Rajasthan,Rajasthan,2025,STATE_MERIT,Anaesthesia,VIRENDRA AGARWAL,,1.0,,,,3060.0,,,,3060.0,,
Rajasthan,Rajasthan,2025,STATE_MERIT,Anaesthesia,VIRENDRA GUPTA,,1.0,,,,950.0,,,,950.0,,
Rajasthan,Rajasthan,2025,STATE_MERIT,Anaesthesia,YOGESH GAURISHANKAR RAVAL,,1.0,,,,3637.0,,,,3637.0,,
Rajasthan,Rajasthan,2025,STATE_MERIT,Anaesthesia,YOGESH JOHRI,,1.0,,,,2397.0,,,,2397.0,,
Rajasthan,Rajasthan,2025,STATE_MERIT,"Ananta Institute of Medical Sciences and Research Centre, Rajsamand",MD (Anaesthesia),8.0,,,,3543.0,,,,2934.0,,,
Rajasthan,Rajasthan,2025,STATE_MERIT,"Ananta Institute of Medical Sciences and Research Centre, Rajsamand",MD (General Medicine),15.0,,,,3579.0,,,,1146.0,,,
Rajasthan,Rajasthan,2025,STATE_MERIT,"Ananta Institute of Medical Sciences and Research Centre, Rajsamand",MD (Paediatrics),9.0,,,,3404.0,,,,1677.0,,,
Rajasthan,Rajasthan,2025,STATE_MERIT,"Ananta Institute of Medical Sciences and Research Centre, Rajsamand",MD (Pathology),1.0,,,,3172.0,,,,3172.0,,,
Rajasthan,Rajasthan,2025,STATE_MERIT,"Ananta Institute of Medical Sciences and Research Centre, Rajsamand",MD (Psychiatry),2.0,,,,2264.0,,,,2049.0,,,
Rajasthan,Rajasthan,2025,STATE_MERIT,"Ananta Institute of Medical Sciences and Research Centre, Rajsamand",MD (Radiodiagnosis/Radiology),6.0,,,,3306.0,,,,811.0,,,
Rajasthan,Rajasthan,2025,STATE_MERIT,"Ananta Institute of Medical Sciences and Research Centre, Rajsamand",MD (Respiratory Medicine/T.B. & Chest/Tuberculosis & Respiratory Diseases),3.0,,,,3387.0,,,,2666.0,,,
Rajasthan,Rajasthan,2025,STATE_MERIT,"Ananta Institute of Medical Sciences and Research Centre, Rajsamand",MD (Skin & V.D / Dermatology Ven. & Leprosy),3.0,,,,2910.0,,,,520.0,,,
Rajasthan,Rajasthan,2025,STATE_MERIT,"Ananta Institute of Medical Sciences and Research Centre, Rajsamand",MS (ENT),1.0,,,,2997.0,,,,2997.0,,,
Rajasthan,Rajasthan,2025,STATE_MERIT,"Ananta Institute of Medical Sciences and Research Centre, Rajsamand",MS (General Surgery),9.0,,,,3578.0,,,,2357.0,,,
Rajasthan,Rajasthan,2025,STATE_MERIT,"Ananta Institute of Medical Sciences and Research Centre, Rajsamand",MS (Obst. & Gynaecology),9.0,,,,3608.0,,,,1339.0,,,
Rajasthan,Rajasthan,2025,STATE_MERIT,"Ananta Institute of Medical Sciences and Research Centre, Rajsamand",MS (Ophthalmology),3.0,,,,3190.0,,,,2127.0,,,
Rajasthan,Rajasthan,2025,STATE_MERIT,"Ananta Institute of Medical Sciences and Research Centre, Rajsamand",MS (Orthopaedics),6.0,,,,2781.0,,,,2426.0,,,
Rajasthan,Rajasthan,2025,STATE_MERIT,Anatomy,BABU LAL SUTHAR,,1.0,,,,3790.0,,,,3790.0,,
Rajasthan,Rajasthan,2025,STATE_MERIT,Anatomy,DHIRAJ SAXENA,,1.0,,,,2646.0,,,,2646.0,,
Rajasthan,Rajasthan,2025,STATE_MERIT,Anatomy,MAHENDRA,,1.0,,,,2513.0,,,,2513.0,,
Rajasthan,Rajasthan,2025,STATE_MERIT,Anatomy,MANGAT RAI GUPTA,,1.0,,,,3642.0,,,,3642.0,,
Rajasthan,Rajasthan,2025,STATE_MERIT,Anatomy,MAUJ PRAKASH JAIN,,1.0,,,,2881.0,,,,2881.0,,
Rajasthan,Rajasthan,2025,STATE_MERIT,Anatomy,RANVEER SINGH MEENA,,1.0,,,,3769.0,,,,3769.0,,
Rajasthan,Rajasthan,2025,STATE_MERIT,Anesthesia,RAMESH KUMAR,,1.0,,,,3086.0,,,,3086.0,,
Rajasthan,Rajasthan,2025,STATE_MERIT,Anesthesia,SITA RAM CHOUDHARY,,1.0,,,,2178.0,,,,2178.0,,
Rajasthan,Rajasthan,2025,STATE_MERIT,Biochemistry,AMAR CHAND,,1.0,,,,2845.0,,,,2845.0,,
Rajasthan,Rajasthan,2025,STATE_MERIT,Biochemistry,AMAR SINGH DHAKER,,1.0,,,,3319.0,,,,3319.0,,
Rajasthan,Rajasthan,2025,STATE_MERIT,Biochemistry,ASHOK KUMAR SHARMA,,1.0,,,,2904.0,,,,2904.0,,
Rajasthan,Rajasthan,2025,STATE_MERIT,Biochemistry,B N SIDH,,1.0,,,,3426.0,,,,3426.0,,
Rajasthan,Rajasthan,2025,STATE_MERIT,Biochemistry,BANI SINGH MEENA,,1.0,,,,3188.0,,,,3188.0,,
Rajasthan,Rajasthan,2025,STATE_MERIT,Biochemistry,CHANDAN SINGH RAO,,1.0,,,,3784.0,,,,3784.0,,
Rajasthan,Rajasthan,2025,STATE_MERIT,Biochemistry,CHANDRA PRAKASH YADAV,,1.0,,,,3666.0,,,,3666.0,,
Rajasthan,Rajasthan,2025,STATE_MERIT,Biochemistry,DAYANAND SINGH,,1.0,,,,3521.0,,,,3521.0,,
Rajasthan,Rajasthan,2025,STATE_MERIT,Biochemistry,DUNGA RAM CHOUDHARY,,1.0,,,,3384.0,,,,3384.0,,
Rajasthan,Rajasthan,2025,STATE_MERIT,Biochemistry,GOPAL LAL MEENA,,1.0,,,,3726.0,,,,3726.0,,
Rajasthan,Rajasthan,2025,STATE_MERIT,Biochemistry,HARI RAM DANGI,,1.0,,,,2349.0,,,,2349.0,,
Rajasthan,Rajasthan,2025,STATE_MERIT,Biochemistry,HUKAMRAJ MEENA,,1.0,,,,3761.0,,,,3761.0,,
Rajasthan,Rajasthan,2025,STATE_MERIT,Biochemistry,KAILASH CHAND VERMA,,1.0,,,,3639.0,,,,3639.0,,
Rajasthan,Rajasthan,2025,STATE_MERIT,Biochemistry,KEWAL CHAND,,1.0,,,,3326.0,,,,3326.0,,
Rajasthan,Rajasthan,2025,STATE_MERIT,Biochemistry,LAXMINARAYAN KUMAWAT,,1.0,,,,3076.0,,,,3076.0,,
Rajasthan,Rajasthan,2025,STATE_MERIT,Biochemistry,LIYAKAT ALI,,1.0,,,,3179.0,,,,3179.0,,
Rajasthan,Rajasthan,2025,STATE_MERIT,Biochemistry,MOTI LAL SHARMA,,1.0,,,,2473.0,,,,2473.0,,
Rajasthan,Rajasthan,2025,STATE_MERIT,Biochemistry,MUKESH SHRIMAL,,1.0,,,,3451.0,,,,3451.0,,
Rajasthan,Rajasthan,2025,STATE_MERIT,Biochemistry,OM PRAKASH NAYAK,,1.0,,,,3660.0,,,,3660.0,,
Rajasthan,Rajasthan,2025,STATE_MERIT,Biochemistry,P K TIWARI,,1.0,,,,2805.0,,,,2805.0,,
Rajasthan,Rajasthan,2025,STATE_MERIT,Biochemistry,PATALYA RAM SAINI,,1.0,,,,3797.0,,,,3797.0,,
Rajasthan,Rajasthan,2025,STATE_MERIT,Biochemistry,PRADEEP DHOLPURIA,,1.0,,,,3360.0,,,,3360.0,,
Rajasthan,Rajasthan,2025,STATE_MERIT,Biochemistry,PRAHLAD SINGH CHARAN,,1.0,,,,2911.0,,,,2911.0,,
Rajasthan,Rajasthan,2025,STATE_MERIT,Biochemistry,RAM SINGH CHOTIA,,1.0,,,,2980.0,,,,2980.0,,
Rajasthan,Rajasthan,2025,STATE_MERIT,Biochemistry,RAMLAL KUMAWAT,,1.0,,,,3084.0,,,,3084.0,,
Rajasthan,Rajasthan,2025,STATE_MERIT,Biochemistry,RAMNARAYAN,,1.0,,,,3763.0,,,,3763.0,,
Rajasthan,Rajasthan,2025,STATE_MERIT,Biochemistry,RAMROOP JATAV,,1.0,,,,3405.0,,,,3405.0,,
Rajasthan,Rajasthan,2025,STATE_MERIT,Biochemistry,RANA RAM VISHNOI,,1.0,,,,2218.0,,,,2218.0,,
Rajasthan,Rajasthan,2025,STATE_MERIT,Biochemistry,SHAKEEL AKHTAR SIDDIQUI,,1.0,,,,2578.0,,,,2578.0,,
Rajasthan,Rajasthan,2025,STATE_MERIT,Biochemistry,SHANTI LAL DAMOR,,1.0,,,,3688.0,,,,3688.0,,
Rajasthan,Rajasthan,2025,STATE_MERIT,Biochemistry,SURESH CHAND YADAV,,1.0,,,,3181.0,,,,3181.0,,
Rajasthan,Rajasthan,2025,STATE_MERIT,Biochemistry,VIKRAM SINGH,,1.0,,,,3287.0,,,,3287.0,,
Rajasthan,Rajasthan,2025,STATE_MERIT,Biochemistry,VINOD AGARWAL,,1.0,,,,2568.0,,,,2568.0,,
Rajasthan,Rajasthan,2025,STATE_MERIT,"Centre, Jaipur.",MD (Anaesthesia),5.0,,,,3498.0,,,,3194.0,,,
Rajasthan,Rajasthan,2025,STATE_MERIT,"Centre, Jaipur.",MD (Emergency Medicine),3.0,,,,3111.0,,,,2482.0,,,
Rajasthan,Rajasthan,2025,STATE_MERIT,"Centre, Jaipur.",MD (General Medicine),7.0,,,,3569.0,,,,2134.0,,,
Rajasthan,Rajasthan,2025,STATE_MERIT,"Centre, Jaipur.",MD (Paediatrics),4.0,,,,3467.0,,,,2598.0,,,
Rajasthan,Rajasthan,2025,STATE_MERIT,"Centre, Jaipur.",MD (Psychiatry),1.0,,,,2891.0,,,,2891.0,,,
Rajasthan,Rajasthan,2025,STATE_MERIT,"Centre, Jaipur.",MD (Radiodiagnosis/Radiology),8.0,,,,3545.0,,,,1861.0,,,
Rajasthan,Rajasthan,2025,STATE_MERIT,"Centre, Jaipur.",MD (Radiotherapy/Radiationoncology),1.0,,,,2391.0,,,,2391.0,,,
Rajasthan,Rajasthan,2025,STATE_MERIT,"Centre, Jaipur.",MD (Respiratory Medicine/T.B. & Chest/Tuberculosis & Respiratory Diseases),3.0,,,,3359.0,,,,2874.0,,,
Rajasthan,Rajasthan,2025,STATE_MERIT,"Centre, Jaipur.",MD (Skin & V.D / Dermatology Ven. & Leprosy),5.0,,,,3698.0,,,,2503.0,,,
Rajasthan,Rajasthan,2025,STATE_MERIT,"Centre, Jaipur.",MS (ENT),2.0,,,,2998.0,,,,2641.0,,,
Rajasthan,Rajasthan,2025,STATE_MERIT,"Centre, Jaipur.",MS (General Surgery),5.0,,,,3418.0,,,,3164.0,,,
Rajasthan,Rajasthan,2025,STATE_MERIT,"Centre, Jaipur.",MS (Obst. & Gynaecology),7.0,,,,3597.0,,,,2554.0,,,
Rajasthan,Rajasthan,2025,STATE_MERIT,"Centre, Jaipur.",MS (Ophthalmology),2.0,,,,3615.0,,,,3133.0,,,
Rajasthan,Rajasthan,2025,STATE_MERIT,"Centre, Jaipur.",MS (Orthopaedics),2.0,,,,3211.0,,,,3086.0,,,
Rajasthan,Rajasthan,2025,STATE_MERIT,DH Banswara,Post MBBS Diploma (Paediatrics),1.0,,,,1410.0,,,,1410.0,,,
Rajasthan,Rajasthan,2025,STATE_MERIT,DH Baran,Post MBBS Diploma (Obs & Gyne),2.0,,,,2307.0,,,,1467.0,,,
Rajasthan,Rajasthan,2025,STATE_MERIT,DH Baran,Post MBBS Diploma (Paediatrics),1.0,,,,2573.0,,,,2573.0,,,
Rajasthan,Rajasthan,2025,STATE_MERIT,DH Bundi,Post MBBS Diploma (Obs & Gyne),2.0,,,,1422.0,,,,1054.0,,,
Rajasthan,Rajasthan,2025,STATE_MERIT,DH Bundi,Post MBBS Diploma (Paediatrics),2.0,,,,2862.0,,,,1605.0,,,
Rajasthan,Rajasthan,2025,STATE_MERIT,DH Chittorgarh,Post MBBS Diploma (Obs & Gyne),1.0,,,,1309.0,,,,1309.0,,,
Rajasthan,Rajasthan,2025,STATE_MERIT,DH Chittorgarh,Post MBBS Diploma (Paediatrics),1.0,,,,1521.0,,,,1521.0,,,
Rajasthan,Rajasthan,2025,STATE_MERIT,DH Hanumangarh,Post MBBS Diploma (Paediatrics),2.0,,,,2733.0,,,,1741.0,,,
Rajasthan,Rajasthan,2025,STATE_MERIT,DH Hanumangarh,Post MBBS Diploma (TB & Chest),1.0,,,,1512.0,,,,1512.0,,,
Rajasthan,Rajasthan,2025,STATE_MERIT,DH Nagaur,Post MBBS Diploma (Obs & Gyne),1.0,,,,1292.0,,,,1292.0,,,
Rajasthan,Rajasthan,2025,STATE_MERIT,DH Nagaur,Post MBBS Diploma (Ophthalmology),1.0,,,,2735.0,,,,2735.0,,,
Rajasthan,Rajasthan,2025,STATE_MERIT,DH Nagaur,Post MBBS Diploma (Paediatrics),2.0,,,,1388.0,,,,1259.0,,,
Rajasthan,Rajasthan,2025,STATE_MERIT,DH Pratapgarh,Post MBBS Diploma (Family Medicine),1.0,,,,1796.0,,,,1796.0,,,
Rajasthan,Rajasthan,2025,STATE_MERIT,DH Pratapgarh,Post MBBS Diploma (Paediatrics),1.0,,,,1714.0,,,,1714.0,,,
Rajasthan,Rajasthan,2025,STATE_MERIT,DH Rajsamand,Post MBBS Diploma (Paediatrics),1.0,,,,1223.0,,,,1223.0,,,
Rajasthan,Rajasthan,2025,STATE_MERIT,DH Sirohi,Post MBBS Diploma (Obs & Gyne),2.0,,,,1494.0,,,,1357.0,,,
Rajasthan,Rajasthan,2025,STATE_MERIT,DH Sriganganagar,Post MBBS Diploma (Paediatrics),1.0,,,,2431.0,,,,2431.0,,,
Rajasthan,Rajasthan,2025,STATE_MERIT,DH Sriganganagar,Post MBBS Diploma (TB & Chest),1.0,,,,1482.0,,,,1482.0,,,
Rajasthan,Rajasthan,2025,STATE_MERIT,DH Tonk,Post MBBS Diploma (Obs & Gyne),2.0,,,,1690.0,,,,1560.0,,,
Rajasthan,Rajasthan,2025,STATE_MERIT,DH Tonk,Post MBBS Diploma (Paediatrics),1.0,,,,1563.0,,,,1563.0,,,
Rajasthan,Rajasthan,2025,STATE_MERIT,"District Hospital, Dholpur",Post MBBS Diploma (Obs & Gyne),3.0,,,,3312.0,,,,1803.0,,,
Rajasthan,Rajasthan,2025,STATE_MERIT,"District Hospital, Dholpur",Post MBBS Diploma (Paediatrics),3.0,,,,3166.0,,,,2286.0,,,
Rajasthan,Rajasthan,2025,STATE_MERIT,Dr SNMC Jodhpur,MD (Anaesthesia),15.0,,,,2742.0,,,,654.0,,,
Rajasthan,Rajasthan,2025,STATE_MERIT,Dr SNMC Jodhpur,MD (Biochemistry),1.0,,,,2625.0,,,,2625.0,,,
Rajasthan,Rajasthan,2025,STATE_MERIT,Dr SNMC Jodhpur,MD (Emergency Medicine),1.0,,,,2304.0,,,,2304.0,,,
Rajasthan,Rajasthan,2025,STATE_MERIT,Dr SNMC Jodhpur,MD (Forensic Medicine),2.0,,,,1712.0,,,,1144.0,,,
Rajasthan,Rajasthan,2025,STATE_MERIT,Dr SNMC Jodhpur,MD (General Medicine),12.0,,,,1958.0,,,,29.0,,,
Rajasthan,Rajasthan,2025,STATE_MERIT,Dr SNMC Jodhpur,MD (Geriatric Medicine),1.0,,,,974.0,,,,974.0,,,
Rajasthan,Rajasthan,2025,STATE_MERIT,Dr SNMC Jodhpur,MD (Immunohaematology and Blood Transfusion),2.0,,,,2339.0,,,,1191.0,,,
Rajasthan,Rajasthan,2025,STATE_MERIT,Dr SNMC Jodhpur,MD (Microbiology),3.0,,,,2171.0,,,,1614.0,,,
Rajasthan,Rajasthan,2025,STATE_MERIT,Dr SNMC Jodhpur,MD (PSM/Community Medicine),1.0,,,,1487.0,,,,1487.0,,,
Rajasthan,Rajasthan,2025,STATE_MERIT,Dr SNMC Jodhpur,MD (Paediatrics),13.0,,,,1122.0,,,,181.0,,,
Rajasthan,Rajasthan,2025,STATE_MERIT,Dr SNMC Jodhpur,MD (Pathology),6.0,,,,2197.0,,,,1189.0,,,
Rajasthan,Rajasthan,2025,STATE_MERIT,Dr SNMC Jodhpur,MD (Pharmacology),2.0,,,,2169.0,,,,2141.0,,,
Rajasthan,Rajasthan,2025,STATE_MERIT,Dr SNMC Jodhpur,MD (Physiology),3.0,,,,2542.0,,,,2273.0,,,
Rajasthan,Rajasthan,2025,STATE_MERIT,Dr SNMC Jodhpur,MD (Psychiatry),2.0,,,,548.0,,,,488.0,,,
Rajasthan,Rajasthan,2025,STATE_MERIT,Dr SNMC Jodhpur,MD (Radiodiagnosis/Radiology),3.0,,,,18.0,,,,4.0,,,
Rajasthan,Rajasthan,2025,STATE_MERIT,Dr SNMC Jodhpur,MD (Respiratory Medicine/T.B. & Chest/Tuberculosis & Respiratory Diseases),2.0,,,,410.0,,,,362.0,,,
Rajasthan,Rajasthan,2025,STATE_MERIT,Dr SNMC Jodhpur,MD (Skin & V.D / Dermatology Ven. & Leprosy),4.0,,,,550.0,,,,39.0,,,
Rajasthan,Rajasthan,2025,STATE_MERIT,Dr SNMC Jodhpur,MS (ENT),4.0,,,,2560.0,,,,621.0,,,
Rajasthan,Rajasthan,2025,STATE_MERIT,Dr SNMC Jodhpur,MS (General Surgery),8.0,,,,1316.0,,,,340.0,,,
Rajasthan,Rajasthan,2025,STATE_MERIT,Dr SNMC Jodhpur,MS (Obst. & Gynaecology),12.0,,,,1341.0,,,,52.0,,,
Rajasthan,Rajasthan,2025,STATE_MERIT,Dr SNMC Jodhpur,MS (Ophthalmology),3.0,,,,1317.0,,,,519.0,,,
Rajasthan,Rajasthan,2025,STATE_MERIT,Dr SNMC Jodhpur,MS (Orthopaedics),7.0,,,,1267.0,,,,371.0,,,
Rajasthan,Rajasthan,2025,STATE_MERIT,ENT,ABHINAV GUPTA,,1.0,,,,777.0,,,,777.0,,
Rajasthan,Rajasthan,2025,STATE_MERIT,ENT,ASHOK KUMAR DHAKER,,1.0,,,,472.0,,,,472.0,,
Rajasthan,Rajasthan,2025,STATE_MERIT,ENT,ASHOK SHARMA,,1.0,,,,860.0,,,,860.0,,
Rajasthan,Rajasthan,2025,STATE_MERIT,ENT,ASHOK YADAV,,1.0,,,,3734.0,,,,3734.0,,
Rajasthan,Rajasthan,2025,STATE_MERIT,ENT,BAJRANG LAL JAKHAR,,1.0,,,,1016.0,,,,1016.0,,
Rajasthan,Rajasthan,2025,STATE_MERIT,ENT,BEERBAL BUNKER,,1.0,,,,1482.0,,,,1482.0,,
Rajasthan,Rajasthan,2025,STATE_MERIT,ENT,BHOOP SHARMA,,1.0,,,,2429.0,,,,2429.0,,
Rajasthan,Rajasthan,2025,STATE_MERIT,ENT,BINOD KUMAR SINHA,,1.0,,,,3768.0,,,,3768.0,,
Rajasthan,Rajasthan,2025,STATE_MERIT,ENT,BODURAM MEENA,,1.0,,,,1810.0,,,,1810.0,,
Rajasthan,Rajasthan,2025,STATE_MERIT,ENT,DIPAK,,1.0,,,,3177.0,,,,3177.0,,
Rajasthan,Rajasthan,2025,STATE_MERIT,ENT,GAURAV WADHAWAN,,1.0,,,,3247.0,,,,3247.0,,
Rajasthan,Rajasthan,2025,STATE_MERIT,ENT,JAG MOHAN MEENA,,1.0,,,,1929.0,,,,1929.0,,
Rajasthan,Rajasthan,2025,STATE_MERIT,ENT,JAGDISH CHANDRA,,1.0,,,,1706.0,,,,1706.0,,
Rajasthan,Rajasthan,2025,STATE_MERIT,ENT,KEVAL RAM,,1.0,,,,2085.0,,,,2085.0,,
Rajasthan,Rajasthan,2025,STATE_MERIT,ENT,KRISHNA KANT SHARMA,,1.0,,,,2180.0,,,,2180.0,,
Rajasthan,Rajasthan,2025,STATE_MERIT,ENT,KUMER LAL VERMA,,1.0,,,,2203.0,,,,2203.0,,
Rajasthan,Rajasthan,2025,STATE_MERIT,ENT,LOKESH PARTANI,,1.0,,,,2116.0,,,,2116.0,,
Rajasthan,Rajasthan,2025,STATE_MERIT,ENT,MANOHAR AGRAWAL,,1.0,,,,3418.0,,,,3418.0,,
Rajasthan,Rajasthan,2025,STATE_MERIT,ENT,MOHAN LAL CHOUDHARY,,1.0,,,,2309.0,,,,2309.0,,
Rajasthan,Rajasthan,2025,STATE_MERIT,ENT,NARAYAN SINGH MEENA,,1.0,,,,2622.0,,,,2622.0,,
Rajasthan,Rajasthan,2025,STATE_MERIT,ENT,NATHU RAM THIRODA,,1.0,,,,3778.0,,,,3778.0,,
Rajasthan,Rajasthan,2025,STATE_MERIT,ENT,NAVEEN KUMAR GUPTA,,1.0,,,,3255.0,,,,3255.0,,
Rajasthan,Rajasthan,2025,STATE_MERIT,ENT,OM PRAKASH SETHI,,1.0,,,,504.0,,,,504.0,,
Rajasthan,Rajasthan,2025,STATE_MERIT,ENT,PRAHLAD SAHAY MEENA,,1.0,,,,1912.0,,,,1912.0,,
Rajasthan,Rajasthan,2025,STATE_MERIT,ENT,PRAKASH BHARUNTIA,,1.0,,,,1560.0,,,,1560.0,,
Rajasthan,Rajasthan,2025,STATE_MERIT,ENT,PRAVEEN BHARDWAJ,,1.0,,,,1914.0,,,,1914.0,,
Rajasthan,Rajasthan,2025,STATE_MERIT,ENT,PURAN MAL SHARMA,,1.0,,,,2761.0,,,,2761.0,,
Rajasthan,Rajasthan,2025,STATE_MERIT,ENT,RADHA KISHAN MEGHWAL,,1.0,,,,1326.0,,,,1326.0,,
Rajasthan,Rajasthan,2025,STATE_MERIT,ENT,RADHEYSHYAM SHARMA,,1.0,,,,526.0,,,,526.0,,
Rajasthan,Rajasthan,2025,STATE_MERIT,ENT,RAHUL BAGRA,,1.0,,,,842.0,,,,842.0,,
Rajasthan,Rajasthan,2025,STATE_MERIT,ENT,RAJ KRISHNA SHARMA,,1.0,,,,418.0,,,,418.0,,
Rajasthan,Rajasthan,2025,STATE_MERIT,ENT,RAJ KUMAR GAUTAM,,1.0,,,,1474.0,,,,1474.0,,
Rajasthan,Rajasthan,2025,STATE_MERIT,ENT,RAJENDRA KUMAR JAIN,,1.0,,,,2842.0,,,,2842.0,,
Rajasthan,Rajasthan,2025,STATE_MERIT,ENT,RAJENDRA SALVI,,1.0,,,,1338.0,,,,1338.0,,
Rajasthan,Rajasthan,2025,STATE_MERIT,ENT,RAKESH GUPTA,,1.0,,,,2433.0,,,,2433.0,,
Rajasthan,Rajasthan,2025,STATE_MERIT,ENT,RAKESH KUMAR KIRORIWAL,,1.0,,,,1123.0,,,,1123.0,,
Rajasthan,Rajasthan,2025,STATE_MERIT,ENT,RAM KUMAR KATARA,,1.0,,,,2510.0,,,,2510.0,,
Rajasthan,Rajasthan,2025,STATE_MERIT,ENT,RAMESH KUMAR AGARWAL,,1.0,,,,759.0,,,,759.0,,
Rajasthan,Rajasthan,2025,STATE_MERIT,ENT,RAMESHWAR LAL GADHWAL,,1.0,,,,2588.0,,,,2588.0,,
Rajasthan,Rajasthan,2025,STATE_MERIT,ENT,RAMGOPAL SEVALIYA,,1.0,,,,1335.0,,,,1335.0,,
Rajasthan,Rajasthan,2025,STATE_MERIT,ENT,RAMKARAN,,1.0,,,,1479.0,,,,1479.0,,
Rajasthan,Rajasthan,2025,STATE_MERIT,ENT,RAVI NENAWATI,,1.0,,,,3504.0,,,,3504.0,,
Rajasthan,Rajasthan,2025,STATE_MERIT,ENT,ROHIT CHAWLA,,1.0,,,,3079.0,,,,3079.0,,
Rajasthan,Rajasthan,2025,STATE_MERIT,ENT,ROSHAN ALI MULTANI,,1.0,,,,723.0,,,,723.0,,
Rajasthan,Rajasthan,2025,STATE_MERIT,ENT,SHAMBHU PRASAD,,1.0,,,,3815.0,,,,3815.0,,
Rajasthan,Rajasthan,2025,STATE_MERIT,ENT,SITA RAM,,1.0,,,,626.0,,,,626.0,,
Rajasthan,Rajasthan,2025,STATE_MERIT,ENT,SUBHASH CHANDRA SHARMA,,1.0,,,,788.0,,,,788.0,,
Rajasthan,Rajasthan,2025,STATE_MERIT,ENT,SUGAN RAM GAUR,,1.0,,,,1558.0,,,,1558.0,,
Rajasthan,Rajasthan,2025,STATE_MERIT,ENT,SUKHA RAM,,1.0,,,,2283.0,,,,2283.0,,
Rajasthan,Rajasthan,2025,STATE_MERIT,ENT,VIJAY KUMAR SHARMA,,1.0,,,,1804.0,,,,1804.0,,
Rajasthan,Rajasthan,2025,STATE_MERIT,ENT,VIJENDRA SINGH,,1.0,,,,756.0,,,,756.0,,
Rajasthan,Rajasthan,2025,STATE_MERIT,"ESIC Medical College And Hospital, Alwar",MD (PSM/Community Medicine),1.0,,,,1766.0,,,,1766.0,,,
Rajasthan,Rajasthan,2025,STATE_MERIT,"ESIC Medical College And Hospital, Alwar",MD (Respiratory Medicine/T.B. & Chest/Tuberculosis & Respiratory Diseases),1.0,,,,471.0,,,,471.0,,,
Rajasthan,Rajasthan,2025,STATE_MERIT,Emergency Medicine,GANESH RAM VERMA,,1.0,,,,1467.0,,,,1467.0,,
Rajasthan,Rajasthan,2025,STATE_MERIT,Emergency Medicine,GOPI CHAND SHARMA,,1.0,,,,1313.0,,,,1313.0,,
Rajasthan,Rajasthan,2025,STATE_MERIT,Emergency Medicine,HARISH KUMAR GARG,,1.0,,,,1718.0,,,,1718.0,,
Rajasthan,Rajasthan,2025,STATE_MERIT,Emergency Medicine,HEERA LAL,,1.0,,,,1993.0,,,,1993.0,,
Rajasthan,Rajasthan,2025,STATE_MERIT,Emergency Medicine,INDRA KUMAR AGARWAL,,1.0,,,,2623.0,,,,2623.0,,
Rajasthan,Rajasthan,2025,STATE_MERIT,Emergency Medicine,KAMAL GUPTA,,1.0,,,,673.0,,,,673.0,,
Rajasthan,Rajasthan,2025,STATE_MERIT,Emergency Medicine,KRISHAN SINGH,,1.0,,,,671.0,,,,671.0,,
Rajasthan,Rajasthan,2025,STATE_MERIT,Emergency Medicine,MADAN LAL DEORA,,1.0,,,,542.0,,,,542.0,,
Rajasthan,Rajasthan,2025,STATE_MERIT,Emergency Medicine,MEHBOOB ANSARI,,1.0,,,,3708.0,,,,3708.0,,
Rajasthan,Rajasthan,2025,STATE_MERIT,Emergency Medicine,PARVEEN LALL,,1.0,,,,1673.0,,,,1673.0,,
Rajasthan,Rajasthan,2025,STATE_MERIT,Emergency Medicine,PRATAP BHARDWAJ,,1.0,,,,3547.0,,,,3547.0,,
Rajasthan,Rajasthan,2025,STATE_MERIT,Emergency Medicine,PYARE LAL CHOUDHARY,,1.0,,,,3752.0,,,,3752.0,,
Rajasthan,Rajasthan,2025,STATE_MERIT,Emergency Medicine,RAJENDRA PRAKASH GUPTA,,1.0,,,,802.0,,,,802.0,,
Rajasthan,Rajasthan,2025,STATE_MERIT,Emergency Medicine,RAJESH BHARGAVA,,1.0,,,,1768.0,,,,1768.0,,
Rajasthan,Rajasthan,2025,STATE_MERIT,Emergency Medicine,RAM JI LAL SHARMA,,1.0,,,,737.0,,,,737.0,,
Rajasthan,Rajasthan,2025,STATE_MERIT,Emergency Medicine,RAMESHWAR DAYAL GOYAL,,1.0,,,,3108.0,,,,3108.0,,
Rajasthan,Rajasthan,2025,STATE_MERIT,Emergency Medicine,RAVI SHANKER SHARMA,,1.0,,,,3429.0,,,,3429.0,,
Rajasthan,Rajasthan,2025,STATE_MERIT,Emergency Medicine,SHIVKUMAR KUSHWAHA,,1.0,,,,3467.0,,,,3467.0,,
Rajasthan,Rajasthan,2025,STATE_MERIT,Emergency Medicine,SOHAN LAL JAT,,1.0,,,,627.0,,,,627.0,,
Rajasthan,Rajasthan,2025,STATE_MERIT,Emergency Medicine,SUBHASH BABURAO WAGH,,1.0,,,,3196.0,,,,3196.0,,
Rajasthan,Rajasthan,2025,STATE_MERIT,Emergency Medicine,SUSHIL,,1.0,,,,3410.0,,,,3410.0,,
Rajasthan,Rajasthan,2025,STATE_MERIT,Family Medicine,DHARM RAJ,,1.0,,,,3233.0,,,,3233.0,,
Rajasthan,Rajasthan,2025,STATE_MERIT,Family Medicine,LALU RAM YADAV,,1.0,,,,2134.0,,,,2134.0,,
Rajasthan,Rajasthan,2025,STATE_MERIT,Family Medicine,MAHESH KUMAR,,1.0,,,,1236.0,,,,1236.0,,
Rajasthan,Rajasthan,2025,STATE_MERIT,Family Medicine,MOHAMMAD ISHA,,1.0,,,,2574.0,,,,2574.0,,
Rajasthan,Rajasthan,2025,STATE_MERIT,Family Medicine,PRAMOD KUMAR GUPTA,,1.0,,,,858.0,,,,858.0,,
Rajasthan,Rajasthan,2025,STATE_MERIT,Family Medicine,RAM KUMAR CHEJARA,,1.0,,,,1958.0,,,,1958.0,,
Rajasthan,Rajasthan,2025,STATE_MERIT,Family Medicine,RAMAKISHAN JAKHAR,,1.0,,,,2125.0,,,,2125.0,,
Rajasthan,Rajasthan,2025,STATE_MERIT,Family Medicine,SHANTI LAL AMETA,,1.0,,,,1831.0,,,,1831.0,,
Rajasthan,Rajasthan,2025,STATE_MERIT,Family Medicine,SHYAM BABU YOGI,,1.0,,,,2395.0,,,,2395.0,,
Rajasthan,Rajasthan,2025,STATE_MERIT,Forensic Medicine,AMBIKA PRASAD PAREEK,,1.0,,,,1671.0,,,,1671.0,,
Rajasthan,Rajasthan,2025,STATE_MERIT,Forensic Medicine,DEVJI MEENA,,1.0,,,,3787.0,,,,3787.0,,
Rajasthan,Rajasthan,2025,STATE_MERIT,Forensic Medicine,GHANSHYAM BAIRWA,,1.0,,,,2490.0,,,,2490.0,,
Rajasthan,Rajasthan,2025,STATE_MERIT,Forensic Medicine,GIRVER SINGH,,1.0,,,,3111.0,,,,3111.0,,
Rajasthan,Rajasthan,2025,STATE_MERIT,Forensic Medicine,HANUMAN RAM,,1.0,,,,1159.0,,,,1159.0,,
Rajasthan,Rajasthan,2025,STATE_MERIT,Forensic Medicine,KANTILAL KALAL,,1.0,,,,2171.0,,,,2171.0,,
Rajasthan,Rajasthan,2025,STATE_MERIT,Forensic Medicine,LAXMAN MEENA,,1.0,,,,3367.0,,,,3367.0,,
Rajasthan,Rajasthan,2025,STATE_MERIT,Forensic Medicine,MANU ROAT,,1.0,,,,3624.0,,,,3624.0,,
Rajasthan,Rajasthan,2025,STATE_MERIT,Forensic Medicine,MUKH RAM,,1.0,,,,3694.0,,,,3694.0,,
Rajasthan,Rajasthan,2025,STATE_MERIT,Forensic Medicine,NATHU LAL SHARMA,,1.0,,,,1865.0,,,,1865.0,,
Rajasthan,Rajasthan,2025,STATE_MERIT,Forensic Medicine,RAJVEER YADAV,,1.0,,,,1745.0,,,,1745.0,,
Rajasthan,Rajasthan,2025,STATE_MERIT,Forensic Medicine,RAKESH KUMAR,,1.0,,,,1334.0,,,,1334.0,,
Rajasthan,Rajasthan,2025,STATE_MERIT,Forensic Medicine,RAMESHWAR LAL,,1.0,,,,1521.0,,,,1521.0,,
Rajasthan,Rajasthan,2025,STATE_MERIT,Forensic Medicine,RAMKISHAN MEHRA,,1.0,,,,2922.0,,,,2922.0,,
Rajasthan,Rajasthan,2025,STATE_MERIT,Forensic Medicine,RAMPRASAD SHARMA,,1.0,,,,1614.0,,,,1614.0,,
Rajasthan,Rajasthan,2025,STATE_MERIT,Forensic Medicine,SHIV KUMAR PATEER,,1.0,,,,3134.0,,,,3134.0,,
Rajasthan,Rajasthan,2025,STATE_MERIT,Forensic Medicine,SHYAM LAL SHARMA,,1.0,,,,1638.0,,,,1638.0,,
Rajasthan,Rajasthan,2025,STATE_MERIT,Forensic Medicine,SUKHPAL BHAGORA,,1.0,,,,2828.0,,,,2828.0,,
Rajasthan,Rajasthan,2025,STATE_MERIT,Forensic Medicine,SURESH CHANDRA JAIN,,1.0,,,,2826.0,,,,2826.0,,
Rajasthan,Rajasthan,2025,STATE_MERIT,Forensic Medicine,VIJAY SINGH MEENA,,1.0,,,,2861.0,,,,2861.0,,
Rajasthan,Rajasthan,2025,STATE_MERIT,GH Barmer,Post MBBS Diploma (Family Medicine),2.0,,,,3148.0,,,,2001.0,,,
Rajasthan,Rajasthan,2025,STATE_MERIT,GH Barmer,Post MBBS Diploma (Obs & Gyne),2.0,,,,1043.0,,,,848.0,,,
Rajasthan,Rajasthan,2025,STATE_MERIT,GH Barmer,Post MBBS Diploma (Paediatrics),2.0,,,,2732.0,,,,1250.0,,,
Rajasthan,Rajasthan,2025,STATE_MERIT,GH Barmer,Post MBBS Diploma (TB & Chest),1.0,,,,1776.0,,,,1776.0,,,
Rajasthan,Rajasthan,2025,STATE_MERIT,GH Karauli,Post MBBS Diploma (Paediatrics),3.0,,,,2622.0,,,,2301.0,,,
Rajasthan,Rajasthan,2025,STATE_MERIT,GH Sawaimadhopur,Post MBBS Diploma (Family Medicine),1.0,,,,2517.0,,,,2517.0,,,
Rajasthan,Rajasthan,2025,STATE_MERIT,GH Sawaimadhopur,Post MBBS Diploma (Obs & Gyne),5.0,,,,2637.0,,,,1369.0,,,
Rajasthan,Rajasthan,2025,STATE_MERIT,GH Sawaimadhopur,Post MBBS Diploma (Paediatrics),1.0,,,,2417.0,,,,2417.0,,,
Rajasthan,Rajasthan,2025,STATE_MERIT,GH Sawaimadhopur,Post MBBS Diploma (TB & Chest),2.0,,,,1674.0,,,,1523.0,,,
Rajasthan,Rajasthan,2025,STATE_MERIT,GMC Bhilwara,MD (Anaesthesia),2.0,,,,1397.0,,,,1022.0,,,
Rajasthan,Rajasthan,2025,STATE_MERIT,GMC Bhilwara,MD (Biochemistry),1.0,,,,2976.0,,,,2976.0,,,
Rajasthan,Rajasthan,2025,STATE_MERIT,GMC Bhilwara,MD (Microbiology),1.0,,,,2424.0,,,,2424.0,,,
Rajasthan,Rajasthan,2025,STATE_MERIT,GMC Bhilwara,MD (Pathology),2.0,,,,3118.0,,,,1642.0,,,
Rajasthan,Rajasthan,2025,STATE_MERIT,GMC Bhilwara,MS (General Surgery),3.0,,,,2621.0,,,,639.0,,,
Rajasthan,Rajasthan,2025,STATE_MERIT,GMC Churu,MD (PSM/Community Medicine),2.0,,,,3200.0,,,,1629.0,,,
Rajasthan,Rajasthan,2025,STATE_MERIT,GMC Churu,MD (Pathology),1.0,,,,870.0,,,,870.0,,,
Rajasthan,Rajasthan,2025,STATE_MERIT,GMC Dungarpur,MD (PSM/Community Medicine),1.0,,,,3362.0,,,,3362.0,,,
Rajasthan,Rajasthan,2025,STATE_MERIT,GMC Dungarpur,MD (Pharmacology),1.0,,,,2911.0,,,,2911.0,,,
Rajasthan,Rajasthan,2025,STATE_MERIT,GMC Pali,MD (Anaesthesia),2.0,,,,1237.0,,,,813.0,,,
Rajasthan,Rajasthan,2025,STATE_MERIT,GMC Pali,MD (Microbiology),1.0,,,,2970.0,,,,2970.0,,,
Rajasthan,Rajasthan,2025,STATE_MERIT,GMC Pali,MD (Pathology),2.0,,,,2815.0,,,,1481.0,,,
Rajasthan,Rajasthan,2025,STATE_MERIT,GMC Pali,MD (Physiology),1.0,,,,3496.0,,,,3496.0,,,
Rajasthan,Rajasthan,2025,STATE_MERIT,GMC Pali,MS (General Surgery),5.0,,,,1648.0,,,,675.0,,,
Rajasthan,Rajasthan,2025,STATE_MERIT,GMC Pali,MS (Obst. & Gynaecology),2.0,,,,1249.0,,,,614.0,,,
Rajasthan,Rajasthan,2025,STATE_MERIT,GMC Pali,MS (Ophthalmology),1.0,,,,2576.0,,,,2576.0,,,
Rajasthan,Rajasthan,2025,STATE_MERIT,GOVERNMENT BDK HOSPITAL JHUNJHUNU,Post MBBS Diploma (Anesthesia),1.0,,,,3217.0,,,,3217.0,,,
Rajasthan,Rajasthan,2025,STATE_MERIT,GOVERNMENT BDK HOSPITAL JHUNJHUNU,Post MBBS Diploma (ENT),1.0,,,,2755.0,,,,2755.0,,,
Rajasthan,Rajasthan,2025,STATE_MERIT,GOVERNMENT BDK HOSPITAL JHUNJHUNU,Post MBBS Diploma (Family Medicine),1.0,,,,2081.0,,,,2081.0,,,
Rajasthan,Rajasthan,2025,STATE_MERIT,GOVERNMENT BDK HOSPITAL JHUNJHUNU,Post MBBS Diploma (Obs & Gyne),2.0,,,,1261.0,,,,859.0,,,
Rajasthan,Rajasthan,2025,STATE_MERIT,GOVERNMENT BDK HOSPITAL JHUNJHUNU,Post MBBS Diploma (Paediatrics),2.0,,,,2309.0,,,,1274.0,,,
Rajasthan,Rajasthan,2025,STATE_MERIT,GOVT. AMRITKAUR HOSPITAL BEAWAR,Post MBBS Diploma (Paediatrics),1.0,,,,2567.0,,,,2567.0,,,
Rajasthan,Rajasthan,2025,STATE_MERIT,Ganganagar,MD (Anaesthesia),1.0,,,,3648.0,,,,3648.0,,,
Rajasthan,Rajasthan,2025,STATE_MERIT,Ganganagar,MD (Emergency Medicine),1.0,,,,3332.0,,,,3332.0,,,
Rajasthan,Rajasthan,2025,STATE_MERIT,Ganganagar,MD (Pathology),1.0,,,,3389.0,,,,3389.0,,,
Rajasthan,Rajasthan,2025,STATE_MERIT,Ganganagar,MD (Psychiatry),2.0,,,,3295.0,,,,2994.0,,,
Rajasthan,Rajasthan,2025,STATE_MERIT,Ganganagar,MD (Radiodiagnosis/Radiology),3.0,,,,2851.0,,,,1709.0,,,
Rajasthan,Rajasthan,2025,STATE_MERIT,Ganganagar,MS (Ophthalmology),1.0,,,,3031.0,,,,3031.0,,,
Rajasthan,Rajasthan,2025,STATE_MERIT,"Geetanjali Medical College & Hospital, Udaipur",MD (Anaesthesia),9.0,,,,3502.0,,,,2655.0,,,
Rajasthan,Rajasthan,2025,STATE_MERIT,"Geetanjali Medical College & Hospital, Udaipur",MD (Emergency Medicine),2.0,,,,3316.0,,,,3173.0,,,
Rajasthan,Rajasthan,2025,STATE_MERIT,"Geetanjali Medical College & Hospital, Udaipur",MD (General Medicine),7.0,,,,3606.0,,,,2132.0,,,
Rajasthan,Rajasthan,2025,STATE_MERIT,"Geetanjali Medical College & Hospital, Udaipur",MD (PSM/Community Medicine),1.0,,,,3437.0,,,,3437.0,,,
Rajasthan,Rajasthan,2025,STATE_MERIT,"Geetanjali Medical College & Hospital, Udaipur",MD (Paediatrics),1.0,,,,3503.0,,,,3503.0,,,
Rajasthan,Rajasthan,2025,STATE_MERIT,"Geetanjali Medical College & Hospital, Udaipur",MD (Psychiatry),2.0,,,,3413.0,,,,3386.0,,,
Rajasthan,Rajasthan,2025,STATE_MERIT,"Geetanjali Medical College & Hospital, Udaipur",MD (Radiodiagnosis/Radiology),4.0,,,,3341.0,,,,2299.0,,,
Rajasthan,Rajasthan,2025,STATE_MERIT,"Geetanjali Medical College & Hospital, Udaipur",MD (Radiotherapy/Radiationoncology),3.0,,,,3434.0,,,,2614.0,,,
Rajasthan,Rajasthan,2025,STATE_MERIT,"Geetanjali Medical College & Hospital, Udaipur",MD (Respiratory Medicine/T.B. & Chest/Tuberculosis & Respiratory Diseases),1.0,,,,3394.0,,,,3394.0,,,
Rajasthan,Rajasthan,2025,STATE_MERIT,"Geetanjali Medical College & Hospital, Udaipur",MD (Skin & V.D / Dermatology Ven. & Leprosy),3.0,,,,3501.0,,,,2585.0,,,
Rajasthan,Rajasthan,2025,STATE_MERIT,"Geetanjali Medical College & Hospital, Udaipur",MS (ENT),1.0,,,,2072.0,,,,2072.0,,,
Rajasthan,Rajasthan,2025,STATE_MERIT,"Geetanjali Medical College & Hospital, Udaipur",MS (General Surgery),2.0,,,,3537.0,,,,3128.0,,,
Rajasthan,Rajasthan,2025,STATE_MERIT,"Geetanjali Medical College & Hospital, Udaipur",MS (Obst. & Gynaecology),5.0,,,,3659.0,,,,2594.0,,,
Rajasthan,Rajasthan,2025,STATE_MERIT,"Geetanjali Medical College & Hospital, Udaipur",MS (Ophthalmology),3.0,,,,3688.0,,,,3077.0,,,
Rajasthan,Rajasthan,2025,STATE_MERIT,General Medicine,AKBAR ALI,,1.0,,,,101.0,,,,101.0,,
Rajasthan,Rajasthan,2025,STATE_MERIT,General Medicine,ANIL CHANEJA,,1.0,,,,243.0,,,,243.0,,
Rajasthan,Rajasthan,2025,STATE_MERIT,General Medicine,ANIL KHANDELWAL,,1.0,,,,1833.0,,,,1833.0,,
Rajasthan,Rajasthan,2025,STATE_MERIT,General Medicine,ANIL SHARMA,,1.0,,,,1271.0,,,,1271.0,,
Rajasthan,Rajasthan,2025,STATE_MERIT,General Medicine,ANIL VISHNOI,,1.0,,,,1750.0,,,,1750.0,,
Rajasthan,Rajasthan,2025,STATE_MERIT,General Medicine,ANSAR MOHAMMED,,1.0,,,,80.0,,,,80.0,,
Rajasthan,Rajasthan,2025,STATE_MERIT,General Medicine,ARUN SHARMA,,1.0,,,,2228.0,,,,2228.0,,
Rajasthan,Rajasthan,2025,STATE_MERIT,General Medicine,ASHISHKUMAR AGRAVAT,,1.0,,,,3811.0,,,,3811.0,,
Rajasthan,Rajasthan,2025,STATE_MERIT,General Medicine,ASHOK BANSHIWAL,,1.0,,,,701.0,,,,701.0,,
Rajasthan,Rajasthan,2025,STATE_MERIT,General Medicine,ASHOK SINGH,,1.0,,,,3335.0,,,,3335.0,,
Rajasthan,Rajasthan,2025,STATE_MERIT,General Medicine,AVNESH MATHUR,,1.0,,,,137.0,,,,137.0,,
Rajasthan,Rajasthan,2025,STATE_MERIT,General Medicine,BABU LAL,,1.0,,,,116.0,,,,116.0,,
Rajasthan,Rajasthan,2025,STATE_MERIT,General Medicine,BABUBHAI NARSHIBHAI KATHIRIA,,1.0,,,,3042.0,,,,3042.0,,
Rajasthan,Rajasthan,2025,STATE_MERIT,General Medicine,BHADAURIA SHIVPRATAP SINGH,,1.0,,,,3376.0,,,,3376.0,,
Rajasthan,Rajasthan,2025,STATE_MERIT,General Medicine,BHAVA RAM,,1.0,,,,3662.0,,,,3662.0,,
Rajasthan,Rajasthan,2025,STATE_MERIT,General Medicine,BIRDEE CHAND JAJORIYA,,1.0,,,,435.0,,,,435.0,,
Rajasthan,Rajasthan,2025,STATE_MERIT,General Medicine,CHANDRA RAM,,1.0,,,,13.0,,,,13.0,,
Rajasthan,Rajasthan,2025,STATE_MERIT,General Medicine,CHOTHMAL GURJAR,,1.0,,,,522.0,,,,522.0,,
Rajasthan,Rajasthan,2025,STATE_MERIT,General Medicine,DAMMA RAM,,1.0,,,,86.0,,,,86.0,,
Rajasthan,Rajasthan,2025,STATE_MERIT,General Medicine,DAN SINGH,,1.0,,,,63.0,,,,63.0,,
Rajasthan,Rajasthan,2025,STATE_MERIT,General Medicine,DAULAT SINGH KAVIA,,1.0,,,,40.0,,,,40.0,,
Rajasthan,Rajasthan,2025,STATE_MERIT,General Medicine,DAYANAND PANDIT,,1.0,,,,76.0,,,,76.0,,
Rajasthan,Rajasthan,2025,STATE_MERIT,General Medicine,DEEPAK MAHAJAN,,1.0,,,,2451.0,,,,2451.0,,
Rajasthan,Rajasthan,2025,STATE_MERIT,General Medicine,DEVA RAM SHIVRAN,,1.0,,,,2148.0,,,,2148.0,,
Rajasthan,Rajasthan,2025,STATE_MERIT,General Medicine,DHARM RAJ MEENA,,1.0,,,,3695.0,,,,3695.0,,
Rajasthan,Rajasthan,2025,STATE_MERIT,General Medicine,DHARMENDRA BHARDWAJ,,1.0,,,,1999.0,,,,1999.0,,
Rajasthan,Rajasthan,2025,STATE_MERIT,General Medicine,DHEERAJ VERMA,,1.0,,,,2464.0,,,,2464.0,,
Rajasthan,Rajasthan,2025,STATE_MERIT,General Medicine,DILIPBHAI KARSHANBHAI PATEL,,1.0,,,,3040.0,,,,3040.0,,
Rajasthan,Rajasthan,2025,STATE_MERIT,General Medicine,DINESH PARKER,,1.0,,,,3301.0,,,,3301.0,,
Rajasthan,Rajasthan,2025,STATE_MERIT,General Medicine,DODIYA MANSINHBHAI RAMBHAI,,1.0,,,,1813.0,,,,1813.0,,
Rajasthan,Rajasthan,2025,STATE_MERIT,General Medicine,FASIHUDDIN QURESHI,,1.0,,,,3710.0,,,,3710.0,,
Rajasthan,Rajasthan,2025,STATE_MERIT,General Medicine,GIRDHARI LAL SHARMA,,1.0,,,,74.0,,,,74.0,,
Rajasthan,Rajasthan,2025,STATE_MERIT,General Medicine,GOPAL ARYA,,1.0,,,,90.0,,,,90.0,,
Rajasthan,Rajasthan,2025,STATE_MERIT,General Medicine,GOPALBHAI KHIMJIBHAI THESIYA,,1.0,,,,1952.0,,,,1952.0,,
Rajasthan,Rajasthan,2025,STATE_MERIT,General Medicine,GOPILAL,,1.0,,,,29.0,,,,29.0,,
Rajasthan,Rajasthan,2025,STATE_MERIT,General Medicine,GOVIND GUPTA,,1.0,,,,3321.0,,,,3321.0,,
Rajasthan,Rajasthan,2025,STATE_MERIT,General Medicine,HAKIM SINGH RAWAT,,1.0,,,,130.0,,,,130.0,,
Rajasthan,Rajasthan,2025,STATE_MERIT,General Medicine,HANUMAN SAHAYA RAWAL,,1.0,,,,205.0,,,,205.0,,
Rajasthan,Rajasthan,2025,STATE_MERIT,General Medicine,HANUMAN SINGH,,1.0,,,,36.0,,,,36.0,,
Rajasthan,Rajasthan,2025,STATE_MERIT,General Medicine,HARI RAM,,1.0,,,,2608.0,,,,2608.0,,
Rajasthan,Rajasthan,2025,STATE_MERIT,General Medicine,HARIKESH MEENA,,1.0,,,,805.0,,,,805.0,,
Rajasthan,Rajasthan,2025,STATE_MERIT,General Medicine,HARIRAM MAHAWAR,,1.0,,,,556.0,,,,556.0,,
Rajasthan,Rajasthan,2025,STATE_MERIT,General Medicine,HEMANK PANDYA,,1.0,,,,161.0,,,,161.0,,
Rajasthan,Rajasthan,2025,STATE_MERIT,General Medicine,HEMRAJ BANETHIWAL,,1.0,,,,637.0,,,,637.0,,
Rajasthan,Rajasthan,2025,STATE_MERIT,General Medicine,HITESHKUMAR,,1.0,,,,2596.0,,,,2596.0,,
Rajasthan,Rajasthan,2025,STATE_MERIT,General Medicine,HITESHKUMAR LEKHARAJ SHAH,,1.0,,,,3403.0,,,,3403.0,,
Rajasthan,Rajasthan,2025,STATE_MERIT,General Medicine,JAGDISH CHANDRA BISHNOI,,1.0,,,,17.0,,,,17.0,,
Rajasthan,Rajasthan,2025,STATE_MERIT,General Medicine,JAGDISH PRASAD CHOHALA,,1.0,,,,324.0,,,,324.0,,
Rajasthan,Rajasthan,2025,STATE_MERIT,General Medicine,JAIPAL SINGH CHAUHAN,,1.0,,,,2573.0,,,,2573.0,,
Rajasthan,Rajasthan,2025,STATE_MERIT,General Medicine,JEEVAN SINGH MEHTA,,1.0,,,,1814.0,,,,1814.0,,
Rajasthan,Rajasthan,2025,STATE_MERIT,General Medicine,JETHANAND LACHHWANI,,1.0,,,,1547.0,,,,1547.0,,
Rajasthan,Rajasthan,2025,STATE_MERIT,General Medicine,JHOOMAR RAM,,1.0,,,,2233.0,,,,2233.0,,
Rajasthan,Rajasthan,2025,STATE_MERIT,General Medicine,JUGLAL SINGH,,1.0,,,,1161.0,,,,1161.0,,
Rajasthan,Rajasthan,2025,STATE_MERIT,General Medicine,KAILASH CHAND RUNDLA,,1.0,,,,3692.0,,,,3692.0,,
Rajasthan,Rajasthan,2025,STATE_MERIT,General Medicine,KAILASH CHANDRA,,1.0,,,,442.0,,,,442.0,,
Rajasthan,Rajasthan,2025,STATE_MERIT,General Medicine,KAILASH RAM BANA,,1.0,,,,104.0,,,,104.0,,
Rajasthan,Rajasthan,2025,STATE_MERIT,General Medicine,KAMLESH KUMAR SHARMA,,1.0,,,,1910.0,,,,1910.0,,
Rajasthan,Rajasthan,2025,STATE_MERIT,General Medicine,KANTI LAL PATEL,,1.0,,,,1998.0,,,,1998.0,,
Rajasthan,Rajasthan,2025,STATE_MERIT,General Medicine,KAUNR SINGH DHILLON,,1.0,,,,2399.0,,,,2399.0,,
Rajasthan,Rajasthan,2025,STATE_MERIT,General Medicine,KAVINDRA,,1.0,,,,3346.0,,,,3346.0,,
Rajasthan,Rajasthan,2025,STATE_MERIT,General Medicine,KHUMARAM CHOUDHARY,,1.0,,,,83.0,,,,83.0,,
Rajasthan,Rajasthan,2025,STATE_MERIT,General Medicine,KISHAN FATEHLAL SHAH,,1.0,,,,2099.0,,,,2099.0,,
Rajasthan,Rajasthan,2025,STATE_MERIT,General Medicine,KISHAN LAL BISHNOI,,1.0,,,,100.0,,,,100.0,,
Rajasthan,Rajasthan,2025,STATE_MERIT,General Medicine,KISHANALAL,,1.0,,,,45.0,,,,45.0,,
Rajasthan,Rajasthan,2025,STATE_MERIT,General Medicine,KRISHAN KUMAR MEENA,,1.0,,,,1008.0,,,,1008.0,,
Rajasthan,Rajasthan,2025,STATE_MERIT,General Medicine,LADU RAM GURJAR,,1.0,,,,425.0,,,,425.0,,
Rajasthan,Rajasthan,2025,STATE_MERIT,General Medicine,LAL CHAND GURJAR,,1.0,,,,506.0,,,,506.0,,
Rajasthan,Rajasthan,2025,STATE_MERIT,General Medicine,LAXMAN RAJ SURESHA,,1.0,,,,3431.0,,,,3431.0,,
Rajasthan,Rajasthan,2025,STATE_MERIT,General Medicine,LAXMAN RAM MODASIA,,1.0,,,,532.0,,,,532.0,,
Rajasthan,Rajasthan,2025,STATE_MERIT,General Medicine,LAXMINARAYAN YADAV,,1.0,,,,2762.0,,,,2762.0,,
Rajasthan,Rajasthan,2025,STATE_MERIT,General Medicine,LOKESH JINDAL,,1.0,,,,2485.0,,,,2485.0,,
Rajasthan,Rajasthan,2025,STATE_MERIT,General Medicine,MADAN MOHAN GUPTA,,1.0,,,,190.0,,,,190.0,,
Rajasthan,Rajasthan,2025,STATE_MERIT,General Medicine,MAHAVEER SINGH CHOUDHARY,,1.0,,,,109.0,,,,109.0,,
Rajasthan,Rajasthan,2025,STATE_MERIT,General Medicine,MAHENDRA SINGH GURJAR,,1.0,,,,270.0,,,,270.0,,
Rajasthan,Rajasthan,2025,STATE_MERIT,General Medicine,MAHESH CHANDRA SONI,,1.0,,,,94.0,,,,94.0,,
Rajasthan,Rajasthan,2025,STATE_MERIT,General Medicine,MALI RAM NEHRA,,1.0,,,,89.0,,,,89.0,,
Rajasthan,Rajasthan,2025,STATE_MERIT,General Medicine,MAN SINGH,,1.0,,,,538.0,,,,538.0,,
Rajasthan,Rajasthan,2025,STATE_MERIT,General Medicine,MANGI LAL,,1.0,,,,85.0,,,,85.0,,
Rajasthan,Rajasthan,2025,STATE_MERIT,General Medicine,MANISH GUPTA,,1.0,,,,3067.0,,,,3067.0,,
Rajasthan,Rajasthan,2025,STATE_MERIT,General Medicine,MANOJ SONI,,1.0,,,,3323.0,,,,3323.0,,
Rajasthan,Rajasthan,2025,STATE_MERIT,General Medicine,MITESH MIDDHA,,1.0,,,,189.0,,,,189.0,,
Rajasthan,Rajasthan,2025,STATE_MERIT,General Medicine,MOHAMMED ASLAM MANSOORI,,1.0,,,,2654.0,,,,2654.0,,
Rajasthan,Rajasthan,2025,STATE_MERIT,General Medicine,MOHAMMED IQBAL,,1.0,,,,199.0,,,,199.0,,
Rajasthan,Rajasthan,2025,STATE_MERIT,General Medicine,MOHAN LAL,,3.0,,,,47.0,,,,38.0,,
Rajasthan,Rajasthan,2025,STATE_MERIT,General Medicine,MOHAN LAL VERMA,,1.0,,,,718.0,,,,718.0,,
Rajasthan,Rajasthan,2025,STATE_MERIT,General Medicine,MOHAN SINGH,,1.0,,,,555.0,,,,555.0,,
Rajasthan,Rajasthan,2025,STATE_MERIT,General Medicine,MOOLCHAND BURANIYA,,1.0,,,,53.0,,,,53.0,,
Rajasthan,Rajasthan,2025,STATE_MERIT,General Medicine,MORPAL BAIRWA,,1.0,,,,780.0,,,,780.0,,
Rajasthan,Rajasthan,2025,STATE_MERIT,General Medicine,NANCHU LAL SHARMA,,1.0,,,,105.0,,,,105.0,,
Rajasthan,Rajasthan,2025,STATE_MERIT,General Medicine,NARESH KUMAR JAIN,,1.0,,,,11.0,,,,11.0,,
Rajasthan,Rajasthan,2025,STATE_MERIT,General Medicine,NARESH KUMAR KHANNA,,1.0,,,,2843.0,,,,2843.0,,
Rajasthan,Rajasthan,2025,STATE_MERIT,General Medicine,NAROTTAM SINGH BRAHMI,,1.0,,,,535.0,,,,535.0,,
Rajasthan,Rajasthan,2025,STATE_MERIT,General Medicine,NAVEEN KUMAR,,1.0,,,,2894.0,,,,2894.0,,
Rajasthan,Rajasthan,2025,STATE_MERIT,General Medicine,NAVPARKASH SINGH,,1.0,,,,2426.0,,,,2426.0,,
Rajasthan,Rajasthan,2025,STATE_MERIT,General Medicine,NAWA RAM,,1.0,,,,386.0,,,,386.0,,
Rajasthan,Rajasthan,2025,STATE_MERIT,General Medicine,OM SETHIYA,,1.0,,,,2057.0,,,,2057.0,,
Rajasthan,Rajasthan,2025,STATE_MERIT,General Medicine,OZA BHARAT RAMESHCHANDRA,,1.0,,,,2617.0,,,,2617.0,,
Rajasthan,Rajasthan,2025,STATE_MERIT,General Medicine,PANCHA RAM,,1.0,,,,55.0,,,,55.0,,
Rajasthan,Rajasthan,2025,STATE_MERIT,General Medicine,PAPPU SINGH,,1.0,,,,110.0,,,,110.0,,
Rajasthan,Rajasthan,2025,STATE_MERIT,General Medicine,PARAMA NAND DEVANDA,,1.0,,,,64.0,,,,64.0,,
Rajasthan,Rajasthan,2025,STATE_MERIT,General Medicine,PATEL PARESHBHAI,,1.0,,,,1963.0,,,,1963.0,,
Rajasthan,Rajasthan,2025,STATE_MERIT,General Medicine,PAWAN KUMAR JAT,,1.0,,,,1883.0,,,,1883.0,,
Rajasthan,Rajasthan,2025,STATE_MERIT,General Medicine,PAWAN TRIVEDI,,1.0,,,,2405.0,,,,2405.0,,
Rajasthan,Rajasthan,2025,STATE_MERIT,General Medicine,PEEYUSH GYANI,,1.0,,,,1699.0,,,,1699.0,,
Rajasthan,Rajasthan,2025,STATE_MERIT,General Medicine,PRADEEP KR AGARWAL,,1.0,,,,1766.0,,,,1766.0,,
Rajasthan,Rajasthan,2025,STATE_MERIT,General Medicine,PRADEEPKUMAR DUDHREJIA,,1.0,,,,2907.0,,,,2907.0,,
Rajasthan,Rajasthan,2025,STATE_MERIT,General Medicine,PRAKASH CHAND,,1.0,,,,2204.0,,,,2204.0,,
Rajasthan,Rajasthan,2025,STATE_MERIT,General Medicine,PRAMOD KUMAR,,1.0,,,,196.0,,,,196.0,,
Rajasthan,Rajasthan,2025,STATE_MERIT,General Medicine,PRASHANT YASHWANT GUJAR,,1.0,,,,2507.0,,,,2507.0,,
Rajasthan,Rajasthan,2025,STATE_MERIT,General Medicine,PRATAP SINGH NAYAK,,1.0,,,,1386.0,,,,1386.0,,
Rajasthan,Rajasthan,2025,STATE_MERIT,General Medicine,PRAVEEN KUMAR AGRAWAL,,1.0,,,,280.0,,,,280.0,,
Rajasthan,Rajasthan,2025,STATE_MERIT,General Medicine,RADHEY SHYAM GUPTA,,1.0,,,,3118.0,,,,3118.0,,
Rajasthan,Rajasthan,2025,STATE_MERIT,General Medicine,RAJENDRA DEORA,,1.0,,,,2763.0,,,,2763.0,,
Rajasthan,Rajasthan,2025,STATE_MERIT,General Medicine,RAJENDRA KUMAR YADAV,,1.0,,,,95.0,,,,95.0,,
Rajasthan,Rajasthan,2025,STATE_MERIT,General Medicine,RAJESH CHOUDHARY,,1.0,,,,1836.0,,,,1836.0,,
Rajasthan,Rajasthan,2025,STATE_MERIT,General Medicine,RAJESH MISHRA,,1.0,,,,3567.0,,,,3567.0,,
Rajasthan,Rajasthan,2025,STATE_MERIT,General Medicine,RAJESH SARDANA,,1.0,,,,2565.0,,,,2565.0,,
Rajasthan,Rajasthan,2025,STATE_MERIT,General Medicine,RAJKUMAR AGGARWAL,,1.0,,,,2709.0,,,,2709.0,,
Rajasthan,Rajasthan,2025,STATE_MERIT,General Medicine,RAJNISH KUMAR,,1.0,,,,3279.0,,,,3279.0,,
Rajasthan,Rajasthan,2025,STATE_MERIT,General Medicine,RAJUDDEEN KHAN,,1.0,,,,59.0,,,,59.0,,
Rajasthan,Rajasthan,2025,STATE_MERIT,General Medicine,RAJVEER YADAV,,1.0,,,,84.0,,,,84.0,,
Rajasthan,Rajasthan,2025,STATE_MERIT,General Medicine,RAM DAYAL YADAV,,1.0,,,,25.0,,,,25.0,,
Rajasthan,Rajasthan,2025,STATE_MERIT,General Medicine,RAM KHILADI MEENA,,1.0,,,,1023.0,,,,1023.0,,
Rajasthan,Rajasthan,2025,STATE_MERIT,General Medicine,RAM LAL,,1.0,,,,657.0,,,,657.0,,
Rajasthan,Rajasthan,2025,STATE_MERIT,General Medicine,RAM NARAYAN KUMAWAT,,1.0,,,,91.0,,,,91.0,,
Rajasthan,Rajasthan,2025,STATE_MERIT,General Medicine,RAM PRATAP SARWA,,1.0,,,,606.0,,,,606.0,,
Rajasthan,Rajasthan,2025,STATE_MERIT,General Medicine,RAMCHANDRA,,1.0,,,,2662.0,,,,2662.0,,
Rajasthan,Rajasthan,2025,STATE_MERIT,General Medicine,RAMDAYAL YADAV,,1.0,,,,140.0,,,,140.0,,
Rajasthan,Rajasthan,2025,STATE_MERIT,General Medicine,RAMDEV SINGH BAJYA,,1.0,,,,9.0,,,,9.0,,
Rajasthan,Rajasthan,2025,STATE_MERIT,General Medicine,RAMDHAN YADAV,,1.0,,,,2511.0,,,,2511.0,,
Rajasthan,Rajasthan,2025,STATE_MERIT,General Medicine,RAMESH CHAND SHARMA,,1.0,,,,152.0,,,,152.0,,
Rajasthan,Rajasthan,2025,STATE_MERIT,General Medicine,RAMESH CHANDRA KATARA,,1.0,,,,1306.0,,,,1306.0,,
Rajasthan,Rajasthan,2025,STATE_MERIT,General Medicine,RAMESHWARJI DAYAL,,1.0,,,,757.0,,,,757.0,,
Rajasthan,Rajasthan,2025,STATE_MERIT,General Medicine,RAMSAHAI MINA,,1.0,,,,512.0,,,,512.0,,
Rajasthan,Rajasthan,2025,STATE_MERIT,General Medicine,RATAN SINGH PANWAR,,1.0,,,,35.0,,,,35.0,,
Rajasthan,Rajasthan,2025,STATE_MERIT,General Medicine,RISHIPAL,,1.0,,,,3690.0,,,,3690.0,,
Rajasthan,Rajasthan,2025,STATE_MERIT,General Medicine,ROHITASHWA GODARA,,1.0,,,,103.0,,,,103.0,,
Rajasthan,Rajasthan,2025,STATE_MERIT,General Medicine,ROOPA RAM,,2.0,,,,102.0,,,,58.0,,
Rajasthan,Rajasthan,2025,STATE_MERIT,General Medicine,S K NAGRANI,,1.0,,,,3390.0,,,,3390.0,,
Rajasthan,Rajasthan,2025,STATE_MERIT,General Medicine,SANJAY KHAROLIWAL,,1.0,,,,2508.0,,,,2508.0,,
Rajasthan,Rajasthan,2025,STATE_MERIT,General Medicine,SANJAY MATHUR,,1.0,,,,3477.0,,,,3477.0,,
Rajasthan,Rajasthan,2025,STATE_MERIT,General Medicine,SANJAY TAYAL,,1.0,,,,1841.0,,,,1841.0,,
Rajasthan,Rajasthan,2025,STATE_MERIT,General Medicine,SANJEEV,,1.0,,,,2033.0,,,,2033.0,,
Rajasthan,Rajasthan,2025,STATE_MERIT,General Medicine,SANWAR MAL JANGIR,,1.0,,,,56.0,,,,56.0,,
Rajasthan,Rajasthan,2025,STATE_MERIT,General Medicine,SANWAR MAL PAREEK,,1.0,,,,123.0,,,,123.0,,
Rajasthan,Rajasthan,2025,STATE_MERIT,General Medicine,SATBEER SINGH,,1.0,,,,70.0,,,,70.0,,
Rajasthan,Rajasthan,2025,STATE_MERIT,General Medicine,SATISH KUMAR,,1.0,,,,3719.0,,,,3719.0,,
Rajasthan,Rajasthan,2025,STATE_MERIT,General Medicine,SHAMBHU DAYAL SHARMA,,1.0,,,,218.0,,,,218.0,,
Rajasthan,Rajasthan,2025,STATE_MERIT,General Medicine,SHIV DAYAL SAINI,,1.0,,,,112.0,,,,112.0,,
Rajasthan,Rajasthan,2025,STATE_MERIT,General Medicine,SHIV KUMAR MAURYA,,1.0,,,,724.0,,,,724.0,,
Rajasthan,Rajasthan,2025,STATE_MERIT,General Medicine,SHIV RAM CHOUDHARY,,1.0,,,,16.0,,,,16.0,,
Rajasthan,Rajasthan,2025,STATE_MERIT,General Medicine,SHIVSHANKAR SHARMA,,1.0,,,,72.0,,,,72.0,,
Rajasthan,Rajasthan,2025,STATE_MERIT,General Medicine,SITA RAM SAINI,,1.0,,,,34.0,,,,34.0,,
Rajasthan,Rajasthan,2025,STATE_MERIT,General Medicine,SOHAN LAL MEENA,,1.0,,,,272.0,,,,272.0,,
Rajasthan,Rajasthan,2025,STATE_MERIT,General Medicine,SOHANLAL JAT,,1.0,,,,3825.0,,,,3825.0,,
Rajasthan,Rajasthan,2025,STATE_MERIT,General Medicine,SONPAL,,1.0,,,,600.0,,,,600.0,,
Rajasthan,Rajasthan,2025,STATE_MERIT,General Medicine,SUBHASH CHANDRA AGRAWAL,,1.0,,,,77.0,,,,77.0,,
Rajasthan,Rajasthan,2025,STATE_MERIT,General Medicine,SUNIL DAWAR,,1.0,,,,3125.0,,,,3125.0,,
Rajasthan,Rajasthan,2025,STATE_MERIT,General Medicine,SUNIL KUMAR JAIN,,1.0,,,,219.0,,,,219.0,,
Rajasthan,Rajasthan,2025,STATE_MERIT,General Medicine,SURENDER KUMAR,,1.0,,,,3720.0,,,,3720.0,,
Rajasthan,Rajasthan,2025,STATE_MERIT,General Medicine,SURENDRA DUDI,,1.0,,,,198.0,,,,198.0,,
Rajasthan,Rajasthan,2025,STATE_MERIT,General Medicine,SUSHEEL KUMAR UPADHYAYA,,1.0,,,,44.0,,,,44.0,,
Rajasthan,Rajasthan,2025,STATE_MERIT,General Medicine,SUSHIL KUMAR,,1.0,,,,2460.0,,,,2460.0,,
Rajasthan,Rajasthan,2025,STATE_MERIT,General Medicine,SUSHIL KUMAR SHARMA,,1.0,,,,2514.0,,,,2514.0,,
Rajasthan,Rajasthan,2025,STATE_MERIT,General Medicine,TARA CHAND SHASTRI,,1.0,,,,167.0,,,,167.0,,
Rajasthan,Rajasthan,2025,STATE_MERIT,General Medicine,UDHAY SHANKAR,,1.0,,,,2046.0,,,,2046.0,,
Rajasthan,Rajasthan,2025,STATE_MERIT,General Medicine,VANABHAI MANABHAI RAJPUT,,1.0,,,,2019.0,,,,2019.0,,
Rajasthan,Rajasthan,2025,STATE_MERIT,General Medicine,VED PRAKASH,,1.0,,,,120.0,,,,120.0,,
Rajasthan,Rajasthan,2025,STATE_MERIT,General Medicine,VIJAY SHARMA,,1.0,,,,3226.0,,,,3226.0,,
Rajasthan,Rajasthan,2025,STATE_MERIT,General Medicine,VIJAYKUMAR MANIBHAI PATEL,,1.0,,,,1754.0,,,,1754.0,,
Rajasthan,Rajasthan,2025,STATE_MERIT,General Medicine,VIMAL KUMAR AGRAWAL,,1.0,,,,165.0,,,,165.0,,
Rajasthan,Rajasthan,2025,STATE_MERIT,General Medicine,VINOD KUMAR SARSWAT,,1.0,,,,61.0,,,,61.0,,
Rajasthan,Rajasthan,2025,STATE_MERIT,General Medicine,VIRENDER,,1.0,,,,2745.0,,,,2745.0,,
Rajasthan,Rajasthan,2025,STATE_MERIT,General Medicine,VISHNU SHARMA,,1.0,,,,124.0,,,,124.0,,
Rajasthan,Rajasthan,2025,STATE_MERIT,General Surgery,AJIT SINGH,,1.0,,,,166.0,,,,166.0,,
Rajasthan,Rajasthan,2025,STATE_MERIT,General Surgery,AJITPAL SINGH,,1.0,,,,340.0,,,,340.0,,
Rajasthan,Rajasthan,2025,STATE_MERIT,General Surgery,ALPESHBHAI,,1.0,,,,2411.0,,,,2411.0,,
Rajasthan,Rajasthan,2025,STATE_MERIT,General Surgery,ASHOK KUMAR SHARMA,,1.0,,,,2441.0,,,,2441.0,,
Rajasthan,Rajasthan,2025,STATE_MERIT,General Surgery,ASHURAM SUTHAR,,1.0,,,,647.0,,,,647.0,,
Rajasthan,Rajasthan,2025,STATE_MERIT,General Surgery,ASLAM CHOWDHARY,,1.0,,,,3782.0,,,,3782.0,,
Rajasthan,Rajasthan,2025,STATE_MERIT,General Surgery,BANWARI LAL BAGRI,,1.0,,,,2117.0,,,,2117.0,,
Rajasthan,Rajasthan,2025,STATE_MERIT,General Surgery,BHARATBHAI,,1.0,,,,2979.0,,,,2979.0,,
Rajasthan,Rajasthan,2025,STATE_MERIT,General Surgery,BHUPENDRAKUMAR BABULAL RAVAL,,1.0,,,,3298.0,,,,3298.0,,
Rajasthan,Rajasthan,2025,STATE_MERIT,General Surgery,BIRBAL RAM,,1.0,,,,1431.0,,,,1431.0,,
Rajasthan,Rajasthan,2025,STATE_MERIT,General Surgery,CHAUDHARI GOVABHAI LAVJIBHAI,,1.0,,,,3178.0,,,,3178.0,,
Rajasthan,Rajasthan,2025,STATE_MERIT,General Surgery,CHETAN SINGH,,1.0,,,,656.0,,,,656.0,,
Rajasthan,Rajasthan,2025,STATE_MERIT,General Surgery,DAMODAR SHARMA,,1.0,,,,424.0,,,,424.0,,
Rajasthan,Rajasthan,2025,STATE_MERIT,General Surgery,DEEPAK BUGALIA,,1.0,,,,413.0,,,,413.0,,
Rajasthan,Rajasthan,2025,STATE_MERIT,General Surgery,DILEEP SINGH,,1.0,,,,3160.0,,,,3160.0,,
Rajasthan,Rajasthan,2025,STATE_MERIT,General Surgery,DILIP KUMAR VYAS,,1.0,,,,3645.0,,,,3645.0,,
Rajasthan,Rajasthan,2025,STATE_MERIT,General Surgery,DINESH CHANDRA GUPTA,,1.0,,,,469.0,,,,469.0,,
Rajasthan,Rajasthan,2025,STATE_MERIT,General Surgery,DINESH KUMAR,,1.0,,,,1339.0,,,,1339.0,,
Rajasthan,Rajasthan,2025,STATE_MERIT,General Surgery,DINESH KUMAR AGRAWAL,,1.0,,,,235.0,,,,235.0,,
Rajasthan,Rajasthan,2025,STATE_MERIT,General Surgery,DINESH PANKAJ,,1.0,,,,3497.0,,,,3497.0,,
Rajasthan,Rajasthan,2025,STATE_MERIT,General Surgery,GAHILOT PADAMAKAR DIGAMBARRAO,,1.0,,,,3110.0,,,,3110.0,,
Rajasthan,Rajasthan,2025,STATE_MERIT,General Surgery,GAUTAM LAL KHARADI,,1.0,,,,2577.0,,,,2577.0,,
Rajasthan,Rajasthan,2025,STATE_MERIT,General Surgery,GIRJASHANKAR NAGAR,,1.0,,,,629.0,,,,629.0,,
Rajasthan,Rajasthan,2025,STATE_MERIT,General Surgery,GOPAL KRISHAN TAK,,1.0,,,,448.0,,,,448.0,,
Rajasthan,Rajasthan,2025,STATE_MERIT,General Surgery,GORDHAN DAS ACHARYA,,1.0,,,,443.0,,,,443.0,,
Rajasthan,Rajasthan,2025,STATE_MERIT,General Surgery,GYAN SINGH,,1.0,,,,3009.0,,,,3009.0,,
Rajasthan,Rajasthan,2025,STATE_MERIT,General Surgery,HANUMAN CHOUDHARY,,1.0,,,,598.0,,,,598.0,,
Rajasthan,Rajasthan,2025,STATE_MERIT,General Surgery,HANUMAN RAM BISHNOI,,1.0,,,,882.0,,,,882.0,,
Rajasthan,Rajasthan,2025,STATE_MERIT,General Surgery,HANUMAN SHAY MEENA,,1.0,,,,1496.0,,,,1496.0,,
Rajasthan,Rajasthan,2025,STATE_MERIT,General Surgery,HARCHAND VISHNOI,,1.0,,,,699.0,,,,699.0,,
Rajasthan,Rajasthan,2025,STATE_MERIT,General Surgery,HARESH DAVE,,1.0,,,,345.0,,,,345.0,,
Rajasthan,Rajasthan,2025,STATE_MERIT,General Surgery,HARI MOHAN MEHTA,,1.0,,,,713.0,,,,713.0,,
Rajasthan,Rajasthan,2025,STATE_MERIT,General Surgery,HARIKISHAN MATWA,,1.0,,,,594.0,,,,594.0,,
Rajasthan,Rajasthan,2025,STATE_MERIT,General Surgery,HARIMOHAN SHARMA,,1.0,,,,493.0,,,,493.0,,
Rajasthan,Rajasthan,2025,STATE_MERIT,General Surgery,HAVA GORNA,,1.0,,,,2628.0,,,,2628.0,,
Rajasthan,Rajasthan,2025,STATE_MERIT,General Surgery,HAVJEE KHADIYA,,1.0,,,,2497.0,,,,2497.0,,
Rajasthan,Rajasthan,2025,STATE_MERIT,General Surgery,HEERA LAL KALAL,,1.0,,,,907.0,,,,907.0,,
Rajasthan,Rajasthan,2025,STATE_MERIT,General Surgery,HEMANT KUMAR CHULET,,1.0,,,,576.0,,,,576.0,,
Rajasthan,Rajasthan,2025,STATE_MERIT,General Surgery,HERMA NARESHBHAI VALLABHBHAI,,1.0,,,,3387.0,,,,3387.0,,
Rajasthan,Rajasthan,2025,STATE_MERIT,General Surgery,HETRAM,,1.0,,,,803.0,,,,803.0,,
Rajasthan,Rajasthan,2025,STATE_MERIT,General Surgery,JAIPRAKASH MAHESHWARI,,1.0,,,,118.0,,,,118.0,,
Rajasthan,Rajasthan,2025,STATE_MERIT,General Surgery,JAMEEL KAZMI,,1.0,,,,951.0,,,,951.0,,
Rajasthan,Rajasthan,2025,STATE_MERIT,General Surgery,JAVRI LAL,,1.0,,,,299.0,,,,299.0,,
Rajasthan,Rajasthan,2025,STATE_MERIT,General Surgery,KAMAL SINGH,,1.0,,,,691.0,,,,691.0,,
Rajasthan,Rajasthan,2025,STATE_MERIT,General Surgery,KHUSHI RAM KHATRI,,1.0,,,,409.0,,,,409.0,,
Rajasthan,Rajasthan,2025,STATE_MERIT,General Surgery,KIRITBHAI SHANKARBHAI CHAUDHARY,,1.0,,,,3520.0,,,,3520.0,,
Rajasthan,Rajasthan,2025,STATE_MERIT,General Surgery,KRISHAN GOPAL TOTLA,,1.0,,,,682.0,,,,682.0,,
Rajasthan,Rajasthan,2025,STATE_MERIT,General Surgery,LADU GURJAR,,1.0,,,,2683.0,,,,2683.0,,
Rajasthan,Rajasthan,2025,STATE_MERIT,General Surgery,LEKHRAJ,,1.0,,,,3103.0,,,,3103.0,,
Rajasthan,Rajasthan,2025,STATE_MERIT,General Surgery,LILADHAR SHARMA,,1.0,,,,367.0,,,,367.0,,
Rajasthan,Rajasthan,2025,STATE_MERIT,General Surgery,MADAN LAL BAIRWA,,1.0,,,,1504.0,,,,1504.0,,
Rajasthan,Rajasthan,2025,STATE_MERIT,General Surgery,MAHAVEER SAHARAN,,1.0,,,,704.0,,,,704.0,,
Rajasthan,Rajasthan,2025,STATE_MERIT,General Surgery,MAHENDRA CHAUDHARY,,1.0,,,,2712.0,,,,2712.0,,
Rajasthan,Rajasthan,2025,STATE_MERIT,General Surgery,MAHESH KUMAR GUPTA,,1.0,,,,840.0,,,,840.0,,
Rajasthan,Rajasthan,2025,STATE_MERIT,General Surgery,MANOJ KUMAR AGRAWAL,,1.0,,,,236.0,,,,236.0,,
Rajasthan,Rajasthan,2025,STATE_MERIT,General Surgery,MANOJ KUMAR MAHESHWARI,,1.0,,,,922.0,,,,922.0,,
Rajasthan,Rajasthan,2025,STATE_MERIT,General Surgery,MANSINGH GEHLOT,,1.0,,,,344.0,,,,344.0,,
Rajasthan,Rajasthan,2025,STATE_MERIT,General Surgery,MUKESH GAUR,,1.0,,,,546.0,,,,546.0,,
Rajasthan,Rajasthan,2025,STATE_MERIT,General Surgery,MUKESH KUMAR,,1.0,,,,430.0,,,,430.0,,
Rajasthan,Rajasthan,2025,STATE_MERIT,General Surgery,N C POONIA,,1.0,,,,3308.0,,,,3308.0,,
Rajasthan,Rajasthan,2025,STATE_MERIT,General Surgery,NARENDRA KUMAR GUPTA,,1.0,,,,577.0,,,,577.0,,
Rajasthan,Rajasthan,2025,STATE_MERIT,General Surgery,NARESH BANSAL,,1.0,,,,748.0,,,,748.0,,
Rajasthan,Rajasthan,2025,STATE_MERIT,General Surgery,NAVINBHAI CHAUDHARY,,1.0,,,,3260.0,,,,3260.0,,
Rajasthan,Rajasthan,2025,STATE_MERIT,General Surgery,NEERAJ VYAS,,1.0,,,,371.0,,,,371.0,,
Rajasthan,Rajasthan,2025,STATE_MERIT,General Surgery,OMPRAKASH SHARMA,,1.0,,,,692.0,,,,692.0,,
Rajasthan,Rajasthan,2025,STATE_MERIT,General Surgery,PANKAJKUMAR,,1.0,,,,3689.0,,,,3689.0,,
Rajasthan,Rajasthan,2025,STATE_MERIT,General Surgery,PARESHBHAI J. PATEL,,1.0,,,,3087.0,,,,3087.0,,
Rajasthan,Rajasthan,2025,STATE_MERIT,General Surgery,PATEL NAESIBHAI RUPAJI,,1.0,,,,2890.0,,,,2890.0,,
Rajasthan,Rajasthan,2025,STATE_MERIT,General Surgery,PAWAN BANSAL,,1.0,,,,645.0,,,,645.0,,
Rajasthan,Rajasthan,2025,STATE_MERIT,General Surgery,PRADEEP KUMAR AGARWAL,,1.0,,,,3427.0,,,,3427.0,,
Rajasthan,Rajasthan,2025,STATE_MERIT,General Surgery,PRAMOD ALAGHARU,,1.0,,,,3128.0,,,,3128.0,,
Rajasthan,Rajasthan,2025,STATE_MERIT,General Surgery,PUSHPADATTA VYAS,,1.0,,,,2793.0,,,,2793.0,,
Rajasthan,Rajasthan,2025,STATE_MERIT,General Surgery,RAJEEV GUPTA,,1.0,,,,2461.0,,,,2461.0,,
Rajasthan,Rajasthan,2025,STATE_MERIT,General Surgery,RAJEEV VAID,,1.0,,,,3140.0,,,,3140.0,,
Rajasthan,Rajasthan,2025,STATE_MERIT,General Surgery,RAJENDRA BAMANIA,,1.0,,,,2034.0,,,,2034.0,,
Rajasthan,Rajasthan,2025,STATE_MERIT,General Surgery,RAJENDRA KUMAR SHARMA,,1.0,,,,578.0,,,,578.0,,
Rajasthan,Rajasthan,2025,STATE_MERIT,General Surgery,RAJENDRA PRASAD DHAKED,,1.0,,,,608.0,,,,608.0,,
Rajasthan,Rajasthan,2025,STATE_MERIT,General Surgery,RAJENDRABHAI R PATEL,,1.0,,,,3277.0,,,,3277.0,,
Rajasthan,Rajasthan,2025,STATE_MERIT,General Surgery,RAJESH BINDAL,,1.0,,,,3514.0,,,,3514.0,,
Rajasthan,Rajasthan,2025,STATE_MERIT,General Surgery,RAJESH KUMAR DEVATWAL,,1.0,,,,1172.0,,,,1172.0,,
Rajasthan,Rajasthan,2025,STATE_MERIT,General Surgery,RAJESH KUMAR DUBEY,,1.0,,,,3526.0,,,,3526.0,,
Rajasthan,Rajasthan,2025,STATE_MERIT,General Surgery,RAJESH NATANI,,1.0,,,,707.0,,,,707.0,,
Rajasthan,Rajasthan,2025,STATE_MERIT,General Surgery,RAJESH RATHORE,,1.0,,,,503.0,,,,503.0,,
Rajasthan,Rajasthan,2025,STATE_MERIT,General Surgery,RAJESH TRIVEDI,,1.0,,,,3339.0,,,,3339.0,,
Rajasthan,Rajasthan,2025,STATE_MERIT,General Surgery,RAKESH KASWAN,,1.0,,,,2870.0,,,,2870.0,,
Rajasthan,Rajasthan,2025,STATE_MERIT,General Surgery,RAMBHAI BHIMBHAI PANCHALIYA,,1.0,,,,3785.0,,,,3785.0,,
Rajasthan,Rajasthan,2025,STATE_MERIT,General Surgery,RAMCHANDRA LEGHA,,1.0,,,,698.0,,,,698.0,,
Rajasthan,Rajasthan,2025,STATE_MERIT,General Surgery,RAMKESH MEENA,,1.0,,,,1715.0,,,,1715.0,,
Rajasthan,Rajasthan,2025,STATE_MERIT,General Surgery,RAMPRASAD YADAV,,1.0,,,,3152.0,,,,3152.0,,
Rajasthan,Rajasthan,2025,STATE_MERIT,General Surgery,RAMSWAROOP SAHU,,1.0,,,,3823.0,,,,3823.0,,
Rajasthan,Rajasthan,2025,STATE_MERIT,General Surgery,RANVEER SINGH CHOUDHARY,,1.0,,,,341.0,,,,341.0,,
Rajasthan,Rajasthan,2025,STATE_MERIT,General Surgery,RAVI DHARAMWANI,,1.0,,,,277.0,,,,277.0,,
Rajasthan,Rajasthan,2025,STATE_MERIT,General Surgery,RAVI DUTT YADAV,,1.0,,,,1680.0,,,,1680.0,,
Rajasthan,Rajasthan,2025,STATE_MERIT,General Surgery,RISHI MOHAN YADAV,,1.0,,,,563.0,,,,563.0,,
Rajasthan,Rajasthan,2025,STATE_MERIT,General Surgery,SACHENDRA KUMAR SHRIVASTAVA,,1.0,,,,596.0,,,,596.0,,
Rajasthan,Rajasthan,2025,STATE_MERIT,General Surgery,SAJJAN SINGH,,1.0,,,,373.0,,,,373.0,,
Rajasthan,Rajasthan,2025,STATE_MERIT,General Surgery,SAMARAM CHOUDHARY,,1.0,,,,722.0,,,,722.0,,
Rajasthan,Rajasthan,2025,STATE_MERIT,General Surgery,SANJAY KUMAR AGARWAL,,1.0,,,,402.0,,,,402.0,,
Rajasthan,Rajasthan,2025,STATE_MERIT,General Surgery,SATISH KUMAR,,1.0,,,,3129.0,,,,3129.0,,
Rajasthan,Rajasthan,2025,STATE_MERIT,General Surgery,SATISH RAJPUROHIT,,1.0,,,,634.0,,,,634.0,,
Rajasthan,Rajasthan,2025,STATE_MERIT,General Surgery,SHANKAR SINGH GAUR,,1.0,,,,607.0,,,,607.0,,
Rajasthan,Rajasthan,2025,STATE_MERIT,General Surgery,SHER SINGH YADAV,,1.0,,,,2212.0,,,,2212.0,,
Rajasthan,Rajasthan,2025,STATE_MERIT,General Surgery,SHRIGOPAL JANGID,,1.0,,,,562.0,,,,562.0,,
Rajasthan,Rajasthan,2025,STATE_MERIT,General Surgery,SHYOJI RAM SAMOTA,,1.0,,,,3736.0,,,,3736.0,,
Rajasthan,Rajasthan,2025,STATE_MERIT,General Surgery,SITA RAM YADAV,,1.0,,,,603.0,,,,603.0,,
Rajasthan,Rajasthan,2025,STATE_MERIT,General Surgery,SUBHASH BENIWAL,,1.0,,,,3070.0,,,,3070.0,,
Rajasthan,Rajasthan,2025,STATE_MERIT,General Surgery,SUBHASH PRAJAPAT,,1.0,,,,587.0,,,,587.0,,
Rajasthan,Rajasthan,2025,STATE_MERIT,General Surgery,SUDARSHAN SINGH,,1.0,,,,1853.0,,,,1853.0,,
Rajasthan,Rajasthan,2025,STATE_MERIT,General Surgery,SUKHDEV SINGH,,1.0,,,,3478.0,,,,3478.0,,
Rajasthan,Rajasthan,2025,STATE_MERIT,General Surgery,SUNIL KUMAR MITTAL,,1.0,,,,432.0,,,,432.0,,
Rajasthan,Rajasthan,2025,STATE_MERIT,General Surgery,SUNIL SHARMA,,1.0,,,,463.0,,,,463.0,,
Rajasthan,Rajasthan,2025,STATE_MERIT,General Surgery,SURESH KUMAR,,1.0,,,,1503.0,,,,1503.0,,
Rajasthan,Rajasthan,2025,STATE_MERIT,General Surgery,SUSHIL GARG,,1.0,,,,420.0,,,,420.0,,
Rajasthan,Rajasthan,2025,STATE_MERIT,General Surgery,VIJAY KUMAR JOSHI,,1.0,,,,2782.0,,,,2782.0,,
Rajasthan,Rajasthan,2025,STATE_MERIT,General Surgery,VIJAYBHAI OGHADBHAI BARAD,,1.0,,,,3517.0,,,,3517.0,,
Rajasthan,Rajasthan,2025,STATE_MERIT,General Surgery,VIJAYPAL CHOUDHARY,,1.0,,,,857.0,,,,857.0,,
Rajasthan,Rajasthan,2025,STATE_MERIT,General Surgery,VINOD KUMAR,,2.0,,,,1337.0,,,,496.0,,
Rajasthan,Rajasthan,2025,STATE_MERIT,General Surgery,VIRENDRA KUMAR SHARMA,,1.0,,,,717.0,,,,717.0,,
Rajasthan,Rajasthan,2025,STATE_MERIT,General Surgery,VIVEK KATIYAR,,1.0,,,,3828.0,,,,3828.0,,
Rajasthan,Rajasthan,2025,STATE_MERIT,Geriatric Medicine,MAHENDRA KUMAR JEENGAR,,1.0,,,,1145.0,,,,1145.0,,
Rajasthan,Rajasthan,2025,STATE_MERIT,Geriatric Medicine,NARAYAN LAL CHOUDHARY,,1.0,,,,178.0,,,,178.0,,
Rajasthan,Rajasthan,2025,STATE_MERIT,Government Hospital Alwar,Post MBBS Diploma (Anesthesia),1.0,,,,2341.0,,,,2341.0,,,
Rajasthan,Rajasthan,2025,STATE_MERIT,Government Hospital Alwar,Post MBBS Diploma (Family Medicine),3.0,,,,3216.0,,,,2089.0,,,
Rajasthan,Rajasthan,2025,STATE_MERIT,Government Hospital Alwar,Post MBBS Diploma (Ophthalmology),1.0,,,,2544.0,,,,2544.0,,,
Rajasthan,Rajasthan,2025,STATE_MERIT,Government Hospital Alwar,Post MBBS Diploma (Paediatrics),2.0,,,,1387.0,,,,1087.0,,,
Rajasthan,Rajasthan,2025,STATE_MERIT,Govt District Hospital Kekri Ajmer,Post MBBS Diploma (Paediatrics),1.0,,,,2427.0,,,,2427.0,,,
Rajasthan,Rajasthan,2025,STATE_MERIT,Govt RDBP Jaipuria Hospital Jaipur,Post MBBS DNB (Emergency Medicine),2.0,,,,666.0,,,,561.0,,,
Rajasthan,Rajasthan,2025,STATE_MERIT,Govt RDBP Jaipuria Hospital Jaipur,Post MBBS DNB (Family Medicine),1.0,,,,1830.0,,,,1830.0,,,
Rajasthan,Rajasthan,2025,STATE_MERIT,"Govt. DB General District Hospital, Churu",Post MBBS Diploma (Obs & Gyne),2.0,,,,975.0,,,,897.0,,,
Rajasthan,Rajasthan,2025,STATE_MERIT,"Govt. DB General District Hospital, Churu",Post MBBS Diploma (Paediatrics),2.0,,,,1241.0,,,,657.0,,,
Rajasthan,Rajasthan,2025,STATE_MERIT,"Govt. DB General District Hospital, Churu",Post MBBS Diploma (Radio-diagnosis),1.0,,,,62.0,,,,62.0,,,
Rajasthan,Rajasthan,2025,STATE_MERIT,"Govt. DB General District Hospital, Churu",Post MBBS Diploma (TB & Chest),2.0,,,,1253.0,,,,1232.0,,,
Rajasthan,Rajasthan,2025,STATE_MERIT,"Govt. Medical College, Kota",MD (Anaesthesia),11.0,,,,1892.0,,,,682.0,,,
Rajasthan,Rajasthan,2025,STATE_MERIT,"Govt. Medical College, Kota",MD (Biochemistry),3.0,,,,3230.0,,,,2519.0,,,
Rajasthan,Rajasthan,2025,STATE_MERIT,"Govt. Medical College, Kota",MD (Forensic Medicine),2.0,,,,3274.0,,,,2918.0,,,
Rajasthan,Rajasthan,2025,STATE_MERIT,"Govt. Medical College, Kota",MD (General Medicine),12.0,,,,1010.0,,,,59.0,,,
Rajasthan,Rajasthan,2025,STATE_MERIT,"Govt. Medical College, Kota",MD (Immunohaematology and Blood Transfusion),2.0,,,,3026.0,,,,1711.0,,,
Rajasthan,Rajasthan,2025,STATE_MERIT,"Govt. Medical College, Kota",MD (Microbiology),3.0,,,,2550.0,,,,2334.0,,,
Rajasthan,Rajasthan,2025,STATE_MERIT,"Govt. Medical College, Kota",MD (PSM/Community Medicine),2.0,,,,2516.0,,,,1722.0,,,
Rajasthan,Rajasthan,2025,STATE_MERIT,"Govt. Medical College, Kota",MD (Paediatrics),8.0,,,,1470.0,,,,244.0,,,
Rajasthan,Rajasthan,2025,STATE_MERIT,"Govt. Medical College, Kota",MD (Pathology),7.0,,,,3117.0,,,,1244.0,,,
Rajasthan,Rajasthan,2025,STATE_MERIT,"Govt. Medical College, Kota",MD (Physiology),1.0,,,,3645.0,,,,3645.0,,,
Rajasthan,Rajasthan,2025,STATE_MERIT,"Govt. Medical College, Kota",MD (Psychiatry),2.0,,,,286.0,,,,171.0,,,
Rajasthan,Rajasthan,2025,STATE_MERIT,"Govt. Medical College, Kota",MD (Radiodiagnosis/Radiology),3.0,,,,135.0,,,,21.0,,,
Rajasthan,Rajasthan,2025,STATE_MERIT,"Govt. Medical College, Kota",MD (Radiotherapy/Radiationoncology),2.0,,,,2647.0,,,,692.0,,,
Rajasthan,Rajasthan,2025,STATE_MERIT,"Govt. Medical College, Kota",MD (Respiratory Medicine/T.B. & Chest/Tuberculosis & Respiratory Diseases),3.0,,,,1983.0,,,,424.0,,,
Rajasthan,Rajasthan,2025,STATE_MERIT,"Govt. Medical College, Kota",MD (Skin & V.D / Dermatology Ven. & Leprosy),3.0,,,,524.0,,,,49.0,,,
Rajasthan,Rajasthan,2025,STATE_MERIT,"Govt. Medical College, Kota",MS (ENT),3.0,,,,606.0,,,,469.0,,,
Rajasthan,Rajasthan,2025,STATE_MERIT,"Govt. Medical College, Kota",MS (General Surgery),8.0,,,,2518.0,,,,516.0,,,
Rajasthan,Rajasthan,2025,STATE_MERIT,"Govt. Medical College, Kota",MS (Obst. & Gynaecology),10.0,,,,2390.0,,,,383.0,,,
Rajasthan,Rajasthan,2025,STATE_MERIT,"Govt. Medical College, Kota",MS (Ophthalmology),2.0,,,,612.0,,,,599.0,,,
Rajasthan,Rajasthan,2025,STATE_MERIT,"Govt. Medical College, Kota",MS (Orthopaedics),6.0,,,,1996.0,,,,396.0,,,
Rajasthan,Rajasthan,2025,STATE_MERIT,Hospital Administration,RAJENDER,,1.0,,,,3246.0,,,,3246.0,,
Rajasthan,Rajasthan,2025,STATE_MERIT,Hospital Administration,ROHITASHV YADAV,,1.0,,,,3564.0,,,,3564.0,,
Rajasthan,Rajasthan,2025,STATE_MERIT,Immunohaematology and Blood Transfusion,AMRIT LAL ROAT,,1.0,,,,3224.0,,,,3224.0,,
Rajasthan,Rajasthan,2025,STATE_MERIT,Immunohaematology and Blood Transfusion,ASHOK CHAND,,1.0,,,,2682.0,,,,2682.0,,
Rajasthan,Rajasthan,2025,STATE_MERIT,Immunohaematology and Blood Transfusion,CHETAN AGRAWAL,,1.0,,,,2281.0,,,,2281.0,,
Rajasthan,Rajasthan,2025,STATE_MERIT,Immunohaematology and Blood Transfusion,D R GADHVEER,,1.0,,,,2393.0,,,,2393.0,,
Rajasthan,Rajasthan,2025,STATE_MERIT,Immunohaematology and Blood Transfusion,HARI BALLABH GUPTA,,1.0,,,,1744.0,,,,1744.0,,
Rajasthan,Rajasthan,2025,STATE_MERIT,Immunohaematology and Blood Transfusion,JAI PARKESH,,1.0,,,,1775.0,,,,1775.0,,
Rajasthan,Rajasthan,2025,STATE_MERIT,Immunohaematology and Blood Transfusion,KAILASH CHAND MEENA,,1.0,,,,3109.0,,,,3109.0,,
Rajasthan,Rajasthan,2025,STATE_MERIT,Immunohaematology and Blood Transfusion,KAJOD MAL YADAV,,1.0,,,,1408.0,,,,1408.0,,
Rajasthan,Rajasthan,2025,STATE_MERIT,Immunohaematology and Blood Transfusion,KRISHAN KUMAR YADAV,,1.0,,,,1275.0,,,,1275.0,,
Rajasthan,Rajasthan,2025,STATE_MERIT,Immunohaematology and Blood Transfusion,MUKESH CHAND GUPTA,,1.0,,,,1320.0,,,,1320.0,,
Rajasthan,Rajasthan,2025,STATE_MERIT,Immunohaematology and Blood Transfusion,PARESH SAXENA,,1.0,,,,3381.0,,,,3381.0,,
Rajasthan,Rajasthan,2025,STATE_MERIT,Immunohaematology and Blood Transfusion,POONAM CHAND PATIDAR,,1.0,,,,1759.0,,,,1759.0,,
Rajasthan,Rajasthan,2025,STATE_MERIT,Immunohaematology and Blood Transfusion,RAM KARAN,,1.0,,,,1822.0,,,,1822.0,,
Rajasthan,Rajasthan,2025,STATE_MERIT,Immunohaematology and Blood Transfusion,RAMESH CHANDRA JANGID,,1.0,,,,1700.0,,,,1700.0,,
Rajasthan,Rajasthan,2025,STATE_MERIT,Immunohaematology and Blood Transfusion,SHRIBHAN SINGH,,1.0,,,,2937.0,,,,2937.0,,
Rajasthan,Rajasthan,2025,STATE_MERIT,Immunohaematology and Blood Transfusion,TARA SINGH,,1.0,,,,2956.0,,,,2956.0,,
Rajasthan,Rajasthan,2025,STATE_MERIT,JLN MC Ajmer,MD (Anaesthesia),10.0,,,,2785.0,,,,949.0,,,
Rajasthan,Rajasthan,2025,STATE_MERIT,JLN MC Ajmer,MD (Biochemistry),3.0,,,,3611.0,,,,3290.0,,,
Rajasthan,Rajasthan,2025,STATE_MERIT,JLN MC Ajmer,MD (Emergency Medicine),3.0,,,,1683.0,,,,1157.0,,,
Rajasthan,Rajasthan,2025,STATE_MERIT,JLN MC Ajmer,MD (Forensic Medicine),3.0,,,,3583.0,,,,1639.0,,,
Rajasthan,Rajasthan,2025,STATE_MERIT,JLN MC Ajmer,MD (General Medicine),12.0,,,,3581.0,,,,74.0,,,
Rajasthan,Rajasthan,2025,STATE_MERIT,JLN MC Ajmer,MD (Immunohaematology and Blood Transfusion),2.0,,,,3139.0,,,,2230.0,,,
Rajasthan,Rajasthan,2025,STATE_MERIT,JLN MC Ajmer,MD (Microbiology),3.0,,,,3465.0,,,,2467.0,,,
Rajasthan,Rajasthan,2025,STATE_MERIT,JLN MC Ajmer,MD (PSM/Community Medicine),3.0,,,,3412.0,,,,1781.0,,,
Rajasthan,Rajasthan,2025,STATE_MERIT,JLN MC Ajmer,MD (Paediatrics),9.0,,,,1229.0,,,,180.0,,,
Rajasthan,Rajasthan,2025,STATE_MERIT,JLN MC Ajmer,MD (Palliative Medicine),2.0,,,,751.0,,,,729.0,,,
Rajasthan,Rajasthan,2025,STATE_MERIT,JLN MC Ajmer,MD (Pathology),9.0,,,,3070.0,,,,1385.0,,,
Rajasthan,Rajasthan,2025,STATE_MERIT,JLN MC Ajmer,MD (Pharmacology),4.0,,,,3372.0,,,,2203.0,,,
Rajasthan,Rajasthan,2025,STATE_MERIT,JLN MC Ajmer,MD (Psychiatry),2.0,,,,539.0,,,,535.0,,,
Rajasthan,Rajasthan,2025,STATE_MERIT,JLN MC Ajmer,MD (Radiodiagnosis/Radiology),5.0,,,,425.0,,,,20.0,,,
Rajasthan,Rajasthan,2025,STATE_MERIT,JLN MC Ajmer,MD (Radiotherapy/Radiationoncology),3.0,,,,2672.0,,,,698.0,,,
Rajasthan,Rajasthan,2025,STATE_MERIT,JLN MC Ajmer,MD (Respiratory Medicine/T.B. & Chest/Tuberculosis & Respiratory Diseases),5.0,,,,1749.0,,,,439.0,,,
Rajasthan,Rajasthan,2025,STATE_MERIT,JLN MC Ajmer,MD (Skin & V.D / Dermatology Ven. & Leprosy),1.0,,,,1719.0,,,,1719.0,,,
Rajasthan,Rajasthan,2025,STATE_MERIT,JLN MC Ajmer,MS (ENT),3.0,,,,650.0,,,,522.0,,,
Rajasthan,Rajasthan,2025,STATE_MERIT,JLN MC Ajmer,MS (General Surgery),11.0,,,,2439.0,,,,366.0,,,
Rajasthan,Rajasthan,2025,STATE_MERIT,JLN MC Ajmer,MS (Obst. & Gynaecology),11.0,,,,2418.0,,,,390.0,,,
Rajasthan,Rajasthan,2025,STATE_MERIT,JLN MC Ajmer,MS (Ophthalmology),5.0,,,,2110.0,,,,549.0,,,
Rajasthan,Rajasthan,2025,STATE_MERIT,JLN MC Ajmer,MS (Orthopaedics),6.0,,,,2070.0,,,,487.0,,,
Rajasthan,Rajasthan,2025,STATE_MERIT,Jhalawar Medical College Jhalawar,MD (Anaesthesia),2.0,,,,2946.0,,,,1092.0,,,
Rajasthan,Rajasthan,2025,STATE_MERIT,Jhalawar Medical College Jhalawar,MD (Biochemistry),1.0,,,,1895.0,,,,1895.0,,,
Rajasthan,Rajasthan,2025,STATE_MERIT,Jhalawar Medical College Jhalawar,MD (Forensic Medicine),2.0,,,,2757.0,,,,2468.0,,,
Rajasthan,Rajasthan,2025,STATE_MERIT,Jhalawar Medical College Jhalawar,MD (General Medicine),5.0,,,,749.0,,,,110.0,,,
Rajasthan,Rajasthan,2025,STATE_MERIT,Jhalawar Medical College Jhalawar,MD (Microbiology),2.0,,,,2433.0,,,,2084.0,,,
Rajasthan,Rajasthan,2025,STATE_MERIT,Jhalawar Medical College Jhalawar,MD (PSM/Community Medicine),3.0,,,,3565.0,,,,3020.0,,,
Rajasthan,Rajasthan,2025,STATE_MERIT,Jhalawar Medical College Jhalawar,MD (Paediatrics),4.0,,,,1063.0,,,,300.0,,,
Rajasthan,Rajasthan,2025,STATE_MERIT,Jhalawar Medical College Jhalawar,MD (Pathology),6.0,,,,3001.0,,,,1498.0,,,
Rajasthan,Rajasthan,2025,STATE_MERIT,Jhalawar Medical College Jhalawar,MS (ENT),2.0,,,,1784.0,,,,768.0,,,
Rajasthan,Rajasthan,2025,STATE_MERIT,Jhalawar Medical College Jhalawar,MS (General Surgery),4.0,,,,709.0,,,,652.0,,,
Rajasthan,Rajasthan,2025,STATE_MERIT,Jhalawar Medical College Jhalawar,MS (Obst. & Gynaecology),5.0,,,,1315.0,,,,472.0,,,
Rajasthan,Rajasthan,2025,STATE_MERIT,Jhalawar Medical College Jhalawar,MS (Orthopaedics),5.0,,,,683.0,,,,521.0,,,
Rajasthan,Rajasthan,2025,STATE_MERIT,MGH Bhilwara,Post MBBS Diploma (ENT),1.0,,,,2696.0,,,,2696.0,,,
Rajasthan,Rajasthan,2025,STATE_MERIT,MGH Bhilwara,Post MBBS Diploma (Obs & Gyne),3.0,,,,834.0,,,,760.0,,,
Rajasthan,Rajasthan,2025,STATE_MERIT,MGH Bhilwara,Post MBBS Diploma (Paediatrics),2.0,,,,2222.0,,,,473.0,,,
Rajasthan,Rajasthan,2025,STATE_MERIT,MGH Bhilwara,Post MBBS Diploma (TB & Chest),2.0,,,,1870.0,,,,1672.0,,,
Rajasthan,Rajasthan,2025,STATE_MERIT,"Mahatma Gandhi Medical College and Hospital, Jaipur",MD (Anaesthesia),32.0,,,,3535.0,,,,1576.0,,,
Rajasthan,Rajasthan,2025,STATE_MERIT,"Mahatma Gandhi Medical College and Hospital, Jaipur",MD (Biochemistry),1.0,,,,3422.0,,,,3422.0,,,
Rajasthan,Rajasthan,2025,STATE_MERIT,"Mahatma Gandhi Medical College and Hospital, Jaipur",MD (Emergency Medicine),5.0,,,,3596.0,,,,1641.0,,,
Rajasthan,Rajasthan,2025,STATE_MERIT,"Mahatma Gandhi Medical College and Hospital, Jaipur",MD (General Medicine),27.0,,,,2697.0,,,,1252.0,,,
Rajasthan,Rajasthan,2025,STATE_MERIT,"Mahatma Gandhi Medical College and Hospital, Jaipur",MD (Hospital Administration),2.0,,,,3461.0,,,,3160.0,,,
Rajasthan,Rajasthan,2025,STATE_MERIT,"Mahatma Gandhi Medical College and Hospital, Jaipur",MD (Nuclear Medicine),4.0,,,,1577.0,,,,919.0,,,
Rajasthan,Rajasthan,2025,STATE_MERIT,"Mahatma Gandhi Medical College and Hospital, Jaipur",MD (PSM/Community Medicine),2.0,,,,3567.0,,,,2939.0,,,
Rajasthan,Rajasthan,2025,STATE_MERIT,"Mahatma Gandhi Medical College and Hospital, Jaipur",MD (Paediatrics),13.0,,,,3533.0,,,,1927.0,,,
Rajasthan,Rajasthan,2025,STATE_MERIT,"Mahatma Gandhi Medical College and Hospital, Jaipur",MD (Palliative Medicine),2.0,,,,2282.0,,,,2280.0,,,
Rajasthan,Rajasthan,2025,STATE_MERIT,"Mahatma Gandhi Medical College and Hospital, Jaipur",MD (Pathology),12.0,,,,3696.0,,,,1630.0,,,
Rajasthan,Rajasthan,2025,STATE_MERIT,"Mahatma Gandhi Medical College and Hospital, Jaipur",MD (Pharmacology),2.0,,,,3310.0,,,,3228.0,,,
Rajasthan,Rajasthan,2025,STATE_MERIT,"Mahatma Gandhi Medical College and Hospital, Jaipur",MD (Phy. Med. & Reh.),2.0,,,,3685.0,,,,3459.0,,,
Rajasthan,Rajasthan,2025,STATE_MERIT,"Mahatma Gandhi Medical College and Hospital, Jaipur",MD (Psychiatry),4.0,,,,3347.0,,,,3009.0,,,
Rajasthan,Rajasthan,2025,STATE_MERIT,"Mahatma Gandhi Medical College and Hospital, Jaipur",MD (Radiodiagnosis/Radiology),19.0,,,,3677.0,,,,1086.0,,,
Rajasthan,Rajasthan,2025,STATE_MERIT,"Mahatma Gandhi Medical College and Hospital, Jaipur",MD (Radiotherapy/Radiationoncology),6.0,,,,2689.0,,,,1329.0,,,
Rajasthan,Rajasthan,2025,STATE_MERIT,"Mahatma Gandhi Medical College and Hospital, Jaipur",MD (Respiratory Medicine/T.B. & Chest/Tuberculosis & Respiratory Diseases),5.0,,,,3288.0,,,,1935.0,,,
Rajasthan,Rajasthan,2025,STATE_MERIT,"Mahatma Gandhi Medical College and Hospital, Jaipur",MD (Skin & V.D / Dermatology Ven. & Leprosy),8.0,,,,2342.0,,,,1344.0,,,
Rajasthan,Rajasthan,2025,STATE_MERIT,"Mahatma Gandhi Medical College and Hospital, Jaipur",MS (ENT),8.0,,,,3662.0,,,,1109.0,,,
Rajasthan,Rajasthan,2025,STATE_MERIT,"Mahatma Gandhi Medical College and Hospital, Jaipur",MS (General Surgery),15.0,,,,3564.0,,,,1818.0,,,
Rajasthan,Rajasthan,2025,STATE_MERIT,"Mahatma Gandhi Medical College and Hospital, Jaipur",MS (Obst. & Gynaecology),13.0,,,,3215.0,,,,1680.0,,,
Rajasthan,Rajasthan,2025,STATE_MERIT,"Mahatma Gandhi Medical College and Hospital, Jaipur",MS (Ophthalmology),4.0,,,,3560.0,,,,2249.0,,,
Rajasthan,Rajasthan,2025,STATE_MERIT,"Mahatma Gandhi Medical College and Hospital, Jaipur",MS (Orthopaedics),12.0,,,,3705.0,,,,1686.0,,,
Rajasthan,Rajasthan,2025,STATE_MERIT,"Mahatma Gandhi Medical College and Hospital, Jaipur",MS (Traumatology & Surgery),1.0,,,,3061.0,,,,3061.0,,,
Rajasthan,Rajasthan,2025,STATE_MERIT,Microbiology,AMARJEET SINGH,,1.0,,,,3143.0,,,,3143.0,,
Rajasthan,Rajasthan,2025,STATE_MERIT,Microbiology,AMITABH PANDIT,,1.0,,,,2111.0,,,,2111.0,,
Rajasthan,Rajasthan,2025,STATE_MERIT,Microbiology,ANIL KUMAR YADAV,,1.0,,,,2612.0,,,,2612.0,,
Rajasthan,Rajasthan,2025,STATE_MERIT,Microbiology,ASHISH KUMAR JAIN,,1.0,,,,2491.0,,,,2491.0,,
Rajasthan,Rajasthan,2025,STATE_MERIT,Microbiology,AYYUB MANSURI,,1.0,,,,2481.0,,,,2481.0,,
Rajasthan,Rajasthan,2025,STATE_MERIT,Microbiology,BABULAL BABER,,1.0,,,,3351.0,,,,3351.0,,
Rajasthan,Rajasthan,2025,STATE_MERIT,Microbiology,CHHOGA LAL PUNIYA,,1.0,,,,3569.0,,,,3569.0,,
Rajasthan,Rajasthan,2025,STATE_MERIT,Microbiology,CHHOTU LAL KALAL,,1.0,,,,2060.0,,,,2060.0,,
Rajasthan,Rajasthan,2025,STATE_MERIT,Microbiology,DAYANAND KUMAWAT,,1.0,,,,2214.0,,,,2214.0,,
Rajasthan,Rajasthan,2025,STATE_MERIT,Microbiology,GOPAL CHOUHAN,,1.0,,,,2949.0,,,,2949.0,,
Rajasthan,Rajasthan,2025,STATE_MERIT,Microbiology,HARBIR SINGH,,1.0,,,,1893.0,,,,1893.0,,
Rajasthan,Rajasthan,2025,STATE_MERIT,Microbiology,HARINARAYAN BUNKAR,,1.0,,,,2806.0,,,,2806.0,,
Rajasthan,Rajasthan,2025,STATE_MERIT,Microbiology,HEERANAND BHURANI,,1.0,,,,2967.0,,,,2967.0,,
Rajasthan,Rajasthan,2025,STATE_MERIT,Microbiology,INDER CHAND,,1.0,,,,3120.0,,,,3120.0,,
Rajasthan,Rajasthan,2025,STATE_MERIT,Microbiology,JYOTISH VASANIYA,,1.0,,,,2144.0,,,,2144.0,,
Rajasthan,Rajasthan,2025,STATE_MERIT,Microbiology,KANTI LAL MOREE,,1.0,,,,3638.0,,,,3638.0,,
Rajasthan,Rajasthan,2025,STATE_MERIT,Microbiology,KULDEEP SINGH BITHU,,1.0,,,,2170.0,,,,2170.0,,
Rajasthan,Rajasthan,2025,STATE_MERIT,Microbiology,LAXMAN SINGH,,1.0,,,,1940.0,,,,1940.0,,
Rajasthan,Rajasthan,2025,STATE_MERIT,Microbiology,LIYAKAT KHAN,,1.0,,,,2525.0,,,,2525.0,,
Rajasthan,Rajasthan,2025,STATE_MERIT,Microbiology,MAHESH CHAND SHARMA,,1.0,,,,3112.0,,,,3112.0,,
Rajasthan,Rajasthan,2025,STATE_MERIT,Microbiology,MOHAMMAD UMAR,,1.0,,,,2718.0,,,,2718.0,,
Rajasthan,Rajasthan,2025,STATE_MERIT,Microbiology,MOHAN LAL,,1.0,,,,2128.0,,,,2128.0,,
Rajasthan,Rajasthan,2025,STATE_MERIT,Microbiology,NANU LAL MEENA,,1.0,,,,3286.0,,,,3286.0,,
Rajasthan,Rajasthan,2025,STATE_MERIT,Microbiology,OM PRAKASH,,1.0,,,,3657.0,,,,3657.0,,
Rajasthan,Rajasthan,2025,STATE_MERIT,Microbiology,OMPRAKASH MAHALA,,1.0,,,,3677.0,,,,3677.0,,
Rajasthan,Rajasthan,2025,STATE_MERIT,Microbiology,PRAKASH CHAHAR,,1.0,,,,2418.0,,,,2418.0,,
Rajasthan,Rajasthan,2025,STATE_MERIT,Microbiology,PRAVEEN JAIN,,1.0,,,,1427.0,,,,1427.0,,
Rajasthan,Rajasthan,2025,STATE_MERIT,Microbiology,RAMESHWAR BAIRWA,,1.0,,,,3516.0,,,,3516.0,,
Rajasthan,Rajasthan,2025,STATE_MERIT,Microbiology,RAMNIWAS BISHNOI,,1.0,,,,2506.0,,,,2506.0,,
Rajasthan,Rajasthan,2025,STATE_MERIT,Microbiology,SOM DATT DIXIT,,1.0,,,,3135.0,,,,3135.0,,
Rajasthan,Rajasthan,2025,STATE_MERIT,Microbiology,SUGGA RAM,,1.0,,,,2996.0,,,,2996.0,,
Rajasthan,Rajasthan,2025,STATE_MERIT,Microbiology,YOGESH CHANDRA SANT,,1.0,,,,3117.0,,,,3117.0,,
Rajasthan,Rajasthan,2025,STATE_MERIT,Microbiology,YUNOOSH KHAN,,1.0,,,,2190.0,,,,2190.0,,
Rajasthan,Rajasthan,2025,STATE_MERIT,"National Institute of Medical Sciences & Research (NIMS), Jaipur",MD (Anaesthesia),10.0,,,,3691.0,,,,2750.0,,,
Rajasthan,Rajasthan,2025,STATE_MERIT,"National Institute of Medical Sciences & Research (NIMS), Jaipur",MD (Emergency Medicine),2.0,,,,3243.0,,,,3210.0,,,
Rajasthan,Rajasthan,2025,STATE_MERIT,"National Institute of Medical Sciences & Research (NIMS), Jaipur",MD (General Medicine),19.0,,,,3690.0,,,,1987.0,,,
Rajasthan,Rajasthan,2025,STATE_MERIT,"National Institute of Medical Sciences & Research (NIMS), Jaipur",MD (Immunohaematology and Blood Transfusion),1.0,,,,3638.0,,,,3638.0,,,
Rajasthan,Rajasthan,2025,STATE_MERIT,"National Institute of Medical Sciences & Research (NIMS), Jaipur",MD (Nuclear Medicine),2.0,,,,3130.0,,,,2259.0,,,
Rajasthan,Rajasthan,2025,STATE_MERIT,"National Institute of Medical Sciences & Research (NIMS), Jaipur",MD (Paediatrics),14.0,,,,3657.0,,,,2410.0,,,
Rajasthan,Rajasthan,2025,STATE_MERIT,"National Institute of Medical Sciences & Research (NIMS), Jaipur",MD (Pathology),1.0,,,,2947.0,,,,2947.0,,,
Rajasthan,Rajasthan,2025,STATE_MERIT,"National Institute of Medical Sciences & Research (NIMS), Jaipur",MD (Psychiatry),4.0,,,,3484.0,,,,3024.0,,,
Rajasthan,Rajasthan,2025,STATE_MERIT,"National Institute of Medical Sciences & Research (NIMS), Jaipur",MD (Radiodiagnosis/Radiology),10.0,,,,3419.0,,,,2098.0,,,
Rajasthan,Rajasthan,2025,STATE_MERIT,"National Institute of Medical Sciences & Research (NIMS), Jaipur",MD (Radiotherapy/Radiationoncology),3.0,,,,3197.0,,,,2292.0,,,
Rajasthan,Rajasthan,2025,STATE_MERIT,"National Institute of Medical Sciences & Research (NIMS), Jaipur",MD (Respiratory Medicine/T.B. & Chest/Tuberculosis & Respiratory Diseases),3.0,,,,3614.0,,,,2525.0,,,
Rajasthan,Rajasthan,2025,STATE_MERIT,"National Institute of Medical Sciences & Research (NIMS), Jaipur",MD (Skin & V.D / Dermatology Ven. & Leprosy),4.0,,,,2876.0,,,,2690.0,,,
Rajasthan,Rajasthan,2025,STATE_MERIT,"National Institute of Medical Sciences & Research (NIMS), Jaipur",MS (ENT),6.0,,,,3620.0,,,,2377.0,,,
Rajasthan,Rajasthan,2025,STATE_MERIT,"National Institute of Medical Sciences & Research (NIMS), Jaipur",MS (General Surgery),14.0,,,,3704.0,,,,2901.0,,,
Rajasthan,Rajasthan,2025,STATE_MERIT,"National Institute of Medical Sciences & Research (NIMS), Jaipur",MS (Obst. & Gynaecology),14.0,,,,3656.0,,,,2159.0,,,
Rajasthan,Rajasthan,2025,STATE_MERIT,"National Institute of Medical Sciences & Research (NIMS), Jaipur",MS (Ophthalmology),4.0,,,,3661.0,,,,3110.0,,,
Rajasthan,Rajasthan,2025,STATE_MERIT,"National Institute of Medical Sciences & Research (NIMS), Jaipur",MS (Orthopaedics),10.0,,,,3629.0,,,,2640.0,,,
Rajasthan,Rajasthan,2025,STATE_MERIT,Nuclear Medicine,BABU LAL GURJAR,,1.0,,,,3215.0,,,,3215.0,,
Rajasthan,Rajasthan,2025,STATE_MERIT,Nuclear Medicine,BHALODIA HITESHKUMAR BHOVANBHAI,,1.0,,,,2208.0,,,,2208.0,,
Rajasthan,Rajasthan,2025,STATE_MERIT,Nuclear Medicine,RAMLAL PATIDAR,,1.0,,,,1529.0,,,,1529.0,,
Rajasthan,Rajasthan,2025,STATE_MERIT,Nuclear Medicine,SHIV KUMAR TANWAR,,1.0,,,,2311.0,,,,2311.0,,
Rajasthan,Rajasthan,2025,STATE_MERIT,Nuclear Medicine,SNEHAL JAGDISHBHAI SHAH,,1.0,,,,1609.0,,,,1609.0,,
Rajasthan,Rajasthan,2025,STATE_MERIT,Nuclear Medicine,VIJAY ANAND SHARMA,,1.0,,,,1713.0,,,,1713.0,,
Rajasthan,Rajasthan,2025,STATE_MERIT,Obs & Gyne,ANIL KUMAR SHRINGI,,1.0,,,,1068.0,,,,1068.0,,
Rajasthan,Rajasthan,2025,STATE_MERIT,Obs & Gyne,BANWARI LAL,,1.0,,,,1858.0,,,,1858.0,,
Rajasthan,Rajasthan,2025,STATE_MERIT,Obs & Gyne,BATTI LAL MEENA,,1.0,,,,2717.0,,,,2717.0,,
Rajasthan,Rajasthan,2025,STATE_MERIT,Obs & Gyne,BHAGIRATH MAL,,1.0,,,,1280.0,,,,1280.0,,
Rajasthan,Rajasthan,2025,STATE_MERIT,Obs & Gyne,BHAINRU RAM BHOOKHARIYA,,1.0,,,,826.0,,,,826.0,,
Rajasthan,Rajasthan,2025,STATE_MERIT,Obs & Gyne,BHANWAR LAL JANGID,,1.0,,,,1238.0,,,,1238.0,,
Rajasthan,Rajasthan,2025,STATE_MERIT,Obs & Gyne,BIRBAL SINGH,,1.0,,,,2359.0,,,,2359.0,,
Rajasthan,Rajasthan,2025,STATE_MERIT,Obs & Gyne,DHEERA CHAND SHIVRAN,,1.0,,,,1312.0,,,,1312.0,,
Rajasthan,Rajasthan,2025,STATE_MERIT,Obs & Gyne,DURGA DUTT,,1.0,,,,2260.0,,,,2260.0,,
Rajasthan,Rajasthan,2025,STATE_MERIT,Obs & Gyne,GHAMANDA RAM,,1.0,,,,1162.0,,,,1162.0,,
Rajasthan,Rajasthan,2025,STATE_MERIT,Obs & Gyne,GHASI RAM SARAN,,1.0,,,,1592.0,,,,1592.0,,
Rajasthan,Rajasthan,2025,STATE_MERIT,Obs & Gyne,HARIBHAN MEENA,,1.0,,,,3406.0,,,,3406.0,,
Rajasthan,Rajasthan,2025,STATE_MERIT,Obs & Gyne,HARPHOOL SINGH,,1.0,,,,1448.0,,,,1448.0,,
Rajasthan,Rajasthan,2025,STATE_MERIT,Obs & Gyne,KAILASH CHAND SHARMA,,1.0,,,,769.0,,,,769.0,,
Rajasthan,Rajasthan,2025,STATE_MERIT,Obs & Gyne,KUNAN JI PANCHAL,,1.0,,,,845.0,,,,845.0,,
Rajasthan,Rajasthan,2025,STATE_MERIT,Obs & Gyne,LAXMINARAYAN SAINI,,1.0,,,,1025.0,,,,1025.0,,
Rajasthan,Rajasthan,2025,STATE_MERIT,Obs & Gyne,MAGAN LAL DANTLA,,1.0,,,,3253.0,,,,3253.0,,
Rajasthan,Rajasthan,2025,STATE_MERIT,Obs & Gyne,NARAYAN RAM SONI,,1.0,,,,1494.0,,,,1494.0,,
Rajasthan,Rajasthan,2025,STATE_MERIT,Obs & Gyne,NATHULAL BORAT,,1.0,,,,3083.0,,,,3083.0,,
Rajasthan,Rajasthan,2025,STATE_MERIT,Obs & Gyne,NISHKAM CHOUDHARY,,1.0,,,,1795.0,,,,1795.0,,
Rajasthan,Rajasthan,2025,STATE_MERIT,Obs & Gyne,OM PARKASH,,1.0,,,,909.0,,,,909.0,,
Rajasthan,Rajasthan,2025,STATE_MERIT,Obs & Gyne,OM PRAKASH SHARMA,,1.0,,,,838.0,,,,838.0,,
Rajasthan,Rajasthan,2025,STATE_MERIT,Obs & Gyne,PREM CHAND JAIN,,1.0,,,,1723.0,,,,1723.0,,
Rajasthan,Rajasthan,2025,STATE_MERIT,Obs & Gyne,RAJESH BENIWAL,,1.0,,,,1394.0,,,,1394.0,,
Rajasthan,Rajasthan,2025,STATE_MERIT,Obs & Gyne,RAJESH CHOPRA,,1.0,,,,2027.0,,,,2027.0,,
Rajasthan,Rajasthan,2025,STATE_MERIT,Obs & Gyne,RAM RAKH RM,,1.0,,,,1057.0,,,,1057.0,,
Rajasthan,Rajasthan,2025,STATE_MERIT,Obs & Gyne,RAMKUMAR SINGH,,1.0,,,,863.0,,,,863.0,,
Rajasthan,Rajasthan,2025,STATE_MERIT,Obs & Gyne,RAMLAL MAHARIA,,1.0,,,,988.0,,,,988.0,,
Rajasthan,Rajasthan,2025,STATE_MERIT,Obs & Gyne,RATAN LAL MEENA,,1.0,,,,2700.0,,,,2700.0,,
Rajasthan,Rajasthan,2025,STATE_MERIT,Obs & Gyne,SHRAWAN LAL MEENA,,1.0,,,,2666.0,,,,2666.0,,
Rajasthan,Rajasthan,2025,STATE_MERIT,Obs & Gyne,SUNIL GUPTA,,1.0,,,,1215.0,,,,1215.0,,
Rajasthan,Rajasthan,2025,STATE_MERIT,Obs & Gyne,UDAISINGH DANGAR,,1.0,,,,2559.0,,,,2559.0,,
Rajasthan,Rajasthan,2025,STATE_MERIT,Obs & Gyne,UMRAO BANJARA,,1.0,,,,2294.0,,,,2294.0,,
Rajasthan,Rajasthan,2025,STATE_MERIT,Obs & Gyne,VIDHYADHAR SINGH,,1.0,,,,1224.0,,,,1224.0,,
Rajasthan,Rajasthan,2025,STATE_MERIT,Obst. & Gynaecology,ALKESH MODI,,1.0,,,,2791.0,,,,2791.0,,
Rajasthan,Rajasthan,2025,STATE_MERIT,Obst. & Gynaecology,ARUN KUMAR,,1.0,,,,108.0,,,,108.0,,
Rajasthan,Rajasthan,2025,STATE_MERIT,Obst. & Gynaecology,ASGAR QURESHI,,1.0,,,,511.0,,,,511.0,,
Rajasthan,Rajasthan,2025,STATE_MERIT,Obst. & Gynaecology,ASHA RAM ROJ,,1.0,,,,200.0,,,,200.0,,
Rajasthan,Rajasthan,2025,STATE_MERIT,Obst. & Gynaecology,ASHUTOSH YOGANANDI,,1.0,,,,712.0,,,,712.0,,
Rajasthan,Rajasthan,2025,STATE_MERIT,Obst. & Gynaecology,BABU LAL SHARMA,,1.0,,,,483.0,,,,483.0,,
Rajasthan,Rajasthan,2025,STATE_MERIT,Obst. & Gynaecology,BADRI NARAYAN MEENA,,1.0,,,,1365.0,,,,1365.0,,
Rajasthan,Rajasthan,2025,STATE_MERIT,Obst. & Gynaecology,BAHADUR SINGH,,1.0,,,,517.0,,,,517.0,,
Rajasthan,Rajasthan,2025,STATE_MERIT,Obst. & Gynaecology,BAJRANG LAL,,1.0,,,,225.0,,,,225.0,,
Rajasthan,Rajasthan,2025,STATE_MERIT,Obst. & Gynaecology,BAJRANG LAL PALIWAL,,1.0,,,,410.0,,,,410.0,,
Rajasthan,Rajasthan,2025,STATE_MERIT,Obst. & Gynaecology,BALVEER SINGH,,1.0,,,,304.0,,,,304.0,,
Rajasthan,Rajasthan,2025,STATE_MERIT,Obst. & Gynaecology,BHAGIRATH MAL REWAR,,1.0,,,,346.0,,,,346.0,,
Rajasthan,Rajasthan,2025,STATE_MERIT,Obst. & Gynaecology,BHANWAR RAYKA,,1.0,,,,1078.0,,,,1078.0,,
Rajasthan,Rajasthan,2025,STATE_MERIT,Obst. & Gynaecology,BHARAT LAL PARGI,,1.0,,,,2289.0,,,,2289.0,,
Rajasthan,Rajasthan,2025,STATE_MERIT,Obst. & Gynaecology,BHERU LAL REGAR,,1.0,,,,1336.0,,,,1336.0,,
Rajasthan,Rajasthan,2025,STATE_MERIT,Obst. & Gynaecology,CHANDRA PRAKASH SADHWANI,,1.0,,,,518.0,,,,518.0,,
Rajasthan,Rajasthan,2025,STATE_MERIT,Obst. & Gynaecology,CHAUTHMAL SAINI,,1.0,,,,536.0,,,,536.0,,
Rajasthan,Rajasthan,2025,STATE_MERIT,Obst. & Gynaecology,DALPAT SINGH RATHORE,,1.0,,,,403.0,,,,403.0,,
Rajasthan,Rajasthan,2025,STATE_MERIT,Obst. & Gynaecology,DAWARKA PRASAD,,1.0,,,,1044.0,,,,1044.0,,
Rajasthan,Rajasthan,2025,STATE_MERIT,Obst. & Gynaecology,DHAN RAJ JAT,,1.0,,,,2157.0,,,,2157.0,,
Rajasthan,Rajasthan,2025,STATE_MERIT,Obst. & Gynaecology,DILEEP SINGH,,1.0,,,,620.0,,,,620.0,,
Rajasthan,Rajasthan,2025,STATE_MERIT,Obst. & Gynaecology,DINANATH SHAH,,1.0,,,,3772.0,,,,3772.0,,
Rajasthan,Rajasthan,2025,STATE_MERIT,Obst. & Gynaecology,DINESH CHAND GUPTA,,1.0,,,,1863.0,,,,1863.0,,
Rajasthan,Rajasthan,2025,STATE_MERIT,Obst. & Gynaecology,DINESH KUMAR CHOUDHARY,,1.0,,,,2197.0,,,,2197.0,,
Rajasthan,Rajasthan,2025,STATE_MERIT,Obst. & Gynaecology,DINESH PATEL,,1.0,,,,2406.0,,,,2406.0,,
Rajasthan,Rajasthan,2025,STATE_MERIT,Obst. & Gynaecology,DINESH SINGH RATHORE,,1.0,,,,1711.0,,,,1711.0,,
Rajasthan,Rajasthan,2025,STATE_MERIT,Obst. & Gynaecology,DIPANKAR ARORA,,1.0,,,,1874.0,,,,1874.0,,
Rajasthan,Rajasthan,2025,STATE_MERIT,Obst. & Gynaecology,DOBARIYA JAYESHBHAI BHIKHABHAI,,1.0,,,,2467.0,,,,2467.0,,
Rajasthan,Rajasthan,2025,STATE_MERIT,Obst. & Gynaecology,DWARKA PRASHAD TOSHNIWAL,,1.0,,,,374.0,,,,374.0,,
Rajasthan,Rajasthan,2025,STATE_MERIT,Obst. & Gynaecology,FATEH SINGH,,1.0,,,,2280.0,,,,2280.0,,
Rajasthan,Rajasthan,2025,STATE_MERIT,Obst. & Gynaecology,FATEHLAL PATELA,,1.0,,,,2136.0,,,,2136.0,,
Rajasthan,Rajasthan,2025,STATE_MERIT,Obst. & Gynaecology,GAURANGBHAI BUCH,,1.0,,,,3167.0,,,,3167.0,,
Rajasthan,Rajasthan,2025,STATE_MERIT,Obst. & Gynaecology,GIRRAJ PAREEK,,1.0,,,,1894.0,,,,1894.0,,
Rajasthan,Rajasthan,2025,STATE_MERIT,Obst. & Gynaecology,GOKUL CHAND,,1.0,,,,391.0,,,,391.0,,
Rajasthan,Rajasthan,2025,STATE_MERIT,Obst. & Gynaecology,GOPAL NARNOLI,,1.0,,,,311.0,,,,311.0,,
Rajasthan,Rajasthan,2025,STATE_MERIT,Obst. & Gynaecology,GOPAL PRASAD,,1.0,,,,156.0,,,,156.0,,
Rajasthan,Rajasthan,2025,STATE_MERIT,Obst. & Gynaecology,GOVIND SINGH MEENA,,1.0,,,,2302.0,,,,2302.0,,
Rajasthan,Rajasthan,2025,STATE_MERIT,Obst. & Gynaecology,GS JEENAR,,1.0,,,,1878.0,,,,1878.0,,
Rajasthan,Rajasthan,2025,STATE_MERIT,Obst. & Gynaecology,HAJARI LAL,,1.0,,,,407.0,,,,407.0,,
Rajasthan,Rajasthan,2025,STATE_MERIT,Obst. & Gynaecology,HAJARI RAM,,1.0,,,,625.0,,,,625.0,,
Rajasthan,Rajasthan,2025,STATE_MERIT,Obst. & Gynaecology,HANUMAN CHOUDHARY,,1.0,,,,182.0,,,,182.0,,
Rajasthan,Rajasthan,2025,STATE_MERIT,Obst. & Gynaecology,HAR MUKESH SHARMA,,1.0,,,,622.0,,,,622.0,,
Rajasthan,Rajasthan,2025,STATE_MERIT,Obst. & Gynaecology,HAR SAHAI SHARMA,,1.0,,,,144.0,,,,144.0,,
Rajasthan,Rajasthan,2025,STATE_MERIT,Obst. & Gynaecology,HARI RAM CHOUDHARY,,1.0,,,,115.0,,,,115.0,,
Rajasthan,Rajasthan,2025,STATE_MERIT,Obst. & Gynaecology,HARPHOOL JAT,,1.0,,,,231.0,,,,231.0,,
Rajasthan,Rajasthan,2025,STATE_MERIT,Obst. & Gynaecology,HEMRAJ CHECHI,,1.0,,,,3822.0,,,,3822.0,,
Rajasthan,Rajasthan,2025,STATE_MERIT,Obst. & Gynaecology,INDERJEET SINGLA,,1.0,,,,817.0,,,,817.0,,
Rajasthan,Rajasthan,2025,STATE_MERIT,Obst. & Gynaecology,JAGAT PRAKASH GAUR,,1.0,,,,423.0,,,,423.0,,
Rajasthan,Rajasthan,2025,STATE_MERIT,Obst. & Gynaecology,JAGDISH BISHNOI,,1.0,,,,314.0,,,,314.0,,
Rajasthan,Rajasthan,2025,STATE_MERIT,Obst. & Gynaecology,JAI KARAN ASHIA,,1.0,,,,240.0,,,,240.0,,
Rajasthan,Rajasthan,2025,STATE_MERIT,Obst. & Gynaecology,JAI KISHAN MAHESHWARI,,1.0,,,,348.0,,,,348.0,,
Rajasthan,Rajasthan,2025,STATE_MERIT,Obst. & Gynaecology,JAI PRAKASH SINGH,,1.0,,,,3775.0,,,,3775.0,,
Rajasthan,Rajasthan,2025,STATE_MERIT,Obst. & Gynaecology,JAI SINGH RAJPUROHIT,,1.0,,,,488.0,,,,488.0,,
Rajasthan,Rajasthan,2025,STATE_MERIT,Obst. & Gynaecology,JITENDER SINGH,,1.0,,,,3234.0,,,,3234.0,,
Rajasthan,Rajasthan,2025,STATE_MERIT,Obst. & Gynaecology,JITENDRA KUMAR,,1.0,,,,2446.0,,,,2446.0,,
Rajasthan,Rajasthan,2025,STATE_MERIT,Obst. & Gynaecology,JIVAJI KATARA,,1.0,,,,2475.0,,,,2475.0,,
Rajasthan,Rajasthan,2025,STATE_MERIT,Obst. & Gynaecology,KAILASH KUMAR MEENA,,1.0,,,,2430.0,,,,2430.0,,
Rajasthan,Rajasthan,2025,STATE_MERIT,Obst. & Gynaecology,KALATHIYA KANUBHAI PREMJIBHAI,,1.0,,,,2850.0,,,,2850.0,,
Rajasthan,Rajasthan,2025,STATE_MERIT,Obst. & Gynaecology,KAMLESH VERMA,,1.0,,,,1203.0,,,,1203.0,,
Rajasthan,Rajasthan,2025,STATE_MERIT,Obst. & Gynaecology,KARMASHIBHAI,,1.0,,,,2122.0,,,,2122.0,,
Rajasthan,Rajasthan,2025,STATE_MERIT,Obst. & Gynaecology,KARTAR SINGH,,1.0,,,,1698.0,,,,1698.0,,
Rajasthan,Rajasthan,2025,STATE_MERIT,Obst. & Gynaecology,KIRIT SOBTI,,1.0,,,,2538.0,,,,2538.0,,
Rajasthan,Rajasthan,2025,STATE_MERIT,Obst. & Gynaecology,KISHNA RAM,,1.0,,,,69.0,,,,69.0,,
Rajasthan,Rajasthan,2025,STATE_MERIT,Obst. & Gynaecology,KRISHAN KUMAR,,1.0,,,,3609.0,,,,3609.0,,
Rajasthan,Rajasthan,2025,STATE_MERIT,Obst. & Gynaecology,KRISHAN MURARI JANGIR,,1.0,,,,65.0,,,,65.0,,
Rajasthan,Rajasthan,2025,STATE_MERIT,Obst. & Gynaecology,LIYAKAT ALI,,1.0,,,,197.0,,,,197.0,,
Rajasthan,Rajasthan,2025,STATE_MERIT,Obst. & Gynaecology,MADAN LAL RANWA,,1.0,,,,87.0,,,,87.0,,
Rajasthan,Rajasthan,2025,STATE_MERIT,Obst. & Gynaecology,MAHENDRA SINGH,,1.0,,,,475.0,,,,475.0,,
Rajasthan,Rajasthan,2025,STATE_MERIT,Obst. & Gynaecology,MAHESH KADEL,,1.0,,,,1842.0,,,,1842.0,,
Rajasthan,Rajasthan,2025,STATE_MERIT,Obst. & Gynaecology,MAHESH KUMAR GUPTA,,1.0,,,,3119.0,,,,3119.0,,
Rajasthan,Rajasthan,2025,STATE_MERIT,Obst. & Gynaecology,MANGAL CHAND CHOPRA,,1.0,,,,471.0,,,,471.0,,
Rajasthan,Rajasthan,2025,STATE_MERIT,Obst. & Gynaecology,MANISH,,1.0,,,,1070.0,,,,1070.0,,
Rajasthan,Rajasthan,2025,STATE_MERIT,Obst. & Gynaecology,MANISH KUMAR UPADHYAY,,1.0,,,,419.0,,,,419.0,,
Rajasthan,Rajasthan,2025,STATE_MERIT,Obst. & Gynaecology,MANOJ KUMAR YADAV,,1.0,,,,168.0,,,,168.0,,
Rajasthan,Rajasthan,2025,STATE_MERIT,Obst. & Gynaecology,MEERCHAND,,1.0,,,,1204.0,,,,1204.0,,
Rajasthan,Rajasthan,2025,STATE_MERIT,Obst. & Gynaecology,MEHRAM,,1.0,,,,3713.0,,,,3713.0,,
Rajasthan,Rajasthan,2025,STATE_MERIT,Obst. & Gynaecology,MOHAN LAL,,1.0,,,,2149.0,,,,2149.0,,
Rajasthan,Rajasthan,2025,STATE_MERIT,Obst. & Gynaecology,MOHANLAL CHANANA,,1.0,,,,2371.0,,,,2371.0,,
Rajasthan,Rajasthan,2025,STATE_MERIT,Obst. & Gynaecology,MOHD ISHAQUE DEVERA,,1.0,,,,290.0,,,,290.0,,
Rajasthan,Rajasthan,2025,STATE_MERIT,Obst. & Gynaecology,MOOLCHAND BURANIYA,,1.0,,,,68.0,,,,68.0,,
Rajasthan,Rajasthan,2025,STATE_MERIT,Obst. & Gynaecology,MOTI RAM,,1.0,,,,42.0,,,,42.0,,
Rajasthan,Rajasthan,2025,STATE_MERIT,Obst. & Gynaecology,MUKESH KUMAR SHARMA,,1.0,,,,3081.0,,,,3081.0,,
Rajasthan,Rajasthan,2025,STATE_MERIT,Obst. & Gynaecology,MUSTANSIR BOHRA,,1.0,,,,387.0,,,,387.0,,
Rajasthan,Rajasthan,2025,STATE_MERIT,Obst. & Gynaecology,NALIN JOSHI,,1.0,,,,2928.0,,,,2928.0,,
Rajasthan,Rajasthan,2025,STATE_MERIT,Obst. & Gynaecology,NAND KISHORE,,1.0,,,,2992.0,,,,2992.0,,
Rajasthan,Rajasthan,2025,STATE_MERIT,Obst. & Gynaecology,NANDLAL MEENA,,1.0,,,,1514.0,,,,1514.0,,
Rajasthan,Rajasthan,2025,STATE_MERIT,Obst. & Gynaecology,NARAYAN DAS ARORA,,1.0,,,,639.0,,,,639.0,,
Rajasthan,Rajasthan,2025,STATE_MERIT,Obst. & Gynaecology,NARENDRA GARG,,1.0,,,,480.0,,,,480.0,,
Rajasthan,Rajasthan,2025,STATE_MERIT,Obst. & Gynaecology,NARENDRA KUMAR GUPTA,,1.0,,,,256.0,,,,256.0,,
Rajasthan,Rajasthan,2025,STATE_MERIT,Obst. & Gynaecology,NARENDRA SINGH PADWAL,,1.0,,,,3592.0,,,,3592.0,,
Rajasthan,Rajasthan,2025,STATE_MERIT,Obst. & Gynaecology,NARESH KUMAR RAIYA,,1.0,,,,1270.0,,,,1270.0,,
Rajasthan,Rajasthan,2025,STATE_MERIT,Obst. & Gynaecology,NEMI CHAND,,1.0,,,,1299.0,,,,1299.0,,
Rajasthan,Rajasthan,2025,STATE_MERIT,Obst. & Gynaecology,OM PRAKASH BUNKAR,,1.0,,,,1268.0,,,,1268.0,,
Rajasthan,Rajasthan,2025,STATE_MERIT,Obst. & Gynaecology,OM PRAKASH KHATIK,,1.0,,,,1277.0,,,,1277.0,,
Rajasthan,Rajasthan,2025,STATE_MERIT,Obst. & Gynaecology,ONKAR SINGH RATHORE,,1.0,,,,361.0,,,,361.0,,
Rajasthan,Rajasthan,2025,STATE_MERIT,Obst. & Gynaecology,PAHALVAN SINGH MEENA,,1.0,,,,1573.0,,,,1573.0,,
Rajasthan,Rajasthan,2025,STATE_MERIT,Obst. & Gynaecology,PATEL JAGDISHBHAI AMRUTLAL,,1.0,,,,2207.0,,,,2207.0,,
Rajasthan,Rajasthan,2025,STATE_MERIT,Obst. & Gynaecology,PAWAN PRAKASH GOYAL,,1.0,,,,383.0,,,,383.0,,
Rajasthan,Rajasthan,2025,STATE_MERIT,Obst. & Gynaecology,PERUMAL CHOUHAN,,1.0,,,,3411.0,,,,3411.0,,
Rajasthan,Rajasthan,2025,STATE_MERIT,Obst. & Gynaecology,PRABHU DAYAL JAT,,1.0,,,,3641.0,,,,3641.0,,
Rajasthan,Rajasthan,2025,STATE_MERIT,Obst. & Gynaecology,PRAHLAD MEENA,,1.0,,,,1249.0,,,,1249.0,,
Rajasthan,Rajasthan,2025,STATE_MERIT,Obst. & Gynaecology,PRAMOD DADRI,,1.0,,,,309.0,,,,309.0,,
Rajasthan,Rajasthan,2025,STATE_MERIT,Obst. & Gynaecology,PRAVEEN KUMAR,,1.0,,,,459.0,,,,459.0,,
Rajasthan,Rajasthan,2025,STATE_MERIT,Obst. & Gynaecology,PURA RAM GODARA,,1.0,,,,211.0,,,,211.0,,
Rajasthan,Rajasthan,2025,STATE_MERIT,Obst. & Gynaecology,PURSHOTAM ARYA,,1.0,,,,3709.0,,,,3709.0,,
Rajasthan,Rajasthan,2025,STATE_MERIT,Obst. & Gynaecology,R R PRAJAPAT,,1.0,,,,117.0,,,,117.0,,
Rajasthan,Rajasthan,2025,STATE_MERIT,Obst. & Gynaecology,RADHEY SHYAM RAJORIA,,1.0,,,,148.0,,,,148.0,,
Rajasthan,Rajasthan,2025,STATE_MERIT,Obst. & Gynaecology,RAHIS AHMAD KHAN,,1.0,,,,192.0,,,,192.0,,
Rajasthan,Rajasthan,2025,STATE_MERIT,Obst. & Gynaecology,RAJ KAPOOR MEENA,,1.0,,,,1539.0,,,,1539.0,,
Rajasthan,Rajasthan,2025,STATE_MERIT,Obst. & Gynaecology,RAJ KUMAR,,1.0,,,,3261.0,,,,3261.0,,
Rajasthan,Rajasthan,2025,STATE_MERIT,Obst. & Gynaecology,RAJA RAM,,1.0,,,,398.0,,,,398.0,,
Rajasthan,Rajasthan,2025,STATE_MERIT,Obst. & Gynaecology,RAJENDRA PRASAD,,1.0,,,,457.0,,,,457.0,,
Rajasthan,Rajasthan,2025,STATE_MERIT,Obst. & Gynaecology,RAJESH KUMAR SHARMA,,1.0,,,,369.0,,,,369.0,,
Rajasthan,Rajasthan,2025,STATE_MERIT,Obst. & Gynaecology,RAJESH SINGH,,1.0,,,,3063.0,,,,3063.0,,
Rajasthan,Rajasthan,2025,STATE_MERIT,Obst. & Gynaecology,RAJESH TULI,,1.0,,,,2896.0,,,,2896.0,,
Rajasthan,Rajasthan,2025,STATE_MERIT,Obst. & Gynaecology,RAJU RAM,,1.0,,,,52.0,,,,52.0,,
Rajasthan,Rajasthan,2025,STATE_MERIT,Obst. & Gynaecology,RAM KUMAR SHARMA,,1.0,,,,2887.0,,,,2887.0,,
Rajasthan,Rajasthan,2025,STATE_MERIT,Obst. & Gynaecology,RAMDHAN SIWACH,,1.0,,,,2173.0,,,,2173.0,,
Rajasthan,Rajasthan,2025,STATE_MERIT,Obst. & Gynaecology,RAMESH KUMAR VYAS,,1.0,,,,365.0,,,,365.0,,
Rajasthan,Rajasthan,2025,STATE_MERIT,Obst. & Gynaecology,RAMESH RAKANI,,1.0,,,,1004.0,,,,1004.0,,
Rajasthan,Rajasthan,2025,STATE_MERIT,Obst. & Gynaecology,RAMSINGH YADAV,,1.0,,,,78.0,,,,78.0,,
Rajasthan,Rajasthan,2025,STATE_MERIT,Obst. & Gynaecology,RANDHEER YADAV,,1.0,,,,273.0,,,,273.0,,
Rajasthan,Rajasthan,2025,STATE_MERIT,Obst. & Gynaecology,RAVINDRA KUMAR YADAV,,1.0,,,,2692.0,,,,2692.0,,
Rajasthan,Rajasthan,2025,STATE_MERIT,Obst. & Gynaecology,REWANTI LAL,,1.0,,,,502.0,,,,502.0,,
Rajasthan,Rajasthan,2025,STATE_MERIT,Obst. & Gynaecology,SANJEEV KUMAR,,1.0,,,,3295.0,,,,3295.0,,
Rajasthan,Rajasthan,2025,STATE_MERIT,Obst. & Gynaecology,SANTOSH KUMAR BAGELA,,1.0,,,,3303.0,,,,3303.0,,
Rajasthan,Rajasthan,2025,STATE_MERIT,Obst. & Gynaecology,SANWAL RAM JAT,,1.0,,,,221.0,,,,221.0,,
Rajasthan,Rajasthan,2025,STATE_MERIT,Obst. & Gynaecology,SATISHBHAI,,1.0,,,,2055.0,,,,2055.0,,
Rajasthan,Rajasthan,2025,STATE_MERIT,Obst. & Gynaecology,SATYABRATA SHARMA,,1.0,,,,1647.0,,,,1647.0,,
Rajasthan,Rajasthan,2025,STATE_MERIT,Obst. & Gynaecology,SHARMA ARUN MOHANLAL,,1.0,,,,3113.0,,,,3113.0,,
Rajasthan,Rajasthan,2025,STATE_MERIT,Obst. & Gynaecology,SHEESHRAM YADAV,,1.0,,,,79.0,,,,79.0,,
Rajasthan,Rajasthan,2025,STATE_MERIT,Obst. & Gynaecology,SHISHUPAL SHARMA,,1.0,,,,513.0,,,,513.0,,
Rajasthan,Rajasthan,2025,STATE_MERIT,Obst. & Gynaecology,SHIV LAL BISHNOI,,1.0,,,,509.0,,,,509.0,,
Rajasthan,Rajasthan,2025,STATE_MERIT,Obst. & Gynaecology,SOBHAGIA KUMAR SHARMA,,1.0,,,,384.0,,,,384.0,,
Rajasthan,Rajasthan,2025,STATE_MERIT,Obst. & Gynaecology,SUBHASH CHANDRA SONI,,1.0,,,,301.0,,,,301.0,,
Rajasthan,Rajasthan,2025,STATE_MERIT,Obst. & Gynaecology,SUBHKARAN SINGH,,1.0,,,,477.0,,,,477.0,,
Rajasthan,Rajasthan,2025,STATE_MERIT,Obst. & Gynaecology,SUDHIR KHANDELWAL,,1.0,,,,317.0,,,,317.0,,
Rajasthan,Rajasthan,2025,STATE_MERIT,Obst. & Gynaecology,SURESH MEENA,,1.0,,,,1128.0,,,,1128.0,,
Rajasthan,Rajasthan,2025,STATE_MERIT,Obst. & Gynaecology,SUSHIL PANWAR,,1.0,,,,877.0,,,,877.0,,
Rajasthan,Rajasthan,2025,STATE_MERIT,Obst. & Gynaecology,TARUN PATHAK,,1.0,,,,3546.0,,,,3546.0,,
Rajasthan,Rajasthan,2025,STATE_MERIT,Obst. & Gynaecology,UMESH CHAND SHARMA,,1.0,,,,295.0,,,,295.0,,
Rajasthan,Rajasthan,2025,STATE_MERIT,Obst. & Gynaecology,VINOD GOUTAM,,1.0,,,,2152.0,,,,2152.0,,
Rajasthan,Rajasthan,2025,STATE_MERIT,Obst. & Gynaecology,VINOD KUMAR CHOUDHARY,,1.0,,,,298.0,,,,298.0,,
Rajasthan,Rajasthan,2025,STATE_MERIT,Obst. & Gynaecology,VISHAL VERMA,,1.0,,,,2616.0,,,,2616.0,,
Rajasthan,Rajasthan,2025,STATE_MERIT,Obst. & Gynaecology,YUDHISHTHIR NINAMA,,1.0,,,,1847.0,,,,1847.0,,
Rajasthan,Rajasthan,2025,STATE_MERIT,Ophthalmology,AKSHAY SINGH CHAUHAN,,1.0,,,,649.0,,,,649.0,,
Rajasthan,Rajasthan,2025,STATE_MERIT,Ophthalmology,ANOOP VARMA,,1.0,,,,2804.0,,,,2804.0,,
Rajasthan,Rajasthan,2025,STATE_MERIT,Ophthalmology,ANSHUL GUPTA,,1.0,,,,2847.0,,,,2847.0,,
Rajasthan,Rajasthan,2025,STATE_MERIT,Ophthalmology,ARJUN RAM MEHRIYA,,1.0,,,,3278.0,,,,3278.0,,
Rajasthan,Rajasthan,2025,STATE_MERIT,Ophthalmology,ASHOK KUMAR,,1.0,,,,2905.0,,,,2905.0,,
Rajasthan,Rajasthan,2025,STATE_MERIT,Ophthalmology,BALKISHAN MODI,,1.0,,,,543.0,,,,543.0,,
Rajasthan,Rajasthan,2025,STATE_MERIT,Ophthalmology,BHANWAR SINGH,,1.0,,,,1981.0,,,,1981.0,,
Rajasthan,Rajasthan,2025,STATE_MERIT,Ophthalmology,BRIJESH KUMAR SHARMA,,1.0,,,,447.0,,,,447.0,,
Rajasthan,Rajasthan,2025,STATE_MERIT,Ophthalmology,BUDHA RAM BISHNOI,,1.0,,,,2296.0,,,,2296.0,,
Rajasthan,Rajasthan,2025,STATE_MERIT,Ophthalmology,CHHITAR MAL YADAV,,1.0,,,,318.0,,,,318.0,,
Rajasthan,Rajasthan,2025,STATE_MERIT,Ophthalmology,DAYARAM KEDIA,,1.0,,,,445.0,,,,445.0,,
Rajasthan,Rajasthan,2025,STATE_MERIT,Ophthalmology,DURGA PRASAD PRAJAPAT,,1.0,,,,605.0,,,,605.0,,
Rajasthan,Rajasthan,2025,STATE_MERIT,Ophthalmology,GURUDAYAL SINGH,,1.0,,,,643.0,,,,643.0,,
Rajasthan,Rajasthan,2025,STATE_MERIT,Ophthalmology,HARI SINGH KHEDAR,,1.0,,,,2482.0,,,,2482.0,,
Rajasthan,Rajasthan,2025,STATE_MERIT,Ophthalmology,HARIRAM ANGASARIA,,1.0,,,,239.0,,,,239.0,,
Rajasthan,Rajasthan,2025,STATE_MERIT,Ophthalmology,JITENDRA SINGH GORSI,,1.0,,,,2638.0,,,,2638.0,,
Rajasthan,Rajasthan,2025,STATE_MERIT,Ophthalmology,KRISHAN CHANDAR,,1.0,,,,1395.0,,,,1395.0,,
Rajasthan,Rajasthan,2025,STATE_MERIT,Ophthalmology,KRUSHNA TEKE,,1.0,,,,3156.0,,,,3156.0,,
Rajasthan,Rajasthan,2025,STATE_MERIT,Ophthalmology,LEELADHAR,,1.0,,,,92.0,,,,92.0,,
Rajasthan,Rajasthan,2025,STATE_MERIT,Ophthalmology,MOHD FAROOQ KHAN,,1.0,,,,478.0,,,,478.0,,
Rajasthan,Rajasthan,2025,STATE_MERIT,Ophthalmology,MUNAVVER ALI ANSARI,,1.0,,,,574.0,,,,574.0,,
Rajasthan,Rajasthan,2025,STATE_MERIT,Ophthalmology,NANAG RAM,,1.0,,,,1819.0,,,,1819.0,,
Rajasthan,Rajasthan,2025,STATE_MERIT,Ophthalmology,NANDLAL JHAJHARIA,,1.0,,,,3600.0,,,,3600.0,,
Rajasthan,Rajasthan,2025,STATE_MERIT,Ophthalmology,NARAYAN LAL AHARI,,1.0,,,,1808.0,,,,1808.0,,
Rajasthan,Rajasthan,2025,STATE_MERIT,Ophthalmology,NARENDRA KUMAR SWAMI,,1.0,,,,3029.0,,,,3029.0,,
Rajasthan,Rajasthan,2025,STATE_MERIT,Ophthalmology,NAVNEET PANDEY,,1.0,,,,533.0,,,,533.0,,
Rajasthan,Rajasthan,2025,STATE_MERIT,Ophthalmology,NEERAJ BHUTANI,,1.0,,,,710.0,,,,710.0,,
Rajasthan,Rajasthan,2025,STATE_MERIT,Ophthalmology,NITESHKUMAR,,1.0,,,,3162.0,,,,3162.0,,
Rajasthan,Rajasthan,2025,STATE_MERIT,Ophthalmology,PRABHU DAYAL,,1.0,,,,2032.0,,,,2032.0,,
Rajasthan,Rajasthan,2025,STATE_MERIT,Ophthalmology,PREM CHAND CHOUDHARY,,1.0,,,,618.0,,,,618.0,,
Rajasthan,Rajasthan,2025,STATE_MERIT,Ophthalmology,RAJENDRA WEER,,1.0,,,,3809.0,,,,3809.0,,
Rajasthan,Rajasthan,2025,STATE_MERIT,Ophthalmology,RAJESH GOYAL,,1.0,,,,3568.0,,,,3568.0,,
Rajasthan,Rajasthan,2025,STATE_MERIT,Ophthalmology,RAJKUMAR VAISHNAV,,1.0,,,,553.0,,,,553.0,,
Rajasthan,Rajasthan,2025,STATE_MERIT,Ophthalmology,RAJU RAM MEENA,,1.0,,,,1755.0,,,,1755.0,,
Rajasthan,Rajasthan,2025,STATE_MERIT,Ophthalmology,RAM LAL YADAV,,1.0,,,,540.0,,,,540.0,,
Rajasthan,Rajasthan,2025,STATE_MERIT,Ophthalmology,RAMESH CHAND MANGAL,,1.0,,,,609.0,,,,609.0,,
Rajasthan,Rajasthan,2025,STATE_MERIT,Ophthalmology,RAVI JAKHAR,,1.0,,,,3573.0,,,,3573.0,,
Rajasthan,Rajasthan,2025,STATE_MERIT,Ophthalmology,ROSHAN LAL SAINI,,1.0,,,,2071.0,,,,2071.0,,
Rajasthan,Rajasthan,2025,STATE_MERIT,Ophthalmology,SAGAR MAL DHANIA,,1.0,,,,1442.0,,,,1442.0,,
Rajasthan,Rajasthan,2025,STATE_MERIT,Ophthalmology,SANJEEV KUMAR,,1.0,,,,3728.0,,,,3728.0,,
Rajasthan,Rajasthan,2025,STATE_MERIT,Ophthalmology,SANJEEV TAK,,1.0,,,,2740.0,,,,2740.0,,
Rajasthan,Rajasthan,2025,STATE_MERIT,Ophthalmology,SATYAVEER YADAV,,1.0,,,,2820.0,,,,2820.0,,
Rajasthan,Rajasthan,2025,STATE_MERIT,Ophthalmology,SHYOJI RAM BURI,,1.0,,,,328.0,,,,328.0,,
Rajasthan,Rajasthan,2025,STATE_MERIT,Ophthalmology,SUBHASH CHANDRA,,1.0,,,,2563.0,,,,2563.0,,
Rajasthan,Rajasthan,2025,STATE_MERIT,Ophthalmology,SUKHPAL BHAGORA,,1.0,,,,2113.0,,,,2113.0,,
Rajasthan,Rajasthan,2025,STATE_MERIT,Ophthalmology,SUNIL CHAWLA,,1.0,,,,3669.0,,,,3669.0,,
Rajasthan,Rajasthan,2025,STATE_MERIT,Ophthalmology,SURESH KUMAR,,1.0,,,,3674.0,,,,3674.0,,
Rajasthan,Rajasthan,2025,STATE_MERIT,Ophthalmology,SURESH RAM BHINDA,,1.0,,,,654.0,,,,654.0,,
Rajasthan,Rajasthan,2025,STATE_MERIT,Ophthalmology,SUSHIL AGRAWAL,,1.0,,,,602.0,,,,602.0,,
Rajasthan,Rajasthan,2025,STATE_MERIT,Ophthalmology,TARVINDER SINGH,,1.0,,,,2427.0,,,,2427.0,,
Rajasthan,Rajasthan,2025,STATE_MERIT,Ophthalmology,V C MISHRA,,1.0,,,,3584.0,,,,3584.0,,
Rajasthan,Rajasthan,2025,STATE_MERIT,Ophthalmology,VIPIN AJMERA,,1.0,,,,368.0,,,,368.0,,
Rajasthan,Rajasthan,2025,STATE_MERIT,Ophthalmology,VIRENDER SINGH,,1.0,,,,3369.0,,,,3369.0,,
Rajasthan,Rajasthan,2025,STATE_MERIT,Orthopaedics,AMIN ASGAR,,1.0,,,,3777.0,,,,3777.0,,
Rajasthan,Rajasthan,2025,STATE_MERIT,Orthopaedics,AMRA RAM,,1.0,,,,3561.0,,,,3561.0,,
Rajasthan,Rajasthan,2025,STATE_MERIT,Orthopaedics,AMRISH KUMAR TYAGI,,1.0,,,,3556.0,,,,3556.0,,
Rajasthan,Rajasthan,2025,STATE_MERIT,Orthopaedics,ANIL SONGARA,,1.0,,,,1220.0,,,,1220.0,,
Rajasthan,Rajasthan,2025,STATE_MERIT,Orthopaedics,ARUN KUMAR SAXENA,,1.0,,,,397.0,,,,397.0,,
Rajasthan,Rajasthan,2025,STATE_MERIT,Orthopaedics,BABU LAL DHANDE,,1.0,,,,947.0,,,,947.0,,
Rajasthan,Rajasthan,2025,STATE_MERIT,Orthopaedics,BABU LAL SAINI,,1.0,,,,499.0,,,,499.0,,
Rajasthan,Rajasthan,2025,STATE_MERIT,Orthopaedics,BABULAL SHARMA,,1.0,,,,736.0,,,,736.0,,
Rajasthan,Rajasthan,2025,STATE_MERIT,Orthopaedics,BACHHRAJ JAIN,,1.0,,,,263.0,,,,263.0,,
Rajasthan,Rajasthan,2025,STATE_MERIT,Orthopaedics,BHAGWAN SAHAY SHARMA,,1.0,,,,541.0,,,,541.0,,
Rajasthan,Rajasthan,2025,STATE_MERIT,Orthopaedics,BHANWAR LAL,,1.0,,,,3758.0,,,,3758.0,,
Rajasthan,Rajasthan,2025,STATE_MERIT,Orthopaedics,BHATU PARABATBHAI GOVINDBHAI,,1.0,,,,3412.0,,,,3412.0,,
Rajasthan,Rajasthan,2025,STATE_MERIT,Orthopaedics,BRIJVASI MEENA,,1.0,,,,1468.0,,,,1468.0,,
Rajasthan,Rajasthan,2025,STATE_MERIT,Orthopaedics,DINESHBHAI NARSHIBHAI PATEL,,1.0,,,,3598.0,,,,3598.0,,
Rajasthan,Rajasthan,2025,STATE_MERIT,Orthopaedics,GAURAV CHATURVEDI,,1.0,,,,3370.0,,,,3370.0,,
Rajasthan,Rajasthan,2025,STATE_MERIT,Orthopaedics,GIRRAJ PRASAD KHANDELWAL,,1.0,,,,738.0,,,,738.0,,
Rajasthan,Rajasthan,2025,STATE_MERIT,Orthopaedics,GURU PRASAD TIWARI,,1.0,,,,258.0,,,,258.0,,
Rajasthan,Rajasthan,2025,STATE_MERIT,Orthopaedics,HANS RAJ,,1.0,,,,184.0,,,,184.0,,
Rajasthan,Rajasthan,2025,STATE_MERIT,Orthopaedics,HANUMAN SAHAI SHARMA,,1.0,,,,565.0,,,,565.0,,
Rajasthan,Rajasthan,2025,STATE_MERIT,Orthopaedics,HARIKRISHAN SAINI,,1.0,,,,3693.0,,,,3693.0,,
Rajasthan,Rajasthan,2025,STATE_MERIT,Orthopaedics,HARISH CHANDRA CHAUDHARY,,1.0,,,,3397.0,,,,3397.0,,
Rajasthan,Rajasthan,2025,STATE_MERIT,Orthopaedics,HARSH JAIN,,1.0,,,,2483.0,,,,2483.0,,
Rajasthan,Rajasthan,2025,STATE_MERIT,Orthopaedics,HEMRAJ RAWAT,,1.0,,,,1935.0,,,,1935.0,,
Rajasthan,Rajasthan,2025,STATE_MERIT,Orthopaedics,HITESH PALIWAL,,1.0,,,,306.0,,,,306.0,,
Rajasthan,Rajasthan,2025,STATE_MERIT,Orthopaedics,IDAN RAM ARING,,1.0,,,,2823.0,,,,2823.0,,
Rajasthan,Rajasthan,2025,STATE_MERIT,Orthopaedics,JAGADISH PRASAD,,1.0,,,,694.0,,,,694.0,,
Rajasthan,Rajasthan,2025,STATE_MERIT,Orthopaedics,JAGMALARAM,,1.0,,,,372.0,,,,372.0,,
Rajasthan,Rajasthan,2025,STATE_MERIT,Orthopaedics,KAILASH CHAND,,1.0,,,,1127.0,,,,1127.0,,
Rajasthan,Rajasthan,2025,STATE_MERIT,Orthopaedics,KALLA RAM BAWLIYA,,1.0,,,,500.0,,,,500.0,,
Rajasthan,Rajasthan,2025,STATE_MERIT,Orthopaedics,KAMAL KHATRI,,1.0,,,,456.0,,,,456.0,,
Rajasthan,Rajasthan,2025,STATE_MERIT,Orthopaedics,KANA RAM GURJAR,,1.0,,,,2101.0,,,,2101.0,,
Rajasthan,Rajasthan,2025,STATE_MERIT,Orthopaedics,KARNI SINGH DHAKA,,1.0,,,,690.0,,,,690.0,,
Rajasthan,Rajasthan,2025,STATE_MERIT,Orthopaedics,KARU LAL DANGI,,1.0,,,,617.0,,,,617.0,,
Rajasthan,Rajasthan,2025,STATE_MERIT,Orthopaedics,KHEMRAJ PARGI,,1.0,,,,2276.0,,,,2276.0,,
Rajasthan,Rajasthan,2025,STATE_MERIT,Orthopaedics,KISHAN LAL DHAWAL,,1.0,,,,1318.0,,,,1318.0,,
Rajasthan,Rajasthan,2025,STATE_MERIT,Orthopaedics,LALLU RAM KULDEEP,,1.0,,,,1298.0,,,,1298.0,,
Rajasthan,Rajasthan,2025,STATE_MERIT,Orthopaedics,MADAN MOHAN GUPTA,,1.0,,,,319.0,,,,319.0,,
Rajasthan,Rajasthan,2025,STATE_MERIT,Orthopaedics,MAHAVEER SINGH RANWA,,1.0,,,,138.0,,,,138.0,,
Rajasthan,Rajasthan,2025,STATE_MERIT,Orthopaedics,MANA RAM,,1.0,,,,2983.0,,,,2983.0,,
Rajasthan,Rajasthan,2025,STATE_MERIT,Orthopaedics,MOHAN LAL BAIRWA,,2.0,,,,1375.0,,,,985.0,,
Rajasthan,Rajasthan,2025,STATE_MERIT,Orthopaedics,MOHAN SINGH,,1.0,,,,571.0,,,,571.0,,
Rajasthan,Rajasthan,2025,STATE_MERIT,Orthopaedics,MUKESH RATHORE,,1.0,,,,422.0,,,,422.0,,
Rajasthan,Rajasthan,2025,STATE_MERIT,Orthopaedics,NARAYAN YADAV,,1.0,,,,2613.0,,,,2613.0,,
Rajasthan,Rajasthan,2025,STATE_MERIT,Orthopaedics,NARENDER ATOLIA,,1.0,,,,525.0,,,,525.0,,
Rajasthan,Rajasthan,2025,STATE_MERIT,Orthopaedics,NARESH SHAH,,1.0,,,,812.0,,,,812.0,,
Rajasthan,Rajasthan,2025,STATE_MERIT,Orthopaedics,OM PRAKASH BOKOLIYA,,1.0,,,,1263.0,,,,1263.0,,
Rajasthan,Rajasthan,2025,STATE_MERIT,Orthopaedics,OM PRAKASH GODARA,,1.0,,,,3365.0,,,,3365.0,,
Rajasthan,Rajasthan,2025,STATE_MERIT,Orthopaedics,PANKAJ CHHAJERH,,1.0,,,,396.0,,,,396.0,,
Rajasthan,Rajasthan,2025,STATE_MERIT,Orthopaedics,PRAVEEN TRIPATHI,,1.0,,,,3183.0,,,,3183.0,,
Rajasthan,Rajasthan,2025,STATE_MERIT,Orthopaedics,PREM SINGH,,1.0,,,,1060.0,,,,1060.0,,
Rajasthan,Rajasthan,2025,STATE_MERIT,Orthopaedics,PURAN MAL SWAMI,,1.0,,,,390.0,,,,390.0,,
Rajasthan,Rajasthan,2025,STATE_MERIT,Orthopaedics,RAJENDER SINGH SOLANKI,,1.0,,,,3603.0,,,,3603.0,,
Rajasthan,Rajasthan,2025,STATE_MERIT,Orthopaedics,RAJESH BHARIA,,1.0,,,,336.0,,,,336.0,,
Rajasthan,Rajasthan,2025,STATE_MERIT,Orthopaedics,RAJU RAM,,1.0,,,,122.0,,,,122.0,,
Rajasthan,Rajasthan,2025,STATE_MERIT,Orthopaedics,RAKESH SHARMA,,1.0,,,,653.0,,,,653.0,,
Rajasthan,Rajasthan,2025,STATE_MERIT,Orthopaedics,RAM KALYAN REGAR,,1.0,,,,1308.0,,,,1308.0,,
Rajasthan,Rajasthan,2025,STATE_MERIT,Orthopaedics,RAM MURTI PAREEK,,1.0,,,,2610.0,,,,2610.0,,
Rajasthan,Rajasthan,2025,STATE_MERIT,Orthopaedics,RAMAKHTYAR,,1.0,,,,2114.0,,,,2114.0,,
Rajasthan,Rajasthan,2025,STATE_MERIT,Orthopaedics,RAMDEV,,1.0,,,,3687.0,,,,3687.0,,
Rajasthan,Rajasthan,2025,STATE_MERIT,Orthopaedics,RAMESH CHAND MEENA,,1.0,,,,1350.0,,,,1350.0,,
Rajasthan,Rajasthan,2025,STATE_MERIT,Orthopaedics,RAMESH KUMAWAT,,1.0,,,,561.0,,,,561.0,,
Rajasthan,Rajasthan,2025,STATE_MERIT,Orthopaedics,RAMKISHORE DUDI,,1.0,,,,490.0,,,,490.0,,
Rajasthan,Rajasthan,2025,STATE_MERIT,Orthopaedics,RANGLAL MEENA,,1.0,,,,3829.0,,,,3829.0,,
Rajasthan,Rajasthan,2025,STATE_MERIT,Orthopaedics,RANVEER SINGH KATEWA,,1.0,,,,3698.0,,,,3698.0,,
Rajasthan,Rajasthan,2025,STATE_MERIT,Orthopaedics,ROOPSINGH GURJAR,,1.0,,,,2038.0,,,,2038.0,,
Rajasthan,Rajasthan,2025,STATE_MERIT,Orthopaedics,SABBIR,,1.0,,,,3558.0,,,,3558.0,,
Rajasthan,Rajasthan,2025,STATE_MERIT,Orthopaedics,SAGAR SINGH,,1.0,,,,255.0,,,,255.0,,
Rajasthan,Rajasthan,2025,STATE_MERIT,Orthopaedics,SAJJAN SINGH,,1.0,,,,2703.0,,,,2703.0,,
Rajasthan,Rajasthan,2025,STATE_MERIT,Orthopaedics,SANJAY KHANDELWAL,,1.0,,,,601.0,,,,601.0,,
Rajasthan,Rajasthan,2025,STATE_MERIT,Orthopaedics,SATISH CHAND BANSAL,,1.0,,,,640.0,,,,640.0,,
Rajasthan,Rajasthan,2025,STATE_MERIT,Orthopaedics,SATYANARAYAN SHARMA,,1.0,,,,564.0,,,,564.0,,
Rajasthan,Rajasthan,2025,STATE_MERIT,Orthopaedics,SHIV SHANKAR SAINI,,1.0,,,,3667.0,,,,3667.0,,
Rajasthan,Rajasthan,2025,STATE_MERIT,Orthopaedics,SHYOJI LAL SHARMA,,1.0,,,,1719.0,,,,1719.0,,
Rajasthan,Rajasthan,2025,STATE_MERIT,Orthopaedics,SOMESH SHARMA,,1.0,,,,1752.0,,,,1752.0,,
Rajasthan,Rajasthan,2025,STATE_MERIT,Orthopaedics,SURENDRA SINGH YADAV,,1.0,,,,2822.0,,,,2822.0,,
Rajasthan,Rajasthan,2025,STATE_MERIT,Orthopaedics,UMESH KUMAR OJHA,,1.0,,,,2719.0,,,,2719.0,,
Rajasthan,Rajasthan,2025,STATE_MERIT,Orthopaedics,VIJAY KUMAR SEVALIA,,1.0,,,,1230.0,,,,1230.0,,
Rajasthan,Rajasthan,2025,STATE_MERIT,Orthopaedics,VIKRAM SINGH TANWAR,,1.0,,,,1807.0,,,,1807.0,,
Rajasthan,Rajasthan,2025,STATE_MERIT,Orthopaedics,VINOD KUMAR GUPTA,,1.0,,,,473.0,,,,473.0,,
Rajasthan,Rajasthan,2025,STATE_MERIT,PSM/Community Medicine,ANANT KUMAR JAIN,,1.0,,,,3537.0,,,,3537.0,,
Rajasthan,Rajasthan,2025,STATE_MERIT,PSM/Community Medicine,ANIL KUMAR THANVI,,1.0,,,,1756.0,,,,1756.0,,
Rajasthan,Rajasthan,2025,STATE_MERIT,PSM/Community Medicine,ARUN KUMAR SONI,,1.0,,,,841.0,,,,841.0,,
Rajasthan,Rajasthan,2025,STATE_MERIT,PSM/Community Medicine,ARVIND BHARDWAJ,,1.0,,,,2695.0,,,,2695.0,,
Rajasthan,Rajasthan,2025,STATE_MERIT,PSM/Community Medicine,BANNA RAM RAIGER,,1.0,,,,2958.0,,,,2958.0,,
Rajasthan,Rajasthan,2025,STATE_MERIT,PSM/Community Medicine,BHAGCHAND GURJAR,,1.0,,,,3048.0,,,,3048.0,,
Rajasthan,Rajasthan,2025,STATE_MERIT,PSM/Community Medicine,BHASKER SHARMA,,1.0,,,,1516.0,,,,1516.0,,
Rajasthan,Rajasthan,2025,STATE_MERIT,PSM/Community Medicine,CHHOTU LAL MEENA,,1.0,,,,3102.0,,,,3102.0,,
Rajasthan,Rajasthan,2025,STATE_MERIT,PSM/Community Medicine,DEV CHAND MEENA,,1.0,,,,3472.0,,,,3472.0,,
Rajasthan,Rajasthan,2025,STATE_MERIT,PSM/Community Medicine,DHARAM SINGH MEENA,,1.0,,,,2045.0,,,,2045.0,,
Rajasthan,Rajasthan,2025,STATE_MERIT,PSM/Community Medicine,HANSRAJ NAGAR,,1.0,,,,1857.0,,,,1857.0,,
Rajasthan,Rajasthan,2025,STATE_MERIT,PSM/Community Medicine,JODHA RAM KULDEEP,,1.0,,,,2519.0,,,,2519.0,,
Rajasthan,Rajasthan,2025,STATE_MERIT,PSM/Community Medicine,KADURAM MEENA,,1.0,,,,3551.0,,,,3551.0,,
Rajasthan,Rajasthan,2025,STATE_MERIT,PSM/Community Medicine,KAUSHAL RASTOGI,,1.0,,,,3151.0,,,,3151.0,,
Rajasthan,Rajasthan,2025,STATE_MERIT,PSM/Community Medicine,LAL CHAND MAIDA,,1.0,,,,3428.0,,,,3428.0,,
Rajasthan,Rajasthan,2025,STATE_MERIT,PSM/Community Medicine,MAHESH TAPRIYA,,1.0,,,,2743.0,,,,2743.0,,
Rajasthan,Rajasthan,2025,STATE_MERIT,PSM/Community Medicine,MAMAN RAM,,1.0,,,,2091.0,,,,2091.0,,
Rajasthan,Rajasthan,2025,STATE_MERIT,PSM/Community Medicine,MANSUKH PATEL,,1.0,,,,1732.0,,,,1732.0,,
Rajasthan,Rajasthan,2025,STATE_MERIT,PSM/Community Medicine,MOHAN LAL NANOMA,,1.0,,,,3511.0,,,,3511.0,,
Rajasthan,Rajasthan,2025,STATE_MERIT,PSM/Community Medicine,MUKESH CHAND JINDAL,,1.0,,,,2575.0,,,,2575.0,,
Rajasthan,Rajasthan,2025,STATE_MERIT,PSM/Community Medicine,MUKHRAM BHASKAR,,1.0,,,,3675.0,,,,3675.0,,
Rajasthan,Rajasthan,2025,STATE_MERIT,PSM/Community Medicine,MURLI DHAR SHARMA,,1.0,,,,3461.0,,,,3461.0,,
Rajasthan,Rajasthan,2025,STATE_MERIT,PSM/Community Medicine,PARVAT ANJANA,,1.0,,,,1734.0,,,,1734.0,,
Rajasthan,Rajasthan,2025,STATE_MERIT,PSM/Community Medicine,PRABHUVENDRA KUMAR,,1.0,,,,2308.0,,,,2308.0,,
Rajasthan,Rajasthan,2025,STATE_MERIT,PSM/Community Medicine,PRADEEP KUMAR SHARMA,,1.0,,,,1325.0,,,,1325.0,,
Rajasthan,Rajasthan,2025,STATE_MERIT,PSM/Community Medicine,RAGHUNATH RAM,,1.0,,,,3818.0,,,,3818.0,,
Rajasthan,Rajasthan,2025,STATE_MERIT,PSM/Community Medicine,RAMDEV SINGH,,1.0,,,,3217.0,,,,3217.0,,
Rajasthan,Rajasthan,2025,STATE_MERIT,PSM/Community Medicine,RAMESH KUMAR SONI,,1.0,,,,1459.0,,,,1459.0,,
Rajasthan,Rajasthan,2025,STATE_MERIT,PSM/Community Medicine,RAMESH KUMAR TILWANI,,1.0,,,,1825.0,,,,1825.0,,
Rajasthan,Rajasthan,2025,STATE_MERIT,PSM/Community Medicine,SHARWAN KUMAR MEENA,,1.0,,,,3356.0,,,,3356.0,,
Rajasthan,Rajasthan,2025,STATE_MERIT,PSM/Community Medicine,SHRI KISHAN DHOBI,,1.0,,,,2156.0,,,,2156.0,,
Rajasthan,Rajasthan,2025,STATE_MERIT,PSM/Community Medicine,SUBHASH CHANDRA,,1.0,,,,1933.0,,,,1933.0,,
Rajasthan,Rajasthan,2025,STATE_MERIT,PSM/Community Medicine,THUKRI MEENA,,1.0,,,,3047.0,,,,3047.0,,
Rajasthan,Rajasthan,2025,STATE_MERIT,PSM/Community Medicine,VISHVANATH DAMOR,,1.0,,,,2952.0,,,,2952.0,,
Rajasthan,Rajasthan,2025,STATE_MERIT,"Pacific Institute of Medical Sciences, Umarda, Udaipur",MD (Anaesthesia),2.0,,,,3599.0,,,,3532.0,,,
Rajasthan,Rajasthan,2025,STATE_MERIT,"Pacific Institute of Medical Sciences, Umarda, Udaipur",MD (Radiodiagnosis/Radiology),1.0,,,,3403.0,,,,3403.0,,,
Rajasthan,Rajasthan,2025,STATE_MERIT,"Pacific Medical College & Hospital, Udaipur",MD (General Medicine),2.0,,,,3702.0,,,,2833.0,,,
Rajasthan,Rajasthan,2025,STATE_MERIT,"Pacific Medical College & Hospital, Udaipur",MD (Paediatrics),1.0,,,,3701.0,,,,3701.0,,,
Rajasthan,Rajasthan,2025,STATE_MERIT,"Pacific Medical College & Hospital, Udaipur",MD (Skin & V.D / Dermatology Ven. & Leprosy),1.0,,,,1831.0,,,,1831.0,,,
Rajasthan,Rajasthan,2025,STATE_MERIT,Paediatrics,A P SINGH,,1.0,,,,1553.0,,,,1553.0,,
Rajasthan,Rajasthan,2025,STATE_MERIT,Paediatrics,ABDUL NADEEM KHAN,,1.0,,,,1747.0,,,,1747.0,,
Rajasthan,Rajasthan,2025,STATE_MERIT,Paediatrics,AJAY KUMAR,,1.0,,,,1637.0,,,,1637.0,,
Rajasthan,Rajasthan,2025,STATE_MERIT,Paediatrics,AJAY KUMAR PARIHAR,,1.0,,,,450.0,,,,450.0,,
Rajasthan,Rajasthan,2025,STATE_MERIT,Paediatrics,AJAY KUMAR SHARMA,,1.0,,,,3230.0,,,,3230.0,,
Rajasthan,Rajasthan,2025,STATE_MERIT,Paediatrics,AKHE SINGH,,1.0,,,,2798.0,,,,2798.0,,
Rajasthan,Rajasthan,2025,STATE_MERIT,Paediatrics,ARJUN KUMAR DABI,,1.0,,,,2254.0,,,,2254.0,,
Rajasthan,Rajasthan,2025,STATE_MERIT,Paediatrics,ARUN AGGARWAL,,1.0,,,,3462.0,,,,3462.0,,
Rajasthan,Rajasthan,2025,STATE_MERIT,Paediatrics,ARVIND KUMAR JAIN,,1.0,,,,2330.0,,,,2330.0,,
Rajasthan,Rajasthan,2025,STATE_MERIT,Paediatrics,ASHISH SHRIVASTAVA,,1.0,,,,2688.0,,,,2688.0,,
Rajasthan,Rajasthan,2025,STATE_MERIT,Paediatrics,ASHOK JAGHINA,,1.0,,,,3115.0,,,,3115.0,,
Rajasthan,Rajasthan,2025,STATE_MERIT,Paediatrics,ASHOK KUMAR,,1.0,,,,3773.0,,,,3773.0,,
Rajasthan,Rajasthan,2025,STATE_MERIT,Paediatrics,ASHOK KUMAR GARG,,1.0,,,,1828.0,,,,1828.0,,
Rajasthan,Rajasthan,2025,STATE_MERIT,Paediatrics,ASHOK KUMAR MEENA,,1.0,,,,501.0,,,,501.0,,
Rajasthan,Rajasthan,2025,STATE_MERIT,Paediatrics,BABU LAL MEENA,,1.0,,,,721.0,,,,721.0,,
Rajasthan,Rajasthan,2025,STATE_MERIT,Paediatrics,BADRI PRASAD JATAV,,1.0,,,,2862.0,,,,2862.0,,
Rajasthan,Rajasthan,2025,STATE_MERIT,Paediatrics,BANWARI LAL KILANIYA,,1.0,,,,2484.0,,,,2484.0,,
Rajasthan,Rajasthan,2025,STATE_MERIT,Paediatrics,BHAGIRATH MAL,,1.0,,,,1186.0,,,,1186.0,,
Rajasthan,Rajasthan,2025,STATE_MERIT,Paediatrics,BHAGWAN SINGH KUSHWAH,,1.0,,,,2963.0,,,,2963.0,,
Rajasthan,Rajasthan,2025,STATE_MERIT,Paediatrics,BHAIRU LAL GURJAR,,1.0,,,,970.0,,,,970.0,,
Rajasthan,Rajasthan,2025,STATE_MERIT,Paediatrics,BHARAT KUMAR,,1.0,,,,1150.0,,,,1150.0,,
Rajasthan,Rajasthan,2025,STATE_MERIT,Paediatrics,BHERU LAL MEENA,,1.0,,,,2635.0,,,,2635.0,,
Rajasthan,Rajasthan,2025,STATE_MERIT,Paediatrics,BHIKHABHAI KUNIYA,,1.0,,,,3380.0,,,,3380.0,,
Rajasthan,Rajasthan,2025,STATE_MERIT,Paediatrics,BHUPENDRA KUMAR CHANDANA,,1.0,,,,1716.0,,,,1716.0,,
Rajasthan,Rajasthan,2025,STATE_MERIT,Paediatrics,BIRBAL YADAV,,1.0,,,,300.0,,,,300.0,,
Rajasthan,Rajasthan,2025,STATE_MERIT,Paediatrics,BUDHARMAL GODAWAT,,1.0,,,,810.0,,,,810.0,,
Rajasthan,Rajasthan,2025,STATE_MERIT,Paediatrics,D D SHUKLA,,1.0,,,,2858.0,,,,2858.0,,
Rajasthan,Rajasthan,2025,STATE_MERIT,Paediatrics,DALPAT CHOUDHARY,,1.0,,,,1965.0,,,,1965.0,,
Rajasthan,Rajasthan,2025,STATE_MERIT,Paediatrics,DEVARAM CHOUDHARY,,1.0,,,,2350.0,,,,2350.0,,
Rajasthan,Rajasthan,2025,STATE_MERIT,Paediatrics,DEVENDRA KALER,,1.0,,,,3727.0,,,,3727.0,,
Rajasthan,Rajasthan,2025,STATE_MERIT,Paediatrics,DHURA RAM SAINI,,1.0,,,,261.0,,,,261.0,,
Rajasthan,Rajasthan,2025,STATE_MERIT,Paediatrics,DINESH PANCHAL,,1.0,,,,476.0,,,,476.0,,
Rajasthan,Rajasthan,2025,STATE_MERIT,Paediatrics,DULICHAND BARGUJAR,,1.0,,,,890.0,,,,890.0,,
Rajasthan,Rajasthan,2025,STATE_MERIT,Paediatrics,DURGA LAL,,1.0,,,,987.0,,,,987.0,,
Rajasthan,Rajasthan,2025,STATE_MERIT,Paediatrics,GATULAL BUNKAR,,1.0,,,,1796.0,,,,1796.0,,
Rajasthan,Rajasthan,2025,STATE_MERIT,Paediatrics,GIRRAJ PRASAD SHARMA,,1.0,,,,297.0,,,,297.0,,
Rajasthan,Rajasthan,2025,STATE_MERIT,Paediatrics,GOVIND KUMAR GUPTA,,1.0,,,,287.0,,,,287.0,,
Rajasthan,Rajasthan,2025,STATE_MERIT,Paediatrics,GYAN CHANDRA CHITRAVANSHI,,1.0,,,,3824.0,,,,3824.0,,
Rajasthan,Rajasthan,2025,STATE_MERIT,Paediatrics,HANUMAN RAM,,1.0,,,,163.0,,,,163.0,,
Rajasthan,Rajasthan,2025,STATE_MERIT,Paediatrics,HARANDAR SINGH,,1.0,,,,1497.0,,,,1497.0,,
Rajasthan,Rajasthan,2025,STATE_MERIT,Paediatrics,HARI KISHAN BAGARIYA,,1.0,,,,912.0,,,,912.0,,
Rajasthan,Rajasthan,2025,STATE_MERIT,Paediatrics,HEMRAJ MEENA,,1.0,,,,2938.0,,,,2938.0,,
Rajasthan,Rajasthan,2025,STATE_MERIT,Paediatrics,HIRA RAM,,1.0,,,,1413.0,,,,1413.0,,
Rajasthan,Rajasthan,2025,STATE_MERIT,Paediatrics,JABBRARAM,,1.0,,,,799.0,,,,799.0,,
Rajasthan,Rajasthan,2025,STATE_MERIT,Paediatrics,JAGAT RAM MEENA,,1.0,,,,2153.0,,,,2153.0,,
Rajasthan,Rajasthan,2025,STATE_MERIT,Paediatrics,JAGDISH PRASAD,,1.0,,,,347.0,,,,347.0,,
Rajasthan,Rajasthan,2025,STATE_MERIT,Paediatrics,JAGDISH PRASAD KAJALA,,1.0,,,,183.0,,,,183.0,,
Rajasthan,Rajasthan,2025,STATE_MERIT,Paediatrics,JAIRAM ALWARIA,,1.0,,,,3252.0,,,,3252.0,,
Rajasthan,Rajasthan,2025,STATE_MERIT,Paediatrics,KAILASH CHAND,,1.0,,,,666.0,,,,666.0,,
Rajasthan,Rajasthan,2025,STATE_MERIT,Paediatrics,KAILASH CHAND JANGIR,,1.0,,,,1693.0,,,,1693.0,,
Rajasthan,Rajasthan,2025,STATE_MERIT,Paediatrics,KAILASH CHAND KUMAWAT,,1.0,,,,2558.0,,,,2558.0,,
Rajasthan,Rajasthan,2025,STATE_MERIT,Paediatrics,KAILASH CHAND MEENA,,1.0,,,,1216.0,,,,1216.0,,
Rajasthan,Rajasthan,2025,STATE_MERIT,Paediatrics,KAILASH CHANDER SWAMI,,1.0,,,,169.0,,,,169.0,,
Rajasthan,Rajasthan,2025,STATE_MERIT,Paediatrics,KAILASH NARAIN PANCHOLI,,1.0,,,,268.0,,,,268.0,,
Rajasthan,Rajasthan,2025,STATE_MERIT,Paediatrics,KAMAL CHAND GUPTA,,1.0,,,,224.0,,,,224.0,,
Rajasthan,Rajasthan,2025,STATE_MERIT,Paediatrics,KANA RAM SOLANKI,,1.0,,,,941.0,,,,941.0,,
Rajasthan,Rajasthan,2025,STATE_MERIT,Paediatrics,KAPIL KUMAR AGRAWAL,,1.0,,,,2955.0,,,,2955.0,,
Rajasthan,Rajasthan,2025,STATE_MERIT,Paediatrics,KEWAL RAM NADESHWARI,,1.0,,,,2799.0,,,,2799.0,,
Rajasthan,Rajasthan,2025,STATE_MERIT,Paediatrics,KRISHNA GOPAL,,1.0,,,,2378.0,,,,2378.0,,
Rajasthan,Rajasthan,2025,STATE_MERIT,Paediatrics,LACHHA RAM,,1.0,,,,837.0,,,,837.0,,
Rajasthan,Rajasthan,2025,STATE_MERIT,Paediatrics,LALIT KUMAR OJHA,,1.0,,,,2776.0,,,,2776.0,,
Rajasthan,Rajasthan,2025,STATE_MERIT,Paediatrics,MADAN LAL SHARMA,,1.0,,,,213.0,,,,213.0,,
Rajasthan,Rajasthan,2025,STATE_MERIT,Paediatrics,MADHO SINGH,,1.0,,,,57.0,,,,57.0,,
Rajasthan,Rajasthan,2025,STATE_MERIT,Paediatrics,MAHAVIR PRASAD,,1.0,,,,150.0,,,,150.0,,
Rajasthan,Rajasthan,2025,STATE_MERIT,Paediatrics,MAHENDRA JOSHI,,1.0,,,,2382.0,,,,2382.0,,
Rajasthan,Rajasthan,2025,STATE_MERIT,Paediatrics,MAHENDRA SINGH,,1.0,,,,2474.0,,,,2474.0,,
Rajasthan,Rajasthan,2025,STATE_MERIT,Paediatrics,MAHESH KUMAR SHARMA,,1.0,,,,1511.0,,,,1511.0,,
Rajasthan,Rajasthan,2025,STATE_MERIT,Paediatrics,MAN SINGH CHOUHAN,,1.0,,,,3153.0,,,,3153.0,,
Rajasthan,Rajasthan,2025,STATE_MERIT,Paediatrics,MANOJ KUMAR AHUJA,,1.0,,,,2292.0,,,,2292.0,,
Rajasthan,Rajasthan,2025,STATE_MERIT,Paediatrics,MANPHOOL SINGH,,1.0,,,,136.0,,,,136.0,,
Rajasthan,Rajasthan,2025,STATE_MERIT,Paediatrics,MEHRAM MEHRIYA,,1.0,,,,3738.0,,,,3738.0,,
Rajasthan,Rajasthan,2025,STATE_MERIT,Paediatrics,MOHAN LAL BHEDI,,1.0,,,,2356.0,,,,2356.0,,
Rajasthan,Rajasthan,2025,STATE_MERIT,Paediatrics,MOHAN LAL NOGIA,,1.0,,,,1982.0,,,,1982.0,,
Rajasthan,Rajasthan,2025,STATE_MERIT,Paediatrics,MOHAN SINGH GURJAR,,1.0,,,,1137.0,,,,1137.0,,
Rajasthan,Rajasthan,2025,STATE_MERIT,Paediatrics,MOOL CHAND SHARMA,,1.0,,,,267.0,,,,267.0,,
Rajasthan,Rajasthan,2025,STATE_MERIT,Paediatrics,MUKESH KUMAR JANGIR,,1.0,,,,154.0,,,,154.0,,
Rajasthan,Rajasthan,2025,STATE_MERIT,Paediatrics,MUKHMAL CHOUDHARY,,1.0,,,,1595.0,,,,1595.0,,
Rajasthan,Rajasthan,2025,STATE_MERIT,Paediatrics,MURLI DHAR SONDLYA,,1.0,,,,1412.0,,,,1412.0,,
Rajasthan,Rajasthan,2025,STATE_MERIT,Paediatrics,NANAK RAM PANWAR,,1.0,,,,2684.0,,,,2684.0,,
Rajasthan,Rajasthan,2025,STATE_MERIT,Paediatrics,NARESH KUMAR BHALOTHIA,,1.0,,,,3214.0,,,,3214.0,,
Rajasthan,Rajasthan,2025,STATE_MERIT,Paediatrics,NAVEEN CHANDRA DANI,,1.0,,,,3563.0,,,,3563.0,,
Rajasthan,Rajasthan,2025,STATE_MERIT,Paediatrics,NEMICHAND MAHLA,,1.0,,,,244.0,,,,244.0,,
Rajasthan,Rajasthan,2025,STATE_MERIT,Paediatrics,NIRANJAN JAIN,,1.0,,,,1436.0,,,,1436.0,,
Rajasthan,Rajasthan,2025,STATE_MERIT,Paediatrics,NIRMAL SONI,,1.0,,,,1901.0,,,,1901.0,,
Rajasthan,Rajasthan,2025,STATE_MERIT,Paediatrics,OM PRAKASH,,2.0,,,,2698.0,,,,2522.0,,
Rajasthan,Rajasthan,2025,STATE_MERIT,Paediatrics,OM PRAKASH BILONIYA,,1.0,,,,2629.0,,,,2629.0,,
Rajasthan,Rajasthan,2025,STATE_MERIT,Paediatrics,OM PRAKASH KUMAWAT,,1.0,,,,1278.0,,,,1278.0,,
Rajasthan,Rajasthan,2025,STATE_MERIT,Paediatrics,OMPRAKASH RAIGAR,,1.0,,,,570.0,,,,570.0,,
Rajasthan,Rajasthan,2025,STATE_MERIT,Paediatrics,OMPRAKASH VERMA,,1.0,,,,904.0,,,,904.0,,
Rajasthan,Rajasthan,2025,STATE_MERIT,Paediatrics,ONKAR MAL,,1.0,,,,180.0,,,,180.0,,
Rajasthan,Rajasthan,2025,STATE_MERIT,Paediatrics,PADAM CHAND JAIN,,1.0,,,,2353.0,,,,2353.0,,
Rajasthan,Rajasthan,2025,STATE_MERIT,Paediatrics,PHOOL CHAND SAINI,,1.0,,,,320.0,,,,320.0,,
Rajasthan,Rajasthan,2025,STATE_MERIT,Paediatrics,PRABHU DAYAL SUKHIJA,,1.0,,,,3186.0,,,,3186.0,,
Rajasthan,Rajasthan,2025,STATE_MERIT,Paediatrics,PRADEEP BANSAL,,1.0,,,,2982.0,,,,2982.0,,
Rajasthan,Rajasthan,2025,STATE_MERIT,Paediatrics,PRAHLAD NAGAR,,1.0,,,,149.0,,,,149.0,,
Rajasthan,Rajasthan,2025,STATE_MERIT,Paediatrics,PRAWEEN PALIWAL,,1.0,,,,332.0,,,,332.0,,
Rajasthan,Rajasthan,2025,STATE_MERIT,Paediatrics,PREM SUKH PANDIYA,,1.0,,,,204.0,,,,204.0,,
Rajasthan,Rajasthan,2025,STATE_MERIT,Paediatrics,PUKHRAJ PRAJAPAT,,1.0,,,,294.0,,,,294.0,,
Rajasthan,Rajasthan,2025,STATE_MERIT,Paediatrics,PUSHPENDRA VAJPAYEE,,1.0,,,,2751.0,,,,2751.0,,
Rajasthan,Rajasthan,2025,STATE_MERIT,Paediatrics,PYARCHAND JAIN,,1.0,,,,428.0,,,,428.0,,
Rajasthan,Rajasthan,2025,STATE_MERIT,Paediatrics,RADHE SHYAM YADAV,,1.0,,,,2338.0,,,,2338.0,,
Rajasthan,Rajasthan,2025,STATE_MERIT,Paediatrics,RADHESHYAM,,1.0,,,,269.0,,,,269.0,,
Rajasthan,Rajasthan,2025,STATE_MERIT,Paediatrics,RADHEY SHYAM DAGUR,,1.0,,,,1101.0,,,,1101.0,,
Rajasthan,Rajasthan,2025,STATE_MERIT,Paediatrics,RAJA RAM MEENA,,1.0,,,,1185.0,,,,1185.0,,
Rajasthan,Rajasthan,2025,STATE_MERIT,Paediatrics,RAJENDRA KUMAR VIJAY,,1.0,,,,322.0,,,,322.0,,
Rajasthan,Rajasthan,2025,STATE_MERIT,Paediatrics,RAJESH SONI,,1.0,,,,1703.0,,,,1703.0,,
Rajasthan,Rajasthan,2025,STATE_MERIT,Paediatrics,RAJINDER KUMAR SHARMA,,1.0,,,,266.0,,,,266.0,,
Rajasthan,Rajasthan,2025,STATE_MERIT,Paediatrics,RAM CHANDRA NEHRA,,1.0,,,,1948.0,,,,1948.0,,
Rajasthan,Rajasthan,2025,STATE_MERIT,Paediatrics,RAM LAL YADAV,,1.0,,,,3072.0,,,,3072.0,,
Rajasthan,Rajasthan,2025,STATE_MERIT,Paediatrics,RAM NIVAS,,1.0,,,,1705.0,,,,1705.0,,
Rajasthan,Rajasthan,2025,STATE_MERIT,Paediatrics,RAM PRASAD,,1.0,,,,2361.0,,,,2361.0,,
Rajasthan,Rajasthan,2025,STATE_MERIT,Paediatrics,RAM SINGH KASHYAP,,1.0,,,,3704.0,,,,3704.0,,
Rajasthan,Rajasthan,2025,STATE_MERIT,Paediatrics,RAMAVTAR MEENA,,1.0,,,,1264.0,,,,1264.0,,
Rajasthan,Rajasthan,2025,STATE_MERIT,Paediatrics,RAMESHVER SINGH,,1.0,,,,434.0,,,,434.0,,
Rajasthan,Rajasthan,2025,STATE_MERIT,Paediatrics,RAMESHWAR LAL MAHALA,,1.0,,,,1293.0,,,,1293.0,,
Rajasthan,Rajasthan,2025,STATE_MERIT,Paediatrics,RAMESHWAR PARIHAR,,1.0,,,,900.0,,,,900.0,,
Rajasthan,Rajasthan,2025,STATE_MERIT,Paediatrics,RAMESHWAR PRASAD SAINI,,1.0,,,,333.0,,,,333.0,,
Rajasthan,Rajasthan,2025,STATE_MERIT,Paediatrics,RAMKISHAN LAXKAR,,1.0,,,,209.0,,,,209.0,,
Rajasthan,Rajasthan,2025,STATE_MERIT,Paediatrics,RAMKISHOR SHARMA,,1.0,,,,856.0,,,,856.0,,
Rajasthan,Rajasthan,2025,STATE_MERIT,Paediatrics,RAMKUMAR MEENA,,1.0,,,,1034.0,,,,1034.0,,
Rajasthan,Rajasthan,2025,STATE_MERIT,Paediatrics,RAMOTAR GURJAR,,1.0,,,,663.0,,,,663.0,,
Rajasthan,Rajasthan,2025,STATE_MERIT,Paediatrics,RAMSWAROOP MUNDOTIYA,,1.0,,,,1077.0,,,,1077.0,,
Rajasthan,Rajasthan,2025,STATE_MERIT,Paediatrics,RAVISHANKAR SINGH,,1.0,,,,2913.0,,,,2913.0,,
Rajasthan,Rajasthan,2025,STATE_MERIT,Paediatrics,REWAD MAL SHARMA,,1.0,,,,212.0,,,,212.0,,
Rajasthan,Rajasthan,2025,STATE_MERIT,Paediatrics,ROHITASH SINGH,,1.0,,,,3276.0,,,,3276.0,,
Rajasthan,Rajasthan,2025,STATE_MERIT,Paediatrics,SAMANDER SINGH SHARMA,,1.0,,,,274.0,,,,274.0,,
Rajasthan,Rajasthan,2025,STATE_MERIT,Paediatrics,SANJAY RATHEE,,1.0,,,,3503.0,,,,3503.0,,
Rajasthan,Rajasthan,2025,STATE_MERIT,Paediatrics,SATISH KUMAR GURJAR,,1.0,,,,550.0,,,,550.0,,
Rajasthan,Rajasthan,2025,STATE_MERIT,Paediatrics,SATYA NARAYAN MEENA,,1.0,,,,1200.0,,,,1200.0,,
Rajasthan,Rajasthan,2025,STATE_MERIT,Paediatrics,SATYANARAYAN NAMA,,1.0,,,,334.0,,,,334.0,,
Rajasthan,Rajasthan,2025,STATE_MERIT,Paediatrics,SHAMBHU LAL,,1.0,,,,2273.0,,,,2273.0,,
Rajasthan,Rajasthan,2025,STATE_MERIT,Paediatrics,SHANKAR LAL MEENA,,1.0,,,,1241.0,,,,1241.0,,
Rajasthan,Rajasthan,2025,STATE_MERIT,Paediatrics,SHANTI LAL DAMOR,,1.0,,,,2082.0,,,,2082.0,,
Rajasthan,Rajasthan,2025,STATE_MERIT,Paediatrics,SHARWAN KUMAR KURI,,1.0,,,,2409.0,,,,2409.0,,
Rajasthan,Rajasthan,2025,STATE_MERIT,Paediatrics,SHISHRAM,,1.0,,,,1005.0,,,,1005.0,,
Rajasthan,Rajasthan,2025,STATE_MERIT,Paediatrics,SHISHUPAL SINGH,,1.0,,,,2488.0,,,,2488.0,,
Rajasthan,Rajasthan,2025,STATE_MERIT,Paediatrics,SHOKAT ALI,,1.0,,,,210.0,,,,210.0,,
Rajasthan,Rajasthan,2025,STATE_MERIT,Paediatrics,SHYAM BABU MISRA,,1.0,,,,2660.0,,,,2660.0,,
Rajasthan,Rajasthan,2025,STATE_MERIT,Paediatrics,SHYAM LAL MEENA,,1.0,,,,3715.0,,,,3715.0,,
Rajasthan,Rajasthan,2025,STATE_MERIT,Paediatrics,SHYAM SINGH GURJAR,,1.0,,,,592.0,,,,592.0,,
Rajasthan,Rajasthan,2025,STATE_MERIT,Paediatrics,SHYAM SUNDRA SHARMA,,1.0,,,,453.0,,,,453.0,,
Rajasthan,Rajasthan,2025,STATE_MERIT,Paediatrics,SHYORAMA RAM,,1.0,,,,664.0,,,,664.0,,
Rajasthan,Rajasthan,2025,STATE_MERIT,Paediatrics,SOHAN LAL SANKHLA,,1.0,,,,1119.0,,,,1119.0,,
Rajasthan,Rajasthan,2025,STATE_MERIT,Paediatrics,SUDHIR KUMAR BHATNAGAR,,1.0,,,,2367.0,,,,2367.0,,
Rajasthan,Rajasthan,2025,STATE_MERIT,Paediatrics,SUKHBIR YADAV,,1.0,,,,2834.0,,,,2834.0,,
Rajasthan,Rajasthan,2025,STATE_MERIT,Paediatrics,SURESH SHARMA,,1.0,,,,2925.0,,,,2925.0,,
Rajasthan,Rajasthan,2025,STATE_MERIT,Paediatrics,TIKAM CHAND,,1.0,,,,953.0,,,,953.0,,
Rajasthan,Rajasthan,2025,STATE_MERIT,Paediatrics,UMA SHANKAR SHARMA,,1.0,,,,325.0,,,,325.0,,
Rajasthan,Rajasthan,2025,STATE_MERIT,Paediatrics,UPADHYAY PRADIPKUMAR BALRAMBHAI,,1.0,,,,2167.0,,,,2167.0,,
Rajasthan,Rajasthan,2025,STATE_MERIT,Paediatrics,VIKRAM CHAND,,1.0,,,,1043.0,,,,1043.0,,
Rajasthan,Rajasthan,2025,STATE_MERIT,Paediatrics,VINOD KUMAR CHAUHAN,,1.0,,,,3328.0,,,,3328.0,,
Rajasthan,Rajasthan,2025,STATE_MERIT,Paediatrics,VISWANATH GOYAL,,1.0,,,,1208.0,,,,1208.0,,
Rajasthan,Rajasthan,2025,STATE_MERIT,Palliative Medicine,AMAR CHAND SONKARIA,,1.0,,,,1669.0,,,,1669.0,,
Rajasthan,Rajasthan,2025,STATE_MERIT,Palliative Medicine,GOPAL JALAN,,1.0,,,,2334.0,,,,2334.0,,
Rajasthan,Rajasthan,2025,STATE_MERIT,Palliative Medicine,HARKARAN RAIDAS,,1.0,,,,1582.0,,,,1582.0,,
Rajasthan,Rajasthan,2025,STATE_MERIT,Palliative Medicine,MOHAN SINGH,,1.0,,,,2614.0,,,,2614.0,,
Rajasthan,Rajasthan,2025,STATE_MERIT,Palliative Medicine,RAGHUNATH RAM,,1.0,,,,859.0,,,,859.0,,
Rajasthan,Rajasthan,2025,STATE_MERIT,Palliative Medicine,SHANKAR LAL GUPTA,,1.0,,,,2332.0,,,,2332.0,,
Rajasthan,Rajasthan,2025,STATE_MERIT,Pathology,AMRIT RAM,,1.0,,,,2297.0,,,,2297.0,,
Rajasthan,Rajasthan,2025,STATE_MERIT,Pathology,ANAND BINNANI,,1.0,,,,2655.0,,,,2655.0,,
Rajasthan,Rajasthan,2025,STATE_MERIT,Pathology,ASHOK GOYAL,,1.0,,,,1367.0,,,,1367.0,,
Rajasthan,Rajasthan,2025,STATE_MERIT,Pathology,ASHVINBHAI,,1.0,,,,3733.0,,,,3733.0,,
Rajasthan,Rajasthan,2025,STATE_MERIT,Pathology,BABULAL BANSIWAL,,1.0,,,,2102.0,,,,2102.0,,
Rajasthan,Rajasthan,2025,STATE_MERIT,Pathology,BHANWAR LAL,,1.0,,,,3817.0,,,,3817.0,,
Rajasthan,Rajasthan,2025,STATE_MERIT,Pathology,BHARATKUMAR PADHIAR,,1.0,,,,3619.0,,,,3619.0,,
Rajasthan,Rajasthan,2025,STATE_MERIT,Pathology,BHAWANI SINGH,,1.0,,,,3724.0,,,,3724.0,,
Rajasthan,Rajasthan,2025,STATE_MERIT,Pathology,BRIJ BHUSHAN SHARMA,,1.0,,,,3371.0,,,,3371.0,,
Rajasthan,Rajasthan,2025,STATE_MERIT,Pathology,CHANAN MAL,,1.0,,,,881.0,,,,881.0,,
Rajasthan,Rajasthan,2025,STATE_MERIT,Pathology,CHANDRA PRAKASH SHARMA,,1.0,,,,1315.0,,,,1315.0,,
Rajasthan,Rajasthan,2025,STATE_MERIT,Pathology,CHIRANJI LAL,,1.0,,,,1574.0,,,,1574.0,,
Rajasthan,Rajasthan,2025,STATE_MERIT,Pathology,CHIRANJI LAL SHARMA,,1.0,,,,2007.0,,,,2007.0,,
Rajasthan,Rajasthan,2025,STATE_MERIT,Pathology,CHITAR LAL LADAWAT,,1.0,,,,2288.0,,,,2288.0,,
Rajasthan,Rajasthan,2025,STATE_MERIT,Pathology,CHITRANJAN SANKHLA,,1.0,,,,1229.0,,,,1229.0,,
Rajasthan,Rajasthan,2025,STATE_MERIT,Pathology,DAYA LAL DAMOR,,1.0,,,,3203.0,,,,3203.0,,
Rajasthan,Rajasthan,2025,STATE_MERIT,Pathology,DEVENDRA LADDHA,,1.0,,,,1176.0,,,,1176.0,,
Rajasthan,Rajasthan,2025,STATE_MERIT,Pathology,DHARAM SINGH PANWAR,,1.0,,,,1604.0,,,,1604.0,,
Rajasthan,Rajasthan,2025,STATE_MERIT,Pathology,DILEEP SINGH SHEKHAWAT,,1.0,,,,1666.0,,,,1666.0,,
Rajasthan,Rajasthan,2025,STATE_MERIT,Pathology,DIMPLE GARG,,1.0,,,,3488.0,,,,3488.0,,
Rajasthan,Rajasthan,2025,STATE_MERIT,Pathology,DURGA PRASAD GARHWAL,,1.0,,,,2237.0,,,,2237.0,,
Rajasthan,Rajasthan,2025,STATE_MERIT,Pathology,GOVERDHAN AGRAWAL,,1.0,,,,2285.0,,,,2285.0,,
Rajasthan,Rajasthan,2025,STATE_MERIT,Pathology,HANUMAN LAL DHAKA,,1.0,,,,1469.0,,,,1469.0,,
Rajasthan,Rajasthan,2025,STATE_MERIT,Pathology,HANUMANA RAM BARWAD,,1.0,,,,1658.0,,,,1658.0,,
Rajasthan,Rajasthan,2025,STATE_MERIT,Pathology,HARISH CHAND BANSAL,,1.0,,,,575.0,,,,575.0,,
Rajasthan,Rajasthan,2025,STATE_MERIT,Pathology,JAGDISH PRASAD KUMAWAT,,1.0,,,,955.0,,,,955.0,,
Rajasthan,Rajasthan,2025,STATE_MERIT,Pathology,JAYRAM CHOUDHARY,,1.0,,,,1042.0,,,,1042.0,,
Rajasthan,Rajasthan,2025,STATE_MERIT,Pathology,JETHMAL SOLANKI,,1.0,,,,1389.0,,,,1389.0,,
Rajasthan,Rajasthan,2025,STATE_MERIT,Pathology,JORA RAM,,1.0,,,,3258.0,,,,3258.0,,
Rajasthan,Rajasthan,2025,STATE_MERIT,Pathology,KAMAL SINGH MEENA,,1.0,,,,2054.0,,,,2054.0,,
Rajasthan,Rajasthan,2025,STATE_MERIT,Pathology,KAMLA SHANKER DAMOR,,1.0,,,,3138.0,,,,3138.0,,
Rajasthan,Rajasthan,2025,STATE_MERIT,Pathology,KANA RAM SARAN,,1.0,,,,839.0,,,,839.0,,
Rajasthan,Rajasthan,2025,STATE_MERIT,Pathology,LABANDH BODH ROYAL,,1.0,,,,2352.0,,,,2352.0,,
Rajasthan,Rajasthan,2025,STATE_MERIT,Pathology,LAL CHAND SHARMA,,1.0,,,,1281.0,,,,1281.0,,
Rajasthan,Rajasthan,2025,STATE_MERIT,Pathology,LALIT KUMAR PALIWAL,,1.0,,,,1401.0,,,,1401.0,,
Rajasthan,Rajasthan,2025,STATE_MERIT,Pathology,MAHAVIR PRASAD BANSAL,,1.0,,,,1938.0,,,,1938.0,,
Rajasthan,Rajasthan,2025,STATE_MERIT,Pathology,MAHESH SHARMA,,1.0,,,,1188.0,,,,1188.0,,
Rajasthan,Rajasthan,2025,STATE_MERIT,Pathology,MANI RAM MEENA,,1.0,,,,2868.0,,,,2868.0,,
Rajasthan,Rajasthan,2025,STATE_MERIT,Pathology,MANOJ KUMAR SHARMA,,1.0,,,,1342.0,,,,1342.0,,
Rajasthan,Rajasthan,2025,STATE_MERIT,Pathology,MOOL SINGH RAJPUROHIT,,1.0,,,,1310.0,,,,1310.0,,
Rajasthan,Rajasthan,2025,STATE_MERIT,Pathology,MUNNA LAL RINWA,,1.0,,,,2227.0,,,,2227.0,,
Rajasthan,Rajasthan,2025,STATE_MERIT,Pathology,MURLI MANOHAR SHARMA,,1.0,,,,3322.0,,,,3322.0,,
Rajasthan,Rajasthan,2025,STATE_MERIT,Pathology,NANDLAL DODIYAR,,1.0,,,,2668.0,,,,2668.0,,
Rajasthan,Rajasthan,2025,STATE_MERIT,Pathology,NARAYAN KUMAR NARNOLIA,,1.0,,,,2264.0,,,,2264.0,,
Rajasthan,Rajasthan,2025,STATE_MERIT,Pathology,NARENDRA PAL DHAWAL,,1.0,,,,2130.0,,,,2130.0,,
Rajasthan,Rajasthan,2025,STATE_MERIT,Pathology,NARESH KUMAR THAGRIA,,1.0,,,,2888.0,,,,2888.0,,
Rajasthan,Rajasthan,2025,STATE_MERIT,Pathology,NARESH PARMAR,,1.0,,,,2835.0,,,,2835.0,,
Rajasthan,Rajasthan,2025,STATE_MERIT,Pathology,PATEL KANAIYALAL MANUBHAI,,1.0,,,,3364.0,,,,3364.0,,
Rajasthan,Rajasthan,2025,STATE_MERIT,Pathology,PAWAN CHOUDHARY,,1.0,,,,1358.0,,,,1358.0,,
Rajasthan,Rajasthan,2025,STATE_MERIT,Pathology,PHOOL SINGH JAKHAR,,1.0,,,,1410.0,,,,1410.0,,
Rajasthan,Rajasthan,2025,STATE_MERIT,Pathology,PRAMOD KUMAR MEENA,,1.0,,,,2993.0,,,,2993.0,,
Rajasthan,Rajasthan,2025,STATE_MERIT,Pathology,PRATAP SINGH YADAV,,1.0,,,,2305.0,,,,2305.0,,
Rajasthan,Rajasthan,2025,STATE_MERIT,Pathology,RAISINGH VASUNIYA,,1.0,,,,2739.0,,,,2739.0,,
Rajasthan,Rajasthan,2025,STATE_MERIT,Pathology,RAJARAM CHITARA,,1.0,,,,1584.0,,,,1584.0,,
Rajasthan,Rajasthan,2025,STATE_MERIT,Pathology,RAJEEV GARG,,1.0,,,,1490.0,,,,1490.0,,
Rajasthan,Rajasthan,2025,STATE_MERIT,Pathology,RAJENDRA MAIDA,,1.0,,,,3368.0,,,,3368.0,,
Rajasthan,Rajasthan,2025,STATE_MERIT,Pathology,RAJESH AGNIHOTRI,,1.0,,,,1019.0,,,,1019.0,,
Rajasthan,Rajasthan,2025,STATE_MERIT,Pathology,RAJESH SINGH YADAV,,1.0,,,,1520.0,,,,1520.0,,
Rajasthan,Rajasthan,2025,STATE_MERIT,Pathology,RAJKAMAL AJMERA,,1.0,,,,1674.0,,,,1674.0,,
Rajasthan,Rajasthan,2025,STATE_MERIT,Pathology,RAJSEH KUMAR ARYA,,1.0,,,,2165.0,,,,2165.0,,
Rajasthan,Rajasthan,2025,STATE_MERIT,Pathology,RAM SAHAY MEENA,,1.0,,,,2476.0,,,,2476.0,,
Rajasthan,Rajasthan,2025,STATE_MERIT,Pathology,RAMESH CHANDRA LAXKAR,,1.0,,,,1432.0,,,,1432.0,,
Rajasthan,Rajasthan,2025,STATE_MERIT,Pathology,RAMESH CHOUDHARY,,1.0,,,,1564.0,,,,1564.0,,
Rajasthan,Rajasthan,2025,STATE_MERIT,Pathology,RAMESHWAR LAL,,2.0,,,,1907.0,,,,1691.0,,
Rajasthan,Rajasthan,2025,STATE_MERIT,Pathology,RAMLAL BUNKAR,,1.0,,,,1985.0,,,,1985.0,,
Rajasthan,Rajasthan,2025,STATE_MERIT,Pathology,RAVI GUPTA,,1.0,,,,1662.0,,,,1662.0,,
Rajasthan,Rajasthan,2025,STATE_MERIT,Pathology,RAVI KALANI,,1.0,,,,2877.0,,,,2877.0,,
Rajasthan,Rajasthan,2025,STATE_MERIT,Pathology,RIPUNJAY SHARMA,,1.0,,,,1892.0,,,,1892.0,,
Rajasthan,Rajasthan,2025,STATE_MERIT,Pathology,S M GAJRAJ,,1.0,,,,3082.0,,,,3082.0,,
Rajasthan,Rajasthan,2025,STATE_MERIT,Pathology,SAHADEV CHOUDHARY,,1.0,,,,1646.0,,,,1646.0,,
Rajasthan,Rajasthan,2025,STATE_MERIT,Pathology,SHAIKH ZAHEER AHMAD,,1.0,,,,1323.0,,,,1323.0,,
Rajasthan,Rajasthan,2025,STATE_MERIT,Pathology,SORABH PUROHIT,,1.0,,,,1624.0,,,,1624.0,,
Rajasthan,Rajasthan,2025,STATE_MERIT,Pathology,SUNIL KUMAR GUPTA,,1.0,,,,1262.0,,,,1262.0,,
Rajasthan,Rajasthan,2025,STATE_MERIT,Pathology,SUNIL KUMAR SAINI,,1.0,,,,1079.0,,,,1079.0,,
Rajasthan,Rajasthan,2025,STATE_MERIT,Pathology,SURESH KUMAR VERMA,,1.0,,,,2105.0,,,,2105.0,,
Rajasthan,Rajasthan,2025,STATE_MERIT,Pathology,SYED KHALIQ AHMED NAQVI,,1.0,,,,1146.0,,,,1146.0,,
Rajasthan,Rajasthan,2025,STATE_MERIT,Pathology,UMESH CHAND AGRAWAL,,1.0,,,,2000.0,,,,2000.0,,
Rajasthan,Rajasthan,2025,STATE_MERIT,Pathology,UMMED SINGH SHEKHAWAT,,1.0,,,,3348.0,,,,3348.0,,
Rajasthan,Rajasthan,2025,STATE_MERIT,Pathology,UTTAM CHAND AGARWAL,,1.0,,,,1655.0,,,,1655.0,,
Rajasthan,Rajasthan,2025,STATE_MERIT,Pathology,VINOD ANAND,,1.0,,,,1489.0,,,,1489.0,,
Rajasthan,Rajasthan,2025,STATE_MERIT,Pathology,VINOD DUTT SHARMA,,1.0,,,,1962.0,,,,1962.0,,
Rajasthan,Rajasthan,2025,STATE_MERIT,Pharmacology,BAL CHAND NAGAR,,1.0,,,,1817.0,,,,1817.0,,
Rajasthan,Rajasthan,2025,STATE_MERIT,Pharmacology,BHARAT AMETA,,1.0,,,,1685.0,,,,1685.0,,
Rajasthan,Rajasthan,2025,STATE_MERIT,Pharmacology,CHANDRA PRAKASH BADAYA,,1.0,,,,2193.0,,,,2193.0,,
Rajasthan,Rajasthan,2025,STATE_MERIT,Pharmacology,CHHITAR MAL BURI,,1.0,,,,1660.0,,,,1660.0,,
Rajasthan,Rajasthan,2025,STATE_MERIT,Pharmacology,GHANSHYAM MEENA,,1.0,,,,3716.0,,,,3716.0,,
Rajasthan,Rajasthan,2025,STATE_MERIT,Pharmacology,GOKULJI PATIDAR,,1.0,,,,1987.0,,,,1987.0,,
Rajasthan,Rajasthan,2025,STATE_MERIT,Pharmacology,HAJA ROAT,,1.0,,,,3760.0,,,,3760.0,,
Rajasthan,Rajasthan,2025,STATE_MERIT,Pharmacology,JAI PRAKASH YADAV,,1.0,,,,3317.0,,,,3317.0,,
Rajasthan,Rajasthan,2025,STATE_MERIT,Pharmacology,JHEEPAR RAM,,1.0,,,,3366.0,,,,3366.0,,
Rajasthan,Rajasthan,2025,STATE_MERIT,Pharmacology,JODHRAJ,,1.0,,,,3723.0,,,,3723.0,,
Rajasthan,Rajasthan,2025,STATE_MERIT,Pharmacology,KHUBA RAM,,1.0,,,,3394.0,,,,3394.0,,
Rajasthan,Rajasthan,2025,STATE_MERIT,Pharmacology,MAHESH KUMAR,,1.0,,,,2864.0,,,,2864.0,,
Rajasthan,Rajasthan,2025,STATE_MERIT,Pharmacology,MALU RAM,,1.0,,,,3404.0,,,,3404.0,,
Rajasthan,Rajasthan,2025,STATE_MERIT,Pharmacology,MANGILAL,,1.0,,,,2357.0,,,,2357.0,,
Rajasthan,Rajasthan,2025,STATE_MERIT,Pharmacology,RAJENDRA TANWAR,,1.0,,,,2252.0,,,,2252.0,,
Rajasthan,Rajasthan,2025,STATE_MERIT,Pharmacology,RAJESH PRASAD SHARMA,,1.0,,,,3416.0,,,,3416.0,,
Rajasthan,Rajasthan,2025,STATE_MERIT,Pharmacology,RAMESH KUMAR,,1.0,,,,2899.0,,,,2899.0,,
Rajasthan,Rajasthan,2025,STATE_MERIT,Pharmacology,RAMJEEVAN KHINCHI,,1.0,,,,3471.0,,,,3471.0,,
Rajasthan,Rajasthan,2025,STATE_MERIT,Pharmacology,REKHARAM DUKIYA,,1.0,,,,2863.0,,,,2863.0,,
Rajasthan,Rajasthan,2025,STATE_MERIT,Pharmacology,SAHAB SINGH,,1.0,,,,3729.0,,,,3729.0,,
Rajasthan,Rajasthan,2025,STATE_MERIT,Pharmacology,SHANTI LAL BAFNA,,1.0,,,,2838.0,,,,2838.0,,
Rajasthan,Rajasthan,2025,STATE_MERIT,Pharmacology,SHIVRAM SINGH,,1.0,,,,2642.0,,,,2642.0,,
Rajasthan,Rajasthan,2025,STATE_MERIT,Pharmacology,SIKANDAR MOHAMMD,,1.0,,,,2452.0,,,,2452.0,,
Rajasthan,Rajasthan,2025,STATE_MERIT,Pharmacology,UMESH CHAND GUPTA,,1.0,,,,2268.0,,,,2268.0,,
Rajasthan,Rajasthan,2025,STATE_MERIT,Pharmacology,VIKAL GUPTA,,1.0,,,,2454.0,,,,2454.0,,
Rajasthan,Rajasthan,2025,STATE_MERIT,Phy. Med. & Reh.,BHANWAR SINGH,,1.0,,,,2809.0,,,,2809.0,,
Rajasthan,Rajasthan,2025,STATE_MERIT,Phy. Med. & Reh.,JAIRAM,,1.0,,,,3806.0,,,,3806.0,,
Rajasthan,Rajasthan,2025,STATE_MERIT,Phy. Med. & Reh.,KAMAL KISHORE ARORA,,1.0,,,,871.0,,,,871.0,,
Rajasthan,Rajasthan,2025,STATE_MERIT,Phy. Med. & Reh.,RAJURAM CHAUDHARY,,1.0,,,,3562.0,,,,3562.0,,
Rajasthan,Rajasthan,2025,STATE_MERIT,Phy. Med. & Reh.,SUNIL KUMAR GOYAL,,1.0,,,,901.0,,,,901.0,,
Rajasthan,Rajasthan,2025,STATE_MERIT,Phy. Med. & Reh.,VINOD KUMAR GUPTA,,1.0,,,,853.0,,,,853.0,,
Rajasthan,Rajasthan,2025,STATE_MERIT,Physiology,BANWARI LAL MUND,,1.0,,,,3813.0,,,,3813.0,,
Rajasthan,Rajasthan,2025,STATE_MERIT,Physiology,BHOPAL SINGH,,1.0,,,,1829.0,,,,1829.0,,
Rajasthan,Rajasthan,2025,STATE_MERIT,Physiology,HANUMAN SINGH RAJPUROHIT,,1.0,,,,2325.0,,,,2325.0,,
Rajasthan,Rajasthan,2025,STATE_MERIT,Physiology,KHERAJ RAM,,1.0,,,,2604.0,,,,2604.0,,
Rajasthan,Rajasthan,2025,STATE_MERIT,Physiology,MOHAMMAD ASLAM,,1.0,,,,2940.0,,,,2940.0,,
Rajasthan,Rajasthan,2025,STATE_MERIT,Physiology,OM PRAKASH,,1.0,,,,3686.0,,,,3686.0,,
Rajasthan,Rajasthan,2025,STATE_MERIT,Physiology,OMPRAKASH,,1.0,,,,3448.0,,,,3448.0,,
Rajasthan,Rajasthan,2025,STATE_MERIT,Physiology,RAJENDRA JATAV,,1.0,,,,3759.0,,,,3759.0,,
Rajasthan,Rajasthan,2025,STATE_MERIT,Physiology,RAM PRAKASH SHARMA,,1.0,,,,2880.0,,,,2880.0,,
Rajasthan,Rajasthan,2025,STATE_MERIT,Physiology,SHIV KUMAR SHARMA,,1.0,,,,2691.0,,,,2691.0,,
Rajasthan,Rajasthan,2025,STATE_MERIT,Physiology,SURESH KUMAR TAILOR,,1.0,,,,3401.0,,,,3401.0,,
Rajasthan,Rajasthan,2025,STATE_MERIT,Physiology,TARUN JAIN,,1.0,,,,3602.0,,,,3602.0,,
Rajasthan,Rajasthan,2025,STATE_MERIT,Physiology,VIJAY YADAV,,1.0,,,,2944.0,,,,2944.0,,
Rajasthan,Rajasthan,2025,STATE_MERIT,Psychiatry,ABHAY KUMAR,,1.0,,,,3090.0,,,,3090.0,,
Rajasthan,Rajasthan,2025,STATE_MERIT,Psychiatry,ANAND SINGH SHEKHAWAT,,1.0,,,,552.0,,,,552.0,,
Rajasthan,Rajasthan,2025,STATE_MERIT,Psychiatry,BHANWAR LAL ROYAL,,1.0,,,,133.0,,,,133.0,,
Rajasthan,Rajasthan,2025,STATE_MERIT,Psychiatry,DASHRATH SINGH GURJAR,,1.0,,,,1947.0,,,,1947.0,,
Rajasthan,Rajasthan,2025,STATE_MERIT,Psychiatry,DHARMENDRA SINGH,,1.0,,,,3483.0,,,,3483.0,,
Rajasthan,Rajasthan,2025,STATE_MERIT,Psychiatry,DHARMPAL SINGH KHICHAR,,1.0,,,,292.0,,,,292.0,,
Rajasthan,Rajasthan,2025,STATE_MERIT,Psychiatry,DINESH BHARDWAJ,,1.0,,,,275.0,,,,275.0,,
Rajasthan,Rajasthan,2025,STATE_MERIT,Psychiatry,G S RASTOGI,,1.0,,,,3576.0,,,,3576.0,,
Rajasthan,Rajasthan,2025,STATE_MERIT,Psychiatry,GIRIRAJ NAGAR,,1.0,,,,482.0,,,,482.0,,
Rajasthan,Rajasthan,2025,STATE_MERIT,Psychiatry,GURMAIL SINGH,,1.0,,,,3648.0,,,,3648.0,,
Rajasthan,Rajasthan,2025,STATE_MERIT,Psychiatry,HARI NARAYAN,,1.0,,,,1197.0,,,,1197.0,,
Rajasthan,Rajasthan,2025,STATE_MERIT,Psychiatry,HARISH KUMAR VERMA,,1.0,,,,1286.0,,,,1286.0,,
Rajasthan,Rajasthan,2025,STATE_MERIT,Psychiatry,J P SINGH,,1.0,,,,3512.0,,,,3512.0,,
Rajasthan,Rajasthan,2025,STATE_MERIT,Psychiatry,KANHAIYA LAL BHAGORA,,1.0,,,,2442.0,,,,2442.0,,
Rajasthan,Rajasthan,2025,STATE_MERIT,Psychiatry,KISHAN LAL,,1.0,,,,1069.0,,,,1069.0,,
Rajasthan,Rajasthan,2025,STATE_MERIT,Psychiatry,MANA RAM,,1.0,,,,2093.0,,,,2093.0,,
Rajasthan,Rajasthan,2025,STATE_MERIT,Psychiatry,MANGI LAL,,1.0,,,,557.0,,,,557.0,,
Rajasthan,Rajasthan,2025,STATE_MERIT,Psychiatry,MUKESH SHAH,,1.0,,,,3291.0,,,,3291.0,,
Rajasthan,Rajasthan,2025,STATE_MERIT,Psychiatry,PRADHUMAN JAIN,,1.0,,,,544.0,,,,544.0,,
Rajasthan,Rajasthan,2025,STATE_MERIT,Psychiatry,RAJENDRA PRASAD,,1.0,,,,414.0,,,,414.0,,
Rajasthan,Rajasthan,2025,STATE_MERIT,Psychiatry,RAJKUMAR DARGAR,,1.0,,,,394.0,,,,394.0,,
Rajasthan,Rajasthan,2025,STATE_MERIT,Psychiatry,RAM RATAN GUPTA,,1.0,,,,3101.0,,,,3101.0,,
Rajasthan,Rajasthan,2025,STATE_MERIT,Psychiatry,RAM SWAROOP BAKOLIA,,1.0,,,,1433.0,,,,1433.0,,
Rajasthan,Rajasthan,2025,STATE_MERIT,Psychiatry,RAMDAYAL BILONIYA,,1.0,,,,1098.0,,,,1098.0,,
Rajasthan,Rajasthan,2025,STATE_MERIT,Psychiatry,RAMESH BARAYACH,,1.0,,,,3590.0,,,,3590.0,,
Rajasthan,Rajasthan,2025,STATE_MERIT,Psychiatry,RAMESH KUMAR,,1.0,,,,3232.0,,,,3232.0,,
Rajasthan,Rajasthan,2025,STATE_MERIT,Psychiatry,SANJEEV BHARDWAJ,,1.0,,,,3389.0,,,,3389.0,,
Rajasthan,Rajasthan,2025,STATE_MERIT,Psychiatry,SEETARAM MEENA,,1.0,,,,1424.0,,,,1424.0,,
Rajasthan,Rajasthan,2025,STATE_MERIT,Psychiatry,SHIV SHANKAR GUPTA,,1.0,,,,286.0,,,,286.0,,
Rajasthan,Rajasthan,2025,STATE_MERIT,Psychiatry,SIYARAM,,1.0,,,,1435.0,,,,1435.0,,
Rajasthan,Rajasthan,2025,STATE_MERIT,Psychiatry,SUBHASH CHANDRA GUPTA,,1.0,,,,3485.0,,,,3485.0,,
Rajasthan,Rajasthan,2025,STATE_MERIT,Psychiatry,SUMER SINGH SAHARAN,,1.0,,,,2852.0,,,,2852.0,,
Rajasthan,Rajasthan,2025,STATE_MERIT,Psychiatry,SURESHCHANDRA AKHANI,,1.0,,,,2968.0,,,,2968.0,,
Rajasthan,Rajasthan,2025,STATE_MERIT,Psychiatry,TRILOK SINGH,,1.0,,,,539.0,,,,539.0,,
Rajasthan,Rajasthan,2025,STATE_MERIT,RBM Hospital Bharatpur,Post MBBS Diploma (ENT),1.0,,,,2608.0,,,,2608.0,,,
Rajasthan,Rajasthan,2025,STATE_MERIT,RBM Hospital Bharatpur,Post MBBS Diploma (Obs & Gyne),2.0,,,,1208.0,,,,1199.0,,,
Rajasthan,Rajasthan,2025,STATE_MERIT,RBM Hospital Bharatpur,Post MBBS Diploma (Paediatrics),2.0,,,,1944.0,,,,845.0,,,
Rajasthan,Rajasthan,2025,STATE_MERIT,RBM Hospital Bharatpur,Post MBBS Diploma (TB & Chest),2.0,,,,1483.0,,,,1260.0,,,
Rajasthan,Rajasthan,2025,STATE_MERIT,RNT MC Udaipur,MD (Anaesthesia),11.0,,,,2719.0,,,,763.0,,,
Rajasthan,Rajasthan,2025,STATE_MERIT,RNT MC Udaipur,MD (Biochemistry),4.0,,,,3678.0,,,,3236.0,,,
Rajasthan,Rajasthan,2025,STATE_MERIT,RNT MC Udaipur,MD (Forensic Medicine),2.0,,,,3373.0,,,,1627.0,,,
Rajasthan,Rajasthan,2025,STATE_MERIT,RNT MC Udaipur,MD (General Medicine),11.0,,,,1286.0,,,,56.0,,,
Rajasthan,Rajasthan,2025,STATE_MERIT,RNT MC Udaipur,MD (Immunohaematology and Blood Transfusion),1.0,,,,1334.0,,,,1334.0,,,
Rajasthan,Rajasthan,2025,STATE_MERIT,RNT MC Udaipur,MD (Microbiology),1.0,,,,1401.0,,,,1401.0,,,
Rajasthan,Rajasthan,2025,STATE_MERIT,RNT MC Udaipur,MD (PSM/Community Medicine),4.0,,,,3205.0,,,,2241.0,,,
Rajasthan,Rajasthan,2025,STATE_MERIT,RNT MC Udaipur,MD (Paediatrics),9.0,,,,2205.0,,,,154.0,,,
Rajasthan,Rajasthan,2025,STATE_MERIT,RNT MC Udaipur,MD (Pathology),10.0,,,,3054.0,,,,1236.0,,,
Rajasthan,Rajasthan,2025,STATE_MERIT,RNT MC Udaipur,MD (Pharmacology),5.0,,,,3646.0,,,,2396.0,,,
Rajasthan,Rajasthan,2025,STATE_MERIT,RNT MC Udaipur,MD (Psychiatry),1.0,,,,1909.0,,,,1909.0,,,
Rajasthan,Rajasthan,2025,STATE_MERIT,RNT MC Udaipur,MD (Radiodiagnosis/Radiology),3.0,,,,404.0,,,,19.0,,,
Rajasthan,Rajasthan,2025,STATE_MERIT,RNT MC Udaipur,MD (Radiotherapy/Radiationoncology),1.0,,,,670.0,,,,670.0,,,
Rajasthan,Rajasthan,2025,STATE_MERIT,RNT MC Udaipur,MD (Respiratory Medicine/T.B. & Chest/Tuberculosis & Respiratory Diseases),2.0,,,,2108.0,,,,361.0,,,
Rajasthan,Rajasthan,2025,STATE_MERIT,RNT MC Udaipur,MD (Skin & V.D / Dermatology Ven. & Leprosy),3.0,,,,944.0,,,,31.0,,,
Rajasthan,Rajasthan,2025,STATE_MERIT,RNT MC Udaipur,MS (ENT),1.0,,,,2452.0,,,,2452.0,,,
Rajasthan,Rajasthan,2025,STATE_MERIT,RNT MC Udaipur,MS (General Surgery),8.0,,,,2566.0,,,,500.0,,,
Rajasthan,Rajasthan,2025,STATE_MERIT,RNT MC Udaipur,MS (Obst. & Gynaecology),14.0,,,,2352.0,,,,295.0,,,
Rajasthan,Rajasthan,2025,STATE_MERIT,RNT MC Udaipur,MS (Ophthalmology),2.0,,,,2505.0,,,,445.0,,,
Rajasthan,Rajasthan,2025,STATE_MERIT,RNT MC Udaipur,MS (Orthopaedics),4.0,,,,2225.0,,,,497.0,,,
Rajasthan,Rajasthan,2025,STATE_MERIT,RUHS College of Medical Sciences,MD (Anaesthesia),2.0,,,,2740.0,,,,1270.0,,,
Rajasthan,Rajasthan,2025,STATE_MERIT,RUHS College of Medical Sciences,MD (Biochemistry),1.0,,,,2791.0,,,,2791.0,,,
Rajasthan,Rajasthan,2025,STATE_MERIT,RUHS College of Medical Sciences,MD (Forensic Medicine),2.0,,,,2139.0,,,,1582.0,,,
Rajasthan,Rajasthan,2025,STATE_MERIT,RUHS College of Medical Sciences,MD (General Medicine),2.0,,,,198.0,,,,105.0,,,
Rajasthan,Rajasthan,2025,STATE_MERIT,RUHS College of Medical Sciences,MD (Microbiology),2.0,,,,2653.0,,,,2067.0,,,
Rajasthan,Rajasthan,2025,STATE_MERIT,RUHS College of Medical Sciences,MD (PSM/Community Medicine),2.0,,,,3431.0,,,,2968.0,,,
Rajasthan,Rajasthan,2025,STATE_MERIT,RUHS College of Medical Sciences,MD (Paediatrics),1.0,,,,1184.0,,,,1184.0,,,
Rajasthan,Rajasthan,2025,STATE_MERIT,RUHS College of Medical Sciences,MD (Pathology),2.0,,,,1545.0,,,,1256.0,,,
Rajasthan,Rajasthan,2025,STATE_MERIT,RUHS College of Medical Sciences,MD (Pharmacology),1.0,,,,3321.0,,,,3321.0,,,
Rajasthan,Rajasthan,2025,STATE_MERIT,RUHS College of Medical Sciences,MD (Respiratory Medicine/T.B. & Chest/Tuberculosis & Respiratory Diseases),2.0,,,,581.0,,,,442.0,,,
Rajasthan,Rajasthan,2025,STATE_MERIT,RUHS College of Medical Sciences,MS (Anatomy),1.0,,,,3604.0,,,,3604.0,,,
Rajasthan,Rajasthan,2025,STATE_MERIT,RUHS College of Medical Sciences,MS (ENT),2.0,,,,876.0,,,,537.0,,,
Rajasthan,Rajasthan,2025,STATE_MERIT,RUHS College of Medical Sciences,MS (General Surgery),2.0,,,,1556.0,,,,653.0,,,
Rajasthan,Rajasthan,2025,STATE_MERIT,RUHS College of Medical Sciences,MS (Obst. & Gynaecology),2.0,,,,1842.0,,,,517.0,,,
Rajasthan,Rajasthan,2025,STATE_MERIT,RUHS College of Medical Sciences,MS (Ophthalmology),2.0,,,,703.0,,,,529.0,,,
Rajasthan,Rajasthan,2025,STATE_MERIT,RUHS College of Medical Sciences,MS (Orthopaedics),2.0,,,,1354.0,,,,684.0,,,
Rajasthan,Rajasthan,2025,STATE_MERIT,Radio-diagnosis,ABDUL SHAKOOR,,1.0,,,,62.0,,,,62.0,,
Rajasthan,Rajasthan,2025,STATE_MERIT,Radiodiagnosis/Radiology,ABDHESH KUMAR GAUTAM,,1.0,,,,2072.0,,,,2072.0,,
Rajasthan,Rajasthan,2025,STATE_MERIT,Radiodiagnosis/Radiology,ADESHARA KISHAN ARVINDBHAI,,1.0,,,,1815.0,,,,1815.0,,
Rajasthan,Rajasthan,2025,STATE_MERIT,Radiodiagnosis/Radiology,AMAR SINGH ANDHANA,,1.0,,,,3173.0,,,,3173.0,,
Rajasthan,Rajasthan,2025,STATE_MERIT,Radiodiagnosis/Radiology,AMIT KUMAR JAIN,,1.0,,,,1242.0,,,,1242.0,,
Rajasthan,Rajasthan,2025,STATE_MERIT,Radiodiagnosis/Radiology,AMRIT PAUL SINGLA,,1.0,,,,3580.0,,,,3580.0,,
Rajasthan,Rajasthan,2025,STATE_MERIT,Radiodiagnosis/Radiology,ARVIND MATHUR,,1.0,,,,2498.0,,,,2498.0,,
Rajasthan,Rajasthan,2025,STATE_MERIT,Radiodiagnosis/Radiology,ARVINDKUMAR,,1.0,,,,1860.0,,,,1860.0,,
Rajasthan,Rajasthan,2025,STATE_MERIT,Radiodiagnosis/Radiology,BHAGWAN,,1.0,,,,3795.0,,,,3795.0,,
Rajasthan,Rajasthan,2025,STATE_MERIT,Radiodiagnosis/Radiology,BHIMRAJ MEENA,,1.0,,,,3796.0,,,,3796.0,,
Rajasthan,Rajasthan,2025,STATE_MERIT,Radiodiagnosis/Radiology,BHUWAN CHANDRA UPADHYAY,,1.0,,,,2634.0,,,,2634.0,,
Rajasthan,Rajasthan,2025,STATE_MERIT,Radiodiagnosis/Radiology,CHAKRAPANI SHARMA,,1.0,,,,822.0,,,,822.0,,
Rajasthan,Rajasthan,2025,STATE_MERIT,Radiodiagnosis/Radiology,CHAUDHARY ARJANBHAI,,1.0,,,,3491.0,,,,3491.0,,
Rajasthan,Rajasthan,2025,STATE_MERIT,Radiodiagnosis/Radiology,DHANANJAYA KUMAR DWIVEDI,,1.0,,,,12.0,,,,12.0,,
Rajasthan,Rajasthan,2025,STATE_MERIT,Radiodiagnosis/Radiology,DHIRENDRA SINGH CHOUHAN,,1.0,,,,1094.0,,,,1094.0,,
Rajasthan,Rajasthan,2025,STATE_MERIT,Radiodiagnosis/Radiology,DILIP SINGH RATHORE,,1.0,,,,96.0,,,,96.0,,
Rajasthan,Rajasthan,2025,STATE_MERIT,Radiodiagnosis/Radiology,DINESH KUMAR SONI,,1.0,,,,26.0,,,,26.0,,
Rajasthan,Rajasthan,2025,STATE_MERIT,Radiodiagnosis/Radiology,FIROZ AHMED QUAZI,,1.0,,,,3309.0,,,,3309.0,,
Rajasthan,Rajasthan,2025,STATE_MERIT,Radiodiagnosis/Radiology,GANESH PRASAD SONI,,1.0,,,,32.0,,,,32.0,,
Rajasthan,Rajasthan,2025,STATE_MERIT,Radiodiagnosis/Radiology,GANESHA RAM,,2.0,,,,3490.0,,,,910.0,,
Rajasthan,Rajasthan,2025,STATE_MERIT,Radiodiagnosis/Radiology,GANGA SINGH RATHORE,,1.0,,,,8.0,,,,8.0,,
Rajasthan,Rajasthan,2025,STATE_MERIT,Radiodiagnosis/Radiology,GOPA RAM,,1.0,,,,2253.0,,,,2253.0,,
Rajasthan,Rajasthan,2025,STATE_MERIT,Radiodiagnosis/Radiology,GOPAL LAL,,1.0,,,,30.0,,,,30.0,,
Rajasthan,Rajasthan,2025,STATE_MERIT,Radiodiagnosis/Radiology,GOPAL SINGH,,1.0,,,,3284.0,,,,3284.0,,
Rajasthan,Rajasthan,2025,STATE_MERIT,Radiodiagnosis/Radiology,HANUMAN SAHAY MEENA,,1.0,,,,315.0,,,,315.0,,
Rajasthan,Rajasthan,2025,STATE_MERIT,Radiodiagnosis/Radiology,HARI RAM JARIYA,,1.0,,,,27.0,,,,27.0,,
Rajasthan,Rajasthan,2025,STATE_MERIT,Radiodiagnosis/Radiology,HARI RAM KARWASARA,,1.0,,,,3654.0,,,,3654.0,,
Rajasthan,Rajasthan,2025,STATE_MERIT,Radiodiagnosis/Radiology,HEMANT DADWARIA,,1.0,,,,1633.0,,,,1633.0,,
Rajasthan,Rajasthan,2025,STATE_MERIT,Radiodiagnosis/Radiology,ISEM SINGH MORYE,,1.0,,,,3518.0,,,,3518.0,,
Rajasthan,Rajasthan,2025,STATE_MERIT,Radiodiagnosis/Radiology,JAGDISH PRASAD,,1.0,,,,406.0,,,,406.0,,
Rajasthan,Rajasthan,2025,STATE_MERIT,Radiodiagnosis/Radiology,JAI SINGH POONIA,,1.0,,,,2572.0,,,,2572.0,,
Rajasthan,Rajasthan,2025,STATE_MERIT,Radiodiagnosis/Radiology,JAINARAYAN SAINI,,1.0,,,,6.0,,,,6.0,,
Rajasthan,Rajasthan,2025,STATE_MERIT,Radiodiagnosis/Radiology,JAIRAM CHOUDHARY,,1.0,,,,33.0,,,,33.0,,
Rajasthan,Rajasthan,2025,STATE_MERIT,Radiodiagnosis/Radiology,JOGENDRA KUMAR,,1.0,,,,10.0,,,,10.0,,
Rajasthan,Rajasthan,2025,STATE_MERIT,Radiodiagnosis/Radiology,JUGTA RAM,,1.0,,,,19.0,,,,19.0,,
Rajasthan,Rajasthan,2025,STATE_MERIT,Radiodiagnosis/Radiology,KALLU RAM SHARMA,,1.0,,,,20.0,,,,20.0,,
Rajasthan,Rajasthan,2025,STATE_MERIT,Radiodiagnosis/Radiology,KAMAL AGRAWAL,,1.0,,,,2746.0,,,,2746.0,,
Rajasthan,Rajasthan,2025,STATE_MERIT,Radiodiagnosis/Radiology,KUNDAN JOSHI,,1.0,,,,22.0,,,,22.0,,
Rajasthan,Rajasthan,2025,STATE_MERIT,Radiodiagnosis/Radiology,LAXMI PRASAD SHARMA,,1.0,,,,2235.0,,,,2235.0,,
Rajasthan,Rajasthan,2025,STATE_MERIT,Radiodiagnosis/Radiology,MADAN LAL YADAV,,1.0,,,,5.0,,,,5.0,,
Rajasthan,Rajasthan,2025,STATE_MERIT,Radiodiagnosis/Radiology,MAHABIR SINGH,,1.0,,,,2317.0,,,,2317.0,,
Rajasthan,Rajasthan,2025,STATE_MERIT,Radiodiagnosis/Radiology,MAHESH KUMAR AGRAWAL,,1.0,,,,135.0,,,,135.0,,
Rajasthan,Rajasthan,2025,STATE_MERIT,Radiodiagnosis/Radiology,MANISH ARORA,,1.0,,,,1770.0,,,,1770.0,,
Rajasthan,Rajasthan,2025,STATE_MERIT,Radiodiagnosis/Radiology,MANISH NAGAR,,1.0,,,,1441.0,,,,1441.0,,
Rajasthan,Rajasthan,2025,STATE_MERIT,Radiodiagnosis/Radiology,MANOJ KUMAR JAIN,,1.0,,,,2750.0,,,,2750.0,,
Rajasthan,Rajasthan,2025,STATE_MERIT,Radiodiagnosis/Radiology,MOHAN LAL YADAV,,1.0,,,,14.0,,,,14.0,,
Rajasthan,Rajasthan,2025,STATE_MERIT,Radiodiagnosis/Radiology,MUKESH BIHARI,,1.0,,,,3268.0,,,,3268.0,,
Rajasthan,Rajasthan,2025,STATE_MERIT,Radiodiagnosis/Radiology,MUKESH KUMAR AGGARWAL,,1.0,,,,1848.0,,,,1848.0,,
Rajasthan,Rajasthan,2025,STATE_MERIT,Radiodiagnosis/Radiology,MUKESH KUMAR SHARMA,,1.0,,,,1125.0,,,,1125.0,,
Rajasthan,Rajasthan,2025,STATE_MERIT,Radiodiagnosis/Radiology,NANU RAM,,1.0,,,,21.0,,,,21.0,,
Rajasthan,Rajasthan,2025,STATE_MERIT,Radiodiagnosis/Radiology,NANU RAM GAHANOLIA,,1.0,,,,427.0,,,,427.0,,
Rajasthan,Rajasthan,2025,STATE_MERIT,Radiodiagnosis/Radiology,NARENDRA NAGAR,,1.0,,,,1570.0,,,,1570.0,,
Rajasthan,Rajasthan,2025,STATE_MERIT,Radiodiagnosis/Radiology,NEHRU LAL YADAV,,1.0,,,,18.0,,,,18.0,,
Rajasthan,Rajasthan,2025,STATE_MERIT,Radiodiagnosis/Radiology,NIRANJAN MEENA,,1.0,,,,1143.0,,,,1143.0,,
Rajasthan,Rajasthan,2025,STATE_MERIT,Radiodiagnosis/Radiology,OM PRAKASH PRAJAPAT,,1.0,,,,15.0,,,,15.0,,
Rajasthan,Rajasthan,2025,STATE_MERIT,Radiodiagnosis/Radiology,PADMA RAM SAU,,1.0,,,,4.0,,,,4.0,,
Rajasthan,Rajasthan,2025,STATE_MERIT,Radiodiagnosis/Radiology,PARTHA SARATHI MAHANTA,,1.0,,,,3007.0,,,,3007.0,,
Rajasthan,Rajasthan,2025,STATE_MERIT,Radiodiagnosis/Radiology,PAWAN CHOUDHARY,,1.0,,,,1191.0,,,,1191.0,,
Rajasthan,Rajasthan,2025,STATE_MERIT,Radiodiagnosis/Radiology,PAWAN GARG,,1.0,,,,82.0,,,,82.0,,
Rajasthan,Rajasthan,2025,STATE_MERIT,Radiodiagnosis/Radiology,PRADEEP KUMAR JAIN,,1.0,,,,2198.0,,,,2198.0,,
Rajasthan,Rajasthan,2025,STATE_MERIT,Radiodiagnosis/Radiology,RAJARAM SAHARAN,,1.0,,,,2.0,,,,2.0,,
Rajasthan,Rajasthan,2025,STATE_MERIT,Radiodiagnosis/Radiology,RAJESH KUMAR AGARWAL,,1.0,,,,1.0,,,,1.0,,
Rajasthan,Rajasthan,2025,STATE_MERIT,Radiodiagnosis/Radiology,RAJESH KUMAR SHARMA,,1.0,,,,1617.0,,,,1617.0,,
Rajasthan,Rajasthan,2025,STATE_MERIT,Radiodiagnosis/Radiology,RAJNEESH PAL YADAV,,1.0,,,,2603.0,,,,2603.0,,
Rajasthan,Rajasthan,2025,STATE_MERIT,Radiodiagnosis/Radiology,RAKESH,,1.0,,,,1619.0,,,,1619.0,,
Rajasthan,Rajasthan,2025,STATE_MERIT,Radiodiagnosis/Radiology,RAMAWTAR DOODWAL,,1.0,,,,7.0,,,,7.0,,
Rajasthan,Rajasthan,2025,STATE_MERIT,Radiodiagnosis/Radiology,RAMESH MOHNANI,,1.0,,,,3329.0,,,,3329.0,,
Rajasthan,Rajasthan,2025,STATE_MERIT,Radiodiagnosis/Radiology,RAMLAL SHARMA,,1.0,,,,3400.0,,,,3400.0,,
Rajasthan,Rajasthan,2025,STATE_MERIT,Radiodiagnosis/Radiology,RAVINDER KUMAR BANSAL,,1.0,,,,2115.0,,,,2115.0,,
Rajasthan,Rajasthan,2025,STATE_MERIT,Radiodiagnosis/Radiology,S M SHAHNAWAZ,,1.0,,,,2272.0,,,,2272.0,,
Rajasthan,Rajasthan,2025,STATE_MERIT,Radiodiagnosis/Radiology,SANJIV BHALLA,,1.0,,,,1898.0,,,,1898.0,,
Rajasthan,Rajasthan,2025,STATE_MERIT,Radiodiagnosis/Radiology,SATYAPAL SINGH TILOTIA,,1.0,,,,3018.0,,,,3018.0,,
Rajasthan,Rajasthan,2025,STATE_MERIT,Radiodiagnosis/Radiology,SAWAT RAM CHOUDHARY,,1.0,,,,1735.0,,,,1735.0,,
Rajasthan,Rajasthan,2025,STATE_MERIT,Radiodiagnosis/Radiology,SHYAM SUNDAR MANGAL,,1.0,,,,2256.0,,,,2256.0,,
Rajasthan,Rajasthan,2025,STATE_MERIT,Radiodiagnosis/Radiology,SURENDER SINGH,,1.0,,,,3502.0,,,,3502.0,,
Rajasthan,Rajasthan,2025,STATE_MERIT,Radiodiagnosis/Radiology,VINAY PAL YADAV,,1.0,,,,3.0,,,,3.0,,
Rajasthan,Rajasthan,2025,STATE_MERIT,Radiotherapy/Radiationoncology,AJAY KUMAR MISHRA,,1.0,,,,846.0,,,,846.0,,
Rajasthan,Rajasthan,2025,STATE_MERIT,Radiotherapy/Radiationoncology,AJAY SHARMA,,1.0,,,,2754.0,,,,2754.0,,
Rajasthan,Rajasthan,2025,STATE_MERIT,Radiotherapy/Radiationoncology,ANIL CHOUDHARY,,1.0,,,,973.0,,,,973.0,,
Rajasthan,Rajasthan,2025,STATE_MERIT,Radiotherapy/Radiationoncology,ARVIND KUMAR CHATURVEDI,,1.0,,,,2676.0,,,,2676.0,,
Rajasthan,Rajasthan,2025,STATE_MERIT,Radiotherapy/Radiationoncology,ASHISH AGRAWAL,,1.0,,,,928.0,,,,928.0,,
Rajasthan,Rajasthan,2025,STATE_MERIT,Radiotherapy/Radiationoncology,BABU LAL SHARMA,,1.0,,,,981.0,,,,981.0,,
Rajasthan,Rajasthan,2025,STATE_MERIT,Radiotherapy/Radiationoncology,BAJITKHAN,,1.0,,,,2950.0,,,,2950.0,,
Rajasthan,Rajasthan,2025,STATE_MERIT,Radiotherapy/Radiationoncology,CHANDRESH MEHTA,,1.0,,,,2335.0,,,,2335.0,,
Rajasthan,Rajasthan,2025,STATE_MERIT,Radiotherapy/Radiationoncology,DILBAG SINGH,,1.0,,,,494.0,,,,494.0,,
Rajasthan,Rajasthan,2025,STATE_MERIT,Radiotherapy/Radiationoncology,GATU LAL DENDOR,,1.0,,,,2710.0,,,,2710.0,,
Rajasthan,Rajasthan,2025,STATE_MERIT,Radiotherapy/Radiationoncology,GOPAL LAL SHARMA,,1.0,,,,358.0,,,,358.0,,
Rajasthan,Rajasthan,2025,STATE_MERIT,Radiotherapy/Radiationoncology,GYAN CHAND JAIN,,1.0,,,,2344.0,,,,2344.0,,
Rajasthan,Rajasthan,2025,STATE_MERIT,Radiotherapy/Radiationoncology,HITESHBHAI,,1.0,,,,3285.0,,,,3285.0,,
Rajasthan,Rajasthan,2025,STATE_MERIT,Radiotherapy/Radiationoncology,KRISHAN LAL,,1.0,,,,3127.0,,,,3127.0,,
Rajasthan,Rajasthan,2025,STATE_MERIT,Radiotherapy/Radiationoncology,L R CHOUDHARY,,1.0,,,,630.0,,,,630.0,,
Rajasthan,Rajasthan,2025,STATE_MERIT,Radiotherapy/Radiationoncology,MADALA JAYAPAL,,1.0,,,,3515.0,,,,3515.0,,
Rajasthan,Rajasthan,2025,STATE_MERIT,Radiotherapy/Radiationoncology,MUKESH CHAND JAIN,,1.0,,,,1955.0,,,,1955.0,,
Rajasthan,Rajasthan,2025,STATE_MERIT,Radiotherapy/Radiationoncology,MUKESH SAINI,,1.0,,,,2919.0,,,,2919.0,,
Rajasthan,Rajasthan,2025,STATE_MERIT,Radiotherapy/Radiationoncology,RAIMAL CHAUDHARY,,1.0,,,,582.0,,,,582.0,,
Rajasthan,Rajasthan,2025,STATE_MERIT,Radiotherapy/Radiationoncology,RAJENDRA UJJAINIA,,1.0,,,,1321.0,,,,1321.0,,
Rajasthan,Rajasthan,2025,STATE_MERIT,Radiotherapy/Radiationoncology,RAJESH MIDDHA,,1.0,,,,891.0,,,,891.0,,
Rajasthan,Rajasthan,2025,STATE_MERIT,Radiotherapy/Radiationoncology,RAKESH KUMAR GUPTA,,1.0,,,,1538.0,,,,1538.0,,
Rajasthan,Rajasthan,2025,STATE_MERIT,Radiotherapy/Radiationoncology,RAMESHWAR LAL MEENA,,1.0,,,,1877.0,,,,1877.0,,
Rajasthan,Rajasthan,2025,STATE_MERIT,Radiotherapy/Radiationoncology,RATTI RAM MEENA,,1.0,,,,1983.0,,,,1983.0,,
Rajasthan,Rajasthan,2025,STATE_MERIT,Radiotherapy/Radiationoncology,SATISH KHANDELWAL,,1.0,,,,680.0,,,,680.0,,
Rajasthan,Rajasthan,2025,STATE_MERIT,Radiotherapy/Radiationoncology,SUDHIRANJAN THINGBAIJAM,,1.0,,,,2792.0,,,,2792.0,,
Rajasthan,Rajasthan,2025,STATE_MERIT,Radiotherapy/Radiationoncology,SUMAN PRAMANIK,,1.0,,,,1956.0,,,,1956.0,,
Rajasthan,Rajasthan,2025,STATE_MERIT,Radiotherapy/Radiationoncology,SUNIL KUMAR KHABYA,,1.0,,,,670.0,,,,670.0,,
Rajasthan,Rajasthan,2025,STATE_MERIT,Radiotherapy/Radiationoncology,TARUN KHARADI,,1.0,,,,2737.0,,,,2737.0,,
Rajasthan,Rajasthan,2025,STATE_MERIT,Radiotherapy/Radiationoncology,VARUN CHATURVEDI,,1.0,,,,726.0,,,,726.0,,
Rajasthan,Rajasthan,2025,STATE_MERIT,Radiotherapy/Radiationoncology,VIMAL KUMAR GUPTA,,1.0,,,,705.0,,,,705.0,,
Rajasthan,Rajasthan,2025,STATE_MERIT,Radiotherapy/Radiationoncology,VIMAL KUMAR JAIN,,1.0,,,,1036.0,,,,1036.0,,
Rajasthan,Rajasthan,2025,STATE_MERIT,Radiotherapy/Radiationoncology,VIPIN SAINI,,1.0,,,,2447.0,,,,2447.0,,
Rajasthan,Rajasthan,2025,STATE_MERIT,Respiratory Medicine/T.B. & Chest/Tuberculosis & Respiratory Diseases,AJAY SINGH JETHOO,,1.0,,,,3382.0,,,,3382.0,,
Rajasthan,Rajasthan,2025,STATE_MERIT,Respiratory Medicine/T.B. & Chest/Tuberculosis & Respiratory Diseases,ALKESHBHAI,,1.0,,,,2005.0,,,,2005.0,,
Rajasthan,Rajasthan,2025,STATE_MERIT,Respiratory Medicine/T.B. & Chest/Tuberculosis & Respiratory Diseases,ANIL JOHRI,,1.0,,,,1974.0,,,,1974.0,,
Rajasthan,Rajasthan,2025,STATE_MERIT,Respiratory Medicine/T.B. & Chest/Tuberculosis & Respiratory Diseases,ASHOK KUMAR JOSHI,,1.0,,,,558.0,,,,558.0,,
Rajasthan,Rajasthan,2025,STATE_MERIT,Respiratory Medicine/T.B. & Chest/Tuberculosis & Respiratory Diseases,BHANWAR LAL,,1.0,,,,3743.0,,,,3743.0,,
Rajasthan,Rajasthan,2025,STATE_MERIT,Respiratory Medicine/T.B. & Chest/Tuberculosis & Respiratory Diseases,BHANWAR SINGH RATHORE,,1.0,,,,285.0,,,,285.0,,
Rajasthan,Rajasthan,2025,STATE_MERIT,Respiratory Medicine/T.B. & Chest/Tuberculosis & Respiratory Diseases,CHAMPA LALA JANAGAL,,1.0,,,,1088.0,,,,1088.0,,
Rajasthan,Rajasthan,2025,STATE_MERIT,Respiratory Medicine/T.B. & Chest/Tuberculosis & Respiratory Diseases,CHHOTU RAM,,1.0,,,,1227.0,,,,1227.0,,
Rajasthan,Rajasthan,2025,STATE_MERIT,Respiratory Medicine/T.B. & Chest/Tuberculosis & Respiratory Diseases,DHARMENDRA KUMAR SOGRA,,1.0,,,,1194.0,,,,1194.0,,
Rajasthan,Rajasthan,2025,STATE_MERIT,Respiratory Medicine/T.B. & Chest/Tuberculosis & Respiratory Diseases,GANGADHAR SANKHALA,,1.0,,,,585.0,,,,585.0,,
Rajasthan,Rajasthan,2025,STATE_MERIT,Respiratory Medicine/T.B. & Chest/Tuberculosis & Respiratory Diseases,GIRIRAJ PRASAD MEENA,,1.0,,,,1668.0,,,,1668.0,,
Rajasthan,Rajasthan,2025,STATE_MERIT,Respiratory Medicine/T.B. & Chest/Tuberculosis & Respiratory Diseases,HASHMUKHBHAI LALJIBHAI MUNJPARA,,1.0,,,,2215.0,,,,2215.0,,
Rajasthan,Rajasthan,2025,STATE_MERIT,Respiratory Medicine/T.B. & Chest/Tuberculosis & Respiratory Diseases,HEAMA RAM JAT,,1.0,,,,360.0,,,,360.0,,
Rajasthan,Rajasthan,2025,STATE_MERIT,Respiratory Medicine/T.B. & Chest/Tuberculosis & Respiratory Diseases,KALYAN PRASAD MALI,,1.0,,,,586.0,,,,586.0,,
Rajasthan,Rajasthan,2025,STATE_MERIT,Respiratory Medicine/T.B. & Chest/Tuberculosis & Respiratory Diseases,KRISHAN KUMAR,,1.0,,,,444.0,,,,444.0,,
Rajasthan,Rajasthan,2025,STATE_MERIT,Respiratory Medicine/T.B. & Chest/Tuberculosis & Respiratory Diseases,MADAN LAL,,1.0,,,,825.0,,,,825.0,,
Rajasthan,Rajasthan,2025,STATE_MERIT,Respiratory Medicine/T.B. & Chest/Tuberculosis & Respiratory Diseases,MAHESH KUMAR,,1.0,,,,3198.0,,,,3198.0,,
Rajasthan,Rajasthan,2025,STATE_MERIT,Respiratory Medicine/T.B. & Chest/Tuberculosis & Respiratory Diseases,MAHESH KUMAR SHARMA,,1.0,,,,612.0,,,,612.0,,
Rajasthan,Rajasthan,2025,STATE_MERIT,Respiratory Medicine/T.B. & Chest/Tuberculosis & Respiratory Diseases,MALI RAM SAINI,,1.0,,,,487.0,,,,487.0,,
Rajasthan,Rajasthan,2025,STATE_MERIT,Respiratory Medicine/T.B. & Chest/Tuberculosis & Respiratory Diseases,MANGALA RAM,,1.0,,,,329.0,,,,329.0,,
Rajasthan,Rajasthan,2025,STATE_MERIT,Respiratory Medicine/T.B. & Chest/Tuberculosis & Respiratory Diseases,NARASINHBHAI,,1.0,,,,3345.0,,,,3345.0,,
Rajasthan,Rajasthan,2025,STATE_MERIT,Respiratory Medicine/T.B. & Chest/Tuberculosis & Respiratory Diseases,NARENDER SINGH,,1.0,,,,2951.0,,,,2951.0,,
Rajasthan,Rajasthan,2025,STATE_MERIT,Respiratory Medicine/T.B. & Chest/Tuberculosis & Respiratory Diseases,NIRMAL KUMAR JAIN,,1.0,,,,223.0,,,,223.0,,
Rajasthan,Rajasthan,2025,STATE_MERIT,Respiratory Medicine/T.B. & Chest/Tuberculosis & Respiratory Diseases,OM PRAKASH SAINI,,1.0,,,,226.0,,,,226.0,,
Rajasthan,Rajasthan,2025,STATE_MERIT,Respiratory Medicine/T.B. & Chest/Tuberculosis & Respiratory Diseases,PARMA RAM DARAT,,1.0,,,,1231.0,,,,1231.0,,
Rajasthan,Rajasthan,2025,STATE_MERIT,Respiratory Medicine/T.B. & Chest/Tuberculosis & Respiratory Diseases,PAWAN KUMAR OJHA,,1.0,,,,489.0,,,,489.0,,
Rajasthan,Rajasthan,2025,STATE_MERIT,Respiratory Medicine/T.B. & Chest/Tuberculosis & Respiratory Diseases,PRAMOD KAUSHIK,,1.0,,,,3220.0,,,,3220.0,,
Rajasthan,Rajasthan,2025,STATE_MERIT,Respiratory Medicine/T.B. & Chest/Tuberculosis & Respiratory Diseases,R K SHARMA,,1.0,,,,342.0,,,,342.0,,
Rajasthan,Rajasthan,2025,STATE_MERIT,Respiratory Medicine/T.B. & Chest/Tuberculosis & Respiratory Diseases,RAGHUVEER SINGH,,1.0,,,,2528.0,,,,2528.0,,
Rajasthan,Rajasthan,2025,STATE_MERIT,Respiratory Medicine/T.B. & Chest/Tuberculosis & Respiratory Diseases,RAKESH KUMAR PATEL,,1.0,,,,1964.0,,,,1964.0,,
Rajasthan,Rajasthan,2025,STATE_MERIT,Respiratory Medicine/T.B. & Chest/Tuberculosis & Respiratory Diseases,RAM AVTAR,,1.0,,,,1499.0,,,,1499.0,,
Rajasthan,Rajasthan,2025,STATE_MERIT,Respiratory Medicine/T.B. & Chest/Tuberculosis & Respiratory Diseases,RAMAN LAL GOYAL,,1.0,,,,474.0,,,,474.0,,
Rajasthan,Rajasthan,2025,STATE_MERIT,Respiratory Medicine/T.B. & Chest/Tuberculosis & Respiratory Diseases,RAMAVATAR,,1.0,,,,1545.0,,,,1545.0,,
Rajasthan,Rajasthan,2025,STATE_MERIT,Respiratory Medicine/T.B. & Chest/Tuberculosis & Respiratory Diseases,RAMCHANDER TANWAR,,1.0,,,,2024.0,,,,2024.0,,
Rajasthan,Rajasthan,2025,STATE_MERIT,Respiratory Medicine/T.B. & Chest/Tuberculosis & Respiratory Diseases,RAMHARI GURJAR,,1.0,,,,1783.0,,,,1783.0,,
Rajasthan,Rajasthan,2025,STATE_MERIT,Respiratory Medicine/T.B. & Chest/Tuberculosis & Respiratory Diseases,RANJEET SINGH,,1.0,,,,3486.0,,,,3486.0,,
Rajasthan,Rajasthan,2025,STATE_MERIT,Respiratory Medicine/T.B. & Chest/Tuberculosis & Respiratory Diseases,SANJAY KUMAR VERMA,,1.0,,,,3647.0,,,,3647.0,,
Rajasthan,Rajasthan,2025,STATE_MERIT,Respiratory Medicine/T.B. & Chest/Tuberculosis & Respiratory Diseases,SIDHARTH SHANKAR,,1.0,,,,3493.0,,,,3493.0,,
Rajasthan,Rajasthan,2025,STATE_MERIT,Respiratory Medicine/T.B. & Chest/Tuberculosis & Respiratory Diseases,SOMNATH,,1.0,,,,2651.0,,,,2651.0,,
Rajasthan,Rajasthan,2025,STATE_MERIT,Respiratory Medicine/T.B. & Chest/Tuberculosis & Respiratory Diseases,SUBHASH CHAND,,1.0,,,,3003.0,,,,3003.0,,
Rajasthan,Rajasthan,2025,STATE_MERIT,Respiratory Medicine/T.B. & Chest/Tuberculosis & Respiratory Diseases,SUDHIR BHARDWAJ,,1.0,,,,3026.0,,,,3026.0,,
Rajasthan,Rajasthan,2025,STATE_MERIT,Respiratory Medicine/T.B. & Chest/Tuberculosis & Respiratory Diseases,SUNIL KUMAR SHARMA,,1.0,,,,3458.0,,,,3458.0,,
Rajasthan,Rajasthan,2025,STATE_MERIT,Respiratory Medicine/T.B. & Chest/Tuberculosis & Respiratory Diseases,SURAJ KARAN MEENA,,1.0,,,,1454.0,,,,1454.0,,
Rajasthan,Rajasthan,2025,STATE_MERIT,Respiratory Medicine/T.B. & Chest/Tuberculosis & Respiratory Diseases,SURESH CHAND SHARMA,,1.0,,,,687.0,,,,687.0,,
Rajasthan,Rajasthan,2025,STATE_MERIT,Respiratory Medicine/T.B. & Chest/Tuberculosis & Respiratory Diseases,SURESH KUMAR SAINI,,1.0,,,,174.0,,,,174.0,,
Rajasthan,Rajasthan,2025,STATE_MERIT,Respiratory Medicine/T.B. & Chest/Tuberculosis & Respiratory Diseases,SUSHIL PAUL SINGH,,1.0,,,,3105.0,,,,3105.0,,
Rajasthan,Rajasthan,2025,STATE_MERIT,Respiratory Medicine/T.B. & Chest/Tuberculosis & Respiratory Diseases,TULSI RAM MEENA,,1.0,,,,1670.0,,,,1670.0,,
Rajasthan,Rajasthan,2025,STATE_MERIT,Respiratory Medicine/T.B. & Chest/Tuberculosis & Respiratory Diseases,VIJAY MITTAL,,1.0,,,,426.0,,,,426.0,,
Rajasthan,Rajasthan,2025,STATE_MERIT,S K Hospital Sikar,Post MBBS Diploma (Anesthesia),1.0,,,,2131.0,,,,2131.0,,,
Rajasthan,Rajasthan,2025,STATE_MERIT,S K Hospital Sikar,Post MBBS Diploma (ENT),3.0,,,,2816.0,,,,2027.0,,,
Rajasthan,Rajasthan,2025,STATE_MERIT,S K Hospital Sikar,Post MBBS Diploma (Family Medicine),4.0,,,,2604.0,,,,1793.0,,,
Rajasthan,Rajasthan,2025,STATE_MERIT,S K Hospital Sikar,Post MBBS Diploma (Obs & Gyne),5.0,,,,1085.0,,,,485.0,,,
Rajasthan,Rajasthan,2025,STATE_MERIT,S K Hospital Sikar,Post MBBS Diploma (Ophthalmology),4.0,,,,2951.0,,,,792.0,,,
Rajasthan,Rajasthan,2025,STATE_MERIT,S K Hospital Sikar,Post MBBS Diploma (Paediatrics),3.0,,,,1943.0,,,,847.0,,,
Rajasthan,Rajasthan,2025,STATE_MERIT,SMS Medical College Jaipur,MD (Anaesthesia),39.0,,,,2679.0,,,,597.0,,,
Rajasthan,Rajasthan,2025,STATE_MERIT,SMS Medical College Jaipur,MD (Biochemistry),15.0,,,,3613.0,,,,1661.0,,,
Rajasthan,Rajasthan,2025,STATE_MERIT,SMS Medical College Jaipur,MD (Emergency Medicine),2.0,,,,1246.0,,,,934.0,,,
Rajasthan,Rajasthan,2025,STATE_MERIT,SMS Medical College Jaipur,MD (Forensic Medicine),5.0,,,,2759.0,,,,1492.0,,,
Rajasthan,Rajasthan,2025,STATE_MERIT,SMS Medical College Jaipur,MD (General Medicine),30.0,,,,3196.0,,,,9.0,,,
Rajasthan,Rajasthan,2025,STATE_MERIT,SMS Medical College Jaipur,MD (Geriatric Medicine),1.0,,,,163.0,,,,163.0,,,
Rajasthan,Rajasthan,2025,STATE_MERIT,SMS Medical College Jaipur,MD (Immunohaematology and Blood Transfusion),5.0,,,,2861.0,,,,695.0,,,
Rajasthan,Rajasthan,2025,STATE_MERIT,SMS Medical College Jaipur,MD (Microbiology),12.0,,,,3673.0,,,,1592.0,,,
Rajasthan,Rajasthan,2025,STATE_MERIT,SMS Medical College Jaipur,MD (PSM/Community Medicine),10.0,,,,2969.0,,,,830.0,,,
Rajasthan,Rajasthan,2025,STATE_MERIT,SMS Medical College Jaipur,MD (Paediatrics),20.0,,,,1141.0,,,,57.0,,,
Rajasthan,Rajasthan,2025,STATE_MERIT,SMS Medical College Jaipur,MD (Palliative Medicine),2.0,,,,1409.0,,,,332.0,,,
Rajasthan,Rajasthan,2025,STATE_MERIT,SMS Medical College Jaipur,MD (Pathology),14.0,,,,2674.0,,,,1006.0,,,
Rajasthan,Rajasthan,2025,STATE_MERIT,SMS Medical College Jaipur,MD (Pharmacology),8.0,,,,3616.0,,,,1628.0,,,
Rajasthan,Rajasthan,2025,STATE_MERIT,SMS Medical College Jaipur,MD (Phy. Med. & Reh.),4.0,,,,2552.0,,,,842.0,,,
Rajasthan,Rajasthan,2025,STATE_MERIT,SMS Medical College Jaipur,MD (Physiology),6.0,,,,3692.0,,,,1794.0,,,
Rajasthan,Rajasthan,2025,STATE_MERIT,SMS Medical College Jaipur,MD (Psychiatry),10.0,,,,2386.0,,,,292.0,,,
Rajasthan,Rajasthan,2025,STATE_MERIT,SMS Medical College Jaipur,MD (Radiodiagnosis/Radiology),12.0,,,,96.0,,,,1.0,,,
Rajasthan,Rajasthan,2025,STATE_MERIT,SMS Medical College Jaipur,MD (Radiotherapy/Radiationoncology),8.0,,,,1307.0,,,,259.0,,,
Rajasthan,Rajasthan,2025,STATE_MERIT,SMS Medical College Jaipur,MD (Respiratory Medicine/T.B. & Chest/Tuberculosis & Respiratory Diseases),10.0,,,,1105.0,,,,174.0,,,
Rajasthan,Rajasthan,2025,STATE_MERIT,SMS Medical College Jaipur,MD (Skin & V.D / Dermatology Ven. & Leprosy),7.0,,,,2533.0,,,,23.0,,,
Rajasthan,Rajasthan,2025,STATE_MERIT,SMS Medical College Jaipur,MD (Tropical Medicine),1.0,,,,579.0,,,,579.0,,,
Rajasthan,Rajasthan,2025,STATE_MERIT,SMS Medical College Jaipur,MS (Anatomy),2.0,,,,2808.0,,,,2584.0,,,
Rajasthan,Rajasthan,2025,STATE_MERIT,SMS Medical College Jaipur,MS (ENT),10.0,,,,2041.0,,,,375.0,,,
Rajasthan,Rajasthan,2025,STATE_MERIT,SMS Medical College Jaipur,MS (General Surgery),23.0,,,,1992.0,,,,118.0,,,
Rajasthan,Rajasthan,2025,STATE_MERIT,SMS Medical College Jaipur,MS (Obst. & Gynaecology),34.0,,,,1812.0,,,,42.0,,,
Rajasthan,Rajasthan,2025,STATE_MERIT,SMS Medical College Jaipur,MS (Ophthalmology),8.0,,,,2069.0,,,,92.0,,,
Rajasthan,Rajasthan,2025,STATE_MERIT,SMS Medical College Jaipur,MS (Orthopaedics),18.0,,,,1897.0,,,,122.0,,,
Rajasthan,Rajasthan,2025,STATE_MERIT,SPMC Bikaner,MD (Anaesthesia),8.0,,,,1849.0,,,,1015.0,,,
Rajasthan,Rajasthan,2025,STATE_MERIT,SPMC Bikaner,MD (Biochemistry),3.0,,,,3534.0,,,,2902.0,,,
Rajasthan,Rajasthan,2025,STATE_MERIT,SPMC Bikaner,MD (Forensic Medicine),4.0,,,,3595.0,,,,1829.0,,,
Rajasthan,Rajasthan,2025,STATE_MERIT,SPMC Bikaner,MD (General Medicine),12.0,,,,3553.0,,,,53.0,,,
Rajasthan,Rajasthan,2025,STATE_MERIT,SPMC Bikaner,MD (Immunohaematology and Blood Transfusion),3.0,,,,3103.0,,,,1524.0,,,
Rajasthan,Rajasthan,2025,STATE_MERIT,SPMC Bikaner,MD (Microbiology),3.0,,,,2167.0,,,,2140.0,,,
Rajasthan,Rajasthan,2025,STATE_MERIT,SPMC Bikaner,MD (PSM/Community Medicine),2.0,,,,2461.0,,,,1701.0,,,
Rajasthan,Rajasthan,2025,STATE_MERIT,SPMC Bikaner,MD (Paediatrics),8.0,,,,1200.0,,,,183.0,,,
Rajasthan,Rajasthan,2025,STATE_MERIT,SPMC Bikaner,MD (Pathology),7.0,,,,2770.0,,,,828.0,,,
Rajasthan,Rajasthan,2025,STATE_MERIT,SPMC Bikaner,MD (Pharmacology),2.0,,,,2767.0,,,,2645.0,,,
Rajasthan,Rajasthan,2025,STATE_MERIT,SPMC Bikaner,MD (Psychiatry),3.0,,,,393.0,,,,133.0,,,
Rajasthan,Rajasthan,2025,STATE_MERIT,SPMC Bikaner,MD (Radiodiagnosis/Radiology),4.0,,,,2987.0,,,,26.0,,,
Rajasthan,Rajasthan,2025,STATE_MERIT,SPMC Bikaner,MD (Radiotherapy/Radiationoncology),4.0,,,,667.0,,,,624.0,,,
Rajasthan,Rajasthan,2025,STATE_MERIT,SPMC Bikaner,MD (Respiratory Medicine/T.B. & Chest/Tuberculosis & Respiratory Diseases),4.0,,,,1211.0,,,,359.0,,,
Rajasthan,Rajasthan,2025,STATE_MERIT,SPMC Bikaner,MD (Skin & V.D / Dermatology Ven. & Leprosy),3.0,,,,3071.0,,,,37.0,,,
Rajasthan,Rajasthan,2025,STATE_MERIT,SPMC Bikaner,MS (ENT),2.0,,,,1416.0,,,,728.0,,,
Rajasthan,Rajasthan,2025,STATE_MERIT,SPMC Bikaner,MS (General Surgery),6.0,,,,1405.0,,,,602.0,,,
Rajasthan,Rajasthan,2025,STATE_MERIT,SPMC Bikaner,MS (Obst. & Gynaecology),9.0,,,,1398.0,,,,117.0,,,
Rajasthan,Rajasthan,2025,STATE_MERIT,SPMC Bikaner,MS (Ophthalmology),6.0,,,,627.0,,,,378.0,,,
Rajasthan,Rajasthan,2025,STATE_MERIT,SPMC Bikaner,MS (Orthopaedics),4.0,,,,1298.0,,,,496.0,,,
Rajasthan,Rajasthan,2025,STATE_MERIT,Shri Hari Deo Joshi General Hospital Dungarpur,Post MBBS Diploma (Paediatrics),3.0,,,,1762.0,,,,1135.0,,,
Rajasthan,Rajasthan,2025,STATE_MERIT,Shri Jagannath Pahadiya Medical College Bharatpur or GMC Bharatpur,MD (General Medicine),5.0,,,,218.0,,,,116.0,,,
Rajasthan,Rajasthan,2025,STATE_MERIT,Shri Jagannath Pahadiya Medical College Bharatpur or GMC Bharatpur,MD (Microbiology),2.0,,,,2738.0,,,,1856.0,,,
Rajasthan,Rajasthan,2025,STATE_MERIT,Shri Jagannath Pahadiya Medical College Bharatpur or GMC Bharatpur,MD (PSM/Community Medicine),1.0,,,,3450.0,,,,3450.0,,,
Rajasthan,Rajasthan,2025,STATE_MERIT,Shri Jagannath Pahadiya Medical College Bharatpur or GMC Bharatpur,MD (Pathology),2.0,,,,2620.0,,,,2380.0,,,
Rajasthan,Rajasthan,2025,STATE_MERIT,Skin & V.D / Dermatology Ven. & Leprosy,AKASH KHURANA,,1.0,,,,1368.0,,,,1368.0,,
Rajasthan,Rajasthan,2025,STATE_MERIT,Skin & V.D / Dermatology Ven. & Leprosy,ANDA RAM,,1.0,,,,50.0,,,,50.0,,
Rajasthan,Rajasthan,2025,STATE_MERIT,Skin & V.D / Dermatology Ven. & Leprosy,ANWAR ALI,,1.0,,,,51.0,,,,51.0,,
Rajasthan,Rajasthan,2025,STATE_MERIT,Skin & V.D / Dermatology Ven. & Leprosy,ASHOK KUMAR RATHOR,,1.0,,,,1397.0,,,,1397.0,,
Rajasthan,Rajasthan,2025,STATE_MERIT,Skin & V.D / Dermatology Ven. & Leprosy,BABOOLAL JATOLIA,,1.0,,,,590.0,,,,590.0,,
Rajasthan,Rajasthan,2025,STATE_MERIT,Skin & V.D / Dermatology Ven. & Leprosy,BADRI NARAYAN MEENA,,1.0,,,,528.0,,,,528.0,,
Rajasthan,Rajasthan,2025,STATE_MERIT,Skin & V.D / Dermatology Ven. & Leprosy,DALSINGH RAWAT,,1.0,,,,957.0,,,,957.0,,
Rajasthan,Rajasthan,2025,STATE_MERIT,Skin & V.D / Dermatology Ven. & Leprosy,DAYA RAM BHARIA,,1.0,,,,37.0,,,,37.0,,
Rajasthan,Rajasthan,2025,STATE_MERIT,Skin & V.D / Dermatology Ven. & Leprosy,DHARMENDRA PRATAP SINGH,,1.0,,,,2786.0,,,,2786.0,,
Rajasthan,Rajasthan,2025,STATE_MERIT,Skin & V.D / Dermatology Ven. & Leprosy,HANUMAN SINGH,,1.0,,,,1921.0,,,,1921.0,,
Rajasthan,Rajasthan,2025,STATE_MERIT,Skin & V.D / Dermatology Ven. & Leprosy,HARI RAM SARWA,,1.0,,,,291.0,,,,291.0,,
Rajasthan,Rajasthan,2025,STATE_MERIT,Skin & V.D / Dermatology Ven. & Leprosy,HARIOM NANDWANA,,1.0,,,,2953.0,,,,2953.0,,
Rajasthan,Rajasthan,2025,STATE_MERIT,Skin & V.D / Dermatology Ven. & Leprosy,KALU RAM,,1.0,,,,31.0,,,,31.0,,
Rajasthan,Rajasthan,2025,STATE_MERIT,Skin & V.D / Dermatology Ven. & Leprosy,KALU RAM MEENA,,1.0,,,,305.0,,,,305.0,,
Rajasthan,Rajasthan,2025,STATE_MERIT,Skin & V.D / Dermatology Ven. & Leprosy,LALA RAM SHARMA,,1.0,,,,2988.0,,,,2988.0,,
Rajasthan,Rajasthan,2025,STATE_MERIT,Skin & V.D / Dermatology Ven. & Leprosy,MANGESH TYAGI,,1.0,,,,2875.0,,,,2875.0,,
Rajasthan,Rajasthan,2025,STATE_MERIT,Skin & V.D / Dermatology Ven. & Leprosy,MANPHOOL SINGH,,1.0,,,,39.0,,,,39.0,,
Rajasthan,Rajasthan,2025,STATE_MERIT,Skin & V.D / Dermatology Ven. & Leprosy,MOOL CHAND KULDEEP,,1.0,,,,529.0,,,,529.0,,
Rajasthan,Rajasthan,2025,STATE_MERIT,Skin & V.D / Dermatology Ven. & Leprosy,MUKESH GUPTA,,1.0,,,,2301.0,,,,2301.0,,
Rajasthan,Rajasthan,2025,STATE_MERIT,Skin & V.D / Dermatology Ven. & Leprosy,MUKESH SAHI,,1.0,,,,1867.0,,,,1867.0,,
Rajasthan,Rajasthan,2025,STATE_MERIT,Skin & V.D / Dermatology Ven. & Leprosy,NAGENDRA KUMAR UPADHYAY,,1.0,,,,2594.0,,,,2594.0,,
Rajasthan,Rajasthan,2025,STATE_MERIT,Skin & V.D / Dermatology Ven. & Leprosy,NAGENDRA SINGH KHARI,,1.0,,,,2022.0,,,,2022.0,,
Rajasthan,Rajasthan,2025,STATE_MERIT,Skin & V.D / Dermatology Ven. & Leprosy,NANULAL BAMANIYA,,1.0,,,,1753.0,,,,1753.0,,
Rajasthan,Rajasthan,2025,STATE_MERIT,Skin & V.D / Dermatology Ven. & Leprosy,NARENDRA JAIN,,1.0,,,,3267.0,,,,3267.0,,
Rajasthan,Rajasthan,2025,STATE_MERIT,Skin & V.D / Dermatology Ven. & Leprosy,NILESH KOTHARI,,1.0,,,,2351.0,,,,2351.0,,
Rajasthan,Rajasthan,2025,STATE_MERIT,Skin & V.D / Dermatology Ven. & Leprosy,OM PARKASH,,1.0,,,,2930.0,,,,2930.0,,
Rajasthan,Rajasthan,2025,STATE_MERIT,Skin & V.D / Dermatology Ven. & Leprosy,OMPRAKASH SHARMA,,1.0,,,,24.0,,,,24.0,,
Rajasthan,Rajasthan,2025,STATE_MERIT,Skin & V.D / Dermatology Ven. & Leprosy,RAJENDRA PRASAD SANKHLA,,1.0,,,,276.0,,,,276.0,,
Rajasthan,Rajasthan,2025,STATE_MERIT,Skin & V.D / Dermatology Ven. & Leprosy,RAJUBHAI GOYAL,,1.0,,,,2647.0,,,,2647.0,,
Rajasthan,Rajasthan,2025,STATE_MERIT,Skin & V.D / Dermatology Ven. & Leprosy,RAMBABU SHARMA,,1.0,,,,49.0,,,,49.0,,
Rajasthan,Rajasthan,2025,STATE_MERIT,Skin & V.D / Dermatology Ven. & Leprosy,RAMDEVA RAM,,1.0,,,,3155.0,,,,3155.0,,
Rajasthan,Rajasthan,2025,STATE_MERIT,Skin & V.D / Dermatology Ven. & Leprosy,RAMESHWAR LAL,,1.0,,,,43.0,,,,43.0,,
Rajasthan,Rajasthan,2025,STATE_MERIT,Skin & V.D / Dermatology Ven. & Leprosy,SAHAB SARAN NANDA,,1.0,,,,2240.0,,,,2240.0,,
Rajasthan,Rajasthan,2025,STATE_MERIT,Skin & V.D / Dermatology Ven. & Leprosy,SAMPATHRAJ SONI,,1.0,,,,48.0,,,,48.0,,
Rajasthan,Rajasthan,2025,STATE_MERIT,Skin & V.D / Dermatology Ven. & Leprosy,SATYENDRA KUMAR SINGH,,1.0,,,,3174.0,,,,3174.0,,
Rajasthan,Rajasthan,2025,STATE_MERIT,Skin & V.D / Dermatology Ven. & Leprosy,SHYAM MAHESHWARI,,1.0,,,,524.0,,,,524.0,,
Rajasthan,Rajasthan,2025,STATE_MERIT,Skin & V.D / Dermatology Ven. & Leprosy,SOHAN DADHICH,,1.0,,,,3607.0,,,,3607.0,,
Rajasthan,Rajasthan,2025,STATE_MERIT,Skin & V.D / Dermatology Ven. & Leprosy,SUBH KARAN SINGH DAHIYA,,1.0,,,,3820.0,,,,3820.0,,
Rajasthan,Rajasthan,2025,STATE_MERIT,Skin & V.D / Dermatology Ven. & Leprosy,SUKH RAM LATIYAL,,1.0,,,,28.0,,,,28.0,,
Rajasthan,Rajasthan,2025,STATE_MERIT,Skin & V.D / Dermatology Ven. & Leprosy,SUKHDEV,,1.0,,,,2396.0,,,,2396.0,,
Rajasthan,Rajasthan,2025,STATE_MERIT,Skin & V.D / Dermatology Ven. & Leprosy,SUNIL KUMAR SHARMA,,1.0,,,,2561.0,,,,2561.0,,
Rajasthan,Rajasthan,2025,STATE_MERIT,Skin & V.D / Dermatology Ven. & Leprosy,SUSHIL CHOUDHARY,,1.0,,,,1541.0,,,,1541.0,,
Rajasthan,Rajasthan,2025,STATE_MERIT,Skin & V.D / Dermatology Ven. & Leprosy,UMENDRA SINGH,,1.0,,,,1967.0,,,,1967.0,,
Rajasthan,Rajasthan,2025,STATE_MERIT,Skin & V.D / Dermatology Ven. & Leprosy,VANDIT BHANOT,,1.0,,,,2755.0,,,,2755.0,,
Rajasthan,Rajasthan,2025,STATE_MERIT,Skin & V.D / Dermatology Ven. & Leprosy,VIMAL KUMAR,,1.0,,,,23.0,,,,23.0,,
Rajasthan,Rajasthan,2025,STATE_MERIT,TB & Chest,HARDEEP SINGH SHERGILL,,1.0,,,,1509.0,,,,1509.0,,
Rajasthan,Rajasthan,2025,STATE_MERIT,TB & Chest,JHOONTHA RAM JAT,,1.0,,,,1248.0,,,,1248.0,,
Rajasthan,Rajasthan,2025,STATE_MERIT,TB & Chest,KHEENYA RAM,,1.0,,,,1908.0,,,,1908.0,,
Rajasthan,Rajasthan,2025,STATE_MERIT,TB & Chest,LALCHAND,,1.0,,,,2626.0,,,,2626.0,,
Rajasthan,Rajasthan,2025,STATE_MERIT,TB & Chest,MAHIPAL SINGH,,1.0,,,,1811.0,,,,1811.0,,
Rajasthan,Rajasthan,2025,STATE_MERIT,TB & Chest,MAL CHAND SHARMA,,1.0,,,,1830.0,,,,1830.0,,
Rajasthan,Rajasthan,2025,STATE_MERIT,TB & Chest,MOTI LAL,,1.0,,,,1704.0,,,,1704.0,,
Rajasthan,Rajasthan,2025,STATE_MERIT,TB & Chest,PARMESHWAR SHARMA,,1.0,,,,1272.0,,,,1272.0,,
Rajasthan,Rajasthan,2025,STATE_MERIT,TB & Chest,PURUSHOTTAM SHARMA,,1.0,,,,1542.0,,,,1542.0,,
Rajasthan,Rajasthan,2025,STATE_MERIT,TB & Chest,SANTU RAM KUMAWAT,,1.0,,,,1555.0,,,,1555.0,,
Rajasthan,Rajasthan,2025,STATE_MERIT,TB & Chest,SHIV KARAN SAINI,,1.0,,,,1510.0,,,,1510.0,,
Rajasthan,Rajasthan,2025,STATE_MERIT,Traumatology & Surgery,SANJAY TANEJA,,1.0,,,,3145.0,,,,3145.0,,
Rajasthan,Rajasthan,2025,STATE_MERIT,Tropical Medicine,HARI NARAYAN MEENA,,1.0,,,,1866.0,,,,1866.0,,
