year,counselling,round,source_page,institute_type,institute,program,quota,open,open_pwd,gen_ews,gen_ews_pwd,obc,obc_pwd,sc,sc_pwd,st,st_pwd,total_seats,source_file
2025,AIQ,1,1,All India except Central University,"Seth Gordhandas Sunderdas Medical College, MUMBAI(700310)",M.D. (ANAESTHESIOLOGY),All India,9,0,2,0,4,1,3,0,1,0,20,All India Quota Seat Matrix - Round 1.pdf
2025,AIQ,1,1,All India except Central University,"Seth Gordhandas Sunderdas Medical College, MUMBAI(700310)",M.D. (BIOCHEMISTRY),All India,2,0,0,0,1,0,0,0,0,0,3,All India Quota Seat Matrix - Round 1.pdf
2025,AIQ,1,1,All India except Central University,"Seth Gordhandas Sunderdas Medical College, MUMBAI(700310)","M.D. (DERM.,VENE. and LEPROSY)/ (DERMATOLOGY)/(SKIN and VENEREAL DISEASES)/(VENEREOLOGY)",All India,0,0,0,0,1,0,1,0,1,0,3,All India Quota Seat Matrix - Round 1.pdf
2025,AIQ,1,1,All India except Central University,"Seth Gordhandas Sunderdas Medical College, MUMBAI(700310)",M.D. (FORENSIC MEDICINE),All India,0,0,0,0,1,0,0,0,0,0,1,All India Quota Seat Matrix - Round 1.pdf
2025,AIQ,1,1,All India except Central University,"Seth Gordhandas Sunderdas Medical College, MUMBAI(700310)",M.D. (GENERAL MEDICINE),All India,4,1,1,0,3,0,2,0,1,0,12,All India Quota Seat Matrix - Round 1.pdf
2025,AIQ,1,1,All India except Central University,"Seth Gordhandas Sunderdas Medical College, MUMBAI(700310)",M.D. (MICROBIOLOGY),All India,1,0,0,0,1,0,0,0,1,0,3,All India Quota Seat Matrix - Round 1.pdf
2025,AIQ,1,1,All India except Central University,"Seth Gordhandas Sunderdas Medical College, MUMBAI(700310)",M.D. (Obst. and Gynae)/MS (Obstetrics and Gynaecology),All India,7,0,2,0,5,0,3,0,1,0,18,All India Quota Seat Matrix - Round 1.pdf
2025,AIQ,1,1,All India except Central University,"Seth Gordhandas Sunderdas Medical College, MUMBAI(700310)",M.D. (PAEDIATRICS),All India,6,0,1,0,3,1,2,0,1,0,14,All India Quota Seat Matrix - Round 1.pdf
2025,AIQ,1,1,All India except Central University,"Seth Gordhandas Sunderdas Medical College, MUMBAI(700310)",M.D. (PATHOLOGY),All India,2,0,1,0,2,0,1,0,1,0,7,All India Quota Seat Matrix - Round 1.pdf
2025,AIQ,1,1,All India except Central University,"Seth Gordhandas Sunderdas Medical College, MUMBAI(700310)",M.D. (PHARMACOLOGY),All India,2,0,0,1,1,0,1,0,0,0,5,All India Quota Seat Matrix - Round 1.pdf
2025,AIQ,1,1,All India except Central University,"Seth Gordhandas Sunderdas Medical College, MUMBAI(700310)",M.D. (PHYSIOLOGY),All India,0,0,0,0,2,0,0,1,0,1,4,All India Quota Seat Matrix - Round 1.pdf
2025,AIQ,1,1,All India except Central University,"Seth Gordhandas Sunderdas Medical College, MUMBAI(700310)",M.D. (PREVENTIVE and SOCIAL MEDICINE)/ COMMUNITY MEDICINE,All India,6,0,1,0,2,0,1,0,0,0,10,All India Quota Seat Matrix - Round 1.pdf
2025,AIQ,1,1,All India except Central University,"Seth Gordhandas Sunderdas Medical College, MUMBAI(700310)",M.D. (PSYCHIATRY),All India,1,1,0,0,1,0,0,0,0,0,3,All India Quota Seat Matrix - Round 1.pdf
2025,AIQ,1,1,All India except Central University,"Seth Gordhandas Sunderdas Medical College, MUMBAI(700310)",M.D. (RADIO-DIAGNOSIS),All India,2,0,0,0,2,0,1,0,1,0,6,All India Quota Seat Matrix - Round 1.pdf
2025,AIQ,1,1,All India except Central University,"Seth Gordhandas Sunderdas Medical College, MUMBAI(700310)",M.D. (Tuberculosis and Respiratory diseases)/Pulmonary Medicine /M.D. (Respiratory Medicine),All India,0,0,1,0,0,0,1,0,0,0,2,All India Quota Seat Matrix - Round 1.pdf
2025,AIQ,1,1,All India except Central University,"Seth Gordhandas Sunderdas Medical College, MUMBAI(700310)",M.D. IN TRANSFUSION MEDICINE/ IMMUNO- HAEMATOLOGY and BLOOD TRANSFUSION,All India,1,0,0,0,0,0,0,0,0,0,1,All India Quota Seat Matrix - Round 1.pdf
2025,AIQ,1,1,All India except Central University,"Seth Gordhandas Sunderdas Medical College, MUMBAI(700310)",M.S. (E.N.T.),All India,1,0,1,0,0,0,0,0,0,0,2,All India Quota Seat Matrix - Round 1.pdf
2025,AIQ,1,1,All India except Central University,"Seth Gordhandas Sunderdas Medical College, MUMBAI(700310)",M.S. (GENERAL SURGERY),All India,5,0,1,0,3,0,2,0,0,0,11,All India Quota Seat Matrix - Round 1.pdf
2025,AIQ,1,1,All India except Central University,"Seth Gordhandas Sunderdas Medical College, MUMBAI(700310)",M.S. (OPHTHALMOLOGY),All India,2,0,0,0,0,0,0,0,0,0,2,All India Quota Seat Matrix - Round 1.pdf
2025,AIQ,1,1,All India except Central University,"Seth Gordhandas Sunderdas Medical College, MUMBAI(700310)",M.S. (ORTHOPAEDICS),All India,3,1,2,0,3,0,2,0,1,0,12,All India Quota Seat Matrix - Round 1.pdf
2025,AIQ,1,2,All India except Central University,"Seth Gordhandas Sunderdas Medical College, MUMBAI(700310)",MD/MS (Anatomy),All India,0,0,1,0,1,0,0,0,1,0,3,All India Quota Seat Matrix - Round 1.pdf
2025,AIQ,1,2,All India except Central University,"Acharya Harihar Post Graduate Institute of Cancer, Cuttack(701714)",M.D. (ANAESTHESIOLOGY),All India,0,0,1,0,0,0,0,0,0,0,1,All India Quota Seat Matrix - Round 1.pdf
2025,AIQ,1,2,All India except Central University,"Acharya Harihar Post Graduate Institute of Cancer, Cuttack(701714)",M.D. (PATHOLOGY),All India,2,0,0,0,0,0,0,0,0,0,2,All India Quota Seat Matrix - Round 1.pdf
2025,AIQ,1,2,All India except Central University,"ACSR GOVERNMENT MEDICAL COLLEGE,NELLORE(701720)",M.D. (ANAESTHESIOLOGY),All India,0,0,1,0,0,0,0,0,0,0,1,All India Quota Seat Matrix - Round 1.pdf
2025,AIQ,1,2,All India except Central University,"ACSR GOVERNMENT MEDICAL COLLEGE,NELLORE(701720)",M.D. (FORENSIC MEDICINE),All India,0,0,0,0,0,0,1,0,0,0,1,All India Quota Seat Matrix - Round 1.pdf
2025,AIQ,1,2,All India except Central University,"ACSR GOVERNMENT MEDICAL COLLEGE,NELLORE(701720)",M.D. (GENERAL MEDICINE),All India,5,0,0,0,2,1,1,0,0,0,9,All India Quota Seat Matrix - Round 1.pdf
2025,AIQ,1,2,All India except Central University,"ACSR GOVERNMENT MEDICAL COLLEGE,NELLORE(701720)",M.D. (Obst. and Gynae)/MS (Obstetrics and Gynaecology),All India,1,0,0,0,2,0,1,0,0,0,4,All India Quota Seat Matrix - Round 1.pdf
2025,AIQ,1,2,All India except Central University,"ACSR GOVERNMENT MEDICAL COLLEGE,NELLORE(701720)",M.D. (PAEDIATRICS),All India,0,0,0,0,1,0,1,0,1,0,3,All India Quota Seat Matrix - Round 1.pdf
2025,AIQ,1,2,All India except Central University,"ACSR GOVERNMENT MEDICAL COLLEGE,NELLORE(701720)",M.D. (PREVENTIVE and SOCIAL MEDICINE)/ COMMUNITY MEDICINE,All India,0,0,1,0,0,0,0,0,0,0,1,All India Quota Seat Matrix - Round 1.pdf
2025,AIQ,1,2,All India except Central University,"ACSR GOVERNMENT MEDICAL COLLEGE,NELLORE(701720)",M.D. (PSYCHIATRY),All India,0,0,0,0,1,0,0,0,0,0,1,All India Quota Seat Matrix - Round 1.pdf
2025,AIQ,1,2,All India except Central University,"ACSR GOVERNMENT MEDICAL COLLEGE,NELLORE(701720)",M.D. (Tuberculosis and Respiratory diseases)/Pulmonary Medicine /M.D. (Respiratory Medicine),All India,1,0,0,0,0,0,0,0,0,0,1,All India Quota Seat Matrix - Round 1.pdf
2025,AIQ,1,2,All India except Central University,"ACSR GOVERNMENT MEDICAL COLLEGE,NELLORE(701720)",M.S. (GENERAL SURGERY),All India,1,0,1,0,0,0,0,0,1,0,3,All India Quota Seat Matrix - Round 1.pdf
2025,AIQ,1,2,All India except Central University,"ACSR GOVERNMENT MEDICAL COLLEGE,NELLORE(701720)",M.S. (OPHTHALMOLOGY),All India,1,0,0,0,0,0,0,0,0,0,1,All India Quota Seat Matrix - Round 1.pdf
2025,AIQ,1,2,All India except Central University,"ACSR GOVERNMENT MEDICAL COLLEGE,NELLORE(701720)",M.S. (ORTHOPAEDICS),All India,2,0,0,0,0,0,0,0,0,0,2,All India Quota Seat Matrix - Round 1.pdf
2025,AIQ,1,2,All India except Central University,"ACSR GOVERNMENT MEDICAL COLLEGE,NELLORE(701720)",MD/MS (Anatomy),All India,0,0,0,0,1,0,0,0,0,0,1,All India Quota Seat Matrix - Round 1.pdf
2025,AIQ,1,2,All India except Central University,Agartala Government Medical College(700359),M.D. (ANAESTHESIOLOGY),All India,0,1,0,0,1,0,0,0,0,0,2,All India Quota Seat Matrix - Round 1.pdf
2025,AIQ,1,2,All India except Central University,Agartala Government Medical College(700359),M.D. (BIOCHEMISTRY),All India,1,0,0,0,0,0,1,0,0,0,2,All India Quota Seat Matrix - Round 1.pdf
2025,AIQ,1,2,All India except Central University,Agartala Government Medical College(700359),M.D. (FORENSIC MEDICINE),All India,1,0,0,0,0,0,0,0,0,0,1,All India Quota Seat Matrix - Round 1.pdf
2025,AIQ,1,2,All India except Central University,Agartala Government Medical College(700359),M.D. (GENERAL MEDICINE),All India,2,0,1,0,1,0,1,0,1,0,6,All India Quota Seat Matrix - Round 1.pdf
2025,AIQ,1,2,All India except Central University,Agartala Government Medical College(700359),M.D. (MICROBIOLOGY),All India,2,0,0,0,0,0,0,0,0,0,2,All India Quota Seat Matrix - Round 1.pdf
2025,AIQ,1,3,All India except Central University,Agartala Government Medical College(700359),M.D. (Obst. and Gynae)/MS (Obstetrics and Gynaecology),All India,2,0,1,0,1,0,0,0,0,0,4,All India Quota Seat Matrix - Round 1.pdf
2025,AIQ,1,3,All India except Central University,Agartala Government Medical College(700359),M.D. (PAEDIATRICS),All India,1,0,0,0,1,0,0,0,0,0,2,All India Quota Seat Matrix - Round 1.pdf
2025,AIQ,1,3,All India except Central University,Agartala Government Medical College(700359),M.D. (PATHOLOGY),All India,1,0,0,0,0,0,1,0,0,0,2,All India Quota Seat Matrix - Round 1.pdf
2025,AIQ,1,3,All India except Central University,Agartala Government Medical College(700359),M.D. (PHARMACOLOGY),All India,0,0,1,0,1,0,0,0,0,0,2,All India Quota Seat Matrix - Round 1.pdf
2025,AIQ,1,3,All India except Central University,Agartala Government Medical College(700359),M.D. (PHYSIOLOGY),All India,2,0,0,0,0,0,0,0,0,0,2,All India Quota Seat Matrix - Round 1.pdf
2025,AIQ,1,3,All India except Central University,Agartala Government Medical College(700359),M.D. (PREVENTIVE and SOCIAL MEDICINE)/ COMMUNITY MEDICINE,All India,1,0,0,0,0,1,1,0,0,0,3,All India Quota Seat Matrix - Round 1.pdf
2025,AIQ,1,3,All India except Central University,Agartala Government Medical College(700359),M.D. (PSYCHIATRY),All India,0,0,0,0,1,0,0,0,1,0,2,All India Quota Seat Matrix - Round 1.pdf
2025,AIQ,1,3,All India except Central University,Agartala Government Medical College(700359),M.D. (RADIO-DIAGNOSIS),All India,1,0,1,0,0,0,0,0,0,0,2,All India Quota Seat Matrix - Round 1.pdf
2025,AIQ,1,3,All India except Central University,Agartala Government Medical College(700359),M.D. (Radiotherapy/ Radiation Oncology),All India,1,0,0,0,1,0,0,0,0,0,2,All India Quota Seat Matrix - Round 1.pdf
2025,AIQ,1,3,All India except Central University,Agartala Government Medical College(700359),M.D. (Tuberculosis and Respiratory diseases)/Pulmonary Medicine /M.D. (Respiratory Medicine),All India,0,0,0,0,0,0,1,0,0,0,1,All India Quota Seat Matrix - Round 1.pdf
2025,AIQ,1,3,All India except Central University,Agartala Government Medical College(700359),M.S. (E.N.T.),All India,0,0,0,0,1,0,0,0,0,0,1,All India Quota Seat Matrix - Round 1.pdf
2025,AIQ,1,3,All India except Central University,Agartala Government Medical College(700359),M.S. (GENERAL SURGERY),All India,2,0,0,0,2,0,1,0,0,0,5,All India Quota Seat Matrix - Round 1.pdf
2025,AIQ,1,3,All India except Central University,Agartala Government Medical College(700359),M.S. (OPHTHALMOLOGY),All India,0,0,0,0,1,0,0,0,0,0,1,All India Quota Seat Matrix - Round 1.pdf
2025,AIQ,1,3,All India except Central University,Agartala Government Medical College(700359),M.S. (ORTHOPAEDICS),All India,0,0,0,0,0,0,1,0,1,0,2,All India Quota Seat Matrix - Round 1.pdf
2025,AIQ,1,3,All India except Central University,Agartala Government Medical College(700359),MD/MS (Anatomy),All India,0,0,1,0,0,0,0,0,0,0,1,All India Quota Seat Matrix - Round 1.pdf
2025,AIQ,1,3,All India except Central University,All India Institute of Hygiene and Public Health(700404),M.D. (PREVENTIVE and SOCIAL MEDICINE)/ COMMUNITY MEDICINE,All India,2,1,1,1,3,0,1,0,1,0,10,All India Quota Seat Matrix - Round 1.pdf
2025,AIQ,1,3,All India except Central University,All India Institute of Hygiene and Public Health(700404),M.P.H. (EPIDEMIOLOGY),All India,1,0,0,0,1,0,1,0,0,0,3,All India Quota Seat Matrix - Round 1.pdf
2025,AIQ,1,3,All India except Central University,All India Institute of Physical Medicine and Rehabilitation(700318),M.D. (PHYSICAL MED. and REHABILITATION),All India,0,0,1,0,1,0,0,0,0,0,2,All India Quota Seat Matrix - Round 1.pdf
2025,AIQ,1,3,All India except Central University,Andhra Medical College(700475),M.D. (ANAESTHESIOLOGY),All India,5,0,1,0,2,0,0,1,1,0,10,All India Quota Seat Matrix - Round 1.pdf
2025,AIQ,1,3,All India except Central University,Andhra Medical College(700475),M.D. (BIOCHEMISTRY),All India,1,0,1,0,2,0,1,0,0,0,5,All India Quota Seat Matrix - Round 1.pdf
2025,AIQ,1,4,All India except Central University,Andhra Medical College(700475),"M.D. (DERM.,VENE. and LEPROSY)/ (DERMATOLOGY)/(SKIN and VENEREAL DISEASES)/(VENEREOLOGY)",All India,3,0,0,0,1,0,1,0,0,0,5,All India Quota Seat Matrix - Round 1.pdf
2025,AIQ,1,4,All India except Central University,Andhra Medical College(700475),M.D. (FORENSIC MEDICINE),All India,4,0,0,0,1,0,0,0,0,0,5,All India Quota Seat Matrix - Round 1.pdf
2025,AIQ,1,4,All India except Central University,Andhra Medical College(700475),M.D. (GENERAL MEDICINE),All India,4,1,2,0,4,0,3,0,1,0,15,All India Quota Seat Matrix - Round 1.pdf
2025,AIQ,1,4,All India except Central University,Andhra Medical College(700475),M.D. (MICROBIOLOGY),All India,2,0,1,0,1,0,0,0,1,0,5,All India Quota Seat Matrix - Round 1.pdf
2025,AIQ,1,4,All India except Central University,Andhra Medical College(700475),M.D. (Obst. and Gynae)/MS (Obstetrics and Gynaecology),All India,7,0,1,1,5,0,3,0,1,0,18,All India Quota Seat Matrix - Round 1.pdf
2025,AIQ,1,4,All India except Central University,Andhra Medical College(700475),M.D. (PAEDIATRICS),All India,2,0,0,0,2,0,1,0,1,0,6,All India Quota Seat Matrix - Round 1.pdf
2025,AIQ,1,4,All India except Central University,Andhra Medical College(700475),M.D. (PATHOLOGY),All India,4,0,1,0,1,0,1,0,0,0,7,All India Quota Seat Matrix - Round 1.pdf
2025,AIQ,1,4,All India except Central University,Andhra Medical College(700475),M.D. (PHARMACOLOGY),All India,1,0,0,0,2,0,1,0,1,0,5,All India Quota Seat Matrix - Round 1.pdf
2025,AIQ,1,4,All India except Central University,Andhra Medical College(700475),M.D. (PHYSIOLOGY),All India,3,0,1,0,1,0,1,0,0,0,6,All India Quota Seat Matrix - Round 1.pdf
2025,AIQ,1,4,All India except Central University,Andhra Medical College(700475),M.D. (PREVENTIVE and SOCIAL MEDICINE)/ COMMUNITY MEDICINE,All India,2,0,1,0,2,0,1,0,0,0,6,All India Quota Seat Matrix - Round 1.pdf
2025,AIQ,1,4,All India except Central University,Andhra Medical College(700475),M.D. (PSYCHIATRY),All India,6,0,1,0,3,1,1,0,1,0,13,All India Quota Seat Matrix - Round 1.pdf
2025,AIQ,1,4,All India except Central University,Andhra Medical College(700475),M.D. (RADIO-DIAGNOSIS),All India,1,0,1,0,1,0,0,1,0,1,5,All India Quota Seat Matrix - Round 1.pdf
2025,AIQ,1,4,All India except Central University,Andhra Medical College(700475),M.D. (Radiotherapy/ Radiation Oncology),All India,0,1,0,0,0,0,1,0,0,0,2,All India Quota Seat Matrix - Round 1.pdf
2025,AIQ,1,4,All India except Central University,Andhra Medical College(700475),M.D. (Tuberculosis and Respiratory diseases)/Pulmonary Medicine /M.D. (Respiratory Medicine),All India,3,0,1,0,3,0,1,0,1,0,9,All India Quota Seat Matrix - Round 1.pdf
2025,AIQ,1,4,All India except Central University,Andhra Medical College(700475),M.S. (E.N.T.),All India,2,0,1,0,2,0,1,0,1,0,7,All India Quota Seat Matrix - Round 1.pdf
2025,AIQ,1,4,All India except Central University,Andhra Medical College(700475),M.S. (GENERAL SURGERY),All India,5,0,1,0,3,1,2,0,1,0,13,All India Quota Seat Matrix - Round 1.pdf
2025,AIQ,1,4,All India except Central University,Andhra Medical College(700475),M.S. (OPHTHALMOLOGY),All India,4,0,0,0,2,0,1,0,1,0,8,All India Quota Seat Matrix - Round 1.pdf
2025,AIQ,1,4,All India except Central University,Andhra Medical College(700475),M.S. (ORTHOPAEDICS),All India,1,1,1,0,2,0,1,0,0,0,6,All India Quota Seat Matrix - Round 1.pdf
2025,AIQ,1,4,All India except Central University,Andhra Medical College(700475),MD/MS (Anatomy),All India,0,1,0,0,1,0,1,0,0,0,3,All India Quota Seat Matrix - Round 1.pdf
2025,AIQ,1,4,All India except Central University,ANUGRAH NARAYAN MAGADH MEDICAL COLLEGE(700272),M.D. (ANAESTHESIOLOGY),All India,0,0,0,0,0,0,1,0,0,0,1,All India Quota Seat Matrix - Round 1.pdf
2025,AIQ,1,5,All India except Central University,ANUGRAH NARAYAN MAGADH MEDICAL COLLEGE(700272),M.D. (BIOCHEMISTRY),All India,0,0,0,0,0,0,0,0,1,0,1,All India Quota Seat Matrix - Round 1.pdf
2025,AIQ,1,5,All India except Central University,ANUGRAH NARAYAN MAGADH MEDICAL COLLEGE(700272),"M.D. (DERM.,VENE. and LEPROSY)/ (DERMATOLOGY)/(SKIN and VENEREAL DISEASES)/(VENEREOLOGY)",All India,0,0,1,0,1,0,0,0,0,0,2,All India Quota Seat Matrix - Round 1.pdf
2025,AIQ,1,5,All India except Central University,ANUGRAH NARAYAN MAGADH MEDICAL COLLEGE(700272),M.D. (MICROBIOLOGY),All India,0,0,0,0,1,0,0,0,0,0,1,All India Quota Seat Matrix - Round 1.pdf
2025,AIQ,1,5,All India except Central University,ANUGRAH NARAYAN MAGADH MEDICAL COLLEGE(700272),M.D. (Obst. and Gynae)/MS (Obstetrics and Gynaecology),All India,2,0,0,0,0,0,1,0,0,0,3,All India Quota Seat Matrix - Round 1.pdf
2025,AIQ,1,5,All India except Central University,ANUGRAH NARAYAN MAGADH MEDICAL COLLEGE(700272),M.D. (PAEDIATRICS),All India,0,0,0,0,1,0,0,0,0,0,1,All India Quota Seat Matrix - Round 1.pdf
2025,AIQ,1,5,All India except Central University,ANUGRAH NARAYAN MAGADH MEDICAL COLLEGE(700272),M.D. (PATHOLOGY),All India,0,0,0,0,0,0,0,1,0,0,1,All India Quota Seat Matrix - Round 1.pdf
2025,AIQ,1,5,All India except Central University,ANUGRAH NARAYAN MAGADH MEDICAL COLLEGE(700272),M.D. (PHARMACOLOGY),All India,0,0,0,0,0,0,0,0,0,1,1,All India Quota Seat Matrix - Round 1.pdf
2025,AIQ,1,5,All India except Central University,ANUGRAH NARAYAN MAGADH MEDICAL COLLEGE(700272),M.D. (PHYSIOLOGY),All India,1,0,0,0,1,0,0,0,0,0,2,All India Quota Seat Matrix - Round 1.pdf
2025,AIQ,1,5,All India except Central University,ANUGRAH NARAYAN MAGADH MEDICAL COLLEGE(700272),M.S. (E.N.T.),All India,1,0,0,0,0,0,0,0,0,0,1,All India Quota Seat Matrix - Round 1.pdf
2025,AIQ,1,5,All India except Central University,ANUGRAH NARAYAN MAGADH MEDICAL COLLEGE(700272),M.S. (GENERAL SURGERY),All India,1,0,0,0,0,0,0,0,0,0,1,All India Quota Seat Matrix - Round 1.pdf
2025,AIQ,1,5,All India except Central University,ANUGRAH NARAYAN MAGADH MEDICAL COLLEGE(700272),M.S. (OPHTHALMOLOGY),All India,0,0,1,0,1,0,0,0,0,0,2,All India Quota Seat Matrix - Round 1.pdf
2025,AIQ,1,5,All India except Central University,ANUGRAH NARAYAN MAGADH MEDICAL COLLEGE(700272),M.S. (ORTHOPAEDICS),All India,2,0,0,0,0,0,0,0,0,0,2,All India Quota Seat Matrix - Round 1.pdf
2025,AIQ,1,5,All India except Central University,ANUGRAH NARAYAN MAGADH MEDICAL COLLEGE(700272),MD/MS (Anatomy),All India,0,0,0,0,1,0,0,0,0,0,1,All India Quota Seat Matrix - Round 1.pdf
2025,AIQ,1,5,All India except Central University,Assam Medical College(700282),M.D. (ANAESTHESIOLOGY),All India,3,0,1,0,3,0,2,0,1,0,10,All India Quota Seat Matrix - Round 1.pdf
2025,AIQ,1,5,All India except Central University,Assam Medical College(700282),M.D. (BIOCHEMISTRY),All India,3,0,0,0,0,0,0,0,0,0,3,All India Quota Seat Matrix - Round 1.pdf
2025,AIQ,1,5,All India except Central University,Assam Medical College(700282),"M.D. (DERM.,VENE. and LEPROSY)/ (DERMATOLOGY)/(SKIN and VENEREAL DISEASES)/(VENEREOLOGY)",All India,0,0,0,0,1,0,0,0,0,0,1,All India Quota Seat Matrix - Round 1.pdf
2025,AIQ,1,5,All India except Central University,Assam Medical College(700282),M.D. (FORENSIC MEDICINE),All India,0,0,0,0,1,0,0,0,0,0,1,All India Quota Seat Matrix - Round 1.pdf
2025,AIQ,1,5,All India except Central University,Assam Medical College(700282),M.D. (GENERAL MEDICINE),All India,3,0,1,1,2,1,2,0,1,0,11,All India Quota Seat Matrix - Round 1.pdf
2025,AIQ,1,5,All India except Central University,Assam Medical College(700282),M.D. (MICROBIOLOGY),All India,1,0,0,0,1,0,0,0,0,0,2,All India Quota Seat Matrix - Round 1.pdf
2025,AIQ,1,5,All India except Central University,Assam Medical College(700282),M.D. (Obst. and Gynae)/MS (Obstetrics and Gynaecology),All India,2,0,0,0,2,0,1,0,1,0,6,All India Quota Seat Matrix - Round 1.pdf
2025,AIQ,1,6,All India except Central University,Assam Medical College(700282),M.D. (PAEDIATRICS),All India,2,0,1,0,1,0,1,0,0,0,5,All India Quota Seat Matrix - Round 1.pdf
2025,AIQ,1,6,All India except Central University,Assam Medical College(700282),M.D. (PATHOLOGY),All India,3,0,0,0,1,0,1,0,1,0,6,All India Quota Seat Matrix - Round 1.pdf
2025,AIQ,1,6,All India except Central University,Assam Medical College(700282),M.D. (PHARMACOLOGY),All India,1,0,1,0,1,0,0,0,0,0,3,All India Quota Seat Matrix - Round 1.pdf
2025,AIQ,1,6,All India except Central University,Assam Medical College(700282),M.D. (PHYSIOLOGY),All India,1,0,0,0,1,0,0,0,0,0,2,All India Quota Seat Matrix - Round 1.pdf
2025,AIQ,1,6,All India except Central University,Assam Medical College(700282),M.D. (PREVENTIVE and SOCIAL MEDICINE)/ COMMUNITY MEDICINE,All India,1,0,0,0,0,0,1,0,0,0,2,All India Quota Seat Matrix - Round 1.pdf
2025,AIQ,1,6,All India except Central University,Assam Medical College(700282),M.D. (PSYCHIATRY),All India,1,0,1,0,2,0,0,0,0,0,4,All India Quota Seat Matrix - Round 1.pdf
2025,AIQ,1,6,All India except Central University,Assam Medical College(700282),M.D. (RADIO-DIAGNOSIS),All India,2,0,0,0,1,0,1,0,1,0,5,All India Quota Seat Matrix - Round 1.pdf
2025,AIQ,1,6,All India except Central University,Assam Medical College(700282),M.S. (E.N.T.),All India,0,0,0,0,0,0,1,0,1,0,2,All India Quota Seat Matrix - Round 1.pdf
2025,AIQ,1,6,All India except Central University,Assam Medical College(700282),M.S. (GENERAL SURGERY),All India,6,1,1,0,2,0,1,0,0,0,11,All India Quota Seat Matrix - Round 1.pdf
2025,AIQ,1,6,All India except Central University,Assam Medical College(700282),M.S. (OPHTHALMOLOGY),All India,2,0,1,0,1,0,1,0,0,0,5,All India Quota Seat Matrix - Round 1.pdf
2025,AIQ,1,6,All India except Central University,Assam Medical College(700282),M.S. (ORTHOPAEDICS),All India,2,0,0,0,2,0,1,0,1,0,6,All India Quota Seat Matrix - Round 1.pdf
2025,AIQ,1,6,All India except Central University,Assam Medical College(700282),MD/MS (Anatomy),All India,1,0,1,0,1,0,0,0,0,0,3,All India Quota Seat Matrix - Round 1.pdf
2025,AIQ,1,6,All India except Central University,"Atal Bihari Vajpayee Government Medical College, Vidisha(901807)",M.D. (BIOCHEMISTRY),All India,0,0,0,0,1,0,0,0,1,0,2,All India Quota Seat Matrix - Round 1.pdf
2025,AIQ,1,6,All India except Central University,"Atal Bihari Vajpayee Government Medical College, Vidisha(901807)",M.D. (FORENSIC MEDICINE),All India,2,0,0,0,0,0,0,0,0,0,2,All India Quota Seat Matrix - Round 1.pdf
2025,AIQ,1,6,All India except Central University,"Atal Bihari Vajpayee Government Medical College, Vidisha(901807)",M.D. (MICROBIOLOGY),All India,0,0,0,0,1,0,0,0,0,0,1,All India Quota Seat Matrix - Round 1.pdf
2025,AIQ,1,6,All India except Central University,"Atal Bihari Vajpayee Government Medical College, Vidisha(901807)",M.D. (Obst. and Gynae)/MS (Obstetrics and Gynaecology),All India,0,0,1,0,0,0,0,0,0,0,1,All India Quota Seat Matrix - Round 1.pdf
2025,AIQ,1,6,All India except Central University,"Atal Bihari Vajpayee Government Medical College, Vidisha(901807)",M.D. (PAEDIATRICS),All India,0,0,0,0,1,0,1,0,1,0,3,All India Quota Seat Matrix - Round 1.pdf
2025,AIQ,1,6,All India except Central University,"Atal Bihari Vajpayee Government Medical College, Vidisha(901807)",M.D. (PATHOLOGY),All India,1,0,1,0,1,0,0,0,0,0,3,All India Quota Seat Matrix - Round 1.pdf
2025,AIQ,1,6,All India except Central University,"Atal Bihari Vajpayee Government Medical College, Vidisha(901807)",M.D. (PHYSIOLOGY),All India,1,0,0,0,1,0,1,0,0,0,3,All India Quota Seat Matrix - Round 1.pdf
2025,AIQ,1,6,All India except Central University,"Atal Bihari Vajpayee Government Medical College, Vidisha(901807)",M.D. (PREVENTIVE and SOCIAL MEDICINE)/ COMMUNITY MEDICINE,All India,3,0,0,0,1,0,0,0,0,0,4,All India Quota Seat Matrix - Round 1.pdf
2025,AIQ,1,6,All India except Central University,"Atal Bihari Vajpayee Government Medical College, Vidisha(901807)",M.S. (E.N.T.),All India,0,0,1,0,0,0,0,0,0,0,1,All India Quota Seat Matrix - Round 1.pdf
2025,AIQ,1,7,All India except Central University,"Atal Bihari Vajpayee Government Medical College, Vidisha(901807)",M.S. (GENERAL SURGERY),All India,0,1,0,0,1,0,1,0,0,0,3,All India Quota Seat Matrix - Round 1.pdf
2025,AIQ,1,7,All India except Central University,"Atal Bihari Vajpayee Government Medical College, Vidisha(901807)",M.S. (OPHTHALMOLOGY),All India,1,0,0,0,0,0,0,0,0,0,1,All India Quota Seat Matrix - Round 1.pdf
2025,AIQ,1,7,All India except Central University,"Atal Bihari Vajpayee Government Medical College, Vidisha(901807)",M.S. (ORTHOPAEDICS),All India,1,0,0,0,0,0,0,0,0,0,1,All India Quota Seat Matrix - Round 1.pdf
2025,AIQ,1,7,All India except Central University,"Autonomous State Medical College, Firozabad(902834)",M.D. (BIOCHEMISTRY),All India,0,0,0,0,1,0,1,0,0,0,2,All India Quota Seat Matrix - Round 1.pdf
2025,AIQ,1,7,All India except Central University,"Autonomous State Medical College, Firozabad(902834)",M.D. (FORENSIC MEDICINE),All India,1,0,0,0,0,0,0,0,0,0,1,All India Quota Seat Matrix - Round 1.pdf
2025,AIQ,1,7,All India except Central University,"Autonomous State Medical College, Firozabad(902834)",M.D. (MICROBIOLOGY),All India,0,0,1,0,1,0,0,0,0,0,2,All India Quota Seat Matrix - Round 1.pdf
2025,AIQ,1,7,All India except Central University,"Autonomous State Medical College, Firozabad(902834)",M.D. (PATHOLOGY),All India,2,0,0,0,0,0,0,0,0,0,2,All India Quota Seat Matrix - Round 1.pdf
2025,AIQ,1,7,All India except Central University,"Autonomous State Medical College, Firozabad(902834)",M.D. (PHARMACOLOGY),All India,0,0,0,0,0,0,1,0,0,0,1,All India Quota Seat Matrix - Round 1.pdf
2025,AIQ,1,7,All India except Central University,"Autonomous State Medical College, Firozabad(902834)",M.D. (PHYSIOLOGY),All India,0,0,0,0,1,0,0,0,0,0,1,All India Quota Seat Matrix - Round 1.pdf
2025,AIQ,1,7,All India except Central University,"Autonomous State Medical College, Firozabad(902834)",M.D. (PREVENTIVE and SOCIAL MEDICINE)/ COMMUNITY MEDICINE,All India,1,0,0,0,0,0,0,0,1,0,2,All India Quota Seat Matrix - Round 1.pdf
2025,AIQ,1,7,All India except Central University,"Autonomous State Medical College, Firozabad(902834)",MD/MS (Anatomy),All India,1,0,0,0,0,0,0,0,0,0,1,All India Quota Seat Matrix - Round 1.pdf
2025,AIQ,1,7,All India except Central University,"AUTONOMOUS STATE MEDICAL COLLEGE, AYODHYA, Uttar Pradesh(903368)",M.D. (BIOCHEMISTRY),All India,1,1,0,0,0,0,0,0,0,0,2,All India Quota Seat Matrix - Round 1.pdf
2025,AIQ,1,7,All India except Central University,"AUTONOMOUS STATE MEDICAL COLLEGE, AYODHYA, Uttar Pradesh(903368)",M.D. (GENERAL MEDICINE),All India,1,0,0,0,0,0,0,0,0,0,1,All India Quota Seat Matrix - Round 1.pdf
2025,AIQ,1,7,All India except Central University,"AUTONOMOUS STATE MEDICAL COLLEGE, AYODHYA, Uttar Pradesh(903368)",M.D. (PATHOLOGY),All India,0,0,0,0,1,0,0,0,0,0,1,All India Quota Seat Matrix - Round 1.pdf
2025,AIQ,1,7,All India except Central University,"AUTONOMOUS STATE MEDICAL COLLEGE, AYODHYA, Uttar Pradesh(903368)",M.D. (PHARMACOLOGY),All India,0,0,0,0,0,0,1,0,0,0,1,All India Quota Seat Matrix - Round 1.pdf
2025,AIQ,1,7,All India except Central University,"AUTONOMOUS STATE MEDICAL COLLEGE, AYODHYA, Uttar Pradesh(903368)",M.D. (PHYSIOLOGY),All India,0,0,0,0,1,0,0,0,1,0,2,All India Quota Seat Matrix - Round 1.pdf
2025,AIQ,1,7,All India except Central University,"AUTONOMOUS STATE MEDICAL COLLEGE, AYODHYA, Uttar Pradesh(903368)",M.D. (PREVENTIVE and SOCIAL MEDICINE)/ COMMUNITY MEDICINE,All India,1,0,1,0,0,0,0,0,0,0,2,All India Quota Seat Matrix - Round 1.pdf
2025,AIQ,1,7,All India except Central University,"AUTONOMOUS STATE MEDICAL COLLEGE, AYODHYA, Uttar Pradesh(903368)",MD/MS (Anatomy),All India,1,0,0,0,1,0,0,0,0,0,2,All India Quota Seat Matrix - Round 1.pdf
2025,AIQ,1,7,All India except Central University,"Autonomous State Medical College, Shahjahanpur(902832)",M.D. (BIOCHEMISTRY),All India,1,0,0,0,0,0,0,0,0,0,1,All India Quota Seat Matrix - Round 1.pdf
2025,AIQ,1,7,All India except Central University,"Autonomous State Medical College, Shahjahanpur(902832)",M.D. (FORENSIC MEDICINE),All India,0,0,0,0,0,0,1,0,0,0,1,All India Quota Seat Matrix - Round 1.pdf
2025,AIQ,1,7,All India except Central University,"Autonomous State Medical College, Shahjahanpur(902832)",M.D. (MICROBIOLOGY),All India,0,0,1,0,1,0,0,0,0,0,2,All India Quota Seat Matrix - Round 1.pdf
2025,AIQ,1,8,All India except Central University,"Autonomous State Medical College, Shahjahanpur(902832)",M.D. (PATHOLOGY),All India,1,0,0,0,0,0,0,0,0,0,1,All India Quota Seat Matrix - Round 1.pdf
2025,AIQ,1,8,All India except Central University,"Autonomous State Medical College, Shahjahanpur(902832)",M.D. (PHARMACOLOGY),All India,2,0,0,0,0,0,0,0,0,0,2,All India Quota Seat Matrix - Round 1.pdf
2025,AIQ,1,8,All India except Central University,"Autonomous State Medical College, Shahjahanpur(902832)",M.D. (PHYSIOLOGY),All India,0,0,0,0,1,0,1,0,0,0,2,All India Quota Seat Matrix - Round 1.pdf
2025,AIQ,1,8,All India except Central University,"Autonomous State Medical College, Shahjahanpur(902832)",M.D. (PREVENTIVE and SOCIAL MEDICINE)/ COMMUNITY MEDICINE,All India,0,0,0,0,0,0,0,0,1,0,1,All India Quota Seat Matrix - Round 1.pdf
2025,AIQ,1,8,All India except Central University,"Autonomous State Medical College, Shahjahanpur(902832)",MD/MS (Anatomy),All India,0,0,0,0,1,0,0,0,0,0,1,All India Quota Seat Matrix - Round 1.pdf
2025,AIQ,1,8,All India except Central University,"B. J. MEDICAL COLLEGE, Ahmedabad(700363)",M.D. (ANAESTHESIOLOGY),All India,14,0,2,0,9,0,4,0,2,0,31,All India Quota Seat Matrix - Round 1.pdf
2025,AIQ,1,8,All India except Central University,"B. J. MEDICAL COLLEGE, Ahmedabad(700363)",M.D. (BIOCHEMISTRY),All India,0,0,1,0,0,0,0,0,0,0,1,All India Quota Seat Matrix - Round 1.pdf
2025,AIQ,1,8,All India except Central University,"B. J. MEDICAL COLLEGE, Ahmedabad(700363)","M.D. (DERM.,VENE. and LEPROSY)/ (DERMATOLOGY)/(SKIN and VENEREAL DISEASES)/(VENEREOLOGY)",All India,2,0,0,0,1,0,1,0,0,0,4,All India Quota Seat Matrix - Round 1.pdf
2025,AIQ,1,8,All India except Central University,"B. J. MEDICAL COLLEGE, Ahmedabad(700363)",M.D. (Emergency and Critical Care)/M.D. (Emergency Medicine),All India,1,1,0,0,0,1,0,0,0,0,3,All India Quota Seat Matrix - Round 1.pdf
2025,AIQ,1,8,All India except Central University,"B. J. MEDICAL COLLEGE, Ahmedabad(700363)",M.D. (FORENSIC MEDICINE),All India,3,0,0,0,1,0,1,0,0,0,5,All India Quota Seat Matrix - Round 1.pdf
2025,AIQ,1,8,All India except Central University,"B. J. MEDICAL COLLEGE, Ahmedabad(700363)",M.D. (GENERAL MEDICINE),All India,5,0,2,0,4,0,2,0,1,0,14,All India Quota Seat Matrix - Round 1.pdf
2025,AIQ,1,8,All India except Central University,"B. J. MEDICAL COLLEGE, Ahmedabad(700363)",M.D. (MICROBIOLOGY),All India,3,1,2,0,3,0,1,0,1,0,11,All India Quota Seat Matrix - Round 1.pdf
2025,AIQ,1,8,All India except Central University,"B. J. MEDICAL COLLEGE, Ahmedabad(700363)",M.D. (Obst. and Gynae)/MS (Obstetrics and Gynaecology),All India,5,0,1,0,4,0,2,0,1,0,13,All India Quota Seat Matrix - Round 1.pdf
2025,AIQ,1,8,All India except Central University,"B. J. MEDICAL COLLEGE, Ahmedabad(700363)",M.D. (PAEDIATRICS),All India,4,0,1,0,2,0,1,0,1,0,9,All India Quota Seat Matrix - Round 1.pdf
2025,AIQ,1,8,All India except Central University,"B. J. MEDICAL COLLEGE, Ahmedabad(700363)",M.D. (PALLIATIVE MEDICINE),All India,0,0,1,0,0,0,0,0,0,0,1,All India Quota Seat Matrix - Round 1.pdf
2025,AIQ,1,8,All India except Central University,"B. J. MEDICAL COLLEGE, Ahmedabad(700363)",M.D. (PATHOLOGY),All India,4,1,2,0,4,0,2,0,1,0,14,All India Quota Seat Matrix - Round 1.pdf
2025,AIQ,1,8,All India except Central University,"B. J. MEDICAL COLLEGE, Ahmedabad(700363)",M.D. (PHARMACOLOGY),All India,5,0,0,0,2,0,1,0,0,0,8,All India Quota Seat Matrix - Round 1.pdf
2025,AIQ,1,8,All India except Central University,"B. J. MEDICAL COLLEGE, Ahmedabad(700363)",M.D. (PHYSIOLOGY),All India,1,0,0,0,2,0,1,0,1,0,5,All India Quota Seat Matrix - Round 1.pdf
2025,AIQ,1,8,All India except Central University,"B. J. MEDICAL COLLEGE, Ahmedabad(700363)",M.D. (PREVENTIVE and SOCIAL MEDICINE)/ COMMUNITY MEDICINE,All India,3,0,1,0,1,0,1,0,0,0,6,All India Quota Seat Matrix - Round 1.pdf
2025,AIQ,1,8,All India except Central University,"B. J. MEDICAL COLLEGE, Ahmedabad(700363)",M.D. (PSYCHIATRY),All India,2,0,0,0,1,0,0,0,0,0,3,All India Quota Seat Matrix - Round 1.pdf
2025,AIQ,1,9,All India except Central University,"B. J. MEDICAL COLLEGE, Ahmedabad(700363)",M.D. (RADIO-DIAGNOSIS),All India,4,1,1,0,3,1,2,0,1,0,13,All India Quota Seat Matrix - Round 1.pdf
2025,AIQ,1,9,All India except Central University,"B. J. MEDICAL COLLEGE, Ahmedabad(700363)",M.D. (Radiotherapy/ Radiation Oncology),All India,1,0,1,0,1,0,1,0,1,0,5,All India Quota Seat Matrix - Round 1.pdf
2025,AIQ,1,9,All India except Central University,"B. J. MEDICAL COLLEGE, Ahmedabad(700363)",M.D. (Tuberculosis and Respiratory diseases)/Pulmonary Medicine /M.D. (Respiratory Medicine),All India,1,0,0,0,1,0,1,0,0,0,3,All India Quota Seat Matrix - Round 1.pdf
2025,AIQ,1,9,All India except Central University,"B. J. MEDICAL COLLEGE, Ahmedabad(700363)",M.D. IN TRANSFUSION MEDICINE/ IMMUNO- HAEMATOLOGY and BLOOD TRANSFUSION,All India,1,0,0,1,1,0,0,0,0,0,3,All India Quota Seat Matrix - Round 1.pdf
2025,AIQ,1,9,All India except Central University,"B. J. MEDICAL COLLEGE, Ahmedabad(700363)",M.S. (E.N.T.),All India,1,0,1,0,1,0,1,0,1,0,5,All India Quota Seat Matrix - Round 1.pdf
2025,AIQ,1,9,All India except Central University,"B. J. MEDICAL COLLEGE, Ahmedabad(700363)",M.S. (GENERAL SURGERY),All India,8,0,1,0,5,0,2,1,0,1,18,All India Quota Seat Matrix - Round 1.pdf
2025,AIQ,1,9,All India except Central University,"B. J. MEDICAL COLLEGE, Ahmedabad(700363)",M.S. (OPHTHALMOLOGY),All India,7,0,1,0,3,1,2,0,1,0,15,All India Quota Seat Matrix - Round 1.pdf
2025,AIQ,1,9,All India except Central University,"B. J. MEDICAL COLLEGE, Ahmedabad(700363)",M.S. (ORTHOPAEDICS),All India,2,0,1,0,2,0,2,0,1,0,8,All India Quota Seat Matrix - Round 1.pdf
2025,AIQ,1,9,All India except Central University,"B. J. MEDICAL COLLEGE, Ahmedabad(700363)",MD/MS (Anatomy),All India,0,0,0,1,1,0,1,0,1,0,4,All India Quota Seat Matrix - Round 1.pdf
2025,AIQ,1,9,All India except Central University,"B.J.Government Medical College, Pune(700301)",M.D. (ANAESTHESIOLOGY),All India,5,0,0,0,2,0,1,0,1,0,9,All India Quota Seat Matrix - Round 1.pdf
2025,AIQ,1,9,All India except Central University,"B.J.Government Medical College, Pune(700301)",M.D. (BIOCHEMISTRY),All India,2,0,1,0,0,1,0,0,0,0,4,All India Quota Seat Matrix - Round 1.pdf
2025,AIQ,1,9,All India except Central University,"B.J.Government Medical College, Pune(700301)","M.D. (DERM.,VENE. and LEPROSY)/ (DERMATOLOGY)/(SKIN and VENEREAL DISEASES)/(VENEREOLOGY)",All India,2,0,0,0,1,0,1,0,0,0,4,All India Quota Seat Matrix - Round 1.pdf
2025,AIQ,1,9,All India except Central University,"B.J.Government Medical College, Pune(700301)",M.D. (Emergency and Critical Care)/M.D. (Emergency Medicine),All India,1,0,0,0,0,0,0,0,0,0,1,All India Quota Seat Matrix - Round 1.pdf
2025,AIQ,1,9,All India except Central University,"B.J.Government Medical College, Pune(700301)",M.D. (FORENSIC MEDICINE),All India,1,0,1,0,1,0,0,0,0,0,3,All India Quota Seat Matrix - Round 1.pdf
2025,AIQ,1,9,All India except Central University,"B.J.Government Medical College, Pune(700301)",M.D. (GENERAL MEDICINE),All India,4,0,1,0,2,0,1,0,0,0,8,All India Quota Seat Matrix - Round 1.pdf
2025,AIQ,1,9,All India except Central University,"B.J.Government Medical College, Pune(700301)",M.D. (MICROBIOLOGY),All India,3,0,1,0,1,0,0,0,0,0,5,All India Quota Seat Matrix - Round 1.pdf
2025,AIQ,1,9,All India except Central University,"B.J.Government Medical College, Pune(700301)",M.D. (Obst. and Gynae)/MS (Obstetrics and Gynaecology),All India,3,0,1,0,3,0,2,0,1,0,10,All India Quota Seat Matrix - Round 1.pdf
2025,AIQ,1,9,All India except Central University,"B.J.Government Medical College, Pune(700301)",M.D. (PAEDIATRICS),All India,3,0,1,0,1,0,1,0,0,0,6,All India Quota Seat Matrix - Round 1.pdf
2025,AIQ,1,9,All India except Central University,"B.J.Government Medical College, Pune(700301)",M.D. (PATHOLOGY),All India,2,0,1,0,2,0,2,0,1,0,8,All India Quota Seat Matrix - Round 1.pdf
2025,AIQ,1,9,All India except Central University,"B.J.Government Medical College, Pune(700301)",M.D. (PHARMACOLOGY),All India,2,1,0,0,1,0,0,0,0,0,4,All India Quota Seat Matrix - Round 1.pdf
2025,AIQ,1,10,All India except Central University,"B.J.Government Medical College, Pune(700301)",M.D. (PHYSIOLOGY),All India,0,0,0,0,0,1,1,0,0,0,2,All India Quota Seat Matrix - Round 1.pdf
2025,AIQ,1,10,All India except Central University,"B.J.Government Medical College, Pune(700301)",M.D. (PREVENTIVE and SOCIAL MEDICINE)/ COMMUNITY MEDICINE,All India,2,0,1,0,1,0,0,0,1,0,5,All India Quota Seat Matrix - Round 1.pdf
2025,AIQ,1,10,All India except Central University,"B.J.Government Medical College, Pune(700301)",M.D. (PSYCHIATRY),All India,1,0,0,0,1,0,1,0,0,0,3,All India Quota Seat Matrix - Round 1.pdf
2025,AIQ,1,10,All India except Central University,"B.J.Government Medical College, Pune(700301)",M.D. (RADIO-DIAGNOSIS),All India,0,0,0,1,2,0,0,1,1,0,5,All India Quota Seat Matrix - Round 1.pdf
2025,AIQ,1,10,All India except Central University,"B.J.Government Medical College, Pune(700301)",M.D. (Tuberculosis and Respiratory diseases)/Pulmonary Medicine /M.D. (Respiratory Medicine),All India,3,0,0,0,0,0,0,0,0,0,3,All India Quota Seat Matrix - Round 1.pdf
2025,AIQ,1,10,All India except Central University,"B.J.Government Medical College, Pune(700301)",M.S. (E.N.T.),All India,0,0,0,0,1,0,1,0,1,0,3,All India Quota Seat Matrix - Round 1.pdf
2025,AIQ,1,10,All India except Central University,"B.J.Government Medical College, Pune(700301)",M.S. (GENERAL SURGERY),All India,2,1,0,0,3,0,2,0,1,0,9,All India Quota Seat Matrix - Round 1.pdf
2025,AIQ,1,10,All India except Central University,"B.J.Government Medical College, Pune(700301)",M.S. (OPHTHALMOLOGY),All India,3,0,0,0,1,0,1,0,0,0,5,All India Quota Seat Matrix - Round 1.pdf
2025,AIQ,1,10,All India except Central University,"B.J.Government Medical College, Pune(700301)",M.S. (ORTHOPAEDICS),All India,2,0,1,0,2,0,0,0,1,0,6,All India Quota Seat Matrix - Round 1.pdf
2025,AIQ,1,10,All India except Central University,"B.J.Government Medical College, Pune(700301)",MD/MS (Anatomy),All India,0,0,0,0,1,0,1,0,0,0,2,All India Quota Seat Matrix - Round 1.pdf
2025,AIQ,1,10,All India except Central University,Baba Raghav Das Medical College(700329),DIP.IN GYNAE. and OBST.,All India,1,0,0,0,1,0,0,0,0,0,2,All India Quota Seat Matrix - Round 1.pdf
2025,AIQ,1,10,All India except Central University,Baba Raghav Das Medical College(700329),DIPLOMA IN ANAESTHESIOLOGY,All India,0,0,0,0,0,0,0,1,0,0,1,All India Quota Seat Matrix - Round 1.pdf
2025,AIQ,1,10,All India except Central University,Baba Raghav Das Medical College(700329),DIPLOMA IN CHILD HEALTH/ PAEDIATRICS,All India,0,0,0,0,0,0,0,0,1,0,1,All India Quota Seat Matrix - Round 1.pdf
2025,AIQ,1,10,All India except Central University,Baba Raghav Das Medical College(700329),DIPLOMA IN ORTHOPAEDICS,All India,2,0,0,0,0,0,0,0,0,0,2,All India Quota Seat Matrix - Round 1.pdf
2025,AIQ,1,10,All India except Central University,Baba Raghav Das Medical College(700329),M.D. (ANAESTHESIOLOGY),All India,3,0,0,1,2,0,1,0,0,0,7,All India Quota Seat Matrix - Round 1.pdf
2025,AIQ,1,10,All India except Central University,Baba Raghav Das Medical College(700329),"M.D. (DERM.,VENE. and LEPROSY)/ (DERMATOLOGY)/(SKIN and VENEREAL DISEASES)/(VENEREOLOGY)",All India,0,0,0,0,1,0,0,0,0,0,1,All India Quota Seat Matrix - Round 1.pdf
2025,AIQ,1,10,All India except Central University,Baba Raghav Das Medical College(700329),M.D. (GENERAL MEDICINE),All India,2,1,1,0,2,0,1,0,0,0,7,All India Quota Seat Matrix - Round 1.pdf
2025,AIQ,1,10,All India except Central University,Baba Raghav Das Medical College(700329),M.D. (Obst. and Gynae)/MS (Obstetrics and Gynaecology),All India,1,0,1,0,1,1,1,0,0,0,5,All India Quota Seat Matrix - Round 1.pdf
2025,AIQ,1,10,All India except Central University,Baba Raghav Das Medical College(700329),M.D. (PAEDIATRICS),All India,2,0,1,0,2,0,0,0,0,0,5,All India Quota Seat Matrix - Round 1.pdf
2025,AIQ,1,10,All India except Central University,Baba Raghav Das Medical College(700329),M.D. (PATHOLOGY),All India,3,0,0,0,1,0,2,0,0,0,6,All India Quota Seat Matrix - Round 1.pdf
2025,AIQ,1,11,All India except Central University,Baba Raghav Das Medical College(700329),M.D. (PHARMACOLOGY),All India,0,0,0,0,1,0,0,0,1,0,2,All India Quota Seat Matrix - Round 1.pdf
2025,AIQ,1,11,All India except Central University,Baba Raghav Das Medical College(700329),M.D. (PHYSIOLOGY),All India,2,0,1,0,0,0,0,0,0,0,3,All India Quota Seat Matrix - Round 1.pdf
2025,AIQ,1,11,All India except Central University,Baba Raghav Das Medical College(700329),M.D. (PREVENTIVE and SOCIAL MEDICINE)/ COMMUNITY MEDICINE,All India,0,0,0,0,1,0,1,0,0,0,2,All India Quota Seat Matrix - Round 1.pdf
2025,AIQ,1,11,All India except Central University,Baba Raghav Das Medical College(700329),M.D. (PSYCHIATRY),All India,1,0,0,0,0,0,0,0,0,0,1,All India Quota Seat Matrix - Round 1.pdf
2025,AIQ,1,11,All India except Central University,Baba Raghav Das Medical College(700329),M.D. (RADIO-DIAGNOSIS),All India,0,0,1,0,1,0,0,0,0,0,2,All India Quota Seat Matrix - Round 1.pdf
2025,AIQ,1,11,All India except Central University,Baba Raghav Das Medical College(700329),M.S. (E.N.T.),All India,1,0,0,0,0,0,0,0,0,0,1,All India Quota Seat Matrix - Round 1.pdf
2025,AIQ,1,11,All India except Central University,Baba Raghav Das Medical College(700329),M.S. (GENERAL SURGERY),All India,3,0,0,0,1,0,1,0,1,0,6,All India Quota Seat Matrix - Round 1.pdf
2025,AIQ,1,11,All India except Central University,Baba Raghav Das Medical College(700329),M.S. (OPHTHALMOLOGY),All India,2,0,0,0,1,0,0,0,0,0,3,All India Quota Seat Matrix - Round 1.pdf
2025,AIQ,1,11,All India except Central University,Baba Raghav Das Medical College(700329),M.S. (ORTHOPAEDICS),All India,1,0,0,0,0,0,1,0,1,0,3,All India Quota Seat Matrix - Round 1.pdf
2025,AIQ,1,11,All India except Central University,Baba Raghav Das Medical College(700329),MD/MS (Anatomy),All India,0,0,1,0,1,0,0,0,0,0,2,All India Quota Seat Matrix - Round 1.pdf
2025,AIQ,1,11,All India except Central University,Bangalore Medical College and Research Institute(700391),M.D. (ANAESTHESIOLOGY),All India,6,1,2,0,5,0,2,0,1,0,17,All India Quota Seat Matrix - Round 1.pdf
2025,AIQ,1,11,All India except Central University,Bangalore Medical College and Research Institute(700391),M.D. (BIOCHEMISTRY),All India,0,0,0,0,0,0,1,0,1,0,2,All India Quota Seat Matrix - Round 1.pdf
2025,AIQ,1,11,All India except Central University,Bangalore Medical College and Research Institute(700391),"M.D. (DERM.,VENE. and LEPROSY)/ (DERMATOLOGY)/(SKIN and VENEREAL DISEASES)/(VENEREOLOGY)",All India,1,0,1,0,1,0,0,0,0,0,3,All India Quota Seat Matrix - Round 1.pdf
2025,AIQ,1,11,All India except Central University,Bangalore Medical College and Research Institute(700391),M.D. (FORENSIC MEDICINE),All India,1,0,0,0,1,0,0,0,1,0,3,All India Quota Seat Matrix - Round 1.pdf
2025,AIQ,1,11,All India except Central University,Bangalore Medical College and Research Institute(700391),M.D. (GENERAL MEDICINE),All India,6,0,2,0,4,1,2,0,1,0,16,All India Quota Seat Matrix - Round 1.pdf
2025,AIQ,1,11,All India except Central University,Bangalore Medical College and Research Institute(700391),M.D. (MICROBIOLOGY),All India,2,0,0,0,0,0,1,0,0,0,3,All India Quota Seat Matrix - Round 1.pdf
2025,AIQ,1,11,All India except Central University,Bangalore Medical College and Research Institute(700391),M.D. (Obst. and Gynae)/MS (Obstetrics and Gynaecology),All India,5,0,1,0,4,0,1,0,1,0,12,All India Quota Seat Matrix - Round 1.pdf
2025,AIQ,1,11,All India except Central University,Bangalore Medical College and Research Institute(700391),M.D. (PAEDIATRICS),All India,1,1,1,0,3,0,2,0,1,0,9,All India Quota Seat Matrix - Round 1.pdf
2025,AIQ,1,11,All India except Central University,Bangalore Medical College and Research Institute(700391),M.D. (PATHOLOGY),All India,3,0,0,0,1,0,1,0,1,0,6,All India Quota Seat Matrix - Round 1.pdf
2025,AIQ,1,11,All India except Central University,Bangalore Medical College and Research Institute(700391),M.D. (PHARMACOLOGY),All India,2,0,1,0,1,1,0,0,0,0,5,All India Quota Seat Matrix - Round 1.pdf
2025,AIQ,1,12,All India except Central University,Bangalore Medical College and Research Institute(700391),M.D. (PHYSIOLOGY),All India,1,0,0,0,0,0,1,0,0,0,2,All India Quota Seat Matrix - Round 1.pdf
2025,AIQ,1,12,All India except Central University,Bangalore Medical College and Research Institute(700391),M.D. (PREVENTIVE and SOCIAL MEDICINE)/ COMMUNITY MEDICINE,All India,2,0,1,0,1,0,0,0,0,0,4,All India Quota Seat Matrix - Round 1.pdf
2025,AIQ,1,12,All India except Central University,Bangalore Medical College and Research Institute(700391),M.D. (PSYCHIATRY),All India,1,0,0,0,1,0,0,0,0,0,2,All India Quota Seat Matrix - Round 1.pdf
2025,AIQ,1,12,All India except Central University,Bangalore Medical College and Research Institute(700391),M.D. (RADIO-DIAGNOSIS),All India,2,0,1,0,2,0,1,1,1,0,8,All India Quota Seat Matrix - Round 1.pdf
2025,AIQ,1,12,All India except Central University,Bangalore Medical College and Research Institute(700391),M.D. (Radiotherapy/ Radiation Oncology),All India,1,0,0,0,0,0,0,0,0,0,1,All India Quota Seat Matrix - Round 1.pdf
2025,AIQ,1,12,All India except Central University,Bangalore Medical College and Research Institute(700391),M.D. (Tuberculosis and Respiratory diseases)/Pulmonary Medicine /M.D. (Respiratory Medicine),All India,1,0,0,0,1,0,1,0,1,0,4,All India Quota Seat Matrix - Round 1.pdf
2025,AIQ,1,12,All India except Central University,Bangalore Medical College and Research Institute(700391),M.D. GERIATRICS,All India,0,0,0,0,0,0,1,0,0,0,1,All India Quota Seat Matrix - Round 1.pdf
2025,AIQ,1,12,All India except Central University,Bangalore Medical College and Research Institute(700391),M.D. IN TRANSFUSION MEDICINE/ IMMUNO- HAEMATOLOGY and BLOOD TRANSFUSION,All India,0,0,0,0,1,0,0,0,0,0,1,All India Quota Seat Matrix - Round 1.pdf
2025,AIQ,1,12,All India except Central University,Bangalore Medical College and Research Institute(700391),M.D. Sports Medicine,All India,1,0,0,0,0,0,0,0,0,0,1,All India Quota Seat Matrix - Round 1.pdf
2025,AIQ,1,12,All India except Central University,Bangalore Medical College and Research Institute(700391),M.S. (E.N.T.),All India,4,0,0,0,1,0,1,0,0,0,6,All India Quota Seat Matrix - Round 1.pdf
2025,AIQ,1,12,All India except Central University,Bangalore Medical College and Research Institute(700391),M.S. (GENERAL SURGERY),All India,4,1,2,0,4,0,2,0,1,0,14,All India Quota Seat Matrix - Round 1.pdf
2025,AIQ,1,12,All India except Central University,Bangalore Medical College and Research Institute(700391),M.S. (OPHTHALMOLOGY),All India,4,0,2,0,3,0,3,0,1,0,13,All India Quota Seat Matrix - Round 1.pdf
2025,AIQ,1,12,All India except Central University,Bangalore Medical College and Research Institute(700391),M.S. (ORTHOPAEDICS),All India,5,0,0,0,2,0,0,0,0,0,7,All India Quota Seat Matrix - Round 1.pdf
2025,AIQ,1,12,All India except Central University,Bangalore Medical College and Research Institute(700391),MD/MS (Anatomy),All India,1,0,0,0,1,0,1,0,0,0,3,All India Quota Seat Matrix - Round 1.pdf
2025,AIQ,1,12,All India except Central University,Bankura Sammilani Medical College(700402),M.D. (ANAESTHESIOLOGY),All India,2,0,0,0,1,0,0,0,0,1,4,All India Quota Seat Matrix - Round 1.pdf
2025,AIQ,1,12,All India except Central University,Bankura Sammilani Medical College(700402),M.D. (BIOCHEMISTRY),All India,1,0,0,0,0,0,0,0,0,0,1,All India Quota Seat Matrix - Round 1.pdf
2025,AIQ,1,12,All India except Central University,Bankura Sammilani Medical College(700402),"M.D. (DERM.,VENE. and LEPROSY)/ (DERMATOLOGY)/(SKIN and VENEREAL DISEASES)/(VENEREOLOGY)",All India,1,0,0,0,1,0,0,0,0,0,2,All India Quota Seat Matrix - Round 1.pdf
2025,AIQ,1,12,All India except Central University,Bankura Sammilani Medical College(700402),M.D. (GENERAL MEDICINE),All India,0,0,0,0,1,0,1,0,0,0,2,All India Quota Seat Matrix - Round 1.pdf
2025,AIQ,1,12,All India except Central University,Bankura Sammilani Medical College(700402),M.D. (MICROBIOLOGY),All India,0,0,0,0,0,1,0,0,0,0,1,All India Quota Seat Matrix - Round 1.pdf
2025,AIQ,1,12,All India except Central University,Bankura Sammilani Medical College(700402),M.D. (Obst. and Gynae)/MS (Obstetrics and Gynaecology),All India,3,0,1,0,2,0,1,0,0,0,7,All India Quota Seat Matrix - Round 1.pdf
2025,AIQ,1,13,All India except Central University,Bankura Sammilani Medical College(700402),M.D. (PAEDIATRICS),All India,0,0,0,0,1,0,1,0,0,0,2,All India Quota Seat Matrix - Round 1.pdf
2025,AIQ,1,13,All India except Central University,Bankura Sammilani Medical College(700402),M.D. (PATHOLOGY),All India,1,0,0,0,0,0,0,0,1,0,2,All India Quota Seat Matrix - Round 1.pdf
2025,AIQ,1,13,All India except Central University,Bankura Sammilani Medical College(700402),M.D. (PHARMACOLOGY),All India,0,0,0,0,1,0,0,0,0,0,1,All India Quota Seat Matrix - Round 1.pdf
2025,AIQ,1,13,All India except Central University,Bankura Sammilani Medical College(700402),M.D. (PHYSIOLOGY),All India,0,0,1,0,0,0,0,0,0,0,1,All India Quota Seat Matrix - Round 1.pdf
2025,AIQ,1,13,All India except Central University,Bankura Sammilani Medical College(700402),M.D. (PREVENTIVE and SOCIAL MEDICINE)/ COMMUNITY MEDICINE,All India,1,0,0,0,0,0,0,0,0,0,1,All India Quota Seat Matrix - Round 1.pdf
2025,AIQ,1,13,All India except Central University,Bankura Sammilani Medical College(700402),M.D. (RADIO-DIAGNOSIS),All India,1,0,0,0,1,0,1,0,0,0,3,All India Quota Seat Matrix - Round 1.pdf
2025,AIQ,1,13,All India except Central University,Bankura Sammilani Medical College(700402),M.D. (Tuberculosis and Respiratory diseases)/Pulmonary Medicine /M.D. (Respiratory Medicine),All India,1,0,0,0,0,0,0,0,0,0,1,All India Quota Seat Matrix - Round 1.pdf
2025,AIQ,1,13,All India except Central University,Bankura Sammilani Medical College(700402),M.S. (E.N.T.),All India,1,0,0,0,0,0,0,0,0,0,1,All India Quota Seat Matrix - Round 1.pdf
2025,AIQ,1,13,All India except Central University,Bankura Sammilani Medical College(700402),M.S. (GENERAL SURGERY),All India,3,0,1,0,1,0,1,0,1,0,7,All India Quota Seat Matrix - Round 1.pdf
2025,AIQ,1,13,All India except Central University,Bankura Sammilani Medical College(700402),M.S. (OPHTHALMOLOGY),All India,1,0,0,0,0,0,0,0,0,0,1,All India Quota Seat Matrix - Round 1.pdf
2025,AIQ,1,13,All India except Central University,Bankura Sammilani Medical College(700402),M.S. (ORTHOPAEDICS),All India,1,0,0,0,0,0,0,0,0,0,1,All India Quota Seat Matrix - Round 1.pdf
2025,AIQ,1,13,All India except Central University,Bankura Sammilani Medical College(700402),MD/MS (Anatomy),All India,0,0,0,0,0,0,0,1,0,0,1,All India Quota Seat Matrix - Round 1.pdf
2025,AIQ,1,13,All India except Central University,"BHOPAL MEMORIAL HOSPITAL AND RESEARCH CENTRE, BHOPAL(700547)",M.D. (ANAESTHESIOLOGY),All India,1,0,0,0,1,0,1,0,1,0,4,All India Quota Seat Matrix - Round 1.pdf
2025,AIQ,1,13,All India except Central University,"BHOPAL MEMORIAL HOSPITAL AND RESEARCH CENTRE, BHOPAL(700547)",M.D. (MICROBIOLOGY),All India,1,0,1,0,0,0,0,0,0,0,2,All India Quota Seat Matrix - Round 1.pdf
2025,AIQ,1,13,All India except Central University,"BHOPAL MEMORIAL HOSPITAL AND RESEARCH CENTRE, BHOPAL(700547)",M.D. (PSYCHIATRY),All India,0,0,0,0,1,0,1,0,0,0,2,All India Quota Seat Matrix - Round 1.pdf
2025,AIQ,1,13,All India except Central University,"BHOPAL MEMORIAL HOSPITAL AND RESEARCH CENTRE, BHOPAL(700547)",M.S. (OPHTHALMOLOGY),All India,1,0,0,0,1,0,0,0,0,0,2,All India Quota Seat Matrix - Round 1.pdf
2025,AIQ,1,13,All India except Central University,"BIDAR INSTITUTE OF MEDICAL SCIENCES, BIDAR(700408)",M.D. (ANAESTHESIOLOGY),All India,1,0,0,0,0,0,0,0,0,0,1,All India Quota Seat Matrix - Round 1.pdf
2025,AIQ,1,13,All India except Central University,"BIDAR INSTITUTE OF MEDICAL SCIENCES, BIDAR(700408)",M.D. (BIOCHEMISTRY),All India,0,0,0,0,1,0,0,0,0,0,1,All India Quota Seat Matrix - Round 1.pdf
2025,AIQ,1,13,All India except Central University,"BIDAR INSTITUTE OF MEDICAL SCIENCES, BIDAR(700408)",M.D. (FORENSIC MEDICINE),All India,1,0,0,0,0,0,0,0,0,0,1,All India Quota Seat Matrix - Round 1.pdf
2025,AIQ,1,13,All India except Central University,"BIDAR INSTITUTE OF MEDICAL SCIENCES, BIDAR(700408)",M.D. (GENERAL MEDICINE),All India,1,0,0,0,1,0,1,0,0,0,3,All India Quota Seat Matrix - Round 1.pdf
2025,AIQ,1,14,All India except Central University,"BIDAR INSTITUTE OF MEDICAL SCIENCES, BIDAR(700408)",M.D. (MICROBIOLOGY),All India,0,1,0,0,1,0,0,0,0,0,2,All India Quota Seat Matrix - Round 1.pdf
2025,AIQ,1,14,All India except Central University,"BIDAR INSTITUTE OF MEDICAL SCIENCES, BIDAR(700408)",M.D. (Obst. and Gynae)/MS (Obstetrics and Gynaecology),All India,0,0,0,0,1,0,1,0,1,0,3,All India Quota Seat Matrix - Round 1.pdf
2025,AIQ,1,14,All India except Central University,"BIDAR INSTITUTE OF MEDICAL SCIENCES, BIDAR(700408)",M.D. (PAEDIATRICS),All India,1,0,1,0,0,0,0,0,0,0,2,All India Quota Seat Matrix - Round 1.pdf
2025,AIQ,1,14,All India except Central University,"BIDAR INSTITUTE OF MEDICAL SCIENCES, BIDAR(700408)",M.D. (PATHOLOGY),All India,0,0,0,0,1,0,0,0,0,0,1,All India Quota Seat Matrix - Round 1.pdf
2025,AIQ,1,14,All India except Central University,"BIDAR INSTITUTE OF MEDICAL SCIENCES, BIDAR(700408)",M.D. (PHARMACOLOGY),All India,1,0,0,0,0,0,0,0,0,0,1,All India Quota Seat Matrix - Round 1.pdf
2025,AIQ,1,14,All India except Central University,"BIDAR INSTITUTE OF MEDICAL SCIENCES, BIDAR(700408)",M.D. (PHYSIOLOGY),All India,1,0,0,0,0,0,0,0,0,0,1,All India Quota Seat Matrix - Round 1.pdf
2025,AIQ,1,14,All India except Central University,"BIDAR INSTITUTE OF MEDICAL SCIENCES, BIDAR(700408)",M.D. (PREVENTIVE and SOCIAL MEDICINE)/ COMMUNITY MEDICINE,All India,0,0,0,0,1,0,1,0,0,0,2,All India Quota Seat Matrix - Round 1.pdf
2025,AIQ,1,14,All India except Central University,"BIDAR INSTITUTE OF MEDICAL SCIENCES, BIDAR(700408)",M.S. (GENERAL SURGERY),All India,2,0,0,0,0,0,0,0,0,0,2,All India Quota Seat Matrix - Round 1.pdf
2025,AIQ,1,14,All India except Central University,"BIDAR INSTITUTE OF MEDICAL SCIENCES, BIDAR(700408)",M.S. (OPHTHALMOLOGY),All India,1,0,1,0,0,0,0,0,0,0,2,All India Quota Seat Matrix - Round 1.pdf
2025,AIQ,1,14,All India except Central University,"BIDAR INSTITUTE OF MEDICAL SCIENCES, BIDAR(700408)",M.S. (ORTHOPAEDICS),All India,1,0,0,0,1,0,1,0,0,0,3,All India Quota Seat Matrix - Round 1.pdf
2025,AIQ,1,14,All India except Central University,"BIDAR INSTITUTE OF MEDICAL SCIENCES, BIDAR(700408)",MD/MS (Anatomy),All India,0,0,1,0,0,0,0,0,0,0,1,All India Quota Seat Matrix - Round 1.pdf
2025,AIQ,1,14,All India except Central University,"BPS Govt. Medical College for Women, Khanpur Kalan Sonepat(700378)",M.D. (BIOCHEMISTRY),All India,2,0,0,0,0,0,0,0,0,0,2,All India Quota Seat Matrix - Round 1.pdf
2025,AIQ,1,14,All India except Central University,"BPS Govt. Medical College for Women, Khanpur Kalan Sonepat(700378)",M.D. (FORENSIC MEDICINE),All India,0,0,0,0,1,0,1,0,0,0,2,All India Quota Seat Matrix - Round 1.pdf
2025,AIQ,1,14,All India except Central University,"BPS Govt. Medical College for Women, Khanpur Kalan Sonepat(700378)",M.D. (PATHOLOGY),All India,1,0,1,0,1,0,0,0,0,0,3,All India Quota Seat Matrix - Round 1.pdf
2025,AIQ,1,14,All India except Central University,"BPS Govt. Medical College for Women, Khanpur Kalan Sonepat(700378)",M.D. (PHARMACOLOGY),All India,1,0,0,0,1,0,0,0,0,0,2,All India Quota Seat Matrix - Round 1.pdf
2025,AIQ,1,14,All India except Central University,"BPS Govt. Medical College for Women, Khanpur Kalan Sonepat(700378)",M.D. (PHYSIOLOGY),All India,1,0,0,0,0,0,1,0,0,0,2,All India Quota Seat Matrix - Round 1.pdf
2025,AIQ,1,14,All India except Central University,"BPS Govt. Medical College for Women, Khanpur Kalan Sonepat(700378)",M.D. (PREVENTIVE and SOCIAL MEDICINE)/ COMMUNITY MEDICINE,All India,0,0,0,0,1,0,0,0,1,0,2,All India Quota Seat Matrix - Round 1.pdf
2025,AIQ,1,14,All India except Central University,"BPS Govt. Medical College for Women, Khanpur Kalan Sonepat(700378)",MD/MS (Anatomy),All India,0,0,1,0,0,0,0,0,0,0,1,All India Quota Seat Matrix - Round 1.pdf
2025,AIQ,1,14,All India except Central University,"Burdwan Medical College, West Bengal(700388)",DIP.IN GYNAE. and OBST.,All India,0,0,0,0,0,0,1,0,0,0,1,All India Quota Seat Matrix - Round 1.pdf
2025,AIQ,1,14,All India except Central University,"Burdwan Medical College, West Bengal(700388)",DIPLOMA IN OPHTHALMOLOGY/DOMS,All India,1,0,0,0,1,0,0,0,0,0,2,All India Quota Seat Matrix - Round 1.pdf
2025,AIQ,1,14,All India except Central University,"Burdwan Medical College, West Bengal(700388)",M.D. (ANAESTHESIOLOGY),All India,1,1,1,0,1,0,1,0,1,0,6,All India Quota Seat Matrix - Round 1.pdf
2025,AIQ,1,15,All India except Central University,"Burdwan Medical College, West Bengal(700388)",M.D. (BIOCHEMISTRY),All India,1,0,0,0,1,0,0,0,0,0,2,All India Quota Seat Matrix - Round 1.pdf
2025,AIQ,1,15,All India except Central University,"Burdwan Medical College, West Bengal(700388)","M.D. (DERM.,VENE. and LEPROSY)/ (DERMATOLOGY)/(SKIN and VENEREAL DISEASES)/(VENEREOLOGY)",All India,0,0,1,0,0,0,0,0,0,0,1,All India Quota Seat Matrix - Round 1.pdf
2025,AIQ,1,15,All India except Central University,"Burdwan Medical College, West Bengal(700388)",M.D. (FORENSIC MEDICINE),All India,1,0,0,0,0,0,0,0,0,0,1,All India Quota Seat Matrix - Round 1.pdf
2025,AIQ,1,15,All India except Central University,"Burdwan Medical College, West Bengal(700388)",M.D. (GENERAL MEDICINE),All India,3,0,0,0,1,0,1,0,1,0,6,All India Quota Seat Matrix - Round 1.pdf
2025,AIQ,1,15,All India except Central University,"Burdwan Medical College, West Bengal(700388)",M.D. (MICROBIOLOGY),All India,0,0,0,0,0,0,1,0,1,0,2,All India Quota Seat Matrix - Round 1.pdf
2025,AIQ,1,15,All India except Central University,"Burdwan Medical College, West Bengal(700388)",M.D. (Obst. and Gynae)/MS (Obstetrics and Gynaecology),All India,3,0,1,0,2,0,1,0,0,0,7,All India Quota Seat Matrix - Round 1.pdf
2025,AIQ,1,15,All India except Central University,"Burdwan Medical College, West Bengal(700388)",M.D. (PAEDIATRICS),All India,3,0,1,0,1,1,1,0,0,0,7,All India Quota Seat Matrix - Round 1.pdf
2025,AIQ,1,15,All India except Central University,"Burdwan Medical College, West Bengal(700388)",M.D. (PATHOLOGY),All India,1,1,1,0,1,0,0,0,0,0,4,All India Quota Seat Matrix - Round 1.pdf
2025,AIQ,1,15,All India except Central University,"Burdwan Medical College, West Bengal(700388)",M.D. (PHARMACOLOGY),All India,0,0,0,0,0,0,1,0,1,0,2,All India Quota Seat Matrix - Round 1.pdf
2025,AIQ,1,15,All India except Central University,"Burdwan Medical College, West Bengal(700388)",M.D. (PHYSIOLOGY),All India,1,0,0,0,1,0,0,0,0,0,2,All India Quota Seat Matrix - Round 1.pdf
2025,AIQ,1,15,All India except Central University,"Burdwan Medical College, West Bengal(700388)",M.D. (PREVENTIVE and SOCIAL MEDICINE)/ COMMUNITY MEDICINE,All India,0,0,1,0,1,0,1,0,0,0,3,All India Quota Seat Matrix - Round 1.pdf
2025,AIQ,1,15,All India except Central University,"Burdwan Medical College, West Bengal(700388)",M.D. (PSYCHIATRY),All India,2,0,0,0,0,0,0,0,0,0,2,All India Quota Seat Matrix - Round 1.pdf
2025,AIQ,1,15,All India except Central University,"Burdwan Medical College, West Bengal(700388)",M.D. (RADIO-DIAGNOSIS),All India,1,0,0,0,1,0,0,0,0,0,2,All India Quota Seat Matrix - Round 1.pdf
2025,AIQ,1,15,All India except Central University,"Burdwan Medical College, West Bengal(700388)",M.D. (Radiotherapy/ Radiation Oncology),All India,2,0,0,0,0,0,0,0,0,0,2,All India Quota Seat Matrix - Round 1.pdf
2025,AIQ,1,15,All India except Central University,"Burdwan Medical College, West Bengal(700388)",M.D. (Tuberculosis and Respiratory diseases)/Pulmonary Medicine /M.D. (Respiratory Medicine),All India,0,0,0,0,1,0,1,0,0,0,2,All India Quota Seat Matrix - Round 1.pdf
2025,AIQ,1,15,All India except Central University,"Burdwan Medical College, West Bengal(700388)",M.S. (E.N.T.),All India,1,0,0,0,1,0,0,0,0,0,2,All India Quota Seat Matrix - Round 1.pdf
2025,AIQ,1,15,All India except Central University,"Burdwan Medical College, West Bengal(700388)",M.S. (GENERAL SURGERY),All India,3,0,1,0,3,0,1,0,0,0,8,All India Quota Seat Matrix - Round 1.pdf
2025,AIQ,1,15,All India except Central University,"Burdwan Medical College, West Bengal(700388)",M.S. (OPHTHALMOLOGY),All India,1,0,0,0,0,0,0,0,0,0,1,All India Quota Seat Matrix - Round 1.pdf
2025,AIQ,1,15,All India except Central University,"Burdwan Medical College, West Bengal(700388)",M.S. (ORTHOPAEDICS),All India,1,0,0,0,2,0,1,0,1,0,5,All India Quota Seat Matrix - Round 1.pdf
2025,AIQ,1,15,All India except Central University,"Burdwan Medical College, West Bengal(700388)",MD/MS (Anatomy),All India,1,0,0,0,1,0,0,0,0,0,2,All India Quota Seat Matrix - Round 1.pdf
2025,AIQ,1,16,All India except Central University,CALCUTTA NATIONAL MEDICAL COLLEGE(700398),DIPLOMA IN ANAESTHESIOLOGY,All India,2,0,0,0,0,0,0,0,0,0,2,All India Quota Seat Matrix - Round 1.pdf
2025,AIQ,1,16,All India except Central University,CALCUTTA NATIONAL MEDICAL COLLEGE(700398),M.D. (ANAESTHESIOLOGY),All India,2,0,1,0,2,0,1,0,0,0,6,All India Quota Seat Matrix - Round 1.pdf
2025,AIQ,1,16,All India except Central University,CALCUTTA NATIONAL MEDICAL COLLEGE(700398),M.D. (BIOCHEMISTRY),All India,1,0,0,0,0,0,0,0,0,0,1,All India Quota Seat Matrix - Round 1.pdf
2025,AIQ,1,16,All India except Central University,CALCUTTA NATIONAL MEDICAL COLLEGE(700398),"M.D. (DERM.,VENE. and LEPROSY)/ (DERMATOLOGY)/(SKIN and VENEREAL DISEASES)/(VENEREOLOGY)",All India,0,0,0,0,1,0,0,0,0,0,1,All India Quota Seat Matrix - Round 1.pdf
2025,AIQ,1,16,All India except Central University,CALCUTTA NATIONAL MEDICAL COLLEGE(700398),M.D. (GENERAL MEDICINE),All India,4,0,1,0,3,0,1,0,0,0,9,All India Quota Seat Matrix - Round 1.pdf
2025,AIQ,1,16,All India except Central University,CALCUTTA NATIONAL MEDICAL COLLEGE(700398),M.D. (MICROBIOLOGY),All India,0,1,0,0,0,0,1,0,0,0,2,All India Quota Seat Matrix - Round 1.pdf
2025,AIQ,1,16,All India except Central University,CALCUTTA NATIONAL MEDICAL COLLEGE(700398),M.D. (Obst. and Gynae)/MS (Obstetrics and Gynaecology),All India,3,0,1,0,2,0,1,0,1,0,8,All India Quota Seat Matrix - Round 1.pdf
2025,AIQ,1,16,All India except Central University,CALCUTTA NATIONAL MEDICAL COLLEGE(700398),M.D. (PAEDIATRICS),All India,2,0,0,0,1,0,1,0,1,0,5,All India Quota Seat Matrix - Round 1.pdf
2025,AIQ,1,16,All India except Central University,CALCUTTA NATIONAL MEDICAL COLLEGE(700398),M.D. (PATHOLOGY),All India,0,0,1,0,0,1,0,0,0,0,2,All India Quota Seat Matrix - Round 1.pdf
2025,AIQ,1,16,All India except Central University,CALCUTTA NATIONAL MEDICAL COLLEGE(700398),M.D. (PHARMACOLOGY),All India,2,0,0,0,0,0,0,0,0,0,2,All India Quota Seat Matrix - Round 1.pdf
2025,AIQ,1,16,All India except Central University,CALCUTTA NATIONAL MEDICAL COLLEGE(700398),M.D. (PHYSIOLOGY),All India,0,0,0,0,1,0,1,0,0,0,2,All India Quota Seat Matrix - Round 1.pdf
2025,AIQ,1,16,All India except Central University,CALCUTTA NATIONAL MEDICAL COLLEGE(700398),M.D. (PREVENTIVE and SOCIAL MEDICINE)/ COMMUNITY MEDICINE,All India,1,0,1,0,1,0,0,0,0,0,3,All India Quota Seat Matrix - Round 1.pdf
2025,AIQ,1,16,All India except Central University,CALCUTTA NATIONAL MEDICAL COLLEGE(700398),M.D. (PSYCHIATRY),All India,2,0,0,0,0,0,0,0,0,0,2,All India Quota Seat Matrix - Round 1.pdf
2025,AIQ,1,16,All India except Central University,CALCUTTA NATIONAL MEDICAL COLLEGE(700398),M.D. (Tuberculosis and Respiratory diseases)/Pulmonary Medicine /M.D. (Respiratory Medicine),All India,0,0,0,0,1,0,1,0,0,0,2,All India Quota Seat Matrix - Round 1.pdf
2025,AIQ,1,16,All India except Central University,CALCUTTA NATIONAL MEDICAL COLLEGE(700398),M.S. (E.N.T.),All India,0,0,0,0,0,0,1,0,1,0,2,All India Quota Seat Matrix - Round 1.pdf
2025,AIQ,1,16,All India except Central University,CALCUTTA NATIONAL MEDICAL COLLEGE(700398),M.S. (GENERAL SURGERY),All India,3,0,1,0,2,0,0,1,1,0,8,All India Quota Seat Matrix - Round 1.pdf
2025,AIQ,1,16,All India except Central University,CALCUTTA NATIONAL MEDICAL COLLEGE(700398),M.S. (OPHTHALMOLOGY),All India,1,0,1,0,2,0,0,0,0,0,4,All India Quota Seat Matrix - Round 1.pdf
2025,AIQ,1,16,All India except Central University,CALCUTTA NATIONAL MEDICAL COLLEGE(700398),M.S. (ORTHOPAEDICS),All India,3,0,0,0,1,0,1,0,0,0,5,All India Quota Seat Matrix - Round 1.pdf
2025,AIQ,1,16,All India except Central University,CALCUTTA NATIONAL MEDICAL COLLEGE(700398),MD/MS (Anatomy),All India,0,0,0,0,0,0,0,0,1,0,1,All India Quota Seat Matrix - Round 1.pdf
2025,AIQ,1,16,All India except Central University,Calcutta School Of Tropical Medicine(700397),DIPLOMA IN CLINICAL PATHOLOGY,All India,1,0,0,0,0,0,0,0,1,0,2,All India Quota Seat Matrix - Round 1.pdf
2025,AIQ,1,17,All India except Central University,Calcutta School Of Tropical Medicine(700397),"M.D. (DERM.,VENE. and LEPROSY)/ (DERMATOLOGY)/(SKIN and VENEREAL DISEASES)/(VENEREOLOGY)",All India,0,0,0,0,1,0,0,0,0,0,1,All India Quota Seat Matrix - Round 1.pdf
2025,AIQ,1,17,All India except Central University,Calcutta School Of Tropical Medicine(700397),M.D. (MICROBIOLOGY),All India,1,0,1,0,0,0,1,0,0,0,3,All India Quota Seat Matrix - Round 1.pdf
2025,AIQ,1,17,All India except Central University,Calcutta School Of Tropical Medicine(700397),M.D. (PHARMACOLOGY),All India,0,0,0,0,1,0,0,0,0,0,1,All India Quota Seat Matrix - Round 1.pdf
2025,AIQ,1,17,All India except Central University,Calcutta School Of Tropical Medicine(700397),M.D. (TROPICAL MEDICINE),All India,3,0,0,0,1,0,1,0,0,0,5,All India Quota Seat Matrix - Round 1.pdf
2025,AIQ,1,17,All India except Central University,"Central Institute of Psychiatry, Ranchi(700419)",M.D. (PSYCHIATRY),All India,13,1,4,0,9,0,4,1,2,0,34,All India Quota Seat Matrix - Round 1.pdf
2025,AIQ,1,17,All India except Central University,Chacha Nehru Bal Chikitsalaya(701404),M.D. (PAEDIATRICS),All India,0,0,1,0,0,0,0,0,1,0,2,All India Quota Seat Matrix - Round 1.pdf
2025,AIQ,1,17,All India except Central University,"Chamarajanagar Institute of Medical Sciences, Karnataka(701512)",M.D. (ANAESTHESIOLOGY),All India,0,0,0,0,0,0,0,0,1,0,1,All India Quota Seat Matrix - Round 1.pdf
2025,AIQ,1,17,All India except Central University,"Chamarajanagar Institute of Medical Sciences, Karnataka(701512)",M.D. (BIOCHEMISTRY),All India,1,0,0,0,0,0,0,0,0,0,1,All India Quota Seat Matrix - Round 1.pdf
2025,AIQ,1,17,All India except Central University,"Chamarajanagar Institute of Medical Sciences, Karnataka(701512)",M.D. (GENERAL MEDICINE),All India,1,0,0,0,1,0,0,0,0,0,2,All India Quota Seat Matrix - Round 1.pdf
2025,AIQ,1,17,All India except Central University,"Chamarajanagar Institute of Medical Sciences, Karnataka(701512)",M.D. (MICROBIOLOGY),All India,1,0,0,0,1,0,0,0,0,0,2,All India Quota Seat Matrix - Round 1.pdf
2025,AIQ,1,17,All India except Central University,"Chamarajanagar Institute of Medical Sciences, Karnataka(701512)",M.D. (Obst. and Gynae)/MS (Obstetrics and Gynaecology),All India,2,0,0,0,1,0,0,0,0,0,3,All India Quota Seat Matrix - Round 1.pdf
2025,AIQ,1,17,All India except Central University,"Chamarajanagar Institute of Medical Sciences, Karnataka(701512)",M.D. (PATHOLOGY),All India,0,0,1,0,0,0,0,0,0,0,1,All India Quota Seat Matrix - Round 1.pdf
2025,AIQ,1,17,All India except Central University,"Chamarajanagar Institute of Medical Sciences, Karnataka(701512)",M.D. (PREVENTIVE and SOCIAL MEDICINE)/ COMMUNITY MEDICINE,All India,2,0,0,0,0,0,0,0,0,0,2,All India Quota Seat Matrix - Round 1.pdf
2025,AIQ,1,17,All India except Central University,"Chamarajanagar Institute of Medical Sciences, Karnataka(701512)",M.S. (GENERAL SURGERY),All India,0,0,1,0,0,0,1,0,0,0,2,All India Quota Seat Matrix - Round 1.pdf
2025,AIQ,1,17,All India except Central University,"Chamarajanagar Institute of Medical Sciences, Karnataka(701512)",M.S. (OPHTHALMOLOGY),All India,0,0,0,0,0,0,1,0,1,0,2,All India Quota Seat Matrix - Round 1.pdf
2025,AIQ,1,17,All India except Central University,"Chamarajanagar Institute of Medical Sciences, Karnataka(701512)",M.S. (ORTHOPAEDICS),All India,0,0,0,0,1,0,0,0,0,0,1,All India Quota Seat Matrix - Round 1.pdf
2025,AIQ,1,17,All India except Central University,"CHENGALPATTU MEDICAL COLLEGE, CHENGALPATTU(700351)",M.D. (ANAESTHESIOLOGY),All India,3,0,0,0,2,0,1,0,0,0,6,All India Quota Seat Matrix - Round 1.pdf
2025,AIQ,1,17,All India except Central University,"CHENGALPATTU MEDICAL COLLEGE, CHENGALPATTU(700351)",M.D. (BIOCHEMISTRY),All India,1,0,0,0,0,0,0,0,0,0,1,All India Quota Seat Matrix - Round 1.pdf
2025,AIQ,1,17,All India except Central University,"CHENGALPATTU MEDICAL COLLEGE, CHENGALPATTU(700351)","M.D. (DERM.,VENE. and LEPROSY)/ (DERMATOLOGY)/(SKIN and VENEREAL DISEASES)/(VENEREOLOGY)",All India,1,0,0,0,1,0,0,0,0,0,2,All India Quota Seat Matrix - Round 1.pdf
2025,AIQ,1,17,All India except Central University,"CHENGALPATTU MEDICAL COLLEGE, CHENGALPATTU(700351)",M.D. (Emergency and Critical Care)/M.D. (Emergency Medicine),All India,0,0,0,0,0,0,1,0,1,0,2,All India Quota Seat Matrix - Round 1.pdf
2025,AIQ,1,18,All India except Central University,"CHENGALPATTU MEDICAL COLLEGE, CHENGALPATTU(700351)",M.D. (FORENSIC MEDICINE),All India,0,0,0,0,1,0,0,0,0,0,1,All India Quota Seat Matrix - Round 1.pdf
2025,AIQ,1,18,All India except Central University,"CHENGALPATTU MEDICAL COLLEGE, CHENGALPATTU(700351)",M.D. (GENERAL MEDICINE),All India,3,0,0,0,1,0,1,0,0,0,5,All India Quota Seat Matrix - Round 1.pdf
2025,AIQ,1,18,All India except Central University,"CHENGALPATTU MEDICAL COLLEGE, CHENGALPATTU(700351)",M.D. (MICROBIOLOGY),All India,0,0,0,0,0,0,0,0,1,0,1,All India Quota Seat Matrix - Round 1.pdf
2025,AIQ,1,18,All India except Central University,"CHENGALPATTU MEDICAL COLLEGE, CHENGALPATTU(700351)",M.D. (Obst. and Gynae)/MS (Obstetrics and Gynaecology),All India,1,1,0,0,1,0,0,0,0,0,3,All India Quota Seat Matrix - Round 1.pdf
2025,AIQ,1,18,All India except Central University,"CHENGALPATTU MEDICAL COLLEGE, CHENGALPATTU(700351)",M.D. (PAEDIATRICS),All India,2,0,0,0,1,0,0,0,0,0,3,All India Quota Seat Matrix - Round 1.pdf
2025,AIQ,1,18,All India except Central University,"CHENGALPATTU MEDICAL COLLEGE, CHENGALPATTU(700351)",M.D. (PATHOLOGY),All India,0,0,0,0,0,0,1,0,0,0,1,All India Quota Seat Matrix - Round 1.pdf
2025,AIQ,1,18,All India except Central University,"CHENGALPATTU MEDICAL COLLEGE, CHENGALPATTU(700351)",M.D. (PHARMACOLOGY),All India,0,0,0,0,0,0,0,0,1,0,1,All India Quota Seat Matrix - Round 1.pdf
2025,AIQ,1,18,All India except Central University,"CHENGALPATTU MEDICAL COLLEGE, CHENGALPATTU(700351)",M.D. (PHYSIOLOGY),All India,0,0,0,0,1,0,0,0,0,0,1,All India Quota Seat Matrix - Round 1.pdf
2025,AIQ,1,18,All India except Central University,"CHENGALPATTU MEDICAL COLLEGE, CHENGALPATTU(700351)",M.D. (PREVENTIVE and SOCIAL MEDICINE)/ COMMUNITY MEDICINE,All India,0,0,1,0,0,0,0,0,0,0,1,All India Quota Seat Matrix - Round 1.pdf
2025,AIQ,1,18,All India except Central University,"CHENGALPATTU MEDICAL COLLEGE, CHENGALPATTU(700351)",M.D. (PSYCHIATRY),All India,1,0,0,0,0,0,0,0,0,0,1,All India Quota Seat Matrix - Round 1.pdf
2025,AIQ,1,18,All India except Central University,"CHENGALPATTU MEDICAL COLLEGE, CHENGALPATTU(700351)",M.D. (Radiotherapy/ Radiation Oncology),All India,1,0,0,0,1,0,0,0,0,0,2,All India Quota Seat Matrix - Round 1.pdf
2025,AIQ,1,18,All India except Central University,"CHENGALPATTU MEDICAL COLLEGE, CHENGALPATTU(700351)",M.D. (Tuberculosis and Respiratory diseases)/Pulmonary Medicine /M.D. (Respiratory Medicine),All India,0,0,0,0,0,0,1,0,0,0,1,All India Quota Seat Matrix - Round 1.pdf
2025,AIQ,1,18,All India except Central University,"CHENGALPATTU MEDICAL COLLEGE, CHENGALPATTU(700351)",M.S. (E.N.T.),All India,0,0,1,0,0,0,0,0,0,0,1,All India Quota Seat Matrix - Round 1.pdf
2025,AIQ,1,18,All India except Central University,"CHENGALPATTU MEDICAL COLLEGE, CHENGALPATTU(700351)",M.S. (GENERAL SURGERY),All India,3,0,1,0,2,0,0,1,0,0,7,All India Quota Seat Matrix - Round 1.pdf
2025,AIQ,1,18,All India except Central University,"CHENGALPATTU MEDICAL COLLEGE, CHENGALPATTU(700351)",M.S. (OPHTHALMOLOGY),All India,0,0,0,0,0,0,1,0,0,0,1,All India Quota Seat Matrix - Round 1.pdf
2025,AIQ,1,18,All India except Central University,"CHENGALPATTU MEDICAL COLLEGE, CHENGALPATTU(700351)",M.S. (ORTHOPAEDICS),All India,1,0,1,0,1,0,0,0,0,0,3,All India Quota Seat Matrix - Round 1.pdf
2025,AIQ,1,18,All India except Central University,CHHATTISGARH INSTITUTE OF MEDICAL SCIENCES(700319),M.D. (ANAESTHESIOLOGY),All India,1,0,1,0,0,0,0,0,0,0,2,All India Quota Seat Matrix - Round 1.pdf
2025,AIQ,1,18,All India except Central University,CHHATTISGARH INSTITUTE OF MEDICAL SCIENCES(700319),M.D. (BIOCHEMISTRY),All India,1,0,0,0,1,0,0,0,0,0,2,All India Quota Seat Matrix - Round 1.pdf
2025,AIQ,1,18,All India except Central University,CHHATTISGARH INSTITUTE OF MEDICAL SCIENCES(700319),"M.D. (DERM.,VENE. and LEPROSY)/ (DERMATOLOGY)/(SKIN and VENEREAL DISEASES)/(VENEREOLOGY)",All India,1,0,0,0,0,0,1,0,0,0,2,All India Quota Seat Matrix - Round 1.pdf
2025,AIQ,1,18,All India except Central University,CHHATTISGARH INSTITUTE OF MEDICAL SCIENCES(700319),M.D. (FORENSIC MEDICINE),All India,1,0,0,0,0,0,0,0,0,0,1,All India Quota Seat Matrix - Round 1.pdf
2025,AIQ,1,19,All India except Central University,CHHATTISGARH INSTITUTE OF MEDICAL SCIENCES(700319),M.D. (GENERAL MEDICINE),All India,2,0,0,0,1,0,1,0,0,0,4,All India Quota Seat Matrix - Round 1.pdf
2025,AIQ,1,19,All India except Central University,CHHATTISGARH INSTITUTE OF MEDICAL SCIENCES(700319),M.D. (MICROBIOLOGY),All India,2,0,0,0,0,0,0,0,0,0,2,All India Quota Seat Matrix - Round 1.pdf
2025,AIQ,1,19,All India except Central University,CHHATTISGARH INSTITUTE OF MEDICAL SCIENCES(700319),M.D. (Obst. and Gynae)/MS (Obstetrics and Gynaecology),All India,0,0,0,0,1,0,0,0,0,0,1,All India Quota Seat Matrix - Round 1.pdf
2025,AIQ,1,19,All India except Central University,CHHATTISGARH INSTITUTE OF MEDICAL SCIENCES(700319),M.D. (PAEDIATRICS),All India,2,0,0,0,0,0,0,0,0,0,2,All India Quota Seat Matrix - Round 1.pdf
2025,AIQ,1,19,All India except Central University,CHHATTISGARH INSTITUTE OF MEDICAL SCIENCES(700319),M.D. (PATHOLOGY),All India,1,0,0,0,2,0,1,0,1,0,5,All India Quota Seat Matrix - Round 1.pdf
2025,AIQ,1,19,All India except Central University,CHHATTISGARH INSTITUTE OF MEDICAL SCIENCES(700319),M.D. (PHARMACOLOGY),All India,1,0,1,0,0,0,1,0,0,0,3,All India Quota Seat Matrix - Round 1.pdf
2025,AIQ,1,19,All India except Central University,CHHATTISGARH INSTITUTE OF MEDICAL SCIENCES(700319),M.D. (PSYCHIATRY),All India,1,0,0,0,1,0,0,0,0,0,2,All India Quota Seat Matrix - Round 1.pdf
2025,AIQ,1,19,All India except Central University,CHHATTISGARH INSTITUTE OF MEDICAL SCIENCES(700319),M.S. (E.N.T.),All India,0,0,0,0,1,0,0,0,0,0,1,All India Quota Seat Matrix - Round 1.pdf
2025,AIQ,1,19,All India except Central University,CHHATTISGARH INSTITUTE OF MEDICAL SCIENCES(700319),M.S. (GENERAL SURGERY),All India,0,0,1,0,1,0,0,0,1,0,3,All India Quota Seat Matrix - Round 1.pdf
2025,AIQ,1,19,All India except Central University,CHHATTISGARH INSTITUTE OF MEDICAL SCIENCES(700319),M.S. (OPHTHALMOLOGY),All India,0,0,0,0,0,0,1,0,0,0,1,All India Quota Seat Matrix - Round 1.pdf
2025,AIQ,1,19,All India except Central University,CHHATTISGARH INSTITUTE OF MEDICAL SCIENCES(700319),M.S. (ORTHOPAEDICS),All India,1,0,1,0,1,0,0,0,0,0,3,All India Quota Seat Matrix - Round 1.pdf
2025,AIQ,1,19,All India except Central University,CHHATTISGARH INSTITUTE OF MEDICAL SCIENCES(700319),MD/MS (Anatomy),All India,0,0,0,0,0,1,0,0,0,0,1,All India Quota Seat Matrix - Round 1.pdf
2025,AIQ,1,19,All India except Central University,"Chittaranjan National Cancer Institute, 37- (701258)",M.D. (ANAESTHESIOLOGY),All India,0,0,0,0,1,0,0,0,1,0,2,All India Quota Seat Matrix - Round 1.pdf
2025,AIQ,1,19,All India except Central University,"Chittaranjan National Cancer Institute, 37- (701258)",M.D. (RADIO-DIAGNOSIS),All India,1,0,0,0,1,0,0,0,0,0,2,All India Quota Seat Matrix - Round 1.pdf
2025,AIQ,1,19,All India except Central University,"Chittaranjan National Cancer Institute, 37- (701258)",M.D. (Radiotherapy/ Radiation Oncology),All India,1,0,0,1,0,0,1,0,0,0,3,All India Quota Seat Matrix - Round 1.pdf
2025,AIQ,1,19,All India except Central University,"Chittaranjan National Cancer Institute, 37- (701258)",M.D.Laboratory Medicine Course,All India,0,1,1,0,0,0,0,0,0,0,2,All India Quota Seat Matrix - Round 1.pdf
2025,AIQ,1,19,All India except Central University,Chittaranjan Seva Sadan Hospital(700406),M.D. (Obst. and Gynae)/MS (Obstetrics and Gynaecology),All India,2,0,0,0,2,0,1,0,1,0,6,All India Quota Seat Matrix - Round 1.pdf
2025,AIQ,1,19,All India except Central University,Chittaranjan Seva Sadan Hospital(700406),M.D. (PAEDIATRICS),All India,2,0,0,0,1,0,0,0,0,0,3,All India Quota Seat Matrix - Round 1.pdf
2025,AIQ,1,19,All India except Central University,COIMBATORE MEDICAL COLLEGE(700340),M.D. (ANAESTHESIOLOGY),All India,4,0,0,0,1,0,0,0,0,0,5,All India Quota Seat Matrix - Round 1.pdf
2025,AIQ,1,19,All India except Central University,COIMBATORE MEDICAL COLLEGE(700340),M.D. (BIOCHEMISTRY),All India,0,0,0,0,1,0,0,0,0,0,1,All India Quota Seat Matrix - Round 1.pdf
2025,AIQ,1,20,All India except Central University,COIMBATORE MEDICAL COLLEGE(700340),"M.D. (DERM.,VENE. and LEPROSY)/ (DERMATOLOGY)/(SKIN and VENEREAL DISEASES)/(VENEREOLOGY)",All India,0,0,0,0,0,0,1,0,0,0,1,All India Quota Seat Matrix - Round 1.pdf
2025,AIQ,1,20,All India except Central University,COIMBATORE MEDICAL COLLEGE(700340),M.D. (Emergency and Critical Care)/M.D. (Emergency Medicine),All India,0,0,0,0,0,0,0,0,1,0,1,All India Quota Seat Matrix - Round 1.pdf
2025,AIQ,1,20,All India except Central University,COIMBATORE MEDICAL COLLEGE(700340),M.D. (FORENSIC MEDICINE),All India,0,0,1,0,0,0,0,0,0,0,1,All India Quota Seat Matrix - Round 1.pdf
2025,AIQ,1,20,All India except Central University,COIMBATORE MEDICAL COLLEGE(700340),M.D. (GENERAL MEDICINE),All India,5,0,1,0,2,0,1,0,0,0,9,All India Quota Seat Matrix - Round 1.pdf
2025,AIQ,1,20,All India except Central University,COIMBATORE MEDICAL COLLEGE(700340),M.D. (MICROBIOLOGY),All India,2,0,0,0,0,0,0,0,0,0,2,All India Quota Seat Matrix - Round 1.pdf
2025,AIQ,1,20,All India except Central University,COIMBATORE MEDICAL COLLEGE(700340),M.D. (Obst. and Gynae)/MS (Obstetrics and Gynaecology),All India,1,0,0,0,2,0,1,0,1,0,5,All India Quota Seat Matrix - Round 1.pdf
2025,AIQ,1,20,All India except Central University,COIMBATORE MEDICAL COLLEGE(700340),M.D. (PAEDIATRICS),All India,0,0,0,1,1,0,1,0,1,0,4,All India Quota Seat Matrix - Round 1.pdf
2025,AIQ,1,20,All India except Central University,COIMBATORE MEDICAL COLLEGE(700340),M.D. (PATHOLOGY),All India,2,0,0,0,1,0,0,0,0,0,3,All India Quota Seat Matrix - Round 1.pdf
2025,AIQ,1,20,All India except Central University,COIMBATORE MEDICAL COLLEGE(700340),M.D. (PHARMACOLOGY),All India,1,0,0,0,0,0,0,0,0,0,1,All India Quota Seat Matrix - Round 1.pdf
2025,AIQ,1,20,All India except Central University,COIMBATORE MEDICAL COLLEGE(700340),M.D. (PHYSIOLOGY),All India,1,0,0,0,1,0,0,0,0,0,2,All India Quota Seat Matrix - Round 1.pdf
2025,AIQ,1,20,All India except Central University,COIMBATORE MEDICAL COLLEGE(700340),M.D. (PSYCHIATRY),All India,1,0,0,0,0,0,0,0,0,0,1,All India Quota Seat Matrix - Round 1.pdf
2025,AIQ,1,20,All India except Central University,COIMBATORE MEDICAL COLLEGE(700340),M.D. (RADIO-DIAGNOSIS),All India,0,0,0,0,1,0,1,0,0,0,2,All India Quota Seat Matrix - Round 1.pdf
2025,AIQ,1,20,All India except Central University,COIMBATORE MEDICAL COLLEGE(700340),M.D. (Tuberculosis and Respiratory diseases)/Pulmonary Medicine /M.D. (Respiratory Medicine),All India,1,0,0,0,0,0,0,0,0,0,1,All India Quota Seat Matrix - Round 1.pdf
2025,AIQ,1,20,All India except Central University,COIMBATORE MEDICAL COLLEGE(700340),M.S. (E.N.T.),All India,0,0,0,0,0,1,0,0,0,0,1,All India Quota Seat Matrix - Round 1.pdf
2025,AIQ,1,20,All India except Central University,COIMBATORE MEDICAL COLLEGE(700340),M.S. (GENERAL SURGERY),All India,2,0,1,0,3,0,2,0,1,0,9,All India Quota Seat Matrix - Round 1.pdf
2025,AIQ,1,20,All India except Central University,COIMBATORE MEDICAL COLLEGE(700340),M.S. (OPHTHALMOLOGY),All India,0,1,1,0,0,0,0,0,0,0,2,All India Quota Seat Matrix - Round 1.pdf
2025,AIQ,1,20,All India except Central University,COIMBATORE MEDICAL COLLEGE(700340),M.S. (ORTHOPAEDICS),All India,2,0,0,0,1,0,1,0,0,0,4,All India Quota Seat Matrix - Round 1.pdf
2025,AIQ,1,20,All India except Central University,College of Medicine & Sagore Dutta Hospital(700521),M.D. (ANAESTHESIOLOGY),All India,1,0,0,0,0,0,1,0,0,0,2,All India Quota Seat Matrix - Round 1.pdf
2025,AIQ,1,20,All India except Central University,College of Medicine & Sagore Dutta Hospital(700521),M.D. (BIOCHEMISTRY),All India,0,0,0,0,1,0,0,0,0,0,1,All India Quota Seat Matrix - Round 1.pdf
2025,AIQ,1,20,All India except Central University,College of Medicine & Sagore Dutta Hospital(700521),M.D. (GENERAL MEDICINE),All India,2,0,1,0,0,0,0,0,0,0,3,All India Quota Seat Matrix - Round 1.pdf
2025,AIQ,1,21,All India except Central University,College of Medicine & Sagore Dutta Hospital(700521),M.D. (MICROBIOLOGY),All India,1,0,0,0,1,0,0,0,0,0,2,All India Quota Seat Matrix - Round 1.pdf
2025,AIQ,1,21,All India except Central University,College of Medicine & Sagore Dutta Hospital(700521),M.D. (Obst. and Gynae)/MS (Obstetrics and Gynaecology),All India,0,0,0,0,0,0,1,0,1,0,2,All India Quota Seat Matrix - Round 1.pdf
2025,AIQ,1,21,All India except Central University,College of Medicine & Sagore Dutta Hospital(700521),M.D. (PAEDIATRICS),All India,2,0,0,0,0,0,0,0,0,0,2,All India Quota Seat Matrix - Round 1.pdf
2025,AIQ,1,21,All India except Central University,College of Medicine & Sagore Dutta Hospital(700521),M.D. (PATHOLOGY),All India,0,0,0,0,1,0,1,0,0,0,2,All India Quota Seat Matrix - Round 1.pdf
2025,AIQ,1,21,All India except Central University,College of Medicine & Sagore Dutta Hospital(700521),M.D. (PHARMACOLOGY),All India,1,0,1,0,0,0,0,0,0,0,2,All India Quota Seat Matrix - Round 1.pdf
2025,AIQ,1,21,All India except Central University,College of Medicine & Sagore Dutta Hospital(700521),M.D. (PREVENTIVE and SOCIAL MEDICINE)/ COMMUNITY MEDICINE,All India,1,0,0,0,1,0,0,0,0,0,2,All India Quota Seat Matrix - Round 1.pdf
2025,AIQ,1,21,All India except Central University,College of Medicine & Sagore Dutta Hospital(700521),M.D. (PSYCHIATRY),All India,1,0,0,0,0,0,0,0,0,0,1,All India Quota Seat Matrix - Round 1.pdf
2025,AIQ,1,21,All India except Central University,College of Medicine & Sagore Dutta Hospital(700521),M.D. (Tuberculosis and Respiratory diseases)/Pulmonary Medicine /M.D. (Respiratory Medicine),All India,0,0,0,0,1,0,1,0,0,0,2,All India Quota Seat Matrix - Round 1.pdf
2025,AIQ,1,21,All India except Central University,College of Medicine & Sagore Dutta Hospital(700521),M.S. (OPHTHALMOLOGY),All India,0,0,0,0,1,0,0,0,0,0,1,All India Quota Seat Matrix - Round 1.pdf
2025,AIQ,1,21,All India except Central University,"College of Medicine and JNM Hospital, WBUHS(701353)",M.D. (ANAESTHESIOLOGY),All India,1,0,0,0,0,0,0,0,0,0,1,All India Quota Seat Matrix - Round 1.pdf
2025,AIQ,1,21,All India except Central University,"College of Medicine and JNM Hospital, WBUHS(701353)",M.D. (MICROBIOLOGY),All India,1,0,0,0,0,0,0,0,0,0,1,All India Quota Seat Matrix - Round 1.pdf
2025,AIQ,1,21,All India except Central University,"College of Medicine and JNM Hospital, WBUHS(701353)",M.D. (Obst. and Gynae)/MS (Obstetrics and Gynaecology),All India,1,0,0,0,0,0,0,0,0,0,1,All India Quota Seat Matrix - Round 1.pdf
2025,AIQ,1,21,All India except Central University,"College of Medicine and JNM Hospital, WBUHS(701353)",M.D. (PHARMACOLOGY),All India,0,0,0,0,1,0,0,0,0,0,1,All India Quota Seat Matrix - Round 1.pdf
2025,AIQ,1,21,All India except Central University,"College of Medicine and JNM Hospital, WBUHS(701353)",M.D. (PHYSIOLOGY),All India,0,0,0,0,0,0,1,0,0,0,1,All India Quota Seat Matrix - Round 1.pdf
2025,AIQ,1,21,All India except Central University,"College of Medicine and JNM Hospital, WBUHS(701353)",M.D. (PREVENTIVE and SOCIAL MEDICINE)/ COMMUNITY MEDICINE,All India,1,0,0,0,0,0,0,0,0,0,1,All India Quota Seat Matrix - Round 1.pdf
2025,AIQ,1,21,All India except Central University,"College of Medicine and JNM Hospital, WBUHS(701353)",M.D. (PSYCHIATRY),All India,0,1,0,0,0,0,0,0,0,0,1,All India Quota Seat Matrix - Round 1.pdf
2025,AIQ,1,21,All India except Central University,"College of Medicine and JNM Hospital, WBUHS(701353)",M.S. (E.N.T.),All India,0,0,0,0,1,0,0,0,0,0,1,All India Quota Seat Matrix - Round 1.pdf
2025,AIQ,1,21,All India except Central University,"College of Medicine and JNM Hospital, WBUHS(701353)",M.S. (GENERAL SURGERY),All India,0,0,1,0,0,0,0,0,0,0,1,All India Quota Seat Matrix - Round 1.pdf
2025,AIQ,1,21,All India except Central University,"College of Medicine and JNM Hospital, WBUHS(701353)",MD/MS (Anatomy),All India,0,0,0,0,0,0,0,0,1,0,1,All India Quota Seat Matrix - Round 1.pdf
2025,AIQ,1,21,All India except Central University,DARBHANGA MEDICAL COLLEGE(700107),DIPLOMA IN ANAESTHESIOLOGY,All India,2,0,1,0,1,0,0,0,0,0,4,All India Quota Seat Matrix - Round 1.pdf
2025,AIQ,1,22,All India except Central University,DARBHANGA MEDICAL COLLEGE(700107),M.D. (ANAESTHESIOLOGY),All India,2,0,0,0,1,0,1,0,0,0,4,All India Quota Seat Matrix - Round 1.pdf
2025,AIQ,1,22,All India except Central University,DARBHANGA MEDICAL COLLEGE(700107),M.D. (BIOCHEMISTRY),All India,0,0,0,0,1,0,0,0,1,0,2,All India Quota Seat Matrix - Round 1.pdf
2025,AIQ,1,22,All India except Central University,DARBHANGA MEDICAL COLLEGE(700107),M.D. (FORENSIC MEDICINE),All India,0,0,0,0,1,0,0,0,0,0,1,All India Quota Seat Matrix - Round 1.pdf
2025,AIQ,1,22,All India except Central University,DARBHANGA MEDICAL COLLEGE(700107),M.D. (GENERAL MEDICINE),All India,3,1,1,0,2,0,1,0,1,0,9,All India Quota Seat Matrix - Round 1.pdf
2025,AIQ,1,22,All India except Central University,DARBHANGA MEDICAL COLLEGE(700107),M.D. (MICROBIOLOGY),All India,0,0,0,0,1,0,1,0,1,0,3,All India Quota Seat Matrix - Round 1.pdf
2025,AIQ,1,22,All India except Central University,DARBHANGA MEDICAL COLLEGE(700107),M.D. (Obst. and Gynae)/MS (Obstetrics and Gynaecology),All India,5,0,1,0,3,0,1,0,0,0,10,All India Quota Seat Matrix - Round 1.pdf
2025,AIQ,1,22,All India except Central University,DARBHANGA MEDICAL COLLEGE(700107),M.D. (PAEDIATRICS),All India,1,0,0,1,1,0,0,0,0,0,3,All India Quota Seat Matrix - Round 1.pdf
2025,AIQ,1,22,All India except Central University,DARBHANGA MEDICAL COLLEGE(700107),M.D. (PATHOLOGY),All India,2,0,0,0,1,0,1,0,1,0,5,All India Quota Seat Matrix - Round 1.pdf
2025,AIQ,1,22,All India except Central University,DARBHANGA MEDICAL COLLEGE(700107),M.D. (PHARMACOLOGY),All India,2,1,0,0,1,0,0,0,0,0,4,All India Quota Seat Matrix - Round 1.pdf
2025,AIQ,1,22,All India except Central University,DARBHANGA MEDICAL COLLEGE(700107),M.D. (PHYSIOLOGY),All India,1,0,1,0,1,0,1,0,0,0,4,All India Quota Seat Matrix - Round 1.pdf
2025,AIQ,1,22,All India except Central University,DARBHANGA MEDICAL COLLEGE(700107),M.D. (PREVENTIVE and SOCIAL MEDICINE)/ COMMUNITY MEDICINE,All India,2,0,0,0,1,0,1,0,0,0,4,All India Quota Seat Matrix - Round 1.pdf
2025,AIQ,1,22,All India except Central University,DARBHANGA MEDICAL COLLEGE(700107),M.D. (RADIO-DIAGNOSIS),All India,1,0,0,0,1,0,0,0,1,0,3,All India Quota Seat Matrix - Round 1.pdf
2025,AIQ,1,22,All India except Central University,DARBHANGA MEDICAL COLLEGE(700107),M.D. (Tuberculosis and Respiratory diseases)/Pulmonary Medicine /M.D. (Respiratory Medicine),All India,1,0,0,0,0,0,0,0,0,0,1,All India Quota Seat Matrix - Round 1.pdf
2025,AIQ,1,22,All India except Central University,DARBHANGA MEDICAL COLLEGE(700107),M.S. (E.N.T.),All India,1,0,0,0,0,0,1,0,0,0,2,All India Quota Seat Matrix - Round 1.pdf
2025,AIQ,1,22,All India except Central University,DARBHANGA MEDICAL COLLEGE(700107),M.S. (GENERAL SURGERY),All India,4,0,1,0,1,1,1,0,0,0,8,All India Quota Seat Matrix - Round 1.pdf
2025,AIQ,1,22,All India except Central University,DARBHANGA MEDICAL COLLEGE(700107),M.S. (OPHTHALMOLOGY),All India,0,0,1,0,1,0,1,0,1,0,4,All India Quota Seat Matrix - Round 1.pdf
2025,AIQ,1,22,All India except Central University,DARBHANGA MEDICAL COLLEGE(700107),M.S. (ORTHOPAEDICS),All India,2,0,0,0,1,0,1,0,0,0,4,All India Quota Seat Matrix - Round 1.pdf
2025,AIQ,1,22,All India except Central University,DARBHANGA MEDICAL COLLEGE(700107),MD/MS (Anatomy),All India,2,0,1,0,1,0,1,0,0,0,5,All India Quota Seat Matrix - Round 1.pdf
2025,AIQ,1,22,All India except Central University,Dharwad Institute of Mental Health and Neurosciences (DIMHANS)(700525),M.D. (PSYCHIATRY),All India,1,0,0,1,1,1,1,0,0,0,5,All India Quota Seat Matrix - Round 1.pdf
2025,AIQ,1,22,All India except Central University,"Dr Ram Manohar Lohia Institute of Medical Sciences, Lucknow(700385)",M.D. (ANAESTHESIOLOGY),All India,3,1,0,0,1,0,1,0,1,0,7,All India Quota Seat Matrix - Round 1.pdf
2025,AIQ,1,23,All India except Central University,"Dr Ram Manohar Lohia Institute of Medical Sciences, Lucknow(700385)",M.D. (Emergency and Critical Care)/M.D. (Emergency Medicine),All India,0,0,0,0,1,0,1,0,0,0,2,All India Quota Seat Matrix - Round 1.pdf
2025,AIQ,1,23,All India except Central University,"Dr Ram Manohar Lohia Institute of Medical Sciences, Lucknow(700385)",M.D. (GENERAL MEDICINE),All India,1,0,0,0,1,0,0,0,0,0,2,All India Quota Seat Matrix - Round 1.pdf
2025,AIQ,1,23,All India except Central University,"Dr Ram Manohar Lohia Institute of Medical Sciences, Lucknow(700385)",M.D. (MICROBIOLOGY),All India,1,0,1,0,1,0,1,0,1,0,5,All India Quota Seat Matrix - Round 1.pdf
2025,AIQ,1,23,All India except Central University,"Dr Ram Manohar Lohia Institute of Medical Sciences, Lucknow(700385)",M.D. (Obst. and Gynae)/MS (Obstetrics and Gynaecology),All India,1,0,0,0,1,0,1,0,0,0,3,All India Quota Seat Matrix - Round 1.pdf
2025,AIQ,1,23,All India except Central University,"Dr Ram Manohar Lohia Institute of Medical Sciences, Lucknow(700385)",M.D. (PAEDIATRICS),All India,1,0,0,0,1,0,1,0,1,0,4,All India Quota Seat Matrix - Round 1.pdf
2025,AIQ,1,23,All India except Central University,"Dr Ram Manohar Lohia Institute of Medical Sciences, Lucknow(700385)",M.D. (PATHOLOGY),All India,2,0,1,0,2,0,0,0,0,0,5,All India Quota Seat Matrix - Round 1.pdf
2025,AIQ,1,23,All India except Central University,"Dr Ram Manohar Lohia Institute of Medical Sciences, Lucknow(700385)",M.D. (PHARMACOLOGY),All India,1,0,0,0,0,0,1,0,0,0,2,All India Quota Seat Matrix - Round 1.pdf
2025,AIQ,1,23,All India except Central University,"Dr Ram Manohar Lohia Institute of Medical Sciences, Lucknow(700385)",M.D. (PHYSIOLOGY),All India,0,0,1,0,1,0,0,0,0,0,2,All India Quota Seat Matrix - Round 1.pdf
2025,AIQ,1,23,All India except Central University,"Dr Ram Manohar Lohia Institute of Medical Sciences, Lucknow(700385)",M.D. (PREVENTIVE and SOCIAL MEDICINE)/ COMMUNITY MEDICINE,All India,1,0,0,0,0,0,0,0,0,0,1,All India Quota Seat Matrix - Round 1.pdf
2025,AIQ,1,23,All India except Central University,"Dr Ram Manohar Lohia Institute of Medical Sciences, Lucknow(700385)",M.D. (RADIO-DIAGNOSIS),All India,1,0,0,0,0,1,1,0,1,0,4,All India Quota Seat Matrix - Round 1.pdf
2025,AIQ,1,23,All India except Central University,"Dr Ram Manohar Lohia Institute of Medical Sciences, Lucknow(700385)",M.D. (Radiotherapy/ Radiation Oncology),All India,1,0,0,0,1,0,0,0,0,0,2,All India Quota Seat Matrix - Round 1.pdf
2025,AIQ,1,23,All India except Central University,"Dr Ram Manohar Lohia Institute of Medical Sciences, Lucknow(700385)",M.S. (E.N.T.),All India,0,0,1,0,0,0,0,0,0,0,1,All India Quota Seat Matrix - Round 1.pdf
2025,AIQ,1,23,All India except Central University,"Dr Ram Manohar Lohia Institute of Medical Sciences, Lucknow(700385)",M.S. (GENERAL SURGERY),All India,2,0,0,0,1,0,0,0,0,0,3,All India Quota Seat Matrix - Round 1.pdf
2025,AIQ,1,23,All India except Central University,"Dr Ram Manohar Lohia Institute of Medical Sciences, Lucknow(700385)",M.S. (ORTHOPAEDICS),All India,2,0,0,0,0,0,0,0,0,0,2,All India Quota Seat Matrix - Round 1.pdf
2025,AIQ,1,23,All India except Central University,"Dr Ram Manohar Lohia Institute of Medical Sciences, Lucknow(700385)",MD/MS (Anatomy),All India,1,0,0,0,1,0,0,0,0,0,2,All India Quota Seat Matrix - Round 1.pdf
2025,AIQ,1,23,All India except Central University,Dr. B. C. Roy Post Graduate Institute of Paediatric Sciences(700409),M.D. (PAEDIATRICS),All India,2,0,1,0,1,1,1,0,1,0,7,All India Quota Seat Matrix - Round 1.pdf
2025,AIQ,1,23,All India except Central University,"Dr. Rajendra Prasad Government Medical College, Tanda(700380)",M.D. (ANAESTHESIOLOGY),All India,2,0,1,0,1,0,1,0,1,0,6,All India Quota Seat Matrix - Round 1.pdf
2025,AIQ,1,23,All India except Central University,"Dr. Rajendra Prasad Government Medical College, Tanda(700380)",M.D. (BIOCHEMISTRY),All India,0,0,0,0,1,0,0,0,0,0,1,All India Quota Seat Matrix - Round 1.pdf
2025,AIQ,1,23,All India except Central University,"Dr. Rajendra Prasad Government Medical College, Tanda(700380)","M.D. (DERM.,VENE. and LEPROSY)/ (DERMATOLOGY)/(SKIN and VENEREAL DISEASES)/(VENEREOLOGY)",All India,1,0,0,0,0,0,1,0,0,0,2,All India Quota Seat Matrix - Round 1.pdf
2025,AIQ,1,23,All India except Central University,"Dr. Rajendra Prasad Government Medical College, Tanda(700380)",M.D. (FORENSIC MEDICINE),All India,1,0,0,0,0,0,0,0,0,0,1,All India Quota Seat Matrix - Round 1.pdf
2025,AIQ,1,24,All India except Central University,"Dr. Rajendra Prasad Government Medical College, Tanda(700380)",M.D. (GENERAL MEDICINE),All India,1,0,0,0,1,1,1,0,1,0,5,All India Quota Seat Matrix - Round 1.pdf
2025,AIQ,1,24,All India except Central University,"Dr. Rajendra Prasad Government Medical College, Tanda(700380)",M.D. (MICROBIOLOGY),All India,0,0,0,0,0,0,1,0,0,0,1,All India Quota Seat Matrix - Round 1.pdf
2025,AIQ,1,24,All India except Central University,"Dr. Rajendra Prasad Government Medical College, Tanda(700380)",M.D. (Obst. and Gynae)/MS (Obstetrics and Gynaecology),All India,3,0,1,0,2,0,0,1,0,1,8,All India Quota Seat Matrix - Round 1.pdf
2025,AIQ,1,24,All India except Central University,"Dr. Rajendra Prasad Government Medical College, Tanda(700380)",M.D. (PAEDIATRICS),All India,3,0,0,0,2,0,1,0,0,0,6,All India Quota Seat Matrix - Round 1.pdf
2025,AIQ,1,24,All India except Central University,"Dr. Rajendra Prasad Government Medical College, Tanda(700380)",M.D. (PATHOLOGY),All India,0,0,0,0,0,0,0,0,1,0,1,All India Quota Seat Matrix - Round 1.pdf
2025,AIQ,1,24,All India except Central University,"Dr. Rajendra Prasad Government Medical College, Tanda(700380)",M.D. (PHARMACOLOGY),All India,0,0,0,0,1,0,0,0,0,0,1,All India Quota Seat Matrix - Round 1.pdf
2025,AIQ,1,24,All India except Central University,"Dr. Rajendra Prasad Government Medical College, Tanda(700380)",M.D. (PREVENTIVE and SOCIAL MEDICINE)/ COMMUNITY MEDICINE,All India,1,0,1,0,0,0,0,0,0,0,2,All India Quota Seat Matrix - Round 1.pdf
2025,AIQ,1,24,All India except Central University,"Dr. Rajendra Prasad Government Medical College, Tanda(700380)",M.D. (PSYCHIATRY),All India,1,0,0,0,1,0,0,0,0,0,2,All India Quota Seat Matrix - Round 1.pdf
2025,AIQ,1,24,All India except Central University,"Dr. Rajendra Prasad Government Medical College, Tanda(700380)",M.D. (RADIO-DIAGNOSIS),All India,1,0,0,0,0,0,1,0,0,0,2,All India Quota Seat Matrix - Round 1.pdf
2025,AIQ,1,24,All India except Central University,"Dr. Rajendra Prasad Government Medical College, Tanda(700380)",M.S. (E.N.T.),All India,0,0,1,0,1,0,0,0,0,0,2,All India Quota Seat Matrix - Round 1.pdf
2025,AIQ,1,24,All India except Central University,"Dr. Rajendra Prasad Government Medical College, Tanda(700380)",M.S. (GENERAL SURGERY),All India,3,0,0,0,1,0,0,0,0,0,4,All India Quota Seat Matrix - Round 1.pdf
2025,AIQ,1,24,All India except Central University,"Dr. Rajendra Prasad Government Medical College, Tanda(700380)",M.S. (OPHTHALMOLOGY),All India,0,0,1,0,1,0,0,0,0,0,2,All India Quota Seat Matrix - Round 1.pdf
2025,AIQ,1,24,All India except Central University,"Dr. Rajendra Prasad Government Medical College, Tanda(700380)",M.S. (ORTHOPAEDICS),All India,1,1,0,0,0,0,1,0,0,0,3,All India Quota Seat Matrix - Round 1.pdf
2025,AIQ,1,24,All India except Central University,"Dr. Rajendra Prasad Government Medical College, Tanda(700380)",MD/MS (Anatomy),All India,1,0,0,0,0,0,0,0,0,0,1,All India Quota Seat Matrix - Round 1.pdf
2025,AIQ,1,24,All India except Central University,"Dr. Sampurnanand Medical College (SNMC), JODHPUR(700308)",M.D. (ANAESTHESIOLOGY),All India,3,0,1,1,3,1,2,1,1,1,14,All India Quota Seat Matrix - Round 1.pdf
2025,AIQ,1,24,All India except Central University,"Dr. Sampurnanand Medical College (SNMC), JODHPUR(700308)",M.D. (BIOCHEMISTRY),All India,1,0,0,0,1,0,0,0,0,0,2,All India Quota Seat Matrix - Round 1.pdf
2025,AIQ,1,24,All India except Central University,"Dr. Sampurnanand Medical College (SNMC), JODHPUR(700308)","M.D. (DERM.,VENE. and LEPROSY)/ (DERMATOLOGY)/(SKIN and VENEREAL DISEASES)/(VENEREOLOGY)",All India,2,0,0,0,0,0,0,0,0,0,2,All India Quota Seat Matrix - Round 1.pdf
2025,AIQ,1,24,All India except Central University,"Dr. Sampurnanand Medical College (SNMC), JODHPUR(700308)",M.D. (FORENSIC MEDICINE),All India,1,0,0,0,0,0,0,0,0,0,1,All India Quota Seat Matrix - Round 1.pdf
2025,AIQ,1,24,All India except Central University,"Dr. Sampurnanand Medical College (SNMC), JODHPUR(700308)",M.D. (GENERAL MEDICINE),All India,4,0,1,0,3,0,1,0,1,0,10,All India Quota Seat Matrix - Round 1.pdf
2025,AIQ,1,24,All India except Central University,"Dr. Sampurnanand Medical College (SNMC), JODHPUR(700308)",M.D. (MICROBIOLOGY),All India,2,0,0,0,1,0,0,0,0,0,3,All India Quota Seat Matrix - Round 1.pdf
2025,AIQ,1,25,All India except Central University,"Dr. Sampurnanand Medical College (SNMC), JODHPUR(700308)",M.D. (Obst. and Gynae)/MS (Obstetrics and Gynaecology),All India,4,0,1,0,3,0,2,0,1,0,11,All India Quota Seat Matrix - Round 1.pdf
2025,AIQ,1,25,All India except Central University,"Dr. Sampurnanand Medical College (SNMC), JODHPUR(700308)",M.D. (PAEDIATRICS),All India,3,0,1,0,4,0,2,0,1,0,11,All India Quota Seat Matrix - Round 1.pdf
2025,AIQ,1,25,All India except Central University,"Dr. Sampurnanand Medical College (SNMC), JODHPUR(700308)",M.D. (PATHOLOGY),All India,3,0,0,0,0,0,0,0,0,0,3,All India Quota Seat Matrix - Round 1.pdf
2025,AIQ,1,25,All India except Central University,"Dr. Sampurnanand Medical College (SNMC), JODHPUR(700308)",M.D. (PHARMACOLOGY),All India,0,0,0,0,1,0,0,0,0,0,1,All India Quota Seat Matrix - Round 1.pdf
2025,AIQ,1,25,All India except Central University,"Dr. Sampurnanand Medical College (SNMC), JODHPUR(700308)",M.D. (PHYSIOLOGY),All India,0,0,1,0,1,0,1,0,0,0,3,All India Quota Seat Matrix - Round 1.pdf
2025,AIQ,1,25,All India except Central University,"Dr. Sampurnanand Medical College (SNMC), JODHPUR(700308)",M.D. (PREVENTIVE and SOCIAL MEDICINE)/ COMMUNITY MEDICINE,All India,1,0,0,0,0,0,0,0,0,0,1,All India Quota Seat Matrix - Round 1.pdf
2025,AIQ,1,25,All India except Central University,"Dr. Sampurnanand Medical College (SNMC), JODHPUR(700308)",M.D. (PSYCHIATRY),All India,2,0,0,0,0,0,0,0,0,0,2,All India Quota Seat Matrix - Round 1.pdf
2025,AIQ,1,25,All India except Central University,"Dr. Sampurnanand Medical College (SNMC), JODHPUR(700308)",M.D. (RADIO-DIAGNOSIS),All India,0,0,0,0,1,0,1,0,0,0,2,All India Quota Seat Matrix - Round 1.pdf
2025,AIQ,1,25,All India except Central University,"Dr. Sampurnanand Medical College (SNMC), JODHPUR(700308)",M.D. (Radiotherapy/ Radiation Oncology),All India,0,0,0,0,0,0,0,0,1,0,1,All India Quota Seat Matrix - Round 1.pdf
2025,AIQ,1,25,All India except Central University,"Dr. Sampurnanand Medical College (SNMC), JODHPUR(700308)",M.D. (Tuberculosis and Respiratory diseases)/Pulmonary Medicine /M.D. (Respiratory Medicine),All India,1,0,1,0,1,0,0,0,0,0,3,All India Quota Seat Matrix - Round 1.pdf
2025,AIQ,1,25,All India except Central University,"Dr. Sampurnanand Medical College (SNMC), JODHPUR(700308)",M.D. GERIATRICS,All India,0,0,0,0,0,0,1,0,0,0,1,All India Quota Seat Matrix - Round 1.pdf
2025,AIQ,1,25,All India except Central University,"Dr. Sampurnanand Medical College (SNMC), JODHPUR(700308)",M.D. IN TRANSFUSION MEDICINE/ IMMUNO- HAEMATOLOGY and BLOOD TRANSFUSION,All India,1,0,0,0,0,1,1,0,0,0,3,All India Quota Seat Matrix - Round 1.pdf
2025,AIQ,1,25,All India except Central University,"Dr. Sampurnanand Medical College (SNMC), JODHPUR(700308)",M.S. (E.N.T.),All India,1,0,0,0,1,0,0,0,0,0,2,All India Quota Seat Matrix - Round 1.pdf
2025,AIQ,1,25,All India except Central University,"Dr. Sampurnanand Medical College (SNMC), JODHPUR(700308)",M.S. (GENERAL SURGERY),All India,2,0,1,0,1,0,1,0,0,0,5,All India Quota Seat Matrix - Round 1.pdf
2025,AIQ,1,25,All India except Central University,"Dr. Sampurnanand Medical College (SNMC), JODHPUR(700308)",M.S. (OPHTHALMOLOGY),All India,2,0,0,0,1,0,0,0,0,0,3,All India Quota Seat Matrix - Round 1.pdf
2025,AIQ,1,25,All India except Central University,"Dr. Sampurnanand Medical College (SNMC), JODHPUR(700308)",M.S. (ORTHOPAEDICS),All India,1,1,1,0,1,0,1,0,1,0,6,All India Quota Seat Matrix - Round 1.pdf
2025,AIQ,1,25,All India except Central University,"Dr. Sampurnanand Medical College (SNMC), JODHPUR(700308)",MD/MS (Anatomy),All India,1,0,0,0,0,0,0,0,0,0,1,All India Quota Seat Matrix - Round 1.pdf
2025,AIQ,1,25,All India except Central University,"DR. SHANKARRAO CHAVAN GOVERNMENT MEDICAL COLLEGE, NANDED(700314)",M.D. (ANAESTHESIOLOGY),All India,3,0,0,0,1,0,1,0,0,0,5,All India Quota Seat Matrix - Round 1.pdf
2025,AIQ,1,25,All India except Central University,"DR. SHANKARRAO CHAVAN GOVERNMENT MEDICAL COLLEGE, NANDED(700314)",M.D. (BIOCHEMISTRY),All India,1,0,1,0,1,0,0,0,0,0,3,All India Quota Seat Matrix - Round 1.pdf
2025,AIQ,1,25,All India except Central University,"DR. SHANKARRAO CHAVAN GOVERNMENT MEDICAL COLLEGE, NANDED(700314)","M.D. (DERM.,VENE. and LEPROSY)/ (DERMATOLOGY)/(SKIN and VENEREAL DISEASES)/(VENEREOLOGY)",All India,1,0,0,0,0,0,1,0,1,0,3,All India Quota Seat Matrix - Round 1.pdf
2025,AIQ,1,26,All India except Central University,"DR. SHANKARRAO CHAVAN GOVERNMENT MEDICAL COLLEGE, NANDED(700314)",M.D. (FORENSIC MEDICINE),All India,1,0,0,0,1,0,0,0,0,0,2,All India Quota Seat Matrix - Round 1.pdf
2025,AIQ,1,26,All India except Central University,"DR. SHANKARRAO CHAVAN GOVERNMENT MEDICAL COLLEGE, NANDED(700314)",M.D. (GENERAL MEDICINE),All India,1,0,1,0,1,0,1,0,0,0,4,All India Quota Seat Matrix - Round 1.pdf
2025,AIQ,1,26,All India except Central University,"DR. SHANKARRAO CHAVAN GOVERNMENT MEDICAL COLLEGE, NANDED(700314)",M.D. (MICROBIOLOGY),All India,1,0,1,0,1,0,0,0,0,0,3,All India Quota Seat Matrix - Round 1.pdf
2025,AIQ,1,26,All India except Central University,"DR. SHANKARRAO CHAVAN GOVERNMENT MEDICAL COLLEGE, NANDED(700314)",M.D. (Obst. and Gynae)/MS (Obstetrics and Gynaecology),All India,2,1,0,0,1,0,1,0,0,0,5,All India Quota Seat Matrix - Round 1.pdf
2025,AIQ,1,26,All India except Central University,"DR. SHANKARRAO CHAVAN GOVERNMENT MEDICAL COLLEGE, NANDED(700314)",M.D. (PAEDIATRICS),All India,0,0,0,0,1,0,0,0,0,0,1,All India Quota Seat Matrix - Round 1.pdf
2025,AIQ,1,26,All India except Central University,"DR. SHANKARRAO CHAVAN GOVERNMENT MEDICAL COLLEGE, NANDED(700314)",M.D. (PATHOLOGY),All India,1,0,1,0,0,0,0,0,0,0,2,All India Quota Seat Matrix - Round 1.pdf
2025,AIQ,1,26,All India except Central University,"DR. SHANKARRAO CHAVAN GOVERNMENT MEDICAL COLLEGE, NANDED(700314)",M.D. (PHARMACOLOGY),All India,1,0,0,0,1,0,0,0,0,0,2,All India Quota Seat Matrix - Round 1.pdf
2025,AIQ,1,26,All India except Central University,"DR. SHANKARRAO CHAVAN GOVERNMENT MEDICAL COLLEGE, NANDED(700314)",M.D. (PHYSIOLOGY),All India,0,0,0,0,0,0,1,0,0,0,1,All India Quota Seat Matrix - Round 1.pdf
2025,AIQ,1,26,All India except Central University,"DR. SHANKARRAO CHAVAN GOVERNMENT MEDICAL COLLEGE, NANDED(700314)",M.D. (PREVENTIVE and SOCIAL MEDICINE)/ COMMUNITY MEDICINE,All India,1,0,1,0,1,0,0,0,0,0,3,All India Quota Seat Matrix - Round 1.pdf
2025,AIQ,1,26,All India except Central University,"DR. SHANKARRAO CHAVAN GOVERNMENT MEDICAL COLLEGE, NANDED(700314)",M.D. (PSYCHIATRY),All India,1,0,0,0,0,0,0,0,0,0,1,All India Quota Seat Matrix - Round 1.pdf
2025,AIQ,1,26,All India except Central University,"DR. SHANKARRAO CHAVAN GOVERNMENT MEDICAL COLLEGE, NANDED(700314)",M.D. (RADIO-DIAGNOSIS),All India,1,0,0,0,1,0,0,0,0,0,2,All India Quota Seat Matrix - Round 1.pdf
2025,AIQ,1,26,All India except Central University,"DR. SHANKARRAO CHAVAN GOVERNMENT MEDICAL COLLEGE, NANDED(700314)",M.D. (Tuberculosis and Respiratory diseases)/Pulmonary Medicine /M.D. (Respiratory Medicine),All India,0,0,0,0,0,0,1,0,1,0,2,All India Quota Seat Matrix - Round 1.pdf
2025,AIQ,1,26,All India except Central University,"DR. SHANKARRAO CHAVAN GOVERNMENT MEDICAL COLLEGE, NANDED(700314)",M.S. (E.N.T.),All India,1,0,0,0,1,0,0,0,0,0,2,All India Quota Seat Matrix - Round 1.pdf
2025,AIQ,1,26,All India except Central University,"DR. SHANKARRAO CHAVAN GOVERNMENT MEDICAL COLLEGE, NANDED(700314)",M.S. (GENERAL SURGERY),All India,2,0,0,0,1,0,1,0,1,0,5,All India Quota Seat Matrix - Round 1.pdf
2025,AIQ,1,26,All India except Central University,"DR. SHANKARRAO CHAVAN GOVERNMENT MEDICAL COLLEGE, NANDED(700314)",M.S. (OPHTHALMOLOGY),All India,1,0,0,0,1,0,0,0,0,0,2,All India Quota Seat Matrix - Round 1.pdf
2025,AIQ,1,26,All India except Central University,"DR. SHANKARRAO CHAVAN GOVERNMENT MEDICAL COLLEGE, NANDED(700314)",M.S. (ORTHOPAEDICS),All India,1,0,0,0,0,0,1,0,1,0,3,All India Quota Seat Matrix - Round 1.pdf
2025,AIQ,1,26,All India except Central University,"DR. SHANKARRAO CHAVAN GOVERNMENT MEDICAL COLLEGE, NANDED(700314)",MD/MS (Anatomy),All India,0,0,0,0,1,0,0,0,0,0,1,All India Quota Seat Matrix - Round 1.pdf
2025,AIQ,1,26,All India except Central University,Dr. Yashwant Singh Parmar Government Medical College Nahan(901862),M.D. (PREVENTIVE and SOCIAL MEDICINE)/ COMMUNITY MEDICINE,All India,0,0,0,0,1,0,0,0,0,0,1,All India Quota Seat Matrix - Round 1.pdf
2025,AIQ,1,26,All India except Central University,Dr.B.Borooah Cancer Institute(700292),M.D. (Radiotherapy/ Radiation Oncology),All India,1,1,0,0,1,0,0,0,0,0,3,All India Quota Seat Matrix - Round 1.pdf
2025,AIQ,1,26,All India except Central University,"Dr.V.M.Govt.Medical College,Solapur, Maharasthtra(700302)",M.D. (ANAESTHESIOLOGY),All India,2,0,0,0,0,1,0,0,0,0,3,All India Quota Seat Matrix - Round 1.pdf
2025,AIQ,1,27,All India except Central University,"Dr.V.M.Govt.Medical College,Solapur, Maharasthtra(700302)",M.D. (BIOCHEMISTRY),All India,0,0,0,0,0,0,1,0,0,0,1,All India Quota Seat Matrix - Round 1.pdf
2025,AIQ,1,27,All India except Central University,"Dr.V.M.Govt.Medical College,Solapur, Maharasthtra(700302)","M.D. (DERM.,VENE. and LEPROSY)/ (DERMATOLOGY)/(SKIN and VENEREAL DISEASES)/(VENEREOLOGY)",All India,0,0,1,0,0,0,0,0,0,0,1,All India Quota Seat Matrix - Round 1.pdf
2025,AIQ,1,27,All India except Central University,"Dr.V.M.Govt.Medical College,Solapur, Maharasthtra(700302)",M.D. (FORENSIC MEDICINE),All India,2,0,0,0,0,0,0,0,0,0,2,All India Quota Seat Matrix - Round 1.pdf
2025,AIQ,1,27,All India except Central University,"Dr.V.M.Govt.Medical College,Solapur, Maharasthtra(700302)",M.D. (GENERAL MEDICINE),All India,0,0,1,0,2,0,1,0,1,0,5,All India Quota Seat Matrix - Round 1.pdf
2025,AIQ,1,27,All India except Central University,"Dr.V.M.Govt.Medical College,Solapur, Maharasthtra(700302)",M.D. (MICROBIOLOGY),All India,2,0,0,0,0,0,0,0,0,0,2,All India Quota Seat Matrix - Round 1.pdf
2025,AIQ,1,27,All India except Central University,"Dr.V.M.Govt.Medical College,Solapur, Maharasthtra(700302)",M.D. (Obst. and Gynae)/MS (Obstetrics and Gynaecology),All India,1,0,0,0,1,0,1,0,1,0,4,All India Quota Seat Matrix - Round 1.pdf
2025,AIQ,1,27,All India except Central University,"Dr.V.M.Govt.Medical College,Solapur, Maharasthtra(700302)",M.D. (PAEDIATRICS),All India,1,1,0,0,1,0,1,0,0,0,4,All India Quota Seat Matrix - Round 1.pdf
2025,AIQ,1,27,All India except Central University,"Dr.V.M.Govt.Medical College,Solapur, Maharasthtra(700302)",M.D. (PATHOLOGY),All India,1,0,1,0,1,0,0,0,0,0,3,All India Quota Seat Matrix - Round 1.pdf
2025,AIQ,1,27,All India except Central University,"Dr.V.M.Govt.Medical College,Solapur, Maharasthtra(700302)",M.D. (PHARMACOLOGY),All India,2,0,0,0,0,0,0,0,0,0,2,All India Quota Seat Matrix - Round 1.pdf
2025,AIQ,1,27,All India except Central University,"Dr.V.M.Govt.Medical College,Solapur, Maharasthtra(700302)",M.D. (PHYSIOLOGY),All India,0,0,0,0,1,0,0,0,0,0,1,All India Quota Seat Matrix - Round 1.pdf
2025,AIQ,1,27,All India except Central University,"Dr.V.M.Govt.Medical College,Solapur, Maharasthtra(700302)",M.D. (PREVENTIVE and SOCIAL MEDICINE)/ COMMUNITY MEDICINE,All India,1,0,0,0,0,0,1,0,1,0,3,All India Quota Seat Matrix - Round 1.pdf
2025,AIQ,1,27,All India except Central University,"Dr.V.M.Govt.Medical College,Solapur, Maharasthtra(700302)",M.D. (PSYCHIATRY),All India,0,0,1,0,1,0,0,0,0,0,2,All India Quota Seat Matrix - Round 1.pdf
2025,AIQ,1,27,All India except Central University,"Dr.V.M.Govt.Medical College,Solapur, Maharasthtra(700302)",M.D. (RADIO-DIAGNOSIS),All India,0,0,0,0,1,0,1,0,0,0,2,All India Quota Seat Matrix - Round 1.pdf
2025,AIQ,1,27,All India except Central University,"Dr.V.M.Govt.Medical College,Solapur, Maharasthtra(700302)",M.S. (E.N.T.),All India,1,0,0,0,1,0,0,0,0,0,2,All India Quota Seat Matrix - Round 1.pdf
2025,AIQ,1,27,All India except Central University,"Dr.V.M.Govt.Medical College,Solapur, Maharasthtra(700302)",M.S. (GENERAL SURGERY),All India,2,0,0,0,1,0,1,0,0,0,4,All India Quota Seat Matrix - Round 1.pdf
2025,AIQ,1,27,All India except Central University,"Dr.V.M.Govt.Medical College,Solapur, Maharasthtra(700302)",M.S. (OPHTHALMOLOGY),All India,0,0,0,0,1,0,0,0,0,0,1,All India Quota Seat Matrix - Round 1.pdf
2025,AIQ,1,27,All India except Central University,"Dr.V.M.Govt.Medical College,Solapur, Maharasthtra(700302)",M.S. (ORTHOPAEDICS),All India,0,0,1,0,0,0,0,0,0,0,1,All India Quota Seat Matrix - Round 1.pdf
2025,AIQ,1,27,All India except Central University,"Dr.V.M.Govt.Medical College,Solapur, Maharasthtra(700302)",MD/MS (Anatomy),All India,1,0,0,0,1,0,0,0,0,0,2,All India Quota Seat Matrix - Round 1.pdf
2025,AIQ,1,27,All India except Central University,EMPLOYEES STATE INSURANCE CORPORATION MEDICAL COLLEGE AND PGIMSR(700405),M.D. (ANAESTHESIOLOGY),All India,2,0,1,0,2,0,0,0,0,0,5,All India Quota Seat Matrix - Round 1.pdf
2025,AIQ,1,27,All India except Central University,EMPLOYEES STATE INSURANCE CORPORATION MEDICAL COLLEGE AND PGIMSR(700405),M.D. (BIOCHEMISTRY),All India,1,0,0,0,0,0,1,0,0,0,2,All India Quota Seat Matrix - Round 1.pdf
2025,AIQ,1,28,All India except Central University,EMPLOYEES STATE INSURANCE CORPORATION MEDICAL COLLEGE AND PGIMSR(700405),M.D. (Emergency and Critical Care)/M.D. (Emergency Medicine),All India,1,0,0,0,0,0,0,0,0,0,1,All India Quota Seat Matrix - Round 1.pdf
2025,AIQ,1,28,All India except Central University,EMPLOYEES STATE INSURANCE CORPORATION MEDICAL COLLEGE AND PGIMSR(700405),M.D. (GENERAL MEDICINE),All India,1,0,0,0,1,0,1,0,0,0,3,All India Quota Seat Matrix - Round 1.pdf
2025,AIQ,1,28,All India except Central University,EMPLOYEES STATE INSURANCE CORPORATION MEDICAL COLLEGE AND PGIMSR(700405),M.D. (MICROBIOLOGY),All India,1,0,0,0,0,0,1,0,0,0,2,All India Quota Seat Matrix - Round 1.pdf
2025,AIQ,1,28,All India except Central University,EMPLOYEES STATE INSURANCE CORPORATION MEDICAL COLLEGE AND PGIMSR(700405),M.D. (Obst. and Gynae)/MS (Obstetrics and Gynaecology),All India,2,0,1,0,2,0,0,0,0,0,5,All India Quota Seat Matrix - Round 1.pdf
2025,AIQ,1,28,All India except Central University,EMPLOYEES STATE INSURANCE CORPORATION MEDICAL COLLEGE AND PGIMSR(700405),M.D. (PAEDIATRICS),All India,1,0,0,0,1,0,0,0,1,0,3,All India Quota Seat Matrix - Round 1.pdf
2025,AIQ,1,28,All India except Central University,EMPLOYEES STATE INSURANCE CORPORATION MEDICAL COLLEGE AND PGIMSR(700405),M.D. (PATHOLOGY),All India,1,1,0,0,0,0,0,0,0,0,2,All India Quota Seat Matrix - Round 1.pdf
2025,AIQ,1,28,All India except Central University,EMPLOYEES STATE INSURANCE CORPORATION MEDICAL COLLEGE AND PGIMSR(700405),M.D. (PHARMACOLOGY),All India,0,0,1,0,1,0,1,0,0,0,3,All India Quota Seat Matrix - Round 1.pdf
2025,AIQ,1,28,All India except Central University,EMPLOYEES STATE INSURANCE CORPORATION MEDICAL COLLEGE AND PGIMSR(700405),M.D. (PHYSIOLOGY),All India,3,0,0,0,1,0,0,0,0,0,4,All India Quota Seat Matrix - Round 1.pdf
2025,AIQ,1,28,All India except Central University,EMPLOYEES STATE INSURANCE CORPORATION MEDICAL COLLEGE AND PGIMSR(700405),M.D. (PREVENTIVE and SOCIAL MEDICINE)/ COMMUNITY MEDICINE,All India,0,0,0,0,1,0,0,1,0,1,3,All India Quota Seat Matrix - Round 1.pdf
2025,AIQ,1,28,All India except Central University,EMPLOYEES STATE INSURANCE CORPORATION MEDICAL COLLEGE AND PGIMSR(700405),M.D. (RADIO-DIAGNOSIS),All India,0,0,1,0,0,0,0,0,0,0,1,All India Quota Seat Matrix - Round 1.pdf
2025,AIQ,1,28,All India except Central University,EMPLOYEES STATE INSURANCE CORPORATION MEDICAL COLLEGE AND PGIMSR(700405),M.D. IN TRANSFUSION MEDICINE/ IMMUNO- HAEMATOLOGY and BLOOD TRANSFUSION,All India,0,0,0,0,0,1,0,0,0,0,1,All India Quota Seat Matrix - Round 1.pdf
2025,AIQ,1,28,All India except Central University,EMPLOYEES STATE INSURANCE CORPORATION MEDICAL COLLEGE AND PGIMSR(700405),M.S. (GENERAL SURGERY),All India,2,0,1,0,2,0,0,0,1,0,6,All India Quota Seat Matrix - Round 1.pdf
2025,AIQ,1,28,All India except Central University,EMPLOYEES STATE INSURANCE CORPORATION MEDICAL COLLEGE AND PGIMSR(700405),M.S. (ORTHOPAEDICS),All India,0,0,0,0,0,0,1,0,0,0,1,All India Quota Seat Matrix - Round 1.pdf
2025,AIQ,1,28,All India except Central University,EMPLOYEES STATE INSURANCE CORPORATION MEDICAL COLLEGE AND PGIMSR(700405),MD/MS (Anatomy),All India,1,0,0,0,1,0,1,0,1,0,4,All India Quota Seat Matrix - Round 1.pdf
2025,AIQ,1,28,All India except Central University,"Employees' State Insurance Corporation Medical College & Hospital, Gulbarga(701411)",M.D. (ANAESTHESIOLOGY),All India,1,0,0,0,1,0,0,0,0,0,2,All India Quota Seat Matrix - Round 1.pdf
2025,AIQ,1,28,All India except Central University,"Employees' State Insurance Corporation Medical College & Hospital, Gulbarga(701411)",M.D. (BIOCHEMISTRY),All India,2,0,0,0,0,0,0,0,0,0,2,All India Quota Seat Matrix - Round 1.pdf
2025,AIQ,1,28,All India except Central University,"Employees' State Insurance Corporation Medical College & Hospital, Gulbarga(701411)",M.D. (GENERAL MEDICINE),All India,2,0,0,0,0,0,1,0,0,0,3,All India Quota Seat Matrix - Round 1.pdf
2025,AIQ,1,28,All India except Central University,"Employees' State Insurance Corporation Medical College & Hospital, Gulbarga(701411)",M.D. (MICROBIOLOGY),All India,0,1,1,0,0,0,0,0,0,0,2,All India Quota Seat Matrix - Round 1.pdf
2025,AIQ,1,28,All India except Central University,"Employees' State Insurance Corporation Medical College & Hospital, Gulbarga(701411)",M.D. (Obst. and Gynae)/MS (Obstetrics and Gynaecology),All India,1,0,0,0,1,0,0,0,0,0,2,All India Quota Seat Matrix - Round 1.pdf
2025,AIQ,1,28,All India except Central University,"Employees' State Insurance Corporation Medical College & Hospital, Gulbarga(701411)",M.D. (PAEDIATRICS),All India,1,0,0,0,0,0,0,0,0,0,1,All India Quota Seat Matrix - Round 1.pdf
2025,AIQ,1,28,All India except Central University,"Employees' State Insurance Corporation Medical College & Hospital, Gulbarga(701411)",M.D. (PATHOLOGY),All India,1,0,0,0,1,0,1,0,0,0,3,All India Quota Seat Matrix - Round 1.pdf
2025,AIQ,1,29,All India except Central University,"Employees' State Insurance Corporation Medical College & Hospital, Gulbarga(701411)",M.D. (PHARMACOLOGY),All India,0,0,1,0,0,0,0,0,0,0,1,All India Quota Seat Matrix - Round 1.pdf
2025,AIQ,1,29,All India except Central University,"Employees' State Insurance Corporation Medical College & Hospital, Gulbarga(701411)",M.D. (PHYSIOLOGY),All India,1,0,0,0,1,0,0,0,0,0,2,All India Quota Seat Matrix - Round 1.pdf
2025,AIQ,1,29,All India except Central University,"Employees' State Insurance Corporation Medical College & Hospital, Gulbarga(701411)",M.D. (PREVENTIVE and SOCIAL MEDICINE)/ COMMUNITY MEDICINE,All India,2,0,0,0,0,0,0,0,0,0,2,All India Quota Seat Matrix - Round 1.pdf
2025,AIQ,1,29,All India except Central University,"Employees' State Insurance Corporation Medical College & Hospital, Gulbarga(701411)",M.S. (E.N.T.),All India,0,0,0,0,1,0,0,0,0,0,1,All India Quota Seat Matrix - Round 1.pdf
2025,AIQ,1,29,All India except Central University,"Employees' State Insurance Corporation Medical College & Hospital, Gulbarga(701411)",M.S. (GENERAL SURGERY),All India,1,0,0,0,1,0,0,0,0,0,2,All India Quota Seat Matrix - Round 1.pdf
2025,AIQ,1,29,All India except Central University,"Employees' State Insurance Corporation Medical College & Hospital, Gulbarga(701411)",M.S. (OPHTHALMOLOGY),All India,0,0,0,0,0,0,1,0,0,0,1,All India Quota Seat Matrix - Round 1.pdf
2025,AIQ,1,29,All India except Central University,"Employees' State Insurance Corporation Medical College & Hospital, Gulbarga(701411)",M.S. (ORTHOPAEDICS),All India,0,0,0,0,1,0,0,0,1,0,2,All India Quota Seat Matrix - Round 1.pdf
2025,AIQ,1,29,All India except Central University,"Employees' State Insurance Corporation Medical College & Hospital, Gulbarga(701411)",MD/MS (Anatomy),All India,0,0,0,0,0,0,1,0,1,0,2,All India Quota Seat Matrix - Round 1.pdf
2025,AIQ,1,29,Central University,"ESI-POST GRADUATE INSTITUTE OF MEDICAL SCIENCES AND RESEARCH, BASAIDARAPUR, NEW DELHI(700360)",M.D. (ANAESTHESIOLOGY),All India,2,0,0,0,1,0,0,0,0,0,3,All India Quota Seat Matrix - Round 1.pdf
2025,AIQ,1,29,Central University,"ESI-POST GRADUATE INSTITUTE OF MEDICAL SCIENCES AND RESEARCH, BASAIDARAPUR, NEW DELHI(700360)","M.D. (DERM.,VENE. and LEPROSY)/ (DERMATOLOGY)/(SKIN and VENEREAL DISEASES)/(VENEREOLOGY)",All India,0,0,0,0,1,0,1,0,0,0,2,All India Quota Seat Matrix - Round 1.pdf
2025,AIQ,1,29,Central University,"ESI-POST GRADUATE INSTITUTE OF MEDICAL SCIENCES AND RESEARCH, BASAIDARAPUR, NEW DELHI(700360)",M.D. (GENERAL MEDICINE),All India,2,0,0,0,0,0,0,0,0,0,2,All India Quota Seat Matrix - Round 1.pdf
2025,AIQ,1,29,Central University,"ESI-POST GRADUATE INSTITUTE OF MEDICAL SCIENCES AND RESEARCH, BASAIDARAPUR, NEW DELHI(700360)",M.D. (MICROBIOLOGY),All India,0,0,0,0,1,0,0,0,0,0,1,All India Quota Seat Matrix - Round 1.pdf
2025,AIQ,1,29,Central University,"ESI-POST GRADUATE INSTITUTE OF MEDICAL SCIENCES AND RESEARCH, BASAIDARAPUR, NEW DELHI(700360)",M.D. (Obst. and Gynae)/MS (Obstetrics and Gynaecology),All India,1,0,0,0,1,0,1,0,1,0,4,All India Quota Seat Matrix - Round 1.pdf
2025,AIQ,1,29,Central University,"ESI-POST GRADUATE INSTITUTE OF MEDICAL SCIENCES AND RESEARCH, BASAIDARAPUR, NEW DELHI(700360)",M.D. (PAEDIATRICS),All India,1,0,0,0,0,0,1,0,0,0,2,All India Quota Seat Matrix - Round 1.pdf
2025,AIQ,1,29,Central University,"ESI-POST GRADUATE INSTITUTE OF MEDICAL SCIENCES AND RESEARCH, BASAIDARAPUR, NEW DELHI(700360)",M.D. (PATHOLOGY),All India,0,0,0,0,0,0,0,0,1,0,1,All India Quota Seat Matrix - Round 1.pdf
2025,AIQ,1,29,Central University,"ESI-POST GRADUATE INSTITUTE OF MEDICAL SCIENCES AND RESEARCH, BASAIDARAPUR, NEW DELHI(700360)",M.S. (GENERAL SURGERY),All India,2,0,1,0,1,0,0,0,0,0,4,All India Quota Seat Matrix - Round 1.pdf
2025,AIQ,1,29,Central University,"ESI-POST GRADUATE INSTITUTE OF MEDICAL SCIENCES AND RESEARCH, BASAIDARAPUR, NEW DELHI(700360)",M.S. (OPHTHALMOLOGY),All India,0,1,0,0,1,0,1,0,0,0,3,All India Quota Seat Matrix - Round 1.pdf
2025,AIQ,1,29,Central University,"ESI-POST GRADUATE INSTITUTE OF MEDICAL SCIENCES AND RESEARCH, BASAIDARAPUR, NEW DELHI(700360)",M.S. (ORTHOPAEDICS),All India,2,0,1,0,1,0,0,0,0,0,4,All India Quota Seat Matrix - Round 1.pdf
2025,AIQ,1,29,All India except Central University,"ESIC Medical College & Hospital, Faridabad(701500)",M.D. (ANAESTHESIOLOGY),All India,2,0,0,0,1,0,1,0,0,0,4,All India Quota Seat Matrix - Round 1.pdf
2025,AIQ,1,29,All India except Central University,"ESIC Medical College & Hospital, Faridabad(701500)",M.D. (BIOCHEMISTRY),All India,0,0,1,0,1,0,0,0,0,0,2,All India Quota Seat Matrix - Round 1.pdf
2025,AIQ,1,30,All India except Central University,"ESIC Medical College & Hospital, Faridabad(701500)","M.D. (DERM.,VENE. and LEPROSY)/ (DERMATOLOGY)/(SKIN and VENEREAL DISEASES)/(VENEREOLOGY)",All India,1,0,0,0,0,0,0,0,0,0,1,All India Quota Seat Matrix - Round 1.pdf
2025,AIQ,1,30,All India except Central University,"ESIC Medical College & Hospital, Faridabad(701500)",M.D. (Emergency and Critical Care)/M.D. (Emergency Medicine),All India,2,0,0,0,0,0,0,0,0,0,2,All India Quota Seat Matrix - Round 1.pdf
2025,AIQ,1,30,All India except Central University,"ESIC Medical College & Hospital, Faridabad(701500)",M.D. (FORENSIC MEDICINE),All India,0,0,0,0,0,0,1,0,0,0,1,All India Quota Seat Matrix - Round 1.pdf
2025,AIQ,1,30,All India except Central University,"ESIC Medical College & Hospital, Faridabad(701500)",M.D. (GENERAL MEDICINE),All India,1,0,1,0,1,0,0,0,1,0,4,All India Quota Seat Matrix - Round 1.pdf
2025,AIQ,1,30,All India except Central University,"ESIC Medical College & Hospital, Faridabad(701500)",M.D. (MICROBIOLOGY),All India,1,0,0,0,0,0,0,0,0,0,1,All India Quota Seat Matrix - Round 1.pdf
2025,AIQ,1,30,All India except Central University,"ESIC Medical College & Hospital, Faridabad(701500)",M.D. (Obst. and Gynae)/MS (Obstetrics and Gynaecology),All India,1,0,0,0,1,0,1,0,1,0,4,All India Quota Seat Matrix - Round 1.pdf
2025,AIQ,1,30,All India except Central University,"ESIC Medical College & Hospital, Faridabad(701500)",M.D. (PAEDIATRICS),All India,1,0,0,0,1,0,1,0,0,0,3,All India Quota Seat Matrix - Round 1.pdf
2025,AIQ,1,30,All India except Central University,"ESIC Medical College & Hospital, Faridabad(701500)",M.D. (PATHOLOGY),All India,1,0,0,0,0,0,0,0,0,0,1,All India Quota Seat Matrix - Round 1.pdf
2025,AIQ,1,30,All India except Central University,"ESIC Medical College & Hospital, Faridabad(701500)",M.D. (PHARMACOLOGY),All India,0,0,0,0,1,0,0,0,0,0,1,All India Quota Seat Matrix - Round 1.pdf
2025,AIQ,1,30,All India except Central University,"ESIC Medical College & Hospital, Faridabad(701500)",M.D. (PHYSICAL MED. and REHABILITATION),All India,1,0,0,0,0,0,0,0,0,0,1,All India Quota Seat Matrix - Round 1.pdf
2025,AIQ,1,30,All India except Central University,"ESIC Medical College & Hospital, Faridabad(701500)",M.D. (PHYSIOLOGY),All India,0,0,1,0,0,0,0,0,0,0,1,All India Quota Seat Matrix - Round 1.pdf
2025,AIQ,1,30,All India except Central University,"ESIC Medical College & Hospital, Faridabad(701500)",M.D. (PREVENTIVE and SOCIAL MEDICINE)/ COMMUNITY MEDICINE,All India,1,0,0,0,0,0,0,0,0,0,1,All India Quota Seat Matrix - Round 1.pdf
2025,AIQ,1,30,All India except Central University,"ESIC Medical College & Hospital, Faridabad(701500)",M.D. (PSYCHIATRY),All India,0,0,0,0,1,0,0,0,0,0,1,All India Quota Seat Matrix - Round 1.pdf
2025,AIQ,1,30,All India except Central University,"ESIC Medical College & Hospital, Faridabad(701500)",M.D. (RADIO-DIAGNOSIS),All India,1,0,0,0,0,0,1,0,1,0,3,All India Quota Seat Matrix - Round 1.pdf
2025,AIQ,1,30,All India except Central University,"ESIC Medical College & Hospital, Faridabad(701500)",M.D. (Tuberculosis and Respiratory diseases)/Pulmonary Medicine /M.D. (Respiratory Medicine),All India,0,0,0,0,1,0,0,0,0,0,1,All India Quota Seat Matrix - Round 1.pdf
2025,AIQ,1,30,All India except Central University,"ESIC Medical College & Hospital, Faridabad(701500)",M.D. IN TRANSFUSION MEDICINE/ IMMUNO- HAEMATOLOGY and BLOOD TRANSFUSION,All India,0,0,1,0,0,0,0,0,0,0,1,All India Quota Seat Matrix - Round 1.pdf
2025,AIQ,1,30,All India except Central University,"ESIC Medical College & Hospital, Faridabad(701500)",M.S. (E.N.T.),All India,0,0,0,0,1,0,0,0,0,0,1,All India Quota Seat Matrix - Round 1.pdf
2025,AIQ,1,30,All India except Central University,"ESIC Medical College & Hospital, Faridabad(701500)",M.S. (GENERAL SURGERY),All India,1,1,0,0,1,0,1,0,0,0,4,All India Quota Seat Matrix - Round 1.pdf
2025,AIQ,1,30,All India except Central University,"ESIC Medical College & Hospital, Faridabad(701500)",M.S. (OPHTHALMOLOGY),All India,0,0,1,0,1,0,0,0,0,0,2,All India Quota Seat Matrix - Round 1.pdf
2025,AIQ,1,30,All India except Central University,"ESIC Medical College & Hospital, Faridabad(701500)",M.S. (ORTHOPAEDICS),All India,1,0,0,0,0,0,0,0,0,0,1,All India Quota Seat Matrix - Round 1.pdf
2025,AIQ,1,31,All India except Central University,"ESIC Medical College & Hospital, Faridabad(701500)",MD/MS (Anatomy),All India,1,0,0,0,0,0,0,0,0,0,1,All India Quota Seat Matrix - Round 1.pdf
2025,AIQ,1,31,All India except Central University,ESIC Medical College and PGIMSR(700353),M.D. (ANAESTHESIOLOGY),All India,2,0,0,0,2,0,1,0,1,0,6,All India Quota Seat Matrix - Round 1.pdf
2025,AIQ,1,31,All India except Central University,ESIC Medical College and PGIMSR(700353),M.D. (BIOCHEMISTRY),All India,1,0,0,0,0,0,0,0,0,0,1,All India Quota Seat Matrix - Round 1.pdf
2025,AIQ,1,31,All India except Central University,ESIC Medical College and PGIMSR(700353),M.D. (Emergency and Critical Care)/M.D. (Emergency Medicine),All India,1,0,0,0,1,0,1,0,0,0,3,All India Quota Seat Matrix - Round 1.pdf
2025,AIQ,1,31,All India except Central University,ESIC Medical College and PGIMSR(700353),M.D. (FORENSIC MEDICINE),All India,2,0,0,0,0,0,0,0,0,0,2,All India Quota Seat Matrix - Round 1.pdf
2025,AIQ,1,31,All India except Central University,ESIC Medical College and PGIMSR(700353),M.D. (GENERAL MEDICINE),All India,1,0,1,0,2,0,1,0,1,0,6,All India Quota Seat Matrix - Round 1.pdf
2025,AIQ,1,31,All India except Central University,ESIC Medical College and PGIMSR(700353),M.D. (MICROBIOLOGY),All India,0,0,0,0,0,0,1,0,0,0,1,All India Quota Seat Matrix - Round 1.pdf
2025,AIQ,1,31,All India except Central University,ESIC Medical College and PGIMSR(700353),M.D. (Obst. and Gynae)/MS (Obstetrics and Gynaecology),All India,1,1,0,0,0,0,0,0,0,0,2,All India Quota Seat Matrix - Round 1.pdf
2025,AIQ,1,31,All India except Central University,ESIC Medical College and PGIMSR(700353),M.D. (PAEDIATRICS),All India,0,0,0,0,1,0,0,0,1,0,2,All India Quota Seat Matrix - Round 1.pdf
2025,AIQ,1,31,All India except Central University,ESIC Medical College and PGIMSR(700353),M.D. (PATHOLOGY),All India,0,0,1,0,0,0,0,0,0,0,1,All India Quota Seat Matrix - Round 1.pdf
2025,AIQ,1,31,All India except Central University,ESIC Medical College and PGIMSR(700353),M.D. (PHARMACOLOGY),All India,1,0,0,0,0,0,0,0,0,0,1,All India Quota Seat Matrix - Round 1.pdf
2025,AIQ,1,31,All India except Central University,ESIC Medical College and PGIMSR(700353),M.D. (PHYSIOLOGY),All India,1,0,0,0,0,0,0,0,0,0,1,All India Quota Seat Matrix - Round 1.pdf
2025,AIQ,1,31,All India except Central University,ESIC Medical College and PGIMSR(700353),M.D. (PREVENTIVE and SOCIAL MEDICINE)/ COMMUNITY MEDICINE,All India,0,0,0,0,1,0,0,0,0,0,1,All India Quota Seat Matrix - Round 1.pdf
2025,AIQ,1,31,All India except Central University,ESIC Medical College and PGIMSR(700353),M.D. (PSYCHIATRY),All India,1,0,0,0,1,0,1,0,0,0,3,All India Quota Seat Matrix - Round 1.pdf
2025,AIQ,1,31,All India except Central University,ESIC Medical College and PGIMSR(700353),M.D. (Tuberculosis and Respiratory diseases)/Pulmonary Medicine /M.D. (Respiratory Medicine),All India,1,0,1,0,1,0,0,0,0,0,3,All India Quota Seat Matrix - Round 1.pdf
2025,AIQ,1,31,All India except Central University,ESIC Medical College and PGIMSR(700353),M.S. (E.N.T.),All India,1,0,1,0,1,0,0,0,0,0,3,All India Quota Seat Matrix - Round 1.pdf
2025,AIQ,1,31,All India except Central University,ESIC Medical College and PGIMSR(700353),M.S. (GENERAL SURGERY),All India,2,0,0,0,1,0,0,0,0,0,3,All India Quota Seat Matrix - Round 1.pdf
2025,AIQ,1,31,All India except Central University,ESIC Medical College and PGIMSR(700353),M.S. (OPHTHALMOLOGY),All India,1,0,0,0,0,1,0,0,0,0,2,All India Quota Seat Matrix - Round 1.pdf
2025,AIQ,1,31,All India except Central University,ESIC Medical College and PGIMSR(700353),M.S. (ORTHOPAEDICS),All India,0,0,0,0,0,0,1,0,0,0,1,All India Quota Seat Matrix - Round 1.pdf
2025,AIQ,1,31,All India except Central University,ESIC Medical College and PGIMSR(700353),MD/MS (Anatomy),All India,0,0,1,0,0,0,0,0,0,0,1,All India Quota Seat Matrix - Round 1.pdf
2025,AIQ,1,32,All India except Central University,"ESIC Medical College, Hyderbad(701504)",M.D. (ANAESTHESIOLOGY),All India,2,0,0,0,0,0,0,0,0,0,2,All India Quota Seat Matrix - Round 1.pdf
2025,AIQ,1,32,All India except Central University,"ESIC Medical College, Hyderbad(701504)",M.D. (BIOCHEMISTRY),All India,0,0,0,0,1,0,1,0,0,0,2,All India Quota Seat Matrix - Round 1.pdf
2025,AIQ,1,32,All India except Central University,"ESIC Medical College, Hyderbad(701504)","M.D. (DERM.,VENE. and LEPROSY)/ (DERMATOLOGY)/(SKIN and VENEREAL DISEASES)/(VENEREOLOGY)",All India,1,0,0,0,1,0,0,0,0,0,2,All India Quota Seat Matrix - Round 1.pdf
2025,AIQ,1,32,All India except Central University,"ESIC Medical College, Hyderbad(701504)",M.D. (Emergency and Critical Care)/M.D. (Emergency Medicine),All India,1,0,1,0,1,0,0,0,0,0,3,All India Quota Seat Matrix - Round 1.pdf
2025,AIQ,1,32,All India except Central University,"ESIC Medical College, Hyderbad(701504)",M.D. (GENERAL MEDICINE),All India,1,0,0,0,1,0,1,0,1,0,4,All India Quota Seat Matrix - Round 1.pdf
2025,AIQ,1,32,All India except Central University,"ESIC Medical College, Hyderbad(701504)",M.D. (MICROBIOLOGY),All India,0,0,0,0,1,0,1,0,0,0,2,All India Quota Seat Matrix - Round 1.pdf
2025,AIQ,1,32,All India except Central University,"ESIC Medical College, Hyderbad(701504)",M.D. (Obst. and Gynae)/MS (Obstetrics and Gynaecology),All India,0,0,1,0,0,0,0,0,0,0,1,All India Quota Seat Matrix - Round 1.pdf
2025,AIQ,1,32,All India except Central University,"ESIC Medical College, Hyderbad(701504)",M.D. (PAEDIATRICS),All India,0,0,0,0,1,0,0,0,0,0,1,All India Quota Seat Matrix - Round 1.pdf
2025,AIQ,1,32,All India except Central University,"ESIC Medical College, Hyderbad(701504)",M.D. (PATHOLOGY),All India,0,0,0,0,0,0,1,0,1,0,2,All India Quota Seat Matrix - Round 1.pdf
2025,AIQ,1,32,All India except Central University,"ESIC Medical College, Hyderbad(701504)",M.D. (PHARMACOLOGY),All India,0,0,1,0,0,0,0,0,0,0,1,All India Quota Seat Matrix - Round 1.pdf
2025,AIQ,1,32,All India except Central University,"ESIC Medical College, Hyderbad(701504)",M.D. (PHYSICAL MED. and REHABILITATION),All India,1,0,0,0,1,0,1,0,0,0,3,All India Quota Seat Matrix - Round 1.pdf
2025,AIQ,1,32,All India except Central University,"ESIC Medical College, Hyderbad(701504)",M.D. (PHYSIOLOGY),All India,2,0,0,0,1,0,0,0,0,0,3,All India Quota Seat Matrix - Round 1.pdf
2025,AIQ,1,32,All India except Central University,"ESIC Medical College, Hyderbad(701504)",M.D. (PREVENTIVE and SOCIAL MEDICINE)/ COMMUNITY MEDICINE,All India,1,0,0,0,0,0,0,0,0,0,1,All India Quota Seat Matrix - Round 1.pdf
2025,AIQ,1,32,All India except Central University,"ESIC Medical College, Hyderbad(701504)",M.D. (PSYCHIATRY),All India,0,0,0,0,0,1,0,0,0,0,1,All India Quota Seat Matrix - Round 1.pdf
2025,AIQ,1,32,All India except Central University,"ESIC Medical College, Hyderbad(701504)",M.D. (RADIO-DIAGNOSIS),All India,1,0,0,0,0,0,1,0,1,0,3,All India Quota Seat Matrix - Round 1.pdf
2025,AIQ,1,32,All India except Central University,"ESIC Medical College, Hyderbad(701504)",M.D. (Tuberculosis and Respiratory diseases)/Pulmonary Medicine /M.D. (Respiratory Medicine),All India,0,0,1,0,1,0,0,0,0,0,2,All India Quota Seat Matrix - Round 1.pdf
2025,AIQ,1,32,All India except Central University,"ESIC Medical College, Hyderbad(701504)",M.D. IN TRANSFUSION MEDICINE/ IMMUNO- HAEMATOLOGY and BLOOD TRANSFUSION,All India,2,0,0,0,1,0,0,0,0,0,3,All India Quota Seat Matrix - Round 1.pdf
2025,AIQ,1,32,All India except Central University,"ESIC Medical College, Hyderbad(701504)",M.S. (E.N.T.),All India,1,0,0,0,0,0,0,0,0,0,1,All India Quota Seat Matrix - Round 1.pdf
2025,AIQ,1,32,All India except Central University,"ESIC Medical College, Hyderbad(701504)",M.S. (GENERAL SURGERY),All India,2,0,0,0,0,0,0,0,0,0,2,All India Quota Seat Matrix - Round 1.pdf
2025,AIQ,1,32,All India except Central University,"ESIC Medical College, Hyderbad(701504)",M.S. (OPHTHALMOLOGY),All India,1,0,0,0,1,0,0,0,0,0,2,All India Quota Seat Matrix - Round 1.pdf
2025,AIQ,1,33,All India except Central University,"ESIC Medical College, Hyderbad(701504)",M.S. (ORTHOPAEDICS),All India,1,1,0,0,0,0,0,0,0,0,2,All India Quota Seat Matrix - Round 1.pdf
2025,AIQ,1,33,All India except Central University,"ESIC Medical College, Hyderbad(701504)",MD/MS (Anatomy),All India,0,0,1,0,1,0,0,0,1,0,3,All India Quota Seat Matrix - Round 1.pdf
2025,AIQ,1,33,All India except Central University,"ESIC MEDICAL COLLEGE, JOKA(700543)",M.D. (ANAESTHESIOLOGY),All India,1,0,0,0,1,0,1,0,0,0,3,All India Quota Seat Matrix - Round 1.pdf
2025,AIQ,1,33,All India except Central University,"ESIC MEDICAL COLLEGE, JOKA(700543)",M.D. (GENERAL MEDICINE),All India,0,0,1,0,1,0,0,0,0,0,2,All India Quota Seat Matrix - Round 1.pdf
2025,AIQ,1,33,All India except Central University,"ESIC MEDICAL COLLEGE, JOKA(700543)",M.D. (Obst. and Gynae)/MS (Obstetrics and Gynaecology),All India,1,0,0,0,0,0,1,0,1,0,3,All India Quota Seat Matrix - Round 1.pdf
2025,AIQ,1,33,All India except Central University,"ESIC MEDICAL COLLEGE, JOKA(700543)",M.D. (PAEDIATRICS),All India,1,0,0,0,0,0,0,0,0,0,1,All India Quota Seat Matrix - Round 1.pdf
2025,AIQ,1,33,All India except Central University,"ESIC MEDICAL COLLEGE, JOKA(700543)",M.D. (PATHOLOGY),All India,1,0,0,0,1,0,0,0,0,0,2,All India Quota Seat Matrix - Round 1.pdf
2025,AIQ,1,33,All India except Central University,"ESIC MEDICAL COLLEGE, JOKA(700543)",M.S. (E.N.T.),All India,1,0,0,0,0,0,0,0,0,0,1,All India Quota Seat Matrix - Round 1.pdf
2025,AIQ,1,33,All India except Central University,"ESIC MEDICAL COLLEGE, JOKA(700543)",M.S. (GENERAL SURGERY),All India,1,0,0,0,1,0,0,0,0,0,2,All India Quota Seat Matrix - Round 1.pdf
2025,AIQ,1,33,All India except Central University,"ESIC MEDICAL COLLEGE, JOKA(700543)",M.S. (ORTHOPAEDICS),All India,1,0,0,0,1,0,0,0,0,0,2,All India Quota Seat Matrix - Round 1.pdf
2025,AIQ,1,33,All India except Central University,Fakhruddin Ali Ahmed Medical College(700522),M.D. (ANAESTHESIOLOGY),All India,0,0,1,0,0,0,1,0,0,0,2,All India Quota Seat Matrix - Round 1.pdf
2025,AIQ,1,33,All India except Central University,Fakhruddin Ali Ahmed Medical College(700522),M.D. (BIOCHEMISTRY),All India,1,0,0,0,1,0,0,0,0,0,2,All India Quota Seat Matrix - Round 1.pdf
2025,AIQ,1,33,All India except Central University,Fakhruddin Ali Ahmed Medical College(700522),M.D. (GENERAL MEDICINE),All India,2,0,0,0,1,0,0,1,0,0,4,All India Quota Seat Matrix - Round 1.pdf
2025,AIQ,1,33,All India except Central University,Fakhruddin Ali Ahmed Medical College(700522),M.D. (MICROBIOLOGY),All India,1,0,0,0,0,0,0,0,0,0,1,All India Quota Seat Matrix - Round 1.pdf
2025,AIQ,1,33,All India except Central University,Fakhruddin Ali Ahmed Medical College(700522),M.D. (Obst. and Gynae)/MS (Obstetrics and Gynaecology),All India,1,0,0,0,1,0,1,0,0,0,3,All India Quota Seat Matrix - Round 1.pdf
2025,AIQ,1,33,All India except Central University,Fakhruddin Ali Ahmed Medical College(700522),M.D. (PAEDIATRICS),All India,1,0,0,0,0,0,0,0,0,0,1,All India Quota Seat Matrix - Round 1.pdf
2025,AIQ,1,33,All India except Central University,Fakhruddin Ali Ahmed Medical College(700522),M.D. (PATHOLOGY),All India,1,0,0,0,1,0,1,0,1,0,4,All India Quota Seat Matrix - Round 1.pdf
2025,AIQ,1,33,All India except Central University,Fakhruddin Ali Ahmed Medical College(700522),M.D. (PREVENTIVE and SOCIAL MEDICINE)/ COMMUNITY MEDICINE,All India,0,0,1,0,1,0,0,0,0,0,2,All India Quota Seat Matrix - Round 1.pdf
2025,AIQ,1,33,All India except Central University,Fakhruddin Ali Ahmed Medical College(700522),M.D. (RADIO-DIAGNOSIS),All India,2,0,0,0,1,0,0,0,0,0,3,All India Quota Seat Matrix - Round 1.pdf
2025,AIQ,1,33,All India except Central University,Fakhruddin Ali Ahmed Medical College(700522),M.S. (GENERAL SURGERY),All India,1,0,1,0,0,1,0,0,0,1,4,All India Quota Seat Matrix - Round 1.pdf
2025,AIQ,1,33,All India except Central University,GADAG INSTITUTE OF MEDICAL SCIENCES GADAG(701350),M.D. (ANAESTHESIOLOGY),All India,1,0,0,0,0,0,0,0,0,0,1,All India Quota Seat Matrix - Round 1.pdf
2025,AIQ,1,34,All India except Central University,GADAG INSTITUTE OF MEDICAL SCIENCES GADAG(701350),M.D. (BIOCHEMISTRY),All India,0,0,0,0,0,0,1,0,0,0,1,All India Quota Seat Matrix - Round 1.pdf
2025,AIQ,1,34,All India except Central University,GADAG INSTITUTE OF MEDICAL SCIENCES GADAG(701350),"M.D. (DERM.,VENE. and LEPROSY)/ (DERMATOLOGY)/(SKIN and VENEREAL DISEASES)/(VENEREOLOGY)",All India,0,0,0,0,1,0,0,0,0,0,1,All India Quota Seat Matrix - Round 1.pdf
2025,AIQ,1,34,All India except Central University,GADAG INSTITUTE OF MEDICAL SCIENCES GADAG(701350),M.D. (FORENSIC MEDICINE),All India,0,0,0,0,1,0,0,0,0,0,1,All India Quota Seat Matrix - Round 1.pdf
2025,AIQ,1,34,All India except Central University,GADAG INSTITUTE OF MEDICAL SCIENCES GADAG(701350),M.D. (GENERAL MEDICINE),All India,1,0,0,0,0,0,1,0,0,0,2,All India Quota Seat Matrix - Round 1.pdf
2025,AIQ,1,34,All India except Central University,GADAG INSTITUTE OF MEDICAL SCIENCES GADAG(701350),M.D. (MICROBIOLOGY),All India,1,0,0,0,0,0,0,0,0,0,1,All India Quota Seat Matrix - Round 1.pdf
2025,AIQ,1,34,All India except Central University,GADAG INSTITUTE OF MEDICAL SCIENCES GADAG(701350),M.D. (Obst. and Gynae)/MS (Obstetrics and Gynaecology),All India,1,0,0,0,1,0,0,0,0,0,2,All India Quota Seat Matrix - Round 1.pdf
2025,AIQ,1,34,All India except Central University,GADAG INSTITUTE OF MEDICAL SCIENCES GADAG(701350),M.D. (PAEDIATRICS),All India,0,0,1,0,0,0,0,0,0,0,1,All India Quota Seat Matrix - Round 1.pdf
2025,AIQ,1,34,All India except Central University,GADAG INSTITUTE OF MEDICAL SCIENCES GADAG(701350),M.D. (PATHOLOGY),All India,1,0,0,0,0,0,0,0,0,0,1,All India Quota Seat Matrix - Round 1.pdf
2025,AIQ,1,34,All India except Central University,GADAG INSTITUTE OF MEDICAL SCIENCES GADAG(701350),M.D. (PHARMACOLOGY),All India,1,0,0,0,0,0,0,0,0,0,1,All India Quota Seat Matrix - Round 1.pdf
2025,AIQ,1,34,All India except Central University,GADAG INSTITUTE OF MEDICAL SCIENCES GADAG(701350),M.D. (PHYSIOLOGY),All India,0,0,0,0,1,0,0,0,0,0,1,All India Quota Seat Matrix - Round 1.pdf
2025,AIQ,1,34,All India except Central University,GADAG INSTITUTE OF MEDICAL SCIENCES GADAG(701350),M.D. (PREVENTIVE and SOCIAL MEDICINE)/ COMMUNITY MEDICINE,All India,0,0,0,0,0,0,1,0,0,0,1,All India Quota Seat Matrix - Round 1.pdf
2025,AIQ,1,34,All India except Central University,GADAG INSTITUTE OF MEDICAL SCIENCES GADAG(701350),M.D. (PSYCHIATRY),All India,0,0,0,0,0,0,0,0,1,0,1,All India Quota Seat Matrix - Round 1.pdf
2025,AIQ,1,34,All India except Central University,GADAG INSTITUTE OF MEDICAL SCIENCES GADAG(701350),M.D. (RADIO-DIAGNOSIS),All India,1,0,0,0,0,0,0,0,0,0,1,All India Quota Seat Matrix - Round 1.pdf
2025,AIQ,1,34,All India except Central University,GADAG INSTITUTE OF MEDICAL SCIENCES GADAG(701350),M.S. (E.N.T.),All India,2,0,0,0,0,0,0,0,0,0,2,All India Quota Seat Matrix - Round 1.pdf
2025,AIQ,1,34,All India except Central University,GADAG INSTITUTE OF MEDICAL SCIENCES GADAG(701350),M.S. (GENERAL SURGERY),All India,0,0,1,0,1,0,0,0,1,0,3,All India Quota Seat Matrix - Round 1.pdf
2025,AIQ,1,34,All India except Central University,GADAG INSTITUTE OF MEDICAL SCIENCES GADAG(701350),M.S. (OPHTHALMOLOGY),All India,1,0,0,0,0,0,1,0,0,0,2,All India Quota Seat Matrix - Round 1.pdf
2025,AIQ,1,34,All India except Central University,GADAG INSTITUTE OF MEDICAL SCIENCES GADAG(701350),M.S. (ORTHOPAEDICS),All India,0,0,0,0,1,0,0,0,0,0,1,All India Quota Seat Matrix - Round 1.pdf
2025,AIQ,1,34,All India except Central University,GADAG INSTITUTE OF MEDICAL SCIENCES GADAG(701350),MD/MS (Anatomy),All India,1,0,0,0,0,0,0,0,0,0,1,All India Quota Seat Matrix - Round 1.pdf
2025,AIQ,1,34,All India except Central University,GAJRA RAJA MEDICAL COLLEGE GWALIOR(700297),M.D. (ANAESTHESIOLOGY),All India,3,0,1,0,2,1,2,0,1,0,10,All India Quota Seat Matrix - Round 1.pdf
2025,AIQ,1,34,All India except Central University,GAJRA RAJA MEDICAL COLLEGE GWALIOR(700297),M.D. (BIOCHEMISTRY),All India,1,0,0,0,1,0,0,0,0,0,2,All India Quota Seat Matrix - Round 1.pdf
2025,AIQ,1,35,All India except Central University,GAJRA RAJA MEDICAL COLLEGE GWALIOR(700297),M.D. (Emergency and Critical Care)/M.D. (Emergency Medicine),All India,0,0,1,0,0,0,0,0,0,0,1,All India Quota Seat Matrix - Round 1.pdf
2025,AIQ,1,35,All India except Central University,GAJRA RAJA MEDICAL COLLEGE GWALIOR(700297),M.D. (FORENSIC MEDICINE),All India,0,0,0,0,1,0,0,0,0,0,1,All India Quota Seat Matrix - Round 1.pdf
2025,AIQ,1,35,All India except Central University,GAJRA RAJA MEDICAL COLLEGE GWALIOR(700297),M.D. (GENERAL MEDICINE),All India,3,1,1,0,2,0,1,1,0,1,10,All India Quota Seat Matrix - Round 1.pdf
2025,AIQ,1,35,All India except Central University,GAJRA RAJA MEDICAL COLLEGE GWALIOR(700297),M.D. (MICROBIOLOGY),All India,1,0,0,0,1,0,1,0,0,0,3,All India Quota Seat Matrix - Round 1.pdf
2025,AIQ,1,35,All India except Central University,GAJRA RAJA MEDICAL COLLEGE GWALIOR(700297),M.D. (Obst. and Gynae)/MS (Obstetrics and Gynaecology),All India,4,0,0,0,2,0,1,0,1,0,8,All India Quota Seat Matrix - Round 1.pdf
2025,AIQ,1,35,All India except Central University,GAJRA RAJA MEDICAL COLLEGE GWALIOR(700297),M.D. (PAEDIATRICS),All India,3,0,0,0,3,0,1,0,1,0,8,All India Quota Seat Matrix - Round 1.pdf
2025,AIQ,1,35,All India except Central University,GAJRA RAJA MEDICAL COLLEGE GWALIOR(700297),M.D. (PATHOLOGY),All India,3,0,1,0,1,0,1,0,0,0,6,All India Quota Seat Matrix - Round 1.pdf
2025,AIQ,1,35,All India except Central University,GAJRA RAJA MEDICAL COLLEGE GWALIOR(700297),M.D. (PHARMACOLOGY),All India,1,0,0,0,1,0,0,0,0,0,2,All India Quota Seat Matrix - Round 1.pdf
2025,AIQ,1,35,All India except Central University,GAJRA RAJA MEDICAL COLLEGE GWALIOR(700297),M.D. (PHYSIOLOGY),All India,0,0,1,0,1,0,1,0,1,0,4,All India Quota Seat Matrix - Round 1.pdf
2025,AIQ,1,35,All India except Central University,GAJRA RAJA MEDICAL COLLEGE GWALIOR(700297),M.D. (PREVENTIVE and SOCIAL MEDICINE)/ COMMUNITY MEDICINE,All India,2,1,0,0,0,1,1,0,0,0,5,All India Quota Seat Matrix - Round 1.pdf
2025,AIQ,1,35,All India except Central University,GAJRA RAJA MEDICAL COLLEGE GWALIOR(700297),M.D. (PSYCHIATRY),All India,0,0,0,1,0,0,0,0,0,0,1,All India Quota Seat Matrix - Round 1.pdf
2025,AIQ,1,35,All India except Central University,GAJRA RAJA MEDICAL COLLEGE GWALIOR(700297),M.D. (RADIO-DIAGNOSIS),All India,2,0,0,0,2,0,1,0,1,0,6,All India Quota Seat Matrix - Round 1.pdf
2025,AIQ,1,35,All India except Central University,GAJRA RAJA MEDICAL COLLEGE GWALIOR(700297),M.D. (Radiotherapy/ Radiation Oncology),All India,1,0,0,0,1,0,0,0,0,0,2,All India Quota Seat Matrix - Round 1.pdf
2025,AIQ,1,35,All India except Central University,GAJRA RAJA MEDICAL COLLEGE GWALIOR(700297),M.S. (E.N.T.),All India,2,0,0,0,0,0,0,0,0,0,2,All India Quota Seat Matrix - Round 1.pdf
2025,AIQ,1,35,All India except Central University,GAJRA RAJA MEDICAL COLLEGE GWALIOR(700297),M.S. (GENERAL SURGERY),All India,2,0,1,0,2,0,1,0,1,0,7,All India Quota Seat Matrix - Round 1.pdf
2025,AIQ,1,35,All India except Central University,GAJRA RAJA MEDICAL COLLEGE GWALIOR(700297),M.S. (OPHTHALMOLOGY),All India,1,0,1,0,1,0,0,0,0,0,3,All India Quota Seat Matrix - Round 1.pdf
2025,AIQ,1,35,All India except Central University,GAJRA RAJA MEDICAL COLLEGE GWALIOR(700297),M.S. (ORTHOPAEDICS),All India,2,0,1,0,1,0,1,0,0,0,5,All India Quota Seat Matrix - Round 1.pdf
2025,AIQ,1,35,All India except Central University,GAJRA RAJA MEDICAL COLLEGE GWALIOR(700297),MD/MS (Anatomy),All India,3,0,0,0,0,0,0,0,0,0,3,All India Quota Seat Matrix - Round 1.pdf
2025,AIQ,1,35,All India except Central University,GANDHI MEDICAL COLLEGE(700481),M.D. (ANAESTHESIOLOGY),All India,3,0,1,0,3,0,1,0,1,0,9,All India Quota Seat Matrix - Round 1.pdf
2025,AIQ,1,35,All India except Central University,GANDHI MEDICAL COLLEGE(700481),M.D. (BIOCHEMISTRY),All India,1,0,1,0,1,0,1,0,0,0,4,All India Quota Seat Matrix - Round 1.pdf
2025,AIQ,1,36,All India except Central University,GANDHI MEDICAL COLLEGE(700481),"M.D. (DERM.,VENE. and LEPROSY)/ (DERMATOLOGY)/(SKIN and VENEREAL DISEASES)/(VENEREOLOGY)",All India,4,0,0,0,1,0,0,0,0,0,5,All India Quota Seat Matrix - Round 1.pdf
2025,AIQ,1,36,All India except Central University,GANDHI MEDICAL COLLEGE(700481),M.D. (FORENSIC MEDICINE),All India,1,0,0,0,2,0,1,0,0,0,4,All India Quota Seat Matrix - Round 1.pdf
2025,AIQ,1,36,All India except Central University,GANDHI MEDICAL COLLEGE(700481),M.D. (GENERAL MEDICINE),All India,3,0,1,0,3,0,2,0,1,0,10,All India Quota Seat Matrix - Round 1.pdf
2025,AIQ,1,36,All India except Central University,GANDHI MEDICAL COLLEGE(700481),M.D. (Hospital Administration),All India,1,0,0,0,1,0,0,0,0,0,2,All India Quota Seat Matrix - Round 1.pdf
2025,AIQ,1,36,All India except Central University,GANDHI MEDICAL COLLEGE(700481),M.D. (MICROBIOLOGY),All India,2,0,1,0,1,0,1,0,0,0,5,All India Quota Seat Matrix - Round 1.pdf
2025,AIQ,1,36,All India except Central University,GANDHI MEDICAL COLLEGE(700481),M.D. (Obst. and Gynae)/MS (Obstetrics and Gynaecology),All India,5,0,1,0,3,1,2,0,1,0,13,All India Quota Seat Matrix - Round 1.pdf
2025,AIQ,1,36,All India except Central University,GANDHI MEDICAL COLLEGE(700481),M.D. (PAEDIATRICS),All India,3,0,1,0,2,0,2,0,0,0,8,All India Quota Seat Matrix - Round 1.pdf
2025,AIQ,1,36,All India except Central University,GANDHI MEDICAL COLLEGE(700481),M.D. (PATHOLOGY),All India,2,0,0,0,1,0,1,0,1,0,5,All India Quota Seat Matrix - Round 1.pdf
2025,AIQ,1,36,All India except Central University,GANDHI MEDICAL COLLEGE(700481),M.D. (PHARMACOLOGY),All India,2,0,1,0,1,0,0,0,0,0,4,All India Quota Seat Matrix - Round 1.pdf
2025,AIQ,1,36,All India except Central University,GANDHI MEDICAL COLLEGE(700481),M.D. (PHYSIOLOGY),All India,1,0,0,0,1,0,1,0,1,0,4,All India Quota Seat Matrix - Round 1.pdf
2025,AIQ,1,36,All India except Central University,GANDHI MEDICAL COLLEGE(700481),M.D. (PREVENTIVE and SOCIAL MEDICINE)/ COMMUNITY MEDICINE,All India,0,0,1,0,1,0,0,0,0,0,2,All India Quota Seat Matrix - Round 1.pdf
2025,AIQ,1,36,All India except Central University,GANDHI MEDICAL COLLEGE(700481),M.D. (PSYCHIATRY),All India,2,0,0,0,0,0,0,0,0,0,2,All India Quota Seat Matrix - Round 1.pdf
2025,AIQ,1,36,All India except Central University,GANDHI MEDICAL COLLEGE(700481),M.D. (RADIO-DIAGNOSIS),All India,1,0,0,1,2,0,1,0,0,0,5,All India Quota Seat Matrix - Round 1.pdf
2025,AIQ,1,36,All India except Central University,GANDHI MEDICAL COLLEGE(700481),M.D. (Tuberculosis and Respiratory diseases)/Pulmonary Medicine /M.D. (Respiratory Medicine),All India,0,0,0,0,1,0,1,0,1,0,3,All India Quota Seat Matrix - Round 1.pdf
2025,AIQ,1,36,All India except Central University,GANDHI MEDICAL COLLEGE(700481),M.D. GERIATRICS,All India,1,1,0,0,0,0,0,0,0,0,2,All India Quota Seat Matrix - Round 1.pdf
2025,AIQ,1,36,All India except Central University,GANDHI MEDICAL COLLEGE(700481),M.S. (E.N.T.),All India,1,0,1,0,1,0,1,0,1,0,5,All India Quota Seat Matrix - Round 1.pdf
2025,AIQ,1,36,All India except Central University,GANDHI MEDICAL COLLEGE(700481),M.S. (GENERAL SURGERY),All India,5,0,1,0,2,0,0,1,0,1,10,All India Quota Seat Matrix - Round 1.pdf
2025,AIQ,1,36,All India except Central University,GANDHI MEDICAL COLLEGE(700481),M.S. (OPHTHALMOLOGY),All India,2,0,0,0,1,0,0,0,0,0,3,All India Quota Seat Matrix - Round 1.pdf
2025,AIQ,1,36,All India except Central University,GANDHI MEDICAL COLLEGE(700481),M.S. (ORTHOPAEDICS),All India,1,1,1,0,2,0,1,0,1,0,7,All India Quota Seat Matrix - Round 1.pdf
2025,AIQ,1,36,All India except Central University,GANDHI MEDICAL COLLEGE(700481),MD/MS (Anatomy),All India,1,0,0,0,0,0,1,0,0,0,2,All India Quota Seat Matrix - Round 1.pdf
2025,AIQ,1,37,All India except Central University,"Gandhi Medical College, Bhopal(700296)",M.D. (ANAESTHESIOLOGY),All India,7,0,2,0,5,0,2,0,1,0,17,All India Quota Seat Matrix - Round 1.pdf
2025,AIQ,1,37,All India except Central University,"Gandhi Medical College, Bhopal(700296)",M.D. (BIOCHEMISTRY),All India,1,0,1,0,1,0,1,0,1,0,5,All India Quota Seat Matrix - Round 1.pdf
2025,AIQ,1,37,All India except Central University,"Gandhi Medical College, Bhopal(700296)",M.D. (Emergency and Critical Care)/M.D. (Emergency Medicine),All India,2,0,0,0,0,0,0,0,0,0,2,All India Quota Seat Matrix - Round 1.pdf
2025,AIQ,1,37,All India except Central University,"Gandhi Medical College, Bhopal(700296)",M.D. (FORENSIC MEDICINE),All India,1,1,0,0,1,0,1,0,0,0,4,All India Quota Seat Matrix - Round 1.pdf
2025,AIQ,1,37,All India except Central University,"Gandhi Medical College, Bhopal(700296)",M.D. (GENERAL MEDICINE),All India,4,0,2,0,4,0,1,0,1,0,12,All India Quota Seat Matrix - Round 1.pdf
2025,AIQ,1,37,All India except Central University,"Gandhi Medical College, Bhopal(700296)",M.D. (MICROBIOLOGY),All India,2,0,0,0,0,1,0,0,0,0,3,All India Quota Seat Matrix - Round 1.pdf
2025,AIQ,1,37,All India except Central University,"Gandhi Medical College, Bhopal(700296)",M.D. (Obst. and Gynae)/MS (Obstetrics and Gynaecology),All India,5,0,1,0,3,0,2,1,1,0,13,All India Quota Seat Matrix - Round 1.pdf
2025,AIQ,1,37,All India except Central University,"Gandhi Medical College, Bhopal(700296)",M.D. (PAEDIATRICS),All India,5,0,1,0,3,0,2,0,1,0,12,All India Quota Seat Matrix - Round 1.pdf
2025,AIQ,1,37,All India except Central University,"Gandhi Medical College, Bhopal(700296)",M.D. (PATHOLOGY),All India,4,0,1,0,3,0,1,0,1,0,10,All India Quota Seat Matrix - Round 1.pdf
2025,AIQ,1,37,All India except Central University,"Gandhi Medical College, Bhopal(700296)",M.D. (PHARMACOLOGY),All India,2,0,0,0,1,0,1,0,0,0,4,All India Quota Seat Matrix - Round 1.pdf
2025,AIQ,1,37,All India except Central University,"Gandhi Medical College, Bhopal(700296)",M.D. (PHYSIOLOGY),All India,1,0,1,0,1,0,1,0,1,0,5,All India Quota Seat Matrix - Round 1.pdf
2025,AIQ,1,37,All India except Central University,"Gandhi Medical College, Bhopal(700296)",M.D. (PREVENTIVE and SOCIAL MEDICINE)/ COMMUNITY MEDICINE,All India,2,0,0,0,1,0,0,0,0,0,3,All India Quota Seat Matrix - Round 1.pdf
2025,AIQ,1,37,All India except Central University,"Gandhi Medical College, Bhopal(700296)",M.D. (PSYCHIATRY),All India,0,0,0,0,1,0,1,0,0,0,2,All India Quota Seat Matrix - Round 1.pdf
2025,AIQ,1,37,All India except Central University,"Gandhi Medical College, Bhopal(700296)",M.D. (RADIO-DIAGNOSIS),All India,3,0,1,0,1,0,0,0,0,0,5,All India Quota Seat Matrix - Round 1.pdf
2025,AIQ,1,37,All India except Central University,"Gandhi Medical College, Bhopal(700296)",M.D. (Radiotherapy/ Radiation Oncology),All India,1,0,0,0,1,0,0,0,0,0,2,All India Quota Seat Matrix - Round 1.pdf
2025,AIQ,1,37,All India except Central University,"Gandhi Medical College, Bhopal(700296)",M.D. (Tuberculosis and Respiratory diseases)/Pulmonary Medicine /M.D. (Respiratory Medicine),All India,1,0,0,0,0,0,1,0,1,0,3,All India Quota Seat Matrix - Round 1.pdf
2025,AIQ,1,37,All India except Central University,"Gandhi Medical College, Bhopal(700296)",M.S. (E.N.T.),All India,1,0,0,0,1,0,1,0,0,0,3,All India Quota Seat Matrix - Round 1.pdf
2025,AIQ,1,37,All India except Central University,"Gandhi Medical College, Bhopal(700296)",M.S. (GENERAL SURGERY),All India,5,0,1,0,3,0,2,0,1,0,12,All India Quota Seat Matrix - Round 1.pdf
2025,AIQ,1,37,All India except Central University,"Gandhi Medical College, Bhopal(700296)",M.S. (OPHTHALMOLOGY),All India,1,0,1,0,1,0,0,0,1,0,4,All India Quota Seat Matrix - Round 1.pdf
2025,AIQ,1,37,All India except Central University,"Gandhi Medical College, Bhopal(700296)",M.S. (ORTHOPAEDICS),All India,2,1,1,0,2,0,1,0,0,0,7,All India Quota Seat Matrix - Round 1.pdf
2025,AIQ,1,38,All India except Central University,"Gandhi Medical College, Bhopal(700296)",MD/MS (Anatomy),All India,3,0,0,0,1,0,1,0,0,0,5,All India Quota Seat Matrix - Round 1.pdf
2025,AIQ,1,38,All India except Central University,Ganesh Shankar Vidyarthi Memorial Medical College(700361),DIPLOMA IN ANAESTHESIOLOGY,All India,0,0,0,0,1,0,0,0,0,0,1,All India Quota Seat Matrix - Round 1.pdf
2025,AIQ,1,38,All India except Central University,Ganesh Shankar Vidyarthi Memorial Medical College(700361),DIPLOMA IN CHILD HEALTH/ PAEDIATRICS,All India,0,0,0,0,0,0,0,0,1,0,1,All India Quota Seat Matrix - Round 1.pdf
2025,AIQ,1,38,All India except Central University,Ganesh Shankar Vidyarthi Memorial Medical College(700361),M.D. (ANAESTHESIOLOGY),All India,4,0,0,0,2,0,1,0,0,0,7,All India Quota Seat Matrix - Round 1.pdf
2025,AIQ,1,38,All India except Central University,Ganesh Shankar Vidyarthi Memorial Medical College(700361),M.D. (BIOCHEMISTRY),All India,0,1,0,0,0,0,1,0,0,0,2,All India Quota Seat Matrix - Round 1.pdf
2025,AIQ,1,38,All India except Central University,Ganesh Shankar Vidyarthi Memorial Medical College(700361),M.D. (GENERAL MEDICINE),All India,6,0,1,0,3,0,2,0,1,0,13,All India Quota Seat Matrix - Round 1.pdf
2025,AIQ,1,38,All India except Central University,Ganesh Shankar Vidyarthi Memorial Medical College(700361),M.D. (MICROBIOLOGY),All India,1,0,0,0,1,0,0,0,0,0,2,All India Quota Seat Matrix - Round 1.pdf
2025,AIQ,1,38,All India except Central University,Ganesh Shankar Vidyarthi Memorial Medical College(700361),M.D. (Obst. and Gynae)/MS (Obstetrics and Gynaecology),All India,3,0,2,0,3,0,2,0,1,0,11,All India Quota Seat Matrix - Round 1.pdf
2025,AIQ,1,38,All India except Central University,Ganesh Shankar Vidyarthi Memorial Medical College(700361),M.D. (PAEDIATRICS),All India,2,1,0,0,2,0,1,0,1,0,7,All India Quota Seat Matrix - Round 1.pdf
2025,AIQ,1,38,All India except Central University,Ganesh Shankar Vidyarthi Memorial Medical College(700361),M.D. (PATHOLOGY),All India,3,0,2,0,0,1,1,0,0,0,7,All India Quota Seat Matrix - Round 1.pdf
2025,AIQ,1,38,All India except Central University,Ganesh Shankar Vidyarthi Memorial Medical College(700361),M.D. (PHARMACOLOGY),All India,2,0,0,0,1,0,0,0,0,0,3,All India Quota Seat Matrix - Round 1.pdf
2025,AIQ,1,38,All India except Central University,Ganesh Shankar Vidyarthi Memorial Medical College(700361),M.D. (PHYSIOLOGY),All India,1,0,0,0,1,0,1,0,1,0,4,All India Quota Seat Matrix - Round 1.pdf
2025,AIQ,1,38,All India except Central University,Ganesh Shankar Vidyarthi Memorial Medical College(700361),M.D. (PREVENTIVE and SOCIAL MEDICINE)/ COMMUNITY MEDICINE,All India,1,0,1,0,1,0,1,0,0,0,4,All India Quota Seat Matrix - Round 1.pdf
2025,AIQ,1,38,All India except Central University,Ganesh Shankar Vidyarthi Memorial Medical College(700361),M.D. (RADIO-DIAGNOSIS),All India,0,0,0,0,1,0,0,0,0,0,1,All India Quota Seat Matrix - Round 1.pdf
2025,AIQ,1,38,All India except Central University,Ganesh Shankar Vidyarthi Memorial Medical College(700361),M.D. (Radiotherapy/ Radiation Oncology),All India,2,0,0,0,0,0,0,0,0,0,2,All India Quota Seat Matrix - Round 1.pdf
2025,AIQ,1,38,All India except Central University,Ganesh Shankar Vidyarthi Memorial Medical College(700361),M.D. (Tuberculosis and Respiratory diseases)/Pulmonary Medicine /M.D. (Respiratory Medicine),All India,1,0,0,0,1,0,1,0,0,0,3,All India Quota Seat Matrix - Round 1.pdf
2025,AIQ,1,38,All India except Central University,Ganesh Shankar Vidyarthi Memorial Medical College(700361),M.S. (E.N.T.),All India,1,0,1,0,1,0,0,0,0,0,3,All India Quota Seat Matrix - Round 1.pdf
2025,AIQ,1,38,All India except Central University,Ganesh Shankar Vidyarthi Memorial Medical College(700361),M.S. (GENERAL SURGERY),All India,5,0,1,0,3,0,1,1,0,1,12,All India Quota Seat Matrix - Round 1.pdf
2025,AIQ,1,38,All India except Central University,Ganesh Shankar Vidyarthi Memorial Medical College(700361),M.S. (OPHTHALMOLOGY),All India,1,0,0,0,1,0,0,0,0,0,2,All India Quota Seat Matrix - Round 1.pdf
2025,AIQ,1,38,All India except Central University,Ganesh Shankar Vidyarthi Memorial Medical College(700361),M.S. (ORTHOPAEDICS),All India,2,0,0,0,1,0,1,0,0,0,4,All India Quota Seat Matrix - Round 1.pdf
2025,AIQ,1,39,All India except Central University,Ganesh Shankar Vidyarthi Memorial Medical College(700361),MD/MS (Anatomy),All India,0,0,1,0,0,0,0,0,0,0,1,All India Quota Seat Matrix - Round 1.pdf
2025,AIQ,1,39,All India except Central University,"Gauhati Medical College, Guwahati(700283)",DIP. IN FORENSIC MEDICINE,All India,1,0,0,0,0,0,0,0,0,0,1,All India Quota Seat Matrix - Round 1.pdf
2025,AIQ,1,39,All India except Central University,"Gauhati Medical College, Guwahati(700283)",DIPLOMA IN ANAESTHESIOLOGY,All India,0,0,0,0,1,0,0,0,0,0,1,All India Quota Seat Matrix - Round 1.pdf
2025,AIQ,1,39,All India except Central University,"Gauhati Medical College, Guwahati(700283)",DIPLOMA IN OTO-RHINO-LARYNGOLOGY,All India,1,0,0,0,0,0,0,0,0,0,1,All India Quota Seat Matrix - Round 1.pdf
2025,AIQ,1,39,All India except Central University,"Gauhati Medical College, Guwahati(700283)",M.D. (ANAESTHESIOLOGY),All India,3,0,1,0,2,0,1,0,1,0,8,All India Quota Seat Matrix - Round 1.pdf
2025,AIQ,1,39,All India except Central University,"Gauhati Medical College, Guwahati(700283)",M.D. (BIOCHEMISTRY),All India,0,0,1,0,0,0,1,0,0,0,2,All India Quota Seat Matrix - Round 1.pdf
2025,AIQ,1,39,All India except Central University,"Gauhati Medical College, Guwahati(700283)","M.D. (DERM.,VENE. and LEPROSY)/ (DERMATOLOGY)/(SKIN and VENEREAL DISEASES)/(VENEREOLOGY)",All India,1,0,0,0,1,0,0,0,0,0,2,All India Quota Seat Matrix - Round 1.pdf
2025,AIQ,1,39,All India except Central University,"Gauhati Medical College, Guwahati(700283)",M.D. (Emergency and Critical Care)/M.D. (Emergency Medicine),All India,2,0,0,0,0,0,0,0,0,0,2,All India Quota Seat Matrix - Round 1.pdf
2025,AIQ,1,39,All India except Central University,"Gauhati Medical College, Guwahati(700283)",M.D. (FORENSIC MEDICINE),All India,0,0,1,0,0,0,0,0,0,0,1,All India Quota Seat Matrix - Round 1.pdf
2025,AIQ,1,39,All India except Central University,"Gauhati Medical College, Guwahati(700283)",M.D. (GENERAL MEDICINE),All India,4,1,0,0,3,0,2,0,1,0,11,All India Quota Seat Matrix - Round 1.pdf
2025,AIQ,1,39,All India except Central University,"Gauhati Medical College, Guwahati(700283)",M.D. (MICROBIOLOGY),All India,2,0,1,0,0,0,0,0,0,0,3,All India Quota Seat Matrix - Round 1.pdf
2025,AIQ,1,39,All India except Central University,"Gauhati Medical College, Guwahati(700283)",M.D. (Obst. and Gynae)/MS (Obstetrics and Gynaecology),All India,2,0,1,0,3,0,2,0,1,0,9,All India Quota Seat Matrix - Round 1.pdf
2025,AIQ,1,39,All India except Central University,"Gauhati Medical College, Guwahati(700283)",M.D. (PAEDIATRICS),All India,2,1,0,0,1,0,1,0,0,0,5,All India Quota Seat Matrix - Round 1.pdf
2025,AIQ,1,39,All India except Central University,"Gauhati Medical College, Guwahati(700283)",M.D. (PATHOLOGY),All India,1,0,1,0,2,0,1,0,1,0,6,All India Quota Seat Matrix - Round 1.pdf
2025,AIQ,1,39,All India except Central University,"Gauhati Medical College, Guwahati(700283)",M.D. (PHARMACOLOGY),All India,2,0,0,0,0,0,0,0,0,0,2,All India Quota Seat Matrix - Round 1.pdf
2025,AIQ,1,39,All India except Central University,"Gauhati Medical College, Guwahati(700283)",M.D. (PHYSIOLOGY),All India,1,0,1,0,1,0,1,0,0,0,4,All India Quota Seat Matrix - Round 1.pdf
2025,AIQ,1,39,All India except Central University,"Gauhati Medical College, Guwahati(700283)",M.D. (PREVENTIVE and SOCIAL MEDICINE)/ COMMUNITY MEDICINE,All India,2,0,0,0,1,0,0,0,0,0,3,All India Quota Seat Matrix - Round 1.pdf
2025,AIQ,1,39,All India except Central University,"Gauhati Medical College, Guwahati(700283)",M.D. (PSYCHIATRY),All India,0,0,0,0,1,0,1,0,1,0,3,All India Quota Seat Matrix - Round 1.pdf
2025,AIQ,1,39,All India except Central University,"Gauhati Medical College, Guwahati(700283)",M.D. (RADIO-DIAGNOSIS),All India,2,0,0,0,1,0,1,0,0,0,4,All India Quota Seat Matrix - Round 1.pdf
2025,AIQ,1,39,All India except Central University,"Gauhati Medical College, Guwahati(700283)",M.D. (Radiotherapy/ Radiation Oncology),All India,0,0,1,0,0,0,0,0,0,0,1,All India Quota Seat Matrix - Round 1.pdf
2025,AIQ,1,40,All India except Central University,"Gauhati Medical College, Guwahati(700283)",M.D. (Tuberculosis and Respiratory diseases)/Pulmonary Medicine /M.D. (Respiratory Medicine),All India,1,0,0,0,1,0,0,0,0,0,2,All India Quota Seat Matrix - Round 1.pdf
2025,AIQ,1,40,All India except Central University,"Gauhati Medical College, Guwahati(700283)",M.S. (E.N.T.),All India,0,0,0,0,1,0,1,0,1,0,3,All India Quota Seat Matrix - Round 1.pdf
2025,AIQ,1,40,All India except Central University,"Gauhati Medical College, Guwahati(700283)",M.S. (GENERAL SURGERY),All India,4,0,1,0,3,0,1,0,0,0,9,All India Quota Seat Matrix - Round 1.pdf
2025,AIQ,1,40,All India except Central University,"Gauhati Medical College, Guwahati(700283)",M.S. (OPHTHALMOLOGY),All India,3,0,0,0,0,1,1,0,1,0,6,All India Quota Seat Matrix - Round 1.pdf
2025,AIQ,1,40,All India except Central University,"Gauhati Medical College, Guwahati(700283)",M.S. (ORTHOPAEDICS),All India,2,0,1,0,2,0,0,0,0,0,5,All India Quota Seat Matrix - Round 1.pdf
2025,AIQ,1,40,All India except Central University,"Gauhati Medical College, Guwahati(700283)",MD/MS (Anatomy),All India,1,0,0,0,1,0,1,0,0,0,3,All India Quota Seat Matrix - Round 1.pdf
2025,AIQ,1,40,All India except Central University,"GMC Bharat Ratna Late Shri Atal Bihari Vajpayee Memorial Medical College, Chhattisgarh (701498)",M.D. (ANAESTHESIOLOGY),All India,2,0,0,0,0,0,0,0,0,0,2,All India Quota Seat Matrix - Round 1.pdf
2025,AIQ,1,40,All India except Central University,"GMC Bharat Ratna Late Shri Atal Bihari Vajpayee Memorial Medical College, Chhattisgarh (701498)",M.D. (PREVENTIVE and SOCIAL MEDICINE)/ COMMUNITY MEDICINE,All India,0,0,0,0,1,0,0,0,1,0,2,All India Quota Seat Matrix - Round 1.pdf
2025,AIQ,1,40,All India except Central University,"GMC Bharat Ratna Late Shri Atal Bihari Vajpayee Memorial Medical College, Chhattisgarh (701498)",M.S. (E.N.T.),All India,0,0,0,0,1,0,0,0,0,0,1,All India Quota Seat Matrix - Round 1.pdf
2025,AIQ,1,40,All India except Central University,"GMC Bharat Ratna Late Shri Atal Bihari Vajpayee Memorial Medical College, Chhattisgarh (701498)",M.S. (OPHTHALMOLOGY),All India,0,0,0,0,0,0,1,0,0,0,1,All India Quota Seat Matrix - Round 1.pdf
2025,AIQ,1,40,All India except Central University,GOA MEDICAL COLLEGE(700479),M.D. (ANAESTHESIOLOGY),All India,2,0,0,0,2,0,1,0,0,0,5,All India Quota Seat Matrix - Round 1.pdf
2025,AIQ,1,40,All India except Central University,GOA MEDICAL COLLEGE(700479),M.D. (BIOCHEMISTRY),All India,1,0,1,0,0,0,0,0,0,0,2,All India Quota Seat Matrix - Round 1.pdf
2025,AIQ,1,40,All India except Central University,GOA MEDICAL COLLEGE(700479),"M.D. (DERM.,VENE. and LEPROSY)/ (DERMATOLOGY)/(SKIN and VENEREAL DISEASES)/(VENEREOLOGY)",All India,1,0,0,0,1,0,0,1,0,0,3,All India Quota Seat Matrix - Round 1.pdf
2025,AIQ,1,40,All India except Central University,GOA MEDICAL COLLEGE(700479),M.D. (FORENSIC MEDICINE),All India,0,1,0,0,1,0,1,0,0,0,3,All India Quota Seat Matrix - Round 1.pdf
2025,AIQ,1,40,All India except Central University,GOA MEDICAL COLLEGE(700479),M.D. (GENERAL MEDICINE),All India,3,0,1,0,1,0,1,0,1,0,7,All India Quota Seat Matrix - Round 1.pdf
2025,AIQ,1,40,All India except Central University,GOA MEDICAL COLLEGE(700479),M.D. (MICROBIOLOGY),All India,1,0,0,0,0,0,0,0,0,0,1,All India Quota Seat Matrix - Round 1.pdf
2025,AIQ,1,40,All India except Central University,GOA MEDICAL COLLEGE(700479),M.D. (Obst. and Gynae)/MS (Obstetrics and Gynaecology),All India,2,0,0,0,1,0,1,0,0,0,4,All India Quota Seat Matrix - Round 1.pdf
2025,AIQ,1,40,All India except Central University,GOA MEDICAL COLLEGE(700479),M.D. (PAEDIATRICS),All India,2,0,1,0,1,0,1,0,0,0,5,All India Quota Seat Matrix - Round 1.pdf
2025,AIQ,1,40,All India except Central University,GOA MEDICAL COLLEGE(700479),M.D. (PATHOLOGY),All India,0,0,0,0,1,0,0,0,0,0,1,All India Quota Seat Matrix - Round 1.pdf
2025,AIQ,1,40,All India except Central University,GOA MEDICAL COLLEGE(700479),M.D. (PHARMACOLOGY),All India,2,0,0,0,1,0,1,0,1,0,5,All India Quota Seat Matrix - Round 1.pdf
2025,AIQ,1,41,All India except Central University,GOA MEDICAL COLLEGE(700479),M.D. (PHYSIOLOGY),All India,2,0,0,0,1,0,0,0,0,0,3,All India Quota Seat Matrix - Round 1.pdf
2025,AIQ,1,41,All India except Central University,GOA MEDICAL COLLEGE(700479),M.D. (PREVENTIVE and SOCIAL MEDICINE)/ COMMUNITY MEDICINE,All India,1,0,1,0,1,0,1,0,0,0,4,All India Quota Seat Matrix - Round 1.pdf
2025,AIQ,1,41,All India except Central University,GOA MEDICAL COLLEGE(700479),M.D. (PSYCHIATRY),All India,2,0,0,0,1,0,1,0,0,0,4,All India Quota Seat Matrix - Round 1.pdf
2025,AIQ,1,41,All India except Central University,GOA MEDICAL COLLEGE(700479),M.D. (RADIO-DIAGNOSIS),All India,0,1,1,0,1,0,0,0,1,0,4,All India Quota Seat Matrix - Round 1.pdf
2025,AIQ,1,41,All India except Central University,GOA MEDICAL COLLEGE(700479),M.D. (Tuberculosis and Respiratory diseases)/Pulmonary Medicine /M.D. (Respiratory Medicine),All India,1,0,0,0,1,0,1,0,0,0,3,All India Quota Seat Matrix - Round 1.pdf
2025,AIQ,1,41,All India except Central University,GOA MEDICAL COLLEGE(700479),M.D. GERIATRICS,All India,0,0,0,0,1,0,0,0,0,0,1,All India Quota Seat Matrix - Round 1.pdf
2025,AIQ,1,41,All India except Central University,GOA MEDICAL COLLEGE(700479),M.D. IN TRANSFUSION MEDICINE/ IMMUNO- HAEMATOLOGY and BLOOD TRANSFUSION,All India,1,0,0,0,0,0,0,0,0,0,1,All India Quota Seat Matrix - Round 1.pdf
2025,AIQ,1,41,All India except Central University,GOA MEDICAL COLLEGE(700479),M.S. (E.N.T.),All India,1,0,0,0,0,0,0,0,1,0,2,All India Quota Seat Matrix - Round 1.pdf
2025,AIQ,1,41,All India except Central University,GOA MEDICAL COLLEGE(700479),M.S. (GENERAL SURGERY),All India,3,0,1,0,3,0,1,0,0,0,8,All India Quota Seat Matrix - Round 1.pdf
2025,AIQ,1,41,All India except Central University,GOA MEDICAL COLLEGE(700479),M.S. (OPHTHALMOLOGY),All India,0,0,1,0,0,1,0,0,1,0,3,All India Quota Seat Matrix - Round 1.pdf
2025,AIQ,1,41,All India except Central University,GOA MEDICAL COLLEGE(700479),M.S. (ORTHOPAEDICS),All India,1,0,0,0,0,0,0,0,0,0,1,All India Quota Seat Matrix - Round 1.pdf
2025,AIQ,1,41,All India except Central University,GOA MEDICAL COLLEGE(700479),MD/MS (Anatomy),All India,2,0,0,0,0,0,0,0,0,0,2,All India Quota Seat Matrix - Round 1.pdf
2025,AIQ,1,41,All India except Central University,"GOVERNMENT DHARMAPURI MEDICAL COLLEGE, DHARMAPURI, TAMIL NADU(700503)",M.D. (ANAESTHESIOLOGY),All India,1,0,0,0,0,0,1,0,1,0,3,All India Quota Seat Matrix - Round 1.pdf
2025,AIQ,1,41,All India except Central University,"GOVERNMENT DHARMAPURI MEDICAL COLLEGE, DHARMAPURI, TAMIL NADU(700503)",M.D. (Emergency and Critical Care)/M.D. (Emergency Medicine),All India,0,0,0,0,1,0,0,0,0,0,1,All India Quota Seat Matrix - Round 1.pdf
2025,AIQ,1,41,All India except Central University,"GOVERNMENT DHARMAPURI MEDICAL COLLEGE, DHARMAPURI, TAMIL NADU(700503)",M.D. (GENERAL MEDICINE),All India,3,0,0,0,1,0,0,0,0,0,4,All India Quota Seat Matrix - Round 1.pdf
2025,AIQ,1,41,All India except Central University,"GOVERNMENT DHARMAPURI MEDICAL COLLEGE, DHARMAPURI, TAMIL NADU(700503)",M.D. (Obst. and Gynae)/MS (Obstetrics and Gynaecology),All India,2,0,0,0,1,0,0,0,0,0,3,All India Quota Seat Matrix - Round 1.pdf
2025,AIQ,1,41,All India except Central University,"GOVERNMENT DHARMAPURI MEDICAL COLLEGE, DHARMAPURI, TAMIL NADU(700503)",M.D. (PAEDIATRICS),All India,2,0,0,0,0,0,0,0,0,0,2,All India Quota Seat Matrix - Round 1.pdf
2025,AIQ,1,41,All India except Central University,"GOVERNMENT DHARMAPURI MEDICAL COLLEGE, DHARMAPURI, TAMIL NADU(700503)",M.S. (GENERAL SURGERY),All India,1,0,1,0,1,0,1,0,0,0,4,All India Quota Seat Matrix - Round 1.pdf
2025,AIQ,1,41,All India except Central University,"GOVERNMENT DHARMAPURI MEDICAL COLLEGE, DHARMAPURI, TAMIL NADU(700503)",M.S. (OPHTHALMOLOGY),All India,0,0,0,0,0,0,0,1,0,0,1,All India Quota Seat Matrix - Round 1.pdf
2025,AIQ,1,41,All India except Central University,"GOVERNMENT DHARMAPURI MEDICAL COLLEGE, DHARMAPURI, TAMIL NADU(700503)",M.S. (ORTHOPAEDICS),All India,0,0,1,0,1,0,0,0,0,1,3,All India Quota Seat Matrix - Round 1.pdf
2025,AIQ,1,42,All India except Central University,Government Erode Medical College- Formerly IRT- Perundurai Medical College(701499),"M.D. (DERM.,VENE. and LEPROSY)/ (DERMATOLOGY)/(SKIN and VENEREAL DISEASES)/(VENEREOLOGY)",All India,0,0,0,0,0,0,1,0,0,0,1,All India Quota Seat Matrix - Round 1.pdf
2025,AIQ,1,42,All India except Central University,Government Erode Medical College- Formerly IRT- Perundurai Medical College(701499),M.D. (Emergency and Critical Care)/M.D. (Emergency Medicine),All India,0,0,0,0,1,0,0,0,0,0,1,All India Quota Seat Matrix - Round 1.pdf
2025,AIQ,1,42,All India except Central University,Government Erode Medical College- Formerly IRT- Perundurai Medical College(701499),M.S. (GENERAL SURGERY),All India,2,0,0,0,0,0,0,0,0,0,2,All India Quota Seat Matrix - Round 1.pdf
2025,AIQ,1,42,All India except Central University,"Government Institute of Medical Sciences, Greater Noida, Uttar Pradesh(902839)",M.D. (ANAESTHESIOLOGY),All India,2,0,1,0,0,0,0,0,0,0,3,All India Quota Seat Matrix - Round 1.pdf
2025,AIQ,1,42,All India except Central University,"Government Institute of Medical Sciences, Greater Noida, Uttar Pradesh(902839)",M.D. (BIOCHEMISTRY),All India,0,0,0,0,1,0,1,0,0,0,2,All India Quota Seat Matrix - Round 1.pdf
2025,AIQ,1,42,All India except Central University,"Government Institute of Medical Sciences, Greater Noida, Uttar Pradesh(902839)",M.D. (GENERAL MEDICINE),All India,0,0,0,0,1,0,1,0,1,0,3,All India Quota Seat Matrix - Round 1.pdf
2025,AIQ,1,42,All India except Central University,"Government Institute of Medical Sciences, Greater Noida, Uttar Pradesh(902839)",M.D. (MICROBIOLOGY),All India,1,0,0,0,1,0,0,0,0,0,2,All India Quota Seat Matrix - Round 1.pdf
2025,AIQ,1,42,All India except Central University,"Government Institute of Medical Sciences, Greater Noida, Uttar Pradesh(902839)",M.D. (PAEDIATRICS),All India,0,0,0,0,0,0,1,0,0,0,1,All India Quota Seat Matrix - Round 1.pdf
2025,AIQ,1,42,All India except Central University,"Government Institute of Medical Sciences, Greater Noida, Uttar Pradesh(902839)",M.D. (PATHOLOGY),All India,1,0,0,0,1,0,0,0,0,0,2,All India Quota Seat Matrix - Round 1.pdf
2025,AIQ,1,42,All India except Central University,"Government Institute of Medical Sciences, Greater Noida, Uttar Pradesh(902839)",M.D. (PHARMACOLOGY),All India,1,0,1,0,0,0,0,0,0,0,2,All India Quota Seat Matrix - Round 1.pdf
2025,AIQ,1,42,All India except Central University,"Government Institute of Medical Sciences, Greater Noida, Uttar Pradesh(902839)",M.D. (PHYSIOLOGY),All India,1,0,0,0,1,0,0,0,0,0,2,All India Quota Seat Matrix - Round 1.pdf
2025,AIQ,1,42,All India except Central University,"Government Institute of Medical Sciences, Greater Noida, Uttar Pradesh(902839)",M.D. (PREVENTIVE and SOCIAL MEDICINE)/ COMMUNITY MEDICINE,All India,0,0,0,0,0,0,1,0,1,0,2,All India Quota Seat Matrix - Round 1.pdf
2025,AIQ,1,42,All India except Central University,"Government Institute of Medical Sciences, Greater Noida, Uttar Pradesh(902839)",M.S. (E.N.T.),All India,1,0,0,1,0,0,0,0,0,0,2,All India Quota Seat Matrix - Round 1.pdf
2025,AIQ,1,42,All India except Central University,"Government Institute of Medical Sciences, Greater Noida, Uttar Pradesh(902839)",M.S. (GENERAL SURGERY),All India,2,0,0,0,1,0,0,0,0,0,3,All India Quota Seat Matrix - Round 1.pdf
2025,AIQ,1,42,All India except Central University,"Government Institute of Medical Sciences, Greater Noida, Uttar Pradesh(902839)",M.S. (ORTHOPAEDICS),All India,1,1,0,0,0,0,0,0,0,0,2,All India Quota Seat Matrix - Round 1.pdf
2025,AIQ,1,42,All India except Central University,"Government Institute of Medical Sciences, Greater Noida, Uttar Pradesh(902839)",MD/MS (Anatomy),All India,0,0,0,0,1,0,0,0,1,0,2,All India Quota Seat Matrix - Round 1.pdf
2025,AIQ,1,42,All India except Central University,Government Kilpauk Medical College(700343),M.D. (ANAESTHESIOLOGY),All India,3,0,1,0,2,0,1,0,1,0,8,All India Quota Seat Matrix - Round 1.pdf
2025,AIQ,1,42,All India except Central University,Government Kilpauk Medical College(700343),M.D. (BIOCHEMISTRY),All India,0,0,0,0,0,0,1,0,0,0,1,All India Quota Seat Matrix - Round 1.pdf
2025,AIQ,1,42,All India except Central University,Government Kilpauk Medical College(700343),"M.D. (DERM.,VENE. and LEPROSY)/ (DERMATOLOGY)/(SKIN and VENEREAL DISEASES)/(VENEREOLOGY)",All India,0,1,0,0,0,0,0,0,0,0,1,All India Quota Seat Matrix - Round 1.pdf
2025,AIQ,1,42,All India except Central University,Government Kilpauk Medical College(700343),M.D. (Emergency and Critical Care)/M.D. (Emergency Medicine),All India,0,0,1,0,1,0,0,0,0,0,2,All India Quota Seat Matrix - Round 1.pdf
2025,AIQ,1,43,All India except Central University,Government Kilpauk Medical College(700343),M.D. (FORENSIC MEDICINE),All India,0,0,0,0,0,0,1,0,0,0,1,All India Quota Seat Matrix - Round 1.pdf
2025,AIQ,1,43,All India except Central University,Government Kilpauk Medical College(700343),M.D. (GENERAL MEDICINE),All India,6,0,1,0,3,0,2,0,1,0,13,All India Quota Seat Matrix - Round 1.pdf
2025,AIQ,1,43,All India except Central University,Government Kilpauk Medical College(700343),M.D. (MICROBIOLOGY),All India,0,0,0,0,1,0,0,0,0,0,1,All India Quota Seat Matrix - Round 1.pdf
2025,AIQ,1,43,All India except Central University,Government Kilpauk Medical College(700343),M.D. (Obst. and Gynae)/MS (Obstetrics and Gynaecology),All India,1,0,1,0,1,0,1,0,1,0,5,All India Quota Seat Matrix - Round 1.pdf
2025,AIQ,1,43,All India except Central University,Government Kilpauk Medical College(700343),M.D. (PAEDIATRICS),All India,2,0,1,0,2,0,0,0,0,0,5,All India Quota Seat Matrix - Round 1.pdf
2025,AIQ,1,43,All India except Central University,Government Kilpauk Medical College(700343),M.D. (PATHOLOGY),All India,0,1,0,0,0,0,1,0,1,0,3,All India Quota Seat Matrix - Round 1.pdf
2025,AIQ,1,43,All India except Central University,Government Kilpauk Medical College(700343),M.D. (PHARMACOLOGY),All India,0,0,0,0,1,0,0,0,0,0,1,All India Quota Seat Matrix - Round 1.pdf
2025,AIQ,1,43,All India except Central University,Government Kilpauk Medical College(700343),M.D. (PHYSICAL MED. and REHABILITATION),All India,1,0,0,0,0,0,0,0,0,0,1,All India Quota Seat Matrix - Round 1.pdf
2025,AIQ,1,43,All India except Central University,Government Kilpauk Medical College(700343),M.D. (PREVENTIVE and SOCIAL MEDICINE)/ COMMUNITY MEDICINE,All India,0,0,0,0,0,0,1,0,0,0,1,All India Quota Seat Matrix - Round 1.pdf
2025,AIQ,1,43,All India except Central University,Government Kilpauk Medical College(700343),M.D. (PSYCHIATRY),All India,0,0,1,0,1,0,0,0,0,0,2,All India Quota Seat Matrix - Round 1.pdf
2025,AIQ,1,43,All India except Central University,Government Kilpauk Medical College(700343),M.D. (RADIO-DIAGNOSIS),All India,2,0,0,0,0,0,0,0,0,0,2,All India Quota Seat Matrix - Round 1.pdf
2025,AIQ,1,43,All India except Central University,Government Kilpauk Medical College(700343),M.D. (Radiotherapy/ Radiation Oncology),All India,0,0,0,0,1,0,0,0,0,0,1,All India Quota Seat Matrix - Round 1.pdf
2025,AIQ,1,43,All India except Central University,Government Kilpauk Medical College(700343),M.D. (Tuberculosis and Respiratory diseases)/Pulmonary Medicine /M.D. (Respiratory Medicine),All India,1,0,0,0,0,0,0,0,0,0,1,All India Quota Seat Matrix - Round 1.pdf
2025,AIQ,1,43,All India except Central University,Government Kilpauk Medical College(700343),M.S. (E.N.T.),All India,2,0,0,0,1,0,0,0,0,0,3,All India Quota Seat Matrix - Round 1.pdf
2025,AIQ,1,43,All India except Central University,Government Kilpauk Medical College(700343),M.S. (GENERAL SURGERY),All India,5,0,1,0,2,1,1,0,1,0,11,All India Quota Seat Matrix - Round 1.pdf
2025,AIQ,1,43,All India except Central University,Government Kilpauk Medical College(700343),M.S. (OPHTHALMOLOGY),All India,1,0,0,0,0,0,0,0,0,0,1,All India Quota Seat Matrix - Round 1.pdf
2025,AIQ,1,43,All India except Central University,Government Kilpauk Medical College(700343),M.S. (ORTHOPAEDICS),All India,2,0,0,0,1,0,1,0,0,0,4,All India Quota Seat Matrix - Round 1.pdf
2025,AIQ,1,43,All India except Central University,Government Kilpauk Medical College(700343),MD/MS (Anatomy),All India,0,0,0,0,1,0,0,0,0,0,1,All India Quota Seat Matrix - Round 1.pdf
2025,AIQ,1,43,All India except Central University,"Government Medical College & Hospital, Budaun, Uttar Pradesh(902837)",M.D. (PREVENTIVE and SOCIAL MEDICINE)/ COMMUNITY MEDICINE,All India,0,0,0,0,1,0,0,0,0,0,1,All India Quota Seat Matrix - Round 1.pdf
2025,AIQ,1,43,All India except Central University,GOVERNMENT MEDICAL COLLEGE - KANNUR(700529),M.D. (ANAESTHESIOLOGY),All India,1,0,0,0,0,0,0,0,0,0,1,All India Quota Seat Matrix - Round 1.pdf
2025,AIQ,1,44,All India except Central University,GOVERNMENT MEDICAL COLLEGE - KANNUR(700529),"M.D. (DERM.,VENE. and LEPROSY)/ (DERMATOLOGY)/(SKIN and VENEREAL DISEASES)/(VENEREOLOGY)",All India,0,0,1,0,1,0,0,0,0,0,2,All India Quota Seat Matrix - Round 1.pdf
2025,AIQ,1,44,All India except Central University,GOVERNMENT MEDICAL COLLEGE - KANNUR(700529),M.D. (Emergency and Critical Care)/M.D. (Emergency Medicine),All India,1,0,0,0,0,0,0,0,0,0,1,All India Quota Seat Matrix - Round 1.pdf
2025,AIQ,1,44,All India except Central University,GOVERNMENT MEDICAL COLLEGE - KANNUR(700529),M.D. (GENERAL MEDICINE),All India,1,0,0,0,0,0,1,0,0,0,2,All India Quota Seat Matrix - Round 1.pdf
2025,AIQ,1,44,All India except Central University,GOVERNMENT MEDICAL COLLEGE - KANNUR(700529),M.D. (MICROBIOLOGY),All India,0,0,0,0,1,0,0,0,0,0,1,All India Quota Seat Matrix - Round 1.pdf
2025,AIQ,1,44,All India except Central University,GOVERNMENT MEDICAL COLLEGE - KANNUR(700529),M.D. (Obst. and Gynae)/MS (Obstetrics and Gynaecology),All India,1,0,0,0,0,0,0,0,0,0,1,All India Quota Seat Matrix - Round 1.pdf
2025,AIQ,1,44,All India except Central University,GOVERNMENT MEDICAL COLLEGE - KANNUR(700529),M.D. (PAEDIATRICS),All India,0,0,0,0,1,0,0,0,0,0,1,All India Quota Seat Matrix - Round 1.pdf
2025,AIQ,1,44,All India except Central University,GOVERNMENT MEDICAL COLLEGE - KANNUR(700529),M.D. (PATHOLOGY),All India,0,0,1,0,0,0,0,0,0,0,1,All India Quota Seat Matrix - Round 1.pdf
2025,AIQ,1,44,All India except Central University,GOVERNMENT MEDICAL COLLEGE - KANNUR(700529),M.D. (PHYSIOLOGY),All India,0,1,0,0,0,0,0,0,0,0,1,All India Quota Seat Matrix - Round 1.pdf
2025,AIQ,1,44,All India except Central University,GOVERNMENT MEDICAL COLLEGE - KANNUR(700529),M.D. (PREVENTIVE and SOCIAL MEDICINE)/ COMMUNITY MEDICINE,All India,1,0,0,0,0,0,0,0,0,0,1,All India Quota Seat Matrix - Round 1.pdf
2025,AIQ,1,44,All India except Central University,GOVERNMENT MEDICAL COLLEGE - KANNUR(700529),M.D. (PSYCHIATRY),All India,0,0,0,0,1,0,0,0,0,0,1,All India Quota Seat Matrix - Round 1.pdf
2025,AIQ,1,44,All India except Central University,GOVERNMENT MEDICAL COLLEGE - KANNUR(700529),M.D. (RADIO-DIAGNOSIS),All India,0,0,0,0,0,0,1,0,0,0,1,All India Quota Seat Matrix - Round 1.pdf
2025,AIQ,1,44,All India except Central University,GOVERNMENT MEDICAL COLLEGE - KANNUR(700529),M.D. (Tuberculosis and Respiratory diseases)/Pulmonary Medicine /M.D. (Respiratory Medicine),All India,1,0,0,0,0,0,0,0,0,0,1,All India Quota Seat Matrix - Round 1.pdf
2025,AIQ,1,44,All India except Central University,GOVERNMENT MEDICAL COLLEGE - KANNUR(700529),M.S. (E.N.T.),All India,1,0,0,0,1,0,0,0,0,0,2,All India Quota Seat Matrix - Round 1.pdf
2025,AIQ,1,44,All India except Central University,GOVERNMENT MEDICAL COLLEGE - KANNUR(700529),M.S. (GENERAL SURGERY),All India,1,0,0,0,0,0,0,0,0,0,1,All India Quota Seat Matrix - Round 1.pdf
2025,AIQ,1,44,All India except Central University,GOVERNMENT MEDICAL COLLEGE - KANNUR(700529),M.S. (OPHTHALMOLOGY),All India,0,0,0,0,0,0,0,0,1,0,1,All India Quota Seat Matrix - Round 1.pdf
2025,AIQ,1,44,All India except Central University,GOVERNMENT MEDICAL COLLEGE - KANNUR(700529),M.S. (ORTHOPAEDICS),All India,0,0,0,0,0,0,1,0,0,0,1,All India Quota Seat Matrix - Round 1.pdf
2025,AIQ,1,44,All India except Central University,"GOVERNMENT MEDICAL COLLEGE AND ESIC HOSPITAL, COIMBATORE(701719)",M.D. (Emergency and Critical Care)/M.D. (Emergency Medicine),All India,0,0,0,0,0,0,1,0,1,0,2,All India Quota Seat Matrix - Round 1.pdf
2025,AIQ,1,44,All India except Central University,"GOVERNMENT MEDICAL COLLEGE CHANDRAPUR, MAHARASHTRA(701717)",M.D. (ANAESTHESIOLOGY),All India,1,0,0,0,1,0,0,0,0,0,2,All India Quota Seat Matrix - Round 1.pdf
2025,AIQ,1,44,All India except Central University,"GOVERNMENT MEDICAL COLLEGE CHANDRAPUR, MAHARASHTRA(701717)",M.D. (BIOCHEMISTRY),All India,2,0,0,0,0,0,1,0,0,0,3,All India Quota Seat Matrix - Round 1.pdf
2025,AIQ,1,45,All India except Central University,"GOVERNMENT MEDICAL COLLEGE CHANDRAPUR, MAHARASHTRA(701717)","M.D. (DERM.,VENE. and LEPROSY)/ (DERMATOLOGY)/(SKIN and VENEREAL DISEASES)/(VENEREOLOGY)",All India,0,0,0,0,1,0,0,0,1,0,2,All India Quota Seat Matrix - Round 1.pdf
2025,AIQ,1,45,All India except Central University,"GOVERNMENT MEDICAL COLLEGE CHANDRAPUR, MAHARASHTRA(701717)",M.D. (FORENSIC MEDICINE),All India,2,0,0,0,1,0,0,0,0,0,3,All India Quota Seat Matrix - Round 1.pdf
2025,AIQ,1,45,All India except Central University,"GOVERNMENT MEDICAL COLLEGE CHANDRAPUR, MAHARASHTRA(701717)",M.D. (GENERAL MEDICINE),All India,0,0,0,0,0,0,1,0,0,0,1,All India Quota Seat Matrix - Round 1.pdf
2025,AIQ,1,45,All India except Central University,"GOVERNMENT MEDICAL COLLEGE CHANDRAPUR, MAHARASHTRA(701717)",M.D. (MICROBIOLOGY),All India,0,0,0,0,0,0,1,0,1,0,2,All India Quota Seat Matrix - Round 1.pdf
2025,AIQ,1,45,All India except Central University,"GOVERNMENT MEDICAL COLLEGE CHANDRAPUR, MAHARASHTRA(701717)",M.D. (Obst. and Gynae)/MS (Obstetrics and Gynaecology),All India,1,0,1,0,1,0,0,0,0,0,3,All India Quota Seat Matrix - Round 1.pdf
2025,AIQ,1,45,All India except Central University,"GOVERNMENT MEDICAL COLLEGE CHANDRAPUR, MAHARASHTRA(701717)",M.D. (PAEDIATRICS),All India,1,0,0,0,0,0,0,0,0,0,1,All India Quota Seat Matrix - Round 1.pdf
2025,AIQ,1,45,All India except Central University,"GOVERNMENT MEDICAL COLLEGE CHANDRAPUR, MAHARASHTRA(701717)",M.D. (PATHOLOGY),All India,1,0,0,0,0,0,0,0,0,0,1,All India Quota Seat Matrix - Round 1.pdf
2025,AIQ,1,45,All India except Central University,"GOVERNMENT MEDICAL COLLEGE CHANDRAPUR, MAHARASHTRA(701717)",M.D. (PHARMACOLOGY),All India,0,0,0,0,1,0,0,0,0,0,1,All India Quota Seat Matrix - Round 1.pdf
2025,AIQ,1,45,All India except Central University,"GOVERNMENT MEDICAL COLLEGE CHANDRAPUR, MAHARASHTRA(701717)",M.D. (PHYSIOLOGY),All India,0,1,1,0,0,0,0,0,0,0,2,All India Quota Seat Matrix - Round 1.pdf
2025,AIQ,1,45,All India except Central University,"GOVERNMENT MEDICAL COLLEGE CHANDRAPUR, MAHARASHTRA(701717)",M.D. (PREVENTIVE and SOCIAL MEDICINE)/ COMMUNITY MEDICINE,All India,1,0,0,0,0,1,0,0,0,0,2,All India Quota Seat Matrix - Round 1.pdf
2025,AIQ,1,45,All India except Central University,"GOVERNMENT MEDICAL COLLEGE CHANDRAPUR, MAHARASHTRA(701717)",M.D. (PSYCHIATRY),All India,0,0,0,0,0,0,0,1,0,0,1,All India Quota Seat Matrix - Round 1.pdf
2025,AIQ,1,45,All India except Central University,"GOVERNMENT MEDICAL COLLEGE CHANDRAPUR, MAHARASHTRA(701717)",M.S. (E.N.T.),All India,0,0,1,0,0,0,0,0,0,0,1,All India Quota Seat Matrix - Round 1.pdf
2025,AIQ,1,45,All India except Central University,"GOVERNMENT MEDICAL COLLEGE CHANDRAPUR, MAHARASHTRA(701717)",M.S. (GENERAL SURGERY),All India,3,0,0,0,2,0,0,0,0,0,5,All India Quota Seat Matrix - Round 1.pdf
2025,AIQ,1,45,All India except Central University,"GOVERNMENT MEDICAL COLLEGE CHANDRAPUR, MAHARASHTRA(701717)",M.S. (OPHTHALMOLOGY),All India,1,0,0,0,1,0,0,0,0,0,2,All India Quota Seat Matrix - Round 1.pdf
2025,AIQ,1,45,All India except Central University,"GOVERNMENT MEDICAL COLLEGE CHANDRAPUR, MAHARASHTRA(701717)",M.S. (ORTHOPAEDICS),All India,0,0,0,0,0,0,1,0,0,0,1,All India Quota Seat Matrix - Round 1.pdf
2025,AIQ,1,45,All India except Central University,"GOVERNMENT MEDICAL COLLEGE CHANDRAPUR, MAHARASHTRA(701717)",MD/MS (Anatomy),All India,2,0,0,0,0,0,0,0,0,0,2,All India Quota Seat Matrix - Round 1.pdf
2025,AIQ,1,45,All India except Central University,"Government Medical College Hospital, Manjeri(701401)","M.D. (DERM.,VENE. and LEPROSY)/ (DERMATOLOGY)/(SKIN and VENEREAL DISEASES)/(VENEREOLOGY)",All India,0,0,0,0,1,0,0,0,0,0,1,All India Quota Seat Matrix - Round 1.pdf
2025,AIQ,1,45,All India except Central University,"Government Medical College Hospital, Manjeri(701401)",M.S. (E.N.T.),All India,0,0,1,0,0,0,0,0,0,0,1,All India Quota Seat Matrix - Round 1.pdf
2025,AIQ,1,45,All India except Central University,"Government Medical College Hospital, Manjeri(701401)",M.S. (OPHTHALMOLOGY),All India,1,0,0,0,0,0,0,0,0,0,1,All India Quota Seat Matrix - Round 1.pdf
2025,AIQ,1,45,All India except Central University,"Government Medical College Hospital, Omandurar(701402)",M.D. (ANAESTHESIOLOGY),All India,0,0,0,0,1,0,0,0,0,0,1,All India Quota Seat Matrix - Round 1.pdf
2025,AIQ,1,46,All India except Central University,"Government Medical College Hospital, Omandurar(701402)",M.D. (Emergency and Critical Care)/M.D. (Emergency Medicine),All India,0,0,1,0,0,0,0,0,0,0,1,All India Quota Seat Matrix - Round 1.pdf
2025,AIQ,1,46,All India except Central University,"Government Medical College Hospital, Omandurar(701402)",M.D. (GENERAL MEDICINE),All India,2,0,0,0,1,0,0,0,0,0,3,All India Quota Seat Matrix - Round 1.pdf
2025,AIQ,1,46,All India except Central University,"Government Medical College Hospital, Omandurar(701402)",M.D. (Obst. and Gynae)/MS (Obstetrics and Gynaecology),All India,2,0,0,0,0,0,0,0,0,0,2,All India Quota Seat Matrix - Round 1.pdf
2025,AIQ,1,46,All India except Central University,"Government Medical College Hospital, Omandurar(701402)",M.D. (PAEDIATRICS),All India,0,0,0,0,1,0,1,0,1,0,3,All India Quota Seat Matrix - Round 1.pdf
2025,AIQ,1,46,All India except Central University,"Government Medical College Hospital, Omandurar(701402)",M.S. (GENERAL SURGERY),All India,1,0,0,0,1,0,1,0,0,0,3,All India Quota Seat Matrix - Round 1.pdf
2025,AIQ,1,46,All India except Central University,"Government Medical College Hospital, Omandurar(701402)",M.S. (ORTHOPAEDICS),All India,1,0,0,0,0,0,0,0,0,0,1,All India Quota Seat Matrix - Round 1.pdf
2025,AIQ,1,46,All India except Central University,"GOVERNMENT MEDICAL COLLEGE KADAPA (FORMERLY RAJIV GANDHI INSTITUTE OF MEDICAL SCIENCES, KADAPA)(700486)",M.D. (ANAESTHESIOLOGY),All India,2,0,1,0,2,0,1,0,0,0,6,All India Quota Seat Matrix - Round 1.pdf
2025,AIQ,1,46,All India except Central University,"GOVERNMENT MEDICAL COLLEGE KADAPA (FORMERLY RAJIV GANDHI INSTITUTE OF MEDICAL SCIENCES, KADAPA)(700486)",M.D. (BIOCHEMISTRY),All India,2,0,0,0,0,0,0,0,0,0,2,All India Quota Seat Matrix - Round 1.pdf
2025,AIQ,1,46,All India except Central University,"GOVERNMENT MEDICAL COLLEGE KADAPA (FORMERLY RAJIV GANDHI INSTITUTE OF MEDICAL SCIENCES, KADAPA)(700486)","M.D. (DERM.,VENE. and LEPROSY)/ (DERMATOLOGY)/(SKIN and VENEREAL DISEASES)/(VENEREOLOGY)",All India,0,0,0,0,1,0,0,0,0,0,1,All India Quota Seat Matrix - Round 1.pdf
2025,AIQ,1,46,All India except Central University,"GOVERNMENT MEDICAL COLLEGE KADAPA (FORMERLY RAJIV GANDHI INSTITUTE OF MEDICAL SCIENCES, KADAPA)(700486)",M.D. (Emergency and Critical Care)/M.D. (Emergency Medicine),All India,0,0,0,0,0,0,1,0,1,0,2,All India Quota Seat Matrix - Round 1.pdf
2025,AIQ,1,46,All India except Central University,"GOVERNMENT MEDICAL COLLEGE KADAPA (FORMERLY RAJIV GANDHI INSTITUTE OF MEDICAL SCIENCES, KADAPA)(700486)",M.D. (FORENSIC MEDICINE),All India,0,0,1,0,1,0,0,0,0,0,2,All India Quota Seat Matrix - Round 1.pdf
2025,AIQ,1,46,All India except Central University,"GOVERNMENT MEDICAL COLLEGE KADAPA (FORMERLY RAJIV GANDHI INSTITUTE OF MEDICAL SCIENCES, KADAPA)(700486)",M.D. (GENERAL MEDICINE),All India,3,0,0,0,2,0,1,0,0,0,6,All India Quota Seat Matrix - Round 1.pdf
2025,AIQ,1,46,All India except Central University,"GOVERNMENT MEDICAL COLLEGE KADAPA (FORMERLY RAJIV GANDHI INSTITUTE OF MEDICAL SCIENCES, KADAPA)(700486)",M.D. (MICROBIOLOGY),All India,1,0,1,0,1,0,0,0,1,0,4,All India Quota Seat Matrix - Round 1.pdf
2025,AIQ,1,46,All India except Central University,"GOVERNMENT MEDICAL COLLEGE KADAPA (FORMERLY RAJIV GANDHI INSTITUTE OF MEDICAL SCIENCES, KADAPA)(700486)",M.D. (Obst. and Gynae)/MS (Obstetrics and Gynaecology),All India,2,0,0,0,1,0,1,0,0,0,4,All India Quota Seat Matrix - Round 1.pdf
2025,AIQ,1,46,All India except Central University,"GOVERNMENT MEDICAL COLLEGE KADAPA (FORMERLY RAJIV GANDHI INSTITUTE OF MEDICAL SCIENCES, KADAPA)(700486)",M.D. (PAEDIATRICS),All India,0,0,0,0,1,0,0,0,0,0,1,All India Quota Seat Matrix - Round 1.pdf
2025,AIQ,1,46,All India except Central University,"GOVERNMENT MEDICAL COLLEGE KADAPA (FORMERLY RAJIV GANDHI INSTITUTE OF MEDICAL SCIENCES, KADAPA)(700486)",M.D. (PATHOLOGY),All India,0,0,1,0,1,0,1,0,1,0,4,All India Quota Seat Matrix - Round 1.pdf
2025,AIQ,1,47,All India except Central University,"GOVERNMENT MEDICAL COLLEGE KADAPA (FORMERLY RAJIV GANDHI INSTITUTE OF MEDICAL SCIENCES, KADAPA)(700486)",M.D. (PHARMACOLOGY),All India,1,1,0,0,1,0,0,0,0,0,3,All India Quota Seat Matrix - Round 1.pdf
2025,AIQ,1,47,All India except Central University,"GOVERNMENT MEDICAL COLLEGE KADAPA (FORMERLY RAJIV GANDHI INSTITUTE OF MEDICAL SCIENCES, KADAPA)(700486)",M.D. (PREVENTIVE and SOCIAL MEDICINE)/ COMMUNITY MEDICINE,All India,2,0,0,0,0,1,1,0,0,0,4,All India Quota Seat Matrix - Round 1.pdf
2025,AIQ,1,47,All India except Central University,"GOVERNMENT MEDICAL COLLEGE KADAPA (FORMERLY RAJIV GANDHI INSTITUTE OF MEDICAL SCIENCES, KADAPA)(700486)",M.D. (PSYCHIATRY),All India,1,0,1,0,0,0,0,0,0,0,2,All India Quota Seat Matrix - Round 1.pdf
2025,AIQ,1,47,All India except Central University,"GOVERNMENT MEDICAL COLLEGE KADAPA (FORMERLY RAJIV GANDHI INSTITUTE OF MEDICAL SCIENCES, KADAPA)(700486)",M.D. (RADIO-DIAGNOSIS),All India,1,0,0,0,1,0,0,0,0,0,2,All India Quota Seat Matrix - Round 1.pdf
2025,AIQ,1,47,All India except Central University,"GOVERNMENT MEDICAL COLLEGE KADAPA (FORMERLY RAJIV GANDHI INSTITUTE OF MEDICAL SCIENCES, KADAPA)(700486)",M.D. (Radiotherapy/ Radiation Oncology),All India,0,0,0,0,0,0,1,0,1,0,2,All India Quota Seat Matrix - Round 1.pdf
2025,AIQ,1,47,All India except Central University,"GOVERNMENT MEDICAL COLLEGE KADAPA (FORMERLY RAJIV GANDHI INSTITUTE OF MEDICAL SCIENCES, KADAPA)(700486)",M.D. (Tuberculosis and Respiratory diseases)/Pulmonary Medicine /M.D. (Respiratory Medicine),All India,1,0,0,0,1,0,0,0,0,0,2,All India Quota Seat Matrix - Round 1.pdf
2025,AIQ,1,47,All India except Central University,"GOVERNMENT MEDICAL COLLEGE KADAPA (FORMERLY RAJIV GANDHI INSTITUTE OF MEDICAL SCIENCES, KADAPA)(700486)",M.S. (E.N.T.),All India,1,0,0,0,0,0,0,0,0,0,1,All India Quota Seat Matrix - Round 1.pdf
2025,AIQ,1,47,All India except Central University,"GOVERNMENT MEDICAL COLLEGE KADAPA (FORMERLY RAJIV GANDHI INSTITUTE OF MEDICAL SCIENCES, KADAPA)(700486)",M.S. (GENERAL SURGERY),All India,2,0,0,0,1,0,1,0,0,0,4,All India Quota Seat Matrix - Round 1.pdf
2025,AIQ,1,47,All India except Central University,"GOVERNMENT MEDICAL COLLEGE KADAPA (FORMERLY RAJIV GANDHI INSTITUTE OF MEDICAL SCIENCES, KADAPA)(700486)",M.S. (OPHTHALMOLOGY),All India,1,0,0,0,0,0,0,0,0,0,1,All India Quota Seat Matrix - Round 1.pdf
2025,AIQ,1,47,All India except Central University,"GOVERNMENT MEDICAL COLLEGE KADAPA (FORMERLY RAJIV GANDHI INSTITUTE OF MEDICAL SCIENCES, KADAPA)(700486)",M.S. (ORTHOPAEDICS),All India,1,0,0,0,0,0,0,0,0,0,1,All India Quota Seat Matrix - Round 1.pdf
2025,AIQ,1,47,All India except Central University,"GOVERNMENT MEDICAL COLLEGE KADAPA (FORMERLY RAJIV GANDHI INSTITUTE OF MEDICAL SCIENCES, KADAPA)(700486)",MD/MS (Anatomy),All India,1,0,0,0,0,0,0,0,0,0,1,All India Quota Seat Matrix - Round 1.pdf
2025,AIQ,1,47,Diplomate of National Board (DNB) PG,"Government Medical College Kannauj , Uttar Pradesh(701694)",M.D. (ANAESTHESIOLOGY),All India,0,0,1,0,0,0,1,0,0,0,2,All India Quota Seat Matrix - Round 1.pdf
2025,AIQ,1,47,Diplomate of National Board (DNB) PG,"Government Medical College Kannauj , Uttar Pradesh(701694)",M.D. (BIOCHEMISTRY),All India,1,0,0,0,0,0,0,0,0,0,1,All India Quota Seat Matrix - Round 1.pdf
2025,AIQ,1,47,Diplomate of National Board (DNB) PG,"Government Medical College Kannauj , Uttar Pradesh(701694)",M.D. (MICROBIOLOGY),All India,1,0,0,0,0,0,1,0,1,0,3,All India Quota Seat Matrix - Round 1.pdf
2025,AIQ,1,48,Diplomate of National Board (DNB) PG,"Government Medical College Kannauj , Uttar Pradesh(701694)",M.D. (Obst. and Gynae)/MS (Obstetrics and Gynaecology),All India,0,0,1,0,1,0,0,0,0,0,2,All India Quota Seat Matrix - Round 1.pdf
2025,AIQ,1,48,Diplomate of National Board (DNB) PG,"Government Medical College Kannauj , Uttar Pradesh(701694)",M.D. (PAEDIATRICS),All India,2,0,0,0,0,0,0,0,0,0,2,All India Quota Seat Matrix - Round 1.pdf
2025,AIQ,1,48,Diplomate of National Board (DNB) PG,"Government Medical College Kannauj , Uttar Pradesh(701694)",M.D. (PATHOLOGY),All India,1,0,0,0,1,0,1,0,0,0,3,All India Quota Seat Matrix - Round 1.pdf
2025,AIQ,1,48,Diplomate of National Board (DNB) PG,"Government Medical College Kannauj , Uttar Pradesh(701694)",M.D. (PHARMACOLOGY),All India,0,0,0,0,0,0,0,0,1,0,1,All India Quota Seat Matrix - Round 1.pdf
2025,AIQ,1,48,Diplomate of National Board (DNB) PG,"Government Medical College Kannauj , Uttar Pradesh(701694)",M.D. (PHYSIOLOGY),All India,0,0,0,0,0,1,0,0,0,0,1,All India Quota Seat Matrix - Round 1.pdf
2025,AIQ,1,48,Diplomate of National Board (DNB) PG,"Government Medical College Kannauj , Uttar Pradesh(701694)",M.D. (PREVENTIVE and SOCIAL MEDICINE)/ COMMUNITY MEDICINE,All India,1,0,1,0,0,0,0,0,0,0,2,All India Quota Seat Matrix - Round 1.pdf
2025,AIQ,1,48,Diplomate of National Board (DNB) PG,"Government Medical College Kannauj , Uttar Pradesh(701694)",M.S. (E.N.T.),All India,1,0,0,0,1,0,0,0,0,0,2,All India Quota Seat Matrix - Round 1.pdf
2025,AIQ,1,48,Diplomate of National Board (DNB) PG,"Government Medical College Kannauj , Uttar Pradesh(701694)",M.S. (GENERAL SURGERY),All India,1,0,0,0,1,0,0,0,0,0,2,All India Quota Seat Matrix - Round 1.pdf
2025,AIQ,1,48,Diplomate of National Board (DNB) PG,"Government Medical College Kannauj , Uttar Pradesh(701694)",M.S. (OPHTHALMOLOGY),All India,1,0,0,0,0,0,0,0,0,0,1,All India Quota Seat Matrix - Round 1.pdf
2025,AIQ,1,48,Diplomate of National Board (DNB) PG,"Government Medical College Kannauj , Uttar Pradesh(701694)",M.S. (ORTHOPAEDICS),All India,1,0,0,0,1,0,1,0,0,0,3,All India Quota Seat Matrix - Round 1.pdf
2025,AIQ,1,48,Diplomate of National Board (DNB) PG,"Government Medical College Kannauj , Uttar Pradesh(701694)",MD/MS (Anatomy),All India,2,0,0,0,1,0,0,0,0,0,3,All India Quota Seat Matrix - Round 1.pdf
2025,AIQ,1,48,All India except Central University,Government Medical College Kota(700334),M.D. (ANAESTHESIOLOGY),All India,3,0,2,0,3,0,2,0,1,0,11,All India Quota Seat Matrix - Round 1.pdf
2025,AIQ,1,48,All India except Central University,Government Medical College Kota(700334),M.D. (BIOCHEMISTRY),All India,1,1,0,0,1,0,1,0,0,0,4,All India Quota Seat Matrix - Round 1.pdf
2025,AIQ,1,48,All India except Central University,Government Medical College Kota(700334),"M.D. (DERM.,VENE. and LEPROSY)/ (DERMATOLOGY)/(SKIN and VENEREAL DISEASES)/(VENEREOLOGY)",All India,1,0,0,0,0,0,0,0,1,0,2,All India Quota Seat Matrix - Round 1.pdf
2025,AIQ,1,48,All India except Central University,Government Medical College Kota(700334),M.D. (FORENSIC MEDICINE),All India,0,0,0,0,1,0,1,0,0,0,2,All India Quota Seat Matrix - Round 1.pdf
2025,AIQ,1,49,All India except Central University,Government Medical College Kota(700334),M.D. (GENERAL MEDICINE),All India,6,0,1,0,3,0,1,0,1,0,12,All India Quota Seat Matrix - Round 1.pdf
2025,AIQ,1,49,All India except Central University,Government Medical College Kota(700334),M.D. (MICROBIOLOGY),All India,1,0,1,0,1,0,0,0,1,0,4,All India Quota Seat Matrix - Round 1.pdf
2025,AIQ,1,49,All India except Central University,Government Medical College Kota(700334),M.D. (Obst. and Gynae)/MS (Obstetrics and Gynaecology),All India,5,0,1,0,3,0,1,0,0,0,10,All India Quota Seat Matrix - Round 1.pdf
2025,AIQ,1,49,All India except Central University,Government Medical College Kota(700334),M.D. (PAEDIATRICS),All India,2,0,1,0,1,1,1,0,1,0,7,All India Quota Seat Matrix - Round 1.pdf
2025,AIQ,1,49,All India except Central University,Government Medical College Kota(700334),M.D. (PATHOLOGY),All India,3,0,0,0,1,0,1,0,0,0,5,All India Quota Seat Matrix - Round 1.pdf
2025,AIQ,1,49,All India except Central University,Government Medical College Kota(700334),M.D. (PHYSIOLOGY),All India,0,0,0,0,1,0,0,0,0,0,1,All India Quota Seat Matrix - Round 1.pdf
2025,AIQ,1,49,All India except Central University,Government Medical College Kota(700334),M.D. (PREVENTIVE and SOCIAL MEDICINE)/ COMMUNITY MEDICINE,All India,3,0,0,0,0,0,0,0,0,0,3,All India Quota Seat Matrix - Round 1.pdf
2025,AIQ,1,49,All India except Central University,Government Medical College Kota(700334),M.D. (PSYCHIATRY),All India,0,0,0,0,1,0,1,0,1,0,3,All India Quota Seat Matrix - Round 1.pdf
2025,AIQ,1,49,All India except Central University,Government Medical College Kota(700334),M.D. (RADIO-DIAGNOSIS),All India,1,0,1,0,1,0,0,0,0,0,3,All India Quota Seat Matrix - Round 1.pdf
2025,AIQ,1,49,All India except Central University,Government Medical College Kota(700334),M.D. (Radiotherapy/ Radiation Oncology),All India,1,0,0,0,0,0,0,0,0,0,1,All India Quota Seat Matrix - Round 1.pdf
2025,AIQ,1,49,All India except Central University,Government Medical College Kota(700334),M.D. (Tuberculosis and Respiratory diseases)/Pulmonary Medicine /M.D. (Respiratory Medicine),All India,1,0,0,0,1,0,1,0,0,0,3,All India Quota Seat Matrix - Round 1.pdf
2025,AIQ,1,49,All India except Central University,Government Medical College Kota(700334),M.D. IN TRANSFUSION MEDICINE/ IMMUNO- HAEMATOLOGY and BLOOD TRANSFUSION,All India,0,0,1,0,0,0,0,0,0,0,1,All India Quota Seat Matrix - Round 1.pdf
2025,AIQ,1,49,All India except Central University,Government Medical College Kota(700334),M.S. (E.N.T.),All India,0,0,1,0,1,0,0,0,0,0,2,All India Quota Seat Matrix - Round 1.pdf
2025,AIQ,1,49,All India except Central University,Government Medical College Kota(700334),M.S. (GENERAL SURGERY),All India,4,0,0,0,2,0,2,0,0,0,8,All India Quota Seat Matrix - Round 1.pdf
2025,AIQ,1,49,All India except Central University,Government Medical College Kota(700334),M.S. (OPHTHALMOLOGY),All India,1,0,0,0,0,0,0,1,1,0,3,All India Quota Seat Matrix - Round 1.pdf
2025,AIQ,1,49,All India except Central University,Government Medical College Kota(700334),M.S. (ORTHOPAEDICS),All India,1,1,1,0,2,0,1,0,0,0,6,All India Quota Seat Matrix - Round 1.pdf
2025,AIQ,1,49,All India except Central University,Government Medical College Kota(700334),MD/MS (Anatomy),All India,3,0,0,0,1,0,0,0,0,0,4,All India Quota Seat Matrix - Round 1.pdf
2025,AIQ,1,49,All India except Central University,Government Medical College Kozhikode(700287),M.D. (ANAESTHESIOLOGY),All India,6,0,1,0,4,0,1,0,1,0,13,All India Quota Seat Matrix - Round 1.pdf
2025,AIQ,1,49,All India except Central University,Government Medical College Kozhikode(700287),M.D. (BIOCHEMISTRY),All India,0,0,0,0,0,0,1,0,0,0,1,All India Quota Seat Matrix - Round 1.pdf
2025,AIQ,1,49,All India except Central University,Government Medical College Kozhikode(700287),"M.D. (DERM.,VENE. and LEPROSY)/ (DERMATOLOGY)/(SKIN and VENEREAL DISEASES)/(VENEREOLOGY)",All India,1,0,1,0,1,0,0,0,1,0,4,All India Quota Seat Matrix - Round 1.pdf
2025,AIQ,1,50,All India except Central University,Government Medical College Kozhikode(700287),M.D. (Emergency and Critical Care)/M.D. (Emergency Medicine),All India,1,0,0,0,0,0,0,0,0,0,1,All India Quota Seat Matrix - Round 1.pdf
2025,AIQ,1,50,All India except Central University,Government Medical College Kozhikode(700287),M.D. (FAMILY MEDICINE),All India,1,0,0,0,0,0,0,0,0,0,1,All India Quota Seat Matrix - Round 1.pdf
2025,AIQ,1,50,All India except Central University,Government Medical College Kozhikode(700287),M.D. (FORENSIC MEDICINE),All India,1,0,0,0,1,0,0,0,0,0,2,All India Quota Seat Matrix - Round 1.pdf
2025,AIQ,1,50,All India except Central University,Government Medical College Kozhikode(700287),M.D. (GENERAL MEDICINE),All India,3,0,1,0,3,0,2,0,1,0,10,All India Quota Seat Matrix - Round 1.pdf
2025,AIQ,1,50,All India except Central University,Government Medical College Kozhikode(700287),M.D. (MICROBIOLOGY),All India,0,0,0,0,0,0,1,0,0,0,1,All India Quota Seat Matrix - Round 1.pdf
2025,AIQ,1,50,All India except Central University,Government Medical College Kozhikode(700287),M.D. (Obst. and Gynae)/MS (Obstetrics and Gynaecology),All India,6,0,1,0,3,0,1,0,1,0,12,All India Quota Seat Matrix - Round 1.pdf
2025,AIQ,1,50,All India except Central University,Government Medical College Kozhikode(700287),M.D. (PAEDIATRICS),All India,4,0,2,0,3,0,1,0,0,0,10,All India Quota Seat Matrix - Round 1.pdf
2025,AIQ,1,50,All India except Central University,Government Medical College Kozhikode(700287),M.D. (PATHOLOGY),All India,3,0,0,0,1,0,0,1,1,0,6,All India Quota Seat Matrix - Round 1.pdf
2025,AIQ,1,50,All India except Central University,Government Medical College Kozhikode(700287),M.D. (PHARMACOLOGY),All India,0,0,0,0,1,0,0,0,0,0,1,All India Quota Seat Matrix - Round 1.pdf
2025,AIQ,1,50,All India except Central University,Government Medical College Kozhikode(700287),M.D. (PHYSICAL MED. and REHABILITATION),All India,1,1,1,0,0,0,0,0,0,0,3,All India Quota Seat Matrix - Round 1.pdf
2025,AIQ,1,50,All India except Central University,Government Medical College Kozhikode(700287),M.D. (PHYSIOLOGY),All India,1,0,0,0,1,0,1,0,0,0,3,All India Quota Seat Matrix - Round 1.pdf
2025,AIQ,1,50,All India except Central University,Government Medical College Kozhikode(700287),M.D. (PREVENTIVE and SOCIAL MEDICINE)/ COMMUNITY MEDICINE,All India,1,0,0,0,1,0,0,0,0,0,2,All India Quota Seat Matrix - Round 1.pdf
2025,AIQ,1,50,All India except Central University,Government Medical College Kozhikode(700287),M.D. (PSYCHIATRY),All India,0,0,0,0,0,0,1,0,1,0,2,All India Quota Seat Matrix - Round 1.pdf
2025,AIQ,1,50,All India except Central University,Government Medical College Kozhikode(700287),M.D. (RADIO-DIAGNOSIS),All India,2,0,1,0,1,1,1,0,0,0,6,All India Quota Seat Matrix - Round 1.pdf
2025,AIQ,1,50,All India except Central University,Government Medical College Kozhikode(700287),M.D. (Radiotherapy/ Radiation Oncology),All India,1,0,0,0,1,0,0,0,0,0,2,All India Quota Seat Matrix - Round 1.pdf
2025,AIQ,1,50,All India except Central University,Government Medical College Kozhikode(700287),M.D. (Tuberculosis and Respiratory diseases)/Pulmonary Medicine /M.D. (Respiratory Medicine),All India,3,0,0,0,1,0,0,0,0,0,4,All India Quota Seat Matrix - Round 1.pdf
2025,AIQ,1,50,All India except Central University,Government Medical College Kozhikode(700287),M.S. (E.N.T.),All India,1,0,0,0,0,1,1,0,0,0,3,All India Quota Seat Matrix - Round 1.pdf
2025,AIQ,1,50,All India except Central University,Government Medical College Kozhikode(700287),M.S. (GENERAL SURGERY),All India,2,1,2,0,2,0,1,0,1,0,9,All India Quota Seat Matrix - Round 1.pdf
2025,AIQ,1,50,All India except Central University,Government Medical College Kozhikode(700287),M.S. (OPHTHALMOLOGY),All India,1,0,0,0,2,0,1,0,0,0,4,All India Quota Seat Matrix - Round 1.pdf
2025,AIQ,1,50,All India except Central University,Government Medical College Kozhikode(700287),M.S. (ORTHOPAEDICS),All India,3,0,0,0,1,0,1,0,1,0,6,All India Quota Seat Matrix - Round 1.pdf
2025,AIQ,1,51,All India except Central University,Government Medical College Kozhikode(700287),MD/MS (Anatomy),All India,1,0,0,0,1,0,1,0,0,0,3,All India Quota Seat Matrix - Round 1.pdf
2025,AIQ,1,51,All India except Central University,Government medical college patiala.(700339),DIPLOMA IN ANAESTHESIOLOGY,All India,0,0,0,0,1,0,1,0,1,0,3,All India Quota Seat Matrix - Round 1.pdf
2025,AIQ,1,51,All India except Central University,Government medical college patiala.(700339),M.D. (ANAESTHESIOLOGY),All India,2,0,0,0,1,0,1,0,0,0,4,All India Quota Seat Matrix - Round 1.pdf
2025,AIQ,1,51,All India except Central University,Government medical college patiala.(700339),M.D. (BIOCHEMISTRY),All India,1,0,0,1,0,0,0,0,0,0,2,All India Quota Seat Matrix - Round 1.pdf
2025,AIQ,1,51,All India except Central University,Government medical college patiala.(700339),"M.D. (DERM.,VENE. and LEPROSY)/ (DERMATOLOGY)/(SKIN and VENEREAL DISEASES)/(VENEREOLOGY)",All India,1,0,0,0,1,0,0,0,0,0,2,All India Quota Seat Matrix - Round 1.pdf
2025,AIQ,1,51,All India except Central University,Government medical college patiala.(700339),M.D. (FORENSIC MEDICINE),All India,0,1,0,0,0,0,0,0,0,0,1,All India Quota Seat Matrix - Round 1.pdf
2025,AIQ,1,51,All India except Central University,Government medical college patiala.(700339),M.D. (GENERAL MEDICINE),All India,2,0,1,0,2,0,1,0,0,0,6,All India Quota Seat Matrix - Round 1.pdf
2025,AIQ,1,51,All India except Central University,Government medical college patiala.(700339),M.D. (Obst. and Gynae)/MS (Obstetrics and Gynaecology),All India,3,0,0,0,2,0,1,0,0,0,6,All India Quota Seat Matrix - Round 1.pdf
2025,AIQ,1,51,All India except Central University,Government medical college patiala.(700339),M.D. (PAEDIATRICS),All India,2,0,0,0,1,0,1,0,0,0,4,All India Quota Seat Matrix - Round 1.pdf
2025,AIQ,1,51,All India except Central University,Government medical college patiala.(700339),M.D. (PATHOLOGY),All India,2,0,1,0,0,1,1,0,1,0,6,All India Quota Seat Matrix - Round 1.pdf
2025,AIQ,1,51,All India except Central University,Government medical college patiala.(700339),M.D. (PHARMACOLOGY),All India,1,0,0,0,1,0,1,0,0,0,3,All India Quota Seat Matrix - Round 1.pdf
2025,AIQ,1,51,All India except Central University,Government medical college patiala.(700339),M.D. (PHYSIOLOGY),All India,1,0,1,0,1,0,0,0,0,0,3,All India Quota Seat Matrix - Round 1.pdf
2025,AIQ,1,51,All India except Central University,Government medical college patiala.(700339),M.D. (PREVENTIVE and SOCIAL MEDICINE)/ COMMUNITY MEDICINE,All India,1,0,0,0,0,0,0,0,0,0,1,All India Quota Seat Matrix - Round 1.pdf
2025,AIQ,1,51,All India except Central University,Government medical college patiala.(700339),M.D. (PSYCHIATRY),All India,0,0,0,0,1,0,0,0,0,0,1,All India Quota Seat Matrix - Round 1.pdf
2025,AIQ,1,51,All India except Central University,Government medical college patiala.(700339),M.D. (RADIO-DIAGNOSIS),All India,1,0,0,0,1,0,1,0,1,0,4,All India Quota Seat Matrix - Round 1.pdf
2025,AIQ,1,51,All India except Central University,Government medical college patiala.(700339),M.D. (Radiotherapy/ Radiation Oncology),All India,0,1,0,0,0,0,0,0,0,0,1,All India Quota Seat Matrix - Round 1.pdf
2025,AIQ,1,51,All India except Central University,Government medical college patiala.(700339),M.D. (Tuberculosis and Respiratory diseases)/Pulmonary Medicine /M.D. (Respiratory Medicine),All India,2,0,0,0,1,0,0,0,0,0,3,All India Quota Seat Matrix - Round 1.pdf
2025,AIQ,1,51,All India except Central University,Government medical college patiala.(700339),M.S. (E.N.T.),All India,3,0,0,0,1,0,0,0,0,0,4,All India Quota Seat Matrix - Round 1.pdf
2025,AIQ,1,51,All India except Central University,Government medical college patiala.(700339),M.S. (GENERAL SURGERY),All India,3,0,1,0,2,0,2,0,1,0,9,All India Quota Seat Matrix - Round 1.pdf
2025,AIQ,1,51,All India except Central University,Government medical college patiala.(700339),M.S. (OPHTHALMOLOGY),All India,1,0,0,0,1,0,0,0,1,0,3,All India Quota Seat Matrix - Round 1.pdf
2025,AIQ,1,52,All India except Central University,Government medical college patiala.(700339),M.S. (ORTHOPAEDICS),All India,2,0,1,0,1,0,0,0,0,0,4,All India Quota Seat Matrix - Round 1.pdf
2025,AIQ,1,52,All India except Central University,Government medical college patiala.(700339),MD/MS (Anatomy),All India,0,0,1,0,1,0,0,0,1,0,3,All India Quota Seat Matrix - Round 1.pdf
2025,AIQ,1,52,All India except Central University,GOVERNMENT MEDICAL COLLEGE SHAHDOL(902851),M.D. (FORENSIC MEDICINE),All India,0,0,0,0,1,0,0,0,0,0,1,All India Quota Seat Matrix - Round 1.pdf
2025,AIQ,1,52,All India except Central University,GOVERNMENT MEDICAL COLLEGE SHAHDOL(902851),M.D. (MICROBIOLOGY),All India,0,1,0,0,0,0,1,0,0,0,2,All India Quota Seat Matrix - Round 1.pdf
2025,AIQ,1,52,All India except Central University,Government Medical College Srinagar(701703),DIP. IN DERM. VENEREOLOGY and LEPROSY/DERMATOLOGY /VENEREOLOGY and DERMATOLOGY/LEPROSY/VENEREAL DISEASE and LEPROSY,All India,0,0,0,0,0,0,1,0,0,0,1,All India Quota Seat Matrix - Round 1.pdf
2025,AIQ,1,52,All India except Central University,Government Medical College Srinagar(701703),M.D. (ANAESTHESIOLOGY),All India,7,1,2,0,5,0,2,0,1,0,18,All India Quota Seat Matrix - Round 1.pdf
2025,AIQ,1,52,All India except Central University,Government Medical College Srinagar(701703),"M.D. (DERM.,VENE. and LEPROSY)/ (DERMATOLOGY)/(SKIN and VENEREAL DISEASES)/(VENEREOLOGY)",All India,0,0,1,0,1,0,0,0,1,0,3,All India Quota Seat Matrix - Round 1.pdf
2025,AIQ,1,52,All India except Central University,Government Medical College Srinagar(701703),M.D. (GENERAL MEDICINE),All India,5,0,0,1,2,1,1,1,1,0,12,All India Quota Seat Matrix - Round 1.pdf
2025,AIQ,1,52,All India except Central University,Government Medical College Srinagar(701703),M.D. (MICROBIOLOGY),All India,2,1,1,0,2,0,1,0,0,0,7,All India Quota Seat Matrix - Round 1.pdf
2025,AIQ,1,52,All India except Central University,Government Medical College Srinagar(701703),M.D. (Obst. and Gynae)/MS (Obstetrics and Gynaecology),All India,7,0,1,0,4,0,2,0,1,0,15,All India Quota Seat Matrix - Round 1.pdf
2025,AIQ,1,52,All India except Central University,Government Medical College Srinagar(701703),M.D. (PAEDIATRICS),All India,4,0,0,0,3,0,1,0,1,0,9,All India Quota Seat Matrix - Round 1.pdf
2025,AIQ,1,52,All India except Central University,Government Medical College Srinagar(701703),M.D. (PATHOLOGY),All India,1,0,1,0,1,0,1,0,0,0,4,All India Quota Seat Matrix - Round 1.pdf
2025,AIQ,1,52,All India except Central University,Government Medical College Srinagar(701703),M.D. (PHARMACOLOGY),All India,1,1,0,0,1,0,0,0,0,0,3,All India Quota Seat Matrix - Round 1.pdf
2025,AIQ,1,52,All India except Central University,Government Medical College Srinagar(701703),M.D. (PHYSIOLOGY),All India,0,0,1,0,1,0,1,0,1,0,4,All India Quota Seat Matrix - Round 1.pdf
2025,AIQ,1,52,All India except Central University,Government Medical College Srinagar(701703),M.D. (PREVENTIVE and SOCIAL MEDICINE)/ COMMUNITY MEDICINE,All India,2,0,0,0,1,0,1,0,0,0,4,All India Quota Seat Matrix - Round 1.pdf
2025,AIQ,1,52,All India except Central University,Government Medical College Srinagar(701703),M.D. (PSYCHIATRY),All India,3,0,0,0,0,1,1,0,1,0,6,All India Quota Seat Matrix - Round 1.pdf
2025,AIQ,1,52,All India except Central University,Government Medical College Srinagar(701703),M.D. (RADIO-DIAGNOSIS),All India,3,0,1,0,3,0,1,0,0,0,8,All India Quota Seat Matrix - Round 1.pdf
2025,AIQ,1,52,All India except Central University,Government Medical College Srinagar(701703),M.D. (Radiotherapy/ Radiation Oncology),All India,0,0,1,0,0,0,0,0,0,0,1,All India Quota Seat Matrix - Round 1.pdf
2025,AIQ,1,52,All India except Central University,Government Medical College Srinagar(701703),M.D. (Tuberculosis and Respiratory diseases)/Pulmonary Medicine /M.D. (Respiratory Medicine),All India,2,0,0,0,0,0,0,0,0,0,2,All India Quota Seat Matrix - Round 1.pdf
2025,AIQ,1,53,All India except Central University,Government Medical College Srinagar(701703),M.S. (E.N.T.),All India,2,0,0,0,1,0,0,0,0,0,3,All India Quota Seat Matrix - Round 1.pdf
2025,AIQ,1,53,All India except Central University,Government Medical College Srinagar(701703),M.S. (GENERAL SURGERY),All India,4,0,1,0,2,0,2,0,1,0,10,All India Quota Seat Matrix - Round 1.pdf
2025,AIQ,1,53,All India except Central University,Government Medical College Srinagar(701703),M.S. (OPHTHALMOLOGY),All India,1,0,1,0,2,0,1,0,1,0,6,All India Quota Seat Matrix - Round 1.pdf
2025,AIQ,1,53,All India except Central University,Government Medical College Srinagar(701703),M.S. (ORTHOPAEDICS),All India,4,0,1,0,2,0,1,0,0,0,8,All India Quota Seat Matrix - Round 1.pdf
2025,AIQ,1,53,All India except Central University,Government Medical College Srinagar(701703),MD/MS (Anatomy),All India,2,0,1,0,2,0,1,0,0,0,6,All India Quota Seat Matrix - Round 1.pdf
2025,AIQ,1,53,All India except Central University,Government Medical College Suryapet Telangana(701716),M.D. (BIOCHEMISTRY),All India,1,0,0,0,0,0,0,0,0,0,1,All India Quota Seat Matrix - Round 1.pdf
2025,AIQ,1,53,All India except Central University,Government Medical College Suryapet Telangana(701716),M.D. (MICROBIOLOGY),All India,0,0,0,0,1,0,0,0,0,0,1,All India Quota Seat Matrix - Round 1.pdf
2025,AIQ,1,53,All India except Central University,Government Medical College Suryapet Telangana(701716),M.D. (Obst. and Gynae)/MS (Obstetrics and Gynaecology),All India,2,0,0,0,0,0,0,0,0,0,2,All India Quota Seat Matrix - Round 1.pdf
2025,AIQ,1,53,All India except Central University,Government Medical College Suryapet Telangana(701716),M.D. (PHARMACOLOGY),All India,0,0,0,0,0,0,1,0,0,0,1,All India Quota Seat Matrix - Round 1.pdf
2025,AIQ,1,53,All India except Central University,Government Medical College Suryapet Telangana(701716),M.D. (PHYSIOLOGY),All India,0,0,0,0,1,0,0,0,0,0,1,All India Quota Seat Matrix - Round 1.pdf
2025,AIQ,1,53,All India except Central University,Government Medical College Suryapet Telangana(701716),M.S. (E.N.T.),All India,1,0,0,0,0,0,0,0,0,0,1,All India Quota Seat Matrix - Round 1.pdf
2025,AIQ,1,53,All India except Central University,Government Medical College Suryapet Telangana(701716),MD/MS (Anatomy),All India,1,0,0,0,0,0,0,0,0,0,1,All India Quota Seat Matrix - Round 1.pdf
2025,AIQ,1,53,All India except Central University,"Government Medical College, Aurangabad(700304)",M.D. (ANAESTHESIOLOGY),All India,5,0,1,0,3,0,2,0,1,0,12,All India Quota Seat Matrix - Round 1.pdf
2025,AIQ,1,53,All India except Central University,"Government Medical College, Aurangabad(700304)",M.D. (BIOCHEMISTRY),All India,0,0,0,0,1,0,0,0,0,0,1,All India Quota Seat Matrix - Round 1.pdf
2025,AIQ,1,53,All India except Central University,"Government Medical College, Aurangabad(700304)","M.D. (DERM.,VENE. and LEPROSY)/ (DERMATOLOGY)/(SKIN and VENEREAL DISEASES)/(VENEREOLOGY)",All India,1,0,1,0,0,0,0,0,0,0,2,All India Quota Seat Matrix - Round 1.pdf
2025,AIQ,1,53,All India except Central University,"Government Medical College, Aurangabad(700304)",M.D. (FORENSIC MEDICINE),All India,0,0,0,0,0,0,1,0,0,0,1,All India Quota Seat Matrix - Round 1.pdf
2025,AIQ,1,53,All India except Central University,"Government Medical College, Aurangabad(700304)",M.D. (GENERAL MEDICINE),All India,4,0,1,0,3,0,1,0,1,0,10,All India Quota Seat Matrix - Round 1.pdf
2025,AIQ,1,53,All India except Central University,"Government Medical College, Aurangabad(700304)",M.D. (MICROBIOLOGY),All India,1,1,1,0,2,0,1,0,0,0,6,All India Quota Seat Matrix - Round 1.pdf
2025,AIQ,1,53,All India except Central University,"Government Medical College, Aurangabad(700304)",M.D. (Obst. and Gynae)/MS (Obstetrics and Gynaecology),All India,4,0,1,0,3,0,1,0,1,0,10,All India Quota Seat Matrix - Round 1.pdf
2025,AIQ,1,53,All India except Central University,"Government Medical College, Aurangabad(700304)",M.D. (PAEDIATRICS),All India,3,0,0,0,1,0,1,0,0,0,5,All India Quota Seat Matrix - Round 1.pdf
2025,AIQ,1,54,All India except Central University,"Government Medical College, Aurangabad(700304)",M.D. (PATHOLOGY),All India,3,0,1,0,1,1,1,0,0,0,7,All India Quota Seat Matrix - Round 1.pdf
2025,AIQ,1,54,All India except Central University,"Government Medical College, Aurangabad(700304)",M.D. (PHARMACOLOGY),All India,0,0,0,0,0,0,0,0,1,0,1,All India Quota Seat Matrix - Round 1.pdf
2025,AIQ,1,54,All India except Central University,"Government Medical College, Aurangabad(700304)",M.D. (PHYSIOLOGY),All India,1,0,0,0,1,0,0,0,0,0,2,All India Quota Seat Matrix - Round 1.pdf
2025,AIQ,1,54,All India except Central University,"Government Medical College, Aurangabad(700304)",M.D. (PREVENTIVE and SOCIAL MEDICINE)/ COMMUNITY MEDICINE,All India,2,0,1,0,2,0,1,0,0,0,6,All India Quota Seat Matrix - Round 1.pdf
2025,AIQ,1,54,All India except Central University,"Government Medical College, Aurangabad(700304)",M.D. (PSYCHIATRY),All India,1,0,0,0,0,0,0,0,0,0,1,All India Quota Seat Matrix - Round 1.pdf
2025,AIQ,1,54,All India except Central University,"Government Medical College, Aurangabad(700304)",M.D. (RADIO-DIAGNOSIS),All India,1,1,1,0,2,0,1,0,1,0,7,All India Quota Seat Matrix - Round 1.pdf
2025,AIQ,1,54,All India except Central University,"Government Medical College, Aurangabad(700304)",M.D. (Radiotherapy/ Radiation Oncology),All India,1,0,0,0,0,0,0,0,0,0,1,All India Quota Seat Matrix - Round 1.pdf
2025,AIQ,1,54,All India except Central University,"Government Medical College, Aurangabad(700304)",M.D. (Tuberculosis and Respiratory diseases)/Pulmonary Medicine /M.D. (Respiratory Medicine),All India,1,0,0,0,1,0,1,0,0,0,3,All India Quota Seat Matrix - Round 1.pdf
2025,AIQ,1,54,All India except Central University,"Government Medical College, Aurangabad(700304)",M.D. GERIATRICS,All India,2,0,0,0,1,0,0,0,0,0,3,All India Quota Seat Matrix - Round 1.pdf
2025,AIQ,1,54,All India except Central University,"Government Medical College, Aurangabad(700304)",M.S. (E.N.T.),All India,1,0,0,0,1,0,0,0,0,0,2,All India Quota Seat Matrix - Round 1.pdf
2025,AIQ,1,54,All India except Central University,"Government Medical College, Aurangabad(700304)",M.S. (GENERAL SURGERY),All India,4,0,1,0,2,0,2,0,1,0,10,All India Quota Seat Matrix - Round 1.pdf
2025,AIQ,1,54,All India except Central University,"Government Medical College, Aurangabad(700304)",M.S. (OPHTHALMOLOGY),All India,1,0,0,1,1,0,1,0,0,0,4,All India Quota Seat Matrix - Round 1.pdf
2025,AIQ,1,54,All India except Central University,"Government Medical College, Aurangabad(700304)",M.S. (ORTHOPAEDICS),All India,2,0,0,0,1,0,1,0,1,0,5,All India Quota Seat Matrix - Round 1.pdf
2025,AIQ,1,54,All India except Central University,"Government Medical College, Aurangabad(700304)",MD/MS (Anatomy),All India,0,0,0,0,0,0,0,0,0,1,1,All India Quota Seat Matrix - Round 1.pdf
2025,AIQ,1,54,All India except Central University,"GOVERNMENT MEDICAL COLLEGE, AZAMGARH(701510)",M.D. (ANAESTHESIOLOGY),All India,1,0,0,0,0,0,1,0,0,0,2,All India Quota Seat Matrix - Round 1.pdf
2025,AIQ,1,54,All India except Central University,"GOVERNMENT MEDICAL COLLEGE, AZAMGARH(701510)",M.D. (PHARMACOLOGY),All India,1,0,0,0,1,0,0,0,0,0,2,All India Quota Seat Matrix - Round 1.pdf
2025,AIQ,1,54,All India except Central University,"GOVERNMENT MEDICAL COLLEGE, AZAMGARH(701510)",M.D. (PREVENTIVE and SOCIAL MEDICINE)/ COMMUNITY MEDICINE,All India,1,0,0,0,1,0,1,0,1,0,4,All India Quota Seat Matrix - Round 1.pdf
2025,AIQ,1,54,All India except Central University,"GOVERNMENT MEDICAL COLLEGE, AZAMGARH(701510)",M.S. (E.N.T.),All India,0,0,1,0,1,0,0,0,0,0,2,All India Quota Seat Matrix - Round 1.pdf
2025,AIQ,1,54,All India except Central University,"GOVERNMENT MEDICAL COLLEGE, AZAMGARH(701510)",MD/MS (Anatomy),All India,1,0,0,0,1,0,0,0,0,0,2,All India Quota Seat Matrix - Round 1.pdf
2025,AIQ,1,54,All India except Central University,"Government Medical College, Baramati(901804)",M.D. (ANAESTHESIOLOGY),All India,2,0,0,0,1,0,0,0,0,0,3,All India Quota Seat Matrix - Round 1.pdf
2025,AIQ,1,55,All India except Central University,"Government Medical College, Baramati(901804)",M.D. (PHYSIOLOGY),All India,1,0,0,0,0,0,1,0,0,0,2,All India Quota Seat Matrix - Round 1.pdf
2025,AIQ,1,55,All India except Central University,"Government Medical College, Baramati(901804)",M.D. (PREVENTIVE and SOCIAL MEDICINE)/ COMMUNITY MEDICINE,All India,0,0,1,0,1,0,0,0,1,0,3,All India Quota Seat Matrix - Round 1.pdf
2025,AIQ,1,55,All India except Central University,"Government Medical College, Cuddalore District(700544)",DIP.IN GYNAE. and OBST.,All India,1,0,0,0,0,0,0,0,0,0,1,All India Quota Seat Matrix - Round 1.pdf
2025,AIQ,1,55,All India except Central University,"Government Medical College, Cuddalore District(700544)",DIPLOMA IN ANAESTHESIOLOGY,All India,1,0,1,0,1,0,0,0,0,0,3,All India Quota Seat Matrix - Round 1.pdf
2025,AIQ,1,55,All India except Central University,"Government Medical College, Cuddalore District(700544)",DIPLOMA IN CHILD HEALTH/ PAEDIATRICS,All India,1,0,0,0,0,0,0,0,0,0,1,All India Quota Seat Matrix - Round 1.pdf
2025,AIQ,1,55,All India except Central University,"Government Medical College, Cuddalore District(700544)",DIPLOMA IN ORTHOPAEDICS,All India,0,0,0,0,0,0,1,0,0,0,1,All India Quota Seat Matrix - Round 1.pdf
2025,AIQ,1,55,All India except Central University,"Government Medical College, Cuddalore District(700544)",M.D. (ANAESTHESIOLOGY),All India,2,0,1,0,0,0,0,0,0,0,3,All India Quota Seat Matrix - Round 1.pdf
2025,AIQ,1,55,All India except Central University,"Government Medical College, Cuddalore District(700544)",M.D. (BIOCHEMISTRY),All India,0,0,0,0,1,0,1,0,0,0,2,All India Quota Seat Matrix - Round 1.pdf
2025,AIQ,1,55,All India except Central University,"Government Medical College, Cuddalore District(700544)","M.D. (DERM.,VENE. and LEPROSY)/ (DERMATOLOGY)/(SKIN and VENEREAL DISEASES)/(VENEREOLOGY)",All India,0,0,0,0,1,0,0,0,1,0,2,All India Quota Seat Matrix - Round 1.pdf
2025,AIQ,1,55,All India except Central University,"Government Medical College, Cuddalore District(700544)",M.D. (Emergency and Critical Care)/M.D. (Emergency Medicine),All India,1,0,0,0,0,0,0,0,0,0,1,All India Quota Seat Matrix - Round 1.pdf
2025,AIQ,1,55,All India except Central University,"Government Medical College, Cuddalore District(700544)",M.D. (GENERAL MEDICINE),All India,2,1,1,0,1,1,1,0,0,0,7,All India Quota Seat Matrix - Round 1.pdf
2025,AIQ,1,55,All India except Central University,"Government Medical College, Cuddalore District(700544)",M.D. (MICROBIOLOGY),All India,0,0,0,1,0,0,0,0,0,0,1,All India Quota Seat Matrix - Round 1.pdf
2025,AIQ,1,55,All India except Central University,"Government Medical College, Cuddalore District(700544)",M.D. (Obst. and Gynae)/MS (Obstetrics and Gynaecology),All India,2,0,0,0,2,0,0,1,1,0,6,All India Quota Seat Matrix - Round 1.pdf
2025,AIQ,1,55,All India except Central University,"Government Medical College, Cuddalore District(700544)",M.D. (PAEDIATRICS),All India,3,0,1,0,1,0,0,0,0,0,5,All India Quota Seat Matrix - Round 1.pdf
2025,AIQ,1,55,All India except Central University,"Government Medical College, Cuddalore District(700544)",M.D. (PATHOLOGY),All India,0,0,0,0,0,0,1,0,0,0,1,All India Quota Seat Matrix - Round 1.pdf
2025,AIQ,1,55,All India except Central University,"Government Medical College, Cuddalore District(700544)",M.D. (PHARMACOLOGY),All India,0,0,0,0,1,0,0,0,1,0,2,All India Quota Seat Matrix - Round 1.pdf
2025,AIQ,1,55,All India except Central University,"Government Medical College, Cuddalore District(700544)",M.D. (PHYSIOLOGY),All India,1,0,0,0,0,0,0,0,0,0,1,All India Quota Seat Matrix - Round 1.pdf
2025,AIQ,1,55,All India except Central University,"Government Medical College, Cuddalore District(700544)",M.D. (PREVENTIVE and SOCIAL MEDICINE)/ COMMUNITY MEDICINE,All India,1,0,0,0,1,0,1,0,0,0,3,All India Quota Seat Matrix - Round 1.pdf
2025,AIQ,1,55,All India except Central University,"Government Medical College, Cuddalore District(700544)",M.D. (PSYCHIATRY),All India,0,0,1,0,0,0,0,0,0,0,1,All India Quota Seat Matrix - Round 1.pdf
2025,AIQ,1,55,All India except Central University,"Government Medical College, Cuddalore District(700544)",M.S. (E.N.T.),All India,1,0,0,0,1,0,0,0,0,0,2,All India Quota Seat Matrix - Round 1.pdf
2025,AIQ,1,56,All India except Central University,"Government Medical College, Cuddalore District(700544)",M.S. (GENERAL SURGERY),All India,3,0,1,0,2,0,2,0,1,0,9,All India Quota Seat Matrix - Round 1.pdf
2025,AIQ,1,56,All India except Central University,"Government Medical College, Cuddalore District(700544)",M.S. (OPHTHALMOLOGY),All India,1,0,0,0,1,0,0,0,0,0,2,All India Quota Seat Matrix - Round 1.pdf
2025,AIQ,1,56,All India except Central University,"Government Medical College, Cuddalore District(700544)",M.S. (ORTHOPAEDICS),All India,2,0,0,0,1,0,1,0,0,0,4,All India Quota Seat Matrix - Round 1.pdf
2025,AIQ,1,56,All India except Central University,"Government Medical College, Cuddalore District(700544)",MD/MS (Anatomy),All India,0,0,0,0,1,0,0,0,0,0,1,All India Quota Seat Matrix - Round 1.pdf
2025,AIQ,1,56,All India except Central University,"Government Medical College, Datia(701709)",M.D. (ANAESTHESIOLOGY),All India,0,0,1,0,0,1,0,0,0,0,2,All India Quota Seat Matrix - Round 1.pdf
2025,AIQ,1,56,All India except Central University,"Government Medical College, Datia(701709)",M.D. (BIOCHEMISTRY),All India,1,0,0,0,0,0,0,0,0,0,1,All India Quota Seat Matrix - Round 1.pdf
2025,AIQ,1,56,All India except Central University,"Government Medical College, Datia(701709)",M.D. (GENERAL MEDICINE),All India,1,0,0,0,1,0,0,0,0,0,2,All India Quota Seat Matrix - Round 1.pdf
2025,AIQ,1,56,All India except Central University,"Government Medical College, Datia(701709)",M.D. (MICROBIOLOGY),All India,0,0,1,0,1,0,0,0,0,0,2,All India Quota Seat Matrix - Round 1.pdf
2025,AIQ,1,56,All India except Central University,"Government Medical College, Datia(701709)",M.D. (Obst. and Gynae)/MS (Obstetrics and Gynaecology),All India,1,0,0,0,0,0,0,0,0,0,1,All India Quota Seat Matrix - Round 1.pdf
2025,AIQ,1,56,All India except Central University,"Government Medical College, Datia(701709)",M.D. (PAEDIATRICS),All India,2,0,0,0,1,0,0,0,0,0,3,All India Quota Seat Matrix - Round 1.pdf
2025,AIQ,1,56,All India except Central University,"Government Medical College, Datia(701709)",M.D. (PATHOLOGY),All India,2,0,0,0,0,0,0,0,0,0,2,All India Quota Seat Matrix - Round 1.pdf
2025,AIQ,1,56,All India except Central University,"Government Medical College, Datia(701709)",M.D. (PHARMACOLOGY),All India,0,0,0,0,1,0,0,0,0,0,1,All India Quota Seat Matrix - Round 1.pdf
2025,AIQ,1,56,All India except Central University,"Government Medical College, Datia(701709)",M.D. (PHYSIOLOGY),All India,0,0,0,0,0,0,1,0,1,0,2,All India Quota Seat Matrix - Round 1.pdf
2025,AIQ,1,56,All India except Central University,"Government Medical College, Datia(701709)",M.D. (PREVENTIVE and SOCIAL MEDICINE)/ COMMUNITY MEDICINE,All India,0,0,0,0,1,0,0,0,0,0,1,All India Quota Seat Matrix - Round 1.pdf
2025,AIQ,1,56,All India except Central University,"Government Medical College, Datia(701709)",M.S. (GENERAL SURGERY),All India,1,0,0,0,0,0,1,0,1,0,3,All India Quota Seat Matrix - Round 1.pdf
2025,AIQ,1,56,All India except Central University,"Government Medical College, Datia(701709)",M.S. (OPHTHALMOLOGY),All India,1,0,0,0,1,0,0,0,0,0,2,All India Quota Seat Matrix - Round 1.pdf
2025,AIQ,1,56,All India except Central University,"Government Medical College, Datia(701709)",M.S. (ORTHOPAEDICS),All India,0,0,0,0,0,0,1,0,0,0,1,All India Quota Seat Matrix - Round 1.pdf
2025,AIQ,1,56,All India except Central University,"Government Medical College, Dungarpur(901860)",M.D. (PHARMACOLOGY),All India,0,0,0,0,1,0,0,0,0,0,1,All India Quota Seat Matrix - Round 1.pdf
2025,AIQ,1,56,All India except Central University,"Government Medical College, Dungarpur(901860)",M.D. (PREVENTIVE and SOCIAL MEDICINE)/ COMMUNITY MEDICINE,All India,1,0,0,0,0,0,0,0,0,0,1,All India Quota Seat Matrix - Round 1.pdf
2025,AIQ,1,56,All India except Central University,"Government Medical College, Gondia(701705)",M.D. (ANAESTHESIOLOGY),All India,1,0,0,0,0,0,1,0,0,0,2,All India Quota Seat Matrix - Round 1.pdf
2025,AIQ,1,56,All India except Central University,"Government Medical College, Gondia(701705)",M.D. (BIOCHEMISTRY),All India,0,0,1,0,1,0,0,0,0,0,2,All India Quota Seat Matrix - Round 1.pdf
2025,AIQ,1,57,All India except Central University,"Government Medical College, Gondia(701705)",M.D. (FORENSIC MEDICINE),All India,1,0,0,0,0,0,0,0,0,0,1,All India Quota Seat Matrix - Round 1.pdf
2025,AIQ,1,57,All India except Central University,"Government Medical College, Gondia(701705)",M.D. (MICROBIOLOGY),All India,0,0,0,0,0,0,0,0,1,0,1,All India Quota Seat Matrix - Round 1.pdf
2025,AIQ,1,57,All India except Central University,"Government Medical College, Gondia(701705)",M.D. (Obst. and Gynae)/MS (Obstetrics and Gynaecology),All India,2,0,0,0,1,0,0,0,0,0,3,All India Quota Seat Matrix - Round 1.pdf
2025,AIQ,1,57,All India except Central University,"Government Medical College, Gondia(701705)",M.D. (PAEDIATRICS),All India,1,0,0,0,0,0,0,0,0,0,1,All India Quota Seat Matrix - Round 1.pdf
2025,AIQ,1,57,All India except Central University,"Government Medical College, Gondia(701705)",M.D. (PATHOLOGY),All India,0,0,0,0,1,0,0,0,0,0,1,All India Quota Seat Matrix - Round 1.pdf
2025,AIQ,1,57,All India except Central University,"Government Medical College, Gondia(701705)",M.D. (PHARMACOLOGY),All India,0,0,1,0,1,0,1,0,0,0,3,All India Quota Seat Matrix - Round 1.pdf
2025,AIQ,1,57,All India except Central University,"Government Medical College, Gondia(701705)",M.D. (PHYSIOLOGY),All India,2,0,0,0,0,0,0,0,0,0,2,All India Quota Seat Matrix - Round 1.pdf
2025,AIQ,1,57,All India except Central University,"Government Medical College, Gondia(701705)",M.D. (PREVENTIVE and SOCIAL MEDICINE)/ COMMUNITY MEDICINE,All India,1,0,0,0,1,0,0,1,1,0,4,All India Quota Seat Matrix - Round 1.pdf
2025,AIQ,1,57,All India except Central University,"Government Medical College, Gondia(701705)",M.S. (E.N.T.),All India,1,0,0,0,1,0,0,0,0,0,2,All India Quota Seat Matrix - Round 1.pdf
2025,AIQ,1,57,All India except Central University,"Government Medical College, Gondia(701705)",M.S. (GENERAL SURGERY),All India,0,0,0,0,0,0,1,0,0,0,1,All India Quota Seat Matrix - Round 1.pdf
2025,AIQ,1,57,All India except Central University,"Government Medical College, Gondia(701705)",MD/MS (Anatomy),All India,2,0,0,0,1,0,0,0,0,0,3,All India Quota Seat Matrix - Round 1.pdf
2025,AIQ,1,57,All India except Central University,"Government Medical College, Jalgaon(701704)",M.D. (ANAESTHESIOLOGY),All India,1,0,1,0,1,0,0,0,0,0,3,All India Quota Seat Matrix - Round 1.pdf
2025,AIQ,1,57,All India except Central University,"Government Medical College, Jalgaon(701704)",M.D. (FORENSIC MEDICINE),All India,1,0,0,0,1,0,0,0,0,0,2,All India Quota Seat Matrix - Round 1.pdf
2025,AIQ,1,57,All India except Central University,"Government Medical College, Jalgaon(701704)",M.D. (GENERAL MEDICINE),All India,1,1,0,0,1,0,0,0,0,0,3,All India Quota Seat Matrix - Round 1.pdf
2025,AIQ,1,57,All India except Central University,"Government Medical College, Jalgaon(701704)",M.D. (MICROBIOLOGY),All India,2,0,0,0,0,0,0,0,0,0,2,All India Quota Seat Matrix - Round 1.pdf
2025,AIQ,1,57,All India except Central University,"Government Medical College, Jalgaon(701704)",M.D. (Obst. and Gynae)/MS (Obstetrics and Gynaecology),All India,1,0,0,0,1,0,1,0,0,0,3,All India Quota Seat Matrix - Round 1.pdf
2025,AIQ,1,57,All India except Central University,"Government Medical College, Jalgaon(701704)",M.D. (PAEDIATRICS),All India,0,0,0,0,1,0,1,0,0,0,2,All India Quota Seat Matrix - Round 1.pdf
2025,AIQ,1,57,All India except Central University,"Government Medical College, Jalgaon(701704)",M.D. (PATHOLOGY),All India,0,0,0,0,0,0,0,0,1,0,1,All India Quota Seat Matrix - Round 1.pdf
2025,AIQ,1,57,All India except Central University,"Government Medical College, Jalgaon(701704)",M.D. (PHARMACOLOGY),All India,1,0,1,0,1,0,0,0,0,0,3,All India Quota Seat Matrix - Round 1.pdf
2025,AIQ,1,57,All India except Central University,"Government Medical College, Jalgaon(701704)",M.D. (PREVENTIVE and SOCIAL MEDICINE)/ COMMUNITY MEDICINE,All India,0,0,0,0,1,0,1,0,0,0,2,All India Quota Seat Matrix - Round 1.pdf
2025,AIQ,1,57,All India except Central University,"Government Medical College, Jalgaon(701704)",M.D. (RADIO-DIAGNOSIS),All India,1,0,0,0,0,0,0,0,0,0,1,All India Quota Seat Matrix - Round 1.pdf
2025,AIQ,1,58,All India except Central University,"Government Medical College, Jalgaon(701704)",M.S. (E.N.T.),All India,1,0,0,0,0,0,1,0,0,0,2,All India Quota Seat Matrix - Round 1.pdf
2025,AIQ,1,58,All India except Central University,"Government Medical College, Jalgaon(701704)",M.S. (GENERAL SURGERY),All India,0,0,1,0,0,1,1,0,1,0,4,All India Quota Seat Matrix - Round 1.pdf
2025,AIQ,1,58,All India except Central University,"Government Medical College, Jalgaon(701704)",M.S. (OPHTHALMOLOGY),All India,0,0,1,0,1,0,0,0,0,0,2,All India Quota Seat Matrix - Round 1.pdf
2025,AIQ,1,58,All India except Central University,"Government Medical College, Jalgaon(701704)",M.S. (ORTHOPAEDICS),All India,2,0,0,0,0,0,0,0,0,0,2,All India Quota Seat Matrix - Round 1.pdf
2025,AIQ,1,58,All India except Central University,"Government Medical College, Kollam(701699)",M.D. (FORENSIC MEDICINE),All India,0,0,0,0,0,0,1,0,0,0,1,All India Quota Seat Matrix - Round 1.pdf
2025,AIQ,1,58,All India except Central University,"Government Medical College, Kollam(701699)",M.D. (MICROBIOLOGY),All India,0,0,0,0,0,0,0,0,1,0,1,All India Quota Seat Matrix - Round 1.pdf
2025,AIQ,1,58,All India except Central University,"Government Medical College, Kollam(701699)",M.D. (PATHOLOGY),All India,0,0,0,0,1,0,0,0,0,0,1,All India Quota Seat Matrix - Round 1.pdf
2025,AIQ,1,58,All India except Central University,"Government Medical College, Kollam(701699)",M.D. (PREVENTIVE and SOCIAL MEDICINE)/ COMMUNITY MEDICINE,All India,0,0,1,0,0,0,0,0,0,0,1,All India Quota Seat Matrix - Round 1.pdf
2025,AIQ,1,58,All India except Central University,"Government Medical College, Latur(700322)",M.D. (ANAESTHESIOLOGY),All India,3,0,0,0,1,0,0,0,0,0,4,All India Quota Seat Matrix - Round 1.pdf
2025,AIQ,1,58,All India except Central University,"Government Medical College, Latur(700322)","M.D. (DERM.,VENE. and LEPROSY)/ (DERMATOLOGY)/(SKIN and VENEREAL DISEASES)/(VENEREOLOGY)",All India,0,0,0,0,0,0,1,0,0,0,1,All India Quota Seat Matrix - Round 1.pdf
2025,AIQ,1,58,All India except Central University,"Government Medical College, Latur(700322)",M.D. (FORENSIC MEDICINE),All India,0,0,0,0,0,0,0,0,1,0,1,All India Quota Seat Matrix - Round 1.pdf
2025,AIQ,1,58,All India except Central University,"Government Medical College, Latur(700322)",M.D. (GENERAL MEDICINE),All India,2,0,1,0,1,0,0,0,0,0,4,All India Quota Seat Matrix - Round 1.pdf
2025,AIQ,1,58,All India except Central University,"Government Medical College, Latur(700322)",M.D. (MICROBIOLOGY),All India,0,0,0,0,1,0,0,0,0,0,1,All India Quota Seat Matrix - Round 1.pdf
2025,AIQ,1,58,All India except Central University,"Government Medical College, Latur(700322)",M.D. (Obst. and Gynae)/MS (Obstetrics and Gynaecology),All India,0,0,1,0,0,0,1,0,1,0,3,All India Quota Seat Matrix - Round 1.pdf
2025,AIQ,1,58,All India except Central University,"Government Medical College, Latur(700322)",M.D. (PAEDIATRICS),All India,0,0,0,0,1,0,1,0,0,0,2,All India Quota Seat Matrix - Round 1.pdf
2025,AIQ,1,58,All India except Central University,"Government Medical College, Latur(700322)",M.D. (PATHOLOGY),All India,1,1,0,0,0,0,0,0,0,0,2,All India Quota Seat Matrix - Round 1.pdf
2025,AIQ,1,58,All India except Central University,"Government Medical College, Latur(700322)",M.D. (PHARMACOLOGY),All India,0,0,0,0,1,0,0,0,0,0,1,All India Quota Seat Matrix - Round 1.pdf
2025,AIQ,1,58,All India except Central University,"Government Medical College, Latur(700322)",M.D. (PHYSIOLOGY),All India,0,0,1,0,0,0,0,0,0,0,1,All India Quota Seat Matrix - Round 1.pdf
2025,AIQ,1,58,All India except Central University,"Government Medical College, Latur(700322)",M.D. (PREVENTIVE and SOCIAL MEDICINE)/ COMMUNITY MEDICINE,All India,2,0,0,0,0,0,0,0,0,0,2,All India Quota Seat Matrix - Round 1.pdf
2025,AIQ,1,58,All India except Central University,"Government Medical College, Latur(700322)",M.D. (RADIO-DIAGNOSIS),All India,0,0,0,0,1,0,1,0,1,0,3,All India Quota Seat Matrix - Round 1.pdf
2025,AIQ,1,59,All India except Central University,"Government Medical College, Latur(700322)",M.S. (E.N.T.),All India,0,0,0,0,1,0,0,0,0,0,1,All India Quota Seat Matrix - Round 1.pdf
2025,AIQ,1,59,All India except Central University,"Government Medical College, Latur(700322)",M.S. (GENERAL SURGERY),All India,3,0,0,0,1,0,1,0,0,0,5,All India Quota Seat Matrix - Round 1.pdf
2025,AIQ,1,59,All India except Central University,"Government Medical College, Latur(700322)",M.S. (OPHTHALMOLOGY),All India,1,0,0,0,1,0,0,0,0,0,2,All India Quota Seat Matrix - Round 1.pdf
2025,AIQ,1,59,All India except Central University,"Government Medical College, Latur(700322)",M.S. (ORTHOPAEDICS),All India,1,0,0,0,0,0,0,0,0,0,1,All India Quota Seat Matrix - Round 1.pdf
2025,AIQ,1,59,All India except Central University,"Government Medical College, Latur(700322)",MD/MS (Anatomy),All India,1,0,0,0,0,0,0,0,0,0,1,All India Quota Seat Matrix - Round 1.pdf
2025,AIQ,1,59,All India except Central University,"Government Medical College, Miraj(700309)",M.D. (ANAESTHESIOLOGY),All India,1,0,1,0,1,0,1,0,0,0,4,All India Quota Seat Matrix - Round 1.pdf
2025,AIQ,1,59,All India except Central University,"Government Medical College, Miraj(700309)",M.D. (BIOCHEMISTRY),All India,1,0,0,0,0,0,0,0,0,0,1,All India Quota Seat Matrix - Round 1.pdf
2025,AIQ,1,59,All India except Central University,"Government Medical College, Miraj(700309)","M.D. (DERM.,VENE. and LEPROSY)/ (DERMATOLOGY)/(SKIN and VENEREAL DISEASES)/(VENEREOLOGY)",All India,1,0,0,0,0,0,0,0,0,0,1,All India Quota Seat Matrix - Round 1.pdf
2025,AIQ,1,59,All India except Central University,"Government Medical College, Miraj(700309)",M.D. (Emergency and Critical Care)/M.D. (Emergency Medicine),All India,0,0,0,0,1,0,0,0,0,0,1,All India Quota Seat Matrix - Round 1.pdf
2025,AIQ,1,59,All India except Central University,"Government Medical College, Miraj(700309)",M.D. (FORENSIC MEDICINE),All India,0,0,0,0,0,0,1,0,0,0,1,All India Quota Seat Matrix - Round 1.pdf
2025,AIQ,1,59,All India except Central University,"Government Medical College, Miraj(700309)",M.D. (GENERAL MEDICINE),All India,0,0,1,0,1,0,0,0,1,0,3,All India Quota Seat Matrix - Round 1.pdf
2025,AIQ,1,59,All India except Central University,"Government Medical College, Miraj(700309)",M.D. (MICROBIOLOGY),All India,3,0,0,0,0,0,0,0,0,0,3,All India Quota Seat Matrix - Round 1.pdf
2025,AIQ,1,59,All India except Central University,"Government Medical College, Miraj(700309)",M.D. (Obst. and Gynae)/MS (Obstetrics and Gynaecology),All India,1,0,1,0,2,0,1,0,1,0,6,All India Quota Seat Matrix - Round 1.pdf
2025,AIQ,1,59,All India except Central University,"Government Medical College, Miraj(700309)",M.D. (PAEDIATRICS),All India,2,0,1,0,1,0,1,0,0,0,5,All India Quota Seat Matrix - Round 1.pdf
2025,AIQ,1,59,All India except Central University,"Government Medical College, Miraj(700309)",M.D. (PATHOLOGY),All India,0,0,0,0,1,0,0,0,1,0,2,All India Quota Seat Matrix - Round 1.pdf
2025,AIQ,1,59,All India except Central University,"Government Medical College, Miraj(700309)",M.D. (PHARMACOLOGY),All India,0,1,0,0,0,0,0,0,0,0,1,All India Quota Seat Matrix - Round 1.pdf
2025,AIQ,1,59,All India except Central University,"Government Medical College, Miraj(700309)",M.D. (PHYSIOLOGY),All India,0,0,0,0,1,0,0,0,0,0,1,All India Quota Seat Matrix - Round 1.pdf
2025,AIQ,1,59,All India except Central University,"Government Medical College, Miraj(700309)",M.D. (PREVENTIVE and SOCIAL MEDICINE)/ COMMUNITY MEDICINE,All India,1,0,0,0,0,0,1,0,0,0,2,All India Quota Seat Matrix - Round 1.pdf
2025,AIQ,1,59,All India except Central University,"Government Medical College, Miraj(700309)",M.D. (PSYCHIATRY),All India,0,0,1,0,0,0,0,0,0,0,1,All India Quota Seat Matrix - Round 1.pdf
2025,AIQ,1,59,All India except Central University,"Government Medical College, Miraj(700309)",M.D. (RADIO-DIAGNOSIS),All India,1,0,0,0,1,0,0,0,0,0,2,All India Quota Seat Matrix - Round 1.pdf
2025,AIQ,1,60,All India except Central University,"Government Medical College, Miraj(700309)",M.S. (E.N.T.),All India,1,0,0,0,0,0,0,0,0,0,1,All India Quota Seat Matrix - Round 1.pdf
2025,AIQ,1,60,All India except Central University,"Government Medical College, Miraj(700309)",M.S. (GENERAL SURGERY),All India,3,0,0,0,1,1,1,0,0,0,6,All India Quota Seat Matrix - Round 1.pdf
2025,AIQ,1,60,All India except Central University,"Government Medical College, Miraj(700309)",M.S. (OPHTHALMOLOGY),All India,1,0,0,0,1,0,1,0,0,0,3,All India Quota Seat Matrix - Round 1.pdf
2025,AIQ,1,60,All India except Central University,"Government Medical College, Miraj(700309)",M.S. (ORTHOPAEDICS),All India,1,0,0,0,0,0,0,0,0,0,1,All India Quota Seat Matrix - Round 1.pdf
2025,AIQ,1,60,All India except Central University,"Government Medical College, Miraj(700309)",MD/MS (Anatomy),All India,1,0,0,0,1,0,0,0,0,0,2,All India Quota Seat Matrix - Round 1.pdf
2025,AIQ,1,60,All India except Central University,"Government Medical College, Nagpur(700303)",M.D. (ANAESTHESIOLOGY),All India,3,0,1,0,3,0,2,0,1,0,10,All India Quota Seat Matrix - Round 1.pdf
2025,AIQ,1,60,All India except Central University,"Government Medical College, Nagpur(700303)",M.D. (BIOCHEMISTRY),All India,0,0,0,1,1,0,0,0,0,0,2,All India Quota Seat Matrix - Round 1.pdf
2025,AIQ,1,60,All India except Central University,"Government Medical College, Nagpur(700303)","M.D. (DERM.,VENE. and LEPROSY)/ (DERMATOLOGY)/(SKIN and VENEREAL DISEASES)/(VENEREOLOGY)",All India,0,0,0,0,0,0,0,1,0,1,2,All India Quota Seat Matrix - Round 1.pdf
2025,AIQ,1,60,All India except Central University,"Government Medical College, Nagpur(700303)",M.D. (FORENSIC MEDICINE),All India,2,0,0,0,0,0,1,0,0,0,3,All India Quota Seat Matrix - Round 1.pdf
2025,AIQ,1,60,All India except Central University,"Government Medical College, Nagpur(700303)",M.D. (GENERAL MEDICINE),All India,7,1,2,0,5,0,2,0,1,0,18,All India Quota Seat Matrix - Round 1.pdf
2025,AIQ,1,60,All India except Central University,"Government Medical College, Nagpur(700303)",M.D. (MICROBIOLOGY),All India,5,0,1,0,4,0,2,0,1,0,13,All India Quota Seat Matrix - Round 1.pdf
2025,AIQ,1,60,All India except Central University,"Government Medical College, Nagpur(700303)",M.D. (Obst. and Gynae)/MS (Obstetrics and Gynaecology),All India,5,0,2,0,3,0,2,0,1,0,13,All India Quota Seat Matrix - Round 1.pdf
2025,AIQ,1,60,All India except Central University,"Government Medical College, Nagpur(700303)",M.D. (PAEDIATRICS),All India,4,1,0,0,2,0,1,0,0,0,8,All India Quota Seat Matrix - Round 1.pdf
2025,AIQ,1,60,All India except Central University,"Government Medical College, Nagpur(700303)",M.D. (PATHOLOGY),All India,2,0,1,0,1,0,1,0,1,0,6,All India Quota Seat Matrix - Round 1.pdf
2025,AIQ,1,60,All India except Central University,"Government Medical College, Nagpur(700303)",M.D. (PHARMACOLOGY),All India,3,0,1,0,3,0,1,0,0,0,8,All India Quota Seat Matrix - Round 1.pdf
2025,AIQ,1,60,All India except Central University,"Government Medical College, Nagpur(700303)",M.D. (PHYSIOLOGY),All India,0,0,0,0,0,0,1,0,1,0,2,All India Quota Seat Matrix - Round 1.pdf
2025,AIQ,1,60,All India except Central University,"Government Medical College, Nagpur(700303)",M.D. (PREVENTIVE and SOCIAL MEDICINE)/ COMMUNITY MEDICINE,All India,6,0,1,0,2,1,1,0,0,0,11,All India Quota Seat Matrix - Round 1.pdf
2025,AIQ,1,60,All India except Central University,"Government Medical College, Nagpur(700303)",M.D. (PSYCHIATRY),All India,0,0,0,0,1,0,1,0,0,0,2,All India Quota Seat Matrix - Round 1.pdf
2025,AIQ,1,60,All India except Central University,"Government Medical College, Nagpur(700303)",M.D. (RADIO-DIAGNOSIS),All India,3,0,1,0,2,0,1,0,1,0,8,All India Quota Seat Matrix - Round 1.pdf
2025,AIQ,1,60,All India except Central University,"Government Medical College, Nagpur(700303)",M.D. (Radiotherapy/ Radiation Oncology),All India,2,0,0,0,0,0,0,0,0,0,2,All India Quota Seat Matrix - Round 1.pdf
2025,AIQ,1,61,All India except Central University,"Government Medical College, Nagpur(700303)",M.D. (Tuberculosis and Respiratory diseases)/Pulmonary Medicine /M.D. (Respiratory Medicine),All India,0,0,0,0,1,0,1,0,0,0,2,All India Quota Seat Matrix - Round 1.pdf
2025,AIQ,1,61,All India except Central University,"Government Medical College, Nagpur(700303)",M.S. (E.N.T.),All India,3,0,0,0,2,0,0,0,0,0,5,All India Quota Seat Matrix - Round 1.pdf
2025,AIQ,1,61,All India except Central University,"Government Medical College, Nagpur(700303)",M.S. (GENERAL SURGERY),All India,4,0,1,0,2,1,2,0,1,0,11,All India Quota Seat Matrix - Round 1.pdf
2025,AIQ,1,61,All India except Central University,"Government Medical College, Nagpur(700303)",M.S. (OPHTHALMOLOGY),All India,3,0,0,0,2,0,0,0,0,0,5,All India Quota Seat Matrix - Round 1.pdf
2025,AIQ,1,61,All India except Central University,"Government Medical College, Nagpur(700303)",M.S. (ORTHOPAEDICS),All India,0,0,1,0,1,0,1,0,1,0,4,All India Quota Seat Matrix - Round 1.pdf
2025,AIQ,1,61,All India except Central University,"Government Medical College, Nagpur(700303)",MD/MS (Anatomy),All India,2,0,0,0,0,0,0,0,0,0,2,All India Quota Seat Matrix - Round 1.pdf
2025,AIQ,1,61,All India except Central University,"Government Medical College, Nalgonda(701702)",M.D. (BIOCHEMISTRY),All India,1,0,1,0,0,0,0,0,0,0,2,All India Quota Seat Matrix - Round 1.pdf
2025,AIQ,1,61,All India except Central University,"Government Medical College, Nalgonda(701702)",M.D. (FORENSIC MEDICINE),All India,0,0,0,0,1,0,0,0,0,0,1,All India Quota Seat Matrix - Round 1.pdf
2025,AIQ,1,61,All India except Central University,"Government Medical College, Nalgonda(701702)",M.D. (MICROBIOLOGY),All India,1,0,0,0,0,0,0,0,0,0,1,All India Quota Seat Matrix - Round 1.pdf
2025,AIQ,1,61,All India except Central University,"Government Medical College, Nalgonda(701702)",M.D. (PHARMACOLOGY),All India,0,0,0,0,0,0,1,0,1,0,2,All India Quota Seat Matrix - Round 1.pdf
2025,AIQ,1,61,All India except Central University,"Government Medical College, Nalgonda(701702)",M.D. (PHYSIOLOGY),All India,0,0,0,0,1,0,0,0,0,0,1,All India Quota Seat Matrix - Round 1.pdf
2025,AIQ,1,61,All India except Central University,"Government Medical College, Nalgonda(701702)",MD/MS (Anatomy),All India,1,0,0,0,0,0,0,0,0,0,1,All India Quota Seat Matrix - Round 1.pdf
2025,AIQ,1,61,All India except Central University,"Government Medical College, Nizamabad, Telangana State(700518)",M.D. (ANAESTHESIOLOGY),All India,0,0,1,0,1,0,1,0,0,0,3,All India Quota Seat Matrix - Round 1.pdf
2025,AIQ,1,61,All India except Central University,"Government Medical College, Nizamabad, Telangana State(700518)",M.D. (BIOCHEMISTRY),All India,1,0,0,0,0,0,0,0,0,0,1,All India Quota Seat Matrix - Round 1.pdf
2025,AIQ,1,61,All India except Central University,"Government Medical College, Nizamabad, Telangana State(700518)",M.D. (FORENSIC MEDICINE),All India,1,0,0,0,0,1,0,0,0,0,2,All India Quota Seat Matrix - Round 1.pdf
2025,AIQ,1,61,All India except Central University,"Government Medical College, Nizamabad, Telangana State(700518)",M.D. (GENERAL MEDICINE),All India,1,0,1,0,1,0,1,0,1,0,5,All India Quota Seat Matrix - Round 1.pdf
2025,AIQ,1,61,All India except Central University,"Government Medical College, Nizamabad, Telangana State(700518)",M.D. (MICROBIOLOGY),All India,2,0,0,0,0,0,0,0,0,0,2,All India Quota Seat Matrix - Round 1.pdf
2025,AIQ,1,61,All India except Central University,"Government Medical College, Nizamabad, Telangana State(700518)",M.D. (Obst. and Gynae)/MS (Obstetrics and Gynaecology),All India,1,0,0,0,1,0,1,0,0,0,3,All India Quota Seat Matrix - Round 1.pdf
2025,AIQ,1,61,All India except Central University,"Government Medical College, Nizamabad, Telangana State(700518)",M.D. (PAEDIATRICS),All India,1,0,0,0,1,0,0,0,0,0,2,All India Quota Seat Matrix - Round 1.pdf
2025,AIQ,1,61,All India except Central University,"Government Medical College, Nizamabad, Telangana State(700518)",M.D. (PATHOLOGY),All India,1,0,0,0,0,0,1,0,0,0,2,All India Quota Seat Matrix - Round 1.pdf
2025,AIQ,1,62,All India except Central University,"Government Medical College, Nizamabad, Telangana State(700518)",M.D. (PHARMACOLOGY),All India,0,0,0,0,1,0,0,0,0,0,1,All India Quota Seat Matrix - Round 1.pdf
2025,AIQ,1,62,All India except Central University,"Government Medical College, Nizamabad, Telangana State(700518)",M.D. (PHYSIOLOGY),All India,0,0,1,0,0,0,0,0,0,0,1,All India Quota Seat Matrix - Round 1.pdf
2025,AIQ,1,62,All India except Central University,"Government Medical College, Nizamabad, Telangana State(700518)",M.D. (PSYCHIATRY),All India,1,0,0,0,0,0,0,0,0,0,1,All India Quota Seat Matrix - Round 1.pdf
2025,AIQ,1,62,All India except Central University,"Government Medical College, Nizamabad, Telangana State(700518)",M.D. (RADIO-DIAGNOSIS),All India,1,0,0,0,1,0,1,0,0,0,3,All India Quota Seat Matrix - Round 1.pdf
2025,AIQ,1,62,All India except Central University,"Government Medical College, Nizamabad, Telangana State(700518)",M.D. (Tuberculosis and Respiratory diseases)/Pulmonary Medicine /M.D. (Respiratory Medicine),All India,0,0,0,0,0,0,0,0,1,0,1,All India Quota Seat Matrix - Round 1.pdf
2025,AIQ,1,62,All India except Central University,"Government Medical College, Nizamabad, Telangana State(700518)",M.S. (E.N.T.),All India,1,0,0,0,1,0,0,0,0,0,2,All India Quota Seat Matrix - Round 1.pdf
2025,AIQ,1,62,All India except Central University,"Government Medical College, Nizamabad, Telangana State(700518)",M.S. (GENERAL SURGERY),All India,2,0,0,0,1,0,1,0,0,0,4,All India Quota Seat Matrix - Round 1.pdf
2025,AIQ,1,62,All India except Central University,"Government Medical College, Nizamabad, Telangana State(700518)",M.S. (OPHTHALMOLOGY),All India,0,0,0,0,1,0,0,0,1,0,2,All India Quota Seat Matrix - Round 1.pdf
2025,AIQ,1,62,All India except Central University,"Government Medical College, Nizamabad, Telangana State(700518)",M.S. (ORTHOPAEDICS),All India,1,0,1,0,0,0,0,0,0,0,2,All India Quota Seat Matrix - Round 1.pdf
2025,AIQ,1,62,All India except Central University,"Government Medical College, Nizamabad, Telangana State(700518)",MD/MS (Anatomy),All India,1,1,0,0,0,0,0,0,0,0,2,All India Quota Seat Matrix - Round 1.pdf
2025,AIQ,1,62,All India except Central University,"Government Medical College, Pali Rajasthan.(901805)",M.D. (ANAESTHESIOLOGY),All India,0,0,0,0,1,0,0,0,1,0,2,All India Quota Seat Matrix - Round 1.pdf
2025,AIQ,1,62,All India except Central University,"Government Medical College, Pali Rajasthan.(901805)",M.D. (MICROBIOLOGY),All India,1,0,0,0,1,0,0,0,0,0,2,All India Quota Seat Matrix - Round 1.pdf
2025,AIQ,1,62,All India except Central University,"Government Medical College, Pali Rajasthan.(901805)",M.D. (Obst. and Gynae)/MS (Obstetrics and Gynaecology),All India,2,0,0,0,1,0,0,0,0,0,3,All India Quota Seat Matrix - Round 1.pdf
2025,AIQ,1,62,All India except Central University,"Government Medical College, Pali Rajasthan.(901805)",M.D. (PATHOLOGY),All India,0,0,1,0,1,0,0,0,0,0,2,All India Quota Seat Matrix - Round 1.pdf
2025,AIQ,1,62,All India except Central University,"Government Medical College, Pali Rajasthan.(901805)",M.D. (PHYSIOLOGY),All India,1,1,0,0,0,0,0,0,0,0,2,All India Quota Seat Matrix - Round 1.pdf
2025,AIQ,1,62,All India except Central University,"Government Medical College, Pali Rajasthan.(901805)",M.S. (GENERAL SURGERY),All India,2,0,1,0,1,0,1,0,0,0,5,All India Quota Seat Matrix - Round 1.pdf
2025,AIQ,1,62,All India except Central University,"Government Medical College, Pali Rajasthan.(901805)",M.S. (OPHTHALMOLOGY),All India,0,0,0,0,0,0,1,0,1,0,2,All India Quota Seat Matrix - Round 1.pdf
2025,AIQ,1,62,All India except Central University,"Government Medical College, Pali Rajasthan.(901805)",MD/MS (Anatomy),All India,1,0,0,0,0,0,1,0,0,0,2,All India Quota Seat Matrix - Round 1.pdf
2025,AIQ,1,62,All India except Central University,"Government Medical College, Ratlam(701513)",M.D. (ANAESTHESIOLOGY),All India,2,0,0,0,1,0,1,0,0,0,4,All India Quota Seat Matrix - Round 1.pdf
2025,AIQ,1,62,All India except Central University,"Government Medical College, Ratlam(701513)",M.D. (BIOCHEMISTRY),All India,1,0,1,0,0,0,0,0,0,0,2,All India Quota Seat Matrix - Round 1.pdf
2025,AIQ,1,63,All India except Central University,"Government Medical College, Ratlam(701513)","M.D. (DERM.,VENE. and LEPROSY)/ (DERMATOLOGY)/(SKIN and VENEREAL DISEASES)/(VENEREOLOGY)",All India,0,0,0,0,1,0,0,0,0,0,1,All India Quota Seat Matrix - Round 1.pdf
2025,AIQ,1,63,All India except Central University,"Government Medical College, Ratlam(701513)",M.D. (FORENSIC MEDICINE),All India,0,0,0,0,1,0,1,0,0,0,2,All India Quota Seat Matrix - Round 1.pdf
2025,AIQ,1,63,All India except Central University,"Government Medical College, Ratlam(701513)",M.D. (GENERAL MEDICINE),All India,2,0,0,0,1,0,0,0,1,0,4,All India Quota Seat Matrix - Round 1.pdf
2025,AIQ,1,63,All India except Central University,"Government Medical College, Ratlam(701513)",M.D. (MICROBIOLOGY),All India,1,0,0,0,0,0,0,0,0,0,1,All India Quota Seat Matrix - Round 1.pdf
2025,AIQ,1,63,All India except Central University,"Government Medical College, Ratlam(701513)",M.D. (Obst. and Gynae)/MS (Obstetrics and Gynaecology),All India,1,0,0,0,1,0,1,0,0,0,3,All India Quota Seat Matrix - Round 1.pdf
2025,AIQ,1,63,All India except Central University,"Government Medical College, Ratlam(701513)",M.D. (PAEDIATRICS),All India,0,1,0,0,0,0,0,0,0,0,1,All India Quota Seat Matrix - Round 1.pdf
2025,AIQ,1,63,All India except Central University,"Government Medical College, Ratlam(701513)",M.D. (PATHOLOGY),All India,0,0,0,0,1,0,1,0,0,0,2,All India Quota Seat Matrix - Round 1.pdf
2025,AIQ,1,63,All India except Central University,"Government Medical College, Ratlam(701513)",M.D. (PHARMACOLOGY),All India,1,0,0,1,0,0,0,0,0,0,2,All India Quota Seat Matrix - Round 1.pdf
2025,AIQ,1,63,All India except Central University,"Government Medical College, Ratlam(701513)",M.D. (PHYSIOLOGY),All India,0,0,0,0,1,0,0,1,0,0,2,All India Quota Seat Matrix - Round 1.pdf
2025,AIQ,1,63,All India except Central University,"Government Medical College, Ratlam(701513)",M.D. (PREVENTIVE and SOCIAL MEDICINE)/ COMMUNITY MEDICINE,All India,0,0,0,0,0,0,0,0,0,1,1,All India Quota Seat Matrix - Round 1.pdf
2025,AIQ,1,63,All India except Central University,"Government Medical College, Ratlam(701513)",M.S. (E.N.T.),All India,2,0,0,0,0,0,0,0,0,0,2,All India Quota Seat Matrix - Round 1.pdf
2025,AIQ,1,63,All India except Central University,"Government Medical College, Ratlam(701513)",M.S. (GENERAL SURGERY),All India,1,0,1,0,1,0,1,0,0,0,4,All India Quota Seat Matrix - Round 1.pdf
2025,AIQ,1,63,All India except Central University,"Government Medical College, Ratlam(701513)",M.S. (OPHTHALMOLOGY),All India,0,0,0,0,1,0,0,0,1,0,2,All India Quota Seat Matrix - Round 1.pdf
2025,AIQ,1,63,All India except Central University,"Government Medical College, Ratlam(701513)",M.S. (ORTHOPAEDICS),All India,1,0,1,0,0,0,0,0,0,0,2,All India Quota Seat Matrix - Round 1.pdf
2025,AIQ,1,63,All India except Central University,"Government Medical College, Ratlam(701513)",MD/MS (Anatomy),All India,0,0,1,0,0,0,0,0,0,0,1,All India Quota Seat Matrix - Round 1.pdf
2025,AIQ,1,63,All India except Central University,"Government Medical College, Siddipet(701700)",M.D. (ANAESTHESIOLOGY),All India,1,0,0,0,1,0,1,0,0,0,3,All India Quota Seat Matrix - Round 1.pdf
2025,AIQ,1,63,All India except Central University,"Government Medical College, Siddipet(701700)",M.D. (BIOCHEMISTRY),All India,0,0,1,0,1,0,0,0,0,0,2,All India Quota Seat Matrix - Round 1.pdf
2025,AIQ,1,63,All India except Central University,"Government Medical College, Siddipet(701700)","M.D. (DERM.,VENE. and LEPROSY)/ (DERMATOLOGY)/(SKIN and VENEREAL DISEASES)/(VENEREOLOGY)",All India,1,1,0,0,0,0,0,0,0,0,2,All India Quota Seat Matrix - Round 1.pdf
2025,AIQ,1,63,All India except Central University,"Government Medical College, Siddipet(701700)",M.D. (FORENSIC MEDICINE),All India,0,0,1,0,0,0,0,0,1,0,2,All India Quota Seat Matrix - Round 1.pdf
2025,AIQ,1,63,All India except Central University,"Government Medical College, Siddipet(701700)",M.D. (MICROBIOLOGY),All India,0,0,0,0,0,0,1,0,0,0,1,All India Quota Seat Matrix - Round 1.pdf
2025,AIQ,1,64,All India except Central University,"Government Medical College, Siddipet(701700)",M.D. (Obst. and Gynae)/MS (Obstetrics and Gynaecology),All India,2,0,0,0,2,0,0,0,0,0,4,All India Quota Seat Matrix - Round 1.pdf
2025,AIQ,1,64,All India except Central University,"Government Medical College, Siddipet(701700)",M.D. (PAEDIATRICS),All India,0,0,0,0,1,0,0,0,1,0,2,All India Quota Seat Matrix - Round 1.pdf
2025,AIQ,1,64,All India except Central University,"Government Medical College, Siddipet(701700)",M.D. (PATHOLOGY),All India,1,0,1,0,0,0,0,0,0,0,2,All India Quota Seat Matrix - Round 1.pdf
2025,AIQ,1,64,All India except Central University,"Government Medical College, Siddipet(701700)",M.D. (PHARMACOLOGY),All India,1,0,0,0,1,0,0,0,0,0,2,All India Quota Seat Matrix - Round 1.pdf
2025,AIQ,1,64,All India except Central University,"Government Medical College, Siddipet(701700)",M.D. (PHYSIOLOGY),All India,1,0,0,0,0,0,1,0,0,0,2,All India Quota Seat Matrix - Round 1.pdf
2025,AIQ,1,64,All India except Central University,"Government Medical College, Siddipet(701700)",M.D. (PREVENTIVE and SOCIAL MEDICINE)/ COMMUNITY MEDICINE,All India,0,0,1,0,1,0,0,0,0,0,2,All India Quota Seat Matrix - Round 1.pdf
2025,AIQ,1,64,All India except Central University,"Government Medical College, Siddipet(701700)",M.D. (PSYCHIATRY),All India,2,0,0,0,1,0,0,0,0,0,3,All India Quota Seat Matrix - Round 1.pdf
2025,AIQ,1,64,All India except Central University,"Government Medical College, Siddipet(701700)",M.S. (E.N.T.),All India,1,0,0,0,1,0,0,1,0,0,3,All India Quota Seat Matrix - Round 1.pdf
2025,AIQ,1,64,All India except Central University,"Government Medical College, Siddipet(701700)",M.S. (GENERAL SURGERY),All India,2,0,0,0,1,0,0,0,0,0,3,All India Quota Seat Matrix - Round 1.pdf
2025,AIQ,1,64,All India except Central University,"Government Medical College, Siddipet(701700)",M.S. (OPHTHALMOLOGY),All India,1,0,0,0,0,0,1,0,0,0,2,All India Quota Seat Matrix - Round 1.pdf
2025,AIQ,1,64,All India except Central University,"Government Medical College, Siddipet(701700)",MD/MS (Anatomy),All India,2,0,0,0,1,0,0,0,0,0,3,All India Quota Seat Matrix - Round 1.pdf
2025,AIQ,1,64,All India except Central University,"Government Medical College, Surat(700364)",DIPLOMA IN CLINICAL PATHOLOGY,All India,0,0,0,0,0,0,1,0,1,0,2,All India Quota Seat Matrix - Round 1.pdf
2025,AIQ,1,64,All India except Central University,"Government Medical College, Surat(700364)",M.D. (ANAESTHESIOLOGY),All India,6,0,0,0,2,0,1,0,0,0,9,All India Quota Seat Matrix - Round 1.pdf
2025,AIQ,1,64,All India except Central University,"Government Medical College, Surat(700364)",M.D. (BIOCHEMISTRY),All India,2,0,1,0,1,0,0,0,0,0,4,All India Quota Seat Matrix - Round 1.pdf
2025,AIQ,1,64,All India except Central University,"Government Medical College, Surat(700364)","M.D. (DERM.,VENE. and LEPROSY)/ (DERMATOLOGY)/(SKIN and VENEREAL DISEASES)/(VENEREOLOGY)",All India,1,0,0,0,1,0,0,0,0,0,2,All India Quota Seat Matrix - Round 1.pdf
2025,AIQ,1,64,All India except Central University,"Government Medical College, Surat(700364)",M.D. (FORENSIC MEDICINE),All India,0,0,1,0,0,0,1,0,0,0,2,All India Quota Seat Matrix - Round 1.pdf
2025,AIQ,1,64,All India except Central University,"Government Medical College, Surat(700364)",M.D. (GENERAL MEDICINE),All India,3,0,0,0,2,0,1,0,1,0,7,All India Quota Seat Matrix - Round 1.pdf
2025,AIQ,1,64,All India except Central University,"Government Medical College, Surat(700364)",M.D. (MICROBIOLOGY),All India,1,0,1,0,1,0,1,0,1,0,5,All India Quota Seat Matrix - Round 1.pdf
2025,AIQ,1,64,All India except Central University,"Government Medical College, Surat(700364)",M.D. (Obst. and Gynae)/MS (Obstetrics and Gynaecology),All India,4,0,1,0,3,0,2,0,0,0,10,All India Quota Seat Matrix - Round 1.pdf
2025,AIQ,1,64,All India except Central University,"Government Medical College, Surat(700364)",M.D. (PAEDIATRICS),All India,3,0,1,0,3,0,2,0,1,0,10,All India Quota Seat Matrix - Round 1.pdf
2025,AIQ,1,65,All India except Central University,"Government Medical College, Surat(700364)",M.D. (PATHOLOGY),All India,2,1,1,0,2,0,1,0,1,0,8,All India Quota Seat Matrix - Round 1.pdf
2025,AIQ,1,65,All India except Central University,"Government Medical College, Surat(700364)",M.D. (PHARMACOLOGY),All India,3,0,1,0,2,0,1,0,0,0,7,All India Quota Seat Matrix - Round 1.pdf
2025,AIQ,1,65,All India except Central University,"Government Medical College, Surat(700364)",M.D. (PHYSIOLOGY),All India,1,0,0,0,1,0,1,0,1,0,4,All India Quota Seat Matrix - Round 1.pdf
2025,AIQ,1,65,All India except Central University,"Government Medical College, Surat(700364)",M.D. (PREVENTIVE and SOCIAL MEDICINE)/ COMMUNITY MEDICINE,All India,1,0,1,0,1,0,1,0,0,0,4,All India Quota Seat Matrix - Round 1.pdf
2025,AIQ,1,65,All India except Central University,"Government Medical College, Surat(700364)",M.D. (PSYCHIATRY),All India,1,0,0,0,1,0,0,0,0,0,2,All India Quota Seat Matrix - Round 1.pdf
2025,AIQ,1,65,All India except Central University,"Government Medical College, Surat(700364)",M.D. (RADIO-DIAGNOSIS),All India,4,0,0,0,2,0,1,0,0,0,7,All India Quota Seat Matrix - Round 1.pdf
2025,AIQ,1,65,All India except Central University,"Government Medical College, Surat(700364)",M.D. (Tuberculosis and Respiratory diseases)/Pulmonary Medicine /M.D. (Respiratory Medicine),All India,1,0,1,0,0,0,0,0,1,0,3,All India Quota Seat Matrix - Round 1.pdf
2025,AIQ,1,65,All India except Central University,"Government Medical College, Surat(700364)",M.D. IN TRANSFUSION MEDICINE/ IMMUNO- HAEMATOLOGY and BLOOD TRANSFUSION,All India,0,0,0,0,1,0,0,0,0,0,1,All India Quota Seat Matrix - Round 1.pdf
2025,AIQ,1,65,All India except Central University,"Government Medical College, Surat(700364)",M.S. (E.N.T.),All India,1,0,0,0,1,0,0,0,0,0,2,All India Quota Seat Matrix - Round 1.pdf
2025,AIQ,1,65,All India except Central University,"Government Medical College, Surat(700364)",M.S. (GENERAL SURGERY),All India,5,1,1,0,3,0,1,0,0,0,11,All India Quota Seat Matrix - Round 1.pdf
2025,AIQ,1,65,All India except Central University,"Government Medical College, Surat(700364)",M.S. (OPHTHALMOLOGY),All India,2,0,0,0,1,0,0,0,1,0,4,All India Quota Seat Matrix - Round 1.pdf
2025,AIQ,1,65,All India except Central University,"Government Medical College, Surat(700364)",M.S. (ORTHOPAEDICS),All India,4,0,1,0,1,1,1,0,0,0,8,All India Quota Seat Matrix - Round 1.pdf
2025,AIQ,1,65,All India except Central University,"Government Medical College, Surat(700364)",MD/MS (Anatomy),All India,0,0,0,0,1,0,0,1,1,0,3,All India Quota Seat Matrix - Round 1.pdf
2025,AIQ,1,65,All India except Central University,"Government Medical College,Churu(901803)",M.D. (PATHOLOGY),All India,0,0,0,0,1,0,1,0,0,0,2,All India Quota Seat Matrix - Round 1.pdf
2025,AIQ,1,65,All India except Central University,"Government Medical College,Churu(901803)",M.D. (PREVENTIVE and SOCIAL MEDICINE)/ COMMUNITY MEDICINE,All India,1,0,0,0,0,0,0,0,0,0,1,All India Quota Seat Matrix - Round 1.pdf
2025,AIQ,1,65,All India except Central University,"Government Medical College,Theni (700354)",M.D. (ANAESTHESIOLOGY),All India,2,0,0,0,1,0,0,0,0,0,3,All India Quota Seat Matrix - Round 1.pdf
2025,AIQ,1,65,All India except Central University,"Government Medical College,Theni (700354)",M.D. (Emergency and Critical Care)/M.D. (Emergency Medicine),All India,0,0,0,0,1,0,0,0,0,0,1,All India Quota Seat Matrix - Round 1.pdf
2025,AIQ,1,65,All India except Central University,"Government Medical College,Theni (700354)",M.D. (GENERAL MEDICINE),All India,1,0,0,0,1,0,1,0,1,0,4,All India Quota Seat Matrix - Round 1.pdf
2025,AIQ,1,65,All India except Central University,"Government Medical College,Theni (700354)",M.D. (Obst. and Gynae)/MS (Obstetrics and Gynaecology),All India,2,0,0,0,1,0,1,0,0,0,4,All India Quota Seat Matrix - Round 1.pdf
2025,AIQ,1,65,All India except Central University,"Government Medical College,Theni (700354)",M.D. (PAEDIATRICS),All India,0,0,0,0,1,0,1,0,1,0,3,All India Quota Seat Matrix - Round 1.pdf
2025,AIQ,1,66,All India except Central University,"Government Medical College,Theni (700354)",M.D. (PSYCHIATRY),All India,0,0,1,0,0,0,0,0,0,0,1,All India Quota Seat Matrix - Round 1.pdf
2025,AIQ,1,66,All India except Central University,"Government Medical College,Theni (700354)",M.S. (GENERAL SURGERY),All India,1,1,1,0,1,0,0,0,0,0,4,All India Quota Seat Matrix - Round 1.pdf
2025,AIQ,1,66,All India except Central University,"Government Medical College,Theni (700354)",M.S. (ORTHOPAEDICS),All India,1,0,0,0,0,0,0,0,0,0,1,All India Quota Seat Matrix - Round 1.pdf
2025,AIQ,1,66,All India except Central University,"Government Medical College,Theni (700354)",MD/MS (Anatomy),All India,1,0,0,0,0,0,0,0,0,0,1,All India Quota Seat Matrix - Round 1.pdf
2025,AIQ,1,66,All India except Central University,"Government Mohan Kumaramangalam Medical College, Salem(700350)",M.D. (ANAESTHESIOLOGY),All India,2,0,0,0,1,0,1,0,0,0,4,All India Quota Seat Matrix - Round 1.pdf
2025,AIQ,1,66,All India except Central University,"Government Mohan Kumaramangalam Medical College, Salem(700350)",M.D. (BIOCHEMISTRY),All India,1,0,0,0,0,0,0,0,0,0,1,All India Quota Seat Matrix - Round 1.pdf
2025,AIQ,1,66,All India except Central University,"Government Mohan Kumaramangalam Medical College, Salem(700350)",M.D. (Emergency and Critical Care)/M.D. (Emergency Medicine),All India,0,0,1,0,1,0,0,0,0,0,2,All India Quota Seat Matrix - Round 1.pdf
2025,AIQ,1,66,All India except Central University,"Government Mohan Kumaramangalam Medical College, Salem(700350)",M.D. (FORENSIC MEDICINE),All India,1,0,0,0,1,0,0,0,0,0,2,All India Quota Seat Matrix - Round 1.pdf
2025,AIQ,1,66,All India except Central University,"Government Mohan Kumaramangalam Medical College, Salem(700350)",M.D. (GENERAL MEDICINE),All India,3,0,0,0,1,1,2,0,1,0,8,All India Quota Seat Matrix - Round 1.pdf
2025,AIQ,1,66,All India except Central University,"Government Mohan Kumaramangalam Medical College, Salem(700350)",M.D. (MICROBIOLOGY),All India,0,0,0,0,0,0,1,0,0,0,1,All India Quota Seat Matrix - Round 1.pdf
2025,AIQ,1,66,All India except Central University,"Government Mohan Kumaramangalam Medical College, Salem(700350)",M.D. (Obst. and Gynae)/MS (Obstetrics and Gynaecology),All India,2,0,1,0,1,0,0,0,1,0,5,All India Quota Seat Matrix - Round 1.pdf
2025,AIQ,1,66,All India except Central University,"Government Mohan Kumaramangalam Medical College, Salem(700350)",M.D. (PAEDIATRICS),All India,0,0,1,0,1,0,1,0,1,0,4,All India Quota Seat Matrix - Round 1.pdf
2025,AIQ,1,66,All India except Central University,"Government Mohan Kumaramangalam Medical College, Salem(700350)",M.D. (PATHOLOGY),All India,1,1,0,0,1,0,0,0,0,0,3,All India Quota Seat Matrix - Round 1.pdf
2025,AIQ,1,66,All India except Central University,"Government Mohan Kumaramangalam Medical College, Salem(700350)",M.D. (PSYCHIATRY),All India,1,0,0,0,0,0,1,0,0,0,2,All India Quota Seat Matrix - Round 1.pdf
2025,AIQ,1,66,All India except Central University,"Government Mohan Kumaramangalam Medical College, Salem(700350)",M.D. (RADIO-DIAGNOSIS),All India,0,0,1,0,1,0,0,0,0,0,2,All India Quota Seat Matrix - Round 1.pdf
2025,AIQ,1,66,All India except Central University,"Government Mohan Kumaramangalam Medical College, Salem(700350)",M.S. (E.N.T.),All India,1,0,0,0,0,0,0,0,0,0,1,All India Quota Seat Matrix - Round 1.pdf
2025,AIQ,1,66,All India except Central University,"Government Mohan Kumaramangalam Medical College, Salem(700350)",M.S. (GENERAL SURGERY),All India,3,0,1,0,2,0,0,0,0,0,6,All India Quota Seat Matrix - Round 1.pdf
2025,AIQ,1,66,All India except Central University,"Government Mohan Kumaramangalam Medical College, Salem(700350)",M.S. (OPHTHALMOLOGY),All India,0,0,0,0,0,0,1,0,0,0,1,All India Quota Seat Matrix - Round 1.pdf
2025,AIQ,1,66,All India except Central University,"Government Mohan Kumaramangalam Medical College, Salem(700350)",M.S. (ORTHOPAEDICS),All India,3,0,0,0,2,0,0,0,0,0,5,All India Quota Seat Matrix - Round 1.pdf
2025,AIQ,1,66,All India except Central University,"Government Sivagangai Medical College and Hospital, Tamil Nadu(701497)",M.D. (ANAESTHESIOLOGY),All India,2,0,0,0,0,0,0,0,0,0,2,All India Quota Seat Matrix - Round 1.pdf
2025,AIQ,1,66,All India except Central University,"Government Sivagangai Medical College and Hospital, Tamil Nadu(701497)",M.D. (Emergency and Critical Care)/M.D. (Emergency Medicine),All India,0,0,0,0,1,0,1,0,0,0,2,All India Quota Seat Matrix - Round 1.pdf
2025,AIQ,1,67,All India except Central University,"Government Sivagangai Medical College and Hospital, Tamil Nadu(701497)",M.D. (GENERAL MEDICINE),All India,1,0,0,0,1,0,0,0,1,0,3,All India Quota Seat Matrix - Round 1.pdf
2025,AIQ,1,67,All India except Central University,"Government Sivagangai Medical College and Hospital, Tamil Nadu(701497)",M.D. (Obst. and Gynae)/MS (Obstetrics and Gynaecology),All India,1,0,0,0,1,0,1,0,0,0,3,All India Quota Seat Matrix - Round 1.pdf
2025,AIQ,1,67,All India except Central University,"Government Sivagangai Medical College and Hospital, Tamil Nadu(701497)",M.D. (PAEDIATRICS),All India,1,0,0,0,0,0,0,0,0,0,1,All India Quota Seat Matrix - Round 1.pdf
2025,AIQ,1,67,All India except Central University,"Government Sivagangai Medical College and Hospital, Tamil Nadu(701497)",M.S. (GENERAL SURGERY),All India,0,0,1,0,0,0,0,0,0,0,1,All India Quota Seat Matrix - Round 1.pdf
2025,AIQ,1,67,All India except Central University,"Government T D Medical College, Vandanm , Alappuzha(700285)",M.D. (ANAESTHESIOLOGY),All India,1,0,0,0,1,0,0,0,0,0,2,All India Quota Seat Matrix - Round 1.pdf
2025,AIQ,1,67,All India except Central University,"Government T D Medical College, Vandanm , Alappuzha(700285)",M.D. (BIOCHEMISTRY),All India,0,0,0,0,0,0,1,0,0,0,1,All India Quota Seat Matrix - Round 1.pdf
2025,AIQ,1,67,All India except Central University,"Government T D Medical College, Vandanm , Alappuzha(700285)","M.D. (DERM.,VENE. and LEPROSY)/ (DERMATOLOGY)/(SKIN and VENEREAL DISEASES)/(VENEREOLOGY)",All India,1,0,1,0,0,0,0,0,0,0,2,All India Quota Seat Matrix - Round 1.pdf
2025,AIQ,1,67,All India except Central University,"Government T D Medical College, Vandanm , Alappuzha(700285)",M.D. (GENERAL MEDICINE),All India,3,0,0,0,2,0,2,0,1,0,8,All India Quota Seat Matrix - Round 1.pdf
2025,AIQ,1,67,All India except Central University,"Government T D Medical College, Vandanm , Alappuzha(700285)",M.D. (MICROBIOLOGY),All India,0,0,0,0,1,0,0,0,0,0,1,All India Quota Seat Matrix - Round 1.pdf
2025,AIQ,1,67,All India except Central University,"Government T D Medical College, Vandanm , Alappuzha(700285)",M.D. (Obst. and Gynae)/MS (Obstetrics and Gynaecology),All India,3,0,0,0,1,0,0,0,0,0,4,All India Quota Seat Matrix - Round 1.pdf
2025,AIQ,1,67,All India except Central University,"Government T D Medical College, Vandanm , Alappuzha(700285)",M.D. (PAEDIATRICS),All India,1,1,0,0,1,0,1,0,0,0,4,All India Quota Seat Matrix - Round 1.pdf
2025,AIQ,1,67,All India except Central University,"Government T D Medical College, Vandanm , Alappuzha(700285)",M.D. (PATHOLOGY),All India,1,0,0,0,0,0,0,0,0,0,1,All India Quota Seat Matrix - Round 1.pdf
2025,AIQ,1,67,All India except Central University,"Government T D Medical College, Vandanm , Alappuzha(700285)",M.D. (PHARMACOLOGY),All India,0,0,0,1,0,0,0,0,0,0,1,All India Quota Seat Matrix - Round 1.pdf
2025,AIQ,1,67,All India except Central University,"Government T D Medical College, Vandanm , Alappuzha(700285)",M.D. (PHYSIOLOGY),All India,0,0,0,0,1,0,0,0,0,0,1,All India Quota Seat Matrix - Round 1.pdf
2025,AIQ,1,67,All India except Central University,"Government T D Medical College, Vandanm , Alappuzha(700285)",M.D. (PREVENTIVE and SOCIAL MEDICINE)/ COMMUNITY MEDICINE,All India,0,0,0,0,0,0,1,0,0,0,1,All India Quota Seat Matrix - Round 1.pdf
2025,AIQ,1,67,All India except Central University,"Government T D Medical College, Vandanm , Alappuzha(700285)",M.D. (PSYCHIATRY),All India,0,0,0,0,1,0,0,0,1,0,2,All India Quota Seat Matrix - Round 1.pdf
2025,AIQ,1,67,All India except Central University,"Government T D Medical College, Vandanm , Alappuzha(700285)",M.D. (RADIO-DIAGNOSIS),All India,2,0,0,0,0,0,0,0,0,0,2,All India Quota Seat Matrix - Round 1.pdf
2025,AIQ,1,67,All India except Central University,"Government T D Medical College, Vandanm , Alappuzha(700285)",M.D. (Radiotherapy/ Radiation Oncology),All India,1,0,0,0,1,0,0,0,0,0,2,All India Quota Seat Matrix - Round 1.pdf
2025,AIQ,1,67,All India except Central University,"Government T D Medical College, Vandanm , Alappuzha(700285)",M.D. (Tuberculosis and Respiratory diseases)/Pulmonary Medicine /M.D. (Respiratory Medicine),All India,1,0,0,0,0,0,0,0,0,0,1,All India Quota Seat Matrix - Round 1.pdf
2025,AIQ,1,67,All India except Central University,"Government T D Medical College, Vandanm , Alappuzha(700285)",M.D. IN TRANSFUSION MEDICINE/ IMMUNO- HAEMATOLOGY and BLOOD TRANSFUSION,All India,1,0,0,0,0,0,0,0,0,0,1,All India Quota Seat Matrix - Round 1.pdf
2025,AIQ,1,68,All India except Central University,"Government T D Medical College, Vandanm , Alappuzha(700285)",M.S. (E.N.T.),All India,1,0,0,0,1,0,0,0,0,0,2,All India Quota Seat Matrix - Round 1.pdf
2025,AIQ,1,68,All India except Central University,"Government T D Medical College, Vandanm , Alappuzha(700285)",M.S. (GENERAL SURGERY),All India,0,0,1,0,0,0,0,0,0,0,1,All India Quota Seat Matrix - Round 1.pdf
2025,AIQ,1,68,All India except Central University,"Government T D Medical College, Vandanm , Alappuzha(700285)",M.S. (OPHTHALMOLOGY),All India,0,0,0,0,0,0,1,0,1,0,2,All India Quota Seat Matrix - Round 1.pdf
2025,AIQ,1,68,All India except Central University,"Government T D Medical College, Vandanm , Alappuzha(700285)",M.S. (ORTHOPAEDICS),All India,0,0,1,0,1,0,0,0,0,0,2,All India Quota Seat Matrix - Round 1.pdf
2025,AIQ,1,68,All India except Central University,"Government T D Medical College, Vandanm , Alappuzha(700285)",MD/MS (Anatomy),All India,1,0,0,0,0,0,0,0,0,0,1,All India Quota Seat Matrix - Round 1.pdf
2025,AIQ,1,68,All India except Central University,"Government Thiruvannamalai Medical College, Thiruvannamalai, Tamil Nadu(701412)",M.D. (ANAESTHESIOLOGY),All India,2,0,0,0,1,0,0,0,0,0,3,All India Quota Seat Matrix - Round 1.pdf
2025,AIQ,1,68,All India except Central University,"Government Thiruvannamalai Medical College, Thiruvannamalai, Tamil Nadu(701412)",M.D. (GENERAL MEDICINE),All India,1,0,0,0,1,0,1,0,0,0,3,All India Quota Seat Matrix - Round 1.pdf
2025,AIQ,1,68,All India except Central University,"Government Thiruvannamalai Medical College, Thiruvannamalai, Tamil Nadu(701412)",M.D. (Obst. and Gynae)/MS (Obstetrics and Gynaecology),All India,1,0,0,0,1,0,1,0,0,0,3,All India Quota Seat Matrix - Round 1.pdf
2025,AIQ,1,68,All India except Central University,"Government Thiruvannamalai Medical College, Thiruvannamalai, Tamil Nadu(701412)",M.D. (PAEDIATRICS),All India,2,0,0,0,0,0,0,0,0,0,2,All India Quota Seat Matrix - Round 1.pdf
2025,AIQ,1,68,All India except Central University,"Government Thiruvannamalai Medical College, Thiruvannamalai, Tamil Nadu(701412)",M.S. (GENERAL SURGERY),All India,1,0,1,0,1,0,0,0,1,0,4,All India Quota Seat Matrix - Round 1.pdf
2025,AIQ,1,68,All India except Central University,"GOVERNMENT THOOTHUKUDI MEDICAL COLLEGE, THOOTHUKUDI(700504)",M.D. (ANAESTHESIOLOGY),All India,1,0,0,0,1,0,1,0,1,0,4,All India Quota Seat Matrix - Round 1.pdf
2025,AIQ,1,68,All India except Central University,"GOVERNMENT THOOTHUKUDI MEDICAL COLLEGE, THOOTHUKUDI(700504)",M.D. (Emergency and Critical Care)/M.D. (Emergency Medicine),All India,0,0,1,0,1,0,0,0,0,0,2,All India Quota Seat Matrix - Round 1.pdf
2025,AIQ,1,68,All India except Central University,"GOVERNMENT THOOTHUKUDI MEDICAL COLLEGE, THOOTHUKUDI(700504)",M.D. (FORENSIC MEDICINE),All India,1,0,0,0,0,0,0,0,0,0,1,All India Quota Seat Matrix - Round 1.pdf
2025,AIQ,1,68,All India except Central University,"GOVERNMENT THOOTHUKUDI MEDICAL COLLEGE, THOOTHUKUDI(700504)",M.D. (GENERAL MEDICINE),All India,2,0,0,0,2,0,1,0,0,0,5,All India Quota Seat Matrix - Round 1.pdf
2025,AIQ,1,68,All India except Central University,"GOVERNMENT THOOTHUKUDI MEDICAL COLLEGE, THOOTHUKUDI(700504)",M.D. (Obst. and Gynae)/MS (Obstetrics and Gynaecology),All India,1,0,0,0,1,0,0,0,0,1,3,All India Quota Seat Matrix - Round 1.pdf
2025,AIQ,1,68,All India except Central University,"GOVERNMENT THOOTHUKUDI MEDICAL COLLEGE, THOOTHUKUDI(700504)",M.D. (PAEDIATRICS),All India,0,0,1,0,1,0,1,0,0,0,3,All India Quota Seat Matrix - Round 1.pdf
2025,AIQ,1,68,All India except Central University,"GOVERNMENT THOOTHUKUDI MEDICAL COLLEGE, THOOTHUKUDI(700504)",M.S. (E.N.T.),All India,1,0,0,0,0,0,0,0,0,0,1,All India Quota Seat Matrix - Round 1.pdf
2025,AIQ,1,68,All India except Central University,"GOVERNMENT THOOTHUKUDI MEDICAL COLLEGE, THOOTHUKUDI(700504)",M.S. (GENERAL SURGERY),All India,1,1,1,0,0,1,0,1,0,0,5,All India Quota Seat Matrix - Round 1.pdf
2025,AIQ,1,68,All India except Central University,"GOVERNMENT THOOTHUKUDI MEDICAL COLLEGE, THOOTHUKUDI(700504)",M.S. (ORTHOPAEDICS),All India,1,0,0,0,0,0,0,0,0,0,1,All India Quota Seat Matrix - Round 1.pdf
2025,AIQ,1,68,All India except Central University,GOVERNMENT VELLORE MEDICAL COLLEGE(700355),M.D. (ANAESTHESIOLOGY),All India,2,0,0,0,1,0,0,0,0,0,3,All India Quota Seat Matrix - Round 1.pdf
2025,AIQ,1,69,All India except Central University,GOVERNMENT VELLORE MEDICAL COLLEGE(700355),"M.D. (DERM.,VENE. and LEPROSY)/ (DERMATOLOGY)/(SKIN and VENEREAL DISEASES)/(VENEREOLOGY)",All India,1,0,0,0,0,0,0,0,0,0,1,All India Quota Seat Matrix - Round 1.pdf
2025,AIQ,1,69,All India except Central University,GOVERNMENT VELLORE MEDICAL COLLEGE(700355),M.D. (Emergency and Critical Care)/M.D. (Emergency Medicine),All India,0,0,0,0,0,0,1,0,1,0,2,All India Quota Seat Matrix - Round 1.pdf
2025,AIQ,1,69,All India except Central University,GOVERNMENT VELLORE MEDICAL COLLEGE(700355),M.D. (GENERAL MEDICINE),All India,2,0,1,0,1,0,1,0,0,0,5,All India Quota Seat Matrix - Round 1.pdf
2025,AIQ,1,69,All India except Central University,GOVERNMENT VELLORE MEDICAL COLLEGE(700355),M.D. (Obst. and Gynae)/MS (Obstetrics and Gynaecology),All India,1,0,0,0,1,0,1,0,0,0,3,All India Quota Seat Matrix - Round 1.pdf
2025,AIQ,1,69,All India except Central University,GOVERNMENT VELLORE MEDICAL COLLEGE(700355),M.D. (PAEDIATRICS),All India,2,0,1,0,0,0,0,0,0,0,3,All India Quota Seat Matrix - Round 1.pdf
2025,AIQ,1,69,All India except Central University,GOVERNMENT VELLORE MEDICAL COLLEGE(700355),M.S. (E.N.T.),All India,0,0,0,0,1,0,0,0,0,0,1,All India Quota Seat Matrix - Round 1.pdf
2025,AIQ,1,69,All India except Central University,GOVERNMENT VELLORE MEDICAL COLLEGE(700355),M.S. (GENERAL SURGERY),All India,3,0,0,0,1,0,0,0,0,0,4,All India Quota Seat Matrix - Round 1.pdf
2025,AIQ,1,69,All India except Central University,GOVERNMENT VELLORE MEDICAL COLLEGE(700355),M.S. (OPHTHALMOLOGY),All India,0,0,0,0,0,0,0,0,1,0,1,All India Quota Seat Matrix - Round 1.pdf
2025,AIQ,1,69,All India except Central University,GOVERNMENT VELLORE MEDICAL COLLEGE(700355),M.S. (ORTHOPAEDICS),All India,0,0,0,0,1,0,0,0,0,0,1,All India Quota Seat Matrix - Round 1.pdf
2025,AIQ,1,69,All India except Central University,"GOVERNMENT VILLUPURAM MEDICAL COLLEGE, VILLUPURAM(700519)",M.D. (ANAESTHESIOLOGY),All India,1,0,1,0,1,0,1,0,0,0,4,All India Quota Seat Matrix - Round 1.pdf
2025,AIQ,1,69,All India except Central University,"GOVERNMENT VILLUPURAM MEDICAL COLLEGE, VILLUPURAM(700519)",M.D. (Emergency and Critical Care)/M.D. (Emergency Medicine),All India,0,0,0,0,1,0,0,0,0,0,1,All India Quota Seat Matrix - Round 1.pdf
2025,AIQ,1,69,All India except Central University,"GOVERNMENT VILLUPURAM MEDICAL COLLEGE, VILLUPURAM(700519)",M.D. (GENERAL MEDICINE),All India,2,0,0,0,1,0,1,0,1,0,5,All India Quota Seat Matrix - Round 1.pdf
2025,AIQ,1,69,All India except Central University,"GOVERNMENT VILLUPURAM MEDICAL COLLEGE, VILLUPURAM(700519)",M.D. (Obst. and Gynae)/MS (Obstetrics and Gynaecology),All India,1,1,0,0,1,0,0,0,0,0,3,All India Quota Seat Matrix - Round 1.pdf
2025,AIQ,1,69,All India except Central University,"GOVERNMENT VILLUPURAM MEDICAL COLLEGE, VILLUPURAM(700519)",M.D. (PAEDIATRICS),All India,0,0,0,0,1,0,1,0,1,0,3,All India Quota Seat Matrix - Round 1.pdf
2025,AIQ,1,69,All India except Central University,"GOVERNMENT VILLUPURAM MEDICAL COLLEGE, VILLUPURAM(700519)",M.S. (GENERAL SURGERY),All India,2,0,1,0,1,0,1,0,0,0,5,All India Quota Seat Matrix - Round 1.pdf
2025,AIQ,1,69,All India except Central University,"GOVERNMENT VILLUPURAM MEDICAL COLLEGE, VILLUPURAM(700519)",M.S. (OPHTHALMOLOGY),All India,1,0,0,0,0,0,0,0,0,0,1,All India Quota Seat Matrix - Round 1.pdf
2025,AIQ,1,69,All India except Central University,"GOVERNMENT VILLUPURAM MEDICAL COLLEGE, VILLUPURAM(700519)",M.S. (ORTHOPAEDICS),All India,0,0,0,0,1,0,0,0,0,0,1,All India Quota Seat Matrix - Round 1.pdf
2025,AIQ,1,69,All India except Central University,GOVT MEDICAL COLLEGE KOTTAYAM(700289),M.D. (ANAESTHESIOLOGY),All India,3,0,1,0,2,0,1,0,0,0,7,All India Quota Seat Matrix - Round 1.pdf
2025,AIQ,1,69,All India except Central University,GOVT MEDICAL COLLEGE KOTTAYAM(700289),M.D. (BIOCHEMISTRY),All India,0,0,0,0,0,0,0,0,1,0,1,All India Quota Seat Matrix - Round 1.pdf
2025,AIQ,1,69,All India except Central University,GOVT MEDICAL COLLEGE KOTTAYAM(700289),"M.D. (DERM.,VENE. and LEPROSY)/ (DERMATOLOGY)/(SKIN and VENEREAL DISEASES)/(VENEREOLOGY)",All India,1,0,0,0,1,0,0,0,0,0,2,All India Quota Seat Matrix - Round 1.pdf
2025,AIQ,1,70,All India except Central University,GOVT MEDICAL COLLEGE KOTTAYAM(700289),M.D. (FORENSIC MEDICINE),All India,0,0,1,0,0,0,0,0,0,0,1,All India Quota Seat Matrix - Round 1.pdf
2025,AIQ,1,70,All India except Central University,GOVT MEDICAL COLLEGE KOTTAYAM(700289),M.D. (GENERAL MEDICINE),All India,3,0,0,0,1,1,1,0,1,0,7,All India Quota Seat Matrix - Round 1.pdf
2025,AIQ,1,70,All India except Central University,GOVT MEDICAL COLLEGE KOTTAYAM(700289),M.D. (MICROBIOLOGY),All India,0,0,0,0,0,0,1,0,0,0,1,All India Quota Seat Matrix - Round 1.pdf
2025,AIQ,1,70,All India except Central University,GOVT MEDICAL COLLEGE KOTTAYAM(700289),M.D. (Obst. and Gynae)/MS (Obstetrics and Gynaecology),All India,2,1,0,0,1,0,1,0,1,0,6,All India Quota Seat Matrix - Round 1.pdf
2025,AIQ,1,70,All India except Central University,GOVT MEDICAL COLLEGE KOTTAYAM(700289),M.D. (PAEDIATRICS),All India,2,0,1,0,2,0,0,0,0,0,5,All India Quota Seat Matrix - Round 1.pdf
2025,AIQ,1,70,All India except Central University,GOVT MEDICAL COLLEGE KOTTAYAM(700289),M.D. (PATHOLOGY),All India,1,0,0,0,1,0,1,0,1,0,4,All India Quota Seat Matrix - Round 1.pdf
2025,AIQ,1,70,All India except Central University,GOVT MEDICAL COLLEGE KOTTAYAM(700289),M.D. (PHARMACOLOGY),All India,1,0,0,0,0,0,0,0,0,0,1,All India Quota Seat Matrix - Round 1.pdf
2025,AIQ,1,70,All India except Central University,GOVT MEDICAL COLLEGE KOTTAYAM(700289),M.D. (PHYSICAL MED. and REHABILITATION),All India,0,0,0,0,1,0,0,0,0,0,1,All India Quota Seat Matrix - Round 1.pdf
2025,AIQ,1,70,All India except Central University,GOVT MEDICAL COLLEGE KOTTAYAM(700289),M.D. (PHYSIOLOGY),All India,1,0,0,0,0,0,0,0,0,0,1,All India Quota Seat Matrix - Round 1.pdf
2025,AIQ,1,70,All India except Central University,GOVT MEDICAL COLLEGE KOTTAYAM(700289),M.D. (PREVENTIVE and SOCIAL MEDICINE)/ COMMUNITY MEDICINE,All India,0,0,0,0,0,0,1,0,0,0,1,All India Quota Seat Matrix - Round 1.pdf
2025,AIQ,1,70,All India except Central University,GOVT MEDICAL COLLEGE KOTTAYAM(700289),M.D. (PSYCHIATRY),All India,0,0,1,0,0,0,0,0,0,0,1,All India Quota Seat Matrix - Round 1.pdf
2025,AIQ,1,70,All India except Central University,GOVT MEDICAL COLLEGE KOTTAYAM(700289),M.D. (RADIO-DIAGNOSIS),All India,1,0,0,0,1,0,0,0,0,0,2,All India Quota Seat Matrix - Round 1.pdf
2025,AIQ,1,70,All India except Central University,GOVT MEDICAL COLLEGE KOTTAYAM(700289),M.D. (Radiotherapy/ Radiation Oncology),All India,1,0,0,0,0,0,0,0,0,0,1,All India Quota Seat Matrix - Round 1.pdf
2025,AIQ,1,70,All India except Central University,GOVT MEDICAL COLLEGE KOTTAYAM(700289),M.D. (Tuberculosis and Respiratory diseases)/Pulmonary Medicine /M.D. (Respiratory Medicine),All India,1,0,0,0,0,0,0,0,0,0,1,All India Quota Seat Matrix - Round 1.pdf
2025,AIQ,1,70,All India except Central University,GOVT MEDICAL COLLEGE KOTTAYAM(700289),M.S. (E.N.T.),All India,1,0,0,0,1,0,1,0,0,0,3,All India Quota Seat Matrix - Round 1.pdf
2025,AIQ,1,70,All India except Central University,GOVT MEDICAL COLLEGE KOTTAYAM(700289),M.S. (GENERAL SURGERY),All India,3,0,1,0,2,0,0,0,0,0,6,All India Quota Seat Matrix - Round 1.pdf
2025,AIQ,1,70,All India except Central University,GOVT MEDICAL COLLEGE KOTTAYAM(700289),M.S. (OPHTHALMOLOGY),All India,1,0,1,0,1,0,0,0,0,0,3,All India Quota Seat Matrix - Round 1.pdf
2025,AIQ,1,70,All India except Central University,GOVT MEDICAL COLLEGE KOTTAYAM(700289),M.S. (ORTHOPAEDICS),All India,2,0,0,0,1,0,1,0,0,0,4,All India Quota Seat Matrix - Round 1.pdf
2025,AIQ,1,70,All India except Central University,GOVT MEDICAL COLLEGE KOTTAYAM(700289),MD/MS (Anatomy),All India,0,0,0,0,0,0,1,0,0,0,1,All India Quota Seat Matrix - Round 1.pdf
2025,AIQ,1,70,All India except Central University,Govt Medical college Shivpuri(902838),M.D. (MICROBIOLOGY),All India,2,0,0,0,0,0,0,0,0,0,2,All India Quota Seat Matrix - Round 1.pdf
2025,AIQ,1,71,All India except Central University,Govt Medical college Shivpuri(902838),M.D. (PATHOLOGY),All India,0,0,0,0,1,0,0,0,0,0,1,All India Quota Seat Matrix - Round 1.pdf
2025,AIQ,1,71,All India except Central University,Govt Medical college Shivpuri(902838),M.D. (PHARMACOLOGY),All India,1,0,0,0,0,0,0,0,0,0,1,All India Quota Seat Matrix - Round 1.pdf
2025,AIQ,1,71,All India except Central University,Govt Medical college Shivpuri(902838),M.D. (PHYSIOLOGY),All India,1,0,0,0,0,0,1,0,0,0,2,All India Quota Seat Matrix - Round 1.pdf
2025,AIQ,1,71,All India except Central University,Govt Medical college Shivpuri(902838),M.D. (PREVENTIVE and SOCIAL MEDICINE)/ COMMUNITY MEDICINE,All India,1,0,0,0,1,0,0,0,0,0,2,All India Quota Seat Matrix - Round 1.pdf
2025,AIQ,1,71,All India except Central University,Govt Medical college Shivpuri(902838),M.S. (ORTHOPAEDICS),All India,1,0,0,0,0,0,0,0,0,0,1,All India Quota Seat Matrix - Round 1.pdf
2025,AIQ,1,71,All India except Central University,Govt Medical college Shivpuri(902838),MD/MS (Anatomy),All India,0,0,0,0,1,0,0,0,0,0,1,All India Quota Seat Matrix - Round 1.pdf
2025,AIQ,1,71,All India except Central University,"GOVT MEDICAL COLLEGE, ANANTAPURAMU(700473)",M.D. (ANAESTHESIOLOGY),All India,2,0,0,0,1,0,0,0,0,0,3,All India Quota Seat Matrix - Round 1.pdf
2025,AIQ,1,71,All India except Central University,"GOVT MEDICAL COLLEGE, ANANTAPURAMU(700473)",M.D. (BIOCHEMISTRY),All India,1,0,0,0,0,0,0,0,0,0,1,All India Quota Seat Matrix - Round 1.pdf
2025,AIQ,1,71,All India except Central University,"GOVT MEDICAL COLLEGE, ANANTAPURAMU(700473)","M.D. (DERM.,VENE. and LEPROSY)/ (DERMATOLOGY)/(SKIN and VENEREAL DISEASES)/(VENEREOLOGY)",All India,0,0,0,0,0,0,1,0,1,0,2,All India Quota Seat Matrix - Round 1.pdf
2025,AIQ,1,71,All India except Central University,"GOVT MEDICAL COLLEGE, ANANTAPURAMU(700473)",M.D. (FORENSIC MEDICINE),All India,0,0,1,0,0,0,0,0,0,0,1,All India Quota Seat Matrix - Round 1.pdf
2025,AIQ,1,71,All India except Central University,"GOVT MEDICAL COLLEGE, ANANTAPURAMU(700473)",M.D. (GENERAL MEDICINE),All India,2,0,0,0,1,0,1,0,0,0,4,All India Quota Seat Matrix - Round 1.pdf
2025,AIQ,1,71,All India except Central University,"GOVT MEDICAL COLLEGE, ANANTAPURAMU(700473)",M.D. (MICROBIOLOGY),All India,1,0,0,0,2,0,1,0,1,0,5,All India Quota Seat Matrix - Round 1.pdf
2025,AIQ,1,71,All India except Central University,"GOVT MEDICAL COLLEGE, ANANTAPURAMU(700473)",M.D. (Obst. and Gynae)/MS (Obstetrics and Gynaecology),All India,2,1,1,0,1,0,1,0,0,0,6,All India Quota Seat Matrix - Round 1.pdf
2025,AIQ,1,71,All India except Central University,"GOVT MEDICAL COLLEGE, ANANTAPURAMU(700473)",M.D. (PAEDIATRICS),All India,0,0,0,0,1,0,0,0,1,0,2,All India Quota Seat Matrix - Round 1.pdf
2025,AIQ,1,71,All India except Central University,"GOVT MEDICAL COLLEGE, ANANTAPURAMU(700473)",M.D. (PATHOLOGY),All India,1,0,0,0,1,0,0,0,0,0,2,All India Quota Seat Matrix - Round 1.pdf
2025,AIQ,1,71,All India except Central University,"GOVT MEDICAL COLLEGE, ANANTAPURAMU(700473)",M.D. (PHARMACOLOGY),All India,1,0,1,0,0,0,1,0,0,0,3,All India Quota Seat Matrix - Round 1.pdf
2025,AIQ,1,71,All India except Central University,"GOVT MEDICAL COLLEGE, ANANTAPURAMU(700473)",M.D. (PHYSIOLOGY),All India,1,0,0,0,1,0,0,0,0,0,2,All India Quota Seat Matrix - Round 1.pdf
2025,AIQ,1,71,All India except Central University,"GOVT MEDICAL COLLEGE, ANANTAPURAMU(700473)",M.D. (PREVENTIVE and SOCIAL MEDICINE)/ COMMUNITY MEDICINE,All India,1,0,0,0,0,0,0,0,0,0,1,All India Quota Seat Matrix - Round 1.pdf
2025,AIQ,1,71,All India except Central University,"GOVT MEDICAL COLLEGE, ANANTAPURAMU(700473)",M.D. (PSYCHIATRY),All India,1,0,0,0,0,0,0,0,0,0,1,All India Quota Seat Matrix - Round 1.pdf
2025,AIQ,1,71,All India except Central University,"GOVT MEDICAL COLLEGE, ANANTAPURAMU(700473)",M.D. (RADIO-DIAGNOSIS),All India,1,0,1,0,2,0,1,0,1,0,6,All India Quota Seat Matrix - Round 1.pdf
2025,AIQ,1,72,All India except Central University,"GOVT MEDICAL COLLEGE, ANANTAPURAMU(700473)",M.D. (Tuberculosis and Respiratory diseases)/Pulmonary Medicine /M.D. (Respiratory Medicine),All India,1,0,0,0,1,0,0,0,0,0,2,All India Quota Seat Matrix - Round 1.pdf
2025,AIQ,1,72,All India except Central University,"GOVT MEDICAL COLLEGE, ANANTAPURAMU(700473)",M.S. (E.N.T.),All India,0,0,0,0,1,0,0,0,0,0,1,All India Quota Seat Matrix - Round 1.pdf
2025,AIQ,1,72,All India except Central University,"GOVT MEDICAL COLLEGE, ANANTAPURAMU(700473)",M.S. (GENERAL SURGERY),All India,3,0,0,0,1,0,0,0,0,0,4,All India Quota Seat Matrix - Round 1.pdf
2025,AIQ,1,72,All India except Central University,"GOVT MEDICAL COLLEGE, ANANTAPURAMU(700473)",M.S. (OPHTHALMOLOGY),All India,0,0,1,0,1,0,0,0,0,0,2,All India Quota Seat Matrix - Round 1.pdf
2025,AIQ,1,72,All India except Central University,"GOVT MEDICAL COLLEGE, ANANTAPURAMU(700473)",M.S. (ORTHOPAEDICS),All India,2,0,0,0,0,0,1,0,0,0,3,All India Quota Seat Matrix - Round 1.pdf
2025,AIQ,1,72,All India except Central University,"GOVT MEDICAL COLLEGE, ANANTAPURAMU(700473)",MD/MS (Anatomy),All India,1,0,1,0,1,0,1,0,0,0,4,All India Quota Seat Matrix - Round 1.pdf
2025,AIQ,1,72,All India except Central University,"GOVT MEDICAL COLLEGE, ERNAKULAM(700295)",M.D. (GENERAL MEDICINE),All India,0,0,0,0,1,0,0,0,0,0,1,All India Quota Seat Matrix - Round 1.pdf
2025,AIQ,1,72,All India except Central University,"GOVT MEDICAL COLLEGE, ERNAKULAM(700295)",M.D. (MICROBIOLOGY),All India,0,0,0,0,0,0,0,1,0,0,1,All India Quota Seat Matrix - Round 1.pdf
2025,AIQ,1,72,All India except Central University,"GOVT MEDICAL COLLEGE, ERNAKULAM(700295)",M.D. (PAEDIATRICS),All India,0,0,0,0,0,0,0,0,0,1,1,All India Quota Seat Matrix - Round 1.pdf
2025,AIQ,1,72,All India except Central University,"GOVT MEDICAL COLLEGE, ERNAKULAM(700295)",M.D. (PATHOLOGY),All India,0,0,1,0,0,0,0,0,0,0,1,All India Quota Seat Matrix - Round 1.pdf
2025,AIQ,1,72,All India except Central University,"GOVT MEDICAL COLLEGE, ERNAKULAM(700295)",M.D. (PSYCHIATRY),All India,0,0,0,0,1,0,0,0,0,0,1,All India Quota Seat Matrix - Round 1.pdf
2025,AIQ,1,72,All India except Central University,"GOVT MEDICAL COLLEGE,THRISSUR(700290)",M.D. (ANAESTHESIOLOGY),All India,4,0,1,0,3,0,2,0,1,0,11,All India Quota Seat Matrix - Round 1.pdf
2025,AIQ,1,72,All India except Central University,"GOVT MEDICAL COLLEGE,THRISSUR(700290)",M.D. (BIOCHEMISTRY),All India,1,0,0,0,0,0,0,0,0,0,1,All India Quota Seat Matrix - Round 1.pdf
2025,AIQ,1,72,All India except Central University,"GOVT MEDICAL COLLEGE,THRISSUR(700290)","M.D. (DERM.,VENE. and LEPROSY)/ (DERMATOLOGY)/(SKIN and VENEREAL DISEASES)/(VENEREOLOGY)",All India,1,0,0,0,1,0,0,0,0,0,2,All India Quota Seat Matrix - Round 1.pdf
2025,AIQ,1,72,All India except Central University,"GOVT MEDICAL COLLEGE,THRISSUR(700290)",M.D. (FORENSIC MEDICINE),All India,1,0,0,0,0,0,0,0,0,0,1,All India Quota Seat Matrix - Round 1.pdf
2025,AIQ,1,72,All India except Central University,"GOVT MEDICAL COLLEGE,THRISSUR(700290)",M.D. (GENERAL MEDICINE),All India,1,1,1,0,2,0,1,0,1,0,7,All India Quota Seat Matrix - Round 1.pdf
2025,AIQ,1,72,All India except Central University,"GOVT MEDICAL COLLEGE,THRISSUR(700290)",M.D. (MICROBIOLOGY),All India,2,0,0,0,1,0,0,0,0,0,3,All India Quota Seat Matrix - Round 1.pdf
2025,AIQ,1,72,All India except Central University,"GOVT MEDICAL COLLEGE,THRISSUR(700290)",M.D. (Obst. and Gynae)/MS (Obstetrics and Gynaecology),All India,1,0,1,0,1,0,1,0,1,0,5,All India Quota Seat Matrix - Round 1.pdf
2025,AIQ,1,72,All India except Central University,"GOVT MEDICAL COLLEGE,THRISSUR(700290)",M.D. (PAEDIATRICS),All India,1,0,1,0,1,0,1,0,1,0,5,All India Quota Seat Matrix - Round 1.pdf
2025,AIQ,1,72,All India except Central University,"GOVT MEDICAL COLLEGE,THRISSUR(700290)",M.D. (PATHOLOGY),All India,3,0,0,0,1,0,1,0,0,0,5,All India Quota Seat Matrix - Round 1.pdf
2025,AIQ,1,73,All India except Central University,"GOVT MEDICAL COLLEGE,THRISSUR(700290)",M.D. (PHARMACOLOGY),All India,0,0,1,0,1,0,0,0,0,0,2,All India Quota Seat Matrix - Round 1.pdf
2025,AIQ,1,73,All India except Central University,"GOVT MEDICAL COLLEGE,THRISSUR(700290)",M.D. (PHYSIOLOGY),All India,2,0,0,0,0,0,0,0,0,0,2,All India Quota Seat Matrix - Round 1.pdf
2025,AIQ,1,73,All India except Central University,"GOVT MEDICAL COLLEGE,THRISSUR(700290)",M.D. (PREVENTIVE and SOCIAL MEDICINE)/ COMMUNITY MEDICINE,All India,0,0,0,0,1,0,1,0,0,0,2,All India Quota Seat Matrix - Round 1.pdf
2025,AIQ,1,73,All India except Central University,"GOVT MEDICAL COLLEGE,THRISSUR(700290)",M.D. (PSYCHIATRY),All India,1,0,0,0,0,0,0,0,1,0,2,All India Quota Seat Matrix - Round 1.pdf
2025,AIQ,1,73,All India except Central University,"GOVT MEDICAL COLLEGE,THRISSUR(700290)",M.D. (RADIO-DIAGNOSIS),All India,0,1,0,0,1,0,0,0,0,0,2,All India Quota Seat Matrix - Round 1.pdf
2025,AIQ,1,73,All India except Central University,"GOVT MEDICAL COLLEGE,THRISSUR(700290)",M.D. (Radiotherapy/ Radiation Oncology),All India,0,0,0,0,0,0,1,0,0,0,1,All India Quota Seat Matrix - Round 1.pdf
2025,AIQ,1,73,All India except Central University,"GOVT MEDICAL COLLEGE,THRISSUR(700290)",M.D. (Tuberculosis and Respiratory diseases)/Pulmonary Medicine /M.D. (Respiratory Medicine),All India,0,0,1,0,1,0,0,0,0,0,2,All India Quota Seat Matrix - Round 1.pdf
2025,AIQ,1,73,All India except Central University,"GOVT MEDICAL COLLEGE,THRISSUR(700290)",M.S. (E.N.T.),All India,0,0,0,0,0,0,1,0,0,0,1,All India Quota Seat Matrix - Round 1.pdf
2025,AIQ,1,73,All India except Central University,"GOVT MEDICAL COLLEGE,THRISSUR(700290)",M.S. (GENERAL SURGERY),All India,4,0,1,0,1,1,1,0,0,0,8,All India Quota Seat Matrix - Round 1.pdf
2025,AIQ,1,73,All India except Central University,"GOVT MEDICAL COLLEGE,THRISSUR(700290)",M.S. (OPHTHALMOLOGY),All India,1,0,0,0,1,0,1,0,0,0,3,All India Quota Seat Matrix - Round 1.pdf
2025,AIQ,1,73,All India except Central University,"GOVT MEDICAL COLLEGE,THRISSUR(700290)",M.S. (ORTHOPAEDICS),All India,3,0,0,0,2,0,0,0,0,0,5,All India Quota Seat Matrix - Round 1.pdf
2025,AIQ,1,73,All India except Central University,"GOVT MEDICAL COLLEGE,THRISSUR(700290)",MD/MS (Anatomy),All India,1,0,0,0,0,0,0,0,0,0,1,All India Quota Seat Matrix - Round 1.pdf
2025,AIQ,1,73,All India except Central University,Govt. Bundelkhand Medical College Sagar M.P.(700520),M.D. (ANAESTHESIOLOGY),All India,1,0,0,0,1,0,0,0,1,0,3,All India Quota Seat Matrix - Round 1.pdf
2025,AIQ,1,73,All India except Central University,Govt. Bundelkhand Medical College Sagar M.P.(700520),M.D. (BIOCHEMISTRY),All India,0,0,0,0,0,1,1,0,0,0,2,All India Quota Seat Matrix - Round 1.pdf
2025,AIQ,1,73,All India except Central University,Govt. Bundelkhand Medical College Sagar M.P.(700520),M.D. (Emergency and Critical Care)/M.D. (Emergency Medicine),All India,2,0,0,0,0,0,0,0,0,0,2,All India Quota Seat Matrix - Round 1.pdf
2025,AIQ,1,73,All India except Central University,Govt. Bundelkhand Medical College Sagar M.P.(700520),M.D. (FORENSIC MEDICINE),All India,0,0,1,0,0,0,0,0,0,0,1,All India Quota Seat Matrix - Round 1.pdf
2025,AIQ,1,73,All India except Central University,Govt. Bundelkhand Medical College Sagar M.P.(700520),M.D. (GENERAL MEDICINE),All India,3,0,0,0,1,0,0,0,0,0,4,All India Quota Seat Matrix - Round 1.pdf
2025,AIQ,1,73,All India except Central University,Govt. Bundelkhand Medical College Sagar M.P.(700520),M.D. (MICROBIOLOGY),All India,1,0,0,0,1,0,0,0,0,0,2,All India Quota Seat Matrix - Round 1.pdf
2025,AIQ,1,73,All India except Central University,Govt. Bundelkhand Medical College Sagar M.P.(700520),M.D. (Obst. and Gynae)/MS (Obstetrics and Gynaecology),All India,0,0,1,0,0,0,0,0,0,0,1,All India Quota Seat Matrix - Round 1.pdf
2025,AIQ,1,73,All India except Central University,Govt. Bundelkhand Medical College Sagar M.P.(700520),M.D. (PAEDIATRICS),All India,2,0,0,0,0,0,0,0,0,0,2,All India Quota Seat Matrix - Round 1.pdf
2025,AIQ,1,74,All India except Central University,Govt. Bundelkhand Medical College Sagar M.P.(700520),M.D. (PATHOLOGY),All India,0,0,0,0,1,0,0,0,0,0,1,All India Quota Seat Matrix - Round 1.pdf
2025,AIQ,1,74,All India except Central University,Govt. Bundelkhand Medical College Sagar M.P.(700520),M.D. (PHARMACOLOGY),All India,0,1,0,0,0,0,0,0,1,0,2,All India Quota Seat Matrix - Round 1.pdf
2025,AIQ,1,74,All India except Central University,Govt. Bundelkhand Medical College Sagar M.P.(700520),M.D. (PHYSIOLOGY),All India,0,0,0,0,1,0,1,0,0,0,2,All India Quota Seat Matrix - Round 1.pdf
2025,AIQ,1,74,All India except Central University,Govt. Bundelkhand Medical College Sagar M.P.(700520),M.D. (PREVENTIVE and SOCIAL MEDICINE)/ COMMUNITY MEDICINE,All India,1,0,1,0,0,0,0,0,0,0,2,All India Quota Seat Matrix - Round 1.pdf
2025,AIQ,1,74,All India except Central University,Govt. Bundelkhand Medical College Sagar M.P.(700520),M.S. (E.N.T.),All India,0,0,0,0,1,0,1,0,0,0,2,All India Quota Seat Matrix - Round 1.pdf
2025,AIQ,1,74,All India except Central University,Govt. Bundelkhand Medical College Sagar M.P.(700520),M.S. (GENERAL SURGERY),All India,0,0,0,0,1,0,1,0,1,0,3,All India Quota Seat Matrix - Round 1.pdf
2025,AIQ,1,74,All India except Central University,Govt. Bundelkhand Medical College Sagar M.P.(700520),M.S. (OPHTHALMOLOGY),All India,2,0,0,0,0,0,0,0,0,0,2,All India Quota Seat Matrix - Round 1.pdf
2025,AIQ,1,74,All India except Central University,Govt. Bundelkhand Medical College Sagar M.P.(700520),M.S. (ORTHOPAEDICS),All India,0,0,0,0,1,0,1,0,0,0,2,All India Quota Seat Matrix - Round 1.pdf
2025,AIQ,1,74,All India except Central University,Govt. Bundelkhand Medical College Sagar M.P.(700520),MD/MS (Anatomy),All India,1,0,1,0,0,0,0,0,0,0,2,All India Quota Seat Matrix - Round 1.pdf
2025,AIQ,1,74,All India except Central University,"Govt. Doon Medical College, Dehradun(701352)",M.D. (ANAESTHESIOLOGY),All India,0,0,0,0,1,0,1,0,1,0,3,All India Quota Seat Matrix - Round 1.pdf
2025,AIQ,1,74,All India except Central University,"Govt. Doon Medical College, Dehradun(701352)",M.D. (BIOCHEMISTRY),All India,0,0,1,0,0,0,0,0,0,0,1,All India Quota Seat Matrix - Round 1.pdf
2025,AIQ,1,74,All India except Central University,"Govt. Doon Medical College, Dehradun(701352)",M.D. (FORENSIC MEDICINE),All India,0,0,0,0,1,0,0,0,0,0,1,All India Quota Seat Matrix - Round 1.pdf
2025,AIQ,1,74,All India except Central University,"Govt. Doon Medical College, Dehradun(701352)",M.D. (GENERAL MEDICINE),All India,1,0,0,0,0,0,1,0,0,0,2,All India Quota Seat Matrix - Round 1.pdf
2025,AIQ,1,74,All India except Central University,"Govt. Doon Medical College, Dehradun(701352)",M.D. (MICROBIOLOGY),All India,1,0,0,0,1,0,0,0,0,0,2,All India Quota Seat Matrix - Round 1.pdf
2025,AIQ,1,74,All India except Central University,"Govt. Doon Medical College, Dehradun(701352)",M.D. (Obst. and Gynae)/MS (Obstetrics and Gynaecology),All India,1,0,1,0,1,0,1,0,1,0,5,All India Quota Seat Matrix - Round 1.pdf
2025,AIQ,1,74,All India except Central University,"Govt. Doon Medical College, Dehradun(701352)",M.D. (PAEDIATRICS),All India,2,0,1,0,1,0,0,0,0,0,4,All India Quota Seat Matrix - Round 1.pdf
2025,AIQ,1,74,All India except Central University,"Govt. Doon Medical College, Dehradun(701352)",M.D. (PATHOLOGY),All India,1,0,0,0,0,0,0,0,0,0,1,All India Quota Seat Matrix - Round 1.pdf
2025,AIQ,1,74,All India except Central University,"Govt. Doon Medical College, Dehradun(701352)",M.D. (PHARMACOLOGY),All India,1,0,0,0,1,0,0,0,0,0,2,All India Quota Seat Matrix - Round 1.pdf
2025,AIQ,1,74,All India except Central University,"Govt. Doon Medical College, Dehradun(701352)",M.D. (PHYSIOLOGY),All India,0,0,0,0,0,0,1,0,1,0,2,All India Quota Seat Matrix - Round 1.pdf
2025,AIQ,1,74,All India except Central University,"Govt. Doon Medical College, Dehradun(701352)",M.D. (PREVENTIVE and SOCIAL MEDICINE)/ COMMUNITY MEDICINE,All India,1,0,0,0,0,0,0,0,0,0,1,All India Quota Seat Matrix - Round 1.pdf
2025,AIQ,1,74,All India except Central University,"Govt. Doon Medical College, Dehradun(701352)",M.S. (E.N.T.),All India,1,0,0,0,0,0,0,0,0,0,1,All India Quota Seat Matrix - Round 1.pdf
2025,AIQ,1,75,All India except Central University,"Govt. Doon Medical College, Dehradun(701352)",M.S. (GENERAL SURGERY),All India,2,0,0,0,1,0,0,0,0,0,3,All India Quota Seat Matrix - Round 1.pdf
2025,AIQ,1,75,All India except Central University,"Govt. Doon Medical College, Dehradun(701352)",M.S. (OPHTHALMOLOGY),All India,1,0,0,0,1,0,0,0,0,0,2,All India Quota Seat Matrix - Round 1.pdf
2025,AIQ,1,75,All India except Central University,"Govt. Doon Medical College, Dehradun(701352)",M.S. (ORTHOPAEDICS),All India,0,0,0,0,0,0,1,0,0,0,1,All India Quota Seat Matrix - Round 1.pdf
2025,AIQ,1,75,All India except Central University,"Govt. Doon Medical College, Dehradun(701352)",MD/MS (Anatomy),All India,1,0,0,0,0,0,0,0,0,0,1,All India Quota Seat Matrix - Round 1.pdf
2025,AIQ,1,75,All India except Central University,Govt. Medical College Akola(700328),M.D. (ANAESTHESIOLOGY),All India,0,0,1,0,1,0,0,0,0,0,2,All India Quota Seat Matrix - Round 1.pdf
2025,AIQ,1,75,All India except Central University,Govt. Medical College Akola(700328),M.D. (BIOCHEMISTRY),All India,1,0,0,0,0,0,0,0,0,0,1,All India Quota Seat Matrix - Round 1.pdf
2025,AIQ,1,75,All India except Central University,Govt. Medical College Akola(700328),"M.D. (DERM.,VENE. and LEPROSY)/ (DERMATOLOGY)/(SKIN and VENEREAL DISEASES)/(VENEREOLOGY)",All India,0,1,0,0,1,0,0,0,0,0,2,All India Quota Seat Matrix - Round 1.pdf
2025,AIQ,1,75,All India except Central University,Govt. Medical College Akola(700328),M.D. (FORENSIC MEDICINE),All India,1,0,0,0,0,0,0,0,0,0,1,All India Quota Seat Matrix - Round 1.pdf
2025,AIQ,1,75,All India except Central University,Govt. Medical College Akola(700328),M.D. (MICROBIOLOGY),All India,1,0,0,0,0,0,0,0,0,0,1,All India Quota Seat Matrix - Round 1.pdf
2025,AIQ,1,75,All India except Central University,Govt. Medical College Akola(700328),M.D. (Obst. and Gynae)/MS (Obstetrics and Gynaecology),All India,2,0,1,0,2,0,0,1,1,0,7,All India Quota Seat Matrix - Round 1.pdf
2025,AIQ,1,75,All India except Central University,Govt. Medical College Akola(700328),M.D. (PAEDIATRICS),All India,1,0,0,0,0,0,0,0,0,0,1,All India Quota Seat Matrix - Round 1.pdf
2025,AIQ,1,75,All India except Central University,Govt. Medical College Akola(700328),M.D. (PATHOLOGY),All India,1,0,1,0,1,0,1,0,0,0,4,All India Quota Seat Matrix - Round 1.pdf
2025,AIQ,1,75,All India except Central University,Govt. Medical College Akola(700328),M.D. (PHARMACOLOGY),All India,2,0,0,0,1,0,0,0,0,0,3,All India Quota Seat Matrix - Round 1.pdf
2025,AIQ,1,75,All India except Central University,Govt. Medical College Akola(700328),M.D. (PHYSIOLOGY),All India,0,0,0,0,0,0,1,0,0,0,1,All India Quota Seat Matrix - Round 1.pdf
2025,AIQ,1,75,All India except Central University,Govt. Medical College Akola(700328),M.D. (PREVENTIVE and SOCIAL MEDICINE)/ COMMUNITY MEDICINE,All India,1,0,1,0,2,0,0,0,1,0,5,All India Quota Seat Matrix - Round 1.pdf
2025,AIQ,1,75,All India except Central University,Govt. Medical College Akola(700328),M.D. (RADIO-DIAGNOSIS),All India,1,0,0,0,0,0,1,0,0,0,2,All India Quota Seat Matrix - Round 1.pdf
2025,AIQ,1,75,All India except Central University,Govt. Medical College Akola(700328),M.D. (Tuberculosis and Respiratory diseases)/Pulmonary Medicine /M.D. (Respiratory Medicine),All India,1,0,0,0,1,0,0,0,0,0,2,All India Quota Seat Matrix - Round 1.pdf
2025,AIQ,1,75,All India except Central University,Govt. Medical College Akola(700328),M.S. (E.N.T.),All India,0,0,0,0,0,0,1,0,0,0,1,All India Quota Seat Matrix - Round 1.pdf
2025,AIQ,1,75,All India except Central University,Govt. Medical College Akola(700328),M.S. (OPHTHALMOLOGY),All India,1,0,0,0,1,0,0,0,0,0,2,All India Quota Seat Matrix - Round 1.pdf
2025,AIQ,1,75,All India except Central University,Govt. Medical College Akola(700328),MD/MS (Anatomy),All India,0,0,0,0,0,0,0,0,1,0,1,All India Quota Seat Matrix - Round 1.pdf
2025,AIQ,1,76,All India except Central University,"GOVT. MEDICAL COLLEGE AND HOSPITAL, CHANDIGARH(700468)",M.D. (ANAESTHESIOLOGY),All India,3,0,1,0,2,1,2,0,1,0,10,All India Quota Seat Matrix - Round 1.pdf
2025,AIQ,1,76,All India except Central University,"GOVT. MEDICAL COLLEGE AND HOSPITAL, CHANDIGARH(700468)",M.D. (BIOCHEMISTRY),All India,2,0,0,0,1,0,0,0,0,0,3,All India Quota Seat Matrix - Round 1.pdf
2025,AIQ,1,76,All India except Central University,"GOVT. MEDICAL COLLEGE AND HOSPITAL, CHANDIGARH(700468)","M.D. (DERM.,VENE. and LEPROSY)/ (DERMATOLOGY)/(SKIN and VENEREAL DISEASES)/(VENEREOLOGY)",All India,1,0,0,0,0,0,1,0,0,0,2,All India Quota Seat Matrix - Round 1.pdf
2025,AIQ,1,76,All India except Central University,"GOVT. MEDICAL COLLEGE AND HOSPITAL, CHANDIGARH(700468)",M.D. (FORENSIC MEDICINE),All India,1,1,0,0,1,0,0,0,0,0,3,All India Quota Seat Matrix - Round 1.pdf
2025,AIQ,1,76,All India except Central University,"GOVT. MEDICAL COLLEGE AND HOSPITAL, CHANDIGARH(700468)",M.D. (GENERAL MEDICINE),All India,1,0,1,0,1,0,2,0,1,0,6,All India Quota Seat Matrix - Round 1.pdf
2025,AIQ,1,76,All India except Central University,"GOVT. MEDICAL COLLEGE AND HOSPITAL, CHANDIGARH(700468)",M.D. (MICROBIOLOGY),All India,1,0,0,0,1,0,1,0,0,0,3,All India Quota Seat Matrix - Round 1.pdf
2025,AIQ,1,76,All India except Central University,"GOVT. MEDICAL COLLEGE AND HOSPITAL, CHANDIGARH(700468)",M.D. (Obst. and Gynae)/MS (Obstetrics and Gynaecology),All India,1,0,1,0,1,0,0,0,1,0,4,All India Quota Seat Matrix - Round 1.pdf
2025,AIQ,1,76,All India except Central University,"GOVT. MEDICAL COLLEGE AND HOSPITAL, CHANDIGARH(700468)",M.D. (PAEDIATRICS),All India,0,0,1,0,2,0,1,0,1,0,5,All India Quota Seat Matrix - Round 1.pdf
2025,AIQ,1,76,All India except Central University,"GOVT. MEDICAL COLLEGE AND HOSPITAL, CHANDIGARH(700468)",M.D. (PATHOLOGY),All India,2,0,0,0,1,0,0,0,0,0,3,All India Quota Seat Matrix - Round 1.pdf
2025,AIQ,1,76,All India except Central University,"GOVT. MEDICAL COLLEGE AND HOSPITAL, CHANDIGARH(700468)",M.D. (PHARMACOLOGY),All India,1,0,0,0,0,0,1,0,0,0,2,All India Quota Seat Matrix - Round 1.pdf
2025,AIQ,1,76,All India except Central University,"GOVT. MEDICAL COLLEGE AND HOSPITAL, CHANDIGARH(700468)",M.D. (PHYSIOLOGY),All India,1,0,0,0,0,0,0,0,0,0,1,All India Quota Seat Matrix - Round 1.pdf
2025,AIQ,1,76,All India except Central University,"GOVT. MEDICAL COLLEGE AND HOSPITAL, CHANDIGARH(700468)",M.D. (PREVENTIVE and SOCIAL MEDICINE)/ COMMUNITY MEDICINE,All India,2,0,1,0,2,0,0,0,0,0,5,All India Quota Seat Matrix - Round 1.pdf
2025,AIQ,1,76,All India except Central University,"GOVT. MEDICAL COLLEGE AND HOSPITAL, CHANDIGARH(700468)",M.D. (PSYCHIATRY),All India,1,0,0,0,1,0,0,1,1,0,4,All India Quota Seat Matrix - Round 1.pdf
2025,AIQ,1,76,All India except Central University,"GOVT. MEDICAL COLLEGE AND HOSPITAL, CHANDIGARH(700468)",M.D. (RADIO-DIAGNOSIS),All India,1,1,1,0,1,0,1,0,0,0,5,All India Quota Seat Matrix - Round 1.pdf
2025,AIQ,1,76,All India except Central University,"GOVT. MEDICAL COLLEGE AND HOSPITAL, CHANDIGARH(700468)",M.D. (Radiotherapy/ Radiation Oncology),All India,1,0,0,0,1,0,0,0,0,0,2,All India Quota Seat Matrix - Round 1.pdf
2025,AIQ,1,76,All India except Central University,"GOVT. MEDICAL COLLEGE AND HOSPITAL, CHANDIGARH(700468)",M.D. IN TRANSFUSION MEDICINE/ IMMUNO- HAEMATOLOGY and BLOOD TRANSFUSION,All India,1,0,0,0,0,0,1,0,1,0,3,All India Quota Seat Matrix - Round 1.pdf
2025,AIQ,1,76,All India except Central University,"GOVT. MEDICAL COLLEGE AND HOSPITAL, CHANDIGARH(700468)",M.S. (E.N.T.),All India,0,0,1,0,1,0,0,0,0,0,2,All India Quota Seat Matrix - Round 1.pdf
2025,AIQ,1,76,All India except Central University,"GOVT. MEDICAL COLLEGE AND HOSPITAL, CHANDIGARH(700468)",M.S. (GENERAL SURGERY),All India,4,0,0,0,2,0,0,0,0,0,6,All India Quota Seat Matrix - Round 1.pdf
2025,AIQ,1,76,All India except Central University,"GOVT. MEDICAL COLLEGE AND HOSPITAL, CHANDIGARH(700468)",M.S. (OPHTHALMOLOGY),All India,1,0,0,0,0,0,1,0,0,0,2,All India Quota Seat Matrix - Round 1.pdf
2025,AIQ,1,76,All India except Central University,"GOVT. MEDICAL COLLEGE AND HOSPITAL, CHANDIGARH(700468)",M.S. (ORTHOPAEDICS),All India,3,0,0,0,1,0,0,0,0,0,4,All India Quota Seat Matrix - Round 1.pdf
2025,AIQ,1,77,All India except Central University,"GOVT. MEDICAL COLLEGE AND HOSPITAL, CHANDIGARH(700468)",MD/MS (Anatomy),All India,1,0,0,0,0,0,0,0,0,0,1,All India Quota Seat Matrix - Round 1.pdf
2025,AIQ,1,77,All India except Central University,"GOVT. MEDICAL COLLEGE, AMRITSAR(700341)",DIPLOMA IN ANAESTHESIOLOGY,All India,1,0,1,0,1,0,0,0,0,0,3,All India Quota Seat Matrix - Round 1.pdf
2025,AIQ,1,77,All India except Central University,"GOVT. MEDICAL COLLEGE, AMRITSAR(700341)",DIPLOMA IN CHILD HEALTH/ PAEDIATRICS,All India,1,0,0,0,0,0,1,0,0,0,2,All India Quota Seat Matrix - Round 1.pdf
2025,AIQ,1,77,All India except Central University,"GOVT. MEDICAL COLLEGE, AMRITSAR(700341)",M.D. (ANAESTHESIOLOGY),All India,3,0,0,0,1,0,0,1,0,0,5,All India Quota Seat Matrix - Round 1.pdf
2025,AIQ,1,77,All India except Central University,"GOVT. MEDICAL COLLEGE, AMRITSAR(700341)",M.D. (BIOCHEMISTRY),All India,0,0,0,0,0,0,0,0,1,0,1,All India Quota Seat Matrix - Round 1.pdf
2025,AIQ,1,77,All India except Central University,"GOVT. MEDICAL COLLEGE, AMRITSAR(700341)","M.D. (DERM.,VENE. and LEPROSY)/ (DERMATOLOGY)/(SKIN and VENEREAL DISEASES)/(VENEREOLOGY)",All India,1,0,0,0,1,0,0,0,0,0,2,All India Quota Seat Matrix - Round 1.pdf
2025,AIQ,1,77,All India except Central University,"GOVT. MEDICAL COLLEGE, AMRITSAR(700341)",M.D. (Emergency and Critical Care)/M.D. (Emergency Medicine),All India,1,0,0,0,0,0,0,0,0,0,1,All India Quota Seat Matrix - Round 1.pdf
2025,AIQ,1,77,All India except Central University,"GOVT. MEDICAL COLLEGE, AMRITSAR(700341)",M.D. (FORENSIC MEDICINE),All India,0,0,0,0,1,0,0,0,1,0,2,All India Quota Seat Matrix - Round 1.pdf
2025,AIQ,1,77,All India except Central University,"GOVT. MEDICAL COLLEGE, AMRITSAR(700341)",M.D. (GENERAL MEDICINE),All India,3,0,2,0,2,0,1,0,0,0,8,All India Quota Seat Matrix - Round 1.pdf
2025,AIQ,1,77,All India except Central University,"GOVT. MEDICAL COLLEGE, AMRITSAR(700341)",M.D. (MICROBIOLOGY),All India,0,0,1,0,1,0,1,0,0,0,3,All India Quota Seat Matrix - Round 1.pdf
2025,AIQ,1,77,All India except Central University,"GOVT. MEDICAL COLLEGE, AMRITSAR(700341)",M.D. (Obst. and Gynae)/MS (Obstetrics and Gynaecology),All India,3,0,0,0,2,0,0,0,0,0,5,All India Quota Seat Matrix - Round 1.pdf
2025,AIQ,1,77,All India except Central University,"GOVT. MEDICAL COLLEGE, AMRITSAR(700341)",M.D. (PAEDIATRICS),All India,1,0,0,0,1,0,1,0,0,0,3,All India Quota Seat Matrix - Round 1.pdf
2025,AIQ,1,77,All India except Central University,"GOVT. MEDICAL COLLEGE, AMRITSAR(700341)",M.D. (PATHOLOGY),All India,3,0,0,0,0,1,0,0,0,0,4,All India Quota Seat Matrix - Round 1.pdf
2025,AIQ,1,77,All India except Central University,"GOVT. MEDICAL COLLEGE, AMRITSAR(700341)",M.D. (PHARMACOLOGY),All India,0,0,0,0,1,0,1,0,0,0,2,All India Quota Seat Matrix - Round 1.pdf
2025,AIQ,1,77,All India except Central University,"GOVT. MEDICAL COLLEGE, AMRITSAR(700341)",M.D. (PHYSIOLOGY),All India,0,0,1,0,0,0,0,0,1,0,2,All India Quota Seat Matrix - Round 1.pdf
2025,AIQ,1,77,All India except Central University,"GOVT. MEDICAL COLLEGE, AMRITSAR(700341)",M.D. (PREVENTIVE and SOCIAL MEDICINE)/ COMMUNITY MEDICINE,All India,1,0,0,0,1,0,0,0,0,0,2,All India Quota Seat Matrix - Round 1.pdf
2025,AIQ,1,77,All India except Central University,"GOVT. MEDICAL COLLEGE, AMRITSAR(700341)",M.D. (PSYCHIATRY),All India,1,0,0,0,1,0,0,0,0,0,2,All India Quota Seat Matrix - Round 1.pdf
2025,AIQ,1,77,All India except Central University,"GOVT. MEDICAL COLLEGE, AMRITSAR(700341)",M.D. (RADIO-DIAGNOSIS),All India,2,0,0,0,0,0,1,0,0,0,3,All India Quota Seat Matrix - Round 1.pdf
2025,AIQ,1,77,All India except Central University,"GOVT. MEDICAL COLLEGE, AMRITSAR(700341)",M.D. (Radiotherapy/ Radiation Oncology),All India,0,0,0,0,1,0,0,0,0,0,1,All India Quota Seat Matrix - Round 1.pdf
2025,AIQ,1,77,All India except Central University,"GOVT. MEDICAL COLLEGE, AMRITSAR(700341)",M.D. (Tuberculosis and Respiratory diseases)/Pulmonary Medicine /M.D. (Respiratory Medicine),All India,1,0,1,0,0,0,0,0,0,0,2,All India Quota Seat Matrix - Round 1.pdf
2025,AIQ,1,78,All India except Central University,"GOVT. MEDICAL COLLEGE, AMRITSAR(700341)",M.S. (E.N.T.),All India,1,0,0,0,1,0,1,0,0,0,3,All India Quota Seat Matrix - Round 1.pdf
2025,AIQ,1,78,All India except Central University,"GOVT. MEDICAL COLLEGE, AMRITSAR(700341)",M.S. (GENERAL SURGERY),All India,3,0,0,0,1,0,1,0,1,0,6,All India Quota Seat Matrix - Round 1.pdf
2025,AIQ,1,78,All India except Central University,"GOVT. MEDICAL COLLEGE, AMRITSAR(700341)",M.S. (OPHTHALMOLOGY),All India,1,1,0,0,0,0,1,0,0,0,3,All India Quota Seat Matrix - Round 1.pdf
2025,AIQ,1,78,All India except Central University,"GOVT. MEDICAL COLLEGE, AMRITSAR(700341)",M.S. (ORTHOPAEDICS),All India,1,0,1,0,1,0,0,0,1,0,4,All India Quota Seat Matrix - Round 1.pdf
2025,AIQ,1,78,All India except Central University,"GOVT. MEDICAL COLLEGE, AMRITSAR(700341)",MD/MS (Anatomy),All India,0,0,1,0,1,0,1,0,0,0,3,All India Quota Seat Matrix - Round 1.pdf
2025,AIQ,1,78,All India except Central University,"Govt. Medical College, Baroda(700365)",M.D. (ANAESTHESIOLOGY),All India,3,0,1,0,2,0,1,0,1,0,8,All India Quota Seat Matrix - Round 1.pdf
2025,AIQ,1,78,All India except Central University,"Govt. Medical College, Baroda(700365)",M.D. (BIOCHEMISTRY),All India,1,0,0,0,1,0,0,0,0,0,2,All India Quota Seat Matrix - Round 1.pdf
2025,AIQ,1,78,All India except Central University,"Govt. Medical College, Baroda(700365)","M.D. (DERM.,VENE. and LEPROSY)/ (DERMATOLOGY)/(SKIN and VENEREAL DISEASES)/(VENEREOLOGY)",All India,1,0,0,0,1,0,1,0,0,0,3,All India Quota Seat Matrix - Round 1.pdf
2025,AIQ,1,78,All India except Central University,"Govt. Medical College, Baroda(700365)",M.D. (FORENSIC MEDICINE),All India,0,0,1,0,0,0,0,0,0,0,1,All India Quota Seat Matrix - Round 1.pdf
2025,AIQ,1,78,All India except Central University,"Govt. Medical College, Baroda(700365)",M.D. (GENERAL MEDICINE),All India,5,1,1,0,2,1,1,1,0,1,13,All India Quota Seat Matrix - Round 1.pdf
2025,AIQ,1,78,All India except Central University,"Govt. Medical College, Baroda(700365)",M.D. (MICROBIOLOGY),All India,4,0,0,0,1,0,1,0,0,0,6,All India Quota Seat Matrix - Round 1.pdf
2025,AIQ,1,78,All India except Central University,"Govt. Medical College, Baroda(700365)",M.D. (Obst. and Gynae)/MS (Obstetrics and Gynaecology),All India,3,0,1,0,3,0,2,0,1,0,10,All India Quota Seat Matrix - Round 1.pdf
2025,AIQ,1,78,All India except Central University,"Govt. Medical College, Baroda(700365)",M.D. (PAEDIATRICS),All India,2,1,1,0,1,0,1,0,0,0,6,All India Quota Seat Matrix - Round 1.pdf
2025,AIQ,1,78,All India except Central University,"Govt. Medical College, Baroda(700365)",M.D. (PATHOLOGY),All India,0,0,1,0,2,0,1,0,1,0,5,All India Quota Seat Matrix - Round 1.pdf
2025,AIQ,1,78,All India except Central University,"Govt. Medical College, Baroda(700365)",M.D. (PHARMACOLOGY),All India,2,0,0,0,0,0,0,0,0,0,2,All India Quota Seat Matrix - Round 1.pdf
2025,AIQ,1,78,All India except Central University,"Govt. Medical College, Baroda(700365)",M.D. (PHYSIOLOGY),All India,0,0,0,0,1,0,1,0,0,0,2,All India Quota Seat Matrix - Round 1.pdf
2025,AIQ,1,78,All India except Central University,"Govt. Medical College, Baroda(700365)",M.D. (PREVENTIVE and SOCIAL MEDICINE)/ COMMUNITY MEDICINE,All India,1,0,0,1,1,0,1,0,0,0,4,All India Quota Seat Matrix - Round 1.pdf
2025,AIQ,1,78,All India except Central University,"Govt. Medical College, Baroda(700365)",M.D. (PSYCHIATRY),All India,0,0,0,0,1,0,0,0,1,0,2,All India Quota Seat Matrix - Round 1.pdf
2025,AIQ,1,78,All India except Central University,"Govt. Medical College, Baroda(700365)",M.D. (RADIO-DIAGNOSIS),All India,3,0,0,0,1,0,0,0,0,0,4,All India Quota Seat Matrix - Round 1.pdf
2025,AIQ,1,78,All India except Central University,"Govt. Medical College, Baroda(700365)",M.D. (Radiotherapy/ Radiation Oncology),All India,1,0,0,0,0,0,0,0,0,0,1,All India Quota Seat Matrix - Round 1.pdf
2025,AIQ,1,79,All India except Central University,"Govt. Medical College, Baroda(700365)",M.D. (Tuberculosis and Respiratory diseases)/Pulmonary Medicine /M.D. (Respiratory Medicine),All India,1,0,0,0,0,0,1,0,0,0,2,All India Quota Seat Matrix - Round 1.pdf
2025,AIQ,1,79,All India except Central University,"Govt. Medical College, Baroda(700365)",M.D. IN TRANSFUSION MEDICINE/ IMMUNO- HAEMATOLOGY and BLOOD TRANSFUSION,All India,0,0,0,0,0,1,0,0,0,0,1,All India Quota Seat Matrix - Round 1.pdf
2025,AIQ,1,79,All India except Central University,"Govt. Medical College, Baroda(700365)",M.S. (E.N.T.),All India,2,0,0,0,1,0,0,0,0,0,3,All India Quota Seat Matrix - Round 1.pdf
2025,AIQ,1,79,All India except Central University,"Govt. Medical College, Baroda(700365)",M.S. (GENERAL SURGERY),All India,3,0,1,0,3,0,1,0,1,0,9,All India Quota Seat Matrix - Round 1.pdf
2025,AIQ,1,79,All India except Central University,"Govt. Medical College, Baroda(700365)",M.S. (OPHTHALMOLOGY),All India,1,0,1,0,1,0,0,0,0,0,3,All India Quota Seat Matrix - Round 1.pdf
2025,AIQ,1,79,All India except Central University,"Govt. Medical College, Baroda(700365)",M.S. (ORTHOPAEDICS),All India,3,0,0,0,2,0,1,0,1,0,7,All India Quota Seat Matrix - Round 1.pdf
2025,AIQ,1,79,All India except Central University,"Govt. Medical College, Baroda(700365)",MD/MS (Anatomy),All India,1,0,0,0,0,0,1,0,0,0,2,All India Quota Seat Matrix - Round 1.pdf
2025,AIQ,1,79,All India except Central University,"Govt. Medical College, Bhavnagar(700369)",DIPLOMA IN CHILD HEALTH/ PAEDIATRICS,All India,1,0,0,0,0,0,0,0,0,0,1,All India Quota Seat Matrix - Round 1.pdf
2025,AIQ,1,79,All India except Central University,"Govt. Medical College, Bhavnagar(700369)",M.D. (ANAESTHESIOLOGY),All India,1,0,0,0,1,0,1,0,1,0,4,All India Quota Seat Matrix - Round 1.pdf
2025,AIQ,1,79,All India except Central University,"Govt. Medical College, Bhavnagar(700369)",M.D. (BIOCHEMISTRY),All India,0,0,0,0,1,0,0,0,0,0,1,All India Quota Seat Matrix - Round 1.pdf
2025,AIQ,1,79,All India except Central University,"Govt. Medical College, Bhavnagar(700369)","M.D. (DERM.,VENE. and LEPROSY)/ (DERMATOLOGY)/(SKIN and VENEREAL DISEASES)/(VENEREOLOGY)",All India,1,0,0,0,0,0,0,0,0,0,1,All India Quota Seat Matrix - Round 1.pdf
2025,AIQ,1,79,All India except Central University,"Govt. Medical College, Bhavnagar(700369)",M.D. (FORENSIC MEDICINE),All India,1,0,1,0,0,0,0,0,0,0,2,All India Quota Seat Matrix - Round 1.pdf
2025,AIQ,1,79,All India except Central University,"Govt. Medical College, Bhavnagar(700369)",M.D. (GENERAL MEDICINE),All India,2,1,0,0,2,0,1,0,1,0,7,All India Quota Seat Matrix - Round 1.pdf
2025,AIQ,1,79,All India except Central University,"Govt. Medical College, Bhavnagar(700369)",M.D. (MICROBIOLOGY),All India,3,0,0,0,1,0,0,0,0,0,4,All India Quota Seat Matrix - Round 1.pdf
2025,AIQ,1,79,All India except Central University,"Govt. Medical College, Bhavnagar(700369)",M.D. (Obst. and Gynae)/MS (Obstetrics and Gynaecology),All India,0,0,1,0,1,0,1,0,1,0,4,All India Quota Seat Matrix - Round 1.pdf
2025,AIQ,1,79,All India except Central University,"Govt. Medical College, Bhavnagar(700369)",M.D. (PAEDIATRICS),All India,1,0,0,0,1,0,0,0,0,0,2,All India Quota Seat Matrix - Round 1.pdf
2025,AIQ,1,79,All India except Central University,"Govt. Medical College, Bhavnagar(700369)",M.D. (PATHOLOGY),All India,3,0,0,0,2,0,1,0,1,0,7,All India Quota Seat Matrix - Round 1.pdf
2025,AIQ,1,79,All India except Central University,"Govt. Medical College, Bhavnagar(700369)",M.D. (PHARMACOLOGY),All India,0,0,1,0,0,0,1,0,0,0,2,All India Quota Seat Matrix - Round 1.pdf
2025,AIQ,1,79,All India except Central University,"Govt. Medical College, Bhavnagar(700369)",M.D. (PHYSIOLOGY),All India,2,0,0,0,1,0,0,0,0,0,3,All India Quota Seat Matrix - Round 1.pdf
2025,AIQ,1,79,All India except Central University,"Govt. Medical College, Bhavnagar(700369)",M.D. (PREVENTIVE and SOCIAL MEDICINE)/ COMMUNITY MEDICINE,All India,1,0,0,0,1,0,0,1,0,0,3,All India Quota Seat Matrix - Round 1.pdf
2025,AIQ,1,80,All India except Central University,"Govt. Medical College, Bhavnagar(700369)",M.D. (Tuberculosis and Respiratory diseases)/Pulmonary Medicine /M.D. (Respiratory Medicine),All India,0,0,0,0,0,0,0,0,1,0,1,All India Quota Seat Matrix - Round 1.pdf
2025,AIQ,1,80,All India except Central University,"Govt. Medical College, Bhavnagar(700369)",M.S. (E.N.T.),All India,0,0,0,0,1,0,1,0,0,0,2,All India Quota Seat Matrix - Round 1.pdf
2025,AIQ,1,80,All India except Central University,"Govt. Medical College, Bhavnagar(700369)",M.S. (GENERAL SURGERY),All India,2,0,1,0,2,0,1,0,0,0,6,All India Quota Seat Matrix - Round 1.pdf
2025,AIQ,1,80,All India except Central University,"Govt. Medical College, Bhavnagar(700369)",M.S. (OPHTHALMOLOGY),All India,2,0,0,0,0,0,0,0,0,0,2,All India Quota Seat Matrix - Round 1.pdf
2025,AIQ,1,80,All India except Central University,"Govt. Medical College, Bhavnagar(700369)",M.S. (ORTHOPAEDICS),All India,2,0,1,0,2,0,1,0,0,0,6,All India Quota Seat Matrix - Round 1.pdf
2025,AIQ,1,80,All India except Central University,"Govt. Medical College, Bhavnagar(700369)",MD/MS (Anatomy),All India,2,0,1,0,0,0,0,0,0,0,3,All India Quota Seat Matrix - Round 1.pdf
2025,AIQ,1,80,All India except Central University,"Govt. Medical College, Jammu(701706)",M.D. (ANAESTHESIOLOGY),All India,5,0,1,0,3,0,1,0,0,0,10,All India Quota Seat Matrix - Round 1.pdf
2025,AIQ,1,80,All India except Central University,"Govt. Medical College, Jammu(701706)","M.D. (DERM.,VENE. and LEPROSY)/ (DERMATOLOGY)/(SKIN and VENEREAL DISEASES)/(VENEREOLOGY)",All India,0,0,0,0,1,0,1,0,1,0,3,All India Quota Seat Matrix - Round 1.pdf
2025,AIQ,1,80,All India except Central University,"Govt. Medical College, Jammu(701706)",M.D. (GENERAL MEDICINE),All India,2,1,0,0,1,0,1,0,1,0,6,All India Quota Seat Matrix - Round 1.pdf
2025,AIQ,1,80,All India except Central University,"Govt. Medical College, Jammu(701706)",M.D. (MICROBIOLOGY),All India,1,0,0,0,1,0,0,0,0,0,2,All India Quota Seat Matrix - Round 1.pdf
2025,AIQ,1,80,All India except Central University,"Govt. Medical College, Jammu(701706)",M.D. (Obst. and Gynae)/MS (Obstetrics and Gynaecology),All India,4,0,1,0,2,0,1,1,0,1,10,All India Quota Seat Matrix - Round 1.pdf
2025,AIQ,1,80,All India except Central University,"Govt. Medical College, Jammu(701706)",M.D. (PAEDIATRICS),All India,2,0,1,0,2,0,1,0,1,0,7,All India Quota Seat Matrix - Round 1.pdf
2025,AIQ,1,80,All India except Central University,"Govt. Medical College, Jammu(701706)",M.D. (PATHOLOGY),All India,3,1,1,0,2,0,1,0,0,0,8,All India Quota Seat Matrix - Round 1.pdf
2025,AIQ,1,80,All India except Central University,"Govt. Medical College, Jammu(701706)",M.D. (PHARMACOLOGY),All India,1,0,0,0,1,0,1,0,1,0,4,All India Quota Seat Matrix - Round 1.pdf
2025,AIQ,1,80,All India except Central University,"Govt. Medical College, Jammu(701706)",M.D. (PHYSIOLOGY),All India,2,0,1,0,1,0,1,0,0,0,5,All India Quota Seat Matrix - Round 1.pdf
2025,AIQ,1,80,All India except Central University,"Govt. Medical College, Jammu(701706)",M.D. (PREVENTIVE and SOCIAL MEDICINE)/ COMMUNITY MEDICINE,All India,2,0,0,0,1,0,0,0,0,0,3,All India Quota Seat Matrix - Round 1.pdf
2025,AIQ,1,80,All India except Central University,"Govt. Medical College, Jammu(701706)",M.D. (RADIO-DIAGNOSIS),All India,1,0,1,0,2,0,1,0,1,0,6,All India Quota Seat Matrix - Round 1.pdf
2025,AIQ,1,80,All India except Central University,"Govt. Medical College, Jammu(701706)",M.D. IN TRANSFUSION MEDICINE/ IMMUNO- HAEMATOLOGY and BLOOD TRANSFUSION,All India,1,0,0,0,0,0,0,0,0,0,1,All India Quota Seat Matrix - Round 1.pdf
2025,AIQ,1,80,All India except Central University,"Govt. Medical College, Jammu(701706)",M.S. (E.N.T.),All India,2,0,1,0,2,0,1,0,0,0,6,All India Quota Seat Matrix - Round 1.pdf
2025,AIQ,1,80,All India except Central University,"Govt. Medical College, Jammu(701706)",M.S. (GENERAL SURGERY),All India,5,0,2,0,3,0,1,0,0,0,11,All India Quota Seat Matrix - Round 1.pdf
2025,AIQ,1,81,All India except Central University,"Govt. Medical College, Jammu(701706)",M.S. (OPHTHALMOLOGY),All India,1,0,0,0,2,0,1,0,1,0,5,All India Quota Seat Matrix - Round 1.pdf
2025,AIQ,1,81,All India except Central University,"Govt. Medical College, Jammu(701706)",M.S. (ORTHOPAEDICS),All India,4,0,1,0,1,1,1,0,0,0,8,All India Quota Seat Matrix - Round 1.pdf
2025,AIQ,1,81,All India except Central University,"Govt. Medical College, Jammu(701706)",MD/MS (Anatomy),All India,1,0,0,0,1,0,1,0,1,0,4,All India Quota Seat Matrix - Round 1.pdf
2025,AIQ,1,81,All India except Central University,"GOVT. MEDICAL COLLEGE, THIRUVANANTHAPURAM(700291)",M.D. (ANAESTHESIOLOGY),All India,3,0,1,0,3,0,1,0,1,0,9,All India Quota Seat Matrix - Round 1.pdf
2025,AIQ,1,81,All India except Central University,"GOVT. MEDICAL COLLEGE, THIRUVANANTHAPURAM(700291)",M.D. (BIOCHEMISTRY),All India,1,0,0,0,0,0,1,0,0,0,2,All India Quota Seat Matrix - Round 1.pdf
2025,AIQ,1,81,All India except Central University,"GOVT. MEDICAL COLLEGE, THIRUVANANTHAPURAM(700291)","M.D. (DERM.,VENE. and LEPROSY)/ (DERMATOLOGY)/(SKIN and VENEREAL DISEASES)/(VENEREOLOGY)",All India,2,0,0,0,1,0,0,0,0,0,3,All India Quota Seat Matrix - Round 1.pdf
2025,AIQ,1,81,All India except Central University,"GOVT. MEDICAL COLLEGE, THIRUVANANTHAPURAM(700291)",M.D. (Emergency and Critical Care)/M.D. (Emergency Medicine),All India,1,0,0,0,1,0,0,0,0,0,2,All India Quota Seat Matrix - Round 1.pdf
2025,AIQ,1,81,All India except Central University,"GOVT. MEDICAL COLLEGE, THIRUVANANTHAPURAM(700291)",M.D. (FORENSIC MEDICINE),All India,1,0,1,0,0,0,0,0,0,0,2,All India Quota Seat Matrix - Round 1.pdf
2025,AIQ,1,81,All India except Central University,"GOVT. MEDICAL COLLEGE, THIRUVANANTHAPURAM(700291)",M.D. (GENERAL MEDICINE),All India,5,0,1,0,2,1,2,0,1,0,12,All India Quota Seat Matrix - Round 1.pdf
2025,AIQ,1,81,All India except Central University,"GOVT. MEDICAL COLLEGE, THIRUVANANTHAPURAM(700291)",M.D. (MICROBIOLOGY),All India,0,1,1,0,0,0,0,0,0,0,2,All India Quota Seat Matrix - Round 1.pdf
2025,AIQ,1,81,All India except Central University,"GOVT. MEDICAL COLLEGE, THIRUVANANTHAPURAM(700291)",M.D. (Obst. and Gynae)/MS (Obstetrics and Gynaecology),All India,7,0,0,1,4,0,1,1,1,0,15,All India Quota Seat Matrix - Round 1.pdf
2025,AIQ,1,81,All India except Central University,"GOVT. MEDICAL COLLEGE, THIRUVANANTHAPURAM(700291)",M.D. (PAEDIATRICS),All India,6,0,1,0,3,0,1,0,1,0,12,All India Quota Seat Matrix - Round 1.pdf
2025,AIQ,1,81,All India except Central University,"GOVT. MEDICAL COLLEGE, THIRUVANANTHAPURAM(700291)",M.D. (PATHOLOGY),All India,2,1,0,0,2,0,1,0,0,0,6,All India Quota Seat Matrix - Round 1.pdf
2025,AIQ,1,81,All India except Central University,"GOVT. MEDICAL COLLEGE, THIRUVANANTHAPURAM(700291)",M.D. (PHARMACOLOGY),All India,0,0,0,0,1,0,1,0,1,0,3,All India Quota Seat Matrix - Round 1.pdf
2025,AIQ,1,81,All India except Central University,"GOVT. MEDICAL COLLEGE, THIRUVANANTHAPURAM(700291)",M.D. (PHYSICAL MED. and REHABILITATION),All India,1,0,0,0,0,0,0,0,0,0,1,All India Quota Seat Matrix - Round 1.pdf
2025,AIQ,1,81,All India except Central University,"GOVT. MEDICAL COLLEGE, THIRUVANANTHAPURAM(700291)",M.D. (PHYSIOLOGY),All India,1,0,1,0,0,0,0,0,0,0,2,All India Quota Seat Matrix - Round 1.pdf
2025,AIQ,1,81,All India except Central University,"GOVT. MEDICAL COLLEGE, THIRUVANANTHAPURAM(700291)",M.D. (PREVENTIVE and SOCIAL MEDICINE)/ COMMUNITY MEDICINE,All India,1,0,0,0,0,1,1,0,0,0,3,All India Quota Seat Matrix - Round 1.pdf
2025,AIQ,1,81,All India except Central University,"GOVT. MEDICAL COLLEGE, THIRUVANANTHAPURAM(700291)",M.D. (PSYCHIATRY),All India,2,0,1,0,2,0,1,0,0,0,6,All India Quota Seat Matrix - Round 1.pdf
2025,AIQ,1,81,All India except Central University,"GOVT. MEDICAL COLLEGE, THIRUVANANTHAPURAM(700291)",M.D. (RADIO-DIAGNOSIS),All India,2,0,0,0,1,0,0,0,1,0,4,All India Quota Seat Matrix - Round 1.pdf
2025,AIQ,1,81,All India except Central University,"GOVT. MEDICAL COLLEGE, THIRUVANANTHAPURAM(700291)",M.D. (Radiotherapy/ Radiation Oncology),All India,1,0,0,0,1,0,1,0,0,0,3,All India Quota Seat Matrix - Round 1.pdf
2025,AIQ,1,82,All India except Central University,"GOVT. MEDICAL COLLEGE, THIRUVANANTHAPURAM(700291)",M.D. (Tuberculosis and Respiratory diseases)/Pulmonary Medicine /M.D. (Respiratory Medicine),All India,2,0,1,0,1,0,0,0,0,0,4,All India Quota Seat Matrix - Round 1.pdf
2025,AIQ,1,82,All India except Central University,"GOVT. MEDICAL COLLEGE, THIRUVANANTHAPURAM(700291)",M.D. IN TRANSFUSION MEDICINE/ IMMUNO- HAEMATOLOGY and BLOOD TRANSFUSION,All India,1,0,0,0,1,0,0,0,0,0,2,All India Quota Seat Matrix - Round 1.pdf
2025,AIQ,1,82,All India except Central University,"GOVT. MEDICAL COLLEGE, THIRUVANANTHAPURAM(700291)",M.S. (E.N.T.),All India,0,0,0,0,1,0,1,0,1,0,3,All India Quota Seat Matrix - Round 1.pdf
2025,AIQ,1,82,All India except Central University,"GOVT. MEDICAL COLLEGE, THIRUVANANTHAPURAM(700291)",M.S. (GENERAL SURGERY),All India,4,0,1,0,4,0,2,0,1,0,12,All India Quota Seat Matrix - Round 1.pdf
2025,AIQ,1,82,All India except Central University,"GOVT. MEDICAL COLLEGE, THIRUVANANTHAPURAM(700291)",M.S. (OPHTHALMOLOGY),All India,2,0,1,0,2,0,1,0,0,0,6,All India Quota Seat Matrix - Round 1.pdf
2025,AIQ,1,82,All India except Central University,"GOVT. MEDICAL COLLEGE, THIRUVANANTHAPURAM(700291)",M.S. (ORTHOPAEDICS),All India,3,0,1,0,2,0,2,0,1,0,9,All India Quota Seat Matrix - Round 1.pdf
2025,AIQ,1,82,All India except Central University,"GOVT. MEDICAL COLLEGE, THIRUVANANTHAPURAM(700291)",MD/MS (Anatomy),All India,2,0,0,0,0,0,0,0,0,0,2,All India Quota Seat Matrix - Round 1.pdf
2025,AIQ,1,82,All India except Central University,"Grant Medical College, Maharashtra(700305)",M.D. (ANAESTHESIOLOGY),All India,5,0,1,0,3,0,2,0,1,0,12,All India Quota Seat Matrix - Round 1.pdf
2025,AIQ,1,82,All India except Central University,"Grant Medical College, Maharashtra(700305)",M.D. (BIOCHEMISTRY),All India,0,0,1,0,1,0,0,0,0,0,2,All India Quota Seat Matrix - Round 1.pdf
2025,AIQ,1,82,All India except Central University,"Grant Medical College, Maharashtra(700305)","M.D. (DERM.,VENE. and LEPROSY)/ (DERMATOLOGY)/(SKIN and VENEREAL DISEASES)/(VENEREOLOGY)",All India,1,1,0,0,1,0,1,0,1,0,5,All India Quota Seat Matrix - Round 1.pdf
2025,AIQ,1,82,All India except Central University,"Grant Medical College, Maharashtra(700305)",M.D. (Emergency and Critical Care)/M.D. (Emergency Medicine),All India,1,0,0,0,1,0,0,0,0,0,2,All India Quota Seat Matrix - Round 1.pdf
2025,AIQ,1,82,All India except Central University,"Grant Medical College, Maharashtra(700305)",M.D. (FORENSIC MEDICINE),All India,3,0,0,0,1,1,0,0,0,0,5,All India Quota Seat Matrix - Round 1.pdf
2025,AIQ,1,82,All India except Central University,"Grant Medical College, Maharashtra(700305)",M.D. (GENERAL MEDICINE),All India,3,0,1,1,3,0,2,0,0,0,10,All India Quota Seat Matrix - Round 1.pdf
2025,AIQ,1,82,All India except Central University,"Grant Medical College, Maharashtra(700305)",M.D. (MICROBIOLOGY),All India,2,0,0,0,2,0,1,0,1,0,6,All India Quota Seat Matrix - Round 1.pdf
2025,AIQ,1,82,All India except Central University,"Grant Medical College, Maharashtra(700305)",M.D. (Obst. and Gynae)/MS (Obstetrics and Gynaecology),All India,3,1,2,0,3,0,1,0,1,0,11,All India Quota Seat Matrix - Round 1.pdf
2025,AIQ,1,82,All India except Central University,"Grant Medical College, Maharashtra(700305)",M.D. (PAEDIATRICS),All India,3,0,1,0,2,0,1,0,0,0,7,All India Quota Seat Matrix - Round 1.pdf
2025,AIQ,1,82,All India except Central University,"Grant Medical College, Maharashtra(700305)",M.D. (PATHOLOGY),All India,5,0,2,0,3,1,2,0,1,0,14,All India Quota Seat Matrix - Round 1.pdf
2025,AIQ,1,82,All India except Central University,"Grant Medical College, Maharashtra(700305)",M.D. (PHARMACOLOGY),All India,3,0,0,0,0,0,0,0,0,0,3,All India Quota Seat Matrix - Round 1.pdf
2025,AIQ,1,82,All India except Central University,"Grant Medical College, Maharashtra(700305)",M.D. (PHYSIOLOGY),All India,0,0,0,0,1,0,0,1,0,0,2,All India Quota Seat Matrix - Round 1.pdf
2025,AIQ,1,82,All India except Central University,"Grant Medical College, Maharashtra(700305)",M.D. (PREVENTIVE and SOCIAL MEDICINE)/ COMMUNITY MEDICINE,All India,1,1,1,0,2,0,1,0,0,1,7,All India Quota Seat Matrix - Round 1.pdf
2025,AIQ,1,83,All India except Central University,"Grant Medical College, Maharashtra(700305)",M.D. (PSYCHIATRY),All India,3,0,0,0,1,0,1,0,0,0,5,All India Quota Seat Matrix - Round 1.pdf
2025,AIQ,1,83,All India except Central University,"Grant Medical College, Maharashtra(700305)",M.D. (RADIO-DIAGNOSIS),All India,3,0,1,0,2,0,1,0,1,0,8,All India Quota Seat Matrix - Round 1.pdf
2025,AIQ,1,83,All India except Central University,"Grant Medical College, Maharashtra(700305)",M.D. (Tuberculosis and Respiratory diseases)/Pulmonary Medicine /M.D. (Respiratory Medicine),All India,2,0,1,0,1,0,0,0,0,0,4,All India Quota Seat Matrix - Round 1.pdf
2025,AIQ,1,83,All India except Central University,"Grant Medical College, Maharashtra(700305)",M.D. GERIATRICS,All India,0,0,0,0,0,0,1,0,1,0,2,All India Quota Seat Matrix - Round 1.pdf
2025,AIQ,1,83,All India except Central University,"Grant Medical College, Maharashtra(700305)",M.D. IN TRANSFUSION MEDICINE/ IMMUNO- HAEMATOLOGY and BLOOD TRANSFUSION,All India,0,0,0,0,1,0,1,0,0,0,2,All India Quota Seat Matrix - Round 1.pdf
2025,AIQ,1,83,All India except Central University,"Grant Medical College, Maharashtra(700305)",M.S. (E.N.T.),All India,1,0,1,0,0,0,1,0,0,0,3,All India Quota Seat Matrix - Round 1.pdf
2025,AIQ,1,83,All India except Central University,"Grant Medical College, Maharashtra(700305)",M.S. (GENERAL SURGERY),All India,8,0,1,0,4,0,2,0,1,0,16,All India Quota Seat Matrix - Round 1.pdf
2025,AIQ,1,83,All India except Central University,"Grant Medical College, Maharashtra(700305)",M.S. (OPHTHALMOLOGY),All India,2,0,0,0,1,0,1,0,0,0,4,All India Quota Seat Matrix - Round 1.pdf
2025,AIQ,1,83,All India except Central University,"Grant Medical College, Maharashtra(700305)",M.S. (ORTHOPAEDICS),All India,3,0,0,0,2,0,1,0,1,0,7,All India Quota Seat Matrix - Round 1.pdf
2025,AIQ,1,83,All India except Central University,"Grant Medical College, Maharashtra(700305)",MD/MS (Anatomy),All India,1,0,0,0,0,0,0,0,0,0,1,All India Quota Seat Matrix - Round 1.pdf
2025,AIQ,1,83,All India except Central University,"Gulbarga Institute Of Medical Sciences, Kalaburagi(701400)",M.D. (ANAESTHESIOLOGY),All India,1,0,0,0,1,0,0,0,0,0,2,All India Quota Seat Matrix - Round 1.pdf
2025,AIQ,1,83,All India except Central University,"Gulbarga Institute Of Medical Sciences, Kalaburagi(701400)",M.D. (BIOCHEMISTRY),All India,2,0,0,0,1,0,0,0,0,0,3,All India Quota Seat Matrix - Round 1.pdf
2025,AIQ,1,83,All India except Central University,"Gulbarga Institute Of Medical Sciences, Kalaburagi(701400)",M.D. (FORENSIC MEDICINE),All India,1,0,0,0,0,0,0,0,0,0,1,All India Quota Seat Matrix - Round 1.pdf
2025,AIQ,1,83,All India except Central University,"Gulbarga Institute Of Medical Sciences, Kalaburagi(701400)",M.D. (GENERAL MEDICINE),All India,1,0,0,0,0,0,1,0,0,0,2,All India Quota Seat Matrix - Round 1.pdf
2025,AIQ,1,83,All India except Central University,"Gulbarga Institute Of Medical Sciences, Kalaburagi(701400)",M.D. (MICROBIOLOGY),All India,0,1,1,0,1,0,0,0,0,0,3,All India Quota Seat Matrix - Round 1.pdf
2025,AIQ,1,83,All India except Central University,"Gulbarga Institute Of Medical Sciences, Kalaburagi(701400)",M.D. (Obst. and Gynae)/MS (Obstetrics and Gynaecology),All India,1,0,0,0,0,0,1,0,0,0,2,All India Quota Seat Matrix - Round 1.pdf
2025,AIQ,1,83,All India except Central University,"Gulbarga Institute Of Medical Sciences, Kalaburagi(701400)",M.D. (PAEDIATRICS),All India,2,0,0,0,0,0,0,0,0,0,2,All India Quota Seat Matrix - Round 1.pdf
2025,AIQ,1,83,All India except Central University,"Gulbarga Institute Of Medical Sciences, Kalaburagi(701400)",M.D. (PATHOLOGY),All India,0,0,0,0,1,0,0,0,0,0,1,All India Quota Seat Matrix - Round 1.pdf
2025,AIQ,1,83,All India except Central University,"Gulbarga Institute Of Medical Sciences, Kalaburagi(701400)",M.D. (PHARMACOLOGY),All India,0,0,1,0,0,0,1,0,1,0,3,All India Quota Seat Matrix - Round 1.pdf
2025,AIQ,1,83,All India except Central University,"Gulbarga Institute Of Medical Sciences, Kalaburagi(701400)",M.D. (PHYSIOLOGY),All India,2,0,0,0,1,0,0,0,0,0,3,All India Quota Seat Matrix - Round 1.pdf
2025,AIQ,1,84,All India except Central University,"Gulbarga Institute Of Medical Sciences, Kalaburagi(701400)",M.D. (PREVENTIVE and SOCIAL MEDICINE)/ COMMUNITY MEDICINE,All India,0,0,0,0,1,0,1,0,0,0,2,All India Quota Seat Matrix - Round 1.pdf
2025,AIQ,1,84,All India except Central University,"Gulbarga Institute Of Medical Sciences, Kalaburagi(701400)",M.D. (RADIO-DIAGNOSIS),All India,1,0,0,0,0,0,0,0,0,0,1,All India Quota Seat Matrix - Round 1.pdf
2025,AIQ,1,84,All India except Central University,"Gulbarga Institute Of Medical Sciences, Kalaburagi(701400)",M.S. (GENERAL SURGERY),All India,0,0,0,0,1,0,0,0,1,0,2,All India Quota Seat Matrix - Round 1.pdf
2025,AIQ,1,84,All India except Central University,"Gulbarga Institute Of Medical Sciences, Kalaburagi(701400)",M.S. (OPHTHALMOLOGY),All India,0,0,0,0,1,0,0,0,0,0,1,All India Quota Seat Matrix - Round 1.pdf
2025,AIQ,1,84,All India except Central University,"Gulbarga Institute Of Medical Sciences, Kalaburagi(701400)",M.S. (ORTHOPAEDICS),All India,1,0,0,0,0,0,0,0,0,0,1,All India Quota Seat Matrix - Round 1.pdf
2025,AIQ,1,84,All India except Central University,"Gulbarga Institute Of Medical Sciences, Kalaburagi(701400)",MD/MS (Anatomy),All India,0,0,1,0,1,0,1,0,0,0,3,All India Quota Seat Matrix - Round 1.pdf
2025,AIQ,1,84,All India except Central University,GUNTUR MEDICAL COLLEGE(700469),M.D. (ANAESTHESIOLOGY),All India,2,0,0,1,2,0,0,1,1,0,7,All India Quota Seat Matrix - Round 1.pdf
2025,AIQ,1,84,All India except Central University,GUNTUR MEDICAL COLLEGE(700469),M.D. (BIOCHEMISTRY),All India,1,0,0,0,0,0,0,0,0,0,1,All India Quota Seat Matrix - Round 1.pdf
2025,AIQ,1,84,All India except Central University,GUNTUR MEDICAL COLLEGE(700469),"M.D. (DERM.,VENE. and LEPROSY)/ (DERMATOLOGY)/(SKIN and VENEREAL DISEASES)/(VENEREOLOGY)",All India,2,0,0,0,0,1,0,0,0,0,3,All India Quota Seat Matrix - Round 1.pdf
2025,AIQ,1,84,All India except Central University,GUNTUR MEDICAL COLLEGE(700469),M.D. (Emergency and Critical Care)/M.D. (Emergency Medicine),All India,0,0,0,0,1,0,1,0,0,0,2,All India Quota Seat Matrix - Round 1.pdf
2025,AIQ,1,84,All India except Central University,GUNTUR MEDICAL COLLEGE(700469),M.D. (FORENSIC MEDICINE),All India,0,0,0,0,1,0,0,0,0,0,1,All India Quota Seat Matrix - Round 1.pdf
2025,AIQ,1,84,All India except Central University,GUNTUR MEDICAL COLLEGE(700469),M.D. (GENERAL MEDICINE),All India,4,1,1,0,3,0,2,0,1,0,12,All India Quota Seat Matrix - Round 1.pdf
2025,AIQ,1,84,All India except Central University,GUNTUR MEDICAL COLLEGE(700469),M.D. (MICROBIOLOGY),All India,1,0,0,0,1,0,1,0,1,0,4,All India Quota Seat Matrix - Round 1.pdf
2025,AIQ,1,84,All India except Central University,GUNTUR MEDICAL COLLEGE(700469),M.D. (Obst. and Gynae)/MS (Obstetrics and Gynaecology),All India,4,0,2,0,3,0,1,0,0,0,10,All India Quota Seat Matrix - Round 1.pdf
2025,AIQ,1,84,All India except Central University,GUNTUR MEDICAL COLLEGE(700469),M.D. (PAEDIATRICS),All India,2,1,1,0,2,0,0,0,0,0,6,All India Quota Seat Matrix - Round 1.pdf
2025,AIQ,1,84,All India except Central University,GUNTUR MEDICAL COLLEGE(700469),M.D. (PATHOLOGY),All India,1,0,1,0,1,0,1,0,1,0,5,All India Quota Seat Matrix - Round 1.pdf
2025,AIQ,1,84,All India except Central University,GUNTUR MEDICAL COLLEGE(700469),M.D. (PHARMACOLOGY),All India,1,0,0,0,0,0,0,0,0,0,1,All India Quota Seat Matrix - Round 1.pdf
2025,AIQ,1,84,All India except Central University,GUNTUR MEDICAL COLLEGE(700469),M.D. (PHYSIOLOGY),All India,0,0,0,0,0,0,1,0,0,0,1,All India Quota Seat Matrix - Round 1.pdf
2025,AIQ,1,84,All India except Central University,GUNTUR MEDICAL COLLEGE(700469),M.D. (PREVENTIVE and SOCIAL MEDICINE)/ COMMUNITY MEDICINE,All India,1,0,0,0,1,0,0,0,0,0,2,All India Quota Seat Matrix - Round 1.pdf
2025,AIQ,1,84,All India except Central University,GUNTUR MEDICAL COLLEGE(700469),M.D. (PSYCHIATRY),All India,1,0,0,0,0,1,0,0,0,0,2,All India Quota Seat Matrix - Round 1.pdf
2025,AIQ,1,85,All India except Central University,GUNTUR MEDICAL COLLEGE(700469),M.D. (RADIO-DIAGNOSIS),All India,1,0,0,0,0,0,1,0,0,0,2,All India Quota Seat Matrix - Round 1.pdf
2025,AIQ,1,85,All India except Central University,GUNTUR MEDICAL COLLEGE(700469),M.D. (Radiotherapy/ Radiation Oncology),All India,0,0,0,0,0,0,0,0,1,0,1,All India Quota Seat Matrix - Round 1.pdf
2025,AIQ,1,85,All India except Central University,GUNTUR MEDICAL COLLEGE(700469),M.D. (Tuberculosis and Respiratory diseases)/Pulmonary Medicine /M.D. (Respiratory Medicine),All India,1,0,1,0,1,0,0,0,0,0,3,All India Quota Seat Matrix - Round 1.pdf
2025,AIQ,1,85,All India except Central University,GUNTUR MEDICAL COLLEGE(700469),M.S. (E.N.T.),All India,2,0,1,0,0,0,0,0,0,0,3,All India Quota Seat Matrix - Round 1.pdf
2025,AIQ,1,85,All India except Central University,GUNTUR MEDICAL COLLEGE(700469),M.S. (GENERAL SURGERY),All India,6,0,1,0,4,0,2,0,1,0,14,All India Quota Seat Matrix - Round 1.pdf
2025,AIQ,1,85,All India except Central University,GUNTUR MEDICAL COLLEGE(700469),M.S. (OPHTHALMOLOGY),All India,1,0,0,0,1,0,1,0,1,0,4,All India Quota Seat Matrix - Round 1.pdf
2025,AIQ,1,85,All India except Central University,GUNTUR MEDICAL COLLEGE(700469),M.S. (ORTHOPAEDICS),All India,3,0,0,0,1,0,1,0,0,0,5,All India Quota Seat Matrix - Round 1.pdf
2025,AIQ,1,85,All India except Central University,GUNTUR MEDICAL COLLEGE(700469),MD/MS (Anatomy),All India,0,0,0,0,0,0,1,0,0,0,1,All India Quota Seat Matrix - Round 1.pdf
2025,AIQ,1,85,All India except Central University,GUNTUR MEDICAL COLLEGE(700469),PG Diploma in Psychological Medicine / Psychiatric Medicine,All India,1,0,0,0,0,0,0,0,0,0,1,All India Quota Seat Matrix - Round 1.pdf
2025,AIQ,1,85,All India except Central University,Guru Gobind Singh Medical College(700342),M.D. (ANAESTHESIOLOGY),All India,2,0,0,0,2,0,1,0,1,0,6,All India Quota Seat Matrix - Round 1.pdf
2025,AIQ,1,85,All India except Central University,Guru Gobind Singh Medical College(700342),M.D. (BIOCHEMISTRY),All India,0,0,0,0,1,0,1,0,0,0,2,All India Quota Seat Matrix - Round 1.pdf
2025,AIQ,1,85,All India except Central University,Guru Gobind Singh Medical College(700342),"M.D. (DERM.,VENE. and LEPROSY)/ (DERMATOLOGY)/(SKIN and VENEREAL DISEASES)/(VENEREOLOGY)",All India,0,0,1,0,0,0,0,0,0,0,1,All India Quota Seat Matrix - Round 1.pdf
2025,AIQ,1,85,All India except Central University,Guru Gobind Singh Medical College(700342),M.D. (FORENSIC MEDICINE),All India,1,0,0,0,0,0,0,0,0,0,1,All India Quota Seat Matrix - Round 1.pdf
2025,AIQ,1,85,All India except Central University,Guru Gobind Singh Medical College(700342),M.D. (GENERAL MEDICINE),All India,1,0,1,0,1,0,1,0,1,0,5,All India Quota Seat Matrix - Round 1.pdf
2025,AIQ,1,85,All India except Central University,Guru Gobind Singh Medical College(700342),M.D. (MICROBIOLOGY),All India,1,0,0,0,1,0,0,0,0,0,2,All India Quota Seat Matrix - Round 1.pdf
2025,AIQ,1,85,All India except Central University,Guru Gobind Singh Medical College(700342),M.D. (Obst. and Gynae)/MS (Obstetrics and Gynaecology),All India,2,0,0,0,1,0,0,0,0,0,3,All India Quota Seat Matrix - Round 1.pdf
2025,AIQ,1,85,All India except Central University,Guru Gobind Singh Medical College(700342),M.D. (PAEDIATRICS),All India,1,0,0,0,1,0,1,0,0,0,3,All India Quota Seat Matrix - Round 1.pdf
2025,AIQ,1,85,All India except Central University,Guru Gobind Singh Medical College(700342),M.D. (PATHOLOGY),All India,0,0,1,0,0,0,0,0,0,0,1,All India Quota Seat Matrix - Round 1.pdf
2025,AIQ,1,85,All India except Central University,Guru Gobind Singh Medical College(700342),M.D. (PHARMACOLOGY),All India,0,0,0,0,1,0,0,0,0,0,1,All India Quota Seat Matrix - Round 1.pdf
2025,AIQ,1,85,All India except Central University,Guru Gobind Singh Medical College(700342),M.D. (PHYSIOLOGY),All India,2,0,0,0,0,0,0,0,0,0,2,All India Quota Seat Matrix - Round 1.pdf
2025,AIQ,1,86,All India except Central University,Guru Gobind Singh Medical College(700342),M.D. (PREVENTIVE and SOCIAL MEDICINE)/ COMMUNITY MEDICINE,All India,0,0,0,0,0,0,1,0,0,0,1,All India Quota Seat Matrix - Round 1.pdf
2025,AIQ,1,86,All India except Central University,Guru Gobind Singh Medical College(700342),M.D. (PSYCHIATRY),All India,0,0,0,0,1,0,0,0,1,0,2,All India Quota Seat Matrix - Round 1.pdf
2025,AIQ,1,86,All India except Central University,Guru Gobind Singh Medical College(700342),M.D. (Radiotherapy/ Radiation Oncology),All India,1,0,0,0,1,0,0,0,0,0,2,All India Quota Seat Matrix - Round 1.pdf
2025,AIQ,1,86,All India except Central University,Guru Gobind Singh Medical College(700342),M.D. (Tuberculosis and Respiratory diseases)/Pulmonary Medicine /M.D. (Respiratory Medicine),All India,1,0,0,0,0,0,0,0,0,0,1,All India Quota Seat Matrix - Round 1.pdf
2025,AIQ,1,86,All India except Central University,Guru Gobind Singh Medical College(700342),M.D. IN TRANSFUSION MEDICINE/ IMMUNO- HAEMATOLOGY and BLOOD TRANSFUSION,All India,0,0,1,0,0,0,1,0,0,0,2,All India Quota Seat Matrix - Round 1.pdf
2025,AIQ,1,86,All India except Central University,Guru Gobind Singh Medical College(700342),M.S. (E.N.T.),All India,2,0,0,0,1,0,0,0,0,0,3,All India Quota Seat Matrix - Round 1.pdf
2025,AIQ,1,86,All India except Central University,Guru Gobind Singh Medical College(700342),M.S. (GENERAL SURGERY),All India,1,1,0,0,1,0,1,0,0,0,4,All India Quota Seat Matrix - Round 1.pdf
2025,AIQ,1,86,All India except Central University,Guru Gobind Singh Medical College(700342),M.S. (OPHTHALMOLOGY),All India,0,0,1,0,1,0,1,0,1,0,4,All India Quota Seat Matrix - Round 1.pdf
2025,AIQ,1,86,All India except Central University,Guru Gobind Singh Medical College(700342),M.S. (ORTHOPAEDICS),All India,2,0,0,0,0,0,0,0,0,0,2,All India Quota Seat Matrix - Round 1.pdf
2025,AIQ,1,86,All India except Central University,Guru Gobind Singh Medical College(700342),MD/MS (Anatomy),All India,1,0,0,0,0,0,0,0,0,0,1,All India Quota Seat Matrix - Round 1.pdf
2025,AIQ,1,86,All India except Central University,"Gvernment Medical College,Haldwani(700386)",M.D. (ANAESTHESIOLOGY),All India,1,0,1,0,0,1,1,0,0,0,4,All India Quota Seat Matrix - Round 1.pdf
2025,AIQ,1,86,All India except Central University,"Gvernment Medical College,Haldwani(700386)",M.D. (GENERAL MEDICINE),All India,2,0,1,0,1,0,1,0,1,0,6,All India Quota Seat Matrix - Round 1.pdf
2025,AIQ,1,86,All India except Central University,"Gvernment Medical College,Haldwani(700386)",M.D. (MICROBIOLOGY),All India,0,0,0,0,1,0,0,0,0,0,1,All India Quota Seat Matrix - Round 1.pdf
2025,AIQ,1,86,All India except Central University,"Gvernment Medical College,Haldwani(700386)",M.D. (Obst. and Gynae)/MS (Obstetrics and Gynaecology),All India,3,0,0,0,1,0,0,0,0,0,4,All India Quota Seat Matrix - Round 1.pdf
2025,AIQ,1,86,All India except Central University,"Gvernment Medical College,Haldwani(700386)",M.D. (PAEDIATRICS),All India,0,0,1,0,1,0,0,0,1,0,3,All India Quota Seat Matrix - Round 1.pdf
2025,AIQ,1,86,All India except Central University,"Gvernment Medical College,Haldwani(700386)",M.D. (PATHOLOGY),All India,2,0,0,0,1,0,1,0,0,0,4,All India Quota Seat Matrix - Round 1.pdf
2025,AIQ,1,86,All India except Central University,"Gvernment Medical College,Haldwani(700386)",M.D. (PHARMACOLOGY),All India,1,0,1,0,0,0,0,0,0,0,2,All India Quota Seat Matrix - Round 1.pdf
2025,AIQ,1,86,All India except Central University,"Gvernment Medical College,Haldwani(700386)",M.D. (PREVENTIVE and SOCIAL MEDICINE)/ COMMUNITY MEDICINE,All India,0,0,0,0,1,0,0,0,0,0,1,All India Quota Seat Matrix - Round 1.pdf
2025,AIQ,1,86,All India except Central University,"Gvernment Medical College,Haldwani(700386)",M.D. (Tuberculosis and Respiratory diseases)/Pulmonary Medicine /M.D. (Respiratory Medicine),All India,1,0,0,0,0,0,0,0,0,0,1,All India Quota Seat Matrix - Round 1.pdf
2025,AIQ,1,86,All India except Central University,"Gvernment Medical College,Haldwani(700386)",M.S. (E.N.T.),All India,1,0,0,0,1,0,0,0,0,0,2,All India Quota Seat Matrix - Round 1.pdf
2025,AIQ,1,87,All India except Central University,"Gvernment Medical College,Haldwani(700386)",M.S. (GENERAL SURGERY),All India,2,0,0,0,1,0,1,0,0,0,4,All India Quota Seat Matrix - Round 1.pdf
2025,AIQ,1,87,All India except Central University,"Gvernment Medical College,Haldwani(700386)",M.S. (OPHTHALMOLOGY),All India,0,0,0,0,0,0,1,0,0,0,1,All India Quota Seat Matrix - Round 1.pdf
2025,AIQ,1,87,All India except Central University,"Gvernment Medical College,Haldwani(700386)",MD/MS (Anatomy),All India,0,1,0,0,1,0,0,0,0,0,2,All India Quota Seat Matrix - Round 1.pdf
2025,AIQ,1,87,All India except Central University,"Gwalior Mansik Arogyashala, Madhya Pradesh(701715)",M.D. (PSYCHIATRY),All India,1,0,0,0,1,0,0,0,0,0,2,All India Quota Seat Matrix - Round 1.pdf
2025,AIQ,1,87,All India except Central University,"HASSAN INSTITUTE OF MEDICAL SCIENCES, HASSAN(700413)",M.D. (ANAESTHESIOLOGY),All India,0,0,0,0,1,0,0,0,0,0,1,All India Quota Seat Matrix - Round 1.pdf
2025,AIQ,1,87,All India except Central University,"HASSAN INSTITUTE OF MEDICAL SCIENCES, HASSAN(700413)",M.D. (BIOCHEMISTRY),All India,0,0,1,0,0,0,0,0,0,0,1,All India Quota Seat Matrix - Round 1.pdf
2025,AIQ,1,87,All India except Central University,"HASSAN INSTITUTE OF MEDICAL SCIENCES, HASSAN(700413)","M.D. (DERM.,VENE. and LEPROSY)/ (DERMATOLOGY)/(SKIN and VENEREAL DISEASES)/(VENEREOLOGY)",All India,2,0,0,0,0,0,0,0,0,0,2,All India Quota Seat Matrix - Round 1.pdf
2025,AIQ,1,87,All India except Central University,"HASSAN INSTITUTE OF MEDICAL SCIENCES, HASSAN(700413)",M.D. (FORENSIC MEDICINE),All India,0,0,0,0,0,0,0,0,1,0,1,All India Quota Seat Matrix - Round 1.pdf
2025,AIQ,1,87,All India except Central University,"HASSAN INSTITUTE OF MEDICAL SCIENCES, HASSAN(700413)",M.D. (GENERAL MEDICINE),All India,2,0,0,0,1,0,1,0,0,0,4,All India Quota Seat Matrix - Round 1.pdf
2025,AIQ,1,87,All India except Central University,"HASSAN INSTITUTE OF MEDICAL SCIENCES, HASSAN(700413)",M.D. (MICROBIOLOGY),All India,1,0,0,0,0,0,0,0,0,0,1,All India Quota Seat Matrix - Round 1.pdf
2025,AIQ,1,87,All India except Central University,"HASSAN INSTITUTE OF MEDICAL SCIENCES, HASSAN(700413)",M.D. (Obst. and Gynae)/MS (Obstetrics and Gynaecology),All India,0,0,0,0,0,1,0,0,0,0,1,All India Quota Seat Matrix - Round 1.pdf
2025,AIQ,1,87,All India except Central University,"HASSAN INSTITUTE OF MEDICAL SCIENCES, HASSAN(700413)",M.D. (PAEDIATRICS),All India,1,0,1,0,0,0,0,0,0,0,2,All India Quota Seat Matrix - Round 1.pdf
2025,AIQ,1,87,All India except Central University,"HASSAN INSTITUTE OF MEDICAL SCIENCES, HASSAN(700413)",M.D. (PATHOLOGY),All India,0,0,0,0,1,0,0,0,0,0,1,All India Quota Seat Matrix - Round 1.pdf
2025,AIQ,1,87,All India except Central University,"HASSAN INSTITUTE OF MEDICAL SCIENCES, HASSAN(700413)",M.D. (PHARMACOLOGY),All India,1,0,0,0,0,0,0,0,0,0,1,All India Quota Seat Matrix - Round 1.pdf
2025,AIQ,1,87,All India except Central University,"HASSAN INSTITUTE OF MEDICAL SCIENCES, HASSAN(700413)",M.D. (PHYSIOLOGY),All India,0,0,0,0,0,0,1,0,0,0,1,All India Quota Seat Matrix - Round 1.pdf
2025,AIQ,1,87,All India except Central University,"HASSAN INSTITUTE OF MEDICAL SCIENCES, HASSAN(700413)",M.D. (PREVENTIVE and SOCIAL MEDICINE)/ COMMUNITY MEDICINE,All India,1,0,0,0,0,0,0,0,0,0,1,All India Quota Seat Matrix - Round 1.pdf
2025,AIQ,1,87,All India except Central University,"HASSAN INSTITUTE OF MEDICAL SCIENCES, HASSAN(700413)",M.D. (PSYCHIATRY),All India,0,0,0,0,1,0,0,0,0,0,1,All India Quota Seat Matrix - Round 1.pdf
2025,AIQ,1,87,All India except Central University,"HASSAN INSTITUTE OF MEDICAL SCIENCES, HASSAN(700413)",M.D. (RADIO-DIAGNOSIS),All India,1,1,0,0,0,0,0,0,0,0,2,All India Quota Seat Matrix - Round 1.pdf
2025,AIQ,1,87,All India except Central University,"HASSAN INSTITUTE OF MEDICAL SCIENCES, HASSAN(700413)",M.S. (E.N.T.),All India,0,0,0,0,1,0,1,0,0,0,2,All India Quota Seat Matrix - Round 1.pdf
2025,AIQ,1,87,All India except Central University,"HASSAN INSTITUTE OF MEDICAL SCIENCES, HASSAN(700413)",M.S. (GENERAL SURGERY),All India,1,0,1,0,1,0,0,0,0,0,3,All India Quota Seat Matrix - Round 1.pdf
2025,AIQ,1,88,All India except Central University,"HASSAN INSTITUTE OF MEDICAL SCIENCES, HASSAN(700413)",M.S. (OPHTHALMOLOGY),All India,1,0,0,0,0,0,1,0,1,0,3,All India Quota Seat Matrix - Round 1.pdf
2025,AIQ,1,88,All India except Central University,"HASSAN INSTITUTE OF MEDICAL SCIENCES, HASSAN(700413)",M.S. (ORTHOPAEDICS),All India,0,0,0,0,1,0,0,0,0,0,1,All India Quota Seat Matrix - Round 1.pdf
2025,AIQ,1,88,All India except Central University,"HASSAN INSTITUTE OF MEDICAL SCIENCES, HASSAN(700413)",MD/MS (Anatomy),All India,1,0,0,0,0,0,0,0,0,0,1,All India Quota Seat Matrix - Round 1.pdf
2025,AIQ,1,88,Central University,HINDU RAO HOSPITAL DELHI(700126),DIPLOMA IN ANAESTHESIOLOGY,All India,0,0,0,0,1,0,0,0,0,0,1,All India Quota Seat Matrix - Round 1.pdf
2025,AIQ,1,88,All India except Central University,"Hinduhridayasamrat Balasaheb Thackeray Medical College and Dr. R. N. Cooper Municipal General Hospital, Maharashtra(700540)",M.D. (ANAESTHESIOLOGY),All India,0,0,1,0,1,0,0,0,0,0,2,All India Quota Seat Matrix - Round 1.pdf
2025,AIQ,1,88,All India except Central University,"Hinduhridayasamrat Balasaheb Thackeray Medical College and Dr. R. N. Cooper Municipal General Hospital, Maharashtra(700540)",M.D. (FORENSIC MEDICINE),All India,1,0,0,0,0,0,0,0,0,0,1,All India Quota Seat Matrix - Round 1.pdf
2025,AIQ,1,88,All India except Central University,"Hinduhridayasamrat Balasaheb Thackeray Medical College and Dr. R. N. Cooper Municipal General Hospital, Maharashtra(700540)",M.D. (GENERAL MEDICINE),All India,4,0,0,0,1,0,0,0,0,0,5,All India Quota Seat Matrix - Round 1.pdf
2025,AIQ,1,88,All India except Central University,"Hinduhridayasamrat Balasaheb Thackeray Medical College and Dr. R. N. Cooper Municipal General Hospital, Maharashtra(700540)",M.D. (PAEDIATRICS),All India,0,0,0,0,0,0,1,0,0,0,1,All India Quota Seat Matrix - Round 1.pdf
2025,AIQ,1,88,All India except Central University,"Hinduhridayasamrat Balasaheb Thackeray Medical College and Dr. R. N. Cooper Municipal General Hospital, Maharashtra(700540)",M.D. (PATHOLOGY),All India,0,0,0,0,1,0,0,0,0,0,1,All India Quota Seat Matrix - Round 1.pdf
2025,AIQ,1,88,All India except Central University,"Hinduhridayasamrat Balasaheb Thackeray Medical College and Dr. R. N. Cooper Municipal General Hospital, Maharashtra(700540)",M.D. (PHARMACOLOGY),All India,3,0,0,0,0,0,0,0,0,0,3,All India Quota Seat Matrix - Round 1.pdf
2025,AIQ,1,88,All India except Central University,"Hinduhridayasamrat Balasaheb Thackeray Medical College and Dr. R. N. Cooper Municipal General Hospital, Maharashtra(700540)",M.D. (PHYSIOLOGY),All India,0,0,0,0,1,0,1,0,1,0,3,All India Quota Seat Matrix - Round 1.pdf
2025,AIQ,1,88,All India except Central University,"Hinduhridayasamrat Balasaheb Thackeray Medical College and Dr. R. N. Cooper Municipal General Hospital, Maharashtra(700540)",M.D. (PREVENTIVE and SOCIAL MEDICINE)/ COMMUNITY MEDICINE,All India,0,1,1,0,1,0,0,0,0,0,3,All India Quota Seat Matrix - Round 1.pdf
2025,AIQ,1,88,All India except Central University,"Hinduhridayasamrat Balasaheb Thackeray Medical College and Dr. R. N. Cooper Municipal General Hospital, Maharashtra(700540)",M.S. (E.N.T.),All India,0,0,0,0,1,0,1,0,0,0,2,All India Quota Seat Matrix - Round 1.pdf
2025,AIQ,1,88,All India except Central University,"Hinduhridayasamrat Balasaheb Thackeray Medical College and Dr. R. N. Cooper Municipal General Hospital, Maharashtra(700540)",M.S. (GENERAL SURGERY),All India,1,0,1,0,1,0,1,0,1,0,5,All India Quota Seat Matrix - Round 1.pdf
2025,AIQ,1,88,All India except Central University,"Hinduhridayasamrat Balasaheb Thackeray Medical College and Dr. R. N. Cooper Municipal General Hospital, Maharashtra(700540)",M.S. (ORTHOPAEDICS),All India,1,0,0,0,1,0,0,0,0,0,2,All India Quota Seat Matrix - Round 1.pdf
2025,AIQ,1,89,All India except Central University,"Hinduhridayasamrat Balasaheb Thackeray Medical College and Dr. R. N. Cooper Municipal General Hospital, Maharashtra(700540)",MD/MS (Anatomy),All India,1,0,0,0,0,0,0,0,1,0,2,All India Quota Seat Matrix - Round 1.pdf
2025,AIQ,1,89,All India except Central University,"HOMI BHABHA CANCER HOSPITAL, SANGRUR(701509)",M.D. (Radiotherapy/ Radiation Oncology),All India,2,0,0,0,0,0,0,0,0,0,2,All India Quota Seat Matrix - Round 1.pdf
2025,AIQ,1,89,All India except Central University,"Homi Bhabha Cancer Hospital, Varanasi(701508)",M.D. (ANAESTHESIOLOGY),All India,2,0,0,0,0,0,0,0,0,0,2,All India Quota Seat Matrix - Round 1.pdf
2025,AIQ,1,89,All India except Central University,"Homi Bhabha Cancer Hospital, Varanasi(701508)",M.D. (Radiotherapy/ Radiation Oncology),All India,4,0,0,0,0,0,0,0,0,0,4,All India Quota Seat Matrix - Round 1.pdf
2025,AIQ,1,89,All India except Central University,INDIRA GANDHI GOVT.MEDICAL COLLEGE NAGPUR(700306),M.D. (ANAESTHESIOLOGY),All India,2,0,0,0,1,1,1,0,0,0,5,All India Quota Seat Matrix - Round 1.pdf
2025,AIQ,1,89,All India except Central University,INDIRA GANDHI GOVT.MEDICAL COLLEGE NAGPUR(700306),M.D. (BIOCHEMISTRY),All India,2,0,1,0,1,0,0,0,0,0,4,All India Quota Seat Matrix - Round 1.pdf
2025,AIQ,1,89,All India except Central University,INDIRA GANDHI GOVT.MEDICAL COLLEGE NAGPUR(700306),"M.D. (DERM.,VENE. and LEPROSY)/ (DERMATOLOGY)/(SKIN and VENEREAL DISEASES)/(VENEREOLOGY)",All India,0,0,0,0,0,0,1,0,1,0,2,All India Quota Seat Matrix - Round 1.pdf
2025,AIQ,1,89,All India except Central University,INDIRA GANDHI GOVT.MEDICAL COLLEGE NAGPUR(700306),M.D. (FORENSIC MEDICINE),All India,1,0,0,0,0,0,0,0,0,0,1,All India Quota Seat Matrix - Round 1.pdf
2025,AIQ,1,89,All India except Central University,INDIRA GANDHI GOVT.MEDICAL COLLEGE NAGPUR(700306),M.D. (GENERAL MEDICINE),All India,2,0,1,0,2,0,1,0,0,0,6,All India Quota Seat Matrix - Round 1.pdf
2025,AIQ,1,89,All India except Central University,INDIRA GANDHI GOVT.MEDICAL COLLEGE NAGPUR(700306),M.D. (MICROBIOLOGY),All India,2,0,0,0,1,0,1,0,0,0,4,All India Quota Seat Matrix - Round 1.pdf
2025,AIQ,1,89,All India except Central University,INDIRA GANDHI GOVT.MEDICAL COLLEGE NAGPUR(700306),M.D. (Obst. and Gynae)/MS (Obstetrics and Gynaecology),All India,4,0,1,0,3,0,1,0,1,0,10,All India Quota Seat Matrix - Round 1.pdf
2025,AIQ,1,89,All India except Central University,INDIRA GANDHI GOVT.MEDICAL COLLEGE NAGPUR(700306),M.D. (PAEDIATRICS),All India,1,0,0,0,1,0,1,0,1,0,4,All India Quota Seat Matrix - Round 1.pdf
2025,AIQ,1,89,All India except Central University,INDIRA GANDHI GOVT.MEDICAL COLLEGE NAGPUR(700306),M.D. (PATHOLOGY),All India,1,0,0,0,1,0,0,0,0,0,2,All India Quota Seat Matrix - Round 1.pdf
2025,AIQ,1,89,All India except Central University,INDIRA GANDHI GOVT.MEDICAL COLLEGE NAGPUR(700306),M.D. (PHARMACOLOGY),All India,1,0,1,0,0,0,1,0,0,0,3,All India Quota Seat Matrix - Round 1.pdf
2025,AIQ,1,89,All India except Central University,INDIRA GANDHI GOVT.MEDICAL COLLEGE NAGPUR(700306),M.D. (PHYSIOLOGY),All India,1,0,0,0,1,0,0,0,0,0,2,All India Quota Seat Matrix - Round 1.pdf
2025,AIQ,1,89,All India except Central University,INDIRA GANDHI GOVT.MEDICAL COLLEGE NAGPUR(700306),M.D. (PREVENTIVE and SOCIAL MEDICINE)/ COMMUNITY MEDICINE,All India,2,0,0,0,1,0,1,0,1,0,5,All India Quota Seat Matrix - Round 1.pdf
2025,AIQ,1,89,All India except Central University,INDIRA GANDHI GOVT.MEDICAL COLLEGE NAGPUR(700306),M.D. (PSYCHIATRY),All India,2,0,1,0,1,0,0,0,0,0,4,All India Quota Seat Matrix - Round 1.pdf
2025,AIQ,1,89,All India except Central University,INDIRA GANDHI GOVT.MEDICAL COLLEGE NAGPUR(700306),M.D. (RADIO-DIAGNOSIS),All India,1,0,0,1,1,0,1,0,0,0,4,All India Quota Seat Matrix - Round 1.pdf
2025,AIQ,1,89,All India except Central University,INDIRA GANDHI GOVT.MEDICAL COLLEGE NAGPUR(700306),M.D. (Tuberculosis and Respiratory diseases)/Pulmonary Medicine /M.D. (Respiratory Medicine),All India,0,0,0,0,2,0,0,1,1,0,4,All India Quota Seat Matrix - Round 1.pdf
2025,AIQ,1,90,All India except Central University,INDIRA GANDHI GOVT.MEDICAL COLLEGE NAGPUR(700306),M.S. (E.N.T.),All India,1,0,0,0,1,0,0,0,0,0,2,All India Quota Seat Matrix - Round 1.pdf
2025,AIQ,1,90,All India except Central University,INDIRA GANDHI GOVT.MEDICAL COLLEGE NAGPUR(700306),M.S. (GENERAL SURGERY),All India,2,0,1,0,1,0,1,0,1,0,6,All India Quota Seat Matrix - Round 1.pdf
2025,AIQ,1,90,All India except Central University,INDIRA GANDHI GOVT.MEDICAL COLLEGE NAGPUR(700306),M.S. (OPHTHALMOLOGY),All India,1,0,0,0,1,0,1,0,0,0,3,All India Quota Seat Matrix - Round 1.pdf
2025,AIQ,1,90,All India except Central University,INDIRA GANDHI GOVT.MEDICAL COLLEGE NAGPUR(700306),M.S. (ORTHOPAEDICS),All India,1,1,1,0,1,0,0,0,0,0,4,All India Quota Seat Matrix - Round 1.pdf
2025,AIQ,1,90,All India except Central University,INDIRA GANDHI GOVT.MEDICAL COLLEGE NAGPUR(700306),MD/MS (Anatomy),All India,1,0,0,0,0,0,0,0,0,0,1,All India Quota Seat Matrix - Round 1.pdf
2025,AIQ,1,90,All India except Central University,"INDIRA GANDHI INSTITUTE OF CHILD HEALTH, BANGALORE(700401)",M.D. (PAEDIATRICS),All India,4,0,1,0,3,0,2,0,1,0,11,All India Quota Seat Matrix - Round 1.pdf
2025,AIQ,1,90,All India except Central University,"Indira Gandhi Institute of Medical Sciences, Patna(700111)",M.D. (ANAESTHESIOLOGY),All India,3,0,1,0,2,0,2,0,1,0,9,All India Quota Seat Matrix - Round 1.pdf
2025,AIQ,1,90,All India except Central University,"Indira Gandhi Institute of Medical Sciences, Patna(700111)",M.D. (BIOCHEMISTRY),All India,1,0,0,0,1,0,0,0,0,0,2,All India Quota Seat Matrix - Round 1.pdf
2025,AIQ,1,90,All India except Central University,"Indira Gandhi Institute of Medical Sciences, Patna(700111)","M.D. (DERM.,VENE. and LEPROSY)/ (DERMATOLOGY)/(SKIN and VENEREAL DISEASES)/(VENEREOLOGY)",All India,0,0,1,0,0,0,0,0,0,0,1,All India Quota Seat Matrix - Round 1.pdf
2025,AIQ,1,90,All India except Central University,"Indira Gandhi Institute of Medical Sciences, Patna(700111)",M.D. (GENERAL MEDICINE),All India,2,0,0,0,1,0,1,0,0,0,4,All India Quota Seat Matrix - Round 1.pdf
2025,AIQ,1,90,All India except Central University,"Indira Gandhi Institute of Medical Sciences, Patna(700111)",M.D. (MICROBIOLOGY),All India,2,0,1,0,0,1,0,0,0,0,4,All India Quota Seat Matrix - Round 1.pdf
2025,AIQ,1,90,All India except Central University,"Indira Gandhi Institute of Medical Sciences, Patna(700111)",M.D. (Obst. and Gynae)/MS (Obstetrics and Gynaecology),All India,0,0,0,0,1,0,1,0,0,0,2,All India Quota Seat Matrix - Round 1.pdf
2025,AIQ,1,90,All India except Central University,"Indira Gandhi Institute of Medical Sciences, Patna(700111)",M.D. (PAEDIATRICS),All India,1,0,0,0,1,0,0,0,0,0,2,All India Quota Seat Matrix - Round 1.pdf
2025,AIQ,1,90,All India except Central University,"Indira Gandhi Institute of Medical Sciences, Patna(700111)",M.D. (PATHOLOGY),All India,1,0,0,0,0,0,1,0,1,0,3,All India Quota Seat Matrix - Round 1.pdf
2025,AIQ,1,90,All India except Central University,"Indira Gandhi Institute of Medical Sciences, Patna(700111)",M.D. (PHARMACOLOGY),All India,0,0,0,0,1,0,0,0,0,0,1,All India Quota Seat Matrix - Round 1.pdf
2025,AIQ,1,90,All India except Central University,"Indira Gandhi Institute of Medical Sciences, Patna(700111)",M.D. (PHYSIOLOGY),All India,0,1,0,0,0,0,0,0,0,0,1,All India Quota Seat Matrix - Round 1.pdf
2025,AIQ,1,90,All India except Central University,"Indira Gandhi Institute of Medical Sciences, Patna(700111)",M.D. (PREVENTIVE and SOCIAL MEDICINE)/ COMMUNITY MEDICINE,All India,2,0,0,0,0,0,0,0,0,0,2,All India Quota Seat Matrix - Round 1.pdf
2025,AIQ,1,90,All India except Central University,"Indira Gandhi Institute of Medical Sciences, Patna(700111)",M.D. (PSYCHIATRY),All India,0,0,0,0,1,0,1,0,0,0,2,All India Quota Seat Matrix - Round 1.pdf
2025,AIQ,1,90,All India except Central University,"Indira Gandhi Institute of Medical Sciences, Patna(700111)",M.D. (RADIO-DIAGNOSIS),All India,0,0,1,0,1,0,0,0,0,0,2,All India Quota Seat Matrix - Round 1.pdf
2025,AIQ,1,90,All India except Central University,"Indira Gandhi Institute of Medical Sciences, Patna(700111)",M.D. (Radiotherapy/ Radiation Oncology),All India,2,0,0,0,0,0,0,0,0,0,2,All India Quota Seat Matrix - Round 1.pdf
2025,AIQ,1,91,All India except Central University,"Indira Gandhi Institute of Medical Sciences, Patna(700111)",M.D. (Tuberculosis and Respiratory diseases)/Pulmonary Medicine /M.D. (Respiratory Medicine),All India,1,0,0,0,0,0,0,0,0,0,1,All India Quota Seat Matrix - Round 1.pdf
2025,AIQ,1,91,All India except Central University,"Indira Gandhi Institute of Medical Sciences, Patna(700111)",M.S. (E.N.T.),All India,2,0,0,0,0,0,0,0,0,0,2,All India Quota Seat Matrix - Round 1.pdf
2025,AIQ,1,91,All India except Central University,"Indira Gandhi Institute of Medical Sciences, Patna(700111)",M.S. (GENERAL SURGERY),All India,1,0,0,0,1,0,1,0,1,0,4,All India Quota Seat Matrix - Round 1.pdf
2025,AIQ,1,91,All India except Central University,"Indira Gandhi Institute of Medical Sciences, Patna(700111)",M.S. (OPHTHALMOLOGY),All India,1,0,0,0,1,0,0,0,0,0,2,All India Quota Seat Matrix - Round 1.pdf
2025,AIQ,1,91,All India except Central University,"Indira Gandhi Institute of Medical Sciences, Patna(700111)",M.S. (ORTHOPAEDICS),All India,0,0,1,0,0,0,0,0,0,0,1,All India Quota Seat Matrix - Round 1.pdf
2025,AIQ,1,91,All India except Central University,"Indira Gandhi Institute of Medical Sciences, Patna(700111)",MD/MS (Anatomy),All India,0,0,0,0,1,0,0,0,0,0,1,All India Quota Seat Matrix - Round 1.pdf
2025,AIQ,1,91,All India except Central University,"INDIRA GANDHI MEDICAL COLLEGE AND RESEARCH INSTITUTE, PUDUCHERRY(700490)",M.D. (ANAESTHESIOLOGY),All India,0,0,0,0,0,0,1,0,1,0,2,All India Quota Seat Matrix - Round 1.pdf
2025,AIQ,1,91,All India except Central University,"INDIRA GANDHI MEDICAL COLLEGE AND RESEARCH INSTITUTE, PUDUCHERRY(700490)","M.D. (DERM.,VENE. and LEPROSY)/ (DERMATOLOGY)/(SKIN and VENEREAL DISEASES)/(VENEREOLOGY)",All India,0,0,1,0,1,0,0,0,0,0,2,All India Quota Seat Matrix - Round 1.pdf
2025,AIQ,1,91,All India except Central University,"INDIRA GANDHI MEDICAL COLLEGE AND RESEARCH INSTITUTE, PUDUCHERRY(700490)",M.D. (FORENSIC MEDICINE),All India,1,0,0,0,0,1,0,0,0,0,2,All India Quota Seat Matrix - Round 1.pdf
2025,AIQ,1,91,All India except Central University,"INDIRA GANDHI MEDICAL COLLEGE AND RESEARCH INSTITUTE, PUDUCHERRY(700490)",M.D. (GENERAL MEDICINE),All India,1,0,0,0,0,0,1,0,0,0,2,All India Quota Seat Matrix - Round 1.pdf
2025,AIQ,1,91,All India except Central University,"INDIRA GANDHI MEDICAL COLLEGE AND RESEARCH INSTITUTE, PUDUCHERRY(700490)",M.D. (MICROBIOLOGY),All India,2,0,0,0,0,0,0,0,0,0,2,All India Quota Seat Matrix - Round 1.pdf
2025,AIQ,1,91,All India except Central University,"INDIRA GANDHI MEDICAL COLLEGE AND RESEARCH INSTITUTE, PUDUCHERRY(700490)",M.D. (Obst. and Gynae)/MS (Obstetrics and Gynaecology),All India,0,0,0,0,0,0,1,0,0,0,1,All India Quota Seat Matrix - Round 1.pdf
2025,AIQ,1,91,All India except Central University,"INDIRA GANDHI MEDICAL COLLEGE AND RESEARCH INSTITUTE, PUDUCHERRY(700490)",M.D. (PATHOLOGY),All India,1,0,1,0,0,0,1,0,0,0,3,All India Quota Seat Matrix - Round 1.pdf
2025,AIQ,1,91,All India except Central University,"INDIRA GANDHI MEDICAL COLLEGE AND RESEARCH INSTITUTE, PUDUCHERRY(700490)",M.D. (PHARMACOLOGY),All India,1,0,0,0,1,0,0,0,0,0,2,All India Quota Seat Matrix - Round 1.pdf
2025,AIQ,1,91,All India except Central University,"INDIRA GANDHI MEDICAL COLLEGE AND RESEARCH INSTITUTE, PUDUCHERRY(700490)",M.D. (PREVENTIVE and SOCIAL MEDICINE)/ COMMUNITY MEDICINE,All India,2,0,0,0,1,0,1,0,0,0,4,All India Quota Seat Matrix - Round 1.pdf
2025,AIQ,1,91,All India except Central University,"INDIRA GANDHI MEDICAL COLLEGE AND RESEARCH INSTITUTE, PUDUCHERRY(700490)",M.S. (E.N.T.),All India,1,0,0,0,0,0,0,0,0,0,1,All India Quota Seat Matrix - Round 1.pdf
2025,AIQ,1,91,All India except Central University,"INDIRA GANDHI MEDICAL COLLEGE AND RESEARCH INSTITUTE, PUDUCHERRY(700490)",M.S. (GENERAL SURGERY),All India,0,0,1,0,1,0,0,0,0,0,2,All India Quota Seat Matrix - Round 1.pdf
2025,AIQ,1,91,All India except Central University,"INDIRA GANDHI MEDICAL COLLEGE AND RESEARCH INSTITUTE, PUDUCHERRY(700490)",M.S. (OPHTHALMOLOGY),All India,0,0,0,0,1,0,0,0,1,0,2,All India Quota Seat Matrix - Round 1.pdf
2025,AIQ,1,91,All India except Central University,"INDIRA GANDHI MEDICAL COLLEGE AND RESEARCH INSTITUTE, PUDUCHERRY(700490)",M.S. (ORTHOPAEDICS),All India,1,0,0,0,1,0,0,0,0,0,2,All India Quota Seat Matrix - Round 1.pdf
2025,AIQ,1,91,All India except Central University,"INDIRA GANDHI MEDICAL COLLEGE AND RESEARCH INSTITUTE, PUDUCHERRY(700490)",MD/MS (Anatomy),All India,0,0,0,0,1,0,0,0,0,0,1,All India Quota Seat Matrix - Round 1.pdf
2025,AIQ,1,92,All India except Central University,Indira Gandhi Medical College Shimla(700379),M.D. (ANAESTHESIOLOGY),All India,3,0,1,0,2,0,1,0,1,0,8,All India Quota Seat Matrix - Round 1.pdf
2025,AIQ,1,92,All India except Central University,Indira Gandhi Medical College Shimla(700379),"M.D. (DERM.,VENE. and LEPROSY)/ (DERMATOLOGY)/(SKIN and VENEREAL DISEASES)/(VENEREOLOGY)",All India,0,0,0,0,1,0,1,0,0,0,2,All India Quota Seat Matrix - Round 1.pdf
2025,AIQ,1,92,All India except Central University,Indira Gandhi Medical College Shimla(700379),M.D. (GENERAL MEDICINE),All India,3,0,1,0,2,0,1,0,1,0,8,All India Quota Seat Matrix - Round 1.pdf
2025,AIQ,1,92,All India except Central University,Indira Gandhi Medical College Shimla(700379),M.D. (MICROBIOLOGY),All India,1,0,0,0,1,0,0,0,0,0,2,All India Quota Seat Matrix - Round 1.pdf
2025,AIQ,1,92,All India except Central University,Indira Gandhi Medical College Shimla(700379),M.D. (Obst. and Gynae)/MS (Obstetrics and Gynaecology),All India,1,1,1,0,2,0,1,0,1,0,7,All India Quota Seat Matrix - Round 1.pdf
2025,AIQ,1,92,All India except Central University,Indira Gandhi Medical College Shimla(700379),M.D. (PAEDIATRICS),All India,3,0,0,0,2,0,1,0,1,0,7,All India Quota Seat Matrix - Round 1.pdf
2025,AIQ,1,92,All India except Central University,Indira Gandhi Medical College Shimla(700379),M.D. (PATHOLOGY),All India,1,0,0,0,1,0,1,0,0,0,3,All India Quota Seat Matrix - Round 1.pdf
2025,AIQ,1,92,All India except Central University,Indira Gandhi Medical College Shimla(700379),M.D. (PHARMACOLOGY),All India,0,0,1,0,0,0,0,0,0,0,1,All India Quota Seat Matrix - Round 1.pdf
2025,AIQ,1,92,All India except Central University,Indira Gandhi Medical College Shimla(700379),M.D. (PHYSIOLOGY),All India,2,0,0,0,0,0,0,0,0,0,2,All India Quota Seat Matrix - Round 1.pdf
2025,AIQ,1,92,All India except Central University,Indira Gandhi Medical College Shimla(700379),M.D. (PREVENTIVE and SOCIAL MEDICINE)/ COMMUNITY MEDICINE,All India,1,0,0,0,1,0,0,0,0,0,2,All India Quota Seat Matrix - Round 1.pdf
2025,AIQ,1,92,All India except Central University,Indira Gandhi Medical College Shimla(700379),M.D. (PSYCHIATRY),All India,0,0,0,0,0,0,1,0,0,0,1,All India Quota Seat Matrix - Round 1.pdf
2025,AIQ,1,92,All India except Central University,Indira Gandhi Medical College Shimla(700379),M.D. (RADIO-DIAGNOSIS),All India,3,0,1,0,2,0,1,0,1,0,8,All India Quota Seat Matrix - Round 1.pdf
2025,AIQ,1,92,All India except Central University,Indira Gandhi Medical College Shimla(700379),M.D. (Radiotherapy/ Radiation Oncology),All India,1,0,0,0,1,0,0,0,0,0,2,All India Quota Seat Matrix - Round 1.pdf
2025,AIQ,1,92,All India except Central University,Indira Gandhi Medical College Shimla(700379),M.D. (Tuberculosis and Respiratory diseases)/Pulmonary Medicine /M.D. (Respiratory Medicine),All India,2,0,0,0,0,0,0,0,0,0,2,All India Quota Seat Matrix - Round 1.pdf
2025,AIQ,1,92,All India except Central University,Indira Gandhi Medical College Shimla(700379),M.S. (E.N.T.),All India,2,0,0,0,0,0,0,0,0,0,2,All India Quota Seat Matrix - Round 1.pdf
2025,AIQ,1,92,All India except Central University,Indira Gandhi Medical College Shimla(700379),M.S. (GENERAL SURGERY),All India,4,0,0,0,2,0,1,0,0,0,7,All India Quota Seat Matrix - Round 1.pdf
2025,AIQ,1,92,All India except Central University,Indira Gandhi Medical College Shimla(700379),M.S. (OPHTHALMOLOGY),All India,1,0,0,0,0,0,1,0,0,0,2,All India Quota Seat Matrix - Round 1.pdf
2025,AIQ,1,92,All India except Central University,Indira Gandhi Medical College Shimla(700379),M.S. (ORTHOPAEDICS),All India,1,0,1,0,0,1,0,0,0,0,3,All India Quota Seat Matrix - Round 1.pdf
2025,AIQ,1,92,All India except Central University,Indira Gandhi Medical College Shimla(700379),MD/MS (Anatomy),All India,0,0,1,0,0,0,0,0,0,0,1,All India Quota Seat Matrix - Round 1.pdf
2025,AIQ,1,92,All India except Central University,"Institute of Child Health, Kolkata(700390)",M.D. (PAEDIATRICS),All India,3,0,1,0,2,0,1,1,0,0,8,All India Quota Seat Matrix - Round 1.pdf
2025,AIQ,1,93,All India except Central University,"Institute of integrated Medical Sciences (Govt.Medical College), Palakkad(904371)",M.D. (MICROBIOLOGY),All India,0,0,0,0,0,0,1,0,0,0,1,All India Quota Seat Matrix - Round 1.pdf
2025,AIQ,1,93,All India except Central University,"Institute of integrated Medical Sciences (Govt.Medical College), Palakkad(904371)",M.D. (PATHOLOGY),All India,0,0,1,0,0,0,0,0,1,0,2,All India Quota Seat Matrix - Round 1.pdf
2025,AIQ,1,93,All India except Central University,"Institute of integrated Medical Sciences (Govt.Medical College), Palakkad(904371)",M.D. (PHARMACOLOGY),All India,1,0,0,0,1,0,0,0,0,0,2,All India Quota Seat Matrix - Round 1.pdf
2025,AIQ,1,93,All India except Central University,"Institute of integrated Medical Sciences (Govt.Medical College), Palakkad(904371)",M.D. (PREVENTIVE and SOCIAL MEDICINE)/ COMMUNITY MEDICINE,All India,1,0,0,0,0,0,0,0,0,0,1,All India Quota Seat Matrix - Round 1.pdf
2025,AIQ,1,93,Central University,"INSTITUTE OF MEDICAL SCIENCES, BANARAS HINDU UNIVERSITY(700323)",M.D. (ANAESTHESIOLOGY),All India,6,0,2,0,4,0,1,1,1,0,15,All India Quota Seat Matrix - Round 1.pdf
2025,AIQ,1,93,Central University,"INSTITUTE OF MEDICAL SCIENCES, BANARAS HINDU UNIVERSITY(700323)",M.D. (BIOCHEMISTRY),All India,0,0,0,0,1,0,1,0,0,0,2,All India Quota Seat Matrix - Round 1.pdf
2025,AIQ,1,93,Central University,"INSTITUTE OF MEDICAL SCIENCES, BANARAS HINDU UNIVERSITY(700323)","M.D. (DERM.,VENE. and LEPROSY)/ (DERMATOLOGY)/(SKIN and VENEREAL DISEASES)/(VENEREOLOGY)",All India,2,0,0,0,1,0,0,0,0,0,3,All India Quota Seat Matrix - Round 1.pdf
2025,AIQ,1,93,Central University,"INSTITUTE OF MEDICAL SCIENCES, BANARAS HINDU UNIVERSITY(700323)",M.D. (FORENSIC MEDICINE),All India,0,0,0,0,1,0,0,0,1,0,2,All India Quota Seat Matrix - Round 1.pdf
2025,AIQ,1,93,Central University,"INSTITUTE OF MEDICAL SCIENCES, BANARAS HINDU UNIVERSITY(700323)",M.D. (GENERAL MEDICINE),All India,5,0,1,0,2,0,1,0,0,0,9,All India Quota Seat Matrix - Round 1.pdf
2025,AIQ,1,93,Central University,"INSTITUTE OF MEDICAL SCIENCES, BANARAS HINDU UNIVERSITY(700323)",M.D. (MICROBIOLOGY),All India,1,1,0,0,1,0,0,0,0,0,3,All India Quota Seat Matrix - Round 1.pdf
2025,AIQ,1,93,Central University,"INSTITUTE OF MEDICAL SCIENCES, BANARAS HINDU UNIVERSITY(700323)",M.D. (Obst. and Gynae)/MS (Obstetrics and Gynaecology),All India,1,0,1,0,1,0,1,0,1,0,5,All India Quota Seat Matrix - Round 1.pdf
2025,AIQ,1,93,Central University,"INSTITUTE OF MEDICAL SCIENCES, BANARAS HINDU UNIVERSITY(700323)",M.D. (PAEDIATRICS),All India,2,0,1,0,1,0,1,0,1,0,6,All India Quota Seat Matrix - Round 1.pdf
2025,AIQ,1,93,Central University,"INSTITUTE OF MEDICAL SCIENCES, BANARAS HINDU UNIVERSITY(700323)",M.D. (PATHOLOGY),All India,2,0,0,0,2,0,1,0,0,0,5,All India Quota Seat Matrix - Round 1.pdf
2025,AIQ,1,93,Central University,"INSTITUTE OF MEDICAL SCIENCES, BANARAS HINDU UNIVERSITY(700323)",M.D. (PHARMACOLOGY),All India,1,0,1,0,0,0,0,0,0,0,2,All India Quota Seat Matrix - Round 1.pdf
2025,AIQ,1,93,Central University,"INSTITUTE OF MEDICAL SCIENCES, BANARAS HINDU UNIVERSITY(700323)",M.D. (PHYSIOLOGY),All India,1,0,0,0,1,0,0,0,0,0,2,All India Quota Seat Matrix - Round 1.pdf
2025,AIQ,1,93,Central University,"INSTITUTE OF MEDICAL SCIENCES, BANARAS HINDU UNIVERSITY(700323)",M.D. (PREVENTIVE and SOCIAL MEDICINE)/ COMMUNITY MEDICINE,All India,0,0,0,0,0,0,1,0,1,0,2,All India Quota Seat Matrix - Round 1.pdf
2025,AIQ,1,93,Central University,"INSTITUTE OF MEDICAL SCIENCES, BANARAS HINDU UNIVERSITY(700323)",M.D. (PSYCHIATRY),All India,2,0,0,0,1,0,0,0,0,0,3,All India Quota Seat Matrix - Round 1.pdf
2025,AIQ,1,93,Central University,"INSTITUTE OF MEDICAL SCIENCES, BANARAS HINDU UNIVERSITY(700323)",M.D. (RADIO-DIAGNOSIS),All India,2,0,1,0,1,0,1,0,0,0,5,All India Quota Seat Matrix - Round 1.pdf
2025,AIQ,1,93,Central University,"INSTITUTE OF MEDICAL SCIENCES, BANARAS HINDU UNIVERSITY(700323)",M.D. (Radiotherapy/ Radiation Oncology),All India,1,0,0,0,1,0,1,0,0,0,3,All India Quota Seat Matrix - Round 1.pdf
2025,AIQ,1,93,Central University,"INSTITUTE OF MEDICAL SCIENCES, BANARAS HINDU UNIVERSITY(700323)",M.D. (Tuberculosis and Respiratory diseases)/Pulmonary Medicine /M.D. (Respiratory Medicine),All India,0,0,0,0,1,0,0,0,1,0,2,All India Quota Seat Matrix - Round 1.pdf
2025,AIQ,1,94,Central University,"INSTITUTE OF MEDICAL SCIENCES, BANARAS HINDU UNIVERSITY(700323)",M.D. GERIATRICS,All India,0,0,1,0,0,0,0,0,0,0,1,All India Quota Seat Matrix - Round 1.pdf
2025,AIQ,1,94,Central University,"INSTITUTE OF MEDICAL SCIENCES, BANARAS HINDU UNIVERSITY(700323)",M.S. (E.N.T.),All India,1,0,0,0,0,0,1,0,0,0,2,All India Quota Seat Matrix - Round 1.pdf
2025,AIQ,1,94,Central University,"INSTITUTE OF MEDICAL SCIENCES, BANARAS HINDU UNIVERSITY(700323)",M.S. (GENERAL SURGERY),All India,3,0,1,0,3,0,2,0,1,0,10,All India Quota Seat Matrix - Round 1.pdf
2025,AIQ,1,94,Central University,"INSTITUTE OF MEDICAL SCIENCES, BANARAS HINDU UNIVERSITY(700323)",M.S. (OPHTHALMOLOGY),All India,2,0,0,0,1,0,1,0,0,0,4,All India Quota Seat Matrix - Round 1.pdf
2025,AIQ,1,94,Central University,"INSTITUTE OF MEDICAL SCIENCES, BANARAS HINDU UNIVERSITY(700323)",M.S. (ORTHOPAEDICS),All India,3,0,0,0,1,1,0,0,0,0,5,All India Quota Seat Matrix - Round 1.pdf
2025,AIQ,1,94,Central University,"INSTITUTE OF MEDICAL SCIENCES, BANARAS HINDU UNIVERSITY(700323)",MD/MS (Anatomy),All India,1,1,0,0,0,0,0,0,0,0,2,All India Quota Seat Matrix - Round 1.pdf
2025,AIQ,1,94,All India except Central University,"INSTITUTE OF MENTAL HEALTH AND HOSPITAL, AGRA(700384)",M.D. (PSYCHIATRY),All India,2,0,1,0,1,0,0,0,0,0,4,All India Quota Seat Matrix - Round 1.pdf
2025,AIQ,1,94,Central University,Institute of Nuclear Medicine & Allied Sciences(700125),DIP IN RADIATION MEDICINE,All India,1,0,1,0,0,0,0,0,0,0,2,All India Quota Seat Matrix - Round 1.pdf
2025,AIQ,1,94,All India except Central University,IPGME&R and SSKM Hospital Kolkata(700387),M.D. (ANAESTHESIOLOGY),All India,5,0,0,0,2,0,2,0,0,0,9,All India Quota Seat Matrix - Round 1.pdf
2025,AIQ,1,94,All India except Central University,IPGME&R and SSKM Hospital Kolkata(700387),M.D. (BIOCHEMISTRY),All India,0,0,1,0,1,0,0,0,1,0,3,All India Quota Seat Matrix - Round 1.pdf
2025,AIQ,1,94,All India except Central University,IPGME&R and SSKM Hospital Kolkata(700387),"M.D. (DERM.,VENE. and LEPROSY)/ (DERMATOLOGY)/(SKIN and VENEREAL DISEASES)/(VENEREOLOGY)",All India,2,0,0,0,0,0,0,0,0,0,2,All India Quota Seat Matrix - Round 1.pdf
2025,AIQ,1,94,All India except Central University,IPGME&R and SSKM Hospital Kolkata(700387),M.D. (Emergency and Critical Care)/M.D. (Emergency Medicine),All India,0,0,0,0,1,0,1,0,0,0,2,All India Quota Seat Matrix - Round 1.pdf
2025,AIQ,1,94,All India except Central University,IPGME&R and SSKM Hospital Kolkata(700387),M.D. (GENERAL MEDICINE),All India,2,0,1,0,2,0,1,0,1,0,7,All India Quota Seat Matrix - Round 1.pdf
2025,AIQ,1,94,All India except Central University,IPGME&R and SSKM Hospital Kolkata(700387),M.D. (MICROBIOLOGY),All India,0,0,0,0,1,0,1,0,0,0,2,All India Quota Seat Matrix - Round 1.pdf
2025,AIQ,1,94,All India except Central University,IPGME&R and SSKM Hospital Kolkata(700387),M.D. (Obst. and Gynae)/MS (Obstetrics and Gynaecology),All India,3,0,1,0,1,1,1,0,1,0,8,All India Quota Seat Matrix - Round 1.pdf
2025,AIQ,1,94,All India except Central University,IPGME&R and SSKM Hospital Kolkata(700387),M.D. (PAEDIATRICS),All India,2,0,0,0,1,0,1,0,0,0,4,All India Quota Seat Matrix - Round 1.pdf
2025,AIQ,1,94,All India except Central University,IPGME&R and SSKM Hospital Kolkata(700387),M.D. (PATHOLOGY),All India,3,1,1,0,2,0,2,0,1,0,10,All India Quota Seat Matrix - Round 1.pdf
2025,AIQ,1,94,All India except Central University,IPGME&R and SSKM Hospital Kolkata(700387),M.D. (PHARMACOLOGY),All India,1,0,1,0,1,0,0,0,0,0,3,All India Quota Seat Matrix - Round 1.pdf
2025,AIQ,1,94,All India except Central University,IPGME&R and SSKM Hospital Kolkata(700387),M.D. (PHYSICAL MED. and REHABILITATION),All India,1,0,1,0,1,0,1,0,1,0,5,All India Quota Seat Matrix - Round 1.pdf
2025,AIQ,1,94,All India except Central University,IPGME&R and SSKM Hospital Kolkata(700387),M.D. (PHYSIOLOGY),All India,1,0,0,0,1,0,0,0,0,0,2,All India Quota Seat Matrix - Round 1.pdf
2025,AIQ,1,95,All India except Central University,IPGME&R and SSKM Hospital Kolkata(700387),M.D. (PREVENTIVE and SOCIAL MEDICINE)/ COMMUNITY MEDICINE,All India,1,0,0,0,1,0,0,0,0,0,2,All India Quota Seat Matrix - Round 1.pdf
2025,AIQ,1,95,All India except Central University,IPGME&R and SSKM Hospital Kolkata(700387),M.D. (PSYCHIATRY),All India,3,0,0,0,1,0,1,0,0,0,5,All India Quota Seat Matrix - Round 1.pdf
2025,AIQ,1,95,All India except Central University,IPGME&R and SSKM Hospital Kolkata(700387),M.D. (RADIO-DIAGNOSIS),All India,2,0,0,0,2,0,1,0,1,0,6,All India Quota Seat Matrix - Round 1.pdf
2025,AIQ,1,95,All India except Central University,IPGME&R and SSKM Hospital Kolkata(700387),M.D. (Radiotherapy/ Radiation Oncology),All India,2,0,1,0,1,0,1,0,0,0,5,All India Quota Seat Matrix - Round 1.pdf
2025,AIQ,1,95,All India except Central University,IPGME&R and SSKM Hospital Kolkata(700387),M.D. (Tuberculosis and Respiratory diseases)/Pulmonary Medicine /M.D. (Respiratory Medicine),All India,1,0,1,0,1,0,0,0,0,0,3,All India Quota Seat Matrix - Round 1.pdf
2025,AIQ,1,95,All India except Central University,IPGME&R and SSKM Hospital Kolkata(700387),M.S. (E.N.T.),All India,1,1,1,0,1,0,0,0,0,0,4,All India Quota Seat Matrix - Round 1.pdf
2025,AIQ,1,95,All India except Central University,IPGME&R and SSKM Hospital Kolkata(700387),M.S. (GENERAL SURGERY),All India,5,0,0,0,2,0,1,0,0,0,8,All India Quota Seat Matrix - Round 1.pdf
2025,AIQ,1,95,All India except Central University,IPGME&R and SSKM Hospital Kolkata(700387),M.S. (OPHTHALMOLOGY),All India,2,0,0,0,0,0,0,0,0,0,2,All India Quota Seat Matrix - Round 1.pdf
2025,AIQ,1,95,All India except Central University,IPGME&R and SSKM Hospital Kolkata(700387),M.S. (ORTHOPAEDICS),All India,2,0,1,0,3,0,1,0,1,0,8,All India Quota Seat Matrix - Round 1.pdf
2025,AIQ,1,95,All India except Central University,IPGME&R and SSKM Hospital Kolkata(700387),MD/MS (Anatomy),All India,0,0,1,0,1,0,0,0,0,1,3,All India Quota Seat Matrix - Round 1.pdf
2025,AIQ,1,95,All India except Central University,"JAWAHAR LAL NEHRU MEDICAL COLLEGE, AJMER(700311)",M.D. (ANAESTHESIOLOGY),All India,6,0,1,0,3,0,1,0,0,0,11,All India Quota Seat Matrix - Round 1.pdf
2025,AIQ,1,95,All India except Central University,"JAWAHAR LAL NEHRU MEDICAL COLLEGE, AJMER(700311)",M.D. (BIOCHEMISTRY),All India,2,0,0,0,1,0,1,0,0,0,4,All India Quota Seat Matrix - Round 1.pdf
2025,AIQ,1,95,All India except Central University,"JAWAHAR LAL NEHRU MEDICAL COLLEGE, AJMER(700311)","M.D. (DERM.,VENE. and LEPROSY)/ (DERMATOLOGY)/(SKIN and VENEREAL DISEASES)/(VENEREOLOGY)",All India,1,0,0,0,1,0,0,0,1,0,3,All India Quota Seat Matrix - Round 1.pdf
2025,AIQ,1,95,All India except Central University,"JAWAHAR LAL NEHRU MEDICAL COLLEGE, AJMER(700311)",M.D. (Emergency and Critical Care)/M.D. (Emergency Medicine),All India,1,0,0,0,1,0,0,0,0,0,2,All India Quota Seat Matrix - Round 1.pdf
2025,AIQ,1,95,All India except Central University,"JAWAHAR LAL NEHRU MEDICAL COLLEGE, AJMER(700311)",M.D. (FORENSIC MEDICINE),All India,3,0,0,0,0,1,0,0,0,0,4,All India Quota Seat Matrix - Round 1.pdf
2025,AIQ,1,95,All India except Central University,"JAWAHAR LAL NEHRU MEDICAL COLLEGE, AJMER(700311)",M.D. (GENERAL MEDICINE),All India,4,0,1,0,3,0,2,0,1,0,11,All India Quota Seat Matrix - Round 1.pdf
2025,AIQ,1,95,All India except Central University,"JAWAHAR LAL NEHRU MEDICAL COLLEGE, AJMER(700311)",M.D. (MICROBIOLOGY),All India,2,0,1,0,1,0,0,0,0,0,4,All India Quota Seat Matrix - Round 1.pdf
2025,AIQ,1,95,All India except Central University,"JAWAHAR LAL NEHRU MEDICAL COLLEGE, AJMER(700311)",M.D. (Obst. and Gynae)/MS (Obstetrics and Gynaecology),All India,4,0,0,0,3,0,2,0,1,0,10,All India Quota Seat Matrix - Round 1.pdf
2025,AIQ,1,95,All India except Central University,"JAWAHAR LAL NEHRU MEDICAL COLLEGE, AJMER(700311)",M.D. (PAEDIATRICS),All India,5,0,0,0,2,0,2,0,0,0,9,All India Quota Seat Matrix - Round 1.pdf
2025,AIQ,1,95,All India except Central University,"JAWAHAR LAL NEHRU MEDICAL COLLEGE, AJMER(700311)",M.D. (PALLIATIVE MEDICINE),All India,0,0,1,0,0,0,1,0,0,0,2,All India Quota Seat Matrix - Round 1.pdf
2025,AIQ,1,96,All India except Central University,"JAWAHAR LAL NEHRU MEDICAL COLLEGE, AJMER(700311)",M.D. (PATHOLOGY),All India,3,0,1,0,3,0,1,0,1,0,9,All India Quota Seat Matrix - Round 1.pdf
2025,AIQ,1,96,All India except Central University,"JAWAHAR LAL NEHRU MEDICAL COLLEGE, AJMER(700311)",M.D. (PHARMACOLOGY),All India,1,1,1,0,0,0,0,0,0,0,3,All India Quota Seat Matrix - Round 1.pdf
2025,AIQ,1,96,All India except Central University,"JAWAHAR LAL NEHRU MEDICAL COLLEGE, AJMER(700311)",M.D. (PHYSIOLOGY),All India,1,0,0,0,1,1,1,0,1,0,5,All India Quota Seat Matrix - Round 1.pdf
2025,AIQ,1,96,All India except Central University,"JAWAHAR LAL NEHRU MEDICAL COLLEGE, AJMER(700311)",M.D. (PREVENTIVE and SOCIAL MEDICINE)/ COMMUNITY MEDICINE,All India,3,0,0,0,1,0,0,0,0,0,4,All India Quota Seat Matrix - Round 1.pdf
2025,AIQ,1,96,All India except Central University,"JAWAHAR LAL NEHRU MEDICAL COLLEGE, AJMER(700311)",M.D. (PSYCHIATRY),All India,2,0,0,0,1,0,0,0,0,0,3,All India Quota Seat Matrix - Round 1.pdf
2025,AIQ,1,96,All India except Central University,"JAWAHAR LAL NEHRU MEDICAL COLLEGE, AJMER(700311)",M.D. (RADIO-DIAGNOSIS),All India,0,0,1,0,1,0,1,0,1,0,4,All India Quota Seat Matrix - Round 1.pdf
2025,AIQ,1,96,All India except Central University,"JAWAHAR LAL NEHRU MEDICAL COLLEGE, AJMER(700311)",M.D. (Radiotherapy/ Radiation Oncology),All India,1,0,0,0,1,0,0,0,0,0,2,All India Quota Seat Matrix - Round 1.pdf
2025,AIQ,1,96,All India except Central University,"JAWAHAR LAL NEHRU MEDICAL COLLEGE, AJMER(700311)",M.D. (Tuberculosis and Respiratory diseases)/Pulmonary Medicine /M.D. (Respiratory Medicine),All India,3,0,0,0,1,0,1,0,0,0,5,All India Quota Seat Matrix - Round 1.pdf
2025,AIQ,1,96,All India except Central University,"JAWAHAR LAL NEHRU MEDICAL COLLEGE, AJMER(700311)",M.D. IN TRANSFUSION MEDICINE/ IMMUNO- HAEMATOLOGY and BLOOD TRANSFUSION,All India,1,0,0,0,1,0,1,0,0,0,3,All India Quota Seat Matrix - Round 1.pdf
2025,AIQ,1,96,All India except Central University,"JAWAHAR LAL NEHRU MEDICAL COLLEGE, AJMER(700311)",M.S. (E.N.T.),All India,0,0,1,0,0,0,1,0,0,0,2,All India Quota Seat Matrix - Round 1.pdf
2025,AIQ,1,96,All India except Central University,"JAWAHAR LAL NEHRU MEDICAL COLLEGE, AJMER(700311)",M.S. (GENERAL SURGERY),All India,3,1,1,0,3,0,2,0,1,0,11,All India Quota Seat Matrix - Round 1.pdf
2025,AIQ,1,96,All India except Central University,"JAWAHAR LAL NEHRU MEDICAL COLLEGE, AJMER(700311)",M.S. (OPHTHALMOLOGY),All India,3,0,1,0,1,0,0,0,0,0,5,All India Quota Seat Matrix - Round 1.pdf
2025,AIQ,1,96,All India except Central University,"JAWAHAR LAL NEHRU MEDICAL COLLEGE, AJMER(700311)",M.S. (ORTHOPAEDICS),All India,0,0,1,0,2,0,0,1,0,1,5,All India Quota Seat Matrix - Round 1.pdf
2025,AIQ,1,96,All India except Central University,"JAWAHAR LAL NEHRU MEDICAL COLLEGE, AJMER(700311)",MD/MS (Anatomy),All India,0,0,0,1,1,0,1,0,1,0,4,All India Quota Seat Matrix - Round 1.pdf
2025,AIQ,1,96,Central University,"JAWAHARLAL NEHRU MEDICAL COLLEGE, ALIGARH MUSLIM UNIVERSITY STATE UTTAR(700362)",DIPLOMA IN OPHTHALMOLOGY/DOMS,All India,1,0,1,0,1,0,1,0,0,0,4,All India Quota Seat Matrix - Round 1.pdf
2025,AIQ,1,96,Central University,"JAWAHARLAL NEHRU MEDICAL COLLEGE, ALIGARH MUSLIM UNIVERSITY STATE UTTAR(700362)",M.D. (ANAESTHESIOLOGY),All India,4,0,1,0,3,0,1,0,1,0,10,All India Quota Seat Matrix - Round 1.pdf
2025,AIQ,1,96,Central University,"JAWAHARLAL NEHRU MEDICAL COLLEGE, ALIGARH MUSLIM UNIVERSITY STATE UTTAR(700362)",M.D. (BIOCHEMISTRY),All India,1,0,0,0,0,0,0,0,0,0,1,All India Quota Seat Matrix - Round 1.pdf
2025,AIQ,1,96,Central University,"JAWAHARLAL NEHRU MEDICAL COLLEGE, ALIGARH MUSLIM UNIVERSITY STATE UTTAR(700362)","M.D. (DERM.,VENE. and LEPROSY)/ (DERMATOLOGY)/(SKIN and VENEREAL DISEASES)/(VENEREOLOGY)",All India,1,0,0,0,1,0,0,0,0,0,2,All India Quota Seat Matrix - Round 1.pdf
2025,AIQ,1,96,Central University,"JAWAHARLAL NEHRU MEDICAL COLLEGE, ALIGARH MUSLIM UNIVERSITY STATE UTTAR(700362)",M.D. (FORENSIC MEDICINE),All India,1,0,0,0,1,0,0,0,1,0,3,All India Quota Seat Matrix - Round 1.pdf
2025,AIQ,1,96,Central University,"JAWAHARLAL NEHRU MEDICAL COLLEGE, ALIGARH MUSLIM UNIVERSITY STATE UTTAR(700362)",M.D. (GENERAL MEDICINE),All India,4,0,1,0,2,0,2,0,1,0,10,All India Quota Seat Matrix - Round 1.pdf
2025,AIQ,1,97,Central University,"JAWAHARLAL NEHRU MEDICAL COLLEGE, ALIGARH MUSLIM UNIVERSITY STATE UTTAR(700362)",M.D. (MICROBIOLOGY),All India,0,0,0,0,1,0,0,1,0,1,3,All India Quota Seat Matrix - Round 1.pdf
2025,AIQ,1,97,Central University,"JAWAHARLAL NEHRU MEDICAL COLLEGE, ALIGARH MUSLIM UNIVERSITY STATE UTTAR(700362)",M.D. (Obst. and Gynae)/MS (Obstetrics and Gynaecology),All India,5,0,0,0,2,0,1,0,0,0,8,All India Quota Seat Matrix - Round 1.pdf
2025,AIQ,1,97,Central University,"JAWAHARLAL NEHRU MEDICAL COLLEGE, ALIGARH MUSLIM UNIVERSITY STATE UTTAR(700362)",M.D. (PAEDIATRICS),All India,3,0,0,0,2,0,1,0,1,0,7,All India Quota Seat Matrix - Round 1.pdf
2025,AIQ,1,97,Central University,"JAWAHARLAL NEHRU MEDICAL COLLEGE, ALIGARH MUSLIM UNIVERSITY STATE UTTAR(700362)",M.D. (PATHOLOGY),All India,4,0,1,0,2,0,1,0,0,0,8,All India Quota Seat Matrix - Round 1.pdf
2025,AIQ,1,97,Central University,"JAWAHARLAL NEHRU MEDICAL COLLEGE, ALIGARH MUSLIM UNIVERSITY STATE UTTAR(700362)",M.D. (PHARMACOLOGY),All India,2,0,0,0,2,0,1,0,1,0,6,All India Quota Seat Matrix - Round 1.pdf
2025,AIQ,1,97,Central University,"JAWAHARLAL NEHRU MEDICAL COLLEGE, ALIGARH MUSLIM UNIVERSITY STATE UTTAR(700362)",M.D. (PHYSIOLOGY),All India,1,1,1,0,0,0,0,0,0,0,3,All India Quota Seat Matrix - Round 1.pdf
2025,AIQ,1,97,Central University,"JAWAHARLAL NEHRU MEDICAL COLLEGE, ALIGARH MUSLIM UNIVERSITY STATE UTTAR(700362)",M.D. (PREVENTIVE and SOCIAL MEDICINE)/ COMMUNITY MEDICINE,All India,1,0,1,0,2,0,1,0,0,0,5,All India Quota Seat Matrix - Round 1.pdf
2025,AIQ,1,97,Central University,"JAWAHARLAL NEHRU MEDICAL COLLEGE, ALIGARH MUSLIM UNIVERSITY STATE UTTAR(700362)",M.D. (PSYCHIATRY),All India,1,0,0,0,1,0,0,0,0,0,2,All India Quota Seat Matrix - Round 1.pdf
2025,AIQ,1,97,Central University,"JAWAHARLAL NEHRU MEDICAL COLLEGE, ALIGARH MUSLIM UNIVERSITY STATE UTTAR(700362)",M.D. (RADIO-DIAGNOSIS),All India,2,0,0,0,1,0,1,0,1,0,5,All India Quota Seat Matrix - Round 1.pdf
2025,AIQ,1,97,Central University,"JAWAHARLAL NEHRU MEDICAL COLLEGE, ALIGARH MUSLIM UNIVERSITY STATE UTTAR(700362)",M.D. (Radiotherapy/ Radiation Oncology),All India,2,0,0,0,0,0,0,0,0,0,2,All India Quota Seat Matrix - Round 1.pdf
2025,AIQ,1,97,Central University,"JAWAHARLAL NEHRU MEDICAL COLLEGE, ALIGARH MUSLIM UNIVERSITY STATE UTTAR(700362)",M.D. (Tuberculosis and Respiratory diseases)/Pulmonary Medicine /M.D. (Respiratory Medicine),All India,0,0,1,0,1,0,1,0,0,0,3,All India Quota Seat Matrix - Round 1.pdf
2025,AIQ,1,97,Central University,"JAWAHARLAL NEHRU MEDICAL COLLEGE, ALIGARH MUSLIM UNIVERSITY STATE UTTAR(700362)",M.S. (E.N.T.),All India,1,0,0,0,1,0,1,0,0,0,3,All India Quota Seat Matrix - Round 1.pdf
2025,AIQ,1,97,Central University,"JAWAHARLAL NEHRU MEDICAL COLLEGE, ALIGARH MUSLIM UNIVERSITY STATE UTTAR(700362)",M.S. (GENERAL SURGERY),All India,3,0,1,1,2,1,1,0,0,0,9,All India Quota Seat Matrix - Round 1.pdf
2025,AIQ,1,97,Central University,"JAWAHARLAL NEHRU MEDICAL COLLEGE, ALIGARH MUSLIM UNIVERSITY STATE UTTAR(700362)",M.S. (OPHTHALMOLOGY),All India,3,0,1,0,1,0,0,0,1,0,6,All India Quota Seat Matrix - Round 1.pdf
2025,AIQ,1,97,Central University,"JAWAHARLAL NEHRU MEDICAL COLLEGE, ALIGARH MUSLIM UNIVERSITY STATE UTTAR(700362)",M.S. (ORTHOPAEDICS),All India,2,0,1,0,2,0,2,0,0,0,7,All India Quota Seat Matrix - Round 1.pdf
2025,AIQ,1,97,Central University,"JAWAHARLAL NEHRU MEDICAL COLLEGE, ALIGARH MUSLIM UNIVERSITY STATE UTTAR(700362)",MD/MS (Anatomy),All India,0,1,0,0,0,0,1,0,0,0,2,All India Quota Seat Matrix - Round 1.pdf
2025,AIQ,1,97,All India except Central University,"JAWAHARLAL NEHRU MEDICAL COLLEGE, BHAGALPUR(700112)",M.D. (BIOCHEMISTRY),All India,0,0,0,0,0,0,0,0,1,0,1,All India Quota Seat Matrix - Round 1.pdf
2025,AIQ,1,97,All India except Central University,"JAWAHARLAL NEHRU MEDICAL COLLEGE, BHAGALPUR(700112)",M.D. (GENERAL MEDICINE),All India,2,0,1,0,2,0,1,0,0,0,6,All India Quota Seat Matrix - Round 1.pdf
2025,AIQ,1,97,All India except Central University,"JAWAHARLAL NEHRU MEDICAL COLLEGE, BHAGALPUR(700112)",M.D. (MICROBIOLOGY),All India,0,0,0,0,1,0,0,0,1,0,2,All India Quota Seat Matrix - Round 1.pdf
2025,AIQ,1,97,All India except Central University,"JAWAHARLAL NEHRU MEDICAL COLLEGE, BHAGALPUR(700112)",M.D. (Obst. and Gynae)/MS (Obstetrics and Gynaecology),All India,1,0,1,0,0,0,0,0,0,0,2,All India Quota Seat Matrix - Round 1.pdf
2025,AIQ,1,98,All India except Central University,"JAWAHARLAL NEHRU MEDICAL COLLEGE, BHAGALPUR(700112)",M.D. (PAEDIATRICS),All India,0,0,1,0,1,0,0,0,0,0,2,All India Quota Seat Matrix - Round 1.pdf
2025,AIQ,1,98,All India except Central University,"JAWAHARLAL NEHRU MEDICAL COLLEGE, BHAGALPUR(700112)",M.D. (PATHOLOGY),All India,1,0,0,0,0,0,0,0,0,0,1,All India Quota Seat Matrix - Round 1.pdf
2025,AIQ,1,98,All India except Central University,"JAWAHARLAL NEHRU MEDICAL COLLEGE, BHAGALPUR(700112)",M.D. (PHARMACOLOGY),All India,1,0,0,0,1,0,1,0,0,0,3,All India Quota Seat Matrix - Round 1.pdf
2025,AIQ,1,98,All India except Central University,"JAWAHARLAL NEHRU MEDICAL COLLEGE, BHAGALPUR(700112)",M.D. (PHYSICAL MED. and REHABILITATION),All India,0,0,0,0,1,0,0,0,0,0,1,All India Quota Seat Matrix - Round 1.pdf
2025,AIQ,1,98,All India except Central University,"JAWAHARLAL NEHRU MEDICAL COLLEGE, BHAGALPUR(700112)",M.D. (PHYSIOLOGY),All India,1,0,0,0,0,0,0,0,1,0,2,All India Quota Seat Matrix - Round 1.pdf
2025,AIQ,1,98,All India except Central University,"JAWAHARLAL NEHRU MEDICAL COLLEGE, BHAGALPUR(700112)",M.D. (PREVENTIVE and SOCIAL MEDICINE)/ COMMUNITY MEDICINE,All India,0,0,1,0,0,0,0,0,0,0,1,All India Quota Seat Matrix - Round 1.pdf
2025,AIQ,1,98,All India except Central University,"JAWAHARLAL NEHRU MEDICAL COLLEGE, BHAGALPUR(700112)",M.D. (PSYCHIATRY),All India,0,0,0,0,0,0,1,0,0,0,1,All India Quota Seat Matrix - Round 1.pdf
2025,AIQ,1,98,All India except Central University,"JAWAHARLAL NEHRU MEDICAL COLLEGE, BHAGALPUR(700112)",M.D. (Tuberculosis and Respiratory diseases)/Pulmonary Medicine /M.D. (Respiratory Medicine),All India,0,0,0,0,1,0,0,0,0,0,1,All India Quota Seat Matrix - Round 1.pdf
2025,AIQ,1,98,All India except Central University,"JAWAHARLAL NEHRU MEDICAL COLLEGE, BHAGALPUR(700112)",M.S. (GENERAL SURGERY),All India,3,0,0,0,1,0,1,0,0,0,5,All India Quota Seat Matrix - Round 1.pdf
2025,AIQ,1,98,All India except Central University,"JAWAHARLAL NEHRU MEDICAL COLLEGE, BHAGALPUR(700112)",M.S. (OPHTHALMOLOGY),All India,1,0,0,0,1,0,0,0,0,0,2,All India Quota Seat Matrix - Round 1.pdf
2025,AIQ,1,98,All India except Central University,"JAWAHARLAL NEHRU MEDICAL COLLEGE, BHAGALPUR(700112)",M.S. (ORTHOPAEDICS),All India,1,0,0,0,0,0,1,0,0,0,2,All India Quota Seat Matrix - Round 1.pdf
2025,AIQ,1,98,All India except Central University,"JAWAHARLAL NEHRU MEDICAL COLLEGE, BHAGALPUR(700112)",MD/MS (Anatomy),All India,0,0,0,0,1,0,0,1,0,0,2,All India Quota Seat Matrix - Round 1.pdf
2025,AIQ,1,98,All India except Central University,JHALAWAR MEDICAL COLLEGE(700337),M.D. (ANAESTHESIOLOGY),All India,0,0,0,0,1,0,0,0,0,0,1,All India Quota Seat Matrix - Round 1.pdf
2025,AIQ,1,98,All India except Central University,JHALAWAR MEDICAL COLLEGE(700337),M.D. (BIOCHEMISTRY),All India,1,0,0,0,0,0,0,0,0,0,1,All India Quota Seat Matrix - Round 1.pdf
2025,AIQ,1,98,All India except Central University,JHALAWAR MEDICAL COLLEGE(700337),M.D. (FORENSIC MEDICINE),All India,0,0,0,0,1,0,1,0,0,0,2,All India Quota Seat Matrix - Round 1.pdf
2025,AIQ,1,98,All India except Central University,JHALAWAR MEDICAL COLLEGE(700337),M.D. (GENERAL MEDICINE),All India,2,0,1,0,1,0,0,0,0,0,4,All India Quota Seat Matrix - Round 1.pdf
2025,AIQ,1,98,All India except Central University,JHALAWAR MEDICAL COLLEGE(700337),M.D. (MICROBIOLOGY),All India,0,0,0,0,0,0,0,0,1,0,1,All India Quota Seat Matrix - Round 1.pdf
2025,AIQ,1,98,All India except Central University,JHALAWAR MEDICAL COLLEGE(700337),M.D. (Obst. and Gynae)/MS (Obstetrics and Gynaecology),All India,1,1,0,0,2,0,1,0,0,0,5,All India Quota Seat Matrix - Round 1.pdf
2025,AIQ,1,98,All India except Central University,JHALAWAR MEDICAL COLLEGE(700337),M.D. (PAEDIATRICS),All India,0,0,1,0,1,0,1,0,1,0,4,All India Quota Seat Matrix - Round 1.pdf
2025,AIQ,1,98,All India except Central University,JHALAWAR MEDICAL COLLEGE(700337),M.D. (PATHOLOGY),All India,3,0,0,0,1,0,1,0,0,0,5,All India Quota Seat Matrix - Round 1.pdf
2025,AIQ,1,99,All India except Central University,JHALAWAR MEDICAL COLLEGE(700337),M.D. (PHYSIOLOGY),All India,1,0,0,0,1,0,0,0,0,0,2,All India Quota Seat Matrix - Round 1.pdf
2025,AIQ,1,99,All India except Central University,JHALAWAR MEDICAL COLLEGE(700337),M.D. (PREVENTIVE and SOCIAL MEDICINE)/ COMMUNITY MEDICINE,All India,2,0,0,0,0,0,0,0,0,0,2,All India Quota Seat Matrix - Round 1.pdf
2025,AIQ,1,99,All India except Central University,JHALAWAR MEDICAL COLLEGE(700337),M.S. (E.N.T.),All India,1,0,0,0,0,0,0,0,0,0,1,All India Quota Seat Matrix - Round 1.pdf
2025,AIQ,1,99,All India except Central University,JHALAWAR MEDICAL COLLEGE(700337),M.S. (GENERAL SURGERY),All India,2,0,0,0,1,0,1,0,0,0,4,All India Quota Seat Matrix - Round 1.pdf
2025,AIQ,1,99,All India except Central University,JHALAWAR MEDICAL COLLEGE(700337),M.S. (ORTHOPAEDICS),All India,3,0,1,0,1,0,0,0,0,0,5,All India Quota Seat Matrix - Round 1.pdf
2025,AIQ,1,99,All India except Central University,JHALAWAR MEDICAL COLLEGE(700337),MD/MS (Anatomy),All India,0,0,1,0,0,0,0,0,1,0,2,All India Quota Seat Matrix - Round 1.pdf
2025,AIQ,1,99,All India except Central University,Jorhat Medical College & Hospital(700294),M.D. (ANAESTHESIOLOGY),All India,1,0,0,0,1,0,1,0,1,0,4,All India Quota Seat Matrix - Round 1.pdf
2025,AIQ,1,99,All India except Central University,Jorhat Medical College & Hospital(700294),M.D. (BIOCHEMISTRY),All India,0,0,0,0,1,0,0,0,0,0,1,All India Quota Seat Matrix - Round 1.pdf
2025,AIQ,1,99,All India except Central University,Jorhat Medical College & Hospital(700294),"M.D. (DERM.,VENE. and LEPROSY)/ (DERMATOLOGY)/(SKIN and VENEREAL DISEASES)/(VENEREOLOGY)",All India,0,0,1,0,0,0,0,0,0,0,1,All India Quota Seat Matrix - Round 1.pdf
2025,AIQ,1,99,All India except Central University,Jorhat Medical College & Hospital(700294),M.D. (FORENSIC MEDICINE),All India,0,0,0,0,1,0,0,0,0,0,1,All India Quota Seat Matrix - Round 1.pdf
2025,AIQ,1,99,All India except Central University,Jorhat Medical College & Hospital(700294),M.D. (GENERAL MEDICINE),All India,1,0,0,1,1,0,1,1,0,0,5,All India Quota Seat Matrix - Round 1.pdf
2025,AIQ,1,99,All India except Central University,Jorhat Medical College & Hospital(700294),M.D. (MICROBIOLOGY),All India,1,0,0,0,1,0,0,0,0,0,2,All India Quota Seat Matrix - Round 1.pdf
2025,AIQ,1,99,All India except Central University,Jorhat Medical College & Hospital(700294),M.D. (Obst. and Gynae)/MS (Obstetrics and Gynaecology),All India,1,0,0,0,1,0,1,0,0,0,3,All India Quota Seat Matrix - Round 1.pdf
2025,AIQ,1,99,All India except Central University,Jorhat Medical College & Hospital(700294),M.D. (PAEDIATRICS),All India,1,0,0,0,0,0,1,0,0,0,2,All India Quota Seat Matrix - Round 1.pdf
2025,AIQ,1,99,All India except Central University,Jorhat Medical College & Hospital(700294),M.D. (PATHOLOGY),All India,2,0,0,0,1,0,0,0,1,0,4,All India Quota Seat Matrix - Round 1.pdf
2025,AIQ,1,99,All India except Central University,Jorhat Medical College & Hospital(700294),M.D. (PHARMACOLOGY),All India,0,0,0,0,0,1,0,0,0,0,1,All India Quota Seat Matrix - Round 1.pdf
2025,AIQ,1,99,All India except Central University,Jorhat Medical College & Hospital(700294),M.D. (PHYSIOLOGY),All India,0,0,1,0,0,0,1,0,0,0,2,All India Quota Seat Matrix - Round 1.pdf
2025,AIQ,1,99,All India except Central University,Jorhat Medical College & Hospital(700294),M.D. (PREVENTIVE and SOCIAL MEDICINE)/ COMMUNITY MEDICINE,All India,1,0,0,0,1,0,0,0,0,0,2,All India Quota Seat Matrix - Round 1.pdf
2025,AIQ,1,99,All India except Central University,Jorhat Medical College & Hospital(700294),M.D. (PSYCHIATRY),All India,1,0,0,0,0,0,0,0,0,0,1,All India Quota Seat Matrix - Round 1.pdf
2025,AIQ,1,99,All India except Central University,Jorhat Medical College & Hospital(700294),M.D. (RADIO-DIAGNOSIS),All India,1,0,0,0,1,0,0,0,0,0,2,All India Quota Seat Matrix - Round 1.pdf
2025,AIQ,1,100,All India except Central University,Jorhat Medical College & Hospital(700294),M.S. (E.N.T.),All India,2,0,0,0,0,0,0,0,0,0,2,All India Quota Seat Matrix - Round 1.pdf
2025,AIQ,1,100,All India except Central University,Jorhat Medical College & Hospital(700294),M.S. (GENERAL SURGERY),All India,3,0,0,0,1,0,0,0,1,0,5,All India Quota Seat Matrix - Round 1.pdf
2025,AIQ,1,100,All India except Central University,Jorhat Medical College & Hospital(700294),M.S. (OPHTHALMOLOGY),All India,0,1,0,0,0,0,0,0,0,0,1,All India Quota Seat Matrix - Round 1.pdf
2025,AIQ,1,100,All India except Central University,Jorhat Medical College & Hospital(700294),M.S. (ORTHOPAEDICS),All India,1,0,1,0,1,0,0,0,0,0,3,All India Quota Seat Matrix - Round 1.pdf
2025,AIQ,1,100,All India except Central University,Jorhat Medical College & Hospital(700294),MD/MS (Anatomy),All India,1,0,0,0,0,0,0,0,0,0,1,All India Quota Seat Matrix - Round 1.pdf
2025,AIQ,1,100,All India except Central University,"K.A.P.Viswanatham Government Medical College, Tiruchirapalli(700352)",M.D. (ANAESTHESIOLOGY),All India,3,0,0,1,1,0,1,0,0,0,6,All India Quota Seat Matrix - Round 1.pdf
2025,AIQ,1,100,All India except Central University,"K.A.P.Viswanatham Government Medical College, Tiruchirapalli(700352)",M.D. (BIOCHEMISTRY),All India,0,0,0,0,1,0,1,0,0,0,2,All India Quota Seat Matrix - Round 1.pdf
2025,AIQ,1,100,All India except Central University,"K.A.P.Viswanatham Government Medical College, Tiruchirapalli(700352)","M.D. (DERM.,VENE. and LEPROSY)/ (DERMATOLOGY)/(SKIN and VENEREAL DISEASES)/(VENEREOLOGY)",All India,0,0,0,0,0,0,0,0,1,0,1,All India Quota Seat Matrix - Round 1.pdf
2025,AIQ,1,100,All India except Central University,"K.A.P.Viswanatham Government Medical College, Tiruchirapalli(700352)",M.D. (Emergency and Critical Care)/M.D. (Emergency Medicine),All India,1,0,0,0,1,0,0,0,0,0,2,All India Quota Seat Matrix - Round 1.pdf
2025,AIQ,1,100,All India except Central University,"K.A.P.Viswanatham Government Medical College, Tiruchirapalli(700352)",M.D. (FORENSIC MEDICINE),All India,1,0,0,0,0,0,0,0,0,0,1,All India Quota Seat Matrix - Round 1.pdf
2025,AIQ,1,100,All India except Central University,"K.A.P.Viswanatham Government Medical College, Tiruchirapalli(700352)",M.D. (GENERAL MEDICINE),All India,3,0,1,0,1,1,1,0,0,0,7,All India Quota Seat Matrix - Round 1.pdf
2025,AIQ,1,100,All India except Central University,"K.A.P.Viswanatham Government Medical College, Tiruchirapalli(700352)",M.D. (MICROBIOLOGY),All India,0,0,0,0,1,0,0,0,0,0,1,All India Quota Seat Matrix - Round 1.pdf
2025,AIQ,1,100,All India except Central University,"K.A.P.Viswanatham Government Medical College, Tiruchirapalli(700352)",M.D. (Obst. and Gynae)/MS (Obstetrics and Gynaecology),All India,1,0,1,0,1,0,1,0,0,0,4,All India Quota Seat Matrix - Round 1.pdf
2025,AIQ,1,100,All India except Central University,"K.A.P.Viswanatham Government Medical College, Tiruchirapalli(700352)",M.D. (PAEDIATRICS),All India,0,1,0,0,1,0,1,0,1,0,4,All India Quota Seat Matrix - Round 1.pdf
2025,AIQ,1,100,All India except Central University,"K.A.P.Viswanatham Government Medical College, Tiruchirapalli(700352)",M.D. (PATHOLOGY),All India,2,0,1,0,0,0,0,0,0,0,3,All India Quota Seat Matrix - Round 1.pdf
2025,AIQ,1,100,All India except Central University,"K.A.P.Viswanatham Government Medical College, Tiruchirapalli(700352)",M.D. (PSYCHIATRY),All India,0,0,0,0,1,0,1,0,0,0,2,All India Quota Seat Matrix - Round 1.pdf
2025,AIQ,1,100,All India except Central University,"K.A.P.Viswanatham Government Medical College, Tiruchirapalli(700352)",M.D. (RADIO-DIAGNOSIS),All India,1,0,0,0,0,0,0,0,0,0,1,All India Quota Seat Matrix - Round 1.pdf
2025,AIQ,1,100,All India except Central University,"K.A.P.Viswanatham Government Medical College, Tiruchirapalli(700352)",M.S. (E.N.T.),All India,1,0,0,0,0,0,0,0,0,0,1,All India Quota Seat Matrix - Round 1.pdf
2025,AIQ,1,100,All India except Central University,"K.A.P.Viswanatham Government Medical College, Tiruchirapalli(700352)",M.S. (GENERAL SURGERY),All India,4,0,0,0,2,0,1,0,1,0,8,All India Quota Seat Matrix - Round 1.pdf
2025,AIQ,1,100,All India except Central University,"K.A.P.Viswanatham Government Medical College, Tiruchirapalli(700352)",M.S. (OPHTHALMOLOGY),All India,1,0,0,0,0,0,0,0,0,0,1,All India Quota Seat Matrix - Round 1.pdf
2025,AIQ,1,101,All India except Central University,"K.A.P.Viswanatham Government Medical College, Tiruchirapalli(700352)",M.S. (ORTHOPAEDICS),All India,1,0,0,0,1,0,0,0,0,0,2,All India Quota Seat Matrix - Round 1.pdf
2025,AIQ,1,101,All India except Central University,"K.A.P.Viswanatham Government Medical College, Tiruchirapalli(700352)",MD/MS (Anatomy),All India,0,0,1,0,0,0,0,0,0,0,1,All India Quota Seat Matrix - Round 1.pdf
2025,AIQ,1,101,All India except Central University,Kakatiya Medical College(700482),DIP.IN MEDICAL RADIO-DIAGNOSIS,All India,0,0,0,0,0,0,0,0,1,0,1,All India Quota Seat Matrix - Round 1.pdf
2025,AIQ,1,101,All India except Central University,Kakatiya Medical College(700482),DIPLOMA IN PUBLIC HEALTH,All India,0,0,1,0,0,0,0,0,0,0,1,All India Quota Seat Matrix - Round 1.pdf
2025,AIQ,1,101,All India except Central University,Kakatiya Medical College(700482),M.D. (ANAESTHESIOLOGY),All India,4,0,1,0,1,1,1,0,0,0,8,All India Quota Seat Matrix - Round 1.pdf
2025,AIQ,1,101,All India except Central University,Kakatiya Medical College(700482),M.D. (BIOCHEMISTRY),All India,2,0,0,0,2,0,1,0,0,0,5,All India Quota Seat Matrix - Round 1.pdf
2025,AIQ,1,101,All India except Central University,Kakatiya Medical College(700482),"M.D. (DERM.,VENE. and LEPROSY)/ (DERMATOLOGY)/(SKIN and VENEREAL DISEASES)/(VENEREOLOGY)",All India,1,0,0,0,1,0,0,0,0,0,2,All India Quota Seat Matrix - Round 1.pdf
2025,AIQ,1,101,All India except Central University,Kakatiya Medical College(700482),M.D. (Emergency and Critical Care)/M.D. (Emergency Medicine),All India,1,0,0,0,0,0,1,0,0,0,2,All India Quota Seat Matrix - Round 1.pdf
2025,AIQ,1,101,All India except Central University,Kakatiya Medical College(700482),M.D. (FORENSIC MEDICINE),All India,0,0,0,0,1,0,1,0,0,0,2,All India Quota Seat Matrix - Round 1.pdf
2025,AIQ,1,101,All India except Central University,Kakatiya Medical College(700482),M.D. (GENERAL MEDICINE),All India,4,0,2,0,3,0,1,0,1,0,11,All India Quota Seat Matrix - Round 1.pdf
2025,AIQ,1,101,All India except Central University,Kakatiya Medical College(700482),M.D. (MICROBIOLOGY),All India,2,0,1,0,1,0,0,0,0,0,4,All India Quota Seat Matrix - Round 1.pdf
2025,AIQ,1,101,All India except Central University,Kakatiya Medical College(700482),M.D. (Obst. and Gynae)/MS (Obstetrics and Gynaecology),All India,4,0,1,0,2,0,2,0,1,0,10,All India Quota Seat Matrix - Round 1.pdf
2025,AIQ,1,101,All India except Central University,Kakatiya Medical College(700482),M.D. (PAEDIATRICS),All India,3,0,1,0,2,0,2,0,0,0,8,All India Quota Seat Matrix - Round 1.pdf
2025,AIQ,1,101,All India except Central University,Kakatiya Medical College(700482),M.D. (PATHOLOGY),All India,2,0,0,0,1,1,0,0,1,0,5,All India Quota Seat Matrix - Round 1.pdf
2025,AIQ,1,101,All India except Central University,Kakatiya Medical College(700482),M.D. (PHARMACOLOGY),All India,0,0,1,0,0,0,1,0,0,0,2,All India Quota Seat Matrix - Round 1.pdf
2025,AIQ,1,101,All India except Central University,Kakatiya Medical College(700482),M.D. (PHYSIOLOGY),All India,1,0,0,0,1,0,0,0,0,0,2,All India Quota Seat Matrix - Round 1.pdf
2025,AIQ,1,101,All India except Central University,Kakatiya Medical College(700482),M.D. (PREVENTIVE and SOCIAL MEDICINE)/ COMMUNITY MEDICINE,All India,2,0,0,0,0,0,0,0,0,0,2,All India Quota Seat Matrix - Round 1.pdf
2025,AIQ,1,101,All India except Central University,Kakatiya Medical College(700482),M.D. (PSYCHIATRY),All India,0,0,0,0,1,0,1,0,0,0,2,All India Quota Seat Matrix - Round 1.pdf
2025,AIQ,1,101,All India except Central University,Kakatiya Medical College(700482),M.D. (RADIO-DIAGNOSIS),All India,0,0,0,0,1,0,0,0,1,0,2,All India Quota Seat Matrix - Round 1.pdf
2025,AIQ,1,101,All India except Central University,Kakatiya Medical College(700482),M.D. (Tuberculosis and Respiratory diseases)/Pulmonary Medicine /M.D. (Respiratory Medicine),All India,2,0,1,0,1,0,0,0,0,0,4,All India Quota Seat Matrix - Round 1.pdf
2025,AIQ,1,102,All India except Central University,Kakatiya Medical College(700482),M.S. (E.N.T.),All India,2,1,0,0,1,0,0,0,0,0,4,All India Quota Seat Matrix - Round 1.pdf
2025,AIQ,1,102,All India except Central University,Kakatiya Medical College(700482),M.S. (GENERAL SURGERY),All India,4,0,0,0,3,0,2,0,1,0,10,All India Quota Seat Matrix - Round 1.pdf
2025,AIQ,1,102,All India except Central University,Kakatiya Medical College(700482),M.S. (OPHTHALMOLOGY),All India,3,0,0,0,2,0,0,0,0,0,5,All India Quota Seat Matrix - Round 1.pdf
2025,AIQ,1,102,All India except Central University,Kakatiya Medical College(700482),M.S. (ORTHOPAEDICS),All India,1,1,1,0,1,0,1,0,1,0,6,All India Quota Seat Matrix - Round 1.pdf
2025,AIQ,1,102,All India except Central University,Kakatiya Medical College(700482),MD/MS (Anatomy),All India,0,0,0,0,0,0,1,0,1,0,2,All India Quota Seat Matrix - Round 1.pdf
2025,AIQ,1,102,All India except Central University,"Kalpana Chawla Govt Medical College, Karnal, Haryana(701698)",M.D. (BIOCHEMISTRY),All India,2,0,0,0,0,0,0,0,0,0,2,All India Quota Seat Matrix - Round 1.pdf
2025,AIQ,1,102,All India except Central University,"Kalpana Chawla Govt Medical College, Karnal, Haryana(701698)",M.D. (FORENSIC MEDICINE),All India,1,0,0,0,0,0,0,0,0,0,1,All India Quota Seat Matrix - Round 1.pdf
2025,AIQ,1,102,All India except Central University,"Kalpana Chawla Govt Medical College, Karnal, Haryana(701698)",M.D. (MICROBIOLOGY),All India,1,0,0,0,0,1,0,0,0,0,2,All India Quota Seat Matrix - Round 1.pdf
2025,AIQ,1,102,All India except Central University,"Kalpana Chawla Govt Medical College, Karnal, Haryana(701698)",M.D. (PAEDIATRICS),All India,1,0,0,0,0,0,0,0,0,0,1,All India Quota Seat Matrix - Round 1.pdf
2025,AIQ,1,102,All India except Central University,"Kalpana Chawla Govt Medical College, Karnal, Haryana(701698)",M.D. (PHARMACOLOGY),All India,0,0,0,0,0,0,1,0,0,0,1,All India Quota Seat Matrix - Round 1.pdf
2025,AIQ,1,102,All India except Central University,"Kalpana Chawla Govt Medical College, Karnal, Haryana(701698)",M.D. (PHYSIOLOGY),All India,0,0,0,0,1,0,0,0,1,0,2,All India Quota Seat Matrix - Round 1.pdf
2025,AIQ,1,102,All India except Central University,"Kalpana Chawla Govt Medical College, Karnal, Haryana(701698)",MD/MS (Anatomy),All India,0,0,0,0,1,0,1,0,0,0,2,All India Quota Seat Matrix - Round 1.pdf
2025,AIQ,1,102,All India except Central University,KANYAKUMARI GOVERNMENT MEDICAL COLLEGE(700356),M.D. (ANAESTHESIOLOGY),All India,2,0,0,0,1,0,0,0,0,0,3,All India Quota Seat Matrix - Round 1.pdf
2025,AIQ,1,102,All India except Central University,KANYAKUMARI GOVERNMENT MEDICAL COLLEGE(700356),M.D. (Emergency and Critical Care)/M.D. (Emergency Medicine),All India,0,0,0,0,0,0,1,0,0,0,1,All India Quota Seat Matrix - Round 1.pdf
2025,AIQ,1,102,All India except Central University,KANYAKUMARI GOVERNMENT MEDICAL COLLEGE(700356),M.D. (GENERAL MEDICINE),All India,2,0,1,0,1,0,1,0,0,0,5,All India Quota Seat Matrix - Round 1.pdf
2025,AIQ,1,102,All India except Central University,KANYAKUMARI GOVERNMENT MEDICAL COLLEGE(700356),M.D. (Obst. and Gynae)/MS (Obstetrics and Gynaecology),All India,1,0,0,0,0,0,1,0,1,0,3,All India Quota Seat Matrix - Round 1.pdf
2025,AIQ,1,102,All India except Central University,KANYAKUMARI GOVERNMENT MEDICAL COLLEGE(700356),M.D. (PAEDIATRICS),All India,2,0,0,0,0,0,0,0,0,0,2,All India Quota Seat Matrix - Round 1.pdf
2025,AIQ,1,102,All India except Central University,KANYAKUMARI GOVERNMENT MEDICAL COLLEGE(700356),M.S. (E.N.T.),All India,0,0,0,0,1,0,0,0,1,0,2,All India Quota Seat Matrix - Round 1.pdf
2025,AIQ,1,102,All India except Central University,KANYAKUMARI GOVERNMENT MEDICAL COLLEGE(700356),M.S. (GENERAL SURGERY),All India,2,0,1,0,2,0,0,0,0,0,5,All India Quota Seat Matrix - Round 1.pdf
2025,AIQ,1,102,All India except Central University,KANYAKUMARI GOVERNMENT MEDICAL COLLEGE(700356),M.S. (OPHTHALMOLOGY),All India,0,0,0,0,1,0,0,0,0,0,1,All India Quota Seat Matrix - Round 1.pdf
2025,AIQ,1,102,All India except Central University,KANYAKUMARI GOVERNMENT MEDICAL COLLEGE(700356),M.S. (ORTHOPAEDICS),All India,1,0,0,0,0,0,0,0,0,0,1,All India Quota Seat Matrix - Round 1.pdf
2025,AIQ,1,103,All India except Central University,"Karnataka Medical College and Research Institute, Hubballi(700394)",M.D. (ANAESTHESIOLOGY),All India,4,0,0,0,3,0,2,0,1,0,10,All India Quota Seat Matrix - Round 1.pdf
2025,AIQ,1,103,All India except Central University,"Karnataka Medical College and Research Institute, Hubballi(700394)",M.D. (BIOCHEMISTRY),All India,0,0,1,0,0,0,0,0,0,0,1,All India Quota Seat Matrix - Round 1.pdf
2025,AIQ,1,103,All India except Central University,"Karnataka Medical College and Research Institute, Hubballi(700394)","M.D. (DERM.,VENE. and LEPROSY)/ (DERMATOLOGY)/(SKIN and VENEREAL DISEASES)/(VENEREOLOGY)",All India,1,0,0,0,1,0,0,0,0,0,2,All India Quota Seat Matrix - Round 1.pdf
2025,AIQ,1,103,All India except Central University,"Karnataka Medical College and Research Institute, Hubballi(700394)",M.D. (FORENSIC MEDICINE),All India,0,0,0,0,1,0,0,0,0,0,1,All India Quota Seat Matrix - Round 1.pdf
2025,AIQ,1,103,All India except Central University,"Karnataka Medical College and Research Institute, Hubballi(700394)",M.D. (GENERAL MEDICINE),All India,3,0,1,1,3,0,1,1,1,0,11,All India Quota Seat Matrix - Round 1.pdf
2025,AIQ,1,103,All India except Central University,"Karnataka Medical College and Research Institute, Hubballi(700394)",M.D. (MICROBIOLOGY),All India,1,0,1,0,0,0,0,0,0,0,2,All India Quota Seat Matrix - Round 1.pdf
2025,AIQ,1,103,All India except Central University,"Karnataka Medical College and Research Institute, Hubballi(700394)",M.D. (Obst. and Gynae)/MS (Obstetrics and Gynaecology),All India,4,0,1,0,2,1,2,0,1,0,11,All India Quota Seat Matrix - Round 1.pdf
2025,AIQ,1,103,All India except Central University,"Karnataka Medical College and Research Institute, Hubballi(700394)",M.D. (PAEDIATRICS),All India,4,0,0,0,2,0,1,0,0,0,7,All India Quota Seat Matrix - Round 1.pdf
2025,AIQ,1,103,All India except Central University,"Karnataka Medical College and Research Institute, Hubballi(700394)",M.D. (PATHOLOGY),All India,3,0,1,0,3,0,2,0,1,0,10,All India Quota Seat Matrix - Round 1.pdf
2025,AIQ,1,103,All India except Central University,"Karnataka Medical College and Research Institute, Hubballi(700394)",M.D. (PHARMACOLOGY),All India,0,0,1,0,0,0,0,0,0,0,1,All India Quota Seat Matrix - Round 1.pdf
2025,AIQ,1,103,All India except Central University,"Karnataka Medical College and Research Institute, Hubballi(700394)",M.D. (PHYSIOLOGY),All India,1,0,0,0,1,0,0,0,0,0,2,All India Quota Seat Matrix - Round 1.pdf
2025,AIQ,1,103,All India except Central University,"Karnataka Medical College and Research Institute, Hubballi(700394)",M.D. (PREVENTIVE and SOCIAL MEDICINE)/ COMMUNITY MEDICINE,All India,1,0,0,0,0,0,1,0,0,0,2,All India Quota Seat Matrix - Round 1.pdf
2025,AIQ,1,103,All India except Central University,"Karnataka Medical College and Research Institute, Hubballi(700394)",M.D. (PSYCHIATRY),All India,1,0,0,0,1,0,0,0,1,0,3,All India Quota Seat Matrix - Round 1.pdf
2025,AIQ,1,103,All India except Central University,"Karnataka Medical College and Research Institute, Hubballi(700394)",M.D. (RADIO-DIAGNOSIS),All India,1,1,0,0,0,0,0,0,0,0,2,All India Quota Seat Matrix - Round 1.pdf
2025,AIQ,1,103,All India except Central University,"Karnataka Medical College and Research Institute, Hubballi(700394)",M.D. (Tuberculosis and Respiratory diseases)/Pulmonary Medicine /M.D. (Respiratory Medicine),All India,0,0,0,0,1,0,0,0,0,0,1,All India Quota Seat Matrix - Round 1.pdf
2025,AIQ,1,103,All India except Central University,"Karnataka Medical College and Research Institute, Hubballi(700394)",M.S. (E.N.T.),All India,2,0,0,0,1,0,1,0,1,0,5,All India Quota Seat Matrix - Round 1.pdf
2025,AIQ,1,103,All India except Central University,"Karnataka Medical College and Research Institute, Hubballi(700394)",M.S. (GENERAL SURGERY),All India,5,1,0,0,2,0,1,0,0,0,9,All India Quota Seat Matrix - Round 1.pdf
2025,AIQ,1,103,All India except Central University,"Karnataka Medical College and Research Institute, Hubballi(700394)",M.S. (OPHTHALMOLOGY),All India,2,0,0,0,1,0,0,0,0,0,3,All India Quota Seat Matrix - Round 1.pdf
2025,AIQ,1,103,All India except Central University,"Karnataka Medical College and Research Institute, Hubballi(700394)",M.S. (ORTHOPAEDICS),All India,2,0,1,0,2,0,1,0,1,0,7,All India Quota Seat Matrix - Round 1.pdf
2025,AIQ,1,103,All India except Central University,"Karnataka Medical College and Research Institute, Hubballi(700394)",MD/MS (Anatomy),All India,0,0,1,0,0,0,0,0,0,0,1,All India Quota Seat Matrix - Round 1.pdf
2025,AIQ,1,104,All India except Central University,"Karwar Institute of Medical Sciences, Karnataka(701502)",M.D. (ANAESTHESIOLOGY),All India,1,0,0,0,0,0,0,0,0,0,1,All India Quota Seat Matrix - Round 1.pdf
2025,AIQ,1,104,All India except Central University,"Karwar Institute of Medical Sciences, Karnataka(701502)",M.D. (BIOCHEMISTRY),All India,2,0,0,0,1,0,0,0,0,0,3,All India Quota Seat Matrix - Round 1.pdf
2025,AIQ,1,104,All India except Central University,"Karwar Institute of Medical Sciences, Karnataka(701502)",M.D. (FORENSIC MEDICINE),All India,0,0,1,0,1,0,0,0,1,0,3,All India Quota Seat Matrix - Round 1.pdf
2025,AIQ,1,104,All India except Central University,"Karwar Institute of Medical Sciences, Karnataka(701502)",M.D. (GENERAL MEDICINE),All India,1,0,0,0,0,0,0,0,0,0,1,All India Quota Seat Matrix - Round 1.pdf
2025,AIQ,1,104,All India except Central University,"Karwar Institute of Medical Sciences, Karnataka(701502)",M.D. (MICROBIOLOGY),All India,2,0,0,0,1,0,0,0,0,0,3,All India Quota Seat Matrix - Round 1.pdf
2025,AIQ,1,104,All India except Central University,"Karwar Institute of Medical Sciences, Karnataka(701502)",M.D. (Obst. and Gynae)/MS (Obstetrics and Gynaecology),All India,0,0,0,0,1,0,0,0,0,0,1,All India Quota Seat Matrix - Round 1.pdf
2025,AIQ,1,104,All India except Central University,"Karwar Institute of Medical Sciences, Karnataka(701502)",M.D. (PAEDIATRICS),All India,0,0,0,0,0,0,1,0,0,0,1,All India Quota Seat Matrix - Round 1.pdf
2025,AIQ,1,104,All India except Central University,"Karwar Institute of Medical Sciences, Karnataka(701502)",M.D. (PATHOLOGY),All India,0,0,0,0,0,0,0,0,1,0,1,All India Quota Seat Matrix - Round 1.pdf
2025,AIQ,1,104,All India except Central University,"Karwar Institute of Medical Sciences, Karnataka(701502)",M.D. (PHARMACOLOGY),All India,0,0,1,0,1,0,0,0,0,0,2,All India Quota Seat Matrix - Round 1.pdf
2025,AIQ,1,104,All India except Central University,"Karwar Institute of Medical Sciences, Karnataka(701502)",M.D. (PHYSIOLOGY),All India,2,0,0,0,1,0,0,0,0,0,3,All India Quota Seat Matrix - Round 1.pdf
2025,AIQ,1,104,All India except Central University,"Karwar Institute of Medical Sciences, Karnataka(701502)",M.D. (PREVENTIVE and SOCIAL MEDICINE)/ COMMUNITY MEDICINE,All India,0,0,0,0,0,0,1,0,0,0,1,All India Quota Seat Matrix - Round 1.pdf
2025,AIQ,1,104,All India except Central University,"Karwar Institute of Medical Sciences, Karnataka(701502)",M.S. (E.N.T.),All India,0,0,0,0,0,0,1,0,0,0,1,All India Quota Seat Matrix - Round 1.pdf
2025,AIQ,1,104,All India except Central University,"Karwar Institute of Medical Sciences, Karnataka(701502)",M.S. (GENERAL SURGERY),All India,1,0,0,0,0,0,1,0,0,0,2,All India Quota Seat Matrix - Round 1.pdf
2025,AIQ,1,104,All India except Central University,"Karwar Institute of Medical Sciences, Karnataka(701502)",M.S. (ORTHOPAEDICS),All India,1,0,0,0,0,0,0,0,0,0,1,All India Quota Seat Matrix - Round 1.pdf
2025,AIQ,1,104,All India except Central University,"Karwar Institute of Medical Sciences, Karnataka(701502)",MD/MS (Anatomy),All India,0,0,1,0,1,0,1,0,0,0,3,All India Quota Seat Matrix - Round 1.pdf
2025,AIQ,1,104,All India except Central University,Kidwai Memorial Institute of Oncolgy(700403),DIP. IN MEDICAL RADIO-THERAPY,All India,0,0,0,0,1,0,0,0,0,0,1,All India Quota Seat Matrix - Round 1.pdf
2025,AIQ,1,104,All India except Central University,Kidwai Memorial Institute of Oncolgy(700403),M.D. (ANAESTHESIOLOGY),All India,3,0,1,0,1,1,1,0,0,0,7,All India Quota Seat Matrix - Round 1.pdf
2025,AIQ,1,104,All India except Central University,Kidwai Memorial Institute of Oncolgy(700403),M.D. (BIOCHEMISTRY),All India,1,0,0,0,0,0,0,0,1,0,2,All India Quota Seat Matrix - Round 1.pdf
2025,AIQ,1,104,All India except Central University,Kidwai Memorial Institute of Oncolgy(700403),M.D. (MICROBIOLOGY),All India,0,0,1,0,0,0,0,0,0,0,1,All India Quota Seat Matrix - Round 1.pdf
2025,AIQ,1,104,All India except Central University,Kidwai Memorial Institute of Oncolgy(700403),M.D. (RADIO-DIAGNOSIS),All India,0,0,0,0,0,0,1,0,0,0,1,All India Quota Seat Matrix - Round 1.pdf
2025,AIQ,1,104,All India except Central University,Kidwai Memorial Institute of Oncolgy(700403),M.D. (Radiotherapy/ Radiation Oncology),All India,3,0,0,0,1,0,0,0,0,0,4,All India Quota Seat Matrix - Round 1.pdf
2025,AIQ,1,105,All India except Central University,KING GEORGES MEDICAL UNIVERSITY(700366),M.D. (ANAESTHESIOLOGY),All India,9,0,2,0,5,1,3,0,1,0,21,All India Quota Seat Matrix - Round 1.pdf
2025,AIQ,1,105,All India except Central University,KING GEORGES MEDICAL UNIVERSITY(700366),M.D. (BIOCHEMISTRY),All India,0,1,0,0,0,0,0,0,0,0,1,All India Quota Seat Matrix - Round 1.pdf
2025,AIQ,1,105,All India except Central University,KING GEORGES MEDICAL UNIVERSITY(700366),M.D. (Emergency and Critical Care)/M.D. (Emergency Medicine),All India,0,0,0,0,1,0,1,0,0,0,2,All India Quota Seat Matrix - Round 1.pdf
2025,AIQ,1,105,All India except Central University,KING GEORGES MEDICAL UNIVERSITY(700366),M.D. (FORENSIC MEDICINE),All India,1,0,1,0,2,0,1,0,0,0,5,All India Quota Seat Matrix - Round 1.pdf
2025,AIQ,1,105,All India except Central University,KING GEORGES MEDICAL UNIVERSITY(700366),M.D. (GENERAL MEDICINE),All India,6,0,1,0,4,0,2,0,1,0,14,All India Quota Seat Matrix - Round 1.pdf
2025,AIQ,1,105,All India except Central University,KING GEORGES MEDICAL UNIVERSITY(700366),M.D. (Hospital Administration),All India,1,0,0,0,0,0,0,0,0,0,1,All India Quota Seat Matrix - Round 1.pdf
2025,AIQ,1,105,All India except Central University,KING GEORGES MEDICAL UNIVERSITY(700366),M.D. (MICROBIOLOGY),All India,3,0,1,0,2,0,0,1,1,0,8,All India Quota Seat Matrix - Round 1.pdf
2025,AIQ,1,105,All India except Central University,KING GEORGES MEDICAL UNIVERSITY(700366),M.D. (Obst. and Gynae)/MS (Obstetrics and Gynaecology),All India,5,1,2,0,3,1,2,0,1,0,15,All India Quota Seat Matrix - Round 1.pdf
2025,AIQ,1,105,All India except Central University,KING GEORGES MEDICAL UNIVERSITY(700366),M.D. (PAEDIATRICS),All India,5,0,1,0,3,0,2,0,1,0,12,All India Quota Seat Matrix - Round 1.pdf
2025,AIQ,1,105,All India except Central University,KING GEORGES MEDICAL UNIVERSITY(700366),M.D. (PATHOLOGY),All India,4,0,1,0,3,0,2,0,0,0,10,All India Quota Seat Matrix - Round 1.pdf
2025,AIQ,1,105,All India except Central University,KING GEORGES MEDICAL UNIVERSITY(700366),M.D. (PHARMACOLOGY),All India,2,1,1,1,4,0,2,0,2,0,13,All India Quota Seat Matrix - Round 1.pdf
2025,AIQ,1,105,All India except Central University,KING GEORGES MEDICAL UNIVERSITY(700366),M.D. (PHYSICAL MED. and REHABILITATION),All India,1,0,1,0,0,0,0,0,0,0,2,All India Quota Seat Matrix - Round 1.pdf
2025,AIQ,1,105,All India except Central University,KING GEORGES MEDICAL UNIVERSITY(700366),M.D. (PHYSIOLOGY),All India,6,0,0,0,2,0,1,0,0,0,9,All India Quota Seat Matrix - Round 1.pdf
2025,AIQ,1,105,All India except Central University,KING GEORGES MEDICAL UNIVERSITY(700366),M.D. (PREVENTIVE and SOCIAL MEDICINE)/ COMMUNITY MEDICINE,All India,1,0,0,0,2,0,1,0,1,0,5,All India Quota Seat Matrix - Round 1.pdf
2025,AIQ,1,105,All India except Central University,KING GEORGES MEDICAL UNIVERSITY(700366),M.D. (PSYCHIATRY),All India,3,0,1,0,1,0,1,0,0,0,6,All India Quota Seat Matrix - Round 1.pdf
2025,AIQ,1,105,All India except Central University,KING GEORGES MEDICAL UNIVERSITY(700366),M.D. (RADIO-DIAGNOSIS),All India,2,0,0,0,1,1,1,0,0,0,5,All India Quota Seat Matrix - Round 1.pdf
2025,AIQ,1,105,All India except Central University,KING GEORGES MEDICAL UNIVERSITY(700366),M.D. (Radiotherapy/ Radiation Oncology),All India,1,0,0,0,1,0,0,0,1,0,3,All India Quota Seat Matrix - Round 1.pdf
2025,AIQ,1,105,All India except Central University,KING GEORGES MEDICAL UNIVERSITY(700366),M.D. (Tuberculosis and Respiratory diseases)/Pulmonary Medicine /M.D. (Respiratory Medicine),All India,4,0,1,0,1,0,1,0,0,0,7,All India Quota Seat Matrix - Round 1.pdf
2025,AIQ,1,105,All India except Central University,KING GEORGES MEDICAL UNIVERSITY(700366),M.D. IN TRANSFUSION MEDICINE/ IMMUNO- HAEMATOLOGY and BLOOD TRANSFUSION,All India,0,0,0,0,1,0,0,0,0,0,1,All India Quota Seat Matrix - Round 1.pdf
2025,AIQ,1,105,All India except Central University,KING GEORGES MEDICAL UNIVERSITY(700366),M.S. ( Traumatology and Surgery ),All India,1,0,0,0,1,0,0,0,0,0,2,All India Quota Seat Matrix - Round 1.pdf
2025,AIQ,1,106,All India except Central University,KING GEORGES MEDICAL UNIVERSITY(700366),M.S. (E.N.T.),All India,1,0,0,0,0,0,0,0,1,0,2,All India Quota Seat Matrix - Round 1.pdf
2025,AIQ,1,106,All India except Central University,KING GEORGES MEDICAL UNIVERSITY(700366),M.S. (GENERAL SURGERY),All India,5,0,1,0,3,0,2,0,1,0,12,All India Quota Seat Matrix - Round 1.pdf
2025,AIQ,1,106,All India except Central University,KING GEORGES MEDICAL UNIVERSITY(700366),M.S. (OPHTHALMOLOGY),All India,2,0,0,0,1,0,1,0,0,0,4,All India Quota Seat Matrix - Round 1.pdf
2025,AIQ,1,106,All India except Central University,KING GEORGES MEDICAL UNIVERSITY(700366),M.S. (ORTHOPAEDICS),All India,3,0,1,0,2,0,1,0,1,0,8,All India Quota Seat Matrix - Round 1.pdf
2025,AIQ,1,106,All India except Central University,KING GEORGES MEDICAL UNIVERSITY(700366),MD/MS (Anatomy),All India,3,0,1,0,2,0,1,0,1,0,8,All India Quota Seat Matrix - Round 1.pdf
2025,AIQ,1,106,All India except Central University,"Kodagu Institute of Medical Sciences, Karnataka(701511)",M.D. (ANAESTHESIOLOGY),All India,0,1,0,0,1,0,1,0,0,0,3,All India Quota Seat Matrix - Round 1.pdf
2025,AIQ,1,106,All India except Central University,"Kodagu Institute of Medical Sciences, Karnataka(701511)",M.D. (BIOCHEMISTRY),All India,0,0,1,0,0,0,0,0,1,0,2,All India Quota Seat Matrix - Round 1.pdf
2025,AIQ,1,106,All India except Central University,"Kodagu Institute of Medical Sciences, Karnataka(701511)",M.D. (FORENSIC MEDICINE),All India,1,0,0,0,0,0,1,0,0,0,2,All India Quota Seat Matrix - Round 1.pdf
2025,AIQ,1,106,All India except Central University,"Kodagu Institute of Medical Sciences, Karnataka(701511)",M.D. (MICROBIOLOGY),All India,1,0,0,0,1,0,0,0,0,0,2,All India Quota Seat Matrix - Round 1.pdf
2025,AIQ,1,106,All India except Central University,"Kodagu Institute of Medical Sciences, Karnataka(701511)",M.D. (Obst. and Gynae)/MS (Obstetrics and Gynaecology),All India,0,0,1,0,0,0,1,0,1,0,3,All India Quota Seat Matrix - Round 1.pdf
2025,AIQ,1,106,All India except Central University,"Kodagu Institute of Medical Sciences, Karnataka(701511)",M.D. (PAEDIATRICS),All India,1,0,0,0,0,0,1,0,0,0,2,All India Quota Seat Matrix - Round 1.pdf
2025,AIQ,1,106,All India except Central University,"Kodagu Institute of Medical Sciences, Karnataka(701511)",M.D. (PATHOLOGY),All India,1,0,0,0,0,0,0,0,0,0,1,All India Quota Seat Matrix - Round 1.pdf
2025,AIQ,1,106,All India except Central University,"Kodagu Institute of Medical Sciences, Karnataka(701511)",M.D. (PHARMACOLOGY),All India,0,0,1,0,1,0,0,0,0,0,2,All India Quota Seat Matrix - Round 1.pdf
2025,AIQ,1,106,All India except Central University,"Kodagu Institute of Medical Sciences, Karnataka(701511)",M.D. (PHYSIOLOGY),All India,2,0,0,0,1,0,0,0,0,0,3,All India Quota Seat Matrix - Round 1.pdf
2025,AIQ,1,106,All India except Central University,"Kodagu Institute of Medical Sciences, Karnataka(701511)",M.D. (PREVENTIVE and SOCIAL MEDICINE)/ COMMUNITY MEDICINE,All India,0,0,0,0,0,0,0,1,0,1,2,All India Quota Seat Matrix - Round 1.pdf
2025,AIQ,1,106,All India except Central University,"Kodagu Institute of Medical Sciences, Karnataka(701511)",M.S. (E.N.T.),All India,1,0,0,0,1,0,0,0,0,0,2,All India Quota Seat Matrix - Round 1.pdf
2025,AIQ,1,106,All India except Central University,"Kodagu Institute of Medical Sciences, Karnataka(701511)",M.S. (GENERAL SURGERY),All India,2,0,0,0,1,0,0,0,0,0,3,All India Quota Seat Matrix - Round 1.pdf
2025,AIQ,1,106,All India except Central University,"Kodagu Institute of Medical Sciences, Karnataka(701511)",M.S. (OPHTHALMOLOGY),All India,0,0,0,0,1,0,0,0,0,0,1,All India Quota Seat Matrix - Round 1.pdf
2025,AIQ,1,106,All India except Central University,"Kodagu Institute of Medical Sciences, Karnataka(701511)",M.S. (ORTHOPAEDICS),All India,2,0,0,0,1,0,0,0,0,0,3,All India Quota Seat Matrix - Round 1.pdf
2025,AIQ,1,106,All India except Central University,"Kodagu Institute of Medical Sciences, Karnataka(701511)",MD/MS (Anatomy),All India,1,0,0,0,1,0,0,0,0,0,2,All India Quota Seat Matrix - Round 1.pdf
2025,AIQ,1,106,All India except Central University,"Koppal Institute of Medical Sciences Koppal, Karnataka(701403)",M.D. (ANAESTHESIOLOGY),All India,1,0,0,0,0,0,1,0,0,0,2,All India Quota Seat Matrix - Round 1.pdf
2025,AIQ,1,107,All India except Central University,"Koppal Institute of Medical Sciences Koppal, Karnataka(701403)",M.D. (BIOCHEMISTRY),All India,0,0,1,0,1,0,0,0,0,0,2,All India Quota Seat Matrix - Round 1.pdf
2025,AIQ,1,107,All India except Central University,"Koppal Institute of Medical Sciences Koppal, Karnataka(701403)",M.D. (FORENSIC MEDICINE),All India,2,0,0,0,0,0,0,0,0,0,2,All India Quota Seat Matrix - Round 1.pdf
2025,AIQ,1,107,All India except Central University,"Koppal Institute of Medical Sciences Koppal, Karnataka(701403)",M.D. (GENERAL MEDICINE),All India,1,0,0,0,1,0,0,0,0,0,2,All India Quota Seat Matrix - Round 1.pdf
2025,AIQ,1,107,All India except Central University,"Koppal Institute of Medical Sciences Koppal, Karnataka(701403)",M.D. (MICROBIOLOGY),All India,0,0,1,0,1,0,0,0,0,0,2,All India Quota Seat Matrix - Round 1.pdf
2025,AIQ,1,107,All India except Central University,"Koppal Institute of Medical Sciences Koppal, Karnataka(701403)",M.D. (Obst. and Gynae)/MS (Obstetrics and Gynaecology),All India,2,0,0,0,1,0,0,0,0,0,3,All India Quota Seat Matrix - Round 1.pdf
2025,AIQ,1,107,All India except Central University,"Koppal Institute of Medical Sciences Koppal, Karnataka(701403)",M.D. (PAEDIATRICS),All India,0,0,0,0,1,0,0,0,0,0,1,All India Quota Seat Matrix - Round 1.pdf
2025,AIQ,1,107,All India except Central University,"Koppal Institute of Medical Sciences Koppal, Karnataka(701403)",M.D. (PATHOLOGY),All India,1,1,0,0,0,0,0,0,0,0,2,All India Quota Seat Matrix - Round 1.pdf
2025,AIQ,1,107,All India except Central University,"Koppal Institute of Medical Sciences Koppal, Karnataka(701403)",M.D. (PHARMACOLOGY),All India,1,0,0,0,1,0,0,0,0,0,2,All India Quota Seat Matrix - Round 1.pdf
2025,AIQ,1,107,All India except Central University,"Koppal Institute of Medical Sciences Koppal, Karnataka(701403)",M.D. (PHYSIOLOGY),All India,0,0,0,0,0,0,1,0,1,0,2,All India Quota Seat Matrix - Round 1.pdf
2025,AIQ,1,107,All India except Central University,"Koppal Institute of Medical Sciences Koppal, Karnataka(701403)",M.D. (PREVENTIVE and SOCIAL MEDICINE)/ COMMUNITY MEDICINE,All India,0,0,0,0,1,0,0,0,0,0,1,All India Quota Seat Matrix - Round 1.pdf
2025,AIQ,1,107,All India except Central University,"Koppal Institute of Medical Sciences Koppal, Karnataka(701403)",M.S. (GENERAL SURGERY),All India,0,0,0,0,0,0,1,0,1,0,2,All India Quota Seat Matrix - Round 1.pdf
2025,AIQ,1,107,All India except Central University,"Koppal Institute of Medical Sciences Koppal, Karnataka(701403)",M.S. (ORTHOPAEDICS),All India,1,0,0,0,0,0,1,0,0,0,2,All India Quota Seat Matrix - Round 1.pdf
2025,AIQ,1,107,All India except Central University,"Koppal Institute of Medical Sciences Koppal, Karnataka(701403)",MD/MS (Anatomy),All India,1,0,0,0,1,0,0,0,0,0,2,All India Quota Seat Matrix - Round 1.pdf
2025,AIQ,1,107,All India except Central University,KURNOOL MEDICAL COLLEGE(700474),M.D. (ANAESTHESIOLOGY),All India,3,0,1,0,2,0,1,0,0,0,7,All India Quota Seat Matrix - Round 1.pdf
2025,AIQ,1,107,All India except Central University,KURNOOL MEDICAL COLLEGE(700474),M.D. (BIOCHEMISTRY),All India,0,0,0,0,1,0,0,0,0,0,1,All India Quota Seat Matrix - Round 1.pdf
2025,AIQ,1,107,All India except Central University,KURNOOL MEDICAL COLLEGE(700474),"M.D. (DERM.,VENE. and LEPROSY)/ (DERMATOLOGY)/(SKIN and VENEREAL DISEASES)/(VENEREOLOGY)",All India,0,0,0,0,0,0,1,0,1,0,2,All India Quota Seat Matrix - Round 1.pdf
2025,AIQ,1,107,All India except Central University,KURNOOL MEDICAL COLLEGE(700474),M.D. (FORENSIC MEDICINE),All India,2,0,0,0,1,0,0,0,0,0,3,All India Quota Seat Matrix - Round 1.pdf
2025,AIQ,1,107,All India except Central University,KURNOOL MEDICAL COLLEGE(700474),M.D. (GENERAL MEDICINE),All India,6,0,1,0,4,0,2,0,1,0,14,All India Quota Seat Matrix - Round 1.pdf
2025,AIQ,1,107,All India except Central University,KURNOOL MEDICAL COLLEGE(700474),M.D. (MICROBIOLOGY),All India,2,0,0,0,0,0,1,0,0,0,3,All India Quota Seat Matrix - Round 1.pdf
2025,AIQ,1,107,All India except Central University,KURNOOL MEDICAL COLLEGE(700474),M.D. (Obst. and Gynae)/MS (Obstetrics and Gynaecology),All India,3,0,1,0,3,0,0,1,0,1,9,All India Quota Seat Matrix - Round 1.pdf
2025,AIQ,1,108,All India except Central University,KURNOOL MEDICAL COLLEGE(700474),M.D. (PAEDIATRICS),All India,3,0,1,0,1,1,1,0,0,0,7,All India Quota Seat Matrix - Round 1.pdf
2025,AIQ,1,108,All India except Central University,KURNOOL MEDICAL COLLEGE(700474),M.D. (PATHOLOGY),All India,3,0,0,0,1,0,0,0,0,0,4,All India Quota Seat Matrix - Round 1.pdf
2025,AIQ,1,108,All India except Central University,KURNOOL MEDICAL COLLEGE(700474),M.D. (PHARMACOLOGY),All India,0,0,0,0,0,0,1,0,0,0,1,All India Quota Seat Matrix - Round 1.pdf
2025,AIQ,1,108,All India except Central University,KURNOOL MEDICAL COLLEGE(700474),M.D. (PHYSIOLOGY),All India,0,0,0,0,1,0,0,0,1,0,2,All India Quota Seat Matrix - Round 1.pdf
2025,AIQ,1,108,All India except Central University,KURNOOL MEDICAL COLLEGE(700474),M.D. (PREVENTIVE and SOCIAL MEDICINE)/ COMMUNITY MEDICINE,All India,1,0,1,0,0,0,0,0,0,0,2,All India Quota Seat Matrix - Round 1.pdf
2025,AIQ,1,108,All India except Central University,KURNOOL MEDICAL COLLEGE(700474),M.D. (PSYCHIATRY),All India,0,1,0,0,0,0,0,0,0,0,1,All India Quota Seat Matrix - Round 1.pdf
2025,AIQ,1,108,All India except Central University,KURNOOL MEDICAL COLLEGE(700474),M.D. (RADIO-DIAGNOSIS),All India,1,0,0,0,1,0,1,0,0,0,3,All India Quota Seat Matrix - Round 1.pdf
2025,AIQ,1,108,All India except Central University,KURNOOL MEDICAL COLLEGE(700474),M.D. (Tuberculosis and Respiratory diseases)/Pulmonary Medicine /M.D. (Respiratory Medicine),All India,0,0,1,0,1,0,0,0,0,0,2,All India Quota Seat Matrix - Round 1.pdf
2025,AIQ,1,108,All India except Central University,KURNOOL MEDICAL COLLEGE(700474),M.S. (E.N.T.),All India,1,0,1,0,1,0,1,0,0,0,4,All India Quota Seat Matrix - Round 1.pdf
2025,AIQ,1,108,All India except Central University,KURNOOL MEDICAL COLLEGE(700474),M.S. (GENERAL SURGERY),All India,3,1,1,0,3,0,1,0,1,0,10,All India Quota Seat Matrix - Round 1.pdf
2025,AIQ,1,108,All India except Central University,KURNOOL MEDICAL COLLEGE(700474),M.S. (OPHTHALMOLOGY),All India,2,0,1,0,1,0,1,0,0,0,5,All India Quota Seat Matrix - Round 1.pdf
2025,AIQ,1,108,All India except Central University,KURNOOL MEDICAL COLLEGE(700474),M.S. (ORTHOPAEDICS),All India,2,0,0,0,2,0,1,0,1,0,6,All India Quota Seat Matrix - Round 1.pdf
2025,AIQ,1,108,All India except Central University,KURNOOL MEDICAL COLLEGE(700474),MD/MS (Anatomy),All India,1,0,0,0,0,0,0,0,0,0,1,All India Quota Seat Matrix - Round 1.pdf
2025,AIQ,1,108,Central University,Lady Hardinge Medical College(700118),M.D. (ANAESTHESIOLOGY),All India,4,0,0,0,2,0,0,0,0,0,6,All India Quota Seat Matrix - Round 1.pdf
2025,AIQ,1,108,Central University,Lady Hardinge Medical College(700118),M.D. (BIOCHEMISTRY),All India,0,0,0,0,1,0,1,0,1,0,3,All India Quota Seat Matrix - Round 1.pdf
2025,AIQ,1,108,Central University,Lady Hardinge Medical College(700118),"M.D. (DERM.,VENE. and LEPROSY)/ (DERMATOLOGY)/(SKIN and VENEREAL DISEASES)/(VENEREOLOGY)",All India,1,0,1,0,0,0,0,0,0,0,2,All India Quota Seat Matrix - Round 1.pdf
2025,AIQ,1,108,Central University,Lady Hardinge Medical College(700118),M.D. (FORENSIC MEDICINE),All India,1,0,0,0,0,0,1,0,0,0,2,All India Quota Seat Matrix - Round 1.pdf
2025,AIQ,1,108,Central University,Lady Hardinge Medical College(700118),M.D. (GENERAL MEDICINE),All India,3,0,1,0,2,1,1,0,1,0,9,All India Quota Seat Matrix - Round 1.pdf
2025,AIQ,1,108,Central University,Lady Hardinge Medical College(700118),M.D. (MICROBIOLOGY),All India,0,0,0,0,2,0,1,0,1,0,4,All India Quota Seat Matrix - Round 1.pdf
2025,AIQ,1,108,Central University,Lady Hardinge Medical College(700118),M.D. (Obst. and Gynae)/MS (Obstetrics and Gynaecology),All India,2,1,1,1,2,0,1,1,0,0,9,All India Quota Seat Matrix - Round 1.pdf
2025,AIQ,1,108,Central University,Lady Hardinge Medical College(700118),M.D. (PAEDIATRICS),All India,6,0,1,0,3,0,2,0,1,0,13,All India Quota Seat Matrix - Round 1.pdf
2025,AIQ,1,108,Central University,Lady Hardinge Medical College(700118),M.D. (PATHOLOGY),All India,2,0,0,0,2,0,1,0,0,0,5,All India Quota Seat Matrix - Round 1.pdf
2025,AIQ,1,108,Central University,Lady Hardinge Medical College(700118),M.D. (PHARMACOLOGY),All India,0,0,1,0,0,0,0,0,0,0,1,All India Quota Seat Matrix - Round 1.pdf
2025,AIQ,1,108,Central University,Lady Hardinge Medical College(700118),M.D. (PHYSICAL MED. and REHABILITATION),All India,1,0,0,0,0,0,0,0,0,0,1,All India Quota Seat Matrix - Round 1.pdf
2025,AIQ,1,108,Central University,Lady Hardinge Medical College(700118),M.D. (PHYSIOLOGY),All India,1,0,0,0,1,0,0,0,0,0,2,All India Quota Seat Matrix - Round 1.pdf
2025,AIQ,1,109,Central University,Lady Hardinge Medical College(700118),M.D. (PREVENTIVE and SOCIAL MEDICINE)/ COMMUNITY MEDICINE,All India,2,0,0,0,1,0,1,0,1,0,5,All India Quota Seat Matrix - Round 1.pdf
2025,AIQ,1,109,Central University,Lady Hardinge Medical College(700118),M.D. (PSYCHIATRY),All India,2,0,1,0,1,0,0,0,0,0,4,All India Quota Seat Matrix - Round 1.pdf
2025,AIQ,1,109,Central University,Lady Hardinge Medical College(700118),M.D. (RADIO-DIAGNOSIS),All India,1,1,0,0,1,0,1,0,0,0,4,All India Quota Seat Matrix - Round 1.pdf
2025,AIQ,1,109,Central University,Lady Hardinge Medical College(700118),M.S. (E.N.T.),All India,1,0,0,0,1,0,0,0,0,0,2,All India Quota Seat Matrix - Round 1.pdf
2025,AIQ,1,109,Central University,Lady Hardinge Medical College(700118),M.S. (GENERAL SURGERY),All India,4,0,1,0,1,0,1,0,0,0,7,All India Quota Seat Matrix - Round 1.pdf
2025,AIQ,1,109,Central University,Lady Hardinge Medical College(700118),M.S. (OPHTHALMOLOGY),All India,0,0,0,0,1,0,0,0,1,0,2,All India Quota Seat Matrix - Round 1.pdf
2025,AIQ,1,109,Central University,Lady Hardinge Medical College(700118),M.S. (ORTHOPAEDICS),All India,2,0,0,0,0,0,0,0,0,0,2,All India Quota Seat Matrix - Round 1.pdf
2025,AIQ,1,109,Central University,Lady Hardinge Medical College(700118),MD/MS (Anatomy),All India,1,0,0,0,1,0,1,0,0,0,3,All India Quota Seat Matrix - Round 1.pdf
2025,AIQ,1,109,All India except Central University,"Lala Lajpat Rai Memorial Medical College, MEERUT(700370)",DIP. IN DERM. VENEREOLOGY and LEPROSY/DERMATOLOGY /VENEREOLOGY and DERMATOLOGY/LEPROSY/VENEREAL DISEASE and LEPROSY,All India,1,0,0,0,0,0,0,0,0,0,1,All India Quota Seat Matrix - Round 1.pdf
2025,AIQ,1,109,All India except Central University,"Lala Lajpat Rai Memorial Medical College, MEERUT(700370)",DIPLOMA IN CHILD HEALTH/ PAEDIATRICS,All India,0,0,1,0,0,0,0,0,0,0,1,All India Quota Seat Matrix - Round 1.pdf
2025,AIQ,1,109,All India except Central University,"Lala Lajpat Rai Memorial Medical College, MEERUT(700370)",DIPLOMA IN OPHTHALMOLOGY/DOMS,All India,0,0,0,0,1,0,0,0,0,0,1,All India Quota Seat Matrix - Round 1.pdf
2025,AIQ,1,109,All India except Central University,"Lala Lajpat Rai Memorial Medical College, MEERUT(700370)",DIPLOMA IN ORTHOPAEDICS,All India,1,0,0,0,0,0,1,0,0,0,2,All India Quota Seat Matrix - Round 1.pdf
2025,AIQ,1,109,All India except Central University,"Lala Lajpat Rai Memorial Medical College, MEERUT(700370)",M.D. (ANAESTHESIOLOGY),All India,2,0,1,0,2,0,1,0,0,0,6,All India Quota Seat Matrix - Round 1.pdf
2025,AIQ,1,109,All India except Central University,"Lala Lajpat Rai Memorial Medical College, MEERUT(700370)",M.D. (BIOCHEMISTRY),All India,1,0,0,0,1,0,0,0,0,0,2,All India Quota Seat Matrix - Round 1.pdf
2025,AIQ,1,109,All India except Central University,"Lala Lajpat Rai Memorial Medical College, MEERUT(700370)","M.D. (DERM.,VENE. and LEPROSY)/ (DERMATOLOGY)/(SKIN and VENEREAL DISEASES)/(VENEREOLOGY)",All India,0,0,0,0,1,0,0,0,1,0,2,All India Quota Seat Matrix - Round 1.pdf
2025,AIQ,1,109,All India except Central University,"Lala Lajpat Rai Memorial Medical College, MEERUT(700370)",M.D. (GENERAL MEDICINE),All India,5,0,1,0,2,0,1,0,0,0,9,All India Quota Seat Matrix - Round 1.pdf
2025,AIQ,1,109,All India except Central University,"Lala Lajpat Rai Memorial Medical College, MEERUT(700370)",M.D. (MICROBIOLOGY),All India,0,0,0,0,1,0,0,0,0,0,1,All India Quota Seat Matrix - Round 1.pdf
2025,AIQ,1,109,All India except Central University,"Lala Lajpat Rai Memorial Medical College, MEERUT(700370)",M.D. (Obst. and Gynae)/MS (Obstetrics and Gynaecology),All India,3,0,0,0,2,0,1,0,1,0,7,All India Quota Seat Matrix - Round 1.pdf
2025,AIQ,1,109,All India except Central University,"Lala Lajpat Rai Memorial Medical College, MEERUT(700370)",M.D. (PAEDIATRICS),All India,1,1,1,0,1,0,1,0,0,0,5,All India Quota Seat Matrix - Round 1.pdf
2025,AIQ,1,109,All India except Central University,"Lala Lajpat Rai Memorial Medical College, MEERUT(700370)",M.D. (PATHOLOGY),All India,1,0,0,0,0,1,0,0,1,0,3,All India Quota Seat Matrix - Round 1.pdf
2025,AIQ,1,109,All India except Central University,"Lala Lajpat Rai Memorial Medical College, MEERUT(700370)",M.D. (PHARMACOLOGY),All India,0,0,1,0,1,0,1,0,0,0,3,All India Quota Seat Matrix - Round 1.pdf
2025,AIQ,1,109,All India except Central University,"Lala Lajpat Rai Memorial Medical College, MEERUT(700370)",M.D. (PHYSIOLOGY),All India,3,0,0,0,0,0,0,0,0,0,3,All India Quota Seat Matrix - Round 1.pdf
2025,AIQ,1,109,All India except Central University,"Lala Lajpat Rai Memorial Medical College, MEERUT(700370)",M.D. (PREVENTIVE and SOCIAL MEDICINE)/ COMMUNITY MEDICINE,All India,2,0,0,0,1,0,1,0,0,0,4,All India Quota Seat Matrix - Round 1.pdf
2025,AIQ,1,110,All India except Central University,"Lala Lajpat Rai Memorial Medical College, MEERUT(700370)",M.D. (PSYCHIATRY),All India,0,0,0,0,1,0,0,0,1,0,2,All India Quota Seat Matrix - Round 1.pdf
2025,AIQ,1,110,All India except Central University,"Lala Lajpat Rai Memorial Medical College, MEERUT(700370)",M.S. (E.N.T.),All India,1,0,0,0,0,0,0,0,0,0,1,All India Quota Seat Matrix - Round 1.pdf
2025,AIQ,1,110,All India except Central University,"Lala Lajpat Rai Memorial Medical College, MEERUT(700370)",M.S. (GENERAL SURGERY),All India,2,0,1,0,2,0,1,1,0,1,8,All India Quota Seat Matrix - Round 1.pdf
2025,AIQ,1,110,All India except Central University,"Lala Lajpat Rai Memorial Medical College, MEERUT(700370)",M.S. (OPHTHALMOLOGY),All India,2,0,1,0,1,0,1,0,0,0,5,All India Quota Seat Matrix - Round 1.pdf
2025,AIQ,1,110,All India except Central University,"Lala Lajpat Rai Memorial Medical College, MEERUT(700370)",M.S. (ORTHOPAEDICS),All India,1,0,0,0,1,0,0,0,0,0,2,All India Quota Seat Matrix - Round 1.pdf
2025,AIQ,1,110,All India except Central University,"Lala Lajpat Rai Memorial Medical College, MEERUT(700370)",MD/MS (Anatomy),All India,0,1,0,0,0,0,1,0,1,0,3,All India Quota Seat Matrix - Round 1.pdf
2025,AIQ,1,110,All India except Central University,Late Baliram Kashyap Memorial Govt Medical Dimrapal(700538),M.D. (FORENSIC MEDICINE),All India,1,0,1,0,0,0,0,0,0,0,2,All India Quota Seat Matrix - Round 1.pdf
2025,AIQ,1,110,All India except Central University,Late Baliram Kashyap Memorial Govt Medical Dimrapal(700538),M.D. (PREVENTIVE and SOCIAL MEDICINE)/ COMMUNITY MEDICINE,All India,1,0,0,1,0,0,0,0,0,0,2,All India Quota Seat Matrix - Round 1.pdf
2025,AIQ,1,110,All India except Central University,Late Baliram Kashyap Memorial Govt Medical Dimrapal(700538),M.D. (Tuberculosis and Respiratory diseases)/Pulmonary Medicine /M.D. (Respiratory Medicine),All India,0,0,0,0,1,0,1,0,0,0,2,All India Quota Seat Matrix - Round 1.pdf
2025,AIQ,1,110,All India except Central University,Late Baliram Kashyap Memorial Govt Medical Dimrapal(700538),M.S. (OPHTHALMOLOGY),All India,0,1,0,0,0,0,0,0,0,0,1,All India Quota Seat Matrix - Round 1.pdf
2025,AIQ,1,110,All India except Central University,Late Baliram Kashyap Memorial Govt Medical Dimrapal(700538),M.S. (ORTHOPAEDICS),All India,0,0,0,0,1,0,1,0,0,0,2,All India Quota Seat Matrix - Round 1.pdf
2025,AIQ,1,110,All India except Central University,LATE SHRI LAKHI RAM AGRAWAL MEMORIAL GOVT.MEDICAL COLLEGE(700534),M.D. (ANAESTHESIOLOGY),All India,0,0,0,0,1,0,0,0,0,0,1,All India Quota Seat Matrix - Round 1.pdf
2025,AIQ,1,110,All India except Central University,LATE SHRI LAKHI RAM AGRAWAL MEMORIAL GOVT.MEDICAL COLLEGE(700534),M.D. (BIOCHEMISTRY),All India,2,0,0,0,0,0,0,0,0,0,2,All India Quota Seat Matrix - Round 1.pdf
2025,AIQ,1,110,All India except Central University,LATE SHRI LAKHI RAM AGRAWAL MEMORIAL GOVT.MEDICAL COLLEGE(700534),M.D. (FORENSIC MEDICINE),All India,0,0,0,0,1,0,0,0,0,0,1,All India Quota Seat Matrix - Round 1.pdf
2025,AIQ,1,110,All India except Central University,LATE SHRI LAKHI RAM AGRAWAL MEMORIAL GOVT.MEDICAL COLLEGE(700534),M.D. (PATHOLOGY),All India,0,0,0,0,1,0,1,0,0,0,2,All India Quota Seat Matrix - Round 1.pdf
2025,AIQ,1,110,All India except Central University,LATE SHRI LAKHI RAM AGRAWAL MEMORIAL GOVT.MEDICAL COLLEGE(700534),M.D. (PHYSIOLOGY),All India,1,0,0,0,0,0,0,0,0,0,1,All India Quota Seat Matrix - Round 1.pdf
2025,AIQ,1,110,All India except Central University,LATE SHRI LAKHI RAM AGRAWAL MEMORIAL GOVT.MEDICAL COLLEGE(700534),M.D. (PREVENTIVE and SOCIAL MEDICINE)/ COMMUNITY MEDICINE,All India,1,0,1,0,0,0,0,0,0,0,2,All India Quota Seat Matrix - Round 1.pdf
2025,AIQ,1,110,All India except Central University,LATE SHRI LAKHI RAM AGRAWAL MEMORIAL GOVT.MEDICAL COLLEGE(700534),M.D. (PSYCHIATRY),All India,0,0,0,0,1,0,0,0,0,0,1,All India Quota Seat Matrix - Round 1.pdf
2025,AIQ,1,110,All India except Central University,LATE SHRI LAKHI RAM AGRAWAL MEMORIAL GOVT.MEDICAL COLLEGE(700534),M.S. (E.N.T.),All India,1,0,0,0,0,0,0,0,0,0,1,All India Quota Seat Matrix - Round 1.pdf
2025,AIQ,1,110,All India except Central University,LATE SHRI LAKHI RAM AGRAWAL MEMORIAL GOVT.MEDICAL COLLEGE(700534),M.S. (ORTHOPAEDICS),All India,2,0,0,0,0,0,0,0,0,0,2,All India Quota Seat Matrix - Round 1.pdf
2025,AIQ,1,111,All India except Central University,LATE SHRI LAKHI RAM AGRAWAL MEMORIAL GOVT.MEDICAL COLLEGE(700534),MD/MS (Anatomy),All India,0,0,0,0,0,0,0,0,1,0,1,All India Quota Seat Matrix - Round 1.pdf
2025,AIQ,1,111,All India except Central University,LOKMANYA TILAK MEDICAL COLLEGE MUMBAI(700307),DIP.IN GYNAE. and OBST.,All India,1,0,0,0,0,0,0,0,1,0,2,All India Quota Seat Matrix - Round 1.pdf
2025,AIQ,1,111,All India except Central University,LOKMANYA TILAK MEDICAL COLLEGE MUMBAI(700307),DIP.IN MEDICAL RADIO-DIAGNOSIS,All India,1,0,1,0,0,0,0,0,0,0,2,All India Quota Seat Matrix - Round 1.pdf
2025,AIQ,1,111,All India except Central University,LOKMANYA TILAK MEDICAL COLLEGE MUMBAI(700307),DIPLOMA IN ANAESTHESIOLOGY,All India,3,0,1,0,1,0,0,0,0,0,5,All India Quota Seat Matrix - Round 1.pdf
2025,AIQ,1,111,All India except Central University,LOKMANYA TILAK MEDICAL COLLEGE MUMBAI(700307),DIPLOMA IN CHILD HEALTH/ PAEDIATRICS,All India,0,0,0,0,1,0,1,0,0,0,2,All India Quota Seat Matrix - Round 1.pdf
2025,AIQ,1,111,All India except Central University,LOKMANYA TILAK MEDICAL COLLEGE MUMBAI(700307),DIPLOMA IN OTO-RHINO-LARYNGOLOGY,All India,0,0,0,0,1,0,0,0,0,0,1,All India Quota Seat Matrix - Round 1.pdf
2025,AIQ,1,111,All India except Central University,LOKMANYA TILAK MEDICAL COLLEGE MUMBAI(700307),DIPLOMA IN PUBLIC HEALTH,All India,1,0,0,0,0,0,0,0,0,0,1,All India Quota Seat Matrix - Round 1.pdf
2025,AIQ,1,111,All India except Central University,LOKMANYA TILAK MEDICAL COLLEGE MUMBAI(700307),M.D. (ANAESTHESIOLOGY),All India,8,1,1,0,4,1,2,0,1,0,18,All India Quota Seat Matrix - Round 1.pdf
2025,AIQ,1,111,All India except Central University,LOKMANYA TILAK MEDICAL COLLEGE MUMBAI(700307),M.D. (BIOCHEMISTRY),All India,0,0,0,0,0,0,1,0,0,0,1,All India Quota Seat Matrix - Round 1.pdf
2025,AIQ,1,111,All India except Central University,LOKMANYA TILAK MEDICAL COLLEGE MUMBAI(700307),"M.D. (DERM.,VENE. and LEPROSY)/ (DERMATOLOGY)/(SKIN and VENEREAL DISEASES)/(VENEREOLOGY)",All India,1,0,0,0,0,0,1,0,0,0,2,All India Quota Seat Matrix - Round 1.pdf
2025,AIQ,1,111,All India except Central University,LOKMANYA TILAK MEDICAL COLLEGE MUMBAI(700307),M.D. (FORENSIC MEDICINE),All India,1,0,0,0,0,0,0,0,0,0,1,All India Quota Seat Matrix - Round 1.pdf
2025,AIQ,1,111,All India except Central University,LOKMANYA TILAK MEDICAL COLLEGE MUMBAI(700307),M.D. (GENERAL MEDICINE),All India,3,0,2,0,3,0,2,0,1,0,11,All India Quota Seat Matrix - Round 1.pdf
2025,AIQ,1,111,All India except Central University,LOKMANYA TILAK MEDICAL COLLEGE MUMBAI(700307),M.D. (MICROBIOLOGY),All India,1,0,1,0,1,0,1,0,0,0,4,All India Quota Seat Matrix - Round 1.pdf
2025,AIQ,1,111,All India except Central University,LOKMANYA TILAK MEDICAL COLLEGE MUMBAI(700307),M.D. (Obst. and Gynae)/MS (Obstetrics and Gynaecology),All India,3,1,1,0,2,0,1,0,1,0,9,All India Quota Seat Matrix - Round 1.pdf
2025,AIQ,1,111,All India except Central University,LOKMANYA TILAK MEDICAL COLLEGE MUMBAI(700307),M.D. (PAEDIATRICS),All India,3,0,0,0,2,0,1,0,0,0,6,All India Quota Seat Matrix - Round 1.pdf
2025,AIQ,1,111,All India except Central University,LOKMANYA TILAK MEDICAL COLLEGE MUMBAI(700307),M.D. (PATHOLOGY),All India,2,0,1,0,1,0,0,0,0,0,4,All India Quota Seat Matrix - Round 1.pdf
2025,AIQ,1,111,All India except Central University,LOKMANYA TILAK MEDICAL COLLEGE MUMBAI(700307),M.D. (PHARMACOLOGY),All India,1,0,0,0,0,0,1,0,1,0,3,All India Quota Seat Matrix - Round 1.pdf
2025,AIQ,1,111,All India except Central University,LOKMANYA TILAK MEDICAL COLLEGE MUMBAI(700307),M.D. (PHYSIOLOGY),All India,0,0,0,0,1,0,0,0,0,0,1,All India Quota Seat Matrix - Round 1.pdf
2025,AIQ,1,111,All India except Central University,LOKMANYA TILAK MEDICAL COLLEGE MUMBAI(700307),M.D. (PREVENTIVE and SOCIAL MEDICINE)/ COMMUNITY MEDICINE,All India,0,0,1,0,1,0,1,0,0,0,3,All India Quota Seat Matrix - Round 1.pdf
2025,AIQ,1,111,All India except Central University,LOKMANYA TILAK MEDICAL COLLEGE MUMBAI(700307),M.D. (PSYCHIATRY),All India,2,0,0,0,0,0,0,0,0,0,2,All India Quota Seat Matrix - Round 1.pdf
2025,AIQ,1,112,All India except Central University,LOKMANYA TILAK MEDICAL COLLEGE MUMBAI(700307),M.D. (RADIO-DIAGNOSIS),All India,3,0,0,0,1,0,1,0,0,0,5,All India Quota Seat Matrix - Round 1.pdf
2025,AIQ,1,112,All India except Central University,LOKMANYA TILAK MEDICAL COLLEGE MUMBAI(700307),M.D. (Tuberculosis and Respiratory diseases)/Pulmonary Medicine /M.D. (Respiratory Medicine),All India,0,0,0,0,1,0,0,0,1,0,2,All India Quota Seat Matrix - Round 1.pdf
2025,AIQ,1,112,All India except Central University,LOKMANYA TILAK MEDICAL COLLEGE MUMBAI(700307),M.S. (E.N.T.),All India,1,0,0,0,1,0,0,0,0,0,2,All India Quota Seat Matrix - Round 1.pdf
2025,AIQ,1,112,All India except Central University,LOKMANYA TILAK MEDICAL COLLEGE MUMBAI(700307),M.S. (GENERAL SURGERY),All India,5,0,0,0,3,0,1,0,1,0,10,All India Quota Seat Matrix - Round 1.pdf
2025,AIQ,1,112,All India except Central University,LOKMANYA TILAK MEDICAL COLLEGE MUMBAI(700307),M.S. (OPHTHALMOLOGY),All India,0,0,0,0,1,0,1,0,0,0,2,All India Quota Seat Matrix - Round 1.pdf
2025,AIQ,1,112,All India except Central University,LOKMANYA TILAK MEDICAL COLLEGE MUMBAI(700307),M.S. (ORTHOPAEDICS),All India,3,0,1,0,1,1,1,0,1,0,8,All India Quota Seat Matrix - Round 1.pdf
2025,AIQ,1,112,All India except Central University,LOKMANYA TILAK MEDICAL COLLEGE MUMBAI(700307),MD/MS (Anatomy),All India,1,0,0,0,0,0,0,0,0,0,1,All India Quota Seat Matrix - Round 1.pdf
2025,AIQ,1,112,All India except Central University,LOKMANYA TILAK MEDICAL COLLEGE MUMBAI(700307),PG Diploma in Psychological Medicine / Psychiatric Medicine,All India,0,0,0,0,1,0,0,0,0,0,1,All India Quota Seat Matrix - Round 1.pdf
2025,AIQ,1,112,All India except Central University,Lokopriya Gopinath Bordoloi Regional Institute of Mental Health(700288),M.D. (PSYCHIATRY),All India,2,0,1,0,1,0,1,0,1,0,6,All India Quota Seat Matrix - Round 1.pdf
2025,AIQ,1,112,All India except Central University,M. P. SHAH GOVERNMENT MEDICAL COLLEGE(700367),DIP. IN T.B. and CHEST DISEASES,All India,1,0,0,0,0,0,0,0,0,0,1,All India Quota Seat Matrix - Round 1.pdf
2025,AIQ,1,112,All India except Central University,M. P. SHAH GOVERNMENT MEDICAL COLLEGE(700367),DIP.IN GYNAE. and OBST.,All India,1,0,1,0,0,1,1,0,1,0,5,All India Quota Seat Matrix - Round 1.pdf
2025,AIQ,1,112,All India except Central University,M. P. SHAH GOVERNMENT MEDICAL COLLEGE(700367),DIPLOMA IN ANAESTHESIOLOGY,All India,0,0,0,0,1,0,0,0,0,0,1,All India Quota Seat Matrix - Round 1.pdf
2025,AIQ,1,112,All India except Central University,M. P. SHAH GOVERNMENT MEDICAL COLLEGE(700367),DIPLOMA IN CHILD HEALTH/ PAEDIATRICS,All India,1,0,0,0,0,0,0,0,0,0,1,All India Quota Seat Matrix - Round 1.pdf
2025,AIQ,1,112,All India except Central University,M. P. SHAH GOVERNMENT MEDICAL COLLEGE(700367),M.D. (ANAESTHESIOLOGY),All India,3,1,0,0,1,0,1,0,0,0,6,All India Quota Seat Matrix - Round 1.pdf
2025,AIQ,1,112,All India except Central University,M. P. SHAH GOVERNMENT MEDICAL COLLEGE(700367),"M.D. (DERM.,VENE. and LEPROSY)/ (DERMATOLOGY)/(SKIN and VENEREAL DISEASES)/(VENEREOLOGY)",All India,0,0,0,0,1,0,1,0,0,0,2,All India Quota Seat Matrix - Round 1.pdf
2025,AIQ,1,112,All India except Central University,M. P. SHAH GOVERNMENT MEDICAL COLLEGE(700367),M.D. (FORENSIC MEDICINE),All India,0,0,1,0,0,0,0,0,0,0,1,All India Quota Seat Matrix - Round 1.pdf
2025,AIQ,1,112,All India except Central University,M. P. SHAH GOVERNMENT MEDICAL COLLEGE(700367),M.D. (GENERAL MEDICINE),All India,3,0,1,0,2,0,2,0,1,0,9,All India Quota Seat Matrix - Round 1.pdf
2025,AIQ,1,112,All India except Central University,M. P. SHAH GOVERNMENT MEDICAL COLLEGE(700367),M.D. (MICROBIOLOGY),All India,1,0,0,0,1,0,1,0,0,0,3,All India Quota Seat Matrix - Round 1.pdf
2025,AIQ,1,112,All India except Central University,M. P. SHAH GOVERNMENT MEDICAL COLLEGE(700367),M.D. (Obst. and Gynae)/MS (Obstetrics and Gynaecology),All India,2,0,0,0,0,0,0,0,0,0,2,All India Quota Seat Matrix - Round 1.pdf
2025,AIQ,1,112,All India except Central University,M. P. SHAH GOVERNMENT MEDICAL COLLEGE(700367),M.D. (PAEDIATRICS),All India,3,1,1,0,2,0,1,0,0,0,8,All India Quota Seat Matrix - Round 1.pdf
2025,AIQ,1,113,All India except Central University,M. P. SHAH GOVERNMENT MEDICAL COLLEGE(700367),M.D. (PATHOLOGY),All India,4,0,1,0,2,0,2,0,1,0,10,All India Quota Seat Matrix - Round 1.pdf
2025,AIQ,1,113,All India except Central University,M. P. SHAH GOVERNMENT MEDICAL COLLEGE(700367),M.D. (PHARMACOLOGY),All India,1,0,0,0,1,0,1,0,1,0,4,All India Quota Seat Matrix - Round 1.pdf
2025,AIQ,1,113,All India except Central University,M. P. SHAH GOVERNMENT MEDICAL COLLEGE(700367),M.D. (PHYSIOLOGY),All India,0,0,1,0,1,0,0,0,0,0,2,All India Quota Seat Matrix - Round 1.pdf
2025,AIQ,1,113,All India except Central University,M. P. SHAH GOVERNMENT MEDICAL COLLEGE(700367),M.D. (PREVENTIVE and SOCIAL MEDICINE)/ COMMUNITY MEDICINE,All India,2,0,0,0,1,0,1,0,0,0,4,All India Quota Seat Matrix - Round 1.pdf
2025,AIQ,1,113,All India except Central University,M. P. SHAH GOVERNMENT MEDICAL COLLEGE(700367),M.D. (PSYCHIATRY),All India,1,0,0,0,0,0,0,0,0,0,1,All India Quota Seat Matrix - Round 1.pdf
2025,AIQ,1,113,All India except Central University,M. P. SHAH GOVERNMENT MEDICAL COLLEGE(700367),M.D. (RADIO-DIAGNOSIS),All India,3,0,0,0,1,1,1,0,0,0,6,All India Quota Seat Matrix - Round 1.pdf
2025,AIQ,1,113,All India except Central University,M. P. SHAH GOVERNMENT MEDICAL COLLEGE(700367),M.D. (Tuberculosis and Respiratory diseases)/Pulmonary Medicine /M.D. (Respiratory Medicine),All India,0,0,0,0,1,0,0,0,1,0,2,All India Quota Seat Matrix - Round 1.pdf
2025,AIQ,1,113,All India except Central University,M. P. SHAH GOVERNMENT MEDICAL COLLEGE(700367),M.D. IN TRANSFUSION MEDICINE/ IMMUNO- HAEMATOLOGY and BLOOD TRANSFUSION,All India,1,0,1,0,0,0,0,0,0,0,2,All India Quota Seat Matrix - Round 1.pdf
2025,AIQ,1,113,All India except Central University,M. P. SHAH GOVERNMENT MEDICAL COLLEGE(700367),M.S. (E.N.T.),All India,1,0,0,0,1,0,0,0,0,0,2,All India Quota Seat Matrix - Round 1.pdf
2025,AIQ,1,113,All India except Central University,M. P. SHAH GOVERNMENT MEDICAL COLLEGE(700367),M.S. (GENERAL SURGERY),All India,7,0,1,0,4,0,1,0,1,0,14,All India Quota Seat Matrix - Round 1.pdf
2025,AIQ,1,113,All India except Central University,M. P. SHAH GOVERNMENT MEDICAL COLLEGE(700367),M.S. (OPHTHALMOLOGY),All India,0,0,1,0,1,0,1,0,1,0,4,All India Quota Seat Matrix - Round 1.pdf
2025,AIQ,1,113,All India except Central University,M. P. SHAH GOVERNMENT MEDICAL COLLEGE(700367),M.S. (ORTHOPAEDICS),All India,2,0,0,0,2,0,0,0,0,0,4,All India Quota Seat Matrix - Round 1.pdf
2025,AIQ,1,113,All India except Central University,M. P. SHAH GOVERNMENT MEDICAL COLLEGE(700367),MD/MS (Anatomy),All India,0,0,1,0,1,0,0,0,0,0,2,All India Quota Seat Matrix - Round 1.pdf
2025,AIQ,1,113,All India except Central University,MADRAS MEDICAL COLLEGE(700345),DIPLOMA IN DIABETOLOGY,All India,1,0,0,0,0,0,0,0,0,0,1,All India Quota Seat Matrix - Round 1.pdf
2025,AIQ,1,113,All India except Central University,MADRAS MEDICAL COLLEGE(700345),M.D. (ANAESTHESIOLOGY),All India,7,1,2,0,5,0,1,1,1,0,18,All India Quota Seat Matrix - Round 1.pdf
2025,AIQ,1,113,All India except Central University,MADRAS MEDICAL COLLEGE(700345),M.D. (BIOCHEMISTRY),All India,1,0,1,0,0,1,1,0,1,0,5,All India Quota Seat Matrix - Round 1.pdf
2025,AIQ,1,113,All India except Central University,MADRAS MEDICAL COLLEGE(700345),"M.D. (DERM.,VENE. and LEPROSY)/ (DERMATOLOGY)/(SKIN and VENEREAL DISEASES)/(VENEREOLOGY)",All India,4,0,2,0,5,0,3,0,1,0,15,All India Quota Seat Matrix - Round 1.pdf
2025,AIQ,1,113,All India except Central University,MADRAS MEDICAL COLLEGE(700345),M.D. (Emergency and Critical Care)/M.D. (Emergency Medicine),All India,2,0,0,0,0,0,0,0,0,0,2,All India Quota Seat Matrix - Round 1.pdf
2025,AIQ,1,113,All India except Central University,MADRAS MEDICAL COLLEGE(700345),M.D. (FORENSIC MEDICINE),All India,1,0,0,0,0,0,0,0,0,0,1,All India Quota Seat Matrix - Round 1.pdf
2025,AIQ,1,113,All India except Central University,MADRAS MEDICAL COLLEGE(700345),M.D. (GENERAL MEDICINE),All India,7,1,1,0,5,0,2,0,1,0,17,All India Quota Seat Matrix - Round 1.pdf
2025,AIQ,1,114,All India except Central University,MADRAS MEDICAL COLLEGE(700345),M.D. (MICROBIOLOGY),All India,4,0,0,0,0,1,0,0,0,0,5,All India Quota Seat Matrix - Round 1.pdf
2025,AIQ,1,114,All India except Central University,MADRAS MEDICAL COLLEGE(700345),M.D. (Obst. and Gynae)/MS (Obstetrics and Gynaecology),All India,9,1,3,0,8,0,4,0,2,0,27,All India Quota Seat Matrix - Round 1.pdf
2025,AIQ,1,114,All India except Central University,MADRAS MEDICAL COLLEGE(700345),M.D. (PAEDIATRICS),All India,10,1,2,0,6,1,4,0,2,0,26,All India Quota Seat Matrix - Round 1.pdf
2025,AIQ,1,114,All India except Central University,MADRAS MEDICAL COLLEGE(700345),M.D. (PATHOLOGY),All India,3,0,1,0,3,0,1,0,1,0,9,All India Quota Seat Matrix - Round 1.pdf
2025,AIQ,1,114,All India except Central University,MADRAS MEDICAL COLLEGE(700345),M.D. (PHARMACOLOGY),All India,1,0,0,0,0,0,1,0,0,0,2,All India Quota Seat Matrix - Round 1.pdf
2025,AIQ,1,114,All India except Central University,MADRAS MEDICAL COLLEGE(700345),M.D. (PHYSICAL MED. and REHABILITATION),All India,1,0,0,0,1,0,0,0,0,0,2,All India Quota Seat Matrix - Round 1.pdf
2025,AIQ,1,114,All India except Central University,MADRAS MEDICAL COLLEGE(700345),M.D. (PHYSIOLOGY),All India,0,0,1,0,1,0,0,0,0,0,2,All India Quota Seat Matrix - Round 1.pdf
2025,AIQ,1,114,All India except Central University,MADRAS MEDICAL COLLEGE(700345),M.D. (PREVENTIVE and SOCIAL MEDICINE)/ COMMUNITY MEDICINE,All India,4,0,1,0,2,0,2,0,1,0,10,All India Quota Seat Matrix - Round 1.pdf
2025,AIQ,1,114,All India except Central University,MADRAS MEDICAL COLLEGE(700345),M.D. (PSYCHIATRY),All India,3,0,1,0,3,0,1,0,1,0,9,All India Quota Seat Matrix - Round 1.pdf
2025,AIQ,1,114,All India except Central University,MADRAS MEDICAL COLLEGE(700345),M.D. (RADIO-DIAGNOSIS),All India,4,1,0,0,2,0,2,0,0,0,9,All India Quota Seat Matrix - Round 1.pdf
2025,AIQ,1,114,All India except Central University,MADRAS MEDICAL COLLEGE(700345),M.D. (Radiotherapy/ Radiation Oncology),All India,2,0,1,0,2,0,0,0,1,0,6,All India Quota Seat Matrix - Round 1.pdf
2025,AIQ,1,114,All India except Central University,MADRAS MEDICAL COLLEGE(700345),M.D. (Tuberculosis and Respiratory diseases)/Pulmonary Medicine /M.D. (Respiratory Medicine),All India,3,0,1,0,2,0,1,0,0,0,7,All India Quota Seat Matrix - Round 1.pdf
2025,AIQ,1,114,All India except Central University,MADRAS MEDICAL COLLEGE(700345),M.D. GERIATRICS,All India,0,0,1,0,1,0,1,0,1,0,4,All India Quota Seat Matrix - Round 1.pdf
2025,AIQ,1,114,All India except Central University,MADRAS MEDICAL COLLEGE(700345),M.D. IN TRANSFUSION MEDICINE/ IMMUNO- HAEMATOLOGY and BLOOD TRANSFUSION,All India,0,0,0,0,0,0,1,0,0,0,1,All India Quota Seat Matrix - Round 1.pdf
2025,AIQ,1,114,All India except Central University,MADRAS MEDICAL COLLEGE(700345),M.S. (E.N.T.),All India,7,0,1,0,4,0,2,0,1,0,15,All India Quota Seat Matrix - Round 1.pdf
2025,AIQ,1,114,All India except Central University,MADRAS MEDICAL COLLEGE(700345),M.S. (GENERAL SURGERY),All India,5,0,2,0,4,0,3,0,1,0,15,All India Quota Seat Matrix - Round 1.pdf
2025,AIQ,1,114,All India except Central University,MADRAS MEDICAL COLLEGE(700345),M.S. (OPHTHALMOLOGY),All India,4,0,1,1,4,0,2,1,1,1,15,All India Quota Seat Matrix - Round 1.pdf
2025,AIQ,1,114,All India except Central University,MADRAS MEDICAL COLLEGE(700345),M.S. (ORTHOPAEDICS),All India,6,0,1,0,2,0,1,0,0,0,10,All India Quota Seat Matrix - Round 1.pdf
2025,AIQ,1,114,All India except Central University,MADRAS MEDICAL COLLEGE(700345),MD/MS (Anatomy),All India,0,0,0,0,1,0,1,0,0,0,2,All India Quota Seat Matrix - Round 1.pdf
2025,AIQ,1,114,All India except Central University,MADURAI MEDICAL COLLEGE(700346),M.D. (ANAESTHESIOLOGY),All India,6,0,1,0,3,1,2,0,0,0,13,All India Quota Seat Matrix - Round 1.pdf
2025,AIQ,1,115,All India except Central University,MADURAI MEDICAL COLLEGE(700346),M.D. (BIOCHEMISTRY),All India,0,0,1,0,0,0,0,0,1,0,2,All India Quota Seat Matrix - Round 1.pdf
2025,AIQ,1,115,All India except Central University,MADURAI MEDICAL COLLEGE(700346),"M.D. (DERM.,VENE. and LEPROSY)/ (DERMATOLOGY)/(SKIN and VENEREAL DISEASES)/(VENEREOLOGY)",All India,1,0,0,0,1,0,0,0,0,0,2,All India Quota Seat Matrix - Round 1.pdf
2025,AIQ,1,115,All India except Central University,MADURAI MEDICAL COLLEGE(700346),M.D. (Emergency and Critical Care)/M.D. (Emergency Medicine),All India,1,0,0,0,0,0,1,0,0,0,2,All India Quota Seat Matrix - Round 1.pdf
2025,AIQ,1,115,All India except Central University,MADURAI MEDICAL COLLEGE(700346),M.D. (FORENSIC MEDICINE),All India,0,0,0,0,1,0,0,0,0,0,1,All India Quota Seat Matrix - Round 1.pdf
2025,AIQ,1,115,All India except Central University,MADURAI MEDICAL COLLEGE(700346),M.D. (GENERAL MEDICINE),All India,4,1,2,0,3,0,2,0,1,0,13,All India Quota Seat Matrix - Round 1.pdf
2025,AIQ,1,115,All India except Central University,MADURAI MEDICAL COLLEGE(700346),M.D. (MICROBIOLOGY),All India,0,0,0,0,1,0,0,0,0,0,1,All India Quota Seat Matrix - Round 1.pdf
2025,AIQ,1,115,All India except Central University,MADURAI MEDICAL COLLEGE(700346),M.D. (Obst. and Gynae)/MS (Obstetrics and Gynaecology),All India,4,0,1,0,2,0,2,0,1,0,10,All India Quota Seat Matrix - Round 1.pdf
2025,AIQ,1,115,All India except Central University,MADURAI MEDICAL COLLEGE(700346),M.D. (PAEDIATRICS),All India,2,1,0,0,3,0,1,0,1,0,8,All India Quota Seat Matrix - Round 1.pdf
2025,AIQ,1,115,All India except Central University,MADURAI MEDICAL COLLEGE(700346),M.D. (PATHOLOGY),All India,1,0,1,0,0,1,1,0,0,0,4,All India Quota Seat Matrix - Round 1.pdf
2025,AIQ,1,115,All India except Central University,MADURAI MEDICAL COLLEGE(700346),M.D. (PHARMACOLOGY),All India,1,0,0,0,0,0,0,0,0,0,1,All India Quota Seat Matrix - Round 1.pdf
2025,AIQ,1,115,All India except Central University,MADURAI MEDICAL COLLEGE(700346),M.D. (PHYSIOLOGY),All India,1,0,0,0,0,0,0,0,0,0,1,All India Quota Seat Matrix - Round 1.pdf
2025,AIQ,1,115,All India except Central University,MADURAI MEDICAL COLLEGE(700346),M.D. (PREVENTIVE and SOCIAL MEDICINE)/ COMMUNITY MEDICINE,All India,1,0,0,0,1,0,0,0,0,0,2,All India Quota Seat Matrix - Round 1.pdf
2025,AIQ,1,115,All India except Central University,MADURAI MEDICAL COLLEGE(700346),M.D. (PSYCHIATRY),All India,0,0,0,0,1,0,1,0,1,0,3,All India Quota Seat Matrix - Round 1.pdf
2025,AIQ,1,115,All India except Central University,MADURAI MEDICAL COLLEGE(700346),M.D. (RADIO-DIAGNOSIS),All India,2,0,1,0,1,0,0,0,0,0,4,All India Quota Seat Matrix - Round 1.pdf
2025,AIQ,1,115,All India except Central University,MADURAI MEDICAL COLLEGE(700346),M.D. (Tuberculosis and Respiratory diseases)/Pulmonary Medicine /M.D. (Respiratory Medicine),All India,1,0,0,0,0,0,1,0,0,0,2,All India Quota Seat Matrix - Round 1.pdf
2025,AIQ,1,115,All India except Central University,MADURAI MEDICAL COLLEGE(700346),M.D. IN TRANSFUSION MEDICINE/ IMMUNO- HAEMATOLOGY and BLOOD TRANSFUSION,All India,0,0,0,1,0,0,0,0,0,0,1,All India Quota Seat Matrix - Round 1.pdf
2025,AIQ,1,115,All India except Central University,MADURAI MEDICAL COLLEGE(700346),M.S. (E.N.T.),All India,3,0,0,0,1,0,0,0,0,0,4,All India Quota Seat Matrix - Round 1.pdf
2025,AIQ,1,115,All India except Central University,MADURAI MEDICAL COLLEGE(700346),M.S. (GENERAL SURGERY),All India,5,0,1,0,3,0,1,1,1,0,12,All India Quota Seat Matrix - Round 1.pdf
2025,AIQ,1,115,All India except Central University,MADURAI MEDICAL COLLEGE(700346),M.S. (OPHTHALMOLOGY),All India,3,0,1,0,3,0,1,0,1,0,9,All India Quota Seat Matrix - Round 1.pdf
2025,AIQ,1,115,All India except Central University,MADURAI MEDICAL COLLEGE(700346),M.S. (ORTHOPAEDICS),All India,3,0,1,0,1,0,1,0,0,0,6,All India Quota Seat Matrix - Round 1.pdf
2025,AIQ,1,116,All India except Central University,MADURAI MEDICAL COLLEGE(700346),MD/MS (Anatomy),All India,0,0,0,0,0,0,0,0,1,0,1,All India Quota Seat Matrix - Round 1.pdf
2025,AIQ,1,116,All India except Central University,MahaMaya Rajkiya Allopathic Medical College (902833),M.D. (PREVENTIVE and SOCIAL MEDICINE)/ COMMUNITY MEDICINE,All India,1,0,1,0,0,0,0,0,0,0,2,All India Quota Seat Matrix - Round 1.pdf
2025,AIQ,1,116,All India except Central University,"Maharaja Krushna Chandra Gajapati Medical College , Brahmapur(700335)",M.D. (ANAESTHESIOLOGY),All India,3,0,1,0,1,0,0,0,0,0,5,All India Quota Seat Matrix - Round 1.pdf
2025,AIQ,1,116,All India except Central University,"Maharaja Krushna Chandra Gajapati Medical College , Brahmapur(700335)",M.D. (BIOCHEMISTRY),All India,0,0,0,0,1,0,1,0,1,0,3,All India Quota Seat Matrix - Round 1.pdf
2025,AIQ,1,116,All India except Central University,"Maharaja Krushna Chandra Gajapati Medical College , Brahmapur(700335)","M.D. (DERM.,VENE. and LEPROSY)/ (DERMATOLOGY)/(SKIN and VENEREAL DISEASES)/(VENEREOLOGY)",All India,1,0,0,0,0,0,0,0,0,0,1,All India Quota Seat Matrix - Round 1.pdf
2025,AIQ,1,116,All India except Central University,"Maharaja Krushna Chandra Gajapati Medical College , Brahmapur(700335)",M.D. (FORENSIC MEDICINE),All India,0,0,1,0,0,0,1,0,0,0,2,All India Quota Seat Matrix - Round 1.pdf
2025,AIQ,1,116,All India except Central University,"Maharaja Krushna Chandra Gajapati Medical College , Brahmapur(700335)",M.D. (GENERAL MEDICINE),All India,5,0,0,0,2,0,0,0,0,0,7,All India Quota Seat Matrix - Round 1.pdf
2025,AIQ,1,116,All India except Central University,"Maharaja Krushna Chandra Gajapati Medical College , Brahmapur(700335)",M.D. (MICROBIOLOGY),All India,2,0,0,0,1,0,1,0,0,0,4,All India Quota Seat Matrix - Round 1.pdf
2025,AIQ,1,116,All India except Central University,"Maharaja Krushna Chandra Gajapati Medical College , Brahmapur(700335)",M.D. (Obst. and Gynae)/MS (Obstetrics and Gynaecology),All India,2,0,1,0,2,0,0,0,1,0,6,All India Quota Seat Matrix - Round 1.pdf
2025,AIQ,1,116,All India except Central University,"Maharaja Krushna Chandra Gajapati Medical College , Brahmapur(700335)",M.D. (PAEDIATRICS),All India,2,0,0,0,1,0,2,0,1,0,6,All India Quota Seat Matrix - Round 1.pdf
2025,AIQ,1,116,All India except Central University,"Maharaja Krushna Chandra Gajapati Medical College , Brahmapur(700335)",M.D. (PATHOLOGY),All India,2,0,1,0,1,1,0,0,0,0,5,All India Quota Seat Matrix - Round 1.pdf
2025,AIQ,1,116,All India except Central University,"Maharaja Krushna Chandra Gajapati Medical College , Brahmapur(700335)",M.D. (PHARMACOLOGY),All India,1,0,0,0,1,0,1,0,1,0,4,All India Quota Seat Matrix - Round 1.pdf
2025,AIQ,1,116,All India except Central University,"Maharaja Krushna Chandra Gajapati Medical College , Brahmapur(700335)",M.D. (PHYSIOLOGY),All India,1,0,1,0,1,0,0,0,0,0,3,All India Quota Seat Matrix - Round 1.pdf
2025,AIQ,1,116,All India except Central University,"Maharaja Krushna Chandra Gajapati Medical College , Brahmapur(700335)",M.D. (PREVENTIVE and SOCIAL MEDICINE)/ COMMUNITY MEDICINE,All India,3,1,0,0,1,0,1,0,0,0,6,All India Quota Seat Matrix - Round 1.pdf
2025,AIQ,1,116,All India except Central University,"Maharaja Krushna Chandra Gajapati Medical College , Brahmapur(700335)",M.D. (PSYCHIATRY),All India,1,0,0,0,0,0,0,0,0,0,1,All India Quota Seat Matrix - Round 1.pdf
2025,AIQ,1,116,All India except Central University,"Maharaja Krushna Chandra Gajapati Medical College , Brahmapur(700335)",M.D. (RADIO-DIAGNOSIS),All India,0,0,0,0,1,0,1,0,0,0,2,All India Quota Seat Matrix - Round 1.pdf
2025,AIQ,1,116,All India except Central University,"Maharaja Krushna Chandra Gajapati Medical College , Brahmapur(700335)",M.D. (Tuberculosis and Respiratory diseases)/Pulmonary Medicine /M.D. (Respiratory Medicine),All India,0,0,0,0,0,0,0,0,1,0,1,All India Quota Seat Matrix - Round 1.pdf
2025,AIQ,1,116,All India except Central University,"Maharaja Krushna Chandra Gajapati Medical College , Brahmapur(700335)",M.D. IN TRANSFUSION MEDICINE/ IMMUNO- HAEMATOLOGY and BLOOD TRANSFUSION,All India,0,0,1,0,1,0,0,0,0,0,2,All India Quota Seat Matrix - Round 1.pdf
2025,AIQ,1,116,All India except Central University,"Maharaja Krushna Chandra Gajapati Medical College , Brahmapur(700335)",M.S. (E.N.T.),All India,0,0,0,0,1,0,0,0,0,0,1,All India Quota Seat Matrix - Round 1.pdf
2025,AIQ,1,116,All India except Central University,"Maharaja Krushna Chandra Gajapati Medical College , Brahmapur(700335)",M.S. (GENERAL SURGERY),All India,2,1,1,0,3,0,2,0,1,0,10,All India Quota Seat Matrix - Round 1.pdf
2025,AIQ,1,117,All India except Central University,"Maharaja Krushna Chandra Gajapati Medical College , Brahmapur(700335)",M.S. (OPHTHALMOLOGY),All India,2,0,0,0,1,0,1,0,0,0,4,All India Quota Seat Matrix - Round 1.pdf
2025,AIQ,1,117,All India except Central University,"Maharaja Krushna Chandra Gajapati Medical College , Brahmapur(700335)",M.S. (ORTHOPAEDICS),All India,2,0,1,0,1,0,0,0,0,0,4,All India Quota Seat Matrix - Round 1.pdf
2025,AIQ,1,117,All India except Central University,"Maharaja Krushna Chandra Gajapati Medical College , Brahmapur(700335)",MD/MS (Anatomy),All India,0,0,0,0,1,0,1,0,0,0,2,All India Quota Seat Matrix - Round 1.pdf
2025,AIQ,1,117,All India except Central University,"Maharaja Suhel Dev Autonomous State Medical College & Mahrishi Balark Hospitals, Bahraich, Uttar Pradesh(902829)",M.D. (BIOCHEMISTRY),All India,1,0,0,0,0,0,1,0,0,0,2,All India Quota Seat Matrix - Round 1.pdf
2025,AIQ,1,117,All India except Central University,"Maharaja Suhel Dev Autonomous State Medical College & Mahrishi Balark Hospitals, Bahraich, Uttar Pradesh(902829)",M.D. (FORENSIC MEDICINE),All India,1,0,0,0,1,0,0,0,0,0,2,All India Quota Seat Matrix - Round 1.pdf
2025,AIQ,1,117,All India except Central University,"Maharaja Suhel Dev Autonomous State Medical College & Mahrishi Balark Hospitals, Bahraich, Uttar Pradesh(902829)",M.D. (PHYSIOLOGY),All India,0,0,0,0,1,0,0,0,0,0,1,All India Quota Seat Matrix - Round 1.pdf
2025,AIQ,1,117,All India except Central University,"Maharaja Suhel Dev Autonomous State Medical College & Mahrishi Balark Hospitals, Bahraich, Uttar Pradesh(902829)",M.D. (PREVENTIVE and SOCIAL MEDICINE)/ COMMUNITY MEDICINE,All India,0,0,1,0,0,0,1,0,1,0,3,All India Quota Seat Matrix - Round 1.pdf
2025,AIQ,1,117,All India except Central University,"Maharaja Suhel Dev Autonomous State Medical College & Mahrishi Balark Hospitals, Bahraich, Uttar Pradesh(902829)",M.S. (ORTHOPAEDICS),All India,2,0,0,0,0,0,0,0,0,0,2,All India Quota Seat Matrix - Round 1.pdf
2025,AIQ,1,117,All India except Central University,"Maharaja Suhel Dev Autonomous State Medical College & Mahrishi Balark Hospitals, Bahraich, Uttar Pradesh(902829)",MD/MS (Anatomy),All India,0,0,0,0,1,0,0,0,0,0,1,All India Quota Seat Matrix - Round 1.pdf
2025,AIQ,1,117,All India except Central University,MAHARANI LAXMI BAI MEDICAL COLLEGE JHANSI(700372),DIP.IN MEDICAL RADIO-DIAGNOSIS,All India,0,0,1,0,1,0,0,0,0,0,2,All India Quota Seat Matrix - Round 1.pdf
2025,AIQ,1,117,All India except Central University,MAHARANI LAXMI BAI MEDICAL COLLEGE JHANSI(700372),DIPLOMA IN CHILD HEALTH/ PAEDIATRICS,All India,1,0,0,0,0,0,0,0,0,0,1,All India Quota Seat Matrix - Round 1.pdf
2025,AIQ,1,117,All India except Central University,MAHARANI LAXMI BAI MEDICAL COLLEGE JHANSI(700372),M.D. (ANAESTHESIOLOGY),All India,3,0,0,0,2,0,1,0,0,0,6,All India Quota Seat Matrix - Round 1.pdf
2025,AIQ,1,117,All India except Central University,MAHARANI LAXMI BAI MEDICAL COLLEGE JHANSI(700372),M.D. (GENERAL MEDICINE),All India,1,1,0,0,2,0,2,0,1,0,7,All India Quota Seat Matrix - Round 1.pdf
2025,AIQ,1,117,All India except Central University,MAHARANI LAXMI BAI MEDICAL COLLEGE JHANSI(700372),M.D. (Obst. and Gynae)/MS (Obstetrics and Gynaecology),All India,2,0,1,0,2,0,0,0,0,0,5,All India Quota Seat Matrix - Round 1.pdf
2025,AIQ,1,117,All India except Central University,MAHARANI LAXMI BAI MEDICAL COLLEGE JHANSI(700372),M.D. (PAEDIATRICS),All India,0,0,0,0,1,0,1,0,1,0,3,All India Quota Seat Matrix - Round 1.pdf
2025,AIQ,1,117,All India except Central University,MAHARANI LAXMI BAI MEDICAL COLLEGE JHANSI(700372),M.D. (PATHOLOGY),All India,2,0,1,0,0,0,0,0,0,0,3,All India Quota Seat Matrix - Round 1.pdf
2025,AIQ,1,117,All India except Central University,MAHARANI LAXMI BAI MEDICAL COLLEGE JHANSI(700372),M.D. (PHYSIOLOGY),All India,0,0,0,0,1,0,0,0,0,0,1,All India Quota Seat Matrix - Round 1.pdf
2025,AIQ,1,117,All India except Central University,MAHARANI LAXMI BAI MEDICAL COLLEGE JHANSI(700372),M.D. (PREVENTIVE and SOCIAL MEDICINE)/ COMMUNITY MEDICINE,All India,0,0,0,0,0,0,1,0,0,0,1,All India Quota Seat Matrix - Round 1.pdf
2025,AIQ,1,118,All India except Central University,MAHARANI LAXMI BAI MEDICAL COLLEGE JHANSI(700372),M.D. (RADIO-DIAGNOSIS),All India,1,0,0,0,0,0,0,0,0,0,1,All India Quota Seat Matrix - Round 1.pdf
2025,AIQ,1,118,All India except Central University,MAHARANI LAXMI BAI MEDICAL COLLEGE JHANSI(700372),M.D. (Tuberculosis and Respiratory diseases)/Pulmonary Medicine /M.D. (Respiratory Medicine),All India,1,0,1,0,0,1,0,0,0,0,3,All India Quota Seat Matrix - Round 1.pdf
2025,AIQ,1,118,All India except Central University,MAHARANI LAXMI BAI MEDICAL COLLEGE JHANSI(700372),M.S. (E.N.T.),All India,2,0,0,0,0,0,0,0,0,0,2,All India Quota Seat Matrix - Round 1.pdf
2025,AIQ,1,118,All India except Central University,MAHARANI LAXMI BAI MEDICAL COLLEGE JHANSI(700372),M.S. (GENERAL SURGERY),All India,3,0,1,0,2,0,1,0,1,0,8,All India Quota Seat Matrix - Round 1.pdf
2025,AIQ,1,118,All India except Central University,MAHARANI LAXMI BAI MEDICAL COLLEGE JHANSI(700372),M.S. (OPHTHALMOLOGY),All India,1,0,0,0,1,0,1,0,0,0,3,All India Quota Seat Matrix - Round 1.pdf
2025,AIQ,1,118,All India except Central University,MAHARANI LAXMI BAI MEDICAL COLLEGE JHANSI(700372),M.S. (ORTHOPAEDICS),All India,3,0,0,0,1,0,0,0,0,0,4,All India Quota Seat Matrix - Round 1.pdf
2025,AIQ,1,118,All India except Central University,"Maharashtra Post Graduate Institute of Medical Education and Research, Nashik(701701)",M.D. (ANAESTHESIOLOGY),All India,2,0,1,0,2,0,1,0,0,0,6,All India Quota Seat Matrix - Round 1.pdf
2025,AIQ,1,118,All India except Central University,"Maharashtra Post Graduate Institute of Medical Education and Research, Nashik(701701)",M.D. (Emergency and Critical Care)/M.D. (Emergency Medicine),All India,1,0,0,0,0,0,0,0,0,0,1,All India Quota Seat Matrix - Round 1.pdf
2025,AIQ,1,118,All India except Central University,"Maharashtra Post Graduate Institute of Medical Education and Research, Nashik(701701)",M.D. (FORENSIC MEDICINE),All India,0,0,0,0,0,0,1,0,1,0,2,All India Quota Seat Matrix - Round 1.pdf
2025,AIQ,1,118,All India except Central University,"Maharashtra Post Graduate Institute of Medical Education and Research, Nashik(701701)",M.D. (GENERAL MEDICINE),All India,2,0,1,0,2,0,1,0,0,0,6,All India Quota Seat Matrix - Round 1.pdf
2025,AIQ,1,118,All India except Central University,"Maharashtra Post Graduate Institute of Medical Education and Research, Nashik(701701)",M.D. (MICROBIOLOGY),All India,0,0,0,0,1,0,0,1,0,1,3,All India Quota Seat Matrix - Round 1.pdf
2025,AIQ,1,118,All India except Central University,"Maharashtra Post Graduate Institute of Medical Education and Research, Nashik(701701)",M.D. (Obst. and Gynae)/MS (Obstetrics and Gynaecology),All India,1,0,0,0,1,0,0,0,0,0,2,All India Quota Seat Matrix - Round 1.pdf
2025,AIQ,1,118,All India except Central University,"Maharashtra Post Graduate Institute of Medical Education and Research, Nashik(701701)",M.D. (PAEDIATRICS),All India,2,0,0,0,1,0,0,0,0,0,3,All India Quota Seat Matrix - Round 1.pdf
2025,AIQ,1,118,All India except Central University,"Maharashtra Post Graduate Institute of Medical Education and Research, Nashik(701701)",M.D. (PATHOLOGY),All India,0,0,0,0,1,0,1,0,1,0,3,All India Quota Seat Matrix - Round 1.pdf
2025,AIQ,1,118,All India except Central University,"Maharashtra Post Graduate Institute of Medical Education and Research, Nashik(701701)",M.D. (RADIO-DIAGNOSIS),All India,1,0,1,0,0,0,0,0,0,0,2,All India Quota Seat Matrix - Round 1.pdf
2025,AIQ,1,118,All India except Central University,"Maharashtra Post Graduate Institute of Medical Education and Research, Nashik(701701)",M.S. (E.N.T.),All India,1,1,0,0,1,0,0,0,0,0,3,All India Quota Seat Matrix - Round 1.pdf
2025,AIQ,1,118,All India except Central University,"Maharashtra Post Graduate Institute of Medical Education and Research, Nashik(701701)",M.S. (GENERAL SURGERY),All India,4,0,1,0,1,0,0,0,0,0,6,All India Quota Seat Matrix - Round 1.pdf
2025,AIQ,1,118,All India except Central University,"Maharashtra Post Graduate Institute of Medical Education and Research, Nashik(701701)",M.S. (OPHTHALMOLOGY),All India,1,0,0,0,0,0,1,0,0,0,2,All India Quota Seat Matrix - Round 1.pdf
2025,AIQ,1,118,All India except Central University,"Maharashtra Post Graduate Institute of Medical Education and Research, Nashik(701701)",M.S. (ORTHOPAEDICS),All India,1,0,1,0,1,0,0,0,0,0,3,All India Quota Seat Matrix - Round 1.pdf
2025,AIQ,1,118,All India except Central University,"Maharshi Devraha Baba Autonomous State Medical College, Deoria, Uttar Pradesh(902831)",MD/MS (Anatomy),All India,1,0,0,0,0,0,1,0,0,0,2,All India Quota Seat Matrix - Round 1.pdf
2025,AIQ,1,119,All India except Central University,MAHARSHI VASISHTHA AUTONOMOUS STATE MEDICAL COLLEGE BASTI(902835),M.D. (MICROBIOLOGY),All India,0,0,0,0,1,0,0,0,1,0,2,All India Quota Seat Matrix - Round 1.pdf
2025,AIQ,1,119,All India except Central University,MAHARSHI VASISHTHA AUTONOMOUS STATE MEDICAL COLLEGE BASTI(902835),M.D. (PATHOLOGY),All India,1,0,0,0,0,0,0,0,0,0,1,All India Quota Seat Matrix - Round 1.pdf
2025,AIQ,1,119,All India except Central University,MAHARSHI VASISHTHA AUTONOMOUS STATE MEDICAL COLLEGE BASTI(902835),M.D. (PHYSIOLOGY),All India,1,0,0,0,1,0,1,0,0,0,3,All India Quota Seat Matrix - Round 1.pdf
2025,AIQ,1,119,All India except Central University,MAHARSHI VASISHTHA AUTONOMOUS STATE MEDICAL COLLEGE BASTI(902835),M.D. (PREVENTIVE and SOCIAL MEDICINE)/ COMMUNITY MEDICINE,All India,0,0,1,0,0,0,0,0,0,0,1,All India Quota Seat Matrix - Round 1.pdf
2025,AIQ,1,119,All India except Central University,"Mahatma Gandhi Institute of Medical Sciences, Wardha(700466)",M.D. (ANAESTHESIOLOGY),All India,2,0,0,0,0,0,1,0,0,0,3,All India Quota Seat Matrix - Round 1.pdf
2025,AIQ,1,119,All India except Central University,"Mahatma Gandhi Institute of Medical Sciences, Wardha(700466)",M.D. (BIOCHEMISTRY),All India,0,0,0,0,1,0,0,0,0,0,1,All India Quota Seat Matrix - Round 1.pdf
2025,AIQ,1,119,All India except Central University,"Mahatma Gandhi Institute of Medical Sciences, Wardha(700466)","M.D. (DERM.,VENE. and LEPROSY)/ (DERMATOLOGY)/(SKIN and VENEREAL DISEASES)/(VENEREOLOGY)",All India,1,0,0,0,0,0,0,0,0,0,1,All India Quota Seat Matrix - Round 1.pdf
2025,AIQ,1,119,All India except Central University,"Mahatma Gandhi Institute of Medical Sciences, Wardha(700466)",M.D. (FORENSIC MEDICINE),All India,1,0,0,0,0,0,0,0,0,0,1,All India Quota Seat Matrix - Round 1.pdf
2025,AIQ,1,119,All India except Central University,"Mahatma Gandhi Institute of Medical Sciences, Wardha(700466)",M.D. (GENERAL MEDICINE),All India,1,0,1,0,2,0,1,0,1,0,6,All India Quota Seat Matrix - Round 1.pdf
2025,AIQ,1,119,All India except Central University,"Mahatma Gandhi Institute of Medical Sciences, Wardha(700466)",M.D. (MICROBIOLOGY),All India,1,0,1,0,1,0,0,0,0,0,3,All India Quota Seat Matrix - Round 1.pdf
2025,AIQ,1,119,All India except Central University,"Mahatma Gandhi Institute of Medical Sciences, Wardha(700466)",M.D. (Obst. and Gynae)/MS (Obstetrics and Gynaecology),All India,1,0,0,0,1,0,1,0,0,0,3,All India Quota Seat Matrix - Round 1.pdf
2025,AIQ,1,119,All India except Central University,"Mahatma Gandhi Institute of Medical Sciences, Wardha(700466)",M.D. (PAEDIATRICS),All India,0,0,1,0,0,0,1,0,0,0,2,All India Quota Seat Matrix - Round 1.pdf
2025,AIQ,1,119,All India except Central University,"Mahatma Gandhi Institute of Medical Sciences, Wardha(700466)",M.D. (PATHOLOGY),All India,1,0,0,0,1,0,0,0,0,0,2,All India Quota Seat Matrix - Round 1.pdf
2025,AIQ,1,119,All India except Central University,"Mahatma Gandhi Institute of Medical Sciences, Wardha(700466)",M.D. (PHARMACOLOGY),All India,2,0,0,0,0,0,0,0,0,0,2,All India Quota Seat Matrix - Round 1.pdf
2025,AIQ,1,119,All India except Central University,"Mahatma Gandhi Institute of Medical Sciences, Wardha(700466)",M.D. (PHYSIOLOGY),All India,0,0,0,0,1,0,0,0,0,0,1,All India Quota Seat Matrix - Round 1.pdf
2025,AIQ,1,119,All India except Central University,"Mahatma Gandhi Institute of Medical Sciences, Wardha(700466)",M.D. (PREVENTIVE and SOCIAL MEDICINE)/ COMMUNITY MEDICINE,All India,0,0,0,0,0,0,1,0,1,0,2,All India Quota Seat Matrix - Round 1.pdf
2025,AIQ,1,119,All India except Central University,"Mahatma Gandhi Institute of Medical Sciences, Wardha(700466)",M.D. (PSYCHIATRY),All India,0,0,0,0,1,0,0,0,0,0,1,All India Quota Seat Matrix - Round 1.pdf
2025,AIQ,1,119,All India except Central University,"Mahatma Gandhi Institute of Medical Sciences, Wardha(700466)",M.D. (RADIO-DIAGNOSIS),All India,1,0,1,0,0,0,0,0,0,0,2,All India Quota Seat Matrix - Round 1.pdf
2025,AIQ,1,119,All India except Central University,"Mahatma Gandhi Institute of Medical Sciences, Wardha(700466)",M.D. (Radiotherapy/ Radiation Oncology),All India,1,0,0,0,0,0,0,0,0,0,1,All India Quota Seat Matrix - Round 1.pdf
2025,AIQ,1,119,All India except Central University,"Mahatma Gandhi Institute of Medical Sciences, Wardha(700466)",M.S. (E.N.T.),All India,1,0,0,0,0,0,0,0,0,0,1,All India Quota Seat Matrix - Round 1.pdf
2025,AIQ,1,120,All India except Central University,"Mahatma Gandhi Institute of Medical Sciences, Wardha(700466)",M.S. (GENERAL SURGERY),All India,1,1,0,0,1,0,1,0,0,0,4,All India Quota Seat Matrix - Round 1.pdf
2025,AIQ,1,120,All India except Central University,"Mahatma Gandhi Institute of Medical Sciences, Wardha(700466)",M.S. (OPHTHALMOLOGY),All India,1,0,0,0,0,0,0,0,1,0,2,All India Quota Seat Matrix - Round 1.pdf
2025,AIQ,1,120,All India except Central University,"Mahatma Gandhi Institute of Medical Sciences, Wardha(700466)",M.S. (ORTHOPAEDICS),All India,1,0,0,0,1,0,0,0,0,0,2,All India Quota Seat Matrix - Round 1.pdf
2025,AIQ,1,120,All India except Central University,"Mahatma Gandhi Institute of Medical Sciences, Wardha(700466)",MD/MS (Anatomy),All India,0,0,0,0,0,1,0,0,0,0,1,All India Quota Seat Matrix - Round 1.pdf
2025,AIQ,1,120,All India except Central University,"Mahatma Gandhi Memorial Medical College, Indore(700298)",M.D. (ANAESTHESIOLOGY),All India,4,0,1,0,4,0,2,0,1,0,12,All India Quota Seat Matrix - Round 1.pdf
2025,AIQ,1,120,All India except Central University,"Mahatma Gandhi Memorial Medical College, Indore(700298)",M.D. (BIOCHEMISTRY),All India,3,0,0,0,1,0,1,0,1,0,6,All India Quota Seat Matrix - Round 1.pdf
2025,AIQ,1,120,All India except Central University,"Mahatma Gandhi Memorial Medical College, Indore(700298)","M.D. (DERM.,VENE. and LEPROSY)/ (DERMATOLOGY)/(SKIN and VENEREAL DISEASES)/(VENEREOLOGY)",All India,0,0,1,0,1,0,0,0,0,0,2,All India Quota Seat Matrix - Round 1.pdf
2025,AIQ,1,120,All India except Central University,"Mahatma Gandhi Memorial Medical College, Indore(700298)",M.D. (Emergency and Critical Care)/M.D. (Emergency Medicine),All India,2,0,0,0,0,0,0,0,0,0,2,All India Quota Seat Matrix - Round 1.pdf
2025,AIQ,1,120,All India except Central University,"Mahatma Gandhi Memorial Medical College, Indore(700298)",M.D. (FORENSIC MEDICINE),All India,1,0,0,0,1,0,0,0,0,0,2,All India Quota Seat Matrix - Round 1.pdf
2025,AIQ,1,120,All India except Central University,"Mahatma Gandhi Memorial Medical College, Indore(700298)",M.D. (GENERAL MEDICINE),All India,5,1,2,0,3,1,3,0,2,0,17,All India Quota Seat Matrix - Round 1.pdf
2025,AIQ,1,120,All India except Central University,"Mahatma Gandhi Memorial Medical College, Indore(700298)",M.D. (MICROBIOLOGY),All India,2,0,1,0,2,0,1,0,1,0,7,All India Quota Seat Matrix - Round 1.pdf
2025,AIQ,1,120,All India except Central University,"Mahatma Gandhi Memorial Medical College, Indore(700298)",M.D. (Obst. and Gynae)/MS (Obstetrics and Gynaecology),All India,5,0,1,0,3,0,2,0,1,0,12,All India Quota Seat Matrix - Round 1.pdf
2025,AIQ,1,120,All India except Central University,"Mahatma Gandhi Memorial Medical College, Indore(700298)",M.D. (PAEDIATRICS),All India,3,1,1,0,3,0,1,0,1,0,10,All India Quota Seat Matrix - Round 1.pdf
2025,AIQ,1,120,All India except Central University,"Mahatma Gandhi Memorial Medical College, Indore(700298)",M.D. (PATHOLOGY),All India,1,0,1,0,1,0,1,0,1,0,5,All India Quota Seat Matrix - Round 1.pdf
2025,AIQ,1,120,All India except Central University,"Mahatma Gandhi Memorial Medical College, Indore(700298)",M.D. (PHARMACOLOGY),All India,3,0,0,0,1,0,1,0,0,0,5,All India Quota Seat Matrix - Round 1.pdf
2025,AIQ,1,120,All India except Central University,"Mahatma Gandhi Memorial Medical College, Indore(700298)",M.D. (PHYSIOLOGY),All India,3,0,0,0,2,0,1,0,1,0,7,All India Quota Seat Matrix - Round 1.pdf
2025,AIQ,1,120,All India except Central University,"Mahatma Gandhi Memorial Medical College, Indore(700298)",M.D. (PREVENTIVE and SOCIAL MEDICINE)/ COMMUNITY MEDICINE,All India,2,0,1,0,0,1,0,0,0,0,4,All India Quota Seat Matrix - Round 1.pdf
2025,AIQ,1,120,All India except Central University,"Mahatma Gandhi Memorial Medical College, Indore(700298)",M.D. (PSYCHIATRY),All India,1,0,1,0,2,0,1,0,0,0,5,All India Quota Seat Matrix - Round 1.pdf
2025,AIQ,1,120,All India except Central University,"Mahatma Gandhi Memorial Medical College, Indore(700298)",M.D. (RADIO-DIAGNOSIS),All India,4,0,0,0,2,0,1,0,1,0,8,All India Quota Seat Matrix - Round 1.pdf
2025,AIQ,1,120,All India except Central University,"Mahatma Gandhi Memorial Medical College, Indore(700298)",M.D. (Radiotherapy/ Radiation Oncology),All India,0,0,1,0,0,0,1,0,0,0,2,All India Quota Seat Matrix - Round 1.pdf
2025,AIQ,1,121,All India except Central University,"Mahatma Gandhi Memorial Medical College, Indore(700298)",M.D. (Tuberculosis and Respiratory diseases)/Pulmonary Medicine /M.D. (Respiratory Medicine),All India,1,0,0,0,1,0,0,0,0,0,2,All India Quota Seat Matrix - Round 1.pdf
2025,AIQ,1,121,All India except Central University,"Mahatma Gandhi Memorial Medical College, Indore(700298)",M.D. IN TRANSFUSION MEDICINE/ IMMUNO- HAEMATOLOGY and BLOOD TRANSFUSION,All India,2,0,0,0,0,0,0,0,0,0,2,All India Quota Seat Matrix - Round 1.pdf
2025,AIQ,1,121,All India except Central University,"Mahatma Gandhi Memorial Medical College, Indore(700298)",M.S. (E.N.T.),All India,2,0,0,0,1,0,1,0,0,0,4,All India Quota Seat Matrix - Round 1.pdf
2025,AIQ,1,121,All India except Central University,"Mahatma Gandhi Memorial Medical College, Indore(700298)",M.S. (GENERAL SURGERY),All India,5,0,1,0,3,0,1,0,0,0,10,All India Quota Seat Matrix - Round 1.pdf
2025,AIQ,1,121,All India except Central University,"Mahatma Gandhi Memorial Medical College, Indore(700298)",M.S. (OPHTHALMOLOGY),All India,2,0,0,0,2,0,1,0,0,0,5,All India Quota Seat Matrix - Round 1.pdf
2025,AIQ,1,121,All India except Central University,"Mahatma Gandhi Memorial Medical College, Indore(700298)",M.S. (ORTHOPAEDICS),All India,2,0,1,0,1,0,0,1,0,0,5,All India Quota Seat Matrix - Round 1.pdf
2025,AIQ,1,121,All India except Central University,"Mahatma Gandhi Memorial Medical College, Indore(700298)",MD/MS (Anatomy),All India,2,0,1,0,1,0,1,0,0,0,5,All India Quota Seat Matrix - Round 1.pdf
2025,AIQ,1,121,All India except Central University,"Mahatma Gandhi Memorial Medical College, Jamshedpur(700417)",DIP.IN GYNAE. and OBST.,All India,0,0,0,0,0,0,1,0,0,0,1,All India Quota Seat Matrix - Round 1.pdf
2025,AIQ,1,121,All India except Central University,"Mahatma Gandhi Memorial Medical College, Jamshedpur(700417)",DIP.IN MEDICAL RADIO-DIAGNOSIS,All India,0,0,0,0,0,0,0,0,1,0,1,All India Quota Seat Matrix - Round 1.pdf
2025,AIQ,1,121,All India except Central University,"Mahatma Gandhi Memorial Medical College, Jamshedpur(700417)",DIPLOMA IN CHILD HEALTH/ PAEDIATRICS,All India,0,0,0,0,1,0,0,0,0,0,1,All India Quota Seat Matrix - Round 1.pdf
2025,AIQ,1,121,All India except Central University,"Mahatma Gandhi Memorial Medical College, Jamshedpur(700417)",M.D. (ANAESTHESIOLOGY),All India,1,0,0,0,0,0,0,0,0,0,1,All India Quota Seat Matrix - Round 1.pdf
2025,AIQ,1,121,All India except Central University,"Mahatma Gandhi Memorial Medical College, Jamshedpur(700417)",M.D. (GENERAL MEDICINE),All India,0,0,1,0,0,1,1,0,0,0,3,All India Quota Seat Matrix - Round 1.pdf
2025,AIQ,1,121,All India except Central University,"Mahatma Gandhi Memorial Medical College, Jamshedpur(700417)",M.D. (Obst. and Gynae)/MS (Obstetrics and Gynaecology),All India,1,0,0,0,0,0,0,0,0,0,1,All India Quota Seat Matrix - Round 1.pdf
2025,AIQ,1,121,All India except Central University,"Mahatma Gandhi Memorial Medical College, Jamshedpur(700417)",M.D. (PAEDIATRICS),All India,0,0,0,0,1,0,1,0,0,0,2,All India Quota Seat Matrix - Round 1.pdf
2025,AIQ,1,121,All India except Central University,"Mahatma Gandhi Memorial Medical College, Jamshedpur(700417)",M.D. (PATHOLOGY),All India,0,0,1,0,0,0,0,0,1,0,2,All India Quota Seat Matrix - Round 1.pdf
2025,AIQ,1,121,All India except Central University,"Mahatma Gandhi Memorial Medical College, Jamshedpur(700417)",M.D. (PHYSIOLOGY),All India,1,0,0,0,0,0,0,0,0,0,1,All India Quota Seat Matrix - Round 1.pdf
2025,AIQ,1,121,All India except Central University,"Mahatma Gandhi Memorial Medical College, Jamshedpur(700417)",M.S. (E.N.T.),All India,1,0,0,0,1,0,0,0,0,0,2,All India Quota Seat Matrix - Round 1.pdf
2025,AIQ,1,121,All India except Central University,"Mahatma Gandhi Memorial Medical College, Jamshedpur(700417)",M.S. (GENERAL SURGERY),All India,2,0,0,0,0,0,0,0,0,0,2,All India Quota Seat Matrix - Round 1.pdf
2025,AIQ,1,121,All India except Central University,"Mahatma Gandhi Memorial Medical College, Jamshedpur(700417)",M.S. (OPHTHALMOLOGY),All India,1,0,0,0,1,0,0,0,0,0,2,All India Quota Seat Matrix - Round 1.pdf
2025,AIQ,1,121,All India except Central University,"Mahatma Gandhi Memorial Medical College, Jamshedpur(700417)",M.S. (ORTHOPAEDICS),All India,1,0,0,0,0,0,0,0,0,0,1,All India Quota Seat Matrix - Round 1.pdf
2025,AIQ,1,122,All India except Central University,"Mahatma Gandhi Memorial Medical College, Jamshedpur(700417)",MD/MS (Anatomy),All India,1,0,0,0,0,0,0,0,0,0,1,All India Quota Seat Matrix - Round 1.pdf
2025,AIQ,1,122,All India except Central University,MALDA MEDICAL COLLEGE(700542),M.D. (MICROBIOLOGY),All India,1,0,0,0,0,0,0,0,0,0,1,All India Quota Seat Matrix - Round 1.pdf
2025,AIQ,1,122,All India except Central University,MALDA MEDICAL COLLEGE(700542),M.D. (Obst. and Gynae)/MS (Obstetrics and Gynaecology),All India,1,0,0,0,1,0,1,0,0,0,3,All India Quota Seat Matrix - Round 1.pdf
2025,AIQ,1,122,All India except Central University,MALDA MEDICAL COLLEGE(700542),M.D. (PAEDIATRICS),All India,1,0,0,0,0,0,0,0,1,0,2,All India Quota Seat Matrix - Round 1.pdf
2025,AIQ,1,122,All India except Central University,MANDYA INSTITUTE OF MEDICAL SCIENCES(700414),M.D. (ANAESTHESIOLOGY),All India,3,0,1,0,0,1,1,0,0,0,6,All India Quota Seat Matrix - Round 1.pdf
2025,AIQ,1,122,All India except Central University,MANDYA INSTITUTE OF MEDICAL SCIENCES(700414),M.D. (BIOCHEMISTRY),All India,0,0,0,0,1,0,0,0,0,0,1,All India Quota Seat Matrix - Round 1.pdf
2025,AIQ,1,122,All India except Central University,MANDYA INSTITUTE OF MEDICAL SCIENCES(700414),"M.D. (DERM.,VENE. and LEPROSY)/ (DERMATOLOGY)/(SKIN and VENEREAL DISEASES)/(VENEREOLOGY)",All India,2,0,0,0,0,0,1,0,0,0,3,All India Quota Seat Matrix - Round 1.pdf
2025,AIQ,1,122,All India except Central University,MANDYA INSTITUTE OF MEDICAL SCIENCES(700414),M.D. (GENERAL MEDICINE),All India,3,0,1,0,2,0,1,0,0,0,7,All India Quota Seat Matrix - Round 1.pdf
2025,AIQ,1,122,All India except Central University,MANDYA INSTITUTE OF MEDICAL SCIENCES(700414),M.D. (MICROBIOLOGY),All India,0,0,0,0,0,0,1,0,1,0,2,All India Quota Seat Matrix - Round 1.pdf
2025,AIQ,1,122,All India except Central University,MANDYA INSTITUTE OF MEDICAL SCIENCES(700414),M.D. (Obst. and Gynae)/MS (Obstetrics and Gynaecology),All India,0,0,1,0,1,0,0,0,0,0,2,All India Quota Seat Matrix - Round 1.pdf
2025,AIQ,1,122,All India except Central University,MANDYA INSTITUTE OF MEDICAL SCIENCES(700414),M.D. (PAEDIATRICS),All India,1,0,0,0,1,0,1,0,1,0,4,All India Quota Seat Matrix - Round 1.pdf
2025,AIQ,1,122,All India except Central University,MANDYA INSTITUTE OF MEDICAL SCIENCES(700414),M.D. (PATHOLOGY),All India,2,0,0,0,0,0,0,0,0,0,2,All India Quota Seat Matrix - Round 1.pdf
2025,AIQ,1,122,All India except Central University,MANDYA INSTITUTE OF MEDICAL SCIENCES(700414),M.D. (PHARMACOLOGY),All India,0,0,0,0,1,0,0,0,0,0,1,All India Quota Seat Matrix - Round 1.pdf
2025,AIQ,1,122,All India except Central University,MANDYA INSTITUTE OF MEDICAL SCIENCES(700414),M.D. (PHYSIOLOGY),All India,1,0,0,0,0,0,0,0,0,0,1,All India Quota Seat Matrix - Round 1.pdf
2025,AIQ,1,122,All India except Central University,MANDYA INSTITUTE OF MEDICAL SCIENCES(700414),M.D. (PREVENTIVE and SOCIAL MEDICINE)/ COMMUNITY MEDICINE,All India,0,1,0,0,0,0,0,0,0,0,1,All India Quota Seat Matrix - Round 1.pdf
2025,AIQ,1,122,All India except Central University,MANDYA INSTITUTE OF MEDICAL SCIENCES(700414),M.D. (PSYCHIATRY),All India,0,0,0,0,0,0,1,0,0,0,1,All India Quota Seat Matrix - Round 1.pdf
2025,AIQ,1,122,All India except Central University,MANDYA INSTITUTE OF MEDICAL SCIENCES(700414),M.D. (RADIO-DIAGNOSIS),All India,1,0,0,0,1,0,0,0,0,0,2,All India Quota Seat Matrix - Round 1.pdf
2025,AIQ,1,122,All India except Central University,MANDYA INSTITUTE OF MEDICAL SCIENCES(700414),M.S. (E.N.T.),All India,1,0,0,0,1,0,0,0,1,0,3,All India Quota Seat Matrix - Round 1.pdf
2025,AIQ,1,122,All India except Central University,MANDYA INSTITUTE OF MEDICAL SCIENCES(700414),M.S. (GENERAL SURGERY),All India,1,0,0,0,1,0,0,0,0,0,2,All India Quota Seat Matrix - Round 1.pdf
2025,AIQ,1,122,All India except Central University,MANDYA INSTITUTE OF MEDICAL SCIENCES(700414),M.S. (OPHTHALMOLOGY),All India,2,0,0,0,1,0,0,0,0,0,3,All India Quota Seat Matrix - Round 1.pdf
2025,AIQ,1,123,All India except Central University,MANDYA INSTITUTE OF MEDICAL SCIENCES(700414),M.S. (ORTHOPAEDICS),All India,1,0,0,1,1,0,1,0,0,0,4,All India Quota Seat Matrix - Round 1.pdf
2025,AIQ,1,123,All India except Central University,MANDYA INSTITUTE OF MEDICAL SCIENCES(700414),MD/MS (Anatomy),All India,0,0,1,0,0,0,0,0,0,0,1,All India Quota Seat Matrix - Round 1.pdf
2025,AIQ,1,123,Central University,Maulana Azad Medical College(700119),DIP. IN DERM. VENEREOLOGY and LEPROSY/DERMATOLOGY /VENEREOLOGY and DERMATOLOGY/LEPROSY/VENEREAL DISEASE and LEPROSY,All India,0,0,0,0,1,0,0,0,0,0,1,All India Quota Seat Matrix - Round 1.pdf
2025,AIQ,1,123,Central University,Maulana Azad Medical College(700119),M.D. (ANAESTHESIOLOGY),All India,5,0,2,0,3,1,2,0,1,0,14,All India Quota Seat Matrix - Round 1.pdf
2025,AIQ,1,123,Central University,Maulana Azad Medical College(700119),M.D. (BIOCHEMISTRY),All India,3,0,0,0,1,0,0,0,1,0,5,All India Quota Seat Matrix - Round 1.pdf
2025,AIQ,1,123,Central University,Maulana Azad Medical College(700119),"M.D. (DERM.,VENE. and LEPROSY)/ (DERMATOLOGY)/(SKIN and VENEREAL DISEASES)/(VENEREOLOGY)",All India,0,0,0,0,0,0,1,0,0,0,1,All India Quota Seat Matrix - Round 1.pdf
2025,AIQ,1,123,Central University,Maulana Azad Medical College(700119),M.D. (FORENSIC MEDICINE),All India,1,0,0,0,1,0,1,0,1,0,4,All India Quota Seat Matrix - Round 1.pdf
2025,AIQ,1,123,Central University,Maulana Azad Medical College(700119),M.D. (GENERAL MEDICINE),All India,5,0,1,0,3,0,2,0,0,0,11,All India Quota Seat Matrix - Round 1.pdf
2025,AIQ,1,123,Central University,Maulana Azad Medical College(700119),M.D. (MICROBIOLOGY),All India,2,0,1,0,2,0,0,0,0,0,5,All India Quota Seat Matrix - Round 1.pdf
2025,AIQ,1,123,Central University,Maulana Azad Medical College(700119),M.D. (Obst. and Gynae)/MS (Obstetrics and Gynaecology),All India,4,0,1,0,2,0,2,0,1,0,10,All India Quota Seat Matrix - Round 1.pdf
2025,AIQ,1,123,Central University,Maulana Azad Medical College(700119),M.D. (PAEDIATRICS),All India,5,0,2,0,3,0,1,0,1,0,12,All India Quota Seat Matrix - Round 1.pdf
2025,AIQ,1,123,Central University,Maulana Azad Medical College(700119),M.D. (PATHOLOGY),All India,2,0,0,0,1,0,0,1,0,1,5,All India Quota Seat Matrix - Round 1.pdf
2025,AIQ,1,123,Central University,Maulana Azad Medical College(700119),M.D. (PHARMACOLOGY),All India,0,1,0,0,1,0,0,0,0,0,2,All India Quota Seat Matrix - Round 1.pdf
2025,AIQ,1,123,Central University,Maulana Azad Medical College(700119),M.D. (PHYSIOLOGY),All India,0,0,1,0,1,0,1,0,0,0,3,All India Quota Seat Matrix - Round 1.pdf
2025,AIQ,1,123,Central University,Maulana Azad Medical College(700119),M.D. (PREVENTIVE and SOCIAL MEDICINE)/ COMMUNITY MEDICINE,All India,3,0,0,0,1,0,1,0,0,0,5,All India Quota Seat Matrix - Round 1.pdf
2025,AIQ,1,123,Central University,Maulana Azad Medical College(700119),M.D. (PSYCHIATRY),All India,0,0,0,0,0,0,0,0,1,0,1,All India Quota Seat Matrix - Round 1.pdf
2025,AIQ,1,123,Central University,Maulana Azad Medical College(700119),M.D. (RADIO-DIAGNOSIS),All India,5,0,1,0,3,0,1,0,0,0,10,All India Quota Seat Matrix - Round 1.pdf
2025,AIQ,1,123,Central University,Maulana Azad Medical College(700119),M.D. (Radiotherapy/ Radiation Oncology),All India,1,0,0,0,1,0,1,0,0,0,3,All India Quota Seat Matrix - Round 1.pdf
2025,AIQ,1,123,Central University,Maulana Azad Medical College(700119),M.S. (E.N.T.),All India,2,0,1,0,1,0,0,0,0,0,4,All India Quota Seat Matrix - Round 1.pdf
2025,AIQ,1,123,Central University,Maulana Azad Medical College(700119),M.S. (GENERAL SURGERY),All India,2,1,1,0,2,0,1,0,1,0,8,All India Quota Seat Matrix - Round 1.pdf
2025,AIQ,1,123,Central University,Maulana Azad Medical College(700119),M.S. (OPHTHALMOLOGY),All India,3,0,1,0,3,0,1,0,1,0,9,All India Quota Seat Matrix - Round 1.pdf
2025,AIQ,1,123,Central University,Maulana Azad Medical College(700119),M.S. (ORTHOPAEDICS),All India,4,0,0,0,1,1,2,0,0,0,8,All India Quota Seat Matrix - Round 1.pdf
2025,AIQ,1,123,Central University,Maulana Azad Medical College(700119),MD/MS (Anatomy),All India,1,0,0,0,1,0,1,0,0,0,3,All India Quota Seat Matrix - Round 1.pdf
2025,AIQ,1,123,All India except Central University,"MEDICAL COLLEGE, KOLKATA(700392)",DIP.IN GYNAE. and OBST.,All India,3,0,0,1,3,0,1,1,1,0,10,All India Quota Seat Matrix - Round 1.pdf
2025,AIQ,1,123,All India except Central University,"MEDICAL COLLEGE, KOLKATA(700392)",DIPLOMA IN ANAESTHESIOLOGY,All India,2,0,1,0,0,0,0,0,0,0,3,All India Quota Seat Matrix - Round 1.pdf
2025,AIQ,1,123,All India except Central University,"MEDICAL COLLEGE, KOLKATA(700392)",DIPLOMA IN OPHTHALMOLOGY/DOMS,All India,5,0,1,0,2,0,2,0,0,0,10,All India Quota Seat Matrix - Round 1.pdf
2025,AIQ,1,123,All India except Central University,"MEDICAL COLLEGE, KOLKATA(700392)",DIPLOMA IN ORTHOPAEDICS,All India,2,0,0,0,1,0,0,0,1,0,4,All India Quota Seat Matrix - Round 1.pdf
2025,AIQ,1,123,All India except Central University,"MEDICAL COLLEGE, KOLKATA(700392)",DIPLOMA IN OTO-RHINO-LARYNGOLOGY,All India,1,0,0,0,1,0,0,0,0,0,2,All India Quota Seat Matrix - Round 1.pdf
2025,AIQ,1,124,All India except Central University,"MEDICAL COLLEGE, KOLKATA(700392)",M.D. (ANAESTHESIOLOGY),All India,2,1,1,0,1,1,1,0,1,0,8,All India Quota Seat Matrix - Round 1.pdf
2025,AIQ,1,124,All India except Central University,"MEDICAL COLLEGE, KOLKATA(700392)",M.D. (BIOCHEMISTRY),All India,0,0,0,0,1,0,0,0,0,0,1,All India Quota Seat Matrix - Round 1.pdf
2025,AIQ,1,124,All India except Central University,"MEDICAL COLLEGE, KOLKATA(700392)","M.D. (DERM.,VENE. and LEPROSY)/ (DERMATOLOGY)/(SKIN and VENEREAL DISEASES)/(VENEREOLOGY)",All India,0,0,1,0,1,0,1,0,0,0,3,All India Quota Seat Matrix - Round 1.pdf
2025,AIQ,1,124,All India except Central University,"MEDICAL COLLEGE, KOLKATA(700392)",M.D. (FORENSIC MEDICINE),All India,1,0,0,0,1,0,0,0,0,0,2,All India Quota Seat Matrix - Round 1.pdf
2025,AIQ,1,124,All India except Central University,"MEDICAL COLLEGE, KOLKATA(700392)",M.D. (GENERAL MEDICINE),All India,4,1,1,0,3,0,1,0,1,0,11,All India Quota Seat Matrix - Round 1.pdf
2025,AIQ,1,124,All India except Central University,"MEDICAL COLLEGE, KOLKATA(700392)",M.D. (MICROBIOLOGY),All India,1,0,0,0,0,0,0,0,0,0,1,All India Quota Seat Matrix - Round 1.pdf
2025,AIQ,1,124,All India except Central University,"MEDICAL COLLEGE, KOLKATA(700392)",M.D. (Obst. and Gynae)/MS (Obstetrics and Gynaecology),All India,3,0,1,0,4,0,2,0,1,0,11,All India Quota Seat Matrix - Round 1.pdf
2025,AIQ,1,124,All India except Central University,"MEDICAL COLLEGE, KOLKATA(700392)",M.D. (PAEDIATRICS),All India,5,0,1,0,3,0,1,0,0,0,10,All India Quota Seat Matrix - Round 1.pdf
2025,AIQ,1,124,All India except Central University,"MEDICAL COLLEGE, KOLKATA(700392)",M.D. (PATHOLOGY),All India,0,1,1,0,1,0,1,0,1,0,5,All India Quota Seat Matrix - Round 1.pdf
2025,AIQ,1,124,All India except Central University,"MEDICAL COLLEGE, KOLKATA(700392)",M.D. (PHARMACOLOGY),All India,1,0,0,0,1,0,1,0,0,0,3,All India Quota Seat Matrix - Round 1.pdf
2025,AIQ,1,124,All India except Central University,"MEDICAL COLLEGE, KOLKATA(700392)",M.D. (PHYSIOLOGY),All India,1,0,0,0,1,0,0,0,0,0,2,All India Quota Seat Matrix - Round 1.pdf
2025,AIQ,1,124,All India except Central University,"MEDICAL COLLEGE, KOLKATA(700392)",M.D. (PREVENTIVE and SOCIAL MEDICINE)/ COMMUNITY MEDICINE,All India,0,0,1,0,0,0,0,0,0,0,1,All India Quota Seat Matrix - Round 1.pdf
2025,AIQ,1,124,All India except Central University,"MEDICAL COLLEGE, KOLKATA(700392)",M.D. (PSYCHIATRY),All India,1,0,0,0,0,0,0,0,0,0,1,All India Quota Seat Matrix - Round 1.pdf
2025,AIQ,1,124,All India except Central University,"MEDICAL COLLEGE, KOLKATA(700392)",M.D. (RADIO-DIAGNOSIS),All India,1,0,0,0,1,0,0,0,0,0,2,All India Quota Seat Matrix - Round 1.pdf
2025,AIQ,1,124,All India except Central University,"MEDICAL COLLEGE, KOLKATA(700392)",M.D. (Radiotherapy/ Radiation Oncology),All India,1,0,0,0,1,0,1,0,1,0,4,All India Quota Seat Matrix - Round 1.pdf
2025,AIQ,1,124,All India except Central University,"MEDICAL COLLEGE, KOLKATA(700392)",M.D. (Tuberculosis and Respiratory diseases)/Pulmonary Medicine /M.D. (Respiratory Medicine),All India,0,0,1,0,0,0,1,0,0,0,2,All India Quota Seat Matrix - Round 1.pdf
2025,AIQ,1,124,All India except Central University,"MEDICAL COLLEGE, KOLKATA(700392)",M.D. GERIATRICS,All India,0,0,0,0,0,0,1,0,0,0,1,All India Quota Seat Matrix - Round 1.pdf
2025,AIQ,1,124,All India except Central University,"MEDICAL COLLEGE, KOLKATA(700392)",M.D. IN TRANSFUSION MEDICINE/ IMMUNO- HAEMATOLOGY and BLOOD TRANSFUSION,All India,0,0,0,0,1,0,0,0,0,0,1,All India Quota Seat Matrix - Round 1.pdf
2025,AIQ,1,124,All India except Central University,"MEDICAL COLLEGE, KOLKATA(700392)",M.S. (E.N.T.),All India,2,0,0,0,1,0,0,0,0,0,3,All India Quota Seat Matrix - Round 1.pdf
2025,AIQ,1,124,All India except Central University,"MEDICAL COLLEGE, KOLKATA(700392)",M.S. (GENERAL SURGERY),All India,2,0,1,0,1,0,1,0,1,0,6,All India Quota Seat Matrix - Round 1.pdf
2025,AIQ,1,125,All India except Central University,"MEDICAL COLLEGE, KOLKATA(700392)",M.S. (OPHTHALMOLOGY),All India,6,0,1,0,2,1,1,0,0,0,11,All India Quota Seat Matrix - Round 1.pdf
2025,AIQ,1,125,All India except Central University,"MEDICAL COLLEGE, KOLKATA(700392)",M.S. (ORTHOPAEDICS),All India,0,0,0,0,0,0,1,0,1,0,2,All India Quota Seat Matrix - Round 1.pdf
2025,AIQ,1,125,All India except Central University,"MEDICAL COLLEGE, KOLKATA(700392)",MD/MS (Anatomy),All India,1,0,0,0,1,0,1,0,0,0,3,All India Quota Seat Matrix - Round 1.pdf
2025,AIQ,1,125,All India except Central University,Midnapore Medical College and Hospital(700412),M.D. (ANAESTHESIOLOGY),All India,3,0,0,0,1,0,0,0,0,0,4,All India Quota Seat Matrix - Round 1.pdf
2025,AIQ,1,125,All India except Central University,Midnapore Medical College and Hospital(700412),M.D. (FORENSIC MEDICINE),All India,0,0,0,0,0,0,1,0,0,0,1,All India Quota Seat Matrix - Round 1.pdf
2025,AIQ,1,125,All India except Central University,Midnapore Medical College and Hospital(700412),M.D. (GENERAL MEDICINE),All India,2,0,1,0,2,0,0,0,1,0,6,All India Quota Seat Matrix - Round 1.pdf
2025,AIQ,1,125,All India except Central University,Midnapore Medical College and Hospital(700412),M.D. (Obst. and Gynae)/MS (Obstetrics and Gynaecology),All India,2,0,1,0,2,0,0,0,1,0,6,All India Quota Seat Matrix - Round 1.pdf
2025,AIQ,1,125,All India except Central University,Midnapore Medical College and Hospital(700412),M.D. (PAEDIATRICS),All India,2,0,1,0,1,0,0,0,0,0,4,All India Quota Seat Matrix - Round 1.pdf
2025,AIQ,1,125,All India except Central University,Midnapore Medical College and Hospital(700412),M.D. (PHARMACOLOGY),All India,0,1,0,0,0,0,0,0,0,0,1,All India Quota Seat Matrix - Round 1.pdf
2025,AIQ,1,125,All India except Central University,Midnapore Medical College and Hospital(700412),M.S. (E.N.T.),All India,2,0,0,0,0,0,0,0,0,0,2,All India Quota Seat Matrix - Round 1.pdf
2025,AIQ,1,125,All India except Central University,Midnapore Medical College and Hospital(700412),M.S. (GENERAL SURGERY),All India,3,0,0,0,2,0,2,0,0,0,7,All India Quota Seat Matrix - Round 1.pdf
2025,AIQ,1,125,All India except Central University,Midnapore Medical College and Hospital(700412),M.S. (OPHTHALMOLOGY),All India,0,0,0,0,0,0,1,0,0,0,1,All India Quota Seat Matrix - Round 1.pdf
2025,AIQ,1,125,All India except Central University,Moti Lal Nehru Medical College(700373),M.D. (ANAESTHESIOLOGY),All India,1,0,1,0,2,0,1,0,1,0,6,All India Quota Seat Matrix - Round 1.pdf
2025,AIQ,1,125,All India except Central University,Moti Lal Nehru Medical College(700373),"M.D. (DERM.,VENE. and LEPROSY)/ (DERMATOLOGY)/(SKIN and VENEREAL DISEASES)/(VENEREOLOGY)",All India,0,1,0,0,0,0,0,0,0,0,1,All India Quota Seat Matrix - Round 1.pdf
2025,AIQ,1,125,All India except Central University,Moti Lal Nehru Medical College(700373),M.D. (FORENSIC MEDICINE),All India,1,0,0,1,0,0,0,0,0,0,2,All India Quota Seat Matrix - Round 1.pdf
2025,AIQ,1,125,All India except Central University,Moti Lal Nehru Medical College(700373),M.D. (GENERAL MEDICINE),All India,6,0,0,0,4,0,1,1,1,0,13,All India Quota Seat Matrix - Round 1.pdf
2025,AIQ,1,125,All India except Central University,Moti Lal Nehru Medical College(700373),M.D. (MICROBIOLOGY),All India,0,0,0,0,1,0,0,0,0,0,1,All India Quota Seat Matrix - Round 1.pdf
2025,AIQ,1,125,All India except Central University,Moti Lal Nehru Medical College(700373),M.D. (Obst. and Gynae)/MS (Obstetrics and Gynaecology),All India,3,0,0,0,1,0,1,0,1,0,6,All India Quota Seat Matrix - Round 1.pdf
2025,AIQ,1,125,All India except Central University,Moti Lal Nehru Medical College(700373),M.D. (PAEDIATRICS),All India,2,0,1,0,0,1,1,0,0,0,5,All India Quota Seat Matrix - Round 1.pdf
2025,AIQ,1,125,All India except Central University,Moti Lal Nehru Medical College(700373),M.D. (PATHOLOGY),All India,2,0,1,0,1,0,0,0,0,0,4,All India Quota Seat Matrix - Round 1.pdf
2025,AIQ,1,126,All India except Central University,Moti Lal Nehru Medical College(700373),M.D. (PHARMACOLOGY),All India,0,0,0,0,1,0,0,0,0,0,1,All India Quota Seat Matrix - Round 1.pdf
2025,AIQ,1,126,All India except Central University,Moti Lal Nehru Medical College(700373),M.D. (PHYSIOLOGY),All India,1,0,0,0,0,0,1,0,0,0,2,All India Quota Seat Matrix - Round 1.pdf
2025,AIQ,1,126,All India except Central University,Moti Lal Nehru Medical College(700373),M.D. (PREVENTIVE and SOCIAL MEDICINE)/ COMMUNITY MEDICINE,All India,1,0,0,0,1,0,0,0,1,0,3,All India Quota Seat Matrix - Round 1.pdf
2025,AIQ,1,126,All India except Central University,Moti Lal Nehru Medical College(700373),M.D. (PSYCHIATRY),All India,1,0,0,0,0,0,0,0,0,0,1,All India Quota Seat Matrix - Round 1.pdf
2025,AIQ,1,126,All India except Central University,Moti Lal Nehru Medical College(700373),M.D. (RADIO-DIAGNOSIS),All India,1,0,0,0,1,0,0,0,0,0,2,All India Quota Seat Matrix - Round 1.pdf
2025,AIQ,1,126,All India except Central University,Moti Lal Nehru Medical College(700373),M.D. (Radiotherapy/ Radiation Oncology),All India,0,0,0,0,0,0,1,0,0,0,1,All India Quota Seat Matrix - Round 1.pdf
2025,AIQ,1,126,All India except Central University,Moti Lal Nehru Medical College(700373),M.D. (Tuberculosis and Respiratory diseases)/Pulmonary Medicine /M.D. (Respiratory Medicine),All India,0,0,1,0,1,0,0,0,0,0,2,All India Quota Seat Matrix - Round 1.pdf
2025,AIQ,1,126,All India except Central University,Moti Lal Nehru Medical College(700373),M.D. IN TRANSFUSION MEDICINE/ IMMUNO- HAEMATOLOGY and BLOOD TRANSFUSION,All India,2,0,0,0,0,0,0,0,0,0,2,All India Quota Seat Matrix - Round 1.pdf
2025,AIQ,1,126,All India except Central University,Moti Lal Nehru Medical College(700373),M.S. (E.N.T.),All India,1,0,0,0,1,0,1,0,0,0,3,All India Quota Seat Matrix - Round 1.pdf
2025,AIQ,1,126,All India except Central University,Moti Lal Nehru Medical College(700373),M.S. (GENERAL SURGERY),All India,5,0,2,0,3,0,2,0,1,0,13,All India Quota Seat Matrix - Round 1.pdf
2025,AIQ,1,126,All India except Central University,Moti Lal Nehru Medical College(700373),M.S. (OPHTHALMOLOGY),All India,3,1,1,0,2,0,1,0,0,0,8,All India Quota Seat Matrix - Round 1.pdf
2025,AIQ,1,126,All India except Central University,Moti Lal Nehru Medical College(700373),M.S. (ORTHOPAEDICS),All India,1,0,0,0,2,0,1,0,1,0,5,All India Quota Seat Matrix - Round 1.pdf
2025,AIQ,1,126,All India except Central University,Moti Lal Nehru Medical College(700373),MD/MS (Anatomy),All India,2,0,0,0,1,0,0,0,0,0,3,All India Quota Seat Matrix - Round 1.pdf
2025,AIQ,1,126,All India except Central University,Murshidabad Medical College and Hospital(700537),M.D. (ANAESTHESIOLOGY),All India,1,0,0,0,0,1,0,0,0,0,2,All India Quota Seat Matrix - Round 1.pdf
2025,AIQ,1,126,All India except Central University,Murshidabad Medical College and Hospital(700537),M.D. (BIOCHEMISTRY),All India,0,0,0,0,0,0,0,1,0,1,2,All India Quota Seat Matrix - Round 1.pdf
2025,AIQ,1,126,All India except Central University,Murshidabad Medical College and Hospital(700537),M.D. (Obst. and Gynae)/MS (Obstetrics and Gynaecology),All India,1,0,0,0,0,0,1,0,0,0,2,All India Quota Seat Matrix - Round 1.pdf
2025,AIQ,1,126,All India except Central University,Murshidabad Medical College and Hospital(700537),M.D. (PATHOLOGY),All India,2,0,0,0,0,0,0,0,0,0,2,All India Quota Seat Matrix - Round 1.pdf
2025,AIQ,1,126,All India except Central University,Murshidabad Medical College and Hospital(700537),M.D. (PHYSIOLOGY),All India,1,0,0,0,1,0,0,0,0,0,2,All India Quota Seat Matrix - Round 1.pdf
2025,AIQ,1,126,All India except Central University,Murshidabad Medical College and Hospital(700537),M.D. (PREVENTIVE and SOCIAL MEDICINE)/ COMMUNITY MEDICINE,All India,0,0,0,0,0,0,1,0,1,0,2,All India Quota Seat Matrix - Round 1.pdf
2025,AIQ,1,126,All India except Central University,Murshidabad Medical College and Hospital(700537),M.D. (RADIO-DIAGNOSIS),All India,0,0,1,0,1,0,0,0,0,0,2,All India Quota Seat Matrix - Round 1.pdf
2025,AIQ,1,127,All India except Central University,Murshidabad Medical College and Hospital(700537),M.S. (GENERAL SURGERY),All India,1,0,0,0,1,0,0,0,0,0,2,All India Quota Seat Matrix - Round 1.pdf
2025,AIQ,1,127,All India except Central University,Murshidabad Medical College and Hospital(700537),M.S. (OPHTHALMOLOGY),All India,0,0,0,0,1,0,0,0,0,0,1,All India Quota Seat Matrix - Round 1.pdf
2025,AIQ,1,127,All India except Central University,Murshidabad Medical College and Hospital(700537),M.S. (ORTHOPAEDICS),All India,0,0,1,0,0,0,0,0,0,0,1,All India Quota Seat Matrix - Round 1.pdf
2025,AIQ,1,127,All India except Central University,MYSORE MEDICAL COLLEGE AND RESEARCH INSTITUTE(700399),M.D. (ANAESTHESIOLOGY),All India,4,0,0,0,2,0,1,0,1,0,8,All India Quota Seat Matrix - Round 1.pdf
2025,AIQ,1,127,All India except Central University,MYSORE MEDICAL COLLEGE AND RESEARCH INSTITUTE(700399),"M.D. (DERM.,VENE. and LEPROSY)/ (DERMATOLOGY)/(SKIN and VENEREAL DISEASES)/(VENEREOLOGY)",All India,0,0,0,0,1,0,1,0,0,0,2,All India Quota Seat Matrix - Round 1.pdf
2025,AIQ,1,127,All India except Central University,MYSORE MEDICAL COLLEGE AND RESEARCH INSTITUTE(700399),M.D. (GENERAL MEDICINE),All India,4,0,1,0,3,0,2,0,1,0,11,All India Quota Seat Matrix - Round 1.pdf
2025,AIQ,1,127,All India except Central University,MYSORE MEDICAL COLLEGE AND RESEARCH INSTITUTE(700399),M.D. (MICROBIOLOGY),All India,0,0,0,0,1,0,1,0,0,0,2,All India Quota Seat Matrix - Round 1.pdf
2025,AIQ,1,127,All India except Central University,MYSORE MEDICAL COLLEGE AND RESEARCH INSTITUTE(700399),M.D. (Obst. and Gynae)/MS (Obstetrics and Gynaecology),All India,3,0,1,0,2,0,0,0,0,0,6,All India Quota Seat Matrix - Round 1.pdf
2025,AIQ,1,127,All India except Central University,MYSORE MEDICAL COLLEGE AND RESEARCH INSTITUTE(700399),M.D. (PAEDIATRICS),All India,3,0,0,0,1,0,0,1,1,0,6,All India Quota Seat Matrix - Round 1.pdf
2025,AIQ,1,127,All India except Central University,MYSORE MEDICAL COLLEGE AND RESEARCH INSTITUTE(700399),M.D. (PATHOLOGY),All India,1,0,1,0,1,0,0,0,0,0,3,All India Quota Seat Matrix - Round 1.pdf
2025,AIQ,1,127,All India except Central University,MYSORE MEDICAL COLLEGE AND RESEARCH INSTITUTE(700399),M.D. (PHARMACOLOGY),All India,1,0,0,0,0,0,1,0,0,0,2,All India Quota Seat Matrix - Round 1.pdf
2025,AIQ,1,127,All India except Central University,MYSORE MEDICAL COLLEGE AND RESEARCH INSTITUTE(700399),M.D. (PHYSIOLOGY),All India,0,0,0,0,1,0,0,0,0,0,1,All India Quota Seat Matrix - Round 1.pdf
2025,AIQ,1,127,All India except Central University,MYSORE MEDICAL COLLEGE AND RESEARCH INSTITUTE(700399),M.D. (PREVENTIVE and SOCIAL MEDICINE)/ COMMUNITY MEDICINE,All India,2,0,0,0,0,0,0,0,0,0,2,All India Quota Seat Matrix - Round 1.pdf
2025,AIQ,1,127,All India except Central University,MYSORE MEDICAL COLLEGE AND RESEARCH INSTITUTE(700399),M.D. (PSYCHIATRY),All India,0,0,0,0,1,0,0,0,0,0,1,All India Quota Seat Matrix - Round 1.pdf
2025,AIQ,1,127,All India except Central University,MYSORE MEDICAL COLLEGE AND RESEARCH INSTITUTE(700399),M.D. (RADIO-DIAGNOSIS),All India,1,0,1,0,1,0,1,0,1,0,5,All India Quota Seat Matrix - Round 1.pdf
2025,AIQ,1,127,All India except Central University,MYSORE MEDICAL COLLEGE AND RESEARCH INSTITUTE(700399),M.D. (Tuberculosis and Respiratory diseases)/Pulmonary Medicine /M.D. (Respiratory Medicine),All India,2,0,0,0,0,0,0,0,0,0,2,All India Quota Seat Matrix - Round 1.pdf
2025,AIQ,1,127,All India except Central University,MYSORE MEDICAL COLLEGE AND RESEARCH INSTITUTE(700399),M.S. (E.N.T.),All India,2,0,1,0,1,0,0,0,0,0,4,All India Quota Seat Matrix - Round 1.pdf
2025,AIQ,1,127,All India except Central University,MYSORE MEDICAL COLLEGE AND RESEARCH INSTITUTE(700399),M.S. (GENERAL SURGERY),All India,5,0,1,0,1,1,1,0,1,0,10,All India Quota Seat Matrix - Round 1.pdf
2025,AIQ,1,127,All India except Central University,MYSORE MEDICAL COLLEGE AND RESEARCH INSTITUTE(700399),M.S. (OPHTHALMOLOGY),All India,1,1,0,0,1,0,1,0,1,0,5,All India Quota Seat Matrix - Round 1.pdf
2025,AIQ,1,127,All India except Central University,MYSORE MEDICAL COLLEGE AND RESEARCH INSTITUTE(700399),M.S. (ORTHOPAEDICS),All India,1,0,1,0,2,0,1,0,0,0,5,All India Quota Seat Matrix - Round 1.pdf
2025,AIQ,1,128,All India except Central University,MYSORE MEDICAL COLLEGE AND RESEARCH INSTITUTE(700399),MD/MS (Anatomy),All India,0,0,1,0,0,0,0,0,0,0,1,All India Quota Seat Matrix - Round 1.pdf
2025,AIQ,1,128,All India except Central University,"NALANDA MEDICAL COLLEGE,PATNA(700109)",M.D. (ANAESTHESIOLOGY),All India,1,1,0,0,1,0,0,0,0,0,3,All India Quota Seat Matrix - Round 1.pdf
2025,AIQ,1,128,All India except Central University,"NALANDA MEDICAL COLLEGE,PATNA(700109)",M.D. (BIOCHEMISTRY),All India,0,0,0,0,1,0,1,0,0,0,2,All India Quota Seat Matrix - Round 1.pdf
2025,AIQ,1,128,All India except Central University,"NALANDA MEDICAL COLLEGE,PATNA(700109)","M.D. (DERM.,VENE. and LEPROSY)/ (DERMATOLOGY)/(SKIN and VENEREAL DISEASES)/(VENEREOLOGY)",All India,0,0,1,0,0,0,0,0,1,0,2,All India Quota Seat Matrix - Round 1.pdf
2025,AIQ,1,128,All India except Central University,"NALANDA MEDICAL COLLEGE,PATNA(700109)",M.D. (FORENSIC MEDICINE),All India,1,0,0,0,0,0,1,0,0,0,2,All India Quota Seat Matrix - Round 1.pdf
2025,AIQ,1,128,All India except Central University,"NALANDA MEDICAL COLLEGE,PATNA(700109)",M.D. (GENERAL MEDICINE),All India,3,0,0,0,1,1,0,0,0,0,5,All India Quota Seat Matrix - Round 1.pdf
2025,AIQ,1,128,All India except Central University,"NALANDA MEDICAL COLLEGE,PATNA(700109)",M.D. (MICROBIOLOGY),All India,2,0,0,0,0,0,0,0,0,0,2,All India Quota Seat Matrix - Round 1.pdf
2025,AIQ,1,128,All India except Central University,"NALANDA MEDICAL COLLEGE,PATNA(700109)",M.D. (Obst. and Gynae)/MS (Obstetrics and Gynaecology),All India,2,0,1,0,2,0,0,0,0,0,5,All India Quota Seat Matrix - Round 1.pdf
2025,AIQ,1,128,All India except Central University,"NALANDA MEDICAL COLLEGE,PATNA(700109)",M.D. (PAEDIATRICS),All India,1,0,0,0,1,0,1,0,0,0,3,All India Quota Seat Matrix - Round 1.pdf
2025,AIQ,1,128,All India except Central University,"NALANDA MEDICAL COLLEGE,PATNA(700109)",M.D. (PATHOLOGY),All India,1,0,1,0,0,0,0,0,0,0,2,All India Quota Seat Matrix - Round 1.pdf
2025,AIQ,1,128,All India except Central University,"NALANDA MEDICAL COLLEGE,PATNA(700109)",M.D. (PHARMACOLOGY),All India,1,0,0,0,1,0,0,0,0,0,2,All India Quota Seat Matrix - Round 1.pdf
2025,AIQ,1,128,All India except Central University,"NALANDA MEDICAL COLLEGE,PATNA(700109)",M.D. (PHYSIOLOGY),All India,1,0,0,0,0,0,1,0,1,0,3,All India Quota Seat Matrix - Round 1.pdf
2025,AIQ,1,128,All India except Central University,"NALANDA MEDICAL COLLEGE,PATNA(700109)",M.D. (PREVENTIVE and SOCIAL MEDICINE)/ COMMUNITY MEDICINE,All India,0,0,0,0,1,0,0,0,0,0,1,All India Quota Seat Matrix - Round 1.pdf
2025,AIQ,1,128,All India except Central University,"NALANDA MEDICAL COLLEGE,PATNA(700109)",M.D. (RADIO-DIAGNOSIS),All India,1,0,1,0,0,0,0,0,0,0,2,All India Quota Seat Matrix - Round 1.pdf
2025,AIQ,1,128,All India except Central University,"NALANDA MEDICAL COLLEGE,PATNA(700109)",M.D. (Tuberculosis and Respiratory diseases)/Pulmonary Medicine /M.D. (Respiratory Medicine),All India,0,0,0,0,1,0,0,0,0,0,1,All India Quota Seat Matrix - Round 1.pdf
2025,AIQ,1,128,All India except Central University,"NALANDA MEDICAL COLLEGE,PATNA(700109)",M.S. (E.N.T.),All India,1,0,0,0,1,0,0,0,0,0,2,All India Quota Seat Matrix - Round 1.pdf
2025,AIQ,1,128,All India except Central University,"NALANDA MEDICAL COLLEGE,PATNA(700109)",M.S. (GENERAL SURGERY),All India,2,0,1,0,2,0,2,0,1,0,8,All India Quota Seat Matrix - Round 1.pdf
2025,AIQ,1,128,All India except Central University,"NALANDA MEDICAL COLLEGE,PATNA(700109)",M.S. (OPHTHALMOLOGY),All India,0,0,0,0,0,0,1,0,0,0,1,All India Quota Seat Matrix - Round 1.pdf
2025,AIQ,1,128,All India except Central University,"NALANDA MEDICAL COLLEGE,PATNA(700109)",M.S. (ORTHOPAEDICS),All India,1,0,0,0,1,0,0,0,1,0,3,All India Quota Seat Matrix - Round 1.pdf
2025,AIQ,1,128,All India except Central University,"NALANDA MEDICAL COLLEGE,PATNA(700109)",MD/MS (Anatomy),All India,3,0,0,0,0,0,0,0,0,0,3,All India Quota Seat Matrix - Round 1.pdf
2025,AIQ,1,129,All India except Central University,"NAMO Medical Education and Research Institute, Dadra & Nagar Haveli & Daman & Diu(903366)",M.D. (ANAESTHESIOLOGY),All India,0,0,0,0,1,0,0,0,1,0,2,All India Quota Seat Matrix - Round 1.pdf
2025,AIQ,1,129,All India except Central University,"NAMO Medical Education and Research Institute, Dadra & Nagar Haveli & Daman & Diu(903366)",M.D. (MICROBIOLOGY),All India,1,0,0,0,1,0,0,0,0,0,2,All India Quota Seat Matrix - Round 1.pdf
2025,AIQ,1,129,All India except Central University,"NAMO Medical Education and Research Institute, Dadra & Nagar Haveli & Daman & Diu(903366)",M.D. (Obst. and Gynae)/MS (Obstetrics and Gynaecology),All India,0,0,0,0,1,0,1,0,0,0,2,All India Quota Seat Matrix - Round 1.pdf
2025,AIQ,1,129,All India except Central University,"NAMO Medical Education and Research Institute, Dadra & Nagar Haveli & Daman & Diu(903366)",M.D. (PATHOLOGY),All India,2,0,0,0,0,0,0,0,0,0,2,All India Quota Seat Matrix - Round 1.pdf
2025,AIQ,1,129,All India except Central University,"NAMO Medical Education and Research Institute, Dadra & Nagar Haveli & Daman & Diu(903366)",M.D. (PREVENTIVE and SOCIAL MEDICINE)/ COMMUNITY MEDICINE,All India,0,0,0,0,1,0,1,0,0,0,2,All India Quota Seat Matrix - Round 1.pdf
2025,AIQ,1,129,All India except Central University,"NAMO Medical Education and Research Institute, Dadra & Nagar Haveli & Daman & Diu(903366)",M.S. (GENERAL SURGERY),All India,1,0,1,0,0,0,0,0,0,0,2,All India Quota Seat Matrix - Round 1.pdf
2025,AIQ,1,129,All India except Central University,"NAMO Medical Education and Research Institute, Dadra & Nagar Haveli & Daman & Diu(903366)",M.S. (OPHTHALMOLOGY),All India,1,0,0,0,0,0,0,0,0,0,1,All India Quota Seat Matrix - Round 1.pdf
2025,AIQ,1,129,All India except Central University,"NETAJI SUBHAS NATIONAL INSTITUTE OF SPORTS, PATIALA(700344)",DIP. IN SPORTS MEDICINE,All India,2,0,0,0,1,0,0,0,0,0,3,All India Quota Seat Matrix - Round 1.pdf
2025,AIQ,1,129,All India except Central University,"NETAJI SUBHASH CHANDRA BOSE MEDICAL COLLEGE, JABALPUR (700299)",M.D. (ANAESTHESIOLOGY),All India,2,1,1,1,2,0,1,0,0,0,8,All India Quota Seat Matrix - Round 1.pdf
2025,AIQ,1,129,All India except Central University,"NETAJI SUBHASH CHANDRA BOSE MEDICAL COLLEGE, JABALPUR (700299)",M.D. (BIOCHEMISTRY),All India,0,0,0,0,1,0,0,0,0,0,1,All India Quota Seat Matrix - Round 1.pdf
2025,AIQ,1,129,All India except Central University,"NETAJI SUBHASH CHANDRA BOSE MEDICAL COLLEGE, JABALPUR (700299)",M.D. (FORENSIC MEDICINE),All India,2,0,0,0,0,0,0,0,0,0,2,All India Quota Seat Matrix - Round 1.pdf
2025,AIQ,1,129,All India except Central University,"NETAJI SUBHASH CHANDRA BOSE MEDICAL COLLEGE, JABALPUR (700299)",M.D. (GENERAL MEDICINE),All India,6,0,1,0,3,0,1,0,0,0,11,All India Quota Seat Matrix - Round 1.pdf
2025,AIQ,1,129,All India except Central University,"NETAJI SUBHASH CHANDRA BOSE MEDICAL COLLEGE, JABALPUR (700299)",M.D. (MICROBIOLOGY),All India,0,0,0,0,1,0,1,0,1,0,3,All India Quota Seat Matrix - Round 1.pdf
2025,AIQ,1,129,All India except Central University,"NETAJI SUBHASH CHANDRA BOSE MEDICAL COLLEGE, JABALPUR (700299)",M.D. (Obst. and Gynae)/MS (Obstetrics and Gynaecology),All India,4,1,1,0,2,1,1,0,0,0,10,All India Quota Seat Matrix - Round 1.pdf
2025,AIQ,1,129,All India except Central University,"NETAJI SUBHASH CHANDRA BOSE MEDICAL COLLEGE, JABALPUR (700299)",M.D. (PAEDIATRICS),All India,2,0,1,0,1,0,0,0,0,0,4,All India Quota Seat Matrix - Round 1.pdf
2025,AIQ,1,129,All India except Central University,"NETAJI SUBHASH CHANDRA BOSE MEDICAL COLLEGE, JABALPUR (700299)",M.D. (PATHOLOGY),All India,2,0,0,0,1,0,1,0,1,0,5,All India Quota Seat Matrix - Round 1.pdf
2025,AIQ,1,129,All India except Central University,"NETAJI SUBHASH CHANDRA BOSE MEDICAL COLLEGE, JABALPUR (700299)",M.D. (PHARMACOLOGY),All India,1,0,1,0,1,0,1,0,0,0,4,All India Quota Seat Matrix - Round 1.pdf
2025,AIQ,1,129,All India except Central University,"NETAJI SUBHASH CHANDRA BOSE MEDICAL COLLEGE, JABALPUR (700299)",M.D. (PHYSIOLOGY),All India,2,0,0,0,1,0,0,0,0,0,3,All India Quota Seat Matrix - Round 1.pdf
2025,AIQ,1,129,All India except Central University,"NETAJI SUBHASH CHANDRA BOSE MEDICAL COLLEGE, JABALPUR (700299)",M.D. (PREVENTIVE and SOCIAL MEDICINE)/ COMMUNITY MEDICINE,All India,1,0,1,0,1,0,0,1,0,1,5,All India Quota Seat Matrix - Round 1.pdf
2025,AIQ,1,129,All India except Central University,"NETAJI SUBHASH CHANDRA BOSE MEDICAL COLLEGE, JABALPUR (700299)",M.D. (PSYCHIATRY),All India,0,0,0,0,1,0,0,0,0,0,1,All India Quota Seat Matrix - Round 1.pdf
2025,AIQ,1,129,All India except Central University,"NETAJI SUBHASH CHANDRA BOSE MEDICAL COLLEGE, JABALPUR (700299)",M.D. (RADIO-DIAGNOSIS),All India,3,0,0,0,1,0,1,0,0,0,5,All India Quota Seat Matrix - Round 1.pdf
2025,AIQ,1,130,All India except Central University,"NETAJI SUBHASH CHANDRA BOSE MEDICAL COLLEGE, JABALPUR (700299)",M.D. (Radiotherapy/ Radiation Oncology),All India,2,0,0,0,1,0,0,0,0,0,3,All India Quota Seat Matrix - Round 1.pdf
2025,AIQ,1,130,All India except Central University,"NETAJI SUBHASH CHANDRA BOSE MEDICAL COLLEGE, JABALPUR (700299)",M.D. (Tuberculosis and Respiratory diseases)/Pulmonary Medicine /M.D. (Respiratory Medicine),All India,0,0,0,0,1,0,1,0,1,0,3,All India Quota Seat Matrix - Round 1.pdf
2025,AIQ,1,130,All India except Central University,"NETAJI SUBHASH CHANDRA BOSE MEDICAL COLLEGE, JABALPUR (700299)",M.S. (E.N.T.),All India,0,0,0,0,1,0,1,0,1,0,3,All India Quota Seat Matrix - Round 1.pdf
2025,AIQ,1,130,All India except Central University,"NETAJI SUBHASH CHANDRA BOSE MEDICAL COLLEGE, JABALPUR (700299)",M.S. (GENERAL SURGERY),All India,5,0,1,0,3,0,2,0,1,0,12,All India Quota Seat Matrix - Round 1.pdf
2025,AIQ,1,130,All India except Central University,"NETAJI SUBHASH CHANDRA BOSE MEDICAL COLLEGE, JABALPUR (700299)",M.S. (OPHTHALMOLOGY),All India,1,0,1,0,1,0,1,0,1,0,5,All India Quota Seat Matrix - Round 1.pdf
2025,AIQ,1,130,All India except Central University,"NETAJI SUBHASH CHANDRA BOSE MEDICAL COLLEGE, JABALPUR (700299)",M.S. (ORTHOPAEDICS),All India,3,0,0,0,2,0,1,0,0,0,6,All India Quota Seat Matrix - Round 1.pdf
2025,AIQ,1,130,All India except Central University,"NETAJI SUBHASH CHANDRA BOSE MEDICAL COLLEGE, JABALPUR (700299)",MD/MS (Anatomy),All India,0,0,0,0,1,0,1,0,1,0,3,All India Quota Seat Matrix - Round 1.pdf
2025,AIQ,1,130,All India except Central University,NIL RATAN SIRCAR MEDICAL COLLEGE(700400),M.D. (ANAESTHESIOLOGY),All India,5,0,0,0,2,0,2,0,1,0,10,All India Quota Seat Matrix - Round 1.pdf
2025,AIQ,1,130,All India except Central University,NIL RATAN SIRCAR MEDICAL COLLEGE(700400),M.D. (BIOCHEMISTRY),All India,0,0,1,0,1,0,0,0,0,0,2,All India Quota Seat Matrix - Round 1.pdf
2025,AIQ,1,130,All India except Central University,NIL RATAN SIRCAR MEDICAL COLLEGE(700400),"M.D. (DERM.,VENE. and LEPROSY)/ (DERMATOLOGY)/(SKIN and VENEREAL DISEASES)/(VENEREOLOGY)",All India,1,0,0,0,0,0,0,0,0,0,1,All India Quota Seat Matrix - Round 1.pdf
2025,AIQ,1,130,All India except Central University,NIL RATAN SIRCAR MEDICAL COLLEGE(700400),M.D. (FORENSIC MEDICINE),All India,1,0,0,0,0,0,1,0,0,0,2,All India Quota Seat Matrix - Round 1.pdf
2025,AIQ,1,130,All India except Central University,NIL RATAN SIRCAR MEDICAL COLLEGE(700400),M.D. (GENERAL MEDICINE),All India,2,0,1,0,1,0,1,0,0,0,5,All India Quota Seat Matrix - Round 1.pdf
2025,AIQ,1,130,All India except Central University,NIL RATAN SIRCAR MEDICAL COLLEGE(700400),M.D. (MICROBIOLOGY),All India,0,0,0,0,0,0,1,0,0,0,1,All India Quota Seat Matrix - Round 1.pdf
2025,AIQ,1,130,All India except Central University,NIL RATAN SIRCAR MEDICAL COLLEGE(700400),M.D. (Obst. and Gynae)/MS (Obstetrics and Gynaecology),All India,2,1,1,0,2,0,0,0,0,0,6,All India Quota Seat Matrix - Round 1.pdf
2025,AIQ,1,130,All India except Central University,NIL RATAN SIRCAR MEDICAL COLLEGE(700400),M.D. (PAEDIATRICS),All India,2,0,0,1,2,0,1,0,0,0,6,All India Quota Seat Matrix - Round 1.pdf
2025,AIQ,1,130,All India except Central University,NIL RATAN SIRCAR MEDICAL COLLEGE(700400),M.D. (PATHOLOGY),All India,0,0,0,0,0,0,1,0,1,0,2,All India Quota Seat Matrix - Round 1.pdf
2025,AIQ,1,130,All India except Central University,NIL RATAN SIRCAR MEDICAL COLLEGE(700400),M.D. (PHARMACOLOGY),All India,0,0,0,0,1,0,0,0,0,0,1,All India Quota Seat Matrix - Round 1.pdf
2025,AIQ,1,130,All India except Central University,NIL RATAN SIRCAR MEDICAL COLLEGE(700400),M.D. (PHYSICAL MED. and REHABILITATION),All India,2,0,0,0,0,0,0,0,0,0,2,All India Quota Seat Matrix - Round 1.pdf
2025,AIQ,1,130,All India except Central University,NIL RATAN SIRCAR MEDICAL COLLEGE(700400),M.D. (PREVENTIVE and SOCIAL MEDICINE)/ COMMUNITY MEDICINE,All India,1,0,0,0,1,0,0,0,0,0,2,All India Quota Seat Matrix - Round 1.pdf
2025,AIQ,1,130,All India except Central University,NIL RATAN SIRCAR MEDICAL COLLEGE(700400),M.D. (PSYCHIATRY),All India,1,0,0,0,0,0,0,0,0,0,1,All India Quota Seat Matrix - Round 1.pdf
2025,AIQ,1,131,All India except Central University,NIL RATAN SIRCAR MEDICAL COLLEGE(700400),M.D. (RADIO-DIAGNOSIS),All India,2,0,1,0,0,1,1,0,0,0,5,All India Quota Seat Matrix - Round 1.pdf
2025,AIQ,1,131,All India except Central University,NIL RATAN SIRCAR MEDICAL COLLEGE(700400),M.D. (Radiotherapy/ Radiation Oncology),All India,2,0,0,0,1,0,0,0,0,0,3,All India Quota Seat Matrix - Round 1.pdf
2025,AIQ,1,131,All India except Central University,NIL RATAN SIRCAR MEDICAL COLLEGE(700400),M.D. (Tuberculosis and Respiratory diseases)/Pulmonary Medicine /M.D. (Respiratory Medicine),All India,0,0,0,0,1,0,1,0,1,0,3,All India Quota Seat Matrix - Round 1.pdf
2025,AIQ,1,131,All India except Central University,NIL RATAN SIRCAR MEDICAL COLLEGE(700400),M.S. (E.N.T.),All India,1,0,0,0,1,0,0,0,0,0,2,All India Quota Seat Matrix - Round 1.pdf
2025,AIQ,1,131,All India except Central University,NIL RATAN SIRCAR MEDICAL COLLEGE(700400),M.S. (GENERAL SURGERY),All India,2,0,0,0,2,0,0,0,1,0,5,All India Quota Seat Matrix - Round 1.pdf
2025,AIQ,1,131,All India except Central University,NIL RATAN SIRCAR MEDICAL COLLEGE(700400),M.S. (OPHTHALMOLOGY),All India,0,0,0,0,1,0,1,0,1,0,3,All India Quota Seat Matrix - Round 1.pdf
2025,AIQ,1,131,All India except Central University,NIL RATAN SIRCAR MEDICAL COLLEGE(700400),M.S. (ORTHOPAEDICS),All India,1,0,1,0,0,0,0,0,0,0,2,All India Quota Seat Matrix - Round 1.pdf
2025,AIQ,1,131,All India except Central University,NIL RATAN SIRCAR MEDICAL COLLEGE(700400),MD/MS (Anatomy),All India,1,0,0,0,1,0,0,0,0,0,2,All India Quota Seat Matrix - Round 1.pdf
2025,AIQ,1,131,All India except Central University,NIZAMS INSTITUTE OF MEDICAL SCIENCES(700484),M.D. (ANAESTHESIOLOGY),All India,4,0,0,1,2,0,1,1,0,1,10,All India Quota Seat Matrix - Round 1.pdf
2025,AIQ,1,131,All India except Central University,NIZAMS INSTITUTE OF MEDICAL SCIENCES(700484),M.D. (BIOCHEMISTRY),All India,2,0,0,0,2,0,1,0,0,0,5,All India Quota Seat Matrix - Round 1.pdf
2025,AIQ,1,131,All India except Central University,NIZAMS INSTITUTE OF MEDICAL SCIENCES(700484),M.D. (Emergency and Critical Care)/M.D. (Emergency Medicine),All India,2,0,1,0,0,0,0,0,0,0,3,All India Quota Seat Matrix - Round 1.pdf
2025,AIQ,1,131,All India except Central University,NIZAMS INSTITUTE OF MEDICAL SCIENCES(700484),M.D. (GENERAL MEDICINE),All India,1,1,0,0,2,0,1,0,1,0,6,All India Quota Seat Matrix - Round 1.pdf
2025,AIQ,1,131,All India except Central University,NIZAMS INSTITUTE OF MEDICAL SCIENCES(700484),M.D. (Hospital Administration),All India,1,0,0,0,1,0,0,0,0,0,2,All India Quota Seat Matrix - Round 1.pdf
2025,AIQ,1,131,All India except Central University,NIZAMS INSTITUTE OF MEDICAL SCIENCES(700484),M.D. (MICROBIOLOGY),All India,0,0,1,0,0,0,1,0,0,0,2,All India Quota Seat Matrix - Round 1.pdf
2025,AIQ,1,131,All India except Central University,NIZAMS INSTITUTE OF MEDICAL SCIENCES(700484),M.D. (PATHOLOGY),All India,1,0,0,0,1,0,1,0,1,0,4,All India Quota Seat Matrix - Round 1.pdf
2025,AIQ,1,131,All India except Central University,NIZAMS INSTITUTE OF MEDICAL SCIENCES(700484),M.D. (RADIO-DIAGNOSIS),All India,2,0,1,0,2,0,0,0,0,0,5,All India Quota Seat Matrix - Round 1.pdf
2025,AIQ,1,131,All India except Central University,NIZAMS INSTITUTE OF MEDICAL SCIENCES(700484),M.D. (Radiotherapy/ Radiation Oncology),All India,0,0,0,0,0,0,1,0,0,0,1,All India Quota Seat Matrix - Round 1.pdf
2025,AIQ,1,131,All India except Central University,NIZAMS INSTITUTE OF MEDICAL SCIENCES(700484),M.S. (ORTHOPAEDICS),All India,3,0,0,0,1,0,0,0,0,0,4,All India Quota Seat Matrix - Round 1.pdf
2025,AIQ,1,131,All India except Central University,"North Eastern Indira Gandhi Regional Institute of Health & Medical Sciences, Shillong(700531)",M.D. (ANAESTHESIOLOGY),All India,2,0,0,0,0,0,0,0,0,0,2,All India Quota Seat Matrix - Round 1.pdf
2025,AIQ,1,131,All India except Central University,"North Eastern Indira Gandhi Regional Institute of Health & Medical Sciences, Shillong(700531)",M.D. (BIOCHEMISTRY),All India,1,0,0,0,0,0,0,0,0,0,1,All India Quota Seat Matrix - Round 1.pdf
2025,AIQ,1,132,All India except Central University,"North Eastern Indira Gandhi Regional Institute of Health & Medical Sciences, Shillong(700531)","M.D. (DERM.,VENE. and LEPROSY)/ (DERMATOLOGY)/(SKIN and VENEREAL DISEASES)/(VENEREOLOGY)",All India,1,0,0,0,0,0,0,0,0,0,1,All India Quota Seat Matrix - Round 1.pdf
2025,AIQ,1,132,All India except Central University,"North Eastern Indira Gandhi Regional Institute of Health & Medical Sciences, Shillong(700531)",M.D. (FORENSIC MEDICINE),All India,1,0,0,0,0,0,0,0,0,0,1,All India Quota Seat Matrix - Round 1.pdf
2025,AIQ,1,132,All India except Central University,"North Eastern Indira Gandhi Regional Institute of Health & Medical Sciences, Shillong(700531)",M.D. (GENERAL MEDICINE),All India,1,0,0,0,0,0,0,0,0,0,1,All India Quota Seat Matrix - Round 1.pdf
2025,AIQ,1,132,All India except Central University,"North Eastern Indira Gandhi Regional Institute of Health & Medical Sciences, Shillong(700531)",M.D. (MICROBIOLOGY),All India,1,0,0,0,0,0,0,0,0,0,1,All India Quota Seat Matrix - Round 1.pdf
2025,AIQ,1,132,All India except Central University,"North Eastern Indira Gandhi Regional Institute of Health & Medical Sciences, Shillong(700531)",M.D. (Obst. and Gynae)/MS (Obstetrics and Gynaecology),All India,1,0,0,0,0,0,0,0,0,0,1,All India Quota Seat Matrix - Round 1.pdf
2025,AIQ,1,132,All India except Central University,"North Eastern Indira Gandhi Regional Institute of Health & Medical Sciences, Shillong(700531)",M.D. (PATHOLOGY),All India,1,0,0,0,0,0,0,0,0,0,1,All India Quota Seat Matrix - Round 1.pdf
2025,AIQ,1,132,All India except Central University,"North Eastern Indira Gandhi Regional Institute of Health & Medical Sciences, Shillong(700531)",M.D. (PHARMACOLOGY),All India,1,0,0,0,0,0,0,0,0,0,1,All India Quota Seat Matrix - Round 1.pdf
2025,AIQ,1,132,All India except Central University,"North Eastern Indira Gandhi Regional Institute of Health & Medical Sciences, Shillong(700531)",M.D. (PHYSIOLOGY),All India,1,0,0,0,0,0,0,0,0,0,1,All India Quota Seat Matrix - Round 1.pdf
2025,AIQ,1,132,All India except Central University,"North Eastern Indira Gandhi Regional Institute of Health & Medical Sciences, Shillong(700531)",M.D. (RADIO-DIAGNOSIS),All India,1,0,0,0,0,0,0,0,0,0,1,All India Quota Seat Matrix - Round 1.pdf
2025,AIQ,1,132,All India except Central University,"North Eastern Indira Gandhi Regional Institute of Health & Medical Sciences, Shillong(700531)",M.S. (E.N.T.),All India,1,0,0,0,0,0,0,0,0,0,1,All India Quota Seat Matrix - Round 1.pdf
2025,AIQ,1,132,All India except Central University,"North Eastern Indira Gandhi Regional Institute of Health & Medical Sciences, Shillong(700531)",M.S. (OPHTHALMOLOGY),All India,1,0,0,0,0,0,0,0,0,0,1,All India Quota Seat Matrix - Round 1.pdf
2025,AIQ,1,132,All India except Central University,"North Eastern Indira Gandhi Regional Institute of Health & Medical Sciences, Shillong(700531)",M.S. (ORTHOPAEDICS),All India,1,0,0,0,0,0,0,0,0,0,1,All India Quota Seat Matrix - Round 1.pdf
2025,AIQ,1,132,All India except Central University,"North Eastern Indira Gandhi Regional Institute of Health & Medical Sciences, Shillong(700531)",MD/MS (Anatomy),All India,1,0,0,0,0,0,0,0,0,0,1,All India Quota Seat Matrix - Round 1.pdf
2025,AIQ,1,132,All India except Central University,"NSC Government Medical College, Khandwa (MP)(901861)",M.D. (FORENSIC MEDICINE),All India,1,0,0,0,0,0,0,0,0,0,1,All India Quota Seat Matrix - Round 1.pdf
2025,AIQ,1,132,All India except Central University,"NSC Government Medical College, Khandwa (MP)(901861)",M.D. (MICROBIOLOGY),All India,1,0,0,0,1,0,1,0,0,0,3,All India Quota Seat Matrix - Round 1.pdf
2025,AIQ,1,132,All India except Central University,"NSC Government Medical College, Khandwa (MP)(901861)",M.D. (PAEDIATRICS),All India,0,1,1,0,1,0,0,0,0,0,3,All India Quota Seat Matrix - Round 1.pdf
2025,AIQ,1,132,All India except Central University,"NSC Government Medical College, Khandwa (MP)(901861)",M.D. (PATHOLOGY),All India,1,0,0,0,0,0,0,0,0,0,1,All India Quota Seat Matrix - Round 1.pdf
2025,AIQ,1,132,All India except Central University,"NSC Government Medical College, Khandwa (MP)(901861)",M.D. (PHYSIOLOGY),All India,1,0,0,0,1,0,0,0,0,0,2,All India Quota Seat Matrix - Round 1.pdf
2025,AIQ,1,132,All India except Central University,"NSC Government Medical College, Khandwa (MP)(901861)",M.D. (PREVENTIVE and SOCIAL MEDICINE)/ COMMUNITY MEDICINE,All India,1,0,0,0,0,0,1,0,1,0,3,All India Quota Seat Matrix - Round 1.pdf
2025,AIQ,1,132,All India except Central University,"NSC Government Medical College, Khandwa (MP)(901861)",M.S. (E.N.T.),All India,0,0,1,0,0,0,0,0,0,0,1,All India Quota Seat Matrix - Round 1.pdf
2025,AIQ,1,133,All India except Central University,Osmania Medical Collge(700483),DIP. IN T.B. and CHEST DISEASES,All India,0,0,0,0,1,0,0,0,0,0,1,All India Quota Seat Matrix - Round 1.pdf
2025,AIQ,1,133,All India except Central University,Osmania Medical Collge(700483),DIPLOMA IN OPHTHALMOLOGY/DOMS,All India,0,0,0,0,1,0,1,0,1,0,3,All India Quota Seat Matrix - Round 1.pdf
2025,AIQ,1,133,All India except Central University,Osmania Medical Collge(700483),DIPLOMA IN PUBLIC HEALTH,All India,0,0,1,0,0,0,0,0,0,0,1,All India Quota Seat Matrix - Round 1.pdf
2025,AIQ,1,133,All India except Central University,Osmania Medical Collge(700483),M.D. (ANAESTHESIOLOGY),All India,8,0,2,0,4,1,3,0,2,0,20,All India Quota Seat Matrix - Round 1.pdf
2025,AIQ,1,133,All India except Central University,Osmania Medical Collge(700483),M.D. (BIOCHEMISTRY),All India,3,1,1,0,2,0,1,0,0,0,8,All India Quota Seat Matrix - Round 1.pdf
2025,AIQ,1,133,All India except Central University,Osmania Medical Collge(700483),"M.D. (DERM.,VENE. and LEPROSY)/ (DERMATOLOGY)/(SKIN and VENEREAL DISEASES)/(VENEREOLOGY)",All India,5,0,0,0,2,0,2,0,0,0,9,All India Quota Seat Matrix - Round 1.pdf
2025,AIQ,1,133,All India except Central University,Osmania Medical Collge(700483),M.D. (FORENSIC MEDICINE),All India,3,0,1,0,1,0,0,0,0,0,5,All India Quota Seat Matrix - Round 1.pdf
2025,AIQ,1,133,All India except Central University,Osmania Medical Collge(700483),M.D. (GENERAL MEDICINE),All India,6,0,1,0,4,0,2,0,1,0,14,All India Quota Seat Matrix - Round 1.pdf
2025,AIQ,1,133,All India except Central University,Osmania Medical Collge(700483),M.D. (MICROBIOLOGY),All India,4,0,1,0,1,0,1,0,0,0,7,All India Quota Seat Matrix - Round 1.pdf
2025,AIQ,1,133,All India except Central University,Osmania Medical Collge(700483),M.D. (Obst. and Gynae)/MS (Obstetrics and Gynaecology),All India,10,1,2,0,9,0,4,1,3,0,30,All India Quota Seat Matrix - Round 1.pdf
2025,AIQ,1,133,All India except Central University,Osmania Medical Collge(700483),M.D. (PAEDIATRICS),All India,12,1,2,1,7,1,4,0,2,0,30,All India Quota Seat Matrix - Round 1.pdf
2025,AIQ,1,133,All India except Central University,Osmania Medical Collge(700483),M.D. (PATHOLOGY),All India,6,0,2,0,4,0,2,0,1,0,15,All India Quota Seat Matrix - Round 1.pdf
2025,AIQ,1,133,All India except Central University,Osmania Medical Collge(700483),M.D. (PHARMACOLOGY),All India,3,0,0,0,1,0,2,0,1,0,7,All India Quota Seat Matrix - Round 1.pdf
2025,AIQ,1,133,All India except Central University,Osmania Medical Collge(700483),M.D. (PHYSIOLOGY),All India,0,0,1,0,1,0,0,0,0,0,2,All India Quota Seat Matrix - Round 1.pdf
2025,AIQ,1,133,All India except Central University,Osmania Medical Collge(700483),M.D. (PREVENTIVE and SOCIAL MEDICINE)/ COMMUNITY MEDICINE,All India,2,0,0,0,0,0,0,0,0,0,2,All India Quota Seat Matrix - Round 1.pdf
2025,AIQ,1,133,All India except Central University,Osmania Medical Collge(700483),M.D. (PSYCHIATRY),All India,3,0,1,0,4,0,2,0,1,0,11,All India Quota Seat Matrix - Round 1.pdf
2025,AIQ,1,133,All India except Central University,Osmania Medical Collge(700483),M.D. (RADIO-DIAGNOSIS),All India,3,1,1,0,2,0,1,0,0,0,8,All India Quota Seat Matrix - Round 1.pdf
2025,AIQ,1,133,All India except Central University,Osmania Medical Collge(700483),M.D. (Radiotherapy/ Radiation Oncology),All India,2,0,1,0,1,1,0,1,0,1,7,All India Quota Seat Matrix - Round 1.pdf
2025,AIQ,1,133,All India except Central University,Osmania Medical Collge(700483),M.D. (Tuberculosis and Respiratory diseases)/Pulmonary Medicine /M.D. (Respiratory Medicine),All India,3,0,0,0,1,0,1,0,0,0,5,All India Quota Seat Matrix - Round 1.pdf
2025,AIQ,1,133,All India except Central University,Osmania Medical Collge(700483),M.S. (E.N.T.),All India,2,0,1,0,2,0,1,0,1,0,7,All India Quota Seat Matrix - Round 1.pdf
2025,AIQ,1,134,All India except Central University,Osmania Medical Collge(700483),M.S. (GENERAL SURGERY),All India,6,1,2,0,5,1,3,0,2,0,20,All India Quota Seat Matrix - Round 1.pdf
2025,AIQ,1,134,All India except Central University,Osmania Medical Collge(700483),M.S. (OPHTHALMOLOGY),All India,7,0,2,0,4,0,3,0,1,0,17,All India Quota Seat Matrix - Round 1.pdf
2025,AIQ,1,134,All India except Central University,Osmania Medical Collge(700483),M.S. (ORTHOPAEDICS),All India,3,0,1,0,3,0,1,0,1,0,9,All India Quota Seat Matrix - Round 1.pdf
2025,AIQ,1,134,All India except Central University,Osmania Medical Collge(700483),MD/MS (Anatomy),All India,2,0,0,0,1,0,0,0,0,0,3,All India Quota Seat Matrix - Round 1.pdf
2025,AIQ,1,134,All India except Central University,"Pandit Bhagwat Dayal Sharma Post Graduate Institute of Medical Sciences, Rohtak(700374)",M.D. (ANAESTHESIOLOGY),All India,9,1,2,0,6,0,3,0,1,0,22,All India Quota Seat Matrix - Round 1.pdf
2025,AIQ,1,134,All India except Central University,"Pandit Bhagwat Dayal Sharma Post Graduate Institute of Medical Sciences, Rohtak(700374)",M.D. (BIOCHEMISTRY),All India,1,0,0,0,1,0,0,1,1,0,4,All India Quota Seat Matrix - Round 1.pdf
2025,AIQ,1,134,All India except Central University,"Pandit Bhagwat Dayal Sharma Post Graduate Institute of Medical Sciences, Rohtak(700374)","M.D. (DERM.,VENE. and LEPROSY)/ (DERMATOLOGY)/(SKIN and VENEREAL DISEASES)/(VENEREOLOGY)",All India,1,0,0,0,1,0,1,0,0,0,3,All India Quota Seat Matrix - Round 1.pdf
2025,AIQ,1,134,All India except Central University,"Pandit Bhagwat Dayal Sharma Post Graduate Institute of Medical Sciences, Rohtak(700374)",M.D. (FORENSIC MEDICINE),All India,2,0,0,0,1,0,0,0,0,0,3,All India Quota Seat Matrix - Round 1.pdf
2025,AIQ,1,134,All India except Central University,"Pandit Bhagwat Dayal Sharma Post Graduate Institute of Medical Sciences, Rohtak(700374)",M.D. (GENERAL MEDICINE),All India,3,0,1,0,2,0,2,0,1,0,9,All India Quota Seat Matrix - Round 1.pdf
2025,AIQ,1,134,All India except Central University,"Pandit Bhagwat Dayal Sharma Post Graduate Institute of Medical Sciences, Rohtak(700374)",M.D. (MICROBIOLOGY),All India,1,0,1,0,0,0,0,0,0,0,2,All India Quota Seat Matrix - Round 1.pdf
2025,AIQ,1,134,All India except Central University,"Pandit Bhagwat Dayal Sharma Post Graduate Institute of Medical Sciences, Rohtak(700374)",M.D. (Obst. and Gynae)/MS (Obstetrics and Gynaecology),All India,3,1,1,0,3,0,2,0,0,0,10,All India Quota Seat Matrix - Round 1.pdf
2025,AIQ,1,134,All India except Central University,"Pandit Bhagwat Dayal Sharma Post Graduate Institute of Medical Sciences, Rohtak(700374)",M.D. (PAEDIATRICS),All India,2,0,1,0,2,0,1,0,1,0,7,All India Quota Seat Matrix - Round 1.pdf
2025,AIQ,1,134,All India except Central University,"Pandit Bhagwat Dayal Sharma Post Graduate Institute of Medical Sciences, Rohtak(700374)",M.D. (PATHOLOGY),All India,1,0,0,1,2,0,2,0,1,0,7,All India Quota Seat Matrix - Round 1.pdf
2025,AIQ,1,134,All India except Central University,"Pandit Bhagwat Dayal Sharma Post Graduate Institute of Medical Sciences, Rohtak(700374)",M.D. (PHARMACOLOGY),All India,2,0,0,0,0,0,0,0,0,0,2,All India Quota Seat Matrix - Round 1.pdf
2025,AIQ,1,134,All India except Central University,"Pandit Bhagwat Dayal Sharma Post Graduate Institute of Medical Sciences, Rohtak(700374)",M.D. (PHYSIOLOGY),All India,2,0,0,0,1,0,0,0,0,0,3,All India Quota Seat Matrix - Round 1.pdf
2025,AIQ,1,134,All India except Central University,"Pandit Bhagwat Dayal Sharma Post Graduate Institute of Medical Sciences, Rohtak(700374)",M.D. (PREVENTIVE and SOCIAL MEDICINE)/ COMMUNITY MEDICINE,All India,2,0,0,0,1,0,1,0,0,0,4,All India Quota Seat Matrix - Round 1.pdf
2025,AIQ,1,134,All India except Central University,"Pandit Bhagwat Dayal Sharma Post Graduate Institute of Medical Sciences, Rohtak(700374)",M.D. (PSYCHIATRY),All India,2,0,1,0,1,0,1,0,0,0,5,All India Quota Seat Matrix - Round 1.pdf
2025,AIQ,1,134,All India except Central University,"Pandit Bhagwat Dayal Sharma Post Graduate Institute of Medical Sciences, Rohtak(700374)",M.D. (RADIO-DIAGNOSIS),All India,1,0,0,0,1,0,0,0,1,0,3,All India Quota Seat Matrix - Round 1.pdf
2025,AIQ,1,134,All India except Central University,"Pandit Bhagwat Dayal Sharma Post Graduate Institute of Medical Sciences, Rohtak(700374)",M.D. (Radiotherapy/ Radiation Oncology),All India,1,0,0,0,1,0,1,0,0,0,3,All India Quota Seat Matrix - Round 1.pdf
2025,AIQ,1,134,All India except Central University,"Pandit Bhagwat Dayal Sharma Post Graduate Institute of Medical Sciences, Rohtak(700374)",M.D. (Tuberculosis and Respiratory diseases)/Pulmonary Medicine /M.D. (Respiratory Medicine),All India,1,1,0,0,1,0,0,0,0,0,3,All India Quota Seat Matrix - Round 1.pdf
2025,AIQ,1,135,All India except Central University,"Pandit Bhagwat Dayal Sharma Post Graduate Institute of Medical Sciences, Rohtak(700374)",M.D. Sports Medicine,All India,0,0,1,0,0,0,0,0,0,0,1,All India Quota Seat Matrix - Round 1.pdf
2025,AIQ,1,135,All India except Central University,"Pandit Bhagwat Dayal Sharma Post Graduate Institute of Medical Sciences, Rohtak(700374)",M.S. (E.N.T.),All India,0,0,1,0,1,0,0,0,0,0,2,All India Quota Seat Matrix - Round 1.pdf
2025,AIQ,1,135,All India except Central University,"Pandit Bhagwat Dayal Sharma Post Graduate Institute of Medical Sciences, Rohtak(700374)",M.S. (GENERAL SURGERY),All India,4,0,0,0,3,0,1,0,1,0,9,All India Quota Seat Matrix - Round 1.pdf
2025,AIQ,1,135,All India except Central University,"Pandit Bhagwat Dayal Sharma Post Graduate Institute of Medical Sciences, Rohtak(700374)",M.S. (OPHTHALMOLOGY),All India,2,0,0,0,1,0,1,0,1,0,5,All India Quota Seat Matrix - Round 1.pdf
2025,AIQ,1,135,All India except Central University,"Pandit Bhagwat Dayal Sharma Post Graduate Institute of Medical Sciences, Rohtak(700374)",M.S. (ORTHOPAEDICS),All India,3,0,1,0,1,1,0,0,0,0,6,All India Quota Seat Matrix - Round 1.pdf
2025,AIQ,1,135,All India except Central University,"Pandit Bhagwat Dayal Sharma Post Graduate Institute of Medical Sciences, Rohtak(700374)",MD/MS (Anatomy),All India,1,0,1,0,0,0,0,0,0,0,2,All India Quota Seat Matrix - Round 1.pdf
2025,AIQ,1,135,All India except Central University,"Pandit Dindayal Upadhyay Medical College, RAJKOT(700368)",DIP.IN GYNAE. and OBST.,All India,0,0,1,0,0,0,0,0,0,0,1,All India Quota Seat Matrix - Round 1.pdf
2025,AIQ,1,135,All India except Central University,"Pandit Dindayal Upadhyay Medical College, RAJKOT(700368)",DIPLOMA IN ANAESTHESIOLOGY,All India,0,0,0,0,1,0,0,0,0,0,1,All India Quota Seat Matrix - Round 1.pdf
2025,AIQ,1,135,All India except Central University,"Pandit Dindayal Upadhyay Medical College, RAJKOT(700368)",DIPLOMA IN CHILD HEALTH/ PAEDIATRICS,All India,1,0,0,0,0,0,1,0,0,0,2,All India Quota Seat Matrix - Round 1.pdf
2025,AIQ,1,135,All India except Central University,"Pandit Dindayal Upadhyay Medical College, RAJKOT(700368)",DIPLOMA IN ORTHOPAEDICS,All India,0,0,0,0,1,0,0,0,0,0,1,All India Quota Seat Matrix - Round 1.pdf
2025,AIQ,1,135,All India except Central University,"Pandit Dindayal Upadhyay Medical College, RAJKOT(700368)",M.D. (ANAESTHESIOLOGY),All India,3,0,1,0,2,0,2,0,0,0,8,All India Quota Seat Matrix - Round 1.pdf
2025,AIQ,1,135,All India except Central University,"Pandit Dindayal Upadhyay Medical College, RAJKOT(700368)",M.D. (BIOCHEMISTRY),All India,0,1,0,0,0,0,0,0,1,0,2,All India Quota Seat Matrix - Round 1.pdf
2025,AIQ,1,135,All India except Central University,"Pandit Dindayal Upadhyay Medical College, RAJKOT(700368)","M.D. (DERM.,VENE. and LEPROSY)/ (DERMATOLOGY)/(SKIN and VENEREAL DISEASES)/(VENEREOLOGY)",All India,2,0,0,0,0,0,0,0,0,0,2,All India Quota Seat Matrix - Round 1.pdf
2025,AIQ,1,135,All India except Central University,"Pandit Dindayal Upadhyay Medical College, RAJKOT(700368)",M.D. (FORENSIC MEDICINE),All India,0,0,0,0,0,0,1,0,0,0,1,All India Quota Seat Matrix - Round 1.pdf
2025,AIQ,1,135,All India except Central University,"Pandit Dindayal Upadhyay Medical College, RAJKOT(700368)",M.D. (GENERAL MEDICINE),All India,2,0,1,0,2,0,1,0,1,0,7,All India Quota Seat Matrix - Round 1.pdf
2025,AIQ,1,135,All India except Central University,"Pandit Dindayal Upadhyay Medical College, RAJKOT(700368)",M.D. (MICROBIOLOGY),All India,2,0,0,0,1,0,0,0,0,0,3,All India Quota Seat Matrix - Round 1.pdf
2025,AIQ,1,135,All India except Central University,"Pandit Dindayal Upadhyay Medical College, RAJKOT(700368)",M.D. (Obst. and Gynae)/MS (Obstetrics and Gynaecology),All India,2,0,0,0,0,0,1,0,0,0,3,All India Quota Seat Matrix - Round 1.pdf
2025,AIQ,1,135,All India except Central University,"Pandit Dindayal Upadhyay Medical College, RAJKOT(700368)",M.D. (PAEDIATRICS),All India,1,0,0,0,0,0,1,0,1,0,3,All India Quota Seat Matrix - Round 1.pdf
2025,AIQ,1,135,All India except Central University,"Pandit Dindayal Upadhyay Medical College, RAJKOT(700368)",M.D. (PATHOLOGY),All India,3,0,1,0,2,0,1,0,0,0,7,All India Quota Seat Matrix - Round 1.pdf
2025,AIQ,1,135,All India except Central University,"Pandit Dindayal Upadhyay Medical College, RAJKOT(700368)",M.D. (PHARMACOLOGY),All India,1,1,0,0,1,0,0,0,0,0,3,All India Quota Seat Matrix - Round 1.pdf
2025,AIQ,1,136,All India except Central University,"Pandit Dindayal Upadhyay Medical College, RAJKOT(700368)",M.D. (PHYSIOLOGY),All India,0,0,0,0,1,0,1,0,0,0,2,All India Quota Seat Matrix - Round 1.pdf
2025,AIQ,1,136,All India except Central University,"Pandit Dindayal Upadhyay Medical College, RAJKOT(700368)",M.D. (PREVENTIVE and SOCIAL MEDICINE)/ COMMUNITY MEDICINE,All India,1,0,0,0,0,1,0,0,1,0,3,All India Quota Seat Matrix - Round 1.pdf
2025,AIQ,1,136,All India except Central University,"Pandit Dindayal Upadhyay Medical College, RAJKOT(700368)",M.D. (PSYCHIATRY),All India,0,0,1,0,0,0,0,0,0,0,1,All India Quota Seat Matrix - Round 1.pdf
2025,AIQ,1,136,All India except Central University,"Pandit Dindayal Upadhyay Medical College, RAJKOT(700368)",M.D. (RADIO-DIAGNOSIS),All India,3,0,0,0,1,0,1,0,0,0,5,All India Quota Seat Matrix - Round 1.pdf
2025,AIQ,1,136,All India except Central University,"Pandit Dindayal Upadhyay Medical College, RAJKOT(700368)",M.D. (Radiotherapy/ Radiation Oncology),All India,1,0,0,0,1,0,0,0,0,0,2,All India Quota Seat Matrix - Round 1.pdf
2025,AIQ,1,136,All India except Central University,"Pandit Dindayal Upadhyay Medical College, RAJKOT(700368)",M.D. (Tuberculosis and Respiratory diseases)/Pulmonary Medicine /M.D. (Respiratory Medicine),All India,1,0,0,0,0,0,0,0,0,0,1,All India Quota Seat Matrix - Round 1.pdf
2025,AIQ,1,136,All India except Central University,"Pandit Dindayal Upadhyay Medical College, RAJKOT(700368)",M.S. (E.N.T.),All India,1,0,0,0,1,0,0,0,0,0,2,All India Quota Seat Matrix - Round 1.pdf
2025,AIQ,1,136,All India except Central University,"Pandit Dindayal Upadhyay Medical College, RAJKOT(700368)",M.S. (GENERAL SURGERY),All India,2,0,0,1,2,0,0,1,0,1,7,All India Quota Seat Matrix - Round 1.pdf
2025,AIQ,1,136,All India except Central University,"Pandit Dindayal Upadhyay Medical College, RAJKOT(700368)",M.S. (OPHTHALMOLOGY),All India,0,0,0,0,1,0,0,0,0,0,1,All India Quota Seat Matrix - Round 1.pdf
2025,AIQ,1,136,All India except Central University,"Pandit Dindayal Upadhyay Medical College, RAJKOT(700368)",M.S. (ORTHOPAEDICS),All India,2,0,1,0,1,0,0,0,0,0,4,All India Quota Seat Matrix - Round 1.pdf
2025,AIQ,1,136,All India except Central University,"Pandit Dindayal Upadhyay Medical College, RAJKOT(700368)",MD/MS (Anatomy),All India,1,0,0,0,1,0,0,0,0,0,2,All India Quota Seat Matrix - Round 1.pdf
2025,AIQ,1,136,All India except Central University,"PATNA MEDICAL COLLEGE, PATNA(700480)",DIP. IN PHY. MEDICINE and REHAB.,All India,1,0,0,0,0,0,0,0,0,0,1,All India Quota Seat Matrix - Round 1.pdf
2025,AIQ,1,136,All India except Central University,"PATNA MEDICAL COLLEGE, PATNA(700480)",DIP. IN T.B. and CHEST DISEASES,All India,0,0,1,0,1,0,0,0,0,0,2,All India Quota Seat Matrix - Round 1.pdf
2025,AIQ,1,136,All India except Central University,"PATNA MEDICAL COLLEGE, PATNA(700480)",DIP.IN MEDICAL RADIO-DIAGNOSIS,All India,0,0,0,0,1,0,1,0,0,0,2,All India Quota Seat Matrix - Round 1.pdf
2025,AIQ,1,136,All India except Central University,"PATNA MEDICAL COLLEGE, PATNA(700480)",DIPLOMA IN BACTERIOLOGY,All India,1,0,0,0,0,0,0,0,0,0,1,All India Quota Seat Matrix - Round 1.pdf
2025,AIQ,1,136,All India except Central University,"PATNA MEDICAL COLLEGE, PATNA(700480)",M.D. (ANAESTHESIOLOGY),All India,3,0,0,0,1,0,1,0,0,0,5,All India Quota Seat Matrix - Round 1.pdf
2025,AIQ,1,136,All India except Central University,"PATNA MEDICAL COLLEGE, PATNA(700480)",M.D. (BIOCHEMISTRY),All India,1,0,1,0,1,0,0,0,1,0,4,All India Quota Seat Matrix - Round 1.pdf
2025,AIQ,1,136,All India except Central University,"PATNA MEDICAL COLLEGE, PATNA(700480)","M.D. (DERM.,VENE. and LEPROSY)/ (DERMATOLOGY)/(SKIN and VENEREAL DISEASES)/(VENEREOLOGY)",All India,2,0,0,0,0,0,0,0,0,0,2,All India Quota Seat Matrix - Round 1.pdf
2025,AIQ,1,136,All India except Central University,"PATNA MEDICAL COLLEGE, PATNA(700480)",M.D. (FORENSIC MEDICINE),All India,1,0,0,0,1,0,0,0,0,0,2,All India Quota Seat Matrix - Round 1.pdf
2025,AIQ,1,136,All India except Central University,"PATNA MEDICAL COLLEGE, PATNA(700480)",M.D. (GENERAL MEDICINE),All India,4,0,1,0,2,0,2,0,1,0,10,All India Quota Seat Matrix - Round 1.pdf
2025,AIQ,1,137,All India except Central University,"PATNA MEDICAL COLLEGE, PATNA(700480)",M.D. (MICROBIOLOGY),All India,0,0,0,0,1,0,0,1,0,1,3,All India Quota Seat Matrix - Round 1.pdf
2025,AIQ,1,137,All India except Central University,"PATNA MEDICAL COLLEGE, PATNA(700480)",M.D. (Obst. and Gynae)/MS (Obstetrics and Gynaecology),All India,6,0,1,0,2,0,1,0,0,0,10,All India Quota Seat Matrix - Round 1.pdf
2025,AIQ,1,137,All India except Central University,"PATNA MEDICAL COLLEGE, PATNA(700480)",M.D. (PAEDIATRICS),All India,5,0,1,0,2,0,1,0,1,0,10,All India Quota Seat Matrix - Round 1.pdf
2025,AIQ,1,137,All India except Central University,"PATNA MEDICAL COLLEGE, PATNA(700480)",M.D. (PATHOLOGY),All India,3,0,0,0,2,0,2,0,1,0,8,All India Quota Seat Matrix - Round 1.pdf
2025,AIQ,1,137,All India except Central University,"PATNA MEDICAL COLLEGE, PATNA(700480)",M.D. (PHARMACOLOGY),All India,0,1,1,0,1,0,0,0,0,0,3,All India Quota Seat Matrix - Round 1.pdf
2025,AIQ,1,137,All India except Central University,"PATNA MEDICAL COLLEGE, PATNA(700480)",M.D. (PHYSICAL MED. and REHABILITATION),All India,1,0,1,0,0,0,0,0,0,0,2,All India Quota Seat Matrix - Round 1.pdf
2025,AIQ,1,137,All India except Central University,"PATNA MEDICAL COLLEGE, PATNA(700480)",M.D. (PHYSIOLOGY),All India,2,0,0,0,2,0,1,0,0,0,5,All India Quota Seat Matrix - Round 1.pdf
2025,AIQ,1,137,All India except Central University,"PATNA MEDICAL COLLEGE, PATNA(700480)",M.D. (PREVENTIVE and SOCIAL MEDICINE)/ COMMUNITY MEDICINE,All India,1,0,0,0,1,0,1,0,0,0,3,All India Quota Seat Matrix - Round 1.pdf
2025,AIQ,1,137,All India except Central University,"PATNA MEDICAL COLLEGE, PATNA(700480)",M.D. (PSYCHIATRY),All India,0,0,0,0,0,0,0,0,1,0,1,All India Quota Seat Matrix - Round 1.pdf
2025,AIQ,1,137,All India except Central University,"PATNA MEDICAL COLLEGE, PATNA(700480)",M.D. (RADIO-DIAGNOSIS),All India,1,0,0,0,1,0,0,0,0,0,2,All India Quota Seat Matrix - Round 1.pdf
2025,AIQ,1,137,All India except Central University,"PATNA MEDICAL COLLEGE, PATNA(700480)",M.D. (Tuberculosis and Respiratory diseases)/Pulmonary Medicine /M.D. (Respiratory Medicine),All India,1,0,0,0,0,0,0,0,0,0,1,All India Quota Seat Matrix - Round 1.pdf
2025,AIQ,1,137,All India except Central University,"PATNA MEDICAL COLLEGE, PATNA(700480)",M.S. (E.N.T.),All India,0,0,0,0,1,0,1,0,1,0,3,All India Quota Seat Matrix - Round 1.pdf
2025,AIQ,1,137,All India except Central University,"PATNA MEDICAL COLLEGE, PATNA(700480)",M.S. (GENERAL SURGERY),All India,3,0,1,1,2,1,1,0,0,0,9,All India Quota Seat Matrix - Round 1.pdf
2025,AIQ,1,137,All India except Central University,"PATNA MEDICAL COLLEGE, PATNA(700480)",M.S. (OPHTHALMOLOGY),All India,2,0,0,0,2,0,1,0,1,0,6,All India Quota Seat Matrix - Round 1.pdf
2025,AIQ,1,137,All India except Central University,"PATNA MEDICAL COLLEGE, PATNA(700480)",M.S. (ORTHOPAEDICS),All India,3,0,1,0,2,0,1,0,0,0,7,All India Quota Seat Matrix - Round 1.pdf
2025,AIQ,1,137,All India except Central University,"PATNA MEDICAL COLLEGE, PATNA(700480)",MD/MS (Anatomy),All India,1,1,0,0,1,0,1,0,0,0,4,All India Quota Seat Matrix - Round 1.pdf
2025,AIQ,1,137,Central University,"PGIMER, DR. RML Hospital, Cannaught Place, New Delhi(700357)",M.D. (ANAESTHESIOLOGY),All India,6,0,2,0,5,0,2,0,2,0,17,All India Quota Seat Matrix - Round 1.pdf
2025,AIQ,1,137,Central University,"PGIMER, DR. RML Hospital, Cannaught Place, New Delhi(700357)",M.D. (BIOCHEMISTRY),All India,1,0,1,0,1,0,1,0,0,0,4,All India Quota Seat Matrix - Round 1.pdf
2025,AIQ,1,137,Central University,"PGIMER, DR. RML Hospital, Cannaught Place, New Delhi(700357)","M.D. (DERM.,VENE. and LEPROSY)/ (DERMATOLOGY)/(SKIN and VENEREAL DISEASES)/(VENEREOLOGY)",All India,3,0,0,0,0,0,0,0,0,0,3,All India Quota Seat Matrix - Round 1.pdf
2025,AIQ,1,137,Central University,"PGIMER, DR. RML Hospital, Cannaught Place, New Delhi(700357)",M.D. (FORENSIC MEDICINE),All India,0,0,0,0,0,0,0,0,1,0,1,All India Quota Seat Matrix - Round 1.pdf
2025,AIQ,1,138,Central University,"PGIMER, DR. RML Hospital, Cannaught Place, New Delhi(700357)",M.D. (GENERAL MEDICINE),All India,7,1,1,1,5,1,3,0,1,0,20,All India Quota Seat Matrix - Round 1.pdf
2025,AIQ,1,138,Central University,"PGIMER, DR. RML Hospital, Cannaught Place, New Delhi(700357)",M.D. (MICROBIOLOGY),All India,1,0,1,0,2,0,1,0,0,0,5,All India Quota Seat Matrix - Round 1.pdf
2025,AIQ,1,138,Central University,"PGIMER, DR. RML Hospital, Cannaught Place, New Delhi(700357)",M.D. (Obst. and Gynae)/MS (Obstetrics and Gynaecology),All India,2,0,0,0,1,0,1,0,1,0,5,All India Quota Seat Matrix - Round 1.pdf
2025,AIQ,1,138,Central University,"PGIMER, DR. RML Hospital, Cannaught Place, New Delhi(700357)",M.D. (PAEDIATRICS),All India,4,1,1,0,2,0,1,0,1,0,10,All India Quota Seat Matrix - Round 1.pdf
2025,AIQ,1,138,Central University,"PGIMER, DR. RML Hospital, Cannaught Place, New Delhi(700357)",M.D. (PATHOLOGY),All India,1,0,1,0,2,0,1,0,0,0,5,All India Quota Seat Matrix - Round 1.pdf
2025,AIQ,1,138,Central University,"PGIMER, DR. RML Hospital, Cannaught Place, New Delhi(700357)",M.D. (PHYSICAL MED. and REHABILITATION),All India,1,0,0,0,0,0,0,0,0,0,1,All India Quota Seat Matrix - Round 1.pdf
2025,AIQ,1,138,Central University,"PGIMER, DR. RML Hospital, Cannaught Place, New Delhi(700357)",M.D. (PSYCHIATRY),All India,1,0,0,0,1,0,1,0,1,0,4,All India Quota Seat Matrix - Round 1.pdf
2025,AIQ,1,138,Central University,"PGIMER, DR. RML Hospital, Cannaught Place, New Delhi(700357)",M.D. (RADIO-DIAGNOSIS),All India,3,0,1,0,2,0,1,0,0,0,7,All India Quota Seat Matrix - Round 1.pdf
2025,AIQ,1,138,Central University,"PGIMER, DR. RML Hospital, Cannaught Place, New Delhi(700357)",M.S. (E.N.T.),All India,0,0,0,0,1,0,1,0,0,0,2,All India Quota Seat Matrix - Round 1.pdf
2025,AIQ,1,138,Central University,"PGIMER, DR. RML Hospital, Cannaught Place, New Delhi(700357)",M.S. (GENERAL SURGERY),All India,5,0,1,0,2,0,1,0,1,0,10,All India Quota Seat Matrix - Round 1.pdf
2025,AIQ,1,138,Central University,"PGIMER, DR. RML Hospital, Cannaught Place, New Delhi(700357)",M.S. (OPHTHALMOLOGY),All India,1,0,0,0,1,0,0,0,0,0,2,All India Quota Seat Matrix - Round 1.pdf
2025,AIQ,1,138,Central University,"PGIMER, DR. RML Hospital, Cannaught Place, New Delhi(700357)",M.S. (ORTHOPAEDICS),All India,2,0,1,0,1,0,1,0,0,0,5,All India Quota Seat Matrix - Round 1.pdf
2025,AIQ,1,138,All India except Central University,"Pimpri Chichwad Municipal Corporation Postgraduate Institute Y.C.M.Hospital Pimpri,Pune 18(700523)",M.D. (ANAESTHESIOLOGY),All India,0,0,0,0,1,0,1,0,0,0,2,All India Quota Seat Matrix - Round 1.pdf
2025,AIQ,1,138,All India except Central University,"Pimpri Chichwad Municipal Corporation Postgraduate Institute Y.C.M.Hospital Pimpri,Pune 18(700523)","M.D. (DERM.,VENE. and LEPROSY)/ (DERMATOLOGY)/(SKIN and VENEREAL DISEASES)/(VENEREOLOGY)",All India,1,0,0,1,1,0,0,0,0,0,3,All India Quota Seat Matrix - Round 1.pdf
2025,AIQ,1,138,All India except Central University,"Pimpri Chichwad Municipal Corporation Postgraduate Institute Y.C.M.Hospital Pimpri,Pune 18(700523)",M.D. (GENERAL MEDICINE),All India,1,0,0,0,1,0,0,0,1,0,3,All India Quota Seat Matrix - Round 1.pdf
2025,AIQ,1,138,All India except Central University,"Pimpri Chichwad Municipal Corporation Postgraduate Institute Y.C.M.Hospital Pimpri,Pune 18(700523)",M.D. (MICROBIOLOGY),All India,1,0,0,0,0,0,0,0,0,0,1,All India Quota Seat Matrix - Round 1.pdf
2025,AIQ,1,138,All India except Central University,"Pimpri Chichwad Municipal Corporation Postgraduate Institute Y.C.M.Hospital Pimpri,Pune 18(700523)",M.D. (Obst. and Gynae)/MS (Obstetrics and Gynaecology),All India,1,0,0,0,0,0,1,0,0,0,2,All India Quota Seat Matrix - Round 1.pdf
2025,AIQ,1,138,All India except Central University,"Pimpri Chichwad Municipal Corporation Postgraduate Institute Y.C.M.Hospital Pimpri,Pune 18(700523)",M.D. (PAEDIATRICS),All India,1,0,0,0,1,0,0,0,0,0,2,All India Quota Seat Matrix - Round 1.pdf
2025,AIQ,1,138,All India except Central University,"Pimpri Chichwad Municipal Corporation Postgraduate Institute Y.C.M.Hospital Pimpri,Pune 18(700523)",M.D. (PATHOLOGY),All India,1,0,0,0,0,0,1,0,0,0,2,All India Quota Seat Matrix - Round 1.pdf
2025,AIQ,1,138,All India except Central University,"Pimpri Chichwad Municipal Corporation Postgraduate Institute Y.C.M.Hospital Pimpri,Pune 18(700523)",M.D. (PREVENTIVE and SOCIAL MEDICINE)/ COMMUNITY MEDICINE,All India,0,0,0,0,1,0,0,0,1,0,2,All India Quota Seat Matrix - Round 1.pdf
2025,AIQ,1,139,All India except Central University,"Pimpri Chichwad Municipal Corporation Postgraduate Institute Y.C.M.Hospital Pimpri,Pune 18(700523)",M.D. (PSYCHIATRY),All India,0,1,0,0,0,0,0,0,0,0,1,All India Quota Seat Matrix - Round 1.pdf
2025,AIQ,1,139,All India except Central University,"Pimpri Chichwad Municipal Corporation Postgraduate Institute Y.C.M.Hospital Pimpri,Pune 18(700523)",M.D. (Tuberculosis and Respiratory diseases)/Pulmonary Medicine /M.D. (Respiratory Medicine),All India,1,0,0,0,0,0,0,0,0,0,1,All India Quota Seat Matrix - Round 1.pdf
2025,AIQ,1,139,All India except Central University,"Pimpri Chichwad Municipal Corporation Postgraduate Institute Y.C.M.Hospital Pimpri,Pune 18(700523)",M.S. (E.N.T.),All India,0,0,0,0,0,0,1,0,0,0,1,All India Quota Seat Matrix - Round 1.pdf
2025,AIQ,1,139,All India except Central University,"Pimpri Chichwad Municipal Corporation Postgraduate Institute Y.C.M.Hospital Pimpri,Pune 18(700523)",M.S. (GENERAL SURGERY),All India,2,0,0,0,1,0,0,0,0,0,3,All India Quota Seat Matrix - Round 1.pdf
2025,AIQ,1,139,All India except Central University,"Pimpri Chichwad Municipal Corporation Postgraduate Institute Y.C.M.Hospital Pimpri,Pune 18(700523)",M.S. (OPHTHALMOLOGY),All India,0,0,0,0,1,0,0,0,0,0,1,All India Quota Seat Matrix - Round 1.pdf
2025,AIQ,1,139,All India except Central University,"Pimpri Chichwad Municipal Corporation Postgraduate Institute Y.C.M.Hospital Pimpri,Pune 18(700523)",M.S. (ORTHOPAEDICS),All India,1,0,1,0,0,0,0,0,0,0,2,All India Quota Seat Matrix - Round 1.pdf
2025,AIQ,1,139,All India except Central University,"Post Graduate Institute of Child Health, Noida.(700527)",M.D. (MICROBIOLOGY),All India,1,0,0,0,1,0,0,0,0,0,2,All India Quota Seat Matrix - Round 1.pdf
2025,AIQ,1,139,All India except Central University,"Post Graduate Institute of Child Health, Noida.(700527)",M.D. (PAEDIATRICS),All India,0,0,0,0,0,0,1,0,1,0,2,All India Quota Seat Matrix - Round 1.pdf
2025,AIQ,1,139,All India except Central University,"Post Graduate Institute of Medical Education & Research and Capital Hospital ( PGIMER & CH), Odisha(701713)",M.D. (ANAESTHESIOLOGY),All India,2,0,0,0,0,0,0,0,0,0,2,All India Quota Seat Matrix - Round 1.pdf
2025,AIQ,1,139,All India except Central University,"Post Graduate Institute of Medical Education & Research and Capital Hospital ( PGIMER & CH), Odisha(701713)",M.D. (GENERAL MEDICINE),All India,0,0,0,0,1,0,1,0,0,0,2,All India Quota Seat Matrix - Round 1.pdf
2025,AIQ,1,139,All India except Central University,"Post Graduate Institute of Medical Education & Research and Capital Hospital ( PGIMER & CH), Odisha(701713)",M.D. (Obst. and Gynae)/MS (Obstetrics and Gynaecology),All India,2,0,0,0,0,0,0,0,0,0,2,All India Quota Seat Matrix - Round 1.pdf
2025,AIQ,1,139,All India except Central University,"Post Graduate Institute of Medical Education & Research and Capital Hospital ( PGIMER & CH), Odisha(701713)",M.D. (PAEDIATRICS),All India,1,0,0,0,0,0,0,0,1,0,2,All India Quota Seat Matrix - Round 1.pdf
2025,AIQ,1,139,All India except Central University,"Post Graduate Institute of Medical Education & Research and Capital Hospital ( PGIMER & CH), Odisha(701713)",M.D. (Tuberculosis and Respiratory diseases)/Pulmonary Medicine /M.D. (Respiratory Medicine),All India,1,0,0,0,1,0,0,0,0,0,2,All India Quota Seat Matrix - Round 1.pdf
2025,AIQ,1,139,All India except Central University,"Post Graduate Institute of Medical Education & Research and Capital Hospital ( PGIMER & CH), Odisha(701713)",M.S. (GENERAL SURGERY),All India,1,0,1,0,1,0,0,0,0,0,3,All India Quota Seat Matrix - Round 1.pdf
2025,AIQ,1,139,All India except Central University,"Post Graduate Institute of Medical Education & Research and Capital Hospital ( PGIMER & CH), Odisha(701713)",M.S. (OPHTHALMOLOGY),All India,0,0,0,0,0,0,1,0,0,0,1,All India Quota Seat Matrix - Round 1.pdf
2025,AIQ,1,139,All India except Central University,"Post Graduate Institute of Medical Education & Research and Capital Hospital ( PGIMER & CH), Odisha(701713)",M.S. (ORTHOPAEDICS),All India,0,0,0,0,1,0,0,0,0,0,1,All India Quota Seat Matrix - Round 1.pdf
2025,AIQ,1,140,All India except Central University,"Post Graduate Institute of Medical Sciences (PGIMS),Navi Mumbai(903367)",M.D. (GENERAL MEDICINE),All India,0,0,0,0,1,0,1,0,0,0,2,All India Quota Seat Matrix - Round 1.pdf
2025,AIQ,1,140,All India except Central University,"Post Graduate Institute of Medical Sciences (PGIMS),Navi Mumbai(903367)",M.D. (Obst. and Gynae)/MS (Obstetrics and Gynaecology),All India,2,0,0,0,1,1,0,0,0,0,4,All India Quota Seat Matrix - Round 1.pdf
2025,AIQ,1,140,All India except Central University,"Post Graduate Institute of Medical Sciences (PGIMS),Navi Mumbai(903367)",M.D. (PAEDIATRICS),All India,1,0,0,0,0,0,0,0,1,0,2,All India Quota Seat Matrix - Round 1.pdf
2025,AIQ,1,140,All India except Central University,"Post Graduate Institute of Medical Sciences (PGIMS),Navi Mumbai(903367)",M.S. (GENERAL SURGERY),All India,1,0,1,0,0,0,0,0,0,0,2,All India Quota Seat Matrix - Round 1.pdf
2025,AIQ,1,140,All India except Central University,"Post Graduate Institute of Medical Sciences (PGIMS),Navi Mumbai(903367)",M.S. (ORTHOPAEDICS),All India,0,0,0,0,0,0,1,0,0,0,1,All India Quota Seat Matrix - Round 1.pdf
2025,AIQ,1,140,All India except Central University,"Pt. Jawahar Lal Nehru Memorial Medical College, RAIPUR(700316)",M.D. (ANAESTHESIOLOGY),All India,2,0,0,0,2,0,0,0,1,0,5,All India Quota Seat Matrix - Round 1.pdf
2025,AIQ,1,140,All India except Central University,"Pt. Jawahar Lal Nehru Memorial Medical College, RAIPUR(700316)",M.D. (BIOCHEMISTRY),All India,0,0,1,0,0,0,1,0,0,0,2,All India Quota Seat Matrix - Round 1.pdf
2025,AIQ,1,140,All India except Central University,"Pt. Jawahar Lal Nehru Memorial Medical College, RAIPUR(700316)","M.D. (DERM.,VENE. and LEPROSY)/ (DERMATOLOGY)/(SKIN and VENEREAL DISEASES)/(VENEREOLOGY)",All India,1,0,0,0,0,1,0,0,0,0,2,All India Quota Seat Matrix - Round 1.pdf
2025,AIQ,1,140,All India except Central University,"Pt. Jawahar Lal Nehru Memorial Medical College, RAIPUR(700316)",M.D. (FORENSIC MEDICINE),All India,1,0,0,0,1,0,0,0,0,0,2,All India Quota Seat Matrix - Round 1.pdf
2025,AIQ,1,140,All India except Central University,"Pt. Jawahar Lal Nehru Memorial Medical College, RAIPUR(700316)",M.D. (GENERAL MEDICINE),All India,3,0,1,0,1,0,1,0,1,0,7,All India Quota Seat Matrix - Round 1.pdf
2025,AIQ,1,140,All India except Central University,"Pt. Jawahar Lal Nehru Memorial Medical College, RAIPUR(700316)",M.D. (MICROBIOLOGY),All India,0,0,0,0,1,0,1,0,1,0,3,All India Quota Seat Matrix - Round 1.pdf
2025,AIQ,1,140,All India except Central University,"Pt. Jawahar Lal Nehru Memorial Medical College, RAIPUR(700316)",M.D. (Obst. and Gynae)/MS (Obstetrics and Gynaecology),All India,3,0,1,0,1,0,1,0,0,0,6,All India Quota Seat Matrix - Round 1.pdf
2025,AIQ,1,140,All India except Central University,"Pt. Jawahar Lal Nehru Memorial Medical College, RAIPUR(700316)",M.D. (PAEDIATRICS),All India,3,0,0,0,2,0,1,0,0,0,6,All India Quota Seat Matrix - Round 1.pdf
2025,AIQ,1,140,All India except Central University,"Pt. Jawahar Lal Nehru Memorial Medical College, RAIPUR(700316)",M.D. (PATHOLOGY),All India,3,0,1,0,1,0,0,0,0,0,5,All India Quota Seat Matrix - Round 1.pdf
2025,AIQ,1,140,All India except Central University,"Pt. Jawahar Lal Nehru Memorial Medical College, RAIPUR(700316)",M.D. (PHARMACOLOGY),All India,0,0,0,0,1,0,0,0,0,0,1,All India Quota Seat Matrix - Round 1.pdf
2025,AIQ,1,140,All India except Central University,"Pt. Jawahar Lal Nehru Memorial Medical College, RAIPUR(700316)",M.D. (PHYSIOLOGY),All India,0,0,0,0,0,0,0,1,0,0,1,All India Quota Seat Matrix - Round 1.pdf
2025,AIQ,1,140,All India except Central University,"Pt. Jawahar Lal Nehru Memorial Medical College, RAIPUR(700316)",M.D. (PREVENTIVE and SOCIAL MEDICINE)/ COMMUNITY MEDICINE,All India,1,0,1,0,1,0,0,0,0,1,4,All India Quota Seat Matrix - Round 1.pdf
2025,AIQ,1,140,All India except Central University,"Pt. Jawahar Lal Nehru Memorial Medical College, RAIPUR(700316)",M.D. (PSYCHIATRY),All India,1,0,0,0,0,0,0,0,0,0,1,All India Quota Seat Matrix - Round 1.pdf
2025,AIQ,1,140,All India except Central University,"Pt. Jawahar Lal Nehru Memorial Medical College, RAIPUR(700316)",M.D. (RADIO-DIAGNOSIS),All India,3,0,0,0,2,0,1,0,0,0,6,All India Quota Seat Matrix - Round 1.pdf
2025,AIQ,1,140,All India except Central University,"Pt. Jawahar Lal Nehru Memorial Medical College, RAIPUR(700316)",M.D. (Radiotherapy/ Radiation Oncology),All India,0,0,0,0,1,0,1,0,1,0,3,All India Quota Seat Matrix - Round 1.pdf
2025,AIQ,1,141,All India except Central University,"Pt. Jawahar Lal Nehru Memorial Medical College, RAIPUR(700316)",M.D. (Tuberculosis and Respiratory diseases)/Pulmonary Medicine /M.D. (Respiratory Medicine),All India,1,0,1,0,0,0,0,0,0,0,2,All India Quota Seat Matrix - Round 1.pdf
2025,AIQ,1,141,All India except Central University,"Pt. Jawahar Lal Nehru Memorial Medical College, RAIPUR(700316)",M.S. (E.N.T.),All India,1,0,0,0,0,0,0,0,0,0,1,All India Quota Seat Matrix - Round 1.pdf
2025,AIQ,1,141,All India except Central University,"Pt. Jawahar Lal Nehru Memorial Medical College, RAIPUR(700316)",M.S. (GENERAL SURGERY),All India,2,1,0,0,2,0,1,0,0,0,6,All India Quota Seat Matrix - Round 1.pdf
2025,AIQ,1,141,All India except Central University,"Pt. Jawahar Lal Nehru Memorial Medical College, RAIPUR(700316)",M.S. (OPHTHALMOLOGY),All India,1,0,1,0,2,0,0,0,0,0,4,All India Quota Seat Matrix - Round 1.pdf
2025,AIQ,1,141,All India except Central University,"Pt. Jawahar Lal Nehru Memorial Medical College, RAIPUR(700316)",M.S. (ORTHOPAEDICS),All India,1,0,0,0,0,0,1,0,1,0,3,All India Quota Seat Matrix - Round 1.pdf
2025,AIQ,1,141,All India except Central University,"Pt. Jawahar Lal Nehru Memorial Medical College, RAIPUR(700316)",MD/MS (Anatomy),All India,1,0,0,0,0,0,1,0,0,0,2,All India Quota Seat Matrix - Round 1.pdf
2025,AIQ,1,141,All India except Central University,"R G KAR MEDICAL COLLEGE, West Bengal(700395)",DIPLOMA IN ANAESTHESIOLOGY,All India,1,0,1,0,0,0,0,0,0,0,2,All India Quota Seat Matrix - Round 1.pdf
2025,AIQ,1,141,All India except Central University,"R G KAR MEDICAL COLLEGE, West Bengal(700395)",M.D. (ANAESTHESIOLOGY),All India,3,0,1,0,3,0,2,0,1,0,10,All India Quota Seat Matrix - Round 1.pdf
2025,AIQ,1,141,All India except Central University,"R G KAR MEDICAL COLLEGE, West Bengal(700395)",M.D. (BIOCHEMISTRY),All India,0,1,0,0,1,0,0,0,0,0,2,All India Quota Seat Matrix - Round 1.pdf
2025,AIQ,1,141,All India except Central University,"R G KAR MEDICAL COLLEGE, West Bengal(700395)","M.D. (DERM.,VENE. and LEPROSY)/ (DERMATOLOGY)/(SKIN and VENEREAL DISEASES)/(VENEREOLOGY)",All India,1,0,0,0,0,0,0,0,0,0,1,All India Quota Seat Matrix - Round 1.pdf
2025,AIQ,1,141,All India except Central University,"R G KAR MEDICAL COLLEGE, West Bengal(700395)",M.D. (FORENSIC MEDICINE),All India,1,0,0,0,1,0,0,0,0,0,2,All India Quota Seat Matrix - Round 1.pdf
2025,AIQ,1,141,All India except Central University,"R G KAR MEDICAL COLLEGE, West Bengal(700395)",M.D. (GENERAL MEDICINE),All India,3,0,1,0,1,0,1,0,1,0,7,All India Quota Seat Matrix - Round 1.pdf
2025,AIQ,1,141,All India except Central University,"R G KAR MEDICAL COLLEGE, West Bengal(700395)",M.D. (MICROBIOLOGY),All India,1,0,0,0,0,0,1,0,1,0,3,All India Quota Seat Matrix - Round 1.pdf
2025,AIQ,1,141,All India except Central University,"R G KAR MEDICAL COLLEGE, West Bengal(700395)",M.D. (Obst. and Gynae)/MS (Obstetrics and Gynaecology),All India,6,0,1,0,3,0,1,0,0,0,11,All India Quota Seat Matrix - Round 1.pdf
2025,AIQ,1,141,All India except Central University,"R G KAR MEDICAL COLLEGE, West Bengal(700395)",M.D. (PAEDIATRICS),All India,2,1,0,0,2,0,0,0,0,0,5,All India Quota Seat Matrix - Round 1.pdf
2025,AIQ,1,141,All India except Central University,"R G KAR MEDICAL COLLEGE, West Bengal(700395)",M.D. (PATHOLOGY),All India,0,0,1,0,0,1,1,0,1,0,4,All India Quota Seat Matrix - Round 1.pdf
2025,AIQ,1,141,All India except Central University,"R G KAR MEDICAL COLLEGE, West Bengal(700395)",M.D. (PHARMACOLOGY),All India,2,0,0,0,0,0,0,0,0,0,2,All India Quota Seat Matrix - Round 1.pdf
2025,AIQ,1,141,All India except Central University,"R G KAR MEDICAL COLLEGE, West Bengal(700395)",M.D. (PHYSICAL MED. and REHABILITATION),All India,0,0,0,0,1,0,0,0,0,0,1,All India Quota Seat Matrix - Round 1.pdf
2025,AIQ,1,141,All India except Central University,"R G KAR MEDICAL COLLEGE, West Bengal(700395)",M.D. (PHYSIOLOGY),All India,1,0,0,0,1,0,1,0,0,0,3,All India Quota Seat Matrix - Round 1.pdf
2025,AIQ,1,141,All India except Central University,"R G KAR MEDICAL COLLEGE, West Bengal(700395)",M.D. (PREVENTIVE and SOCIAL MEDICINE)/ COMMUNITY MEDICINE,All India,1,0,1,0,0,0,0,0,0,0,2,All India Quota Seat Matrix - Round 1.pdf
2025,AIQ,1,142,All India except Central University,"R G KAR MEDICAL COLLEGE, West Bengal(700395)",M.D. (PSYCHIATRY),All India,1,0,0,0,1,0,0,0,0,0,2,All India Quota Seat Matrix - Round 1.pdf
2025,AIQ,1,142,All India except Central University,"R G KAR MEDICAL COLLEGE, West Bengal(700395)",M.D. (Radiotherapy/ Radiation Oncology),All India,1,0,0,0,0,0,1,0,1,0,3,All India Quota Seat Matrix - Round 1.pdf
2025,AIQ,1,142,All India except Central University,"R G KAR MEDICAL COLLEGE, West Bengal(700395)",M.D. (Tuberculosis and Respiratory diseases)/Pulmonary Medicine /M.D. (Respiratory Medicine),All India,0,0,1,0,2,0,1,0,0,0,4,All India Quota Seat Matrix - Round 1.pdf
2025,AIQ,1,142,All India except Central University,"R G KAR MEDICAL COLLEGE, West Bengal(700395)",M.S. (E.N.T.),All India,1,0,0,0,1,0,1,0,0,0,3,All India Quota Seat Matrix - Round 1.pdf
2025,AIQ,1,142,All India except Central University,"R G KAR MEDICAL COLLEGE, West Bengal(700395)",M.S. (GENERAL SURGERY),All India,2,0,1,0,3,0,1,0,0,0,7,All India Quota Seat Matrix - Round 1.pdf
2025,AIQ,1,142,All India except Central University,"R G KAR MEDICAL COLLEGE, West Bengal(700395)",M.S. (OPHTHALMOLOGY),All India,0,0,0,0,1,0,0,1,1,0,3,All India Quota Seat Matrix - Round 1.pdf
2025,AIQ,1,142,All India except Central University,"R G KAR MEDICAL COLLEGE, West Bengal(700395)",M.S. (ORTHOPAEDICS),All India,2,0,1,0,1,0,1,0,0,0,5,All India Quota Seat Matrix - Round 1.pdf
2025,AIQ,1,142,All India except Central University,"R G KAR MEDICAL COLLEGE, West Bengal(700395)",MD/MS (Anatomy),All India,2,0,0,0,0,0,0,0,0,0,2,All India Quota Seat Matrix - Round 1.pdf
2025,AIQ,1,142,All India except Central University,"Radiation Medicine Centre (RMC), Bhabha Atomic Research Centre (BARC)(700501)",M.D. IN NUCLEAR MEDICINE,All India,3,0,0,0,0,0,0,0,0,0,3,All India Quota Seat Matrix - Round 1.pdf
2025,AIQ,1,142,All India except Central University,RAICHUR INSTITUTE OF MEDICAL SCIENCES(700411),M.D. (ANAESTHESIOLOGY),All India,0,0,0,0,0,0,1,0,0,0,1,All India Quota Seat Matrix - Round 1.pdf
2025,AIQ,1,142,All India except Central University,RAICHUR INSTITUTE OF MEDICAL SCIENCES(700411),M.D. (BIOCHEMISTRY),All India,1,0,0,0,0,0,0,0,0,0,1,All India Quota Seat Matrix - Round 1.pdf
2025,AIQ,1,142,All India except Central University,RAICHUR INSTITUTE OF MEDICAL SCIENCES(700411),"M.D. (DERM.,VENE. and LEPROSY)/ (DERMATOLOGY)/(SKIN and VENEREAL DISEASES)/(VENEREOLOGY)",All India,0,0,1,0,1,0,0,0,0,0,2,All India Quota Seat Matrix - Round 1.pdf
2025,AIQ,1,142,All India except Central University,RAICHUR INSTITUTE OF MEDICAL SCIENCES(700411),M.D. (FORENSIC MEDICINE),All India,1,0,0,0,0,0,0,0,0,0,1,All India Quota Seat Matrix - Round 1.pdf
2025,AIQ,1,142,All India except Central University,RAICHUR INSTITUTE OF MEDICAL SCIENCES(700411),M.D. (GENERAL MEDICINE),All India,1,0,0,0,1,0,0,0,0,0,2,All India Quota Seat Matrix - Round 1.pdf
2025,AIQ,1,142,All India except Central University,RAICHUR INSTITUTE OF MEDICAL SCIENCES(700411),M.D. (MICROBIOLOGY),All India,1,0,0,0,0,0,0,0,0,0,1,All India Quota Seat Matrix - Round 1.pdf
2025,AIQ,1,142,All India except Central University,RAICHUR INSTITUTE OF MEDICAL SCIENCES(700411),M.D. (Obst. and Gynae)/MS (Obstetrics and Gynaecology),All India,0,0,1,0,1,0,0,0,0,0,2,All India Quota Seat Matrix - Round 1.pdf
2025,AIQ,1,142,All India except Central University,RAICHUR INSTITUTE OF MEDICAL SCIENCES(700411),M.D. (PAEDIATRICS),All India,1,0,0,0,0,0,0,0,0,0,1,All India Quota Seat Matrix - Round 1.pdf
2025,AIQ,1,142,All India except Central University,RAICHUR INSTITUTE OF MEDICAL SCIENCES(700411),M.D. (PATHOLOGY),All India,1,0,0,0,0,0,0,0,0,0,1,All India Quota Seat Matrix - Round 1.pdf
2025,AIQ,1,142,All India except Central University,RAICHUR INSTITUTE OF MEDICAL SCIENCES(700411),M.D. (PHARMACOLOGY),All India,1,0,0,0,0,0,0,0,0,0,1,All India Quota Seat Matrix - Round 1.pdf
2025,AIQ,1,142,All India except Central University,RAICHUR INSTITUTE OF MEDICAL SCIENCES(700411),M.D. (PHYSIOLOGY),All India,0,0,0,0,1,0,0,0,0,0,1,All India Quota Seat Matrix - Round 1.pdf
2025,AIQ,1,143,All India except Central University,RAICHUR INSTITUTE OF MEDICAL SCIENCES(700411),M.S. (GENERAL SURGERY),All India,0,0,0,0,0,0,1,0,1,0,2,All India Quota Seat Matrix - Round 1.pdf
2025,AIQ,1,143,All India except Central University,RAICHUR INSTITUTE OF MEDICAL SCIENCES(700411),M.S. (OPHTHALMOLOGY),All India,0,0,0,0,0,0,1,0,0,0,1,All India Quota Seat Matrix - Round 1.pdf
2025,AIQ,1,143,All India except Central University,RAICHUR INSTITUTE OF MEDICAL SCIENCES(700411),M.S. (ORTHOPAEDICS),All India,0,0,0,0,1,0,0,0,0,0,1,All India Quota Seat Matrix - Round 1.pdf
2025,AIQ,1,143,All India except Central University,RAICHUR INSTITUTE OF MEDICAL SCIENCES(700411),MD/MS (Anatomy),All India,0,0,0,0,1,0,0,0,0,0,1,All India Quota Seat Matrix - Round 1.pdf
2025,AIQ,1,143,All India except Central University,"Rajarshee Chhatrapati Shahu Maharaj Government Medical College, Kolhapur(701496)",M.D. (ANAESTHESIOLOGY),All India,2,0,0,0,0,0,0,0,0,0,2,All India Quota Seat Matrix - Round 1.pdf
2025,AIQ,1,143,All India except Central University,"Rajarshee Chhatrapati Shahu Maharaj Government Medical College, Kolhapur(701496)",M.D. (BIOCHEMISTRY),All India,0,0,0,0,1,0,1,0,0,0,2,All India Quota Seat Matrix - Round 1.pdf
2025,AIQ,1,143,All India except Central University,"Rajarshee Chhatrapati Shahu Maharaj Government Medical College, Kolhapur(701496)",M.D. (FORENSIC MEDICINE),All India,1,0,0,0,1,0,0,0,0,0,2,All India Quota Seat Matrix - Round 1.pdf
2025,AIQ,1,143,All India except Central University,"Rajarshee Chhatrapati Shahu Maharaj Government Medical College, Kolhapur(701496)",M.D. (GENERAL MEDICINE),All India,1,0,0,0,1,0,1,0,1,0,4,All India Quota Seat Matrix - Round 1.pdf
2025,AIQ,1,143,All India except Central University,"Rajarshee Chhatrapati Shahu Maharaj Government Medical College, Kolhapur(701496)",M.D. (MICROBIOLOGY),All India,1,0,0,0,1,0,0,0,0,0,2,All India Quota Seat Matrix - Round 1.pdf
2025,AIQ,1,143,All India except Central University,"Rajarshee Chhatrapati Shahu Maharaj Government Medical College, Kolhapur(701496)",M.D. (Obst. and Gynae)/MS (Obstetrics and Gynaecology),All India,1,0,0,0,0,0,1,0,0,0,2,All India Quota Seat Matrix - Round 1.pdf
2025,AIQ,1,143,All India except Central University,"Rajarshee Chhatrapati Shahu Maharaj Government Medical College, Kolhapur(701496)",M.D. (PAEDIATRICS),All India,1,0,0,0,1,0,1,0,1,0,4,All India Quota Seat Matrix - Round 1.pdf
2025,AIQ,1,143,All India except Central University,"Rajarshee Chhatrapati Shahu Maharaj Government Medical College, Kolhapur(701496)",M.D. (PATHOLOGY),All India,1,0,0,0,1,0,0,0,0,0,2,All India Quota Seat Matrix - Round 1.pdf
2025,AIQ,1,143,All India except Central University,"Rajarshee Chhatrapati Shahu Maharaj Government Medical College, Kolhapur(701496)",M.D. (PHARMACOLOGY),All India,1,0,0,0,0,0,0,0,0,0,1,All India Quota Seat Matrix - Round 1.pdf
2025,AIQ,1,143,All India except Central University,"Rajarshee Chhatrapati Shahu Maharaj Government Medical College, Kolhapur(701496)",M.D. (PHYSIOLOGY),All India,1,0,0,0,1,0,0,0,0,0,2,All India Quota Seat Matrix - Round 1.pdf
2025,AIQ,1,143,All India except Central University,"Rajarshee Chhatrapati Shahu Maharaj Government Medical College, Kolhapur(701496)",M.D. (PREVENTIVE and SOCIAL MEDICINE)/ COMMUNITY MEDICINE,All India,0,0,1,0,1,0,1,0,0,0,3,All India Quota Seat Matrix - Round 1.pdf
2025,AIQ,1,143,All India except Central University,"Rajarshee Chhatrapati Shahu Maharaj Government Medical College, Kolhapur(701496)",M.D. (PSYCHIATRY),All India,1,0,0,0,0,0,0,0,0,0,1,All India Quota Seat Matrix - Round 1.pdf
2025,AIQ,1,143,All India except Central University,"Rajarshee Chhatrapati Shahu Maharaj Government Medical College, Kolhapur(701496)",M.D. (RADIO-DIAGNOSIS),All India,0,1,0,0,0,0,0,0,0,0,1,All India Quota Seat Matrix - Round 1.pdf
2025,AIQ,1,143,All India except Central University,"Rajarshee Chhatrapati Shahu Maharaj Government Medical College, Kolhapur(701496)",M.D. (Tuberculosis and Respiratory diseases)/Pulmonary Medicine /M.D. (Respiratory Medicine),All India,1,0,0,0,0,0,0,0,0,0,1,All India Quota Seat Matrix - Round 1.pdf
2025,AIQ,1,143,All India except Central University,"Rajarshee Chhatrapati Shahu Maharaj Government Medical College, Kolhapur(701496)",M.S. (E.N.T.),All India,1,0,0,0,0,0,0,0,0,0,1,All India Quota Seat Matrix - Round 1.pdf
2025,AIQ,1,143,All India except Central University,"Rajarshee Chhatrapati Shahu Maharaj Government Medical College, Kolhapur(701496)",M.S. (GENERAL SURGERY),All India,1,0,1,0,0,0,0,0,0,0,2,All India Quota Seat Matrix - Round 1.pdf
2025,AIQ,1,144,All India except Central University,"Rajarshee Chhatrapati Shahu Maharaj Government Medical College, Kolhapur(701496)",M.S. (OPHTHALMOLOGY),All India,0,0,0,0,1,0,0,0,0,0,1,All India Quota Seat Matrix - Round 1.pdf
2025,AIQ,1,144,All India except Central University,"Rajarshee Chhatrapati Shahu Maharaj Government Medical College, Kolhapur(701496)",M.S. (ORTHOPAEDICS),All India,1,0,1,0,0,0,0,0,0,0,2,All India Quota Seat Matrix - Round 1.pdf
2025,AIQ,1,144,All India except Central University,"Rajarshee Chhatrapati Shahu Maharaj Government Medical College, Kolhapur(701496)",MD/MS (Anatomy),All India,0,0,1,0,1,0,0,0,0,0,2,All India Quota Seat Matrix - Round 1.pdf
2025,AIQ,1,144,All India except Central University,"Rajendra Institute of Medical Sciences, Ranchi(700418)",M.D. (ANAESTHESIOLOGY),All India,2,1,1,0,2,0,1,0,1,0,8,All India Quota Seat Matrix - Round 1.pdf
2025,AIQ,1,144,All India except Central University,"Rajendra Institute of Medical Sciences, Ranchi(700418)",M.D. (BIOCHEMISTRY),All India,2,0,0,0,1,0,0,0,0,0,3,All India Quota Seat Matrix - Round 1.pdf
2025,AIQ,1,144,All India except Central University,"Rajendra Institute of Medical Sciences, Ranchi(700418)","M.D. (DERM.,VENE. and LEPROSY)/ (DERMATOLOGY)/(SKIN and VENEREAL DISEASES)/(VENEREOLOGY)",All India,0,0,0,0,1,0,1,0,0,0,2,All India Quota Seat Matrix - Round 1.pdf
2025,AIQ,1,144,All India except Central University,"Rajendra Institute of Medical Sciences, Ranchi(700418)",M.D. (FORENSIC MEDICINE),All India,2,0,1,0,0,0,0,0,0,0,3,All India Quota Seat Matrix - Round 1.pdf
2025,AIQ,1,144,All India except Central University,"Rajendra Institute of Medical Sciences, Ranchi(700418)",M.D. (GENERAL MEDICINE),All India,2,0,0,0,3,0,2,0,1,0,8,All India Quota Seat Matrix - Round 1.pdf
2025,AIQ,1,144,All India except Central University,"Rajendra Institute of Medical Sciences, Ranchi(700418)",M.D. (MICROBIOLOGY),All India,1,0,0,0,1,0,1,0,0,0,3,All India Quota Seat Matrix - Round 1.pdf
2025,AIQ,1,144,All India except Central University,"Rajendra Institute of Medical Sciences, Ranchi(700418)",M.D. (Obst. and Gynae)/MS (Obstetrics and Gynaecology),All India,3,0,0,0,2,0,1,0,1,0,7,All India Quota Seat Matrix - Round 1.pdf
2025,AIQ,1,144,All India except Central University,"Rajendra Institute of Medical Sciences, Ranchi(700418)",M.D. (PAEDIATRICS),All India,3,0,0,0,1,1,1,0,1,0,7,All India Quota Seat Matrix - Round 1.pdf
2025,AIQ,1,144,All India except Central University,"Rajendra Institute of Medical Sciences, Ranchi(700418)",M.D. (PATHOLOGY),All India,4,0,1,0,3,0,1,0,0,0,9,All India Quota Seat Matrix - Round 1.pdf
2025,AIQ,1,144,All India except Central University,"Rajendra Institute of Medical Sciences, Ranchi(700418)",M.D. (PHARMACOLOGY),All India,1,0,1,0,1,0,1,0,1,0,5,All India Quota Seat Matrix - Round 1.pdf
2025,AIQ,1,144,All India except Central University,"Rajendra Institute of Medical Sciences, Ranchi(700418)",M.D. (PHYSIOLOGY),All India,2,0,0,0,1,0,1,0,0,0,4,All India Quota Seat Matrix - Round 1.pdf
2025,AIQ,1,144,All India except Central University,"Rajendra Institute of Medical Sciences, Ranchi(700418)",M.D. (PREVENTIVE and SOCIAL MEDICINE)/ COMMUNITY MEDICINE,All India,0,0,0,1,1,0,0,1,0,0,3,All India Quota Seat Matrix - Round 1.pdf
2025,AIQ,1,144,All India except Central University,"Rajendra Institute of Medical Sciences, Ranchi(700418)",M.D. (RADIO-DIAGNOSIS),All India,1,0,0,0,1,0,0,0,0,1,3,All India Quota Seat Matrix - Round 1.pdf
2025,AIQ,1,144,All India except Central University,"Rajendra Institute of Medical Sciences, Ranchi(700418)",M.S. (E.N.T.),All India,2,0,0,0,1,0,0,0,0,0,3,All India Quota Seat Matrix - Round 1.pdf
2025,AIQ,1,144,All India except Central University,"Rajendra Institute of Medical Sciences, Ranchi(700418)",M.S. (GENERAL SURGERY),All India,5,0,2,0,3,0,1,0,1,0,12,All India Quota Seat Matrix - Round 1.pdf
2025,AIQ,1,144,All India except Central University,"Rajendra Institute of Medical Sciences, Ranchi(700418)",M.S. (OPHTHALMOLOGY),All India,1,1,1,0,1,0,0,0,0,0,4,All India Quota Seat Matrix - Round 1.pdf
2025,AIQ,1,144,All India except Central University,"Rajendra Institute of Medical Sciences, Ranchi(700418)",M.S. (ORTHOPAEDICS),All India,1,0,1,0,0,0,1,0,0,0,3,All India Quota Seat Matrix - Round 1.pdf
2025,AIQ,1,145,All India except Central University,"Rajendra Institute of Medical Sciences, Ranchi(700418)",MD/MS (Anatomy),All India,1,0,0,0,1,0,1,0,0,0,3,All India Quota Seat Matrix - Round 1.pdf
2025,AIQ,1,145,All India except Central University,Rajiv Gandhi Institute of Medical Sciences Srikakulam(700485),M.D. (ANAESTHESIOLOGY),All India,1,0,0,0,0,0,1,0,0,0,2,All India Quota Seat Matrix - Round 1.pdf
2025,AIQ,1,145,All India except Central University,Rajiv Gandhi Institute of Medical Sciences Srikakulam(700485),M.D. (BIOCHEMISTRY),All India,0,0,0,0,1,0,0,0,0,0,1,All India Quota Seat Matrix - Round 1.pdf
2025,AIQ,1,145,All India except Central University,Rajiv Gandhi Institute of Medical Sciences Srikakulam(700485),"M.D. (DERM.,VENE. and LEPROSY)/ (DERMATOLOGY)/(SKIN and VENEREAL DISEASES)/(VENEREOLOGY)",All India,1,0,0,0,0,0,0,0,1,0,2,All India Quota Seat Matrix - Round 1.pdf
2025,AIQ,1,145,All India except Central University,Rajiv Gandhi Institute of Medical Sciences Srikakulam(700485),M.D. (Emergency and Critical Care)/M.D. (Emergency Medicine),All India,1,0,0,0,1,0,0,0,0,0,2,All India Quota Seat Matrix - Round 1.pdf
2025,AIQ,1,145,All India except Central University,Rajiv Gandhi Institute of Medical Sciences Srikakulam(700485),M.D. (FORENSIC MEDICINE),All India,1,0,0,0,0,0,0,0,0,0,1,All India Quota Seat Matrix - Round 1.pdf
2025,AIQ,1,145,All India except Central University,Rajiv Gandhi Institute of Medical Sciences Srikakulam(700485),M.D. (GENERAL MEDICINE),All India,3,0,1,0,2,0,1,0,1,0,8,All India Quota Seat Matrix - Round 1.pdf
2025,AIQ,1,145,All India except Central University,Rajiv Gandhi Institute of Medical Sciences Srikakulam(700485),M.D. (MICROBIOLOGY),All India,1,0,0,0,0,0,1,0,0,0,2,All India Quota Seat Matrix - Round 1.pdf
2025,AIQ,1,145,All India except Central University,Rajiv Gandhi Institute of Medical Sciences Srikakulam(700485),M.D. (Obst. and Gynae)/MS (Obstetrics and Gynaecology),All India,2,0,0,1,2,0,1,0,1,0,7,All India Quota Seat Matrix - Round 1.pdf
2025,AIQ,1,145,All India except Central University,Rajiv Gandhi Institute of Medical Sciences Srikakulam(700485),M.D. (PAEDIATRICS),All India,1,0,0,0,0,0,0,0,0,0,1,All India Quota Seat Matrix - Round 1.pdf
2025,AIQ,1,145,All India except Central University,Rajiv Gandhi Institute of Medical Sciences Srikakulam(700485),M.D. (PATHOLOGY),All India,0,0,0,0,0,0,1,0,0,0,1,All India Quota Seat Matrix - Round 1.pdf
2025,AIQ,1,145,All India except Central University,Rajiv Gandhi Institute of Medical Sciences Srikakulam(700485),M.D. (PHARMACOLOGY),All India,0,0,0,0,1,0,0,0,0,0,1,All India Quota Seat Matrix - Round 1.pdf
2025,AIQ,1,145,All India except Central University,Rajiv Gandhi Institute of Medical Sciences Srikakulam(700485),M.D. (PHYSIOLOGY),All India,1,0,0,0,0,0,0,0,0,0,1,All India Quota Seat Matrix - Round 1.pdf
2025,AIQ,1,145,All India except Central University,Rajiv Gandhi Institute of Medical Sciences Srikakulam(700485),M.D. (PREVENTIVE and SOCIAL MEDICINE)/ COMMUNITY MEDICINE,All India,0,0,1,0,0,0,0,0,0,0,1,All India Quota Seat Matrix - Round 1.pdf
2025,AIQ,1,145,All India except Central University,Rajiv Gandhi Institute of Medical Sciences Srikakulam(700485),M.D. (PSYCHIATRY),All India,1,0,0,0,0,0,0,0,0,0,1,All India Quota Seat Matrix - Round 1.pdf
2025,AIQ,1,145,All India except Central University,Rajiv Gandhi Institute of Medical Sciences Srikakulam(700485),M.D. (RADIO-DIAGNOSIS),All India,1,0,0,0,1,0,1,0,0,0,3,All India Quota Seat Matrix - Round 1.pdf
2025,AIQ,1,145,All India except Central University,Rajiv Gandhi Institute of Medical Sciences Srikakulam(700485),M.S. (E.N.T.),All India,0,0,1,0,1,0,1,0,0,0,3,All India Quota Seat Matrix - Round 1.pdf
2025,AIQ,1,145,All India except Central University,Rajiv Gandhi Institute of Medical Sciences Srikakulam(700485),M.S. (GENERAL SURGERY),All India,1,0,0,0,1,0,0,0,0,0,2,All India Quota Seat Matrix - Round 1.pdf
2025,AIQ,1,145,All India except Central University,Rajiv Gandhi Institute of Medical Sciences Srikakulam(700485),M.S. (OPHTHALMOLOGY),All India,1,0,0,0,0,0,0,0,0,0,1,All India Quota Seat Matrix - Round 1.pdf
2025,AIQ,1,145,All India except Central University,Rajiv Gandhi Institute of Medical Sciences Srikakulam(700485),M.S. (ORTHOPAEDICS),All India,1,0,0,0,1,0,0,0,0,0,2,All India Quota Seat Matrix - Round 1.pdf
2025,AIQ,1,146,All India except Central University,Rajiv Gandhi Institute of Medical Sciences Srikakulam(700485),MD/MS (Anatomy),All India,1,0,0,0,0,0,0,0,0,0,1,All India Quota Seat Matrix - Round 1.pdf
2025,AIQ,1,146,All India except Central University,RAJIV GANDHI INSTITUTE OF MEDICAL SCIENCES(700535),M.D. (ANAESTHESIOLOGY),All India,1,0,0,0,0,0,1,0,1,0,3,All India Quota Seat Matrix - Round 1.pdf
2025,AIQ,1,146,All India except Central University,RAJIV GANDHI INSTITUTE OF MEDICAL SCIENCES(700535),M.D. (BIOCHEMISTRY),All India,0,0,0,0,1,0,0,0,0,0,1,All India Quota Seat Matrix - Round 1.pdf
2025,AIQ,1,146,All India except Central University,RAJIV GANDHI INSTITUTE OF MEDICAL SCIENCES(700535),"M.D. (DERM.,VENE. and LEPROSY)/ (DERMATOLOGY)/(SKIN and VENEREAL DISEASES)/(VENEREOLOGY)",All India,1,0,1,0,0,0,0,0,0,0,2,All India Quota Seat Matrix - Round 1.pdf
2025,AIQ,1,146,All India except Central University,RAJIV GANDHI INSTITUTE OF MEDICAL SCIENCES(700535),M.D. (FORENSIC MEDICINE),All India,0,0,0,0,1,0,0,0,0,0,1,All India Quota Seat Matrix - Round 1.pdf
2025,AIQ,1,146,All India except Central University,RAJIV GANDHI INSTITUTE OF MEDICAL SCIENCES(700535),M.D. (GENERAL MEDICINE),All India,1,0,0,0,1,0,1,0,0,0,3,All India Quota Seat Matrix - Round 1.pdf
2025,AIQ,1,146,All India except Central University,RAJIV GANDHI INSTITUTE OF MEDICAL SCIENCES(700535),M.D. (Obst. and Gynae)/MS (Obstetrics and Gynaecology),All India,0,0,0,0,1,0,0,0,0,0,1,All India Quota Seat Matrix - Round 1.pdf
2025,AIQ,1,146,All India except Central University,RAJIV GANDHI INSTITUTE OF MEDICAL SCIENCES(700535),M.D. (PATHOLOGY),All India,0,0,0,0,1,0,1,0,0,0,2,All India Quota Seat Matrix - Round 1.pdf
2025,AIQ,1,146,All India except Central University,RAJIV GANDHI INSTITUTE OF MEDICAL SCIENCES(700535),M.D. (PHARMACOLOGY),All India,3,0,0,0,0,0,0,0,0,0,3,All India Quota Seat Matrix - Round 1.pdf
2025,AIQ,1,146,All India except Central University,RAJIV GANDHI INSTITUTE OF MEDICAL SCIENCES(700535),M.D. (PHYSIOLOGY),All India,1,0,0,0,1,0,0,0,0,0,2,All India Quota Seat Matrix - Round 1.pdf
2025,AIQ,1,146,All India except Central University,RAJIV GANDHI INSTITUTE OF MEDICAL SCIENCES(700535),M.D. (PREVENTIVE and SOCIAL MEDICINE)/ COMMUNITY MEDICINE,All India,1,0,0,0,0,0,1,0,0,0,2,All India Quota Seat Matrix - Round 1.pdf
2025,AIQ,1,146,All India except Central University,RAJIV GANDHI INSTITUTE OF MEDICAL SCIENCES(700535),M.D. (Tuberculosis and Respiratory diseases)/Pulmonary Medicine /M.D. (Respiratory Medicine),All India,0,0,0,0,1,0,0,0,1,0,2,All India Quota Seat Matrix - Round 1.pdf
2025,AIQ,1,146,All India except Central University,RAJIV GANDHI INSTITUTE OF MEDICAL SCIENCES(700535),M.S. (E.N.T.),All India,1,0,0,0,0,0,0,0,0,0,1,All India Quota Seat Matrix - Round 1.pdf
2025,AIQ,1,146,All India except Central University,RAJIV GANDHI INSTITUTE OF MEDICAL SCIENCES(700535),M.S. (GENERAL SURGERY),All India,2,0,1,0,0,0,0,0,0,0,3,All India Quota Seat Matrix - Round 1.pdf
2025,AIQ,1,146,All India except Central University,RAJIV GANDHI INSTITUTE OF MEDICAL SCIENCES(700535),M.S. (OPHTHALMOLOGY),All India,0,0,0,0,0,0,1,0,1,0,2,All India Quota Seat Matrix - Round 1.pdf
2025,AIQ,1,146,All India except Central University,RAJIV GANDHI INSTITUTE OF MEDICAL SCIENCES(700535),M.S. (ORTHOPAEDICS),All India,1,0,1,0,1,0,0,0,0,0,3,All India Quota Seat Matrix - Round 1.pdf
2025,AIQ,1,146,All India except Central University,RAJIV GANDHI INSTITUTE OF MEDICAL SCIENCES(700535),MD/MS (Anatomy),All India,1,0,0,0,1,0,0,0,0,0,2,All India Quota Seat Matrix - Round 1.pdf
2025,AIQ,1,146,All India except Central University,RAJIV GANDHI MEDICAL COLLEGE KALWA THANE(700517),M.D. (BIOCHEMISTRY),All India,0,0,0,0,1,0,0,0,0,0,1,All India Quota Seat Matrix - Round 1.pdf
2025,AIQ,1,146,All India except Central University,RAJIV GANDHI MEDICAL COLLEGE KALWA THANE(700517),M.D. (FORENSIC MEDICINE),All India,0,0,0,0,0,0,0,1,1,0,2,All India Quota Seat Matrix - Round 1.pdf
2025,AIQ,1,146,All India except Central University,RAJIV GANDHI MEDICAL COLLEGE KALWA THANE(700517),M.D. (MICROBIOLOGY),All India,0,0,1,0,1,0,0,0,0,0,2,All India Quota Seat Matrix - Round 1.pdf
2025,AIQ,1,147,All India except Central University,RAJIV GANDHI MEDICAL COLLEGE KALWA THANE(700517),M.D. (PATHOLOGY),All India,2,0,0,0,0,0,1,0,0,0,3,All India Quota Seat Matrix - Round 1.pdf
2025,AIQ,1,147,All India except Central University,RAJIV GANDHI MEDICAL COLLEGE KALWA THANE(700517),M.D. (PHARMACOLOGY),All India,0,0,0,0,1,0,0,0,0,0,1,All India Quota Seat Matrix - Round 1.pdf
2025,AIQ,1,147,All India except Central University,RAJIV GANDHI MEDICAL COLLEGE KALWA THANE(700517),M.D. (PHYSIOLOGY),All India,1,0,0,0,0,0,0,0,0,0,1,All India Quota Seat Matrix - Round 1.pdf
2025,AIQ,1,147,All India except Central University,RAJIV GANDHI MEDICAL COLLEGE KALWA THANE(700517),M.D. (PREVENTIVE and SOCIAL MEDICINE)/ COMMUNITY MEDICINE,All India,2,0,0,0,1,0,1,0,0,0,4,All India Quota Seat Matrix - Round 1.pdf
2025,AIQ,1,147,All India except Central University,"Rajkiya Medical College, Jalaun(701514)",M.D. (ANAESTHESIOLOGY),All India,2,0,0,0,1,0,0,0,0,0,3,All India Quota Seat Matrix - Round 1.pdf
2025,AIQ,1,147,All India except Central University,"Rajkiya Medical College, Jalaun(701514)",M.D. (GENERAL MEDICINE),All India,0,0,0,0,1,0,1,0,0,0,2,All India Quota Seat Matrix - Round 1.pdf
2025,AIQ,1,147,All India except Central University,"Rajkiya Medical College, Jalaun(701514)",M.D. (Obst. and Gynae)/MS (Obstetrics and Gynaecology),All India,0,0,0,0,1,0,0,0,0,0,1,All India Quota Seat Matrix - Round 1.pdf
2025,AIQ,1,147,All India except Central University,"Rajkiya Medical College, Jalaun(701514)",M.D. (PAEDIATRICS),All India,1,0,1,0,1,0,0,0,0,0,3,All India Quota Seat Matrix - Round 1.pdf
2025,AIQ,1,147,All India except Central University,"Rajkiya Medical College, Jalaun(701514)",M.D. (PATHOLOGY),All India,1,0,0,0,0,0,0,0,0,0,1,All India Quota Seat Matrix - Round 1.pdf
2025,AIQ,1,147,All India except Central University,"Rajkiya Medical College, Jalaun(701514)",M.D. (PREVENTIVE and SOCIAL MEDICINE)/ COMMUNITY MEDICINE,All India,0,0,0,0,1,0,1,0,0,0,2,All India Quota Seat Matrix - Round 1.pdf
2025,AIQ,1,147,All India except Central University,"Rajkiya Medical College, Jalaun(701514)",M.S. (GENERAL SURGERY),All India,2,0,0,0,0,0,0,0,0,0,2,All India Quota Seat Matrix - Round 1.pdf
2025,AIQ,1,147,All India except Central University,"Rajkiya Medical College, Jalaun(701514)",M.S. (OPHTHALMOLOGY),All India,1,0,0,0,0,0,0,0,0,0,1,All India Quota Seat Matrix - Round 1.pdf
2025,AIQ,1,147,All India except Central University,"Rajkiya Medical College, Jalaun(701514)",M.S. (ORTHOPAEDICS),All India,0,0,0,0,0,0,1,0,1,0,2,All India Quota Seat Matrix - Round 1.pdf
2025,AIQ,1,147,All India except Central University,"Rajkiya Medical College, Jalaun(701514)",MD/MS (Anatomy),All India,0,0,1,0,0,0,0,0,0,0,1,All India Quota Seat Matrix - Round 1.pdf
2025,AIQ,1,147,All India except Central University,"Rajmata Shrimati Devendra Kumari Singhdeo Government Medical College, Ambikapur(701708)",M.D. (ANAESTHESIOLOGY),All India,0,0,0,0,1,0,1,0,0,0,2,All India Quota Seat Matrix - Round 1.pdf
2025,AIQ,1,147,All India except Central University,"Rajmata Shrimati Devendra Kumari Singhdeo Government Medical College, Ambikapur(701708)",M.D. (GENERAL MEDICINE),All India,1,1,1,0,0,0,0,0,0,0,3,All India Quota Seat Matrix - Round 1.pdf
2025,AIQ,1,147,All India except Central University,"Rajmata Shrimati Devendra Kumari Singhdeo Government Medical College, Ambikapur(701708)",M.D. (MICROBIOLOGY),All India,0,0,0,0,0,0,0,0,1,0,1,All India Quota Seat Matrix - Round 1.pdf
2025,AIQ,1,147,All India except Central University,"Rajmata Shrimati Devendra Kumari Singhdeo Government Medical College, Ambikapur(701708)",M.D. (Obst. and Gynae)/MS (Obstetrics and Gynaecology),All India,1,0,0,0,0,1,0,0,0,0,2,All India Quota Seat Matrix - Round 1.pdf
2025,AIQ,1,147,All India except Central University,"Rajmata Shrimati Devendra Kumari Singhdeo Government Medical College, Ambikapur(701708)",M.D. (PAEDIATRICS),All India,0,0,0,0,1,0,0,0,0,0,1,All India Quota Seat Matrix - Round 1.pdf
2025,AIQ,1,147,All India except Central University,"Rajmata Shrimati Devendra Kumari Singhdeo Government Medical College, Ambikapur(701708)",M.D. (PATHOLOGY),All India,2,0,0,0,0,0,0,0,0,0,2,All India Quota Seat Matrix - Round 1.pdf
2025,AIQ,1,147,All India except Central University,"Rajmata Shrimati Devendra Kumari Singhdeo Government Medical College, Ambikapur(701708)",M.D. (PHARMACOLOGY),All India,1,0,0,0,1,0,0,0,0,0,2,All India Quota Seat Matrix - Round 1.pdf
2025,AIQ,1,148,All India except Central University,"Rajmata Shrimati Devendra Kumari Singhdeo Government Medical College, Ambikapur(701708)",M.D. (PHYSIOLOGY),All India,2,0,0,0,0,0,0,0,0,0,2,All India Quota Seat Matrix - Round 1.pdf
2025,AIQ,1,148,All India except Central University,"Rajmata Shrimati Devendra Kumari Singhdeo Government Medical College, Ambikapur(701708)",M.D. (PREVENTIVE and SOCIAL MEDICINE)/ COMMUNITY MEDICINE,All India,0,0,0,0,0,0,1,0,0,0,1,All India Quota Seat Matrix - Round 1.pdf
2025,AIQ,1,148,All India except Central University,"Rajmata Shrimati Devendra Kumari Singhdeo Government Medical College, Ambikapur(701708)",M.S. (E.N.T.),All India,1,0,0,0,1,0,0,0,0,0,2,All India Quota Seat Matrix - Round 1.pdf
2025,AIQ,1,148,All India except Central University,"Rajmata Shrimati Devendra Kumari Singhdeo Government Medical College, Ambikapur(701708)",M.S. (GENERAL SURGERY),All India,0,0,0,0,1,0,1,0,0,0,2,All India Quota Seat Matrix - Round 1.pdf
2025,AIQ,1,148,All India except Central University,"Rajmata Shrimati Devendra Kumari Singhdeo Government Medical College, Ambikapur(701708)",M.S. (OPHTHALMOLOGY),All India,0,0,1,0,0,0,0,0,0,0,1,All India Quota Seat Matrix - Round 1.pdf
2025,AIQ,1,148,All India except Central University,"Rajmata Shrimati Devendra Kumari Singhdeo Government Medical College, Ambikapur(701708)",M.S. (ORTHOPAEDICS),All India,0,0,0,0,0,0,1,0,0,0,1,All India Quota Seat Matrix - Round 1.pdf
2025,AIQ,1,148,All India except Central University,"Rajmata Shrimati Devendra Kumari Singhdeo Government Medical College, Ambikapur(701708)",MD/MS (Anatomy),All India,1,0,0,0,0,0,0,0,0,0,1,All India Quota Seat Matrix - Round 1.pdf
2025,AIQ,1,148,All India except Central University,Rangaraya Medical College(700470),M.D. (ANAESTHESIOLOGY),All India,2,1,1,0,3,0,1,0,1,0,9,All India Quota Seat Matrix - Round 1.pdf
2025,AIQ,1,148,All India except Central University,Rangaraya Medical College(700470),M.D. (BIOCHEMISTRY),All India,2,0,0,0,0,0,0,0,0,0,2,All India Quota Seat Matrix - Round 1.pdf
2025,AIQ,1,148,All India except Central University,Rangaraya Medical College(700470),"M.D. (DERM.,VENE. and LEPROSY)/ (DERMATOLOGY)/(SKIN and VENEREAL DISEASES)/(VENEREOLOGY)",All India,0,0,0,0,0,1,1,0,0,0,2,All India Quota Seat Matrix - Round 1.pdf
2025,AIQ,1,148,All India except Central University,Rangaraya Medical College(700470),M.D. (FORENSIC MEDICINE),All India,2,0,0,0,0,0,0,0,0,0,2,All India Quota Seat Matrix - Round 1.pdf
2025,AIQ,1,148,All India except Central University,Rangaraya Medical College(700470),M.D. (GENERAL MEDICINE),All India,3,0,1,0,3,0,2,0,1,0,10,All India Quota Seat Matrix - Round 1.pdf
2025,AIQ,1,148,All India except Central University,Rangaraya Medical College(700470),M.D. (Hospital Administration),All India,1,0,0,0,0,0,1,0,0,0,2,All India Quota Seat Matrix - Round 1.pdf
2025,AIQ,1,148,All India except Central University,Rangaraya Medical College(700470),M.D. (MICROBIOLOGY),All India,3,0,0,0,1,0,0,0,1,0,5,All India Quota Seat Matrix - Round 1.pdf
2025,AIQ,1,148,All India except Central University,Rangaraya Medical College(700470),M.D. (Obst. and Gynae)/MS (Obstetrics and Gynaecology),All India,2,1,1,0,3,0,1,0,0,0,8,All India Quota Seat Matrix - Round 1.pdf
2025,AIQ,1,148,All India except Central University,Rangaraya Medical College(700470),M.D. (PAEDIATRICS),All India,2,0,1,0,2,0,2,0,1,0,8,All India Quota Seat Matrix - Round 1.pdf
2025,AIQ,1,148,All India except Central University,Rangaraya Medical College(700470),M.D. (PATHOLOGY),All India,3,0,1,0,2,0,1,0,0,0,7,All India Quota Seat Matrix - Round 1.pdf
2025,AIQ,1,148,All India except Central University,Rangaraya Medical College(700470),M.D. (PHARMACOLOGY),All India,1,0,1,0,1,0,1,0,1,0,5,All India Quota Seat Matrix - Round 1.pdf
2025,AIQ,1,148,All India except Central University,Rangaraya Medical College(700470),M.D. (PREVENTIVE and SOCIAL MEDICINE)/ COMMUNITY MEDICINE,All India,3,0,0,0,1,1,0,0,0,0,5,All India Quota Seat Matrix - Round 1.pdf
2025,AIQ,1,148,All India except Central University,Rangaraya Medical College(700470),M.D. (PSYCHIATRY),All India,2,0,0,0,0,0,0,0,0,0,2,All India Quota Seat Matrix - Round 1.pdf
2025,AIQ,1,149,All India except Central University,Rangaraya Medical College(700470),M.D. (RADIO-DIAGNOSIS),All India,0,0,0,0,1,0,1,0,1,0,3,All India Quota Seat Matrix - Round 1.pdf
2025,AIQ,1,149,All India except Central University,Rangaraya Medical College(700470),M.D. (Radiotherapy/ Radiation Oncology),All India,1,0,1,0,0,0,0,0,0,0,2,All India Quota Seat Matrix - Round 1.pdf
2025,AIQ,1,149,All India except Central University,Rangaraya Medical College(700470),M.D. (Tuberculosis and Respiratory diseases)/Pulmonary Medicine /M.D. (Respiratory Medicine),All India,1,0,0,0,1,0,0,0,0,0,2,All India Quota Seat Matrix - Round 1.pdf
2025,AIQ,1,149,All India except Central University,Rangaraya Medical College(700470),M.S. (E.N.T.),All India,1,0,1,0,1,0,0,0,1,0,4,All India Quota Seat Matrix - Round 1.pdf
2025,AIQ,1,149,All India except Central University,Rangaraya Medical College(700470),M.S. (GENERAL SURGERY),All India,4,0,1,0,3,0,1,0,0,0,9,All India Quota Seat Matrix - Round 1.pdf
2025,AIQ,1,149,All India except Central University,Rangaraya Medical College(700470),M.S. (OPHTHALMOLOGY),All India,2,0,1,0,1,0,0,1,1,0,6,All India Quota Seat Matrix - Round 1.pdf
2025,AIQ,1,149,All India except Central University,Rangaraya Medical College(700470),M.S. (ORTHOPAEDICS),All India,3,0,0,0,2,0,1,0,0,0,6,All India Quota Seat Matrix - Round 1.pdf
2025,AIQ,1,149,All India except Central University,"Rani Durgavati Medical College, Banda (701515)",M.D. (ANAESTHESIOLOGY),All India,0,0,1,0,1,0,0,0,0,0,2,All India Quota Seat Matrix - Round 1.pdf
2025,AIQ,1,149,All India except Central University,"Rani Durgavati Medical College, Banda (701515)",M.D. (FORENSIC MEDICINE),All India,0,0,0,0,1,0,1,0,0,0,2,All India Quota Seat Matrix - Round 1.pdf
2025,AIQ,1,149,All India except Central University,"Rani Durgavati Medical College, Banda (701515)",M.D. (PHARMACOLOGY),All India,0,0,1,0,1,0,0,0,0,0,2,All India Quota Seat Matrix - Round 1.pdf
2025,AIQ,1,149,All India except Central University,"Rani Durgavati Medical College, Banda (701515)",M.D. (PHYSIOLOGY),All India,0,0,0,0,0,0,1,0,0,0,1,All India Quota Seat Matrix - Round 1.pdf
2025,AIQ,1,149,All India except Central University,"Rani Durgavati Medical College, Banda (701515)",M.D. (PREVENTIVE and SOCIAL MEDICINE)/ COMMUNITY MEDICINE,All India,1,0,0,0,1,0,0,0,0,0,2,All India Quota Seat Matrix - Round 1.pdf
2025,AIQ,1,149,All India except Central University,"Rani Durgavati Medical College, Banda (701515)",M.S. (E.N.T.),All India,2,0,0,0,0,0,0,0,0,0,2,All India Quota Seat Matrix - Round 1.pdf
2025,AIQ,1,149,All India except Central University,"Rani Durgavati Medical College, Banda (701515)",M.S. (GENERAL SURGERY),All India,1,0,0,0,0,0,0,0,1,0,2,All India Quota Seat Matrix - Round 1.pdf
2025,AIQ,1,149,All India except Central University,"Rani Durgavati Medical College, Banda (701515)",MD/MS (Anatomy),All India,0,1,0,0,0,0,0,0,0,0,1,All India Quota Seat Matrix - Round 1.pdf
2025,AIQ,1,149,All India except Central University,"Ravindra Nath Tagore Medical College, Udaipur(700332)",M.D. (ANAESTHESIOLOGY),All India,5,0,1,0,1,1,1,0,0,0,9,All India Quota Seat Matrix - Round 1.pdf
2025,AIQ,1,149,All India except Central University,"Ravindra Nath Tagore Medical College, Udaipur(700332)",M.D. (BIOCHEMISTRY),All India,0,0,0,0,1,0,1,0,1,0,3,All India Quota Seat Matrix - Round 1.pdf
2025,AIQ,1,149,All India except Central University,"Ravindra Nath Tagore Medical College, Udaipur(700332)","M.D. (DERM.,VENE. and LEPROSY)/ (DERMATOLOGY)/(SKIN and VENEREAL DISEASES)/(VENEREOLOGY)",All India,2,0,0,0,1,0,1,0,0,0,4,All India Quota Seat Matrix - Round 1.pdf
2025,AIQ,1,149,All India except Central University,"Ravindra Nath Tagore Medical College, Udaipur(700332)",M.D. (FORENSIC MEDICINE),All India,3,0,0,0,0,0,0,0,0,0,3,All India Quota Seat Matrix - Round 1.pdf
2025,AIQ,1,149,All India except Central University,"Ravindra Nath Tagore Medical College, Udaipur(700332)",M.D. (GENERAL MEDICINE),All India,2,1,1,1,4,0,2,0,1,0,12,All India Quota Seat Matrix - Round 1.pdf
2025,AIQ,1,150,All India except Central University,"Ravindra Nath Tagore Medical College, Udaipur(700332)",M.D. (MICROBIOLOGY),All India,0,0,0,0,1,0,1,0,0,0,2,All India Quota Seat Matrix - Round 1.pdf
2025,AIQ,1,150,All India except Central University,"Ravindra Nath Tagore Medical College, Udaipur(700332)",M.D. (Obst. and Gynae)/MS (Obstetrics and Gynaecology),All India,6,0,2,0,3,0,2,0,1,0,14,All India Quota Seat Matrix - Round 1.pdf
2025,AIQ,1,150,All India except Central University,"Ravindra Nath Tagore Medical College, Udaipur(700332)",M.D. (PAEDIATRICS),All India,3,1,1,0,2,0,1,0,0,0,8,All India Quota Seat Matrix - Round 1.pdf
2025,AIQ,1,150,All India except Central University,"Ravindra Nath Tagore Medical College, Udaipur(700332)",M.D. (PATHOLOGY),All India,3,0,1,0,2,1,2,0,1,0,10,All India Quota Seat Matrix - Round 1.pdf
2025,AIQ,1,150,All India except Central University,"Ravindra Nath Tagore Medical College, Udaipur(700332)",M.D. (PHARMACOLOGY),All India,2,0,1,0,2,0,0,0,0,0,5,All India Quota Seat Matrix - Round 1.pdf
2025,AIQ,1,150,All India except Central University,"Ravindra Nath Tagore Medical College, Udaipur(700332)",M.D. (PHYSIOLOGY),All India,1,0,0,0,0,0,1,0,0,0,2,All India Quota Seat Matrix - Round 1.pdf
2025,AIQ,1,150,All India except Central University,"Ravindra Nath Tagore Medical College, Udaipur(700332)",M.D. (PREVENTIVE and SOCIAL MEDICINE)/ COMMUNITY MEDICINE,All India,1,0,0,0,1,0,0,0,1,0,3,All India Quota Seat Matrix - Round 1.pdf
2025,AIQ,1,150,All India except Central University,"Ravindra Nath Tagore Medical College, Udaipur(700332)",M.D. (PSYCHIATRY),All India,2,0,0,0,0,0,0,0,0,0,2,All India Quota Seat Matrix - Round 1.pdf
2025,AIQ,1,150,All India except Central University,"Ravindra Nath Tagore Medical College, Udaipur(700332)",M.D. (RADIO-DIAGNOSIS),All India,0,0,1,0,1,0,1,0,0,0,3,All India Quota Seat Matrix - Round 1.pdf
2025,AIQ,1,150,All India except Central University,"Ravindra Nath Tagore Medical College, Udaipur(700332)",M.D. (Radiotherapy/ Radiation Oncology),All India,1,0,0,0,1,0,0,0,0,0,2,All India Quota Seat Matrix - Round 1.pdf
2025,AIQ,1,150,All India except Central University,"Ravindra Nath Tagore Medical College, Udaipur(700332)",M.D. (Tuberculosis and Respiratory diseases)/Pulmonary Medicine /M.D. (Respiratory Medicine),All India,2,0,0,0,1,0,1,0,1,0,5,All India Quota Seat Matrix - Round 1.pdf
2025,AIQ,1,150,All India except Central University,"Ravindra Nath Tagore Medical College, Udaipur(700332)",M.D. IN TRANSFUSION MEDICINE/ IMMUNO- HAEMATOLOGY and BLOOD TRANSFUSION,All India,0,0,1,0,0,0,0,0,0,0,1,All India Quota Seat Matrix - Round 1.pdf
2025,AIQ,1,150,All India except Central University,"Ravindra Nath Tagore Medical College, Udaipur(700332)",M.S. (E.N.T.),All India,0,0,1,0,1,0,0,0,0,0,2,All India Quota Seat Matrix - Round 1.pdf
2025,AIQ,1,150,All India except Central University,"Ravindra Nath Tagore Medical College, Udaipur(700332)",M.S. (GENERAL SURGERY),All India,5,0,0,0,2,0,0,1,1,0,9,All India Quota Seat Matrix - Round 1.pdf
2025,AIQ,1,150,All India except Central University,"Ravindra Nath Tagore Medical College, Udaipur(700332)",M.S. (OPHTHALMOLOGY),All India,2,0,0,0,1,0,0,0,0,0,3,All India Quota Seat Matrix - Round 1.pdf
2025,AIQ,1,150,All India except Central University,"Ravindra Nath Tagore Medical College, Udaipur(700332)",M.S. (ORTHOPAEDICS),All India,1,0,0,0,1,0,1,0,1,0,4,All India Quota Seat Matrix - Round 1.pdf
2025,AIQ,1,150,All India except Central University,"Ravindra Nath Tagore Medical College, Udaipur(700332)",MD/MS (Anatomy),All India,0,0,1,0,2,0,1,0,1,0,5,All India Quota Seat Matrix - Round 1.pdf
2025,AIQ,1,150,All India except Central University,REGIONAL CANCER CENTRE(700293),M.D. (ANAESTHESIOLOGY),All India,1,0,0,0,1,0,1,0,0,0,3,All India Quota Seat Matrix - Round 1.pdf
2025,AIQ,1,150,All India except Central University,REGIONAL CANCER CENTRE(700293),M.D. (Radiotherapy/ Radiation Oncology),All India,2,0,0,0,1,0,1,0,0,0,4,All India Quota Seat Matrix - Round 1.pdf
2025,AIQ,1,150,All India except Central University,"Regional Institute of Medical Sciences, Imphal(700331)",DIPLOMA IN CLINICAL PATHOLOGY,All India,1,0,0,0,0,0,0,0,0,0,1,All India Quota Seat Matrix - Round 1.pdf
2025,AIQ,1,151,All India except Central University,"Regional Institute of Medical Sciences, Imphal(700331)",M.D. (ANAESTHESIOLOGY),All India,4,1,1,0,3,0,1,0,0,0,10,All India Quota Seat Matrix - Round 1.pdf
2025,AIQ,1,151,All India except Central University,"Regional Institute of Medical Sciences, Imphal(700331)",M.D. (BIOCHEMISTRY),All India,1,0,0,0,1,0,1,0,1,0,4,All India Quota Seat Matrix - Round 1.pdf
2025,AIQ,1,151,All India except Central University,"Regional Institute of Medical Sciences, Imphal(700331)","M.D. (DERM.,VENE. and LEPROSY)/ (DERMATOLOGY)/(SKIN and VENEREAL DISEASES)/(VENEREOLOGY)",All India,1,0,0,0,1,0,0,0,0,0,2,All India Quota Seat Matrix - Round 1.pdf
2025,AIQ,1,151,All India except Central University,"Regional Institute of Medical Sciences, Imphal(700331)",M.D. (FORENSIC MEDICINE),All India,0,0,0,0,1,0,0,0,0,0,1,All India Quota Seat Matrix - Round 1.pdf
2025,AIQ,1,151,All India except Central University,"Regional Institute of Medical Sciences, Imphal(700331)",M.D. (GENERAL MEDICINE),All India,3,0,1,0,2,0,1,0,1,0,8,All India Quota Seat Matrix - Round 1.pdf
2025,AIQ,1,151,All India except Central University,"Regional Institute of Medical Sciences, Imphal(700331)",M.D. (MICROBIOLOGY),All India,0,0,0,0,0,0,1,0,1,0,2,All India Quota Seat Matrix - Round 1.pdf
2025,AIQ,1,151,All India except Central University,"Regional Institute of Medical Sciences, Imphal(700331)",M.D. (Obst. and Gynae)/MS (Obstetrics and Gynaecology),All India,3,0,1,0,2,0,1,0,0,0,7,All India Quota Seat Matrix - Round 1.pdf
2025,AIQ,1,151,All India except Central University,"Regional Institute of Medical Sciences, Imphal(700331)",M.D. (PAEDIATRICS),All India,1,0,0,0,1,0,0,0,1,0,3,All India Quota Seat Matrix - Round 1.pdf
2025,AIQ,1,151,All India except Central University,"Regional Institute of Medical Sciences, Imphal(700331)",M.D. (PATHOLOGY),All India,1,1,0,0,1,0,0,0,0,0,3,All India Quota Seat Matrix - Round 1.pdf
2025,AIQ,1,151,All India except Central University,"Regional Institute of Medical Sciences, Imphal(700331)",M.D. (PHARMACOLOGY),All India,0,0,1,0,0,0,1,0,0,0,2,All India Quota Seat Matrix - Round 1.pdf
2025,AIQ,1,151,All India except Central University,"Regional Institute of Medical Sciences, Imphal(700331)",M.D. (PHYSICAL MED. and REHABILITATION),All India,0,0,0,0,1,0,0,1,0,0,2,All India Quota Seat Matrix - Round 1.pdf
2025,AIQ,1,151,All India except Central University,"Regional Institute of Medical Sciences, Imphal(700331)",M.D. (PHYSIOLOGY),All India,3,0,0,0,1,0,0,0,0,0,4,All India Quota Seat Matrix - Round 1.pdf
2025,AIQ,1,151,All India except Central University,"Regional Institute of Medical Sciences, Imphal(700331)",M.D. (PREVENTIVE and SOCIAL MEDICINE)/ COMMUNITY MEDICINE,All India,1,0,1,0,0,1,0,0,0,1,4,All India Quota Seat Matrix - Round 1.pdf
2025,AIQ,1,151,All India except Central University,"Regional Institute of Medical Sciences, Imphal(700331)",M.D. (PSYCHIATRY),All India,1,0,0,0,0,0,0,0,0,0,1,All India Quota Seat Matrix - Round 1.pdf
2025,AIQ,1,151,All India except Central University,"Regional Institute of Medical Sciences, Imphal(700331)",M.D. (RADIO-DIAGNOSIS),All India,1,0,0,0,1,0,1,0,0,0,3,All India Quota Seat Matrix - Round 1.pdf
2025,AIQ,1,151,All India except Central University,"Regional Institute of Medical Sciences, Imphal(700331)",M.D. (Radiotherapy/ Radiation Oncology),All India,1,0,0,0,1,0,0,0,0,0,2,All India Quota Seat Matrix - Round 1.pdf
2025,AIQ,1,151,All India except Central University,"Regional Institute of Medical Sciences, Imphal(700331)",M.D. (Tuberculosis and Respiratory diseases)/Pulmonary Medicine /M.D. (Respiratory Medicine),All India,1,0,0,0,0,0,1,0,1,0,3,All India Quota Seat Matrix - Round 1.pdf
2025,AIQ,1,151,All India except Central University,"Regional Institute of Medical Sciences, Imphal(700331)",M.D. IN TRANSFUSION MEDICINE/ IMMUNO- HAEMATOLOGY and BLOOD TRANSFUSION,All India,0,0,0,0,1,0,0,0,0,0,1,All India Quota Seat Matrix - Round 1.pdf
2025,AIQ,1,151,All India except Central University,"Regional Institute of Medical Sciences, Imphal(700331)",M.S. (E.N.T.),All India,1,0,1,0,0,0,1,0,0,0,3,All India Quota Seat Matrix - Round 1.pdf
2025,AIQ,1,151,All India except Central University,"Regional Institute of Medical Sciences, Imphal(700331)",M.S. (GENERAL SURGERY),All India,5,0,0,0,2,0,1,0,0,0,8,All India Quota Seat Matrix - Round 1.pdf
2025,AIQ,1,152,All India except Central University,"Regional Institute of Medical Sciences, Imphal(700331)",M.S. (OPHTHALMOLOGY),All India,0,0,1,0,1,0,0,0,0,0,2,All India Quota Seat Matrix - Round 1.pdf
2025,AIQ,1,152,All India except Central University,"Regional Institute of Medical Sciences, Imphal(700331)",M.S. (ORTHOPAEDICS),All India,2,0,0,0,1,0,1,0,0,0,4,All India Quota Seat Matrix - Round 1.pdf
2025,AIQ,1,152,All India except Central University,"Regional Institute of Medical Sciences, Imphal(700331)",MD/MS (Anatomy),All India,2,0,0,0,1,0,0,0,0,0,3,All India Quota Seat Matrix - Round 1.pdf
2025,AIQ,1,152,All India except Central University,Regional Institute of Ophthalmology(700381),M.S. (OPHTHALMOLOGY),All India,4,0,0,0,1,0,0,0,0,0,5,All India Quota Seat Matrix - Round 1.pdf
2025,AIQ,1,152,All India except Central University,"Rims Medical College, Ongole, (700487)",M.D. (ANAESTHESIOLOGY),All India,0,1,0,0,1,0,1,0,0,0,3,All India Quota Seat Matrix - Round 1.pdf
2025,AIQ,1,152,All India except Central University,"Rims Medical College, Ongole, (700487)",M.D. (BIOCHEMISTRY),All India,1,0,0,0,0,0,0,0,0,0,1,All India Quota Seat Matrix - Round 1.pdf
2025,AIQ,1,152,All India except Central University,"Rims Medical College, Ongole, (700487)","M.D. (DERM.,VENE. and LEPROSY)/ (DERMATOLOGY)/(SKIN and VENEREAL DISEASES)/(VENEREOLOGY)",All India,1,0,0,0,0,0,0,0,0,0,1,All India Quota Seat Matrix - Round 1.pdf
2025,AIQ,1,152,All India except Central University,"Rims Medical College, Ongole, (700487)",M.D. (FORENSIC MEDICINE),All India,0,0,0,0,0,0,0,0,1,0,1,All India Quota Seat Matrix - Round 1.pdf
2025,AIQ,1,152,All India except Central University,"Rims Medical College, Ongole, (700487)",M.D. (GENERAL MEDICINE),All India,1,0,1,0,1,0,0,0,0,0,3,All India Quota Seat Matrix - Round 1.pdf
2025,AIQ,1,152,All India except Central University,"Rims Medical College, Ongole, (700487)",M.D. (MICROBIOLOGY),All India,0,0,1,0,1,0,0,0,0,0,2,All India Quota Seat Matrix - Round 1.pdf
2025,AIQ,1,152,All India except Central University,"Rims Medical College, Ongole, (700487)",M.D. (Obst. and Gynae)/MS (Obstetrics and Gynaecology),All India,2,0,0,0,1,0,1,0,0,0,4,All India Quota Seat Matrix - Round 1.pdf
2025,AIQ,1,152,All India except Central University,"Rims Medical College, Ongole, (700487)",M.D. (PAEDIATRICS),All India,1,0,1,0,1,0,0,0,0,0,3,All India Quota Seat Matrix - Round 1.pdf
2025,AIQ,1,152,All India except Central University,"Rims Medical College, Ongole, (700487)",M.D. (PATHOLOGY),All India,2,0,0,0,1,0,1,0,0,0,4,All India Quota Seat Matrix - Round 1.pdf
2025,AIQ,1,152,All India except Central University,"Rims Medical College, Ongole, (700487)",M.D. (PHARMACOLOGY),All India,0,0,0,0,1,0,0,0,1,0,2,All India Quota Seat Matrix - Round 1.pdf
2025,AIQ,1,152,All India except Central University,"Rims Medical College, Ongole, (700487)",M.D. (PHYSIOLOGY),All India,1,0,1,0,0,0,0,0,0,0,2,All India Quota Seat Matrix - Round 1.pdf
2025,AIQ,1,152,All India except Central University,"Rims Medical College, Ongole, (700487)",M.D. (PREVENTIVE and SOCIAL MEDICINE)/ COMMUNITY MEDICINE,All India,1,0,0,0,1,0,1,0,0,0,3,All India Quota Seat Matrix - Round 1.pdf
2025,AIQ,1,152,All India except Central University,"Rims Medical College, Ongole, (700487)",M.D. (PSYCHIATRY),All India,1,0,0,0,0,0,0,0,0,0,1,All India Quota Seat Matrix - Round 1.pdf
2025,AIQ,1,152,All India except Central University,"Rims Medical College, Ongole, (700487)",M.D. (RADIO-DIAGNOSIS),All India,1,0,0,0,1,0,0,0,0,0,2,All India Quota Seat Matrix - Round 1.pdf
2025,AIQ,1,152,All India except Central University,"Rims Medical College, Ongole, (700487)",M.S. (E.N.T.),All India,0,0,0,0,1,0,1,0,0,0,2,All India Quota Seat Matrix - Round 1.pdf
2025,AIQ,1,152,All India except Central University,"Rims Medical College, Ongole, (700487)",M.S. (GENERAL SURGERY),All India,3,0,0,0,1,0,1,0,0,0,5,All India Quota Seat Matrix - Round 1.pdf
2025,AIQ,1,153,All India except Central University,"Rims Medical College, Ongole, (700487)",M.S. (OPHTHALMOLOGY),All India,1,0,0,0,0,0,0,0,1,0,2,All India Quota Seat Matrix - Round 1.pdf
2025,AIQ,1,153,All India except Central University,"Rims Medical College, Ongole, (700487)",M.S. (ORTHOPAEDICS),All India,1,0,0,0,1,0,1,0,0,0,3,All India Quota Seat Matrix - Round 1.pdf
2025,AIQ,1,153,All India except Central University,RUHS COLLEGE OF MEDICAL SCIENCES(700524),M.D. (BIOCHEMISTRY),All India,1,0,0,0,0,0,1,0,0,0,2,All India Quota Seat Matrix - Round 1.pdf
2025,AIQ,1,153,All India except Central University,RUHS COLLEGE OF MEDICAL SCIENCES(700524),M.D. (MICROBIOLOGY),All India,0,0,0,0,1,0,0,0,0,0,1,All India Quota Seat Matrix - Round 1.pdf
2025,AIQ,1,153,All India except Central University,RUHS COLLEGE OF MEDICAL SCIENCES(700524),M.D. (PATHOLOGY),All India,1,0,0,0,0,0,0,0,0,0,1,All India Quota Seat Matrix - Round 1.pdf
2025,AIQ,1,153,All India except Central University,RUHS COLLEGE OF MEDICAL SCIENCES(700524),M.D. (PHARMACOLOGY),All India,1,0,0,0,1,0,0,0,0,0,2,All India Quota Seat Matrix - Round 1.pdf
2025,AIQ,1,153,All India except Central University,RUHS COLLEGE OF MEDICAL SCIENCES(700524),M.D. (PHYSIOLOGY),All India,1,0,0,0,0,0,1,0,0,0,2,All India Quota Seat Matrix - Round 1.pdf
2025,AIQ,1,153,All India except Central University,RUHS COLLEGE OF MEDICAL SCIENCES(700524),M.D. (PREVENTIVE and SOCIAL MEDICINE)/ COMMUNITY MEDICINE,All India,0,0,0,0,0,0,0,0,1,0,1,All India Quota Seat Matrix - Round 1.pdf
2025,AIQ,1,153,All India except Central University,RUHS COLLEGE OF MEDICAL SCIENCES(700524),MD/MS (Anatomy),All India,1,0,0,0,1,0,0,0,0,0,2,All India Quota Seat Matrix - Round 1.pdf
2025,AIQ,1,153,All India except Central University,"S.V. Medical College, Tirupathi (700471)",M.D. (ANAESTHESIOLOGY),All India,1,1,1,0,3,0,2,0,1,0,9,All India Quota Seat Matrix - Round 1.pdf
2025,AIQ,1,153,All India except Central University,"S.V. Medical College, Tirupathi (700471)",M.D. (BIOCHEMISTRY),All India,1,0,1,0,0,0,0,0,0,0,2,All India Quota Seat Matrix - Round 1.pdf
2025,AIQ,1,153,All India except Central University,"S.V. Medical College, Tirupathi (700471)","M.D. (DERM.,VENE. and LEPROSY)/ (DERMATOLOGY)/(SKIN and VENEREAL DISEASES)/(VENEREOLOGY)",All India,2,0,0,0,1,0,1,0,0,0,4,All India Quota Seat Matrix - Round 1.pdf
2025,AIQ,1,153,All India except Central University,"S.V. Medical College, Tirupathi (700471)",M.D. (FORENSIC MEDICINE),All India,1,0,0,0,0,0,0,0,0,0,1,All India Quota Seat Matrix - Round 1.pdf
2025,AIQ,1,153,All India except Central University,"S.V. Medical College, Tirupathi (700471)",M.D. (GENERAL MEDICINE),All India,5,0,2,0,3,0,2,0,1,0,13,All India Quota Seat Matrix - Round 1.pdf
2025,AIQ,1,153,All India except Central University,"S.V. Medical College, Tirupathi (700471)",M.D. (MICROBIOLOGY),All India,1,0,0,0,0,0,1,0,0,0,2,All India Quota Seat Matrix - Round 1.pdf
2025,AIQ,1,153,All India except Central University,"S.V. Medical College, Tirupathi (700471)",M.D. (Obst. and Gynae)/MS (Obstetrics and Gynaecology),All India,7,1,2,0,6,0,3,0,1,0,20,All India Quota Seat Matrix - Round 1.pdf
2025,AIQ,1,153,All India except Central University,"S.V. Medical College, Tirupathi (700471)",M.D. (PAEDIATRICS),All India,4,0,1,0,2,1,2,0,1,0,11,All India Quota Seat Matrix - Round 1.pdf
2025,AIQ,1,153,All India except Central University,"S.V. Medical College, Tirupathi (700471)",M.D. (PATHOLOGY),All India,2,0,1,0,1,0,1,0,1,0,6,All India Quota Seat Matrix - Round 1.pdf
2025,AIQ,1,153,All India except Central University,"S.V. Medical College, Tirupathi (700471)",M.D. (PHARMACOLOGY),All India,1,0,0,0,1,0,0,0,0,0,2,All India Quota Seat Matrix - Round 1.pdf
2025,AIQ,1,153,All India except Central University,"S.V. Medical College, Tirupathi (700471)",M.D. (PHYSIOLOGY),All India,1,0,0,0,0,0,0,0,0,0,1,All India Quota Seat Matrix - Round 1.pdf
2025,AIQ,1,154,All India except Central University,"S.V. Medical College, Tirupathi (700471)",M.D. (PREVENTIVE and SOCIAL MEDICINE)/ COMMUNITY MEDICINE,All India,1,0,0,0,1,0,1,0,0,0,3,All India Quota Seat Matrix - Round 1.pdf
2025,AIQ,1,154,All India except Central University,"S.V. Medical College, Tirupathi (700471)",M.D. (PSYCHIATRY),All India,0,0,1,0,1,0,0,0,0,0,2,All India Quota Seat Matrix - Round 1.pdf
2025,AIQ,1,154,All India except Central University,"S.V. Medical College, Tirupathi (700471)",M.D. (RADIO-DIAGNOSIS),All India,2,1,0,0,1,0,0,0,0,0,4,All India Quota Seat Matrix - Round 1.pdf
2025,AIQ,1,154,All India except Central University,"S.V. Medical College, Tirupathi (700471)",M.D. (Tuberculosis and Respiratory diseases)/Pulmonary Medicine /M.D. (Respiratory Medicine),All India,0,0,1,0,0,0,1,0,1,0,3,All India Quota Seat Matrix - Round 1.pdf
2025,AIQ,1,154,All India except Central University,"S.V. Medical College, Tirupathi (700471)",M.S. (E.N.T.),All India,1,0,0,0,1,1,0,0,1,0,4,All India Quota Seat Matrix - Round 1.pdf
2025,AIQ,1,154,All India except Central University,"S.V. Medical College, Tirupathi (700471)",M.S. (GENERAL SURGERY),All India,5,0,0,1,4,0,1,1,0,1,13,All India Quota Seat Matrix - Round 1.pdf
2025,AIQ,1,154,All India except Central University,"S.V. Medical College, Tirupathi (700471)",M.S. (OPHTHALMOLOGY),All India,1,0,0,0,1,0,0,0,1,0,3,All India Quota Seat Matrix - Round 1.pdf
2025,AIQ,1,154,All India except Central University,"S.V. Medical College, Tirupathi (700471)",M.S. (ORTHOPAEDICS),All India,4,0,1,0,2,0,1,0,0,0,8,All India Quota Seat Matrix - Round 1.pdf
2025,AIQ,1,154,All India except Central University,"S.V. Medical College, Tirupathi (700471)",MD/MS (Anatomy),All India,2,0,0,0,0,0,0,0,0,0,2,All India Quota Seat Matrix - Round 1.pdf
2025,AIQ,1,154,All India except Central University,Sanjay Gandhi Institute of Trauma and Orthopaedics(700509),M.S. (ORTHOPAEDICS),All India,1,1,0,0,1,0,1,0,1,0,5,All India Quota Seat Matrix - Round 1.pdf
2025,AIQ,1,154,All India except Central University,Sanjay Gandhi Postgarduate Institute of Medical Sciences(700376),M.D. (ANAESTHESIOLOGY),All India,2,0,1,0,2,0,2,0,1,0,8,All India Quota Seat Matrix - Round 1.pdf
2025,AIQ,1,154,All India except Central University,Sanjay Gandhi Postgarduate Institute of Medical Sciences(700376),M.D. (Emergency and Critical Care)/M.D. (Emergency Medicine),All India,0,0,0,0,1,0,0,0,0,0,1,All India Quota Seat Matrix - Round 1.pdf
2025,AIQ,1,154,All India except Central University,Sanjay Gandhi Postgarduate Institute of Medical Sciences(700376),M.D. (MICROBIOLOGY),All India,1,0,0,0,0,0,0,0,0,0,1,All India Quota Seat Matrix - Round 1.pdf
2025,AIQ,1,154,All India except Central University,Sanjay Gandhi Postgarduate Institute of Medical Sciences(700376),M.D. (PATHOLOGY),All India,0,0,1,0,0,0,0,0,1,0,2,All India Quota Seat Matrix - Round 1.pdf
2025,AIQ,1,154,All India except Central University,Sanjay Gandhi Postgarduate Institute of Medical Sciences(700376),M.D. (RADIO-DIAGNOSIS),All India,2,0,0,0,1,0,0,0,0,0,3,All India Quota Seat Matrix - Round 1.pdf
2025,AIQ,1,154,All India except Central University,Sanjay Gandhi Postgarduate Institute of Medical Sciences(700376),M.D. (Radiotherapy/ Radiation Oncology),All India,0,0,0,0,1,0,1,0,0,0,2,All India Quota Seat Matrix - Round 1.pdf
2025,AIQ,1,154,All India except Central University,Sanjay Gandhi Postgarduate Institute of Medical Sciences(700376),M.D. IN NUCLEAR MEDICINE,All India,2,0,0,0,0,1,0,0,0,0,3,All India Quota Seat Matrix - Round 1.pdf
2025,AIQ,1,154,All India except Central University,Sanjay Gandhi Postgarduate Institute of Medical Sciences(700376),M.D. IN TRANSFUSION MEDICINE/ IMMUNO- HAEMATOLOGY and BLOOD TRANSFUSION,All India,2,0,0,0,0,0,0,0,0,0,2,All India Quota Seat Matrix - Round 1.pdf
2025,AIQ,1,154,All India except Central University,Sanjay Gandhi Postgarduate Institute of Medical Sciences(700376),M.S. (OPHTHALMOLOGY),All India,0,0,0,0,0,0,1,0,0,0,1,All India Quota Seat Matrix - Round 1.pdf
2025,AIQ,1,154,All India except Central University,"Sardar Patel Medical College, Bikaner(700317)",M.D. (ANAESTHESIOLOGY),All India,3,1,1,0,2,0,1,0,0,0,8,All India Quota Seat Matrix - Round 1.pdf
2025,AIQ,1,155,All India except Central University,"Sardar Patel Medical College, Bikaner(700317)",M.D. (BIOCHEMISTRY),All India,0,0,0,0,1,0,1,0,1,0,3,All India Quota Seat Matrix - Round 1.pdf
2025,AIQ,1,155,All India except Central University,"Sardar Patel Medical College, Bikaner(700317)","M.D. (DERM.,VENE. and LEPROSY)/ (DERMATOLOGY)/(SKIN and VENEREAL DISEASES)/(VENEREOLOGY)",All India,1,0,0,0,1,0,0,0,0,0,2,All India Quota Seat Matrix - Round 1.pdf
2025,AIQ,1,155,All India except Central University,"Sardar Patel Medical College, Bikaner(700317)",M.D. (FORENSIC MEDICINE),All India,3,0,0,0,0,0,0,0,0,0,3,All India Quota Seat Matrix - Round 1.pdf
2025,AIQ,1,155,All India except Central University,"Sardar Patel Medical College, Bikaner(700317)",M.D. (GENERAL MEDICINE),All India,4,0,1,0,4,0,2,0,1,0,12,All India Quota Seat Matrix - Round 1.pdf
2025,AIQ,1,155,All India except Central University,"Sardar Patel Medical College, Bikaner(700317)",M.D. (MICROBIOLOGY),All India,0,0,1,0,1,0,0,0,1,0,3,All India Quota Seat Matrix - Round 1.pdf
2025,AIQ,1,155,All India except Central University,"Sardar Patel Medical College, Bikaner(700317)",M.D. (Obst. and Gynae)/MS (Obstetrics and Gynaecology),All India,5,0,1,0,2,0,1,0,0,0,9,All India Quota Seat Matrix - Round 1.pdf
2025,AIQ,1,155,All India except Central University,"Sardar Patel Medical College, Bikaner(700317)",M.D. (PAEDIATRICS),All India,3,0,2,0,2,0,1,0,1,0,9,All India Quota Seat Matrix - Round 1.pdf
2025,AIQ,1,155,All India except Central University,"Sardar Patel Medical College, Bikaner(700317)",M.D. (PATHOLOGY),All India,3,0,0,0,1,0,1,0,0,0,5,All India Quota Seat Matrix - Round 1.pdf
2025,AIQ,1,155,All India except Central University,"Sardar Patel Medical College, Bikaner(700317)",M.D. (PHARMACOLOGY),All India,1,0,0,0,1,0,0,0,0,0,2,All India Quota Seat Matrix - Round 1.pdf
2025,AIQ,1,155,All India except Central University,"Sardar Patel Medical College, Bikaner(700317)",M.D. (PHYSIOLOGY),All India,2,0,0,0,1,0,0,0,0,0,3,All India Quota Seat Matrix - Round 1.pdf
2025,AIQ,1,155,All India except Central University,"Sardar Patel Medical College, Bikaner(700317)",M.D. (PREVENTIVE and SOCIAL MEDICINE)/ COMMUNITY MEDICINE,All India,0,0,0,0,0,0,1,0,1,0,2,All India Quota Seat Matrix - Round 1.pdf
2025,AIQ,1,155,All India except Central University,"Sardar Patel Medical College, Bikaner(700317)",M.D. (PSYCHIATRY),All India,0,0,1,0,1,0,0,0,0,0,2,All India Quota Seat Matrix - Round 1.pdf
2025,AIQ,1,155,All India except Central University,"Sardar Patel Medical College, Bikaner(700317)",M.D. (RADIO-DIAGNOSIS),All India,3,0,0,0,1,0,1,0,0,0,5,All India Quota Seat Matrix - Round 1.pdf
2025,AIQ,1,155,All India except Central University,"Sardar Patel Medical College, Bikaner(700317)",M.D. (Radiotherapy/ Radiation Oncology),All India,2,0,1,0,1,0,1,0,0,0,5,All India Quota Seat Matrix - Round 1.pdf
2025,AIQ,1,155,All India except Central University,"Sardar Patel Medical College, Bikaner(700317)",M.D. (Tuberculosis and Respiratory diseases)/Pulmonary Medicine /M.D. (Respiratory Medicine),All India,1,0,0,0,2,0,0,0,1,0,4,All India Quota Seat Matrix - Round 1.pdf
2025,AIQ,1,155,All India except Central University,"Sardar Patel Medical College, Bikaner(700317)",M.D. IN TRANSFUSION MEDICINE/ IMMUNO- HAEMATOLOGY and BLOOD TRANSFUSION,All India,1,0,0,0,0,0,1,0,0,0,2,All India Quota Seat Matrix - Round 1.pdf
2025,AIQ,1,155,All India except Central University,"Sardar Patel Medical College, Bikaner(700317)",M.S. (E.N.T.),All India,0,0,1,0,1,0,1,0,0,0,3,All India Quota Seat Matrix - Round 1.pdf
2025,AIQ,1,155,All India except Central University,"Sardar Patel Medical College, Bikaner(700317)",M.S. (GENERAL SURGERY),All India,3,0,0,0,0,1,1,0,0,0,5,All India Quota Seat Matrix - Round 1.pdf
2025,AIQ,1,155,All India except Central University,"Sardar Patel Medical College, Bikaner(700317)",M.S. (OPHTHALMOLOGY),All India,2,0,0,0,1,0,0,1,0,1,5,All India Quota Seat Matrix - Round 1.pdf
2025,AIQ,1,155,All India except Central University,"Sardar Patel Medical College, Bikaner(700317)",M.S. (ORTHOPAEDICS),All India,0,1,0,0,2,0,1,0,0,0,4,All India Quota Seat Matrix - Round 1.pdf
2025,AIQ,1,156,All India except Central University,"Sardar Patel Medical College, Bikaner(700317)",MD/MS (Anatomy),All India,1,0,1,0,1,0,0,0,0,0,3,All India Quota Seat Matrix - Round 1.pdf
2025,AIQ,1,156,All India except Central University,"Sarojini Naidu Medical College, AGRA(700375)",DIP. IN DERM. VENEREOLOGY and LEPROSY/DERMATOLOGY /VENEREOLOGY and DERMATOLOGY/LEPROSY/VENEREAL DISEASE and LEPROSY,All India,1,0,0,0,0,0,0,0,0,0,1,All India Quota Seat Matrix - Round 1.pdf
2025,AIQ,1,156,All India except Central University,"Sarojini Naidu Medical College, AGRA(700375)",DIP. IN T.B. and CHEST DISEASES,All India,1,0,0,0,0,0,0,0,0,0,1,All India Quota Seat Matrix - Round 1.pdf
2025,AIQ,1,156,All India except Central University,"Sarojini Naidu Medical College, AGRA(700375)",DIPLOMA IN CHILD HEALTH/ PAEDIATRICS,All India,0,0,1,0,1,0,1,0,0,0,3,All India Quota Seat Matrix - Round 1.pdf
2025,AIQ,1,156,All India except Central University,"Sarojini Naidu Medical College, AGRA(700375)",DIPLOMA IN ORTHOPAEDICS,All India,0,0,0,0,1,0,0,0,0,0,1,All India Quota Seat Matrix - Round 1.pdf
2025,AIQ,1,156,All India except Central University,"Sarojini Naidu Medical College, AGRA(700375)",DIPLOMA IN OTO-RHINO-LARYNGOLOGY,All India,1,0,0,0,0,0,0,0,0,0,1,All India Quota Seat Matrix - Round 1.pdf
2025,AIQ,1,156,All India except Central University,"Sarojini Naidu Medical College, AGRA(700375)",M.D. (ANAESTHESIOLOGY),All India,2,1,0,0,2,0,0,1,0,1,7,All India Quota Seat Matrix - Round 1.pdf
2025,AIQ,1,156,All India except Central University,"Sarojini Naidu Medical College, AGRA(700375)","M.D. (DERM.,VENE. and LEPROSY)/ (DERMATOLOGY)/(SKIN and VENEREAL DISEASES)/(VENEREOLOGY)",All India,0,0,0,0,0,0,1,0,1,0,2,All India Quota Seat Matrix - Round 1.pdf
2025,AIQ,1,156,All India except Central University,"Sarojini Naidu Medical College, AGRA(700375)",M.D. (FORENSIC MEDICINE),All India,0,0,1,0,0,0,0,0,0,0,1,All India Quota Seat Matrix - Round 1.pdf
2025,AIQ,1,156,All India except Central University,"Sarojini Naidu Medical College, AGRA(700375)",M.D. (GENERAL MEDICINE),All India,6,0,0,0,3,0,2,0,1,0,12,All India Quota Seat Matrix - Round 1.pdf
2025,AIQ,1,156,All India except Central University,"Sarojini Naidu Medical College, AGRA(700375)",M.D. (MICROBIOLOGY),All India,1,0,0,0,2,0,0,0,1,0,4,All India Quota Seat Matrix - Round 1.pdf
2025,AIQ,1,156,All India except Central University,"Sarojini Naidu Medical College, AGRA(700375)",M.D. (Obst. and Gynae)/MS (Obstetrics and Gynaecology),All India,4,0,1,0,2,0,2,0,1,0,10,All India Quota Seat Matrix - Round 1.pdf
2025,AIQ,1,156,All India except Central University,"Sarojini Naidu Medical College, AGRA(700375)",M.D. (PAEDIATRICS),All India,0,0,0,0,2,0,1,0,1,0,4,All India Quota Seat Matrix - Round 1.pdf
2025,AIQ,1,156,All India except Central University,"Sarojini Naidu Medical College, AGRA(700375)",M.D. (PATHOLOGY),All India,6,0,1,0,2,0,1,0,0,0,10,All India Quota Seat Matrix - Round 1.pdf
2025,AIQ,1,156,All India except Central University,"Sarojini Naidu Medical College, AGRA(700375)",M.D. (PHARMACOLOGY),All India,2,0,0,0,1,0,0,0,0,0,3,All India Quota Seat Matrix - Round 1.pdf
2025,AIQ,1,156,All India except Central University,"Sarojini Naidu Medical College, AGRA(700375)",M.D. (PHYSIOLOGY),All India,0,0,0,0,0,0,1,0,1,0,2,All India Quota Seat Matrix - Round 1.pdf
2025,AIQ,1,156,All India except Central University,"Sarojini Naidu Medical College, AGRA(700375)",M.D. (PREVENTIVE and SOCIAL MEDICINE)/ COMMUNITY MEDICINE,All India,2,0,0,0,2,0,0,0,0,0,4,All India Quota Seat Matrix - Round 1.pdf
2025,AIQ,1,156,All India except Central University,"Sarojini Naidu Medical College, AGRA(700375)",M.D. (PSYCHIATRY),All India,1,0,1,0,0,0,1,0,0,0,3,All India Quota Seat Matrix - Round 1.pdf
2025,AIQ,1,156,All India except Central University,"Sarojini Naidu Medical College, AGRA(700375)",M.D. (RADIO-DIAGNOSIS),All India,0,0,0,0,1,0,0,0,0,0,1,All India Quota Seat Matrix - Round 1.pdf
2025,AIQ,1,157,All India except Central University,"Sarojini Naidu Medical College, AGRA(700375)",M.D. (Radiotherapy/ Radiation Oncology),All India,2,0,0,0,1,0,0,0,0,0,3,All India Quota Seat Matrix - Round 1.pdf
2025,AIQ,1,157,All India except Central University,"Sarojini Naidu Medical College, AGRA(700375)",M.D. (Tuberculosis and Respiratory diseases)/Pulmonary Medicine /M.D. (Respiratory Medicine),All India,0,0,0,0,0,0,1,0,1,0,2,All India Quota Seat Matrix - Round 1.pdf
2025,AIQ,1,157,All India except Central University,"Sarojini Naidu Medical College, AGRA(700375)",M.S. (E.N.T.),All India,0,0,0,0,1,0,0,0,0,0,1,All India Quota Seat Matrix - Round 1.pdf
2025,AIQ,1,157,All India except Central University,"Sarojini Naidu Medical College, AGRA(700375)",M.S. (GENERAL SURGERY),All India,5,0,2,0,3,0,2,0,0,0,12,All India Quota Seat Matrix - Round 1.pdf
2025,AIQ,1,157,All India except Central University,"Sarojini Naidu Medical College, AGRA(700375)",M.S. (OPHTHALMOLOGY),All India,1,1,1,0,1,0,0,0,0,0,4,All India Quota Seat Matrix - Round 1.pdf
2025,AIQ,1,157,All India except Central University,"Sarojini Naidu Medical College, AGRA(700375)",M.S. (ORTHOPAEDICS),All India,1,0,0,1,0,1,1,0,0,0,4,All India Quota Seat Matrix - Round 1.pdf
2025,AIQ,1,157,All India except Central University,"Sarojini Naidu Medical College, AGRA(700375)",MD/MS (Anatomy),All India,1,0,1,0,1,0,0,0,0,0,3,All India Quota Seat Matrix - Round 1.pdf
2025,AIQ,1,157,All India except Central University,"Sawai Man Singh Medical College, JAIPUR(700327)",M.D. (ANAESTHESIOLOGY),All India,15,1,3,1,10,1,5,0,3,0,39,All India Quota Seat Matrix - Round 1.pdf
2025,AIQ,1,157,All India except Central University,"Sawai Man Singh Medical College, JAIPUR(700327)",M.D. (BIOCHEMISTRY),All India,5,1,1,0,3,0,3,0,2,0,15,All India Quota Seat Matrix - Round 1.pdf
2025,AIQ,1,157,All India except Central University,"Sawai Man Singh Medical College, JAIPUR(700327)","M.D. (DERM.,VENE. and LEPROSY)/ (DERMATOLOGY)/(SKIN and VENEREAL DISEASES)/(VENEREOLOGY)",All India,2,0,1,0,2,0,1,0,0,0,6,All India Quota Seat Matrix - Round 1.pdf
2025,AIQ,1,157,All India except Central University,"Sawai Man Singh Medical College, JAIPUR(700327)",M.D. (Emergency and Critical Care)/M.D. (Emergency Medicine),All India,1,0,0,0,0,0,0,0,0,0,1,All India Quota Seat Matrix - Round 1.pdf
2025,AIQ,1,157,All India except Central University,"Sawai Man Singh Medical College, JAIPUR(700327)",M.D. (FORENSIC MEDICINE),All India,2,0,1,0,2,0,1,0,0,0,6,All India Quota Seat Matrix - Round 1.pdf
2025,AIQ,1,157,All India except Central University,"Sawai Man Singh Medical College, JAIPUR(700327)",M.D. (GENERAL MEDICINE),All India,11,1,3,0,7,1,4,1,2,0,30,All India Quota Seat Matrix - Round 1.pdf
2025,AIQ,1,157,All India except Central University,"Sawai Man Singh Medical College, JAIPUR(700327)",M.D. (MICROBIOLOGY),All India,5,0,1,0,3,0,2,0,1,0,12,All India Quota Seat Matrix - Round 1.pdf
2025,AIQ,1,157,All India except Central University,"Sawai Man Singh Medical College, JAIPUR(700327)",M.D. (Obst. and Gynae)/MS (Obstetrics and Gynaecology),All India,13,1,3,0,9,1,5,0,3,0,35,All India Quota Seat Matrix - Round 1.pdf
2025,AIQ,1,157,All India except Central University,"Sawai Man Singh Medical College, JAIPUR(700327)",M.D. (PAEDIATRICS),All India,8,1,1,1,5,0,2,1,0,1,20,All India Quota Seat Matrix - Round 1.pdf
2025,AIQ,1,157,All India except Central University,"Sawai Man Singh Medical College, JAIPUR(700327)",M.D. (PALLIATIVE MEDICINE),All India,0,0,0,0,0,0,0,0,1,0,1,All India Quota Seat Matrix - Round 1.pdf
2025,AIQ,1,157,All India except Central University,"Sawai Man Singh Medical College, JAIPUR(700327)",M.D. (PATHOLOGY),All India,6,0,2,0,3,1,2,0,1,0,15,All India Quota Seat Matrix - Round 1.pdf
2025,AIQ,1,157,All India except Central University,"Sawai Man Singh Medical College, JAIPUR(700327)",M.D. (PHARMACOLOGY),All India,4,0,1,0,2,0,1,0,1,0,9,All India Quota Seat Matrix - Round 1.pdf
2025,AIQ,1,157,All India except Central University,"Sawai Man Singh Medical College, JAIPUR(700327)",M.D. (PHYSICAL MED. and REHABILITATION),All India,2,0,1,0,1,0,1,0,0,0,5,All India Quota Seat Matrix - Round 1.pdf
2025,AIQ,1,158,All India except Central University,"Sawai Man Singh Medical College, JAIPUR(700327)",M.D. (PHYSIOLOGY),All India,2,1,0,0,2,0,1,0,0,0,6,All India Quota Seat Matrix - Round 1.pdf
2025,AIQ,1,158,All India except Central University,"Sawai Man Singh Medical College, JAIPUR(700327)",M.D. (PREVENTIVE and SOCIAL MEDICINE)/ COMMUNITY MEDICINE,All India,3,0,1,0,3,0,2,0,1,0,10,All India Quota Seat Matrix - Round 1.pdf
2025,AIQ,1,158,All India except Central University,"Sawai Man Singh Medical College, JAIPUR(700327)",M.D. (PSYCHIATRY),All India,4,0,1,0,3,0,1,0,0,0,9,All India Quota Seat Matrix - Round 1.pdf
2025,AIQ,1,158,All India except Central University,"Sawai Man Singh Medical College, JAIPUR(700327)",M.D. (RADIO-DIAGNOSIS),All India,6,0,1,0,3,0,2,0,1,0,13,All India Quota Seat Matrix - Round 1.pdf
2025,AIQ,1,158,All India except Central University,"Sawai Man Singh Medical College, JAIPUR(700327)",M.D. (Radiotherapy/ Radiation Oncology),All India,2,0,1,0,2,0,1,0,1,0,7,All India Quota Seat Matrix - Round 1.pdf
2025,AIQ,1,158,All India except Central University,"Sawai Man Singh Medical College, JAIPUR(700327)",M.D. (Tuberculosis and Respiratory diseases)/Pulmonary Medicine /M.D. (Respiratory Medicine),All India,3,1,1,0,2,1,1,0,0,0,9,All India Quota Seat Matrix - Round 1.pdf
2025,AIQ,1,158,All India except Central University,"Sawai Man Singh Medical College, JAIPUR(700327)",M.D. GERIATRICS,All India,1,0,0,0,0,0,0,0,0,0,1,All India Quota Seat Matrix - Round 1.pdf
2025,AIQ,1,158,All India except Central University,"Sawai Man Singh Medical College, JAIPUR(700327)",M.D. IN TRANSFUSION MEDICINE/ IMMUNO- HAEMATOLOGY and BLOOD TRANSFUSION,All India,1,0,1,0,1,0,2,0,1,0,6,All India Quota Seat Matrix - Round 1.pdf
2025,AIQ,1,158,All India except Central University,"Sawai Man Singh Medical College, JAIPUR(700327)",M.S. (E.N.T.),All India,3,0,1,0,3,0,1,0,1,0,9,All India Quota Seat Matrix - Round 1.pdf
2025,AIQ,1,158,All India except Central University,"Sawai Man Singh Medical College, JAIPUR(700327)",M.S. (GENERAL SURGERY),All India,9,0,2,0,6,0,3,0,2,0,22,All India Quota Seat Matrix - Round 1.pdf
2025,AIQ,1,158,All India except Central University,"Sawai Man Singh Medical College, JAIPUR(700327)",M.S. (OPHTHALMOLOGY),All India,3,0,2,0,1,0,1,0,0,0,7,All India Quota Seat Matrix - Round 1.pdf
2025,AIQ,1,158,All India except Central University,"Sawai Man Singh Medical College, JAIPUR(700327)",M.S. (ORTHOPAEDICS),All India,7,0,1,0,6,0,3,0,2,0,19,All India Quota Seat Matrix - Round 1.pdf
2025,AIQ,1,158,All India except Central University,"Sawai Man Singh Medical College, JAIPUR(700327)",MD/MS (Anatomy),All India,3,0,1,0,2,0,1,0,0,0,7,All India Quota Seat Matrix - Round 1.pdf
2025,AIQ,1,158,All India except Central University,SDS Tuberculosis Research Centre and Rajiv Gandhi Institute of Chest Diseases (700539),M.D. (Tuberculosis and Respiratory diseases)/Pulmonary Medicine /M.D. (Respiratory Medicine),All India,2,0,1,0,1,1,1,0,0,0,6,All India Quota Seat Matrix - Round 1.pdf
2025,AIQ,1,158,All India except Central University,Shaheed Hasan Khan Mewati Government Medical College(700491),M.D. (BIOCHEMISTRY),All India,0,0,0,0,0,0,1,0,0,0,1,All India Quota Seat Matrix - Round 1.pdf
2025,AIQ,1,158,All India except Central University,Shaheed Hasan Khan Mewati Government Medical College(700491),M.D. (FORENSIC MEDICINE),All India,0,0,0,0,0,0,0,0,1,0,1,All India Quota Seat Matrix - Round 1.pdf
2025,AIQ,1,158,All India except Central University,Shaheed Hasan Khan Mewati Government Medical College(700491),M.D. (MICROBIOLOGY),All India,1,0,0,0,1,0,0,0,0,0,2,All India Quota Seat Matrix - Round 1.pdf
2025,AIQ,1,158,All India except Central University,Shaheed Hasan Khan Mewati Government Medical College(700491),M.D. (PATHOLOGY),All India,2,0,1,0,0,0,0,0,0,0,3,All India Quota Seat Matrix - Round 1.pdf
2025,AIQ,1,158,All India except Central University,Shaheed Hasan Khan Mewati Government Medical College(700491),M.D. (PHARMACOLOGY),All India,0,0,0,0,1,0,0,0,0,0,1,All India Quota Seat Matrix - Round 1.pdf
2025,AIQ,1,158,All India except Central University,Shaheed Hasan Khan Mewati Government Medical College(700491),M.D. (PHYSIOLOGY),All India,1,0,0,0,0,0,1,0,0,0,2,All India Quota Seat Matrix - Round 1.pdf
2025,AIQ,1,159,All India except Central University,Shaheed Hasan Khan Mewati Government Medical College(700491),M.D. (PREVENTIVE and SOCIAL MEDICINE)/ COMMUNITY MEDICINE,All India,1,0,0,0,1,0,0,0,0,0,2,All India Quota Seat Matrix - Round 1.pdf
2025,AIQ,1,159,All India except Central University,Shaheed Hasan Khan Mewati Government Medical College(700491),MD/MS (Anatomy),All India,1,0,0,0,1,0,0,0,0,0,2,All India Quota Seat Matrix - Round 1.pdf
2025,AIQ,1,159,All India except Central University,Shaheed Nirmal Mahto Medical College & Hospital(902850),M.D. (GENERAL MEDICINE),All India,2,0,0,0,1,0,0,0,0,0,3,All India Quota Seat Matrix - Round 1.pdf
2025,AIQ,1,159,All India except Central University,Shaheed Nirmal Mahto Medical College & Hospital(902850),M.S. (ORTHOPAEDICS),All India,2,0,0,0,0,0,0,0,0,0,2,All India Quota Seat Matrix - Round 1.pdf
2025,AIQ,1,159,All India except Central University,"Shaikh-Ul-Hind Maulana Mahmood Hasan Medical College, Saharanpur(701503)",M.D. (ANAESTHESIOLOGY),All India,1,0,1,0,1,0,0,0,0,0,3,All India Quota Seat Matrix - Round 1.pdf
2025,AIQ,1,159,All India except Central University,"Shaikh-Ul-Hind Maulana Mahmood Hasan Medical College, Saharanpur(701503)","M.D. (DERM.,VENE. and LEPROSY)/ (DERMATOLOGY)/(SKIN and VENEREAL DISEASES)/(VENEREOLOGY)",All India,1,0,0,0,0,0,0,0,0,0,1,All India Quota Seat Matrix - Round 1.pdf
2025,AIQ,1,159,All India except Central University,"Shaikh-Ul-Hind Maulana Mahmood Hasan Medical College, Saharanpur(701503)",M.D. (GENERAL MEDICINE),All India,2,0,0,0,1,0,1,0,0,0,4,All India Quota Seat Matrix - Round 1.pdf
2025,AIQ,1,159,All India except Central University,"Shaikh-Ul-Hind Maulana Mahmood Hasan Medical College, Saharanpur(701503)",M.D. (Obst. and Gynae)/MS (Obstetrics and Gynaecology),All India,0,0,0,0,0,0,0,0,1,0,1,All India Quota Seat Matrix - Round 1.pdf
2025,AIQ,1,159,All India except Central University,"Shaikh-Ul-Hind Maulana Mahmood Hasan Medical College, Saharanpur(701503)",M.D. (PATHOLOGY),All India,0,0,1,0,0,0,0,0,0,0,1,All India Quota Seat Matrix - Round 1.pdf
2025,AIQ,1,159,All India except Central University,"Shaikh-Ul-Hind Maulana Mahmood Hasan Medical College, Saharanpur(701503)",M.D. (PREVENTIVE and SOCIAL MEDICINE)/ COMMUNITY MEDICINE,All India,2,0,0,0,0,0,0,0,0,0,2,All India Quota Seat Matrix - Round 1.pdf
2025,AIQ,1,159,All India except Central University,"Shaikh-Ul-Hind Maulana Mahmood Hasan Medical College, Saharanpur(701503)",M.S. (GENERAL SURGERY),All India,0,1,0,0,1,0,1,0,0,0,3,All India Quota Seat Matrix - Round 1.pdf
2025,AIQ,1,159,All India except Central University,"Shaikh-Ul-Hind Maulana Mahmood Hasan Medical College, Saharanpur(701503)",M.S. (ORTHOPAEDICS),All India,0,0,0,0,1,0,0,0,0,0,1,All India Quota Seat Matrix - Round 1.pdf
2025,AIQ,1,159,All India except Central University,"Shaikh-Ul-Hind Maulana Mahmood Hasan Medical College, Saharanpur(701503)",MD/MS (Anatomy),All India,1,0,0,0,0,0,0,0,0,0,1,All India Quota Seat Matrix - Round 1.pdf
2025,AIQ,1,159,All India except Central University,"Sher-i-Kashmir Institute of Medical Sciences, Srinagar,J&K (701711)",DIP.IN IMMUNO-HAEMATOLOGY and BLOOD TRANSFUSION,All India,1,0,0,0,0,0,0,0,0,0,1,All India Quota Seat Matrix - Round 1.pdf
2025,AIQ,1,159,All India except Central University,"Sher-i-Kashmir Institute of Medical Sciences, Srinagar,J&K (701711)",M.D. (ANAESTHESIOLOGY),All India,4,0,0,1,3,0,2,0,1,0,11,All India Quota Seat Matrix - Round 1.pdf
2025,AIQ,1,159,All India except Central University,"Sher-i-Kashmir Institute of Medical Sciences, Srinagar,J&K (701711)","M.D. (DERM.,VENE. and LEPROSY)/ (DERMATOLOGY)/(SKIN and VENEREAL DISEASES)/(VENEREOLOGY)",All India,0,0,0,0,1,0,0,0,0,0,1,All India Quota Seat Matrix - Round 1.pdf
2025,AIQ,1,159,All India except Central University,"Sher-i-Kashmir Institute of Medical Sciences, Srinagar,J&K (701711)",M.D. (GENERAL MEDICINE),All India,5,0,1,0,2,0,2,0,0,0,10,All India Quota Seat Matrix - Round 1.pdf
2025,AIQ,1,159,All India except Central University,"Sher-i-Kashmir Institute of Medical Sciences, Srinagar,J&K (701711)",M.D. (Hospital Administration),All India,1,0,0,0,0,1,0,0,0,0,2,All India Quota Seat Matrix - Round 1.pdf
2025,AIQ,1,159,All India except Central University,"Sher-i-Kashmir Institute of Medical Sciences, Srinagar,J&K (701711)",M.D. (MICROBIOLOGY),All India,0,0,0,0,0,0,1,0,1,0,2,All India Quota Seat Matrix - Round 1.pdf
2025,AIQ,1,159,All India except Central University,"Sher-i-Kashmir Institute of Medical Sciences, Srinagar,J&K (701711)",M.D. (Obst. and Gynae)/MS (Obstetrics and Gynaecology),All India,1,0,1,0,1,0,0,0,0,0,3,All India Quota Seat Matrix - Round 1.pdf
2025,AIQ,1,160,All India except Central University,"Sher-i-Kashmir Institute of Medical Sciences, Srinagar,J&K (701711)",M.D. (PAEDIATRICS),All India,2,0,0,0,1,0,1,0,0,0,4,All India Quota Seat Matrix - Round 1.pdf
2025,AIQ,1,160,All India except Central University,"Sher-i-Kashmir Institute of Medical Sciences, Srinagar,J&K (701711)",M.D. (PATHOLOGY),All India,0,0,1,0,1,0,0,0,1,0,3,All India Quota Seat Matrix - Round 1.pdf
2025,AIQ,1,160,All India except Central University,"Sher-i-Kashmir Institute of Medical Sciences, Srinagar,J&K (701711)",M.D. (PREVENTIVE and SOCIAL MEDICINE)/ COMMUNITY MEDICINE,All India,1,0,0,0,0,0,0,0,0,0,1,All India Quota Seat Matrix - Round 1.pdf
2025,AIQ,1,160,All India except Central University,"Sher-i-Kashmir Institute of Medical Sciences, Srinagar,J&K (701711)",M.D. (PSYCHIATRY),All India,1,0,0,0,1,0,0,0,0,0,2,All India Quota Seat Matrix - Round 1.pdf
2025,AIQ,1,160,All India except Central University,"Sher-i-Kashmir Institute of Medical Sciences, Srinagar,J&K (701711)",M.D. (RADIO-DIAGNOSIS),All India,3,0,1,0,2,0,2,0,0,0,8,All India Quota Seat Matrix - Round 1.pdf
2025,AIQ,1,160,All India except Central University,"Sher-i-Kashmir Institute of Medical Sciences, Srinagar,J&K (701711)",M.D. (Radiotherapy/ Radiation Oncology),All India,0,0,0,0,1,0,0,0,1,0,2,All India Quota Seat Matrix - Round 1.pdf
2025,AIQ,1,160,All India except Central University,"Sher-i-Kashmir Institute of Medical Sciences, Srinagar,J&K (701711)",M.S. (GENERAL SURGERY),All India,3,1,1,0,3,0,1,0,1,0,10,All India Quota Seat Matrix - Round 1.pdf
2025,AIQ,1,160,All India except Central University,"Sher-i-Kashmir Institute of Medical Sciences, Srinagar,J&K (701711)",M.S. (OPHTHALMOLOGY),All India,2,0,0,0,0,0,0,0,0,0,2,All India Quota Seat Matrix - Round 1.pdf
2025,AIQ,1,160,All India except Central University,"Sher-i-Kashmir Institute of Medical Sciences, Srinagar,J&K (701711)",M.S. (ORTHOPAEDICS),All India,1,0,0,0,1,0,1,0,0,0,3,All India Quota Seat Matrix - Round 1.pdf
2025,AIQ,1,160,All India except Central University,SHIMOGA INSTITUTE OF MEDICAL SCIENCES(700415),M.D. (ANAESTHESIOLOGY),All India,2,0,0,0,1,0,1,0,1,0,5,All India Quota Seat Matrix - Round 1.pdf
2025,AIQ,1,160,All India except Central University,SHIMOGA INSTITUTE OF MEDICAL SCIENCES(700415),"M.D. (DERM.,VENE. and LEPROSY)/ (DERMATOLOGY)/(SKIN and VENEREAL DISEASES)/(VENEREOLOGY)",All India,1,0,1,0,1,0,0,0,0,0,3,All India Quota Seat Matrix - Round 1.pdf
2025,AIQ,1,160,All India except Central University,SHIMOGA INSTITUTE OF MEDICAL SCIENCES(700415),M.D. (FORENSIC MEDICINE),All India,0,0,0,0,0,0,1,0,0,0,1,All India Quota Seat Matrix - Round 1.pdf
2025,AIQ,1,160,All India except Central University,SHIMOGA INSTITUTE OF MEDICAL SCIENCES(700415),M.D. (GENERAL MEDICINE),All India,4,0,1,0,2,0,0,0,0,0,7,All India Quota Seat Matrix - Round 1.pdf
2025,AIQ,1,160,All India except Central University,SHIMOGA INSTITUTE OF MEDICAL SCIENCES(700415),M.D. (Obst. and Gynae)/MS (Obstetrics and Gynaecology),All India,2,0,1,0,2,0,0,0,0,0,5,All India Quota Seat Matrix - Round 1.pdf
2025,AIQ,1,160,All India except Central University,SHIMOGA INSTITUTE OF MEDICAL SCIENCES(700415),M.D. (PAEDIATRICS),All India,1,0,1,0,2,0,0,0,0,0,4,All India Quota Seat Matrix - Round 1.pdf
2025,AIQ,1,160,All India except Central University,SHIMOGA INSTITUTE OF MEDICAL SCIENCES(700415),M.D. (PATHOLOGY),All India,3,1,0,0,1,0,1,0,0,0,6,All India Quota Seat Matrix - Round 1.pdf
2025,AIQ,1,160,All India except Central University,SHIMOGA INSTITUTE OF MEDICAL SCIENCES(700415),M.D. (PHARMACOLOGY),All India,1,0,0,0,0,0,0,0,0,0,1,All India Quota Seat Matrix - Round 1.pdf
2025,AIQ,1,160,All India except Central University,SHIMOGA INSTITUTE OF MEDICAL SCIENCES(700415),M.D. (PHYSIOLOGY),All India,0,0,0,0,1,0,0,0,0,0,1,All India Quota Seat Matrix - Round 1.pdf
2025,AIQ,1,160,All India except Central University,SHIMOGA INSTITUTE OF MEDICAL SCIENCES(700415),M.D. (PREVENTIVE and SOCIAL MEDICINE)/ COMMUNITY MEDICINE,All India,0,0,0,0,0,0,1,0,1,0,2,All India Quota Seat Matrix - Round 1.pdf
2025,AIQ,1,160,All India except Central University,SHIMOGA INSTITUTE OF MEDICAL SCIENCES(700415),M.D. (RADIO-DIAGNOSIS),All India,0,0,0,0,1,0,0,0,0,0,1,All India Quota Seat Matrix - Round 1.pdf
2025,AIQ,1,161,All India except Central University,SHIMOGA INSTITUTE OF MEDICAL SCIENCES(700415),M.S. (E.N.T.),All India,1,0,0,0,1,0,0,0,0,0,2,All India Quota Seat Matrix - Round 1.pdf
2025,AIQ,1,161,All India except Central University,SHIMOGA INSTITUTE OF MEDICAL SCIENCES(700415),M.S. (GENERAL SURGERY),All India,2,0,0,0,1,0,2,0,1,0,6,All India Quota Seat Matrix - Round 1.pdf
2025,AIQ,1,161,All India except Central University,SHIMOGA INSTITUTE OF MEDICAL SCIENCES(700415),M.S. (OPHTHALMOLOGY),All India,1,0,0,0,0,0,0,0,0,0,1,All India Quota Seat Matrix - Round 1.pdf
2025,AIQ,1,161,All India except Central University,SHIMOGA INSTITUTE OF MEDICAL SCIENCES(700415),M.S. (ORTHOPAEDICS),All India,0,0,0,0,0,0,1,0,1,0,2,All India Quota Seat Matrix - Round 1.pdf
2025,AIQ,1,161,All India except Central University,SHIMOGA INSTITUTE OF MEDICAL SCIENCES(700415),MD/MS (Anatomy),All India,1,0,0,0,0,0,0,0,0,0,1,All India Quota Seat Matrix - Round 1.pdf
2025,AIQ,1,161,All India except Central University,"Shri Atal Bihari Vajpayee Medical College & Research Institute, Bengaluru(701724)",M.D. (BIOCHEMISTRY),All India,2,0,0,0,0,0,0,0,0,0,2,All India Quota Seat Matrix - Round 1.pdf
2025,AIQ,1,161,All India except Central University,"Shri Atal Bihari Vajpayee Medical College & Research Institute, Bengaluru(701724)",M.D. (FORENSIC MEDICINE),All India,0,0,0,0,1,0,0,0,0,0,1,All India Quota Seat Matrix - Round 1.pdf
2025,AIQ,1,161,All India except Central University,"Shri Atal Bihari Vajpayee Medical College & Research Institute, Bengaluru(701724)",M.D. (MICROBIOLOGY),All India,1,0,0,0,0,0,1,0,0,0,2,All India Quota Seat Matrix - Round 1.pdf
2025,AIQ,1,161,All India except Central University,"Shri Atal Bihari Vajpayee Medical College & Research Institute, Bengaluru(701724)",M.D. (PATHOLOGY),All India,0,0,1,0,1,0,0,0,0,0,2,All India Quota Seat Matrix - Round 1.pdf
2025,AIQ,1,161,All India except Central University,"Shri Atal Bihari Vajpayee Medical College & Research Institute, Bengaluru(701724)",M.D. (PHARMACOLOGY),All India,1,0,0,0,0,0,0,0,0,0,1,All India Quota Seat Matrix - Round 1.pdf
2025,AIQ,1,161,All India except Central University,"Shri Atal Bihari Vajpayee Medical College & Research Institute, Bengaluru(701724)",M.D. (PHYSIOLOGY),All India,1,0,0,0,0,0,1,0,0,0,2,All India Quota Seat Matrix - Round 1.pdf
2025,AIQ,1,161,All India except Central University,"Shri Atal Bihari Vajpayee Medical College & Research Institute, Bengaluru(701724)",M.D. (PREVENTIVE and SOCIAL MEDICINE)/ COMMUNITY MEDICINE,All India,0,0,0,0,1,0,0,0,1,0,2,All India Quota Seat Matrix - Round 1.pdf
2025,AIQ,1,161,All India except Central University,"Shri Atal Bihari Vajpayee Medical College & Research Institute, Bengaluru(701724)",MD/MS (Anatomy),All India,0,0,1,0,0,0,0,0,0,0,1,All India Quota Seat Matrix - Round 1.pdf
2025,AIQ,1,161,Diplomate of National Board (DNB) PG,"Shri Lal Bahadur Shastri Government Medical College and Hospital , (700748)",M.D. (MICROBIOLOGY),All India,0,0,0,0,1,0,1,0,0,0,2,All India Quota Seat Matrix - Round 1.pdf
2025,AIQ,1,161,Diplomate of National Board (DNB) PG,"Shri Lal Bahadur Shastri Government Medical College and Hospital , (700748)",M.D. (PHARMACOLOGY),All India,0,0,0,0,0,0,0,0,1,0,1,All India Quota Seat Matrix - Round 1.pdf
2025,AIQ,1,161,All India except Central University,Shri Vasantrao Naik Govt Medical College Yavatmal(700315),M.D. (ANAESTHESIOLOGY),All India,0,0,0,0,1,0,1,0,0,0,2,All India Quota Seat Matrix - Round 1.pdf
2025,AIQ,1,161,All India except Central University,Shri Vasantrao Naik Govt Medical College Yavatmal(700315),M.D. (BIOCHEMISTRY),All India,0,0,0,0,0,0,0,0,1,0,1,All India Quota Seat Matrix - Round 1.pdf
2025,AIQ,1,161,All India except Central University,Shri Vasantrao Naik Govt Medical College Yavatmal(700315),M.D. (FORENSIC MEDICINE),All India,0,0,0,0,1,0,0,0,0,0,1,All India Quota Seat Matrix - Round 1.pdf
2025,AIQ,1,161,All India except Central University,Shri Vasantrao Naik Govt Medical College Yavatmal(700315),M.D. (MICROBIOLOGY),All India,2,0,0,0,0,0,1,0,0,0,3,All India Quota Seat Matrix - Round 1.pdf
2025,AIQ,1,161,All India except Central University,Shri Vasantrao Naik Govt Medical College Yavatmal(700315),M.D. (Obst. and Gynae)/MS (Obstetrics and Gynaecology),All India,1,0,0,0,1,0,0,0,1,0,3,All India Quota Seat Matrix - Round 1.pdf
2025,AIQ,1,162,All India except Central University,Shri Vasantrao Naik Govt Medical College Yavatmal(700315),M.D. (PAEDIATRICS),All India,2,0,1,0,0,0,0,0,0,0,3,All India Quota Seat Matrix - Round 1.pdf
2025,AIQ,1,162,All India except Central University,Shri Vasantrao Naik Govt Medical College Yavatmal(700315),M.D. (PHARMACOLOGY),All India,0,0,0,0,1,0,0,0,0,0,1,All India Quota Seat Matrix - Round 1.pdf
2025,AIQ,1,162,All India except Central University,Shri Vasantrao Naik Govt Medical College Yavatmal(700315),M.D. (PREVENTIVE and SOCIAL MEDICINE)/ COMMUNITY MEDICINE,All India,1,0,0,0,0,0,1,0,0,0,2,All India Quota Seat Matrix - Round 1.pdf
2025,AIQ,1,162,All India except Central University,Shri Vasantrao Naik Govt Medical College Yavatmal(700315),M.D. (Tuberculosis and Respiratory diseases)/Pulmonary Medicine /M.D. (Respiratory Medicine),All India,0,0,0,0,0,1,0,0,0,0,1,All India Quota Seat Matrix - Round 1.pdf
2025,AIQ,1,162,All India except Central University,Shri Vasantrao Naik Govt Medical College Yavatmal(700315),M.S. (E.N.T.),All India,1,0,0,0,0,0,0,0,0,0,1,All India Quota Seat Matrix - Round 1.pdf
2025,AIQ,1,162,All India except Central University,Shri Vasantrao Naik Govt Medical College Yavatmal(700315),M.S. (GENERAL SURGERY),All India,2,0,1,0,1,0,0,0,0,0,4,All India Quota Seat Matrix - Round 1.pdf
2025,AIQ,1,162,All India except Central University,Shri Vasantrao Naik Govt Medical College Yavatmal(700315),M.S. (OPHTHALMOLOGY),All India,0,0,0,0,1,0,1,0,0,0,2,All India Quota Seat Matrix - Round 1.pdf
2025,AIQ,1,162,All India except Central University,Shri Vasantrao Naik Govt Medical College Yavatmal(700315),MD/MS (Anatomy),All India,2,0,0,0,1,0,0,0,0,0,3,All India Quota Seat Matrix - Round 1.pdf
2025,AIQ,1,162,All India except Central University,"Shrikrishna Medical College & Hospital, Muzaffarpur(700113)",M.D. (GENERAL MEDICINE),All India,1,0,0,0,0,0,0,0,0,0,1,All India Quota Seat Matrix - Round 1.pdf
2025,AIQ,1,162,All India except Central University,"Shrikrishna Medical College & Hospital, Muzaffarpur(700113)",M.D. (Obst. and Gynae)/MS (Obstetrics and Gynaecology),All India,0,0,0,0,0,0,1,0,0,0,1,All India Quota Seat Matrix - Round 1.pdf
2025,AIQ,1,162,All India except Central University,"Shrikrishna Medical College & Hospital, Muzaffarpur(700113)",M.D. (PATHOLOGY),All India,1,0,1,0,1,0,0,0,0,0,3,All India Quota Seat Matrix - Round 1.pdf
2025,AIQ,1,162,All India except Central University,"Shrikrishna Medical College & Hospital, Muzaffarpur(700113)",M.D. (PHARMACOLOGY),All India,1,0,0,0,0,0,0,0,0,0,1,All India Quota Seat Matrix - Round 1.pdf
2025,AIQ,1,162,All India except Central University,"Shrikrishna Medical College & Hospital, Muzaffarpur(700113)",M.D. (PHYSIOLOGY),All India,1,0,0,0,0,0,0,0,0,0,1,All India Quota Seat Matrix - Round 1.pdf
2025,AIQ,1,162,All India except Central University,"Shrikrishna Medical College & Hospital, Muzaffarpur(700113)",M.S. (GENERAL SURGERY),All India,0,0,0,0,1,0,0,0,0,0,1,All India Quota Seat Matrix - Round 1.pdf
2025,AIQ,1,162,All India except Central University,"Siddhartha Medical College, Vijayawada(700472)",M.D. (ANAESTHESIOLOGY),All India,4,0,1,0,3,0,2,0,1,0,11,All India Quota Seat Matrix - Round 1.pdf
2025,AIQ,1,162,All India except Central University,"Siddhartha Medical College, Vijayawada(700472)",M.D. (BIOCHEMISTRY),All India,1,0,0,0,0,0,0,0,0,0,1,All India Quota Seat Matrix - Round 1.pdf
2025,AIQ,1,162,All India except Central University,"Siddhartha Medical College, Vijayawada(700472)","M.D. (DERM.,VENE. and LEPROSY)/ (DERMATOLOGY)/(SKIN and VENEREAL DISEASES)/(VENEREOLOGY)",All India,1,0,0,0,1,0,0,0,0,0,2,All India Quota Seat Matrix - Round 1.pdf
2025,AIQ,1,162,All India except Central University,"Siddhartha Medical College, Vijayawada(700472)",M.D. (FORENSIC MEDICINE),All India,0,0,1,0,0,0,0,0,0,0,1,All India Quota Seat Matrix - Round 1.pdf
2025,AIQ,1,162,All India except Central University,"Siddhartha Medical College, Vijayawada(700472)",M.D. (GENERAL MEDICINE),All India,3,0,0,0,2,0,1,0,1,0,7,All India Quota Seat Matrix - Round 1.pdf
2025,AIQ,1,162,All India except Central University,"Siddhartha Medical College, Vijayawada(700472)",M.D. (MICROBIOLOGY),All India,2,0,0,0,1,0,1,0,1,0,5,All India Quota Seat Matrix - Round 1.pdf
2025,AIQ,1,163,All India except Central University,"Siddhartha Medical College, Vijayawada(700472)",M.D. (Obst. and Gynae)/MS (Obstetrics and Gynaecology),All India,4,1,1,0,3,0,1,0,0,0,10,All India Quota Seat Matrix - Round 1.pdf
2025,AIQ,1,163,All India except Central University,"Siddhartha Medical College, Vijayawada(700472)",M.D. (PAEDIATRICS),All India,2,0,0,0,1,0,1,0,0,0,4,All India Quota Seat Matrix - Round 1.pdf
2025,AIQ,1,163,All India except Central University,"Siddhartha Medical College, Vijayawada(700472)",M.D. (PATHOLOGY),All India,3,0,1,0,2,0,0,1,1,0,8,All India Quota Seat Matrix - Round 1.pdf
2025,AIQ,1,163,All India except Central University,"Siddhartha Medical College, Vijayawada(700472)",M.D. (PHARMACOLOGY),All India,1,0,0,0,0,0,0,0,0,0,1,All India Quota Seat Matrix - Round 1.pdf
2025,AIQ,1,163,All India except Central University,"Siddhartha Medical College, Vijayawada(700472)",M.D. (PHYSIOLOGY),All India,0,0,0,0,1,0,1,0,0,0,2,All India Quota Seat Matrix - Round 1.pdf
2025,AIQ,1,163,All India except Central University,"Siddhartha Medical College, Vijayawada(700472)",M.D. (PREVENTIVE and SOCIAL MEDICINE)/ COMMUNITY MEDICINE,All India,0,0,1,0,0,0,0,0,0,0,1,All India Quota Seat Matrix - Round 1.pdf
2025,AIQ,1,163,All India except Central University,"Siddhartha Medical College, Vijayawada(700472)",M.D. (PSYCHIATRY),All India,1,0,0,0,0,0,0,0,0,0,1,All India Quota Seat Matrix - Round 1.pdf
2025,AIQ,1,163,All India except Central University,"Siddhartha Medical College, Vijayawada(700472)",M.D. (RADIO-DIAGNOSIS),All India,1,0,0,0,0,0,0,0,0,0,1,All India Quota Seat Matrix - Round 1.pdf
2025,AIQ,1,163,All India except Central University,"Siddhartha Medical College, Vijayawada(700472)",M.D. (Tuberculosis and Respiratory diseases)/Pulmonary Medicine /M.D. (Respiratory Medicine),All India,1,0,0,0,1,0,1,0,0,0,3,All India Quota Seat Matrix - Round 1.pdf
2025,AIQ,1,163,All India except Central University,"Siddhartha Medical College, Vijayawada(700472)",M.S. (E.N.T.),All India,1,0,0,0,1,0,1,0,0,0,3,All India Quota Seat Matrix - Round 1.pdf
2025,AIQ,1,163,All India except Central University,"Siddhartha Medical College, Vijayawada(700472)",M.S. (GENERAL SURGERY),All India,3,0,1,0,2,0,1,0,0,0,7,All India Quota Seat Matrix - Round 1.pdf
2025,AIQ,1,163,All India except Central University,"Siddhartha Medical College, Vijayawada(700472)",M.S. (OPHTHALMOLOGY),All India,0,0,1,0,0,0,1,0,1,0,3,All India Quota Seat Matrix - Round 1.pdf
2025,AIQ,1,163,All India except Central University,"Siddhartha Medical College, Vijayawada(700472)",M.S. (ORTHOPAEDICS),All India,2,0,0,0,1,1,0,0,0,0,4,All India Quota Seat Matrix - Round 1.pdf
2025,AIQ,1,163,All India except Central University,"Siddhartha Medical College, Vijayawada(700472)",MD/MS (Anatomy),All India,1,0,0,0,1,0,0,0,0,0,2,All India Quota Seat Matrix - Round 1.pdf
2025,AIQ,1,163,All India except Central University,"Silchar Medical College, Silchar(700286)",M.D. (ANAESTHESIOLOGY),All India,2,0,0,0,0,0,1,0,0,0,3,All India Quota Seat Matrix - Round 1.pdf
2025,AIQ,1,163,All India except Central University,"Silchar Medical College, Silchar(700286)",M.D. (BIOCHEMISTRY),All India,1,0,0,0,1,0,0,0,0,0,2,All India Quota Seat Matrix - Round 1.pdf
2025,AIQ,1,163,All India except Central University,"Silchar Medical College, Silchar(700286)","M.D. (DERM.,VENE. and LEPROSY)/ (DERMATOLOGY)/(SKIN and VENEREAL DISEASES)/(VENEREOLOGY)",All India,0,0,0,0,0,0,1,0,1,0,2,All India Quota Seat Matrix - Round 1.pdf
2025,AIQ,1,163,All India except Central University,"Silchar Medical College, Silchar(700286)",M.D. (FORENSIC MEDICINE),All India,1,0,0,0,1,0,0,0,0,0,2,All India Quota Seat Matrix - Round 1.pdf
2025,AIQ,1,163,All India except Central University,"Silchar Medical College, Silchar(700286)",M.D. (GENERAL MEDICINE),All India,3,0,1,0,2,0,1,0,0,0,7,All India Quota Seat Matrix - Round 1.pdf
2025,AIQ,1,163,All India except Central University,"Silchar Medical College, Silchar(700286)",M.D. (MICROBIOLOGY),All India,0,0,1,0,0,0,1,0,0,0,2,All India Quota Seat Matrix - Round 1.pdf
2025,AIQ,1,164,All India except Central University,"Silchar Medical College, Silchar(700286)",M.D. (Obst. and Gynae)/MS (Obstetrics and Gynaecology),All India,2,0,0,0,1,0,0,0,0,0,3,All India Quota Seat Matrix - Round 1.pdf
2025,AIQ,1,164,All India except Central University,"Silchar Medical College, Silchar(700286)",M.D. (PAEDIATRICS),All India,1,0,0,0,1,0,1,0,0,0,3,All India Quota Seat Matrix - Round 1.pdf
2025,AIQ,1,164,All India except Central University,"Silchar Medical College, Silchar(700286)",M.D. (PATHOLOGY),All India,3,0,0,0,1,0,0,0,0,0,4,All India Quota Seat Matrix - Round 1.pdf
2025,AIQ,1,164,All India except Central University,"Silchar Medical College, Silchar(700286)",M.D. (PHARMACOLOGY),All India,0,0,0,0,0,0,1,0,1,0,2,All India Quota Seat Matrix - Round 1.pdf
2025,AIQ,1,164,All India except Central University,"Silchar Medical College, Silchar(700286)",M.D. (PHYSIOLOGY),All India,0,0,0,0,1,0,0,0,0,0,1,All India Quota Seat Matrix - Round 1.pdf
2025,AIQ,1,164,All India except Central University,"Silchar Medical College, Silchar(700286)",M.D. (PSYCHIATRY),All India,1,0,1,0,0,0,0,0,0,0,2,All India Quota Seat Matrix - Round 1.pdf
2025,AIQ,1,164,All India except Central University,"Silchar Medical College, Silchar(700286)",M.D. (RADIO-DIAGNOSIS),All India,1,0,0,0,1,0,1,0,0,0,3,All India Quota Seat Matrix - Round 1.pdf
2025,AIQ,1,164,All India except Central University,"Silchar Medical College, Silchar(700286)",M.S. (E.N.T.),All India,1,0,1,0,1,0,0,0,0,0,3,All India Quota Seat Matrix - Round 1.pdf
2025,AIQ,1,164,All India except Central University,"Silchar Medical College, Silchar(700286)",M.S. (GENERAL SURGERY),All India,2,1,0,0,2,0,1,0,1,0,7,All India Quota Seat Matrix - Round 1.pdf
2025,AIQ,1,164,All India except Central University,"Silchar Medical College, Silchar(700286)",M.S. (OPHTHALMOLOGY),All India,1,0,0,0,1,0,1,0,0,0,3,All India Quota Seat Matrix - Round 1.pdf
2025,AIQ,1,164,All India except Central University,"Silchar Medical College, Silchar(700286)",M.S. (ORTHOPAEDICS),All India,1,0,1,0,1,0,0,0,1,0,4,All India Quota Seat Matrix - Round 1.pdf
2025,AIQ,1,164,All India except Central University,"Silchar Medical College, Silchar(700286)",MD/MS (Anatomy),All India,1,0,0,0,1,0,0,0,0,0,2,All India Quota Seat Matrix - Round 1.pdf
2025,AIQ,1,164,All India except Central University,"SJP Medical College, Bharatpur(901806)",M.D. (GENERAL MEDICINE),All India,4,0,0,0,1,0,0,0,0,0,5,All India Quota Seat Matrix - Round 1.pdf
2025,AIQ,1,164,All India except Central University,"SJP Medical College, Bharatpur(901806)",M.D. (MICROBIOLOGY),All India,1,0,0,0,0,0,0,0,0,0,1,All India Quota Seat Matrix - Round 1.pdf
2025,AIQ,1,164,All India except Central University,"SJP Medical College, Bharatpur(901806)",M.D. (PATHOLOGY),All India,0,0,0,0,0,0,1,0,0,0,1,All India Quota Seat Matrix - Round 1.pdf
2025,AIQ,1,164,All India except Central University,"SJP Medical College, Bharatpur(901806)",M.D. (PREVENTIVE and SOCIAL MEDICINE)/ COMMUNITY MEDICINE,All India,0,0,1,0,1,0,0,0,1,0,3,All India Quota Seat Matrix - Round 1.pdf
2025,AIQ,1,164,All India except Central University,"SJP Medical College, Bharatpur(901806)",MD/MS (Anatomy),All India,0,0,0,0,1,0,0,0,0,0,1,All India Quota Seat Matrix - Round 1.pdf
2025,AIQ,1,164,All India except Central University,Smt. G. R. Doshi and Smt. K. M. Mehta Institute of Kidney Diseases & Research Centre Dr. H. L. Trivedi Institute of Transplantation Sciences (IKDRC-ITS)(701501),M.D. (ANAESTHESIOLOGY),All India,0,0,0,0,1,0,1,0,1,0,3,All India Quota Seat Matrix - Round 1.pdf
2025,AIQ,1,164,All India except Central University,Sri Bhausaheb Hire Government Medical College(700532),M.D. (ANAESTHESIOLOGY),All India,2,0,1,0,1,0,0,0,0,0,4,All India Quota Seat Matrix - Round 1.pdf
2025,AIQ,1,164,All India except Central University,Sri Bhausaheb Hire Government Medical College(700532),M.D. (BIOCHEMISTRY),All India,0,0,0,0,0,0,1,0,0,0,1,All India Quota Seat Matrix - Round 1.pdf
2025,AIQ,1,165,All India except Central University,Sri Bhausaheb Hire Government Medical College(700532),"M.D. (DERM.,VENE. and LEPROSY)/ (DERMATOLOGY)/(SKIN and VENEREAL DISEASES)/(VENEREOLOGY)",All India,0,0,0,0,1,0,0,0,1,0,2,All India Quota Seat Matrix - Round 1.pdf
2025,AIQ,1,165,All India except Central University,Sri Bhausaheb Hire Government Medical College(700532),M.D. (FORENSIC MEDICINE),All India,1,0,0,0,1,0,0,0,0,0,2,All India Quota Seat Matrix - Round 1.pdf
2025,AIQ,1,165,All India except Central University,Sri Bhausaheb Hire Government Medical College(700532),M.D. (GENERAL MEDICINE),All India,0,0,1,0,0,0,1,0,0,0,2,All India Quota Seat Matrix - Round 1.pdf
2025,AIQ,1,165,All India except Central University,Sri Bhausaheb Hire Government Medical College(700532),M.D. (MICROBIOLOGY),All India,1,0,0,0,1,0,0,0,0,0,2,All India Quota Seat Matrix - Round 1.pdf
2025,AIQ,1,165,All India except Central University,Sri Bhausaheb Hire Government Medical College(700532),M.D. (Obst. and Gynae)/MS (Obstetrics and Gynaecology),All India,0,0,1,0,0,0,1,0,1,0,3,All India Quota Seat Matrix - Round 1.pdf
2025,AIQ,1,165,All India except Central University,Sri Bhausaheb Hire Government Medical College(700532),M.D. (PAEDIATRICS),All India,1,0,0,0,0,0,0,0,0,0,1,All India Quota Seat Matrix - Round 1.pdf
2025,AIQ,1,165,All India except Central University,Sri Bhausaheb Hire Government Medical College(700532),M.D. (PATHOLOGY),All India,0,0,0,0,0,0,1,0,0,0,1,All India Quota Seat Matrix - Round 1.pdf
2025,AIQ,1,165,All India except Central University,Sri Bhausaheb Hire Government Medical College(700532),M.D. (PSYCHIATRY),All India,0,0,0,0,1,0,0,0,0,0,1,All India Quota Seat Matrix - Round 1.pdf
2025,AIQ,1,165,All India except Central University,Sri Bhausaheb Hire Government Medical College(700532),M.S. (E.N.T.),All India,2,0,0,0,0,0,0,0,0,0,2,All India Quota Seat Matrix - Round 1.pdf
2025,AIQ,1,165,All India except Central University,Sri Bhausaheb Hire Government Medical College(700532),M.S. (GENERAL SURGERY),All India,1,1,0,0,1,0,0,0,0,0,3,All India Quota Seat Matrix - Round 1.pdf
2025,AIQ,1,165,All India except Central University,Sri Bhausaheb Hire Government Medical College(700532),M.S. (OPHTHALMOLOGY),All India,0,0,0,0,1,0,0,0,0,0,1,All India Quota Seat Matrix - Round 1.pdf
2025,AIQ,1,165,All India except Central University,Sri Bhausaheb Hire Government Medical College(700532),M.S. (ORTHOPAEDICS),All India,1,0,0,0,0,0,0,0,0,0,1,All India Quota Seat Matrix - Round 1.pdf
2025,AIQ,1,165,All India except Central University,"Sri Venkateswara Institute of Medical Sciences (SVIMS), A State University estd. by Govt. of A.P.(700499)",M.D. (ANAESTHESIOLOGY),All India,1,0,1,0,1,0,0,0,1,0,4,All India Quota Seat Matrix - Round 1.pdf
2025,AIQ,1,165,All India except Central University,"Sri Venkateswara Institute of Medical Sciences (SVIMS), A State University estd. by Govt. of A.P.(700499)",M.D. (Emergency and Critical Care)/M.D. (Emergency Medicine),All India,0,0,0,0,1,0,0,0,0,0,1,All India Quota Seat Matrix - Round 1.pdf
2025,AIQ,1,165,All India except Central University,"Sri Venkateswara Institute of Medical Sciences (SVIMS), A State University estd. by Govt. of A.P.(700499)",M.D. (GENERAL MEDICINE),All India,2,0,0,0,1,0,1,0,0,0,4,All India Quota Seat Matrix - Round 1.pdf
2025,AIQ,1,165,All India except Central University,"Sri Venkateswara Institute of Medical Sciences (SVIMS), A State University estd. by Govt. of A.P.(700499)",M.D. (MICROBIOLOGY),All India,0,1,0,0,0,0,0,0,0,0,1,All India Quota Seat Matrix - Round 1.pdf
2025,AIQ,1,165,All India except Central University,"Sri Venkateswara Institute of Medical Sciences (SVIMS), A State University estd. by Govt. of A.P.(700499)",M.D. (PATHOLOGY),All India,0,0,0,0,0,0,1,0,0,0,1,All India Quota Seat Matrix - Round 1.pdf
2025,AIQ,1,166,All India except Central University,"Sri Venkateswara Institute of Medical Sciences (SVIMS), A State University estd. by Govt. of A.P.(700499)",M.D. (PHARMACOLOGY),All India,0,0,0,0,0,0,0,0,1,0,1,All India Quota Seat Matrix - Round 1.pdf
2025,AIQ,1,166,All India except Central University,"Sri Venkateswara Institute of Medical Sciences (SVIMS), A State University estd. by Govt. of A.P.(700499)",M.D. (PREVENTIVE and SOCIAL MEDICINE)/ COMMUNITY MEDICINE,All India,0,0,0,0,1,0,0,0,0,0,1,All India Quota Seat Matrix - Round 1.pdf
2025,AIQ,1,166,All India except Central University,"Sri Venkateswara Institute of Medical Sciences (SVIMS), A State University estd. by Govt. of A.P.(700499)",M.D. (RADIO-DIAGNOSIS),All India,2,0,1,0,0,0,0,0,0,0,3,All India Quota Seat Matrix - Round 1.pdf
2025,AIQ,1,166,All India except Central University,"Sri Venkateswara Institute of Medical Sciences (SVIMS), A State University estd. by Govt. of A.P.(700499)",M.D. (Radiotherapy/ Radiation Oncology),All India,1,0,0,0,1,0,1,0,0,0,3,All India Quota Seat Matrix - Round 1.pdf
2025,AIQ,1,166,All India except Central University,"Sri Venkateswara Institute of Medical Sciences (SVIMS), A State University estd. by Govt. of A.P.(700499)",M.D. IN NUCLEAR MEDICINE,All India,0,0,0,0,1,0,0,0,0,0,1,All India Quota Seat Matrix - Round 1.pdf
2025,AIQ,1,166,All India except Central University,"Sri Venkateswara Institute of Medical Sciences (SVIMS), A State University estd. by Govt. of A.P.(700499)",M.S. (GENERAL SURGERY),All India,2,0,0,0,0,0,0,0,0,0,2,All India Quota Seat Matrix - Round 1.pdf
2025,AIQ,1,166,All India except Central University,"Srirama Chandra Bhanja Medical College, CUTTACK(700336)",M.D. (ANAESTHESIOLOGY),All India,4,0,1,0,3,0,1,0,1,0,10,All India Quota Seat Matrix - Round 1.pdf
2025,AIQ,1,166,All India except Central University,"Srirama Chandra Bhanja Medical College, CUTTACK(700336)",M.D. (BIOCHEMISTRY),All India,1,0,0,1,0,0,1,0,0,0,3,All India Quota Seat Matrix - Round 1.pdf
2025,AIQ,1,166,All India except Central University,"Srirama Chandra Bhanja Medical College, CUTTACK(700336)","M.D. (DERM.,VENE. and LEPROSY)/ (DERMATOLOGY)/(SKIN and VENEREAL DISEASES)/(VENEREOLOGY)",All India,0,0,0,0,1,0,0,1,1,0,3,All India Quota Seat Matrix - Round 1.pdf
2025,AIQ,1,166,All India except Central University,"Srirama Chandra Bhanja Medical College, CUTTACK(700336)",M.D. (FORENSIC MEDICINE),All India,2,0,0,0,1,0,0,0,0,0,3,All India Quota Seat Matrix - Round 1.pdf
2025,AIQ,1,166,All India except Central University,"Srirama Chandra Bhanja Medical College, CUTTACK(700336)",M.D. (GENERAL MEDICINE),All India,6,1,1,0,3,1,2,0,1,0,15,All India Quota Seat Matrix - Round 1.pdf
2025,AIQ,1,166,All India except Central University,"Srirama Chandra Bhanja Medical College, CUTTACK(700336)",M.D. (MICROBIOLOGY),All India,2,0,0,0,1,0,0,0,0,0,3,All India Quota Seat Matrix - Round 1.pdf
2025,AIQ,1,166,All India except Central University,"Srirama Chandra Bhanja Medical College, CUTTACK(700336)",M.D. (Obst. and Gynae)/MS (Obstetrics and Gynaecology),All India,4,0,1,0,2,0,2,0,1,0,10,All India Quota Seat Matrix - Round 1.pdf
2025,AIQ,1,166,All India except Central University,"Srirama Chandra Bhanja Medical College, CUTTACK(700336)",M.D. (PAEDIATRICS),All India,5,1,1,0,3,0,2,0,0,0,12,All India Quota Seat Matrix - Round 1.pdf
2025,AIQ,1,166,All India except Central University,"Srirama Chandra Bhanja Medical College, CUTTACK(700336)",M.D. (PATHOLOGY),All India,1,0,1,0,1,0,0,0,1,0,4,All India Quota Seat Matrix - Round 1.pdf
2025,AIQ,1,166,All India except Central University,"Srirama Chandra Bhanja Medical College, CUTTACK(700336)",M.D. (PHARMACOLOGY),All India,1,0,0,0,1,0,1,0,0,0,3,All India Quota Seat Matrix - Round 1.pdf
2025,AIQ,1,166,All India except Central University,"Srirama Chandra Bhanja Medical College, CUTTACK(700336)",M.D. (PHYSIOLOGY),All India,2,0,0,0,1,0,0,0,0,0,3,All India Quota Seat Matrix - Round 1.pdf
2025,AIQ,1,167,All India except Central University,"Srirama Chandra Bhanja Medical College, CUTTACK(700336)",M.D. (PREVENTIVE and SOCIAL MEDICINE)/ COMMUNITY MEDICINE,All India,1,0,0,0,0,0,1,0,1,0,3,All India Quota Seat Matrix - Round 1.pdf
2025,AIQ,1,167,All India except Central University,"Srirama Chandra Bhanja Medical College, CUTTACK(700336)",M.D. (PSYCHIATRY),All India,1,0,1,0,1,0,0,0,0,0,3,All India Quota Seat Matrix - Round 1.pdf
2025,AIQ,1,167,All India except Central University,"Srirama Chandra Bhanja Medical College, CUTTACK(700336)",M.D. (RADIO-DIAGNOSIS),All India,1,0,0,0,1,0,1,0,0,0,3,All India Quota Seat Matrix - Round 1.pdf
2025,AIQ,1,167,All India except Central University,"Srirama Chandra Bhanja Medical College, CUTTACK(700336)",M.D. (Radiotherapy/ Radiation Oncology),All India,1,0,1,0,1,0,0,0,0,0,3,All India Quota Seat Matrix - Round 1.pdf
2025,AIQ,1,167,All India except Central University,"Srirama Chandra Bhanja Medical College, CUTTACK(700336)",M.D. (Tuberculosis and Respiratory diseases)/Pulmonary Medicine /M.D. (Respiratory Medicine),All India,2,0,0,0,0,1,0,0,0,0,3,All India Quota Seat Matrix - Round 1.pdf
2025,AIQ,1,167,All India except Central University,"Srirama Chandra Bhanja Medical College, CUTTACK(700336)",M.D. IN TRANSFUSION MEDICINE/ IMMUNO- HAEMATOLOGY and BLOOD TRANSFUSION,All India,0,0,0,0,0,0,1,0,1,0,2,All India Quota Seat Matrix - Round 1.pdf
2025,AIQ,1,167,All India except Central University,"Srirama Chandra Bhanja Medical College, CUTTACK(700336)",M.S. (E.N.T.),All India,1,0,0,0,1,0,0,0,0,0,2,All India Quota Seat Matrix - Round 1.pdf
2025,AIQ,1,167,All India except Central University,"Srirama Chandra Bhanja Medical College, CUTTACK(700336)",M.S. (GENERAL SURGERY),All India,4,0,2,0,3,0,2,0,1,0,12,All India Quota Seat Matrix - Round 1.pdf
2025,AIQ,1,167,All India except Central University,"Srirama Chandra Bhanja Medical College, CUTTACK(700336)",M.S. (OPHTHALMOLOGY),All India,2,0,0,0,2,0,1,0,0,0,5,All India Quota Seat Matrix - Round 1.pdf
2025,AIQ,1,167,All India except Central University,"Srirama Chandra Bhanja Medical College, CUTTACK(700336)",M.S. (ORTHOPAEDICS),All India,2,0,1,0,2,0,1,0,1,0,7,All India Quota Seat Matrix - Round 1.pdf
2025,AIQ,1,167,All India except Central University,"Srirama Chandra Bhanja Medical College, CUTTACK(700336)",MD/MS (Anatomy),All India,1,0,1,0,1,0,1,0,0,0,4,All India Quota Seat Matrix - Round 1.pdf
2025,AIQ,1,167,All India except Central University,STANLEY MEDICAL COLLEGE(700347),M.D. (ANAESTHESIOLOGY),All India,6,0,0,0,3,0,2,0,1,0,12,All India Quota Seat Matrix - Round 1.pdf
2025,AIQ,1,167,All India except Central University,STANLEY MEDICAL COLLEGE(700347),M.D. (BIOCHEMISTRY),All India,1,0,1,0,0,0,0,0,0,0,2,All India Quota Seat Matrix - Round 1.pdf
2025,AIQ,1,167,All India except Central University,STANLEY MEDICAL COLLEGE(700347),"M.D. (DERM.,VENE. and LEPROSY)/ (DERMATOLOGY)/(SKIN and VENEREAL DISEASES)/(VENEREOLOGY)",All India,1,0,0,0,2,0,1,0,1,0,5,All India Quota Seat Matrix - Round 1.pdf
2025,AIQ,1,167,All India except Central University,STANLEY MEDICAL COLLEGE(700347),M.D. (Emergency and Critical Care)/M.D. (Emergency Medicine),All India,2,0,0,0,0,0,0,0,0,0,2,All India Quota Seat Matrix - Round 1.pdf
2025,AIQ,1,167,All India except Central University,STANLEY MEDICAL COLLEGE(700347),M.D. (FORENSIC MEDICINE),All India,1,0,0,0,0,0,0,0,0,0,1,All India Quota Seat Matrix - Round 1.pdf
2025,AIQ,1,167,All India except Central University,STANLEY MEDICAL COLLEGE(700347),M.D. (GENERAL MEDICINE),All India,6,1,1,0,4,0,2,0,1,0,15,All India Quota Seat Matrix - Round 1.pdf
2025,AIQ,1,167,All India except Central University,STANLEY MEDICAL COLLEGE(700347),M.D. (MICROBIOLOGY),All India,0,0,0,0,1,0,0,0,0,0,1,All India Quota Seat Matrix - Round 1.pdf
2025,AIQ,1,167,All India except Central University,STANLEY MEDICAL COLLEGE(700347),M.D. (Obst. and Gynae)/MS (Obstetrics and Gynaecology),All India,4,0,1,0,1,1,2,0,1,0,10,All India Quota Seat Matrix - Round 1.pdf
2025,AIQ,1,167,All India except Central University,STANLEY MEDICAL COLLEGE(700347),M.D. (PAEDIATRICS),All India,3,0,0,0,2,0,2,0,1,0,8,All India Quota Seat Matrix - Round 1.pdf
2025,AIQ,1,168,All India except Central University,STANLEY MEDICAL COLLEGE(700347),M.D. (PATHOLOGY),All India,1,0,1,0,1,0,0,0,0,0,3,All India Quota Seat Matrix - Round 1.pdf
2025,AIQ,1,168,All India except Central University,STANLEY MEDICAL COLLEGE(700347),M.D. (PHARMACOLOGY),All India,1,0,0,0,0,0,0,0,0,0,1,All India Quota Seat Matrix - Round 1.pdf
2025,AIQ,1,168,All India except Central University,STANLEY MEDICAL COLLEGE(700347),M.D. (PHYSIOLOGY),All India,0,0,0,0,1,0,0,0,0,0,1,All India Quota Seat Matrix - Round 1.pdf
2025,AIQ,1,168,All India except Central University,STANLEY MEDICAL COLLEGE(700347),M.D. (PREVENTIVE and SOCIAL MEDICINE)/ COMMUNITY MEDICINE,All India,1,0,0,0,0,0,1,0,0,0,2,All India Quota Seat Matrix - Round 1.pdf
2025,AIQ,1,168,All India except Central University,STANLEY MEDICAL COLLEGE(700347),M.D. (PSYCHIATRY),All India,0,0,1,0,1,0,0,0,0,0,2,All India Quota Seat Matrix - Round 1.pdf
2025,AIQ,1,168,All India except Central University,STANLEY MEDICAL COLLEGE(700347),M.D. (RADIO-DIAGNOSIS),All India,3,0,0,0,2,0,1,0,1,0,7,All India Quota Seat Matrix - Round 1.pdf
2025,AIQ,1,168,All India except Central University,STANLEY MEDICAL COLLEGE(700347),M.D. (Tuberculosis and Respiratory diseases)/Pulmonary Medicine /M.D. (Respiratory Medicine),All India,0,0,1,0,1,0,1,0,0,0,3,All India Quota Seat Matrix - Round 1.pdf
2025,AIQ,1,168,All India except Central University,STANLEY MEDICAL COLLEGE(700347),M.S. (E.N.T.),All India,0,0,1,0,1,0,1,0,0,0,3,All India Quota Seat Matrix - Round 1.pdf
2025,AIQ,1,168,All India except Central University,STANLEY MEDICAL COLLEGE(700347),M.S. (GENERAL SURGERY),All India,5,0,2,0,4,0,2,0,1,0,14,All India Quota Seat Matrix - Round 1.pdf
2025,AIQ,1,168,All India except Central University,STANLEY MEDICAL COLLEGE(700347),M.S. (OPHTHALMOLOGY),All India,2,0,0,0,1,0,0,0,0,0,3,All India Quota Seat Matrix - Round 1.pdf
2025,AIQ,1,168,All India except Central University,STANLEY MEDICAL COLLEGE(700347),M.S. (ORTHOPAEDICS),All India,2,1,1,0,2,0,0,1,0,1,8,All India Quota Seat Matrix - Round 1.pdf
2025,AIQ,1,168,All India except Central University,STANLEY MEDICAL COLLEGE(700347),MD/MS (Anatomy),All India,0,0,0,0,1,0,0,0,0,0,1,All India Quota Seat Matrix - Round 1.pdf
2025,AIQ,1,168,All India except Central University,SWAMI RAMANAND TEERTH RURAL GOVERNMENT MEDICAL COLLEGE AMBAJOGAI(700312),M.D. (ANAESTHESIOLOGY),All India,2,0,0,0,1,0,0,0,0,0,3,All India Quota Seat Matrix - Round 1.pdf
2025,AIQ,1,168,All India except Central University,SWAMI RAMANAND TEERTH RURAL GOVERNMENT MEDICAL COLLEGE AMBAJOGAI(700312),M.D. (BIOCHEMISTRY),All India,0,0,0,0,1,0,1,0,1,0,3,All India Quota Seat Matrix - Round 1.pdf
2025,AIQ,1,168,All India except Central University,SWAMI RAMANAND TEERTH RURAL GOVERNMENT MEDICAL COLLEGE AMBAJOGAI(700312),M.D. (FORENSIC MEDICINE),All India,0,0,0,0,1,0,0,0,0,0,1,All India Quota Seat Matrix - Round 1.pdf
2025,AIQ,1,168,All India except Central University,SWAMI RAMANAND TEERTH RURAL GOVERNMENT MEDICAL COLLEGE AMBAJOGAI(700312),M.D. (GENERAL MEDICINE),All India,1,0,0,0,1,0,1,0,0,0,3,All India Quota Seat Matrix - Round 1.pdf
2025,AIQ,1,168,All India except Central University,SWAMI RAMANAND TEERTH RURAL GOVERNMENT MEDICAL COLLEGE AMBAJOGAI(700312),M.D. (MICROBIOLOGY),All India,1,0,0,0,1,0,1,0,1,0,4,All India Quota Seat Matrix - Round 1.pdf
2025,AIQ,1,168,All India except Central University,SWAMI RAMANAND TEERTH RURAL GOVERNMENT MEDICAL COLLEGE AMBAJOGAI(700312),M.D. (Obst. and Gynae)/MS (Obstetrics and Gynaecology),All India,1,0,1,0,1,0,0,0,0,0,3,All India Quota Seat Matrix - Round 1.pdf
2025,AIQ,1,168,All India except Central University,SWAMI RAMANAND TEERTH RURAL GOVERNMENT MEDICAL COLLEGE AMBAJOGAI(700312),M.D. (PAEDIATRICS),All India,2,0,0,0,0,0,1,0,0,0,3,All India Quota Seat Matrix - Round 1.pdf
2025,AIQ,1,168,All India except Central University,SWAMI RAMANAND TEERTH RURAL GOVERNMENT MEDICAL COLLEGE AMBAJOGAI(700312),M.D. (PATHOLOGY),All India,1,0,1,0,2,0,0,0,1,0,5,All India Quota Seat Matrix - Round 1.pdf
2025,AIQ,1,169,All India except Central University,SWAMI RAMANAND TEERTH RURAL GOVERNMENT MEDICAL COLLEGE AMBAJOGAI(700312),M.D. (PHARMACOLOGY),All India,0,1,0,0,0,0,0,0,0,0,1,All India Quota Seat Matrix - Round 1.pdf
2025,AIQ,1,169,All India except Central University,SWAMI RAMANAND TEERTH RURAL GOVERNMENT MEDICAL COLLEGE AMBAJOGAI(700312),M.D. (PHYSIOLOGY),All India,0,0,0,0,0,0,1,0,0,0,1,All India Quota Seat Matrix - Round 1.pdf
2025,AIQ,1,169,All India except Central University,SWAMI RAMANAND TEERTH RURAL GOVERNMENT MEDICAL COLLEGE AMBAJOGAI(700312),M.D. (PREVENTIVE and SOCIAL MEDICINE)/ COMMUNITY MEDICINE,All India,3,0,0,0,1,0,0,0,0,0,4,All India Quota Seat Matrix - Round 1.pdf
2025,AIQ,1,169,All India except Central University,SWAMI RAMANAND TEERTH RURAL GOVERNMENT MEDICAL COLLEGE AMBAJOGAI(700312),M.D. (Tuberculosis and Respiratory diseases)/Pulmonary Medicine /M.D. (Respiratory Medicine),All India,0,0,0,0,1,0,0,0,0,0,1,All India Quota Seat Matrix - Round 1.pdf
2025,AIQ,1,169,All India except Central University,SWAMI RAMANAND TEERTH RURAL GOVERNMENT MEDICAL COLLEGE AMBAJOGAI(700312),M.S. (E.N.T.),All India,2,0,1,0,0,0,0,0,0,0,3,All India Quota Seat Matrix - Round 1.pdf
2025,AIQ,1,169,All India except Central University,SWAMI RAMANAND TEERTH RURAL GOVERNMENT MEDICAL COLLEGE AMBAJOGAI(700312),M.S. (GENERAL SURGERY),All India,1,0,1,0,0,0,0,0,0,0,2,All India Quota Seat Matrix - Round 1.pdf
2025,AIQ,1,169,All India except Central University,SWAMI RAMANAND TEERTH RURAL GOVERNMENT MEDICAL COLLEGE AMBAJOGAI(700312),M.S. (OPHTHALMOLOGY),All India,0,0,0,0,1,0,1,0,0,0,2,All India Quota Seat Matrix - Round 1.pdf
2025,AIQ,1,169,All India except Central University,SWAMI RAMANAND TEERTH RURAL GOVERNMENT MEDICAL COLLEGE AMBAJOGAI(700312),M.S. (ORTHOPAEDICS),All India,3,0,0,0,1,0,0,0,0,0,4,All India Quota Seat Matrix - Round 1.pdf
2025,AIQ,1,169,All India except Central University,SWAMI RAMANAND TEERTH RURAL GOVERNMENT MEDICAL COLLEGE AMBAJOGAI(700312),MD/MS (Anatomy),All India,1,0,0,0,0,0,0,0,0,0,1,All India Quota Seat Matrix - Round 1.pdf
2025,AIQ,1,169,All India except Central University,"TATA MEMORIAL CENTRE, MUMBAI(700321)",M.D. (ANAESTHESIOLOGY),All India,15,0,0,0,0,0,0,0,0,0,15,All India Quota Seat Matrix - Round 1.pdf
2025,AIQ,1,169,All India except Central University,"TATA MEMORIAL CENTRE, MUMBAI(700321)",M.D. (MICROBIOLOGY),All India,1,0,0,0,0,0,0,0,0,0,1,All India Quota Seat Matrix - Round 1.pdf
2025,AIQ,1,169,All India except Central University,"TATA MEMORIAL CENTRE, MUMBAI(700321)",M.D. (PALLIATIVE MEDICINE),All India,2,0,0,0,0,0,0,0,0,0,2,All India Quota Seat Matrix - Round 1.pdf
2025,AIQ,1,169,All India except Central University,"TATA MEMORIAL CENTRE, MUMBAI(700321)",M.D. (PATHOLOGY),All India,6,0,0,0,0,0,0,0,0,0,6,All India Quota Seat Matrix - Round 1.pdf
2025,AIQ,1,169,All India except Central University,"TATA MEMORIAL CENTRE, MUMBAI(700321)",M.D. (RADIO-DIAGNOSIS),All India,8,0,0,0,0,0,0,0,0,0,8,All India Quota Seat Matrix - Round 1.pdf
2025,AIQ,1,169,All India except Central University,"TATA MEMORIAL CENTRE, MUMBAI(700321)",M.D. (Radiotherapy/ Radiation Oncology),All India,9,0,0,0,0,0,0,0,0,0,9,All India Quota Seat Matrix - Round 1.pdf
2025,AIQ,1,169,All India except Central University,"TATA MEMORIAL CENTRE, MUMBAI(700321)",M.D. IN NUCLEAR MEDICINE,All India,3,0,0,0,0,0,0,0,0,0,3,All India Quota Seat Matrix - Round 1.pdf
2025,AIQ,1,169,All India except Central University,"TATA MEMORIAL CENTRE, MUMBAI(700321)",M.D. IN TRANSFUSION MEDICINE/ IMMUNO- HAEMATOLOGY and BLOOD TRANSFUSION,All India,3,0,0,0,0,0,0,0,0,0,3,All India Quota Seat Matrix - Round 1.pdf
2025,AIQ,1,169,All India except Central University,Tezpur Medical College(700511),M.D. (ANAESTHESIOLOGY),All India,1,0,1,0,1,0,0,0,0,0,3,All India Quota Seat Matrix - Round 1.pdf
2025,AIQ,1,169,All India except Central University,Tezpur Medical College(700511),M.D. (BIOCHEMISTRY),All India,2,0,0,0,0,0,0,0,0,0,2,All India Quota Seat Matrix - Round 1.pdf
2025,AIQ,1,169,All India except Central University,Tezpur Medical College(700511),M.D. (GENERAL MEDICINE),All India,1,0,1,0,1,0,0,0,1,0,4,All India Quota Seat Matrix - Round 1.pdf
2025,AIQ,1,170,All India except Central University,Tezpur Medical College(700511),M.D. (MICROBIOLOGY),All India,2,0,0,0,0,0,0,0,0,0,2,All India Quota Seat Matrix - Round 1.pdf
2025,AIQ,1,170,All India except Central University,Tezpur Medical College(700511),M.D. (Obst. and Gynae)/MS (Obstetrics and Gynaecology),All India,1,0,0,0,1,0,0,0,0,0,2,All India Quota Seat Matrix - Round 1.pdf
2025,AIQ,1,170,All India except Central University,Tezpur Medical College(700511),M.D. (PAEDIATRICS),All India,0,0,0,0,0,0,0,0,1,0,1,All India Quota Seat Matrix - Round 1.pdf
2025,AIQ,1,170,All India except Central University,Tezpur Medical College(700511),M.D. (PATHOLOGY),All India,0,0,1,0,0,0,0,0,0,0,1,All India Quota Seat Matrix - Round 1.pdf
2025,AIQ,1,170,All India except Central University,Tezpur Medical College(700511),M.D. (PHARMACOLOGY),All India,1,0,0,0,1,0,0,0,0,0,2,All India Quota Seat Matrix - Round 1.pdf
2025,AIQ,1,170,All India except Central University,Tezpur Medical College(700511),M.D. (PREVENTIVE and SOCIAL MEDICINE)/ COMMUNITY MEDICINE,All India,1,0,0,0,0,0,1,0,0,0,2,All India Quota Seat Matrix - Round 1.pdf
2025,AIQ,1,170,All India except Central University,Tezpur Medical College(700511),M.D. (PSYCHIATRY),All India,1,0,0,0,1,0,0,0,0,0,2,All India Quota Seat Matrix - Round 1.pdf
2025,AIQ,1,170,All India except Central University,Tezpur Medical College(700511),M.D. (RADIO-DIAGNOSIS),All India,2,0,0,0,0,0,0,0,0,0,2,All India Quota Seat Matrix - Round 1.pdf
2025,AIQ,1,170,All India except Central University,Tezpur Medical College(700511),M.S. (E.N.T.),All India,0,0,0,0,0,1,1,0,0,0,2,All India Quota Seat Matrix - Round 1.pdf
2025,AIQ,1,170,All India except Central University,Tezpur Medical College(700511),M.S. (GENERAL SURGERY),All India,1,0,0,0,1,0,1,0,0,0,3,All India Quota Seat Matrix - Round 1.pdf
2025,AIQ,1,170,All India except Central University,Tezpur Medical College(700511),M.S. (OPHTHALMOLOGY),All India,0,1,0,0,0,0,0,0,0,0,1,All India Quota Seat Matrix - Round 1.pdf
2025,AIQ,1,170,All India except Central University,Tezpur Medical College(700511),M.S. (ORTHOPAEDICS),All India,0,0,0,0,1,0,1,0,0,0,2,All India Quota Seat Matrix - Round 1.pdf
2025,AIQ,1,170,All India except Central University,"THANJAVUR MEDICAL COLLEGE, THANJAVUR(700348)",M.D. (ANAESTHESIOLOGY),All India,4,0,0,0,1,0,1,0,0,0,6,All India Quota Seat Matrix - Round 1.pdf
2025,AIQ,1,170,All India except Central University,"THANJAVUR MEDICAL COLLEGE, THANJAVUR(700348)",M.D. (BIOCHEMISTRY),All India,0,0,0,0,1,0,0,0,0,0,1,All India Quota Seat Matrix - Round 1.pdf
2025,AIQ,1,170,All India except Central University,"THANJAVUR MEDICAL COLLEGE, THANJAVUR(700348)","M.D. (DERM.,VENE. and LEPROSY)/ (DERMATOLOGY)/(SKIN and VENEREAL DISEASES)/(VENEREOLOGY)",All India,0,0,0,0,0,0,0,0,1,0,1,All India Quota Seat Matrix - Round 1.pdf
2025,AIQ,1,170,All India except Central University,"THANJAVUR MEDICAL COLLEGE, THANJAVUR(700348)",M.D. (Emergency and Critical Care)/M.D. (Emergency Medicine),All India,1,0,1,0,0,0,0,0,0,0,2,All India Quota Seat Matrix - Round 1.pdf
2025,AIQ,1,170,All India except Central University,"THANJAVUR MEDICAL COLLEGE, THANJAVUR(700348)",M.D. (GENERAL MEDICINE),All India,3,0,1,0,2,0,1,0,1,0,8,All India Quota Seat Matrix - Round 1.pdf
2025,AIQ,1,170,All India except Central University,"THANJAVUR MEDICAL COLLEGE, THANJAVUR(700348)",M.D. (MICROBIOLOGY),All India,0,0,0,0,0,1,0,0,0,0,1,All India Quota Seat Matrix - Round 1.pdf
2025,AIQ,1,170,All India except Central University,"THANJAVUR MEDICAL COLLEGE, THANJAVUR(700348)",M.D. (Obst. and Gynae)/MS (Obstetrics and Gynaecology),All India,3,0,1,0,2,0,1,0,1,0,8,All India Quota Seat Matrix - Round 1.pdf
2025,AIQ,1,170,All India except Central University,"THANJAVUR MEDICAL COLLEGE, THANJAVUR(700348)",M.D. (PAEDIATRICS),All India,2,0,0,0,1,0,1,0,1,0,5,All India Quota Seat Matrix - Round 1.pdf
2025,AIQ,1,171,All India except Central University,"THANJAVUR MEDICAL COLLEGE, THANJAVUR(700348)",M.D. (PATHOLOGY),All India,0,0,1,0,1,0,0,0,0,0,2,All India Quota Seat Matrix - Round 1.pdf
2025,AIQ,1,171,All India except Central University,"THANJAVUR MEDICAL COLLEGE, THANJAVUR(700348)",M.D. (PHYSIOLOGY),All India,1,0,0,0,0,0,0,0,0,0,1,All India Quota Seat Matrix - Round 1.pdf
2025,AIQ,1,171,All India except Central University,"THANJAVUR MEDICAL COLLEGE, THANJAVUR(700348)",M.D. (PSYCHIATRY),All India,1,0,0,0,1,0,0,0,0,0,2,All India Quota Seat Matrix - Round 1.pdf
2025,AIQ,1,171,All India except Central University,"THANJAVUR MEDICAL COLLEGE, THANJAVUR(700348)",M.D. (RADIO-DIAGNOSIS),All India,1,0,0,0,0,0,1,0,0,0,2,All India Quota Seat Matrix - Round 1.pdf
2025,AIQ,1,171,All India except Central University,"THANJAVUR MEDICAL COLLEGE, THANJAVUR(700348)",M.D. (Tuberculosis and Respiratory diseases)/Pulmonary Medicine /M.D. (Respiratory Medicine),All India,0,0,0,0,1,0,0,0,0,0,1,All India Quota Seat Matrix - Round 1.pdf
2025,AIQ,1,171,All India except Central University,"THANJAVUR MEDICAL COLLEGE, THANJAVUR(700348)",M.S. (E.N.T.),All India,1,0,0,0,1,0,1,0,0,0,3,All India Quota Seat Matrix - Round 1.pdf
2025,AIQ,1,171,All India except Central University,"THANJAVUR MEDICAL COLLEGE, THANJAVUR(700348)",M.S. (GENERAL SURGERY),All India,3,1,0,0,2,0,1,0,0,0,7,All India Quota Seat Matrix - Round 1.pdf
2025,AIQ,1,171,All India except Central University,"THANJAVUR MEDICAL COLLEGE, THANJAVUR(700348)",M.S. (OPHTHALMOLOGY),All India,1,0,0,0,1,0,1,0,0,0,3,All India Quota Seat Matrix - Round 1.pdf
2025,AIQ,1,171,All India except Central University,"THANJAVUR MEDICAL COLLEGE, THANJAVUR(700348)",M.S. (ORTHOPAEDICS),All India,1,0,1,0,0,0,0,0,0,0,2,All India Quota Seat Matrix - Round 1.pdf
2025,AIQ,1,171,All India except Central University,"THANJAVUR MEDICAL COLLEGE, THANJAVUR(700348)",MD/MS (Anatomy),All India,1,0,0,0,0,0,0,0,0,0,1,All India Quota Seat Matrix - Round 1.pdf
2025,AIQ,1,171,All India except Central University,Thiruvarur Govt.Medical College(700530),M.D. (ANAESTHESIOLOGY),All India,3,0,0,0,0,0,0,0,0,0,3,All India Quota Seat Matrix - Round 1.pdf
2025,AIQ,1,171,All India except Central University,Thiruvarur Govt.Medical College(700530),M.D. (Emergency and Critical Care)/M.D. (Emergency Medicine),All India,0,0,0,0,1,0,0,0,0,0,1,All India Quota Seat Matrix - Round 1.pdf
2025,AIQ,1,171,All India except Central University,Thiruvarur Govt.Medical College(700530),M.D. (GENERAL MEDICINE),All India,0,0,1,0,1,0,1,0,1,0,4,All India Quota Seat Matrix - Round 1.pdf
2025,AIQ,1,171,All India except Central University,Thiruvarur Govt.Medical College(700530),M.D. (Obst. and Gynae)/MS (Obstetrics and Gynaecology),All India,0,0,1,0,0,0,0,0,0,0,1,All India Quota Seat Matrix - Round 1.pdf
2025,AIQ,1,171,All India except Central University,Thiruvarur Govt.Medical College(700530),M.D. (PAEDIATRICS),All India,1,0,0,0,0,0,0,0,0,0,1,All India Quota Seat Matrix - Round 1.pdf
2025,AIQ,1,171,All India except Central University,Thiruvarur Govt.Medical College(700530),M.S. (GENERAL SURGERY),All India,2,1,0,0,1,0,1,0,0,0,5,All India Quota Seat Matrix - Round 1.pdf
2025,AIQ,1,171,All India except Central University,Thiruvarur Govt.Medical College(700530),M.S. (ORTHOPAEDICS),All India,0,0,0,0,1,0,0,0,0,0,1,All India Quota Seat Matrix - Round 1.pdf
2025,AIQ,1,171,All India except Central University,Tirunelveli Medical College(700349),M.D. (ANAESTHESIOLOGY),All India,1,0,0,0,1,0,1,0,1,0,4,All India Quota Seat Matrix - Round 1.pdf
2025,AIQ,1,171,All India except Central University,Tirunelveli Medical College(700349),M.D. (BIOCHEMISTRY),All India,1,0,0,0,0,0,0,0,0,0,1,All India Quota Seat Matrix - Round 1.pdf
2025,AIQ,1,171,All India except Central University,Tirunelveli Medical College(700349),"M.D. (DERM.,VENE. and LEPROSY)/ (DERMATOLOGY)/(SKIN and VENEREAL DISEASES)/(VENEREOLOGY)",All India,1,0,0,0,1,0,1,0,0,0,3,All India Quota Seat Matrix - Round 1.pdf
2025,AIQ,1,172,All India except Central University,Tirunelveli Medical College(700349),M.D. (Emergency and Critical Care)/M.D. (Emergency Medicine),All India,0,0,1,0,1,0,0,0,0,0,2,All India Quota Seat Matrix - Round 1.pdf
2025,AIQ,1,172,All India except Central University,Tirunelveli Medical College(700349),M.D. (FORENSIC MEDICINE),All India,1,0,0,0,0,0,0,0,0,0,1,All India Quota Seat Matrix - Round 1.pdf
2025,AIQ,1,172,All India except Central University,Tirunelveli Medical College(700349),M.D. (GENERAL MEDICINE),All India,3,0,1,0,3,0,2,0,1,0,10,All India Quota Seat Matrix - Round 1.pdf
2025,AIQ,1,172,All India except Central University,Tirunelveli Medical College(700349),M.D. (MICROBIOLOGY),All India,1,0,0,0,0,0,1,0,0,0,2,All India Quota Seat Matrix - Round 1.pdf
2025,AIQ,1,172,All India except Central University,Tirunelveli Medical College(700349),M.D. (Obst. and Gynae)/MS (Obstetrics and Gynaecology),All India,3,0,1,0,2,0,0,0,0,0,6,All India Quota Seat Matrix - Round 1.pdf
2025,AIQ,1,172,All India except Central University,Tirunelveli Medical College(700349),M.D. (PAEDIATRICS),All India,3,0,0,0,2,0,1,0,0,0,6,All India Quota Seat Matrix - Round 1.pdf
2025,AIQ,1,172,All India except Central University,Tirunelveli Medical College(700349),M.D. (PATHOLOGY),All India,1,0,0,0,1,0,0,0,1,0,3,All India Quota Seat Matrix - Round 1.pdf
2025,AIQ,1,172,All India except Central University,Tirunelveli Medical College(700349),M.D. (PHARMACOLOGY),All India,0,0,1,0,0,0,0,0,0,0,1,All India Quota Seat Matrix - Round 1.pdf
2025,AIQ,1,172,All India except Central University,Tirunelveli Medical College(700349),M.D. (PHYSIOLOGY),All India,1,0,0,0,0,0,0,0,0,0,1,All India Quota Seat Matrix - Round 1.pdf
2025,AIQ,1,172,All India except Central University,Tirunelveli Medical College(700349),M.D. (PSYCHIATRY),All India,1,0,0,0,1,0,0,0,0,0,2,All India Quota Seat Matrix - Round 1.pdf
2025,AIQ,1,172,All India except Central University,Tirunelveli Medical College(700349),M.D. (RADIO-DIAGNOSIS),All India,1,0,0,0,0,0,1,0,0,0,2,All India Quota Seat Matrix - Round 1.pdf
2025,AIQ,1,172,All India except Central University,Tirunelveli Medical College(700349),M.D. (Radiotherapy/ Radiation Oncology),All India,1,0,0,0,0,0,0,0,0,0,1,All India Quota Seat Matrix - Round 1.pdf
2025,AIQ,1,172,All India except Central University,Tirunelveli Medical College(700349),M.D. (Tuberculosis and Respiratory diseases)/Pulmonary Medicine /M.D. (Respiratory Medicine),All India,1,0,0,0,1,0,0,0,0,0,2,All India Quota Seat Matrix - Round 1.pdf
2025,AIQ,1,172,All India except Central University,Tirunelveli Medical College(700349),M.D. IN TRANSFUSION MEDICINE/ IMMUNO- HAEMATOLOGY and BLOOD TRANSFUSION,All India,0,0,0,0,0,0,1,0,0,0,1,All India Quota Seat Matrix - Round 1.pdf
2025,AIQ,1,172,All India except Central University,Tirunelveli Medical College(700349),M.S. (E.N.T.),All India,2,0,0,0,0,0,0,0,0,0,2,All India Quota Seat Matrix - Round 1.pdf
2025,AIQ,1,172,All India except Central University,Tirunelveli Medical College(700349),M.S. (GENERAL SURGERY),All India,4,0,0,1,2,1,0,1,1,0,10,All India Quota Seat Matrix - Round 1.pdf
2025,AIQ,1,172,All India except Central University,Tirunelveli Medical College(700349),M.S. (OPHTHALMOLOGY),All India,0,0,0,0,0,0,1,0,1,0,2,All India Quota Seat Matrix - Round 1.pdf
2025,AIQ,1,172,All India except Central University,Tirunelveli Medical College(700349),M.S. (ORTHOPAEDICS),All India,1,1,1,0,2,0,1,0,0,0,6,All India Quota Seat Matrix - Round 1.pdf
2025,AIQ,1,172,All India except Central University,TOPIWALA NATIONAL MEDICAL COLLEGE(700313),M.D. (ANAESTHESIOLOGY),All India,6,0,2,0,3,1,1,0,0,0,13,All India Quota Seat Matrix - Round 1.pdf
2025,AIQ,1,172,All India except Central University,TOPIWALA NATIONAL MEDICAL COLLEGE(700313),"M.D. (DERM.,VENE. and LEPROSY)/ (DERMATOLOGY)/(SKIN and VENEREAL DISEASES)/(VENEREOLOGY)",All India,0,0,0,0,0,0,0,1,1,0,2,All India Quota Seat Matrix - Round 1.pdf
2025,AIQ,1,173,All India except Central University,TOPIWALA NATIONAL MEDICAL COLLEGE(700313),M.D. (FORENSIC MEDICINE),All India,0,0,0,0,0,0,1,0,0,0,1,All India Quota Seat Matrix - Round 1.pdf
2025,AIQ,1,173,All India except Central University,TOPIWALA NATIONAL MEDICAL COLLEGE(700313),M.D. (GENERAL MEDICINE),All India,3,0,1,0,3,0,1,0,1,0,9,All India Quota Seat Matrix - Round 1.pdf
2025,AIQ,1,173,All India except Central University,TOPIWALA NATIONAL MEDICAL COLLEGE(700313),M.D. (MICROBIOLOGY),All India,2,0,0,0,0,0,0,0,0,0,2,All India Quota Seat Matrix - Round 1.pdf
2025,AIQ,1,173,All India except Central University,TOPIWALA NATIONAL MEDICAL COLLEGE(700313),M.D. (Obst. and Gynae)/MS (Obstetrics and Gynaecology),All India,0,1,0,0,1,0,1,0,1,0,4,All India Quota Seat Matrix - Round 1.pdf
2025,AIQ,1,173,All India except Central University,TOPIWALA NATIONAL MEDICAL COLLEGE(700313),M.D. (PAEDIATRICS),All India,3,0,1,0,2,0,1,0,0,0,7,All India Quota Seat Matrix - Round 1.pdf
2025,AIQ,1,173,All India except Central University,TOPIWALA NATIONAL MEDICAL COLLEGE(700313),M.D. (PATHOLOGY),All India,2,0,0,0,2,0,1,0,1,0,6,All India Quota Seat Matrix - Round 1.pdf
2025,AIQ,1,173,All India except Central University,TOPIWALA NATIONAL MEDICAL COLLEGE(700313),M.D. (PHARMACOLOGY),All India,0,0,1,0,1,0,1,0,0,0,3,All India Quota Seat Matrix - Round 1.pdf
2025,AIQ,1,173,All India except Central University,TOPIWALA NATIONAL MEDICAL COLLEGE(700313),M.D. (PHYSIOLOGY),All India,2,0,0,0,0,0,0,0,0,0,2,All India Quota Seat Matrix - Round 1.pdf
2025,AIQ,1,173,All India except Central University,TOPIWALA NATIONAL MEDICAL COLLEGE(700313),M.D. (PREVENTIVE and SOCIAL MEDICINE)/ COMMUNITY MEDICINE,All India,1,0,0,0,2,0,1,0,1,0,5,All India Quota Seat Matrix - Round 1.pdf
2025,AIQ,1,173,All India except Central University,TOPIWALA NATIONAL MEDICAL COLLEGE(700313),M.D. (PSYCHIATRY),All India,2,0,1,0,1,0,0,0,0,0,4,All India Quota Seat Matrix - Round 1.pdf
2025,AIQ,1,173,All India except Central University,TOPIWALA NATIONAL MEDICAL COLLEGE(700313),M.D. (RADIO-DIAGNOSIS),All India,1,0,0,1,0,1,2,0,0,0,5,All India Quota Seat Matrix - Round 1.pdf
2025,AIQ,1,173,All India except Central University,TOPIWALA NATIONAL MEDICAL COLLEGE(700313),M.D. (Tuberculosis and Respiratory diseases)/Pulmonary Medicine /M.D. (Respiratory Medicine),All India,0,0,0,0,0,0,0,0,1,0,1,All India Quota Seat Matrix - Round 1.pdf
2025,AIQ,1,173,All India except Central University,TOPIWALA NATIONAL MEDICAL COLLEGE(700313),M.S. (E.N.T.),All India,2,0,0,0,1,0,0,0,0,0,3,All India Quota Seat Matrix - Round 1.pdf
2025,AIQ,1,173,All India except Central University,TOPIWALA NATIONAL MEDICAL COLLEGE(700313),M.S. (GENERAL SURGERY),All India,3,0,1,0,2,0,1,0,0,0,7,All India Quota Seat Matrix - Round 1.pdf
2025,AIQ,1,173,All India except Central University,TOPIWALA NATIONAL MEDICAL COLLEGE(700313),M.S. (OPHTHALMOLOGY),All India,1,0,1,0,1,0,0,0,0,0,3,All India Quota Seat Matrix - Round 1.pdf
2025,AIQ,1,173,All India except Central University,TOPIWALA NATIONAL MEDICAL COLLEGE(700313),M.S. (ORTHOPAEDICS),All India,1,0,0,0,0,0,0,0,0,0,1,All India Quota Seat Matrix - Round 1.pdf
2025,AIQ,1,173,All India except Central University,TOPIWALA NATIONAL MEDICAL COLLEGE(700313),MD/MS (Anatomy),All India,0,0,0,0,0,0,1,0,1,0,2,All India Quota Seat Matrix - Round 1.pdf
2025,AIQ,1,173,All India except Central University,"Umanath Singh Autonomous State Medical College, Jaunpur, U.P(902830)",M.D. (BIOCHEMISTRY),All India,1,0,0,0,1,0,0,0,0,0,2,All India Quota Seat Matrix - Round 1.pdf
2025,AIQ,1,173,All India except Central University,"Umanath Singh Autonomous State Medical College, Jaunpur, U.P(902830)",MD/MS (Anatomy),All India,0,0,0,0,1,0,1,0,0,0,2,All India Quota Seat Matrix - Round 1.pdf
2025,AIQ,1,173,Central University,University College of Medical Sciences(700123),M.D. (ANAESTHESIOLOGY),All India,2,0,1,0,2,1,1,1,1,0,9,All India Quota Seat Matrix - Round 1.pdf
2025,AIQ,1,173,Central University,University College of Medical Sciences(700123),M.D. (BIOCHEMISTRY),All India,3,0,0,0,1,0,0,0,0,0,4,All India Quota Seat Matrix - Round 1.pdf
2025,AIQ,1,174,Central University,University College of Medical Sciences(700123),"M.D. (DERM.,VENE. and LEPROSY)/ (DERMATOLOGY)/(SKIN and VENEREAL DISEASES)/(VENEREOLOGY)",All India,0,0,0,0,0,0,1,0,1,0,2,All India Quota Seat Matrix - Round 1.pdf
2025,AIQ,1,174,Central University,University College of Medical Sciences(700123),M.D. (FORENSIC MEDICINE),All India,3,0,0,0,1,0,1,0,0,0,5,All India Quota Seat Matrix - Round 1.pdf
2025,AIQ,1,174,Central University,University College of Medical Sciences(700123),M.D. (GENERAL MEDICINE),All India,1,1,1,0,2,0,1,0,1,0,7,All India Quota Seat Matrix - Round 1.pdf
2025,AIQ,1,174,Central University,University College of Medical Sciences(700123),M.D. (MICROBIOLOGY),All India,0,0,1,0,2,0,1,0,0,0,4,All India Quota Seat Matrix - Round 1.pdf
2025,AIQ,1,174,Central University,University College of Medical Sciences(700123),M.D. (Obst. and Gynae)/MS (Obstetrics and Gynaecology),All India,5,0,1,0,2,0,1,0,1,0,10,All India Quota Seat Matrix - Round 1.pdf
2025,AIQ,1,174,Central University,University College of Medical Sciences(700123),M.D. (PAEDIATRICS),All India,3,0,1,0,3,0,2,0,1,0,10,All India Quota Seat Matrix - Round 1.pdf
2025,AIQ,1,174,Central University,University College of Medical Sciences(700123),M.D. (PATHOLOGY),All India,4,0,1,0,2,0,1,0,0,0,8,All India Quota Seat Matrix - Round 1.pdf
2025,AIQ,1,174,Central University,University College of Medical Sciences(700123),M.D. (PHARMACOLOGY),All India,1,1,0,0,1,0,0,0,1,0,4,All India Quota Seat Matrix - Round 1.pdf
2025,AIQ,1,174,Central University,University College of Medical Sciences(700123),M.D. (PHYSIOLOGY),All India,2,0,1,0,0,1,1,0,0,0,5,All India Quota Seat Matrix - Round 1.pdf
2025,AIQ,1,174,Central University,University College of Medical Sciences(700123),M.D. (PREVENTIVE and SOCIAL MEDICINE)/ COMMUNITY MEDICINE,All India,2,0,1,0,2,0,1,0,1,0,7,All India Quota Seat Matrix - Round 1.pdf
2025,AIQ,1,174,Central University,University College of Medical Sciences(700123),M.D. (PSYCHIATRY),All India,0,0,0,0,1,0,0,0,0,0,1,All India Quota Seat Matrix - Round 1.pdf
2025,AIQ,1,174,Central University,University College of Medical Sciences(700123),M.D. (RADIO-DIAGNOSIS),All India,4,0,0,0,1,0,1,0,0,0,6,All India Quota Seat Matrix - Round 1.pdf
2025,AIQ,1,174,Central University,University College of Medical Sciences(700123),M.S. (E.N.T.),All India,0,0,1,0,1,0,0,0,0,0,2,All India Quota Seat Matrix - Round 1.pdf
2025,AIQ,1,174,Central University,University College of Medical Sciences(700123),M.S. (GENERAL SURGERY),All India,1,0,0,0,0,0,0,0,0,0,1,All India Quota Seat Matrix - Round 1.pdf
2025,AIQ,1,174,Central University,University College of Medical Sciences(700123),M.S. (OPHTHALMOLOGY),All India,1,0,0,0,1,0,0,0,0,0,2,All India Quota Seat Matrix - Round 1.pdf
2025,AIQ,1,174,Central University,University College of Medical Sciences(700123),M.S. (ORTHOPAEDICS),All India,3,0,0,0,1,0,1,0,0,0,5,All India Quota Seat Matrix - Round 1.pdf
2025,AIQ,1,174,Central University,University College of Medical Sciences(700123),MD/MS (Anatomy),All India,3,0,0,0,1,0,0,0,0,0,4,All India Quota Seat Matrix - Round 1.pdf
2025,AIQ,1,174,All India except Central University,"Uttar Pradesh University of Medical Sciences, Saifai, Etawah(700377)",M.D. (ANAESTHESIOLOGY),All India,3,0,1,0,1,0,1,0,0,0,6,All India Quota Seat Matrix - Round 1.pdf
2025,AIQ,1,174,All India except Central University,"Uttar Pradesh University of Medical Sciences, Saifai, Etawah(700377)",M.D. (BIOCHEMISTRY),All India,2,0,0,0,1,0,0,0,0,0,3,All India Quota Seat Matrix - Round 1.pdf
2025,AIQ,1,174,All India except Central University,"Uttar Pradesh University of Medical Sciences, Saifai, Etawah(700377)",M.D. (MICROBIOLOGY),All India,2,0,0,0,1,0,1,0,0,0,4,All India Quota Seat Matrix - Round 1.pdf
2025,AIQ,1,174,All India except Central University,"Uttar Pradesh University of Medical Sciences, Saifai, Etawah(700377)",M.D. (Obst. and Gynae)/MS (Obstetrics and Gynaecology),All India,2,0,0,0,0,0,0,0,0,0,2,All India Quota Seat Matrix - Round 1.pdf
2025,AIQ,1,174,All India except Central University,"Uttar Pradesh University of Medical Sciences, Saifai, Etawah(700377)",M.D. (PAEDIATRICS),All India,2,0,1,0,1,0,0,0,0,0,4,All India Quota Seat Matrix - Round 1.pdf
2025,AIQ,1,174,All India except Central University,"Uttar Pradesh University of Medical Sciences, Saifai, Etawah(700377)",M.D. (PATHOLOGY),All India,2,1,1,0,3,0,1,0,0,0,8,All India Quota Seat Matrix - Round 1.pdf
2025,AIQ,1,174,All India except Central University,"Uttar Pradesh University of Medical Sciences, Saifai, Etawah(700377)",M.D. (PHARMACOLOGY),All India,0,0,0,0,0,0,1,0,1,0,2,All India Quota Seat Matrix - Round 1.pdf
2025,AIQ,1,174,All India except Central University,"Uttar Pradesh University of Medical Sciences, Saifai, Etawah(700377)",M.D. (PHYSIOLOGY),All India,1,0,1,0,1,0,0,0,0,0,3,All India Quota Seat Matrix - Round 1.pdf
2025,AIQ,1,174,All India except Central University,"Uttar Pradesh University of Medical Sciences, Saifai, Etawah(700377)",M.D. (PREVENTIVE and SOCIAL MEDICINE)/ COMMUNITY MEDICINE,All India,3,0,0,0,1,0,1,0,0,0,5,All India Quota Seat Matrix - Round 1.pdf
2025,AIQ,1,174,All India except Central University,"Uttar Pradesh University of Medical Sciences, Saifai, Etawah(700377)",M.D. (Tuberculosis and Respiratory diseases)/Pulmonary Medicine /M.D. (Respiratory Medicine),All India,1,0,0,0,1,0,0,0,0,0,2,All India Quota Seat Matrix - Round 1.pdf
2025,AIQ,1,175,All India except Central University,"Uttar Pradesh University of Medical Sciences, Saifai, Etawah(700377)",M.S. (E.N.T.),All India,1,0,0,0,0,0,0,0,0,0,1,All India Quota Seat Matrix - Round 1.pdf
2025,AIQ,1,175,All India except Central University,"Uttar Pradesh University of Medical Sciences, Saifai, Etawah(700377)",M.S. (GENERAL SURGERY),All India,0,0,1,0,1,1,0,1,1,0,5,All India Quota Seat Matrix - Round 1.pdf
2025,AIQ,1,175,All India except Central University,"Uttar Pradesh University of Medical Sciences, Saifai, Etawah(700377)",M.S. (OPHTHALMOLOGY),All India,0,0,0,0,1,0,0,0,0,0,1,All India Quota Seat Matrix - Round 1.pdf
2025,AIQ,1,175,All India except Central University,"Uttar Pradesh University of Medical Sciences, Saifai, Etawah(700377)",M.S. (ORTHOPAEDICS),All India,1,0,0,0,0,0,1,0,1,0,3,All India Quota Seat Matrix - Round 1.pdf
2025,AIQ,1,175,All India except Central University,"Uttar Pradesh University of Medical Sciences, Saifai, Etawah(700377)",MD/MS (Anatomy),All India,2,0,1,0,2,0,1,0,1,0,7,All India Quota Seat Matrix - Round 1.pdf
2025,AIQ,1,175,Central University,"Vallabhbhai Patel Chest Institute, Delhi(700124)",M.D. (BIOCHEMISTRY),All India,1,0,0,0,0,0,0,0,0,0,1,All India Quota Seat Matrix - Round 1.pdf
2025,AIQ,1,175,Central University,"Vallabhbhai Patel Chest Institute, Delhi(700124)",M.D. (MICROBIOLOGY),All India,0,0,0,0,1,0,0,0,0,0,1,All India Quota Seat Matrix - Round 1.pdf
2025,AIQ,1,175,Central University,"Vallabhbhai Patel Chest Institute, Delhi(700124)",M.D. (PHARMACOLOGY),All India,0,0,0,0,0,0,1,0,0,0,1,All India Quota Seat Matrix - Round 1.pdf
2025,AIQ,1,175,Central University,"Vallabhbhai Patel Chest Institute, Delhi(700124)",M.D. (Tuberculosis and Respiratory diseases)/Pulmonary Medicine /M.D. (Respiratory Medicine),All India,0,0,1,0,1,0,0,0,1,0,3,All India Quota Seat Matrix - Round 1.pdf
2025,AIQ,1,175,All India except Central University,"VARDHMAN INSTITUTE OF MEDICAL SCIENCES, NALANDA(700541)",M.D. (BIOCHEMISTRY),All India,0,0,0,0,0,0,1,0,0,0,1,All India Quota Seat Matrix - Round 1.pdf
2025,AIQ,1,175,All India except Central University,"VARDHMAN INSTITUTE OF MEDICAL SCIENCES, NALANDA(700541)",M.D. (GENERAL MEDICINE),All India,0,0,0,0,0,0,0,0,1,0,1,All India Quota Seat Matrix - Round 1.pdf
2025,AIQ,1,175,All India except Central University,"VARDHMAN INSTITUTE OF MEDICAL SCIENCES, NALANDA(700541)",M.D. (PHARMACOLOGY),All India,0,0,1,0,0,0,0,0,0,0,1,All India Quota Seat Matrix - Round 1.pdf
2025,AIQ,1,175,All India except Central University,"VARDHMAN INSTITUTE OF MEDICAL SCIENCES, NALANDA(700541)",M.D. (PHYSIOLOGY),All India,1,0,0,0,1,0,0,0,0,0,2,All India Quota Seat Matrix - Round 1.pdf
2025,AIQ,1,175,All India except Central University,"VARDHMAN INSTITUTE OF MEDICAL SCIENCES, NALANDA(700541)",MD/MS (Anatomy),All India,0,0,0,0,1,0,0,0,0,0,1,All India Quota Seat Matrix - Round 1.pdf
2025,AIQ,1,175,Central University,"Vardhman Mahavir Medical College, , New Delhi(700122)",M.D. (ANAESTHESIOLOGY),All India,10,1,3,1,9,0,4,1,2,1,32,All India Quota Seat Matrix - Round 1.pdf
2025,AIQ,1,175,Central University,"Vardhman Mahavir Medical College, , New Delhi(700122)",M.D. (BIOCHEMISTRY),All India,3,0,0,0,0,0,0,0,0,0,3,All India Quota Seat Matrix - Round 1.pdf
2025,AIQ,1,175,Central University,"Vardhman Mahavir Medical College, , New Delhi(700122)","M.D. (DERM.,VENE. and LEPROSY)/ (DERMATOLOGY)/(SKIN and VENEREAL DISEASES)/(VENEREOLOGY)",All India,2,0,0,0,1,0,0,0,0,0,3,All India Quota Seat Matrix - Round 1.pdf
2025,AIQ,1,175,Central University,"Vardhman Mahavir Medical College, , New Delhi(700122)",M.D. (FORENSIC MEDICINE),All India,2,0,0,0,1,0,0,0,0,0,3,All India Quota Seat Matrix - Round 1.pdf
2025,AIQ,1,175,Central University,"Vardhman Mahavir Medical College, , New Delhi(700122)",M.D. (GENERAL MEDICINE),All India,5,0,1,0,3,1,2,0,1,0,13,All India Quota Seat Matrix - Round 1.pdf
2025,AIQ,1,175,Central University,"Vardhman Mahavir Medical College, , New Delhi(700122)",M.D. (MICROBIOLOGY),All India,0,1,0,0,2,0,1,0,1,0,5,All India Quota Seat Matrix - Round 1.pdf
2025,AIQ,1,175,Central University,"Vardhman Mahavir Medical College, , New Delhi(700122)",M.D. (Obst. and Gynae)/MS (Obstetrics and Gynaecology),All India,6,0,2,0,4,0,2,0,1,0,15,All India Quota Seat Matrix - Round 1.pdf
2025,AIQ,1,176,Central University,"Vardhman Mahavir Medical College, , New Delhi(700122)",M.D. (PAEDIATRICS),All India,5,0,1,0,3,0,2,0,2,0,13,All India Quota Seat Matrix - Round 1.pdf
2025,AIQ,1,176,Central University,"Vardhman Mahavir Medical College, , New Delhi(700122)",M.D. (PATHOLOGY),All India,4,1,2,0,2,1,1,0,0,0,11,All India Quota Seat Matrix - Round 1.pdf
2025,AIQ,1,176,Central University,"Vardhman Mahavir Medical College, , New Delhi(700122)",M.D. (PHARMACOLOGY),All India,0,0,0,0,1,0,1,0,0,0,2,All India Quota Seat Matrix - Round 1.pdf
2025,AIQ,1,176,Central University,"Vardhman Mahavir Medical College, , New Delhi(700122)",M.D. (PHYSICAL MED. and REHABILITATION),All India,1,0,0,0,1,0,1,0,0,0,3,All India Quota Seat Matrix - Round 1.pdf
2025,AIQ,1,176,Central University,"Vardhman Mahavir Medical College, , New Delhi(700122)",M.D. (PHYSIOLOGY),All India,1,0,1,0,1,0,0,0,1,0,4,All India Quota Seat Matrix - Round 1.pdf
2025,AIQ,1,176,Central University,"Vardhman Mahavir Medical College, , New Delhi(700122)",M.D. (PREVENTIVE and SOCIAL MEDICINE)/ COMMUNITY MEDICINE,All India,4,0,0,0,1,0,0,0,0,0,5,All India Quota Seat Matrix - Round 1.pdf
2025,AIQ,1,176,Central University,"Vardhman Mahavir Medical College, , New Delhi(700122)",M.D. (PSYCHIATRY),All India,0,0,0,0,1,0,1,0,0,0,2,All India Quota Seat Matrix - Round 1.pdf
2025,AIQ,1,176,Central University,"Vardhman Mahavir Medical College, , New Delhi(700122)",M.D. (RADIO-DIAGNOSIS),All India,5,0,1,0,2,0,1,0,1,0,10,All India Quota Seat Matrix - Round 1.pdf
2025,AIQ,1,176,Central University,"Vardhman Mahavir Medical College, , New Delhi(700122)",M.D. (Radiotherapy/ Radiation Oncology),All India,0,0,0,0,1,0,1,0,1,0,3,All India Quota Seat Matrix - Round 1.pdf
2025,AIQ,1,176,Central University,"Vardhman Mahavir Medical College, , New Delhi(700122)",M.D. Sports Medicine,All India,0,0,1,0,1,0,0,0,0,0,2,All India Quota Seat Matrix - Round 1.pdf
2025,AIQ,1,176,Central University,"Vardhman Mahavir Medical College, , New Delhi(700122)",M.S. (E.N.T.),All India,1,0,1,0,1,0,1,0,0,0,4,All India Quota Seat Matrix - Round 1.pdf
2025,AIQ,1,176,Central University,"Vardhman Mahavir Medical College, , New Delhi(700122)",M.S. (GENERAL SURGERY),All India,5,0,1,0,2,0,2,0,1,0,11,All India Quota Seat Matrix - Round 1.pdf
2025,AIQ,1,176,Central University,"Vardhman Mahavir Medical College, , New Delhi(700122)",M.S. (OPHTHALMOLOGY),All India,2,0,0,0,1,0,0,0,0,0,3,All India Quota Seat Matrix - Round 1.pdf
2025,AIQ,1,176,Central University,"Vardhman Mahavir Medical College, , New Delhi(700122)",M.S. (ORTHOPAEDICS),All India,3,0,1,0,2,0,2,0,0,0,8,All India Quota Seat Matrix - Round 1.pdf
2025,AIQ,1,176,Central University,"Vardhman Mahavir Medical College, , New Delhi(700122)",MD/MS (Anatomy),All India,2,0,0,0,1,0,1,0,0,0,4,All India Quota Seat Matrix - Round 1.pdf
2025,AIQ,1,176,All India except Central University,Veer Chandra Singh Garhwali Govt. Institute of Medical Science & Research(700502),M.D. (FORENSIC MEDICINE),All India,0,0,0,0,1,0,0,0,1,0,2,All India Quota Seat Matrix - Round 1.pdf
2025,AIQ,1,176,All India except Central University,Veer Chandra Singh Garhwali Govt. Institute of Medical Science & Research(700502),M.D. (MICROBIOLOGY),All India,1,0,0,0,0,0,0,0,0,0,1,All India Quota Seat Matrix - Round 1.pdf
2025,AIQ,1,176,All India except Central University,Veer Chandra Singh Garhwali Govt. Institute of Medical Science & Research(700502),M.D. (PATHOLOGY),All India,1,0,0,0,0,0,1,0,0,0,2,All India Quota Seat Matrix - Round 1.pdf
2025,AIQ,1,176,All India except Central University,Veer Chandra Singh Garhwali Govt. Institute of Medical Science & Research(700502),M.D. (PHARMACOLOGY),All India,0,0,1,0,0,0,0,0,0,0,1,All India Quota Seat Matrix - Round 1.pdf
2025,AIQ,1,176,All India except Central University,Veer Chandra Singh Garhwali Govt. Institute of Medical Science & Research(700502),M.D. (PHYSIOLOGY),All India,0,0,0,0,1,0,0,0,0,0,1,All India Quota Seat Matrix - Round 1.pdf
2025,AIQ,1,176,All India except Central University,Veer Chandra Singh Garhwali Govt. Institute of Medical Science & Research(700502),M.D. (PREVENTIVE and SOCIAL MEDICINE)/ COMMUNITY MEDICINE,All India,2,0,0,0,0,0,0,0,0,0,2,All India Quota Seat Matrix - Round 1.pdf
2025,AIQ,1,177,All India except Central University,Veer Chandra Singh Garhwali Govt. Institute of Medical Science & Research(700502),M.S. (OPHTHALMOLOGY),All India,0,0,0,0,1,0,0,0,0,0,1,All India Quota Seat Matrix - Round 1.pdf
2025,AIQ,1,177,All India except Central University,Veer Chandra Singh Garhwali Govt. Institute of Medical Science & Research(700502),MD/MS (Anatomy),All India,1,0,0,0,0,0,1,0,0,0,2,All India Quota Seat Matrix - Round 1.pdf
2025,AIQ,1,177,All India except Central University,VIJANAGARA INSTITUTE OF MEDICAL SCIENCES BALLARI(700396),M.D. (ANAESTHESIOLOGY),All India,3,0,1,0,2,0,1,0,0,0,7,All India Quota Seat Matrix - Round 1.pdf
2025,AIQ,1,177,All India except Central University,VIJANAGARA INSTITUTE OF MEDICAL SCIENCES BALLARI(700396),M.D. (BIOCHEMISTRY),All India,1,0,0,0,0,0,0,0,0,0,1,All India Quota Seat Matrix - Round 1.pdf
2025,AIQ,1,177,All India except Central University,VIJANAGARA INSTITUTE OF MEDICAL SCIENCES BALLARI(700396),"M.D. (DERM.,VENE. and LEPROSY)/ (DERMATOLOGY)/(SKIN and VENEREAL DISEASES)/(VENEREOLOGY)",All India,0,0,0,0,1,0,1,0,1,0,3,All India Quota Seat Matrix - Round 1.pdf
2025,AIQ,1,177,All India except Central University,VIJANAGARA INSTITUTE OF MEDICAL SCIENCES BALLARI(700396),M.D. (GENERAL MEDICINE),All India,1,0,0,1,1,0,1,0,0,0,4,All India Quota Seat Matrix - Round 1.pdf
2025,AIQ,1,177,All India except Central University,VIJANAGARA INSTITUTE OF MEDICAL SCIENCES BALLARI(700396),M.D. (MICROBIOLOGY),All India,2,0,0,0,0,0,0,0,0,0,2,All India Quota Seat Matrix - Round 1.pdf
2025,AIQ,1,177,All India except Central University,VIJANAGARA INSTITUTE OF MEDICAL SCIENCES BALLARI(700396),M.D. (Obst. and Gynae)/MS (Obstetrics and Gynaecology),All India,4,0,0,0,2,0,1,0,0,0,7,All India Quota Seat Matrix - Round 1.pdf
2025,AIQ,1,177,All India except Central University,VIJANAGARA INSTITUTE OF MEDICAL SCIENCES BALLARI(700396),M.D. (PAEDIATRICS),All India,2,0,1,0,1,0,1,0,0,0,5,All India Quota Seat Matrix - Round 1.pdf
2025,AIQ,1,177,All India except Central University,VIJANAGARA INSTITUTE OF MEDICAL SCIENCES BALLARI(700396),M.D. (PATHOLOGY),All India,1,0,0,0,1,0,0,0,0,0,2,All India Quota Seat Matrix - Round 1.pdf
2025,AIQ,1,177,All India except Central University,VIJANAGARA INSTITUTE OF MEDICAL SCIENCES BALLARI(700396),M.D. (PHARMACOLOGY),All India,1,0,0,0,1,0,0,0,0,0,2,All India Quota Seat Matrix - Round 1.pdf
2025,AIQ,1,177,All India except Central University,VIJANAGARA INSTITUTE OF MEDICAL SCIENCES BALLARI(700396),M.D. (PHYSIOLOGY),All India,0,0,0,0,0,0,1,0,0,0,1,All India Quota Seat Matrix - Round 1.pdf
2025,AIQ,1,177,All India except Central University,VIJANAGARA INSTITUTE OF MEDICAL SCIENCES BALLARI(700396),M.D. (PREVENTIVE and SOCIAL MEDICINE)/ COMMUNITY MEDICINE,All India,0,0,0,0,0,0,0,0,1,0,1,All India Quota Seat Matrix - Round 1.pdf
2025,AIQ,1,177,All India except Central University,VIJANAGARA INSTITUTE OF MEDICAL SCIENCES BALLARI(700396),M.S. (E.N.T.),All India,2,0,1,0,0,1,0,0,0,0,4,All India Quota Seat Matrix - Round 1.pdf
2025,AIQ,1,177,All India except Central University,VIJANAGARA INSTITUTE OF MEDICAL SCIENCES BALLARI(700396),M.S. (GENERAL SURGERY),All India,0,0,0,0,2,0,0,1,0,1,4,All India Quota Seat Matrix - Round 1.pdf
2025,AIQ,1,177,All India except Central University,VIJANAGARA INSTITUTE OF MEDICAL SCIENCES BALLARI(700396),M.S. (OPHTHALMOLOGY),All India,1,0,1,0,1,0,0,0,0,0,3,All India Quota Seat Matrix - Round 1.pdf
2025,AIQ,1,177,All India except Central University,VIJANAGARA INSTITUTE OF MEDICAL SCIENCES BALLARI(700396),M.S. (ORTHOPAEDICS),All India,2,0,0,0,1,0,1,0,1,0,5,All India Quota Seat Matrix - Round 1.pdf
2025,AIQ,1,177,All India except Central University,VIJANAGARA INSTITUTE OF MEDICAL SCIENCES BALLARI(700396),MD/MS (Anatomy),All India,1,0,0,0,0,0,0,0,0,0,1,All India Quota Seat Matrix - Round 1.pdf
2025,AIQ,1,177,All India except Central University,"VSS INSTITUTE OF MEDICAL SCIENCES AND RESEARCH,BURLA(700338)",M.D. (ANAESTHESIOLOGY),All India,3,0,0,0,1,0,1,0,0,0,5,All India Quota Seat Matrix - Round 1.pdf
2025,AIQ,1,177,All India except Central University,"VSS INSTITUTE OF MEDICAL SCIENCES AND RESEARCH,BURLA(700338)",M.D. (BIOCHEMISTRY),All India,1,0,0,0,1,0,0,0,0,0,2,All India Quota Seat Matrix - Round 1.pdf
2025,AIQ,1,178,All India except Central University,"VSS INSTITUTE OF MEDICAL SCIENCES AND RESEARCH,BURLA(700338)","M.D. (DERM.,VENE. and LEPROSY)/ (DERMATOLOGY)/(SKIN and VENEREAL DISEASES)/(VENEREOLOGY)",All India,0,1,0,0,0,0,0,0,0,0,1,All India Quota Seat Matrix - Round 1.pdf
2025,AIQ,1,178,All India except Central University,"VSS INSTITUTE OF MEDICAL SCIENCES AND RESEARCH,BURLA(700338)",M.D. (FORENSIC MEDICINE),All India,0,0,0,0,0,0,0,0,1,0,1,All India Quota Seat Matrix - Round 1.pdf
2025,AIQ,1,178,All India except Central University,"VSS INSTITUTE OF MEDICAL SCIENCES AND RESEARCH,BURLA(700338)",M.D. (GENERAL MEDICINE),All India,5,0,1,0,3,0,1,0,0,0,10,All India Quota Seat Matrix - Round 1.pdf
2025,AIQ,1,178,All India except Central University,"VSS INSTITUTE OF MEDICAL SCIENCES AND RESEARCH,BURLA(700338)",M.D. (MICROBIOLOGY),All India,1,0,1,0,1,0,0,0,0,0,3,All India Quota Seat Matrix - Round 1.pdf
2025,AIQ,1,178,All India except Central University,"VSS INSTITUTE OF MEDICAL SCIENCES AND RESEARCH,BURLA(700338)",M.D. (Obst. and Gynae)/MS (Obstetrics and Gynaecology),All India,2,0,0,0,1,0,0,1,0,1,5,All India Quota Seat Matrix - Round 1.pdf
2025,AIQ,1,178,All India except Central University,"VSS INSTITUTE OF MEDICAL SCIENCES AND RESEARCH,BURLA(700338)",M.D. (PAEDIATRICS),All India,2,0,1,0,2,0,0,0,0,0,5,All India Quota Seat Matrix - Round 1.pdf
2025,AIQ,1,178,All India except Central University,"VSS INSTITUTE OF MEDICAL SCIENCES AND RESEARCH,BURLA(700338)",M.D. (PATHOLOGY),All India,1,0,0,0,0,0,1,0,0,0,2,All India Quota Seat Matrix - Round 1.pdf
2025,AIQ,1,178,All India except Central University,"VSS INSTITUTE OF MEDICAL SCIENCES AND RESEARCH,BURLA(700338)",M.D. (PHARMACOLOGY),All India,1,0,1,0,1,0,0,0,1,0,4,All India Quota Seat Matrix - Round 1.pdf
2025,AIQ,1,178,All India except Central University,"VSS INSTITUTE OF MEDICAL SCIENCES AND RESEARCH,BURLA(700338)",M.D. (PHYSIOLOGY),All India,1,0,0,0,1,0,0,0,0,0,2,All India Quota Seat Matrix - Round 1.pdf
2025,AIQ,1,178,All India except Central University,"VSS INSTITUTE OF MEDICAL SCIENCES AND RESEARCH,BURLA(700338)",M.D. (PREVENTIVE and SOCIAL MEDICINE)/ COMMUNITY MEDICINE,All India,1,0,0,0,1,0,1,0,0,0,3,All India Quota Seat Matrix - Round 1.pdf
2025,AIQ,1,178,All India except Central University,"VSS INSTITUTE OF MEDICAL SCIENCES AND RESEARCH,BURLA(700338)",M.D. (RADIO-DIAGNOSIS),All India,0,1,0,0,0,0,0,0,0,0,1,All India Quota Seat Matrix - Round 1.pdf
2025,AIQ,1,178,All India except Central University,"VSS INSTITUTE OF MEDICAL SCIENCES AND RESEARCH,BURLA(700338)",M.D. (Tuberculosis and Respiratory diseases)/Pulmonary Medicine /M.D. (Respiratory Medicine),All India,2,0,0,0,0,0,0,0,0,0,2,All India Quota Seat Matrix - Round 1.pdf
2025,AIQ,1,178,All India except Central University,"VSS INSTITUTE OF MEDICAL SCIENCES AND RESEARCH,BURLA(700338)",M.S. (E.N.T.),All India,0,0,0,0,1,0,1,0,0,0,2,All India Quota Seat Matrix - Round 1.pdf
2025,AIQ,1,178,All India except Central University,"VSS INSTITUTE OF MEDICAL SCIENCES AND RESEARCH,BURLA(700338)",M.S. (GENERAL SURGERY),All India,3,0,1,0,2,0,2,0,1,0,9,All India Quota Seat Matrix - Round 1.pdf
2025,AIQ,1,178,All India except Central University,"VSS INSTITUTE OF MEDICAL SCIENCES AND RESEARCH,BURLA(700338)",M.S. (OPHTHALMOLOGY),All India,2,0,0,0,1,0,0,0,0,0,3,All India Quota Seat Matrix - Round 1.pdf
2025,AIQ,1,178,All India except Central University,"VSS INSTITUTE OF MEDICAL SCIENCES AND RESEARCH,BURLA(700338)",M.S. (ORTHOPAEDICS),All India,0,0,0,0,0,0,1,0,0,0,1,All India Quota Seat Matrix - Round 1.pdf
2025,AIQ,1,178,All India except Central University,"VSS INSTITUTE OF MEDICAL SCIENCES AND RESEARCH,BURLA(700338)",MD/MS (Anatomy),All India,1,0,1,0,1,0,0,0,0,0,3,All India Quota Seat Matrix - Round 1.pdf
