year,counselling,round,source_page,seat_type,neet_roll,pgmac_id,neet_apl,neet_air,name,sex,category,neet_cat,degree_ur_rank,degree_cat_rank,degree_rcg_rank,degree_dq_rank,diploma_open_ur_rank,diploma_open_cat_rank,diploma_open_rcg_rank,diploma_open_dq_rank,diploma_remote_ur_rank,diploma_remote_cat_rank,diploma_remote_rcg_rank,diploma_remote_dq_rank,institute,branch,allotted_category,remarks,source_file
2025,PGMAC,1,1,DEGREE,25661094457,2511203001126,PG25069616,380,KANIZ FATIMA,F,EB,OBC,UR(DEGREE)- 1,EBC(DEGREE)- 1,RCG(DEGREE)- 1,,UR(DIPLOMA)- 1,EBC(DIPLOMA)- 1,RCG(DIPLOMA)- 1,,,,,,I.G.I.M.S. PATNA,Radiodiagnosis,UR,Against UR Category Seat (Degree),All India - Round 1 - 2025.pdf
2025,PGMAC,1,1,DEGREE,25661009829,2511203000454,PG25104340,533,AJAY KANT,M,EB,OBC,UR(DEGREE)- 2,EBC(DEGREE)- 2,,,UR(DIPLOMA)- 2,EBC(DIPLOMA)- 2,,,,,,,I.G.I.M.S. PATNA,Radiodiagnosis,EBC,JUMP OVER ON EBC seat (Degree),All India - Round 1 - 2025.pdf
2025,PGMAC,1,1,DEGREE,25661199289,2511203001312,PG25091771,574,DIPTI NARAYAN,F,EB,OBC,UR(DEGREE)- 3,EBC(DEGREE)- 3,RCG(DEGREE)- 2,,UR(DIPLOMA)- 3,EBC(DIPLOMA)- 3,RCG(DIPLOMA)- 2,,,,,,P.M.C.PATNA,Radiodiagnosis,UR,Against UR Category Seat (Degree),All India - Round 1 - 2025.pdf
2025,PGMAC,1,1,DEGREE,25661180138,2511203000604,PG25122870,651,SHIKHA RANJAN,F,EW,EWS,UR(DEGREE)- 4,EWS(DEGREE)- 1,,,UR(DIPLOMA)- 4,EWS(DIPLOMA)- 1,,,,,,,I.G.I.M.S. PATNA,Radiodiagnosis,EWS,JUMP OVER ON EWS seat (Degree),All India - Round 1 - 2025.pdf
2025,PGMAC,1,1,DEGREE,25661227237,2511203000182,PG25025058,680,SUSHANT PRAKASH,M,BC,OBC,UR(DEGREE)- 5,BC(DEGREE)- 1,,,UR(DIPLOMA)- 5,BC(DIPLOMA)- 1,,,,,,,P.M.C.PATNA,General Medicine,UR,Against UR Category Seat (Degree),All India - Round 1 - 2025.pdf
2025,PGMAC,1,1,DEGREE,25661175403,2511203000735,PG25113562,748,AYUSHI SINGH,F,UR,GENERAL,UR(DEGREE)- 6,,,,UR(DIPLOMA)- 6,,,,,,,,I.G.I.M.S. PATNA,General Medicine,UR,Against UR Category Seat (Degree),All India - Round 1 - 2025.pdf
2025,PGMAC,1,1,DEGREE,25661186442,2511203000724,PG25096004,762,SHIVANGI SINGH,F,UR,GENERAL,UR(DEGREE)- 7,,,,UR(DIPLOMA)- 7,,,,,,,,P.M.C.PATNA,OBS & GYNAE,UR,Against UR Category Seat (Degree) - Female,All India - Round 1 - 2025.pdf
2025,PGMAC,1,1,DEGREE,25661110065,2511203000713,PG25149354,855,PRIYANKA KUMARI,F,EB,OBC,UR(DEGREE)- 8,EBC(DEGREE)- 4,RCG(DEGREE)- 3,,UR(DIPLOMA)- 8,EBC(DIPLOMA)- 4,RCG(DIPLOMA)- 3,,,,,,P.M.C.PATNA,General Medicine,UR,Against UR Category Seat (Degree) - Female,All India - Round 1 - 2025.pdf
2025,PGMAC,1,1,DEGREE,25661024143,2511203001037,PG25098309,1133,RAVI SHANKAR,M,EB,OBC,UR(DEGREE)- 9,EBC(DEGREE)- 5,,,UR(DIPLOMA)- 9,EBC(DIPLOMA)- 5,,,,,,,P.M.C.PATNA,General Medicine,EBC,JUMP OVER ON EBC seat (Degree),All India - Round 1 - 2025.pdf
2025,PGMAC,1,1,DEGREE,25661229318,2511203000112,PG25093938,1145,ANKITA BHARTI,F,BC,OBC,UR(DEGREE)- 10,BC(DEGREE)- 2,RCG(DEGREE)- 4,,UR(DIPLOMA)- 10,BC(DIPLOMA)- 2,RCG(DIPLOMA)- 4,,,,,,I.G.I.M.S. PATNA,General Medicine,BC,JUMP OVER ON BC seat (Degree),All India - Round 1 - 2025.pdf
2025,PGMAC,1,1,DEGREE,25661121659,2511203001577,PG25199364,1267,SANKALP KUMAR,M,BC,OBC,UR(DEGREE)- 11,BC(DEGREE)- 3,,,UR(DIPLOMA)- 11,BC(DIPLOMA)- 3,,,,,,,P.M.C.PATNA,General Medicine,BC,JUMP OVER ON BC seat (Degree),All India - Round 1 - 2025.pdf
2025,PGMAC,1,1,DEGREE,25661030615,2511203001038,PG25104087,1436,ANKITA RAI,F,UR,GENERAL,UR(DEGREE)- 12,,,,UR(DIPLOMA)- 12,,,,,,,,P.M.C.PATNA,General Medicine,UR,Against UR Category Seat (Degree) - Female,All India - Round 1 - 2025.pdf
2025,PGMAC,1,1,DEGREE,25661104278,2511203001115,PG25077154,1554,SHIVANGI,F,UR,GENERAL,UR(DEGREE)- 13,,,,UR(DIPLOMA)- 13,,,,,,,,N.M.C. PATNA,General Medicine,UR,Against UR Category Seat (Degree) - Female,All India - Round 1 - 2025.pdf
2025,PGMAC,1,1,DEGREE,25661125257,2511203000471,PG25109620,1594,SAJAL KUMAR VIDYARTHEE,M,BC,OBC,UR(DEGREE)- 14,BC(DEGREE)- 4,,,UR(DIPLOMA)- 14,BC(DIPLOMA)- 4,,,,,,,P.M.C.PATNA,Radiodiagnosis,BC,JUMP OVER ON BC seat (Degree),All India - Round 1 - 2025.pdf
2025,PGMAC,1,1,DEGREE,25661212428,2511203001507,PG25118445,1719,DEEPAK KUMAR JHA,M,EW,EWS,UR(DEGREE)- 15,EWS(DEGREE)- 2,,,UR(DIPLOMA)- 15,EWS(DIPLOMA)- 2,,,,,,,I.G.I.M.S. PATNA,General Medicine,EWS,JUMP OVER ON EWS seat (Degree),All India - Round 1 - 2025.pdf
2025,PGMAC,1,1,DEGREE,25661089074,2511203000160,PG25113367,1926,AMISHA PATEL,F,BC,OBC,UR(DEGREE)- 16,BC(DEGREE)- 5,RCG(DEGREE)- 5,,UR(DIPLOMA)- 16,BC(DIPLOMA)- 5,RCG(DIPLOMA)- 5,,,,,,P.M.C.PATNA,DERMATOLOGY,UR,Against UR Category Seat (Degree),All India - Round 1 - 2025.pdf
2025,PGMAC,1,1,DEGREE,25661063041,2511203001823,PG25154897,1999,PRAKASH RANJAN,M,BC,OBC,UR(DEGREE)- 17,BC(DEGREE)- 6,,,UR(DIPLOMA)- 17,BC(DIPLOMA)- 6,,,,,,,D.M.C.LAHERIASARAI,Radiodiagnosis,UR,Against UR Category Seat (Degree),All India - Round 1 - 2025.pdf
2025,PGMAC,1,1,DEGREE,25661020290,2511203000862,PG25166890,2042,VIDYANAND KUMAR,M,EB,OBC,UR(DEGREE)- 18,EBC(DEGREE)- 6,,,UR(DIPLOMA)- 18,EBC(DIPLOMA)- 6,,,,,,,N.M.C. PATNA,General Medicine,UR,Against UR Category Seat (Degree),All India - Round 1 - 2025.pdf
2025,PGMAC,1,1,DEGREE,25661128668,2511203000303,PG25029258,2167,SUJATA RAJ,F,BC,OBC,UR(DEGREE)- 19,BC(DEGREE)- 7,RCG(DEGREE)- 6,,UR(DIPLOMA)- 19,BC(DIPLOMA)- 7,RCG(DIPLOMA)- 6,,,,,,I.G.I.M.S. PATNA,DERMATOLOGY,UR,Against UR Category Seat (Degree),All India - Round 1 - 2025.pdf
2025,PGMAC,1,1,DEGREE,25661202401,2511203000572,PG25085974,2217,MISHA CHOUDHARY,F,BC,OBC,UR(DEGREE)- 20,BC(DEGREE)- 8,RCG(DEGREE)- 7,,UR(DIPLOMA)- 20,BC(DIPLOMA)- 8,RCG(DIPLOMA)- 7,,,,,,N.M.C. PATNA,Radiodiagnosis,UR,Against UR Category Seat (Degree) - Female,All India - Round 1 - 2025.pdf
2025,PGMAC,1,1,DEGREE,25661135028,2511203000945,PG25109080,2227,SAHIBA JAIPURIYAR,F,UR,GENERAL,UR(DEGREE)- 21,,,,UR(DIPLOMA)- 21,,,,,,,,P.M.C.PATNA,OBS & GYNAE,UR,Against UR Category Seat (Degree),All India - Round 1 - 2025.pdf
2025,PGMAC,1,1,DEGREE,25661161867,2511203000250,PG25071833,2283,ARCHITA SINHA,F,UR,GENERAL,UR(DEGREE)- 22,,,,UR(DIPLOMA)- 22,,,,,,,,I.G.I.M.S. PATNA,OPHTHALMOLOGY,UR,Against UR Category Seat (Degree),All India - Round 1 - 2025.pdf
2025,PGMAC,1,1,DEGREE,25661224964,2511203001393,PG25122094,2365,NITISH KUMAR SHAHI,M,EW,EWS,UR(DEGREE)- 23,EWS(DEGREE)- 3,,,UR(DIPLOMA)- 23,EWS(DIPLOMA)- 3,,,,,,,P.M.C.PATNA,General Medicine,EWS,JUMP OVER ON EWS seat (Degree),All India - Round 1 - 2025.pdf
2025,PGMAC,1,1,DEGREE,25661028042,2511203000821,PG25104344,2401,MD SAAD ANSARI,M,UR,GENERAL,UR(DEGREE)- 24,,,,UR(DIPLOMA)- 24,,,,,,,,D.M.C.LAHERIASARAI,General Medicine,UR,Against UR Category Seat (Degree),All India - Round 1 - 2025.pdf
2025,PGMAC,1,1,DEGREE,25661176689,2511203000563,PG25141629,2422,VISHAL GUPTA,M,BC,OBC,UR(DEGREE)- 26,BC(DEGREE)- 10,,,UR(DIPLOMA)- 26,BC(DIPLOMA)- 10,,,,,,,P.M.C.PATNA,Paediatrics,UR,Against UR Category Seat (Degree),All India - Round 1 - 2025.pdf
2025,PGMAC,1,1,DEGREE,25661139203,2511203000466,PG25055806,2575,VIVEK KUMAR,M,EW,EWS,UR(DEGREE)- 27,EWS(DEGREE)- 4,,,UR(DIPLOMA)- 27,EWS(DIPLOMA)- 4,,,,,,,D.M.C.LAHERIASARAI,General Medicine,UR,Against UR Category Seat (Degree),All India - Round 1 - 2025.pdf
2025,PGMAC,1,1,DEGREE,25661177839,2511203002150,PG25148045,2647,SABA AFRIN,F,UR,GENERAL,UR(DEGREE)- 28,,,,UR(DIPLOMA)- 28,,,,,,,,D.M.C.LAHERIASARAI,General Medicine,UR,Against UR Category Seat (Degree) - Female,All India - Round 1 - 2025.pdf
2025,PGMAC,1,1,DEGREE,25661047509,2511203001006,PG25065737,2706,SPRIHA SUMAN SINGH,F,BC,OBC,UR(DEGREE)- 29,BC(DEGREE)- 11,RCG(DEGREE)- 8,,UR(DIPLOMA)- 29,BC(DIPLOMA)- 11,RCG(DIPLOMA)- 8,,,,,,I.G.I.M.S. PATNA,General Surgery,UR,Against UR Category Seat (Degree) - Female,All India - Round 1 - 2025.pdf
2025,PGMAC,1,1,DEGREE,25661051264,2511203001802,PG25096362,2720,MARYAM ASHHER,F,UR,GENERAL,UR(DEGREE)- 30,,,,UR(DIPLOMA)- 30,,,,,,,,P.M.C.PATNA,OBS & GYNAE,UR,Against UR Category Seat (Degree),All India - Round 1 - 2025.pdf
2025,PGMAC,1,1,DEGREE,25661014275,2511203000211,PG25013710,2786,AMIT ANAND,M,EB,OBC,UR(DEGREE)- 32,EBC(DEGREE)- 7,,,UR(DIPLOMA)- 32,EBC(DIPLOMA)- 7,,,,,,,N.M.C. PATNA,General Medicine,EBC,JUMP OVER ON EBC seat (Degree),All India - Round 1 - 2025.pdf
2025,PGMAC,1,1,DEGREE,25661160513,2511203000910,PG25168562,2812,SALONI KUMARI,F,BC,GENERAL,UR(DEGREE)- 34,BC(DEGREE)- 12,RCG(DEGREE)- 9,,UR(DIPLOMA)- 34,BC(DIPLOMA)- 12,RCG(DIPLOMA)- 9,,,,,,I.G.I.M.S. PATNA,DERMATOLOGY,BC,JUMP OVER ON BC seat (Degree) - Female,All India - Round 1 - 2025.pdf
2025,PGMAC,1,1,DEGREE,25661090898,2511203000053,PG25050898,2862,ANKIT KUMAR,M,EW,EWS,UR(DEGREE)- 35,EWS(DEGREE)- 6,,,UR(DIPLOMA)- 35,EWS(DIPLOMA)- 6,,,,,,,D.M.C.LAHERIASARAI,General Medicine,UR,Against UR Category Seat (Degree),All India - Round 1 - 2025.pdf
2025,PGMAC,1,1,DEGREE,25661019109,2511203000178,PG25104319,2921,SURBHI SINGH,F,BC,OBC,UR(DEGREE)- 36,BC(DEGREE)- 13,RCG(DEGREE)- 10,,UR(DIPLOMA)- 36,BC(DIPLOMA)- 13,RCG(DIPLOMA)- 10,,,,,,N.M.C. PATNA,General Medicine,BC,JUMP OVER ON BC seat (Degree) - Female,All India - Round 1 - 2025.pdf
2025,PGMAC,1,1,DEGREE,25661174957,2511203000118,PG25018205,2929,KUMAR GAURAV,M,BC,OBC,UR(DEGREE)- 37,BC(DEGREE)- 14,,,UR(DIPLOMA)- 37,BC(DIPLOMA)- 14,,,,,,,P.M.C.PATNA,General Surgery,UR,Against UR Category Seat (Degree),All India - Round 1 - 2025.pdf
2025,PGMAC,1,1,DEGREE,25661155973,2511203002151,PG25052751,2974,MEGHA KUMARI,F,EB,OBC,UR(DEGREE)- 38,EBC(DEGREE)- 8,RCG(DEGREE)- 11,,UR(DIPLOMA)- 38,EBC(DIPLOMA)- 8,RCG(DIPLOMA)- 11,,,,,,P.M.C.PATNA,DERMATOLOGY,EBC,JUMP OVER ON EBC seat (Degree),All India - Round 1 - 2025.pdf
2025,PGMAC,1,1,DEGREE,25661187157,2511203000503,PG25126438,3121,SANHITA KUMARI,F,EW,EWS,UR(DEGREE)- 39,EWS(DEGREE)- 7,,,UR(DIPLOMA)- 39,EWS(DIPLOMA)- 7,,,,,,,P.M.C.PATNA,DERMATOLOGY,EWS,JUMP OVER ON EWS seat (Degree),All India - Round 1 - 2025.pdf
2025,PGMAC,1,1,DEGREE,25661042423,2511203001009,PG25119856,3135,MANSI,F,BC,OBC,UR(DEGREE)- 41,BC(DEGREE)- 16,RCG(DEGREE)- 12,,UR(DIPLOMA)- 41,BC(DIPLOMA)- 16,RCG(DIPLOMA)- 12,,,,,,I.G.I.M.S. PATNA,Paediatrics,UR,Against UR Category Seat (Degree),All India - Round 1 - 2025.pdf
2025,PGMAC,1,1,DEGREE,25661174798,2511203000888,PG25214361,3321,PRAGATI KUMARI,F,EB,OBC,UR(DEGREE)- 42,EBC(DEGREE)- 9,RCG(DEGREE)- 13,,UR(DIPLOMA)- 42,EBC(DIPLOMA)- 9,RCG(DIPLOMA)- 13,,,,,,P.M.C.PATNA,General Medicine,EBC,JUMP OVER ON EBC seat (Degree) - Female,All India - Round 1 - 2025.pdf
2025,PGMAC,1,1,DEGREE,25661204778,2511203000369,PG25018128,3466,ANKIT KUMAR SINGH,M,BC,OBC,UR(DEGREE)- 44,BC(DEGREE)- 17,,,UR(DIPLOMA)- 44,BC(DIPLOMA)- 17,,,,,,,D.M.C.LAHERIASARAI,General Medicine,BC,JUMP OVER ON BC seat (Degree),All India - Round 1 - 2025.pdf
2025,PGMAC,1,1,DEGREE,25661156637,2511203000867,PG25143873,3503,SHRUTI LAKSHMI,F,EB,GENERAL,UR(DEGREE)- 45,EBC(DEGREE)- 10,RCG(DEGREE)- 14,,UR(DIPLOMA)- 45,EBC(DIPLOMA)- 10,RCG(DIPLOMA)- 14,,,,,,P.M.C.PATNA,OBS & GYNAE,UR,Against UR Category Seat (Degree),All India - Round 1 - 2025.pdf
2025,PGMAC,1,1,DEGREE,25661136751,2511203000187,PG25133005,3607,SAMRIDHI RANJAN,F,UR,GENERAL,UR(DEGREE)- 47,,,,UR(DIPLOMA)- 47,,,,,,,,"G.M.C., BETTIAH",Radiodiagnosis,UR,Against UR Category Seat (Degree) - Female,All India - Round 1 - 2025.pdf
2025,PGMAC,1,1,DEGREE,25661064774,2511203001186,PG25112687,3700,DEEPSHIKHA,F,BC,GENERAL,UR(DEGREE)- 48,BC(DEGREE)- 18,RCG(DEGREE)- 15,,UR(DIPLOMA)- 48,BC(DIPLOMA)- 18,RCG(DIPLOMA)- 15,,,,,,J.L.N.M.C. BHAGALPUR,General Medicine,UR,Against UR Category Seat (Degree) - Female,All India - Round 1 - 2025.pdf
2025,PGMAC,1,1,DEGREE,25661207735,2511203000780,PG25108145,3909,ANKUR SIDDHARTH,M,UR,GENERAL,UR(DEGREE)- 49,,,,UR(DIPLOMA)- 49,,,,,,,,P.M.C.PATNA,Orthopaedics,UR,Against UR Category Seat (Degree),All India - Round 1 - 2025.pdf
2025,PGMAC,1,1,DEGREE,25661137852,2511203001669,PG25128305,4010,PRIYANKA ARYA,F,EB,OBC,UR(DEGREE)- 50,EBC(DEGREE)- 11,RCG(DEGREE)- 16,,UR(DIPLOMA)- 50,EBC(DIPLOMA)- 11,RCG(DIPLOMA)- 16,,,,,,D.M.C.LAHERIASARAI,Radiodiagnosis,EBC,JUMP OVER ON EBC seat (Degree) - Female,All India - Round 1 - 2025.pdf
2025,PGMAC,1,1,DEGREE,25661221425,2511203000625,PG25098908,4070,PALLAVI KUMARI,F,EB,OBC,UR(DEGREE)- 51,EBC(DEGREE)- 12,RCG(DEGREE)- 17,,UR(DIPLOMA)- 51,EBC(DIPLOMA)- 12,RCG(DIPLOMA)- 17,,,,,,J.L.N.M.C. BHAGALPUR,General Medicine,UR,Against UR Category Seat (Degree),All India - Round 1 - 2025.pdf
2025,PGMAC,1,1,DEGREE,25661122266,2511203000292,PG25110090,4118,MANISHA KUMARI,F,BC,GENERAL,UR(DEGREE)- 52,BC(DEGREE)- 19,RCG(DEGREE)- 18,,UR(DIPLOMA)- 52,BC(DIPLOMA)- 19,RCG(DIPLOMA)- 18,,,,,,P.M.C.PATNA,OBS & GYNAE,BC,JUMP OVER ON BC seat (Degree),All India - Round 1 - 2025.pdf
2025,PGMAC,1,1,DEGREE,25661201217,2511203000977,PG25132267,4151,ABHIJEET RAJ,M,EB,OBC,UR(DEGREE)- 53,EBC(DEGREE)- 13,,,UR(DIPLOMA)- 53,EBC(DIPLOMA)- 13,,,,,,,D.M.C.LAHERIASARAI,General Medicine,EBC,JUMP OVER ON EBC seat (Degree),All India - Round 1 - 2025.pdf
2025,PGMAC,1,1,DEGREE,25661164365,2511203000790,PG25119741,4164,DIPANSHU RANJAN,M,EB,OBC,UR(DEGREE)- 54,EBC(DEGREE)- 14,,,UR(DIPLOMA)- 54,EBC(DIPLOMA)- 14,,,,,,,J.L.N.M.C. BHAGALPUR,General Medicine,EBC,JUMP OVER ON EBC seat (Degree),All India - Round 1 - 2025.pdf
2025,PGMAC,1,1,DEGREE,25661090853,2511203000580,PG25118668,4180,PRATYASHA YAMI,F,UR,GENERAL,UR(DEGREE)- 55,,,,UR(DIPLOMA)- 55,,,,,,,,"B.M.I.M.S,PAWAPURI, NALANDA",General Medicine,UR,Against UR Category Seat (Degree),All India - Round 1 - 2025.pdf
2025,PGMAC,1,1,DEGREE,25661126317,2511203001693,PG25107174,4198,CHANDAN KUMAR,M,BC,OBC,UR(DEGREE)- 56,BC(DEGREE)- 20,,,UR(DIPLOMA)- 56,BC(DIPLOMA)- 20,,,,,,,P.M.C.PATNA,Paediatrics,UR,Against UR Category Seat (Degree),All India - Round 1 - 2025.pdf
2025,PGMAC,1,1,DEGREE,25661204744,2511203000715,PG25144070,4311,SHAHEEN SIDDIQUE,F,EW,EWS,UR(DEGREE)- 57,EWS(DEGREE)- 9,,,UR(DIPLOMA)- 57,EWS(DIPLOMA)- 9,,,,,,,D.M.C.LAHERIASARAI,General Medicine,EWS,JUMP OVER ON EWS seat (Degree) - Female,All India - Round 1 - 2025.pdf
2025,PGMAC,1,1,DEGREE,25661081619,2511203000246,PG25105845,4531,RIDDHIMA RAJ,F,EW,EWS,UR(DEGREE)- 58,EWS(DEGREE)- 10,,,UR(DIPLOMA)- 58,EWS(DIPLOMA)- 10,,,,,,,J.L.N.M.C. BHAGALPUR,General Medicine,EWS,JUMP OVER ON EWS seat (Degree),All India - Round 1 - 2025.pdf
2025,PGMAC,1,1,DEGREE,25661189412,2511203001882,PG25199701,4553,DEEPAK KUMAR,M,EB,OBC,UR(DEGREE)- 59,EBC(DEGREE)- 15,,,UR(DIPLOMA)- 59,EBC(DIPLOMA)- 15,,,,,,,P.M.C.PATNA,General Surgery,UR,Against UR Category Seat (Degree),All India - Round 1 - 2025.pdf
2025,PGMAC,1,1,DEGREE,25661208650,2511203001096,PG25116728,4713,PRINCE KUMAR GUPTA,M,EB,OBC,UR(DEGREE)- 62,EBC(DEGREE)- 16,,,UR(DIPLOMA)- 62,EBC(DIPLOMA)- 16,,,,,,,P.M.C.PATNA,Orthopaedics,UR,Against UR Category Seat (Degree),All India - Round 1 - 2025.pdf
2025,PGMAC,1,1,DEGREE,25661188692,2511203000135,PG25074430,4717,RAJ RAUSHAN,M,BC,OBC,UR(DEGREE)- 63,BC(DEGREE)- 22,,,UR(DIPLOMA)- 63,BC(DIPLOMA)- 22,,,,,,,P.M.C.PATNA,Paediatrics,UR,Against UR Category Seat (Degree),All India - Round 1 - 2025.pdf
2025,PGMAC,1,1,DEGREE,25661198348,2511203000094,PG25141273,4885,SONU ALAM,M,EB,OBC,UR(DEGREE)- 64,EBC(DEGREE)- 17,,,UR(DIPLOMA)- 64,EBC(DIPLOMA)- 17,,,,,,,P.M.C.PATNA,Paediatrics,EBC,JUMP OVER ON EBC seat (Degree),All India - Round 1 - 2025.pdf
2025,PGMAC,1,1,DEGREE,25661185113,2511203000045,PG25092708,4900,PAWAN KUMAR PANDEY,M,UR,GENERAL,UR(DEGREE)- 65,,,,UR(DIPLOMA)- 65,,,,,,,,P.M.C.PATNA,RESPIRATORY MEDICINE,UR,Against UR Category Seat (Degree),All India - Round 1 - 2025.pdf
2025,PGMAC,1,2,DEGREE,25661091999,2511203001427,PG25185893,4916,SHIKHA BHARTI,F,EB,OBC,UR(DEGREE)- 66,EBC(DEGREE)- 18,RCG(DEGREE)- 19,,UR(DIPLOMA)- 66,EBC(DIPLOMA)- 18,RCG(DIPLOMA)- 19,,,,,,P.M.C.PATNA,OBS & GYNAE,EBC,JUMP OVER ON EBC seat (Degree) - Female,All India - Round 1 - 2025.pdf
2025,PGMAC,1,2,DEGREE,25661237241,2511203000189,PG25077967,4986,PRIYA KUMARI THAKUR,F,EB,OBC,UR(DEGREE)- 67,EBC(DEGREE)- 19,RCG(DEGREE)- 20,,UR(DIPLOMA)- 67,EBC(DIPLOMA)- 19,RCG(DIPLOMA)- 20,,,,,,P.M.C.PATNA,Paediatrics,UR,Against UR Category Seat (Degree) - Female,All India - Round 1 - 2025.pdf
2025,PGMAC,1,2,DEGREE,25661053581,2511203000047,PG25224183,5178,PRIYANKA SINGH CHAUHAN,F,EW,EWS,UR(DEGREE)- 68,EWS(DEGREE)- 12,,,UR(DIPLOMA)- 68,EWS(DIPLOMA)- 12,,,,,,,P.M.C.PATNA,OBS & GYNAE,EWS,JUMP OVER ON EWS seat (Degree) - Female,All India - Round 1 - 2025.pdf
2025,PGMAC,1,2,DEGREE,25661213152,2511203000402,PG25192314,5196,GAURAV RANJAN,M,EB,OBC,UR(DEGREE)- 69,EBC(DEGREE)- 20,,,UR(DIPLOMA)- 69,EBC(DIPLOMA)- 20,,,,,,,N.M.C. PATNA,Paediatrics,UR,Against UR Category Seat (Degree),All India - Round 1 - 2025.pdf
2025,PGMAC,1,2,DEGREE,25661080208,2511203001107,PG25078558,5204,PUSHKAR MANI,M,EW,EWS,UR(DEGREE)- 70,EWS(DEGREE)- 13,,,UR(DIPLOMA)- 70,EWS(DIPLOMA)- 13,,,,,,,P.M.C.PATNA,Paediatrics,EWS,JUMP OVER ON EWS seat (Degree),All India - Round 1 - 2025.pdf
2025,PGMAC,1,2,DEGREE,25661215278,2511203001666,PG25107787,5266,ABHISHEK,M,BC,OBC,UR(DEGREE)- 71,BC(DEGREE)- 23,,,UR(DIPLOMA)- 71,BC(DIPLOMA)- 23,,,,,,,I.G.I.M.S. PATNA,Paediatrics,BC,JUMP OVER ON BC seat (Degree),All India - Round 1 - 2025.pdf
2025,PGMAC,1,2,DEGREE,25661166849,2511203002290,PG25152938,5273,ANAMIKA GOLDEY,F,EB,OBC,UR(DEGREE)- 72,EBC(DEGREE)- 21,RCG(DEGREE)- 21,,UR(DIPLOMA)- 72,EBC(DIPLOMA)- 21,RCG(DIPLOMA)- 21,,,,,,P.M.C.PATNA,Paediatrics,UR,Against UR Category Seat (Degree) - Female,All India - Round 1 - 2025.pdf
2025,PGMAC,1,2,DEGREE,25661196910,2511203000889,PG25051454,5285,ABHISHEK KUMAR,M,BC,OBC,UR(DEGREE)- 73,BC(DEGREE)- 24,,,UR(DIPLOMA)- 73,BC(DIPLOMA)- 24,,,,,,,I.G.I.M.S. PATNA,Anaesthesiology,UR,Against UR Category Seat (Degree),All India - Round 1 - 2025.pdf
2025,PGMAC,1,2,DEGREE,25661207851,2511203001332,PG25094045,5412,JYOTI RANI,F,BC,OBC,UR(DEGREE)- 74,BC(DEGREE)- 25,RCG(DEGREE)- 22,,UR(DIPLOMA)- 74,BC(DIPLOMA)- 25,RCG(DIPLOMA)- 22,,,,,,N.M.C. PATNA,OBS & GYNAE,UR,Against UR Category Seat (Degree) - Female,All India - Round 1 - 2025.pdf
2025,PGMAC,1,2,DEGREE,25661077980,2511203001012,PG25120027,5427,MANISHA,F,BC,OBC,UR(DEGREE)- 75,BC(DEGREE)- 26,RCG(DEGREE)- 23,,UR(DIPLOMA)- 75,BC(DIPLOMA)- 26,RCG(DIPLOMA)- 23,,,,,,P.M.C.PATNA,Paediatrics,BC,JUMP OVER ON BC seat (Degree) - Female,All India - Round 1 - 2025.pdf
2025,PGMAC,1,2,DEGREE,25661220813,2511203000851,PG25056487,5451,YASH KHETAN,M,BC,OBC,UR(DEGREE)- 76,BC(DEGREE)- 27,,,UR(DIPLOMA)- 76,BC(DIPLOMA)- 27,,,,,,,I.G.I.M.S. PATNA,RESPIRATORY MEDICINE,BC,JUMP OVER ON BC seat (Degree),All India - Round 1 - 2025.pdf
2025,PGMAC,1,2,DEGREE,25661021491,2511203000942,PG25105280,5453,SOBIA FATIMA,F,UR,GENERAL,UR(DEGREE)- 77,,,,UR(DIPLOMA)- 77,,,,,,,,P.M.C.PATNA,OPHTHALMOLOGY,UR,Against UR Category Seat (Degree) - Female,All India - Round 1 - 2025.pdf
2025,PGMAC,1,2,DEGREE,25661033308,2511203000220,PG25102789,5561,ARFA PARWEEN,F,EB,OBC,UR(DEGREE)- 78,EBC(DEGREE)- 22,RCG(DEGREE)- 24,,UR(DIPLOMA)- 78,EBC(DIPLOMA)- 22,RCG(DIPLOMA)- 24,,,,,,P.M.C.PATNA,OBS & GYNAE,EBC,JUMP OVER ON EBC seat (Degree),All India - Round 1 - 2025.pdf
2025,PGMAC,1,2,DEGREE,25661059581,2511203000663,PG25171762,5754,SUMIT KUMAR,M,BC,OBC,UR(DEGREE)- 80,BC(DEGREE)- 28,,,UR(DIPLOMA)- 80,BC(DIPLOMA)- 28,,,,,,,P.M.C.PATNA,General Surgery,BC,JUMP OVER ON BC seat (Degree),All India - Round 1 - 2025.pdf
2025,PGMAC,1,2,DEGREE,25661220024,2511203001373,PG25154937,5760,SHASHANK SHEKHAR,M,EW,EWS,UR(DEGREE)- 81,EWS(DEGREE)- 14,,,UR(DIPLOMA)- 81,EWS(DIPLOMA)- 14,,,,,,,I.G.I.M.S. PATNA,Paediatrics,EWS,JUMP OVER ON EWS seat (Degree),All India - Round 1 - 2025.pdf
2025,PGMAC,1,2,DEGREE,25661033180,2511203001438,PG25159452,5897,ANAND RAJ,M,BC,OBC,UR(DEGREE)- 82,BC(DEGREE)- 29,,,UR(DIPLOMA)- 82,BC(DIPLOMA)- 29,,,,,,,I.G.I.M.S. PATNA,Orthopaedics,UR,Against UR Category Seat (Degree),All India - Round 1 - 2025.pdf
2025,PGMAC,1,2,DEGREE,25661122199,2511203001014,PG25171604,5992,AKANCHA CHANDRA,F,UR,GENERAL,UR(DEGREE)- 83,,,,UR(DIPLOMA)- 83,,,,,,,,N.M.C. PATNA,Paediatrics,UR,Against UR Category Seat (Degree) - Female,All India - Round 1 - 2025.pdf
2025,PGMAC,1,2,DEGREE,25661097066,2511203001161,PG25140716,6063,SONAL KUMAR,M,UR,OBC,UR(DEGREE)- 86,,,,UR(DIPLOMA)- 86,,,,,,,,D.M.C.LAHERIASARAI,Paediatrics,UR,Against UR Category Seat (Degree),All India - Round 1 - 2025.pdf
2025,PGMAC,1,2,DEGREE,25661197442,2511203001297,PG25130721,6096,ANUGYA,F,EW,EWS,UR(DEGREE)- 87,EWS(DEGREE)- 17,,,UR(DIPLOMA)- 87,EWS(DIPLOMA)- 17,,,,,,,A.N.M.M.C. GAYA,DERMATOLOGY,EWS,JUMP OVER ON EWS seat (Degree),All India - Round 1 - 2025.pdf
2025,PGMAC,1,2,DEGREE,25661034521,2511203000372,PG25141396,6114,MD MOZAMMIL,M,EB,OBC,UR(DEGREE)- 88,EBC(DEGREE)- 24,,,UR(DIPLOMA)- 88,EBC(DIPLOMA)- 24,,,,,,,P.M.C.PATNA,Orthopaedics,EBC,JUMP OVER ON EBC seat (Degree),All India - Round 1 - 2025.pdf
2025,PGMAC,1,2,DEGREE,25661081932,2511203001803,PG25005808,6147,HIMANSHU KUMAR,M,EW,EWS,UR(DEGREE)- 89,EWS(DEGREE)- 18,,,UR(DIPLOMA)- 89,EWS(DIPLOMA)- 18,,,,,,,P.M.C.PATNA,Orthopaedics,EWS,JUMP OVER ON EWS seat (Degree),All India - Round 1 - 2025.pdf
2025,PGMAC,1,2,DEGREE,25661173019,2511203000906,PG25162736,6154,SHAHEEN FATIMA,F,EB,OBC,UR(DEGREE)- 90,EBC(DEGREE)- 25,RCG(DEGREE)- 25,,UR(DIPLOMA)- 90,EBC(DIPLOMA)- 25,RCG(DIPLOMA)- 25,,,,,,N.M.C. PATNA,OBS & GYNAE,UR,Against UR Category Seat (Degree),All India - Round 1 - 2025.pdf
2025,PGMAC,1,2,DEGREE,25661082540,2511203001067,PG25080615,6200,AKASH RAJ,M,BC,OBC,UR(DEGREE)- 91,BC(DEGREE)- 30,,,UR(DIPLOMA)- 91,BC(DIPLOMA)- 30,,,,,,,N.M.C. PATNA,Paediatrics,BC,JUMP OVER ON BC seat (Degree),All India - Round 1 - 2025.pdf
2025,PGMAC,1,2,DEGREE,25661009928,2511203001127,PG25020615,6242,ANSHIKA GITANK,F,EB,GENERAL,UR(DEGREE)- 92,EBC(DEGREE)- 26,RCG(DEGREE)- 26,,UR(DIPLOMA)- 92,EBC(DIPLOMA)- 26,RCG(DIPLOMA)- 26,,,,,,I.G.I.M.S. PATNA,OBS & GYNAE,UR,Against UR Category Seat (Degree),All India - Round 1 - 2025.pdf
2025,PGMAC,1,2,DEGREE,25661002834,2511203000445,PG25138608,6355,RAUSHNI KUMARI,F,UR,GENERAL,UR(DEGREE)- 93,,,,UR(DIPLOMA)- 93,,,,,,,,D.M.C.LAHERIASARAI,OBS & GYNAE,UR,Against UR Category Seat (Degree) - Female,All India - Round 1 - 2025.pdf
2025,PGMAC,1,2,DEGREE,25661074907,2511203000456,PG25075236,6501,ADARSH KUMAR,M,UR,GENERAL,UR(DEGREE)- 94,,,,UR(DIPLOMA)- 94,,,,,,,,N.M.C. PATNA,Orthopaedics,UR,Against UR Category Seat (Degree),All India - Round 1 - 2025.pdf
2025,PGMAC,1,2,DEGREE,25661137502,2511203000995,PG25116789,6622,MD ZEESHAN ALI,M,EB,OBC,UR(DEGREE)- 98,EBC(DEGREE)- 27,,,UR(DIPLOMA)- 98,EBC(DIPLOMA)- 27,,,,,,,N.M.C. PATNA,Paediatrics,EBC,JUMP OVER ON EBC seat (Degree),All India - Round 1 - 2025.pdf
2025,PGMAC,1,2,DEGREE,25661230004,2511203000180,PG25168398,6714,KANHAIYA KUMAR SINGH,M,UR,EWS,UR(DEGREE)- 99,,,,UR(DIPLOMA)- 99,,,,,,,,J.L.N.M.C. BHAGALPUR,General Surgery,UR,Against UR Category Seat (Degree),All India - Round 1 - 2025.pdf
2025,PGMAC,1,2,DEGREE,25661205159,2511203000984,PG25072237,6763,JOLLY SANYA,F,EB,GENERAL,UR(DEGREE)- 101,EBC(DEGREE)- 28,RCG(DEGREE)- 27,,UR(DIPLOMA)- 101,EBC(DIPLOMA)- 28,RCG(DIPLOMA)- 27,,,,,,P.M.C.PATNA,Paediatrics,EBC,JUMP OVER ON EBC seat (Degree) - Female,All India - Round 1 - 2025.pdf
2025,PGMAC,1,2,DEGREE,25661073684,2511203000932,PG25106863,6789,AAKANKSHA VERMA,F,UR,GENERAL,UR(DEGREE)- 102,,,,UR(DIPLOMA)- 102,,,,,,,,N.M.C. PATNA,OBS & GYNAE,UR,Against UR Category Seat (Degree),All India - Round 1 - 2025.pdf
2025,PGMAC,1,2,DEGREE,25661059601,2511203000268,PG25144833,6948,ABHINAV ANAND,M,BC,GENERAL,UR(DEGREE)- 104,BC(DEGREE)- 34,,,UR(DIPLOMA)- 104,BC(DIPLOMA)- 34,,,,,,,N.M.C. PATNA,General Surgery,UR,Against UR Category Seat (Degree),All India - Round 1 - 2025.pdf
2025,PGMAC,1,2,DEGREE,25661026723,2511203000330,PG25201272,7036,AASTHA RANI,F,UR,GENERAL,UR(DEGREE)- 105,,,,UR(DIPLOMA)- 105,,,,,,,,J.L.N.M.C. BHAGALPUR,Paediatrics,UR,Against UR Category Seat (Degree),All India - Round 1 - 2025.pdf
2025,PGMAC,1,2,DEGREE,25661174162,2511203000832,PG25122822,7041,LAMIAH MARYAM,F,UR,GENERAL,UR(DEGREE)- 106,,,,UR(DIPLOMA)- 106,,,,,,,,D.M.C.LAHERIASARAI,OBS & GYNAE,UR,Against UR Category Seat (Degree) - Female,All India - Round 1 - 2025.pdf
2025,PGMAC,1,2,DEGREE,25661229877,2511203000708,PG25166354,7059,SHALINI SINHA,F,BC,OBC,UR(DEGREE)- 107,BC(DEGREE)- 35,RCG(DEGREE)- 29,,UR(DIPLOMA)- 107,BC(DIPLOMA)- 35,RCG(DIPLOMA)- 29,,,,,,N.M.C. PATNA,OBS & GYNAE,BC,JUMP OVER ON BC seat (Degree) - Female,All India - Round 1 - 2025.pdf
2025,PGMAC,1,2,DEGREE,25661015764,2511203000926,PG25087843,7168,SHRUTI,F,BC,GENERAL,UR(DEGREE)- 108,BC(DEGREE)- 36,RCG(DEGREE)- 30,,UR(DIPLOMA)- 108,BC(DIPLOMA)- 36,RCG(DIPLOMA)- 30,,,,,,N.M.C. PATNA,OBS & GYNAE,RCG,JUMP OVER ON RCG seat (Degree),All India - Round 1 - 2025.pdf
2025,PGMAC,1,2,DEGREE,25661211444,2511203000109,PG25101169,7219,TAHREEM ASLAM,F,BC,GENERAL,UR(DEGREE)- 109,BC(DEGREE)- 37,RCG(DEGREE)- 31,,UR(DIPLOMA)- 109,BC(DIPLOMA)- 37,RCG(DIPLOMA)- 31,,,,,,D.M.C.LAHERIASARAI,OBS & GYNAE,UR,Against UR Category Seat (Degree),All India - Round 1 - 2025.pdf
2025,PGMAC,1,2,DEGREE,25661097648,2511203001746,PG25183204,7220,EHTESHAM ALAM,M,UR,EWS,UR(DEGREE)- 110,,,,UR(DIPLOMA)- 110,,,,,,,,D.M.C.LAHERIASARAI,Orthopaedics,UR,Against UR Category Seat (Degree),All India - Round 1 - 2025.pdf
2025,PGMAC,1,2,DEGREE,25661202981,2511203001243,PG25136384,7390,AKSHITA SHARMA,F,UR,GENERAL,UR(DEGREE)- 115,,,,UR(DIPLOMA)- 115,,,,,,,,J.L.N.M.C. BHAGALPUR,OBS & GYNAE,UR,Against UR Category Seat (Degree),All India - Round 1 - 2025.pdf
2025,PGMAC,1,2,DEGREE,25661074556,2511203000353,PG25052993,7478,MANISH KUMAR MEHTA,M,BC,OBC,UR(DEGREE)- 116,BC(DEGREE)- 41,,,UR(DIPLOMA)- 116,BC(DIPLOMA)- 41,,,,,,,N.M.C. PATNA,General Surgery,UR,Against UR Category Seat (Degree),All India - Round 1 - 2025.pdf
2025,PGMAC,1,2,DEGREE,25661082939,2511203001716,PG25050826,7485,DIVYANSHU KUMAR VERMA,M,BC,OBC,UR(DEGREE)- 117,BC(DEGREE)- 42,,,UR(DIPLOMA)- 117,BC(DIPLOMA)- 42,,,,,,,N.M.C. PATNA,Orthopaedics,BC,JUMP OVER ON BC seat (Degree),All India - Round 1 - 2025.pdf
2025,PGMAC,1,2,DEGREE,25661136699,2511203000198,PG25085763,7628,ANU KUMARI,F,BC,OBC,UR(DEGREE)- 118,BC(DEGREE)- 43,RCG(DEGREE)- 33,,UR(DIPLOMA)- 118,BC(DIPLOMA)- 43,RCG(DIPLOMA)- 33,,,,,,D.M.C.LAHERIASARAI,OBS & GYNAE,UR,Against UR Category Seat (Degree),All India - Round 1 - 2025.pdf
2025,PGMAC,1,2,DEGREE,25661107845,2511203000921,PG25147413,7629,PANVEE NARAYAN,F,BC,OBC,UR(DEGREE)- 119,BC(DEGREE)- 44,RCG(DEGREE)- 34,,UR(DIPLOMA)- 119,BC(DIPLOMA)- 44,RCG(DIPLOMA)- 34,,,,,,D.M.C.LAHERIASARAI,OBS & GYNAE,BC,JUMP OVER ON BC seat (Degree),All India - Round 1 - 2025.pdf
2025,PGMAC,1,2,DEGREE,25661219413,2511203001007,PG25100687,7687,APURVA,F,UR,GENERAL,UR(DEGREE)- 121,,,,UR(DIPLOMA)- 121,,,,,,,,P.M.C.PATNA,General Surgery,UR,Against UR Category Seat (Degree) - Female,All India - Round 1 - 2025.pdf
2025,PGMAC,1,2,DEGREE,25661008389,2511203000141,PG25125156,7779,SUDHANSHU SHEKHAR JHA,M,EW,EWS,UR(DEGREE)- 122,EWS(DEGREE)- 20,,,UR(DIPLOMA)- 122,EWS(DIPLOMA)- 20,,,,,,,N.M.C. PATNA,Paediatrics,EWS,JUMP OVER ON EWS seat (Degree),All India - Round 1 - 2025.pdf
2025,PGMAC,1,2,DEGREE,25661096613,2511203001124,PG25078248,7797,RITIKA RANJAN,F,UR,GENERAL,UR(DEGREE)- 124,,,,UR(DIPLOMA)- 124,,,,,,,,S.K.M.C. MUZAFFARPUR,OBS & GYNAE,UR,Against UR Category Seat (Degree) - Female,All India - Round 1 - 2025.pdf
2025,PGMAC,1,2,DEGREE,25661206273,2511203000853,PG25107459,7869,AADESH JAISWAL,M,BC,OBC,UR(DEGREE)- 125,BC(DEGREE)- 46,,,UR(DIPLOMA)- 125,BC(DIPLOMA)- 46,,,,,,,D.M.C.LAHERIASARAI,General Surgery,UR,Against UR Category Seat (Degree),All India - Round 1 - 2025.pdf
2025,PGMAC,1,2,DEGREE,25661217791,2511203000003,PG25162539,7926,PIYUSH RAJ,M,UR,GENERAL,UR(DEGREE)- 126,,,,UR(DIPLOMA)- 126,,,,,,,,"G.M.C., BETTIAH",Paediatrics,UR,Against UR Category Seat (Degree),All India - Round 1 - 2025.pdf
2025,PGMAC,1,2,DEGREE,25661161453,2511203000462,PG25133712,7936,DEEPALI SINGH,F,EW,EWS,UR(DEGREE)- 127,EWS(DEGREE)- 21,,,UR(DIPLOMA)- 127,EWS(DIPLOMA)- 21,,,,,,,N.M.C. PATNA,OBS & GYNAE,EWS,JUMP OVER ON EWS seat (Degree),All India - Round 1 - 2025.pdf
2025,PGMAC,1,2,DEGREE,25661028518,2511203000822,PG25112102,7961,KUNAL JHA,M,UR,GENERAL,UR(DEGREE)- 128,,,,UR(DIPLOMA)- 128,,,,,,,,D.M.C.LAHERIASARAI,General Surgery,UR,Against UR Category Seat (Degree),All India - Round 1 - 2025.pdf
2025,PGMAC,1,2,DEGREE,25661181799,2511203001646,PG25168858,8039,KUMAR SUNDARAM,M,EW,EWS,UR(DEGREE)- 129,EWS(DEGREE)- 22,,,UR(DIPLOMA)- 129,EWS(DIPLOMA)- 22,,,,,,,S.K.M.C. MUZAFFARPUR,Paediatrics,UR,Against UR Category Seat (Degree),All India - Round 1 - 2025.pdf
2025,PGMAC,1,2,DEGREE,25661144201,2511203000899,PG25076463,8153,SNEHA PATEL,F,BC,OBC,UR(DEGREE)- 130,BC(DEGREE)- 47,RCG(DEGREE)- 36,,UR(DIPLOMA)- 130,BC(DIPLOMA)- 47,RCG(DIPLOMA)- 36,,,,,,S.K.M.C. MUZAFFARPUR,OBS & GYNAE,BC,JUMP OVER ON BC seat (Degree) - Female,All India - Round 1 - 2025.pdf
2025,PGMAC,1,2,DEGREE,25661014549,2511203000660,PG25228690,8242,GARIMA RANI,F,BC,OBC,UR(DEGREE)- 132,BC(DEGREE)- 49,RCG(DEGREE)- 37,,UR(DIPLOMA)- 132,BC(DIPLOMA)- 49,RCG(DIPLOMA)- 37,,,,,,A.N.M.M.C. GAYA,OBS & GYNAE,UR,Against UR Category Seat (Degree),All India - Round 1 - 2025.pdf
2025,PGMAC,1,2,DEGREE,25661059940,2511203001061,PG25141544,8251,MOHAMMAD NAZIM ANSARI,M,EB,OBC,UR(DEGREE)- 133,EBC(DEGREE)- 30,,,UR(DIPLOMA)- 133,EBC(DIPLOMA)- 30,,,,,,,S.K.M.C. MUZAFFARPUR,Paediatrics,EBC,JUMP OVER ON EBC seat (Degree),All India - Round 1 - 2025.pdf
2025,PGMAC,1,2,DEGREE,25661039815,2511203000577,PG25178649,8354,SAFIYA RIZWAN,F,UR,GENERAL,UR(DEGREE)- 134,,,,UR(DIPLOMA)- 134,,,,,,,,N.M.C. PATNA,General Surgery,UR,Against UR Category Seat (Degree) - Female,All India - Round 1 - 2025.pdf
2025,PGMAC,1,2,DEGREE,25661102643,2511203001463,PG25099551,8410,SHREYA SHREE,F,EB,OBC,UR(DEGREE)- 135,EBC(DEGREE)- 31,RCG(DEGREE)- 38,,UR(DIPLOMA)- 135,EBC(DIPLOMA)- 31,RCG(DIPLOMA)- 38,,,,,,D.M.C.LAHERIASARAI,Paediatrics,EBC,JUMP OVER ON EBC seat (Degree),All India - Round 1 - 2025.pdf
2025,PGMAC,1,2,DEGREE,25661155378,2511203000107,PG25076378,8415,TEJASWI,M,EB,OBC,UR(DEGREE)- 136,EBC(DEGREE)- 32,,,UR(DIPLOMA)- 136,EBC(DIPLOMA)- 32,,,,,,,P.M.C.PATNA,General Surgery,EBC,JUMP OVER ON EBC seat (Degree),All India - Round 1 - 2025.pdf
2025,PGMAC,1,2,DEGREE,25661055706,2511203000172,PG25119852,8462,MD SAIF,M,EB,OBC,UR(DEGREE)- 137,EBC(DEGREE)- 33,,,UR(DIPLOMA)- 137,EBC(DIPLOMA)- 33,,,,,,,D.M.C.LAHERIASARAI,General Surgery,EBC,JUMP OVER ON EBC seat (Degree),All India - Round 1 - 2025.pdf
2025,PGMAC,1,3,DEGREE,25661183701,2511203001320,PG25135605,8680,ROOHI KHATUN,F,EB,OBC,UR(DEGREE)- 140,EBC(DEGREE)- 34,RCG(DEGREE)- 40,,UR(DIPLOMA)- 140,EBC(DIPLOMA)- 34,RCG(DIPLOMA)- 40,,,,,,N.M.C. PATNA,OBS & GYNAE,EBC,JUMP OVER ON EBC seat (Degree) - Female,All India - Round 1 - 2025.pdf
2025,PGMAC,1,3,DNB DEGREE,25661108205,2511203001154,PG25064769,8681,MOHD FAIZ ANSARI,M,EB,OBC,UR(DEGREE)- 141,EBC(DEGREE)- 35,,,UR(DIPLOMA)- 141,EBC(DIPLOMA)- 35,,,,,,,S.K.M.C. MUZAFFARPUR,Paediatrics,UR,Against UR Category Seat (DNB-Degree),All India - Round 1 - 2025.pdf
2025,PGMAC,1,3,DEGREE,25661128018,2511203001272,PG25121577,8726,ANKIT KUMAR,M,BC,OBC,UR(DEGREE)- 142,BC(DEGREE)- 52,,,UR(DIPLOMA)- 142,BC(DIPLOMA)- 52,,,,,,,J.L.N.M.C. BHAGALPUR,Orthopaedics,UR,Against UR Category Seat (Degree),All India - Round 1 - 2025.pdf
2025,PGMAC,1,3,DEGREE,25661027847,2511203000311,PG25011193,8764,SAURABH PRADHAN,M,BC,GENERAL,UR(DEGREE)- 144,BC(DEGREE)- 53,,,UR(DIPLOMA)- 144,BC(DIPLOMA)- 53,,,,,,,N.M.C. PATNA,General Surgery,BC,JUMP OVER ON BC seat (Degree),All India - Round 1 - 2025.pdf
2025,PGMAC,1,3,DEGREE,25661236466,2511203000005,PG25142667,8828,SATYAM KUMAR,M,EW,EWS,UR(DEGREE)- 145,EWS(DEGREE)- 23,,,UR(DIPLOMA)- 145,EWS(DIPLOMA)- 23,,,,,,,D.M.C.LAHERIASARAI,Orthopaedics,EWS,JUMP OVER ON EWS seat (Degree),All India - Round 1 - 2025.pdf
2025,PGMAC,1,3,DEGREE,25661166857,2511203000429,PG25102215,8904,JIGYASA RANJAN,F,BC,GENERAL,UR(DEGREE)- 147,BC(DEGREE)- 54,RCG(DEGREE)- 41,,UR(DIPLOMA)- 147,BC(DIPLOMA)- 54,RCG(DIPLOMA)- 41,,,,,,J.L.N.M.C. BHAGALPUR,General Medicine,RCG,JUMP OVER ON RCG seat (Degree),All India - Round 1 - 2025.pdf
2025,PGMAC,1,3,DEGREE,25661116277,2511203000677,PG25151776,8944,MANISH KUMAR,M,BC,OBC,UR(DEGREE)- 148,BC(DEGREE)- 55,,,UR(DIPLOMA)- 148,BC(DIPLOMA)- 55,,,,,,,J.L.N.M.C. BHAGALPUR,General Surgery,BC,JUMP OVER ON BC seat (Degree),All India - Round 1 - 2025.pdf
2025,PGMAC,1,3,DEGREE,25661220072,2511203001280,PG25190247,9076,RISHAV KUMAR,M,BC,OBC,UR(DEGREE)- 149,BC(DEGREE)- 56,,,UR(DIPLOMA)- 149,BC(DIPLOMA)- 56,,,,,,,A.N.M.M.C. GAYA,Paediatrics,BC,JUMP OVER ON BC seat (Degree),All India - Round 1 - 2025.pdf
2025,PGMAC,1,3,DEGREE,25661071107,2511203002089,PG25146858,9138,KUMAR SAMBHAV,M,EW,EWS,UR(DEGREE)- 150,EWS(DEGREE)- 25,,,UR(DIPLOMA)- 150,EWS(DIPLOMA)- 25,,,,,,,P.M.C.PATNA,General Surgery,EWS,JUMP OVER ON EWS seat (Degree),All India - Round 1 - 2025.pdf
2025,PGMAC,1,3,DNB DEGREE,25661037865,2511203000518,PG25118679,9169,AMARTY VATS,M,EW,EWS,UR(DEGREE)- 152,EWS(DEGREE)- 26,,,UR(DIPLOMA)- 152,EWS(DIPLOMA)- 26,,,,,,,S.K.M.C. MUZAFFARPUR,Paediatrics,EWS,JUMP OVER ON EWS seat (DNB-Degree),All India - Round 1 - 2025.pdf
2025,PGMAC,1,3,DEGREE,25661032414,2511203000183,PG25092176,9190,SALONI KUMARI,F,EB,OBC,UR(DEGREE)- 153,EBC(DEGREE)- 36,RCG(DEGREE)- 42,,UR(DIPLOMA)- 153,EBC(DIPLOMA)- 36,RCG(DIPLOMA)- 42,,,,,,A.N.M.M.C. GAYA,OBS & GYNAE,RCG,JUMP OVER ON RCG seat (Degree),All India - Round 1 - 2025.pdf
2025,PGMAC,1,3,DEGREE,25661114900,2511203000413,PG25184733,9314,MANMOHAN KUMAR,M,EW,EWS,UR(DEGREE)- 154,EWS(DEGREE)- 27,,,UR(DIPLOMA)- 154,EWS(DIPLOMA)- 27,,,,,,,N.M.C. PATNA,General Surgery,EWS,JUMP OVER ON EWS seat (Degree),All India - Round 1 - 2025.pdf
2025,PGMAC,1,3,DNB DEGREE,25661030737,2511203000774,PG25081049,9389,APOORVA VAISHNAVI,F,BC,GENERAL,UR(DEGREE)- 156,BC(DEGREE)- 58,RCG(DEGREE)- 44,,UR(DIPLOMA)- 156,BC(DIPLOMA)- 58,RCG(DIPLOMA)- 44,,,,,,S.K.M.C. MUZAFFARPUR,Paediatrics,BC,JUMP OVER ON BC seat (DNB-Degree),All India - Round 1 - 2025.pdf
2025,PGMAC,1,3,DEGREE,25661102193,2511203002011,PG25115123,9456,ANJALI KUMARI,F,UR,GENERAL,UR(DEGREE)- 157,,,,UR(DIPLOMA)- 157,,,,,,,,I.G.I.M.S. PATNA,RADIO ONCOLOGY,UR,Against UR Category Seat (Degree),All India - Round 1 - 2025.pdf
2025,PGMAC,1,3,DEGREE,25661061821,2511203000537,PG25075250,9674,ANJALI KUMARI,F,EB,OBC,UR(DEGREE)- 158,EBC(DEGREE)- 37,RCG(DEGREE)- 45,,UR(DIPLOMA)- 158,EBC(DIPLOMA)- 37,RCG(DIPLOMA)- 45,,,,,,I.G.I.M.S. PATNA,OBS & GYNAE,EBC,JUMP OVER ON EBC seat (Degree),All India - Round 1 - 2025.pdf
2025,PGMAC,1,3,DEGREE,25661083467,2511203000946,PG25188969,9677,ANKITA ANAND,F,SC,SC,UR(DEGREE)- 159,SC(DEGREE)- 1,RCG(DEGREE)- 46,,UR(DIPLOMA)- 159,SC(DIPLOMA)- 1,RCG(DIPLOMA)- 46,,,,,,P.M.C.PATNA,Radiodiagnosis,SC,JUMP OVER ON SC seat (Degree) - Female,All India - Round 1 - 2025.pdf
2025,PGMAC,1,3,DEGREE,25661076208,2511203000640,PG25115876,9740,ARVIND KUMAR,M,SC,SC,UR(DEGREE)- 160,SC(DEGREE)- 2,,,UR(DIPLOMA)- 160,SC(DIPLOMA)- 2,,,,,,,P.M.C.PATNA,General Medicine,SC,JUMP OVER ON SC seat (Degree),All India - Round 1 - 2025.pdf
2025,PGMAC,1,3,DEGREE,25661143468,2511203000806,PG25154833,9910,SUMIT TIWARI,M,EW,EWS,UR(DEGREE)- 163,EWS(DEGREE)- 28,,,UR(DIPLOMA)- 163,EWS(DIPLOMA)- 28,,,,,,,S.K.M.C. MUZAFFARPUR,General Surgery,UR,Against UR Category Seat (Degree),All India - Round 1 - 2025.pdf
2025,PGMAC,1,3,DEGREE,25661115602,2511203000779,PG25064697,9944,MD SALMAN HAIDER,M,EB,OBC,UR(DEGREE)- 164,EBC(DEGREE)- 38,,,UR(DIPLOMA)- 164,EBC(DIPLOMA)- 38,,,,,,,I.G.I.M.S. PATNA,General Surgery,EBC,JUMP OVER ON EBC seat (Degree),All India - Round 1 - 2025.pdf
2025,PGMAC,1,3,DEGREE,25661071581,2511203000396,PG25054864,10123,NAVIN KUMAR CHAUHAN,M,EB,OBC,UR(DEGREE)- 167,EBC(DEGREE)- 39,,,UR(DIPLOMA)- 167,EBC(DIPLOMA)- 39,,,,,,,I.G.I.M.S. PATNA,Orthopaedics,EBC,JUMP OVER ON EBC seat (Degree),All India - Round 1 - 2025.pdf
2025,PGMAC,1,3,DEGREE,25661230839,2511203001020,PG25093317,10191,NEHA KUMARI,F,BC,OBC,UR(DEGREE)- 172,BC(DEGREE)- 61,RCG(DEGREE)- 47,,UR(DIPLOMA)- 172,BC(DIPLOMA)- 61,RCG(DIPLOMA)- 47,,,,,,A.N.M.M.C. GAYA,OBS & GYNAE,BC,JUMP OVER ON BC seat (Degree),All India - Round 1 - 2025.pdf
2025,PGMAC,1,3,DEGREE,25661073665,2511203000791,PG25206027,10207,ABHISHEK GOYAL,M,EB,OBC,UR(DEGREE)- 174,EBC(DEGREE)- 40,,,UR(DIPLOMA)- 174,EBC(DIPLOMA)- 40,,,,,,,A.N.M.M.C. GAYA,General Surgery,EBC,Compensation Seat EBC Against UR (Degree),All India - Round 1 - 2025.pdf
2025,PGMAC,1,3,DEGREE,25661006978,2511203001736,PG25202333,10297,SWATI SUMAN,F,BC,OBC,UR(DEGREE)- 175,BC(DEGREE)- 62,RCG(DEGREE)- 48,,UR(DIPLOMA)- 175,BC(DIPLOMA)- 62,RCG(DIPLOMA)- 48,,,,,,I.G.I.M.S. PATNA,RESPIRATORY MEDICINE,UR,Against UR Category Seat (Degree) - Female,All India - Round 1 - 2025.pdf
2025,PGMAC,1,3,DEGREE,25661064325,2511203000157,PG25137833,10395,JYOTI KUMARI,F,UR,GENERAL,UR(DEGREE)- 178,,,,UR(DIPLOMA)- 178,,,,,,,,A.N.M.M.C. GAYA,Paediatrics,UR,Against UR Category Seat (Degree) - Female,All India - Round 1 - 2025.pdf
2025,PGMAC,1,3,DEGREE,25661163159,2511203000837,PG25061413,10588,KHALID MINHAJ,M,EB,OBC,UR(DEGREE)- 181,EBC(DEGREE)- 43,,,UR(DIPLOMA)- 181,EBC(DIPLOMA)- 43,,,,,,,"B.M.I.M.S,PAWAPURI, NALANDA",General Surgery,EBC,Compensation Seat EBC Against UR (Degree),All India - Round 1 - 2025.pdf
2025,PGMAC,1,3,DEGREE,25661067622,2511203000304,PG25072575,10635,RIYA KUMARI,F,EB,OBC,UR(DEGREE)- 182,EBC(DEGREE)- 44,RCG(DEGREE)- 49,,UR(DIPLOMA)- 182,EBC(DIPLOMA)- 44,RCG(DIPLOMA)- 49,,,,,,D.M.C.LAHERIASARAI,OBS & GYNAE,EBC,JUMP OVER ON EBC seat (Degree) - Female,All India - Round 1 - 2025.pdf
2025,PGMAC,1,3,DEGREE,25661030021,2511203000882,PG25108547,10680,SMRITI BARNWAL,F,BC,GENERAL,UR(DEGREE)- 184,BC(DEGREE)- 63,RCG(DEGREE)- 50,,UR(DIPLOMA)- 184,BC(DIPLOMA)- 63,RCG(DIPLOMA)- 50,,,,,,D.M.C.LAHERIASARAI,Paediatrics,RCG,Against RCG Category Seat (Degree),All India - Round 1 - 2025.pdf
2025,PGMAC,1,3,DEGREE,25661223855,2511203001387,PG25074216,10689,JANAVI RISHU,F,BC,GENERAL,UR(DEGREE)- 186,BC(DEGREE)- 64,RCG(DEGREE)- 52,,UR(DIPLOMA)- 186,BC(DIPLOMA)- 64,RCG(DIPLOMA)- 52,,,,,,I.G.I.M.S. PATNA,General Surgery,RCG,Against RCG Category Seat (Degree),All India - Round 1 - 2025.pdf
2025,PGMAC,1,3,DEGREE,25661090090,2511203000799,PG25107946,10964,ARCHANA PATHAK,F,UR,GENERAL,UR(DEGREE)- 188,,,,UR(DIPLOMA)- 188,,,,,,,,I.G.I.M.S. PATNA,Anaesthesiology,UR,Against UR Category Seat (Degree) - Female,All India - Round 1 - 2025.pdf
2025,PGMAC,1,3,DEGREE,25661009273,2511203001136,PG25113253,11111,ANJALI MISHRA,F,EW,EWS,UR(DEGREE)- 191,EWS(DEGREE)- 34,,,UR(DIPLOMA)- 191,EWS(DIPLOMA)- 34,,,,,,,D.M.C.LAHERIASARAI,OBS & GYNAE,EWS,Against EWS Category Seat (Degree),All India - Round 1 - 2025.pdf
2025,PGMAC,1,3,DEGREE,25661074411,2511203000305,PG25134372,11122,PREETI CHAUDHARY,F,SC,SC,UR(DEGREE)- 192,SC(DEGREE)- 3,RCG(DEGREE)- 53,,UR(DIPLOMA)- 192,SC(DIPLOMA)- 3,RCG(DIPLOMA)- 53,,,,,,N.M.C. PATNA,DERMATOLOGY,SC,Against SC Category Seat (Degree),All India - Round 1 - 2025.pdf
2025,PGMAC,1,3,DEGREE,25661115540,2511203001155,PG25136599,11130,RITIKA RAJ,F,EB,GENERAL,UR(DEGREE)- 193,EBC(DEGREE)- 48,RCG(DEGREE)- 54,,UR(DIPLOMA)- 193,EBC(DIPLOMA)- 48,RCG(DIPLOMA)- 54,,,,,,J.L.N.M.C. BHAGALPUR,Paediatrics,EBC,JUMP OVER ON EBC seat (Degree) - Female,All India - Round 1 - 2025.pdf
2025,PGMAC,1,3,DEGREE,25661148561,2511203000684,PG25024931,11136,PRIYA SINGH,F,EW,EWS,UR(DEGREE)- 195,EWS(DEGREE)- 35,,,UR(DIPLOMA)- 195,EWS(DIPLOMA)- 35,,,,,,,S.K.M.C. MUZAFFARPUR,OBS & GYNAE,EWS,Against EWS Category Seat (Degree),All India - Round 1 - 2025.pdf
2025,PGMAC,1,3,DEGREE,25661111640,2511203000344,PG25139700,11207,MOUSHAM KUMARI,F,EB,OBC,UR(DEGREE)- 198,EBC(DEGREE)- 49,RCG(DEGREE)- 55,,UR(DIPLOMA)- 198,EBC(DIPLOMA)- 49,RCG(DIPLOMA)- 55,,,,,,D.M.C.LAHERIASARAI,OBS & GYNAE,EBC,Against EBC Category Seat (Degree),All India - Round 1 - 2025.pdf
2025,PGMAC,1,3,DEGREE,25661064729,2511203000879,PG25199500,11329,DIVYASHRI,F,UR,GENERAL,UR(DEGREE)- 200,,,,UR(DIPLOMA)- 200,,,,,,,,S.K.M.C. MUZAFFARPUR,General Surgery,UR,Against UR Category Seat (Degree) - Female,All India - Round 1 - 2025.pdf
2025,PGMAC,1,3,DEGREE,25661094232,2511203001526,PG25100970,11421,RAJ RANJAN,M,BC,OBC,UR(DEGREE)- 201,BC(DEGREE)- 67,,,UR(DIPLOMA)- 201,BC(DIPLOMA)- 67,,,,,,,"B.M.I.M.S,PAWAPURI, NALANDA",General Surgery,BC,Against BC Category Seat (Degree),All India - Round 1 - 2025.pdf
2025,PGMAC,1,3,DEGREE,25661186495,2511203000562,PG25180883,11531,MAHRUKH FATIMA,F,EW,EWS,UR(DEGREE)- 206,EWS(DEGREE)- 37,,,UR(DIPLOMA)- 206,EWS(DIPLOMA)- 37,,,,,,,J.L.N.M.C. BHAGALPUR,Paediatrics,EWS,JUMP OVER ON EWS seat (Degree) - Female,All India - Round 1 - 2025.pdf
2025,PGMAC,1,3,DEGREE,25661143776,2511203000235,PG25104824,11667,NANDINI RAJ,F,SC,SC,UR(DEGREE)- 211,SC(DEGREE)- 4,RCG(DEGREE)- 56,,UR(DIPLOMA)- 211,SC(DIPLOMA)- 4,RCG(DIPLOMA)- 56,,,,,,P.M.C.PATNA,OBS & GYNAE,SC,JUMP OVER ON SC seat (Degree) - Female,All India - Round 1 - 2025.pdf
2025,PGMAC,1,3,DEGREE,25661162040,2511203000496,PG25116076,11671,KUMAR SAURAV,M,SC,SC,UR(DEGREE)- 212,SC(DEGREE)- 5,,,UR(DIPLOMA)- 212,SC(DIPLOMA)- 5,,,,,,,D.M.C.LAHERIASARAI,Radiodiagnosis,SC,Against SC Category Seat (Degree),All India - Round 1 - 2025.pdf
2025,PGMAC,1,3,DEGREE,25661158969,2511203000321,PG25141645,11689,RITU KUMARI,F,EW,EWS,UR(DEGREE)- 213,EWS(DEGREE)- 40,,,UR(DIPLOMA)- 213,EWS(DIPLOMA)- 40,,,,,,,D.M.C.LAHERIASARAI,General Surgery,UR,Against UR Category Seat (Degree) - Female,All India - Round 1 - 2025.pdf
2025,PGMAC,1,3,DEGREE,25661188815,2511203001123,PG25154429,11950,JIMMY,F,EW,EWS,UR(DEGREE)- 215,EWS(DEGREE)- 42,,,UR(DIPLOMA)- 215,EWS(DIPLOMA)- 42,,,,,,,J.L.N.M.C. BHAGALPUR,RESPIRATORY MEDICINE,EWS,Against EWS Category Seat (Degree),All India - Round 1 - 2025.pdf
2025,PGMAC,1,3,DEGREE,25661070601,2511203000956,PG25190803,12023,SANDHYA RAJ,F,EB,OBC,UR(DEGREE)- 218,EBC(DEGREE)- 52,RCG(DEGREE)- 57,,UR(DIPLOMA)- 218,EBC(DIPLOMA)- 52,RCG(DIPLOMA)- 57,,,,,,D.M.C.LAHERIASARAI,General Surgery,EBC,JUMP OVER ON EBC seat (Degree) - Female,All India - Round 1 - 2025.pdf
2025,PGMAC,1,3,DEGREE,25661173742,2511203000630,PG25141751,12056,SATYAM KUMAR,M,BC,OBC,UR(DEGREE)- 219,BC(DEGREE)- 71,,,UR(DIPLOMA)- 219,BC(DIPLOMA)- 71,,,,,,,I.G.I.M.S. PATNA,Anaesthesiology,BC,Against BC Category Seat (Degree),All India - Round 1 - 2025.pdf
2025,PGMAC,1,3,DEGREE,25661031509,2511203001208,PG25125299,12072,RAJESH KUMAR,M,SC,SC,UR(DEGREE)- 221,SC(DEGREE)- 6,,,UR(DIPLOMA)- 221,SC(DIPLOMA)- 6,,,,,,,P.M.C.PATNA,Paediatrics,SC,Against SC Category Seat (Degree),All India - Round 1 - 2025.pdf
2025,PGMAC,1,3,DEGREE,25661035160,2511203001119,PG25121195,12091,RICHA KUMARI,F,BC,OBC,UR(DEGREE)- 223,BC(DEGREE)- 73,RCG(DEGREE)- 58,,UR(DIPLOMA)- 223,BC(DIPLOMA)- 73,RCG(DIPLOMA)- 58,,,,,,J.L.N.M.C. BHAGALPUR,Psychiatry,BC,Against BC Category Seat (Degree),All India - Round 1 - 2025.pdf
2025,PGMAC,1,3,DEGREE,25661143884,2511203001146,PG25165923,12376,NEHA KUMARI,F,BC,OBC,UR(DEGREE)- 230,BC(DEGREE)- 77,RCG(DEGREE)- 59,,UR(DIPLOMA)- 230,BC(DIPLOMA)- 77,RCG(DIPLOMA)- 59,,,,,,D.M.C.LAHERIASARAI,General Surgery,BC,JUMP OVER ON BC seat (Degree) - Female,All India - Round 1 - 2025.pdf
2025,PGMAC,1,3,DEGREE,25661067258,2511203000272,PG25197802,12425,CHANDRAMOHAN KUMAR,M,BC,OBC,UR(DEGREE)- 232,BC(DEGREE)- 78,,,UR(DIPLOMA)- 232,BC(DIPLOMA)- 78,,,,,,,P.M.C.PATNA,Anaesthesiology,BC,Against BC Category Seat (Degree),All India - Round 1 - 2025.pdf
2025,PGMAC,1,3,DEGREE,25661145386,2511203001073,PG25120870,12564,RANI JYOTIRMAYEE,F,UR,GENERAL,UR(DEGREE)- 235,,,,UR(DIPLOMA)- 235,,,,,,,,J.L.N.M.C. BHAGALPUR,General Surgery,UR,Against UR Category Seat (Degree) - Female,All India - Round 1 - 2025.pdf
2025,PGMAC,1,3,DEGREE,25661111452,2511203000337,PG25152742,12632,RAJNANDINI KUMARI,F,EW,EWS,UR(DEGREE)- 236,EWS(DEGREE)- 49,,,UR(DIPLOMA)- 236,EWS(DIPLOMA)- 49,,,,,,,D.M.C.LAHERIASARAI,General Surgery,EWS,JUMP OVER ON EWS seat (Degree) - Female,All India - Round 1 - 2025.pdf
2025,PGMAC,1,3,DEGREE,25661182362,2511203000877,PG25082464,12777,DEEPTI PRAVA,F,EB,OBC,UR(DEGREE)- 241,EBC(DEGREE)- 54,RCG(DEGREE)- 60,,UR(DIPLOMA)- 241,EBC(DIPLOMA)- 54,RCG(DIPLOMA)- 60,,,,,,D.M.C.LAHERIASARAI,General Medicine,EBC,JUMP OVER ON EBC seat (Degree) - Female,All India - Round 1 - 2025.pdf
2025,PGMAC,1,3,DEGREE,25661106266,2511203000776,PG25157750,12792,MEENU KUMARI,F,EW,EWS,UR(DEGREE)- 243,EWS(DEGREE)- 51,,,UR(DIPLOMA)- 243,EWS(DIPLOMA)- 51,,,,,,,I.G.I.M.S. PATNA,Anaesthesiology,EWS,JUMP OVER ON EWS seat (Degree) - Female,All India - Round 1 - 2025.pdf
2025,PGMAC,1,3,DEGREE,25661058977,2511203000766,PG25162723,12929,AIRAM KHATOON,F,EB,OBC,UR(DEGREE)- 249,EBC(DEGREE)- 56,RCG(DEGREE)- 61,,UR(DIPLOMA)- 249,EBC(DIPLOMA)- 56,RCG(DIPLOMA)- 61,,,,,,S.K.M.C. MUZAFFARPUR,General Medicine,EBC,JUMP OVER ON EBC seat (Degree) - Female,All India - Round 1 - 2025.pdf
2025,PGMAC,1,3,DEGREE,25661188711,2511203002072,PG25192251,12977,PUSHPAM KUMARI,F,UR,GENERAL,UR(DEGREE)- 250,,,,UR(DIPLOMA)- 250,,,,,,,,P.M.C.PATNA,Anaesthesiology,UR,Against UR Category Seat (Degree) - Female,All India - Round 1 - 2025.pdf
2025,PGMAC,1,3,DEGREE,25661053214,2511203001170,PG25146074,13131,ANUSHKA KUMARI,F,EB,OBC,UR(DEGREE)- 256,EBC(DEGREE)- 58,RCG(DEGREE)- 62,,UR(DIPLOMA)- 256,EBC(DIPLOMA)- 58,RCG(DIPLOMA)- 62,,,,,,"G.M.C., BETTIAH",OBS & GYNAE,EBC,Against EBC Category Seat (Degree),All India - Round 1 - 2025.pdf
2025,PGMAC,1,3,DEGREE,25661040991,2511203001391,PG25146635,13255,PRITY PALLAVI,F,EB,OBC,UR(DEGREE)- 258,EBC(DEGREE)- 60,RCG(DEGREE)- 63,,UR(DIPLOMA)- 258,EBC(DIPLOMA)- 60,RCG(DIPLOMA)- 63,,,,,,I.G.I.M.S. PATNA,Anaesthesiology,EBC,JUMP OVER ON EBC seat (Degree) - Female,All India - Round 1 - 2025.pdf
2025,PGMAC,1,3,DEGREE,25661180277,2511203000365,PG25140888,13599,TWINKLE SINHA,F,BC,OBC,UR(DEGREE)- 270,BC(DEGREE)- 85,RCG(DEGREE)- 66,,UR(DIPLOMA)- 270,BC(DIPLOMA)- 85,RCG(DIPLOMA)- 66,,,,,,P.M.C.PATNA,OPHTHALMOLOGY,BC,Against BC Category Seat (Degree) - Female,All India - Round 1 - 2025.pdf
2025,PGMAC,1,4,DEGREE,25661029763,2511203000902,PG25127189,14458,SHRADDHA SINGH,F,BC,OBC,UR(DEGREE)- 283,BC(DEGREE)- 92,RCG(DEGREE)- 71,,UR(DIPLOMA)- 283,BC(DIPLOMA)- 92,RCG(DIPLOMA)- 71,,,,,,I.G.I.M.S. PATNA,Anaesthesiology,RCG,Against RCG Category Seat (Degree),All India - Round 1 - 2025.pdf
2025,PGMAC,1,4,DEGREE,25661193505,2511203000808,PG25121483,14472,GARIMA ANAND,F,EB,OBC,UR(DEGREE)- 284,EBC(DEGREE)- 67,RCG(DEGREE)- 72,,UR(DIPLOMA)- 284,EBC(DIPLOMA)- 67,RCG(DIPLOMA)- 72,,,,,,P.M.C.PATNA,Psychiatry,EBC,Against EBC Category Seat (Degree) - Female,All India - Round 1 - 2025.pdf
2025,PGMAC,1,4,DEGREE,25661116309,2511203000654,PG25231246,14683,APARNA ANAND,F,EW,EWS,UR(DEGREE)- 292,EWS(DEGREE)- 61,,,UR(DIPLOMA)- 292,EWS(DIPLOMA)- 61,,,,,,,I.G.I.M.S. PATNA,Psychiatry,EWS,Against EWS Category Seat (Degree) - Female,All India - Round 1 - 2025.pdf
2025,PGMAC,1,4,DEGREE,25661099049,2511203001092,PG25002097,15009,MINAL SINGH,F,BC,OBC,UR(DEGREE)- 296,BC(DEGREE)- 97,RCG(DEGREE)- 76,,UR(DIPLOMA)- 296,BC(DIPLOMA)- 97,RCG(DIPLOMA)- 76,,,,,,A.N.M.M.C. GAYA,Anaesthesiology,BC,Against BC Category Seat (Degree) - Female,All India - Round 1 - 2025.pdf
2025,PGMAC,1,4,DEGREE,25661196574,2511203000753,PG25092050,15047,RANI KUMARI,F,SC,SC,UR(DEGREE)- 297,SC(DEGREE)- 7,RCG(DEGREE)- 77,,UR(DIPLOMA)- 297,SC(DIPLOMA)- 7,RCG(DIPLOMA)- 77,,,,,,P.M.C.PATNA,Psychiatry,SC,Compensation Seat SC Against UR (Degree),All India - Round 1 - 2025.pdf
2025,PGMAC,1,4,DEGREE,25661000807,2511203000991,PG25130367,15190,UFAQUE FATIMA,F,EB,OBC,UR(DEGREE)- 299,EBC(DEGREE)- 70,RCG(DEGREE)- 78,,UR(DIPLOMA)- 299,EBC(DIPLOMA)- 70,RCG(DIPLOMA)- 78,,,,,,J.L.N.M.C. BHAGALPUR,General Surgery,EBC,Against EBC Category Seat (Degree) - Female,All India - Round 1 - 2025.pdf
2025,PGMAC,1,4,DEGREE,25661114201,2511203000066,PG25166845,15217,SHREYA SHRISTI,F,EB,OBC,UR(DEGREE)- 300,EBC(DEGREE)- 71,RCG(DEGREE)- 79,,UR(DIPLOMA)- 300,EBC(DIPLOMA)- 71,RCG(DIPLOMA)- 79,,,,,,I.G.I.M.S. PATNA,OPHTHALMOLOGY,EBC,Against EBC Category Seat (Degree) - Female,All India - Round 1 - 2025.pdf
2025,PGMAC,1,4,DIPLOMA OPEN,25661066350,2511203001896,PG25094624,15402,NANDANI KUMARI,F,BC,OBC,UR(DEGREE)- 304,BC(DEGREE)- 101,RCG(DEGREE)- 81,,UR(DIPLOMA)- 304,BC(DIPLOMA)- 101,RCG(DIPLOMA)- 81,,,,,,P.M.C.PATNA,D.M.R.D.,UR,Against UR Category Seat (Diploma Open) - Female,All India - Round 1 - 2025.pdf
2025,PGMAC,1,4,DEGREE,25661026335,2511203000839,PG25126048,15525,DIVYA KUMARI,F,EB,OBC,UR(DEGREE)- 306,EBC(DEGREE)- 73,RCG(DEGREE)- 82,,UR(DIPLOMA)- 306,EBC(DIPLOMA)- 73,RCG(DIPLOMA)- 82,,,,,,D.M.C.LAHERIASARAI,Orthopaedics,EBC,Compensation Seat EBC Against UR (Degree) - Female,All India - Round 1 - 2025.pdf
2025,PGMAC,1,4,DEGREE,25661210527,2511203000878,PG25110977,15671,NAYAN PRAKASH,M,SC,SC,UR(DEGREE)- 312,SC(DEGREE)- 8,,,UR(DIPLOMA)- 312,SC(DIPLOMA)- 8,,,,,,,N.M.C. PATNA,General Medicine,SC,Against SC Category Seat (Degree),All India - Round 1 - 2025.pdf
2025,PGMAC,1,4,DEGREE,25661219989,2511203001834,PG25071913,15697,SAMAN SHADMAN,F,BC,OBC,UR(DEGREE)- 313,BC(DEGREE)- 105,RCG(DEGREE)- 84,,UR(DIPLOMA)- 313,BC(DIPLOMA)- 105,RCG(DIPLOMA)- 84,,,,,,D.M.C.LAHERIASARAI,OPHTHALMOLOGY,RCG,Against RCG Category Seat (Degree),All India - Round 1 - 2025.pdf
2025,PGMAC,1,4,DEGREE,25661160344,2511203001205,PG25164791,15839,PARTH BHARDWAJ,M,EW,EWS,UR(DEGREE)- 324,EWS(DEGREE)- 67,,,UR(DIPLOMA)- 324,EWS(DIPLOMA)- 67,,,,,,,D.M.C.LAHERIASARAI,Anaesthesiology,EWS,Against EWS Category Seat (Degree),All India - Round 1 - 2025.pdf
2025,PGMAC,1,4,DEGREE,25661215621,2511203001255,PG25087897,15969,NEHA VIBHOR,F,EB,OBC,UR(DEGREE)- 326,EBC(DEGREE)- 77,RCG(DEGREE)- 86,,UR(DIPLOMA)- 326,EBC(DIPLOMA)- 77,RCG(DIPLOMA)- 86,,,,,,P.M.C.PATNA,OPHTHALMOLOGY,EBC,Against EBC Category Seat (Degree),All India - Round 1 - 2025.pdf
2025,PGMAC,1,4,DEGREE,25661179752,2511203000659,PG25021585,16204,MD TARIQUE AMIN,M,EW,EWS,UR(DEGREE)- 332,,,,UR(DIPLOMA)- 332,,,,,,,,"LORD BUDHA KOSHI MEDICAL COLLEGE & HOSPITAL, SAHARSA",General Medicine,UR,Against UR Category Seat (Degree),All India - Round 1 - 2025.pdf
2025,PGMAC,1,4,DEGREE,25661147145,2511203000595,PG25130835,16480,NITIKA CHOUDHARY,F,EB,OBC,UR(DEGREE)- 336,EBC(DEGREE)- 79,RCG(DEGREE)- 88,,UR(DIPLOMA)- 336,EBC(DIPLOMA)- 79,RCG(DIPLOMA)- 88,,,,,,I.G.I.M.S. PATNA,Anaesthesiology,EBC,Against EBC Category Seat (Degree),All India - Round 1 - 2025.pdf
2025,PGMAC,1,4,DEGREE,25661097575,2511203001097,PG25135191,16609,AANCHAL ANAND,F,EB,OBC,UR(DEGREE)- 340,EBC(DEGREE)- 80,RCG(DEGREE)- 89,,UR(DIPLOMA)- 340,EBC(DIPLOMA)- 80,RCG(DIPLOMA)- 89,,,,,,P.M.C.PATNA,OPHTHALMOLOGY,EBC,Compensation Seat EBC Against UR (Degree),All India - Round 1 - 2025.pdf
2025,PGMAC,1,4,DEGREE,25661109402,2511203000409,PG25170671,16676,SHIVANI SHIPRA,F,SC,SC,UR(DEGREE)- 343,SC(DEGREE)- 9,RCG(DEGREE)- 91,,UR(DIPLOMA)- 343,SC(DIPLOMA)- 9,RCG(DIPLOMA)- 91,,,,,,I.G.I.M.S. PATNA,General Medicine,SC,Against SC Category Seat (Degree) - Female,All India - Round 1 - 2025.pdf
2025,PGMAC,1,4,DEGREE,25661030233,2511203001305,PG25152948,16812,ANJALI KUMARI,F,BC,OBC,UR(DEGREE)- 345,BC(DEGREE)- 115,RCG(DEGREE)- 93,,UR(DIPLOMA)- 345,BC(DIPLOMA)- 115,RCG(DIPLOMA)- 93,,,,,,J.L.N.M.C. BHAGALPUR,OPHTHALMOLOGY,BC,Against BC Category Seat (Degree),All India - Round 1 - 2025.pdf
2025,PGMAC,1,4,DEGREE,25661096502,2511203001756,PG25216345,16965,KUMARI KARUNA,F,EW,EWS,UR(DEGREE)- 352,EWS(DEGREE)- 73,,,UR(DIPLOMA)- 352,EWS(DIPLOMA)- 73,,,,,,,N.M.C. PATNA,OPHTHALMOLOGY,EWS,Against EWS Category Seat (Degree) - Female,All India - Round 1 - 2025.pdf
2025,PGMAC,1,4,DEGREE,25661229059,2511203000673,PG25116426,17077,SURUCHI,F,EB,OBC,UR(DEGREE)- 353,EBC(DEGREE)- 83,RCG(DEGREE)- 95,,UR(DIPLOMA)- 353,EBC(DIPLOMA)- 83,RCG(DIPLOMA)- 95,,,,,,I.G.I.M.S. PATNA,Anaesthesiology,EBC,Compensation Seat EBC Against UR (Degree),All India - Round 1 - 2025.pdf
2025,PGMAC,1,4,DEGREE,25661078307,2511203001416,PG25119881,17114,ANJALI KUMARI,F,EB,OBC,UR(DEGREE)- 354,EBC(DEGREE)- 84,RCG(DEGREE)- 96,,UR(DIPLOMA)- 354,EBC(DIPLOMA)- 84,RCG(DIPLOMA)- 96,,,,,,D.M.C.LAHERIASARAI,OPHTHALMOLOGY,EBC,Compensation Seat EBC Against UR (Degree),All India - Round 1 - 2025.pdf
2025,PGMAC,1,4,DEGREE,25661060703,2511203000643,PG25116639,17355,SHILPI KUMARI,F,EB,OBC,UR(DEGREE)- 357,EBC(DEGREE)- 85,RCG(DEGREE)- 97,,UR(DIPLOMA)- 357,EBC(DIPLOMA)- 85,RCG(DIPLOMA)- 97,,,,,,I.G.I.M.S. PATNA,Anaesthesiology,EBC,Compensation Seat EBC Against UR (Degree),All India - Round 1 - 2025.pdf
2025,PGMAC,1,4,DEGREE,25661231568,2511203000624,PG25098367,17372,SNEHA PRAKASH,F,EB,OBC,UR(DEGREE)- 358,EBC(DEGREE)- 86,RCG(DEGREE)- 98,,UR(DIPLOMA)- 358,EBC(DIPLOMA)- 86,RCG(DIPLOMA)- 98,,,,,,P.M.C.PATNA,Anaesthesiology,EBC,Against EBC Category Seat (Degree),All India - Round 1 - 2025.pdf
2025,PGMAC,1,4,DEGREE,25661008525,2511203000070,PG25089934,17685,NISCHAY SINHA,M,UR,GENERAL,UR(DEGREE)- 367,,,,UR(DIPLOMA)- 367,,,,,,,,"MGMMC & LSK HOS, KISHANGANJ",General Medicine,UR,Against UR Category Seat (Degree),All India - Round 1 - 2025.pdf
2025,PGMAC,1,4,DEGREE,25661133196,2511203000979,PG25109548,17723,ANANYA,F,BC,OBC,UR(DEGREE)- 368,BC(DEGREE)- 122,RCG(DEGREE)- 101,,UR(DIPLOMA)- 368,BC(DIPLOMA)- 122,RCG(DIPLOMA)- 101,,,,,,P.M.C.PATNA,Orthopaedics,BC,Against BC Category Seat (Degree) - Female,All India - Round 1 - 2025.pdf
2025,PGMAC,1,4,DEGREE,25661241897,2511203000024,PG25164199,18153,VAIDEHI KUMARI,F,EB,OBC,UR(DEGREE)- 380,EBC(DEGREE)- 92,RCG(DEGREE)- 103,,UR(DIPLOMA)- 380,EBC(DIPLOMA)- 92,RCG(DIPLOMA)- 103,,,,,,N.M.C. PATNA,Psychiatry,EBC,Compensation Seat EBC Against UR (Degree),All India - Round 1 - 2025.pdf
2025,PGMAC,1,4,DEGREE,25661236867,2511203000212,PG25108808,18411,MD NAWAZ SHARIF,M,EB,OBC,UR(DEGREE)- 387,EBC(DEGREE)- 96,,,UR(DIPLOMA)- 387,EBC(DIPLOMA)- 96,,,,,,,P.M.C.PATNA,E.N.T.,EBC,Compensation Seat EBC Against UR (Degree),All India - Round 1 - 2025.pdf
2025,PGMAC,1,4,DNB DEGREE,25661052157,2511203001139,PG25234654,18513,KRITI KOMAL,F,EB,OBC,UR(DEGREE)- 394,EBC(DEGREE)- 99,RCG(DEGREE)- 109,,UR(DIPLOMA)- 394,EBC(DIPLOMA)- 99,RCG(DIPLOMA)- 109,,,,,,GMC PURNEA,OBS & GYNAE,UR,Against UR Category Seat (DNB-Degree),All India - Round 1 - 2025.pdf
2025,PGMAC,1,4,DEGREE,25661216806,2511203000096,PG25106479,19048,RUMI KUMARI,F,EB,OBC,UR(DEGREE)- 407,EBC(DEGREE)- 102,RCG(DEGREE)- 111,,UR(DIPLOMA)- 407,EBC(DIPLOMA)- 102,RCG(DIPLOMA)- 111,,,,,,P.M.C.PATNA,Anaesthesiology,EBC,Compensation Seat EBC Against UR (Degree),All India - Round 1 - 2025.pdf
2025,PGMAC,1,4,DEGREE,25661031804,2511203000764,PG25187581,19163,SHIVANGI,F,EW,EWS,UR(DEGREE)- 409,EWS(DEGREE)- 86,,,UR(DIPLOMA)- 409,EWS(DIPLOMA)- 86,,,,,,,A.N.M.M.C. GAYA,E.N.T.,EWS,Against EWS Category Seat (Degree) - Female,All India - Round 1 - 2025.pdf
2025,PGMAC,1,4,DEGREE,25661079778,2511203001307,PG25182767,19296,RITU KUMARI,F,EB,OBC,UR(DEGREE)- 412,EBC(DEGREE)- 103,RCG(DEGREE)- 112,,UR(DIPLOMA)- 412,EBC(DIPLOMA)- 103,RCG(DIPLOMA)- 112,,,,,,P.M.C.PATNA,E.N.T.,RCG,Against RCG Category Seat (Degree),All India - Round 1 - 2025.pdf
2025,PGMAC,1,4,DEGREE,25661178483,2511203000916,PG25114408,19358,MD NAUSHAD ALAM,M,EB,OBC,UR(DEGREE)- 414,EBC(DEGREE)- 104,,,UR(DIPLOMA)- 414,EBC(DIPLOMA)- 104,,,,,,,N.M.C. PATNA,Anaesthesiology,EBC,Against EBC Category Seat (Degree),All India - Round 1 - 2025.pdf
2025,PGMAC,1,4,DEGREE,25661085600,2511203001480,PG25120274,19569,GAURAV KASHYAP,M,EB,OBC,UR(DEGREE)- 421,EBC(DEGREE)- 107,,,UR(DIPLOMA)- 421,EBC(DIPLOMA)- 107,,,,,,,N.M.C. PATNA,E.N.T.,EBC,Against EBC Category Seat (Degree),All India - Round 1 - 2025.pdf
2025,PGMAC,1,4,DEGREE,25661210201,2511203000602,PG25131402,19603,VIKASH KUMAR,M,SC,SC,UR(DEGREE)- 424,SC(DEGREE)- 10,,,UR(DIPLOMA)- 424,SC(DIPLOMA)- 10,,,,,,,P.M.C.PATNA,Orthopaedics,SC,Against SC Category Seat (Degree),All India - Round 1 - 2025.pdf
2025,PGMAC,1,4,DEGREE,25661069715,2511203002002,PG25216120,19637,PRASHANT ANKIT,M,SC,SC,UR(DEGREE)- 427,SC(DEGREE)- 11,,,UR(DIPLOMA)- 427,SC(DIPLOMA)- 11,,,,,,,D.M.C.LAHERIASARAI,General Medicine,SC,Against SC Category Seat (Degree),All India - Round 1 - 2025.pdf
2025,PGMAC,1,4,DEGREE,25661037468,2511203001101,PG25049113,19856,SHWETA KUMARI,F,EB,OBC,UR(DEGREE)- 431,EBC(DEGREE)- 109,RCG(DEGREE)- 118,,UR(DIPLOMA)- 431,EBC(DIPLOMA)- 109,RCG(DIPLOMA)- 118,,,,,,N.M.C. PATNA,Anaesthesiology,EBC,Compensation Seat EBC Against UR (Degree),All India - Round 1 - 2025.pdf
2025,PGMAC,1,4,DEGREE,25661055671,2511203000795,PG25121282,20116,RANI KUMARI,F,BC,OBC,UR(DEGREE)- 438,BC(DEGREE)- 139,RCG(DEGREE)- 120,,UR(DIPLOMA)- 438,BC(DIPLOMA)- 139,RCG(DIPLOMA)- 120,,,,,,P.M.C.PATNA,E.N.T.,BC,Against BC Category Seat (Degree) - Female,All India - Round 1 - 2025.pdf
2025,PGMAC,1,4,DIPLOMA OPEN,25661159591,2511203000110,PG25131480,20233,KRISHNA KUMAR PRASAD,M,EB,OBC,UR(DEGREE)- 440,EBC(DEGREE)- 111,,,UR(DIPLOMA)- 440,EBC(DIPLOMA)- 111,,,,,,,P.M.C.PATNA,D.M.R.D.,EBC,JUMP OVER ON EBC seat (Diploma Open),All India - Round 1 - 2025.pdf
2025,PGMAC,1,4,DEGREE,25661184989,2511203000315,PG25097474,21095,ADNAN SAMI,M,EB,OBC,UR(DEGREE)- 454,EBC(DEGREE)- 114,,,UR(DIPLOMA)- 454,EBC(DIPLOMA)- 114,,,,,,,N.M.C. PATNA,Anaesthesiology,EBC,Compensation Seat EBC Against UR (Degree),All India - Round 1 - 2025.pdf
2025,PGMAC,1,4,DEGREE,25661007605,2511203000431,PG25094035,21145,MD ARSHAD REZA,M,EB,OBC,UR(DEGREE)- 455,EBC(DEGREE)- 115,,,UR(DIPLOMA)- 455,EBC(DIPLOMA)- 115,,,,,,,N.M.C. PATNA,E.N.T.,EBC,Compensation Seat EBC Against UR (Degree),All India - Round 1 - 2025.pdf
2025,PGMAC,1,4,DEGREE,25661165691,2511203000120,PG25034485,21656,PRADYUMNA KUMAR,M,SC,SC,UR(DEGREE)- 462,SC(DEGREE)- 12,,,UR(DIPLOMA)- 462,SC(DIPLOMA)- 12,,,,,,,J.L.N.M.C. BHAGALPUR,General Medicine,SC,Against SC Category Seat (Degree),All India - Round 1 - 2025.pdf
2025,PGMAC,1,4,DEGREE,25661029520,2511203000656,PG25171872,21994,TRIVESH KUMAR,M,BC,OBC,UR(DEGREE)- 470,BC(DEGREE)- 154,,,UR(DIPLOMA)- 470,BC(DIPLOMA)- 154,,,,,,,"N.M.C &.H, SASARAM",General Medicine,UR,Against UR Category Seat (Degree),All India - Round 1 - 2025.pdf
2025,PGMAC,1,4,DEGREE,25661120422,2511203000934,PG25126471,22113,SHRUTI PRAGYA,F,EB,OBC,UR(DEGREE)- 473,EBC(DEGREE)- 120,RCG(DEGREE)- 130,,UR(DIPLOMA)- 473,EBC(DIPLOMA)- 120,RCG(DIPLOMA)- 130,,,,,,D.M.C.LAHERIASARAI,E.N.T.,EBC,Compensation Seat EBC Against UR (Degree),All India - Round 1 - 2025.pdf
2025,PGMAC,1,4,DEGREE,25661154724,2511203001041,PG25124252,22676,MD KAIF,M,EB,OBC,UR(DEGREE)- 485,EBC(DEGREE)- 121,,,UR(DIPLOMA)- 485,EBC(DIPLOMA)- 121,,,,,,,A.N.M.M.C. GAYA,Anaesthesiology,EBC,Compensation Seat EBC Against UR (Degree),All India - Round 1 - 2025.pdf
2025,PGMAC,1,4,DEGREE,25661045644,2511203001188,PG25093484,22900,NIDHI PRAKASH,F,SC,SC,UR(DEGREE)- 490,SC(DEGREE)- 14,RCG(DEGREE)- 135,,UR(DIPLOMA)- 490,SC(DIPLOMA)- 14,RCG(DIPLOMA)- 135,,,,,,P.M.C.PATNA,Paediatrics,SC,Against SC Category Seat (Degree) - Female,All India - Round 1 - 2025.pdf
2025,PGMAC,1,4,DEGREE,25661026091,2511203000672,PG25101774,22910,KUMARI MADHAVI,F,EB,OBC,UR(DEGREE)- 491,EBC(DEGREE)- 123,RCG(DEGREE)- 136,,UR(DIPLOMA)- 491,EBC(DIPLOMA)- 123,RCG(DIPLOMA)- 136,,,,,,A.N.M.M.C. GAYA,OPHTHALMOLOGY,EBC,Against EBC Category Seat (Degree),All India - Round 1 - 2025.pdf
2025,PGMAC,1,4,DEGREE,25661031192,2511203001008,PG25189652,23014,MANSI ANAND,F,BC,OBC,UR(DEGREE)- 495,BC(DEGREE)- 162,RCG(DEGREE)- 138,,UR(DIPLOMA)- 495,BC(DIPLOMA)- 162,RCG(DIPLOMA)- 138,,,,,,I.G.I.M.S. PATNA,Pathology,BC,Compensation Seat BC Against UR (Degree),All India - Round 1 - 2025.pdf
2025,PGMAC,1,4,DEGREE,25661004806,2511203000645,PG25083865,23240,SHRADDHA PRADHAN,F,UR,GENERAL,UR(DEGREE)- 498,,,,UR(DIPLOMA)- 498,,,,,,,,"MGMMC & LSK HOS, KISHANGANJ",General Medicine,UR,Against UR Category Seat (Degree),All India - Round 1 - 2025.pdf
2025,PGMAC,1,4,DNB DIPLOMA,25661176212,2511203001768,PG25108858,23336,SHASHI KANT KUMAR,M,BC,OBC,UR(DEGREE)- 501,BC(DEGREE)- 166,,,UR(DIPLOMA)- 501,BC(DIPLOMA)- 166,,,,,,,J.L.N.M.C. BHAGALPUR,D.M.R.D.,UR,Against UR Category Seat (DNB-Diploma),All India - Round 1 - 2025.pdf
2025,PGMAC,1,4,DEGREE,25661208165,2511203001342,PG25095540,23750,AMIT KUMAR,M,SC,SC,UR(DEGREE)- 508,SC(DEGREE)- 15,,,UR(DIPLOMA)- 508,SC(DIPLOMA)- 15,,,,,,,P.M.C.PATNA,General Surgery,SC,Against SC Category Seat (Degree),All India - Round 1 - 2025.pdf
2025,PGMAC,1,5,DEGREE,25661155545,2511203000171,PG25152536,23934,SHILPI SAH,F,EB,OBC,UR(DEGREE)- 511,EBC(DEGREE)- 132,RCG(DEGREE)- 145,,UR(DIPLOMA)- 511,EBC(DIPLOMA)- 132,RCG(DIPLOMA)- 145,,,,,,"G.M.C., BETTIAH",OPHTHALMOLOGY,EBC,Compensation Seat EBC Against UR (Degree),All India - Round 1 - 2025.pdf
2025,PGMAC,1,5,DEGREE,25661062495,2511203001261,PG25086369,24460,ANUPAM KUMARI,F,SC,SC,UR(DEGREE)- 520,SC(DEGREE)- 16,RCG(DEGREE)- 149,,UR(DIPLOMA)- 520,SC(DIPLOMA)- 16,RCG(DIPLOMA)- 149,,,,,,P.M.C.PATNA,General Medicine,SC,Against SC Category Seat (Degree) - Female,All India - Round 1 - 2025.pdf
2025,PGMAC,1,5,DEGREE,25661159240,2511203000599,PG25074781,24892,SHASHIKALA KUMARI,F,EB,OBC,UR(DEGREE)- 528,EBC(DEGREE)- 137,RCG(DEGREE)- 151,,UR(DIPLOMA)- 528,EBC(DIPLOMA)- 137,RCG(DIPLOMA)- 151,,,,,,D.M.C.LAHERIASARAI,Anaesthesiology,EBC,Compensation Seat EBC Against UR (Degree) - Female,All India - Round 1 - 2025.pdf
2025,PGMAC,1,5,DEGREE,25661129258,2511203000927,PG25139567,24977,POOJA BHARTI,F,EB,OBC,UR(DEGREE)- 532,EBC(DEGREE)- 139,RCG(DEGREE)- 152,,UR(DIPLOMA)- 532,EBC(DIPLOMA)- 139,RCG(DIPLOMA)- 152,,,,,,D.M.C.LAHERIASARAI,Anaesthesiology,EBC,Against EBC Category Seat (Degree),All India - Round 1 - 2025.pdf
2025,PGMAC,1,5,DEGREE,25661219908,2511203000480,PG25072138,25081,ARASHDEEP SINGH GHUMAN,M,UR,GENERAL,UR(DEGREE)- 534,,,,UR(DIPLOMA)- 534,,,,,,,,"MGMMC & LSK HOS, KISHANGANJ",General Medicine,SM,Against SM Category Seat (Degree),All India - Round 1 - 2025.pdf
2025,PGMAC,1,5,DEGREE,25661057035,2511203001210,PG25102487,25124,RAJNISH KUMAR,M,EB,OBC,UR(DEGREE)- 536,EBC(DEGREE)- 140,,,UR(DIPLOMA)- 536,EBC(DIPLOMA)- 140,,,,,,,D.M.C.LAHERIASARAI,Anaesthesiology,EBC,Compensation Seat EBC Against UR (Degree),All India - Round 1 - 2025.pdf
2025,PGMAC,1,5,DEGREE,25661100216,2511203000343,PG25142132,25142,LABANYA LAHIRI,F,UR,GENERAL,UR(DEGREE)- 538,,,,UR(DIPLOMA)- 538,,,,,,,,"MGMMC & LSK HOS, KISHANGANJ",General Medicine,UR,Against UR Category Seat (Degree),All India - Round 1 - 2025.pdf
2025,PGMAC,1,5,DEGREE,25661158917,2511203001440,PG25229128,25265,UZMA ZAKI,F,UR,GENERAL,UR(DEGREE)- 540,,,,UR(DIPLOMA)- 540,,,,,,,,"MGMMC & LSK HOS, KISHANGANJ",OPHTHALMOLOGY,UR,Against UR Category Seat (Degree),All India - Round 1 - 2025.pdf
2025,PGMAC,1,5,DEGREE,25661051551,2511203002180,PG25073550,25481,HAROON KHAN,M,UR,EWS,UR(DEGREE)- 544,,,,UR(DIPLOMA)- 544,,,,,,,,"MADHUBANI MEDICAL COLLEGE , MADHUBANI",General Medicine,MM,Against MM Category Seat (Degree),All India - Round 1 - 2025.pdf
2025,PGMAC,1,5,DEGREE,25661102253,2511203000498,PG25180530,25713,ANJALI KUMARI,F,SC,SC,UR(DEGREE)- 551,SC(DEGREE)- 17,RCG(DEGREE)- 157,,UR(DIPLOMA)- 551,SC(DIPLOMA)- 17,RCG(DIPLOMA)- 157,,,,,,N.M.C. PATNA,Paediatrics,SC,Against SC Category Seat (Degree),All India - Round 1 - 2025.pdf
2025,PGMAC,1,5,DEGREE,25661064104,2511203001138,PG25153536,25940,ANAMIKA,F,BC,OBC,UR(DEGREE)- 555,BC(DEGREE)- 181,RCG(DEGREE)- 159,,UR(DIPLOMA)- 555,BC(DIPLOMA)- 181,RCG(DIPLOMA)- 159,,,,,,P.M.C.PATNA,Pathology,BC,Against BC Category Seat (Degree),All India - Round 1 - 2025.pdf
2025,PGMAC,1,5,DEGREE,25661240481,2511203001196,PG25062753,26347,SHIVAM,M,UR,GENERAL,UR(DEGREE)- 558,,,,UR(DIPLOMA)- 558,,,,,,,,NETAJI SUBHAS MEDICAL COLLEGE & HOSPITAL,General Medicine,UR,Against UR Category Seat (Degree),All India - Round 1 - 2025.pdf
2025,PGMAC,1,5,DNB DEGREE,25661021492,2511203001620,PG25117257,26585,CHANDNI KUMARI,F,EB,OBC,UR(DEGREE)- 560,EBC(DEGREE)- 146,RCG(DEGREE)- 160,,UR(DIPLOMA)- 560,EBC(DIPLOMA)- 146,RCG(DIPLOMA)- 160,,,,,,J.L.N.M.C. BHAGALPUR,DERMATOLOGY,UR,Against UR Category Seat (DNB-Degree),All India - Round 1 - 2025.pdf
2025,PGMAC,1,5,DEGREE,25661230618,2511203002043,PG25229436,26769,SURABHI LATA,F,SC,SC,UR(DEGREE)- 566,SC(DEGREE)- 18,RCG(DEGREE)- 162,,UR(DIPLOMA)- 566,SC(DIPLOMA)- 18,RCG(DIPLOMA)- 162,,,,,,P.M.C.PATNA,OBS & GYNAE,SC,Against SC Category Seat (Degree),All India - Round 1 - 2025.pdf
2025,PGMAC,1,5,DEGREE,25661066836,2511203000197,PG25101376,26889,ASHISH SHIVAM,M,UR,GENERAL,UR(DEGREE)- 570,,,,UR(DIPLOMA)- 570,,,,,,,,"LORD BUDHA KOSHI MEDICAL COLLEGE & HOSPITAL, SAHARSA",General Medicine,UR,Against UR Category Seat (Degree),All India - Round 1 - 2025.pdf
2025,PGMAC,1,5,DEGREE,25661086175,2511203000489,PG25042526,27163,SIMRAN KUMARI,F,SC,SC,UR(DEGREE)- 571,SC(DEGREE)- 19,RCG(DEGREE)- 164,,UR(DIPLOMA)- 571,SC(DIPLOMA)- 19,RCG(DIPLOMA)- 164,,,,,,N.M.C. PATNA,OBS & GYNAE,SC,Against SC Category Seat (Degree),All India - Round 1 - 2025.pdf
2025,PGMAC,1,5,DEGREE,25661124790,2511203001848,PG25055287,27501,A SIDDHARTH SHARMA,M,EW,EWS,UR(DEGREE)- 579,EWS(DEGREE)- 108,,,UR(DIPLOMA)- 579,EWS(DIPLOMA)- 108,,,,,,,NETAJI SUBHAS MEDICAL COLLEGE & HOSPITAL,Radiodiagnosis,UR,Against UR Category Seat (Degree),All India - Round 1 - 2025.pdf
2025,PGMAC,1,5,DEGREE,25661099881,2511203000536,PG25044808,27814,AWNISH RANJAN,M,EB,OBC,UR(DEGREE)- 587,,,,UR(DIPLOMA)- 587,,,,,,,,"MGMMC & LSK HOS, KISHANGANJ",DERMATOLOGY,UR,Against UR Category Seat (Degree),All India - Round 1 - 2025.pdf
2025,PGMAC,1,5,DEGREE,25661121880,2511203000208,PG25057908,28009,AMAN KUMAR,M,EW,EWS,UR(DEGREE)- 589,,,,UR(DIPLOMA)- 589,,,,,,,,NETAJI SUBHAS MEDICAL COLLEGE & HOSPITAL,General Medicine,UR,Against UR Category Seat (Degree),All India - Round 1 - 2025.pdf
2025,PGMAC,1,5,DEGREE,25661004957,2511203001761,PG25210178,28385,NAVNEET RAJ,M,UR,EWS,UR(DEGREE)- 599,,,,UR(DIPLOMA)- 599,,,,,,,,"LORD BUDHA KOSHI MEDICAL COLLEGE & HOSPITAL, SAHARSA",General Medicine,UR,Against UR Category Seat (Degree),All India - Round 1 - 2025.pdf
2025,PGMAC,1,5,DEGREE,25661230388,2511203001994,PG25135529,29342,ANJALI KUMARI,F,BC,OBC,UR(DEGREE)- 612,BC(DEGREE)- 197,RCG(DEGREE)- 176,,UR(DIPLOMA)- 612,BC(DIPLOMA)- 197,RCG(DIPLOMA)- 176,,,,,,D.M.C.LAHERIASARAI,Pathology,BC,Against BC Category Seat (Degree),All India - Round 1 - 2025.pdf
2025,PGMAC,1,5,DEGREE,25661068456,2511203000854,PG25185924,29653,SOURAV RAJ,M,SC,SC,UR(DEGREE)- 615,SC(DEGREE)- 20,,,UR(DIPLOMA)- 615,SC(DIPLOMA)- 20,,,,,,,D.M.C.LAHERIASARAI,Paediatrics,SC,Against SC Category Seat (Degree),All India - Round 1 - 2025.pdf
2025,PGMAC,1,5,DEGREE,25661183735,2511203000710,PG25107261,30026,RAVI RANJAN KUMAR,M,SC,SC,UR(DEGREE)- 620,SC(DEGREE)- 21,,,UR(DIPLOMA)- 620,SC(DIPLOMA)- 21,,,,,,,A.N.M.M.C. GAYA,Orthopaedics,SC,Against SC Category Seat (Degree),All India - Round 1 - 2025.pdf
2025,PGMAC,1,5,DEGREE,25661033063,2511203001223,PG25095468,30122,JIGARDEEP SINGH BABBAR,M,UR,GENERAL,UR(DEGREE)- 622,,,,UR(DIPLOMA)- 622,,,,,,,,"MGMMC & LSK HOS, KISHANGANJ",Radiodiagnosis,SM,Against SM Category Seat (Degree),All India - Round 1 - 2025.pdf
2025,PGMAC,1,5,DEGREE,25661040319,2511203000284,PG25045162,30585,MONIKA RANI,F,SC,SC,UR(DEGREE)- 628,SC(DEGREE)- 22,RCG(DEGREE)- 182,,UR(DIPLOMA)- 628,SC(DIPLOMA)- 22,RCG(DIPLOMA)- 182,,,,,,D.M.C.LAHERIASARAI,OBS & GYNAE,SC,Against SC Category Seat (Degree) - Female,All India - Round 1 - 2025.pdf
2025,PGMAC,1,5,DEGREE,25661221416,2511203002124,PG25189903,30925,SHRESTHAA ATREYA,F,EB,OBC,UR(DEGREE)- 631,EBC(DEGREE)- 168,RCG(DEGREE)- 184,,UR(DIPLOMA)- 631,EBC(DIPLOMA)- 168,RCG(DIPLOMA)- 184,,,,,,N.M.C. PATNA,Orthopaedics,EBC,Against EBC Category Seat (Degree) - Female,All India - Round 1 - 2025.pdf
2025,PGMAC,1,5,DEGREE,25661192949,2511203001929,PG25149058,30990,SHAHBAZ ANWER,M,UR,EWS,UR(DEGREE)- 632,,,,UR(DIPLOMA)- 632,,,,,,,,NETAJI SUBHAS MEDICAL COLLEGE & HOSPITAL,General Medicine,UR,Against UR Category Seat (Degree),All India - Round 1 - 2025.pdf
2025,PGMAC,1,5,DNB DEGREE,25661178080,2511203002271,PG25223675,31038,GARGI SINGH,F,UR,GENERAL,UR(DEGREE)- 633,,,,UR(DIPLOMA)- 633,,,,,,,,JKTMC MADHEPURA,OBS & GYNAE,UR,Against UR Category Seat (DNB-Degree),All India - Round 1 - 2025.pdf
2025,PGMAC,1,5,DNB DEGREE,25661084359,2511203000940,PG25214310,31394,MADHU KUMARI,F,BC,OBC,UR(DEGREE)- 634,BC(DEGREE)- 201,RCG(DEGREE)- 185,,UR(DIPLOMA)- 634,BC(DIPLOMA)- 201,RCG(DIPLOMA)- 185,,,,,,JKTMC MADHEPURA,OBS & GYNAE,BC,JUMP OVER ON BC seat (DNB-Degree),All India - Round 1 - 2025.pdf
2025,PGMAC,1,5,DEGREE,25661203336,2511203002289,PG25114526,31568,SADRISHYA BHOWMIK,M,UR,GENERAL,UR(DEGREE)- 637,,,,UR(DIPLOMA)- 637,,,,,,,,"MGMMC & LSK HOS, KISHANGANJ",OPHTHALMOLOGY,UR,Against UR Category Seat (Degree),All India - Round 1 - 2025.pdf
2025,PGMAC,1,5,DEGREE,25661003458,2511203002160,PG25175874,31829,KUMARI ARPANA,F,EW,EWS,UR(DEGREE)- 641,EWS(DEGREE)- 120,,,UR(DIPLOMA)- 641,EWS(DIPLOMA)- 120,,,,,,,P.M.C.PATNA,Pathology,EWS,Against EWS Category Seat (Degree) - Female,All India - Round 1 - 2025.pdf
2025,PGMAC,1,5,DEGREE,25661020669,2511203000739,PG25048301,31935,TUSHAR PRAKASH BACHHAV,M,UR,OBC,UR(DEGREE)- 642,,,,UR(DIPLOMA)- 642,,,,,,,,"LORD BUDHA KOSHI MEDICAL COLLEGE & HOSPITAL, SAHARSA",General Medicine,UR,Against UR Category Seat (Degree),All India - Round 1 - 2025.pdf
2025,PGMAC,1,5,DEGREE,25661035496,2511203001697,PG25076244,32200,BHARAT KUMAR,M,UR,GENERAL,UR(DEGREE)- 656,,,,UR(DIPLOMA)- 656,,,,,,,,"MGMMC & LSK HOS, KISHANGANJ",General Medicine,UR,Against UR Category Seat (Degree),All India - Round 1 - 2025.pdf
2025,PGMAC,1,5,DEGREE,25661223977,2511203001117,PG25107148,32235,NIKKI KUMARI,F,SC,SC,UR(DEGREE)- 657,SC(DEGREE)- 23,RCG(DEGREE)- 193,,UR(DIPLOMA)- 657,SC(DIPLOMA)- 23,RCG(DIPLOMA)- 193,,,,,,D.M.C.LAHERIASARAI,OBS & GYNAE,SC,Against SC Category Seat (Degree),All India - Round 1 - 2025.pdf
2025,PGMAC,1,5,DEGREE,25661150742,2511203000949,PG25182399,32322,VIJAY KUMAR,M,SC,SC,UR(DEGREE)- 661,SC(DEGREE)- 24,,,UR(DIPLOMA)- 661,SC(DIPLOMA)- 24,,,,,,,N.M.C. PATNA,General Surgery,SC,Against SC Category Seat (Degree),All India - Round 1 - 2025.pdf
2025,PGMAC,1,5,DEGREE,25661025692,2511203000924,PG25058700,32344,SUDHIR KUMAR,M,SC,SC,UR(DEGREE)- 662,SC(DEGREE)- 25,,,UR(DIPLOMA)- 662,SC(DIPLOMA)- 25,,,,,,,I.G.I.M.S. PATNA,General Surgery,SC,Against SC Category Seat (Degree),All India - Round 1 - 2025.pdf
2025,PGMAC,1,5,DEGREE,25661078258,2511203001726,PG25159862,32600,VIKAS CHAUDHARY,M,UR,GENERAL,UR(DEGREE)- 664,,,,UR(DIPLOMA)- 664,,,,,,,,K.M.C. KATIHAR,General Medicine,UR,Against UR Category Seat (Degree),All India - Round 1 - 2025.pdf
2025,PGMAC,1,5,DEGREE,25661208653,2511203000334,PG25201228,32907,SURYAJYOTI RAY CHOWDHURY,M,UR,GENERAL,UR(DEGREE)- 669,,,,UR(DIPLOMA)- 669,,,,,,,,NETAJI SUBHAS MEDICAL COLLEGE & HOSPITAL,Radiodiagnosis,UR,Against UR Category Seat (Degree),All India - Round 1 - 2025.pdf
2025,PGMAC,1,5,DEGREE,25661070208,2511203001298,PG25059389,32982,AKRITI SINGH,F,UR,GENERAL,UR(DEGREE)- 671,,,,UR(DIPLOMA)- 671,,,,,,,,K.M.C. KATIHAR,General Medicine,UR,Against UR Category Seat (Degree),All India - Round 1 - 2025.pdf
2025,PGMAC,1,5,DEGREE,25661229990,2511203001806,PG25139928,33068,SIDDIQUE ABDUL RAZZAQUE,M,UR,GENERAL,UR(DEGREE)- 673,,,,UR(DIPLOMA)- 673,,,,,,,,"MADHUBANI MEDICAL COLLEGE , MADHUBANI",General Medicine,MM,Against MM Category Seat (Degree),All India - Round 1 - 2025.pdf
2025,PGMAC,1,5,DEGREE,25661036206,2511203000371,PG25173070,33465,SUMIT KUMAR,M,UR,GENERAL,UR(DEGREE)- 676,,,,UR(DIPLOMA)- 676,,,,,,,,"LORD BUDHA KOSHI MEDICAL COLLEGE & HOSPITAL, SAHARSA",General Surgery,UR,Against UR Category Seat (Degree),All India - Round 1 - 2025.pdf
2025,PGMAC,1,5,DEGREE,25661052069,2511203001928,PG25082293,33891,SHIV SHANKAR,M,EB,OBC,UR(DEGREE)- 681,EBC(DEGREE)- 184,,,UR(DIPLOMA)- 681,EBC(DIPLOMA)- 184,,,,,,,I.G.I.M.S. PATNA,COMMUNITY MEDICINE,EBC,Compensation Seat EBC Against UR (Degree),All India - Round 1 - 2025.pdf
2025,PGMAC,1,5,DEGREE,25661095889,2511203000167,PG25041987,34138,DEORE SUKUMAR SUBHASH,M,UR,OBC,UR(DEGREE)- 682,,,,UR(DIPLOMA)- 682,,,,,,,,"LORD BUDHA KOSHI MEDICAL COLLEGE & HOSPITAL, SAHARSA",General Medicine,UR,Against UR Category Seat (Degree),All India - Round 1 - 2025.pdf
2025,PGMAC,1,5,DEGREE,25661168790,2511203001636,PG25106639,34140,SHUBHAM KUMAR,M,EB,OBC,UR(DEGREE)- 683,EBC(DEGREE)- 185,,,UR(DIPLOMA)- 683,EBC(DIPLOMA)- 185,,,,,,,I.G.I.M.S. PATNA,Pathology,EBC,Against EBC Category Seat (Degree),All India - Round 1 - 2025.pdf
2025,PGMAC,1,5,DEGREE,25661050146,2511203001684,PG25086016,34382,ROHAN KUMAR GUPTA,M,UR,GENERAL,UR(DEGREE)- 687,,,,UR(DIPLOMA)- 687,,,,,,,,"LORD BUDHA KOSHI MEDICAL COLLEGE & HOSPITAL, SAHARSA",General Medicine,UR,Against UR Category Seat (Degree),All India - Round 1 - 2025.pdf
2025,PGMAC,1,5,DEGREE,25661163424,2511203002093,PG25038865,34574,HARJAP SINGH,M,UR,GENERAL,UR(DEGREE)- 692,,,,UR(DIPLOMA)- 692,,,,,,,,"MGMMC & LSK HOS, KISHANGANJ",OPHTHALMOLOGY,UR,Against UR Category Seat (Degree),All India - Round 1 - 2025.pdf
2025,PGMAC,1,5,DEGREE,25661204859,2511203000222,PG25237268,34771,PRAMOD KUMAR RAM,M,SC,SC,UR(DEGREE)- 694,SC(DEGREE)- 28,,,UR(DIPLOMA)- 694,SC(DIPLOMA)- 28,,,,,,,D.M.C.LAHERIASARAI,General Surgery,SC,Against SC Category Seat (Degree),All India - Round 1 - 2025.pdf
2025,PGMAC,1,5,DEGREE,25661233376,2511203000761,PG25191147,34899,REKHA RANI,F,UR,GENERAL,UR(DEGREE)- 696,,,,UR(DIPLOMA)- 696,,,,,,,,"N.M.C &.H, SASARAM",Radiodiagnosis,UR,Against UR Category Seat (Degree),All India - Round 1 - 2025.pdf
2025,PGMAC,1,5,DEGREE,25661146075,2511203000667,PG25094130,34930,MAHIMA RAJ,F,SC,SC,UR(DEGREE)- 697,SC(DEGREE)- 29,RCG(DEGREE)- 201,,UR(DIPLOMA)- 697,SC(DIPLOMA)- 29,RCG(DIPLOMA)- 201,,,,,,P.M.C.PATNA,OPHTHALMOLOGY,SC,Against SC Category Seat (Degree),All India - Round 1 - 2025.pdf
2025,PGMAC,1,5,DEGREE,25661172012,2511203001359,PG25025848,34937,KSHITIJ KUMAR RAI,M,UR,GENERAL,UR(DEGREE)- 698,,,,UR(DIPLOMA)- 698,,,,,,,,"LORD BUDHA KOSHI MEDICAL COLLEGE & HOSPITAL, SAHARSA",Radiodiagnosis,UR,Against UR Category Seat (Degree),All India - Round 1 - 2025.pdf
2025,PGMAC,1,5,DEGREE,25661030344,2511203002209,PG25181926,34938,MOHD FAISAL SIDDIQUI,M,UR,GENERAL,UR(DEGREE)- 699,,,,UR(DIPLOMA)- 699,,,,,,,,K.M.C. KATIHAR,General Medicine,MM,Against MM Category Seat (Degree),All India - Round 1 - 2025.pdf
2025,PGMAC,1,6,DEGREE,25661042219,2511203001530,PG25077493,35015,NISCHAY SHARMA,M,UR,GENERAL,UR(DEGREE)- 701,,,,UR(DIPLOMA)- 701,,,,,,,,"LORD BUDHA KOSHI MEDICAL COLLEGE & HOSPITAL, SAHARSA",Anaesthesiology,UR,Against UR Category Seat (Degree),All India - Round 1 - 2025.pdf
2025,PGMAC,1,6,DEGREE,25661159382,2511203000538,PG25099783,35174,HITESH PHOGAT,M,UR,EWS,UR(DEGREE)- 704,,,,UR(DIPLOMA)- 704,,,,,,,,"MGMMC & LSK HOS, KISHANGANJ",Radiodiagnosis,UR,Against UR Category Seat (Degree),All India - Round 1 - 2025.pdf
2025,PGMAC,1,6,DEGREE,25661148379,2511203001271,PG25136013,35213,MOHAMMAD RAGHIB ANSARI,M,EB,OBC,UR(DEGREE)- 705,EBC(DEGREE)- 188,,,UR(DIPLOMA)- 705,EBC(DIPLOMA)- 188,,,,,,,K.M.C. KATIHAR,General Medicine,MM,Against MM Category Seat (Degree),All India - Round 1 - 2025.pdf
2025,PGMAC,1,6,DEGREE,25661034895,2511203000032,PG25089504,35277,NAVRAJ SINGH ANTTAL,M,UR,GENERAL,UR(DEGREE)- 706,,,,UR(DIPLOMA)- 706,,,,,,,,"MGMMC & LSK HOS, KISHANGANJ",General Medicine,SM,Against SM Category Seat (Degree),All India - Round 1 - 2025.pdf
2025,PGMAC,1,6,DEGREE,25661057043,2511203001676,PG25080229,35463,HARSH RAWAT,M,UR,GENERAL,UR(DEGREE)- 708,,,,UR(DIPLOMA)- 708,,,,,,,,"MGMMC & LSK HOS, KISHANGANJ",E.N.T.,UR,Against UR Category Seat (Degree),All India - Round 1 - 2025.pdf
2025,PGMAC,1,6,DEGREE,25661084679,2511203000333,PG25114840,35730,MEGHA RANI,F,SC,SC,UR(DEGREE)- 713,SC(DEGREE)- 32,RCG(DEGREE)- 206,,UR(DIPLOMA)- 713,SC(DIPLOMA)- 32,RCG(DIPLOMA)- 206,,,,,,A.N.M.M.C. GAYA,General Surgery,SC,Against SC Category Seat (Degree) - Female,All India - Round 1 - 2025.pdf
2025,PGMAC,1,6,DEGREE,25661216403,2511203001372,PG25149060,35733,CHANDAN,M,EB,OBC,UR(DEGREE)- 714,EBC(DEGREE)- 191,,,UR(DIPLOMA)- 714,EBC(DIPLOMA)- 191,,,,,,,S.K.M.C. MUZAFFARPUR,Pathology,EBC,Against EBC Category Seat (Degree),All India - Round 1 - 2025.pdf
2025,PGMAC,1,6,DEGREE,25661136075,2511203002262,PG25174263,36159,VISHAL RANA,M,UR,GENERAL,UR(DEGREE)- 717,,,,UR(DIPLOMA)- 717,,,,,,,,"MGMMC & LSK HOS, KISHANGANJ",OPHTHALMOLOGY,UR,Against UR Category Seat (Degree),All India - Round 1 - 2025.pdf
2025,PGMAC,1,6,DEGREE,25661214484,2511203000451,PG25088731,36784,AISHWARI ANAND,F,UR,GENERAL,UR(DEGREE)- 725,,,,UR(DIPLOMA)- 725,,,,,,,,"LORD BUDHA KOSHI MEDICAL COLLEGE & HOSPITAL, SAHARSA",OBS & GYNAE,UR,Against UR Category Seat (Degree),All India - Round 1 - 2025.pdf
2025,PGMAC,1,6,DEGREE,25661211236,2511203000750,PG25051146,36842,ANKURITA DEY,F,UR,GENERAL,UR(DEGREE)- 726,,,,UR(DIPLOMA)- 726,,,,,,,,"MGMMC & LSK HOS, KISHANGANJ",Paediatrics,UR,Against UR Category Seat (Degree),All India - Round 1 - 2025.pdf
2025,PGMAC,1,6,DEGREE,25661012417,2511203001626,PG25050443,36995,SHREEJA VERMA,F,UR,OBC,UR(DEGREE)- 730,,,,UR(DIPLOMA)- 730,,,,,,,,"LORD BUDHA KOSHI MEDICAL COLLEGE & HOSPITAL, SAHARSA",General Surgery,UR,Against UR Category Seat (Degree),All India - Round 1 - 2025.pdf
2025,PGMAC,1,6,DEGREE,25661070541,2511203001399,PG25134030,37085,NIDHI KUMARI,F,SC,SC,UR(DEGREE)- 731,SC(DEGREE)- 33,RCG(DEGREE)- 209,,UR(DIPLOMA)- 731,SC(DIPLOMA)- 33,RCG(DIPLOMA)- 209,,,,,,I.G.I.M.S. PATNA,E.N.T.,SC,Compensation Seat SC Against UR (Degree) - Female,All India - Round 1 - 2025.pdf
2025,PGMAC,1,6,DEGREE,25661225014,2511203001764,PG25081494,37425,ASHUTOSH DADHEECH,M,UR,GENERAL,UR(DEGREE)- 734,,,,UR(DIPLOMA)- 734,,,,,,,,K.M.C. KATIHAR,General Medicine,UR,Against UR Category Seat (Degree),All India - Round 1 - 2025.pdf
2025,PGMAC,1,6,DNB DEGREE,25661032248,2511203002299,PG25159475,37459,PRANAL KUMAR,M,BC,OBC,UR(DEGREE)- 735,BC(DEGREE)- 220,,,UR(DIPLOMA)- 735,BC(DIPLOMA)- 220,,,,,,,"B.M.I.M.S,PAWAPURI, NALANDA",Orthopaedics,UR,Against UR Category Seat (DNB-Degree),All India - Round 1 - 2025.pdf
2025,PGMAC,1,6,DEGREE,25661063451,2511203000505,PG25002280,37620,GOWTHAM REDDY H A,M,UR,OBC,UR(DEGREE)- 738,,,,UR(DIPLOMA)- 738,,,,,,,,K.M.C. KATIHAR,General Medicine,UR,Against UR Category Seat (Degree),All India - Round 1 - 2025.pdf
2025,PGMAC,1,6,DEGREE,25661107723,2511203000376,PG25069270,37839,ANUPAM KUMAR,M,SC,SC,UR(DEGREE)- 740,SC(DEGREE)- 34,,,UR(DIPLOMA)- 740,SC(DIPLOMA)- 34,,,,,,,P.M.C.PATNA,Anaesthesiology,SC,Against SC Category Seat (Degree),All India - Round 1 - 2025.pdf
2025,PGMAC,1,6,DEGREE,25661104573,2511203001130,PG25166041,37912,PRITIKA PRIYA,F,SC,SC,UR(DEGREE)- 741,SC(DEGREE)- 35,RCG(DEGREE)- 213,,UR(DIPLOMA)- 741,SC(DIPLOMA)- 35,RCG(DIPLOMA)- 213,,,,,,P.M.C.PATNA,Orthopaedics,SC,Compensation Seat SC Against UR (Degree) - Female,All India - Round 1 - 2025.pdf
2025,PGMAC,1,6,DEGREE,25661045389,2511203001140,PG25135240,38072,SIMRANJOT KAUR,F,UR,GENERAL,UR(DEGREE)- 743,,,,UR(DIPLOMA)- 743,,,,,,,,"N.M.C &.H, SASARAM",DERMATOLOGY,UR,Against UR Category Seat (Degree),All India - Round 1 - 2025.pdf
2025,PGMAC,1,6,DEGREE,25661162784,2511203001497,PG25099997,38184,SANDITA KUMARI,F,SC,SC,UR(DEGREE)- 744,SC(DEGREE)- 36,RCG(DEGREE)- 215,,UR(DIPLOMA)- 744,SC(DIPLOMA)- 36,RCG(DIPLOMA)- 215,,,,,,D.M.C.LAHERIASARAI,E.N.T.,SC,Against SC Category Seat (Degree),All India - Round 1 - 2025.pdf
2025,PGMAC,1,6,DEGREE,25661038154,2511203002187,PG25121121,38211,SANYA PATEL,F,UR,GENERAL,UR(DEGREE)- 745,,,,UR(DIPLOMA)- 745,,,,,,,,"MGMMC & LSK HOS, KISHANGANJ",OPHTHALMOLOGY,UR,Against UR Category Seat (Degree),All India - Round 1 - 2025.pdf
2025,PGMAC,1,6,DEGREE,25661030762,2511203000271,PG25053547,38285,GAURAV RAJ ANANT,M,UR,EWS,UR(DEGREE)- 746,,,,UR(DIPLOMA)- 746,,,,,,,,"MGMMC & LSK HOS, KISHANGANJ",Radiodiagnosis,UR,Against UR Category Seat (Degree),All India - Round 1 - 2025.pdf
2025,PGMAC,1,6,DEGREE,25661158760,2511203000165,PG25100938,38320,AKASH BHADANA,M,UR,OBC,UR(DEGREE)- 749,,,,UR(DIPLOMA)- 749,,,,,,,,"N.M.C &.H, SASARAM",General Medicine,UR,Against UR Category Seat (Degree),All India - Round 1 - 2025.pdf
2025,PGMAC,1,6,DEGREE,25661002253,2511203000727,PG25060521,38539,SIDDHANT SHEKHAR,M,SC,SC,UR(DEGREE)- 751,SC(DEGREE)- 38,,,UR(DIPLOMA)- 751,SC(DIPLOMA)- 38,,,,,,,I.G.I.M.S. PATNA,RADIO ONCOLOGY,SC,Against SC Category Seat (Degree),All India - Round 1 - 2025.pdf
2025,PGMAC,1,6,DEGREE,25661228484,2511203000820,PG25090949,38701,NIHARIKA SHARMA,F,UR,GENERAL,UR(DEGREE)- 753,,,,UR(DIPLOMA)- 753,,,,,,,,"MGMMC & LSK HOS, KISHANGANJ",Radiodiagnosis,UR,Against UR Category Seat (Degree),All India - Round 1 - 2025.pdf
2025,PGMAC,1,6,DEGREE,25661220547,2511203001158,PG25075409,38785,KAJAL RAJ,F,EB,OBC,UR(DEGREE)- 755,EBC(DEGREE)- 201,RCG(DEGREE)- 217,,UR(DIPLOMA)- 755,EBC(DIPLOMA)- 201,RCG(DIPLOMA)- 217,,,,,,P.M.C.PATNA,Pathology,EBC,Against EBC Category Seat (Degree) - Female,All India - Round 1 - 2025.pdf
2025,PGMAC,1,6,DEGREE,25661153138,2511203001895,PG25071800,39052,DRISHTI SINGH,F,UR,OBC,UR(DEGREE)- 759,,,,UR(DIPLOMA)- 759,,,,,,,,NETAJI SUBHAS MEDICAL COLLEGE & HOSPITAL,OPHTHALMOLOGY,UR,Against UR Category Seat (Degree),All India - Round 1 - 2025.pdf
2025,PGMAC,1,6,DEGREE,25661157277,2511203001541,PG25133341,39117,SHUBHAM KUMAR,M,EW,EWS,UR(DEGREE)- 760,EWS(DEGREE)- 128,,,UR(DIPLOMA)- 760,EWS(DIPLOMA)- 128,,,,,,,"MGMMC & LSK HOS, KISHANGANJ",General Surgery,UR,Against UR Category Seat (Degree),All India - Round 1 - 2025.pdf
2025,PGMAC,1,6,DNB DEGREE,25661004338,2511203000341,PG25054303,39231,SHAMA AFROZ,F,EB,OBC,UR(DEGREE)- 763,EBC(DEGREE)- 203,RCG(DEGREE)- 219,,UR(DIPLOMA)- 763,EBC(DIPLOMA)- 203,RCG(DIPLOMA)- 219,,,,,,I.G.I.M.S. PATNA,EMERGENCY MEDICINE,UR,Against UR Category Seat (DNB-Degree),All India - Round 1 - 2025.pdf
2025,PGMAC,1,6,DEGREE,25661037272,2511203000433,PG25081378,39479,KIRTY CHAUDHARY,F,SC,SC,UR(DEGREE)- 766,SC(DEGREE)- 41,RCG(DEGREE)- 221,,UR(DIPLOMA)- 766,SC(DIPLOMA)- 41,RCG(DIPLOMA)- 221,,,,,,D.M.C.LAHERIASARAI,OPHTHALMOLOGY,SC,Against SC Category Seat (Degree) - Female,All India - Round 1 - 2025.pdf
2025,PGMAC,1,6,DEGREE,25661117583,2511203000695,PG25118962,39534,HARSH RAJ,M,SC,SC,UR(DEGREE)- 767,SC(DEGREE)- 42,,,UR(DIPLOMA)- 767,SC(DIPLOMA)- 42,,,,,,,I.G.I.M.S. PATNA,Anaesthesiology,SC,Against SC Category Seat (Degree),All India - Round 1 - 2025.pdf
2025,PGMAC,1,6,DEGREE,25661175333,2511203000802,PG25239832,39672,JYOTI KUMARI,F,SC,SC,UR(DEGREE)- 769,SC(DEGREE)- 44,RCG(DEGREE)- 223,,UR(DIPLOMA)- 769,SC(DIPLOMA)- 44,RCG(DIPLOMA)- 223,,,,,,N.M.C. PATNA,Anaesthesiology,SC,Against SC Category Seat (Degree) - Female,All India - Round 1 - 2025.pdf
2025,PGMAC,1,6,DEGREE,25661102476,2511203000177,PG25106347,39775,VASEEM AHMED,M,UR,GENERAL,UR(DEGREE)- 770,,,,UR(DIPLOMA)- 770,,,,,,,,"MGMMC & LSK HOS, KISHANGANJ",Orthopaedics,UR,Against UR Category Seat (Degree),All India - Round 1 - 2025.pdf
2025,PGMAC,1,6,DEGREE,25661220794,2511203000350,PG25203622,39960,KAYENAT EQBAL,F,UR,GENERAL,UR(DEGREE)- 771,,,,UR(DIPLOMA)- 771,,,,,,,,"MGMMC & LSK HOS, KISHANGANJ",Paediatrics,UR,Against UR Category Seat (Degree),All India - Round 1 - 2025.pdf
2025,PGMAC,1,6,DNB DEGREE,25661101618,2511203000690,PG25116434,40141,UPASANA KUMARI,F,SC,SC,UR(DEGREE)- 774,SC(DEGREE)- 45,RCG(DEGREE)- 224,,UR(DIPLOMA)- 774,SC(DIPLOMA)- 45,RCG(DIPLOMA)- 224,,,,,,GMC PURNEA,OBS & GYNAE,SC,JUMP OVER ON SC seat (DNB-Degree),All India - Round 1 - 2025.pdf
2025,PGMAC,1,6,DEGREE,25661094866,2511203001003,PG25151963,40215,SHREYA PAUL,F,UR,GENERAL,UR(DEGREE)- 777,,,,UR(DIPLOMA)- 777,,,,,,,,"MGMMC & LSK HOS, KISHANGANJ",OBS & GYNAE,UR,Against UR Category Seat (Degree),All India - Round 1 - 2025.pdf
2025,PGMAC,1,6,DEGREE,25661226294,2511203001903,PG25064166,40390,PARTHKUMAR DHIRAJLAL NANDANIA,M,UR,EWS,UR(DEGREE)- 778,,,,UR(DIPLOMA)- 778,,,,,,,,K.M.C. KATIHAR,Radiodiagnosis,UR,Against UR Category Seat (Degree),All India - Round 1 - 2025.pdf
2025,PGMAC,1,6,DEGREE,25661163655,2511203001043,PG25218303,40677,ANUJ KUMAR,M,UR,GENERAL,UR(DEGREE)- 780,,,,UR(DIPLOMA)- 780,,,,,,,,K.M.C. KATIHAR,General Medicine,UR,Against UR Category Seat (Degree),All India - Round 1 - 2025.pdf
2025,PGMAC,1,6,DNB DEGREE,25661106562,2511203000126,PG25093859,40701,GAUTAM ANAND,M,EB,OBC,UR(DEGREE)- 782,EBC(DEGREE)- 204,,,UR(DIPLOMA)- 782,EBC(DIPLOMA)- 204,,,,,,,GMC PURNEA,Paediatrics,UR,Against UR Category Seat (DNB-Degree),All India - Round 1 - 2025.pdf
2025,PGMAC,1,6,DEGREE,25661005946,2511203000726,PG25206134,40713,ABHISHEK KUMAR,M,BC,OBC,UR(DEGREE)- 783,BC(DEGREE)- 227,,,UR(DIPLOMA)- 783,BC(DIPLOMA)- 227,,,,,,,"MGMMC & LSK HOS, KISHANGANJ",Anaesthesiology,UR,Against UR Category Seat (Degree),All India - Round 1 - 2025.pdf
2025,PGMAC,1,6,DEGREE,25661058526,2511203001239,PG25106709,40786,NISHCHAY GANGWAR,M,UR,GENERAL,UR(DEGREE)- 785,,,,UR(DIPLOMA)- 785,,,,,,,,"LORD BUDHA KOSHI MEDICAL COLLEGE & HOSPITAL, SAHARSA",Radiodiagnosis,UR,Against UR Category Seat (Degree),All India - Round 1 - 2025.pdf
2025,PGMAC,1,6,DNB DIPLOMA,25661175596,2511203001199,PG25157436,40857,RUQUAIYA TAKALLUM,F,EB,OBC,UR(DEGREE)- 787,EBC(DEGREE)- 205,RCG(DEGREE)- 226,,UR(DIPLOMA)- 787,EBC(DIPLOMA)- 205,RCG(DIPLOMA)- 226,,,,,,SADAR HOSPITAL MUZAFFARPUR,D.G.O.,UR,Against UR Category Seat (DNB-Diploma),All India - Round 1 - 2025.pdf
2025,PGMAC,1,6,DEGREE,25661107789,2511203001648,PG25180542,40993,NIZAMRAJ BANERJEE,M,UR,GENERAL,UR(DEGREE)- 789,,,,UR(DIPLOMA)- 789,,,,,,,,"N.M.C &.H, SASARAM",Radiodiagnosis,UR,Against UR Category Seat (Degree),All India - Round 1 - 2025.pdf
2025,PGMAC,1,6,DEGREE,25661153881,2511203001360,PG25090379,41005,AARUSH GUPTA,M,EW,EWS,UR(DEGREE)- 790,,,,UR(DIPLOMA)- 790,,,,,,,,"MADHUBANI MEDICAL COLLEGE , MADHUBANI",General Medicine,UR,Against UR Category Seat (Degree),All India - Round 1 - 2025.pdf
2025,PGMAC,1,6,DEGREE,25661200805,2511203002135,PG25140559,41198,SAMARJEET KAUR,F,UR,OBC,UR(DEGREE)- 795,,,,UR(DIPLOMA)- 795,,,,,,,,"MGMMC & LSK HOS, KISHANGANJ",E.N.T.,SM,Against SM Category Seat (Degree),All India - Round 1 - 2025.pdf
2025,PGMAC,1,6,DEGREE,25661085847,2511203001632,PG25007094,41389,PATIL PRANAV ARUN,M,UR,OBC,UR(DEGREE)- 798,,,,UR(DIPLOMA)- 798,,,,,,,,NETAJI SUBHAS MEDICAL COLLEGE & HOSPITAL,General Medicine,UR,Against UR Category Seat (Degree),All India - Round 1 - 2025.pdf
2025,PGMAC,1,6,DEGREE,25661022884,2511203000688,PG25116481,41412,CHINTALAPUDI NARENDRANADH REDDY,M,UR,EWS,UR(DEGREE)- 799,,,,UR(DIPLOMA)- 799,,,,,,,,"MADHUBANI MEDICAL COLLEGE , MADHUBANI",General Medicine,UR,Against UR Category Seat (Degree),All India - Round 1 - 2025.pdf
2025,PGMAC,1,6,DEGREE,25661054158,2511203001162,PG25028370,41450,JACKY KUMAR,M,BC,OBC,UR(DEGREE)- 800,BC(DEGREE)- 231,,,UR(DIPLOMA)- 800,BC(DIPLOMA)- 231,,,,,,,P.M.C.PATNA,Pathology,BC,Compensation Seat BC Against UR (Degree),All India - Round 1 - 2025.pdf
2025,PGMAC,1,6,DEGREE,25661174251,2511203001615,PG25061447,41465,AYESHA NAJMI,F,UR,GENERAL,UR(DEGREE)- 802,,,,UR(DIPLOMA)- 802,,,,,,,,K.M.C. KATIHAR,Radiodiagnosis,MM,Against MM Category Seat (Degree),All India - Round 1 - 2025.pdf
2025,PGMAC,1,6,DEGREE,25661025899,2511203000917,PG25019555,41494,TIWARI PAWAN SANTOSH,M,UR,EWS,UR(DEGREE)- 803,,,,UR(DIPLOMA)- 803,,,,,,,,NETAJI SUBHAS MEDICAL COLLEGE & HOSPITAL,General Medicine,UR,Against UR Category Seat (Degree),All India - Round 1 - 2025.pdf
2025,PGMAC,1,6,DEGREE,25661127219,2511203000009,PG25008709,41554,PATHAK VIVEK RAVINDRA,M,UR,GENERAL,UR(DEGREE)- 805,,,,UR(DIPLOMA)- 805,,,,,,,,"MADHUBANI MEDICAL COLLEGE , MADHUBANI",General Medicine,UR,Against UR Category Seat (Degree),All India - Round 1 - 2025.pdf
2025,PGMAC,1,6,DEGREE,25661216255,2511203001962,PG25049337,41570,MIHIR NIRAJKUMAR RATANPARA,M,UR,GENERAL,UR(DEGREE)- 806,,,,UR(DIPLOMA)- 806,,,,,,,,"N.M.C &.H, SASARAM",General Medicine,UR,Against UR Category Seat (Degree),All India - Round 1 - 2025.pdf
2025,PGMAC,1,6,DEGREE,25661152079,2511203000741,PG25149236,41603,VIDUSHI CHANDRA,F,UR,GENERAL,UR(DEGREE)- 807,,,,UR(DIPLOMA)- 807,,,,,,,,"MGMMC & LSK HOS, KISHANGANJ",DERMATOLOGY,UR,Against UR Category Seat (Degree),All India - Round 1 - 2025.pdf
2025,PGMAC,1,6,DEGREE,25661222309,2511203000219,PG25062134,41731,SHRISTI SWAROOP,F,UR,GENERAL,UR(DEGREE)- 809,,,,UR(DIPLOMA)- 809,,,,,,,,"N.M.C &.H, SASARAM",Radiodiagnosis,UR,Against UR Category Seat (Degree),All India - Round 1 - 2025.pdf
2025,PGMAC,1,6,DEGREE,25661175758,2511203000200,PG25005614,41793,KAMBLE RAHUL SANJAY,M,UR,SC,UR(DEGREE)- 812,,,,UR(DIPLOMA)- 812,,,,,,,,"MADHUBANI MEDICAL COLLEGE , MADHUBANI",General Medicine,UR,Against UR Category Seat (Degree),All India - Round 1 - 2025.pdf
2025,PGMAC,1,7,DEGREE,25661100225,2511203000015,PG25010048,41872,KAMALJEET SINGH,M,UR,OBC,UR(DEGREE)- 813,,,,UR(DIPLOMA)- 813,,,,,,,,"MGMMC & LSK HOS, KISHANGANJ",General Medicine,SM,Against SM Category Seat (Degree),All India - Round 1 - 2025.pdf
2025,PGMAC,1,7,DEGREE,25661107201,2511203000941,PG25144500,41924,AMIYA SHANKER,M,UR,GENERAL,UR(DEGREE)- 814,,,,UR(DIPLOMA)- 814,,,,,,,,"N.M.C &.H, SASARAM",General Medicine,UR,Against UR Category Seat (Degree),All India - Round 1 - 2025.pdf
2025,PGMAC,1,7,DEGREE,25661153149,2511203001334,PG25105298,42001,VISHWAJEET GUPTA,M,EB,OBC,UR(DEGREE)- 815,EBC(DEGREE)- 208,,,UR(DIPLOMA)- 815,EBC(DIPLOMA)- 208,,,,,,,N.M.C. PATNA,Pathology,EBC,Against EBC Category Seat (Degree),All India - Round 1 - 2025.pdf
2025,PGMAC,1,7,DEGREE,25661189814,2511203001789,PG25065070,42048,PAREKH SHREYAS JITESHKUMAR,M,UR,GENERAL,UR(DEGREE)- 817,,,,UR(DIPLOMA)- 817,,,,,,,,"N.M.C &.H, SASARAM",General Medicine,UR,Against UR Category Seat (Degree),All India - Round 1 - 2025.pdf
2025,PGMAC,1,7,DEGREE,25661127780,2511203001686,PG25160085,42250,SAHIL CHAUDHARY,M,UR,GENERAL,UR(DEGREE)- 818,,,,UR(DIPLOMA)- 818,,,,,,,,"N.M.C &.H, SASARAM",General Medicine,UR,Against UR Category Seat (Degree),All India - Round 1 - 2025.pdf
2025,PGMAC,1,7,DEGREE,25661002250,2511203001601,PG25019857,42274,SANDHYA,F,SC,SC,UR(DEGREE)- 819,SC(DEGREE)- 48,RCG(DEGREE)- 230,,UR(DIPLOMA)- 819,SC(DIPLOMA)- 48,RCG(DIPLOMA)- 230,,,,,,J.L.N.M.C. BHAGALPUR,Psychiatry,SC,Against SC Category Seat (Degree),All India - Round 1 - 2025.pdf
2025,PGMAC,1,7,DEGREE,25661087327,2511203001585,PG25143283,42327,YASHPAL PATEL,M,UR,GENERAL,UR(DEGREE)- 820,,,,UR(DIPLOMA)- 820,,,,,,,,"LORD BUDHA KOSHI MEDICAL COLLEGE & HOSPITAL, SAHARSA",General Surgery,UR,Against UR Category Seat (Degree),All India - Round 1 - 2025.pdf
2025,PGMAC,1,7,DEGREE,25661077924,2511203001236,PG25027201,42333,MINU,F,SC,SC,UR(DEGREE)- 821,SC(DEGREE)- 49,RCG(DEGREE)- 231,,UR(DIPLOMA)- 821,SC(DIPLOMA)- 49,RCG(DIPLOMA)- 231,,,,,,N.M.C. PATNA,Anaesthesiology,SC,Against SC Category Seat (Degree),All India - Round 1 - 2025.pdf
2025,PGMAC,1,7,DEGREE,25661013203,2511203000712,PG25049241,42447,BANDOLE HEMCHAND ASHOK,M,UR,OBC,UR(DEGREE)- 824,,,,UR(DIPLOMA)- 824,,,,,,,,"N.M.C &.H, SASARAM",OPHTHALMOLOGY,UR,Against UR Category Seat (Degree),All India - Round 1 - 2025.pdf
2025,PGMAC,1,7,DEGREE,25661025360,2511203001568,PG25067607,42453,DIKSHA MALIK,F,UR,GENERAL,UR(DEGREE)- 825,,,,UR(DIPLOMA)- 825,,,,,,,,"MGMMC & LSK HOS, KISHANGANJ",Paediatrics,UR,Against UR Category Seat (Degree),All India - Round 1 - 2025.pdf
2025,PGMAC,1,7,DEGREE,25661021355,2511203000716,PG25161092,42686,KARANPREET SINGH SAINI,M,UR,GENERAL,UR(DEGREE)- 830,,,,UR(DIPLOMA)- 830,,,,,,,,"N.M.C &.H, SASARAM",Radiodiagnosis,UR,Against UR Category Seat (Degree),All India - Round 1 - 2025.pdf
2025,PGMAC,1,7,DEGREE,25661074606,2511203002009,PG25133422,42812,MOHAMMAD IRFAN BASHA,M,UR,GENERAL,UR(DEGREE)- 832,,,,UR(DIPLOMA)- 832,,,,,,,,"LORD BUDHA KOSHI MEDICAL COLLEGE & HOSPITAL, SAHARSA",Paediatrics,UR,Against UR Category Seat (Degree),All India - Round 1 - 2025.pdf
2025,PGMAC,1,7,DNB DEGREE,25661188569,2511203000841,PG25192340,42827,MD AMANULLAH,M,EB,OBC,UR(DEGREE)- 833,EBC(DEGREE)- 211,,,UR(DIPLOMA)- 833,EBC(DIPLOMA)- 211,,,,,,,"B.M.I.M.S,PAWAPURI, NALANDA",Anaesthesiology,UR,Against UR Category Seat (DNB-Degree),All India - Round 1 - 2025.pdf
2025,PGMAC,1,7,DNB DIPLOMA,25661118313,2511203000875,PG25164877,43218,MADHU KUMARI,F,SC,SC,UR(DEGREE)- 835,SC(DEGREE)- 52,RCG(DEGREE)- 235,,UR(DIPLOMA)- 835,SC(DIPLOMA)- 52,RCG(DIPLOMA)- 235,,,,,,"SADAR HOSPITAL CHAPRA,SARAN",D.G.O.,UR,Against UR Category Seat (DNB-Diploma),All India - Round 1 - 2025.pdf
2025,PGMAC,1,7,DEGREE,25661215808,2511203000164,PG25051113,43671,CHIRAG,M,UR,GENERAL,UR(DEGREE)- 837,,,,UR(DIPLOMA)- 837,,,,,,,,"MGMMC & LSK HOS, KISHANGANJ",Anaesthesiology,UR,Against UR Category Seat (Degree),All India - Round 1 - 2025.pdf
2025,PGMAC,1,7,DEGREE,25661214754,2511203000686,PG25122594,43684,SHIWANGI,F,EB,OBC,UR(DEGREE)- 838,EBC(DEGREE)- 213,RCG(DEGREE)- 237,,UR(DIPLOMA)- 838,EBC(DIPLOMA)- 213,RCG(DIPLOMA)- 237,,,,,,P.M.C.PATNA,Pathology,EBC,Compensation Seat EBC Against UR (Degree) - Female,All India - Round 1 - 2025.pdf
2025,PGMAC,1,7,DEGREE,25661140725,2511203000649,PG25124872,43826,BHOGYAM HARI KRISHNA,M,UR,OBC,UR(DEGREE)- 839,,,,UR(DIPLOMA)- 839,,,,,,,,"N.M.C &.H, SASARAM",General Medicine,UR,Against UR Category Seat (Degree),All India - Round 1 - 2025.pdf
2025,PGMAC,1,7,DEGREE,25661008584,2511203000147,PG25140901,43910,YUKTA KUMAR,F,SC,SC,UR(DEGREE)- 841,SC(DEGREE)- 53,RCG(DEGREE)- 239,,UR(DIPLOMA)- 841,SC(DIPLOMA)- 53,RCG(DIPLOMA)- 239,,,,,,P.M.C.PATNA,PHY.MED.& REHAB.,SC,Against SC Category Seat (Degree),All India - Round 1 - 2025.pdf
2025,PGMAC,1,7,DEGREE,25661101548,2511203001560,PG25051164,43943,RAIYANI SIDDHARTH DHIRAJLAL,M,UR,GENERAL,UR(DEGREE)- 844,,,,UR(DIPLOMA)- 844,,,,,,,,"N.M.C &.H, SASARAM",Radiodiagnosis,UR,Against UR Category Seat (Degree),All India - Round 1 - 2025.pdf
2025,PGMAC,1,7,DEGREE,25661190131,2511203001274,PG25205622,44020,KIRTI DIXIT,F,UR,GENERAL,UR(DEGREE)- 845,,,,UR(DIPLOMA)- 845,,,,,,,,"MGMMC & LSK HOS, KISHANGANJ",DERMATOLOGY,UR,Against UR Category Seat (Degree),All India - Round 1 - 2025.pdf
2025,PGMAC,1,7,DEGREE,25661065958,2511203002067,PG25068974,44102,ANKITA CHOUDHARY,F,UR,GENERAL,UR(DEGREE)- 848,,,,UR(DIPLOMA)- 848,,,,,,,,"LORD BUDHA KOSHI MEDICAL COLLEGE & HOSPITAL, SAHARSA",General Surgery,UR,Against UR Category Seat (Degree),All India - Round 1 - 2025.pdf
2025,PGMAC,1,7,DEGREE,25661202596,2511203001618,PG25112810,44107,KSHIRSAGAR NIKITA HEMANT,F,UR,OBC,UR(DEGREE)- 849,,,,UR(DIPLOMA)- 849,,,,,,,,"N.M.C &.H, SASARAM",General Medicine,UR,Against UR Category Seat (Degree),All India - Round 1 - 2025.pdf
2025,PGMAC,1,7,DEGREE,25661034731,2511203000036,PG25063394,44191,ARIF HUSSAIN,M,UR,GENERAL,UR(DEGREE)- 851,,,,UR(DIPLOMA)- 851,,,,,,,,"LORD BUDHA KOSHI MEDICAL COLLEGE & HOSPITAL, SAHARSA",Paediatrics,UR,Against UR Category Seat (Degree),All India - Round 1 - 2025.pdf
2025,PGMAC,1,7,DEGREE,25661079230,2511203000153,PG25071315,44306,ARMAAN ANAND,M,BC,OBC,UR(DEGREE)- 852,BC(DEGREE)- 236,,,UR(DIPLOMA)- 852,BC(DIPLOMA)- 236,,,,,,,"LORD BUDHA KOSHI MEDICAL COLLEGE & HOSPITAL, SAHARSA",General Surgery,UR,Against UR Category Seat (Degree),All India - Round 1 - 2025.pdf
2025,PGMAC,1,7,DEGREE,25661041075,2511203000278,PG25167979,44313,AYUSH KASHYAP,M,UR,GENERAL,UR(DEGREE)- 853,,,,UR(DIPLOMA)- 853,,,,,,,,"LORD BUDHA KOSHI MEDICAL COLLEGE & HOSPITAL, SAHARSA",Orthopaedics,UR,Against UR Category Seat (Degree),All India - Round 1 - 2025.pdf
2025,PGMAC,1,7,DEGREE,25661175231,2511203002064,PG25072772,44370,AKASH DEEP SINGH,M,UR,GENERAL,UR(DEGREE)- 856,,,,UR(DIPLOMA)- 856,,,,,,,,"N.M.C &.H, SASARAM",General Medicine,UR,Against UR Category Seat (Degree),All India - Round 1 - 2025.pdf
2025,PGMAC,1,7,DNB DEGREE,25661105022,2511203000978,PG25112151,44417,RAJESH KUMAR,M,EB,OBC,UR(DEGREE)- 857,EBC(DEGREE)- 217,,,UR(DIPLOMA)- 857,EBC(DIPLOMA)- 217,,,,,,,A.N.M.M.C. GAYA,General Medicine,UR,Against UR Category Seat (DNB-Degree),All India - Round 1 - 2025.pdf
2025,PGMAC,1,7,DEGREE,25661175820,2511203000951,PG25073030,44483,MOHIT ANAND,M,EW,EWS,UR(DEGREE)- 859,EWS(DEGREE)- 133,,,UR(DIPLOMA)- 859,EWS(DIPLOMA)- 133,,,,,,,P.M.C.PATNA,Pharmacology,EWS,Against EWS Category Seat (Degree),All India - Round 1 - 2025.pdf
2025,PGMAC,1,7,DEGREE,25661162062,2511203000269,PG25123761,44531,AYANADITYA PAL,M,UR,GENERAL,UR(DEGREE)- 861,,,,UR(DIPLOMA)- 861,,,,,,,,"MGMMC & LSK HOS, KISHANGANJ",Orthopaedics,UR,Against UR Category Seat (Degree),All India - Round 1 - 2025.pdf
2025,PGMAC,1,7,DEGREE,25661161295,2511203000243,PG25053027,44597,SADIA YASIN,F,EW,EWS,UR(DEGREE)- 862,,,,UR(DIPLOMA)- 862,,,,,,,,K.M.C. KATIHAR,DERMATOLOGY,MM,Against MM Category Seat (Degree),All India - Round 1 - 2025.pdf
2025,PGMAC,1,7,DEGREE,25661156770,2511203001897,PG25119084,44668,SIDAKPREET SINGH,M,UR,GENERAL,UR(DEGREE)- 863,,,,UR(DIPLOMA)- 863,,,,,,,,"MGMMC & LSK HOS, KISHANGANJ",E.N.T.,UR,Against UR Category Seat (Degree),All India - Round 1 - 2025.pdf
2025,PGMAC,1,7,DEGREE,25661190656,2511203000486,PG25082385,44690,ANJALI PRIYA,F,EB,OBC,UR(DEGREE)- 864,EBC(DEGREE)- 219,RCG(DEGREE)- 242,,UR(DIPLOMA)- 864,EBC(DIPLOMA)- 219,RCG(DIPLOMA)- 242,,,,,,P.M.C.PATNA,Pathology,RCG,Against RCG Category Seat (Degree),All India - Round 1 - 2025.pdf
2025,PGMAC,1,7,DEGREE,25661109793,2511203000691,PG25033523,44772,YASH BHARGAVA,M,UR,GENERAL,UR(DEGREE)- 866,,,,UR(DIPLOMA)- 866,,,,,,,,K.M.C. KATIHAR,Radiodiagnosis,UR,Against UR Category Seat (Degree),All India - Round 1 - 2025.pdf
2025,PGMAC,1,7,DEGREE,25661018690,2511203001932,PG25101717,44817,NIRAJ KUMAR BURNWAL,M,BC,OBC,UR(DEGREE)- 867,BC(DEGREE)- 237,,,UR(DIPLOMA)- 867,BC(DIPLOMA)- 237,,,,,,,"LORD BUDHA KOSHI MEDICAL COLLEGE & HOSPITAL, SAHARSA",General Surgery,UR,Against UR Category Seat (Degree),All India - Round 1 - 2025.pdf
2025,PGMAC,1,7,DEGREE,25661045340,2511203002020,PG25052989,44853,SWAMI ABHIJEET VISHWANATH,M,UR,OBC,UR(DEGREE)- 869,,,,UR(DIPLOMA)- 869,,,,,,,,NETAJI SUBHAS MEDICAL COLLEGE & HOSPITAL,OPHTHALMOLOGY,UR,Against UR Category Seat (Degree),All India - Round 1 - 2025.pdf
2025,PGMAC,1,7,DEGREE,25661102618,2511203002037,PG25076461,44934,SHIVAM MERAWAT,M,UR,OBC,UR(DEGREE)- 870,,,,UR(DIPLOMA)- 870,,,,,,,,"N.M.C &.H, SASARAM",Radiodiagnosis,UR,Against UR Category Seat (Degree),All India - Round 1 - 2025.pdf
2025,PGMAC,1,7,DEGREE,25661145530,2511203000876,PG25145244,45117,ISHA AGARWAL,F,UR,GENERAL,UR(DEGREE)- 874,,,,UR(DIPLOMA)- 874,,,,,,,,"MGMMC & LSK HOS, KISHANGANJ",General Surgery,UR,Against UR Category Seat (Degree),All India - Round 1 - 2025.pdf
2025,PGMAC,1,7,DEGREE,25661112410,2511203001165,PG25068227,45216,GAUTAM RAJ,M,BC,OBC,UR(DEGREE)- 875,,,,UR(DIPLOMA)- 875,,,,,,,,"LORD BUDHA KOSHI MEDICAL COLLEGE & HOSPITAL, SAHARSA",Paediatrics,UR,Against UR Category Seat (Degree),All India - Round 1 - 2025.pdf
2025,PGMAC,1,7,DNB DEGREE,25661212520,2511203001951,PG25192892,45230,MAHESH KRISHNAN,M,EB,OBC,UR(DEGREE)- 876,EBC(DEGREE)- 222,,,UR(DIPLOMA)- 876,EBC(DIPLOMA)- 222,,,,,,,GMC PURNEA,Paediatrics,EBC,JUMP OVER ON EBC seat (DNB-Degree),All India - Round 1 - 2025.pdf
2025,PGMAC,1,7,DEGREE,25661208214,2511203000903,PG25117307,45280,POOJA KUMARI,F,EB,OBC,UR(DEGREE)- 877,EBC(DEGREE)- 223,RCG(DEGREE)- 244,,UR(DIPLOMA)- 877,EBC(DIPLOMA)- 223,RCG(DIPLOMA)- 244,,,,,,"LORD BUDHA KOSHI MEDICAL COLLEGE & HOSPITAL, SAHARSA",OBS & GYNAE,UR,Against UR Category Seat (Degree),All India - Round 1 - 2025.pdf
2025,PGMAC,1,7,DEGREE,25661135423,2511203000492,PG25151488,45304,DAKHOLE GAURAV MANOHAR,M,UR,OBC,UR(DEGREE)- 878,,,,UR(DIPLOMA)- 878,,,,,,,,"MGMMC & LSK HOS, KISHANGANJ",Anaesthesiology,UR,Against UR Category Seat (Degree),All India - Round 1 - 2025.pdf
2025,PGMAC,1,7,DEGREE,25661139827,2511203000058,PG25139984,45618,AVINASH RAJ,M,EB,OBC,UR(DEGREE)- 883,EBC(DEGREE)- 225,,,UR(DIPLOMA)- 883,EBC(DIPLOMA)- 225,,,,,,,"N.M.C &.H, SASARAM",Radiodiagnosis,UR,Against UR Category Seat (Degree),All India - Round 1 - 2025.pdf
2025,PGMAC,1,7,DEGREE,25661182203,2511203001808,PG25184881,45629,NAMANDEEP,M,UR,GENERAL,UR(DEGREE)- 884,,,,UR(DIPLOMA)- 884,,,,,,,,"N.M.C &.H, SASARAM",General Medicine,UR,Against UR Category Seat (Degree),All India - Round 1 - 2025.pdf
2025,PGMAC,1,7,DEGREE,25661154942,2511203002107,PG25238555,45785,PRERNA SAHAY,F,UR,GENERAL,UR(DEGREE)- 886,,,,UR(DIPLOMA)- 886,,,,,,,,"N.M.C &.H, SASARAM",General Medicine,UR,Against UR Category Seat (Degree),All India - Round 1 - 2025.pdf
2025,PGMAC,1,7,DEGREE,25661150337,2511203000500,PG25136479,45794,VAISHNAVI,F,UR,GENERAL,UR(DEGREE)- 887,,,,UR(DIPLOMA)- 887,,,,,,,,"MGMMC & LSK HOS, KISHANGANJ",OBS & GYNAE,UR,Against UR Category Seat (Degree),All India - Round 1 - 2025.pdf
2025,PGMAC,1,7,DEGREE,25661145533,2511203001145,PG25124183,46085,KSHITIJ LAKRA,M,UR,GENERAL,UR(DEGREE)- 890,,,,UR(DIPLOMA)- 890,,,,,,,,"N.M.C &.H, SASARAM",General Medicine,UR,Against UR Category Seat (Degree),All India - Round 1 - 2025.pdf
2025,PGMAC,1,7,DEGREE,25661083482,2511203000947,PG25105058,46155,MEHTA LOVE BHADRESHKUMAR,M,UR,GENERAL,UR(DEGREE)- 891,,,,UR(DIPLOMA)- 891,,,,,,,,"N.M.C &.H, SASARAM",General Medicine,UR,Against UR Category Seat (Degree),All India - Round 1 - 2025.pdf
2025,PGMAC,1,7,DEGREE,25661033857,2511203002161,PG25018460,46197,ANIMESH RAJ,M,UR,EWS,UR(DEGREE)- 892,,,,UR(DIPLOMA)- 892,,,,,,,,"MGMMC & LSK HOS, KISHANGANJ",General Surgery,UR,Against UR Category Seat (Degree),All India - Round 1 - 2025.pdf
2025,PGMAC,1,7,DEGREE,25661157479,2511203002029,PG25044928,46219,SUYASH AGRAWAL,M,UR,GENERAL,UR(DEGREE)- 893,,,,UR(DIPLOMA)- 893,,,,,,,,"MGMMC & LSK HOS, KISHANGANJ",General Surgery,UR,Against UR Category Seat (Degree),All India - Round 1 - 2025.pdf
2025,PGMAC,1,7,DEGREE,25661058705,2511203001403,PG25005878,46230,JYOTI GUPTA,F,UR,GENERAL,UR(DEGREE)- 894,,,,UR(DIPLOMA)- 894,,,,,,,,"N.M.C &.H, SASARAM",OPHTHALMOLOGY,UR,Against UR Category Seat (Degree),All India - Round 1 - 2025.pdf
2025,PGMAC,1,7,DEGREE,25661012602,2511203001692,PG25044584,46240,ANAND NANDAN MISHRA,M,UR,GENERAL,UR(DEGREE)- 895,,,,UR(DIPLOMA)- 895,,,,,,,,"MGMMC & LSK HOS, KISHANGANJ",E.N.T.,UR,Against UR Category Seat (Degree),All India - Round 1 - 2025.pdf
2025,PGMAC,1,7,DEGREE,25661151736,2511203000415,PG25093873,46349,KRISHNANSH MAJUMDAR,M,UR,GENERAL,UR(DEGREE)- 897,,,,UR(DIPLOMA)- 897,,,,,,,,"N.M.C &.H, SASARAM",OPHTHALMOLOGY,UR,Against UR Category Seat (Degree),All India - Round 1 - 2025.pdf
2025,PGMAC,1,8,DEGREE,25661118132,2511203000914,PG25188991,46402,SWATANTRA,M,UR,GENERAL,UR(DEGREE)- 898,,,,UR(DIPLOMA)- 898,,,,,,,,"LORD BUDHA KOSHI MEDICAL COLLEGE & HOSPITAL, SAHARSA",Orthopaedics,UR,Against UR Category Seat (Degree),All India - Round 1 - 2025.pdf
2025,PGMAC,1,8,DEGREE,25661021633,2511203000093,PG25069514,46424,HARGUN KAUR BRAR,F,UR,GENERAL,UR(DEGREE)- 899,,,,UR(DIPLOMA)- 899,,,,,,,,"MGMMC & LSK HOS, KISHANGANJ",OPHTHALMOLOGY,SM,Against SM Category Seat (Degree),All India - Round 1 - 2025.pdf
2025,PGMAC,1,8,DEGREE,25661204467,2511203002265,PG25020004,46504,DIGANT JAIN,M,UR,GENERAL,UR(DEGREE)- 900,,,,UR(DIPLOMA)- 900,,,,,,,,"MGMMC & LSK HOS, KISHANGANJ",Orthopaedics,UR,Against UR Category Seat (Degree),All India - Round 1 - 2025.pdf
2025,PGMAC,1,8,DEGREE,25664010496,2511203000479,PG25192238,46508,BIKASH YADAV,M,UR,GENERAL,UR(DEGREE)- 901,,,,UR(DIPLOMA)- 901,,,,,,,,"LORD BUDHA KOSHI MEDICAL COLLEGE & HOSPITAL, SAHARSA",Paediatrics,UR,Against UR Category Seat (Degree),All India - Round 1 - 2025.pdf
2025,PGMAC,1,8,DEGREE,25661241073,2511203001884,PG25104084,46721,ADITYA KUMAR SINGH,M,BC,OBC,UR(DEGREE)- 903,BC(DEGREE)- 238,,,UR(DIPLOMA)- 903,BC(DIPLOMA)- 238,,,,,,,D.M.C.LAHERIASARAI,Pathology,BC,Compensation Seat BC Against UR (Degree),All India - Round 1 - 2025.pdf
2025,PGMAC,1,8,DEGREE,25661130675,2511203000331,PG25124229,46883,AJAY VERMA,M,UR,OBC,UR(DEGREE)- 906,,,,UR(DIPLOMA)- 906,,,,,,,,"MGMMC & LSK HOS, KISHANGANJ",Orthopaedics,UR,Against UR Category Seat (Degree),All India - Round 1 - 2025.pdf
2025,PGMAC,1,8,DEGREE,25661016251,2511203000911,PG25114787,46885,ALTAF AHMED,M,UR,OBC,UR(DEGREE)- 907,,,,UR(DIPLOMA)- 907,,,,,,,,K.M.C. KATIHAR,General Medicine,MM,Against MM Category Seat (Degree),All India - Round 1 - 2025.pdf
2025,PGMAC,1,8,DNB DEGREE,25661143888,2511203001436,PG25149774,47057,MANISH KUMAR,M,EW,EWS,UR(DEGREE)- 911,EWS(DEGREE)- 134,,,UR(DIPLOMA)- 911,EWS(DIPLOMA)- 134,,,,,,,JKTMC MADHEPURA,General Medicine,EWS,Against EWS Category Seat (DNB-Degree),All India - Round 1 - 2025.pdf
2025,PGMAC,1,8,DEGREE,25661067860,2511203002226,PG25090404,47079,ADITI SINGH,F,UR,GENERAL,UR(DEGREE)- 912,,,,UR(DIPLOMA)- 912,,,,,,,,NETAJI SUBHAS MEDICAL COLLEGE & HOSPITAL,OBS & GYNAE,UR,Against UR Category Seat (Degree),All India - Round 1 - 2025.pdf
2025,PGMAC,1,8,DEGREE,25661146018,2511203002015,PG25050981,47103,TANMAY SINGH,M,UR,GENERAL,UR(DEGREE)- 913,,,,UR(DIPLOMA)- 913,,,,,,,,"N.M.C &.H, SASARAM",E.N.T.,UR,Against UR Category Seat (Degree),All India - Round 1 - 2025.pdf
2025,PGMAC,1,8,DEGREE,25661111286,2511203000565,PG25029345,47159,SHAHID NAZIR RAZA WANI,M,UR,GENERAL,UR(DEGREE)- 916,,,,UR(DIPLOMA)- 916,,,,,,,,"MADHUBANI MEDICAL COLLEGE , MADHUBANI",General Medicine,MM,Against MM Category Seat (Degree),All India - Round 1 - 2025.pdf
2025,PGMAC,1,8,DNB DEGREE,25661120004,2511203000769,PG25198552,47402,BRAJESH KUMAR,M,SC,SC,UR(DEGREE)- 917,SC(DEGREE)- 58,,,UR(DIPLOMA)- 917,SC(DIPLOMA)- 58,,,,,,,"G.M.C., BETTIAH",General Medicine,SC,Against SC Category Seat (DNB-Degree),All India - Round 1 - 2025.pdf
2025,PGMAC,1,8,DEGREE,25661109732,2511203001805,PG25205143,47542,ARYA KUMARI,F,EW,EWS,UR(DEGREE)- 919,,,,UR(DIPLOMA)- 919,,,,,,,,NETAJI SUBHAS MEDICAL COLLEGE & HOSPITAL,OBS & GYNAE,UR,Against UR Category Seat (Degree),All India - Round 1 - 2025.pdf
2025,PGMAC,1,8,DEGREE,25661219500,2511203001340,PG25127829,47614,SAMAN NAZ,F,UR,GENERAL,UR(DEGREE)- 920,,,,UR(DIPLOMA)- 920,,,,,,,,K.M.C. KATIHAR,DERMATOLOGY,MM,Against MM Category Seat (Degree),All India - Round 1 - 2025.pdf
2025,PGMAC,1,8,DEGREE,25661008895,2511203000119,PG25171078,47635,ASFIA TABASSUM,F,EB,OBC,UR(DEGREE)- 921,EBC(DEGREE)- 227,RCG(DEGREE)- 248,,UR(DIPLOMA)- 921,EBC(DIPLOMA)- 227,RCG(DIPLOMA)- 248,,,,,,NETAJI SUBHAS MEDICAL COLLEGE & HOSPITAL,OBS & GYNAE,UR,Against UR Category Seat (Degree),All India - Round 1 - 2025.pdf
2025,PGMAC,1,8,DEGREE,25661086422,2511203000281,PG25091463,47940,ANKITA,F,UR,GENERAL,UR(DEGREE)- 923,,,,UR(DIPLOMA)- 923,,,,,,,,"N.M.C &.H, SASARAM",Paediatrics,UR,Against UR Category Seat (Degree),All India - Round 1 - 2025.pdf
2025,PGMAC,1,8,DEGREE,25661119614,2511203000317,PG25074128,48086,SAKSHI SHERAWAT,F,UR,GENERAL,UR(DEGREE)- 924,,,,UR(DIPLOMA)- 924,,,,,,,,NETAJI SUBHAS MEDICAL COLLEGE & HOSPITAL,Paediatrics,UR,Against UR Category Seat (Degree),All India - Round 1 - 2025.pdf
2025,PGMAC,1,8,DEGREE,25661043561,2511203000216,PG25195885,48144,ANTERJEET,M,UR,GENERAL,UR(DEGREE)- 925,,,,UR(DIPLOMA)- 925,,,,,,,,"LORD BUDHA KOSHI MEDICAL COLLEGE & HOSPITAL, SAHARSA",Orthopaedics,UR,Against UR Category Seat (Degree),All India - Round 1 - 2025.pdf
2025,PGMAC,1,8,DEGREE,25661027719,2511203000355,PG25236516,48352,PIYUSH RANJAN,M,UR,GENERAL,UR(DEGREE)- 926,,,,UR(DIPLOMA)- 926,,,,,,,,"N.M.C &.H, SASARAM",Radiodiagnosis,UR,Against UR Category Seat (Degree),All India - Round 1 - 2025.pdf
2025,PGMAC,1,8,DEGREE,25661117972,2511203000885,PG25157015,48405,MD ABDUL BASIT,M,BC,OBC,UR(DEGREE)- 927,BC(DEGREE)- 240,,,UR(DIPLOMA)- 927,BC(DIPLOMA)- 240,,,,,,,P.M.C.PATNA,Pathology,BC,Compensation Seat BC Against UR (Degree),All India - Round 1 - 2025.pdf
2025,PGMAC,1,8,DEGREE,25661227488,2511203000729,PG25137832,48415,LUCKY KUMARI,F,EB,OBC,UR(DEGREE)- 928,EBC(DEGREE)- 228,RCG(DEGREE)- 249,,UR(DIPLOMA)- 928,EBC(DIPLOMA)- 228,RCG(DIPLOMA)- 249,,,,,,I.G.I.M.S. PATNA,Microbiology,EBC,Against EBC Category Seat (Degree) - Female,All India - Round 1 - 2025.pdf
2025,PGMAC,1,8,DEGREE,25661052877,2511203000781,PG25079515,48535,K HENA PARVEEN,F,UR,GENERAL,UR(DEGREE)- 929,,,,UR(DIPLOMA)- 929,,,,,,,,"MADHUBANI MEDICAL COLLEGE , MADHUBANI",General Medicine,MM,Against MM Category Seat (Degree),All India - Round 1 - 2025.pdf
2025,PGMAC,1,8,DEGREE,25661205049,2511203000792,PG25068159,48576,KUSHAGRA CHOUDHARY,M,UR,GENERAL,UR(DEGREE)- 930,,,,UR(DIPLOMA)- 930,,,,,,,,"MGMMC & LSK HOS, KISHANGANJ",Orthopaedics,UR,Against UR Category Seat (Degree),All India - Round 1 - 2025.pdf
2025,PGMAC,1,8,DEGREE,25661066604,2511203000426,PG25033330,48930,MOHAMMED KASHIFF,M,UR,OBC,UR(DEGREE)- 936,,,,UR(DIPLOMA)- 936,,,,,,,,K.M.C. KATIHAR,General Medicine,MM,Against MM Category Seat (Degree),All India - Round 1 - 2025.pdf
2025,PGMAC,1,8,DEGREE,25661014269,2511203001487,PG25024544,49195,SAIMA AFSHAN,F,UR,GENERAL,UR(DEGREE)- 940,,,,UR(DIPLOMA)- 940,,,,,,,,K.M.C. KATIHAR,Paediatrics,MM,Against MM Category Seat (Degree),All India - Round 1 - 2025.pdf
2025,PGMAC,1,8,DEGREE,25661225827,2511203000600,PG25033740,49198,MAHESH YADAV,M,UR,OBC,UR(DEGREE)- 941,,,,UR(DIPLOMA)- 941,,,,,,,,"N.M.C &.H, SASARAM",E.N.T.,UR,Against UR Category Seat (Degree),All India - Round 1 - 2025.pdf
2025,PGMAC,1,8,DEGREE,25661011752,2511203000448,PG25139412,49255,MD MINNATULLAH WALI RAHMANI,M,UR,GENERAL,UR(DEGREE)- 942,,,,UR(DIPLOMA)- 942,,,,,,,,"MADHUBANI MEDICAL COLLEGE , MADHUBANI",General Medicine,MM,Against MM Category Seat (Degree),All India - Round 1 - 2025.pdf
2025,PGMAC,1,8,DEGREE,25661091788,2511203002222,PG25063546,49275,APARNA SINGH,F,UR,GENERAL,UR(DEGREE)- 944,,,,UR(DIPLOMA)- 944,,,,,,,,"MADHUBANI MEDICAL COLLEGE , MADHUBANI",DERMATOLOGY,UR,Against UR Category Seat (Degree),All India - Round 1 - 2025.pdf
2025,PGMAC,1,8,DEGREE,25661021246,2511203002269,PG25096378,49432,SIDHARTHA KUMAR,M,UR,GENERAL,UR(DEGREE)- 948,,,,UR(DIPLOMA)- 948,,,,,,,,"LORD BUDHA KOSHI MEDICAL COLLEGE & HOSPITAL, SAHARSA",Paediatrics,UR,Against UR Category Seat (Degree),All India - Round 1 - 2025.pdf
2025,PGMAC,1,8,DNB DIPLOMA,25661198270,2511203001053,PG25186260,49591,RUBI KUMARI,F,BC,OBC,UR(DEGREE)- 950,BC(DEGREE)- 244,RCG(DEGREE)- 252,,UR(DIPLOMA)- 950,BC(DIPLOMA)- 244,RCG(DIPLOMA)- 252,,,,,,SADAR HOSPITAL SITAMARHI,D.G.O.,UR,Against UR Category Seat (DNB-Diploma),All India - Round 1 - 2025.pdf
2025,PGMAC,1,8,DEGREE,25661089148,2511203001749,PG25233952,49738,PRIYA SHEKHAR,F,UR,GENERAL,UR(DEGREE)- 952,,,,UR(DIPLOMA)- 952,,,,,,,,"N.M.C &.H, SASARAM",OBS & GYNAE,UR,Against UR Category Seat (Degree),All India - Round 1 - 2025.pdf
2025,PGMAC,1,8,DEGREE,25661215239,2511203001291,PG25112987,49835,SANU ROSHAN,M,UR,GENERAL,UR(DEGREE)- 953,,,,UR(DIPLOMA)- 953,,,,,,,,"LORD BUDHA KOSHI MEDICAL COLLEGE & HOSPITAL, SAHARSA",E.N.T.,UR,Against UR Category Seat (Degree),All India - Round 1 - 2025.pdf
2025,PGMAC,1,8,DEGREE,25661213261,2511203002003,PG25157631,49866,SOMYA,F,BC,OBC,UR(DEGREE)- 954,BC(DEGREE)- 245,RCG(DEGREE)- 253,,UR(DIPLOMA)- 954,BC(DIPLOMA)- 245,RCG(DIPLOMA)- 253,,,,,,D.M.C.LAHERIASARAI,COMMUNITY MEDICINE,BC,Compensation Seat BC Against UR (Degree),All India - Round 1 - 2025.pdf
2025,PGMAC,1,8,DEGREE,25661128274,2511203000166,PG25095427,49906,TABISH KHAN,M,UR,GENERAL,UR(DEGREE)- 955,,,,UR(DIPLOMA)- 955,,,,,,,,K.M.C. KATIHAR,General Medicine,MM,Against MM Category Seat (Degree),All India - Round 1 - 2025.pdf
2025,PGMAC,1,8,DEGREE,25661221990,2511203001856,PG25215792,50180,PRIYANSHI TIWARI,F,UR,GENERAL,UR(DEGREE)- 961,,,,UR(DIPLOMA)- 961,,,,,,,,"LORD BUDHA KOSHI MEDICAL COLLEGE & HOSPITAL, SAHARSA",Anaesthesiology,UR,Against UR Category Seat (Degree),All India - Round 1 - 2025.pdf
2025,PGMAC,1,8,DEGREE,25661189436,2511203000886,PG25093419,50251,DEWANSHU DEO,M,UR,GENERAL,UR(DEGREE)- 962,,,,UR(DIPLOMA)- 962,,,,,,,,"LORD BUDHA KOSHI MEDICAL COLLEGE & HOSPITAL, SAHARSA",OPHTHALMOLOGY,UR,Against UR Category Seat (Degree),All India - Round 1 - 2025.pdf
2025,PGMAC,1,8,DEGREE,25661171805,2511203002068,PG25216328,50351,SADAF JAWAID,F,BC,OBC,UR(DEGREE)- 963,BC(DEGREE)- 246,RCG(DEGREE)- 255,,UR(DIPLOMA)- 963,BC(DIPLOMA)- 246,RCG(DIPLOMA)- 255,,,,,,J.L.N.M.C. BHAGALPUR,Pathology,BC,Compensation Seat BC Against UR (Degree),All India - Round 1 - 2025.pdf
2025,PGMAC,1,8,DEGREE,25661001871,2511203000229,PG25191461,50476,SAVINAY CHAUHAN,M,UR,GENERAL,UR(DEGREE)- 964,,,,UR(DIPLOMA)- 964,,,,,,,,"MGMMC & LSK HOS, KISHANGANJ",General Surgery,UR,Against UR Category Seat (Degree),All India - Round 1 - 2025.pdf
2025,PGMAC,1,8,DEGREE,25661104749,2511203000728,PG25206477,50609,SHUBHANGI PRIYA,F,UR,GENERAL,UR(DEGREE)- 967,,,,UR(DIPLOMA)- 967,,,,,,,,"N.M.C &.H, SASARAM",Anaesthesiology,UR,Against UR Category Seat (Degree),All India - Round 1 - 2025.pdf
2025,PGMAC,1,8,DEGREE,25661010308,2511203001079,PG25048959,50708,MOUSUMI MAITI,F,UR,GENERAL,UR(DEGREE)- 969,,,,UR(DIPLOMA)- 969,,,,,,,,K.M.C. KATIHAR,OPHTHALMOLOGY,UR,Against UR Category Seat (Degree),All India - Round 1 - 2025.pdf
2025,PGMAC,1,8,DEGREE,25661034116,2511203001818,PG25158048,50731,SHASHWAT,M,UR,OBC,UR(DEGREE)- 971,,,,UR(DIPLOMA)- 971,,,,,,,,"N.M.C &.H, SASARAM",General Surgery,UR,Against UR Category Seat (Degree),All India - Round 1 - 2025.pdf
2025,PGMAC,1,8,DEGREE,25661226660,2511203000150,PG25150484,50858,VISHAL AGRAWAL,M,UR,GENERAL,UR(DEGREE)- 972,,,,UR(DIPLOMA)- 972,,,,,,,,NETAJI SUBHAS MEDICAL COLLEGE & HOSPITAL,General Surgery,UR,Against UR Category Seat (Degree),All India - Round 1 - 2025.pdf
2025,PGMAC,1,8,DEGREE,25661102198,2511203000826,PG25110021,50906,GAGANJEET SINGH,M,UR,GENERAL,UR(DEGREE)- 973,,,,UR(DIPLOMA)- 973,,,,,,,,"MGMMC & LSK HOS, KISHANGANJ",Paediatrics,SM,Against SM Category Seat (Degree),All India - Round 1 - 2025.pdf
2025,PGMAC,1,8,DEGREE,25661209223,2511203000651,PG25212092,50920,LAVANYA,F,UR,GENERAL,UR(DEGREE)- 974,,,,UR(DIPLOMA)- 974,,,,,,,,"MGMMC & LSK HOS, KISHANGANJ",OBS & GYNAE,UR,Against UR Category Seat (Degree),All India - Round 1 - 2025.pdf
2025,PGMAC,1,8,DEGREE,25661157727,2511203000117,PG25129763,50961,FUZAIL KAMAAL ANSARI,M,UR,GENERAL,UR(DEGREE)- 975,,,,UR(DIPLOMA)- 975,,,,,,,,K.M.C. KATIHAR,General Medicine,MM,Against MM Category Seat (Degree),All India - Round 1 - 2025.pdf
2025,PGMAC,1,8,DEGREE,25661206231,2511203001722,PG25087502,51147,SUBHAM SINGH SANDILYA,M,UR,GENERAL,UR(DEGREE)- 978,,,,UR(DIPLOMA)- 978,,,,,,,,"MGMMC & LSK HOS, KISHANGANJ",Orthopaedics,UR,Against UR Category Seat (Degree),All India - Round 1 - 2025.pdf
2025,PGMAC,1,8,DEGREE,25661217355,2511203001770,PG25158264,51309,SHRUTI SHARMA,F,UR,GENERAL,UR(DEGREE)- 980,,,,UR(DIPLOMA)- 980,,,,,,,,"LORD BUDHA KOSHI MEDICAL COLLEGE & HOSPITAL, SAHARSA",Anaesthesiology,UR,Against UR Category Seat (Degree),All India - Round 1 - 2025.pdf
2025,PGMAC,1,8,DEGREE,25661057811,2511203001283,PG25111405,51311,MAYANK KUMAR,M,BC,OBC,UR(DEGREE)- 981,BC(DEGREE)- 248,,,UR(DIPLOMA)- 981,BC(DIPLOMA)- 248,,,,,,,S.K.M.C. MUZAFFARPUR,Pathology,BC,Compensation Seat BC Against UR (Degree),All India - Round 1 - 2025.pdf
2025,PGMAC,1,8,DEGREE,25661030809,2511203001916,PG25043632,51417,FAIZ HUSAIN,M,UR,GENERAL,UR(DEGREE)- 983,,,,UR(DIPLOMA)- 983,,,,,,,,K.M.C. KATIHAR,General Medicine,MM,Against MM Category Seat (Degree),All India - Round 1 - 2025.pdf
2025,PGMAC,1,8,DEGREE,25661075731,2511203000057,PG25199734,51555,UTSHAV KUMAR,M,UR,OBC,UR(DEGREE)- 985,,,,UR(DIPLOMA)- 985,,,,,,,,"MADHUBANI MEDICAL COLLEGE , MADHUBANI",OPHTHALMOLOGY,UR,Against UR Category Seat (Degree),All India - Round 1 - 2025.pdf
2025,PGMAC,1,8,DEGREE,25661018866,2511203001216,PG25051392,51825,SWAPNIL VASHISHTHA,M,UR,GENERAL,UR(DEGREE)- 988,,,,UR(DIPLOMA)- 988,,,,,,,,K.M.C. KATIHAR,DERMATOLOGY,UR,Against UR Category Seat (Degree),All India - Round 1 - 2025.pdf
2025,PGMAC,1,8,DEGREE,25661175658,2511203000231,PG25070475,51872,ASHISH KUMAR,M,EB,OBC,UR(DEGREE)- 989,,,,UR(DIPLOMA)- 989,,,,,,,,NETAJI SUBHAS MEDICAL COLLEGE & HOSPITAL,Paediatrics,UR,Against UR Category Seat (Degree),All India - Round 1 - 2025.pdf
2025,PGMAC,1,8,DEGREE,25661186659,2511203000674,PG25132611,51997,KUMARI SHOBHANA,F,EB,OBC,UR(DEGREE)- 991,EBC(DEGREE)- 232,RCG(DEGREE)- 256,,UR(DIPLOMA)- 991,EBC(DIPLOMA)- 232,RCG(DIPLOMA)- 256,,,,,,D.M.C.LAHERIASARAI,Pathology,EBC,Compensation Seat EBC Against UR (Degree) - Female,All India - Round 1 - 2025.pdf
2025,PGMAC,1,9,DNB DEGREE,25661073516,2511203001718,PG25125358,52019,GOPAL KUMAR,M,EB,OBC,UR(DEGREE)- 993,EBC(DEGREE)- 233,,,UR(DIPLOMA)- 993,EBC(DIPLOMA)- 233,,,,,,,I.G.I.M.S. PATNA,EMERGENCY MEDICINE,EBC,JUMP OVER ON EBC seat (DNB-Degree),All India - Round 1 - 2025.pdf
2025,PGMAC,1,9,DEGREE,25661173075,2511203000274,PG25025622,52058,ANUSHA AFROZ,F,UR,OBC,UR(DEGREE)- 994,,,,UR(DIPLOMA)- 994,,,,,,,,K.M.C. KATIHAR,OPHTHALMOLOGY,MM,Against MM Category Seat (Degree),All India - Round 1 - 2025.pdf
2025,PGMAC,1,9,DEGREE,25661118467,2511203000391,PG25193427,52148,NIVEDITA KUMARI,F,UR,EWS,UR(DEGREE)- 996,,,,UR(DIPLOMA)- 996,,,,,,,,"N.M.C &.H, SASARAM",Anaesthesiology,UR,Against UR Category Seat (Degree),All India - Round 1 - 2025.pdf
2025,PGMAC,1,9,DEGREE,25661089226,2511203001529,PG25200509,52337,NIKHAT,F,EB,OBC,UR(DEGREE)-1001,EBC(DEGREE)- 236,RCG(DEGREE)- 259,,UR(DIPLOMA)-1001,EBC(DIPLOMA)- 236,RCG(DIPLOMA)- 259,,,,,,D.M.C.LAHERIASARAI,Pathology,EBC,Against EBC Category Seat (Degree),All India - Round 1 - 2025.pdf
2025,PGMAC,1,9,DEGREE,25661137466,2511203000948,PG25069588,52356,SURBHI KUMARI,F,UR,GENERAL,UR(DEGREE)-1002,,,,UR(DIPLOMA)-1002,,,,,,,,"MADHUBANI MEDICAL COLLEGE , MADHUBANI",OPHTHALMOLOGY,UR,Against UR Category Seat (Degree),All India - Round 1 - 2025.pdf
2025,PGMAC,1,9,DEGREE,25661000361,2511203002300,PG25145806,52390,AKANKSHA SHREY,F,EB,OBC,UR(DEGREE)-1003,EBC(DEGREE)- 237,RCG(DEGREE)- 260,,UR(DIPLOMA)-1003,EBC(DIPLOMA)- 237,RCG(DIPLOMA)- 260,,,,,,A.N.M.M.C. GAYA,Pathology,EBC,Compensation Seat EBC Against UR (Degree) - Female,All India - Round 1 - 2025.pdf
2025,PGMAC,1,9,DEGREE,25661179475,2511203001757,PG25104051,52786,RUPAK KUMAR,M,SC,SC,UR(DEGREE)-1007,SC(DEGREE)- 60,,,UR(DIPLOMA)-1007,SC(DIPLOMA)- 60,,,,,,,I.G.I.M.S. PATNA,Pathology,SC,Against SC Category Seat (Degree),All India - Round 1 - 2025.pdf
2025,PGMAC,1,9,DEGREE,25661075598,2511203001679,PG25159205,52989,PRAVESH,M,UR,GENERAL,UR(DEGREE)-1009,,,,UR(DIPLOMA)-1009,,,,,,,,"N.M.C &.H, SASARAM",DERMATOLOGY,UR,Against UR Category Seat (Degree),All India - Round 1 - 2025.pdf
2025,PGMAC,1,9,DEGREE,25661026445,2511203001224,PG25119883,53118,SHAILJA TRIPATHI,F,UR,GENERAL,UR(DEGREE)-1014,,,,UR(DIPLOMA)-1014,,,,,,,,NETAJI SUBHAS MEDICAL COLLEGE & HOSPITAL,Anaesthesiology,UR,Against UR Category Seat (Degree),All India - Round 1 - 2025.pdf
2025,PGMAC,1,9,DEGREE,25661004012,2511203000438,PG25069695,53209,PRATHAM KHARE,M,UR,GENERAL,UR(DEGREE)-1015,,,,UR(DIPLOMA)-1015,,,,,,,,"N.M.C &.H, SASARAM",DERMATOLOGY,UR,Against UR Category Seat (Degree),All India - Round 1 - 2025.pdf
2025,PGMAC,1,9,DEGREE,25661105811,2511203000249,PG25203536,53553,SUCHETA KUMARI,F,BC,OBC,UR(DEGREE)-1020,BC(DEGREE)- 253,RCG(DEGREE)- 264,,UR(DIPLOMA)-1020,BC(DIPLOMA)- 253,RCG(DIPLOMA)- 264,,,,,,"MGMMC & LSK HOS, KISHANGANJ",Radiodiagnosis,NRI,Against NRI Category Seat (Degree),All India - Round 1 - 2025.pdf
2025,PGMAC,1,9,DEGREE,25661108786,2511203002126,PG25200180,53595,SHRUTI KUMARI,F,EB,OBC,UR(DEGREE)-1021,EBC(DEGREE)- 240,RCG(DEGREE)- 265,,UR(DIPLOMA)-1021,EBC(DIPLOMA)- 240,RCG(DIPLOMA)- 265,,,,,,N.M.C. PATNA,COMMUNITY MEDICINE,EBC,Against EBC Category Seat (Degree) - Female,All India - Round 1 - 2025.pdf
2025,PGMAC,1,9,DEGREE,25661034314,2511203001638,PG25186342,53605,ANJALI JHA,F,UR,GENERAL,UR(DEGREE)-1022,,,,UR(DIPLOMA)-1022,,,,,,,,K.M.C. KATIHAR,Pathology,UR,Against UR Category Seat (Degree),All India - Round 1 - 2025.pdf
2025,PGMAC,1,9,DEGREE,25661166267,2511203000541,PG25047560,53693,MANTHAN GHOSH,M,UR,GENERAL,UR(DEGREE)-1024,,,,UR(DIPLOMA)-1024,,,,,,,,NETAJI SUBHAS MEDICAL COLLEGE & HOSPITAL,General Surgery,UR,Against UR Category Seat (Degree),All India - Round 1 - 2025.pdf
2025,PGMAC,1,9,DEGREE,25661092440,2511203001227,PG25089266,53718,TANU PRIYA,F,EB,OBC,UR(DEGREE)-1025,EBC(DEGREE)- 241,RCG(DEGREE)- 266,,UR(DIPLOMA)-1025,EBC(DIPLOMA)- 241,RCG(DIPLOMA)- 266,,,,,,"LORD BUDHA KOSHI MEDICAL COLLEGE & HOSPITAL, SAHARSA",OPHTHALMOLOGY,UR,Against UR Category Seat (Degree),All India - Round 1 - 2025.pdf
2025,PGMAC,1,9,DEGREE,25661017747,2511203001022,PG25089037,54358,VEDIKA SONI,F,UR,GENERAL,UR(DEGREE)-1032,,,,UR(DIPLOMA)-1032,,,,,,,,"MGMMC & LSK HOS, KISHANGANJ",OBS & GYNAE,UR,Against UR Category Seat (Degree),All India - Round 1 - 2025.pdf
2025,PGMAC,1,9,DEGREE,25661240379,2511203001172,PG25169451,54382,RITABRATA SARKAR,M,UR,GENERAL,UR(DEGREE)-1033,,,,UR(DIPLOMA)-1033,,,,,,,,"N.M.C &.H, SASARAM",Paediatrics,UR,Against UR Category Seat (Degree),All India - Round 1 - 2025.pdf
2025,PGMAC,1,9,DEGREE,25661063688,2511203001754,PG25042477,54553,AKANSHA GUPTA,F,UR,GENERAL,UR(DEGREE)-1037,,,,UR(DIPLOMA)-1037,,,,,,,,"MGMMC & LSK HOS, KISHANGANJ",OBS & GYNAE,UR,Against UR Category Seat (Degree),All India - Round 1 - 2025.pdf
2025,PGMAC,1,9,DEGREE,25661152778,2511203001279,PG25200091,54608,SAYEMA KARIM,F,EB,OBC,UR(DEGREE)-1039,EBC(DEGREE)- 244,RCG(DEGREE)- 270,,UR(DIPLOMA)-1039,EBC(DIPLOMA)- 244,RCG(DIPLOMA)- 270,,,,,,"B.M.I.M.S,PAWAPURI, NALANDA",Pathology,EBC,Compensation Seat EBC Against UR (Degree) - Female,All India - Round 1 - 2025.pdf
2025,PGMAC,1,9,DEGREE,25661009654,2511203001102,PG25047223,54622,ALANKRIT DUBEY,M,UR,GENERAL,UR(DEGREE)-1040,,,,UR(DIPLOMA)-1040,,,,,,,,"LORD BUDHA KOSHI MEDICAL COLLEGE & HOSPITAL, SAHARSA",Anaesthesiology,UR,Against UR Category Seat (Degree),All India - Round 1 - 2025.pdf
2025,PGMAC,1,9,DEGREE,25661240615,2511203000316,PG25159688,54818,AJIT KUMAR SAHU,M,UR,GENERAL,UR(DEGREE)-1043,,,,UR(DIPLOMA)-1043,,,,,,,,"LORD BUDHA KOSHI MEDICAL COLLEGE & HOSPITAL, SAHARSA",E.N.T.,UR,Against UR Category Seat (Degree),All India - Round 1 - 2025.pdf
2025,PGMAC,1,9,DEGREE,25661137545,2511203001089,PG25001832,55053,ADITY SHARMA,F,UR,GENERAL,UR(DEGREE)-1048,,,,UR(DIPLOMA)-1048,,,,,,,,K.M.C. KATIHAR,OBS & GYNAE,UR,Against UR Category Seat (Degree),All India - Round 1 - 2025.pdf
2025,PGMAC,1,9,DEGREE,25661144861,2511203002251,PG25097783,55165,NIRVIKAR SAHU,M,UR,OBC,UR(DEGREE)-1050,,,,UR(DIPLOMA)-1050,,,,,,,,K.M.C. KATIHAR,Paediatrics,UR,Against UR Category Seat (Degree),All India - Round 1 - 2025.pdf
2025,PGMAC,1,9,DEGREE,25661134759,2511203002193,PG25239546,55502,PRAVEEN SHEORAN,M,UR,GENERAL,UR(DEGREE)-1054,,,,UR(DIPLOMA)-1054,,,,,,,,"LORD BUDHA KOSHI MEDICAL COLLEGE & HOSPITAL, SAHARSA",Anaesthesiology,UR,Against UR Category Seat (Degree),All India - Round 1 - 2025.pdf
2025,PGMAC,1,9,DEGREE,25661003889,2511203001234,PG25214903,55842,RAJAT VISWASH,M,UR,OBC,UR(DEGREE)-1060,,,,UR(DIPLOMA)-1060,,,,,,,,"LORD BUDHA KOSHI MEDICAL COLLEGE & HOSPITAL, SAHARSA",Anaesthesiology,UR,Against UR Category Seat (Degree),All India - Round 1 - 2025.pdf
2025,PGMAC,1,9,DEGREE,25661081847,2511203001581,PG25201729,55882,MD KASHIF NADEEM,M,UR,GENERAL,UR(DEGREE)-1061,,,,UR(DIPLOMA)-1061,,,,,,,,K.M.C. KATIHAR,Anaesthesiology,MM,Against MM Category Seat (Degree),All India - Round 1 - 2025.pdf
2025,PGMAC,1,9,DNB DIPLOMA,25661087643,2511203001352,PG25193127,56013,MD.AZAM REZA,M,EB,OBC,UR(DEGREE)-1063,EBC(DEGREE)- 245,,,UR(DIPLOMA)-1063,EBC(DIPLOMA)- 245,,,,,,,J.L.N.M.C. BHAGALPUR,D.M.R.D.,EBC,JUMP OVER ON EBC seat (DNB-Diploma),All India - Round 1 - 2025.pdf
2025,PGMAC,1,9,DEGREE,25661139249,2511203000175,PG25105899,56028,SHUBHAM KUMAR,M,UR,GENERAL,UR(DEGREE)-1064,,,,UR(DIPLOMA)-1064,,,,,,,,K.M.C. KATIHAR,General Surgery,UR,Against UR Category Seat (Degree),All India - Round 1 - 2025.pdf
2025,PGMAC,1,9,DEGREE,25661127874,2511203000973,PG25161201,56160,AKRITI SINGH,F,BC,OBC,UR(DEGREE)-1067,,,,UR(DIPLOMA)-1067,,,,,,,,"LORD BUDHA KOSHI MEDICAL COLLEGE & HOSPITAL, SAHARSA",OPHTHALMOLOGY,UR,Against UR Category Seat (Degree),All India - Round 1 - 2025.pdf
2025,PGMAC,1,9,DEGREE,25661174133,2511203000943,PG25196912,56247,KANIKA CHOUDHARY,F,BC,OBC,UR(DEGREE)-1068,BC(DEGREE)- 259,RCG(DEGREE)- 275,,UR(DIPLOMA)-1068,BC(DIPLOMA)- 259,RCG(DIPLOMA)- 275,,,,,,D.M.C.LAHERIASARAI,Microbiology,BC,Against BC Category Seat (Degree),All India - Round 1 - 2025.pdf
2025,PGMAC,1,9,DEGREE,25661189783,2511203001313,PG25197202,56986,MADHUKAR SHARMA,M,UR,GENERAL,UR(DEGREE)-1084,,,,UR(DIPLOMA)-1084,,,,,,,,K.M.C. KATIHAR,Paediatrics,UR,Against UR Category Seat (Degree),All India - Round 1 - 2025.pdf
2025,PGMAC,1,9,DEGREE,25661100982,2511203000155,PG25056283,57135,SUMIT KUMAR,M,BC,OBC,UR(DEGREE)-1087,BC(DEGREE)- 262,,,UR(DIPLOMA)-1087,BC(DIPLOMA)- 262,,,,,,,P.M.C.PATNA,COMMUNITY MEDICINE,BC,Against BC Category Seat (Degree),All India - Round 1 - 2025.pdf
2025,PGMAC,1,9,DEGREE,25661238124,2511203000261,PG25125468,57308,VINEET RAJ PRADHAN,M,UR,GENERAL,UR(DEGREE)-1091,,,,UR(DIPLOMA)-1091,,,,,,,,"N.M.C &.H, SASARAM",Paediatrics,UR,Against UR Category Seat (Degree),All India - Round 1 - 2025.pdf
2025,PGMAC,1,9,DNB DIPLOMA,25661054958,2511203001639,PG25143309,57428,ASHOK KUMAR,M,EW,EWS,UR(DEGREE)-1093,EWS(DEGREE)- 137,,,UR(DIPLOMA)-1093,EWS(DIPLOMA)- 137,,,,,,,SADAR HOSPITAL MOTIHARI,D.C.H.,UR,Against UR Category Seat (DNB-Diploma),All India - Round 1 - 2025.pdf
2025,PGMAC,1,9,DEGREE,25661024150,2511203001249,PG25175858,57467,MOHAMMAD IMRAN KHAN,M,UR,GENERAL,UR(DEGREE)-1095,,,,UR(DIPLOMA)-1095,,,,,,,,NETAJI SUBHAS MEDICAL COLLEGE & HOSPITAL,General Surgery,UR,Against UR Category Seat (Degree),All India - Round 1 - 2025.pdf
2025,PGMAC,1,9,DEGREE,25661007130,2511203001042,PG25142819,57468,ISHANI,F,UR,GENERAL,UR(DEGREE)-1096,,,,UR(DIPLOMA)-1096,,,,,,,,"N.M.C &.H, SASARAM",OBS & GYNAE,UR,Against UR Category Seat (Degree),All India - Round 1 - 2025.pdf
2025,PGMAC,1,9,DEGREE,25661058666,2511203001814,PG25118402,57511,RICHA RAGINI,F,BC,OBC,UR(DEGREE)-1097,BC(DEGREE)- 263,RCG(DEGREE)- 280,,UR(DIPLOMA)-1097,BC(DIPLOMA)- 263,RCG(DIPLOMA)- 280,,,,,,P.M.C.PATNA,COMMUNITY MEDICINE,BC,Compensation Seat BC Against UR (Degree),All India - Round 1 - 2025.pdf
2025,PGMAC,1,9,DEGREE,25661169674,2511203000236,PG25009755,57556,PRAKHAR SHANKER,M,UR,GENERAL,UR(DEGREE)-1098,,,,UR(DIPLOMA)-1098,,,,,,,,"MGMMC & LSK HOS, KISHANGANJ",Orthopaedics,NRI,Against NRI Category Seat (Degree),All India - Round 1 - 2025.pdf
2025,PGMAC,1,9,DEGREE,25661028100,2511203001084,PG25027031,57656,UTKARSH HARIYANI,M,UR,OBC,UR(DEGREE)-1101,,,,UR(DIPLOMA)-1101,,,,,,,,K.M.C. KATIHAR,General Surgery,UR,Against UR Category Seat (Degree),All India - Round 1 - 2025.pdf
2025,PGMAC,1,9,DEGREE,25661197744,2511203000765,PG25023663,57820,UNNAT AGARWAL,M,UR,GENERAL,UR(DEGREE)-1104,,,,UR(DIPLOMA)-1104,,,,,,,,"MGMMC & LSK HOS, KISHANGANJ",Radiodiagnosis,NRI,Against NRI Category Seat (Degree),All India - Round 1 - 2025.pdf
2025,PGMAC,1,9,DNB DEGREE,25661175730,2511203000105,PG25097007,57906,CHANDRA MANI,M,BC,OBC,UR(DEGREE)-1106,BC(DEGREE)- 264,,,UR(DIPLOMA)-1106,BC(DIPLOMA)- 264,,,,,,,A.N.M.M.C. GAYA,General Medicine,BC,Against BC Category Seat (DNB-Degree),All India - Round 1 - 2025.pdf
2025,PGMAC,1,9,DEGREE,25661033376,2511203000323,PG25004627,57927,SAMRAT S MUGLIHAL,M,UR,GENERAL,UR(DEGREE)-1107,,,,UR(DIPLOMA)-1107,,,,,,,,"N.M.C &.H, SASARAM",Paediatrics,UR,Against UR Category Seat (Degree),All India - Round 1 - 2025.pdf
2025,PGMAC,1,9,DEGREE,25661001891,2511203000485,PG25098051,58114,ARNAV ARYAN,M,BC,OBC,UR(DEGREE)-1109,,,,UR(DIPLOMA)-1109,,,,,,,,NETAJI SUBHAS MEDICAL COLLEGE & HOSPITAL,General Surgery,UR,Against UR Category Seat (Degree),All India - Round 1 - 2025.pdf
2025,PGMAC,1,9,DEGREE,25661168657,2511203001103,PG25009683,58460,MANAS KUMAR KARN,M,UR,GENERAL,UR(DEGREE)-1111,,,,UR(DIPLOMA)-1111,,,,,,,,"N.M.C &.H, SASARAM",General Surgery,UR,Against UR Category Seat (Degree),All India - Round 1 - 2025.pdf
2025,PGMAC,1,9,DNB DEGREE,25661101558,2511203001536,PG25196858,58545,PIYUSH,M,BC,OBC,UR(DEGREE)-1113,BC(DEGREE)- 265,,,UR(DIPLOMA)-1113,BC(DIPLOMA)- 265,,,,,,,"G.M.C., BETTIAH",General Surgery,BC,Against BC Category Seat (DNB-Degree),All India - Round 1 - 2025.pdf
2025,PGMAC,1,9,DEGREE,25661029887,2511203001016,PG25110665,58833,NIKITA,F,EB,OBC,UR(DEGREE)-1115,EBC(DEGREE)- 249,RCG(DEGREE)- 281,,UR(DIPLOMA)-1115,EBC(DIPLOMA)- 249,RCG(DIPLOMA)- 281,,,,,,P.M.C.PATNA,Pharmacology,EBC,Against EBC Category Seat (Degree),All India - Round 1 - 2025.pdf
2025,PGMAC,1,9,DEGREE,25661170503,2511203001734,PG25118864,59035,TEJASHWEETA,F,UR,GENERAL,UR(DEGREE)-1119,,,,UR(DIPLOMA)-1119,,,,,,,,NETAJI SUBHAS MEDICAL COLLEGE & HOSPITAL,Pathology,UR,Against UR Category Seat (Degree),All India - Round 1 - 2025.pdf
2025,PGMAC,1,9,DEGREE,25661045629,2511203000090,PG25012273,59242,CHHAIYA PARTH NARANBHAI,M,UR,OBC,UR(DEGREE)-1123,,,,UR(DIPLOMA)-1123,,,,,,,,"LORD BUDHA KOSHI MEDICAL COLLEGE & HOSPITAL, SAHARSA",E.N.T.,UR,Against UR Category Seat (Degree),All India - Round 1 - 2025.pdf
2025,PGMAC,1,9,DEGREE,25661197239,2511203001902,PG25031467,59302,MAYANI DHAVAL MANHARBHAI,M,UR,GENERAL,UR(DEGREE)-1125,,,,UR(DIPLOMA)-1125,,,,,,,,NETAJI SUBHAS MEDICAL COLLEGE & HOSPITAL,General Surgery,UR,Against UR Category Seat (Degree),All India - Round 1 - 2025.pdf
2025,PGMAC,1,9,DEGREE,25661154555,2511203000887,PG25127979,59410,KOMAL KUMARI,F,BC,OBC,UR(DEGREE)-1126,BC(DEGREE)- 267,RCG(DEGREE)- 282,,UR(DIPLOMA)-1126,BC(DIPLOMA)- 267,RCG(DIPLOMA)- 282,,,,,,"LORD BUDHA KOSHI MEDICAL COLLEGE & HOSPITAL, SAHARSA",Anaesthesiology,UR,Against UR Category Seat (Degree),All India - Round 1 - 2025.pdf
2025,PGMAC,1,9,DEGREE,25661213092,2511203000291,PG25156173,59523,PREM PRAKASH,M,EB,OBC,UR(DEGREE)-1129,EBC(DEGREE)- 250,,,UR(DIPLOMA)-1129,EBC(DIPLOMA)- 250,,,,,,,P.M.C.PATNA,Microbiology,EBC,Against EBC Category Seat (Degree),All India - Round 1 - 2025.pdf
2025,PGMAC,1,9,DEGREE,25661100784,2511203001985,PG25139407,59565,SANA MOHAMMED AYUB,F,UR,GENERAL,UR(DEGREE)-1130,,,,UR(DIPLOMA)-1130,,,,,,,,"MADHUBANI MEDICAL COLLEGE , MADHUBANI",E.N.T.,MM,Against MM Category Seat (Degree),All India - Round 1 - 2025.pdf
2025,PGMAC,1,10,DEGREE,25661097821,2511203001728,PG25116939,59685,SAKSHI PRAKASH,F,UR,GENERAL,UR(DEGREE)-1132,,,,UR(DIPLOMA)-1132,,,,,,,,"N.M.C &.H, SASARAM",OBS & GYNAE,UR,Against UR Category Seat (Degree),All India - Round 1 - 2025.pdf
2025,PGMAC,1,10,DEGREE,25661004916,2511203000744,PG25073264,59983,AVIPSA M PATTANAYAK,F,UR,GENERAL,UR(DEGREE)-1137,,,,UR(DIPLOMA)-1136,,,,,,,,"MADHUBANI MEDICAL COLLEGE , MADHUBANI",E.N.T.,UR,Against UR Category Seat (Degree),All India - Round 1 - 2025.pdf
2025,PGMAC,1,10,DEGREE,25661060977,2511203001643,PG25081734,60293,ALKA HARSHA HARI,F,UR,GENERAL,UR(DEGREE)-1143,,,,UR(DIPLOMA)-1142,,,,,,,,NETAJI SUBHAS MEDICAL COLLEGE & HOSPITAL,General Surgery,UR,Against UR Category Seat (Degree),All India - Round 1 - 2025.pdf
2025,PGMAC,1,10,DEGREE,25661216230,2511203000252,PG25117955,60434,AMRITPAL KAUR,F,UR,GENERAL,UR(DEGREE)-1148,,,,UR(DIPLOMA)-1147,,,,,,,,"MGMMC & LSK HOS, KISHANGANJ",DERMATOLOGY,SM,Against SM Category Seat (Degree),All India - Round 1 - 2025.pdf
2025,PGMAC,1,10,DEGREE,25661128046,2511203001013,PG25049648,60466,RANVEER SINGH SANDHU,M,UR,GENERAL,UR(DEGREE)-1149,,,,UR(DIPLOMA)-1148,,,,,,,,"MGMMC & LSK HOS, KISHANGANJ",OPHTHALMOLOGY,SM,Against SM Category Seat (Degree),All India - Round 1 - 2025.pdf
2025,PGMAC,1,10,DEGREE,25661080225,2511203000095,PG25222396,60502,RONAK AGARWAL,M,UR,GENERAL,UR(DEGREE)-1150,,,,UR(DIPLOMA)-1149,,,,,,,,"N.M.C &.H, SASARAM",OBS & GYNAE,UR,Against UR Category Seat (Degree),All India - Round 1 - 2025.pdf
2025,PGMAC,1,10,DEGREE,25661120141,2511203001674,PG25171718,60795,VANYA GUPTA,F,UR,GENERAL,UR(DEGREE)-1151,,,,UR(DIPLOMA)-1150,,,,,,,,"N.M.C &.H, SASARAM",Paediatrics,UR,Against UR Category Seat (Degree),All India - Round 1 - 2025.pdf
2025,PGMAC,1,10,DEGREE,25661074048,2511203000847,PG25090673,61312,BANDGAR SOHAN ARUN,M,UR,OBC,UR(DEGREE)-1155,,,,UR(DIPLOMA)-1154,,,,,,,,K.M.C. KATIHAR,General Surgery,UR,Against UR Category Seat (Degree),All India - Round 1 - 2025.pdf
2025,PGMAC,1,10,DEGREE,25661054368,2511203001187,PG25054497,61422,KUNWAR VISHWESH,M,UR,GENERAL,UR(DEGREE)-1159,,,,UR(DIPLOMA)-1158,,,,,,,,"N.M.C &.H, SASARAM",Paediatrics,UR,Against UR Category Seat (Degree),All India - Round 1 - 2025.pdf
2025,PGMAC,1,10,DEGREE,25661225535,2511203001048,PG25139108,61919,SALONI JAISWAL,F,BC,OBC,UR(DEGREE)-1163,BC(DEGREE)- 271,RCG(DEGREE)- 288,,UR(DIPLOMA)-1162,BC(DIPLOMA)- 271,RCG(DIPLOMA)- 288,,,,,,N.M.C. PATNA,COMMUNITY MEDICINE,BC,Compensation Seat BC Against UR (Degree),All India - Round 1 - 2025.pdf
2025,PGMAC,1,10,DEGREE,25661212666,2511203000124,PG25078139,61945,PRAKHAR PRAVEEN,M,UR,GENERAL,UR(DEGREE)-1164,,,,UR(DIPLOMA)-1163,,,,,,,,K.M.C. KATIHAR,Orthopaedics,UR,Against UR Category Seat (Degree),All India - Round 1 - 2025.pdf
2025,PGMAC,1,10,DEGREE,25661224598,2511203000697,PG25242467,62349,KHUSHBOO KUMARI,F,BC,OBC,UR(DEGREE)-1172,BC(DEGREE)- 274,RCG(DEGREE)- 291,,UR(DIPLOMA)-1171,BC(DIPLOMA)- 274,RCG(DIPLOMA)- 291,,,,,,S.K.M.C. MUZAFFARPUR,COMMUNITY MEDICINE,BC,Compensation Seat BC Against UR (Degree),All India - Round 1 - 2025.pdf
2025,PGMAC,1,10,DEGREE,25661235832,2511203001915,PG25131955,62386,PRERNA NAGPAL,F,UR,GENERAL,UR(DEGREE)-1174,,,,UR(DIPLOMA)-1173,,,,,,,,"N.M.C &.H, SASARAM",Radiodiagnosis,NRI,Against NRI Category Seat (Degree),All India - Round 1 - 2025.pdf
2025,PGMAC,1,10,DEGREE,25661112170,2511203001533,PG25118790,62479,SAIF UDDIN,M,UR,OBC,UR(DEGREE)-1176,,,,UR(DIPLOMA)-1175,,,,,,,,K.M.C. KATIHAR,Anaesthesiology,MM,Against MM Category Seat (Degree),All India - Round 1 - 2025.pdf
2025,PGMAC,1,10,DEGREE,25661237109,2511203002014,PG25190220,62553,MOHINI,F,UR,OBC,UR(DEGREE)-1177,,,,UR(DIPLOMA)-1176,,,,,,,,"MADHUBANI MEDICAL COLLEGE , MADHUBANI",OBS & GYNAE,UR,Against UR Category Seat (Degree),All India - Round 1 - 2025.pdf
2025,PGMAC,1,10,DEGREE,25661176523,2511203000133,PG25053116,62679,INDRESH SHAKYA,M,UR,OBC,UR(DEGREE)-1179,,,,UR(DIPLOMA)-1178,,,,,,,,"N.M.C &.H, SASARAM",Anaesthesiology,UR,Against UR Category Seat (Degree),All India - Round 1 - 2025.pdf
2025,PGMAC,1,10,DEGREE,25661062540,2511203000125,PG25053011,62697,ANJALI RAJ,F,EB,OBC,UR(DEGREE)-1180,EBC(DEGREE)- 257,RCG(DEGREE)- 293,,UR(DIPLOMA)-1179,EBC(DIPLOMA)- 256,RCG(DIPLOMA)- 293,,,,,,"B.M.I.M.S,PAWAPURI, NALANDA",Pathology,EBC,Against EBC Category Seat (Degree) - Female,All India - Round 1 - 2025.pdf
2025,PGMAC,1,10,DEGREE,25661057990,2511203000749,PG25138290,62804,PRACHI PRANJAL,F,UR,GENERAL,UR(DEGREE)-1182,,,,UR(DIPLOMA)-1181,,,,,,,,"N.M.C &.H, SASARAM",OBS & GYNAE,UR,Against UR Category Seat (Degree),All India - Round 1 - 2025.pdf
2025,PGMAC,1,10,DEGREE,25661026171,2511203000270,PG25056343,63050,AAYUSH ANAND SINGH,M,BC,OBC,UR(DEGREE)-1188,,,,UR(DIPLOMA)-1187,,,,,,,,"N.M.C &.H, SASARAM",Anaesthesiology,UR,Against UR Category Seat (Degree),All India - Round 1 - 2025.pdf
2025,PGMAC,1,10,DEGREE,25661118606,2511203000234,PG25072992,63229,VANISRI PRADHAN,F,UR,GENERAL,UR(DEGREE)-1192,,,,UR(DIPLOMA)-1190,,,,,,,,"N.M.C &.H, SASARAM",OBS & GYNAE,UR,Against UR Category Seat (Degree),All India - Round 1 - 2025.pdf
2025,PGMAC,1,10,DEGREE,25661207886,2511203000907,PG25108578,63278,ANMOL PRASAD,M,UR,GENERAL,UR(DEGREE)-1194,,,,UR(DIPLOMA)-1192,,,,,,,,K.M.C. KATIHAR,Anaesthesiology,UR,Against UR Category Seat (Degree),All India - Round 1 - 2025.pdf
2025,PGMAC,1,10,DEGREE,25661119503,2511203000575,PG25117944,63296,MD ASAD,M,EB,OBC,UR(DEGREE)-1195,EBC(DEGREE)- 259,,,UR(DIPLOMA)-1193,EBC(DIPLOMA)- 257,,,,,,,K.M.C. KATIHAR,Psychiatry,UR,Against UR Category Seat (Degree),All India - Round 1 - 2025.pdf
2025,PGMAC,1,10,DEGREE,25661162779,2511203001634,PG25158843,63301,VIVEK KUMAR SINGH,M,BC,OBC,UR(DEGREE)-1196,,,,UR(DIPLOMA)-1194,,,,,,,,"N.M.C &.H, SASARAM",General Surgery,UR,Against UR Category Seat (Degree),All India - Round 1 - 2025.pdf
2025,PGMAC,1,10,DEGREE,25661132815,2511203000793,PG25158200,63709,AARFA AHSAN,F,EB,OBC,UR(DEGREE)-1202,EBC(DEGREE)- 261,RCG(DEGREE)- 298,,UR(DIPLOMA)-1200,EBC(DIPLOMA)- 259,RCG(DIPLOMA)- 298,,,,,,K.M.C. KATIHAR,Anaesthesiology,MM,Against MM Category Seat (Degree),All India - Round 1 - 2025.pdf
2025,PGMAC,1,10,DEGREE,25661238237,2511203000722,PG25068050,63765,PUSHPINDER SINGH SIKANDER,M,UR,OBC,UR(DEGREE)-1203,,,,UR(DIPLOMA)-1201,,,,,,,,"MGMMC & LSK HOS, KISHANGANJ",General Surgery,SM,Against SM Category Seat (Degree),All India - Round 1 - 2025.pdf
2025,PGMAC,1,10,DEGREE,25661132992,2511203001548,PG25227320,63846,PRADEEP KUMAR CHAUDHARY,M,UR,OBC,UR(DEGREE)-1204,,,,UR(DIPLOMA)-1202,,,,,,,,K.M.C. KATIHAR,Anaesthesiology,UR,Against UR Category Seat (Degree),All India - Round 1 - 2025.pdf
2025,PGMAC,1,10,DEGREE,25661036919,2511203001759,PG25030724,63938,SANJAM KAUR,F,UR,GENERAL,UR(DEGREE)-1205,,,,UR(DIPLOMA)-1203,,,,,,,,"MGMMC & LSK HOS, KISHANGANJ",OPHTHALMOLOGY,SM,Against SM Category Seat (Degree),All India - Round 1 - 2025.pdf
2025,PGMAC,1,10,DEGREE,25661176535,2511203001034,PG25187428,63990,ARYA CHANDRA,F,UR,GENERAL,UR(DEGREE)-1206,,,,UR(DIPLOMA)-1204,,,,,,,,"MADHUBANI MEDICAL COLLEGE , MADHUBANI",Paediatrics,UR,Against UR Category Seat (Degree),All India - Round 1 - 2025.pdf
2025,PGMAC,1,10,DEGREE,25661171513,2511203001176,PG25124864,64151,ASHUTOSH DEV,M,EB,OBC,UR(DEGREE)-1209,,,,UR(DIPLOMA)-1207,,,,,,,,"N.M.C &.H, SASARAM",Anaesthesiology,UR,Against UR Category Seat (Degree),All India - Round 1 - 2025.pdf
2025,PGMAC,1,10,DNB DEGREE,25661057878,2511203000072,PG25175238,64303,AJEET KUMAR,M,SC,SC,UR(DEGREE)-1211,SC(DEGREE)- 73,,,UR(DIPLOMA)-1209,SC(DIPLOMA)- 73,,,,,,,"SADAR HOSPITAL CHAPRA,SARAN",General Medicine,SC,Compensation Seat SC Against UR (DNB-Degree),All India - Round 1 - 2025.pdf
2025,PGMAC,1,10,DEGREE,25661102414,2511203002134,PG25025609,64588,PATEL TIRTH RAMESHBHAI,M,UR,EWS,UR(DEGREE)-1215,,,,UR(DIPLOMA)-1213,,,,,,,,NETAJI SUBHAS MEDICAL COLLEGE & HOSPITAL,Anaesthesiology,UR,Against UR Category Seat (Degree),All India - Round 1 - 2025.pdf
2025,PGMAC,1,10,DEGREE,25661217455,2511203001794,PG25082912,64645,JIGYASA KATHURIA,F,UR,GENERAL,UR(DEGREE)-1217,,,,UR(DIPLOMA)-1215,,,,,,,,NETAJI SUBHAS MEDICAL COLLEGE & HOSPITAL,Anaesthesiology,UR,Against UR Category Seat (Degree),All India - Round 1 - 2025.pdf
2025,PGMAC,1,10,DEGREE,25661155465,2511203000012,PG25007105,64655,GURTANVEER SINGH BUTTAR,M,UR,GENERAL,UR(DEGREE)-1218,,,,UR(DIPLOMA)-1216,,,,,,,,"MGMMC & LSK HOS, KISHANGANJ",General Surgery,SM,Against SM Category Seat (Degree),All India - Round 1 - 2025.pdf
2025,PGMAC,1,10,DEGREE,25661133203,2511203000089,PG25134810,64692,MAYURI MEDHAVI SASVIKA,F,UR,GENERAL,UR(DEGREE)-1219,,,,UR(DIPLOMA)-1217,,,,,,,,"MADHUBANI MEDICAL COLLEGE , MADHUBANI",OBS & GYNAE,UR,Against UR Category Seat (Degree),All India - Round 1 - 2025.pdf
2025,PGMAC,1,10,DEGREE,25661115216,2511203002212,PG25131639,64774,SUNIDHI SHUKLA,F,UR,GENERAL,UR(DEGREE)-1220,,,,UR(DIPLOMA)-1218,,,,,,,,"MADHUBANI MEDICAL COLLEGE , MADHUBANI",OBS & GYNAE,UR,Against UR Category Seat (Degree),All India - Round 1 - 2025.pdf
2025,PGMAC,1,10,DEGREE,25661234265,2511203002149,PG25025930,64924,PATEL HITKUMAR JITENDRAKUMAR,M,UR,EWS,UR(DEGREE)-1224,,,,UR(DIPLOMA)-1222,,,,,,,,NETAJI SUBHAS MEDICAL COLLEGE & HOSPITAL,Anaesthesiology,UR,Against UR Category Seat (Degree),All India - Round 1 - 2025.pdf
2025,PGMAC,1,10,DEGREE,25661010041,2511203000975,PG25060887,65319,MD KHURSHID ALAM,M,EB,OBC,UR(DEGREE)-1230,EBC(DEGREE)- 263,,,UR(DIPLOMA)-1228,EBC(DIPLOMA)- 261,,,,,,,K.M.C. KATIHAR,General Surgery,MM,Against MM Category Seat (Degree),All India - Round 1 - 2025.pdf
2025,PGMAC,1,10,DEGREE,25661167468,2511203000782,PG25216436,65740,RITU ROY,F,BC,OBC,UR(DEGREE)-1235,BC(DEGREE)- 278,RCG(DEGREE)- 299,,UR(DIPLOMA)-1233,BC(DIPLOMA)- 278,RCG(DIPLOMA)- 299,,,,,,I.G.I.M.S. PATNA,Microbiology,BC,Against BC Category Seat (Degree) - Female,All India - Round 1 - 2025.pdf
2025,PGMAC,1,10,DEGREE,25661057909,2511203001874,PG25083719,65800,RAJPARA SATYAM RATILAL,M,UR,GENERAL,UR(DEGREE)-1238,,,,UR(DIPLOMA)-1236,,,,,,,,NETAJI SUBHAS MEDICAL COLLEGE & HOSPITAL,Anaesthesiology,UR,Against UR Category Seat (Degree),All India - Round 1 - 2025.pdf
2025,PGMAC,1,10,DEGREE,25661083814,2511203002169,PG25177792,65960,RAHUL SINGLA,M,UR,GENERAL,UR(DEGREE)-1240,,,,UR(DIPLOMA)-1238,,,,,,,,"N.M.C &.H, SASARAM",General Medicine,NRI,Against NRI Category Seat (Degree),All India - Round 1 - 2025.pdf
2025,PGMAC,1,10,DEGREE,25661150617,2511203001515,PG25154731,66093,IRA REHMAN,F,UR,GENERAL,UR(DEGREE)-1241,,,,UR(DIPLOMA)-1239,,,,,,,,"MADHUBANI MEDICAL COLLEGE , MADHUBANI",OPHTHALMOLOGY,MM,Against MM Category Seat (Degree),All India - Round 1 - 2025.pdf
2025,PGMAC,1,10,DEGREE,25661167635,2511203000811,PG25079564,66182,VIVEK SINGH,M,UR,GENERAL,UR(DEGREE)-1242,,,,UR(DIPLOMA)-1240,,,,,,,,K.M.C. KATIHAR,Pathology,UR,Against UR Category Seat (Degree),All India - Round 1 - 2025.pdf
2025,PGMAC,1,10,DNB DIPLOMA,25661027476,2511203001797,PG25204907,66249,PRITI,F,BC,OBC,UR(DEGREE)-1246,BC(DEGREE)- 279,RCG(DEGREE)- 300,,UR(DIPLOMA)-1244,BC(DIPLOMA)- 279,RCG(DIPLOMA)- 300,,,,,,SADAR HOSPITAL NALANDA BIHAR SHARIF,D.G.O.,UR,Against UR Category Seat (DNB-Diploma),All India - Round 1 - 2025.pdf
2025,PGMAC,1,10,DEGREE,25661119671,2511203001753,PG25209593,66562,SUSHIL RANJAN,M,BC,OBC,UR(DEGREE)-1252,,,,UR(DIPLOMA)-1250,,,,,,,,NETAJI SUBHAS MEDICAL COLLEGE & HOSPITAL,Radiodiagnosis,NRI,Against NRI Category Seat (Degree),All India - Round 1 - 2025.pdf
2025,PGMAC,1,10,DEGREE,25661003051,2511203001888,PG25062808,66580,ROHAN PAUL,M,UR,GENERAL,UR(DEGREE)-1253,,,,UR(DIPLOMA)-1251,,,,,,,,"N.M.C &.H, SASARAM",General Surgery,UR,Against UR Category Seat (Degree),All India - Round 1 - 2025.pdf
2025,PGMAC,1,10,DNB DEGREE,25661040087,2511203001397,PG25216427,66589,MANISH KUMAR,M,EB,OBC,UR(DEGREE)-1254,EBC(DEGREE)- 264,,,UR(DIPLOMA)-1252,EBC(DIPLOMA)- 262,,,,,,,LNJP SADAR HOSPITAL BHAGALPUR,General Medicine,EBC,Against EBC Category Seat (DNB-Degree),All India - Round 1 - 2025.pdf
2025,PGMAC,1,10,DEGREE,25661204297,2511203001721,PG25029086,66863,TAMISH WALIA,M,UR,GENERAL,UR(DEGREE)-1256,,,,UR(DIPLOMA)-1254,,,,,,,,"N.M.C &.H, SASARAM",Orthopaedics,UR,Against UR Category Seat (Degree),All India - Round 1 - 2025.pdf
2025,PGMAC,1,10,DEGREE,25661241249,2511203002308,PG25203875,67169,SUMAN RAI,F,UR,GENERAL,UR(DEGREE)-1260,,,,UR(DIPLOMA)-1258,,,,,,,,K.M.C. KATIHAR,Anaesthesiology,UR,Against UR Category Seat (Degree),All India - Round 1 - 2025.pdf
2025,PGMAC,1,10,DEGREE,25661235295,2511203000529,PG25212224,67320,BHARATI YADAV,F,UR,OBC,UR(DEGREE)-1266,,,,UR(DIPLOMA)-1264,,,,,,,,"N.M.C &.H, SASARAM",Anaesthesiology,UR,Against UR Category Seat (Degree),All India - Round 1 - 2025.pdf
2025,PGMAC,1,10,DEGREE,25661042517,2511203000041,PG25069259,67454,NIMRATA KAUR,F,UR,GENERAL,UR(DEGREE)-1267,,,,UR(DIPLOMA)-1265,,,,,,,,"MGMMC & LSK HOS, KISHANGANJ",Paediatrics,SM,Against SM Category Seat (Degree),All India - Round 1 - 2025.pdf
2025,PGMAC,1,10,DEGREE,25661237065,2511203001369,PG25020088,67720,RONIT CHHABRA,M,UR,GENERAL,UR(DEGREE)-1270,,,,UR(DIPLOMA)-1268,,,,,,,,"MGMMC & LSK HOS, KISHANGANJ",DERMATOLOGY,NRI,Against NRI Category Seat (Degree),All India - Round 1 - 2025.pdf
2025,PGMAC,1,10,DEGREE,25661040483,2511203001630,PG25192707,67789,RAUNAK KUMAR,M,UR,EWS,UR(DEGREE)-1272,,,,UR(DIPLOMA)-1270,,,,,,,,"N.M.C &.H, SASARAM",General Surgery,UR,Against UR Category Seat (Degree),All India - Round 1 - 2025.pdf
2025,PGMAC,1,10,DEGREE,25661178886,2511203000035,PG25029281,67841,ANJU KUMARI,F,SC,SC,UR(DEGREE)-1273,SC(DEGREE)- 78,RCG(DEGREE)- 303,,UR(DIPLOMA)-1271,SC(DIPLOMA)- 78,RCG(DIPLOMA)- 303,,,,,,I.G.I.M.S. PATNA,COMMUNITY MEDICINE,SC,Against SC Category Seat (Degree),All India - Round 1 - 2025.pdf
2025,PGMAC,1,10,DNB DIPLOMA,25661096834,2511203000073,PG25235864,68139,FARHA ATA,F,EB,OBC,UR(DEGREE)-1277,EBC(DEGREE)- 265,RCG(DEGREE)- 304,,UR(DIPLOMA)-1275,EBC(DIPLOMA)- 263,RCG(DIPLOMA)- 304,,,,,,SADAR HOSPITAL ARARIA,D.C.H.,EBC,JUMP OVER ON EBC seat (DNB-Diploma),All India - Round 1 - 2025.pdf
2025,PGMAC,1,10,DEGREE,25661116469,2511203001292,PG25202508,68191,DEEPJYOT KAUR,F,UR,GENERAL,UR(DEGREE)-1278,,,,UR(DIPLOMA)-1276,,,,,,,,"MGMMC & LSK HOS, KISHANGANJ",Paediatrics,SM,Against SM Category Seat (Degree),All India - Round 1 - 2025.pdf
2025,PGMAC,1,10,DEGREE,25661027508,2511203001177,PG25145007,68204,AFSHEEN AHMED,F,EW,EWS,UR(DEGREE)-1279,EWS(DEGREE)- 143,,,UR(DIPLOMA)-1277,EWS(DIPLOMA)- 143,,,,,,,"MADHUBANI MEDICAL COLLEGE , MADHUBANI",OBS & GYNAE,MM,Against MM Category Seat (Degree),All India - Round 1 - 2025.pdf
2025,PGMAC,1,10,DEGREE,25661016216,2511203001171,PG25057771,68391,HASAN ASHRAF,M,UR,GENERAL,UR(DEGREE)-1280,,,,UR(DIPLOMA)-1278,,,,,,,,K.M.C. KATIHAR,E.N.T.,MM,Against MM Category Seat (Degree),All India - Round 1 - 2025.pdf
2025,PGMAC,1,11,DEGREE,25661226393,2511203000930,PG25135213,68423,SHREYA MONDAL,F,UR,GENERAL,UR(DEGREE)-1281,,,,UR(DIPLOMA)-1279,,,,,,,,"N.M.C &.H, SASARAM",Anaesthesiology,UR,Against UR Category Seat (Degree),All India - Round 1 - 2025.pdf
2025,PGMAC,1,11,DEGREE,25661130158,2511203000307,PG25109126,68432,GUNEET SINGH,M,UR,GENERAL,UR(DEGREE)-1282,,,,UR(DIPLOMA)-1280,,,,,,,,"MGMMC & LSK HOS, KISHANGANJ",General Surgery,SM,Against SM Category Seat (Degree),All India - Round 1 - 2025.pdf
2025,PGMAC,1,11,DIPLOMA OPEN,25661137689,2511203000848,PG25205752,68563,SURAJ KUMAR,M,EB,OBC,UR(DEGREE)-1284,EBC(DEGREE)- 266,,,UR(DIPLOMA)-1282,EBC(DIPLOMA)- 264,,,,,,,D.M.C.LAHERIASARAI,D.A.,EBC,Compensation Seat EBC Against UR (Diploma Open),All India - Round 1 - 2025.pdf
2025,PGMAC,1,11,DEGREE,25661207493,2511203000963,PG25161530,68588,AMAN KUMAR,M,UR,GENERAL,UR(DEGREE)-1285,,,,UR(DIPLOMA)-1283,,,,,,,,K.M.C. KATIHAR,DERMATOLOGY,NRI,Against NRI Category Seat (Degree),All India - Round 1 - 2025.pdf
2025,PGMAC,1,11,DEGREE,25661096487,2511203001314,PG25133502,68910,KIRANDEEP KAUR,F,UR,GENERAL,UR(DEGREE)-1288,,,,UR(DIPLOMA)-1286,,,,,,,,"MGMMC & LSK HOS, KISHANGANJ",OBS & GYNAE,SM,Against SM Category Seat (Degree),All India - Round 1 - 2025.pdf
2025,PGMAC,1,11,DEGREE,25661177893,2511203000210,PG25105606,68996,ALAMJOT SINGH CHAHAL,M,UR,GENERAL,UR(DEGREE)-1289,,,,UR(DIPLOMA)-1287,,,,,,,,"MGMMC & LSK HOS, KISHANGANJ",Orthopaedics,SM,Against SM Category Seat (Degree),All India - Round 1 - 2025.pdf
2025,PGMAC,1,11,DEGREE,25661069819,2511203001083,PG25140103,69165,RIYA RAJESHWARI,F,UR,GENERAL,UR(DEGREE)-1290,,,,UR(DIPLOMA)-1288,,,,,,,,"N.M.C &.H, SASARAM",General Surgery,UR,Against UR Category Seat (Degree),All India - Round 1 - 2025.pdf
2025,PGMAC,1,11,DEGREE,25661084433,2511203001640,PG25157122,69225,PRIYANKA KUMARI,F,SC,SC,UR(DEGREE)-1291,SC(DEGREE)- 79,RCG(DEGREE)- 305,,UR(DIPLOMA)-1289,SC(DIPLOMA)- 79,RCG(DIPLOMA)- 305,,,,,,P.M.C.PATNA,Pathology,SC,Against SC Category Seat (Degree) - Female,All India - Round 1 - 2025.pdf
2025,PGMAC,1,11,DEGREE,25661063241,2511203000611,PG25073608,69489,VINIT RANJAN,M,EW,EWS,UR(DEGREE)-1295,EWS(DEGREE)- 145,,,UR(DIPLOMA)-1293,EWS(DIPLOMA)- 145,,,,,,,P.M.C.PATNA,Biochemistry,EWS,Compensation Seat EWS Against UR (Degree),All India - Round 1 - 2025.pdf
2025,PGMAC,1,11,DEGREE,25661088403,2511203000913,PG25149445,69613,SAKSHI CHADDA,F,UR,GENERAL,UR(DEGREE)-1298,,,,UR(DIPLOMA)-1296,,,,,,,,NETAJI SUBHAS MEDICAL COLLEGE & HOSPITAL,Pathology,UR,Against UR Category Seat (Degree),All India - Round 1 - 2025.pdf
2025,PGMAC,1,11,DEGREE,25661119121,2511203000756,PG25119322,69757,FATIMA RASHID,F,UR,GENERAL,UR(DEGREE)-1301,,,,UR(DIPLOMA)-1299,,,,,,,,"MADHUBANI MEDICAL COLLEGE , MADHUBANI",OBS & GYNAE,MM,Against MM Category Seat (Degree),All India - Round 1 - 2025.pdf
2025,PGMAC,1,11,DEGREE,25661029864,2511203002073,PG25073156,69821,SHAIKH SOHAIL ABDULHAMID,M,UR,EWS,UR(DEGREE)-1307,,,,UR(DIPLOMA)-1305,,,,,,,,"N.M.C &.H, SASARAM",Anaesthesiology,UR,Against UR Category Seat (Degree),All India - Round 1 - 2025.pdf
2025,PGMAC,1,11,DEGREE,25661224288,2511203001461,PG25092245,69986,SROMONA SAHA,F,UR,GENERAL,UR(DEGREE)-1309,,,,UR(DIPLOMA)-1307,,,,,,,,"MGMMC & LSK HOS, KISHANGANJ",Pathology,UR,Against UR Category Seat (Degree),All India - Round 1 - 2025.pdf
2025,PGMAC,1,11,DEGREE,25661124189,2511203000551,PG25202756,70028,NEERAJ GAUR,M,UR,OBC,UR(DEGREE)-1311,,,,UR(DIPLOMA)-1309,,,,,,,,"MADHUBANI MEDICAL COLLEGE , MADHUBANI",Orthopaedics,UR,Against UR Category Seat (Degree),All India - Round 1 - 2025.pdf
2025,PGMAC,1,11,DEGREE,25661039520,2511203000742,PG25089622,70473,PRIYANSHU SHARMA,M,UR,GENERAL,UR(DEGREE)-1315,,,,UR(DIPLOMA)-1313,,,,,,,,"N.M.C &.H, SASARAM",Anaesthesiology,UR,Against UR Category Seat (Degree),All India - Round 1 - 2025.pdf
2025,PGMAC,1,11,DEGREE,25661106888,2511203000870,PG25110015,70520,DIPTI DIPIKA,F,UR,GENERAL,UR(DEGREE)-1316,,,,UR(DIPLOMA)-1314,,,,,,,,"N.M.C &.H, SASARAM",Anaesthesiology,UR,Against UR Category Seat (Degree),All India - Round 1 - 2025.pdf
2025,PGMAC,1,11,DEGREE,25661209511,2511203001912,PG25012205,70663,KARANBIR SINGH,M,UR,GENERAL,UR(DEGREE)-1318,,,,UR(DIPLOMA)-1316,,,,,,,,"MGMMC & LSK HOS, KISHANGANJ",Orthopaedics,SM,Against SM Category Seat (Degree),All India - Round 1 - 2025.pdf
2025,PGMAC,1,11,DEGREE,25661065319,2511203000495,PG25053307,70994,ABHINAV VATS,M,UR,GENERAL,UR(DEGREE)-1320,,,,UR(DIPLOMA)-1318,,,,,,,,"MADHUBANI MEDICAL COLLEGE , MADHUBANI",Orthopaedics,UR,Against UR Category Seat (Degree),All India - Round 1 - 2025.pdf
2025,PGMAC,1,11,DEGREE,25661083501,2511203001544,PG25089175,70999,PRAJAPATI JAIMIN SURESHBHAI,M,UR,OBC,UR(DEGREE)-1321,,,,UR(DIPLOMA)-1319,,,,,,,,K.M.C. KATIHAR,Orthopaedics,UR,Against UR Category Seat (Degree),All India - Round 1 - 2025.pdf
2025,PGMAC,1,11,DEGREE,25661127110,2511203001979,PG25073784,71189,PRITHVI BHAUMIK,M,UR,GENERAL,UR(DEGREE)-1323,,,,UR(DIPLOMA)-1321,,,,,,,,"MADHUBANI MEDICAL COLLEGE , MADHUBANI",Anaesthesiology,UR,Against UR Category Seat (Degree),All India - Round 1 - 2025.pdf
2025,PGMAC,1,11,DNB DEGREE,25661030782,2511203001846,PG25176377,71219,VINAY KUMAR RAHUL,M,BC,OBC,UR(DEGREE)-1324,BC(DEGREE)- 283,,,UR(DIPLOMA)-1322,BC(DIPLOMA)- 283,,,,,,,I.G.I.M.S. PATNA,EMERGENCY MEDICINE,BC,Against BC Category Seat (DNB-Degree),All India - Round 1 - 2025.pdf
2025,PGMAC,1,11,DEGREE,25661023779,2511203002076,PG25066333,71230,DESHARAJU VENKATA SAI KARTHIK,M,UR,GENERAL,UR(DEGREE)-1325,,,,UR(DIPLOMA)-1323,,,,,,,,K.M.C. KATIHAR,Radiodiagnosis,NRI,Against NRI Category Seat (Degree),All India - Round 1 - 2025.pdf
2025,PGMAC,1,11,DEGREE,25661175803,2511203000388,PG25122554,71336,ASHUTOSH,M,UR,OBC,UR(DEGREE)-1328,,,,UR(DIPLOMA)-1326,,,,,,,,"N.M.C &.H, SASARAM",Anaesthesiology,UR,Against UR Category Seat (Degree),All India - Round 1 - 2025.pdf
2025,PGMAC,1,11,DNB DIPLOMA,25661028879,2511203000759,PG25135272,71398,SWATI KUMARI,F,EB,OBC,UR(DEGREE)-1329,EBC(DEGREE)- 268,RCG(DEGREE)- 309,,UR(DIPLOMA)-1327,EBC(DIPLOMA)- 266,RCG(DIPLOMA)- 309,,,,,,SADAR HOSPITAL BEGUSARAI,D.G.O.,EBC,JUMP OVER ON EBC seat (DNB-Diploma),All India - Round 1 - 2025.pdf
2025,PGMAC,1,11,DEGREE,25661041703,2511203001885,PG25105315,71400,GURJOT KAUR,F,UR,GENERAL,UR(DEGREE)-1330,,,,UR(DIPLOMA)-1328,,,,,,,,"MGMMC & LSK HOS, KISHANGANJ",Anaesthesiology,SM,Against SM Category Seat (Degree),All India - Round 1 - 2025.pdf
2025,PGMAC,1,11,DEGREE,25661182298,2511203001706,PG25083539,71411,DOBARIYA ISHAN JAGDISHBHAI,M,UR,GENERAL,UR(DEGREE)-1331,,,,UR(DIPLOMA)-1329,,,,,,,,"N.M.C &.H, SASARAM",General Surgery,UR,Against UR Category Seat (Degree),All India - Round 1 - 2025.pdf
2025,PGMAC,1,11,DNB DIPLOMA,25661069284,2511203000469,PG25150394,71466,RASHMI KUMARI,F,UR,GENERAL,UR(DEGREE)-1333,,,,UR(DIPLOMA)-1331,,,,,,,,SADAR HOSPITAL JEHANABAD,D.G.O.,UR,Against UR Category Seat (DNB-Diploma),All India - Round 1 - 2025.pdf
2025,PGMAC,1,11,DEGREE,25661052120,2511203001289,PG25128780,71511,BINDRA RITIKA CHARANJIT SINGH,F,UR,GENERAL,UR(DEGREE)-1334,,,,UR(DIPLOMA)-1332,,,,,,,,"MGMMC & LSK HOS, KISHANGANJ",OBS & GYNAE,SM,Against SM Category Seat (Degree),All India - Round 1 - 2025.pdf
2025,PGMAC,1,11,DEGREE,25661241949,2511203000256,PG25014342,71631,SOUMYA,F,BC,OBC,UR(DEGREE)-1336,BC(DEGREE)- 285,RCG(DEGREE)- 310,,UR(DIPLOMA)-1334,BC(DIPLOMA)- 285,RCG(DIPLOMA)- 310,,,,,,D.M.C.LAHERIASARAI,Microbiology,BC,Compensation Seat BC Against UR (Degree),All India - Round 1 - 2025.pdf
2025,PGMAC,1,11,DEGREE,25661027657,2511203000356,PG25041409,71845,RITIK RAJ,M,UR,GENERAL,UR(DEGREE)-1337,,,,UR(DIPLOMA)-1335,,,,,,,,"N.M.C &.H, SASARAM",General Surgery,UR,Against UR Category Seat (Degree),All India - Round 1 - 2025.pdf
2025,PGMAC,1,11,DEGREE,25661124236,2511203001018,PG25023653,71853,ANDLEEB FATIMA,F,UR,GENERAL,UR(DEGREE)-1339,,,,UR(DIPLOMA)-1337,,,,,,,,K.M.C. KATIHAR,Radiodiagnosis,MM,Against MM Category Seat (Degree),All India - Round 1 - 2025.pdf
2025,PGMAC,1,11,DNB DEGREE,25661111870,2511203001936,PG25230870,71870,KUMARI RAKHI,F,BC,OBC,UR(DEGREE)-1341,BC(DEGREE)- 287,RCG(DEGREE)- 312,,UR(DIPLOMA)-1339,BC(DIPLOMA)- 287,RCG(DIPLOMA)- 312,,,,,,S.K.M.C. MUZAFFARPUR,OPHTHALMOLOGY,BC,Compensation Seat BC Against UR (DNB-Degree),All India - Round 1 - 2025.pdf
2025,PGMAC,1,11,DEGREE,25661161901,2511203001021,PG25012932,71993,MOHAMMAD FAIZ ANSARI,M,UR,GENERAL,UR(DEGREE)-1344,,,,UR(DIPLOMA)-1342,,,,,,,,K.M.C. KATIHAR,Paediatrics,MM,Against MM Category Seat (Degree),All India - Round 1 - 2025.pdf
2025,PGMAC,1,11,DEGREE,25661103314,2511203000522,PG25185615,72042,CHANDNI KUMARI,F,UR,OBC,UR(DEGREE)-1346,,,,UR(DIPLOMA)-1344,,,,,,,,"N.M.C &.H, SASARAM",Anaesthesiology,UR,Against UR Category Seat (Degree),All India - Round 1 - 2025.pdf
2025,PGMAC,1,11,DNB DIPLOMA,25661226329,2511203001268,PG25178713,72146,PRIYA RANI,F,UR,GENERAL,UR(DEGREE)-1348,,,,UR(DIPLOMA)-1346,,,,,,,,"B.M.I.M.S,PAWAPURI, NALANDA",D.C.H.,UR,Against UR Category Seat (DNB-Diploma),All India - Round 1 - 2025.pdf
2025,PGMAC,1,11,DEGREE,25661160780,2511203000224,PG25123527,72169,NIMIT PRAKASH,F,UR,GENERAL,UR(DEGREE)-1349,,,,UR(DIPLOMA)-1347,,,,,,,,"N.M.C &.H, SASARAM",Anaesthesiology,UR,Against UR Category Seat (Degree),All India - Round 1 - 2025.pdf
2025,PGMAC,1,11,DEGREE,25661063090,2511203001500,PG25073202,72306,ANUPRIYA,F,BC,OBC,UR(DEGREE)-1350,BC(DEGREE)- 288,RCG(DEGREE)- 313,,UR(DIPLOMA)-1348,BC(DIPLOMA)- 288,RCG(DIPLOMA)- 313,,,,,,I.G.I.M.S. PATNA,Microbiology,BC,Compensation Seat BC Against UR (Degree),All India - Round 1 - 2025.pdf
2025,PGMAC,1,11,DEGREE,25661234398,2511203000285,PG25082753,72481,SMRITI ARYA,F,EB,OBC,UR(DEGREE)-1351,EBC(DEGREE)- 269,RCG(DEGREE)- 314,,UR(DIPLOMA)-1349,EBC(DIPLOMA)- 267,RCG(DIPLOMA)- 314,,,,,,I.G.I.M.S. PATNA,Pharmacology,EBC,Compensation Seat EBC Against UR (Degree) - Female,All India - Round 1 - 2025.pdf
2025,PGMAC,1,11,DEGREE,25661057795,2511203001704,PG25046676,72498,AYUSHMAN SRIVASTAVA,M,UR,GENERAL,UR(DEGREE)-1352,,,,UR(DIPLOMA)-1350,,,,,,,,"N.M.C &.H, SASARAM",Orthopaedics,UR,Against UR Category Seat (Degree),All India - Round 1 - 2025.pdf
2025,PGMAC,1,11,DEGREE,25661125127,2511203002239,PG25168294,72914,TANMAY KUMAR,M,UR,GENERAL,UR(DEGREE)-1356,,,,UR(DIPLOMA)-1354,,,,,,,,"N.M.C &.H, SASARAM",General Surgery,UR,Against UR Category Seat (Degree),All India - Round 1 - 2025.pdf
2025,PGMAC,1,11,DEGREE,25661144830,2511203002201,PG25093319,72928,CHANCHAL PARJAPAT,F,UR,OBC,UR(DEGREE)-1357,,,,UR(DIPLOMA)-1355,,,,,,,,"N.M.C &.H, SASARAM",Anaesthesiology,UR,Against UR Category Seat (Degree),All India - Round 1 - 2025.pdf
2025,PGMAC,1,11,DEGREE,25661175894,2511203000230,PG25001502,73104,ZAKI AHMAD,M,UR,GENERAL,UR(DEGREE)-1360,,,,UR(DIPLOMA)-1358,,,,,,,,K.M.C. KATIHAR,Radiodiagnosis,MM,Against MM Category Seat (Degree),All India - Round 1 - 2025.pdf
2025,PGMAC,1,11,DEGREE,25661230650,2511203001876,PG25130600,73194,MOHD ADNAN,M,UR,GENERAL,UR(DEGREE)-1363,,,,UR(DIPLOMA)-1361,,,,,,,,"MADHUBANI MEDICAL COLLEGE , MADHUBANI",Orthopaedics,MM,Against MM Category Seat (Degree),All India - Round 1 - 2025.pdf
2025,PGMAC,1,11,DNB DEGREE,25661030244,2511203001441,PG25184451,73415,ANUP KUMAR,M,EB,OBC,UR(DEGREE)-1367,EBC(DEGREE)- 270,,,UR(DIPLOMA)-1365,EBC(DIPLOMA)- 268,,,,,,,J.L.N.M.C. BHAGALPUR,Anaesthesiology,EBC,Compensation Seat EBC Against UR (DNB-Degree),All India - Round 1 - 2025.pdf
2025,PGMAC,1,11,DEGREE,25661114913,2511203002166,PG25078397,73563,BHAWESH KUMAR,M,UR,OBC,UR(DEGREE)-1369,,,,UR(DIPLOMA)-1367,,,,,,,,"N.M.C &.H, SASARAM",General Surgery,UR,Against UR Category Seat (Degree),All India - Round 1 - 2025.pdf
2025,PGMAC,1,11,DEGREE,25661136171,2511203001453,PG25215950,73593,FAIZUL REHMAN,M,UR,OBC,UR(DEGREE)-1370,,,,UR(DIPLOMA)-1368,,,,,,,,"MADHUBANI MEDICAL COLLEGE , MADHUBANI",General Surgery,MM,Against MM Category Seat (Degree),All India - Round 1 - 2025.pdf
2025,PGMAC,1,11,DEGREE,25661164210,2511203001864,PG25149115,73620,NAVREET KAUR,F,UR,GENERAL,UR(DEGREE)-1371,,,,UR(DIPLOMA)-1369,,,,,,,,"MGMMC & LSK HOS, KISHANGANJ",Anaesthesiology,SM,Against SM Category Seat (Degree),All India - Round 1 - 2025.pdf
2025,PGMAC,1,11,DEGREE,25661160389,2511203001353,PG25048442,73652,TANISHQ GAURAV,M,UR,GENERAL,UR(DEGREE)-1372,,,,UR(DIPLOMA)-1370,,,,,,,,"N.M.C &.H, SASARAM",General Surgery,UR,Against UR Category Seat (Degree),All India - Round 1 - 2025.pdf
2025,PGMAC,1,11,DEGREE,25661156901,2511203001908,PG25195503,73679,PANKAJ KUMAR YADAV,M,UR,OBC,UR(DEGREE)-1373,,,,UR(DIPLOMA)-1371,,,,,,,,"N.M.C &.H, SASARAM",Orthopaedics,UR,Against UR Category Seat (Degree),All India - Round 1 - 2025.pdf
2025,PGMAC,1,11,DEGREE,25661180270,2511203001076,PG25159354,73789,SURBHI,F,SC,SC,UR(DEGREE)-1375,SC(DEGREE)- 83,RCG(DEGREE)- 316,,UR(DIPLOMA)-1373,SC(DIPLOMA)- 83,RCG(DIPLOMA)- 316,,,,,,D.M.C.LAHERIASARAI,COMMUNITY MEDICINE,SC,Against SC Category Seat (Degree),All India - Round 1 - 2025.pdf
2025,PGMAC,1,11,DEGREE,25661205929,2511203000561,PG25153300,74161,HERA FATIMA,F,EB,OBC,UR(DEGREE)-1380,EBC(DEGREE)- 271,RCG(DEGREE)- 318,,UR(DIPLOMA)-1377,EBC(DIPLOMA)- 269,RCG(DIPLOMA)- 317,,,,,,N.M.C. PATNA,Pharmacology,RCG,Against RCG Category Seat (Degree),All India - Round 1 - 2025.pdf
2025,PGMAC,1,11,DEGREE,25661040964,2511203001501,PG25093410,74437,AISHWARYA GAURAV,F,UR,GENERAL,UR(DEGREE)-1384,,,,UR(DIPLOMA)-1381,,,,,,,,"N.M.C &.H, SASARAM",General Surgery,UR,Against UR Category Seat (Degree),All India - Round 1 - 2025.pdf
2025,PGMAC,1,11,DEGREE,25661156831,2511203001809,PG25014186,74549,ABDUR RAHMAN,M,UR,GENERAL,UR(DEGREE)-1387,,,,UR(DIPLOMA)-1384,,,,,,,,"N.M.C &.H, SASARAM",General Surgery,UR,Against UR Category Seat (Degree),All India - Round 1 - 2025.pdf
2025,PGMAC,1,11,DEGREE,25661001800,2511203001621,PG25151664,74552,FARHANA SIDDHIQI,F,UR,OBC,UR(DEGREE)-1388,,,,UR(DIPLOMA)-1385,,,,,,,,"MADHUBANI MEDICAL COLLEGE , MADHUBANI",OBS & GYNAE,MM,Against MM Category Seat (Degree),All India - Round 1 - 2025.pdf
2025,PGMAC,1,11,DEGREE,25661179896,2511203000079,PG25093318,74804,FAZIL AJAZ ANSARI,M,UR,OBC,UR(DEGREE)-1392,,,,UR(DIPLOMA)-1389,,,,,,,,"MADHUBANI MEDICAL COLLEGE , MADHUBANI",Paediatrics,MM,Against MM Category Seat (Degree),All India - Round 1 - 2025.pdf
2025,PGMAC,1,12,DEGREE,25661093460,2511203001040,PG25124937,74939,ANSHUM PRITA,F,UR,OBC,UR(DEGREE)-1393,,,,UR(DIPLOMA)-1390,,,,,,,,"MADHUBANI MEDICAL COLLEGE , MADHUBANI",Anaesthesiology,UR,Against UR Category Seat (Degree),All India - Round 1 - 2025.pdf
2025,PGMAC,1,12,DEGREE,25661190093,2511203000588,PG25097933,74991,SHAQUIB ZAKI,M,EW,EWS,UR(DEGREE)-1394,EWS(DEGREE)- 146,,,UR(DIPLOMA)-1391,EWS(DIPLOMA)- 146,,,,,,,D.M.C.LAHERIASARAI,COMMUNITY MEDICINE,EWS,Against EWS Category Seat (Degree),All India - Round 1 - 2025.pdf
2025,PGMAC,1,12,DEGREE,25661230777,2511203001259,PG25151132,75099,PRAMOD KUMAR PRABHAKAR,M,UR,OBC,UR(DEGREE)-1395,,,,UR(DIPLOMA)-1392,,,,,,,,"N.M.C &.H, SASARAM",General Surgery,UR,Against UR Category Seat (Degree),All India - Round 1 - 2025.pdf
2025,PGMAC,1,12,DEGREE,25661073507,2511203000784,PG25111814,75276,AYAZ ALI,M,UR,OBC,UR(DEGREE)-1397,,,,UR(DIPLOMA)-1394,,,,,,,,"MADHUBANI MEDICAL COLLEGE , MADHUBANI",DERMATOLOGY,MM,Against MM Category Seat (Degree),All India - Round 1 - 2025.pdf
2025,PGMAC,1,12,DEGREE,25661178464,2511203000931,PG25100435,75668,ANAM SHARAF,F,UR,GENERAL,UR(DEGREE)-1405,,,,UR(DIPLOMA)-1402,,,,,,,,"MADHUBANI MEDICAL COLLEGE , MADHUBANI",DERMATOLOGY,MM,Against MM Category Seat (Degree),All India - Round 1 - 2025.pdf
2025,PGMAC,1,12,DEGREE,25661233173,2511203002141,PG25033901,76004,JHA RAJESH VINAY,M,UR,EWS,UR(DEGREE)-1410,,,,UR(DIPLOMA)-1407,,,,,,,,"MADHUBANI MEDICAL COLLEGE , MADHUBANI",General Medicine,NRI,Against NRI Category Seat (Degree),All India - Round 1 - 2025.pdf
2025,PGMAC,1,12,DNB DEGREE,25661100663,2511203000087,PG25150948,76037,NIRAJ KUMAR,M,BC,OBC,UR(DEGREE)-1411,BC(DEGREE)- 291,,,UR(DIPLOMA)-1408,BC(DIPLOMA)- 290,,,,,,,BIMHAS KOILWAR BHOJPUR,Psychiatry,BC,Compensation Seat BC Against UR (DNB-Degree),All India - Round 1 - 2025.pdf
2025,PGMAC,1,12,DEGREE,25661075896,2511203000196,PG25100910,76369,MD DILSHAD ALAM,M,EB,OBC,UR(DEGREE)-1414,EBC(DEGREE)- 274,,,UR(DIPLOMA)-1411,EBC(DIPLOMA)- 272,,,,,,,J.L.N.M.C. BHAGALPUR,COMMUNITY MEDICINE,EBC,Against EBC Category Seat (Degree),All India - Round 1 - 2025.pdf
2025,PGMAC,1,12,DNB DIPLOMA,25661183618,2511203001108,PG25186622,76423,MITHILESH KUMAR,M,EB,OBC,UR(DEGREE)-1415,EBC(DEGREE)- 275,,,UR(DIPLOMA)-1412,EBC(DIPLOMA)- 273,,,,,,,"B.M.I.M.S,PAWAPURI, NALANDA",D.C.H.,EBC,JUMP OVER ON EBC seat (DNB-Diploma),All India - Round 1 - 2025.pdf
2025,PGMAC,1,12,DEGREE,25661064718,2511203000579,PG25052966,76433,ATHARVA ALOK JAISWAL,M,UR,OBC,UR(DEGREE)-1416,,,,UR(DIPLOMA)-1413,,,,,,,,"MADHUBANI MEDICAL COLLEGE , MADHUBANI",General Surgery,UR,Against UR Category Seat (Degree),All India - Round 1 - 2025.pdf
2025,PGMAC,1,12,DNB DIPLOMA,25661238178,2511203000928,PG25169400,76648,AYUSHI,F,EW,EWS,UR(DEGREE)-1418,EWS(DEGREE)- 147,,,UR(DIPLOMA)-1415,EWS(DIPLOMA)- 147,,,,,,,SADAR HOSPITAL MUZAFFARPUR,D.G.O.,EWS,JUMP OVER ON EWS seat (DNB-Diploma),All India - Round 1 - 2025.pdf
2025,PGMAC,1,12,DEGREE,25661145626,2511203000657,PG25179382,77123,SHARQUA ZAHEEN,F,UR,GENERAL,UR(DEGREE)-1426,,,,UR(DIPLOMA)-1423,,,,,,,,"MADHUBANI MEDICAL COLLEGE , MADHUBANI",OBS & GYNAE,MM,Against MM Category Seat (Degree),All India - Round 1 - 2025.pdf
2025,PGMAC,1,12,DEGREE,25661080476,2511203001538,PG25100952,77408,SHIWANGI SHIKHA,F,SC,SC,UR(DEGREE)-1432,SC(DEGREE)- 89,RCG(DEGREE)- 322,,UR(DIPLOMA)-1429,SC(DIPLOMA)- 89,RCG(DIPLOMA)- 321,,,,,,J.L.N.M.C. BHAGALPUR,Pathology,SC,Against SC Category Seat (Degree),All India - Round 1 - 2025.pdf
2025,PGMAC,1,12,DEGREE,25661046971,2511203000022,PG25095011,77440,SUPRIYA PRAKASH,F,BC,OBC,UR(DEGREE)-1433,,,,UR(DIPLOMA)-1430,,,,,,,,"MADHUBANI MEDICAL COLLEGE , MADHUBANI",General Surgery,UR,Against UR Category Seat (Degree),All India - Round 1 - 2025.pdf
2025,PGMAC,1,12,DEGREE,25661184031,2511203000681,PG25158442,77485,VISHAL RANJAN,M,BC,OBC,UR(DEGREE)-1434,,,,UR(DIPLOMA)-1431,,,,,,,,"N.M.C &.H, SASARAM",Orthopaedics,UR,Against UR Category Seat (Degree),All India - Round 1 - 2025.pdf
2025,PGMAC,1,12,DEGREE,25661055679,2511203000706,PG25030639,77592,NEERAJ KUMAR AZAD,M,UR,GENERAL,UR(DEGREE)-1436,,,,UR(DIPLOMA)-1433,,,,,,,,"N.M.C &.H, SASARAM",Orthopaedics,UR,Against UR Category Seat (Degree),All India - Round 1 - 2025.pdf
2025,PGMAC,1,12,DEGREE,25661112080,2511203000239,PG25098344,77721,PRIYANSHU LATA,F,SC,SC,UR(DEGREE)-1439,SC(DEGREE)- 90,RCG(DEGREE)- 323,,UR(DIPLOMA)-1436,SC(DIPLOMA)- 90,RCG(DIPLOMA)- 322,,,,,,I.G.I.M.S. PATNA,Pathology,SC,Against SC Category Seat (Degree) - Female,All India - Round 1 - 2025.pdf
2025,PGMAC,1,12,DEGREE,25661167400,2511203000455,PG25078981,78133,SUKHVINDER,M,UR,GENERAL,UR(DEGREE)-1444,,,,UR(DIPLOMA)-1441,,,,,,,,"N.M.C &.H, SASARAM",Orthopaedics,UR,Against UR Category Seat (Degree),All India - Round 1 - 2025.pdf
2025,PGMAC,1,12,DNB DIPLOMA,25661160254,2511203001323,PG25157637,78521,VINOD KUMAR CHAUDHARY,M,SC,SC,UR(DEGREE)-1447,SC(DEGREE)- 91,,,UR(DIPLOMA)-1444,SC(DIPLOMA)- 91,,,,,,,SADAR HOSPITAL KHAGARIA,D.G.O.,SC,JUMP OVER ON SC seat (DNB-Diploma),All India - Round 1 - 2025.pdf
2025,PGMAC,1,12,DEGREE,25661177275,2511203001906,PG25166298,78951,POONAM KUMARI,F,BC,OBC,UR(DEGREE)-1454,BC(DEGREE)- 297,RCG(DEGREE)- 325,,UR(DIPLOMA)-1451,BC(DIPLOMA)- 296,RCG(DIPLOMA)- 324,,,,,,P.M.C.PATNA,Pharmacology,BC,Against BC Category Seat (Degree),All India - Round 1 - 2025.pdf
2025,PGMAC,1,12,DEGREE,25661167983,2511203000936,PG25154859,79126,TIKTA PAUL,F,UR,GENERAL,UR(DEGREE)-1455,,,,UR(DIPLOMA)-1452,,,,,,,,"MADHUBANI MEDICAL COLLEGE , MADHUBANI",General Surgery,UR,Against UR Category Seat (Degree),All India - Round 1 - 2025.pdf
2025,PGMAC,1,12,DEGREE,25661194227,2511203000628,PG25129760,79166,SUPREET SINGH BEDI,M,UR,GENERAL,UR(DEGREE)-1456,,,,UR(DIPLOMA)-1453,,,,,,,,"MGMMC & LSK HOS, KISHANGANJ",General Medicine,NRI,Against NRI Category Seat (Degree),All India - Round 1 - 2025.pdf
2025,PGMAC,1,12,DEGREE,25661234239,2511203000011,PG25087446,79293,PRANJAL GANGWAR,M,UR,GENERAL,UR(DEGREE)-1458,,,,UR(DIPLOMA)-1455,,,,,,,,"N.M.C &.H, SASARAM",Radiodiagnosis,NRI,Against NRI Category Seat (Degree),All India - Round 1 - 2025.pdf
2025,PGMAC,1,12,DEGREE,25661241185,2511203002249,PG25216794,80185,SAURABH KUMAR SUMAN,M,BC,OBC,UR(DEGREE)-1464,BC(DEGREE)- 299,,,UR(DIPLOMA)-1461,BC(DIPLOMA)- 298,,,,,,,I.G.I.M.S. PATNA,F.M.T.,BC,Against BC Category Seat (Degree),All India - Round 1 - 2025.pdf
2025,PGMAC,1,12,DEGREE,25661060211,2511203001531,PG25190293,80574,UDAY KUMAR,M,UR,GENERAL,UR(DEGREE)-1471,,,DQ(DEGREE)- 1,UR(DIPLOMA)-1468,,,DQ(DIPLOMA)- 1,,,,,P.M.C.PATNA,General Medicine,DQ,Against DQ Category Seat (UR),All India - Round 1 - 2025.pdf
2025,PGMAC,1,12,DEGREE,25661120893,2511203001350,PG25161261,80633,TRIPURESH NISHAD,M,UR,OBC,UR(DEGREE)-1473,,,,UR(DIPLOMA)-1470,,,,,,,,"N.M.C &.H, SASARAM",General Medicine,NRI,Against NRI Category Seat (Degree),All India - Round 1 - 2025.pdf
2025,PGMAC,1,12,DNB DIPLOMA,25661089346,2511203000233,PG25111125,81021,PURNIMA KUMARI,F,EB,OBC,UR(DEGREE)-1477,EBC(DEGREE)- 278,RCG(DEGREE)- 328,,UR(DIPLOMA)-1474,EBC(DIPLOMA)- 276,RCG(DIPLOMA)- 327,,,,,,SADAR HOSPITAL NALANDA BIHAR SHARIF,D.G.O.,EBC,Against EBC Category Seat (DNB-Diploma),All India - Round 1 - 2025.pdf
2025,PGMAC,1,12,DEGREE,25661093177,2511203002116,PG25062187,81062,PENUMALLI RADHA KALYANI,F,UR,GENERAL,UR(DEGREE)-1478,,,,UR(DIPLOMA)-1475,,,,,,,,"N.M.C &.H, SASARAM",General Medicine,NRI,Against NRI Category Seat (Degree),All India - Round 1 - 2025.pdf
2025,PGMAC,1,12,DEGREE,25661139575,2511203001837,PG25124431,81134,KANIKA RANA,F,UR,GENERAL,UR(DEGREE)-1482,,,,UR(DIPLOMA)-1479,,,,,,,,"MGMMC & LSK HOS, KISHANGANJ",Pathology,UR,Against UR Category Seat (Degree),All India - Round 1 - 2025.pdf
2025,PGMAC,1,12,DEGREE,25661063907,2511203000287,PG25119805,81278,TANASH DAM,M,UR,GENERAL,UR(DEGREE)-1483,,,,UR(DIPLOMA)-1480,,,,,,,,"MGMMC & LSK HOS, KISHANGANJ",Pathology,UR,Against UR Category Seat (Degree),All India - Round 1 - 2025.pdf
2025,PGMAC,1,12,DEGREE,25661020344,2511203000507,PG25116933,81445,ABHINAV KUMAR,M,SC,SC,UR(DEGREE)-1486,SC(DEGREE)- 94,,,UR(DIPLOMA)-1483,SC(DIPLOMA)- 94,,,,,,,D.M.C.LAHERIASARAI,Pathology,SC,Against SC Category Seat (Degree),All India - Round 1 - 2025.pdf
2025,PGMAC,1,12,DEGREE,25661235152,2511203002080,PG25056288,81542,DESHMUKH JANHVI,F,UR,OBC,UR(DEGREE)-1488,,,,UR(DIPLOMA)-1485,,,,,,,,"MADHUBANI MEDICAL COLLEGE , MADHUBANI",General Surgery,UR,Against UR Category Seat (Degree),All India - Round 1 - 2025.pdf
2025,PGMAC,1,12,DEGREE,25661098707,2511203000696,PG25043423,81777,ADEEL AFSAR HUSSAIN,M,UR,GENERAL,UR(DEGREE)-1489,,,,UR(DIPLOMA)-1486,,,,,,,,K.M.C. KATIHAR,General Surgery,MM,Against MM Category Seat (Degree),All India - Round 1 - 2025.pdf
2025,PGMAC,1,12,DEGREE,25661172934,2511203001691,PG25193483,81992,SHAISTA ZAREEN,F,UR,GENERAL,UR(DEGREE)-1494,,,,UR(DIPLOMA)-1491,,,,,,,,"MADHUBANI MEDICAL COLLEGE , MADHUBANI",Anaesthesiology,MM,Against MM Category Seat (Degree),All India - Round 1 - 2025.pdf
2025,PGMAC,1,12,DNB DEGREE,25661214290,2511203000449,PG25052650,82273,SANJEEV KUMAR,M,SC,SC,UR(DEGREE)-1496,SC(DEGREE)- 96,,,UR(DIPLOMA)-1493,SC(DIPLOMA)- 96,,,,,,,LNJP HOSPITAL PATNA,Orthopaedics,SC,Against SC Category Seat (DNB-Degree),All India - Round 1 - 2025.pdf
2025,PGMAC,1,12,DEGREE,25661181772,2511203000732,PG25110036,82817,NIKITA KUMARI,F,EW,EWS,UR(DEGREE)-1500,EWS(DEGREE)- 151,,,UR(DIPLOMA)-1497,EWS(DIPLOMA)- 151,,,,,,,N.M.C. PATNA,Pharmacology,EWS,Compensation Seat EWS Against UR (Degree),All India - Round 1 - 2025.pdf
2025,PGMAC,1,12,DNB DEGREE,25661199372,2511203000980,PG25221179,82822,ASHISH KUMAR,M,EB,OBC,UR(DEGREE)-1501,EBC(DEGREE)- 279,,,UR(DIPLOMA)-1498,EBC(DIPLOMA)- 277,,,,,,,BIMHAS KOILWAR BHOJPUR,Psychiatry,EBC,Against EBC Category Seat (DNB-Degree),All India - Round 1 - 2025.pdf
2025,PGMAC,1,12,DIPLOMA OPEN,25661106131,2511203001735,PG25213798,83079,VIJAY KUMAR,M,BC,OBC,UR(DEGREE)-1504,BC(DEGREE)- 302,,,UR(DIPLOMA)-1501,BC(DIPLOMA)- 301,,,,,,,D.M.C.LAHERIASARAI,D.A.,BC,Against BC Category Seat (Diploma Open),All India - Round 1 - 2025.pdf
2025,PGMAC,1,12,DEGREE,25661014818,2511203001181,PG25187168,83249,SHABANA AZMI,F,UR,GENERAL,UR(DEGREE)-1506,,,,UR(DIPLOMA)-1503,,,,,,,,"MGMMC & LSK HOS, KISHANGANJ",Pathology,UR,Against UR Category Seat (Degree),All India - Round 1 - 2025.pdf
2025,PGMAC,1,12,DEGREE,25661068395,2511203000958,PG25162360,83328,GOVIND GOPAL,M,EW,EWS,UR(DEGREE)-1507,EWS(DEGREE)- 152,,,UR(DIPLOMA)-1504,EWS(DIPLOMA)- 152,,,,,,,N.M.C. PATNA,Biochemistry,EWS,Compensation Seat EWS Against UR (Degree),All India - Round 1 - 2025.pdf
2025,PGMAC,1,12,DNB DEGREE,25661008143,2511203000464,PG25138059,83514,AVINASH KUMAR,M,SC,SC,UR(DEGREE)-1510,SC(DEGREE)- 98,,,UR(DIPLOMA)-1507,SC(DIPLOMA)- 98,,,,,,,J.L.N.M.C. BHAGALPUR,Anaesthesiology,SC,Against SC Category Seat (DNB-Degree),All India - Round 1 - 2025.pdf
2025,PGMAC,1,12,DEGREE,25661131657,2511203000076,PG25082104,84075,KUNDAN KUMAR,M,EB,OBC,UR(DEGREE)-1518,EBC(DEGREE)- 280,,DQ(DEGREE)- 2,UR(DIPLOMA)-1515,EBC(DIPLOMA)- 278,,DQ(DIPLOMA)- 2,,,,,N.M.C. PATNA,General Surgery,DQ,Against DQ Category Seat (EB),All India - Round 1 - 2025.pdf
2025,PGMAC,1,12,DEGREE,25661184906,2511203002283,PG25010812,84425,SHAMS AHAMED M,M,UR,OBC,UR(DEGREE)-1525,,,,UR(DIPLOMA)-1522,,,,,,,,K.M.C. KATIHAR,Paediatrics,MM,Against MM Category Seat (Degree),All India - Round 1 - 2025.pdf
2025,PGMAC,1,12,DNB DIPLOMA,25661237137,2511203001977,PG25145585,84895,VIPIN KUMAR,M,BC,OBC,UR(DEGREE)-1533,BC(DEGREE)- 304,,,UR(DIPLOMA)-1530,BC(DIPLOMA)- 303,,,,,,,"B.M.I.M.S,PAWAPURI, NALANDA",D.C.H.,BC,JUMP OVER ON BC seat (DNB-Diploma),All India - Round 1 - 2025.pdf
2025,PGMAC,1,12,DEGREE,25661070325,2511203000652,PG25163270,84903,BINOD KUMAR,M,SC,SC,UR(DEGREE)-1534,SC(DEGREE)- 100,,,UR(DIPLOMA)-1531,SC(DIPLOMA)- 100,,,,,,,A.N.M.M.C. GAYA,Pathology,SC,Against SC Category Seat (Degree),All India - Round 1 - 2025.pdf
2025,PGMAC,1,12,DEGREE,25661197003,2511203000100,PG25174366,85496,AHMED RAZA,M,UR,GENERAL,UR(DEGREE)-1540,,,,UR(DIPLOMA)-1537,,,,,,,,"MADHUBANI MEDICAL COLLEGE , MADHUBANI",Paediatrics,MM,Against MM Category Seat (Degree),All India - Round 1 - 2025.pdf
2025,PGMAC,1,12,DEGREE,25661049488,2511203001961,PG25091483,85534,DASTGIRBAADSHAHKHAN PATHAN,M,UR,OBC,UR(DEGREE)-1541,,,,UR(DIPLOMA)-1538,,,,,,,,K.M.C. KATIHAR,General Surgery,MM,Against MM Category Seat (Degree),All India - Round 1 - 2025.pdf
2025,PGMAC,1,12,DEGREE,25661226353,2511203001607,PG25197460,85575,AYESHA ZAFAR,F,UR,GENERAL,UR(DEGREE)-1542,,,,UR(DIPLOMA)-1539,,,,,,,,"MGMMC & LSK HOS, KISHANGANJ",OBS & GYNAE,NRI,Against NRI Category Seat (Degree),All India - Round 1 - 2025.pdf
2025,PGMAC,1,12,DEGREE,25661232777,2511203000544,PG25066714,85813,RAHUL KUMAR ROSHAN,M,BC,OBC,UR(DEGREE)-1546,BC(DEGREE)- 306,,,UR(DIPLOMA)-1543,BC(DIPLOMA)- 305,,,,,,,J.L.N.M.C. BHAGALPUR,Microbiology,BC,Compensation Seat BC Against UR (Degree),All India - Round 1 - 2025.pdf
2025,PGMAC,1,12,DEGREE,25661148826,2511203001981,PG25191728,86116,DESHMUKH VRUSHANK GAJANAN,M,UR,GENERAL,UR(DEGREE)-1554,,,,UR(DIPLOMA)-1551,,,,,,,,"LORD BUDHA KOSHI MEDICAL COLLEGE & HOSPITAL, SAHARSA",General Medicine,NRI,Against NRI Category Seat (Degree),All India - Round 1 - 2025.pdf
2025,PGMAC,1,12,DEGREE,25661002369,2511203001386,PG25192332,86223,ANJALI MEHTA,F,BC,OBC,UR(DEGREE)-1557,BC(DEGREE)- 307,RCG(DEGREE)- 331,,UR(DIPLOMA)-1554,BC(DIPLOMA)- 306,RCG(DIPLOMA)- 330,,,,,,A.N.M.M.C. GAYA,Pharmacology,BC,Compensation Seat BC Against UR (Degree),All India - Round 1 - 2025.pdf
2025,PGMAC,1,12,DEGREE,25661238212,2511203001488,PG25073859,86552,SANJAY KUMAR SINHA,M,BC,OBC,UR(DEGREE)-1566,BC(DEGREE)- 308,,,UR(DIPLOMA)-1563,BC(DIPLOMA)- 307,,,,,,,P.M.C.PATNA,Pharmacology,BC,Compensation Seat BC Against UR (Degree),All India - Round 1 - 2025.pdf
2025,PGMAC,1,12,DEGREE,25661096121,2511203002035,PG25149211,86603,MADHUR PHUTELA,M,UR,GENERAL,UR(DEGREE)-1567,,,,UR(DIPLOMA)-1564,,,,,,,,"MGMMC & LSK HOS, KISHANGANJ",Paediatrics,NRI,Against NRI Category Seat (Degree),All India - Round 1 - 2025.pdf
2025,PGMAC,1,12,DEGREE,25661102981,2511203002219,PG25137631,86931,VIKASH ANAND,M,BC,OBC,UR(DEGREE)-1570,,,,UR(DIPLOMA)-1567,,,,,,,,"MGMMC & LSK HOS, KISHANGANJ",Orthopaedics,NRI,Against NRI Category Seat (Degree),All India - Round 1 - 2025.pdf
2025,PGMAC,1,12,DNB DIPLOMA,25661132781,2511203001873,PG25147117,87034,JAVED ALAM,M,EB,OBC,UR(DEGREE)-1571,EBC(DEGREE)- 285,,,UR(DIPLOMA)-1568,EBC(DIPLOMA)- 283,,,,,,,SADAR HOSPITAL SITAMARHI,D.A.,EBC,Compensation Seat EBC Against UR (DNB- Diploma),All India - Round 1 - 2025.pdf
2025,PGMAC,1,13,DEGREE,25661088454,2511203000019,PG25166930,87337,MARIYA KARIM,F,UR,GENERAL,UR(DEGREE)-1576,,,,UR(DIPLOMA)-1573,,,,,,,,"MADHUBANI MEDICAL COLLEGE , MADHUBANI",General Surgery,MM,Against MM Category Seat (Degree),All India - Round 1 - 2025.pdf
2025,PGMAC,1,13,DEGREE,25661014533,2511203001220,PG25039497,87402,YUSUF SHAHID,M,UR,GENERAL,UR(DEGREE)-1577,,,,UR(DIPLOMA)-1574,,,,,,,,"MADHUBANI MEDICAL COLLEGE , MADHUBANI",Anaesthesiology,MM,Against MM Category Seat (Degree),All India - Round 1 - 2025.pdf
2025,PGMAC,1,13,DEGREE,25661116389,2511203001078,PG25195454,87477,PALLAVI BHARATI,F,BC,OBC,UR(DEGREE)-1579,,,,UR(DIPLOMA)-1576,,,,,,,,"MGMMC & LSK HOS, KISHANGANJ",General Medicine,NRI,Against NRI Category Seat (Degree),All India - Round 1 - 2025.pdf
2025,PGMAC,1,13,DEGREE,25661104386,2511203001109,PG25125548,87845,PARAG KHOSLA,M,UR,GENERAL,UR(DEGREE)-1582,,,,UR(DIPLOMA)-1579,,,,,,,,"MGMMC & LSK HOS, KISHANGANJ",General Medicine,NRI,Against NRI Category Seat (Degree),All India - Round 1 - 2025.pdf
2025,PGMAC,1,13,DEGREE,25661002419,2511203000139,PG25126233,88020,RITURAJ SINGH,M,UR,EWS,UR(DEGREE)-1586,,,,UR(DIPLOMA)-1583,,,,,,,,K.M.C. KATIHAR,Radiodiagnosis,NRI,Against NRI Category Seat (Degree),All India - Round 1 - 2025.pdf
2025,PGMAC,1,13,DEGREE,25661114849,2511203002084,PG25206225,88107,MANALI NAYAK,F,BC,OBC,UR(DEGREE)-1587,BC(DEGREE)- 309,RCG(DEGREE)- 332,,UR(DIPLOMA)-1584,BC(DIPLOMA)- 308,RCG(DIPLOMA)- 331,,,,,,D.M.C.LAHERIASARAI,Pharmacology,BC,Against BC Category Seat (Degree) - Female,All India - Round 1 - 2025.pdf
2025,PGMAC,1,13,DEGREE,25661066759,2511203001321,PG25222627,88208,FAIZ ALAM,M,UR,OBC,UR(DEGREE)-1589,,,,UR(DIPLOMA)-1586,,,,,,,,K.M.C. KATIHAR,General Surgery,MM,Against MM Category Seat (Degree),All India - Round 1 - 2025.pdf
2025,PGMAC,1,13,DEGREE,25661239763,2511203002125,PG25239954,88316,BUSHRA ALI,F,UR,GENERAL,UR(DEGREE)-1591,,,,UR(DIPLOMA)-1588,,,,,,,,K.M.C. KATIHAR,OBS & GYNAE,MM,Against MM Category Seat (Degree),All India - Round 1 - 2025.pdf
2025,PGMAC,1,13,DEGREE,25661175028,2511203000830,PG25233473,88582,SAIF ASHRAF,M,UR,GENERAL,UR(DEGREE)-1593,,,,UR(DIPLOMA)-1590,,,,,,,,"MADHUBANI MEDICAL COLLEGE , MADHUBANI",General Surgery,MM,Against MM Category Seat (Degree),All India - Round 1 - 2025.pdf
2025,PGMAC,1,13,DEGREE,25661101143,2511203000526,PG25050915,89056,NANCY GOYAL,F,UR,GENERAL,UR(DEGREE)-1601,,,,UR(DIPLOMA)-1598,,,,,,,,"MGMMC & LSK HOS, KISHANGANJ",OPHTHALMOLOGY,NRI,Against NRI Category Seat (Degree),All India - Round 1 - 2025.pdf
2025,PGMAC,1,13,DNB DIPLOMA,25661150388,2511203000195,PG25097983,89215,DEEPAK KUMAR,M,BC,OBC,UR(DEGREE)-1604,BC(DEGREE)- 311,,,UR(DIPLOMA)-1601,BC(DIPLOMA)- 310,,,UR(REMOTE)- 1,BC(REMOTE)- 1,,,SADAR HOSPITAL GOPALGANJ,D.G.O.,BC,Against BC Category Seat (DNB-Diploma),All India - Round 1 - 2025.pdf
2025,PGMAC,1,13,DEGREE,25661062096,2511203001672,PG25152686,89712,SHEIKH JUNAID AKHTAR ABDUL JABBAR,M,UR,EWS,UR(DEGREE)-1612,,,,UR(DIPLOMA)-1609,,,,,,,,"MADHUBANI MEDICAL COLLEGE , MADHUBANI",General Surgery,MM,Against MM Category Seat (Degree),All India - Round 1 - 2025.pdf
2025,PGMAC,1,13,DEGREE,25661028532,2511203001476,PG25234465,90255,VIKASH KUMAR,M,SC,SC,UR(DEGREE)-1622,SC(DEGREE)- 102,,,UR(DIPLOMA)-1619,SC(DIPLOMA)- 102,,,,,,,"B.M.I.M.S,PAWAPURI, NALANDA",Pharmacology,SC,Against SC Category Seat (Degree),All India - Round 1 - 2025.pdf
2025,PGMAC,1,13,DEGREE,25661221978,2511203000143,PG25122796,90416,RAJAT GUPTA,M,UR,GENERAL,UR(DEGREE)-1623,,,,UR(DIPLOMA)-1620,,,,,,,,"N.M.C &.H, SASARAM",OPHTHALMOLOGY,NRI,Against NRI Category Seat (Degree),All India - Round 1 - 2025.pdf
2025,PGMAC,1,13,DEGREE,25661012324,2511203000603,PG25107807,90566,SHAIKH SHOAIBAHMED MOHAMMAD ANWAR,M,UR,GENERAL,UR(DEGREE)-1626,,,,UR(DIPLOMA)-1623,,,,,,,,"MADHUBANI MEDICAL COLLEGE , MADHUBANI",General Surgery,MM,Against MM Category Seat (Degree),All India - Round 1 - 2025.pdf
2025,PGMAC,1,13,DEGREE,25661215237,2511203002318,PG25122003,90744,WASIM AKRAM,M,UR,OBC,UR(DEGREE)-1627,,,,UR(DIPLOMA)-1624,,,,,,,,"MADHUBANI MEDICAL COLLEGE , MADHUBANI",General Surgery,MM,Against MM Category Seat (Degree),All India - Round 1 - 2025.pdf
2025,PGMAC,1,13,DEGREE,25661237081,2511203001579,PG25169429,91048,SHILPI KUMARI,F,UR,OBC,UR(DEGREE)-1632,,,,UR(DIPLOMA)-1629,,,,,,,,NETAJI SUBHAS MEDICAL COLLEGE & HOSPITAL,Pathology,UR,Against UR Category Seat (Degree),All India - Round 1 - 2025.pdf
2025,PGMAC,1,13,DEGREE,25661084286,2511203001091,PG25159550,91148,HARSHGEET KAUR,F,UR,SC,UR(DEGREE)-1635,,,,UR(DIPLOMA)-1632,,,,,,,,"MGMMC & LSK HOS, KISHANGANJ",Pathology,SM,Against SM Category Seat (Degree),All India - Round 1 - 2025.pdf
2025,PGMAC,1,13,DEGREE,25661053426,2511203002317,PG25109483,91207,NITIN GAMBHIR,M,UR,GENERAL,UR(DEGREE)-1637,,,,UR(DIPLOMA)-1634,,,,,,,,K.M.C. KATIHAR,General Medicine,NRI,Against NRI Category Seat (Degree),All India - Round 1 - 2025.pdf
2025,PGMAC,1,13,DEGREE,25661170261,2511203002092,PG25195643,91516,NEHA KUMARI,F,EB,OBC,UR(DEGREE)-1642,EBC(DEGREE)- 288,RCG(DEGREE)- 337,,UR(DIPLOMA)-1639,EBC(DIPLOMA)- 286,RCG(DIPLOMA)- 336,,,,,,D.M.C.LAHERIASARAI,COMMUNITY MEDICINE,EBC,Compensation Seat EBC Against UR (Degree) - Female,All India - Round 1 - 2025.pdf
2025,PGMAC,1,13,DEGREE,25661159128,2511203001215,PG25213201,91659,RAJNI KANT,M,EB,OBC,UR(DEGREE)-1644,EBC(DEGREE)- 289,,,UR(DIPLOMA)-1641,EBC(DIPLOMA)- 287,,,,,,,I.G.I.M.S. PATNA,Physiology,EBC,Against EBC Category Seat (Degree),All India - Round 1 - 2025.pdf
2025,PGMAC,1,13,DEGREE,25661134277,2511203001394,PG25067015,91962,JAHNWI RAI,F,UR,OBC,UR(DEGREE)-1648,,,,UR(DIPLOMA)-1645,,,,,,,,"MADHUBANI MEDICAL COLLEGE , MADHUBANI",General Medicine,NRI,Against NRI Category Seat (Degree),All India - Round 1 - 2025.pdf
2025,PGMAC,1,13,DEGREE,25661068119,2511203000441,PG25029329,92319,NEHAN FATIMA,F,UR,GENERAL,UR(DEGREE)-1652,,,,UR(DIPLOMA)-1649,,,,,,,,"MADHUBANI MEDICAL COLLEGE , MADHUBANI",E.N.T.,NRI,Against NRI Category Seat (Degree),All India - Round 1 - 2025.pdf
2025,PGMAC,1,13,DEGREE,25661188791,2511203000193,PG25140922,92736,JAID AHMAD,M,UR,GENERAL,UR(DEGREE)-1658,,,,UR(DIPLOMA)-1655,,,,,,,,"MADHUBANI MEDICAL COLLEGE , MADHUBANI",General Surgery,MM,Against MM Category Seat (Degree),All India - Round 1 - 2025.pdf
2025,PGMAC,1,13,DEGREE,25661113888,2511203000550,PG25025411,92753,RAVLEEN KAUR KAILEY,F,UR,GENERAL,UR(DEGREE)-1659,,,,UR(DIPLOMA)-1656,,,,,,,,"MGMMC & LSK HOS, KISHANGANJ",OBS & GYNAE,SM,Against SM Category Seat (Degree),All India - Round 1 - 2025.pdf
2025,PGMAC,1,13,DEGREE,25661209663,2511203000571,PG25110384,93110,KHAIDEM RAJLAKSHMI,F,UR,GENERAL,UR(DEGREE)-1662,,,,UR(DIPLOMA)-1659,,,,,,,,NETAJI SUBHAS MEDICAL COLLEGE & HOSPITAL,General Medicine,NRI,Against NRI Category Seat (Degree),All India - Round 1 - 2025.pdf
2025,PGMAC,1,13,DEGREE,25661058534,2511203000989,PG25032610,93121,IRFAN AHMAD,M,EB,OBC,UR(DEGREE)-1663,EBC(DEGREE)- 290,,,UR(DIPLOMA)-1660,EBC(DIPLOMA)- 288,,,,,,,"MADHUBANI MEDICAL COLLEGE , MADHUBANI",Orthopaedics,MM,Against MM Category Seat (Degree),All India - Round 1 - 2025.pdf
2025,PGMAC,1,13,DEGREE,25661043875,2511203001725,PG25155059,93133,SK JABED AKHTAR,M,UR,GENERAL,UR(DEGREE)-1664,,,,UR(DIPLOMA)-1661,,,,,,,,"MADHUBANI MEDICAL COLLEGE , MADHUBANI",Orthopaedics,MM,Against MM Category Seat (Degree),All India - Round 1 - 2025.pdf
2025,PGMAC,1,13,DEGREE,25661014864,2511203002213,PG25175611,94428,ANAND KUMAR,M,UR,GENERAL,UR(DEGREE)-1676,,,,UR(DIPLOMA)-1673,,,,,,,,K.M.C. KATIHAR,Anaesthesiology,NRI,Against NRI Category Seat (Degree),All India - Round 1 - 2025.pdf
2025,PGMAC,1,13,DNB DEGREE,25661205531,2511203001474,PG25228196,95473,NIRAJ KUMAR,M,EB,OBC,UR(DEGREE)-1687,EBC(DEGREE)- 291,,,UR(DIPLOMA)-1684,EBC(DIPLOMA)- 289,,,,,,,S.K.M.C. MUZAFFARPUR,OPHTHALMOLOGY,EBC,Against EBC Category Seat (DNB-Degree),All India - Round 1 - 2025.pdf
2025,PGMAC,1,13,DEGREE,25661143136,2511203000098,PG25104043,95597,SAURABH BALASAHEB BAWAKE,M,UR,OBC,UR(DEGREE)-1689,,,,UR(DIPLOMA)-1686,,,,,,,,K.M.C. KATIHAR,General Medicine,NRI,Against NRI Category Seat (Degree),All India - Round 1 - 2025.pdf
2025,PGMAC,1,13,DEGREE,25661210110,2511203001153,PG25100578,95747,JYOTI PRAKASH,M,UR,GENERAL,UR(DEGREE)-1691,,,,UR(DIPLOMA)-1688,,,,,,,,"MGMMC & LSK HOS, KISHANGANJ",COMMUNITY MEDICINE,UR,Against UR Category Seat (Degree),All India - Round 1 - 2025.pdf
2025,PGMAC,1,13,DEGREE,25661069936,2511203001229,PG25186298,96115,HARIS BIN HAIDER,M,UR,GENERAL,UR(DEGREE)-1698,,,,UR(DIPLOMA)-1695,,,,,,,,"MADHUBANI MEDICAL COLLEGE , MADHUBANI",Anaesthesiology,MM,Against MM Category Seat (Degree),All India - Round 1 - 2025.pdf
2025,PGMAC,1,13,DEGREE,25661020801,2511203001343,PG25097814,96403,SHUBHAM SATPUDA,M,UR,OBC,UR(DEGREE)-1701,,,,UR(DIPLOMA)-1698,,,,,,,,NETAJI SUBHAS MEDICAL COLLEGE & HOSPITAL,General Medicine,NRI,Against NRI Category Seat (Degree),All India - Round 1 - 2025.pdf
2025,PGMAC,1,13,DEGREE,25661132909,2511203000542,PG25166720,96525,NAJMUS SAQUIB,M,UR,GENERAL,UR(DEGREE)-1703,,,,UR(DIPLOMA)-1700,,,,,,,,K.M.C. KATIHAR,Pathology,MM,Against MM Category Seat (Degree),All India - Round 1 - 2025.pdf
2025,PGMAC,1,13,DEGREE,25661082528,2511203000736,PG25075889,96665,NEHA KUMARI,F,BC,OBC,UR(DEGREE)-1705,BC(DEGREE)- 321,RCG(DEGREE)- 340,,UR(DIPLOMA)-1702,BC(DIPLOMA)- 320,RCG(DIPLOMA)- 339,,,,,,J.L.N.M.C. BHAGALPUR,Microbiology,BC,Compensation Seat BC Against UR (Degree) - Female,All India - Round 1 - 2025.pdf
2025,PGMAC,1,13,DEGREE,25661035686,2511203001592,PG25123921,96857,POOJA SHARMA,F,UR,GENERAL,UR(DEGREE)-1708,,,,UR(DIPLOMA)-1705,,,,,,,,"LORD BUDHA KOSHI MEDICAL COLLEGE & HOSPITAL, SAHARSA",OBS & GYNAE,NRI,Against NRI Category Seat (Degree),All India - Round 1 - 2025.pdf
2025,PGMAC,1,13,DNB DIPLOMA,25661086978,2511203001336,PG25181411,96892,SANJAY KUMAR,M,EB,OBC,UR(DEGREE)-1709,EBC(DEGREE)- 293,,,UR(DIPLOMA)-1706,EBC(DIPLOMA)- 291,,,,,,,SADAR HOSPITAL MUZAFFARPUR,D.C.H.,EBC,Against EBC Category Seat (DNB-Diploma),All India - Round 1 - 2025.pdf
2025,PGMAC,1,13,DNB DIPLOMA,25661107696,2511203000361,PG25149170,97122,JYOTSANA KUMARI,F,BC,OBC,UR(DEGREE)-1711,BC(DEGREE)- 323,RCG(DEGREE)- 341,,UR(DIPLOMA)-1708,BC(DIPLOMA)- 322,RCG(DIPLOMA)- 340,,,,,,SADAR HOSPITAL SHEOHAR,D.G.O.,BC,Compensation Seat BC Against UR (DNB- Diploma),All India - Round 1 - 2025.pdf
2025,PGMAC,1,13,DNB DIPLOMA,25661038753,2511203000213,PG25202205,97209,PANKAJ KUMAR,M,BC,OBC,UR(DEGREE)-1712,BC(DEGREE)- 324,,,UR(DIPLOMA)-1709,BC(DIPLOMA)- 323,,,,,,,SADAR HOSPITAL MOTIHARI,D.C.H.,BC,Against BC Category Seat (DNB-Diploma),All India - Round 1 - 2025.pdf
2025,PGMAC,1,13,DEGREE,25661047196,2511203001567,PG25156057,97855,SATYA JHA,F,UR,GENERAL,UR(DEGREE)-1717,,,,UR(DIPLOMA)-1714,,,,,,,,"N.M.C &.H, SASARAM",Pathology,UR,Against UR Category Seat (Degree),All India - Round 1 - 2025.pdf
2025,PGMAC,1,13,DEGREE,25661114059,2511203001901,PG25199686,98040,SIDRA FATIMA,F,BC,OBC,UR(DEGREE)-1719,,,,UR(DIPLOMA)-1716,,,,,,,,"MADHUBANI MEDICAL COLLEGE , MADHUBANI",Anaesthesiology,MM,Against MM Category Seat (Degree),All India - Round 1 - 2025.pdf
2025,PGMAC,1,13,DNB DIPLOMA,25661089204,2511203001525,PG25218873,98068,MD ASJAD KAMAL,M,EB,OBC,UR(DEGREE)-1720,EBC(DEGREE)- 294,,,UR(DIPLOMA)-1717,EBC(DIPLOMA)- 292,,,,,,,SADAR HOSPITAL KHAGARIA,D.C.H.,EBC,Compensation Seat EBC Against UR (DNB- Diploma),All India - Round 1 - 2025.pdf
2025,PGMAC,1,13,DEGREE,25661157622,2511203000051,PG25197047,98180,RIYA KUMARI,F,UR,GENERAL,UR(DEGREE)-1722,,,,UR(DIPLOMA)-1719,,,,,,,,NETAJI SUBHAS MEDICAL COLLEGE & HOSPITAL,Pathology,UR,Against UR Category Seat (Degree),All India - Round 1 - 2025.pdf
2025,PGMAC,1,13,DEGREE,25661152647,2511203001898,PG25012759,98903,RAJAT GUPTA,M,UR,GENERAL,UR(DEGREE)-1730,,,,UR(DIPLOMA)-1727,,,,,,,,K.M.C. KATIHAR,General Medicine,NRI,Against NRI Category Seat (Degree),All India - Round 1 - 2025.pdf
2025,PGMAC,1,13,DEGREE,25661187105,2511203001991,PG25164074,99033,AGHNA TAFZEEL,F,BC,OBC,UR(DEGREE)-1732,BC(DEGREE)- 326,RCG(DEGREE)- 342,,UR(DIPLOMA)-1729,BC(DIPLOMA)- 325,RCG(DIPLOMA)- 341,,,,,,"B.M.I.M.S,PAWAPURI, NALANDA",Microbiology,RCG,Compensation Seat RCG Against UR (Degree),All India - Round 1 - 2025.pdf
2025,PGMAC,1,13,DEGREE,25661212999,2511203000404,PG25160300,99234,RAKESH KUMAR GUPTA,M,UR,GENERAL,UR(DEGREE)-1734,,,,UR(DIPLOMA)-1731,,,,,,,,"MGMMC & LSK HOS, KISHANGANJ",COMMUNITY MEDICINE,UR,Against UR Category Seat (Degree),All India - Round 1 - 2025.pdf
2025,PGMAC,1,13,DIPLOMA REMOTE,25661085788,2511203000618,PG25176795,99356,SATYAM,M,EB,OBC,UR(DEGREE)-1136,EBC(DEGREE)- 251,,,UR(DIPLOMA)-1732,EBC(DIPLOMA)- 293,,,UR(REMOTE)- 2,EBC(REMOTE)- 1,,,D.M.C.LAHERIASARAI,D.A.,UR,Against UR Category Seat (Diploma Remote),All India - Round 1 - 2025.pdf
2025,PGMAC,1,13,DEGREE,25661207110,2511203001591,PG25202267,99440,GURJEET SINGH,M,UR,OBC,UR(DEGREE)-1738,,,,UR(DIPLOMA)-1736,,,,,,,,"LORD BUDHA KOSHI MEDICAL COLLEGE & HOSPITAL, SAHARSA",Radiodiagnosis,NRI,Against NRI Category Seat (Degree),All India - Round 1 - 2025.pdf
2025,PGMAC,1,13,DEGREE,25661111909,2511203002320,PG25236408,100041,ALOK RANJAN,M,EW,EWS,UR(DEGREE)-1742,EWS(DEGREE)- 159,,,UR(DIPLOMA)-1740,EWS(DIPLOMA)- 159,,,,,,,D.M.C.LAHERIASARAI,Pharmacology,EWS,Compensation Seat EWS Against UR (Degree),All India - Round 1 - 2025.pdf
2025,PGMAC,1,13,DEGREE,25661230189,2511203001647,PG25165698,100050,KIRAN SINGH,F,UR,GENERAL,UR(DEGREE)-1743,,,,UR(DIPLOMA)-1741,,,,,,,,"MADHUBANI MEDICAL COLLEGE , MADHUBANI",Pathology,UR,Against UR Category Seat (Degree),All India - Round 1 - 2025.pdf
2025,PGMAC,1,13,DEGREE,25661053829,2511203001422,PG25106895,100194,SOURAV KUMAR,M,EW,EWS,UR(DEGREE)-1747,EWS(DEGREE)- 160,,,UR(DIPLOMA)-1745,EWS(DIPLOMA)- 160,,,,,,,"B.M.I.M.S,PAWAPURI, NALANDA",Biochemistry,EWS,Against EWS Category Seat (Degree),All India - Round 1 - 2025.pdf
2025,PGMAC,1,13,DEGREE,25661011430,2511203000273,PG25089231,100325,PRABHDEEP KAUR,F,UR,GENERAL,UR(DEGREE)-1749,,,,UR(DIPLOMA)-1747,,,,,,,,"MGMMC & LSK HOS, KISHANGANJ",Pathology,SM,Against SM Category Seat (Degree),All India - Round 1 - 2025.pdf
2025,PGMAC,1,14,DEGREE,25661183385,2511203001303,PG25140230,100709,SHIWANI SINGH,F,BC,OBC,UR(DEGREE)-1753,BC(DEGREE)- 328,RCG(DEGREE)- 344,,UR(DIPLOMA)-1751,BC(DIPLOMA)- 327,RCG(DIPLOMA)- 343,,,,,,"G.M.C., BETTIAH",Biochemistry,BC,Against BC Category Seat (Degree) - Female,All India - Round 1 - 2025.pdf
2025,PGMAC,1,14,DNB DIPLOMA,25661101219,2511203000390,PG25204814,100968,ARCHANA KUMARI,F,BC,OBC,UR(DEGREE)-1379,BC(DEGREE)- 290,RCG(DEGREE)- 317,,UR(DIPLOMA)-1756,BC(DIPLOMA)- 328,RCG(DIPLOMA)- 344,,UR(REMOTE)- 3,BC(REMOTE)- 2,RCG(REMOTE)- 1,,SADAR HOSPITAL BANKA,D.G.O.,BC,JUMP OVER ON BC seat (DNB-Diploma),All India - Round 1 - 2025.pdf
2025,PGMAC,1,14,DEGREE,25661186441,2511203001741,PG25206621,101056,HUMA ISLAM,F,UR,EWS,UR(DEGREE)-1759,,,,UR(DIPLOMA)-1758,,,,,,,,"MGMMC & LSK HOS, KISHANGANJ",Pathology,UR,Against UR Category Seat (Degree),All India - Round 1 - 2025.pdf
2025,PGMAC,1,14,DEGREE,25661006241,2511203000612,PG25061138,101201,SHIVANJALI SUMAN,F,BC,OBC,UR(DEGREE)-1761,BC(DEGREE)- 330,RCG(DEGREE)- 345,,UR(DIPLOMA)-1760,BC(DIPLOMA)- 330,RCG(DIPLOMA)- 345,,,,,,I.G.I.M.S. PATNA,Biochemistry,BC,Compensation Seat BC Against UR (Degree) - Female,All India - Round 1 - 2025.pdf
2025,PGMAC,1,14,DEGREE,25661043926,2511203000049,PG25014352,101459,ABDULLAH NAYEEM,M,UR,GENERAL,UR(DEGREE)-1766,,,,UR(DIPLOMA)-1765,,,,,,,,K.M.C. KATIHAR,Orthopaedics,MM,Against MM Category Seat (Degree),All India - Round 1 - 2025.pdf
2025,PGMAC,1,14,DNB DIPLOMA,25661066285,2511203001055,PG25106071,101618,NARENDRA KUMAR,M,SC,SC,UR(DEGREE)-1768,SC(DEGREE)- 104,,,UR(DIPLOMA)-1767,SC(DIPLOMA)- 104,,,,,,,"B.M.I.M.S,PAWAPURI, NALANDA",D.C.H.,SC,Against SC Category Seat (DNB-Diploma),All India - Round 1 - 2025.pdf
2025,PGMAC,1,14,DEGREE,25661121089,2511203001502,PG25208746,101774,SHIVANI PRASAD,F,UR,GENERAL,UR(DEGREE)-1770,,,,UR(DIPLOMA)-1769,,,,,,,,"N.M.C &.H, SASARAM",DERMATOLOGY,NRI,Against NRI Category Seat (Degree),All India - Round 1 - 2025.pdf
2025,PGMAC,1,14,DNB DEGREE,25661194141,2511203001990,PG25129241,101777,NISHANT KUMAR,M,SC,SC,UR(DEGREE)-1771,SC(DEGREE)- 105,,,UR(DIPLOMA)-1770,SC(DIPLOMA)- 105,,,,,,,SADAR HOSPITAL MOTIHARI,Paediatrics,SC,Against SC Category Seat (DNB-Degree),All India - Round 1 - 2025.pdf
2025,PGMAC,1,14,DNB DIPLOMA,25661171776,2511203001861,PG25186861,101801,SWEETY KUMARI,F,EW,EWS,UR(DEGREE)-1772,EWS(DEGREE)- 161,,,UR(DIPLOMA)-1771,EWS(DIPLOMA)- 161,,,,,,,SADAR HOSPITAL HAJIPUR VAISHALI,D.C.H.,EWS,Against EWS Category Seat (DNB-Diploma),All India - Round 1 - 2025.pdf
2025,PGMAC,1,14,DNB DIPLOMA,25661214386,2511203000377,PG25213454,102448,KRISHNA DEO PRASAD,M,EB,OBC,UR(DEGREE)-1190,EBC(DEGREE)- 258,,,UR(DIPLOMA)-1779,EBC(DIPLOMA)- 294,,,UR(REMOTE)- 4,EBC(REMOTE)- 2,,,"B.M.I.M.S,PAWAPURI, NALANDA",D.C.H.,UR,Against UR Category Seat (DNB-Diploma),All India - Round 1 - 2025.pdf
2025,PGMAC,1,14,DEGREE,25661055533,2511203001732,PG25056182,102484,SHAFIQUL ISLAM,M,UR,GENERAL,UR(DEGREE)-1780,,,,UR(DIPLOMA)-1780,,,,,,,,"MGMMC & LSK HOS, KISHANGANJ",General Surgery,NRI,Against NRI Category Seat (Degree),All India - Round 1 - 2025.pdf
2025,PGMAC,1,14,DNB DIPLOMA,25661127209,2511203001374,PG25185079,102945,BARUN PATEL,M,BC,OBC,UR(DEGREE)-1786,BC(DEGREE)- 333,,,UR(DIPLOMA)-1786,BC(DIPLOMA)- 333,,,,,,,SADAR HOSPITAL BHOJPUR ARA,D.A.,BC,Against BC Category Seat (DNB-Diploma),All India - Round 1 - 2025.pdf
2025,PGMAC,1,14,DNB DIPLOMA,25661056602,2511203000131,PG25180288,103489,SHABBIR AHMAD,M,EB,OBC,UR(DEGREE)-1790,EBC(DEGREE)- 297,,,UR(DIPLOMA)-1790,EBC(DIPLOMA)- 297,,,,,,,SADAR HOSPITAL SIWAN,D.C.H.,EBC,Compensation Seat EBC Against UR (DNB- Diploma),All India - Round 1 - 2025.pdf
2025,PGMAC,1,14,DEGREE,25661103768,2511203000218,PG25156701,103609,RIYA SHARMA,F,UR,GENERAL,UR(DEGREE)-1793,,,,UR(DIPLOMA)-1793,,,,,,,,NETAJI SUBHAS MEDICAL COLLEGE & HOSPITAL,Paediatrics,NRI,Against NRI Category Seat (Degree),All India - Round 1 - 2025.pdf
2025,PGMAC,1,14,DIPLOMA OPEN,25661233993,2511203000504,PG25156695,104697,VINIT SHANKAR RAJAN,M,SC,SC,UR(DEGREE)-1804,SC(DEGREE)- 107,,,UR(DIPLOMA)-1804,SC(DIPLOMA)- 107,,,,,,,P.M.C.PATNA,Diploma in Tuborculosis and Chest Disease,SC,Against SC Category Seat (Diploma Open),All India - Round 1 - 2025.pdf
2025,PGMAC,1,14,DEGREE,25661233481,2511203001573,PG25051128,104706,KHUSHBOO KUMARI,F,EB,OBC,UR(DEGREE)-1805,EBC(DEGREE)- 298,RCG(DEGREE)- 348,,UR(DIPLOMA)-1805,EBC(DIPLOMA)- 298,RCG(DIPLOMA)- 348,,,,,,P.M.C.PATNA,Microbiology,EBC,Compensation Seat EBC Against UR (Degree) - Female,All India - Round 1 - 2025.pdf
2025,PGMAC,1,14,DEGREE,25661006980,2511203001068,PG25197941,104991,PRACHI KHURMA,F,UR,GENERAL,UR(DEGREE)-1809,,,,UR(DIPLOMA)-1809,,,,,,,,"LORD BUDHA KOSHI MEDICAL COLLEGE & HOSPITAL, SAHARSA",Paediatrics,NRI,Against NRI Category Seat (Degree),All India - Round 1 - 2025.pdf
2025,PGMAC,1,14,DEGREE,25661201915,2511203000737,PG25098745,105365,VASUDEV KRISHNA,M,UR,GENERAL,UR(DEGREE)-1813,,,,UR(DIPLOMA)-1813,,,,,,,,NETAJI SUBHAS MEDICAL COLLEGE & HOSPITAL,Microbiology,UR,Against UR Category Seat (Degree),All India - Round 1 - 2025.pdf
2025,PGMAC,1,14,DEGREE,25661197565,2511203001446,PG25170464,106259,MOHAMMED SHADIR BAKHSH,M,UR,EWS,UR(DEGREE)-1816,,,,UR(DIPLOMA)-1816,,,,,,,,K.M.C. KATIHAR,Pathology,MM,Against MM Category Seat (Degree),All India - Round 1 - 2025.pdf
2025,PGMAC,1,14,DEGREE,25661108645,2511203002033,PG25168949,108118,YAMSHEE HASAN,F,UR,GENERAL,UR(DEGREE)-1832,,,,UR(DIPLOMA)-1832,,,,,,,,K.M.C. KATIHAR,OBS & GYNAE,MM,Against MM Category Seat (Degree),All India - Round 1 - 2025.pdf
2025,PGMAC,1,14,DEGREE,25661091594,2511203000104,PG25180284,108328,AVINASH KUMAR,M,BC,OBC,UR(DEGREE)-1835,BC(DEGREE)- 340,,,UR(DIPLOMA)-1835,BC(DIPLOMA)- 340,,,,,,,S.K.M.C. MUZAFFARPUR,Pharmacology,BC,Against BC Category Seat (Degree),All India - Round 1 - 2025.pdf
2025,PGMAC,1,14,DEGREE,25661191361,2511203001793,PG25227229,108499,SUNITA KUMARI,F,BC,OBC,UR(DEGREE)-1836,BC(DEGREE)- 341,RCG(DEGREE)- 350,,UR(DIPLOMA)-1836,BC(DIPLOMA)- 341,RCG(DIPLOMA)- 350,,,,,,P.M.C.PATNA,Biochemistry,BC,Compensation Seat BC Against UR (Degree) - Female,All India - Round 1 - 2025.pdf
2025,PGMAC,1,14,DEGREE,25661007683,2511203000843,PG25224703,109225,MD SADDAM HUSSAIN,M,EB,OBC,UR(DEGREE)-1844,EBC(DEGREE)- 299,,,UR(DIPLOMA)-1844,EBC(DIPLOMA)- 299,,,,,,,N.M.C. PATNA,Microbiology,EBC,Against EBC Category Seat (Degree),All India - Round 1 - 2025.pdf
2025,PGMAC,1,14,DEGREE,25661126595,2511203001131,PG25100582,109434,NEHA KUMARI,F,UR,GENERAL,UR(DEGREE)-1846,,,,UR(DIPLOMA)-1846,,,,,,,,K.M.C. KATIHAR,COMMUNITY MEDICINE,UR,Against UR Category Seat (Degree),All India - Round 1 - 2025.pdf
2025,PGMAC,1,14,DEGREE,25661181903,2511203000023,PG25074669,109574,FAHAD KHAIYAM,M,UR,GENERAL,UR(DEGREE)-1848,,,,UR(DIPLOMA)-1848,,,,,,,,"MADHUBANI MEDICAL COLLEGE , MADHUBANI",General Surgery,NRI,Against NRI Category Seat (Degree),All India - Round 1 - 2025.pdf
2025,PGMAC,1,14,DEGREE,25661239641,2511203001348,PG25208783,111118,ANSHUL KUMAR,M,UR,GENERAL,UR(DEGREE)-1857,,,,UR(DIPLOMA)-1857,,,,,,,,"MADHUBANI MEDICAL COLLEGE , MADHUBANI",Paediatrics,NRI,Against NRI Category Seat (Degree),All India - Round 1 - 2025.pdf
2025,PGMAC,1,14,DEGREE,25661093539,2511203001510,PG25152259,111291,MANTASHA AYUB,F,UR,OBC,UR(DEGREE)-1865,,,,UR(DIPLOMA)-1865,,,,,,,,"MADHUBANI MEDICAL COLLEGE , MADHUBANI",DERMATOLOGY,NRI,Against NRI Category Seat (Degree),All India - Round 1 - 2025.pdf
2025,PGMAC,1,14,DEGREE,25661114822,2511203002182,PG25172666,111317,SHRIYA KUMARI,F,UR,GENERAL,UR(DEGREE)-1866,,,,UR(DIPLOMA)-1866,,,,,,,,"N.M.C &.H, SASARAM",DERMATOLOGY,NRI,Against NRI Category Seat (Degree),All India - Round 1 - 2025.pdf
2025,PGMAC,1,14,DEGREE,25661028431,2511203000034,PG25050219,111560,KAMAL HASSAN,M,UR,GENERAL,UR(DEGREE)-1870,,,,UR(DIPLOMA)-1870,,,,,,,,K.M.C. KATIHAR,Orthopaedics,MM,Against MM Category Seat (Degree),All India - Round 1 - 2025.pdf
2025,PGMAC,1,14,DEGREE,25661075872,2511203000530,PG25144539,111624,MANISH KUMAR JHA,M,UR,GENERAL,UR(DEGREE)-1871,,,,UR(DIPLOMA)-1871,,,,,,,,"LORD BUDHA KOSHI MEDICAL COLLEGE & HOSPITAL, SAHARSA",Pathology,UR,Against UR Category Seat (Degree),All India - Round 1 - 2025.pdf
2025,PGMAC,1,14,DEGREE,25661195407,2511203000510,PG25173922,112400,ADITYA PATEL,M,BC,OBC,UR(DEGREE)-1880,,,,UR(DIPLOMA)-1880,,,,,,,,K.M.C. KATIHAR,Orthopaedics,NRI,Against NRI Category Seat (Degree),All India - Round 1 - 2025.pdf
2025,PGMAC,1,14,DEGREE,25661217547,2511203001781,PG25153154,112827,ZEESHAN AAMIR,M,EB,OBC,UR(DEGREE)-1884,EBC(DEGREE)- 302,,,UR(DIPLOMA)-1884,EBC(DIPLOMA)- 302,,,,,,,D.M.C.LAHERIASARAI,Pharmacology,EBC,Against EBC Category Seat (Degree),All India - Round 1 - 2025.pdf
2025,PGMAC,1,14,DEGREE,25661170043,2511203001445,PG25222957,113511,JYOTI MISHRA,F,EW,EWS,UR(DEGREE)-1887,EWS(DEGREE)- 163,,,UR(DIPLOMA)-1887,EWS(DIPLOMA)- 163,,,,,,,P.M.C.PATNA,Biochemistry,EWS,Against EWS Category Seat (Degree) - Female,All India - Round 1 - 2025.pdf
2025,PGMAC,1,14,DEGREE,25661116176,2511203001276,PG25058566,114183,ALISHA,F,UR,GENERAL,UR(DEGREE)-1893,,,,UR(DIPLOMA)-1893,,,,,,,,"LORD BUDHA KOSHI MEDICAL COLLEGE & HOSPITAL, SAHARSA",Pathology,UR,Against UR Category Seat (Degree),All India - Round 1 - 2025.pdf
2025,PGMAC,1,14,DEGREE,25661013098,2511203000260,PG25088374,114308,ANKITA KUMARI,F,UR,GENERAL,UR(DEGREE)-1894,,,,UR(DIPLOMA)-1894,,,,,,,,"N.M.C &.H, SASARAM",Pathology,UR,Against UR Category Seat (Degree),All India - Round 1 - 2025.pdf
2025,PGMAC,1,14,DEGREE,25661241989,2511203000838,PG25195242,114315,SHANKAR KUMAR MANDAL,M,EB,OBC,UR(DEGREE)-1895,EBC(DEGREE)- 303,,,UR(DIPLOMA)-1895,EBC(DIPLOMA)- 303,,,,,,,J.L.N.M.C. BHAGALPUR,Pharmacology,EBC,Against EBC Category Seat (Degree),All India - Round 1 - 2025.pdf
2025,PGMAC,1,14,DEGREE,25661157798,2511203001273,PG25097115,114461,STAFFY SHARMA,F,UR,GENERAL,UR(DEGREE)-1897,,,,UR(DIPLOMA)-1897,,,,,,,,K.M.C. KATIHAR,OBS & GYNAE,NRI,Against NRI Category Seat (Degree),All India - Round 1 - 2025.pdf
2025,PGMAC,1,14,DEGREE,25661102544,2511203002186,PG25115424,115086,ANEESH SHRIVASTAVA,M,UR,GENERAL,UR(DEGREE)-1900,,,,UR(DIPLOMA)-1900,,,,,,,,"N.M.C &.H, SASARAM",Paediatrics,NRI,Against NRI Category Seat (Degree),All India - Round 1 - 2025.pdf
2025,PGMAC,1,14,DEGREE,25661191028,2511203001202,PG25123679,117791,NIRAJ KUMAR,M,SC,SC,UR(DEGREE)-1912,SC(DEGREE)- 112,,,UR(DIPLOMA)-1912,SC(DIPLOMA)- 112,,,,,,,I.G.I.M.S. PATNA,Biochemistry,SC,Against SC Category Seat (Degree),All India - Round 1 - 2025.pdf
2025,PGMAC,1,14,DNB DIPLOMA,25661126437,2511203001941,PG25242352,118035,SUMAN KUMAR,M,EB,OBC,UR(DEGREE)-1916,EBC(DEGREE)- 306,,,UR(DIPLOMA)-1916,EBC(DIPLOMA)- 306,,,,,,,SADAR HOSPITAL NAWADA,D.C.H.,EBC,Compensation Seat EBC Against UR (DNB- Diploma),All India - Round 1 - 2025.pdf
2025,PGMAC,1,14,DEGREE,25661008672,2511203000227,PG25161257,120809,JUHI SINGH,F,EB,OBC,UR(DEGREE)-1920,EBC(DEGREE)- 308,RCG(DEGREE)- 355,,UR(DIPLOMA)-1920,EBC(DIPLOMA)- 308,RCG(DIPLOMA)- 355,,,,,,N.M.C. PATNA,Microbiology,EBC,Compensation Seat EBC Against UR (Degree) - Female,All India - Round 1 - 2025.pdf
2025,PGMAC,1,14,DEGREE,25661189198,2511203001450,PG25149719,122111,SWATI SHEKHAR,F,SC,SC,UR(DEGREE)-1924,SC(DEGREE)- 116,RCG(DEGREE)- 356,,UR(DIPLOMA)-1924,SC(DIPLOMA)- 116,RCG(DIPLOMA)- 356,,,,,,S.K.M.C. MUZAFFARPUR,Pathology,SC,Against SC Category Seat (Degree) - Female,All India - Round 1 - 2025.pdf
2025,PGMAC,1,14,DEGREE,25661144306,2511203000102,PG25107119,122574,HARNEET KAUR,F,UR,OBC,UR(DEGREE)-1926,,,,UR(DIPLOMA)-1926,,,,,,,,NETAJI SUBHAS MEDICAL COLLEGE & HOSPITAL,OPHTHALMOLOGY,NRI,Against NRI Category Seat (Degree),All India - Round 1 - 2025.pdf
2025,PGMAC,1,14,DEGREE,25661013179,2511203000682,PG25167267,123020,NAZISH ALAM,M,BC,OBC,UR(DEGREE)-1927,BC(DEGREE)- 349,,,UR(DIPLOMA)-1927,BC(DIPLOMA)- 349,,,,,,,K.M.C. KATIHAR,Orthopaedics,MM,Against MM Category Seat (Degree),All India - Round 1 - 2025.pdf
2025,PGMAC,1,14,DEGREE,25661146957,2511203000335,PG25213608,123778,MD JUNAID JAVED,M,EB,OBC,UR(DEGREE)-1929,EBC(DEGREE)- 311,,,UR(DIPLOMA)-1929,EBC(DIPLOMA)- 311,,,,,,,K.M.C. KATIHAR,Orthopaedics,MM,Against MM Category Seat (Degree),All India - Round 1 - 2025.pdf
2025,PGMAC,1,14,DNB DIPLOMA,25661080784,2511203002051,PG25231674,123944,SUNIL KUMAR,M,SC,SC,UR(DEGREE)-1932,SC(DEGREE)- 118,,,UR(DIPLOMA)-1932,SC(DIPLOMA)- 118,,,,,,,SADAR HOSPITAL HAJIPUR VAISHALI,D.C.H.,SC,Compensation Seat SC Against UR (DNB- Diploma),All India - Round 1 - 2025.pdf
2025,PGMAC,1,14,DEGREE,25661188949,2511203001727,PG25236610,124209,KISHAN KUMAR,M,EB,OBC,UR(DEGREE)-1933,EBC(DEGREE)- 312,,,UR(DIPLOMA)-1933,EBC(DIPLOMA)- 312,,,,,,,"N.M.C &.H, SASARAM",Pathology,UR,Against UR Category Seat (Degree),All India - Round 1 - 2025.pdf
2025,PGMAC,1,14,DEGREE,25661020064,2511203001542,PG25127624,124953,RAUSHAN PATEL,M,BC,OBC,UR(DEGREE)-1934,BC(DEGREE)- 351,,,UR(DIPLOMA)-1934,BC(DIPLOMA)- 351,,,,,,,N.M.C. PATNA,Anatomy,BC,Against BC Category Seat (Degree),All India - Round 1 - 2025.pdf
2025,PGMAC,1,14,DEGREE,25661142475,2511203000952,PG25089000,125704,NISHA SINGH,F,UR,OBC,UR(DEGREE)-1940,,,,UR(DIPLOMA)-1940,,,,,,,,"LORD BUDHA KOSHI MEDICAL COLLEGE & HOSPITAL, SAHARSA",General Surgery,NRI,Against NRI Category Seat (Degree),All India - Round 1 - 2025.pdf
2025,PGMAC,1,14,DEGREE,25661148229,2511203001423,PG25181462,125744,MOHAMMAD ZEESHAN HASAN,M,BC,OBC,UR(DEGREE)-1941,,,,UR(DIPLOMA)-1941,,,,,,,,"MADHUBANI MEDICAL COLLEGE , MADHUBANI",Pathology,MM,Against MM Category Seat (Degree),All India - Round 1 - 2025.pdf
2025,PGMAC,1,14,DEGREE,25661231165,2511203000435,PG25124860,128130,YOGJIT SINGH,M,UR,SC,UR(DEGREE)-1947,,,,UR(DIPLOMA)-1947,,,,,,,,"MGMMC & LSK HOS, KISHANGANJ",General Surgery,NRI,Against NRI Category Seat (Degree),All India - Round 1 - 2025.pdf
2025,PGMAC,1,14,DNB DIPLOMA,25661021243,2511203002174,PG25172364,129038,PREM PRATAP,M,SC,SC,UR(DEGREE)-1952,SC(DEGREE)- 122,,,UR(DIPLOMA)-1952,SC(DIPLOMA)- 122,,,,,,,SADAR HOSPITAL SITAMARHI,D.C.H.,SC,Against SC Category Seat (DNB-Diploma),All India - Round 1 - 2025.pdf
2025,PGMAC,1,15,DEGREE,25661210448,2511203000560,PG25170857,129128,PRIYANKA KUMARI,F,EB,OBC,UR(DEGREE)-1954,,,,UR(DIPLOMA)-1954,,,,,,,,"LORD BUDHA KOSHI MEDICAL COLLEGE & HOSPITAL, SAHARSA",OBS & GYNAE,NRI,Against NRI Category Seat (Degree),All India - Round 1 - 2025.pdf
2025,PGMAC,1,15,DEGREE,25661236719,2511203001921,PG25241335,129860,CHANDAN KUMAR,M,BC,OBC,UR(DEGREE)-1957,,,,UR(DIPLOMA)-1957,,,,,,,,"LORD BUDHA KOSHI MEDICAL COLLEGE & HOSPITAL, SAHARSA",Orthopaedics,NRI,Against NRI Category Seat (Degree),All India - Round 1 - 2025.pdf
2025,PGMAC,1,15,DNB DIPLOMA,25661098014,2511203001852,PG25209560,131987,KRISHAN CHAND,M,SC,SC,UR(DEGREE)-1964,SC(DEGREE)- 123,,,UR(DIPLOMA)-1964,SC(DIPLOMA)- 123,,,,,,,SADAR HOSPITAL LAKHISARAI,D.C.H.,SC,Against SC Category Seat (DNB-Diploma),All India - Round 1 - 2025.pdf
2025,PGMAC,1,15,DNB DIPLOMA,25661060812,2511203001844,PG25212461,133012,NITISH KUMAR,M,SC,SC,UR(DEGREE)-1966,SC(DEGREE)- 124,,,UR(DIPLOMA)-1966,SC(DIPLOMA)- 124,,,,,,,SADAR HOSPITAL JEHANABAD,D.C.H.,SC,Against SC Category Seat (DNB-Diploma),All India - Round 1 - 2025.pdf
2025,PGMAC,1,15,DEGREE,25661090830,2511203000937,PG25221464,135346,AISHA FERKHUNDA AFRIN,F,EB,OBC,UR(DEGREE)-1974,EBC(DEGREE)- 316,RCG(DEGREE)- 361,,UR(DIPLOMA)-1974,EBC(DIPLOMA)- 316,RCG(DIPLOMA)- 361,,,,,,I.G.I.M.S. PATNA,Microbiology,EBC,Compensation Seat EBC Against UR (Degree) - Female,All India - Round 1 - 2025.pdf
2025,PGMAC,1,15,DNB DIPLOMA,25661077201,2511203000619,PG25162198,135942,DEEPSHIKHA,F,SC,SC,UR(DEGREE)-1976,SC(DEGREE)- 126,RCG(DEGREE)- 362,,UR(DIPLOMA)-1976,SC(DIPLOMA)- 126,RCG(DIPLOMA)- 362,,,,,,SADAR HOSPITAL SHEOHAR,D.G.O.,SC,Against SC Category Seat (DNB-Diploma),All India - Round 1 - 2025.pdf
2025,PGMAC,1,15,DNB DIPLOMA,25661189063,2511203001471,PG25195844,136546,SANJEEV KUMAR,M,SC,SC,UR(DEGREE)-1979,SC(DEGREE)- 128,,,UR(DIPLOMA)-1979,SC(DIPLOMA)- 128,,,,,,,SADAR HOSPITAL BEGUSARAI,D.A.,SC,Against SC Category Seat (DNB-Diploma),All India - Round 1 - 2025.pdf
2025,PGMAC,1,15,DEGREE,25661151832,2511203001371,PG25168443,137567,PRALKA PATEL,F,BC,OBC,UR(DEGREE)-1983,BC(DEGREE)- 362,RCG(DEGREE)- 363,,UR(DIPLOMA)-1983,BC(DIPLOMA)- 362,RCG(DIPLOMA)- 363,,,,,,J.L.N.M.C. BHAGALPUR,F.M.T.,RCG,Compensation Seat RCG Against UR (Degree),All India - Round 1 - 2025.pdf
